o [4B] 3D Diagram - S2-07 Group C_1
v -3.000000 5.000000 -54.606666
v -2.925000 5.000000 -54.606666
v -2.850000 5.000000 -54.606666
v -2.775000 5.000000 -54.606666
v -2.700000 5.000000 -54.606666
v -2.625000 5.000000 -54.606666
v -2.550000 5.000000 -54.606666
v -2.475000 5.000000 -54.606666
v -2.400000 5.000000 -54.606666
v -2.325000 5.000000 -54.606666
v -2.250000 5.000000 -54.606666
v -2.175000 5.000000 -54.606666
v -2.100000 5.000000 -54.606666
v -2.025000 5.000000 -54.606666
v -1.950000 5.000000 -54.606666
v -1.875000 5.000000 -54.606666
v -1.800000 5.000000 -54.606666
v -1.725000 5.000000 -54.606666
v -1.650000 5.000000 -54.606666
v -1.575000 5.000000 -54.606666
v -1.500000 5.000000 -54.606666
v -1.425000 5.000000 -54.606666
v -1.350000 5.000000 -54.606666
v -1.275000 5.000000 -54.606666
v -1.200000 5.000000 -54.606666
v -1.125000 5.000000 -54.606666
v -1.050000 5.000000 -54.606666
v -0.975000 5.000000 -54.606666
v -0.900000 5.000000 -54.606666
v -0.825000 5.000000 -54.606666
v -0.750000 5.000000 -54.606666
v -0.675000 5.000000 -54.606666
v -0.600000 5.000000 -54.606666
v -0.525000 5.000000 -54.606666
v -0.450000 5.000000 -54.606666
v -0.375000 5.000000 -54.606666
v -0.300000 5.000000 -54.606666
v -0.225000 5.000000 -54.606666
v -0.150000 5.000000 -54.606666
v -0.075000 5.000000 -54.606666
v 0.000000 5.000000 -54.606666
v 0.075000 5.000000 -54.606666
v 0.150000 5.000000 -54.606666
v 0.225000 5.000000 -54.606666
v 0.300000 5.000000 -54.606666
v 0.375000 5.000000 -54.606666
v 0.450000 5.000000 -54.606666
v 0.525000 5.000000 -54.606666
v 0.600000 5.000000 -54.606666
v 0.675000 5.000000 -54.606666
v 0.750000 5.000000 -54.606666
v 0.825000 5.000000 -54.606666
v 0.900000 5.000000 -54.606666
v 0.975000 5.000000 -54.606666
v 1.050000 5.000000 -54.606666
v 1.125000 5.000000 -54.606666
v 1.200000 5.000000 -54.606666
v 1.275000 5.000000 -54.606666
v 1.350000 5.000000 -54.606666
v 1.425000 5.000000 -54.606666
v 1.500000 5.000000 -54.606666
v 1.575000 5.000000 -54.606666
v 1.650000 5.000000 -54.606666
v 1.725000 5.000000 -54.606666
v 1.800000 5.000000 -54.606666
v 1.875000 5.000000 -54.606666
v 1.950000 5.000000 -54.606666
v 2.025000 5.000000 -54.606666
v 2.100000 5.000000 -54.606666
v 2.175000 5.000000 -54.606666
v 2.250000 5.000000 -54.606666
v 2.325000 5.000000 -54.606666
v 2.400000 5.000000 -54.606666
v 2.475000 5.000000 -54.606666
v 2.550000 5.000000 -54.606666
v 2.625000 5.000000 -54.606666
v 2.700000 5.000000 -54.606666
v 2.775000 5.000000 -54.606666
v 2.850000 5.000000 -54.606666
v 2.925000 5.000000 -54.606666
v 3.000000 5.000000 -54.606666
v -3.000000 5.000000 -53.241499
v -2.925000 5.000000 -53.241499
v -2.850000 5.000000 -53.241499
v -2.775000 5.000000 -53.241499
v -2.700000 5.000000 -53.241499
v -2.625000 5.000000 -53.241499
v -2.550000 5.000000 -53.241499
v -2.475000 5.000000 -53.241499
v -2.400000 5.000000 -53.241499
v -2.325000 5.000000 -53.241499
v -2.250000 5.000000 -53.241499
v -2.175000 5.000000 -53.241499
v -2.100000 5.000000 -53.241499
v -2.025000 5.000000 -53.241499
v -1.950000 5.000000 -53.241499
v -1.875000 5.000000 -53.241499
v -1.800000 5.000000 -53.241499
v -1.725000 5.000000 -53.241499
v -1.650000 5.000000 -53.241499
v -1.575000 5.000000 -53.241499
v -1.500000 5.000000 -53.241499
v -1.425000 5.000000 -53.241499
v -1.350000 5.000000 -53.241499
v -1.275000 5.000000 -53.241499
v -1.200000 5.000000 -53.241499
v -1.125000 5.000000 -53.241499
v -1.050000 5.000000 -53.241499
v -0.975000 5.000000 -53.241499
v -0.900000 5.000000 -53.241499
v -0.825000 5.000000 -53.241499
v -0.750000 5.000000 -53.241499
v -0.675000 5.000000 -53.241499
v -0.600000 5.000000 -53.241499
v -0.525000 5.000000 -53.241499
v -0.450000 5.000000 -53.241499
v -0.375000 5.000000 -53.241499
v -0.300000 5.000000 -53.241499
v -0.225000 5.000000 -53.241499
v -0.150000 5.000000 -53.241499
v -0.075000 5.000000 -53.241499
v 0.000000 5.000000 -53.241499
v 0.075000 5.000000 -53.241499
v 0.150000 5.000000 -53.241499
v 0.225000 5.000000 -53.241499
v 0.300000 5.000000 -53.241499
v 0.375000 5.000000 -53.241499
v 0.450000 5.000000 -53.241499
v 0.525000 5.000000 -53.241499
v 0.600000 5.000000 -53.241499
v 0.675000 5.000000 -53.241499
v 0.750000 5.000000 -53.241499
v 0.825000 5.000000 -53.241499
v 0.900000 5.000000 -53.241499
v 0.975000 5.000000 -53.241499
v 1.050000 5.000000 -53.241499
v 1.125000 5.000000 -53.241499
v 1.200000 5.000000 -53.241499
v 1.275000 5.000000 -53.241499
v 1.350000 5.000000 -53.241499
v 1.425000 5.000000 -53.241499
v 1.500000 5.000000 -53.241499
v 1.575000 5.000000 -53.241499
v 1.650000 5.000000 -53.241499
v 1.725000 5.000000 -53.241499
v 1.800000 5.000000 -53.241499
v 1.875000 5.000000 -53.241499
v 1.950000 5.000000 -53.241499
v 2.025000 5.000000 -53.241499
v 2.100000 5.000000 -53.241499
v 2.175000 5.000000 -53.241499
v 2.250000 5.000000 -53.241499
v 2.325000 5.000000 -53.241499
v 2.400000 5.000000 -53.241499
v 2.475000 5.000000 -53.241499
v 2.550000 5.000000 -53.241499
v 2.625000 5.000000 -53.241499
v 2.700000 5.000000 -53.241499
v 2.775000 5.000000 -53.241499
v 2.850000 5.000000 -53.241499
v 2.925000 5.000000 -53.241499
v 3.000000 5.000000 -53.241499
v -3.000000 5.000000 -51.876332
v -2.925000 5.000000 -51.876332
v -2.850000 5.000000 -51.876332
v -2.775000 5.000000 -51.876332
v -2.700000 5.000000 -51.876332
v -2.625000 5.000000 -51.876332
v -2.550000 5.000000 -51.876332
v -2.475000 5.000000 -51.876332
v -2.400000 5.000000 -51.876332
v -2.325000 5.000000 -51.876332
v -2.250000 5.000000 -51.876332
v -2.175000 5.000000 -51.876332
v -2.100000 5.000000 -51.876332
v -2.025000 5.000000 -51.876332
v -1.950000 5.000000 -51.876332
v -1.875000 5.000000 -51.876332
v -1.800000 5.000000 -51.876332
v -1.725000 5.000000 -51.876332
v -1.650000 5.000000 -51.876332
v -1.575000 5.000000 -51.876332
v -1.500000 5.000000 -51.876332
v -1.425000 5.000000 -51.876332
v -1.350000 5.000000 -51.876332
v -1.275000 5.000000 -51.876332
v -1.200000 5.000000 -51.876332
v -1.125000 5.000000 -51.876332
v -1.050000 5.000000 -51.876332
v -0.975000 5.000000 -51.876332
v -0.900000 5.000000 -51.876332
v -0.825000 5.000000 -51.876332
v -0.750000 5.000000 -51.876332
v -0.675000 5.000000 -51.876332
v -0.600000 5.000000 -51.876332
v -0.525000 5.000000 -51.876332
v -0.450000 5.000000 -51.876332
v -0.375000 5.000000 -51.876332
v -0.300000 5.000000 -51.876332
v -0.225000 5.000000 -51.876332
v -0.150000 5.000000 -51.876332
v -0.075000 5.000000 -51.876332
v 0.000000 5.000000 -51.876332
v 0.075000 5.000000 -51.876332
v 0.150000 5.000000 -51.876332
v 0.225000 5.000000 -51.876332
v 0.300000 5.000000 -51.876332
v 0.375000 5.000000 -51.876332
v 0.450000 5.000000 -51.876332
v 0.525000 5.000000 -51.876332
v 0.600000 5.000000 -51.876332
v 0.675000 5.000000 -51.876332
v 0.750000 5.000000 -51.876332
v 0.825000 5.000000 -51.876332
v 0.900000 5.000000 -51.876332
v 0.975000 5.000000 -51.876332
v 1.050000 5.000000 -51.876332
v 1.125000 5.000000 -51.876332
v 1.200000 5.000000 -51.876332
v 1.275000 5.000000 -51.876332
v 1.350000 5.000000 -51.876332
v 1.425000 5.000000 -51.876332
v 1.500000 5.000000 -51.876332
v 1.575000 5.000000 -51.876332
v 1.650000 5.000000 -51.876332
v 1.725000 5.000000 -51.876332
v 1.800000 5.000000 -51.876332
v 1.875000 5.000000 -51.876332
v 1.950000 5.000000 -51.876332
v 2.025000 5.000000 -51.876332
v 2.100000 5.000000 -51.876332
v 2.175000 5.000000 -51.876332
v 2.250000 5.000000 -51.876332
v 2.325000 5.000000 -51.876332
v 2.400000 5.000000 -51.876332
v 2.475000 5.000000 -51.876332
v 2.550000 5.000000 -51.876332
v 2.625000 5.000000 -51.876332
v 2.700000 5.000000 -51.876332
v 2.775000 5.000000 -51.876332
v 2.850000 5.000000 -51.876332
v 2.925000 5.000000 -51.876332
v 3.000000 5.000000 -51.876332
v -3.000000 5.000000 -50.511166
v -2.925000 5.000000 -50.511166
v -2.850000 5.000000 -50.511166
v -2.775000 5.000000 -50.511166
v -2.700000 5.000000 -50.511166
v -2.625000 5.000000 -50.511166
v -2.550000 5.000000 -50.511166
v -2.475000 5.000000 -50.511166
v -2.400000 5.000000 -50.511166
v -2.325000 5.000000 -50.511166
v -2.250000 5.000000 -50.511166
v -2.175000 5.000000 -50.511166
v -2.100000 5.000000 -50.511166
v -2.025000 5.000000 -50.511166
v -1.950000 5.000000 -50.511166
v -1.875000 5.000000 -50.511166
v -1.800000 5.000000 -50.511166
v -1.725000 5.000000 -50.511166
v -1.650000 5.000000 -50.511166
v -1.575000 5.000000 -50.511166
v -1.500000 5.000000 -50.511166
v -1.425000 5.000000 -50.511166
v -1.350000 5.000000 -50.511166
v -1.275000 5.000000 -50.511166
v -1.200000 5.000000 -50.511166
v -1.125000 5.000000 -50.511166
v -1.050000 5.000000 -50.511166
v -0.975000 5.000000 -50.511166
v -0.900000 5.000000 -50.511166
v -0.825000 5.000000 -50.511166
v -0.750000 5.000000 -50.511166
v -0.675000 5.000000 -50.511166
v -0.600000 5.000000 -50.511166
v -0.525000 5.000000 -50.511166
v -0.450000 5.000000 -50.511166
v -0.375000 5.000000 -50.511166
v -0.300000 5.000000 -50.511166
v -0.225000 5.000000 -50.511166
v -0.150000 5.000000 -50.511166
v -0.075000 5.000000 -50.511166
v 0.000000 5.000000 -50.511166
v 0.075000 5.000000 -50.511166
v 0.150000 5.000000 -50.511166
v 0.225000 5.000000 -50.511166
v 0.300000 5.000000 -50.511166
v 0.375000 5.000000 -50.511166
v 0.450000 5.000000 -50.511166
v 0.525000 5.000000 -50.511166
v 0.600000 5.000000 -50.511166
v 0.675000 5.000000 -50.511166
v 0.750000 5.000000 -50.511166
v 0.825000 5.000000 -50.511166
v 0.900000 5.000000 -50.511166
v 0.975000 5.000000 -50.511166
v 1.050000 5.000000 -50.511166
v 1.125000 5.000000 -50.511166
v 1.200000 5.000000 -50.511166
v 1.275000 5.000000 -50.511166
v 1.350000 5.000000 -50.511166
v 1.425000 5.000000 -50.511166
v 1.500000 5.000000 -50.511166
v 1.575000 5.000000 -50.511166
v 1.650000 5.000000 -50.511166
v 1.725000 5.000000 -50.511166
v 1.800000 5.000000 -50.511166
v 1.875000 5.000000 -50.511166
v 1.950000 5.000000 -50.511166
v 2.025000 5.000000 -50.511166
v 2.100000 5.000000 -50.511166
v 2.175000 5.000000 -50.511166
v 2.250000 5.000000 -50.511166
v 2.325000 5.000000 -50.511166
v 2.400000 5.000000 -50.511166
v 2.475000 5.000000 -50.511166
v 2.550000 5.000000 -50.511166
v 2.625000 5.000000 -50.511166
v 2.700000 5.000000 -50.511166
v 2.775000 5.000000 -50.511166
v 2.850000 5.000000 -50.511166
v 2.925000 5.000000 -50.511166
v 3.000000 5.000000 -50.511166
v -3.000000 5.000000 -49.145999
v -2.925000 5.000000 -49.145999
v -2.850000 5.000000 -49.145999
v -2.775000 5.000000 -49.145999
v -2.700000 5.000000 -49.145999
v -2.625000 5.000000 -49.145999
v -2.550000 5.000000 -49.145999
v -2.475000 5.000000 -49.145999
v -2.400000 5.000000 -49.145999
v -2.325000 5.000000 -49.145999
v -2.250000 5.000000 -49.145999
v -2.175000 5.000000 -49.145999
v -2.100000 5.000000 -49.145999
v -2.025000 5.000000 -49.145999
v -1.950000 5.000000 -49.145999
v -1.875000 5.000000 -49.145999
v -1.800000 5.000000 -49.145999
v -1.725000 5.000000 -49.145999
v -1.650000 5.000000 -49.145999
v -1.575000 5.000000 -49.145999
v -1.500000 5.000000 -49.145999
v -1.425000 5.000000 -49.145999
v -1.350000 5.000000 -49.145999
v -1.275000 5.000000 -49.145999
v -1.200000 5.000000 -49.145999
v -1.125000 5.000000 -49.145999
v -1.050000 5.000000 -49.145999
v -0.975000 5.000000 -49.145999
v -0.900000 5.000000 -49.145999
v -0.825000 5.000000 -49.145999
v -0.750000 5.000000 -49.145999
v -0.675000 5.000000 -49.145999
v -0.600000 5.000000 -49.145999
v -0.525000 5.000000 -49.145999
v -0.450000 5.000000 -49.145999
v -0.375000 5.000000 -49.145999
v -0.300000 5.000000 -49.145999
v -0.225000 5.000000 -49.145999
v -0.150000 5.000000 -49.145999
v -0.075000 5.000000 -49.145999
v 0.000000 5.000000 -49.145999
v 0.075000 5.000000 -49.145999
v 0.150000 5.000000 -49.145999
v 0.225000 5.000000 -49.145999
v 0.300000 5.000000 -49.145999
v 0.375000 5.000000 -49.145999
v 0.450000 5.000000 -49.145999
v 0.525000 5.000000 -49.145999
v 0.600000 5.000000 -49.145999
v 0.675000 5.000000 -49.145999
v 0.750000 5.000000 -49.145999
v 0.825000 5.000000 -49.145999
v 0.900000 5.000000 -49.145999
v 0.975000 5.000000 -49.145999
v 1.050000 5.000000 -49.145999
v 1.125000 5.000000 -49.145999
v 1.200000 5.000000 -49.145999
v 1.275000 5.000000 -49.145999
v 1.350000 5.000000 -49.145999
v 1.425000 5.000000 -49.145999
v 1.500000 5.000000 -49.145999
v 1.575000 5.000000 -49.145999
v 1.650000 5.000000 -49.145999
v 1.725000 5.000000 -49.145999
v 1.800000 5.000000 -49.145999
v 1.875000 5.000000 -49.145999
v 1.950000 5.000000 -49.145999
v 2.025000 5.000000 -49.145999
v 2.100000 5.000000 -49.145999
v 2.175000 5.000000 -49.145999
v 2.250000 5.000000 -49.145999
v 2.325000 5.000000 -49.145999
v 2.400000 5.000000 -49.145999
v 2.475000 5.000000 -49.145999
v 2.550000 5.000000 -49.145999
v 2.625000 5.000000 -49.145999
v 2.700000 5.000000 -49.145999
v 2.775000 5.000000 -49.145999
v 2.850000 5.000000 -49.145999
v 2.925000 5.000000 -49.145999
v 3.000000 5.000000 -49.145999
v -3.000000 5.000000 -47.780832
v -2.925000 5.000000 -47.780832
v -2.850000 5.000000 -47.780832
v -2.775000 5.000000 -47.780832
v -2.700000 5.000000 -47.780832
v -2.625000 5.000000 -47.780832
v -2.550000 5.000000 -47.780832
v -2.475000 5.000000 -47.780832
v -2.400000 5.000000 -47.780832
v -2.325000 5.000000 -47.780832
v -2.250000 5.000000 -47.780832
v -2.175000 5.000000 -47.780832
v -2.100000 5.000000 -47.780832
v -2.025000 5.000000 -47.780832
v -1.950000 5.000000 -47.780832
v -1.875000 5.000000 -47.780832
v -1.800000 5.000000 -47.780832
v -1.725000 5.000000 -47.780832
v -1.650000 5.000000 -47.780832
v -1.575000 5.000000 -47.780832
v -1.500000 5.000000 -47.780832
v -1.425000 5.000000 -47.780832
v -1.350000 5.000000 -47.780832
v -1.275000 5.000000 -47.780832
v -1.200000 5.000000 -47.780832
v -1.125000 5.000000 -47.780832
v -1.050000 5.000000 -47.780832
v -0.975000 5.000000 -47.780832
v -0.900000 5.000000 -47.780832
v -0.825000 5.000000 -47.780832
v -0.750000 5.000000 -47.780832
v -0.675000 5.000000 -47.780832
v -0.600000 5.000000 -47.780832
v -0.525000 5.000000 -47.780832
v -0.450000 5.000000 -47.780832
v -0.375000 5.000000 -47.780832
v -0.300000 5.000000 -47.780832
v -0.225000 5.000000 -47.780832
v -0.150000 5.000000 -47.780832
v -0.075000 5.000000 -47.780832
v 0.000000 5.000000 -47.780832
v 0.075000 5.000000 -47.780832
v 0.150000 5.000000 -47.780832
v 0.225000 5.000000 -47.780832
v 0.300000 5.000000 -47.780832
v 0.375000 5.000000 -47.780832
v 0.450000 5.000000 -47.780832
v 0.525000 5.000000 -47.780832
v 0.600000 5.000000 -47.780832
v 0.675000 5.000000 -47.780832
v 0.750000 5.000000 -47.780832
v 0.825000 5.000000 -47.780832
v 0.900000 5.000000 -47.780832
v 0.975000 5.000000 -47.780832
v 1.050000 5.000000 -47.780832
v 1.125000 5.000000 -47.780832
v 1.200000 5.000000 -47.780832
v 1.275000 5.000000 -47.780832
v 1.350000 5.000000 -47.780832
v 1.425000 5.000000 -47.780832
v 1.500000 5.000000 -47.780832
v 1.575000 5.000000 -47.780832
v 1.650000 5.000000 -47.780832
v 1.725000 5.000000 -47.780832
v 1.800000 5.000000 -47.780832
v 1.875000 5.000000 -47.780832
v 1.950000 5.000000 -47.780832
v 2.025000 5.000000 -47.780832
v 2.100000 5.000000 -47.780832
v 2.175000 5.000000 -47.780832
v 2.250000 5.000000 -47.780832
v 2.325000 5.000000 -47.780832
v 2.400000 5.000000 -47.780832
v 2.475000 5.000000 -47.780832
v 2.550000 5.000000 -47.780832
v 2.625000 5.000000 -47.780832
v 2.700000 5.000000 -47.780832
v 2.775000 5.000000 -47.780832
v 2.850000 5.000000 -47.780832
v 2.925000 5.000000 -47.780832
v 3.000000 5.000000 -47.780832
v -3.000000 5.000000 -46.415666
v -2.925000 5.000000 -46.415666
v -2.850000 5.000000 -46.415666
v -2.775000 5.000000 -46.415666
v -2.700000 5.000000 -46.415666
v -2.625000 5.000000 -46.415666
v -2.550000 5.000000 -46.415666
v -2.475000 5.000000 -46.415666
v -2.400000 5.000000 -46.415666
v -2.325000 5.000000 -46.415666
v -2.250000 5.000000 -46.415666
v -2.175000 5.000000 -46.415666
v -2.100000 5.000000 -46.415666
v -2.025000 5.000000 -46.415666
v -1.950000 5.000000 -46.415666
v -1.875000 5.000000 -46.415666
v -1.800000 5.000000 -46.415666
v -1.725000 5.000000 -46.415666
v -1.650000 5.000000 -46.415666
v -1.575000 5.000000 -46.415666
v -1.500000 5.000000 -46.415666
v -1.425000 5.000000 -46.415666
v -1.350000 5.000000 -46.415666
v -1.275000 5.000000 -46.415666
v -1.200000 5.000000 -46.415666
v -1.125000 5.000000 -46.415666
v -1.050000 5.000000 -46.415666
v -0.975000 5.000000 -46.415666
v -0.900000 5.000000 -46.415666
v -0.825000 5.000000 -46.415666
v -0.750000 5.000000 -46.415666
v -0.675000 5.000000 -46.415666
v -0.600000 5.000000 -46.415666
v -0.525000 5.000000 -46.415666
v -0.450000 5.000000 -46.415666
v -0.375000 5.000000 -46.415666
v -0.300000 5.000000 -46.415666
v -0.225000 5.000000 -46.415666
v -0.150000 5.000000 -46.415666
v -0.075000 5.000000 -46.415666
v 0.000000 5.000000 -46.415666
v 0.075000 5.000000 -46.415666
v 0.150000 5.000000 -46.415666
v 0.225000 5.000000 -46.415666
v 0.300000 5.000000 -46.415666
v 0.375000 5.000000 -46.415666
v 0.450000 5.000000 -46.415666
v 0.525000 5.000000 -46.415666
v 0.600000 5.000000 -46.415666
v 0.675000 5.000000 -46.415666
v 0.750000 5.000000 -46.415666
v 0.825000 5.000000 -46.415666
v 0.900000 5.000000 -46.415666
v 0.975000 5.000000 -46.415666
v 1.050000 5.000000 -46.415666
v 1.125000 5.000000 -46.415666
v 1.200000 5.000000 -46.415666
v 1.275000 5.000000 -46.415666
v 1.350000 5.000000 -46.415666
v 1.425000 5.000000 -46.415666
v 1.500000 5.000000 -46.415666
v 1.575000 5.000000 -46.415666
v 1.650000 5.000000 -46.415666
v 1.725000 5.000000 -46.415666
v 1.800000 5.000000 -46.415666
v 1.875000 5.000000 -46.415666
v 1.950000 5.000000 -46.415666
v 2.025000 5.000000 -46.415666
v 2.100000 5.000000 -46.415666
v 2.175000 5.000000 -46.415666
v 2.250000 5.000000 -46.415666
v 2.325000 5.000000 -46.415666
v 2.400000 5.000000 -46.415666
v 2.475000 5.000000 -46.415666
v 2.550000 5.000000 -46.415666
v 2.625000 5.000000 -46.415666
v 2.700000 5.000000 -46.415666
v 2.775000 5.000000 -46.415666
v 2.850000 5.000000 -46.415666
v 2.925000 5.000000 -46.415666
v 3.000000 5.000000 -46.415666
v -3.000000 5.000000 -45.050499
v -2.925000 5.000000 -45.050499
v -2.850000 5.000000 -45.050499
v -2.775000 5.000000 -45.050499
v -2.700000 5.000000 -45.050499
v -2.625000 5.000000 -45.050499
v -2.550000 5.000000 -45.050499
v -2.475000 5.000000 -45.050499
v -2.400000 5.000000 -45.050499
v -2.325000 5.000000 -45.050499
v -2.250000 5.000000 -45.050499
v -2.175000 5.000000 -45.050499
v -2.100000 5.000000 -45.050499
v -2.025000 5.000000 -45.050499
v -1.950000 5.000000 -45.050499
v -1.875000 5.000000 -45.050499
v -1.800000 5.000000 -45.050499
v -1.725000 5.000000 -45.050499
v -1.650000 5.000000 -45.050499
v -1.575000 5.000000 -45.050499
v -1.500000 5.000000 -45.050499
v -1.425000 5.000000 -45.050499
v -1.350000 5.000000 -45.050499
v -1.275000 5.000000 -45.050499
v -1.200000 5.000000 -45.050499
v -1.125000 5.000000 -45.050499
v -1.050000 5.000000 -45.050499
v -0.975000 5.000000 -45.050499
v -0.900000 5.000000 -45.050499
v -0.825000 5.000000 -45.050499
v -0.750000 5.000000 -45.050499
v -0.675000 5.000000 -45.050499
v -0.600000 5.000000 -45.050499
v -0.525000 5.000000 -45.050499
v -0.450000 5.000000 -45.050499
v -0.375000 5.000000 -45.050499
v -0.300000 5.000000 -45.050499
v -0.225000 5.000000 -45.050499
v -0.150000 5.000000 -45.050499
v -0.075000 5.000000 -45.050499
v 0.000000 5.000000 -45.050499
v 0.075000 5.000000 -45.050499
v 0.150000 5.000000 -45.050499
v 0.225000 5.000000 -45.050499
v 0.300000 5.000000 -45.050499
v 0.375000 5.000000 -45.050499
v 0.450000 5.000000 -45.050499
v 0.525000 5.000000 -45.050499
v 0.600000 5.000000 -45.050499
v 0.675000 5.000000 -45.050499
v 0.750000 5.000000 -45.050499
v 0.825000 5.000000 -45.050499
v 0.900000 5.000000 -45.050499
v 0.975000 5.000000 -45.050499
v 1.050000 5.000000 -45.050499
v 1.125000 5.000000 -45.050499
v 1.200000 5.000000 -45.050499
v 1.275000 5.000000 -45.050499
v 1.350000 5.000000 -45.050499
v 1.425000 5.000000 -45.050499
v 1.500000 5.000000 -45.050499
v 1.575000 5.000000 -45.050499
v 1.650000 5.000000 -45.050499
v 1.725000 5.000000 -45.050499
v 1.800000 5.000000 -45.050499
v 1.875000 5.000000 -45.050499
v 1.950000 5.000000 -45.050499
v 2.025000 5.000000 -45.050499
v 2.100000 5.000000 -45.050499
v 2.175000 5.000000 -45.050499
v 2.250000 5.000000 -45.050499
v 2.325000 5.000000 -45.050499
v 2.400000 5.000000 -45.050499
v 2.475000 5.000000 -45.050499
v 2.550000 5.000000 -45.050499
v 2.625000 5.000000 -45.050499
v 2.700000 5.000000 -45.050499
v 2.775000 5.000000 -45.050499
v 2.850000 5.000000 -45.050499
v 2.925000 5.000000 -45.050499
v 3.000000 5.000000 -45.050499
v -3.000000 5.000000 -43.685333
v -2.925000 5.000000 -43.685333
v -2.850000 5.000000 -43.685333
v -2.775000 5.000000 -43.685333
v -2.700000 5.000000 -43.685333
v -2.625000 5.000000 -43.685333
v -2.550000 5.000000 -43.685333
v -2.475000 5.000000 -43.685333
v -2.400000 5.000000 -43.685333
v -2.325000 5.000000 -43.685333
v -2.250000 5.000000 -43.685333
v -2.175000 5.000000 -43.685333
v -2.100000 5.000000 -43.685333
v -2.025000 5.000000 -43.685333
v -1.950000 5.000000 -43.685333
v -1.875000 5.000000 -43.685333
v -1.800000 5.000000 -43.685333
v -1.725000 5.000000 -43.685333
v -1.650000 5.000000 -43.685333
v -1.575000 5.000000 -43.685333
v -1.500000 5.000000 -43.685333
v -1.425000 5.000000 -43.685333
v -1.350000 5.000000 -43.685333
v -1.275000 5.000000 -43.685333
v -1.200000 5.000000 -43.685333
v -1.125000 5.000000 -43.685333
v -1.050000 5.000000 -43.685333
v -0.975000 5.000000 -43.685333
v -0.900000 5.000000 -43.685333
v -0.825000 5.000000 -43.685333
v -0.750000 5.000000 -43.685333
v -0.675000 5.000000 -43.685333
v -0.600000 5.000000 -43.685333
v -0.525000 5.000000 -43.685333
v -0.450000 5.000000 -43.685333
v -0.375000 5.000000 -43.685333
v -0.300000 5.000000 -43.685333
v -0.225000 5.000000 -43.685333
v -0.150000 5.000000 -43.685333
v -0.075000 5.000000 -43.685333
v 0.000000 5.000000 -43.685333
v 0.075000 5.000000 -43.685333
v 0.150000 5.000000 -43.685333
v 0.225000 5.000000 -43.685333
v 0.300000 5.000000 -43.685333
v 0.375000 5.000000 -43.685333
v 0.450000 5.000000 -43.685333
v 0.525000 5.000000 -43.685333
v 0.600000 5.000000 -43.685333
v 0.675000 5.000000 -43.685333
v 0.750000 5.000000 -43.685333
v 0.825000 5.000000 -43.685333
v 0.900000 5.000000 -43.685333
v 0.975000 5.000000 -43.685333
v 1.050000 5.000000 -43.685333
v 1.125000 5.000000 -43.685333
v 1.200000 5.000000 -43.685333
v 1.275000 5.000000 -43.685333
v 1.350000 5.000000 -43.685333
v 1.425000 5.000000 -43.685333
v 1.500000 5.000000 -43.685333
v 1.575000 5.000000 -43.685333
v 1.650000 5.000000 -43.685333
v 1.725000 5.000000 -43.685333
v 1.800000 5.000000 -43.685333
v 1.875000 5.000000 -43.685333
v 1.950000 5.000000 -43.685333
v 2.025000 5.000000 -43.685333
v 2.100000 5.000000 -43.685333
v 2.175000 5.000000 -43.685333
v 2.250000 5.000000 -43.685333
v 2.325000 5.000000 -43.685333
v 2.400000 5.000000 -43.685333
v 2.475000 5.000000 -43.685333
v 2.550000 5.000000 -43.685333
v 2.625000 5.000000 -43.685333
v 2.700000 5.000000 -43.685333
v 2.775000 5.000000 -43.685333
v 2.850000 5.000000 -43.685333
v 2.925000 5.000000 -43.685333
v 3.000000 5.000000 -43.685333
v -3.000000 5.000000 -42.320166
v -2.925000 5.000000 -42.320166
v -2.850000 5.000000 -42.320166
v -2.775000 5.000000 -42.320166
v -2.700000 5.000000 -42.320166
v -2.625000 5.000000 -42.320166
v -2.550000 5.000000 -42.320166
v -2.475000 5.000000 -42.320166
v -2.400000 5.000000 -42.320166
v -2.325000 5.000000 -42.320166
v -2.250000 5.000000 -42.320166
v -2.175000 5.000000 -42.320166
v -2.100000 5.000000 -42.320166
v -2.025000 5.000000 -42.320166
v -1.950000 5.000000 -42.320166
v -1.875000 5.000000 -42.320166
v -1.800000 5.000000 -42.320166
v -1.725000 5.000000 -42.320166
v -1.650000 5.000000 -42.320166
v -1.575000 5.000000 -42.320166
v -1.500000 5.000000 -42.320166
v -1.425000 5.000000 -42.320166
v -1.350000 5.000000 -42.320166
v -1.275000 5.000000 -42.320166
v -1.200000 5.000000 -42.320166
v -1.125000 5.000000 -42.320166
v -1.050000 5.000000 -42.320166
v -0.975000 5.000000 -42.320166
v -0.900000 5.000000 -42.320166
v -0.825000 5.000000 -42.320166
v -0.750000 5.000000 -42.320166
v -0.675000 5.000000 -42.320166
v -0.600000 5.000000 -42.320166
v -0.525000 5.000000 -42.320166
v -0.450000 5.000000 -42.320166
v -0.375000 5.000000 -42.320166
v -0.300000 5.000000 -42.320166
v -0.225000 5.000000 -42.320166
v -0.150000 5.000000 -42.320166
v -0.075000 5.000000 -42.320166
v 0.000000 5.000000 -42.320166
v 0.075000 5.000000 -42.320166
v 0.150000 5.000000 -42.320166
v 0.225000 5.000000 -42.320166
v 0.300000 5.000000 -42.320166
v 0.375000 5.000000 -42.320166
v 0.450000 5.000000 -42.320166
v 0.525000 5.000000 -42.320166
v 0.600000 5.000000 -42.320166
v 0.675000 5.000000 -42.320166
v 0.750000 5.000000 -42.320166
v 0.825000 5.000000 -42.320166
v 0.900000 5.000000 -42.320166
v 0.975000 5.000000 -42.320166
v 1.050000 5.000000 -42.320166
v 1.125000 5.000000 -42.320166
v 1.200000 5.000000 -42.320166
v 1.275000 5.000000 -42.320166
v 1.350000 5.000000 -42.320166
v 1.425000 5.000000 -42.320166
v 1.500000 5.000000 -42.320166
v 1.575000 5.000000 -42.320166
v 1.650000 5.000000 -42.320166
v 1.725000 5.000000 -42.320166
v 1.800000 5.000000 -42.320166
v 1.875000 5.000000 -42.320166
v 1.950000 5.000000 -42.320166
v 2.025000 5.000000 -42.320166
v 2.100000 5.000000 -42.320166
v 2.175000 5.000000 -42.320166
v 2.250000 5.000000 -42.320166
v 2.325000 5.000000 -42.320166
v 2.400000 5.000000 -42.320166
v 2.475000 5.000000 -42.320166
v 2.550000 5.000000 -42.320166
v 2.625000 5.000000 -42.320166
v 2.700000 5.000000 -42.320166
v 2.775000 5.000000 -42.320166
v 2.850000 5.000000 -42.320166
v 2.925000 5.000000 -42.320166
v 3.000000 5.000000 -42.320166
v -3.000000 5.000000 -40.954999
v -2.925000 5.000000 -40.954999
v -2.850000 5.000000 -40.954999
v -2.775000 5.000000 -40.954999
v -2.700000 5.000000 -40.954999
v -2.625000 5.000000 -40.954999
v -2.550000 5.000000 -40.954999
v -2.475000 5.000000 -40.954999
v -2.400000 5.000000 -40.954999
v -2.325000 5.000000 -40.954999
v -2.250000 5.000000 -40.954999
v -2.175000 5.000000 -40.954999
v -2.100000 5.000000 -40.954999
v -2.025000 5.000000 -40.954999
v -1.950000 5.000000 -40.954999
v -1.875000 5.000000 -40.954999
v -1.800000 5.000000 -40.954999
v -1.725000 5.000000 -40.954999
v -1.650000 5.000000 -40.954999
v -1.575000 5.000000 -40.954999
v -1.500000 5.000000 -40.954999
v -1.425000 5.000000 -40.954999
v -1.350000 5.000000 -40.954999
v -1.275000 5.000000 -40.954999
v -1.200000 5.000000 -40.954999
v -1.125000 5.000000 -40.954999
v -1.050000 5.000000 -40.954999
v -0.975000 5.000000 -40.954999
v -0.900000 5.000000 -40.954999
v -0.825000 5.000000 -40.954999
v -0.750000 5.000000 -40.954999
v -0.675000 5.000000 -40.954999
v -0.600000 5.000000 -40.954999
v -0.525000 5.000000 -40.954999
v -0.450000 5.000000 -40.954999
v -0.375000 5.000000 -40.954999
v -0.300000 5.000000 -40.954999
v -0.225000 5.000000 -40.954999
v -0.150000 5.000000 -40.954999
v -0.075000 5.000000 -40.954999
v 0.000000 5.000000 -40.954999
v 0.075000 5.000000 -40.954999
v 0.150000 5.000000 -40.954999
v 0.225000 5.000000 -40.954999
v 0.300000 5.000000 -40.954999
v 0.375000 5.000000 -40.954999
v 0.450000 5.000000 -40.954999
v 0.525000 5.000000 -40.954999
v 0.600000 5.000000 -40.954999
v 0.675000 5.000000 -40.954999
v 0.750000 5.000000 -40.954999
v 0.825000 5.000000 -40.954999
v 0.900000 5.000000 -40.954999
v 0.975000 5.000000 -40.954999
v 1.050000 5.000000 -40.954999
v 1.125000 5.000000 -40.954999
v 1.200000 5.000000 -40.954999
v 1.275000 5.000000 -40.954999
v 1.350000 5.000000 -40.954999
v 1.425000 5.000000 -40.954999
v 1.500000 5.000000 -40.954999
v 1.575000 5.000000 -40.954999
v 1.650000 5.000000 -40.954999
v 1.725000 5.000000 -40.954999
v 1.800000 5.000000 -40.954999
v 1.875000 5.000000 -40.954999
v 1.950000 5.000000 -40.954999
v 2.025000 5.000000 -40.954999
v 2.100000 5.000000 -40.954999
v 2.175000 5.000000 -40.954999
v 2.250000 5.000000 -40.954999
v 2.325000 5.000000 -40.954999
v 2.400000 5.000000 -40.954999
v 2.475000 5.000000 -40.954999
v 2.550000 5.000000 -40.954999
v 2.625000 5.000000 -40.954999
v 2.700000 5.000000 -40.954999
v 2.775000 5.000000 -40.954999
v 2.850000 5.000000 -40.954999
v 2.925000 5.000000 -40.954999
v 3.000000 5.000000 -40.954999
v -3.000000 5.000000 -39.589833
v -2.925000 5.000000 -39.589833
v -2.850000 5.000000 -39.589833
v -2.775000 5.000000 -39.589833
v -2.700000 5.000000 -39.589833
v -2.625000 5.000000 -39.589833
v -2.550000 5.000000 -39.589833
v -2.475000 5.000000 -39.589833
v -2.400000 5.000000 -39.589833
v -2.325000 5.000000 -39.589833
v -2.250000 5.000000 -39.589833
v -2.175000 5.000000 -39.589833
v -2.100000 5.000000 -39.589833
v -2.025000 5.000000 -39.589833
v -1.950000 5.000000 -39.589833
v -1.875000 5.000000 -39.589833
v -1.800000 5.000000 -39.589833
v -1.725000 5.000000 -39.589833
v -1.650000 5.000000 -39.589833
v -1.575000 5.000000 -39.589833
v -1.500000 5.000000 -39.589833
v -1.425000 5.000000 -39.589833
v -1.350000 5.000000 -39.589833
v -1.275000 5.000000 -39.589833
v -1.200000 5.000000 -39.589833
v -1.125000 5.000000 -39.589833
v -1.050000 5.000000 -39.589833
v -0.975000 5.000000 -39.589833
v -0.900000 5.000000 -39.589833
v -0.825000 5.000000 -39.589833
v -0.750000 5.000000 -39.589833
v -0.675000 5.000000 -39.589833
v -0.600000 5.000000 -39.589833
v -0.525000 5.000000 -39.589833
v -0.450000 5.000000 -39.589833
v -0.375000 5.000000 -39.589833
v -0.300000 5.000000 -39.589833
v -0.225000 5.000000 -39.589833
v -0.150000 5.000000 -39.589833
v -0.075000 5.000000 -39.589833
v 0.000000 5.000000 -39.589833
v 0.075000 5.000000 -39.589833
v 0.150000 5.000000 -39.589833
v 0.225000 5.000000 -39.589833
v 0.300000 5.000000 -39.589833
v 0.375000 5.000000 -39.589833
v 0.450000 5.000000 -39.589833
v 0.525000 5.000000 -39.589833
v 0.600000 5.000000 -39.589833
v 0.675000 5.000000 -39.589833
v 0.750000 5.000000 -39.589833
v 0.825000 5.000000 -39.589833
v 0.900000 5.000000 -39.589833
v 0.975000 5.000000 -39.589833
v 1.050000 5.000000 -39.589833
v 1.125000 5.000000 -39.589833
v 1.200000 5.000000 -39.589833
v 1.275000 5.000000 -39.589833
v 1.350000 5.000000 -39.589833
v 1.425000 5.000000 -39.589833
v 1.500000 5.000000 -39.589833
v 1.575000 5.000000 -39.589833
v 1.650000 5.000000 -39.589833
v 1.725000 5.000000 -39.589833
v 1.800000 5.000000 -39.589833
v 1.875000 5.000000 -39.589833
v 1.950000 5.000000 -39.589833
v 2.025000 5.000000 -39.589833
v 2.100000 5.000000 -39.589833
v 2.175000 5.000000 -39.589833
v 2.250000 5.000000 -39.589833
v 2.325000 5.000000 -39.589833
v 2.400000 5.000000 -39.589833
v 2.475000 5.000000 -39.589833
v 2.550000 5.000000 -39.589833
v 2.625000 5.000000 -39.589833
v 2.700000 5.000000 -39.589833
v 2.775000 5.000000 -39.589833
v 2.850000 5.000000 -39.589833
v 2.925000 5.000000 -39.589833
v 3.000000 5.000000 -39.589833
v -3.000000 5.000000 -38.224666
v -2.925000 5.000000 -38.224666
v -2.850000 5.000000 -38.224666
v -2.775000 5.000000 -38.224666
v -2.700000 5.000000 -38.224666
v -2.625000 5.000000 -38.224666
v -2.550000 5.000000 -38.224666
v -2.475000 5.000000 -38.224666
v -2.400000 5.000000 -38.224666
v -2.325000 5.000000 -38.224666
v -2.250000 5.000000 -38.224666
v -2.175000 5.000000 -38.224666
v -2.100000 5.000000 -38.224666
v -2.025000 5.000000 -38.224666
v -1.950000 5.000000 -38.224666
v -1.875000 5.000000 -38.224666
v -1.800000 5.000000 -38.224666
v -1.725000 5.000000 -38.224666
v -1.650000 5.000000 -38.224666
v -1.575000 5.000000 -38.224666
v -1.500000 5.000000 -38.224666
v -1.425000 5.000000 -38.224666
v -1.350000 5.000000 -38.224666
v -1.275000 5.000000 -38.224666
v -1.200000 5.000000 -38.224666
v -1.125000 5.000000 -38.224666
v -1.050000 5.000000 -38.224666
v -0.975000 5.000000 -38.224666
v -0.900000 5.000000 -38.224666
v -0.825000 5.000000 -38.224666
v -0.750000 5.000000 -38.224666
v -0.675000 5.000000 -38.224666
v -0.600000 5.000000 -38.224666
v -0.525000 5.000000 -38.224666
v -0.450000 5.000000 -38.224666
v -0.375000 5.000000 -38.224666
v -0.300000 5.000000 -38.224666
v -0.225000 5.000000 -38.224666
v -0.150000 5.000000 -38.224666
v -0.075000 5.000000 -38.224666
v 0.000000 5.000000 -38.224666
v 0.075000 5.000000 -38.224666
v 0.150000 5.000000 -38.224666
v 0.225000 5.000000 -38.224666
v 0.300000 5.000000 -38.224666
v 0.375000 5.000000 -38.224666
v 0.450000 5.000000 -38.224666
v 0.525000 5.000000 -38.224666
v 0.600000 5.000000 -38.224666
v 0.675000 5.000000 -38.224666
v 0.750000 5.000000 -38.224666
v 0.825000 5.000000 -38.224666
v 0.900000 5.000000 -38.224666
v 0.975000 5.000000 -38.224666
v 1.050000 5.000000 -38.224666
v 1.125000 5.000000 -38.224666
v 1.200000 5.000000 -38.224666
v 1.275000 5.000000 -38.224666
v 1.350000 5.000000 -38.224666
v 1.425000 5.000000 -38.224666
v 1.500000 5.000000 -38.224666
v 1.575000 5.000000 -38.224666
v 1.650000 5.000000 -38.224666
v 1.725000 5.000000 -38.224666
v 1.800000 5.000000 -38.224666
v 1.875000 5.000000 -38.224666
v 1.950000 5.000000 -38.224666
v 2.025000 5.000000 -38.224666
v 2.100000 5.000000 -38.224666
v 2.175000 5.000000 -38.224666
v 2.250000 5.000000 -38.224666
v 2.325000 5.000000 -38.224666
v 2.400000 5.000000 -38.224666
v 2.475000 5.000000 -38.224666
v 2.550000 5.000000 -38.224666
v 2.625000 5.000000 -38.224666
v 2.700000 5.000000 -38.224666
v 2.775000 5.000000 -38.224666
v 2.850000 5.000000 -38.224666
v 2.925000 5.000000 -38.224666
v 3.000000 5.000000 -38.224666
v -3.000000 5.000000 -36.859499
v -2.925000 5.000000 -36.859499
v -2.850000 5.000000 -36.859499
v -2.775000 5.000000 -36.859499
v -2.700000 5.000000 -36.859499
v -2.625000 5.000000 -36.859499
v -2.550000 5.000000 -36.859499
v -2.475000 5.000000 -36.859499
v -2.400000 5.000000 -36.859499
v -2.325000 5.000000 -36.859499
v -2.250000 5.000000 -36.859499
v -2.175000 5.000000 -36.859499
v -2.100000 5.000000 -36.859499
v -2.025000 5.000000 -36.859499
v -1.950000 5.000000 -36.859499
v -1.875000 5.000000 -36.859499
v -1.800000 5.000000 -36.859499
v -1.725000 5.000000 -36.859499
v -1.650000 5.000000 -36.859499
v -1.575000 5.000000 -36.859499
v -1.500000 5.000000 -36.859499
v -1.425000 5.000000 -36.859499
v -1.350000 5.000000 -36.859499
v -1.275000 5.000000 -36.859499
v -1.200000 5.000000 -36.859499
v -1.125000 5.000000 -36.859499
v -1.050000 5.000000 -36.859499
v -0.975000 5.000000 -36.859499
v -0.900000 5.000000 -36.859499
v -0.825000 5.000000 -36.859499
v -0.750000 5.000000 -36.859499
v -0.675000 5.000000 -36.859499
v -0.600000 5.000000 -36.859499
v -0.525000 5.000000 -36.859499
v -0.450000 5.000000 -36.859499
v -0.375000 5.000000 -36.859499
v -0.300000 5.000000 -36.859499
v -0.225000 5.000000 -36.859499
v -0.150000 5.000000 -36.859499
v -0.075000 5.000000 -36.859499
v 0.000000 5.000000 -36.859499
v 0.075000 5.000000 -36.859499
v 0.150000 5.000000 -36.859499
v 0.225000 5.000000 -36.859499
v 0.300000 5.000000 -36.859499
v 0.375000 5.000000 -36.859499
v 0.450000 5.000000 -36.859499
v 0.525000 5.000000 -36.859499
v 0.600000 5.000000 -36.859499
v 0.675000 5.000000 -36.859499
v 0.750000 5.000000 -36.859499
v 0.825000 5.000000 -36.859499
v 0.900000 5.000000 -36.859499
v 0.975000 5.000000 -36.859499
v 1.050000 5.000000 -36.859499
v 1.125000 5.000000 -36.859499
v 1.200000 5.000000 -36.859499
v 1.275000 5.000000 -36.859499
v 1.350000 5.000000 -36.859499
v 1.425000 5.000000 -36.859499
v 1.500000 5.000000 -36.859499
v 1.575000 5.000000 -36.859499
v 1.650000 5.000000 -36.859499
v 1.725000 5.000000 -36.859499
v 1.800000 5.000000 -36.859499
v 1.875000 5.000000 -36.859499
v 1.950000 5.000000 -36.859499
v 2.025000 5.000000 -36.859499
v 2.100000 5.000000 -36.859499
v 2.175000 5.000000 -36.859499
v 2.250000 5.000000 -36.859499
v 2.325000 5.000000 -36.859499
v 2.400000 5.000000 -36.859499
v 2.475000 5.000000 -36.859499
v 2.550000 5.000000 -36.859499
v 2.625000 5.000000 -36.859499
v 2.700000 5.000000 -36.859499
v 2.775000 5.000000 -36.859499
v 2.850000 5.000000 -36.859499
v 2.925000 5.000000 -36.859499
v 3.000000 5.000000 -36.859499
v -3.000000 5.000000 -35.494333
v -2.925000 5.000000 -35.494333
v -2.850000 5.000000 -35.494333
v -2.775000 5.000000 -35.494333
v -2.700000 5.000000 -35.494333
v -2.625000 5.000000 -35.494333
v -2.550000 5.000000 -35.494333
v -2.475000 5.000000 -35.494333
v -2.400000 5.000000 -35.494333
v -2.325000 5.000000 -35.494333
v -2.250000 5.000000 -35.494333
v -2.175000 5.000000 -35.494333
v -2.100000 5.000000 -35.494333
v -2.025000 5.000000 -35.494333
v -1.950000 5.000000 -35.494333
v -1.875000 5.000000 -35.494333
v -1.800000 5.000000 -35.494333
v -1.725000 5.000000 -35.494333
v -1.650000 5.000000 -35.494333
v -1.575000 5.000000 -35.494333
v -1.500000 5.000000 -35.494333
v -1.425000 5.000000 -35.494333
v -1.350000 5.000000 -35.494333
v -1.275000 5.000000 -35.494333
v -1.200000 5.000000 -35.494333
v -1.125000 5.000000 -35.494333
v -1.050000 5.000000 -35.494333
v -0.975000 5.000000 -35.494333
v -0.900000 5.000000 -35.494333
v -0.825000 5.000000 -35.494333
v -0.750000 5.000000 -35.494333
v -0.675000 5.000000 -35.494333
v -0.600000 5.000000 -35.494333
v -0.525000 5.000000 -35.494333
v -0.450000 5.000000 -35.494333
v -0.375000 5.000000 -35.494333
v -0.300000 5.000000 -35.494333
v -0.225000 5.000000 -35.494333
v -0.150000 5.000000 -35.494333
v -0.075000 5.000000 -35.494333
v 0.000000 5.000000 -35.494333
v 0.075000 5.000000 -35.494333
v 0.150000 5.000000 -35.494333
v 0.225000 5.000000 -35.494333
v 0.300000 5.000000 -35.494333
v 0.375000 5.000000 -35.494333
v 0.450000 5.000000 -35.494333
v 0.525000 5.000000 -35.494333
v 0.600000 5.000000 -35.494333
v 0.675000 5.000000 -35.494333
v 0.750000 5.000000 -35.494333
v 0.825000 5.000000 -35.494333
v 0.900000 5.000000 -35.494333
v 0.975000 5.000000 -35.494333
v 1.050000 5.000000 -35.494333
v 1.125000 5.000000 -35.494333
v 1.200000 5.000000 -35.494333
v 1.275000 5.000000 -35.494333
v 1.350000 5.000000 -35.494333
v 1.425000 5.000000 -35.494333
v 1.500000 5.000000 -35.494333
v 1.575000 5.000000 -35.494333
v 1.650000 5.000000 -35.494333
v 1.725000 5.000000 -35.494333
v 1.800000 5.000000 -35.494333
v 1.875000 5.000000 -35.494333
v 1.950000 5.000000 -35.494333
v 2.025000 5.000000 -35.494333
v 2.100000 5.000000 -35.494333
v 2.175000 5.000000 -35.494333
v 2.250000 5.000000 -35.494333
v 2.325000 5.000000 -35.494333
v 2.400000 5.000000 -35.494333
v 2.475000 5.000000 -35.494333
v 2.550000 5.000000 -35.494333
v 2.625000 5.000000 -35.494333
v 2.700000 5.000000 -35.494333
v 2.775000 5.000000 -35.494333
v 2.850000 5.000000 -35.494333
v 2.925000 5.000000 -35.494333
v 3.000000 5.000000 -35.494333
v -3.000000 5.000000 -34.129166
v -2.925000 5.000000 -34.129166
v -2.850000 5.000000 -34.129166
v -2.775000 5.000000 -34.129166
v -2.700000 5.000000 -34.129166
v -2.625000 5.000000 -34.129166
v -2.550000 5.000000 -34.129166
v -2.475000 5.000000 -34.129166
v -2.400000 5.000000 -34.129166
v -2.325000 5.000000 -34.129166
v -2.250000 5.000000 -34.129166
v -2.175000 5.000000 -34.129166
v -2.100000 5.000000 -34.129166
v -2.025000 5.000000 -34.129166
v -1.950000 5.000000 -34.129166
v -1.875000 5.000000 -34.129166
v -1.800000 5.000000 -34.129166
v -1.725000 5.000000 -34.129166
v -1.650000 5.000000 -34.129166
v -1.575000 5.000000 -34.129166
v -1.500000 5.000000 -34.129166
v -1.425000 5.000000 -34.129166
v -1.350000 5.000000 -34.129166
v -1.275000 5.000000 -34.129166
v -1.200000 5.000000 -34.129166
v -1.125000 5.000000 -34.129166
v -1.050000 5.000000 -34.129166
v -0.975000 5.000000 -34.129166
v -0.900000 5.000000 -34.129166
v -0.825000 5.000000 -34.129166
v -0.750000 5.000000 -34.129166
v -0.675000 5.000000 -34.129166
v -0.600000 5.000000 -34.129166
v -0.525000 5.000000 -34.129166
v -0.450000 5.000000 -34.129166
v -0.375000 5.000000 -34.129166
v -0.300000 5.000000 -34.129166
v -0.225000 5.000000 -34.129166
v -0.150000 5.000000 -34.129166
v -0.075000 5.000000 -34.129166
v 0.000000 5.000000 -34.129166
v 0.075000 5.000000 -34.129166
v 0.150000 5.000000 -34.129166
v 0.225000 5.000000 -34.129166
v 0.300000 5.000000 -34.129166
v 0.375000 5.000000 -34.129166
v 0.450000 5.000000 -34.129166
v 0.525000 5.000000 -34.129166
v 0.600000 5.000000 -34.129166
v 0.675000 5.000000 -34.129166
v 0.750000 5.000000 -34.129166
v 0.825000 5.000000 -34.129166
v 0.900000 5.000000 -34.129166
v 0.975000 5.000000 -34.129166
v 1.050000 5.000000 -34.129166
v 1.125000 5.000000 -34.129166
v 1.200000 5.000000 -34.129166
v 1.275000 5.000000 -34.129166
v 1.350000 5.000000 -34.129166
v 1.425000 5.000000 -34.129166
v 1.500000 5.000000 -34.129166
v 1.575000 5.000000 -34.129166
v 1.650000 5.000000 -34.129166
v 1.725000 5.000000 -34.129166
v 1.800000 5.000000 -34.129166
v 1.875000 5.000000 -34.129166
v 1.950000 5.000000 -34.129166
v 2.025000 5.000000 -34.129166
v 2.100000 5.000000 -34.129166
v 2.175000 5.000000 -34.129166
v 2.250000 5.000000 -34.129166
v 2.325000 5.000000 -34.129166
v 2.400000 5.000000 -34.129166
v 2.475000 5.000000 -34.129166
v 2.550000 5.000000 -34.129166
v 2.625000 5.000000 -34.129166
v 2.700000 5.000000 -34.129166
v 2.775000 5.000000 -34.129166
v 2.850000 5.000000 -34.129166
v 2.925000 5.000000 -34.129166
v 3.000000 5.000000 -34.129166
v -3.000000 5.000000 -32.763999
v -2.925000 5.000000 -32.763999
v -2.850000 5.000000 -32.763999
v -2.775000 5.000000 -32.763999
v -2.700000 5.000000 -32.763999
v -2.625000 5.000000 -32.763999
v -2.550000 5.000000 -32.763999
v -2.475000 5.000000 -32.763999
v -2.400000 5.000000 -32.763999
v -2.325000 5.000000 -32.763999
v -2.250000 5.000000 -32.763999
v -2.175000 5.000000 -32.763999
v -2.100000 5.000000 -32.763999
v -2.025000 5.000000 -32.763999
v -1.950000 5.000000 -32.763999
v -1.875000 5.000000 -32.763999
v -1.800000 5.000000 -32.763999
v -1.725000 5.000000 -32.763999
v -1.650000 5.000000 -32.763999
v -1.575000 5.000000 -32.763999
v -1.500000 5.000000 -32.763999
v -1.425000 5.000000 -32.763999
v -1.350000 5.000000 -32.763999
v -1.275000 5.000000 -32.763999
v -1.200000 5.000000 -32.763999
v -1.125000 5.000000 -32.763999
v -1.050000 5.000000 -32.763999
v -0.975000 5.000000 -32.763999
v -0.900000 5.000000 -32.763999
v -0.825000 5.000000 -32.763999
v -0.750000 5.000000 -32.763999
v -0.675000 5.000000 -32.763999
v -0.600000 5.000000 -32.763999
v -0.525000 5.000000 -32.763999
v -0.450000 5.000000 -32.763999
v -0.375000 5.000000 -32.763999
v -0.300000 5.000000 -32.763999
v -0.225000 5.000000 -32.763999
v -0.150000 5.000000 -32.763999
v -0.075000 5.000000 -32.763999
v 0.000000 5.000000 -32.763999
v 0.075000 5.000000 -32.763999
v 0.150000 5.000000 -32.763999
v 0.225000 5.000000 -32.763999
v 0.300000 5.000000 -32.763999
v 0.375000 5.000000 -32.763999
v 0.450000 5.000000 -32.763999
v 0.525000 5.000000 -32.763999
v 0.600000 5.000000 -32.763999
v 0.675000 5.000000 -32.763999
v 0.750000 5.000000 -32.763999
v 0.825000 5.000000 -32.763999
v 0.900000 5.000000 -32.763999
v 0.975000 5.000000 -32.763999
v 1.050000 5.000000 -32.763999
v 1.125000 5.000000 -32.763999
v 1.200000 5.000000 -32.763999
v 1.275000 5.000000 -32.763999
v 1.350000 5.000000 -32.763999
v 1.425000 5.000000 -32.763999
v 1.500000 5.000000 -32.763999
v 1.575000 5.000000 -32.763999
v 1.650000 5.000000 -32.763999
v 1.725000 5.000000 -32.763999
v 1.800000 5.000000 -32.763999
v 1.875000 5.000000 -32.763999
v 1.950000 5.000000 -32.763999
v 2.025000 5.000000 -32.763999
v 2.100000 5.000000 -32.763999
v 2.175000 5.000000 -32.763999
v 2.250000 5.000000 -32.763999
v 2.325000 5.000000 -32.763999
v 2.400000 5.000000 -32.763999
v 2.475000 5.000000 -32.763999
v 2.550000 5.000000 -32.763999
v 2.625000 5.000000 -32.763999
v 2.700000 5.000000 -32.763999
v 2.775000 5.000000 -32.763999
v 2.850000 5.000000 -32.763999
v 2.925000 5.000000 -32.763999
v 3.000000 5.000000 -32.763999
v -3.000000 5.000000 -31.398833
v -2.925000 5.000000 -31.398833
v -2.850000 5.000000 -31.398833
v -2.775000 5.000000 -31.398833
v -2.700000 5.000000 -31.398833
v -2.625000 5.000000 -31.398833
v -2.550000 5.000000 -31.398833
v -2.475000 5.000000 -31.398833
v -2.400000 5.000000 -31.398833
v -2.325000 5.000000 -31.398833
v -2.250000 5.000000 -31.398833
v -2.175000 5.000000 -31.398833
v -2.100000 5.000000 -31.398833
v -2.025000 5.000000 -31.398833
v -1.950000 5.000000 -31.398833
v -1.875000 5.000000 -31.398833
v -1.800000 5.000000 -31.398833
v -1.725000 5.000000 -31.398833
v -1.650000 5.000000 -31.398833
v -1.575000 5.000000 -31.398833
v -1.500000 5.000000 -31.398833
v -1.425000 5.000000 -31.398833
v -1.350000 5.000000 -31.398833
v -1.275000 5.000000 -31.398833
v -1.200000 5.000000 -31.398833
v -1.125000 5.000000 -31.398833
v -1.050000 5.000000 -31.398833
v -0.975000 5.000000 -31.398833
v -0.900000 5.000000 -31.398833
v -0.825000 5.000000 -31.398833
v -0.750000 5.000000 -31.398833
v -0.675000 5.000000 -31.398833
v -0.600000 5.000000 -31.398833
v -0.525000 5.000000 -31.398833
v -0.450000 5.000000 -31.398833
v -0.375000 5.000000 -31.398833
v -0.300000 5.000000 -31.398833
v -0.225000 5.000000 -31.398833
v -0.150000 5.000000 -31.398833
v -0.075000 5.000000 -31.398833
v 0.000000 5.000000 -31.398833
v 0.075000 5.000000 -31.398833
v 0.150000 5.000000 -31.398833
v 0.225000 5.000000 -31.398833
v 0.300000 5.000000 -31.398833
v 0.375000 5.000000 -31.398833
v 0.450000 5.000000 -31.398833
v 0.525000 5.000000 -31.398833
v 0.600000 5.000000 -31.398833
v 0.675000 5.000000 -31.398833
v 0.750000 5.000000 -31.398833
v 0.825000 5.000000 -31.398833
v 0.900000 5.000000 -31.398833
v 0.975000 5.000000 -31.398833
v 1.050000 5.000000 -31.398833
v 1.125000 5.000000 -31.398833
v 1.200000 5.000000 -31.398833
v 1.275000 5.000000 -31.398833
v 1.350000 5.000000 -31.398833
v 1.425000 5.000000 -31.398833
v 1.500000 5.000000 -31.398833
v 1.575000 5.000000 -31.398833
v 1.650000 5.000000 -31.398833
v 1.725000 5.000000 -31.398833
v 1.800000 5.000000 -31.398833
v 1.875000 5.000000 -31.398833
v 1.950000 5.000000 -31.398833
v 2.025000 5.000000 -31.398833
v 2.100000 5.000000 -31.398833
v 2.175000 5.000000 -31.398833
v 2.250000 5.000000 -31.398833
v 2.325000 5.000000 -31.398833
v 2.400000 5.000000 -31.398833
v 2.475000 5.000000 -31.398833
v 2.550000 5.000000 -31.398833
v 2.625000 5.000000 -31.398833
v 2.700000 5.000000 -31.398833
v 2.775000 5.000000 -31.398833
v 2.850000 5.000000 -31.398833
v 2.925000 5.000000 -31.398833
v 3.000000 5.000000 -31.398833
v -3.000000 5.000000 -30.033666
v -2.925000 5.000000 -30.033666
v -2.850000 5.000000 -30.033666
v -2.775000 5.000000 -30.033666
v -2.700000 5.000000 -30.033666
v -2.625000 5.000000 -30.033666
v -2.550000 5.000000 -30.033666
v -2.475000 5.000000 -30.033666
v -2.400000 5.000000 -30.033666
v -2.325000 5.000000 -30.033666
v -2.250000 5.000000 -30.033666
v -2.175000 5.000000 -30.033666
v -2.100000 5.000000 -30.033666
v -2.025000 5.000000 -30.033666
v -1.950000 5.000000 -30.033666
v -1.875000 5.000000 -30.033666
v -1.800000 5.000000 -30.033666
v -1.725000 5.000000 -30.033666
v -1.650000 5.000000 -30.033666
v -1.575000 5.000000 -30.033666
v -1.500000 5.000000 -30.033666
v -1.425000 5.000000 -30.033666
v -1.350000 5.000000 -30.033666
v -1.275000 5.000000 -30.033666
v -1.200000 5.000000 -30.033666
v -1.125000 5.000000 -30.033666
v -1.050000 5.000000 -30.033666
v -0.975000 5.000000 -30.033666
v -0.900000 5.000000 -30.033666
v -0.825000 5.000000 -30.033666
v -0.750000 5.000000 -30.033666
v -0.675000 5.000000 -30.033666
v -0.600000 5.000000 -30.033666
v -0.525000 5.000000 -30.033666
v -0.450000 5.000000 -30.033666
v -0.375000 5.000000 -30.033666
v -0.300000 5.000000 -30.033666
v -0.225000 5.000000 -30.033666
v -0.150000 5.000000 -30.033666
v -0.075000 5.000000 -30.033666
v 0.000000 5.000000 -30.033666
v 0.075000 5.000000 -30.033666
v 0.150000 5.000000 -30.033666
v 0.225000 5.000000 -30.033666
v 0.300000 5.000000 -30.033666
v 0.375000 5.000000 -30.033666
v 0.450000 5.000000 -30.033666
v 0.525000 5.000000 -30.033666
v 0.600000 5.000000 -30.033666
v 0.675000 5.000000 -30.033666
v 0.750000 5.000000 -30.033666
v 0.825000 5.000000 -30.033666
v 0.900000 5.000000 -30.033666
v 0.975000 5.000000 -30.033666
v 1.050000 5.000000 -30.033666
v 1.125000 5.000000 -30.033666
v 1.200000 5.000000 -30.033666
v 1.275000 5.000000 -30.033666
v 1.350000 5.000000 -30.033666
v 1.425000 5.000000 -30.033666
v 1.500000 5.000000 -30.033666
v 1.575000 5.000000 -30.033666
v 1.650000 5.000000 -30.033666
v 1.725000 5.000000 -30.033666
v 1.800000 5.000000 -30.033666
v 1.875000 5.000000 -30.033666
v 1.950000 5.000000 -30.033666
v 2.025000 5.000000 -30.033666
v 2.100000 5.000000 -30.033666
v 2.175000 5.000000 -30.033666
v 2.250000 5.000000 -30.033666
v 2.325000 5.000000 -30.033666
v 2.400000 5.000000 -30.033666
v 2.475000 5.000000 -30.033666
v 2.550000 5.000000 -30.033666
v 2.625000 5.000000 -30.033666
v 2.700000 5.000000 -30.033666
v 2.775000 5.000000 -30.033666
v 2.850000 5.000000 -30.033666
v 2.925000 5.000000 -30.033666
v 3.000000 5.000000 -30.033666
v -3.000000 5.000000 -28.668499
v -2.925000 5.000000 -28.668499
v -2.850000 5.000000 -28.668499
v -2.775000 5.000000 -28.668499
v -2.700000 5.000000 -28.668499
v -2.625000 5.000000 -28.668499
v -2.550000 5.000000 -28.668499
v -2.475000 5.000000 -28.668499
v -2.400000 5.000000 -28.668499
v -2.325000 5.000000 -28.668499
v -2.250000 5.000000 -28.668499
v -2.175000 5.000000 -28.668499
v -2.100000 5.000000 -28.668499
v -2.025000 5.000000 -28.668499
v -1.950000 5.000000 -28.668499
v -1.875000 5.000000 -28.668499
v -1.800000 5.000000 -28.668499
v -1.725000 5.000000 -28.668499
v -1.650000 5.000000 -28.668499
v -1.575000 5.000000 -28.668499
v -1.500000 5.000000 -28.668499
v -1.425000 5.000000 -28.668499
v -1.350000 5.000000 -28.668499
v -1.275000 5.000000 -28.668499
v -1.200000 5.000000 -28.668499
v -1.125000 5.000000 -28.668499
v -1.050000 5.000000 -28.668499
v -0.975000 5.000000 -28.668499
v -0.900000 5.000000 -28.668499
v -0.825000 5.000000 -28.668499
v -0.750000 5.000000 -28.668499
v -0.675000 5.000000 -28.668499
v -0.600000 5.000000 -28.668499
v -0.525000 5.000000 -28.668499
v -0.450000 5.000000 -28.668499
v -0.375000 5.000000 -28.668499
v -0.300000 5.000000 -28.668499
v -0.225000 5.000000 -28.668499
v -0.150000 5.000000 -28.668499
v -0.075000 5.000000 -28.668499
v 0.000000 5.000000 -28.668499
v 0.075000 5.000000 -28.668499
v 0.150000 5.000000 -28.668499
v 0.225000 5.000000 -28.668499
v 0.300000 5.000000 -28.668499
v 0.375000 5.000000 -28.668499
v 0.450000 5.000000 -28.668499
v 0.525000 5.000000 -28.668499
v 0.600000 5.000000 -28.668499
v 0.675000 5.000000 -28.668499
v 0.750000 5.000000 -28.668499
v 0.825000 5.000000 -28.668499
v 0.900000 5.000000 -28.668499
v 0.975000 5.000000 -28.668499
v 1.050000 5.000000 -28.668499
v 1.125000 5.000000 -28.668499
v 1.200000 5.000000 -28.668499
v 1.275000 5.000000 -28.668499
v 1.350000 5.000000 -28.668499
v 1.425000 5.000000 -28.668499
v 1.500000 5.000000 -28.668499
v 1.575000 5.000000 -28.668499
v 1.650000 5.000000 -28.668499
v 1.725000 5.000000 -28.668499
v 1.800000 5.000000 -28.668499
v 1.875000 5.000000 -28.668499
v 1.950000 5.000000 -28.668499
v 2.025000 5.000000 -28.668499
v 2.100000 5.000000 -28.668499
v 2.175000 5.000000 -28.668499
v 2.250000 5.000000 -28.668499
v 2.325000 5.000000 -28.668499
v 2.400000 5.000000 -28.668499
v 2.475000 5.000000 -28.668499
v 2.550000 5.000000 -28.668499
v 2.625000 5.000000 -28.668499
v 2.700000 5.000000 -28.668499
v 2.775000 5.000000 -28.668499
v 2.850000 5.000000 -28.668499
v 2.925000 5.000000 -28.668499
v 3.000000 5.000000 -28.668499
v -3.000000 5.000000 -27.303333
v -2.925000 5.000000 -27.303333
v -2.850000 5.000000 -27.303333
v -2.775000 5.000000 -27.303333
v -2.700000 5.000000 -27.303333
v -2.625000 5.000000 -27.303333
v -2.550000 5.000000 -27.303333
v -2.475000 5.000000 -27.303333
v -2.400000 5.000000 -27.303333
v -2.325000 5.000000 -27.303333
v -2.250000 5.000000 -27.303333
v -2.175000 5.000000 -27.303333
v -2.100000 5.000000 -27.303333
v -2.025000 5.000000 -27.303333
v -1.950000 5.000000 -27.303333
v -1.875000 5.000000 -27.303333
v -1.800000 5.000000 -27.303333
v -1.725000 5.000000 -27.303333
v -1.650000 5.000000 -27.303333
v -1.575000 5.000000 -27.303333
v -1.500000 5.000000 -27.303333
v -1.425000 5.000000 -27.303333
v -1.350000 5.000000 -27.303333
v -1.275000 5.000000 -27.303333
v -1.200000 5.000000 -27.303333
v -1.125000 5.000000 -27.303333
v -1.050000 5.000000 -27.303333
v -0.975000 5.000000 -27.303333
v -0.900000 5.000000 -27.303333
v -0.825000 5.000000 -27.303333
v -0.750000 5.000000 -27.303333
v -0.675000 5.000000 -27.303333
v -0.600000 5.000000 -27.303333
v -0.525000 5.000000 -27.303333
v -0.450000 5.000000 -27.303333
v -0.375000 5.000000 -27.303333
v -0.300000 5.000000 -27.303333
v -0.225000 5.000000 -27.303333
v -0.150000 5.000000 -27.303333
v -0.075000 5.000000 -27.303333
v 0.000000 5.000000 -27.303333
v 0.075000 5.000000 -27.303333
v 0.150000 5.000000 -27.303333
v 0.225000 5.000000 -27.303333
v 0.300000 5.000000 -27.303333
v 0.375000 5.000000 -27.303333
v 0.450000 5.000000 -27.303333
v 0.525000 5.000000 -27.303333
v 0.600000 5.000000 -27.303333
v 0.675000 5.000000 -27.303333
v 0.750000 5.000000 -27.303333
v 0.825000 5.000000 -27.303333
v 0.900000 5.000000 -27.303333
v 0.975000 5.000000 -27.303333
v 1.050000 5.000000 -27.303333
v 1.125000 5.000000 -27.303333
v 1.200000 5.000000 -27.303333
v 1.275000 5.000000 -27.303333
v 1.350000 5.000000 -27.303333
v 1.425000 5.000000 -27.303333
v 1.500000 5.000000 -27.303333
v 1.575000 5.000000 -27.303333
v 1.650000 5.000000 -27.303333
v 1.725000 5.000000 -27.303333
v 1.800000 5.000000 -27.303333
v 1.875000 5.000000 -27.303333
v 1.950000 5.000000 -27.303333
v 2.025000 5.000000 -27.303333
v 2.100000 5.000000 -27.303333
v 2.175000 5.000000 -27.303333
v 2.250000 5.000000 -27.303333
v 2.325000 5.000000 -27.303333
v 2.400000 5.000000 -27.303333
v 2.475000 5.000000 -27.303333
v 2.550000 5.000000 -27.303333
v 2.625000 5.000000 -27.303333
v 2.700000 5.000000 -27.303333
v 2.775000 5.000000 -27.303333
v 2.850000 5.000000 -27.303333
v 2.925000 5.000000 -27.303333
v 3.000000 5.000000 -27.303333
v -3.000000 5.000000 -25.938166
v -2.925000 5.000000 -25.938166
v -2.850000 5.000000 -25.938166
v -2.775000 5.000000 -25.938166
v -2.700000 5.000000 -25.938166
v -2.625000 5.000000 -25.938166
v -2.550000 5.000000 -25.938166
v -2.475000 5.000000 -25.938166
v -2.400000 5.000000 -25.938166
v -2.325000 5.000000 -25.938166
v -2.250000 5.000000 -25.938166
v -2.175000 5.000000 -25.938166
v -2.100000 5.000000 -25.938166
v -2.025000 5.000000 -25.938166
v -1.950000 5.000000 -25.938166
v -1.875000 5.000000 -25.938166
v -1.800000 5.000000 -25.938166
v -1.725000 5.000000 -25.938166
v -1.650000 5.000000 -25.938166
v -1.575000 5.000000 -25.938166
v -1.500000 5.000000 -25.938166
v -1.425000 5.000000 -25.938166
v -1.350000 5.000000 -25.938166
v -1.275000 5.000000 -25.938166
v -1.200000 5.000000 -25.938166
v -1.125000 5.000000 -25.938166
v -1.050000 5.000000 -25.938166
v -0.975000 5.000000 -25.938166
v -0.900000 5.000000 -25.938166
v -0.825000 5.000000 -25.938166
v -0.750000 5.000000 -25.938166
v -0.675000 5.000000 -25.938166
v -0.600000 5.000000 -25.938166
v -0.525000 5.000000 -25.938166
v -0.450000 5.000000 -25.938166
v -0.375000 5.000000 -25.938166
v -0.300000 5.000000 -25.938166
v -0.225000 5.000000 -25.938166
v -0.150000 5.000000 -25.938166
v -0.075000 5.000000 -25.938166
v 0.000000 5.000000 -25.938166
v 0.075000 5.000000 -25.938166
v 0.150000 5.000000 -25.938166
v 0.225000 5.000000 -25.938166
v 0.300000 5.000000 -25.938166
v 0.375000 5.000000 -25.938166
v 0.450000 5.000000 -25.938166
v 0.525000 5.000000 -25.938166
v 0.600000 5.000000 -25.938166
v 0.675000 5.000000 -25.938166
v 0.750000 5.000000 -25.938166
v 0.825000 5.000000 -25.938166
v 0.900000 5.000000 -25.938166
v 0.975000 5.000000 -25.938166
v 1.050000 5.000000 -25.938166
v 1.125000 5.000000 -25.938166
v 1.200000 5.000000 -25.938166
v 1.275000 5.000000 -25.938166
v 1.350000 5.000000 -25.938166
v 1.425000 5.000000 -25.938166
v 1.500000 5.000000 -25.938166
v 1.575000 5.000000 -25.938166
v 1.650000 5.000000 -25.938166
v 1.725000 5.000000 -25.938166
v 1.800000 5.000000 -25.938166
v 1.875000 5.000000 -25.938166
v 1.950000 5.000000 -25.938166
v 2.025000 5.000000 -25.938166
v 2.100000 5.000000 -25.938166
v 2.175000 5.000000 -25.938166
v 2.250000 5.000000 -25.938166
v 2.325000 5.000000 -25.938166
v 2.400000 5.000000 -25.938166
v 2.475000 5.000000 -25.938166
v 2.550000 5.000000 -25.938166
v 2.625000 5.000000 -25.938166
v 2.700000 5.000000 -25.938166
v 2.775000 5.000000 -25.938166
v 2.850000 5.000000 -25.938166
v 2.925000 5.000000 -25.938166
v 3.000000 5.000000 -25.938166
v -3.000000 5.000000 -24.573000
v -2.925000 5.000000 -24.573000
v -2.850000 5.000000 -24.573000
v -2.775000 5.000000 -24.573000
v -2.700000 5.000000 -24.573000
v -2.625000 5.000000 -24.573000
v -2.550000 5.000000 -24.573000
v -2.475000 5.000000 -24.573000
v -2.400000 5.000000 -24.573000
v -2.325000 5.000000 -24.573000
v -2.250000 5.000000 -24.573000
v -2.175000 5.000000 -24.573000
v -2.100000 5.000000 -24.573000
v -2.025000 5.000000 -24.573000
v -1.950000 5.000000 -24.573000
v -1.875000 5.000000 -24.573000
v -1.800000 5.000000 -24.573000
v -1.725000 5.000000 -24.573000
v -1.650000 5.000000 -24.573000
v -1.575000 5.000000 -24.573000
v -1.500000 5.000000 -24.573000
v -1.425000 5.000000 -24.573000
v -1.350000 5.000000 -24.573000
v -1.275000 5.000000 -24.573000
v -1.200000 5.000000 -24.573000
v -1.125000 5.000000 -24.573000
v -1.050000 5.000000 -24.573000
v -0.975000 5.000000 -24.573000
v -0.900000 5.000000 -24.573000
v -0.825000 5.000000 -24.573000
v -0.750000 5.000000 -24.573000
v -0.675000 5.000000 -24.573000
v -0.600000 5.000000 -24.573000
v -0.525000 5.000000 -24.573000
v -0.450000 5.000000 -24.573000
v -0.375000 5.000000 -24.573000
v -0.300000 5.000000 -24.573000
v -0.225000 5.000000 -24.573000
v -0.150000 5.000000 -24.573000
v -0.075000 5.000000 -24.573000
v 0.000000 5.000000 -24.573000
v 0.075000 5.000000 -24.573000
v 0.150000 5.000000 -24.573000
v 0.225000 5.000000 -24.573000
v 0.300000 5.000000 -24.573000
v 0.375000 5.000000 -24.573000
v 0.450000 5.000000 -24.573000
v 0.525000 5.000000 -24.573000
v 0.600000 5.000000 -24.573000
v 0.675000 5.000000 -24.573000
v 0.750000 5.000000 -24.573000
v 0.825000 5.000000 -24.573000
v 0.900000 5.000000 -24.573000
v 0.975000 5.000000 -24.573000
v 1.050000 5.000000 -24.573000
v 1.125000 5.000000 -24.573000
v 1.200000 5.000000 -24.573000
v 1.275000 5.000000 -24.573000
v 1.350000 5.000000 -24.573000
v 1.425000 5.000000 -24.573000
v 1.500000 5.000000 -24.573000
v 1.575000 5.000000 -24.573000
v 1.650000 5.000000 -24.573000
v 1.725000 5.000000 -24.573000
v 1.800000 5.000000 -24.573000
v 1.875000 5.000000 -24.573000
v 1.950000 5.000000 -24.573000
v 2.025000 5.000000 -24.573000
v 2.100000 5.000000 -24.573000
v 2.175000 5.000000 -24.573000
v 2.250000 5.000000 -24.573000
v 2.325000 5.000000 -24.573000
v 2.400000 5.000000 -24.573000
v 2.475000 5.000000 -24.573000
v 2.550000 5.000000 -24.573000
v 2.625000 5.000000 -24.573000
v 2.700000 5.000000 -24.573000
v 2.775000 5.000000 -24.573000
v 2.850000 5.000000 -24.573000
v 2.925000 5.000000 -24.573000
v 3.000000 5.000000 -24.573000
v -3.000000 5.000000 -23.207833
v -2.925000 5.000000 -23.207833
v -2.850000 5.000000 -23.207833
v -2.775000 5.000000 -23.207833
v -2.700000 5.000000 -23.207833
v -2.625000 5.000000 -23.207833
v -2.550000 5.000000 -23.207833
v -2.475000 5.000000 -23.207833
v -2.400000 5.000000 -23.207833
v -2.325000 5.000000 -23.207833
v -2.250000 5.000000 -23.207833
v -2.175000 5.000000 -23.207833
v -2.100000 5.000000 -23.207833
v -2.025000 5.000000 -23.207833
v -1.950000 5.000000 -23.207833
v -1.875000 5.000000 -23.207833
v -1.800000 5.000000 -23.207833
v -1.725000 5.000000 -23.207833
v -1.650000 5.000000 -23.207833
v -1.575000 5.000000 -23.207833
v -1.500000 5.000000 -23.207833
v -1.425000 5.000000 -23.207833
v -1.350000 5.000000 -23.207833
v -1.275000 5.000000 -23.207833
v -1.200000 5.000000 -23.207833
v -1.125000 5.000000 -23.207833
v -1.050000 5.000000 -23.207833
v -0.975000 5.000000 -23.207833
v -0.900000 5.000000 -23.207833
v -0.825000 5.000000 -23.207833
v -0.750000 5.000000 -23.207833
v -0.675000 5.000000 -23.207833
v -0.600000 5.000000 -23.207833
v -0.525000 5.000000 -23.207833
v -0.450000 5.000000 -23.207833
v -0.375000 5.000000 -23.207833
v -0.300000 5.000000 -23.207833
v -0.225000 5.000000 -23.207833
v -0.150000 5.000000 -23.207833
v -0.075000 5.000000 -23.207833
v 0.000000 5.000000 -23.207833
v 0.075000 5.000000 -23.207833
v 0.150000 5.000000 -23.207833
v 0.225000 5.000000 -23.207833
v 0.300000 5.000000 -23.207833
v 0.375000 5.000000 -23.207833
v 0.450000 5.000000 -23.207833
v 0.525000 5.000000 -23.207833
v 0.600000 5.000000 -23.207833
v 0.675000 5.000000 -23.207833
v 0.750000 5.000000 -23.207833
v 0.825000 5.000000 -23.207833
v 0.900000 5.000000 -23.207833
v 0.975000 5.000000 -23.207833
v 1.050000 5.000000 -23.207833
v 1.125000 5.000000 -23.207833
v 1.200000 5.000000 -23.207833
v 1.275000 5.000000 -23.207833
v 1.350000 5.000000 -23.207833
v 1.425000 5.000000 -23.207833
v 1.500000 5.000000 -23.207833
v 1.575000 5.000000 -23.207833
v 1.650000 5.000000 -23.207833
v 1.725000 5.000000 -23.207833
v 1.800000 5.000000 -23.207833
v 1.875000 5.000000 -23.207833
v 1.950000 5.000000 -23.207833
v 2.025000 5.000000 -23.207833
v 2.100000 5.000000 -23.207833
v 2.175000 5.000000 -23.207833
v 2.250000 5.000000 -23.207833
v 2.325000 5.000000 -23.207833
v 2.400000 5.000000 -23.207833
v 2.475000 5.000000 -23.207833
v 2.550000 5.000000 -23.207833
v 2.625000 5.000000 -23.207833
v 2.700000 5.000000 -23.207833
v 2.775000 5.000000 -23.207833
v 2.850000 5.000000 -23.207833
v 2.925000 5.000000 -23.207833
v 3.000000 5.000000 -23.207833
v -3.000000 5.000000 -21.842666
v -2.925000 5.000000 -21.842666
v -2.850000 5.000000 -21.842666
v -2.775000 5.000000 -21.842666
v -2.700000 5.000000 -21.842666
v -2.625000 5.000000 -21.842666
v -2.550000 5.000000 -21.842666
v -2.475000 5.000000 -21.842666
v -2.400000 5.000000 -21.842666
v -2.325000 5.000000 -21.842666
v -2.250000 5.000000 -21.842666
v -2.175000 5.000000 -21.842666
v -2.100000 5.000000 -21.842666
v -2.025000 5.000000 -21.842666
v -1.950000 5.000000 -21.842666
v -1.875000 5.000000 -21.842666
v -1.800000 5.000000 -21.842666
v -1.725000 5.000000 -21.842666
v -1.650000 5.000000 -21.842666
v -1.575000 5.000000 -21.842666
v -1.500000 5.000000 -21.842666
v -1.425000 5.000000 -21.842666
v -1.350000 5.000000 -21.842666
v -1.275000 5.000000 -21.842666
v -1.200000 5.000000 -21.842666
v -1.125000 5.000000 -21.842666
v -1.050000 5.000000 -21.842666
v -0.975000 5.000000 -21.842666
v -0.900000 5.000000 -21.842666
v -0.825000 5.000000 -21.842666
v -0.750000 5.000000 -21.842666
v -0.675000 5.000000 -21.842666
v -0.600000 5.000000 -21.842666
v -0.525000 5.000000 -21.842666
v -0.450000 5.000000 -21.842666
v -0.375000 5.000000 -21.842666
v -0.300000 5.000000 -21.842666
v -0.225000 5.000000 -21.842666
v -0.150000 5.000000 -21.842666
v -0.075000 5.000000 -21.842666
v 0.000000 5.000000 -21.842666
v 0.075000 5.000000 -21.842666
v 0.150000 5.000000 -21.842666
v 0.225000 5.000000 -21.842666
v 0.300000 5.000000 -21.842666
v 0.375000 5.000000 -21.842666
v 0.450000 5.000000 -21.842666
v 0.525000 5.000000 -21.842666
v 0.600000 5.000000 -21.842666
v 0.675000 5.000000 -21.842666
v 0.750000 5.000000 -21.842666
v 0.825000 5.000000 -21.842666
v 0.900000 5.000000 -21.842666
v 0.975000 5.000000 -21.842666
v 1.050000 5.000000 -21.842666
v 1.125000 5.000000 -21.842666
v 1.200000 5.000000 -21.842666
v 1.275000 5.000000 -21.842666
v 1.350000 5.000000 -21.842666
v 1.425000 5.000000 -21.842666
v 1.500000 5.000000 -21.842666
v 1.575000 5.000000 -21.842666
v 1.650000 5.000000 -21.842666
v 1.725000 5.000000 -21.842666
v 1.800000 5.000000 -21.842666
v 1.875000 5.000000 -21.842666
v 1.950000 5.000000 -21.842666
v 2.025000 5.000000 -21.842666
v 2.100000 5.000000 -21.842666
v 2.175000 5.000000 -21.842666
v 2.250000 5.000000 -21.842666
v 2.325000 5.000000 -21.842666
v 2.400000 5.000000 -21.842666
v 2.475000 5.000000 -21.842666
v 2.550000 5.000000 -21.842666
v 2.625000 5.000000 -21.842666
v 2.700000 5.000000 -21.842666
v 2.775000 5.000000 -21.842666
v 2.850000 5.000000 -21.842666
v 2.925000 5.000000 -21.842666
v 3.000000 5.000000 -21.842666
v -3.000000 5.000000 -20.477500
v -2.925000 5.000000 -20.477500
v -2.850000 5.000000 -20.477500
v -2.775000 5.000000 -20.477500
v -2.700000 5.000000 -20.477500
v -2.625000 5.000000 -20.477500
v -2.550000 5.000000 -20.477500
v -2.475000 5.000000 -20.477500
v -2.400000 5.000000 -20.477500
v -2.325000 5.000000 -20.477500
v -2.250000 5.000000 -20.477500
v -2.175000 5.000000 -20.477500
v -2.100000 5.000000 -20.477500
v -2.025000 5.000000 -20.477500
v -1.950000 5.000000 -20.477500
v -1.875000 5.000000 -20.477500
v -1.800000 5.000000 -20.477500
v -1.725000 5.000000 -20.477500
v -1.650000 5.000000 -20.477500
v -1.575000 5.000000 -20.477500
v -1.500000 5.000000 -20.477500
v -1.425000 5.000000 -20.477500
v -1.350000 5.000000 -20.477500
v -1.275000 5.000000 -20.477500
v -1.200000 5.000000 -20.477500
v -1.125000 5.000000 -20.477500
v -1.050000 5.000000 -20.477500
v -0.975000 5.000000 -20.477500
v -0.900000 5.000000 -20.477500
v -0.825000 5.000000 -20.477500
v -0.750000 5.000000 -20.477500
v -0.675000 5.000000 -20.477500
v -0.600000 5.000000 -20.477500
v -0.525000 5.000000 -20.477500
v -0.450000 5.000000 -20.477500
v -0.375000 5.000000 -20.477500
v -0.300000 5.000000 -20.477500
v -0.225000 5.000000 -20.477500
v -0.150000 5.000000 -20.477500
v -0.075000 5.000000 -20.477500
v 0.000000 5.000000 -20.477500
v 0.075000 5.000000 -20.477500
v 0.150000 5.000000 -20.477500
v 0.225000 5.000000 -20.477500
v 0.300000 5.000000 -20.477500
v 0.375000 5.000000 -20.477500
v 0.450000 5.000000 -20.477500
v 0.525000 5.000000 -20.477500
v 0.600000 5.000000 -20.477500
v 0.675000 5.000000 -20.477500
v 0.750000 5.000000 -20.477500
v 0.825000 5.000000 -20.477500
v 0.900000 5.000000 -20.477500
v 0.975000 5.000000 -20.477500
v 1.050000 5.000000 -20.477500
v 1.125000 5.000000 -20.477500
v 1.200000 5.000000 -20.477500
v 1.275000 5.000000 -20.477500
v 1.350000 5.000000 -20.477500
v 1.425000 5.000000 -20.477500
v 1.500000 5.000000 -20.477500
v 1.575000 5.000000 -20.477500
v 1.650000 5.000000 -20.477500
v 1.725000 5.000000 -20.477500
v 1.800000 5.000000 -20.477500
v 1.875000 5.000000 -20.477500
v 1.950000 5.000000 -20.477500
v 2.025000 5.000000 -20.477500
v 2.100000 5.000000 -20.477500
v 2.175000 5.000000 -20.477500
v 2.250000 5.000000 -20.477500
v 2.325000 5.000000 -20.477500
v 2.400000 5.000000 -20.477500
v 2.475000 5.000000 -20.477500
v 2.550000 5.000000 -20.477500
v 2.625000 5.000000 -20.477500
v 2.700000 5.000000 -20.477500
v 2.775000 5.000000 -20.477500
v 2.850000 5.000000 -20.477500
v 2.925000 5.000000 -20.477500
v 3.000000 5.000000 -20.477500
v -3.000000 5.000000 -19.112333
v -2.925000 5.000000 -19.112333
v -2.850000 5.000000 -19.112333
v -2.775000 5.000000 -19.112333
v -2.700000 5.000000 -19.112333
v -2.625000 5.000000 -19.112333
v -2.550000 5.000000 -19.112333
v -2.475000 5.000000 -19.112333
v -2.400000 5.000000 -19.112333
v -2.325000 5.000000 -19.112333
v -2.250000 5.000000 -19.112333
v -2.175000 5.000000 -19.112333
v -2.100000 5.000000 -19.112333
v -2.025000 5.000000 -19.112333
v -1.950000 5.000000 -19.112333
v -1.875000 5.000000 -19.112333
v -1.800000 5.000000 -19.112333
v -1.725000 5.000000 -19.112333
v -1.650000 5.000000 -19.112333
v -1.575000 5.000000 -19.112333
v -1.500000 5.000000 -19.112333
v -1.425000 5.000000 -19.112333
v -1.350000 5.000000 -19.112333
v -1.275000 5.000000 -19.112333
v -1.200000 5.000000 -19.112333
v -1.125000 5.000000 -19.112333
v -1.050000 5.000000 -19.112333
v -0.975000 5.000000 -19.112333
v -0.900000 5.000000 -19.112333
v -0.825000 5.000000 -19.112333
v -0.750000 5.000000 -19.112333
v -0.675000 5.000000 -19.112333
v -0.600000 5.000000 -19.112333
v -0.525000 5.000000 -19.112333
v -0.450000 5.000000 -19.112333
v -0.375000 5.000000 -19.112333
v -0.300000 5.000000 -19.112333
v -0.225000 5.000000 -19.112333
v -0.150000 5.000000 -19.112333
v -0.075000 5.000000 -19.112333
v 0.000000 5.000000 -19.112333
v 0.075000 5.000000 -19.112333
v 0.150000 5.000000 -19.112333
v 0.225000 5.000000 -19.112333
v 0.300000 5.000000 -19.112333
v 0.375000 5.000000 -19.112333
v 0.450000 5.000000 -19.112333
v 0.525000 5.000000 -19.112333
v 0.600000 5.000000 -19.112333
v 0.675000 5.000000 -19.112333
v 0.750000 5.000000 -19.112333
v 0.825000 5.000000 -19.112333
v 0.900000 5.000000 -19.112333
v 0.975000 5.000000 -19.112333
v 1.050000 5.000000 -19.112333
v 1.125000 5.000000 -19.112333
v 1.200000 5.000000 -19.112333
v 1.275000 5.000000 -19.112333
v 1.350000 5.000000 -19.112333
v 1.425000 5.000000 -19.112333
v 1.500000 5.000000 -19.112333
v 1.575000 5.000000 -19.112333
v 1.650000 5.000000 -19.112333
v 1.725000 5.000000 -19.112333
v 1.800000 5.000000 -19.112333
v 1.875000 5.000000 -19.112333
v 1.950000 5.000000 -19.112333
v 2.025000 5.000000 -19.112333
v 2.100000 5.000000 -19.112333
v 2.175000 5.000000 -19.112333
v 2.250000 5.000000 -19.112333
v 2.325000 5.000000 -19.112333
v 2.400000 5.000000 -19.112333
v 2.475000 5.000000 -19.112333
v 2.550000 5.000000 -19.112333
v 2.625000 5.000000 -19.112333
v 2.700000 5.000000 -19.112333
v 2.775000 5.000000 -19.112333
v 2.850000 5.000000 -19.112333
v 2.925000 5.000000 -19.112333
v 3.000000 5.000000 -19.112333
v -3.000000 5.000000 -17.747166
v -2.925000 5.000000 -17.747166
v -2.850000 5.000000 -17.747166
v -2.775000 5.000000 -17.747166
v -2.700000 5.000000 -17.747166
v -2.625000 5.000000 -17.747166
v -2.550000 5.000000 -17.747166
v -2.475000 5.000000 -17.747166
v -2.400000 5.000000 -17.747166
v -2.325000 5.000000 -17.747166
v -2.250000 5.000000 -17.747166
v -2.175000 5.000000 -17.747166
v -2.100000 5.000000 -17.747166
v -2.025000 5.000000 -17.747166
v -1.950000 5.000000 -17.747166
v -1.875000 5.000000 -17.747166
v -1.800000 5.000000 -17.747166
v -1.725000 5.000000 -17.747166
v -1.650000 5.000000 -17.747166
v -1.575000 5.000000 -17.747166
v -1.500000 5.000000 -17.747166
v -1.425000 5.000000 -17.747166
v -1.350000 5.000000 -17.747166
v -1.275000 5.000000 -17.747166
v -1.200000 5.000000 -17.747166
v -1.125000 5.000000 -17.747166
v -1.050000 5.000000 -17.747166
v -0.975000 5.000000 -17.747166
v -0.900000 5.000000 -17.747166
v -0.825000 5.000000 -17.747166
v -0.750000 5.000000 -17.747166
v -0.675000 5.000000 -17.747166
v -0.600000 5.000000 -17.747166
v -0.525000 5.000000 -17.747166
v -0.450000 5.000000 -17.747166
v -0.375000 5.000000 -17.747166
v -0.300000 5.000000 -17.747166
v -0.225000 5.000000 -17.747166
v -0.150000 5.000000 -17.747166
v -0.075000 5.000000 -17.747166
v 0.000000 5.000000 -17.747166
v 0.075000 5.000000 -17.747166
v 0.150000 5.000000 -17.747166
v 0.225000 5.000000 -17.747166
v 0.300000 5.000000 -17.747166
v 0.375000 5.000000 -17.747166
v 0.450000 5.000000 -17.747166
v 0.525000 5.000000 -17.747166
v 0.600000 5.000000 -17.747166
v 0.675000 5.000000 -17.747166
v 0.750000 5.000000 -17.747166
v 0.825000 5.000000 -17.747166
v 0.900000 5.000000 -17.747166
v 0.975000 5.000000 -17.747166
v 1.050000 5.000000 -17.747166
v 1.125000 5.000000 -17.747166
v 1.200000 5.000000 -17.747166
v 1.275000 5.000000 -17.747166
v 1.350000 5.000000 -17.747166
v 1.425000 5.000000 -17.747166
v 1.500000 5.000000 -17.747166
v 1.575000 5.000000 -17.747166
v 1.650000 5.000000 -17.747166
v 1.725000 5.000000 -17.747166
v 1.800000 5.000000 -17.747166
v 1.875000 5.000000 -17.747166
v 1.950000 5.000000 -17.747166
v 2.025000 5.000000 -17.747166
v 2.100000 5.000000 -17.747166
v 2.175000 5.000000 -17.747166
v 2.250000 5.000000 -17.747166
v 2.325000 5.000000 -17.747166
v 2.400000 5.000000 -17.747166
v 2.475000 5.000000 -17.747166
v 2.550000 5.000000 -17.747166
v 2.625000 5.000000 -17.747166
v 2.700000 5.000000 -17.747166
v 2.775000 5.000000 -17.747166
v 2.850000 5.000000 -17.747166
v 2.925000 5.000000 -17.747166
v 3.000000 5.000000 -17.747166
v -3.000000 5.000000 -16.382000
v -2.925000 5.000000 -16.382000
v -2.850000 5.000000 -16.382000
v -2.775000 5.000000 -16.382000
v -2.700000 5.000000 -16.382000
v -2.625000 5.000000 -16.382000
v -2.550000 5.000000 -16.382000
v -2.475000 5.000000 -16.382000
v -2.400000 5.000000 -16.382000
v -2.325000 5.000000 -16.382000
v -2.250000 5.000000 -16.382000
v -2.175000 5.000000 -16.382000
v -2.100000 5.000000 -16.382000
v -2.025000 5.000000 -16.382000
v -1.950000 5.000000 -16.382000
v -1.875000 5.000000 -16.382000
v -1.800000 5.000000 -16.382000
v -1.725000 5.000000 -16.382000
v -1.650000 5.000000 -16.382000
v -1.575000 5.000000 -16.382000
v -1.500000 5.000000 -16.382000
v -1.425000 5.000000 -16.382000
v -1.350000 5.000000 -16.382000
v -1.275000 5.000000 -16.382000
v -1.200000 5.000000 -16.382000
v -1.125000 5.000000 -16.382000
v -1.050000 5.000000 -16.382000
v -0.975000 5.000000 -16.382000
v -0.900000 5.000000 -16.382000
v -0.825000 5.000000 -16.382000
v -0.750000 5.000000 -16.382000
v -0.675000 5.000000 -16.382000
v -0.600000 5.000000 -16.382000
v -0.525000 5.000000 -16.382000
v -0.450000 5.000000 -16.382000
v -0.375000 5.000000 -16.382000
v -0.300000 5.000000 -16.382000
v -0.225000 5.000000 -16.382000
v -0.150000 5.000000 -16.382000
v -0.075000 5.000000 -16.382000
v 0.000000 5.000000 -16.382000
v 0.075000 5.000000 -16.382000
v 0.150000 5.000000 -16.382000
v 0.225000 5.000000 -16.382000
v 0.300000 5.000000 -16.382000
v 0.375000 5.000000 -16.382000
v 0.450000 5.000000 -16.382000
v 0.525000 5.000000 -16.382000
v 0.600000 5.000000 -16.382000
v 0.675000 5.000000 -16.382000
v 0.750000 5.000000 -16.382000
v 0.825000 5.000000 -16.382000
v 0.900000 5.000000 -16.382000
v 0.975000 5.000000 -16.382000
v 1.050000 5.000000 -16.382000
v 1.125000 5.000000 -16.382000
v 1.200000 5.000000 -16.382000
v 1.275000 5.000000 -16.382000
v 1.350000 5.000000 -16.382000
v 1.425000 5.000000 -16.382000
v 1.500000 5.000000 -16.382000
v 1.575000 5.000000 -16.382000
v 1.650000 5.000000 -16.382000
v 1.725000 5.000000 -16.382000
v 1.800000 5.000000 -16.382000
v 1.875000 5.000000 -16.382000
v 1.950000 5.000000 -16.382000
v 2.025000 5.000000 -16.382000
v 2.100000 5.000000 -16.382000
v 2.175000 5.000000 -16.382000
v 2.250000 5.000000 -16.382000
v 2.325000 5.000000 -16.382000
v 2.400000 5.000000 -16.382000
v 2.475000 5.000000 -16.382000
v 2.550000 5.000000 -16.382000
v 2.625000 5.000000 -16.382000
v 2.700000 5.000000 -16.382000
v 2.775000 5.000000 -16.382000
v 2.850000 5.000000 -16.382000
v 2.925000 5.000000 -16.382000
v 3.000000 5.000000 -16.382000
v -3.000000 5.000000 -15.016833
v -2.925000 5.000000 -15.016833
v -2.850000 5.000000 -15.016833
v -2.775000 5.000000 -15.016833
v -2.700000 5.000000 -15.016833
v -2.625000 5.000000 -15.016833
v -2.550000 5.000000 -15.016833
v -2.475000 5.000000 -15.016833
v -2.400000 5.000000 -15.016833
v -2.325000 5.000000 -15.016833
v -2.250000 5.000000 -15.016833
v -2.175000 5.000000 -15.016833
v -2.100000 5.000000 -15.016833
v -2.025000 5.000000 -15.016833
v -1.950000 5.000000 -15.016833
v -1.875000 5.000000 -15.016833
v -1.800000 5.000000 -15.016833
v -1.725000 5.000000 -15.016833
v -1.650000 5.000000 -15.016833
v -1.575000 5.000000 -15.016833
v -1.500000 5.000000 -15.016833
v -1.425000 5.000000 -15.016833
v -1.350000 5.000000 -15.016833
v -1.275000 5.000000 -15.016833
v -1.200000 5.000000 -15.016833
v -1.125000 5.000000 -15.016833
v -1.050000 5.000000 -15.016833
v -0.975000 5.000000 -15.016833
v -0.900000 5.000000 -15.016833
v -0.825000 5.000000 -15.016833
v -0.750000 5.000000 -15.016833
v -0.675000 5.000000 -15.016833
v -0.600000 5.000000 -15.016833
v -0.525000 5.000000 -15.016833
v -0.450000 5.000000 -15.016833
v -0.375000 5.000000 -15.016833
v -0.300000 5.000000 -15.016833
v -0.225000 5.000000 -15.016833
v -0.150000 5.000000 -15.016833
v -0.075000 5.000000 -15.016833
v 0.000000 5.000000 -15.016833
v 0.075000 5.000000 -15.016833
v 0.150000 5.000000 -15.016833
v 0.225000 5.000000 -15.016833
v 0.300000 5.000000 -15.016833
v 0.375000 5.000000 -15.016833
v 0.450000 5.000000 -15.016833
v 0.525000 5.000000 -15.016833
v 0.600000 5.000000 -15.016833
v 0.675000 5.000000 -15.016833
v 0.750000 5.000000 -15.016833
v 0.825000 5.000000 -15.016833
v 0.900000 5.000000 -15.016833
v 0.975000 5.000000 -15.016833
v 1.050000 5.000000 -15.016833
v 1.125000 5.000000 -15.016833
v 1.200000 5.000000 -15.016833
v 1.275000 5.000000 -15.016833
v 1.350000 5.000000 -15.016833
v 1.425000 5.000000 -15.016833
v 1.500000 5.000000 -15.016833
v 1.575000 5.000000 -15.016833
v 1.650000 5.000000 -15.016833
v 1.725000 5.000000 -15.016833
v 1.800000 5.000000 -15.016833
v 1.875000 5.000000 -15.016833
v 1.950000 5.000000 -15.016833
v 2.025000 5.000000 -15.016833
v 2.100000 5.000000 -15.016833
v 2.175000 5.000000 -15.016833
v 2.250000 5.000000 -15.016833
v 2.325000 5.000000 -15.016833
v 2.400000 5.000000 -15.016833
v 2.475000 5.000000 -15.016833
v 2.550000 5.000000 -15.016833
v 2.625000 5.000000 -15.016833
v 2.700000 5.000000 -15.016833
v 2.775000 5.000000 -15.016833
v 2.850000 5.000000 -15.016833
v 2.925000 5.000000 -15.016833
v 3.000000 5.000000 -15.016833
v -3.000000 5.000000 -13.651666
v -2.925000 5.000000 -13.651666
v -2.850000 5.000000 -13.651666
v -2.775000 5.000000 -13.651666
v -2.700000 5.000000 -13.651666
v -2.625000 5.000000 -13.651666
v -2.550000 5.000000 -13.651666
v -2.475000 5.000000 -13.651666
v -2.400000 5.000000 -13.651666
v -2.325000 5.000000 -13.651666
v -2.250000 5.000000 -13.651666
v -2.175000 5.000000 -13.651666
v -2.100000 5.000000 -13.651666
v -2.025000 5.000000 -13.651666
v -1.950000 5.000000 -13.651666
v -1.875000 5.000000 -13.651666
v -1.800000 5.000000 -13.651666
v -1.725000 5.000000 -13.651666
v -1.650000 5.000000 -13.651666
v -1.575000 5.000000 -13.651666
v -1.500000 5.000000 -13.651666
v -1.425000 5.000000 -13.651666
v -1.350000 5.000000 -13.651666
v -1.275000 5.000000 -13.651666
v -1.200000 5.000000 -13.651666
v -1.125000 5.000000 -13.651666
v -1.050000 5.000000 -13.651666
v -0.975000 5.000000 -13.651666
v -0.900000 5.000000 -13.651666
v -0.825000 5.000000 -13.651666
v -0.750000 5.000000 -13.651666
v -0.675000 5.000000 -13.651666
v -0.600000 5.000000 -13.651666
v -0.525000 5.000000 -13.651666
v -0.450000 5.000000 -13.651666
v -0.375000 5.000000 -13.651666
v -0.300000 5.000000 -13.651666
v -0.225000 5.000000 -13.651666
v -0.150000 5.000000 -13.651666
v -0.075000 5.000000 -13.651666
v 0.000000 5.000000 -13.651666
v 0.075000 5.000000 -13.651666
v 0.150000 5.000000 -13.651666
v 0.225000 5.000000 -13.651666
v 0.300000 5.000000 -13.651666
v 0.375000 5.000000 -13.651666
v 0.450000 5.000000 -13.651666
v 0.525000 5.000000 -13.651666
v 0.600000 5.000000 -13.651666
v 0.675000 5.000000 -13.651666
v 0.750000 5.000000 -13.651666
v 0.825000 5.000000 -13.651666
v 0.900000 5.000000 -13.651666
v 0.975000 5.000000 -13.651666
v 1.050000 5.000000 -13.651666
v 1.125000 5.000000 -13.651666
v 1.200000 5.000000 -13.651666
v 1.275000 5.000000 -13.651666
v 1.350000 5.000000 -13.651666
v 1.425000 5.000000 -13.651666
v 1.500000 5.000000 -13.651666
v 1.575000 5.000000 -13.651666
v 1.650000 5.000000 -13.651666
v 1.725000 5.000000 -13.651666
v 1.800000 5.000000 -13.651666
v 1.875000 5.000000 -13.651666
v 1.950000 5.000000 -13.651666
v 2.025000 5.000000 -13.651666
v 2.100000 5.000000 -13.651666
v 2.175000 5.000000 -13.651666
v 2.250000 5.000000 -13.651666
v 2.325000 5.000000 -13.651666
v 2.400000 5.000000 -13.651666
v 2.475000 5.000000 -13.651666
v 2.550000 5.000000 -13.651666
v 2.625000 5.000000 -13.651666
v 2.700000 5.000000 -13.651666
v 2.775000 5.000000 -13.651666
v 2.850000 5.000000 -13.651666
v 2.925000 5.000000 -13.651666
v 3.000000 5.000000 -13.651666
v -3.000000 5.000000 -12.286500
v -2.925000 5.000000 -12.286500
v -2.850000 5.000000 -12.286500
v -2.775000 5.000000 -12.286500
v -2.700000 5.000000 -12.286500
v -2.625000 5.000000 -12.286500
v -2.550000 5.000000 -12.286500
v -2.475000 5.000000 -12.286500
v -2.400000 5.000000 -12.286500
v -2.325000 5.000000 -12.286500
v -2.250000 5.000000 -12.286500
v -2.175000 5.000000 -12.286500
v -2.100000 5.000000 -12.286500
v -2.025000 5.000000 -12.286500
v -1.950000 5.000000 -12.286500
v -1.875000 5.000000 -12.286500
v -1.800000 5.000000 -12.286500
v -1.725000 5.000000 -12.286500
v -1.650000 5.000000 -12.286500
v -1.575000 5.000000 -12.286500
v -1.500000 5.000000 -12.286500
v -1.425000 5.000000 -12.286500
v -1.350000 5.000000 -12.286500
v -1.275000 5.000000 -12.286500
v -1.200000 5.000000 -12.286500
v -1.125000 5.000000 -12.286500
v -1.050000 5.000000 -12.286500
v -0.975000 5.000000 -12.286500
v -0.900000 5.000000 -12.286500
v -0.825000 5.000000 -12.286500
v -0.750000 5.000000 -12.286500
v -0.675000 5.000000 -12.286500
v -0.600000 5.000000 -12.286500
v -0.525000 5.000000 -12.286500
v -0.450000 5.000000 -12.286500
v -0.375000 5.000000 -12.286500
v -0.300000 5.000000 -12.286500
v -0.225000 5.000000 -12.286500
v -0.150000 5.000000 -12.286500
v -0.075000 5.000000 -12.286500
v 0.000000 5.000000 -12.286500
v 0.075000 5.000000 -12.286500
v 0.150000 5.000000 -12.286500
v 0.225000 5.000000 -12.286500
v 0.300000 5.000000 -12.286500
v 0.375000 5.000000 -12.286500
v 0.450000 5.000000 -12.286500
v 0.525000 5.000000 -12.286500
v 0.600000 5.000000 -12.286500
v 0.675000 5.000000 -12.286500
v 0.750000 5.000000 -12.286500
v 0.825000 5.000000 -12.286500
v 0.900000 5.000000 -12.286500
v 0.975000 5.000000 -12.286500
v 1.050000 5.000000 -12.286500
v 1.125000 5.000000 -12.286500
v 1.200000 5.000000 -12.286500
v 1.275000 5.000000 -12.286500
v 1.350000 5.000000 -12.286500
v 1.425000 5.000000 -12.286500
v 1.500000 5.000000 -12.286500
v 1.575000 5.000000 -12.286500
v 1.650000 5.000000 -12.286500
v 1.725000 5.000000 -12.286500
v 1.800000 5.000000 -12.286500
v 1.875000 5.000000 -12.286500
v 1.950000 5.000000 -12.286500
v 2.025000 5.000000 -12.286500
v 2.100000 5.000000 -12.286500
v 2.175000 5.000000 -12.286500
v 2.250000 5.000000 -12.286500
v 2.325000 5.000000 -12.286500
v 2.400000 5.000000 -12.286500
v 2.475000 5.000000 -12.286500
v 2.550000 5.000000 -12.286500
v 2.625000 5.000000 -12.286500
v 2.700000 5.000000 -12.286500
v 2.775000 5.000000 -12.286500
v 2.850000 5.000000 -12.286500
v 2.925000 5.000000 -12.286500
v 3.000000 5.000000 -12.286500
v -3.000000 5.000000 -10.921333
v -2.925000 5.000000 -10.921333
v -2.850000 5.000000 -10.921333
v -2.775000 5.000000 -10.921333
v -2.700000 5.000000 -10.921333
v -2.625000 5.000000 -10.921333
v -2.550000 5.000000 -10.921333
v -2.475000 5.000000 -10.921333
v -2.400000 5.000000 -10.921333
v -2.325000 5.000000 -10.921333
v -2.250000 5.000000 -10.921333
v -2.175000 5.000000 -10.921333
v -2.100000 5.000000 -10.921333
v -2.025000 5.000000 -10.921333
v -1.950000 5.000000 -10.921333
v -1.875000 5.000000 -10.921333
v -1.800000 5.000000 -10.921333
v -1.725000 5.000000 -10.921333
v -1.650000 5.000000 -10.921333
v -1.575000 5.000000 -10.921333
v -1.500000 5.000000 -10.921333
v -1.425000 5.000000 -10.921333
v -1.350000 5.000000 -10.921333
v -1.275000 5.000000 -10.921333
v -1.200000 5.000000 -10.921333
v -1.125000 5.000000 -10.921333
v -1.050000 5.000000 -10.921333
v -0.975000 5.000000 -10.921333
v -0.900000 5.000000 -10.921333
v -0.825000 5.000000 -10.921333
v -0.750000 5.000000 -10.921333
v -0.675000 5.000000 -10.921333
v -0.600000 5.000000 -10.921333
v -0.525000 5.000000 -10.921333
v -0.450000 5.000000 -10.921333
v -0.375000 5.000000 -10.921333
v -0.300000 5.000000 -10.921333
v -0.225000 5.000000 -10.921333
v -0.150000 5.000000 -10.921333
v -0.075000 5.000000 -10.921333
v 0.000000 5.000000 -10.921333
v 0.075000 5.000000 -10.921333
v 0.150000 5.000000 -10.921333
v 0.225000 5.000000 -10.921333
v 0.300000 5.000000 -10.921333
v 0.375000 5.000000 -10.921333
v 0.450000 5.000000 -10.921333
v 0.525000 5.000000 -10.921333
v 0.600000 5.000000 -10.921333
v 0.675000 5.000000 -10.921333
v 0.750000 5.000000 -10.921333
v 0.825000 5.000000 -10.921333
v 0.900000 5.000000 -10.921333
v 0.975000 5.000000 -10.921333
v 1.050000 5.000000 -10.921333
v 1.125000 5.000000 -10.921333
v 1.200000 5.000000 -10.921333
v 1.275000 5.000000 -10.921333
v 1.350000 5.000000 -10.921333
v 1.425000 5.000000 -10.921333
v 1.500000 5.000000 -10.921333
v 1.575000 5.000000 -10.921333
v 1.650000 5.000000 -10.921333
v 1.725000 5.000000 -10.921333
v 1.800000 5.000000 -10.921333
v 1.875000 5.000000 -10.921333
v 1.950000 5.000000 -10.921333
v 2.025000 5.000000 -10.921333
v 2.100000 5.000000 -10.921333
v 2.175000 5.000000 -10.921333
v 2.250000 5.000000 -10.921333
v 2.325000 5.000000 -10.921333
v 2.400000 5.000000 -10.921333
v 2.475000 5.000000 -10.921333
v 2.550000 5.000000 -10.921333
v 2.625000 5.000000 -10.921333
v 2.700000 5.000000 -10.921333
v 2.775000 5.000000 -10.921333
v 2.850000 5.000000 -10.921333
v 2.925000 5.000000 -10.921333
v 3.000000 5.000000 -10.921333
v -3.000000 5.000000 -9.556166
v -2.925000 5.000000 -9.556166
v -2.850000 5.000000 -9.556166
v -2.775000 5.000000 -9.556166
v -2.700000 5.000000 -9.556166
v -2.625000 5.000000 -9.556166
v -2.550000 5.000000 -9.556166
v -2.475000 5.000000 -9.556166
v -2.400000 5.000000 -9.556166
v -2.325000 5.000000 -9.556166
v -2.250000 5.000000 -9.556166
v -2.175000 5.000000 -9.556166
v -2.100000 5.000000 -9.556166
v -2.025000 5.000000 -9.556166
v -1.950000 5.000000 -9.556166
v -1.875000 5.000000 -9.556166
v -1.800000 5.000000 -9.556166
v -1.725000 5.000000 -9.556166
v -1.650000 5.000000 -9.556166
v -1.575000 5.000000 -9.556166
v -1.500000 5.000000 -9.556166
v -1.425000 5.000000 -9.556166
v -1.350000 5.000000 -9.556166
v -1.275000 5.000000 -9.556166
v -1.200000 5.000000 -9.556166
v -1.125000 5.000000 -9.556166
v -1.050000 5.000000 -9.556166
v -0.975000 5.000000 -9.556166
v -0.900000 5.000000 -9.556166
v -0.825000 5.000000 -9.556166
v -0.750000 5.000000 -9.556166
v -0.675000 5.000000 -9.556166
v -0.600000 5.000000 -9.556166
v -0.525000 5.000000 -9.556166
v -0.450000 5.000000 -9.556166
v -0.375000 5.000000 -9.556166
v -0.300000 5.000000 -9.556166
v -0.225000 5.000000 -9.556166
v -0.150000 5.000000 -9.556166
v -0.075000 5.000000 -9.556166
v 0.000000 5.000000 -9.556166
v 0.075000 5.000000 -9.556166
v 0.150000 5.000000 -9.556166
v 0.225000 5.000000 -9.556166
v 0.300000 5.000000 -9.556166
v 0.375000 5.000000 -9.556166
v 0.450000 5.000000 -9.556166
v 0.525000 5.000000 -9.556166
v 0.600000 5.000000 -9.556166
v 0.675000 5.000000 -9.556166
v 0.750000 5.000000 -9.556166
v 0.825000 5.000000 -9.556166
v 0.900000 5.000000 -9.556166
v 0.975000 5.000000 -9.556166
v 1.050000 5.000000 -9.556166
v 1.125000 5.000000 -9.556166
v 1.200000 5.000000 -9.556166
v 1.275000 5.000000 -9.556166
v 1.350000 5.000000 -9.556166
v 1.425000 5.000000 -9.556166
v 1.500000 5.000000 -9.556166
v 1.575000 5.000000 -9.556166
v 1.650000 5.000000 -9.556166
v 1.725000 5.000000 -9.556166
v 1.800000 5.000000 -9.556166
v 1.875000 5.000000 -9.556166
v 1.950000 5.000000 -9.556166
v 2.025000 5.000000 -9.556166
v 2.100000 5.000000 -9.556166
v 2.175000 5.000000 -9.556166
v 2.250000 5.000000 -9.556166
v 2.325000 5.000000 -9.556166
v 2.400000 5.000000 -9.556166
v 2.475000 5.000000 -9.556166
v 2.550000 5.000000 -9.556166
v 2.625000 5.000000 -9.556166
v 2.700000 5.000000 -9.556166
v 2.775000 5.000000 -9.556166
v 2.850000 5.000000 -9.556166
v 2.925000 5.000000 -9.556166
v 3.000000 5.000000 -9.556166
v -3.000000 5.000000 -8.191000
v -2.925000 5.000000 -8.191000
v -2.850000 5.000000 -8.191000
v -2.775000 5.000000 -8.191000
v -2.700000 5.000000 -8.191000
v -2.625000 5.000000 -8.191000
v -2.550000 5.000000 -8.191000
v -2.475000 5.000000 -8.191000
v -2.400000 5.000000 -8.191000
v -2.325000 5.000000 -8.191000
v -2.250000 5.000000 -8.191000
v -2.175000 5.000000 -8.191000
v -2.100000 5.000000 -8.191000
v -2.025000 5.000000 -8.191000
v -1.950000 5.000000 -8.191000
v -1.875000 5.000000 -8.191000
v -1.800000 5.000000 -8.191000
v -1.725000 5.000000 -8.191000
v -1.650000 5.000000 -8.191000
v -1.575000 5.000000 -8.191000
v -1.500000 5.000000 -8.191000
v -1.425000 5.000000 -8.191000
v -1.350000 5.000000 -8.191000
v -1.275000 5.000000 -8.191000
v -1.200000 5.000000 -8.191000
v -1.125000 5.000000 -8.191000
v -1.050000 5.000000 -8.191000
v -0.975000 5.000000 -8.191000
v -0.900000 5.000000 -8.191000
v -0.825000 5.000000 -8.191000
v -0.750000 5.000000 -8.191000
v -0.675000 5.000000 -8.191000
v -0.600000 5.000000 -8.191000
v -0.525000 5.000000 -8.191000
v -0.450000 5.000000 -8.191000
v -0.375000 5.000000 -8.191000
v -0.300000 5.000000 -8.191000
v -0.225000 5.000000 -8.191000
v -0.150000 5.000000 -8.191000
v -0.075000 5.000000 -8.191000
v 0.000000 5.000000 -8.191000
v 0.075000 5.000000 -8.191000
v 0.150000 5.000000 -8.191000
v 0.225000 5.000000 -8.191000
v 0.300000 5.000000 -8.191000
v 0.375000 5.000000 -8.191000
v 0.450000 5.000000 -8.191000
v 0.525000 5.000000 -8.191000
v 0.600000 5.000000 -8.191000
v 0.675000 5.000000 -8.191000
v 0.750000 5.000000 -8.191000
v 0.825000 5.000000 -8.191000
v 0.900000 5.000000 -8.191000
v 0.975000 5.000000 -8.191000
v 1.050000 5.000000 -8.191000
v 1.125000 5.000000 -8.191000
v 1.200000 5.000000 -8.191000
v 1.275000 5.000000 -8.191000
v 1.350000 5.000000 -8.191000
v 1.425000 5.000000 -8.191000
v 1.500000 5.000000 -8.191000
v 1.575000 5.000000 -8.191000
v 1.650000 5.000000 -8.191000
v 1.725000 5.000000 -8.191000
v 1.800000 5.000000 -8.191000
v 1.875000 5.000000 -8.191000
v 1.950000 5.000000 -8.191000
v 2.025000 5.000000 -8.191000
v 2.100000 5.000000 -8.191000
v 2.175000 5.000000 -8.191000
v 2.250000 5.000000 -8.191000
v 2.325000 5.000000 -8.191000
v 2.400000 5.000000 -8.191000
v 2.475000 5.000000 -8.191000
v 2.550000 5.000000 -8.191000
v 2.625000 5.000000 -8.191000
v 2.700000 5.000000 -8.191000
v 2.775000 5.000000 -8.191000
v 2.850000 5.000000 -8.191000
v 2.925000 5.000000 -8.191000
v 3.000000 5.000000 -8.191000
v -3.000000 5.000000 -6.825833
v -2.925000 5.000000 -6.825833
v -2.850000 5.000000 -6.825833
v -2.775000 5.000000 -6.825833
v -2.700000 5.000000 -6.825833
v -2.625000 5.000000 -6.825833
v -2.550000 5.000000 -6.825833
v -2.475000 5.000000 -6.825833
v -2.400000 5.000000 -6.825833
v -2.325000 5.000000 -6.825833
v -2.250000 5.000000 -6.825833
v -2.175000 5.000000 -6.825833
v -2.100000 5.000000 -6.825833
v -2.025000 5.000000 -6.825833
v -1.950000 5.000000 -6.825833
v -1.875000 5.000000 -6.825833
v -1.800000 5.000000 -6.825833
v -1.725000 5.000000 -6.825833
v -1.650000 5.000000 -6.825833
v -1.575000 5.000000 -6.825833
v -1.500000 5.000000 -6.825833
v -1.425000 5.000000 -6.825833
v -1.350000 5.000000 -6.825833
v -1.275000 5.000000 -6.825833
v -1.200000 5.000000 -6.825833
v -1.125000 5.000000 -6.825833
v -1.050000 5.000000 -6.825833
v -0.975000 5.000000 -6.825833
v -0.900000 5.000000 -6.825833
v -0.825000 5.000000 -6.825833
v -0.750000 5.000000 -6.825833
v -0.675000 5.000000 -6.825833
v -0.600000 5.000000 -6.825833
v -0.525000 5.000000 -6.825833
v -0.450000 5.000000 -6.825833
v -0.375000 5.000000 -6.825833
v -0.300000 5.000000 -6.825833
v -0.225000 5.000000 -6.825833
v -0.150000 5.000000 -6.825833
v -0.075000 5.000000 -6.825833
v 0.000000 5.000000 -6.825833
v 0.075000 5.000000 -6.825833
v 0.150000 5.000000 -6.825833
v 0.225000 5.000000 -6.825833
v 0.300000 5.000000 -6.825833
v 0.375000 5.000000 -6.825833
v 0.450000 5.000000 -6.825833
v 0.525000 5.000000 -6.825833
v 0.600000 5.000000 -6.825833
v 0.675000 5.000000 -6.825833
v 0.750000 5.000000 -6.825833
v 0.825000 5.000000 -6.825833
v 0.900000 5.000000 -6.825833
v 0.975000 5.000000 -6.825833
v 1.050000 5.000000 -6.825833
v 1.125000 5.000000 -6.825833
v 1.200000 5.000000 -6.825833
v 1.275000 5.000000 -6.825833
v 1.350000 5.000000 -6.825833
v 1.425000 5.000000 -6.825833
v 1.500000 5.000000 -6.825833
v 1.575000 5.000000 -6.825833
v 1.650000 5.000000 -6.825833
v 1.725000 5.000000 -6.825833
v 1.800000 5.000000 -6.825833
v 1.875000 5.000000 -6.825833
v 1.950000 5.000000 -6.825833
v 2.025000 5.000000 -6.825833
v 2.100000 5.000000 -6.825833
v 2.175000 5.000000 -6.825833
v 2.250000 5.000000 -6.825833
v 2.325000 5.000000 -6.825833
v 2.400000 5.000000 -6.825833
v 2.475000 5.000000 -6.825833
v 2.550000 5.000000 -6.825833
v 2.625000 5.000000 -6.825833
v 2.700000 5.000000 -6.825833
v 2.775000 5.000000 -6.825833
v 2.850000 5.000000 -6.825833
v 2.925000 5.000000 -6.825833
v 3.000000 5.000000 -6.825833
v -3.000000 5.000000 -5.460667
v -2.925000 5.000000 -5.460667
v -2.850000 5.000000 -5.460667
v -2.775000 5.000000 -5.460667
v -2.700000 5.000000 -5.460667
v -2.625000 5.000000 -5.460667
v -2.550000 5.000000 -5.460667
v -2.475000 5.000000 -5.460667
v -2.400000 5.000000 -5.460667
v -2.325000 5.000000 -5.460667
v -2.250000 5.000000 -5.460667
v -2.175000 5.000000 -5.460667
v -2.100000 5.000000 -5.460667
v -2.025000 5.000000 -5.460667
v -1.950000 5.000000 -5.460667
v -1.875000 5.000000 -5.460667
v -1.800000 5.000000 -5.460667
v -1.725000 5.000000 -5.460667
v -1.650000 5.000000 -5.460667
v -1.575000 5.000000 -5.460667
v -1.500000 5.000000 -5.460667
v -1.425000 5.000000 -5.460667
v -1.350000 5.000000 -5.460667
v -1.275000 5.000000 -5.460667
v -1.200000 5.000000 -5.460667
v -1.125000 5.000000 -5.460667
v -1.050000 5.000000 -5.460667
v -0.975000 5.000000 -5.460667
v -0.900000 5.000000 -5.460667
v -0.825000 5.000000 -5.460667
v -0.750000 5.000000 -5.460667
v -0.675000 5.000000 -5.460667
v -0.600000 5.000000 -5.460667
v -0.525000 5.000000 -5.460667
v -0.450000 5.000000 -5.460667
v -0.375000 5.000000 -5.460667
v -0.300000 5.000000 -5.460667
v -0.225000 5.000000 -5.460667
v -0.150000 5.000000 -5.460667
v -0.075000 5.000000 -5.460667
v 0.000000 5.000000 -5.460667
v 0.075000 5.000000 -5.460667
v 0.150000 5.000000 -5.460667
v 0.225000 5.000000 -5.460667
v 0.300000 5.000000 -5.460667
v 0.375000 5.000000 -5.460667
v 0.450000 5.000000 -5.460667
v 0.525000 5.000000 -5.460667
v 0.600000 5.000000 -5.460667
v 0.675000 5.000000 -5.460667
v 0.750000 5.000000 -5.460667
v 0.825000 5.000000 -5.460667
v 0.900000 5.000000 -5.460667
v 0.975000 5.000000 -5.460667
v 1.050000 5.000000 -5.460667
v 1.125000 5.000000 -5.460667
v 1.200000 5.000000 -5.460667
v 1.275000 5.000000 -5.460667
v 1.350000 5.000000 -5.460667
v 1.425000 5.000000 -5.460667
v 1.500000 5.000000 -5.460667
v 1.575000 5.000000 -5.460667
v 1.650000 5.000000 -5.460667
v 1.725000 5.000000 -5.460667
v 1.800000 5.000000 -5.460667
v 1.875000 5.000000 -5.460667
v 1.950000 5.000000 -5.460667
v 2.025000 5.000000 -5.460667
v 2.100000 5.000000 -5.460667
v 2.175000 5.000000 -5.460667
v 2.250000 5.000000 -5.460667
v 2.325000 5.000000 -5.460667
v 2.400000 5.000000 -5.460667
v 2.475000 5.000000 -5.460667
v 2.550000 5.000000 -5.460667
v 2.625000 5.000000 -5.460667
v 2.700000 5.000000 -5.460667
v 2.775000 5.000000 -5.460667
v 2.850000 5.000000 -5.460667
v 2.925000 5.000000 -5.460667
v 3.000000 5.000000 -5.460667
v -3.000000 5.000000 -4.095500
v -2.925000 5.000000 -4.095500
v -2.850000 5.000000 -4.095500
v -2.775000 5.000000 -4.095500
v -2.700000 5.000000 -4.095500
v -2.625000 5.000000 -4.095500
v -2.550000 5.000000 -4.095500
v -2.475000 5.000000 -4.095500
v -2.400000 5.000000 -4.095500
v -2.325000 5.000000 -4.095500
v -2.250000 5.000000 -4.095500
v -2.175000 5.000000 -4.095500
v -2.100000 5.000000 -4.095500
v -2.025000 5.000000 -4.095500
v -1.950000 5.000000 -4.095500
v -1.875000 5.000000 -4.095500
v -1.800000 5.000000 -4.095500
v -1.725000 5.000000 -4.095500
v -1.650000 5.000000 -4.095500
v -1.575000 5.000000 -4.095500
v -1.500000 5.000000 -4.095500
v -1.425000 5.000000 -4.095500
v -1.350000 5.000000 -4.095500
v -1.275000 5.000000 -4.095500
v -1.200000 5.000000 -4.095500
v -1.125000 5.000000 -4.095500
v -1.050000 5.000000 -4.095500
v -0.975000 5.000000 -4.095500
v -0.900000 5.000000 -4.095500
v -0.825000 5.000000 -4.095500
v -0.750000 5.000000 -4.095500
v -0.675000 5.000000 -4.095500
v -0.600000 5.000000 -4.095500
v -0.525000 5.000000 -4.095500
v -0.450000 5.000000 -4.095500
v -0.375000 5.000000 -4.095500
v -0.300000 5.000000 -4.095500
v -0.225000 5.000000 -4.095500
v -0.150000 5.000000 -4.095500
v -0.075000 5.000000 -4.095500
v 0.000000 5.000000 -4.095500
v 0.075000 5.000000 -4.095500
v 0.150000 5.000000 -4.095500
v 0.225000 5.000000 -4.095500
v 0.300000 5.000000 -4.095500
v 0.375000 5.000000 -4.095500
v 0.450000 5.000000 -4.095500
v 0.525000 5.000000 -4.095500
v 0.600000 5.000000 -4.095500
v 0.675000 5.000000 -4.095500
v 0.750000 5.000000 -4.095500
v 0.825000 5.000000 -4.095500
v 0.900000 5.000000 -4.095500
v 0.975000 5.000000 -4.095500
v 1.050000 5.000000 -4.095500
v 1.125000 5.000000 -4.095500
v 1.200000 5.000000 -4.095500
v 1.275000 5.000000 -4.095500
v 1.350000 5.000000 -4.095500
v 1.425000 5.000000 -4.095500
v 1.500000 5.000000 -4.095500
v 1.575000 5.000000 -4.095500
v 1.650000 5.000000 -4.095500
v 1.725000 5.000000 -4.095500
v 1.800000 5.000000 -4.095500
v 1.875000 5.000000 -4.095500
v 1.950000 5.000000 -4.095500
v 2.025000 5.000000 -4.095500
v 2.100000 5.000000 -4.095500
v 2.175000 5.000000 -4.095500
v 2.250000 5.000000 -4.095500
v 2.325000 5.000000 -4.095500
v 2.400000 5.000000 -4.095500
v 2.475000 5.000000 -4.095500
v 2.550000 5.000000 -4.095500
v 2.625000 5.000000 -4.095500
v 2.700000 5.000000 -4.095500
v 2.775000 5.000000 -4.095500
v 2.850000 5.000000 -4.095500
v 2.925000 5.000000 -4.095500
v 3.000000 5.000000 -4.095500
v -3.000000 5.000000 -2.730333
v -2.925000 5.000000 -2.730333
v -2.850000 5.000000 -2.730333
v -2.775000 5.000000 -2.730333
v -2.700000 5.000000 -2.730333
v -2.625000 5.000000 -2.730333
v -2.550000 5.000000 -2.730333
v -2.475000 5.000000 -2.730333
v -2.400000 5.000000 -2.730333
v -2.325000 5.000000 -2.730333
v -2.250000 5.000000 -2.730333
v -2.175000 5.000000 -2.730333
v -2.100000 5.000000 -2.730333
v -2.025000 5.000000 -2.730333
v -1.950000 5.000000 -2.730333
v -1.875000 5.000000 -2.730333
v -1.800000 5.000000 -2.730333
v -1.725000 5.000000 -2.730333
v -1.650000 5.000000 -2.730333
v -1.575000 5.000000 -2.730333
v -1.500000 5.000000 -2.730333
v -1.425000 5.000000 -2.730333
v -1.350000 5.000000 -2.730333
v -1.275000 5.000000 -2.730333
v -1.200000 5.000000 -2.730333
v -1.125000 5.000000 -2.730333
v -1.050000 5.000000 -2.730333
v -0.975000 5.000000 -2.730333
v -0.900000 5.000000 -2.730333
v -0.825000 5.000000 -2.730333
v -0.750000 5.000000 -2.730333
v -0.675000 5.000000 -2.730333
v -0.600000 5.000000 -2.730333
v -0.525000 5.000000 -2.730333
v -0.450000 5.000000 -2.730333
v -0.375000 5.000000 -2.730333
v -0.300000 5.000000 -2.730333
v -0.225000 5.000000 -2.730333
v -0.150000 5.000000 -2.730333
v -0.075000 5.000000 -2.730333
v 0.000000 5.000000 -2.730333
v 0.075000 5.000000 -2.730333
v 0.150000 5.000000 -2.730333
v 0.225000 5.000000 -2.730333
v 0.300000 5.000000 -2.730333
v 0.375000 5.000000 -2.730333
v 0.450000 5.000000 -2.730333
v 0.525000 5.000000 -2.730333
v 0.600000 5.000000 -2.730333
v 0.675000 5.000000 -2.730333
v 0.750000 5.000000 -2.730333
v 0.825000 5.000000 -2.730333
v 0.900000 5.000000 -2.730333
v 0.975000 5.000000 -2.730333
v 1.050000 5.000000 -2.730333
v 1.125000 5.000000 -2.730333
v 1.200000 5.000000 -2.730333
v 1.275000 5.000000 -2.730333
v 1.350000 5.000000 -2.730333
v 1.425000 5.000000 -2.730333
v 1.500000 5.000000 -2.730333
v 1.575000 5.000000 -2.730333
v 1.650000 5.000000 -2.730333
v 1.725000 5.000000 -2.730333
v 1.800000 5.000000 -2.730333
v 1.875000 5.000000 -2.730333
v 1.950000 5.000000 -2.730333
v 2.025000 5.000000 -2.730333
v 2.100000 5.000000 -2.730333
v 2.175000 5.000000 -2.730333
v 2.250000 5.000000 -2.730333
v 2.325000 5.000000 -2.730333
v 2.400000 5.000000 -2.730333
v 2.475000 5.000000 -2.730333
v 2.550000 5.000000 -2.730333
v 2.625000 5.000000 -2.730333
v 2.700000 5.000000 -2.730333
v 2.775000 5.000000 -2.730333
v 2.850000 5.000000 -2.730333
v 2.925000 5.000000 -2.730333
v 3.000000 5.000000 -2.730333
v -3.000000 5.000000 -1.365167
v -2.925000 5.000000 -1.365167
v -2.850000 5.000000 -1.365167
v -2.775000 5.000000 -1.365167
v -2.700000 5.000000 -1.365167
v -2.625000 5.000000 -1.365167
v -2.550000 5.000000 -1.365167
v -2.475000 5.000000 -1.365167
v -2.400000 5.000000 -1.365167
v -2.325000 5.000000 -1.365167
v -2.250000 5.000000 -1.365167
v -2.175000 5.000000 -1.365167
v -2.100000 5.000000 -1.365167
v -2.025000 5.000000 -1.365167
v -1.950000 5.000000 -1.365167
v -1.875000 5.000000 -1.365167
v -1.800000 5.000000 -1.365167
v -1.725000 5.000000 -1.365167
v -1.650000 5.000000 -1.365167
v -1.575000 5.000000 -1.365167
v -1.500000 5.000000 -1.365167
v -1.425000 5.000000 -1.365167
v -1.350000 5.000000 -1.365167
v -1.275000 5.000000 -1.365167
v -1.200000 5.000000 -1.365167
v -1.125000 5.000000 -1.365167
v -1.050000 5.000000 -1.365167
v -0.975000 5.000000 -1.365167
v -0.900000 5.000000 -1.365167
v -0.825000 5.000000 -1.365167
v -0.750000 5.000000 -1.365167
v -0.675000 5.000000 -1.365167
v -0.600000 5.000000 -1.365167
v -0.525000 5.000000 -1.365167
v -0.450000 5.000000 -1.365167
v -0.375000 5.000000 -1.365167
v -0.300000 5.000000 -1.365167
v -0.225000 5.000000 -1.365167
v -0.150000 5.000000 -1.365167
v -0.075000 5.000000 -1.365167
v 0.000000 5.000000 -1.365167
v 0.075000 5.000000 -1.365167
v 0.150000 5.000000 -1.365167
v 0.225000 5.000000 -1.365167
v 0.300000 5.000000 -1.365167
v 0.375000 5.000000 -1.365167
v 0.450000 5.000000 -1.365167
v 0.525000 5.000000 -1.365167
v 0.600000 5.000000 -1.365167
v 0.675000 5.000000 -1.365167
v 0.750000 5.000000 -1.365167
v 0.825000 5.000000 -1.365167
v 0.900000 5.000000 -1.365167
v 0.975000 5.000000 -1.365167
v 1.050000 5.000000 -1.365167
v 1.125000 5.000000 -1.365167
v 1.200000 5.000000 -1.365167
v 1.275000 5.000000 -1.365167
v 1.350000 5.000000 -1.365167
v 1.425000 5.000000 -1.365167
v 1.500000 5.000000 -1.365167
v 1.575000 5.000000 -1.365167
v 1.650000 5.000000 -1.365167
v 1.725000 5.000000 -1.365167
v 1.800000 5.000000 -1.365167
v 1.875000 5.000000 -1.365167
v 1.950000 5.000000 -1.365167
v 2.025000 5.000000 -1.365167
v 2.100000 5.000000 -1.365167
v 2.175000 5.000000 -1.365167
v 2.250000 5.000000 -1.365167
v 2.325000 5.000000 -1.365167
v 2.400000 5.000000 -1.365167
v 2.475000 5.000000 -1.365167
v 2.550000 5.000000 -1.365167
v 2.625000 5.000000 -1.365167
v 2.700000 5.000000 -1.365167
v 2.775000 5.000000 -1.365167
v 2.850000 5.000000 -1.365167
v 2.925000 5.000000 -1.365167
v 3.000000 5.000000 -1.365167
v -3.000000 5.000000 0.000000
v -2.925000 5.000000 0.000000
v -2.850000 5.000000 0.000000
v -2.775000 5.000000 0.000000
v -2.700000 5.000000 0.000000
v -2.625000 5.000000 0.000000
v -2.550000 5.000000 0.000000
v -2.475000 5.000000 0.000000
v -2.400000 5.000000 0.000000
v -2.325000 5.000000 0.000000
v -2.250000 5.000000 0.000000
v -2.175000 5.000000 0.000000
v -2.100000 5.000000 0.000000
v -2.025000 5.000000 0.000000
v -1.950000 5.000000 0.000000
v -1.875000 5.000000 0.000000
v -1.800000 5.000000 0.000000
v -1.725000 5.000000 0.000000
v -1.650000 5.000000 0.000000
v -1.575000 5.000000 0.000000
v -1.500000 5.000000 0.000000
v -1.425000 5.000000 0.000000
v -1.350000 5.000000 0.000000
v -1.275000 5.000000 0.000000
v -1.200000 5.000000 0.000000
v -1.125000 5.000000 0.000000
v -1.050000 5.000000 0.000000
v -0.975000 5.000000 0.000000
v -0.900000 5.000000 0.000000
v -0.825000 5.000000 0.000000
v -0.750000 5.000000 0.000000
v -0.675000 5.000000 0.000000
v -0.600000 5.000000 0.000000
v -0.525000 5.000000 0.000000
v -0.450000 5.000000 0.000000
v -0.375000 5.000000 0.000000
v -0.300000 5.000000 0.000000
v -0.225000 5.000000 0.000000
v -0.150000 5.000000 0.000000
v -0.075000 5.000000 0.000000
v 0.000000 5.000000 0.000000
v 0.075000 5.000000 0.000000
v 0.150000 5.000000 0.000000
v 0.225000 5.000000 0.000000
v 0.300000 5.000000 0.000000
v 0.375000 5.000000 0.000000
v 0.450000 5.000000 0.000000
v 0.525000 5.000000 0.000000
v 0.600000 5.000000 0.000000
v 0.675000 5.000000 0.000000
v 0.750000 5.000000 0.000000
v 0.825000 5.000000 0.000000
v 0.900000 5.000000 0.000000
v 0.975000 5.000000 0.000000
v 1.050000 5.000000 0.000000
v 1.125000 5.000000 0.000000
v 1.200000 5.000000 0.000000
v 1.275000 5.000000 0.000000
v 1.350000 5.000000 0.000000
v 1.425000 5.000000 0.000000
v 1.500000 5.000000 0.000000
v 1.575000 5.000000 0.000000
v 1.650000 5.000000 0.000000
v 1.725000 5.000000 0.000000
v 1.800000 5.000000 0.000000
v 1.875000 5.000000 0.000000
v 1.950000 5.000000 0.000000
v 2.025000 5.000000 0.000000
v 2.100000 5.000000 0.000000
v 2.175000 5.000000 0.000000
v 2.250000 5.000000 0.000000
v 2.325000 5.000000 0.000000
v 2.400000 5.000000 0.000000
v 2.475000 5.000000 0.000000
v 2.550000 5.000000 0.000000
v 2.625000 5.000000 0.000000
v 2.700000 5.000000 0.000000
v 2.775000 5.000000 0.000000
v 2.850000 5.000000 0.000000
v 2.925000 5.000000 0.000000
v 3.000000 5.000000 0.000000
v -3.000000 5.000000 1.365167
v -2.925000 5.000000 1.365167
v -2.850000 5.000000 1.365167
v -2.775000 5.000000 1.365167
v -2.700000 5.000000 1.365167
v -2.625000 5.000000 1.365167
v -2.550000 5.000000 1.365167
v -2.475000 5.000000 1.365167
v -2.400000 5.000000 1.365167
v -2.325000 5.000000 1.365167
v -2.250000 5.000000 1.365167
v -2.175000 5.000000 1.365167
v -2.100000 5.000000 1.365167
v -2.025000 5.000000 1.365167
v -1.950000 5.000000 1.365167
v -1.875000 5.000000 1.365167
v -1.800000 5.000000 1.365167
v -1.725000 5.000000 1.365167
v -1.650000 5.000000 1.365167
v -1.575000 5.000000 1.365167
v -1.500000 5.000000 1.365167
v -1.425000 5.000000 1.365167
v -1.350000 5.000000 1.365167
v -1.275000 5.000000 1.365167
v -1.200000 5.000000 1.365167
v -1.125000 5.000000 1.365167
v -1.050000 5.000000 1.365167
v -0.975000 5.000000 1.365167
v -0.900000 5.000000 1.365167
v -0.825000 5.000000 1.365167
v -0.750000 5.000000 1.365167
v -0.675000 5.000000 1.365167
v -0.600000 5.000000 1.365167
v -0.525000 5.000000 1.365167
v -0.450000 5.000000 1.365167
v -0.375000 5.000000 1.365167
v -0.300000 5.000000 1.365167
v -0.225000 5.000000 1.365167
v -0.150000 5.000000 1.365167
v -0.075000 5.000000 1.365167
v 0.000000 5.000000 1.365167
v 0.075000 5.000000 1.365167
v 0.150000 5.000000 1.365167
v 0.225000 5.000000 1.365167
v 0.300000 5.000000 1.365167
v 0.375000 5.000000 1.365167
v 0.450000 5.000000 1.365167
v 0.525000 5.000000 1.365167
v 0.600000 5.000000 1.365167
v 0.675000 5.000000 1.365167
v 0.750000 5.000000 1.365167
v 0.825000 5.000000 1.365167
v 0.900000 5.000000 1.365167
v 0.975000 5.000000 1.365167
v 1.050000 5.000000 1.365167
v 1.125000 5.000000 1.365167
v 1.200000 5.000000 1.365167
v 1.275000 5.000000 1.365167
v 1.350000 5.000000 1.365167
v 1.425000 5.000000 1.365167
v 1.500000 5.000000 1.365167
v 1.575000 5.000000 1.365167
v 1.650000 5.000000 1.365167
v 1.725000 5.000000 1.365167
v 1.800000 5.000000 1.365167
v 1.875000 5.000000 1.365167
v 1.950000 5.000000 1.365167
v 2.025000 5.000000 1.365167
v 2.100000 5.000000 1.365167
v 2.175000 5.000000 1.365167
v 2.250000 5.000000 1.365167
v 2.325000 5.000000 1.365167
v 2.400000 5.000000 1.365167
v 2.475000 5.000000 1.365167
v 2.550000 5.000000 1.365167
v 2.625000 5.000000 1.365167
v 2.700000 5.000000 1.365167
v 2.775000 5.000000 1.365167
v 2.850000 5.000000 1.365167
v 2.925000 5.000000 1.365167
v 3.000000 5.000000 1.365167
v -3.000000 5.000000 2.730333
v -2.925000 5.000000 2.730333
v -2.850000 5.000000 2.730333
v -2.775000 5.000000 2.730333
v -2.700000 5.000000 2.730333
v -2.625000 5.000000 2.730333
v -2.550000 5.000000 2.730333
v -2.475000 5.000000 2.730333
v -2.400000 5.000000 2.730333
v -2.325000 5.000000 2.730333
v -2.250000 5.000000 2.730333
v -2.175000 5.000000 2.730333
v -2.100000 5.000000 2.730333
v -2.025000 5.000000 2.730333
v -1.950000 5.000000 2.730333
v -1.875000 5.000000 2.730333
v -1.800000 5.000000 2.730333
v -1.725000 5.000000 2.730333
v -1.650000 5.000000 2.730333
v -1.575000 5.000000 2.730333
v -1.500000 5.000000 2.730333
v -1.425000 5.000000 2.730333
v -1.350000 5.000000 2.730333
v -1.275000 5.000000 2.730333
v -1.200000 5.000000 2.730333
v -1.125000 5.000000 2.730333
v -1.050000 5.000000 2.730333
v -0.975000 5.000000 2.730333
v -0.900000 5.000000 2.730333
v -0.825000 5.000000 2.730333
v -0.750000 5.000000 2.730333
v -0.675000 5.000000 2.730333
v -0.600000 5.000000 2.730333
v -0.525000 5.000000 2.730333
v -0.450000 5.000000 2.730333
v -0.375000 5.000000 2.730333
v -0.300000 5.000000 2.730333
v -0.225000 5.000000 2.730333
v -0.150000 5.000000 2.730333
v -0.075000 5.000000 2.730333
v 0.000000 5.000000 2.730333
v 0.075000 5.000000 2.730333
v 0.150000 5.000000 2.730333
v 0.225000 5.000000 2.730333
v 0.300000 5.000000 2.730333
v 0.375000 5.000000 2.730333
v 0.450000 5.000000 2.730333
v 0.525000 5.000000 2.730333
v 0.600000 5.000000 2.730333
v 0.675000 5.000000 2.730333
v 0.750000 5.000000 2.730333
v 0.825000 5.000000 2.730333
v 0.900000 5.000000 2.730333
v 0.975000 5.000000 2.730333
v 1.050000 5.000000 2.730333
v 1.125000 5.000000 2.730333
v 1.200000 5.000000 2.730333
v 1.275000 5.000000 2.730333
v 1.350000 5.000000 2.730333
v 1.425000 5.000000 2.730333
v 1.500000 5.000000 2.730333
v 1.575000 5.000000 2.730333
v 1.650000 5.000000 2.730333
v 1.725000 5.000000 2.730333
v 1.800000 5.000000 2.730333
v 1.875000 5.000000 2.730333
v 1.950000 5.000000 2.730333
v 2.025000 5.000000 2.730333
v 2.100000 5.000000 2.730333
v 2.175000 5.000000 2.730333
v 2.250000 5.000000 2.730333
v 2.325000 5.000000 2.730333
v 2.400000 5.000000 2.730333
v 2.475000 5.000000 2.730333
v 2.550000 5.000000 2.730333
v 2.625000 5.000000 2.730333
v 2.700000 5.000000 2.730333
v 2.775000 5.000000 2.730333
v 2.850000 5.000000 2.730333
v 2.925000 5.000000 2.730333
v 3.000000 5.000000 2.730333
v -3.000000 5.000000 4.095500
v -2.925000 5.000000 4.095500
v -2.850000 5.000000 4.095500
v -2.775000 5.000000 4.095500
v -2.700000 5.000000 4.095500
v -2.625000 5.000000 4.095500
v -2.550000 5.000000 4.095500
v -2.475000 5.000000 4.095500
v -2.400000 5.000000 4.095500
v -2.325000 5.000000 4.095500
v -2.250000 5.000000 4.095500
v -2.175000 5.000000 4.095500
v -2.100000 5.000000 4.095500
v -2.025000 5.000000 4.095500
v -1.950000 5.000000 4.095500
v -1.875000 5.000000 4.095500
v -1.800000 5.000000 4.095500
v -1.725000 5.000000 4.095500
v -1.650000 5.000000 4.095500
v -1.575000 5.000000 4.095500
v -1.500000 5.000000 4.095500
v -1.425000 5.000000 4.095500
v -1.350000 5.000000 4.095500
v -1.275000 5.000000 4.095500
v -1.200000 5.000000 4.095500
v -1.125000 5.000000 4.095500
v -1.050000 5.000000 4.095500
v -0.975000 5.000000 4.095500
v -0.900000 5.000000 4.095500
v -0.825000 5.000000 4.095500
v -0.750000 5.000000 4.095500
v -0.675000 5.000000 4.095500
v -0.600000 5.000000 4.095500
v -0.525000 5.000000 4.095500
v -0.450000 5.000000 4.095500
v -0.375000 5.000000 4.095500
v -0.300000 5.000000 4.095500
v -0.225000 5.000000 4.095500
v -0.150000 5.000000 4.095500
v -0.075000 5.000000 4.095500
v 0.000000 5.000000 4.095500
v 0.075000 5.000000 4.095500
v 0.150000 5.000000 4.095500
v 0.225000 5.000000 4.095500
v 0.300000 5.000000 4.095500
v 0.375000 5.000000 4.095500
v 0.450000 5.000000 4.095500
v 0.525000 5.000000 4.095500
v 0.600000 5.000000 4.095500
v 0.675000 5.000000 4.095500
v 0.750000 5.000000 4.095500
v 0.825000 5.000000 4.095500
v 0.900000 5.000000 4.095500
v 0.975000 5.000000 4.095500
v 1.050000 5.000000 4.095500
v 1.125000 5.000000 4.095500
v 1.200000 5.000000 4.095500
v 1.275000 5.000000 4.095500
v 1.350000 5.000000 4.095500
v 1.425000 5.000000 4.095500
v 1.500000 5.000000 4.095500
v 1.575000 5.000000 4.095500
v 1.650000 5.000000 4.095500
v 1.725000 5.000000 4.095500
v 1.800000 5.000000 4.095500
v 1.875000 5.000000 4.095500
v 1.950000 5.000000 4.095500
v 2.025000 5.000000 4.095500
v 2.100000 5.000000 4.095500
v 2.175000 5.000000 4.095500
v 2.250000 5.000000 4.095500
v 2.325000 5.000000 4.095500
v 2.400000 5.000000 4.095500
v 2.475000 5.000000 4.095500
v 2.550000 5.000000 4.095500
v 2.625000 5.000000 4.095500
v 2.700000 5.000000 4.095500
v 2.775000 5.000000 4.095500
v 2.850000 5.000000 4.095500
v 2.925000 5.000000 4.095500
v 3.000000 5.000000 4.095500
v -3.000000 5.000000 5.460667
v -2.925000 5.000000 5.460667
v -2.850000 5.000000 5.460667
v -2.775000 5.000000 5.460667
v -2.700000 5.000000 5.460667
v -2.625000 5.000000 5.460667
v -2.550000 5.000000 5.460667
v -2.475000 5.000000 5.460667
v -2.400000 5.000000 5.460667
v -2.325000 5.000000 5.460667
v -2.250000 5.000000 5.460667
v -2.175000 5.000000 5.460667
v -2.100000 5.000000 5.460667
v -2.025000 5.000000 5.460667
v -1.950000 5.000000 5.460667
v -1.875000 5.000000 5.460667
v -1.800000 5.000000 5.460667
v -1.725000 5.000000 5.460667
v -1.650000 5.000000 5.460667
v -1.575000 5.000000 5.460667
v -1.500000 5.000000 5.460667
v -1.425000 5.000000 5.460667
v -1.350000 5.000000 5.460667
v -1.275000 5.000000 5.460667
v -1.200000 5.000000 5.460667
v -1.125000 5.000000 5.460667
v -1.050000 5.000000 5.460667
v -0.975000 5.000000 5.460667
v -0.900000 5.000000 5.460667
v -0.825000 5.000000 5.460667
v -0.750000 5.000000 5.460667
v -0.675000 5.000000 5.460667
v -0.600000 5.000000 5.460667
v -0.525000 5.000000 5.460667
v -0.450000 5.000000 5.460667
v -0.375000 5.000000 5.460667
v -0.300000 5.000000 5.460667
v -0.225000 5.000000 5.460667
v -0.150000 5.000000 5.460667
v -0.075000 5.000000 5.460667
v 0.000000 5.000000 5.460667
v 0.075000 5.000000 5.460667
v 0.150000 5.000000 5.460667
v 0.225000 5.000000 5.460667
v 0.300000 5.000000 5.460667
v 0.375000 5.000000 5.460667
v 0.450000 5.000000 5.460667
v 0.525000 5.000000 5.460667
v 0.600000 5.000000 5.460667
v 0.675000 5.000000 5.460667
v 0.750000 5.000000 5.460667
v 0.825000 5.000000 5.460667
v 0.900000 5.000000 5.460667
v 0.975000 5.000000 5.460667
v 1.050000 5.000000 5.460667
v 1.125000 5.000000 5.460667
v 1.200000 5.000000 5.460667
v 1.275000 5.000000 5.460667
v 1.350000 5.000000 5.460667
v 1.425000 5.000000 5.460667
v 1.500000 5.000000 5.460667
v 1.575000 5.000000 5.460667
v 1.650000 5.000000 5.460667
v 1.725000 5.000000 5.460667
v 1.800000 5.000000 5.460667
v 1.875000 5.000000 5.460667
v 1.950000 5.000000 5.460667
v 2.025000 5.000000 5.460667
v 2.100000 5.000000 5.460667
v 2.175000 5.000000 5.460667
v 2.250000 5.000000 5.460667
v 2.325000 5.000000 5.460667
v 2.400000 5.000000 5.460667
v 2.475000 5.000000 5.460667
v 2.550000 5.000000 5.460667
v 2.625000 5.000000 5.460667
v 2.700000 5.000000 5.460667
v 2.775000 5.000000 5.460667
v 2.850000 5.000000 5.460667
v 2.925000 5.000000 5.460667
v 3.000000 5.000000 5.460667
v -3.000000 5.000000 6.825833
v -2.925000 5.000000 6.825833
v -2.850000 5.000000 6.825833
v -2.775000 5.000000 6.825833
v -2.700000 5.000000 6.825833
v -2.625000 5.000000 6.825833
v -2.550000 5.000000 6.825833
v -2.475000 5.000000 6.825833
v -2.400000 5.000000 6.825833
v -2.325000 5.000000 6.825833
v -2.250000 5.000000 6.825833
v -2.175000 5.000000 6.825833
v -2.100000 5.000000 6.825833
v -2.025000 5.000000 6.825833
v -1.950000 5.000000 6.825833
v -1.875000 5.000000 6.825833
v -1.800000 5.000000 6.825833
v -1.725000 5.000000 6.825833
v -1.650000 5.000000 6.825833
v -1.575000 5.000000 6.825833
v -1.500000 5.000000 6.825833
v -1.425000 5.000000 6.825833
v -1.350000 5.000000 6.825833
v -1.275000 5.000000 6.825833
v -1.200000 5.000000 6.825833
v -1.125000 5.000000 6.825833
v -1.050000 5.000000 6.825833
v -0.975000 5.000000 6.825833
v -0.900000 5.000000 6.825833
v -0.825000 5.000000 6.825833
v -0.750000 5.000000 6.825833
v -0.675000 5.000000 6.825833
v -0.600000 5.000000 6.825833
v -0.525000 5.000000 6.825833
v -0.450000 5.000000 6.825833
v -0.375000 5.000000 6.825833
v -0.300000 5.000000 6.825833
v -0.225000 5.000000 6.825833
v -0.150000 5.000000 6.825833
v -0.075000 5.000000 6.825833
v 0.000000 5.000000 6.825833
v 0.075000 5.000000 6.825833
v 0.150000 5.000000 6.825833
v 0.225000 5.000000 6.825833
v 0.300000 5.000000 6.825833
v 0.375000 5.000000 6.825833
v 0.450000 5.000000 6.825833
v 0.525000 5.000000 6.825833
v 0.600000 5.000000 6.825833
v 0.675000 5.000000 6.825833
v 0.750000 5.000000 6.825833
v 0.825000 5.000000 6.825833
v 0.900000 5.000000 6.825833
v 0.975000 5.000000 6.825833
v 1.050000 5.000000 6.825833
v 1.125000 5.000000 6.825833
v 1.200000 5.000000 6.825833
v 1.275000 5.000000 6.825833
v 1.350000 5.000000 6.825833
v 1.425000 5.000000 6.825833
v 1.500000 5.000000 6.825833
v 1.575000 5.000000 6.825833
v 1.650000 5.000000 6.825833
v 1.725000 5.000000 6.825833
v 1.800000 5.000000 6.825833
v 1.875000 5.000000 6.825833
v 1.950000 5.000000 6.825833
v 2.025000 5.000000 6.825833
v 2.100000 5.000000 6.825833
v 2.175000 5.000000 6.825833
v 2.250000 5.000000 6.825833
v 2.325000 5.000000 6.825833
v 2.400000 5.000000 6.825833
v 2.475000 5.000000 6.825833
v 2.550000 5.000000 6.825833
v 2.625000 5.000000 6.825833
v 2.700000 5.000000 6.825833
v 2.775000 5.000000 6.825833
v 2.850000 5.000000 6.825833
v 2.925000 5.000000 6.825833
v 3.000000 5.000000 6.825833
v -3.000000 5.000000 8.191000
v -2.925000 5.000000 8.191000
v -2.850000 5.000000 8.191000
v -2.775000 5.000000 8.191000
v -2.700000 5.000000 8.191000
v -2.625000 5.000000 8.191000
v -2.550000 5.000000 8.191000
v -2.475000 5.000000 8.191000
v -2.400000 5.000000 8.191000
v -2.325000 5.000000 8.191000
v -2.250000 5.000000 8.191000
v -2.175000 5.000000 8.191000
v -2.100000 5.000000 8.191000
v -2.025000 5.000000 8.191000
v -1.950000 5.000000 8.191000
v -1.875000 5.000000 8.191000
v -1.800000 5.000000 8.191000
v -1.725000 5.000000 8.191000
v -1.650000 5.000000 8.191000
v -1.575000 5.000000 8.191000
v -1.500000 5.000000 8.191000
v -1.425000 5.000000 8.191000
v -1.350000 5.000000 8.191000
v -1.275000 5.000000 8.191000
v -1.200000 5.000000 8.191000
v -1.125000 5.000000 8.191000
v -1.050000 5.000000 8.191000
v -0.975000 5.000000 8.191000
v -0.900000 5.000000 8.191000
v -0.825000 5.000000 8.191000
v -0.750000 5.000000 8.191000
v -0.675000 5.000000 8.191000
v -0.600000 5.000000 8.191000
v -0.525000 5.000000 8.191000
v -0.450000 5.000000 8.191000
v -0.375000 5.000000 8.191000
v -0.300000 5.000000 8.191000
v -0.225000 5.000000 8.191000
v -0.150000 5.000000 8.191000
v -0.075000 5.000000 8.191000
v 0.000000 5.000000 8.191000
v 0.075000 5.000000 8.191000
v 0.150000 5.000000 8.191000
v 0.225000 5.000000 8.191000
v 0.300000 5.000000 8.191000
v 0.375000 5.000000 8.191000
v 0.450000 5.000000 8.191000
v 0.525000 5.000000 8.191000
v 0.600000 5.000000 8.191000
v 0.675000 5.000000 8.191000
v 0.750000 5.000000 8.191000
v 0.825000 5.000000 8.191000
v 0.900000 5.000000 8.191000
v 0.975000 5.000000 8.191000
v 1.050000 5.000000 8.191000
v 1.125000 5.000000 8.191000
v 1.200000 5.000000 8.191000
v 1.275000 5.000000 8.191000
v 1.350000 5.000000 8.191000
v 1.425000 5.000000 8.191000
v 1.500000 5.000000 8.191000
v 1.575000 5.000000 8.191000
v 1.650000 5.000000 8.191000
v 1.725000 5.000000 8.191000
v 1.800000 5.000000 8.191000
v 1.875000 5.000000 8.191000
v 1.950000 5.000000 8.191000
v 2.025000 5.000000 8.191000
v 2.100000 5.000000 8.191000
v 2.175000 5.000000 8.191000
v 2.250000 5.000000 8.191000
v 2.325000 5.000000 8.191000
v 2.400000 5.000000 8.191000
v 2.475000 5.000000 8.191000
v 2.550000 5.000000 8.191000
v 2.625000 5.000000 8.191000
v 2.700000 5.000000 8.191000
v 2.775000 5.000000 8.191000
v 2.850000 5.000000 8.191000
v 2.925000 5.000000 8.191000
v 3.000000 5.000000 8.191000
v -3.000000 5.000000 9.556166
v -2.925000 5.000000 9.556166
v -2.850000 5.000000 9.556166
v -2.775000 5.000000 9.556166
v -2.700000 5.000000 9.556166
v -2.625000 5.000000 9.556166
v -2.550000 5.000000 9.556166
v -2.475000 5.000000 9.556166
v -2.400000 5.000000 9.556166
v -2.325000 5.000000 9.556166
v -2.250000 5.000000 9.556166
v -2.175000 5.000000 9.556166
v -2.100000 5.000000 9.556166
v -2.025000 5.000000 9.556166
v -1.950000 5.000000 9.556166
v -1.875000 5.000000 9.556166
v -1.800000 5.000000 9.556166
v -1.725000 5.000000 9.556166
v -1.650000 5.000000 9.556166
v -1.575000 5.000000 9.556166
v -1.500000 5.000000 9.556166
v -1.425000 5.000000 9.556166
v -1.350000 5.000000 9.556166
v -1.275000 5.000000 9.556166
v -1.200000 5.000000 9.556166
v -1.125000 5.000000 9.556166
v -1.050000 5.000000 9.556166
v -0.975000 5.000000 9.556166
v -0.900000 5.000000 9.556166
v -0.825000 5.000000 9.556166
v -0.750000 5.000000 9.556166
v -0.675000 5.000000 9.556166
v -0.600000 5.000000 9.556166
v -0.525000 5.000000 9.556166
v -0.450000 5.000000 9.556166
v -0.375000 5.000000 9.556166
v -0.300000 5.000000 9.556166
v -0.225000 5.000000 9.556166
v -0.150000 5.000000 9.556166
v -0.075000 5.000000 9.556166
v 0.000000 5.000000 9.556166
v 0.075000 5.000000 9.556166
v 0.150000 5.000000 9.556166
v 0.225000 5.000000 9.556166
v 0.300000 5.000000 9.556166
v 0.375000 5.000000 9.556166
v 0.450000 5.000000 9.556166
v 0.525000 5.000000 9.556166
v 0.600000 5.000000 9.556166
v 0.675000 5.000000 9.556166
v 0.750000 5.000000 9.556166
v 0.825000 5.000000 9.556166
v 0.900000 5.000000 9.556166
v 0.975000 5.000000 9.556166
v 1.050000 5.000000 9.556166
v 1.125000 5.000000 9.556166
v 1.200000 5.000000 9.556166
v 1.275000 5.000000 9.556166
v 1.350000 5.000000 9.556166
v 1.425000 5.000000 9.556166
v 1.500000 5.000000 9.556166
v 1.575000 5.000000 9.556166
v 1.650000 5.000000 9.556166
v 1.725000 5.000000 9.556166
v 1.800000 5.000000 9.556166
v 1.875000 5.000000 9.556166
v 1.950000 5.000000 9.556166
v 2.025000 5.000000 9.556166
v 2.100000 5.000000 9.556166
v 2.175000 5.000000 9.556166
v 2.250000 5.000000 9.556166
v 2.325000 5.000000 9.556166
v 2.400000 5.000000 9.556166
v 2.475000 5.000000 9.556166
v 2.550000 5.000000 9.556166
v 2.625000 5.000000 9.556166
v 2.700000 5.000000 9.556166
v 2.775000 5.000000 9.556166
v 2.850000 5.000000 9.556166
v 2.925000 5.000000 9.556166
v 3.000000 5.000000 9.556166
v -3.000000 5.000000 10.921333
v -2.925000 5.000000 10.921333
v -2.850000 5.000000 10.921333
v -2.775000 5.000000 10.921333
v -2.700000 5.000000 10.921333
v -2.625000 5.000000 10.921333
v -2.550000 5.000000 10.921333
v -2.475000 5.000000 10.921333
v -2.400000 5.000000 10.921333
v -2.325000 5.000000 10.921333
v -2.250000 5.000000 10.921333
v -2.175000 5.000000 10.921333
v -2.100000 5.000000 10.921333
v -2.025000 5.000000 10.921333
v -1.950000 5.000000 10.921333
v -1.875000 5.000000 10.921333
v -1.800000 5.000000 10.921333
v -1.725000 5.000000 10.921333
v -1.650000 5.000000 10.921333
v -1.575000 5.000000 10.921333
v -1.500000 5.000000 10.921333
v -1.425000 5.000000 10.921333
v -1.350000 5.000000 10.921333
v -1.275000 5.000000 10.921333
v -1.200000 5.000000 10.921333
v -1.125000 5.000000 10.921333
v -1.050000 5.000000 10.921333
v -0.975000 5.000000 10.921333
v -0.900000 5.000000 10.921333
v -0.825000 5.000000 10.921333
v -0.750000 5.000000 10.921333
v -0.675000 5.000000 10.921333
v -0.600000 5.000000 10.921333
v -0.525000 5.000000 10.921333
v -0.450000 5.000000 10.921333
v -0.375000 5.000000 10.921333
v -0.300000 5.000000 10.921333
v -0.225000 5.000000 10.921333
v -0.150000 5.000000 10.921333
v -0.075000 5.000000 10.921333
v 0.000000 5.000000 10.921333
v 0.075000 5.000000 10.921333
v 0.150000 5.000000 10.921333
v 0.225000 5.000000 10.921333
v 0.300000 5.000000 10.921333
v 0.375000 5.000000 10.921333
v 0.450000 5.000000 10.921333
v 0.525000 5.000000 10.921333
v 0.600000 5.000000 10.921333
v 0.675000 5.000000 10.921333
v 0.750000 5.000000 10.921333
v 0.825000 5.000000 10.921333
v 0.900000 5.000000 10.921333
v 0.975000 5.000000 10.921333
v 1.050000 5.000000 10.921333
v 1.125000 5.000000 10.921333
v 1.200000 5.000000 10.921333
v 1.275000 5.000000 10.921333
v 1.350000 5.000000 10.921333
v 1.425000 5.000000 10.921333
v 1.500000 5.000000 10.921333
v 1.575000 5.000000 10.921333
v 1.650000 5.000000 10.921333
v 1.725000 5.000000 10.921333
v 1.800000 5.000000 10.921333
v 1.875000 5.000000 10.921333
v 1.950000 5.000000 10.921333
v 2.025000 5.000000 10.921333
v 2.100000 5.000000 10.921333
v 2.175000 5.000000 10.921333
v 2.250000 5.000000 10.921333
v 2.325000 5.000000 10.921333
v 2.400000 5.000000 10.921333
v 2.475000 5.000000 10.921333
v 2.550000 5.000000 10.921333
v 2.625000 5.000000 10.921333
v 2.700000 5.000000 10.921333
v 2.775000 5.000000 10.921333
v 2.850000 5.000000 10.921333
v 2.925000 5.000000 10.921333
v 3.000000 5.000000 10.921333
v -3.000000 5.000000 12.286500
v -2.925000 5.000000 12.286500
v -2.850000 5.000000 12.286500
v -2.775000 5.000000 12.286500
v -2.700000 5.000000 12.286500
v -2.625000 5.000000 12.286500
v -2.550000 5.000000 12.286500
v -2.475000 5.000000 12.286500
v -2.400000 5.000000 12.286500
v -2.325000 5.000000 12.286500
v -2.250000 5.000000 12.286500
v -2.175000 5.000000 12.286500
v -2.100000 5.000000 12.286500
v -2.025000 5.000000 12.286500
v -1.950000 5.000000 12.286500
v -1.875000 5.000000 12.286500
v -1.800000 5.000000 12.286500
v -1.725000 5.000000 12.286500
v -1.650000 5.000000 12.286500
v -1.575000 5.000000 12.286500
v -1.500000 5.000000 12.286500
v -1.425000 5.000000 12.286500
v -1.350000 5.000000 12.286500
v -1.275000 5.000000 12.286500
v -1.200000 5.000000 12.286500
v -1.125000 5.000000 12.286500
v -1.050000 5.000000 12.286500
v -0.975000 5.000000 12.286500
v -0.900000 5.000000 12.286500
v -0.825000 5.000000 12.286500
v -0.750000 5.000000 12.286500
v -0.675000 5.000000 12.286500
v -0.600000 5.000000 12.286500
v -0.525000 5.000000 12.286500
v -0.450000 5.000000 12.286500
v -0.375000 5.000000 12.286500
v -0.300000 5.000000 12.286500
v -0.225000 5.000000 12.286500
v -0.150000 5.000000 12.286500
v -0.075000 5.000000 12.286500
v 0.000000 5.000000 12.286500
v 0.075000 5.000000 12.286500
v 0.150000 5.000000 12.286500
v 0.225000 5.000000 12.286500
v 0.300000 5.000000 12.286500
v 0.375000 5.000000 12.286500
v 0.450000 5.000000 12.286500
v 0.525000 5.000000 12.286500
v 0.600000 5.000000 12.286500
v 0.675000 5.000000 12.286500
v 0.750000 5.000000 12.286500
v 0.825000 5.000000 12.286500
v 0.900000 5.000000 12.286500
v 0.975000 5.000000 12.286500
v 1.050000 5.000000 12.286500
v 1.125000 5.000000 12.286500
v 1.200000 5.000000 12.286500
v 1.275000 5.000000 12.286500
v 1.350000 5.000000 12.286500
v 1.425000 5.000000 12.286500
v 1.500000 5.000000 12.286500
v 1.575000 5.000000 12.286500
v 1.650000 5.000000 12.286500
v 1.725000 5.000000 12.286500
v 1.800000 5.000000 12.286500
v 1.875000 5.000000 12.286500
v 1.950000 5.000000 12.286500
v 2.025000 5.000000 12.286500
v 2.100000 5.000000 12.286500
v 2.175000 5.000000 12.286500
v 2.250000 5.000000 12.286500
v 2.325000 5.000000 12.286500
v 2.400000 5.000000 12.286500
v 2.475000 5.000000 12.286500
v 2.550000 5.000000 12.286500
v 2.625000 5.000000 12.286500
v 2.700000 5.000000 12.286500
v 2.775000 5.000000 12.286500
v 2.850000 5.000000 12.286500
v 2.925000 5.000000 12.286500
v 3.000000 5.000000 12.286500
v -3.000000 5.000000 13.651666
v -2.925000 5.000000 13.651666
v -2.850000 5.000000 13.651666
v -2.775000 5.000000 13.651666
v -2.700000 5.000000 13.651666
v -2.625000 5.000000 13.651666
v -2.550000 5.000000 13.651666
v -2.475000 5.000000 13.651666
v -2.400000 5.000000 13.651666
v -2.325000 5.000000 13.651666
v -2.250000 5.000000 13.651666
v -2.175000 5.000000 13.651666
v -2.100000 5.000000 13.651666
v -2.025000 5.000000 13.651666
v -1.950000 5.000000 13.651666
v -1.875000 5.000000 13.651666
v -1.800000 5.000000 13.651666
v -1.725000 5.000000 13.651666
v -1.650000 5.000000 13.651666
v -1.575000 5.000000 13.651666
v -1.500000 5.000000 13.651666
v -1.425000 5.000000 13.651666
v -1.350000 5.000000 13.651666
v -1.275000 5.000000 13.651666
v -1.200000 5.000000 13.651666
v -1.125000 5.000000 13.651666
v -1.050000 5.000000 13.651666
v -0.975000 5.000000 13.651666
v -0.900000 5.000000 13.651666
v -0.825000 5.000000 13.651666
v -0.750000 5.000000 13.651666
v -0.675000 5.000000 13.651666
v -0.600000 5.000000 13.651666
v -0.525000 5.000000 13.651666
v -0.450000 5.000000 13.651666
v -0.375000 5.000000 13.651666
v -0.300000 5.000000 13.651666
v -0.225000 5.000000 13.651666
v -0.150000 5.000000 13.651666
v -0.075000 5.000000 13.651666
v 0.000000 5.000000 13.651666
v 0.075000 5.000000 13.651666
v 0.150000 5.000000 13.651666
v 0.225000 5.000000 13.651666
v 0.300000 5.000000 13.651666
v 0.375000 5.000000 13.651666
v 0.450000 5.000000 13.651666
v 0.525000 5.000000 13.651666
v 0.600000 5.000000 13.651666
v 0.675000 5.000000 13.651666
v 0.750000 5.000000 13.651666
v 0.825000 5.000000 13.651666
v 0.900000 5.000000 13.651666
v 0.975000 5.000000 13.651666
v 1.050000 5.000000 13.651666
v 1.125000 5.000000 13.651666
v 1.200000 5.000000 13.651666
v 1.275000 5.000000 13.651666
v 1.350000 5.000000 13.651666
v 1.425000 5.000000 13.651666
v 1.500000 5.000000 13.651666
v 1.575000 5.000000 13.651666
v 1.650000 5.000000 13.651666
v 1.725000 5.000000 13.651666
v 1.800000 5.000000 13.651666
v 1.875000 5.000000 13.651666
v 1.950000 5.000000 13.651666
v 2.025000 5.000000 13.651666
v 2.100000 5.000000 13.651666
v 2.175000 5.000000 13.651666
v 2.250000 5.000000 13.651666
v 2.325000 5.000000 13.651666
v 2.400000 5.000000 13.651666
v 2.475000 5.000000 13.651666
v 2.550000 5.000000 13.651666
v 2.625000 5.000000 13.651666
v 2.700000 5.000000 13.651666
v 2.775000 5.000000 13.651666
v 2.850000 5.000000 13.651666
v 2.925000 5.000000 13.651666
v 3.000000 5.000000 13.651666
v -3.000000 5.000000 15.016833
v -2.925000 5.000000 15.016833
v -2.850000 5.000000 15.016833
v -2.775000 5.000000 15.016833
v -2.700000 5.000000 15.016833
v -2.625000 5.000000 15.016833
v -2.550000 5.000000 15.016833
v -2.475000 5.000000 15.016833
v -2.400000 5.000000 15.016833
v -2.325000 5.000000 15.016833
v -2.250000 5.000000 15.016833
v -2.175000 5.000000 15.016833
v -2.100000 5.000000 15.016833
v -2.025000 5.000000 15.016833
v -1.950000 5.000000 15.016833
v -1.875000 5.000000 15.016833
v -1.800000 5.000000 15.016833
v -1.725000 5.000000 15.016833
v -1.650000 5.000000 15.016833
v -1.575000 5.000000 15.016833
v -1.500000 5.000000 15.016833
v -1.425000 5.000000 15.016833
v -1.350000 5.000000 15.016833
v -1.275000 5.000000 15.016833
v -1.200000 5.000000 15.016833
v -1.125000 5.000000 15.016833
v -1.050000 5.000000 15.016833
v -0.975000 5.000000 15.016833
v -0.900000 5.000000 15.016833
v -0.825000 5.000000 15.016833
v -0.750000 5.000000 15.016833
v -0.675000 5.000000 15.016833
v -0.600000 5.000000 15.016833
v -0.525000 5.000000 15.016833
v -0.450000 5.000000 15.016833
v -0.375000 5.000000 15.016833
v -0.300000 5.000000 15.016833
v -0.225000 5.000000 15.016833
v -0.150000 5.000000 15.016833
v -0.075000 5.000000 15.016833
v 0.000000 5.000000 15.016833
v 0.075000 5.000000 15.016833
v 0.150000 5.000000 15.016833
v 0.225000 5.000000 15.016833
v 0.300000 5.000000 15.016833
v 0.375000 5.000000 15.016833
v 0.450000 5.000000 15.016833
v 0.525000 5.000000 15.016833
v 0.600000 5.000000 15.016833
v 0.675000 5.000000 15.016833
v 0.750000 5.000000 15.016833
v 0.825000 5.000000 15.016833
v 0.900000 5.000000 15.016833
v 0.975000 5.000000 15.016833
v 1.050000 5.000000 15.016833
v 1.125000 5.000000 15.016833
v 1.200000 5.000000 15.016833
v 1.275000 5.000000 15.016833
v 1.350000 5.000000 15.016833
v 1.425000 5.000000 15.016833
v 1.500000 5.000000 15.016833
v 1.575000 5.000000 15.016833
v 1.650000 5.000000 15.016833
v 1.725000 5.000000 15.016833
v 1.800000 5.000000 15.016833
v 1.875000 5.000000 15.016833
v 1.950000 5.000000 15.016833
v 2.025000 5.000000 15.016833
v 2.100000 5.000000 15.016833
v 2.175000 5.000000 15.016833
v 2.250000 5.000000 15.016833
v 2.325000 5.000000 15.016833
v 2.400000 5.000000 15.016833
v 2.475000 5.000000 15.016833
v 2.550000 5.000000 15.016833
v 2.625000 5.000000 15.016833
v 2.700000 5.000000 15.016833
v 2.775000 5.000000 15.016833
v 2.850000 5.000000 15.016833
v 2.925000 5.000000 15.016833
v 3.000000 5.000000 15.016833
v -3.000000 5.000000 16.382000
v -2.925000 5.000000 16.382000
v -2.850000 5.000000 16.382000
v -2.775000 5.000000 16.382000
v -2.700000 5.000000 16.382000
v -2.625000 5.000000 16.382000
v -2.550000 5.000000 16.382000
v -2.475000 5.000000 16.382000
v -2.400000 5.000000 16.382000
v -2.325000 5.000000 16.382000
v -2.250000 5.000000 16.382000
v -2.175000 5.000000 16.382000
v -2.100000 5.000000 16.382000
v -2.025000 5.000000 16.382000
v -1.950000 5.000000 16.382000
v -1.875000 5.000000 16.382000
v -1.800000 5.000000 16.382000
v -1.725000 5.000000 16.382000
v -1.650000 5.000000 16.382000
v -1.575000 5.000000 16.382000
v -1.500000 5.000000 16.382000
v -1.425000 5.000000 16.382000
v -1.350000 5.000000 16.382000
v -1.275000 5.000000 16.382000
v -1.200000 5.000000 16.382000
v -1.125000 5.000000 16.382000
v -1.050000 5.000000 16.382000
v -0.975000 5.000000 16.382000
v -0.900000 5.000000 16.382000
v -0.825000 5.000000 16.382000
v -0.750000 5.000000 16.382000
v -0.675000 5.000000 16.382000
v -0.600000 5.000000 16.382000
v -0.525000 5.000000 16.382000
v -0.450000 5.000000 16.382000
v -0.375000 5.000000 16.382000
v -0.300000 5.000000 16.382000
v -0.225000 5.000000 16.382000
v -0.150000 5.000000 16.382000
v -0.075000 5.000000 16.382000
v 0.000000 5.000000 16.382000
v 0.075000 5.000000 16.382000
v 0.150000 5.000000 16.382000
v 0.225000 5.000000 16.382000
v 0.300000 5.000000 16.382000
v 0.375000 5.000000 16.382000
v 0.450000 5.000000 16.382000
v 0.525000 5.000000 16.382000
v 0.600000 5.000000 16.382000
v 0.675000 5.000000 16.382000
v 0.750000 5.000000 16.382000
v 0.825000 5.000000 16.382000
v 0.900000 5.000000 16.382000
v 0.975000 5.000000 16.382000
v 1.050000 5.000000 16.382000
v 1.125000 5.000000 16.382000
v 1.200000 5.000000 16.382000
v 1.275000 5.000000 16.382000
v 1.350000 5.000000 16.382000
v 1.425000 5.000000 16.382000
v 1.500000 5.000000 16.382000
v 1.575000 5.000000 16.382000
v 1.650000 5.000000 16.382000
v 1.725000 5.000000 16.382000
v 1.800000 5.000000 16.382000
v 1.875000 5.000000 16.382000
v 1.950000 5.000000 16.382000
v 2.025000 5.000000 16.382000
v 2.100000 5.000000 16.382000
v 2.175000 5.000000 16.382000
v 2.250000 5.000000 16.382000
v 2.325000 5.000000 16.382000
v 2.400000 5.000000 16.382000
v 2.475000 5.000000 16.382000
v 2.550000 5.000000 16.382000
v 2.625000 5.000000 16.382000
v 2.700000 5.000000 16.382000
v 2.775000 5.000000 16.382000
v 2.850000 5.000000 16.382000
v 2.925000 5.000000 16.382000
v 3.000000 5.000000 16.382000
v -3.000000 5.000000 17.747166
v -2.925000 5.000000 17.747166
v -2.850000 5.000000 17.747166
v -2.775000 5.000000 17.747166
v -2.700000 5.000000 17.747166
v -2.625000 5.000000 17.747166
v -2.550000 5.000000 17.747166
v -2.475000 5.000000 17.747166
v -2.400000 5.000000 17.747166
v -2.325000 5.000000 17.747166
v -2.250000 5.000000 17.747166
v -2.175000 5.000000 17.747166
v -2.100000 5.000000 17.747166
v -2.025000 5.000000 17.747166
v -1.950000 5.000000 17.747166
v -1.875000 5.000000 17.747166
v -1.800000 5.000000 17.747166
v -1.725000 5.000000 17.747166
v -1.650000 5.000000 17.747166
v -1.575000 5.000000 17.747166
v -1.500000 5.000000 17.747166
v -1.425000 5.000000 17.747166
v -1.350000 5.000000 17.747166
v -1.275000 5.000000 17.747166
v -1.200000 5.000000 17.747166
v -1.125000 5.000000 17.747166
v -1.050000 5.000000 17.747166
v -0.975000 5.000000 17.747166
v -0.900000 5.000000 17.747166
v -0.825000 5.000000 17.747166
v -0.750000 5.000000 17.747166
v -0.675000 5.000000 17.747166
v -0.600000 5.000000 17.747166
v -0.525000 5.000000 17.747166
v -0.450000 5.000000 17.747166
v -0.375000 5.000000 17.747166
v -0.300000 5.000000 17.747166
v -0.225000 5.000000 17.747166
v -0.150000 5.000000 17.747166
v -0.075000 5.000000 17.747166
v 0.000000 5.000000 17.747166
v 0.075000 5.000000 17.747166
v 0.150000 5.000000 17.747166
v 0.225000 5.000000 17.747166
v 0.300000 5.000000 17.747166
v 0.375000 5.000000 17.747166
v 0.450000 5.000000 17.747166
v 0.525000 5.000000 17.747166
v 0.600000 5.000000 17.747166
v 0.675000 5.000000 17.747166
v 0.750000 5.000000 17.747166
v 0.825000 5.000000 17.747166
v 0.900000 5.000000 17.747166
v 0.975000 5.000000 17.747166
v 1.050000 5.000000 17.747166
v 1.125000 5.000000 17.747166
v 1.200000 5.000000 17.747166
v 1.275000 5.000000 17.747166
v 1.350000 5.000000 17.747166
v 1.425000 5.000000 17.747166
v 1.500000 5.000000 17.747166
v 1.575000 5.000000 17.747166
v 1.650000 5.000000 17.747166
v 1.725000 5.000000 17.747166
v 1.800000 5.000000 17.747166
v 1.875000 5.000000 17.747166
v 1.950000 5.000000 17.747166
v 2.025000 5.000000 17.747166
v 2.100000 5.000000 17.747166
v 2.175000 5.000000 17.747166
v 2.250000 5.000000 17.747166
v 2.325000 5.000000 17.747166
v 2.400000 5.000000 17.747166
v 2.475000 5.000000 17.747166
v 2.550000 5.000000 17.747166
v 2.625000 5.000000 17.747166
v 2.700000 5.000000 17.747166
v 2.775000 5.000000 17.747166
v 2.850000 5.000000 17.747166
v 2.925000 5.000000 17.747166
v 3.000000 5.000000 17.747166
v -3.000000 5.000000 19.112333
v -2.925000 5.000000 19.112333
v -2.850000 5.000000 19.112333
v -2.775000 5.000000 19.112333
v -2.700000 5.000000 19.112333
v -2.625000 5.000000 19.112333
v -2.550000 5.000000 19.112333
v -2.475000 5.000000 19.112333
v -2.400000 5.000000 19.112333
v -2.325000 5.000000 19.112333
v -2.250000 5.000000 19.112333
v -2.175000 5.000000 19.112333
v -2.100000 5.000000 19.112333
v -2.025000 5.000000 19.112333
v -1.950000 5.000000 19.112333
v -1.875000 5.000000 19.112333
v -1.800000 5.000000 19.112333
v -1.725000 5.000000 19.112333
v -1.650000 5.000000 19.112333
v -1.575000 5.000000 19.112333
v -1.500000 5.000000 19.112333
v -1.425000 5.000000 19.112333
v -1.350000 5.000000 19.112333
v -1.275000 5.000000 19.112333
v -1.200000 5.000000 19.112333
v -1.125000 5.000000 19.112333
v -1.050000 5.000000 19.112333
v -0.975000 5.000000 19.112333
v -0.900000 5.000000 19.112333
v -0.825000 5.000000 19.112333
v -0.750000 5.000000 19.112333
v -0.675000 5.000000 19.112333
v -0.600000 5.000000 19.112333
v -0.525000 5.000000 19.112333
v -0.450000 5.000000 19.112333
v -0.375000 5.000000 19.112333
v -0.300000 5.000000 19.112333
v -0.225000 5.000000 19.112333
v -0.150000 5.000000 19.112333
v -0.075000 5.000000 19.112333
v 0.000000 5.000000 19.112333
v 0.075000 5.000000 19.112333
v 0.150000 5.000000 19.112333
v 0.225000 5.000000 19.112333
v 0.300000 5.000000 19.112333
v 0.375000 5.000000 19.112333
v 0.450000 5.000000 19.112333
v 0.525000 5.000000 19.112333
v 0.600000 5.000000 19.112333
v 0.675000 5.000000 19.112333
v 0.750000 5.000000 19.112333
v 0.825000 5.000000 19.112333
v 0.900000 5.000000 19.112333
v 0.975000 5.000000 19.112333
v 1.050000 5.000000 19.112333
v 1.125000 5.000000 19.112333
v 1.200000 5.000000 19.112333
v 1.275000 5.000000 19.112333
v 1.350000 5.000000 19.112333
v 1.425000 5.000000 19.112333
v 1.500000 5.000000 19.112333
v 1.575000 5.000000 19.112333
v 1.650000 5.000000 19.112333
v 1.725000 5.000000 19.112333
v 1.800000 5.000000 19.112333
v 1.875000 5.000000 19.112333
v 1.950000 5.000000 19.112333
v 2.025000 5.000000 19.112333
v 2.100000 5.000000 19.112333
v 2.175000 5.000000 19.112333
v 2.250000 5.000000 19.112333
v 2.325000 5.000000 19.112333
v 2.400000 5.000000 19.112333
v 2.475000 5.000000 19.112333
v 2.550000 5.000000 19.112333
v 2.625000 5.000000 19.112333
v 2.700000 5.000000 19.112333
v 2.775000 5.000000 19.112333
v 2.850000 5.000000 19.112333
v 2.925000 5.000000 19.112333
v 3.000000 5.000000 19.112333
v -3.000000 5.000000 20.477500
v -2.925000 5.000000 20.477500
v -2.850000 5.000000 20.477500
v -2.775000 5.000000 20.477500
v -2.700000 5.000000 20.477500
v -2.625000 5.000000 20.477500
v -2.550000 5.000000 20.477500
v -2.475000 5.000000 20.477500
v -2.400000 5.000000 20.477500
v -2.325000 5.000000 20.477500
v -2.250000 5.000000 20.477500
v -2.175000 5.000000 20.477500
v -2.100000 5.000000 20.477500
v -2.025000 5.000000 20.477500
v -1.950000 5.000000 20.477500
v -1.875000 5.000000 20.477500
v -1.800000 5.000000 20.477500
v -1.725000 5.000000 20.477500
v -1.650000 5.000000 20.477500
v -1.575000 5.000000 20.477500
v -1.500000 5.000000 20.477500
v -1.425000 5.000000 20.477500
v -1.350000 5.000000 20.477500
v -1.275000 5.000000 20.477500
v -1.200000 5.000000 20.477500
v -1.125000 5.000000 20.477500
v -1.050000 5.000000 20.477500
v -0.975000 5.000000 20.477500
v -0.900000 5.000000 20.477500
v -0.825000 5.000000 20.477500
v -0.750000 5.000000 20.477500
v -0.675000 5.000000 20.477500
v -0.600000 5.000000 20.477500
v -0.525000 5.000000 20.477500
v -0.450000 5.000000 20.477500
v -0.375000 5.000000 20.477500
v -0.300000 5.000000 20.477500
v -0.225000 5.000000 20.477500
v -0.150000 5.000000 20.477500
v -0.075000 5.000000 20.477500
v 0.000000 5.000000 20.477500
v 0.075000 5.000000 20.477500
v 0.150000 5.000000 20.477500
v 0.225000 5.000000 20.477500
v 0.300000 5.000000 20.477500
v 0.375000 5.000000 20.477500
v 0.450000 5.000000 20.477500
v 0.525000 5.000000 20.477500
v 0.600000 5.000000 20.477500
v 0.675000 5.000000 20.477500
v 0.750000 5.000000 20.477500
v 0.825000 5.000000 20.477500
v 0.900000 5.000000 20.477500
v 0.975000 5.000000 20.477500
v 1.050000 5.000000 20.477500
v 1.125000 5.000000 20.477500
v 1.200000 5.000000 20.477500
v 1.275000 5.000000 20.477500
v 1.350000 5.000000 20.477500
v 1.425000 5.000000 20.477500
v 1.500000 5.000000 20.477500
v 1.575000 5.000000 20.477500
v 1.650000 5.000000 20.477500
v 1.725000 5.000000 20.477500
v 1.800000 5.000000 20.477500
v 1.875000 5.000000 20.477500
v 1.950000 5.000000 20.477500
v 2.025000 5.000000 20.477500
v 2.100000 5.000000 20.477500
v 2.175000 5.000000 20.477500
v 2.250000 5.000000 20.477500
v 2.325000 5.000000 20.477500
v 2.400000 5.000000 20.477500
v 2.475000 5.000000 20.477500
v 2.550000 5.000000 20.477500
v 2.625000 5.000000 20.477500
v 2.700000 5.000000 20.477500
v 2.775000 5.000000 20.477500
v 2.850000 5.000000 20.477500
v 2.925000 5.000000 20.477500
v 3.000000 5.000000 20.477500
v -3.000000 5.000000 21.842666
v -2.925000 5.000000 21.842666
v -2.850000 5.000000 21.842666
v -2.775000 5.000000 21.842666
v -2.700000 5.000000 21.842666
v -2.625000 5.000000 21.842666
v -2.550000 5.000000 21.842666
v -2.475000 5.000000 21.842666
v -2.400000 5.000000 21.842666
v -2.325000 5.000000 21.842666
v -2.250000 5.000000 21.842666
v -2.175000 5.000000 21.842666
v -2.100000 5.000000 21.842666
v -2.025000 5.000000 21.842666
v -1.950000 5.000000 21.842666
v -1.875000 5.000000 21.842666
v -1.800000 5.000000 21.842666
v -1.725000 5.000000 21.842666
v -1.650000 5.000000 21.842666
v -1.575000 5.000000 21.842666
v -1.500000 5.000000 21.842666
v -1.425000 5.000000 21.842666
v -1.350000 5.000000 21.842666
v -1.275000 5.000000 21.842666
v -1.200000 5.000000 21.842666
v -1.125000 5.000000 21.842666
v -1.050000 5.000000 21.842666
v -0.975000 5.000000 21.842666
v -0.900000 5.000000 21.842666
v -0.825000 5.000000 21.842666
v -0.750000 5.000000 21.842666
v -0.675000 5.000000 21.842666
v -0.600000 5.000000 21.842666
v -0.525000 5.000000 21.842666
v -0.450000 5.000000 21.842666
v -0.375000 5.000000 21.842666
v -0.300000 5.000000 21.842666
v -0.225000 5.000000 21.842666
v -0.150000 5.000000 21.842666
v -0.075000 5.000000 21.842666
v 0.000000 5.000000 21.842666
v 0.075000 5.000000 21.842666
v 0.150000 5.000000 21.842666
v 0.225000 5.000000 21.842666
v 0.300000 5.000000 21.842666
v 0.375000 5.000000 21.842666
v 0.450000 5.000000 21.842666
v 0.525000 5.000000 21.842666
v 0.600000 5.000000 21.842666
v 0.675000 5.000000 21.842666
v 0.750000 5.000000 21.842666
v 0.825000 5.000000 21.842666
v 0.900000 5.000000 21.842666
v 0.975000 5.000000 21.842666
v 1.050000 5.000000 21.842666
v 1.125000 5.000000 21.842666
v 1.200000 5.000000 21.842666
v 1.275000 5.000000 21.842666
v 1.350000 5.000000 21.842666
v 1.425000 5.000000 21.842666
v 1.500000 5.000000 21.842666
v 1.575000 5.000000 21.842666
v 1.650000 5.000000 21.842666
v 1.725000 5.000000 21.842666
v 1.800000 5.000000 21.842666
v 1.875000 5.000000 21.842666
v 1.950000 5.000000 21.842666
v 2.025000 5.000000 21.842666
v 2.100000 5.000000 21.842666
v 2.175000 5.000000 21.842666
v 2.250000 5.000000 21.842666
v 2.325000 5.000000 21.842666
v 2.400000 5.000000 21.842666
v 2.475000 5.000000 21.842666
v 2.550000 5.000000 21.842666
v 2.625000 5.000000 21.842666
v 2.700000 5.000000 21.842666
v 2.775000 5.000000 21.842666
v 2.850000 5.000000 21.842666
v 2.925000 5.000000 21.842666
v 3.000000 5.000000 21.842666
v -3.000000 5.000000 23.207833
v -2.925000 5.000000 23.207833
v -2.850000 5.000000 23.207833
v -2.775000 5.000000 23.207833
v -2.700000 5.000000 23.207833
v -2.625000 5.000000 23.207833
v -2.550000 5.000000 23.207833
v -2.475000 5.000000 23.207833
v -2.400000 5.000000 23.207833
v -2.325000 5.000000 23.207833
v -2.250000 5.000000 23.207833
v -2.175000 5.000000 23.207833
v -2.100000 5.000000 23.207833
v -2.025000 5.000000 23.207833
v -1.950000 5.000000 23.207833
v -1.875000 5.000000 23.207833
v -1.800000 5.000000 23.207833
v -1.725000 5.000000 23.207833
v -1.650000 5.000000 23.207833
v -1.575000 5.000000 23.207833
v -1.500000 5.000000 23.207833
v -1.425000 5.000000 23.207833
v -1.350000 5.000000 23.207833
v -1.275000 5.000000 23.207833
v -1.200000 5.000000 23.207833
v -1.125000 5.000000 23.207833
v -1.050000 5.000000 23.207833
v -0.975000 5.000000 23.207833
v -0.900000 5.000000 23.207833
v -0.825000 5.000000 23.207833
v -0.750000 5.000000 23.207833
v -0.675000 5.000000 23.207833
v -0.600000 5.000000 23.207833
v -0.525000 5.000000 23.207833
v -0.450000 5.000000 23.207833
v -0.375000 5.000000 23.207833
v -0.300000 5.000000 23.207833
v -0.225000 5.000000 23.207833
v -0.150000 5.000000 23.207833
v -0.075000 5.000000 23.207833
v 0.000000 5.000000 23.207833
v 0.075000 5.000000 23.207833
v 0.150000 5.000000 23.207833
v 0.225000 5.000000 23.207833
v 0.300000 5.000000 23.207833
v 0.375000 5.000000 23.207833
v 0.450000 5.000000 23.207833
v 0.525000 5.000000 23.207833
v 0.600000 5.000000 23.207833
v 0.675000 5.000000 23.207833
v 0.750000 5.000000 23.207833
v 0.825000 5.000000 23.207833
v 0.900000 5.000000 23.207833
v 0.975000 5.000000 23.207833
v 1.050000 5.000000 23.207833
v 1.125000 5.000000 23.207833
v 1.200000 5.000000 23.207833
v 1.275000 5.000000 23.207833
v 1.350000 5.000000 23.207833
v 1.425000 5.000000 23.207833
v 1.500000 5.000000 23.207833
v 1.575000 5.000000 23.207833
v 1.650000 5.000000 23.207833
v 1.725000 5.000000 23.207833
v 1.800000 5.000000 23.207833
v 1.875000 5.000000 23.207833
v 1.950000 5.000000 23.207833
v 2.025000 5.000000 23.207833
v 2.100000 5.000000 23.207833
v 2.175000 5.000000 23.207833
v 2.250000 5.000000 23.207833
v 2.325000 5.000000 23.207833
v 2.400000 5.000000 23.207833
v 2.475000 5.000000 23.207833
v 2.550000 5.000000 23.207833
v 2.625000 5.000000 23.207833
v 2.700000 5.000000 23.207833
v 2.775000 5.000000 23.207833
v 2.850000 5.000000 23.207833
v 2.925000 5.000000 23.207833
v 3.000000 5.000000 23.207833
v -3.000000 5.000000 24.573000
v -2.925000 5.000000 24.573000
v -2.850000 5.000000 24.573000
v -2.775000 5.000000 24.573000
v -2.700000 5.000000 24.573000
v -2.625000 5.000000 24.573000
v -2.550000 5.000000 24.573000
v -2.475000 5.000000 24.573000
v -2.400000 5.000000 24.573000
v -2.325000 5.000000 24.573000
v -2.250000 5.000000 24.573000
v -2.175000 5.000000 24.573000
v -2.100000 5.000000 24.573000
v -2.025000 5.000000 24.573000
v -1.950000 5.000000 24.573000
v -1.875000 5.000000 24.573000
v -1.800000 5.000000 24.573000
v -1.725000 5.000000 24.573000
v -1.650000 5.000000 24.573000
v -1.575000 5.000000 24.573000
v -1.500000 5.000000 24.573000
v -1.425000 5.000000 24.573000
v -1.350000 5.000000 24.573000
v -1.275000 5.000000 24.573000
v -1.200000 5.000000 24.573000
v -1.125000 5.000000 24.573000
v -1.050000 5.000000 24.573000
v -0.975000 5.000000 24.573000
v -0.900000 5.000000 24.573000
v -0.825000 5.000000 24.573000
v -0.750000 5.000000 24.573000
v -0.675000 5.000000 24.573000
v -0.600000 5.000000 24.573000
v -0.525000 5.000000 24.573000
v -0.450000 5.000000 24.573000
v -0.375000 5.000000 24.573000
v -0.300000 5.000000 24.573000
v -0.225000 5.000000 24.573000
v -0.150000 5.000000 24.573000
v -0.075000 5.000000 24.573000
v 0.000000 5.000000 24.573000
v 0.075000 5.000000 24.573000
v 0.150000 5.000000 24.573000
v 0.225000 5.000000 24.573000
v 0.300000 5.000000 24.573000
v 0.375000 5.000000 24.573000
v 0.450000 5.000000 24.573000
v 0.525000 5.000000 24.573000
v 0.600000 5.000000 24.573000
v 0.675000 5.000000 24.573000
v 0.750000 5.000000 24.573000
v 0.825000 5.000000 24.573000
v 0.900000 5.000000 24.573000
v 0.975000 5.000000 24.573000
v 1.050000 5.000000 24.573000
v 1.125000 5.000000 24.573000
v 1.200000 5.000000 24.573000
v 1.275000 5.000000 24.573000
v 1.350000 5.000000 24.573000
v 1.425000 5.000000 24.573000
v 1.500000 5.000000 24.573000
v 1.575000 5.000000 24.573000
v 1.650000 5.000000 24.573000
v 1.725000 5.000000 24.573000
v 1.800000 5.000000 24.573000
v 1.875000 5.000000 24.573000
v 1.950000 5.000000 24.573000
v 2.025000 5.000000 24.573000
v 2.100000 5.000000 24.573000
v 2.175000 5.000000 24.573000
v 2.250000 5.000000 24.573000
v 2.325000 5.000000 24.573000
v 2.400000 5.000000 24.573000
v 2.475000 5.000000 24.573000
v 2.550000 5.000000 24.573000
v 2.625000 5.000000 24.573000
v 2.700000 5.000000 24.573000
v 2.775000 5.000000 24.573000
v 2.850000 5.000000 24.573000
v 2.925000 5.000000 24.573000
v 3.000000 5.000000 24.573000
v -3.000000 5.000000 25.938166
v -2.925000 5.000000 25.938166
v -2.850000 5.000000 25.938166
v -2.775000 5.000000 25.938166
v -2.700000 5.000000 25.938166
v -2.625000 5.000000 25.938166
v -2.550000 5.000000 25.938166
v -2.475000 5.000000 25.938166
v -2.400000 5.000000 25.938166
v -2.325000 5.000000 25.938166
v -2.250000 5.000000 25.938166
v -2.175000 5.000000 25.938166
v -2.100000 5.000000 25.938166
v -2.025000 5.000000 25.938166
v -1.950000 5.000000 25.938166
v -1.875000 5.000000 25.938166
v -1.800000 5.000000 25.938166
v -1.725000 5.000000 25.938166
v -1.650000 5.000000 25.938166
v -1.575000 5.000000 25.938166
v -1.500000 5.000000 25.938166
v -1.425000 5.000000 25.938166
v -1.350000 5.000000 25.938166
v -1.275000 5.000000 25.938166
v -1.200000 5.000000 25.938166
v -1.125000 5.000000 25.938166
v -1.050000 5.000000 25.938166
v -0.975000 5.000000 25.938166
v -0.900000 5.000000 25.938166
v -0.825000 5.000000 25.938166
v -0.750000 5.000000 25.938166
v -0.675000 5.000000 25.938166
v -0.600000 5.000000 25.938166
v -0.525000 5.000000 25.938166
v -0.450000 5.000000 25.938166
v -0.375000 5.000000 25.938166
v -0.300000 5.000000 25.938166
v -0.225000 5.000000 25.938166
v -0.150000 5.000000 25.938166
v -0.075000 5.000000 25.938166
v 0.000000 5.000000 25.938166
v 0.075000 5.000000 25.938166
v 0.150000 5.000000 25.938166
v 0.225000 5.000000 25.938166
v 0.300000 5.000000 25.938166
v 0.375000 5.000000 25.938166
v 0.450000 5.000000 25.938166
v 0.525000 5.000000 25.938166
v 0.600000 5.000000 25.938166
v 0.675000 5.000000 25.938166
v 0.750000 5.000000 25.938166
v 0.825000 5.000000 25.938166
v 0.900000 5.000000 25.938166
v 0.975000 5.000000 25.938166
v 1.050000 5.000000 25.938166
v 1.125000 5.000000 25.938166
v 1.200000 5.000000 25.938166
v 1.275000 5.000000 25.938166
v 1.350000 5.000000 25.938166
v 1.425000 5.000000 25.938166
v 1.500000 5.000000 25.938166
v 1.575000 5.000000 25.938166
v 1.650000 5.000000 25.938166
v 1.725000 5.000000 25.938166
v 1.800000 5.000000 25.938166
v 1.875000 5.000000 25.938166
v 1.950000 5.000000 25.938166
v 2.025000 5.000000 25.938166
v 2.100000 5.000000 25.938166
v 2.175000 5.000000 25.938166
v 2.250000 5.000000 25.938166
v 2.325000 5.000000 25.938166
v 2.400000 5.000000 25.938166
v 2.475000 5.000000 25.938166
v 2.550000 5.000000 25.938166
v 2.625000 5.000000 25.938166
v 2.700000 5.000000 25.938166
v 2.775000 5.000000 25.938166
v 2.850000 5.000000 25.938166
v 2.925000 5.000000 25.938166
v 3.000000 5.000000 25.938166
v -3.000000 5.000000 27.303333
v -2.925000 5.000000 27.303333
v -2.850000 5.000000 27.303333
v -2.775000 5.000000 27.303333
v -2.700000 5.000000 27.303333
v -2.625000 5.000000 27.303333
v -2.550000 5.000000 27.303333
v -2.475000 5.000000 27.303333
v -2.400000 5.000000 27.303333
v -2.325000 5.000000 27.303333
v -2.250000 5.000000 27.303333
v -2.175000 5.000000 27.303333
v -2.100000 5.000000 27.303333
v -2.025000 5.000000 27.303333
v -1.950000 5.000000 27.303333
v -1.875000 5.000000 27.303333
v -1.800000 5.000000 27.303333
v -1.725000 5.000000 27.303333
v -1.650000 5.000000 27.303333
v -1.575000 5.000000 27.303333
v -1.500000 5.000000 27.303333
v -1.425000 5.000000 27.303333
v -1.350000 5.000000 27.303333
v -1.275000 5.000000 27.303333
v -1.200000 5.000000 27.303333
v -1.125000 5.000000 27.303333
v -1.050000 5.000000 27.303333
v -0.975000 5.000000 27.303333
v -0.900000 5.000000 27.303333
v -0.825000 5.000000 27.303333
v -0.750000 5.000000 27.303333
v -0.675000 5.000000 27.303333
v -0.600000 5.000000 27.303333
v -0.525000 5.000000 27.303333
v -0.450000 5.000000 27.303333
v -0.375000 5.000000 27.303333
v -0.300000 5.000000 27.303333
v -0.225000 5.000000 27.303333
v -0.150000 5.000000 27.303333
v -0.075000 5.000000 27.303333
v 0.000000 5.000000 27.303333
v 0.075000 5.000000 27.303333
v 0.150000 5.000000 27.303333
v 0.225000 5.000000 27.303333
v 0.300000 5.000000 27.303333
v 0.375000 5.000000 27.303333
v 0.450000 5.000000 27.303333
v 0.525000 5.000000 27.303333
v 0.600000 5.000000 27.303333
v 0.675000 5.000000 27.303333
v 0.750000 5.000000 27.303333
v 0.825000 5.000000 27.303333
v 0.900000 5.000000 27.303333
v 0.975000 5.000000 27.303333
v 1.050000 5.000000 27.303333
v 1.125000 5.000000 27.303333
v 1.200000 5.000000 27.303333
v 1.275000 5.000000 27.303333
v 1.350000 5.000000 27.303333
v 1.425000 5.000000 27.303333
v 1.500000 5.000000 27.303333
v 1.575000 5.000000 27.303333
v 1.650000 5.000000 27.303333
v 1.725000 5.000000 27.303333
v 1.800000 5.000000 27.303333
v 1.875000 5.000000 27.303333
v 1.950000 5.000000 27.303333
v 2.025000 5.000000 27.303333
v 2.100000 5.000000 27.303333
v 2.175000 5.000000 27.303333
v 2.250000 5.000000 27.303333
v 2.325000 5.000000 27.303333
v 2.400000 5.000000 27.303333
v 2.475000 5.000000 27.303333
v 2.550000 5.000000 27.303333
v 2.625000 5.000000 27.303333
v 2.700000 5.000000 27.303333
v 2.775000 5.000000 27.303333
v 2.850000 5.000000 27.303333
v 2.925000 5.000000 27.303333
v 3.000000 5.000000 27.303333
v -3.000000 5.000000 28.668499
v -2.925000 5.000000 28.668499
v -2.850000 5.000000 28.668499
v -2.775000 5.000000 28.668499
v -2.700000 5.000000 28.668499
v -2.625000 5.000000 28.668499
v -2.550000 5.000000 28.668499
v -2.475000 5.000000 28.668499
v -2.400000 5.000000 28.668499
v -2.325000 5.000000 28.668499
v -2.250000 5.000000 28.668499
v -2.175000 5.000000 28.668499
v -2.100000 5.000000 28.668499
v -2.025000 5.000000 28.668499
v -1.950000 5.000000 28.668499
v -1.875000 5.000000 28.668499
v -1.800000 5.000000 28.668499
v -1.725000 5.000000 28.668499
v -1.650000 5.000000 28.668499
v -1.575000 5.000000 28.668499
v -1.500000 5.000000 28.668499
v -1.425000 5.000000 28.668499
v -1.350000 5.000000 28.668499
v -1.275000 5.000000 28.668499
v -1.200000 5.000000 28.668499
v -1.125000 5.000000 28.668499
v -1.050000 5.000000 28.668499
v -0.975000 5.000000 28.668499
v -0.900000 5.000000 28.668499
v -0.825000 5.000000 28.668499
v -0.750000 5.000000 28.668499
v -0.675000 5.000000 28.668499
v -0.600000 5.000000 28.668499
v -0.525000 5.000000 28.668499
v -0.450000 5.000000 28.668499
v -0.375000 5.000000 28.668499
v -0.300000 5.000000 28.668499
v -0.225000 5.000000 28.668499
v -0.150000 5.000000 28.668499
v -0.075000 5.000000 28.668499
v 0.000000 5.000000 28.668499
v 0.075000 5.000000 28.668499
v 0.150000 5.000000 28.668499
v 0.225000 5.000000 28.668499
v 0.300000 5.000000 28.668499
v 0.375000 5.000000 28.668499
v 0.450000 5.000000 28.668499
v 0.525000 5.000000 28.668499
v 0.600000 5.000000 28.668499
v 0.675000 5.000000 28.668499
v 0.750000 5.000000 28.668499
v 0.825000 5.000000 28.668499
v 0.900000 5.000000 28.668499
v 0.975000 5.000000 28.668499
v 1.050000 5.000000 28.668499
v 1.125000 5.000000 28.668499
v 1.200000 5.000000 28.668499
v 1.275000 5.000000 28.668499
v 1.350000 5.000000 28.668499
v 1.425000 5.000000 28.668499
v 1.500000 5.000000 28.668499
v 1.575000 5.000000 28.668499
v 1.650000 5.000000 28.668499
v 1.725000 5.000000 28.668499
v 1.800000 5.000000 28.668499
v 1.875000 5.000000 28.668499
v 1.950000 5.000000 28.668499
v 2.025000 5.000000 28.668499
v 2.100000 5.000000 28.668499
v 2.175000 5.000000 28.668499
v 2.250000 5.000000 28.668499
v 2.325000 5.000000 28.668499
v 2.400000 5.000000 28.668499
v 2.475000 5.000000 28.668499
v 2.550000 5.000000 28.668499
v 2.625000 5.000000 28.668499
v 2.700000 5.000000 28.668499
v 2.775000 5.000000 28.668499
v 2.850000 5.000000 28.668499
v 2.925000 5.000000 28.668499
v 3.000000 5.000000 28.668499
v -3.000000 5.000000 30.033666
v -2.925000 5.000000 30.033666
v -2.850000 5.000000 30.033666
v -2.775000 5.000000 30.033666
v -2.700000 5.000000 30.033666
v -2.625000 5.000000 30.033666
v -2.550000 5.000000 30.033666
v -2.475000 5.000000 30.033666
v -2.400000 5.000000 30.033666
v -2.325000 5.000000 30.033666
v -2.250000 5.000000 30.033666
v -2.175000 5.000000 30.033666
v -2.100000 5.000000 30.033666
v -2.025000 5.000000 30.033666
v -1.950000 5.000000 30.033666
v -1.875000 5.000000 30.033666
v -1.800000 5.000000 30.033666
v -1.725000 5.000000 30.033666
v -1.650000 5.000000 30.033666
v -1.575000 5.000000 30.033666
v -1.500000 5.000000 30.033666
v -1.425000 5.000000 30.033666
v -1.350000 5.000000 30.033666
v -1.275000 5.000000 30.033666
v -1.200000 5.000000 30.033666
v -1.125000 5.000000 30.033666
v -1.050000 5.000000 30.033666
v -0.975000 5.000000 30.033666
v -0.900000 5.000000 30.033666
v -0.825000 5.000000 30.033666
v -0.750000 5.000000 30.033666
v -0.675000 5.000000 30.033666
v -0.600000 5.000000 30.033666
v -0.525000 5.000000 30.033666
v -0.450000 5.000000 30.033666
v -0.375000 5.000000 30.033666
v -0.300000 5.000000 30.033666
v -0.225000 5.000000 30.033666
v -0.150000 5.000000 30.033666
v -0.075000 5.000000 30.033666
v 0.000000 5.000000 30.033666
v 0.075000 5.000000 30.033666
v 0.150000 5.000000 30.033666
v 0.225000 5.000000 30.033666
v 0.300000 5.000000 30.033666
v 0.375000 5.000000 30.033666
v 0.450000 5.000000 30.033666
v 0.525000 5.000000 30.033666
v 0.600000 5.000000 30.033666
v 0.675000 5.000000 30.033666
v 0.750000 5.000000 30.033666
v 0.825000 5.000000 30.033666
v 0.900000 5.000000 30.033666
v 0.975000 5.000000 30.033666
v 1.050000 5.000000 30.033666
v 1.125000 5.000000 30.033666
v 1.200000 5.000000 30.033666
v 1.275000 5.000000 30.033666
v 1.350000 5.000000 30.033666
v 1.425000 5.000000 30.033666
v 1.500000 5.000000 30.033666
v 1.575000 5.000000 30.033666
v 1.650000 5.000000 30.033666
v 1.725000 5.000000 30.033666
v 1.800000 5.000000 30.033666
v 1.875000 5.000000 30.033666
v 1.950000 5.000000 30.033666
v 2.025000 5.000000 30.033666
v 2.100000 5.000000 30.033666
v 2.175000 5.000000 30.033666
v 2.250000 5.000000 30.033666
v 2.325000 5.000000 30.033666
v 2.400000 5.000000 30.033666
v 2.475000 5.000000 30.033666
v 2.550000 5.000000 30.033666
v 2.625000 5.000000 30.033666
v 2.700000 5.000000 30.033666
v 2.775000 5.000000 30.033666
v 2.850000 5.000000 30.033666
v 2.925000 5.000000 30.033666
v 3.000000 5.000000 30.033666
v -3.000000 5.000000 31.398833
v -2.925000 5.000000 31.398833
v -2.850000 5.000000 31.398833
v -2.775000 5.000000 31.398833
v -2.700000 5.000000 31.398833
v -2.625000 5.000000 31.398833
v -2.550000 5.000000 31.398833
v -2.475000 5.000000 31.398833
v -2.400000 5.000000 31.398833
v -2.325000 5.000000 31.398833
v -2.250000 5.000000 31.398833
v -2.175000 5.000000 31.398833
v -2.100000 5.000000 31.398833
v -2.025000 5.000000 31.398833
v -1.950000 5.000000 31.398833
v -1.875000 5.000000 31.398833
v -1.800000 5.000000 31.398833
v -1.725000 5.000000 31.398833
v -1.650000 5.000000 31.398833
v -1.575000 5.000000 31.398833
v -1.500000 5.000000 31.398833
v -1.425000 5.000000 31.398833
v -1.350000 5.000000 31.398833
v -1.275000 5.000000 31.398833
v -1.200000 5.000000 31.398833
v -1.125000 5.000000 31.398833
v -1.050000 5.000000 31.398833
v -0.975000 5.000000 31.398833
v -0.900000 5.000000 31.398833
v -0.825000 5.000000 31.398833
v -0.750000 5.000000 31.398833
v -0.675000 5.000000 31.398833
v -0.600000 5.000000 31.398833
v -0.525000 5.000000 31.398833
v -0.450000 5.000000 31.398833
v -0.375000 5.000000 31.398833
v -0.300000 5.000000 31.398833
v -0.225000 5.000000 31.398833
v -0.150000 5.000000 31.398833
v -0.075000 5.000000 31.398833
v 0.000000 5.000000 31.398833
v 0.075000 5.000000 31.398833
v 0.150000 5.000000 31.398833
v 0.225000 5.000000 31.398833
v 0.300000 5.000000 31.398833
v 0.375000 5.000000 31.398833
v 0.450000 5.000000 31.398833
v 0.525000 5.000000 31.398833
v 0.600000 5.000000 31.398833
v 0.675000 5.000000 31.398833
v 0.750000 5.000000 31.398833
v 0.825000 5.000000 31.398833
v 0.900000 5.000000 31.398833
v 0.975000 5.000000 31.398833
v 1.050000 5.000000 31.398833
v 1.125000 5.000000 31.398833
v 1.200000 5.000000 31.398833
v 1.275000 5.000000 31.398833
v 1.350000 5.000000 31.398833
v 1.425000 5.000000 31.398833
v 1.500000 5.000000 31.398833
v 1.575000 5.000000 31.398833
v 1.650000 5.000000 31.398833
v 1.725000 5.000000 31.398833
v 1.800000 5.000000 31.398833
v 1.875000 5.000000 31.398833
v 1.950000 5.000000 31.398833
v 2.025000 5.000000 31.398833
v 2.100000 5.000000 31.398833
v 2.175000 5.000000 31.398833
v 2.250000 5.000000 31.398833
v 2.325000 5.000000 31.398833
v 2.400000 5.000000 31.398833
v 2.475000 5.000000 31.398833
v 2.550000 5.000000 31.398833
v 2.625000 5.000000 31.398833
v 2.700000 5.000000 31.398833
v 2.775000 5.000000 31.398833
v 2.850000 5.000000 31.398833
v 2.925000 5.000000 31.398833
v 3.000000 5.000000 31.398833
v -3.000000 5.000000 32.763999
v -2.925000 5.000000 32.763999
v -2.850000 5.000000 32.763999
v -2.775000 5.000000 32.763999
v -2.700000 5.000000 32.763999
v -2.625000 5.000000 32.763999
v -2.550000 5.000000 32.763999
v -2.475000 5.000000 32.763999
v -2.400000 5.000000 32.763999
v -2.325000 5.000000 32.763999
v -2.250000 5.000000 32.763999
v -2.175000 5.000000 32.763999
v -2.100000 5.000000 32.763999
v -2.025000 5.000000 32.763999
v -1.950000 5.000000 32.763999
v -1.875000 5.000000 32.763999
v -1.800000 5.000000 32.763999
v -1.725000 5.000000 32.763999
v -1.650000 5.000000 32.763999
v -1.575000 5.000000 32.763999
v -1.500000 5.000000 32.763999
v -1.425000 5.000000 32.763999
v -1.350000 5.000000 32.763999
v -1.275000 5.000000 32.763999
v -1.200000 5.000000 32.763999
v -1.125000 5.000000 32.763999
v -1.050000 5.000000 32.763999
v -0.975000 5.000000 32.763999
v -0.900000 5.000000 32.763999
v -0.825000 5.000000 32.763999
v -0.750000 5.000000 32.763999
v -0.675000 5.000000 32.763999
v -0.600000 5.000000 32.763999
v -0.525000 5.000000 32.763999
v -0.450000 5.000000 32.763999
v -0.375000 5.000000 32.763999
v -0.300000 5.000000 32.763999
v -0.225000 5.000000 32.763999
v -0.150000 5.000000 32.763999
v -0.075000 5.000000 32.763999
v 0.000000 5.000000 32.763999
v 0.075000 5.000000 32.763999
v 0.150000 5.000000 32.763999
v 0.225000 5.000000 32.763999
v 0.300000 5.000000 32.763999
v 0.375000 5.000000 32.763999
v 0.450000 5.000000 32.763999
v 0.525000 5.000000 32.763999
v 0.600000 5.000000 32.763999
v 0.675000 5.000000 32.763999
v 0.750000 5.000000 32.763999
v 0.825000 5.000000 32.763999
v 0.900000 5.000000 32.763999
v 0.975000 5.000000 32.763999
v 1.050000 5.000000 32.763999
v 1.125000 5.000000 32.763999
v 1.200000 5.000000 32.763999
v 1.275000 5.000000 32.763999
v 1.350000 5.000000 32.763999
v 1.425000 5.000000 32.763999
v 1.500000 5.000000 32.763999
v 1.575000 5.000000 32.763999
v 1.650000 5.000000 32.763999
v 1.725000 5.000000 32.763999
v 1.800000 5.000000 32.763999
v 1.875000 5.000000 32.763999
v 1.950000 5.000000 32.763999
v 2.025000 5.000000 32.763999
v 2.100000 5.000000 32.763999
v 2.175000 5.000000 32.763999
v 2.250000 5.000000 32.763999
v 2.325000 5.000000 32.763999
v 2.400000 5.000000 32.763999
v 2.475000 5.000000 32.763999
v 2.550000 5.000000 32.763999
v 2.625000 5.000000 32.763999
v 2.700000 5.000000 32.763999
v 2.775000 5.000000 32.763999
v 2.850000 5.000000 32.763999
v 2.925000 5.000000 32.763999
v 3.000000 5.000000 32.763999
v -3.000000 5.000000 34.129166
v -2.925000 5.000000 34.129166
v -2.850000 5.000000 34.129166
v -2.775000 5.000000 34.129166
v -2.700000 5.000000 34.129166
v -2.625000 5.000000 34.129166
v -2.550000 5.000000 34.129166
v -2.475000 5.000000 34.129166
v -2.400000 5.000000 34.129166
v -2.325000 5.000000 34.129166
v -2.250000 5.000000 34.129166
v -2.175000 5.000000 34.129166
v -2.100000 5.000000 34.129166
v -2.025000 5.000000 34.129166
v -1.950000 5.000000 34.129166
v -1.875000 5.000000 34.129166
v -1.800000 5.000000 34.129166
v -1.725000 5.000000 34.129166
v -1.650000 5.000000 34.129166
v -1.575000 5.000000 34.129166
v -1.500000 5.000000 34.129166
v -1.425000 5.000000 34.129166
v -1.350000 5.000000 34.129166
v -1.275000 5.000000 34.129166
v -1.200000 5.000000 34.129166
v -1.125000 5.000000 34.129166
v -1.050000 5.000000 34.129166
v -0.975000 5.000000 34.129166
v -0.900000 5.000000 34.129166
v -0.825000 5.000000 34.129166
v -0.750000 5.000000 34.129166
v -0.675000 5.000000 34.129166
v -0.600000 5.000000 34.129166
v -0.525000 5.000000 34.129166
v -0.450000 5.000000 34.129166
v -0.375000 5.000000 34.129166
v -0.300000 5.000000 34.129166
v -0.225000 5.000000 34.129166
v -0.150000 5.000000 34.129166
v -0.075000 5.000000 34.129166
v 0.000000 5.000000 34.129166
v 0.075000 5.000000 34.129166
v 0.150000 5.000000 34.129166
v 0.225000 5.000000 34.129166
v 0.300000 5.000000 34.129166
v 0.375000 5.000000 34.129166
v 0.450000 5.000000 34.129166
v 0.525000 5.000000 34.129166
v 0.600000 5.000000 34.129166
v 0.675000 5.000000 34.129166
v 0.750000 5.000000 34.129166
v 0.825000 5.000000 34.129166
v 0.900000 5.000000 34.129166
v 0.975000 5.000000 34.129166
v 1.050000 5.000000 34.129166
v 1.125000 5.000000 34.129166
v 1.200000 5.000000 34.129166
v 1.275000 5.000000 34.129166
v 1.350000 5.000000 34.129166
v 1.425000 5.000000 34.129166
v 1.500000 5.000000 34.129166
v 1.575000 5.000000 34.129166
v 1.650000 5.000000 34.129166
v 1.725000 5.000000 34.129166
v 1.800000 5.000000 34.129166
v 1.875000 5.000000 34.129166
v 1.950000 5.000000 34.129166
v 2.025000 5.000000 34.129166
v 2.100000 5.000000 34.129166
v 2.175000 5.000000 34.129166
v 2.250000 5.000000 34.129166
v 2.325000 5.000000 34.129166
v 2.400000 5.000000 34.129166
v 2.475000 5.000000 34.129166
v 2.550000 5.000000 34.129166
v 2.625000 5.000000 34.129166
v 2.700000 5.000000 34.129166
v 2.775000 5.000000 34.129166
v 2.850000 5.000000 34.129166
v 2.925000 5.000000 34.129166
v 3.000000 5.000000 34.129166
v -3.000000 5.000000 35.494333
v -2.925000 5.000000 35.494333
v -2.850000 5.000000 35.494333
v -2.775000 5.000000 35.494333
v -2.700000 5.000000 35.494333
v -2.625000 5.000000 35.494333
v -2.550000 5.000000 35.494333
v -2.475000 5.000000 35.494333
v -2.400000 5.000000 35.494333
v -2.325000 5.000000 35.494333
v -2.250000 5.000000 35.494333
v -2.175000 5.000000 35.494333
v -2.100000 5.000000 35.494333
v -2.025000 5.000000 35.494333
v -1.950000 5.000000 35.494333
v -1.875000 5.000000 35.494333
v -1.800000 5.000000 35.494333
v -1.725000 5.000000 35.494333
v -1.650000 5.000000 35.494333
v -1.575000 5.000000 35.494333
v -1.500000 5.000000 35.494333
v -1.425000 5.000000 35.494333
v -1.350000 5.000000 35.494333
v -1.275000 5.000000 35.494333
v -1.200000 5.000000 35.494333
v -1.125000 5.000000 35.494333
v -1.050000 5.000000 35.494333
v -0.975000 5.000000 35.494333
v -0.900000 5.000000 35.494333
v -0.825000 5.000000 35.494333
v -0.750000 5.000000 35.494333
v -0.675000 5.000000 35.494333
v -0.600000 5.000000 35.494333
v -0.525000 5.000000 35.494333
v -0.450000 5.000000 35.494333
v -0.375000 5.000000 35.494333
v -0.300000 5.000000 35.494333
v -0.225000 5.000000 35.494333
v -0.150000 5.000000 35.494333
v -0.075000 5.000000 35.494333
v 0.000000 5.000000 35.494333
v 0.075000 5.000000 35.494333
v 0.150000 5.000000 35.494333
v 0.225000 5.000000 35.494333
v 0.300000 5.000000 35.494333
v 0.375000 5.000000 35.494333
v 0.450000 5.000000 35.494333
v 0.525000 5.000000 35.494333
v 0.600000 5.000000 35.494333
v 0.675000 5.000000 35.494333
v 0.750000 5.000000 35.494333
v 0.825000 5.000000 35.494333
v 0.900000 5.000000 35.494333
v 0.975000 5.000000 35.494333
v 1.050000 5.000000 35.494333
v 1.125000 5.000000 35.494333
v 1.200000 5.000000 35.494333
v 1.275000 5.000000 35.494333
v 1.350000 5.000000 35.494333
v 1.425000 5.000000 35.494333
v 1.500000 5.000000 35.494333
v 1.575000 5.000000 35.494333
v 1.650000 5.000000 35.494333
v 1.725000 5.000000 35.494333
v 1.800000 5.000000 35.494333
v 1.875000 5.000000 35.494333
v 1.950000 5.000000 35.494333
v 2.025000 5.000000 35.494333
v 2.100000 5.000000 35.494333
v 2.175000 5.000000 35.494333
v 2.250000 5.000000 35.494333
v 2.325000 5.000000 35.494333
v 2.400000 5.000000 35.494333
v 2.475000 5.000000 35.494333
v 2.550000 5.000000 35.494333
v 2.625000 5.000000 35.494333
v 2.700000 5.000000 35.494333
v 2.775000 5.000000 35.494333
v 2.850000 5.000000 35.494333
v 2.925000 5.000000 35.494333
v 3.000000 5.000000 35.494333
v -3.000000 5.000000 36.859499
v -2.925000 5.000000 36.859499
v -2.850000 5.000000 36.859499
v -2.775000 5.000000 36.859499
v -2.700000 5.000000 36.859499
v -2.625000 5.000000 36.859499
v -2.550000 5.000000 36.859499
v -2.475000 5.000000 36.859499
v -2.400000 5.000000 36.859499
v -2.325000 5.000000 36.859499
v -2.250000 5.000000 36.859499
v -2.175000 5.000000 36.859499
v -2.100000 5.000000 36.859499
v -2.025000 5.000000 36.859499
v -1.950000 5.000000 36.859499
v -1.875000 5.000000 36.859499
v -1.800000 5.000000 36.859499
v -1.725000 5.000000 36.859499
v -1.650000 5.000000 36.859499
v -1.575000 5.000000 36.859499
v -1.500000 5.000000 36.859499
v -1.425000 5.000000 36.859499
v -1.350000 5.000000 36.859499
v -1.275000 5.000000 36.859499
v -1.200000 5.000000 36.859499
v -1.125000 5.000000 36.859499
v -1.050000 5.000000 36.859499
v -0.975000 5.000000 36.859499
v -0.900000 5.000000 36.859499
v -0.825000 5.000000 36.859499
v -0.750000 5.000000 36.859499
v -0.675000 5.000000 36.859499
v -0.600000 5.000000 36.859499
v -0.525000 5.000000 36.859499
v -0.450000 5.000000 36.859499
v -0.375000 5.000000 36.859499
v -0.300000 5.000000 36.859499
v -0.225000 5.000000 36.859499
v -0.150000 5.000000 36.859499
v -0.075000 5.000000 36.859499
v 0.000000 5.000000 36.859499
v 0.075000 5.000000 36.859499
v 0.150000 5.000000 36.859499
v 0.225000 5.000000 36.859499
v 0.300000 5.000000 36.859499
v 0.375000 5.000000 36.859499
v 0.450000 5.000000 36.859499
v 0.525000 5.000000 36.859499
v 0.600000 5.000000 36.859499
v 0.675000 5.000000 36.859499
v 0.750000 5.000000 36.859499
v 0.825000 5.000000 36.859499
v 0.900000 5.000000 36.859499
v 0.975000 5.000000 36.859499
v 1.050000 5.000000 36.859499
v 1.125000 5.000000 36.859499
v 1.200000 5.000000 36.859499
v 1.275000 5.000000 36.859499
v 1.350000 5.000000 36.859499
v 1.425000 5.000000 36.859499
v 1.500000 5.000000 36.859499
v 1.575000 5.000000 36.859499
v 1.650000 5.000000 36.859499
v 1.725000 5.000000 36.859499
v 1.800000 5.000000 36.859499
v 1.875000 5.000000 36.859499
v 1.950000 5.000000 36.859499
v 2.025000 5.000000 36.859499
v 2.100000 5.000000 36.859499
v 2.175000 5.000000 36.859499
v 2.250000 5.000000 36.859499
v 2.325000 5.000000 36.859499
v 2.400000 5.000000 36.859499
v 2.475000 5.000000 36.859499
v 2.550000 5.000000 36.859499
v 2.625000 5.000000 36.859499
v 2.700000 5.000000 36.859499
v 2.775000 5.000000 36.859499
v 2.850000 5.000000 36.859499
v 2.925000 5.000000 36.859499
v 3.000000 5.000000 36.859499
v -3.000000 5.000000 38.224666
v -2.925000 5.000000 38.224666
v -2.850000 5.000000 38.224666
v -2.775000 5.000000 38.224666
v -2.700000 5.000000 38.224666
v -2.625000 5.000000 38.224666
v -2.550000 5.000000 38.224666
v -2.475000 5.000000 38.224666
v -2.400000 5.000000 38.224666
v -2.325000 5.000000 38.224666
v -2.250000 5.000000 38.224666
v -2.175000 5.000000 38.224666
v -2.100000 5.000000 38.224666
v -2.025000 5.000000 38.224666
v -1.950000 5.000000 38.224666
v -1.875000 5.000000 38.224666
v -1.800000 5.000000 38.224666
v -1.725000 5.000000 38.224666
v -1.650000 5.000000 38.224666
v -1.575000 5.000000 38.224666
v -1.500000 5.000000 38.224666
v -1.425000 5.000000 38.224666
v -1.350000 5.000000 38.224666
v -1.275000 5.000000 38.224666
v -1.200000 5.000000 38.224666
v -1.125000 5.000000 38.224666
v -1.050000 5.000000 38.224666
v -0.975000 5.000000 38.224666
v -0.900000 5.000000 38.224666
v -0.825000 5.000000 38.224666
v -0.750000 5.000000 38.224666
v -0.675000 5.000000 38.224666
v -0.600000 5.000000 38.224666
v -0.525000 5.000000 38.224666
v -0.450000 5.000000 38.224666
v -0.375000 5.000000 38.224666
v -0.300000 5.000000 38.224666
v -0.225000 5.000000 38.224666
v -0.150000 5.000000 38.224666
v -0.075000 5.000000 38.224666
v 0.000000 5.000000 38.224666
v 0.075000 5.000000 38.224666
v 0.150000 5.000000 38.224666
v 0.225000 5.000000 38.224666
v 0.300000 5.000000 38.224666
v 0.375000 5.000000 38.224666
v 0.450000 5.000000 38.224666
v 0.525000 5.000000 38.224666
v 0.600000 5.000000 38.224666
v 0.675000 5.000000 38.224666
v 0.750000 5.000000 38.224666
v 0.825000 5.000000 38.224666
v 0.900000 5.000000 38.224666
v 0.975000 5.000000 38.224666
v 1.050000 5.000000 38.224666
v 1.125000 5.000000 38.224666
v 1.200000 5.000000 38.224666
v 1.275000 5.000000 38.224666
v 1.350000 5.000000 38.224666
v 1.425000 5.000000 38.224666
v 1.500000 5.000000 38.224666
v 1.575000 5.000000 38.224666
v 1.650000 5.000000 38.224666
v 1.725000 5.000000 38.224666
v 1.800000 5.000000 38.224666
v 1.875000 5.000000 38.224666
v 1.950000 5.000000 38.224666
v 2.025000 5.000000 38.224666
v 2.100000 5.000000 38.224666
v 2.175000 5.000000 38.224666
v 2.250000 5.000000 38.224666
v 2.325000 5.000000 38.224666
v 2.400000 5.000000 38.224666
v 2.475000 5.000000 38.224666
v 2.550000 5.000000 38.224666
v 2.625000 5.000000 38.224666
v 2.700000 5.000000 38.224666
v 2.775000 5.000000 38.224666
v 2.850000 5.000000 38.224666
v 2.925000 5.000000 38.224666
v 3.000000 5.000000 38.224666
v -3.000000 5.000000 39.589833
v -2.925000 5.000000 39.589833
v -2.850000 5.000000 39.589833
v -2.775000 5.000000 39.589833
v -2.700000 5.000000 39.589833
v -2.625000 5.000000 39.589833
v -2.550000 5.000000 39.589833
v -2.475000 5.000000 39.589833
v -2.400000 5.000000 39.589833
v -2.325000 5.000000 39.589833
v -2.250000 5.000000 39.589833
v -2.175000 5.000000 39.589833
v -2.100000 5.000000 39.589833
v -2.025000 5.000000 39.589833
v -1.950000 5.000000 39.589833
v -1.875000 5.000000 39.589833
v -1.800000 5.000000 39.589833
v -1.725000 5.000000 39.589833
v -1.650000 5.000000 39.589833
v -1.575000 5.000000 39.589833
v -1.500000 5.000000 39.589833
v -1.425000 5.000000 39.589833
v -1.350000 5.000000 39.589833
v -1.275000 5.000000 39.589833
v -1.200000 5.000000 39.589833
v -1.125000 5.000000 39.589833
v -1.050000 5.000000 39.589833
v -0.975000 5.000000 39.589833
v -0.900000 5.000000 39.589833
v -0.825000 5.000000 39.589833
v -0.750000 5.000000 39.589833
v -0.675000 5.000000 39.589833
v -0.600000 5.000000 39.589833
v -0.525000 5.000000 39.589833
v -0.450000 5.000000 39.589833
v -0.375000 5.000000 39.589833
v -0.300000 5.000000 39.589833
v -0.225000 5.000000 39.589833
v -0.150000 5.000000 39.589833
v -0.075000 5.000000 39.589833
v 0.000000 5.000000 39.589833
v 0.075000 5.000000 39.589833
v 0.150000 5.000000 39.589833
v 0.225000 5.000000 39.589833
v 0.300000 5.000000 39.589833
v 0.375000 5.000000 39.589833
v 0.450000 5.000000 39.589833
v 0.525000 5.000000 39.589833
v 0.600000 5.000000 39.589833
v 0.675000 5.000000 39.589833
v 0.750000 5.000000 39.589833
v 0.825000 5.000000 39.589833
v 0.900000 5.000000 39.589833
v 0.975000 5.000000 39.589833
v 1.050000 5.000000 39.589833
v 1.125000 5.000000 39.589833
v 1.200000 5.000000 39.589833
v 1.275000 5.000000 39.589833
v 1.350000 5.000000 39.589833
v 1.425000 5.000000 39.589833
v 1.500000 5.000000 39.589833
v 1.575000 5.000000 39.589833
v 1.650000 5.000000 39.589833
v 1.725000 5.000000 39.589833
v 1.800000 5.000000 39.589833
v 1.875000 5.000000 39.589833
v 1.950000 5.000000 39.589833
v 2.025000 5.000000 39.589833
v 2.100000 5.000000 39.589833
v 2.175000 5.000000 39.589833
v 2.250000 5.000000 39.589833
v 2.325000 5.000000 39.589833
v 2.400000 5.000000 39.589833
v 2.475000 5.000000 39.589833
v 2.550000 5.000000 39.589833
v 2.625000 5.000000 39.589833
v 2.700000 5.000000 39.589833
v 2.775000 5.000000 39.589833
v 2.850000 5.000000 39.589833
v 2.925000 5.000000 39.589833
v 3.000000 5.000000 39.589833
v -3.000000 5.000000 40.954999
v -2.925000 5.000000 40.954999
v -2.850000 5.000000 40.954999
v -2.775000 5.000000 40.954999
v -2.700000 5.000000 40.954999
v -2.625000 5.000000 40.954999
v -2.550000 5.000000 40.954999
v -2.475000 5.000000 40.954999
v -2.400000 5.000000 40.954999
v -2.325000 5.000000 40.954999
v -2.250000 5.000000 40.954999
v -2.175000 5.000000 40.954999
v -2.100000 5.000000 40.954999
v -2.025000 5.000000 40.954999
v -1.950000 5.000000 40.954999
v -1.875000 5.000000 40.954999
v -1.800000 5.000000 40.954999
v -1.725000 5.000000 40.954999
v -1.650000 5.000000 40.954999
v -1.575000 5.000000 40.954999
v -1.500000 5.000000 40.954999
v -1.425000 5.000000 40.954999
v -1.350000 5.000000 40.954999
v -1.275000 5.000000 40.954999
v -1.200000 5.000000 40.954999
v -1.125000 5.000000 40.954999
v -1.050000 5.000000 40.954999
v -0.975000 5.000000 40.954999
v -0.900000 5.000000 40.954999
v -0.825000 5.000000 40.954999
v -0.750000 5.000000 40.954999
v -0.675000 5.000000 40.954999
v -0.600000 5.000000 40.954999
v -0.525000 5.000000 40.954999
v -0.450000 5.000000 40.954999
v -0.375000 5.000000 40.954999
v -0.300000 5.000000 40.954999
v -0.225000 5.000000 40.954999
v -0.150000 5.000000 40.954999
v -0.075000 5.000000 40.954999
v 0.000000 5.000000 40.954999
v 0.075000 5.000000 40.954999
v 0.150000 5.000000 40.954999
v 0.225000 5.000000 40.954999
v 0.300000 5.000000 40.954999
v 0.375000 5.000000 40.954999
v 0.450000 5.000000 40.954999
v 0.525000 5.000000 40.954999
v 0.600000 5.000000 40.954999
v 0.675000 5.000000 40.954999
v 0.750000 5.000000 40.954999
v 0.825000 5.000000 40.954999
v 0.900000 5.000000 40.954999
v 0.975000 5.000000 40.954999
v 1.050000 5.000000 40.954999
v 1.125000 5.000000 40.954999
v 1.200000 5.000000 40.954999
v 1.275000 5.000000 40.954999
v 1.350000 5.000000 40.954999
v 1.425000 5.000000 40.954999
v 1.500000 5.000000 40.954999
v 1.575000 5.000000 40.954999
v 1.650000 5.000000 40.954999
v 1.725000 5.000000 40.954999
v 1.800000 5.000000 40.954999
v 1.875000 5.000000 40.954999
v 1.950000 5.000000 40.954999
v 2.025000 5.000000 40.954999
v 2.100000 5.000000 40.954999
v 2.175000 5.000000 40.954999
v 2.250000 5.000000 40.954999
v 2.325000 5.000000 40.954999
v 2.400000 5.000000 40.954999
v 2.475000 5.000000 40.954999
v 2.550000 5.000000 40.954999
v 2.625000 5.000000 40.954999
v 2.700000 5.000000 40.954999
v 2.775000 5.000000 40.954999
v 2.850000 5.000000 40.954999
v 2.925000 5.000000 40.954999
v 3.000000 5.000000 40.954999
v -3.000000 5.000000 42.320166
v -2.925000 5.000000 42.320166
v -2.850000 5.000000 42.320166
v -2.775000 5.000000 42.320166
v -2.700000 5.000000 42.320166
v -2.625000 5.000000 42.320166
v -2.550000 5.000000 42.320166
v -2.475000 5.000000 42.320166
v -2.400000 5.000000 42.320166
v -2.325000 5.000000 42.320166
v -2.250000 5.000000 42.320166
v -2.175000 5.000000 42.320166
v -2.100000 5.000000 42.320166
v -2.025000 5.000000 42.320166
v -1.950000 5.000000 42.320166
v -1.875000 5.000000 42.320166
v -1.800000 5.000000 42.320166
v -1.725000 5.000000 42.320166
v -1.650000 5.000000 42.320166
v -1.575000 5.000000 42.320166
v -1.500000 5.000000 42.320166
v -1.425000 5.000000 42.320166
v -1.350000 5.000000 42.320166
v -1.275000 5.000000 42.320166
v -1.200000 5.000000 42.320166
v -1.125000 5.000000 42.320166
v -1.050000 5.000000 42.320166
v -0.975000 5.000000 42.320166
v -0.900000 5.000000 42.320166
v -0.825000 5.000000 42.320166
v -0.750000 5.000000 42.320166
v -0.675000 5.000000 42.320166
v -0.600000 5.000000 42.320166
v -0.525000 5.000000 42.320166
v -0.450000 5.000000 42.320166
v -0.375000 5.000000 42.320166
v -0.300000 5.000000 42.320166
v -0.225000 5.000000 42.320166
v -0.150000 5.000000 42.320166
v -0.075000 5.000000 42.320166
v 0.000000 5.000000 42.320166
v 0.075000 5.000000 42.320166
v 0.150000 5.000000 42.320166
v 0.225000 5.000000 42.320166
v 0.300000 5.000000 42.320166
v 0.375000 5.000000 42.320166
v 0.450000 5.000000 42.320166
v 0.525000 5.000000 42.320166
v 0.600000 5.000000 42.320166
v 0.675000 5.000000 42.320166
v 0.750000 5.000000 42.320166
v 0.825000 5.000000 42.320166
v 0.900000 5.000000 42.320166
v 0.975000 5.000000 42.320166
v 1.050000 5.000000 42.320166
v 1.125000 5.000000 42.320166
v 1.200000 5.000000 42.320166
v 1.275000 5.000000 42.320166
v 1.350000 5.000000 42.320166
v 1.425000 5.000000 42.320166
v 1.500000 5.000000 42.320166
v 1.575000 5.000000 42.320166
v 1.650000 5.000000 42.320166
v 1.725000 5.000000 42.320166
v 1.800000 5.000000 42.320166
v 1.875000 5.000000 42.320166
v 1.950000 5.000000 42.320166
v 2.025000 5.000000 42.320166
v 2.100000 5.000000 42.320166
v 2.175000 5.000000 42.320166
v 2.250000 5.000000 42.320166
v 2.325000 5.000000 42.320166
v 2.400000 5.000000 42.320166
v 2.475000 5.000000 42.320166
v 2.550000 5.000000 42.320166
v 2.625000 5.000000 42.320166
v 2.700000 5.000000 42.320166
v 2.775000 5.000000 42.320166
v 2.850000 5.000000 42.320166
v 2.925000 5.000000 42.320166
v 3.000000 5.000000 42.320166
v -3.000000 5.000000 43.685333
v -2.925000 5.000000 43.685333
v -2.850000 5.000000 43.685333
v -2.775000 5.000000 43.685333
v -2.700000 5.000000 43.685333
v -2.625000 5.000000 43.685333
v -2.550000 5.000000 43.685333
v -2.475000 5.000000 43.685333
v -2.400000 5.000000 43.685333
v -2.325000 5.000000 43.685333
v -2.250000 5.000000 43.685333
v -2.175000 5.000000 43.685333
v -2.100000 5.000000 43.685333
v -2.025000 5.000000 43.685333
v -1.950000 5.000000 43.685333
v -1.875000 5.000000 43.685333
v -1.800000 5.000000 43.685333
v -1.725000 5.000000 43.685333
v -1.650000 5.000000 43.685333
v -1.575000 5.000000 43.685333
v -1.500000 5.000000 43.685333
v -1.425000 5.000000 43.685333
v -1.350000 5.000000 43.685333
v -1.275000 5.000000 43.685333
v -1.200000 5.000000 43.685333
v -1.125000 5.000000 43.685333
v -1.050000 5.000000 43.685333
v -0.975000 5.000000 43.685333
v -0.900000 5.000000 43.685333
v -0.825000 5.000000 43.685333
v -0.750000 5.000000 43.685333
v -0.675000 5.000000 43.685333
v -0.600000 5.000000 43.685333
v -0.525000 5.000000 43.685333
v -0.450000 5.000000 43.685333
v -0.375000 5.000000 43.685333
v -0.300000 5.000000 43.685333
v -0.225000 5.000000 43.685333
v -0.150000 5.000000 43.685333
v -0.075000 5.000000 43.685333
v 0.000000 5.000000 43.685333
v 0.075000 5.000000 43.685333
v 0.150000 5.000000 43.685333
v 0.225000 5.000000 43.685333
v 0.300000 5.000000 43.685333
v 0.375000 5.000000 43.685333
v 0.450000 5.000000 43.685333
v 0.525000 5.000000 43.685333
v 0.600000 5.000000 43.685333
v 0.675000 5.000000 43.685333
v 0.750000 5.000000 43.685333
v 0.825000 5.000000 43.685333
v 0.900000 5.000000 43.685333
v 0.975000 5.000000 43.685333
v 1.050000 5.000000 43.685333
v 1.125000 5.000000 43.685333
v 1.200000 5.000000 43.685333
v 1.275000 5.000000 43.685333
v 1.350000 5.000000 43.685333
v 1.425000 5.000000 43.685333
v 1.500000 5.000000 43.685333
v 1.575000 5.000000 43.685333
v 1.650000 5.000000 43.685333
v 1.725000 5.000000 43.685333
v 1.800000 5.000000 43.685333
v 1.875000 5.000000 43.685333
v 1.950000 5.000000 43.685333
v 2.025000 5.000000 43.685333
v 2.100000 5.000000 43.685333
v 2.175000 5.000000 43.685333
v 2.250000 5.000000 43.685333
v 2.325000 5.000000 43.685333
v 2.400000 5.000000 43.685333
v 2.475000 5.000000 43.685333
v 2.550000 5.000000 43.685333
v 2.625000 5.000000 43.685333
v 2.700000 5.000000 43.685333
v 2.775000 5.000000 43.685333
v 2.850000 5.000000 43.685333
v 2.925000 5.000000 43.685333
v 3.000000 5.000000 43.685333
v -3.000000 5.000000 45.050499
v -2.925000 5.000000 45.050499
v -2.850000 5.000000 45.050499
v -2.775000 5.000000 45.050499
v -2.700000 5.000000 45.050499
v -2.625000 5.000000 45.050499
v -2.550000 5.000000 45.050499
v -2.475000 5.000000 45.050499
v -2.400000 5.000000 45.050499
v -2.325000 5.000000 45.050499
v -2.250000 5.000000 45.050499
v -2.175000 5.000000 45.050499
v -2.100000 5.000000 45.050499
v -2.025000 5.000000 45.050499
v -1.950000 5.000000 45.050499
v -1.875000 5.000000 45.050499
v -1.800000 5.000000 45.050499
v -1.725000 5.000000 45.050499
v -1.650000 5.000000 45.050499
v -1.575000 5.000000 45.050499
v -1.500000 5.000000 45.050499
v -1.425000 5.000000 45.050499
v -1.350000 5.000000 45.050499
v -1.275000 5.000000 45.050499
v -1.200000 5.000000 45.050499
v -1.125000 5.000000 45.050499
v -1.050000 5.000000 45.050499
v -0.975000 5.000000 45.050499
v -0.900000 5.000000 45.050499
v -0.825000 5.000000 45.050499
v -0.750000 5.000000 45.050499
v -0.675000 5.000000 45.050499
v -0.600000 5.000000 45.050499
v -0.525000 5.000000 45.050499
v -0.450000 5.000000 45.050499
v -0.375000 5.000000 45.050499
v -0.300000 5.000000 45.050499
v -0.225000 5.000000 45.050499
v -0.150000 5.000000 45.050499
v -0.075000 5.000000 45.050499
v 0.000000 5.000000 45.050499
v 0.075000 5.000000 45.050499
v 0.150000 5.000000 45.050499
v 0.225000 5.000000 45.050499
v 0.300000 5.000000 45.050499
v 0.375000 5.000000 45.050499
v 0.450000 5.000000 45.050499
v 0.525000 5.000000 45.050499
v 0.600000 5.000000 45.050499
v 0.675000 5.000000 45.050499
v 0.750000 5.000000 45.050499
v 0.825000 5.000000 45.050499
v 0.900000 5.000000 45.050499
v 0.975000 5.000000 45.050499
v 1.050000 5.000000 45.050499
v 1.125000 5.000000 45.050499
v 1.200000 5.000000 45.050499
v 1.275000 5.000000 45.050499
v 1.350000 5.000000 45.050499
v 1.425000 5.000000 45.050499
v 1.500000 5.000000 45.050499
v 1.575000 5.000000 45.050499
v 1.650000 5.000000 45.050499
v 1.725000 5.000000 45.050499
v 1.800000 5.000000 45.050499
v 1.875000 5.000000 45.050499
v 1.950000 5.000000 45.050499
v 2.025000 5.000000 45.050499
v 2.100000 5.000000 45.050499
v 2.175000 5.000000 45.050499
v 2.250000 5.000000 45.050499
v 2.325000 5.000000 45.050499
v 2.400000 5.000000 45.050499
v 2.475000 5.000000 45.050499
v 2.550000 5.000000 45.050499
v 2.625000 5.000000 45.050499
v 2.700000 5.000000 45.050499
v 2.775000 5.000000 45.050499
v 2.850000 5.000000 45.050499
v 2.925000 5.000000 45.050499
v 3.000000 5.000000 45.050499
v -3.000000 5.000000 46.415666
v -2.925000 5.000000 46.415666
v -2.850000 5.000000 46.415666
v -2.775000 5.000000 46.415666
v -2.700000 5.000000 46.415666
v -2.625000 5.000000 46.415666
v -2.550000 5.000000 46.415666
v -2.475000 5.000000 46.415666
v -2.400000 5.000000 46.415666
v -2.325000 5.000000 46.415666
v -2.250000 5.000000 46.415666
v -2.175000 5.000000 46.415666
v -2.100000 5.000000 46.415666
v -2.025000 5.000000 46.415666
v -1.950000 5.000000 46.415666
v -1.875000 5.000000 46.415666
v -1.800000 5.000000 46.415666
v -1.725000 5.000000 46.415666
v -1.650000 5.000000 46.415666
v -1.575000 5.000000 46.415666
v -1.500000 5.000000 46.415666
v -1.425000 5.000000 46.415666
v -1.350000 5.000000 46.415666
v -1.275000 5.000000 46.415666
v -1.200000 5.000000 46.415666
v -1.125000 5.000000 46.415666
v -1.050000 5.000000 46.415666
v -0.975000 5.000000 46.415666
v -0.900000 5.000000 46.415666
v -0.825000 5.000000 46.415666
v -0.750000 5.000000 46.415666
v -0.675000 5.000000 46.415666
v -0.600000 5.000000 46.415666
v -0.525000 5.000000 46.415666
v -0.450000 5.000000 46.415666
v -0.375000 5.000000 46.415666
v -0.300000 5.000000 46.415666
v -0.225000 5.000000 46.415666
v -0.150000 5.000000 46.415666
v -0.075000 5.000000 46.415666
v 0.000000 5.000000 46.415666
v 0.075000 5.000000 46.415666
v 0.150000 5.000000 46.415666
v 0.225000 5.000000 46.415666
v 0.300000 5.000000 46.415666
v 0.375000 5.000000 46.415666
v 0.450000 5.000000 46.415666
v 0.525000 5.000000 46.415666
v 0.600000 5.000000 46.415666
v 0.675000 5.000000 46.415666
v 0.750000 5.000000 46.415666
v 0.825000 5.000000 46.415666
v 0.900000 5.000000 46.415666
v 0.975000 5.000000 46.415666
v 1.050000 5.000000 46.415666
v 1.125000 5.000000 46.415666
v 1.200000 5.000000 46.415666
v 1.275000 5.000000 46.415666
v 1.350000 5.000000 46.415666
v 1.425000 5.000000 46.415666
v 1.500000 5.000000 46.415666
v 1.575000 5.000000 46.415666
v 1.650000 5.000000 46.415666
v 1.725000 5.000000 46.415666
v 1.800000 5.000000 46.415666
v 1.875000 5.000000 46.415666
v 1.950000 5.000000 46.415666
v 2.025000 5.000000 46.415666
v 2.100000 5.000000 46.415666
v 2.175000 5.000000 46.415666
v 2.250000 5.000000 46.415666
v 2.325000 5.000000 46.415666
v 2.400000 5.000000 46.415666
v 2.475000 5.000000 46.415666
v 2.550000 5.000000 46.415666
v 2.625000 5.000000 46.415666
v 2.700000 5.000000 46.415666
v 2.775000 5.000000 46.415666
v 2.850000 5.000000 46.415666
v 2.925000 5.000000 46.415666
v 3.000000 5.000000 46.415666
v -3.000000 5.000000 47.780832
v -2.925000 5.000000 47.780832
v -2.850000 5.000000 47.780832
v -2.775000 5.000000 47.780832
v -2.700000 5.000000 47.780832
v -2.625000 5.000000 47.780832
v -2.550000 5.000000 47.780832
v -2.475000 5.000000 47.780832
v -2.400000 5.000000 47.780832
v -2.325000 5.000000 47.780832
v -2.250000 5.000000 47.780832
v -2.175000 5.000000 47.780832
v -2.100000 5.000000 47.780832
v -2.025000 5.000000 47.780832
v -1.950000 5.000000 47.780832
v -1.875000 5.000000 47.780832
v -1.800000 5.000000 47.780832
v -1.725000 5.000000 47.780832
v -1.650000 5.000000 47.780832
v -1.575000 5.000000 47.780832
v -1.500000 5.000000 47.780832
v -1.425000 5.000000 47.780832
v -1.350000 5.000000 47.780832
v -1.275000 5.000000 47.780832
v -1.200000 5.000000 47.780832
v -1.125000 5.000000 47.780832
v -1.050000 5.000000 47.780832
v -0.975000 5.000000 47.780832
v -0.900000 5.000000 47.780832
v -0.825000 5.000000 47.780832
v -0.750000 5.000000 47.780832
v -0.675000 5.000000 47.780832
v -0.600000 5.000000 47.780832
v -0.525000 5.000000 47.780832
v -0.450000 5.000000 47.780832
v -0.375000 5.000000 47.780832
v -0.300000 5.000000 47.780832
v -0.225000 5.000000 47.780832
v -0.150000 5.000000 47.780832
v -0.075000 5.000000 47.780832
v 0.000000 5.000000 47.780832
v 0.075000 5.000000 47.780832
v 0.150000 5.000000 47.780832
v 0.225000 5.000000 47.780832
v 0.300000 5.000000 47.780832
v 0.375000 5.000000 47.780832
v 0.450000 5.000000 47.780832
v 0.525000 5.000000 47.780832
v 0.600000 5.000000 47.780832
v 0.675000 5.000000 47.780832
v 0.750000 5.000000 47.780832
v 0.825000 5.000000 47.780832
v 0.900000 5.000000 47.780832
v 0.975000 5.000000 47.780832
v 1.050000 5.000000 47.780832
v 1.125000 5.000000 47.780832
v 1.200000 5.000000 47.780832
v 1.275000 5.000000 47.780832
v 1.350000 5.000000 47.780832
v 1.425000 5.000000 47.780832
v 1.500000 5.000000 47.780832
v 1.575000 5.000000 47.780832
v 1.650000 5.000000 47.780832
v 1.725000 5.000000 47.780832
v 1.800000 5.000000 47.780832
v 1.875000 5.000000 47.780832
v 1.950000 5.000000 47.780832
v 2.025000 5.000000 47.780832
v 2.100000 5.000000 47.780832
v 2.175000 5.000000 47.780832
v 2.250000 5.000000 47.780832
v 2.325000 5.000000 47.780832
v 2.400000 5.000000 47.780832
v 2.475000 5.000000 47.780832
v 2.550000 5.000000 47.780832
v 2.625000 5.000000 47.780832
v 2.700000 5.000000 47.780832
v 2.775000 5.000000 47.780832
v 2.850000 5.000000 47.780832
v 2.925000 5.000000 47.780832
v 3.000000 5.000000 47.780832
v -3.000000 5.000000 49.145999
v -2.925000 5.000000 49.145999
v -2.850000 5.000000 49.145999
v -2.775000 5.000000 49.145999
v -2.700000 5.000000 49.145999
v -2.625000 5.000000 49.145999
v -2.550000 5.000000 49.145999
v -2.475000 5.000000 49.145999
v -2.400000 5.000000 49.145999
v -2.325000 5.000000 49.145999
v -2.250000 5.000000 49.145999
v -2.175000 5.000000 49.145999
v -2.100000 5.000000 49.145999
v -2.025000 5.000000 49.145999
v -1.950000 5.000000 49.145999
v -1.875000 5.000000 49.145999
v -1.800000 5.000000 49.145999
v -1.725000 5.000000 49.145999
v -1.650000 5.000000 49.145999
v -1.575000 5.000000 49.145999
v -1.500000 5.000000 49.145999
v -1.425000 5.000000 49.145999
v -1.350000 5.000000 49.145999
v -1.275000 5.000000 49.145999
v -1.200000 5.000000 49.145999
v -1.125000 5.000000 49.145999
v -1.050000 5.000000 49.145999
v -0.975000 5.000000 49.145999
v -0.900000 5.000000 49.145999
v -0.825000 5.000000 49.145999
v -0.750000 5.000000 49.145999
v -0.675000 5.000000 49.145999
v -0.600000 5.000000 49.145999
v -0.525000 5.000000 49.145999
v -0.450000 5.000000 49.145999
v -0.375000 5.000000 49.145999
v -0.300000 5.000000 49.145999
v -0.225000 5.000000 49.145999
v -0.150000 5.000000 49.145999
v -0.075000 5.000000 49.145999
v 0.000000 5.000000 49.145999
v 0.075000 5.000000 49.145999
v 0.150000 5.000000 49.145999
v 0.225000 5.000000 49.145999
v 0.300000 5.000000 49.145999
v 0.375000 5.000000 49.145999
v 0.450000 5.000000 49.145999
v 0.525000 5.000000 49.145999
v 0.600000 5.000000 49.145999
v 0.675000 5.000000 49.145999
v 0.750000 5.000000 49.145999
v 0.825000 5.000000 49.145999
v 0.900000 5.000000 49.145999
v 0.975000 5.000000 49.145999
v 1.050000 5.000000 49.145999
v 1.125000 5.000000 49.145999
v 1.200000 5.000000 49.145999
v 1.275000 5.000000 49.145999
v 1.350000 5.000000 49.145999
v 1.425000 5.000000 49.145999
v 1.500000 5.000000 49.145999
v 1.575000 5.000000 49.145999
v 1.650000 5.000000 49.145999
v 1.725000 5.000000 49.145999
v 1.800000 5.000000 49.145999
v 1.875000 5.000000 49.145999
v 1.950000 5.000000 49.145999
v 2.025000 5.000000 49.145999
v 2.100000 5.000000 49.145999
v 2.175000 5.000000 49.145999
v 2.250000 5.000000 49.145999
v 2.325000 5.000000 49.145999
v 2.400000 5.000000 49.145999
v 2.475000 5.000000 49.145999
v 2.550000 5.000000 49.145999
v 2.625000 5.000000 49.145999
v 2.700000 5.000000 49.145999
v 2.775000 5.000000 49.145999
v 2.850000 5.000000 49.145999
v 2.925000 5.000000 49.145999
v 3.000000 5.000000 49.145999
v -3.000000 5.000000 50.511166
v -2.925000 5.000000 50.511166
v -2.850000 5.000000 50.511166
v -2.775000 5.000000 50.511166
v -2.700000 5.000000 50.511166
v -2.625000 5.000000 50.511166
v -2.550000 5.000000 50.511166
v -2.475000 5.000000 50.511166
v -2.400000 5.000000 50.511166
v -2.325000 5.000000 50.511166
v -2.250000 5.000000 50.511166
v -2.175000 5.000000 50.511166
v -2.100000 5.000000 50.511166
v -2.025000 5.000000 50.511166
v -1.950000 5.000000 50.511166
v -1.875000 5.000000 50.511166
v -1.800000 5.000000 50.511166
v -1.725000 5.000000 50.511166
v -1.650000 5.000000 50.511166
v -1.575000 5.000000 50.511166
v -1.500000 5.000000 50.511166
v -1.425000 5.000000 50.511166
v -1.350000 5.000000 50.511166
v -1.275000 5.000000 50.511166
v -1.200000 5.000000 50.511166
v -1.125000 5.000000 50.511166
v -1.050000 5.000000 50.511166
v -0.975000 5.000000 50.511166
v -0.900000 5.000000 50.511166
v -0.825000 5.000000 50.511166
v -0.750000 5.000000 50.511166
v -0.675000 5.000000 50.511166
v -0.600000 5.000000 50.511166
v -0.525000 5.000000 50.511166
v -0.450000 5.000000 50.511166
v -0.375000 5.000000 50.511166
v -0.300000 5.000000 50.511166
v -0.225000 5.000000 50.511166
v -0.150000 5.000000 50.511166
v -0.075000 5.000000 50.511166
v 0.000000 5.000000 50.511166
v 0.075000 5.000000 50.511166
v 0.150000 5.000000 50.511166
v 0.225000 5.000000 50.511166
v 0.300000 5.000000 50.511166
v 0.375000 5.000000 50.511166
v 0.450000 5.000000 50.511166
v 0.525000 5.000000 50.511166
v 0.600000 5.000000 50.511166
v 0.675000 5.000000 50.511166
v 0.750000 5.000000 50.511166
v 0.825000 5.000000 50.511166
v 0.900000 5.000000 50.511166
v 0.975000 5.000000 50.511166
v 1.050000 5.000000 50.511166
v 1.125000 5.000000 50.511166
v 1.200000 5.000000 50.511166
v 1.275000 5.000000 50.511166
v 1.350000 5.000000 50.511166
v 1.425000 5.000000 50.511166
v 1.500000 5.000000 50.511166
v 1.575000 5.000000 50.511166
v 1.650000 5.000000 50.511166
v 1.725000 5.000000 50.511166
v 1.800000 5.000000 50.511166
v 1.875000 5.000000 50.511166
v 1.950000 5.000000 50.511166
v 2.025000 5.000000 50.511166
v 2.100000 5.000000 50.511166
v 2.175000 5.000000 50.511166
v 2.250000 5.000000 50.511166
v 2.325000 5.000000 50.511166
v 2.400000 5.000000 50.511166
v 2.475000 5.000000 50.511166
v 2.550000 5.000000 50.511166
v 2.625000 5.000000 50.511166
v 2.700000 5.000000 50.511166
v 2.775000 5.000000 50.511166
v 2.850000 5.000000 50.511166
v 2.925000 5.000000 50.511166
v 3.000000 5.000000 50.511166
v -3.000000 5.000000 51.876332
v -2.925000 5.000000 51.876332
v -2.850000 5.000000 51.876332
v -2.775000 5.000000 51.876332
v -2.700000 5.000000 51.876332
v -2.625000 5.000000 51.876332
v -2.550000 5.000000 51.876332
v -2.475000 5.000000 51.876332
v -2.400000 5.000000 51.876332
v -2.325000 5.000000 51.876332
v -2.250000 5.000000 51.876332
v -2.175000 5.000000 51.876332
v -2.100000 5.000000 51.876332
v -2.025000 5.000000 51.876332
v -1.950000 5.000000 51.876332
v -1.875000 5.000000 51.876332
v -1.800000 5.000000 51.876332
v -1.725000 5.000000 51.876332
v -1.650000 5.000000 51.876332
v -1.575000 5.000000 51.876332
v -1.500000 5.000000 51.876332
v -1.425000 5.000000 51.876332
v -1.350000 5.000000 51.876332
v -1.275000 5.000000 51.876332
v -1.200000 5.000000 51.876332
v -1.125000 5.000000 51.876332
v -1.050000 5.000000 51.876332
v -0.975000 5.000000 51.876332
v -0.900000 5.000000 51.876332
v -0.825000 5.000000 51.876332
v -0.750000 5.000000 51.876332
v -0.675000 5.000000 51.876332
v -0.600000 5.000000 51.876332
v -0.525000 5.000000 51.876332
v -0.450000 5.000000 51.876332
v -0.375000 5.000000 51.876332
v -0.300000 5.000000 51.876332
v -0.225000 5.000000 51.876332
v -0.150000 5.000000 51.876332
v -0.075000 5.000000 51.876332
v 0.000000 5.000000 51.876332
v 0.075000 5.000000 51.876332
v 0.150000 5.000000 51.876332
v 0.225000 5.000000 51.876332
v 0.300000 5.000000 51.876332
v 0.375000 5.000000 51.876332
v 0.450000 5.000000 51.876332
v 0.525000 5.000000 51.876332
v 0.600000 5.000000 51.876332
v 0.675000 5.000000 51.876332
v 0.750000 5.000000 51.876332
v 0.825000 5.000000 51.876332
v 0.900000 5.000000 51.876332
v 0.975000 5.000000 51.876332
v 1.050000 5.000000 51.876332
v 1.125000 5.000000 51.876332
v 1.200000 5.000000 51.876332
v 1.275000 5.000000 51.876332
v 1.350000 5.000000 51.876332
v 1.425000 5.000000 51.876332
v 1.500000 5.000000 51.876332
v 1.575000 5.000000 51.876332
v 1.650000 5.000000 51.876332
v 1.725000 5.000000 51.876332
v 1.800000 5.000000 51.876332
v 1.875000 5.000000 51.876332
v 1.950000 5.000000 51.876332
v 2.025000 5.000000 51.876332
v 2.100000 5.000000 51.876332
v 2.175000 5.000000 51.876332
v 2.250000 5.000000 51.876332
v 2.325000 5.000000 51.876332
v 2.400000 5.000000 51.876332
v 2.475000 5.000000 51.876332
v 2.550000 5.000000 51.876332
v 2.625000 5.000000 51.876332
v 2.700000 5.000000 51.876332
v 2.775000 5.000000 51.876332
v 2.850000 5.000000 51.876332
v 2.925000 5.000000 51.876332
v 3.000000 5.000000 51.876332
v -3.000000 5.000000 53.241499
v -2.925000 5.000000 53.241499
v -2.850000 5.000000 53.241499
v -2.775000 5.000000 53.241499
v -2.700000 5.000000 53.241499
v -2.625000 5.000000 53.241499
v -2.550000 5.000000 53.241499
v -2.475000 5.000000 53.241499
v -2.400000 5.000000 53.241499
v -2.325000 5.000000 53.241499
v -2.250000 5.000000 53.241499
v -2.175000 5.000000 53.241499
v -2.100000 5.000000 53.241499
v -2.025000 5.000000 53.241499
v -1.950000 5.000000 53.241499
v -1.875000 5.000000 53.241499
v -1.800000 5.000000 53.241499
v -1.725000 5.000000 53.241499
v -1.650000 5.000000 53.241499
v -1.575000 5.000000 53.241499
v -1.500000 5.000000 53.241499
v -1.425000 5.000000 53.241499
v -1.350000 5.000000 53.241499
v -1.275000 5.000000 53.241499
v -1.200000 5.000000 53.241499
v -1.125000 5.000000 53.241499
v -1.050000 5.000000 53.241499
v -0.975000 5.000000 53.241499
v -0.900000 5.000000 53.241499
v -0.825000 5.000000 53.241499
v -0.750000 5.000000 53.241499
v -0.675000 5.000000 53.241499
v -0.600000 5.000000 53.241499
v -0.525000 5.000000 53.241499
v -0.450000 5.000000 53.241499
v -0.375000 5.000000 53.241499
v -0.300000 5.000000 53.241499
v -0.225000 5.000000 53.241499
v -0.150000 5.000000 53.241499
v -0.075000 5.000000 53.241499
v 0.000000 5.000000 53.241499
v 0.075000 5.000000 53.241499
v 0.150000 5.000000 53.241499
v 0.225000 5.000000 53.241499
v 0.300000 5.000000 53.241499
v 0.375000 5.000000 53.241499
v 0.450000 5.000000 53.241499
v 0.525000 5.000000 53.241499
v 0.600000 5.000000 53.241499
v 0.675000 5.000000 53.241499
v 0.750000 5.000000 53.241499
v 0.825000 5.000000 53.241499
v 0.900000 5.000000 53.241499
v 0.975000 5.000000 53.241499
v 1.050000 5.000000 53.241499
v 1.125000 5.000000 53.241499
v 1.200000 5.000000 53.241499
v 1.275000 5.000000 53.241499
v 1.350000 5.000000 53.241499
v 1.425000 5.000000 53.241499
v 1.500000 5.000000 53.241499
v 1.575000 5.000000 53.241499
v 1.650000 5.000000 53.241499
v 1.725000 5.000000 53.241499
v 1.800000 5.000000 53.241499
v 1.875000 5.000000 53.241499
v 1.950000 5.000000 53.241499
v 2.025000 5.000000 53.241499
v 2.100000 5.000000 53.241499
v 2.175000 5.000000 53.241499
v 2.250000 5.000000 53.241499
v 2.325000 5.000000 53.241499
v 2.400000 5.000000 53.241499
v 2.475000 5.000000 53.241499
v 2.550000 5.000000 53.241499
v 2.625000 5.000000 53.241499
v 2.700000 5.000000 53.241499
v 2.775000 5.000000 53.241499
v 2.850000 5.000000 53.241499
v 2.925000 5.000000 53.241499
v 3.000000 5.000000 53.241499
v -3.000000 5.000000 54.606666
v -2.925000 5.000000 54.606666
v -2.850000 5.000000 54.606666
v -2.775000 5.000000 54.606666
v -2.700000 5.000000 54.606666
v -2.625000 5.000000 54.606666
v -2.550000 5.000000 54.606666
v -2.475000 5.000000 54.606666
v -2.400000 5.000000 54.606666
v -2.325000 5.000000 54.606666
v -2.250000 5.000000 54.606666
v -2.175000 5.000000 54.606666
v -2.100000 5.000000 54.606666
v -2.025000 5.000000 54.606666
v -1.950000 5.000000 54.606666
v -1.875000 5.000000 54.606666
v -1.800000 5.000000 54.606666
v -1.725000 5.000000 54.606666
v -1.650000 5.000000 54.606666
v -1.575000 5.000000 54.606666
v -1.500000 5.000000 54.606666
v -1.425000 5.000000 54.606666
v -1.350000 5.000000 54.606666
v -1.275000 5.000000 54.606666
v -1.200000 5.000000 54.606666
v -1.125000 5.000000 54.606666
v -1.050000 5.000000 54.606666
v -0.975000 5.000000 54.606666
v -0.900000 5.000000 54.606666
v -0.825000 5.000000 54.606666
v -0.750000 5.000000 54.606666
v -0.675000 5.000000 54.606666
v -0.600000 5.000000 54.606666
v -0.525000 5.000000 54.606666
v -0.450000 5.000000 54.606666
v -0.375000 5.000000 54.606666
v -0.300000 5.000000 54.606666
v -0.225000 5.000000 54.606666
v -0.150000 5.000000 54.606666
v -0.075000 5.000000 54.606666
v 0.000000 5.000000 54.606666
v 0.075000 5.000000 54.606666
v 0.150000 5.000000 54.606666
v 0.225000 5.000000 54.606666
v 0.300000 5.000000 54.606666
v 0.375000 5.000000 54.606666
v 0.450000 5.000000 54.606666
v 0.525000 5.000000 54.606666
v 0.600000 5.000000 54.606666
v 0.675000 5.000000 54.606666
v 0.750000 5.000000 54.606666
v 0.825000 5.000000 54.606666
v 0.900000 5.000000 54.606666
v 0.975000 5.000000 54.606666
v 1.050000 5.000000 54.606666
v 1.125000 5.000000 54.606666
v 1.200000 5.000000 54.606666
v 1.275000 5.000000 54.606666
v 1.350000 5.000000 54.606666
v 1.425000 5.000000 54.606666
v 1.500000 5.000000 54.606666
v 1.575000 5.000000 54.606666
v 1.650000 5.000000 54.606666
v 1.725000 5.000000 54.606666
v 1.800000 5.000000 54.606666
v 1.875000 5.000000 54.606666
v 1.950000 5.000000 54.606666
v 2.025000 5.000000 54.606666
v 2.100000 5.000000 54.606666
v 2.175000 5.000000 54.606666
v 2.250000 5.000000 54.606666
v 2.325000 5.000000 54.606666
v 2.400000 5.000000 54.606666
v 2.475000 5.000000 54.606666
v 2.550000 5.000000 54.606666
v 2.625000 5.000000 54.606666
v 2.700000 5.000000 54.606666
v 2.775000 5.000000 54.606666
v 2.850000 5.000000 54.606666
v 2.925000 5.000000 54.606666
v 3.000000 5.000000 54.606666
f 3727 3728 3809
f 3727 3809 3808
f 3728 3729 3810
f 3728 3810 3809
f 3729 3730 3811
f 3729 3811 3810
f 3730 3731 3812
f 3730 3812 3811
f 3731 3732 3813
f 3731 3813 3812
f 3732 3733 3814
f 3732 3814 3813
f 3733 3734 3815
f 3733 3815 3814
f 3734 3735 3816
f 3734 3816 3815
f 3735 3736 3817
f 3735 3817 3816
f 3736 3737 3818
f 3736 3818 3817
f 3737 3738 3819
f 3737 3819 3818
f 3738 3739 3820
f 3738 3820 3819
f 3739 3740 3821
f 3739 3821 3820
f 3740 3741 3822
f 3740 3822 3821
f 3741 3742 3823
f 3741 3823 3822
f 3742 3743 3824
f 3742 3824 3823
f 3743 3744 3825
f 3743 3825 3824
f 3744 3745 3826
f 3744 3826 3825
f 3745 3746 3827
f 3745 3827 3826
f 3746 3747 3828
f 3746 3828 3827
f 3747 3748 3829
f 3747 3829 3828
f 3748 3749 3830
f 3748 3830 3829
f 3749 3750 3831
f 3749 3831 3830
f 3750 3751 3832
f 3750 3832 3831
f 3751 3752 3833
f 3751 3833 3832
f 3752 3753 3834
f 3752 3834 3833
f 3753 3754 3835
f 3753 3835 3834
f 3754 3755 3836
f 3754 3836 3835
f 3755 3756 3837
f 3755 3837 3836
f 3756 3757 3838
f 3756 3838 3837
f 3757 3758 3839
f 3757 3839 3838
f 3758 3759 3840
f 3758 3840 3839
f 3759 3760 3841
f 3759 3841 3840
f 3760 3761 3842
f 3760 3842 3841
f 3761 3762 3843
f 3761 3843 3842
f 3762 3763 3844
f 3762 3844 3843
f 3763 3764 3845
f 3763 3845 3844
f 3764 3765 3846
f 3764 3846 3845
f 3765 3766 3847
f 3765 3847 3846
f 3766 3767 3848
f 3766 3848 3847
f 3767 3768 3849
f 3767 3849 3848
f 3768 3769 3850
f 3768 3850 3849
f 3769 3770 3851
f 3769 3851 3850
f 3770 3771 3852
f 3770 3852 3851
f 3771 3772 3853
f 3771 3853 3852
f 3772 3773 3854
f 3772 3854 3853
f 3773 3774 3855
f 3773 3855 3854
f 3774 3775 3856
f 3774 3856 3855
f 3775 3776 3857
f 3775 3857 3856
f 3776 3777 3858
f 3776 3858 3857
f 3777 3778 3859
f 3777 3859 3858
f 3778 3779 3860
f 3778 3860 3859
f 3779 3780 3861
f 3779 3861 3860
f 3780 3781 3862
f 3780 3862 3861
f 3781 3782 3863
f 3781 3863 3862
f 3782 3783 3864
f 3782 3864 3863
f 3783 3784 3865
f 3783 3865 3864
f 3784 3785 3866
f 3784 3866 3865
f 3785 3786 3867
f 3785 3867 3866
f 3786 3787 3868
f 3786 3868 3867
f 3787 3788 3869
f 3787 3869 3868
f 3788 3789 3870
f 3788 3870 3869
f 3789 3790 3871
f 3789 3871 3870
f 3790 3791 3872
f 3790 3872 3871
f 3791 3792 3873
f 3791 3873 3872
f 3792 3793 3874
f 3792 3874 3873
f 3793 3794 3875
f 3793 3875 3874
f 3794 3795 3876
f 3794 3876 3875
f 3795 3796 3877
f 3795 3877 3876
f 3796 3797 3878
f 3796 3878 3877
f 3797 3798 3879
f 3797 3879 3878
f 3798 3799 3880
f 3798 3880 3879
f 3799 3800 3881
f 3799 3881 3880
f 3800 3801 3882
f 3800 3882 3881
f 3801 3802 3883
f 3801 3883 3882
f 3802 3803 3884
f 3802 3884 3883
f 3803 3804 3885
f 3803 3885 3884
f 3804 3805 3886
f 3804 3886 3885
f 3805 3806 3887
f 3805 3887 3886
f 3806 3807 3888
f 3806 3888 3887
f 3808 3809 3890
f 3808 3890 3889
f 3809 3810 3891
f 3809 3891 3890
f 3810 3811 3892
f 3810 3892 3891
f 3811 3812 3893
f 3811 3893 3892
f 3812 3813 3894
f 3812 3894 3893
f 3813 3814 3895
f 3813 3895 3894
f 3814 3815 3896
f 3814 3896 3895
f 3815 3816 3897
f 3815 3897 3896
f 3816 3817 3898
f 3816 3898 3897
f 3817 3818 3899
f 3817 3899 3898
f 3818 3819 3900
f 3818 3900 3899
f 3819 3820 3901
f 3819 3901 3900
f 3820 3821 3902
f 3820 3902 3901
f 3821 3822 3903
f 3821 3903 3902
f 3822 3823 3904
f 3822 3904 3903
f 3823 3824 3905
f 3823 3905 3904
f 3824 3825 3906
f 3824 3906 3905
f 3825 3826 3907
f 3825 3907 3906
f 3826 3827 3908
f 3826 3908 3907
f 3827 3828 3909
f 3827 3909 3908
f 3828 3829 3910
f 3828 3910 3909
f 3829 3830 3911
f 3829 3911 3910
f 3830 3831 3912
f 3830 3912 3911
f 3831 3832 3913
f 3831 3913 3912
f 3832 3833 3914
f 3832 3914 3913
f 3833 3834 3915
f 3833 3915 3914
f 3834 3835 3916
f 3834 3916 3915
f 3835 3836 3917
f 3835 3917 3916
f 3836 3837 3918
f 3836 3918 3917
f 3837 3838 3919
f 3837 3919 3918
f 3838 3839 3920
f 3838 3920 3919
f 3839 3840 3921
f 3839 3921 3920
f 3840 3841 3922
f 3840 3922 3921
f 3841 3842 3923
f 3841 3923 3922
f 3842 3843 3924
f 3842 3924 3923
f 3843 3844 3925
f 3843 3925 3924
f 3844 3845 3926
f 3844 3926 3925
f 3845 3846 3927
f 3845 3927 3926
f 3846 3847 3928
f 3846 3928 3927
f 3847 3848 3929
f 3847 3929 3928
f 3848 3849 3930
f 3848 3930 3929
f 3849 3850 3931
f 3849 3931 3930
f 3850 3851 3932
f 3850 3932 3931
f 3851 3852 3933
f 3851 3933 3932
f 3852 3853 3934
f 3852 3934 3933
f 3853 3854 3935
f 3853 3935 3934
f 3854 3855 3936
f 3854 3936 3935
f 3855 3856 3937
f 3855 3937 3936
f 3856 3857 3938
f 3856 3938 3937
f 3857 3858 3939
f 3857 3939 3938
f 3858 3859 3940
f 3858 3940 3939
f 3859 3860 3941
f 3859 3941 3940
f 3860 3861 3942
f 3860 3942 3941
f 3861 3862 3943
f 3861 3943 3942
f 3862 3863 3944
f 3862 3944 3943
f 3863 3864 3945
f 3863 3945 3944
f 3864 3865 3946
f 3864 3946 3945
f 3865 3866 3947
f 3865 3947 3946
f 3866 3867 3948
f 3866 3948 3947
f 3867 3868 3949
f 3867 3949 3948
f 3868 3869 3950
f 3868 3950 3949
f 3869 3870 3951
f 3869 3951 3950
f 3870 3871 3952
f 3870 3952 3951
f 3871 3872 3953
f 3871 3953 3952
f 3872 3873 3954
f 3872 3954 3953
f 3873 3874 3955
f 3873 3955 3954
f 3874 3875 3956
f 3874 3956 3955
f 3875 3876 3957
f 3875 3957 3956
f 3876 3877 3958
f 3876 3958 3957
f 3877 3878 3959
f 3877 3959 3958
f 3878 3879 3960
f 3878 3960 3959
f 3879 3880 3961
f 3879 3961 3960
f 3880 3881 3962
f 3880 3962 3961
f 3881 3882 3963
f 3881 3963 3962
f 3882 3883 3964
f 3882 3964 3963
f 3883 3884 3965
f 3883 3965 3964
f 3884 3885 3966
f 3884 3966 3965
f 3885 3886 3967
f 3885 3967 3966
f 3886 3887 3968
f 3886 3968 3967
f 3887 3888 3969
f 3887 3969 3968
f 3889 3890 3971
f 3889 3971 3970
f 3890 3891 3972
f 3890 3972 3971
f 3891 3892 3973
f 3891 3973 3972
f 3892 3893 3974
f 3892 3974 3973
f 3893 3894 3975
f 3893 3975 3974
f 3894 3895 3976
f 3894 3976 3975
f 3895 3896 3977
f 3895 3977 3976
f 3896 3897 3978
f 3896 3978 3977
f 3897 3898 3979
f 3897 3979 3978
f 3898 3899 3980
f 3898 3980 3979
f 3899 3900 3981
f 3899 3981 3980
f 3900 3901 3982
f 3900 3982 3981
f 3901 3902 3983
f 3901 3983 3982
f 3902 3903 3984
f 3902 3984 3983
f 3903 3904 3985
f 3903 3985 3984
f 3904 3905 3986
f 3904 3986 3985
f 3905 3906 3987
f 3905 3987 3986
f 3906 3907 3988
f 3906 3988 3987
f 3907 3908 3989
f 3907 3989 3988
f 3908 3909 3990
f 3908 3990 3989
f 3909 3910 3991
f 3909 3991 3990
f 3910 3911 3992
f 3910 3992 3991
f 3911 3912 3993
f 3911 3993 3992
f 3912 3913 3994
f 3912 3994 3993
f 3913 3914 3995
f 3913 3995 3994
f 3914 3915 3996
f 3914 3996 3995
f 3915 3916 3997
f 3915 3997 3996
f 3916 3917 3998
f 3916 3998 3997
f 3917 3918 3999
f 3917 3999 3998
f 3918 3919 4000
f 3918 4000 3999
f 3919 3920 4001
f 3919 4001 4000
f 3920 3921 4002
f 3920 4002 4001
f 3921 3922 4003
f 3921 4003 4002
f 3922 3923 4004
f 3922 4004 4003
f 3923 3924 4005
f 3923 4005 4004
f 3924 3925 4006
f 3924 4006 4005
f 3925 3926 4007
f 3925 4007 4006
f 3926 3927 4008
f 3926 4008 4007
f 3927 3928 4009
f 3927 4009 4008
f 3928 3929 4010
f 3928 4010 4009
f 3929 3930 4011
f 3929 4011 4010
f 3930 3931 4012
f 3930 4012 4011
f 3931 3932 4013
f 3931 4013 4012
f 3932 3933 4014
f 3932 4014 4013
f 3933 3934 4015
f 3933 4015 4014
f 3934 3935 4016
f 3934 4016 4015
f 3935 3936 4017
f 3935 4017 4016
f 3936 3937 4018
f 3936 4018 4017
f 3937 3938 4019
f 3937 4019 4018
f 3938 3939 4020
f 3938 4020 4019
f 3939 3940 4021
f 3939 4021 4020
f 3940 3941 4022
f 3940 4022 4021
f 3941 3942 4023
f 3941 4023 4022
f 3942 3943 4024
f 3942 4024 4023
f 3943 3944 4025
f 3943 4025 4024
f 3944 3945 4026
f 3944 4026 4025
f 3945 3946 4027
f 3945 4027 4026
f 3946 3947 4028
f 3946 4028 4027
f 3947 3948 4029
f 3947 4029 4028
f 3948 3949 4030
f 3948 4030 4029
f 3949 3950 4031
f 3949 4031 4030
f 3950 3951 4032
f 3950 4032 4031
f 3951 3952 4033
f 3951 4033 4032
f 3952 3953 4034
f 3952 4034 4033
f 3953 3954 4035
f 3953 4035 4034
f 3954 3955 4036
f 3954 4036 4035
f 3955 3956 4037
f 3955 4037 4036
f 3956 3957 4038
f 3956 4038 4037
f 3957 3958 4039
f 3957 4039 4038
f 3958 3959 4040
f 3958 4040 4039
f 3959 3960 4041
f 3959 4041 4040
f 3960 3961 4042
f 3960 4042 4041
f 3961 3962 4043
f 3961 4043 4042
f 3962 3963 4044
f 3962 4044 4043
f 3963 3964 4045
f 3963 4045 4044
f 3964 3965 4046
f 3964 4046 4045
f 3965 3966 4047
f 3965 4047 4046
f 3966 3967 4048
f 3966 4048 4047
f 3967 3968 4049
f 3967 4049 4048
f 3968 3969 4050
f 3968 4050 4049
f 3970 3971 4052
f 3970 4052 4051
f 3971 3972 4053
f 3971 4053 4052
f 3972 3973 4054
f 3972 4054 4053
f 3973 3974 4055
f 3973 4055 4054
f 3974 3975 4056
f 3974 4056 4055
f 3975 3976 4057
f 3975 4057 4056
f 3976 3977 4058
f 3976 4058 4057
f 3977 3978 4059
f 3977 4059 4058
f 3978 3979 4060
f 3978 4060 4059
f 3979 3980 4061
f 3979 4061 4060
f 3980 3981 4062
f 3980 4062 4061
f 3981 3982 4063
f 3981 4063 4062
f 3982 3983 4064
f 3982 4064 4063
f 3983 3984 4065
f 3983 4065 4064
f 3984 3985 4066
f 3984 4066 4065
f 3985 3986 4067
f 3985 4067 4066
f 3986 3987 4068
f 3986 4068 4067
f 3987 3988 4069
f 3987 4069 4068
f 3988 3989 4070
f 3988 4070 4069
f 3989 3990 4071
f 3989 4071 4070
f 3990 3991 4072
f 3990 4072 4071
f 3991 3992 4073
f 3991 4073 4072
f 3992 3993 4074
f 3992 4074 4073
f 3993 3994 4075
f 3993 4075 4074
f 3994 3995 4076
f 3994 4076 4075
f 3995 3996 4077
f 3995 4077 4076
f 3996 3997 4078
f 3996 4078 4077
f 3997 3998 4079
f 3997 4079 4078
f 3998 3999 4080
f 3998 4080 4079
f 3999 4000 4081
f 3999 4081 4080
f 4000 4001 4082
f 4000 4082 4081
f 4001 4002 4083
f 4001 4083 4082
f 4002 4003 4084
f 4002 4084 4083
f 4003 4004 4085
f 4003 4085 4084
f 4004 4005 4086
f 4004 4086 4085
f 4005 4006 4087
f 4005 4087 4086
f 4006 4007 4088
f 4006 4088 4087
f 4007 4008 4089
f 4007 4089 4088
f 4008 4009 4090
f 4008 4090 4089
f 4009 4010 4091
f 4009 4091 4090
f 4010 4011 4092
f 4010 4092 4091
f 4011 4012 4093
f 4011 4093 4092
f 4012 4013 4094
f 4012 4094 4093
f 4013 4014 4095
f 4013 4095 4094
f 4014 4015 4096
f 4014 4096 4095
f 4015 4016 4097
f 4015 4097 4096
f 4016 4017 4098
f 4016 4098 4097
f 4017 4018 4099
f 4017 4099 4098
f 4018 4019 4100
f 4018 4100 4099
f 4019 4020 4101
f 4019 4101 4100
f 4020 4021 4102
f 4020 4102 4101
f 4021 4022 4103
f 4021 4103 4102
f 4022 4023 4104
f 4022 4104 4103
f 4023 4024 4105
f 4023 4105 4104
f 4024 4025 4106
f 4024 4106 4105
f 4025 4026 4107
f 4025 4107 4106
f 4026 4027 4108
f 4026 4108 4107
f 4027 4028 4109
f 4027 4109 4108
f 4028 4029 4110
f 4028 4110 4109
f 4029 4030 4111
f 4029 4111 4110
f 4030 4031 4112
f 4030 4112 4111
f 4031 4032 4113
f 4031 4113 4112
f 4032 4033 4114
f 4032 4114 4113
f 4033 4034 4115
f 4033 4115 4114
f 4034 4035 4116
f 4034 4116 4115
f 4035 4036 4117
f 4035 4117 4116
f 4036 4037 4118
f 4036 4118 4117
f 4037 4038 4119
f 4037 4119 4118
f 4038 4039 4120
f 4038 4120 4119
f 4039 4040 4121
f 4039 4121 4120
f 4040 4041 4122
f 4040 4122 4121
f 4041 4042 4123
f 4041 4123 4122
f 4042 4043 4124
f 4042 4124 4123
f 4043 4044 4125
f 4043 4125 4124
f 4044 4045 4126
f 4044 4126 4125
f 4045 4046 4127
f 4045 4127 4126
f 4046 4047 4128
f 4046 4128 4127
f 4047 4048 4129
f 4047 4129 4128
f 4048 4049 4130
f 4048 4130 4129
f 4049 4050 4131
f 4049 4131 4130
f 4051 4052 4133
f 4051 4133 4132
f 4052 4053 4134
f 4052 4134 4133
f 4053 4054 4135
f 4053 4135 4134
f 4054 4055 4136
f 4054 4136 4135
f 4055 4056 4137
f 4055 4137 4136
f 4056 4057 4138
f 4056 4138 4137
f 4057 4058 4139
f 4057 4139 4138
f 4058 4059 4140
f 4058 4140 4139
f 4059 4060 4141
f 4059 4141 4140
f 4060 4061 4142
f 4060 4142 4141
f 4061 4062 4143
f 4061 4143 4142
f 4062 4063 4144
f 4062 4144 4143
f 4063 4064 4145
f 4063 4145 4144
f 4064 4065 4146
f 4064 4146 4145
f 4065 4066 4147
f 4065 4147 4146
f 4066 4067 4148
f 4066 4148 4147
f 4067 4068 4149
f 4067 4149 4148
f 4068 4069 4150
f 4068 4150 4149
f 4069 4070 4151
f 4069 4151 4150
f 4070 4071 4152
f 4070 4152 4151
f 4071 4072 4153
f 4071 4153 4152
f 4072 4073 4154
f 4072 4154 4153
f 4073 4074 4155
f 4073 4155 4154
f 4074 4075 4156
f 4074 4156 4155
f 4075 4076 4157
f 4075 4157 4156
f 4076 4077 4158
f 4076 4158 4157
f 4077 4078 4159
f 4077 4159 4158
f 4078 4079 4160
f 4078 4160 4159
f 4079 4080 4161
f 4079 4161 4160
f 4080 4081 4162
f 4080 4162 4161
f 4081 4082 4163
f 4081 4163 4162
f 4082 4083 4164
f 4082 4164 4163
f 4083 4084 4165
f 4083 4165 4164
f 4084 4085 4166
f 4084 4166 4165
f 4085 4086 4167
f 4085 4167 4166
f 4086 4087 4168
f 4086 4168 4167
f 4087 4088 4169
f 4087 4169 4168
f 4088 4089 4170
f 4088 4170 4169
f 4089 4090 4171
f 4089 4171 4170
f 4090 4091 4172
f 4090 4172 4171
f 4091 4092 4173
f 4091 4173 4172
f 4092 4093 4174
f 4092 4174 4173
f 4093 4094 4175
f 4093 4175 4174
f 4094 4095 4176
f 4094 4176 4175
f 4095 4096 4177
f 4095 4177 4176
f 4096 4097 4178
f 4096 4178 4177
f 4097 4098 4179
f 4097 4179 4178
f 4098 4099 4180
f 4098 4180 4179
f 4099 4100 4181
f 4099 4181 4180
f 4100 4101 4182
f 4100 4182 4181
f 4101 4102 4183
f 4101 4183 4182
f 4102 4103 4184
f 4102 4184 4183
f 4103 4104 4185
f 4103 4185 4184
f 4104 4105 4186
f 4104 4186 4185
f 4105 4106 4187
f 4105 4187 4186
f 4106 4107 4188
f 4106 4188 4187
f 4107 4108 4189
f 4107 4189 4188
f 4108 4109 4190
f 4108 4190 4189
f 4109 4110 4191
f 4109 4191 4190
f 4110 4111 4192
f 4110 4192 4191
f 4111 4112 4193
f 4111 4193 4192
f 4112 4113 4194
f 4112 4194 4193
f 4113 4114 4195
f 4113 4195 4194
f 4114 4115 4196
f 4114 4196 4195
f 4115 4116 4197
f 4115 4197 4196
f 4116 4117 4198
f 4116 4198 4197
f 4117 4118 4199
f 4117 4199 4198
f 4118 4119 4200
f 4118 4200 4199
f 4119 4120 4201
f 4119 4201 4200
f 4120 4121 4202
f 4120 4202 4201
f 4121 4122 4203
f 4121 4203 4202
f 4122 4123 4204
f 4122 4204 4203
f 4123 4124 4205
f 4123 4205 4204
f 4124 4125 4206
f 4124 4206 4205
f 4125 4126 4207
f 4125 4207 4206
f 4126 4127 4208
f 4126 4208 4207
f 4127 4128 4209
f 4127 4209 4208
f 4128 4129 4210
f 4128 4210 4209
f 4129 4130 4211
f 4129 4211 4210
f 4130 4131 4212
f 4130 4212 4211
f 4132 4133 4214
f 4132 4214 4213
f 4133 4134 4215
f 4133 4215 4214
f 4134 4135 4216
f 4134 4216 4215
f 4135 4136 4217
f 4135 4217 4216
f 4136 4137 4218
f 4136 4218 4217
f 4137 4138 4219
f 4137 4219 4218
f 4138 4139 4220
f 4138 4220 4219
f 4139 4140 4221
f 4139 4221 4220
f 4140 4141 4222
f 4140 4222 4221
f 4141 4142 4223
f 4141 4223 4222
f 4142 4143 4224
f 4142 4224 4223
f 4143 4144 4225
f 4143 4225 4224
f 4144 4145 4226
f 4144 4226 4225
f 4145 4146 4227
f 4145 4227 4226
f 4146 4147 4228
f 4146 4228 4227
f 4147 4148 4229
f 4147 4229 4228
f 4148 4149 4230
f 4148 4230 4229
f 4149 4150 4231
f 4149 4231 4230
f 4150 4151 4232
f 4150 4232 4231
f 4151 4152 4233
f 4151 4233 4232
f 4152 4153 4234
f 4152 4234 4233
f 4153 4154 4235
f 4153 4235 4234
f 4154 4155 4236
f 4154 4236 4235
f 4155 4156 4237
f 4155 4237 4236
f 4156 4157 4238
f 4156 4238 4237
f 4157 4158 4239
f 4157 4239 4238
f 4158 4159 4240
f 4158 4240 4239
f 4159 4160 4241
f 4159 4241 4240
f 4160 4161 4242
f 4160 4242 4241
f 4161 4162 4243
f 4161 4243 4242
f 4162 4163 4244
f 4162 4244 4243
f 4163 4164 4245
f 4163 4245 4244
f 4164 4165 4246
f 4164 4246 4245
f 4165 4166 4247
f 4165 4247 4246
f 4166 4167 4248
f 4166 4248 4247
f 4167 4168 4249
f 4167 4249 4248
f 4168 4169 4250
f 4168 4250 4249
f 4169 4170 4251
f 4169 4251 4250
f 4170 4171 4252
f 4170 4252 4251
f 4171 4172 4253
f 4171 4253 4252
f 4172 4173 4254
f 4172 4254 4253
f 4173 4174 4255
f 4173 4255 4254
f 4174 4175 4256
f 4174 4256 4255
f 4175 4176 4257
f 4175 4257 4256
f 4176 4177 4258
f 4176 4258 4257
f 4177 4178 4259
f 4177 4259 4258
f 4178 4179 4260
f 4178 4260 4259
f 4179 4180 4261
f 4179 4261 4260
f 4180 4181 4262
f 4180 4262 4261
f 4181 4182 4263
f 4181 4263 4262
f 4182 4183 4264
f 4182 4264 4263
f 4183 4184 4265
f 4183 4265 4264
f 4184 4185 4266
f 4184 4266 4265
f 4185 4186 4267
f 4185 4267 4266
f 4186 4187 4268
f 4186 4268 4267
f 4187 4188 4269
f 4187 4269 4268
f 4188 4189 4270
f 4188 4270 4269
f 4189 4190 4271
f 4189 4271 4270
f 4190 4191 4272
f 4190 4272 4271
f 4191 4192 4273
f 4191 4273 4272
f 4192 4193 4274
f 4192 4274 4273
f 4193 4194 4275
f 4193 4275 4274
f 4194 4195 4276
f 4194 4276 4275
f 4195 4196 4277
f 4195 4277 4276
f 4196 4197 4278
f 4196 4278 4277
f 4197 4198 4279
f 4197 4279 4278
f 4198 4199 4280
f 4198 4280 4279
f 4199 4200 4281
f 4199 4281 4280
f 4200 4201 4282
f 4200 4282 4281
f 4201 4202 4283
f 4201 4283 4282
f 4202 4203 4284
f 4202 4284 4283
f 4203 4204 4285
f 4203 4285 4284
f 4204 4205 4286
f 4204 4286 4285
f 4205 4206 4287
f 4205 4287 4286
f 4206 4207 4288
f 4206 4288 4287
f 4207 4208 4289
f 4207 4289 4288
f 4208 4209 4290
f 4208 4290 4289
f 4209 4210 4291
f 4209 4291 4290
f 4210 4211 4292
f 4210 4292 4291
f 4211 4212 4293
f 4211 4293 4292
f 4213 4214 4295
f 4213 4295 4294
f 4214 4215 4296
f 4214 4296 4295
f 4215 4216 4297
f 4215 4297 4296
f 4216 4217 4298
f 4216 4298 4297
f 4217 4218 4299
f 4217 4299 4298
f 4218 4219 4300
f 4218 4300 4299
f 4219 4220 4301
f 4219 4301 4300
f 4220 4221 4302
f 4220 4302 4301
f 4221 4222 4303
f 4221 4303 4302
f 4222 4223 4304
f 4222 4304 4303
f 4223 4224 4305
f 4223 4305 4304
f 4224 4225 4306
f 4224 4306 4305
f 4225 4226 4307
f 4225 4307 4306
f 4226 4227 4308
f 4226 4308 4307
f 4227 4228 4309
f 4227 4309 4308
f 4228 4229 4310
f 4228 4310 4309
f 4229 4230 4311
f 4229 4311 4310
f 4230 4231 4312
f 4230 4312 4311
f 4231 4232 4313
f 4231 4313 4312
f 4232 4233 4314
f 4232 4314 4313
f 4233 4234 4315
f 4233 4315 4314
f 4234 4235 4316
f 4234 4316 4315
f 4235 4236 4317
f 4235 4317 4316
f 4236 4237 4318
f 4236 4318 4317
f 4237 4238 4319
f 4237 4319 4318
f 4238 4239 4320
f 4238 4320 4319
f 4239 4240 4321
f 4239 4321 4320
f 4240 4241 4322
f 4240 4322 4321
f 4241 4242 4323
f 4241 4323 4322
f 4242 4243 4324
f 4242 4324 4323
f 4243 4244 4325
f 4243 4325 4324
f 4244 4245 4326
f 4244 4326 4325
f 4245 4246 4327
f 4245 4327 4326
f 4246 4247 4328
f 4246 4328 4327
f 4247 4248 4329
f 4247 4329 4328
f 4248 4249 4330
f 4248 4330 4329
f 4249 4250 4331
f 4249 4331 4330
f 4250 4251 4332
f 4250 4332 4331
f 4251 4252 4333
f 4251 4333 4332
f 4252 4253 4334
f 4252 4334 4333
f 4253 4254 4335
f 4253 4335 4334
f 4254 4255 4336
f 4254 4336 4335
f 4255 4256 4337
f 4255 4337 4336
f 4256 4257 4338
f 4256 4338 4337
f 4257 4258 4339
f 4257 4339 4338
f 4258 4259 4340
f 4258 4340 4339
f 4259 4260 4341
f 4259 4341 4340
f 4260 4261 4342
f 4260 4342 4341
f 4261 4262 4343
f 4261 4343 4342
f 4262 4263 4344
f 4262 4344 4343
f 4263 4264 4345
f 4263 4345 4344
f 4264 4265 4346
f 4264 4346 4345
f 4265 4266 4347
f 4265 4347 4346
f 4266 4267 4348
f 4266 4348 4347
f 4267 4268 4349
f 4267 4349 4348
f 4268 4269 4350
f 4268 4350 4349
f 4269 4270 4351
f 4269 4351 4350
f 4270 4271 4352
f 4270 4352 4351
f 4271 4272 4353
f 4271 4353 4352
f 4272 4273 4354
f 4272 4354 4353
f 4273 4274 4355
f 4273 4355 4354
f 4274 4275 4356
f 4274 4356 4355
f 4275 4276 4357
f 4275 4357 4356
f 4276 4277 4358
f 4276 4358 4357
f 4277 4278 4359
f 4277 4359 4358
f 4278 4279 4360
f 4278 4360 4359
f 4279 4280 4361
f 4279 4361 4360
f 4280 4281 4362
f 4280 4362 4361
f 4281 4282 4363
f 4281 4363 4362
f 4282 4283 4364
f 4282 4364 4363
f 4283 4284 4365
f 4283 4365 4364
f 4284 4285 4366
f 4284 4366 4365
f 4285 4286 4367
f 4285 4367 4366
f 4286 4287 4368
f 4286 4368 4367
f 4287 4288 4369
f 4287 4369 4368
f 4288 4289 4370
f 4288 4370 4369
f 4289 4290 4371
f 4289 4371 4370
f 4290 4291 4372
f 4290 4372 4371
f 4291 4292 4373
f 4291 4373 4372
f 4292 4293 4374
f 4292 4374 4373
f 4294 4295 4376
f 4294 4376 4375
f 4295 4296 4377
f 4295 4377 4376
f 4296 4297 4378
f 4296 4378 4377
f 4297 4298 4379
f 4297 4379 4378
f 4298 4299 4380
f 4298 4380 4379
f 4299 4300 4381
f 4299 4381 4380
f 4300 4301 4382
f 4300 4382 4381
f 4301 4302 4383
f 4301 4383 4382
f 4302 4303 4384
f 4302 4384 4383
f 4303 4304 4385
f 4303 4385 4384
f 4304 4305 4386
f 4304 4386 4385
f 4305 4306 4387
f 4305 4387 4386
f 4306 4307 4388
f 4306 4388 4387
f 4307 4308 4389
f 4307 4389 4388
f 4308 4309 4390
f 4308 4390 4389
f 4309 4310 4391
f 4309 4391 4390
f 4310 4311 4392
f 4310 4392 4391
f 4311 4312 4393
f 4311 4393 4392
f 4312 4313 4394
f 4312 4394 4393
f 4313 4314 4395
f 4313 4395 4394
f 4314 4315 4396
f 4314 4396 4395
f 4315 4316 4397
f 4315 4397 4396
f 4316 4317 4398
f 4316 4398 4397
f 4317 4318 4399
f 4317 4399 4398
f 4318 4319 4400
f 4318 4400 4399
f 4319 4320 4401
f 4319 4401 4400
f 4320 4321 4402
f 4320 4402 4401
f 4321 4322 4403
f 4321 4403 4402
f 4322 4323 4404
f 4322 4404 4403
f 4323 4324 4405
f 4323 4405 4404
f 4324 4325 4406
f 4324 4406 4405
f 4325 4326 4407
f 4325 4407 4406
f 4326 4327 4408
f 4326 4408 4407
f 4327 4328 4409
f 4327 4409 4408
f 4328 4329 4410
f 4328 4410 4409
f 4329 4330 4411
f 4329 4411 4410
f 4330 4331 4412
f 4330 4412 4411
f 4331 4332 4413
f 4331 4413 4412
f 4332 4333 4414
f 4332 4414 4413
f 4333 4334 4415
f 4333 4415 4414
f 4334 4335 4416
f 4334 4416 4415
f 4335 4336 4417
f 4335 4417 4416
f 4336 4337 4418
f 4336 4418 4417
f 4337 4338 4419
f 4337 4419 4418
f 4338 4339 4420
f 4338 4420 4419
f 4339 4340 4421
f 4339 4421 4420
f 4340 4341 4422
f 4340 4422 4421
f 4341 4342 4423
f 4341 4423 4422
f 4342 4343 4424
f 4342 4424 4423
f 4343 4344 4425
f 4343 4425 4424
f 4344 4345 4426
f 4344 4426 4425
f 4345 4346 4427
f 4345 4427 4426
f 4346 4347 4428
f 4346 4428 4427
f 4347 4348 4429
f 4347 4429 4428
f 4348 4349 4430
f 4348 4430 4429
f 4349 4350 4431
f 4349 4431 4430
f 4350 4351 4432
f 4350 4432 4431
f 4351 4352 4433
f 4351 4433 4432
f 4352 4353 4434
f 4352 4434 4433
f 4353 4354 4435
f 4353 4435 4434
f 4354 4355 4436
f 4354 4436 4435
f 4355 4356 4437
f 4355 4437 4436
f 4356 4357 4438
f 4356 4438 4437
f 4357 4358 4439
f 4357 4439 4438
f 4358 4359 4440
f 4358 4440 4439
f 4359 4360 4441
f 4359 4441 4440
f 4360 4361 4442
f 4360 4442 4441
f 4361 4362 4443
f 4361 4443 4442
f 4362 4363 4444
f 4362 4444 4443
f 4363 4364 4445
f 4363 4445 4444
f 4364 4365 4446
f 4364 4446 4445
f 4365 4366 4447
f 4365 4447 4446
f 4366 4367 4448
f 4366 4448 4447
f 4367 4368 4449
f 4367 4449 4448
f 4368 4369 4450
f 4368 4450 4449
f 4369 4370 4451
f 4369 4451 4450
f 4370 4371 4452
f 4370 4452 4451
f 4371 4372 4453
f 4371 4453 4452
f 4372 4373 4454
f 4372 4454 4453
f 4373 4374 4455
f 4373 4455 4454
f 4375 4376 4457
f 4375 4457 4456
f 4376 4377 4458
f 4376 4458 4457
f 4377 4378 4459
f 4377 4459 4458
f 4378 4379 4460
f 4378 4460 4459
f 4379 4380 4461
f 4379 4461 4460
f 4380 4381 4462
f 4380 4462 4461
f 4381 4382 4463
f 4381 4463 4462
f 4382 4383 4464
f 4382 4464 4463
f 4383 4384 4465
f 4383 4465 4464
f 4384 4385 4466
f 4384 4466 4465
f 4385 4386 4467
f 4385 4467 4466
f 4386 4387 4468
f 4386 4468 4467
f 4387 4388 4469
f 4387 4469 4468
f 4388 4389 4470
f 4388 4470 4469
f 4389 4390 4471
f 4389 4471 4470
f 4390 4391 4472
f 4390 4472 4471
f 4391 4392 4473
f 4391 4473 4472
f 4392 4393 4474
f 4392 4474 4473
f 4393 4394 4475
f 4393 4475 4474
f 4394 4395 4476
f 4394 4476 4475
f 4395 4396 4477
f 4395 4477 4476
f 4396 4397 4478
f 4396 4478 4477
f 4397 4398 4479
f 4397 4479 4478
f 4398 4399 4480
f 4398 4480 4479
f 4399 4400 4481
f 4399 4481 4480
f 4400 4401 4482
f 4400 4482 4481
f 4401 4402 4483
f 4401 4483 4482
f 4402 4403 4484
f 4402 4484 4483
f 4403 4404 4485
f 4403 4485 4484
f 4404 4405 4486
f 4404 4486 4485
f 4405 4406 4487
f 4405 4487 4486
f 4406 4407 4488
f 4406 4488 4487
f 4407 4408 4489
f 4407 4489 4488
f 4408 4409 4490
f 4408 4490 4489
f 4409 4410 4491
f 4409 4491 4490
f 4410 4411 4492
f 4410 4492 4491
f 4411 4412 4493
f 4411 4493 4492
f 4412 4413 4494
f 4412 4494 4493
f 4413 4414 4495
f 4413 4495 4494
f 4414 4415 4496
f 4414 4496 4495
f 4415 4416 4497
f 4415 4497 4496
f 4416 4417 4498
f 4416 4498 4497
f 4417 4418 4499
f 4417 4499 4498
f 4418 4419 4500
f 4418 4500 4499
f 4419 4420 4501
f 4419 4501 4500
f 4420 4421 4502
f 4420 4502 4501
f 4421 4422 4503
f 4421 4503 4502
f 4422 4423 4504
f 4422 4504 4503
f 4423 4424 4505
f 4423 4505 4504
f 4424 4425 4506
f 4424 4506 4505
f 4425 4426 4507
f 4425 4507 4506
f 4426 4427 4508
f 4426 4508 4507
f 4427 4428 4509
f 4427 4509 4508
f 4428 4429 4510
f 4428 4510 4509
f 4429 4430 4511
f 4429 4511 4510
f 4430 4431 4512
f 4430 4512 4511
f 4431 4432 4513
f 4431 4513 4512
f 4432 4433 4514
f 4432 4514 4513
f 4433 4434 4515
f 4433 4515 4514
f 4434 4435 4516
f 4434 4516 4515
f 4435 4436 4517
f 4435 4517 4516
f 4436 4437 4518
f 4436 4518 4517
f 4437 4438 4519
f 4437 4519 4518
f 4438 4439 4520
f 4438 4520 4519
f 4439 4440 4521
f 4439 4521 4520
f 4440 4441 4522
f 4440 4522 4521
f 4441 4442 4523
f 4441 4523 4522
f 4442 4443 4524
f 4442 4524 4523
f 4443 4444 4525
f 4443 4525 4524
f 4444 4445 4526
f 4444 4526 4525
f 4445 4446 4527
f 4445 4527 4526
f 4446 4447 4528
f 4446 4528 4527
f 4447 4448 4529
f 4447 4529 4528
f 4448 4449 4530
f 4448 4530 4529
f 4449 4450 4531
f 4449 4531 4530
f 4450 4451 4532
f 4450 4532 4531
f 4451 4452 4533
f 4451 4533 4532
f 4452 4453 4534
f 4452 4534 4533
f 4453 4454 4535
f 4453 4535 4534
f 4454 4455 4536
f 4454 4536 4535
f 4456 4457 4538
f 4456 4538 4537
f 4457 4458 4539
f 4457 4539 4538
f 4458 4459 4540
f 4458 4540 4539
f 4459 4460 4541
f 4459 4541 4540
f 4460 4461 4542
f 4460 4542 4541
f 4461 4462 4543
f 4461 4543 4542
f 4462 4463 4544
f 4462 4544 4543
f 4463 4464 4545
f 4463 4545 4544
f 4464 4465 4546
f 4464 4546 4545
f 4465 4466 4547
f 4465 4547 4546
f 4466 4467 4548
f 4466 4548 4547
f 4467 4468 4549
f 4467 4549 4548
f 4468 4469 4550
f 4468 4550 4549
f 4469 4470 4551
f 4469 4551 4550
f 4470 4471 4552
f 4470 4552 4551
f 4471 4472 4553
f 4471 4553 4552
f 4472 4473 4554
f 4472 4554 4553
f 4473 4474 4555
f 4473 4555 4554
f 4474 4475 4556
f 4474 4556 4555
f 4475 4476 4557
f 4475 4557 4556
f 4476 4477 4558
f 4476 4558 4557
f 4477 4478 4559
f 4477 4559 4558
f 4478 4479 4560
f 4478 4560 4559
f 4479 4480 4561
f 4479 4561 4560
f 4480 4481 4562
f 4480 4562 4561
f 4481 4482 4563
f 4481 4563 4562
f 4482 4483 4564
f 4482 4564 4563
f 4483 4484 4565
f 4483 4565 4564
f 4484 4485 4566
f 4484 4566 4565
f 4485 4486 4567
f 4485 4567 4566
f 4486 4487 4568
f 4486 4568 4567
f 4487 4488 4569
f 4487 4569 4568
f 4488 4489 4570
f 4488 4570 4569
f 4489 4490 4571
f 4489 4571 4570
f 4490 4491 4572
f 4490 4572 4571
f 4491 4492 4573
f 4491 4573 4572
f 4492 4493 4574
f 4492 4574 4573
f 4493 4494 4575
f 4493 4575 4574
f 4494 4495 4576
f 4494 4576 4575
f 4495 4496 4577
f 4495 4577 4576
f 4496 4497 4578
f 4496 4578 4577
f 4497 4498 4579
f 4497 4579 4578
f 4498 4499 4580
f 4498 4580 4579
f 4499 4500 4581
f 4499 4581 4580
f 4500 4501 4582
f 4500 4582 4581
f 4501 4502 4583
f 4501 4583 4582
f 4502 4503 4584
f 4502 4584 4583
f 4503 4504 4585
f 4503 4585 4584
f 4504 4505 4586
f 4504 4586 4585
f 4505 4506 4587
f 4505 4587 4586
f 4506 4507 4588
f 4506 4588 4587
f 4507 4508 4589
f 4507 4589 4588
f 4508 4509 4590
f 4508 4590 4589
f 4509 4510 4591
f 4509 4591 4590
f 4510 4511 4592
f 4510 4592 4591
f 4511 4512 4593
f 4511 4593 4592
f 4512 4513 4594
f 4512 4594 4593
f 4513 4514 4595
f 4513 4595 4594
f 4514 4515 4596
f 4514 4596 4595
f 4515 4516 4597
f 4515 4597 4596
f 4516 4517 4598
f 4516 4598 4597
f 4517 4518 4599
f 4517 4599 4598
f 4518 4519 4600
f 4518 4600 4599
f 4519 4520 4601
f 4519 4601 4600
f 4520 4521 4602
f 4520 4602 4601
f 4521 4522 4603
f 4521 4603 4602
f 4522 4523 4604
f 4522 4604 4603
f 4523 4524 4605
f 4523 4605 4604
f 4524 4525 4606
f 4524 4606 4605
f 4525 4526 4607
f 4525 4607 4606
f 4526 4527 4608
f 4526 4608 4607
f 4527 4528 4609
f 4527 4609 4608
f 4528 4529 4610
f 4528 4610 4609
f 4529 4530 4611
f 4529 4611 4610
f 4530 4531 4612
f 4530 4612 4611
f 4531 4532 4613
f 4531 4613 4612
f 4532 4533 4614
f 4532 4614 4613
f 4533 4534 4615
f 4533 4615 4614
f 4534 4535 4616
f 4534 4616 4615
f 4535 4536 4617
f 4535 4617 4616
f 4537 4538 4619
f 4537 4619 4618
f 4538 4539 4620
f 4538 4620 4619
f 4539 4540 4621
f 4539 4621 4620
f 4540 4541 4622
f 4540 4622 4621
f 4541 4542 4623
f 4541 4623 4622
f 4542 4543 4624
f 4542 4624 4623
f 4543 4544 4625
f 4543 4625 4624
f 4544 4545 4626
f 4544 4626 4625
f 4545 4546 4627
f 4545 4627 4626
f 4546 4547 4628
f 4546 4628 4627
f 4547 4548 4629
f 4547 4629 4628
f 4548 4549 4630
f 4548 4630 4629
f 4549 4550 4631
f 4549 4631 4630
f 4550 4551 4632
f 4550 4632 4631
f 4551 4552 4633
f 4551 4633 4632
f 4552 4553 4634
f 4552 4634 4633
f 4553 4554 4635
f 4553 4635 4634
f 4554 4555 4636
f 4554 4636 4635
f 4555 4556 4637
f 4555 4637 4636
f 4556 4557 4638
f 4556 4638 4637
f 4557 4558 4639
f 4557 4639 4638
f 4558 4559 4640
f 4558 4640 4639
f 4559 4560 4641
f 4559 4641 4640
f 4560 4561 4642
f 4560 4642 4641
f 4561 4562 4643
f 4561 4643 4642
f 4562 4563 4644
f 4562 4644 4643
f 4563 4564 4645
f 4563 4645 4644
f 4564 4565 4646
f 4564 4646 4645
f 4565 4566 4647
f 4565 4647 4646
f 4566 4567 4648
f 4566 4648 4647
f 4567 4568 4649
f 4567 4649 4648
f 4568 4569 4650
f 4568 4650 4649
f 4569 4570 4651
f 4569 4651 4650
f 4570 4571 4652
f 4570 4652 4651
f 4571 4572 4653
f 4571 4653 4652
f 4572 4573 4654
f 4572 4654 4653
f 4573 4574 4655
f 4573 4655 4654
f 4574 4575 4656
f 4574 4656 4655
f 4575 4576 4657
f 4575 4657 4656
f 4576 4577 4658
f 4576 4658 4657
f 4577 4578 4659
f 4577 4659 4658
f 4578 4579 4660
f 4578 4660 4659
f 4579 4580 4661
f 4579 4661 4660
f 4580 4581 4662
f 4580 4662 4661
f 4581 4582 4663
f 4581 4663 4662
f 4582 4583 4664
f 4582 4664 4663
f 4583 4584 4665
f 4583 4665 4664
f 4584 4585 4666
f 4584 4666 4665
f 4585 4586 4667
f 4585 4667 4666
f 4586 4587 4668
f 4586 4668 4667
f 4587 4588 4669
f 4587 4669 4668
f 4588 4589 4670
f 4588 4670 4669
f 4589 4590 4671
f 4589 4671 4670
f 4590 4591 4672
f 4590 4672 4671
f 4591 4592 4673
f 4591 4673 4672
f 4592 4593 4674
f 4592 4674 4673
f 4593 4594 4675
f 4593 4675 4674
f 4594 4595 4676
f 4594 4676 4675
f 4595 4596 4677
f 4595 4677 4676
f 4596 4597 4678
f 4596 4678 4677
f 4597 4598 4679
f 4597 4679 4678
f 4598 4599 4680
f 4598 4680 4679
f 4599 4600 4681
f 4599 4681 4680
f 4600 4601 4682
f 4600 4682 4681
f 4601 4602 4683
f 4601 4683 4682
f 4602 4603 4684
f 4602 4684 4683
f 4603 4604 4685
f 4603 4685 4684
f 4604 4605 4686
f 4604 4686 4685
f 4605 4606 4687
f 4605 4687 4686
f 4606 4607 4688
f 4606 4688 4687
f 4607 4608 4689
f 4607 4689 4688
f 4608 4609 4690
f 4608 4690 4689
f 4609 4610 4691
f 4609 4691 4690
f 4610 4611 4692
f 4610 4692 4691
f 4611 4612 4693
f 4611 4693 4692
f 4612 4613 4694
f 4612 4694 4693
f 4613 4614 4695
f 4613 4695 4694
f 4614 4615 4696
f 4614 4696 4695
f 4615 4616 4697
f 4615 4697 4696
f 4616 4617 4698
f 4616 4698 4697
f 4618 4619 4700
f 4618 4700 4699
f 4619 4620 4701
f 4619 4701 4700
f 4620 4621 4702
f 4620 4702 4701
f 4621 4622 4703
f 4621 4703 4702
f 4622 4623 4704
f 4622 4704 4703
f 4623 4624 4705
f 4623 4705 4704
f 4624 4625 4706
f 4624 4706 4705
f 4625 4626 4707
f 4625 4707 4706
f 4626 4627 4708
f 4626 4708 4707
f 4627 4628 4709
f 4627 4709 4708
f 4628 4629 4710
f 4628 4710 4709
f 4629 4630 4711
f 4629 4711 4710
f 4630 4631 4712
f 4630 4712 4711
f 4631 4632 4713
f 4631 4713 4712
f 4632 4633 4714
f 4632 4714 4713
f 4633 4634 4715
f 4633 4715 4714
f 4634 4635 4716
f 4634 4716 4715
f 4635 4636 4717
f 4635 4717 4716
f 4636 4637 4718
f 4636 4718 4717
f 4637 4638 4719
f 4637 4719 4718
f 4638 4639 4720
f 4638 4720 4719
f 4639 4640 4721
f 4639 4721 4720
f 4640 4641 4722
f 4640 4722 4721
f 4641 4642 4723
f 4641 4723 4722
f 4642 4643 4724
f 4642 4724 4723
f 4643 4644 4725
f 4643 4725 4724
f 4644 4645 4726
f 4644 4726 4725
f 4645 4646 4727
f 4645 4727 4726
f 4646 4647 4728
f 4646 4728 4727
f 4647 4648 4729
f 4647 4729 4728
f 4648 4649 4730
f 4648 4730 4729
f 4649 4650 4731
f 4649 4731 4730
f 4650 4651 4732
f 4650 4732 4731
f 4651 4652 4733
f 4651 4733 4732
f 4652 4653 4734
f 4652 4734 4733
f 4653 4654 4735
f 4653 4735 4734
f 4654 4655 4736
f 4654 4736 4735
f 4655 4656 4737
f 4655 4737 4736
f 4656 4657 4738
f 4656 4738 4737
f 4657 4658 4739
f 4657 4739 4738
f 4658 4659 4740
f 4658 4740 4739
f 4659 4660 4741
f 4659 4741 4740
f 4660 4661 4742
f 4660 4742 4741
f 4661 4662 4743
f 4661 4743 4742
f 4662 4663 4744
f 4662 4744 4743
f 4663 4664 4745
f 4663 4745 4744
f 4664 4665 4746
f 4664 4746 4745
f 4665 4666 4747
f 4665 4747 4746
f 4666 4667 4748
f 4666 4748 4747
f 4667 4668 4749
f 4667 4749 4748
f 4668 4669 4750
f 4668 4750 4749
f 4669 4670 4751
f 4669 4751 4750
f 4670 4671 4752
f 4670 4752 4751
f 4671 4672 4753
f 4671 4753 4752
f 4672 4673 4754
f 4672 4754 4753
f 4673 4674 4755
f 4673 4755 4754
f 4674 4675 4756
f 4674 4756 4755
f 4675 4676 4757
f 4675 4757 4756
f 4676 4677 4758
f 4676 4758 4757
f 4677 4678 4759
f 4677 4759 4758
f 4678 4679 4760
f 4678 4760 4759
f 4679 4680 4761
f 4679 4761 4760
f 4680 4681 4762
f 4680 4762 4761
f 4681 4682 4763
f 4681 4763 4762
f 4682 4683 4764
f 4682 4764 4763
f 4683 4684 4765
f 4683 4765 4764
f 4684 4685 4766
f 4684 4766 4765
f 4685 4686 4767
f 4685 4767 4766
f 4686 4687 4768
f 4686 4768 4767
f 4687 4688 4769
f 4687 4769 4768
f 4688 4689 4770
f 4688 4770 4769
f 4689 4690 4771
f 4689 4771 4770
f 4690 4691 4772
f 4690 4772 4771
f 4691 4692 4773
f 4691 4773 4772
f 4692 4693 4774
f 4692 4774 4773
f 4693 4694 4775
f 4693 4775 4774
f 4694 4695 4776
f 4694 4776 4775
f 4695 4696 4777
f 4695 4777 4776
f 4696 4697 4778
f 4696 4778 4777
f 4697 4698 4779
f 4697 4779 4778
f 4699 4700 4781
f 4699 4781 4780
f 4700 4701 4782
f 4700 4782 4781
f 4701 4702 4783
f 4701 4783 4782
f 4702 4703 4784
f 4702 4784 4783
f 4703 4704 4785
f 4703 4785 4784
f 4704 4705 4786
f 4704 4786 4785
f 4705 4706 4787
f 4705 4787 4786
f 4706 4707 4788
f 4706 4788 4787
f 4707 4708 4789
f 4707 4789 4788
f 4708 4709 4790
f 4708 4790 4789
f 4709 4710 4791
f 4709 4791 4790
f 4710 4711 4792
f 4710 4792 4791
f 4711 4712 4793
f 4711 4793 4792
f 4712 4713 4794
f 4712 4794 4793
f 4713 4714 4795
f 4713 4795 4794
f 4714 4715 4796
f 4714 4796 4795
f 4715 4716 4797
f 4715 4797 4796
f 4716 4717 4798
f 4716 4798 4797
f 4717 4718 4799
f 4717 4799 4798
f 4718 4719 4800
f 4718 4800 4799
f 4719 4720 4801
f 4719 4801 4800
f 4720 4721 4802
f 4720 4802 4801
f 4721 4722 4803
f 4721 4803 4802
f 4722 4723 4804
f 4722 4804 4803
f 4723 4724 4805
f 4723 4805 4804
f 4724 4725 4806
f 4724 4806 4805
f 4725 4726 4807
f 4725 4807 4806
f 4726 4727 4808
f 4726 4808 4807
f 4727 4728 4809
f 4727 4809 4808
f 4728 4729 4810
f 4728 4810 4809
f 4729 4730 4811
f 4729 4811 4810
f 4730 4731 4812
f 4730 4812 4811
f 4731 4732 4813
f 4731 4813 4812
f 4732 4733 4814
f 4732 4814 4813
f 4733 4734 4815
f 4733 4815 4814
f 4734 4735 4816
f 4734 4816 4815
f 4735 4736 4817
f 4735 4817 4816
f 4736 4737 4818
f 4736 4818 4817
f 4737 4738 4819
f 4737 4819 4818
f 4738 4739 4820
f 4738 4820 4819
f 4739 4740 4821
f 4739 4821 4820
f 4740 4741 4822
f 4740 4822 4821
f 4741 4742 4823
f 4741 4823 4822
f 4742 4743 4824
f 4742 4824 4823
f 4743 4744 4825
f 4743 4825 4824
f 4744 4745 4826
f 4744 4826 4825
f 4745 4746 4827
f 4745 4827 4826
f 4746 4747 4828
f 4746 4828 4827
f 4747 4748 4829
f 4747 4829 4828
f 4748 4749 4830
f 4748 4830 4829
f 4749 4750 4831
f 4749 4831 4830
f 4750 4751 4832
f 4750 4832 4831
f 4751 4752 4833
f 4751 4833 4832
f 4752 4753 4834
f 4752 4834 4833
f 4753 4754 4835
f 4753 4835 4834
f 4754 4755 4836
f 4754 4836 4835
f 4755 4756 4837
f 4755 4837 4836
f 4756 4757 4838
f 4756 4838 4837
f 4757 4758 4839
f 4757 4839 4838
f 4758 4759 4840
f 4758 4840 4839
f 4759 4760 4841
f 4759 4841 4840
f 4760 4761 4842
f 4760 4842 4841
f 4761 4762 4843
f 4761 4843 4842
f 4762 4763 4844
f 4762 4844 4843
f 4763 4764 4845
f 4763 4845 4844
f 4764 4765 4846
f 4764 4846 4845
f 4765 4766 4847
f 4765 4847 4846
f 4766 4767 4848
f 4766 4848 4847
f 4767 4768 4849
f 4767 4849 4848
f 4768 4769 4850
f 4768 4850 4849
f 4769 4770 4851
f 4769 4851 4850
f 4770 4771 4852
f 4770 4852 4851
f 4771 4772 4853
f 4771 4853 4852
f 4772 4773 4854
f 4772 4854 4853
f 4773 4774 4855
f 4773 4855 4854
f 4774 4775 4856
f 4774 4856 4855
f 4775 4776 4857
f 4775 4857 4856
f 4776 4777 4858
f 4776 4858 4857
f 4777 4778 4859
f 4777 4859 4858
f 4778 4779 4860
f 4778 4860 4859
f 4780 4781 4862
f 4780 4862 4861
f 4781 4782 4863
f 4781 4863 4862
f 4782 4783 4864
f 4782 4864 4863
f 4783 4784 4865
f 4783 4865 4864
f 4784 4785 4866
f 4784 4866 4865
f 4785 4786 4867
f 4785 4867 4866
f 4786 4787 4868
f 4786 4868 4867
f 4787 4788 4869
f 4787 4869 4868
f 4788 4789 4870
f 4788 4870 4869
f 4789 4790 4871
f 4789 4871 4870
f 4790 4791 4872
f 4790 4872 4871
f 4791 4792 4873
f 4791 4873 4872
f 4792 4793 4874
f 4792 4874 4873
f 4793 4794 4875
f 4793 4875 4874
f 4794 4795 4876
f 4794 4876 4875
f 4795 4796 4877
f 4795 4877 4876
f 4796 4797 4878
f 4796 4878 4877
f 4797 4798 4879
f 4797 4879 4878
f 4798 4799 4880
f 4798 4880 4879
f 4799 4800 4881
f 4799 4881 4880
f 4800 4801 4882
f 4800 4882 4881
f 4801 4802 4883
f 4801 4883 4882
f 4802 4803 4884
f 4802 4884 4883
f 4803 4804 4885
f 4803 4885 4884
f 4804 4805 4886
f 4804 4886 4885
f 4805 4806 4887
f 4805 4887 4886
f 4806 4807 4888
f 4806 4888 4887
f 4807 4808 4889
f 4807 4889 4888
f 4808 4809 4890
f 4808 4890 4889
f 4809 4810 4891
f 4809 4891 4890
f 4810 4811 4892
f 4810 4892 4891
f 4811 4812 4893
f 4811 4893 4892
f 4812 4813 4894
f 4812 4894 4893
f 4813 4814 4895
f 4813 4895 4894
f 4814 4815 4896
f 4814 4896 4895
f 4815 4816 4897
f 4815 4897 4896
f 4816 4817 4898
f 4816 4898 4897
f 4817 4818 4899
f 4817 4899 4898
f 4818 4819 4900
f 4818 4900 4899
f 4819 4820 4901
f 4819 4901 4900
f 4820 4821 4902
f 4820 4902 4901
f 4821 4822 4903
f 4821 4903 4902
f 4822 4823 4904
f 4822 4904 4903
f 4823 4824 4905
f 4823 4905 4904
f 4824 4825 4906
f 4824 4906 4905
f 4825 4826 4907
f 4825 4907 4906
f 4826 4827 4908
f 4826 4908 4907
f 4827 4828 4909
f 4827 4909 4908
f 4828 4829 4910
f 4828 4910 4909
f 4829 4830 4911
f 4829 4911 4910
f 4830 4831 4912
f 4830 4912 4911
f 4831 4832 4913
f 4831 4913 4912
f 4832 4833 4914
f 4832 4914 4913
f 4833 4834 4915
f 4833 4915 4914
f 4834 4835 4916
f 4834 4916 4915
f 4835 4836 4917
f 4835 4917 4916
f 4836 4837 4918
f 4836 4918 4917
f 4837 4838 4919
f 4837 4919 4918
f 4838 4839 4920
f 4838 4920 4919
f 4839 4840 4921
f 4839 4921 4920
f 4840 4841 4922
f 4840 4922 4921
f 4841 4842 4923
f 4841 4923 4922
f 4842 4843 4924
f 4842 4924 4923
f 4843 4844 4925
f 4843 4925 4924
f 4844 4845 4926
f 4844 4926 4925
f 4845 4846 4927
f 4845 4927 4926
f 4846 4847 4928
f 4846 4928 4927
f 4847 4848 4929
f 4847 4929 4928
f 4848 4849 4930
f 4848 4930 4929
f 4849 4850 4931
f 4849 4931 4930
f 4850 4851 4932
f 4850 4932 4931
f 4851 4852 4933
f 4851 4933 4932
f 4852 4853 4934
f 4852 4934 4933
f 4853 4854 4935
f 4853 4935 4934
f 4854 4855 4936
f 4854 4936 4935
f 4855 4856 4937
f 4855 4937 4936
f 4856 4857 4938
f 4856 4938 4937
f 4857 4858 4939
f 4857 4939 4938
f 4858 4859 4940
f 4858 4940 4939
f 4859 4860 4941
f 4859 4941 4940
f 4861 4862 4943
f 4861 4943 4942
f 4862 4863 4944
f 4862 4944 4943
f 4863 4864 4945
f 4863 4945 4944
f 4864 4865 4946
f 4864 4946 4945
f 4865 4866 4947
f 4865 4947 4946
f 4866 4867 4948
f 4866 4948 4947
f 4867 4868 4949
f 4867 4949 4948
f 4868 4869 4950
f 4868 4950 4949
f 4869 4870 4951
f 4869 4951 4950
f 4870 4871 4952
f 4870 4952 4951
f 4871 4872 4953
f 4871 4953 4952
f 4872 4873 4954
f 4872 4954 4953
f 4873 4874 4955
f 4873 4955 4954
f 4874 4875 4956
f 4874 4956 4955
f 4875 4876 4957
f 4875 4957 4956
f 4876 4877 4958
f 4876 4958 4957
f 4877 4878 4959
f 4877 4959 4958
f 4878 4879 4960
f 4878 4960 4959
f 4879 4880 4961
f 4879 4961 4960
f 4880 4881 4962
f 4880 4962 4961
f 4881 4882 4963
f 4881 4963 4962
f 4882 4883 4964
f 4882 4964 4963
f 4883 4884 4965
f 4883 4965 4964
f 4884 4885 4966
f 4884 4966 4965
f 4885 4886 4967
f 4885 4967 4966
f 4886 4887 4968
f 4886 4968 4967
f 4887 4888 4969
f 4887 4969 4968
f 4888 4889 4970
f 4888 4970 4969
f 4889 4890 4971
f 4889 4971 4970
f 4890 4891 4972
f 4890 4972 4971
f 4891 4892 4973
f 4891 4973 4972
f 4892 4893 4974
f 4892 4974 4973
f 4893 4894 4975
f 4893 4975 4974
f 4894 4895 4976
f 4894 4976 4975
f 4895 4896 4977
f 4895 4977 4976
f 4896 4897 4978
f 4896 4978 4977
f 4897 4898 4979
f 4897 4979 4978
f 4898 4899 4980
f 4898 4980 4979
f 4899 4900 4981
f 4899 4981 4980
f 4900 4901 4982
f 4900 4982 4981
f 4901 4902 4983
f 4901 4983 4982
f 4902 4903 4984
f 4902 4984 4983
f 4903 4904 4985
f 4903 4985 4984
f 4904 4905 4986
f 4904 4986 4985
f 4905 4906 4987
f 4905 4987 4986
f 4906 4907 4988
f 4906 4988 4987
f 4907 4908 4989
f 4907 4989 4988
f 4908 4909 4990
f 4908 4990 4989
f 4909 4910 4991
f 4909 4991 4990
f 4910 4911 4992
f 4910 4992 4991
f 4911 4912 4993
f 4911 4993 4992
f 4912 4913 4994
f 4912 4994 4993
f 4913 4914 4995
f 4913 4995 4994
f 4914 4915 4996
f 4914 4996 4995
f 4915 4916 4997
f 4915 4997 4996
f 4916 4917 4998
f 4916 4998 4997
f 4917 4918 4999
f 4917 4999 4998
f 4918 4919 5000
f 4918 5000 4999
f 4919 4920 5001
f 4919 5001 5000
f 4920 4921 5002
f 4920 5002 5001
f 4921 4922 5003
f 4921 5003 5002
f 4922 4923 5004
f 4922 5004 5003
f 4923 4924 5005
f 4923 5005 5004
f 4924 4925 5006
f 4924 5006 5005
f 4925 4926 5007
f 4925 5007 5006
f 4926 4927 5008
f 4926 5008 5007
f 4927 4928 5009
f 4927 5009 5008
f 4928 4929 5010
f 4928 5010 5009
f 4929 4930 5011
f 4929 5011 5010
f 4930 4931 5012
f 4930 5012 5011
f 4931 4932 5013
f 4931 5013 5012
f 4932 4933 5014
f 4932 5014 5013
f 4933 4934 5015
f 4933 5015 5014
f 4934 4935 5016
f 4934 5016 5015
f 4935 4936 5017
f 4935 5017 5016
f 4936 4937 5018
f 4936 5018 5017
f 4937 4938 5019
f 4937 5019 5018
f 4938 4939 5020
f 4938 5020 5019
f 4939 4940 5021
f 4939 5021 5020
f 4940 4941 5022
f 4940 5022 5021
f 4942 4943 5024
f 4942 5024 5023
f 4943 4944 5025
f 4943 5025 5024
f 4944 4945 5026
f 4944 5026 5025
f 4945 4946 5027
f 4945 5027 5026
f 4946 4947 5028
f 4946 5028 5027
f 4947 4948 5029
f 4947 5029 5028
f 4948 4949 5030
f 4948 5030 5029
f 4949 4950 5031
f 4949 5031 5030
f 4950 4951 5032
f 4950 5032 5031
f 4951 4952 5033
f 4951 5033 5032
f 4952 4953 5034
f 4952 5034 5033
f 4953 4954 5035
f 4953 5035 5034
f 4954 4955 5036
f 4954 5036 5035
f 4955 4956 5037
f 4955 5037 5036
f 4956 4957 5038
f 4956 5038 5037
f 4957 4958 5039
f 4957 5039 5038
f 4958 4959 5040
f 4958 5040 5039
f 4959 4960 5041
f 4959 5041 5040
f 4960 4961 5042
f 4960 5042 5041
f 4961 4962 5043
f 4961 5043 5042
f 4962 4963 5044
f 4962 5044 5043
f 4963 4964 5045
f 4963 5045 5044
f 4964 4965 5046
f 4964 5046 5045
f 4965 4966 5047
f 4965 5047 5046
f 4966 4967 5048
f 4966 5048 5047
f 4967 4968 5049
f 4967 5049 5048
f 4968 4969 5050
f 4968 5050 5049
f 4969 4970 5051
f 4969 5051 5050
f 4970 4971 5052
f 4970 5052 5051
f 4971 4972 5053
f 4971 5053 5052
f 4972 4973 5054
f 4972 5054 5053
f 4973 4974 5055
f 4973 5055 5054
f 4974 4975 5056
f 4974 5056 5055
f 4975 4976 5057
f 4975 5057 5056
f 4976 4977 5058
f 4976 5058 5057
f 4977 4978 5059
f 4977 5059 5058
f 4978 4979 5060
f 4978 5060 5059
f 4979 4980 5061
f 4979 5061 5060
f 4980 4981 5062
f 4980 5062 5061
f 4981 4982 5063
f 4981 5063 5062
f 4982 4983 5064
f 4982 5064 5063
f 4983 4984 5065
f 4983 5065 5064
f 4984 4985 5066
f 4984 5066 5065
f 4985 4986 5067
f 4985 5067 5066
f 4986 4987 5068
f 4986 5068 5067
f 4987 4988 5069
f 4987 5069 5068
f 4988 4989 5070
f 4988 5070 5069
f 4989 4990 5071
f 4989 5071 5070
f 4990 4991 5072
f 4990 5072 5071
f 4991 4992 5073
f 4991 5073 5072
f 4992 4993 5074
f 4992 5074 5073
f 4993 4994 5075
f 4993 5075 5074
f 4994 4995 5076
f 4994 5076 5075
f 4995 4996 5077
f 4995 5077 5076
f 4996 4997 5078
f 4996 5078 5077
f 4997 4998 5079
f 4997 5079 5078
f 4998 4999 5080
f 4998 5080 5079
f 4999 5000 5081
f 4999 5081 5080
f 5000 5001 5082
f 5000 5082 5081
f 5001 5002 5083
f 5001 5083 5082
f 5002 5003 5084
f 5002 5084 5083
f 5003 5004 5085
f 5003 5085 5084
f 5004 5005 5086
f 5004 5086 5085
f 5005 5006 5087
f 5005 5087 5086
f 5006 5007 5088
f 5006 5088 5087
f 5007 5008 5089
f 5007 5089 5088
f 5008 5009 5090
f 5008 5090 5089
f 5009 5010 5091
f 5009 5091 5090
f 5010 5011 5092
f 5010 5092 5091
f 5011 5012 5093
f 5011 5093 5092
f 5012 5013 5094
f 5012 5094 5093
f 5013 5014 5095
f 5013 5095 5094
f 5014 5015 5096
f 5014 5096 5095
f 5015 5016 5097
f 5015 5097 5096
f 5016 5017 5098
f 5016 5098 5097
f 5017 5018 5099
f 5017 5099 5098
f 5018 5019 5100
f 5018 5100 5099
f 5019 5020 5101
f 5019 5101 5100
f 5020 5021 5102
f 5020 5102 5101
f 5021 5022 5103
f 5021 5103 5102
f 5023 5024 5105
f 5023 5105 5104
f 5024 5025 5106
f 5024 5106 5105
f 5025 5026 5107
f 5025 5107 5106
f 5026 5027 5108
f 5026 5108 5107
f 5027 5028 5109
f 5027 5109 5108
f 5028 5029 5110
f 5028 5110 5109
f 5029 5030 5111
f 5029 5111 5110
f 5030 5031 5112
f 5030 5112 5111
f 5031 5032 5113
f 5031 5113 5112
f 5032 5033 5114
f 5032 5114 5113
f 5033 5034 5115
f 5033 5115 5114
f 5034 5035 5116
f 5034 5116 5115
f 5035 5036 5117
f 5035 5117 5116
f 5036 5037 5118
f 5036 5118 5117
f 5037 5038 5119
f 5037 5119 5118
f 5038 5039 5120
f 5038 5120 5119
f 5039 5040 5121
f 5039 5121 5120
f 5040 5041 5122
f 5040 5122 5121
f 5041 5042 5123
f 5041 5123 5122
f 5042 5043 5124
f 5042 5124 5123
f 5043 5044 5125
f 5043 5125 5124
f 5044 5045 5126
f 5044 5126 5125
f 5045 5046 5127
f 5045 5127 5126
f 5046 5047 5128
f 5046 5128 5127
f 5047 5048 5129
f 5047 5129 5128
f 5048 5049 5130
f 5048 5130 5129
f 5049 5050 5131
f 5049 5131 5130
f 5050 5051 5132
f 5050 5132 5131
f 5051 5052 5133
f 5051 5133 5132
f 5052 5053 5134
f 5052 5134 5133
f 5053 5054 5135
f 5053 5135 5134
f 5054 5055 5136
f 5054 5136 5135
f 5055 5056 5137
f 5055 5137 5136
f 5056 5057 5138
f 5056 5138 5137
f 5057 5058 5139
f 5057 5139 5138
f 5058 5059 5140
f 5058 5140 5139
f 5059 5060 5141
f 5059 5141 5140
f 5060 5061 5142
f 5060 5142 5141
f 5061 5062 5143
f 5061 5143 5142
f 5062 5063 5144
f 5062 5144 5143
f 5063 5064 5145
f 5063 5145 5144
f 5064 5065 5146
f 5064 5146 5145
f 5065 5066 5147
f 5065 5147 5146
f 5066 5067 5148
f 5066 5148 5147
f 5067 5068 5149
f 5067 5149 5148
f 5068 5069 5150
f 5068 5150 5149
f 5069 5070 5151
f 5069 5151 5150
f 5070 5071 5152
f 5070 5152 5151
f 5071 5072 5153
f 5071 5153 5152
f 5072 5073 5154
f 5072 5154 5153
f 5073 5074 5155
f 5073 5155 5154
f 5074 5075 5156
f 5074 5156 5155
f 5075 5076 5157
f 5075 5157 5156
f 5076 5077 5158
f 5076 5158 5157
f 5077 5078 5159
f 5077 5159 5158
f 5078 5079 5160
f 5078 5160 5159
f 5079 5080 5161
f 5079 5161 5160
f 5080 5081 5162
f 5080 5162 5161
f 5081 5082 5163
f 5081 5163 5162
f 5082 5083 5164
f 5082 5164 5163
f 5083 5084 5165
f 5083 5165 5164
f 5084 5085 5166
f 5084 5166 5165
f 5085 5086 5167
f 5085 5167 5166
f 5086 5087 5168
f 5086 5168 5167
f 5087 5088 5169
f 5087 5169 5168
f 5088 5089 5170
f 5088 5170 5169
f 5089 5090 5171
f 5089 5171 5170
f 5090 5091 5172
f 5090 5172 5171
f 5091 5092 5173
f 5091 5173 5172
f 5092 5093 5174
f 5092 5174 5173
f 5093 5094 5175
f 5093 5175 5174
f 5094 5095 5176
f 5094 5176 5175
f 5095 5096 5177
f 5095 5177 5176
f 5096 5097 5178
f 5096 5178 5177
f 5097 5098 5179
f 5097 5179 5178
f 5098 5099 5180
f 5098 5180 5179
f 5099 5100 5181
f 5099 5181 5180
f 5100 5101 5182
f 5100 5182 5181
f 5101 5102 5183
f 5101 5183 5182
f 5102 5103 5184
f 5102 5184 5183
f 5104 5105 5186
f 5104 5186 5185
f 5105 5106 5187
f 5105 5187 5186
f 5106 5107 5188
f 5106 5188 5187
f 5107 5108 5189
f 5107 5189 5188
f 5108 5109 5190
f 5108 5190 5189
f 5109 5110 5191
f 5109 5191 5190
f 5110 5111 5192
f 5110 5192 5191
f 5111 5112 5193
f 5111 5193 5192
f 5112 5113 5194
f 5112 5194 5193
f 5113 5114 5195
f 5113 5195 5194
f 5114 5115 5196
f 5114 5196 5195
f 5115 5116 5197
f 5115 5197 5196
f 5116 5117 5198
f 5116 5198 5197
f 5117 5118 5199
f 5117 5199 5198
f 5118 5119 5200
f 5118 5200 5199
f 5119 5120 5201
f 5119 5201 5200
f 5120 5121 5202
f 5120 5202 5201
f 5121 5122 5203
f 5121 5203 5202
f 5122 5123 5204
f 5122 5204 5203
f 5123 5124 5205
f 5123 5205 5204
f 5124 5125 5206
f 5124 5206 5205
f 5125 5126 5207
f 5125 5207 5206
f 5126 5127 5208
f 5126 5208 5207
f 5127 5128 5209
f 5127 5209 5208
f 5128 5129 5210
f 5128 5210 5209
f 5129 5130 5211
f 5129 5211 5210
f 5130 5131 5212
f 5130 5212 5211
f 5131 5132 5213
f 5131 5213 5212
f 5132 5133 5214
f 5132 5214 5213
f 5133 5134 5215
f 5133 5215 5214
f 5134 5135 5216
f 5134 5216 5215
f 5135 5136 5217
f 5135 5217 5216
f 5136 5137 5218
f 5136 5218 5217
f 5137 5138 5219
f 5137 5219 5218
f 5138 5139 5220
f 5138 5220 5219
f 5139 5140 5221
f 5139 5221 5220
f 5140 5141 5222
f 5140 5222 5221
f 5141 5142 5223
f 5141 5223 5222
f 5142 5143 5224
f 5142 5224 5223
f 5143 5144 5225
f 5143 5225 5224
f 5144 5145 5226
f 5144 5226 5225
f 5145 5146 5227
f 5145 5227 5226
f 5146 5147 5228
f 5146 5228 5227
f 5147 5148 5229
f 5147 5229 5228
f 5148 5149 5230
f 5148 5230 5229
f 5149 5150 5231
f 5149 5231 5230
f 5150 5151 5232
f 5150 5232 5231
f 5151 5152 5233
f 5151 5233 5232
f 5152 5153 5234
f 5152 5234 5233
f 5153 5154 5235
f 5153 5235 5234
f 5154 5155 5236
f 5154 5236 5235
f 5155 5156 5237
f 5155 5237 5236
f 5156 5157 5238
f 5156 5238 5237
f 5157 5158 5239
f 5157 5239 5238
f 5158 5159 5240
f 5158 5240 5239
f 5159 5160 5241
f 5159 5241 5240
f 5160 5161 5242
f 5160 5242 5241
f 5161 5162 5243
f 5161 5243 5242
f 5162 5163 5244
f 5162 5244 5243
f 5163 5164 5245
f 5163 5245 5244
f 5164 5165 5246
f 5164 5246 5245
f 5165 5166 5247
f 5165 5247 5246
f 5166 5167 5248
f 5166 5248 5247
f 5167 5168 5249
f 5167 5249 5248
f 5168 5169 5250
f 5168 5250 5249
f 5169 5170 5251
f 5169 5251 5250
f 5170 5171 5252
f 5170 5252 5251
f 5171 5172 5253
f 5171 5253 5252
f 5172 5173 5254
f 5172 5254 5253
f 5173 5174 5255
f 5173 5255 5254
f 5174 5175 5256
f 5174 5256 5255
f 5175 5176 5257
f 5175 5257 5256
f 5176 5177 5258
f 5176 5258 5257
f 5177 5178 5259
f 5177 5259 5258
f 5178 5179 5260
f 5178 5260 5259
f 5179 5180 5261
f 5179 5261 5260
f 5180 5181 5262
f 5180 5262 5261
f 5181 5182 5263
f 5181 5263 5262
f 5182 5183 5264
f 5182 5264 5263
f 5183 5184 5265
f 5183 5265 5264
f 5185 5186 5267
f 5185 5267 5266
f 5186 5187 5268
f 5186 5268 5267
f 5187 5188 5269
f 5187 5269 5268
f 5188 5189 5270
f 5188 5270 5269
f 5189 5190 5271
f 5189 5271 5270
f 5190 5191 5272
f 5190 5272 5271
f 5191 5192 5273
f 5191 5273 5272
f 5192 5193 5274
f 5192 5274 5273
f 5193 5194 5275
f 5193 5275 5274
f 5194 5195 5276
f 5194 5276 5275
f 5195 5196 5277
f 5195 5277 5276
f 5196 5197 5278
f 5196 5278 5277
f 5197 5198 5279
f 5197 5279 5278
f 5198 5199 5280
f 5198 5280 5279
f 5199 5200 5281
f 5199 5281 5280
f 5200 5201 5282
f 5200 5282 5281
f 5201 5202 5283
f 5201 5283 5282
f 5202 5203 5284
f 5202 5284 5283
f 5203 5204 5285
f 5203 5285 5284
f 5204 5205 5286
f 5204 5286 5285
f 5205 5206 5287
f 5205 5287 5286
f 5206 5207 5288
f 5206 5288 5287
f 5207 5208 5289
f 5207 5289 5288
f 5208 5209 5290
f 5208 5290 5289
f 5209 5210 5291
f 5209 5291 5290
f 5210 5211 5292
f 5210 5292 5291
f 5211 5212 5293
f 5211 5293 5292
f 5212 5213 5294
f 5212 5294 5293
f 5213 5214 5295
f 5213 5295 5294
f 5214 5215 5296
f 5214 5296 5295
f 5215 5216 5297
f 5215 5297 5296
f 5216 5217 5298
f 5216 5298 5297
f 5217 5218 5299
f 5217 5299 5298
f 5218 5219 5300
f 5218 5300 5299
f 5219 5220 5301
f 5219 5301 5300
f 5220 5221 5302
f 5220 5302 5301
f 5221 5222 5303
f 5221 5303 5302
f 5222 5223 5304
f 5222 5304 5303
f 5223 5224 5305
f 5223 5305 5304
f 5224 5225 5306
f 5224 5306 5305
f 5225 5226 5307
f 5225 5307 5306
f 5226 5227 5308
f 5226 5308 5307
f 5227 5228 5309
f 5227 5309 5308
f 5228 5229 5310
f 5228 5310 5309
f 5229 5230 5311
f 5229 5311 5310
f 5230 5231 5312
f 5230 5312 5311
f 5231 5232 5313
f 5231 5313 5312
f 5232 5233 5314
f 5232 5314 5313
f 5233 5234 5315
f 5233 5315 5314
f 5234 5235 5316
f 5234 5316 5315
f 5235 5236 5317
f 5235 5317 5316
f 5236 5237 5318
f 5236 5318 5317
f 5237 5238 5319
f 5237 5319 5318
f 5238 5239 5320
f 5238 5320 5319
f 5239 5240 5321
f 5239 5321 5320
f 5240 5241 5322
f 5240 5322 5321
f 5241 5242 5323
f 5241 5323 5322
f 5242 5243 5324
f 5242 5324 5323
f 5243 5244 5325
f 5243 5325 5324
f 5244 5245 5326
f 5244 5326 5325
f 5245 5246 5327
f 5245 5327 5326
f 5246 5247 5328
f 5246 5328 5327
f 5247 5248 5329
f 5247 5329 5328
f 5248 5249 5330
f 5248 5330 5329
f 5249 5250 5331
f 5249 5331 5330
f 5250 5251 5332
f 5250 5332 5331
f 5251 5252 5333
f 5251 5333 5332
f 5252 5253 5334
f 5252 5334 5333
f 5253 5254 5335
f 5253 5335 5334
f 5254 5255 5336
f 5254 5336 5335
f 5255 5256 5337
f 5255 5337 5336
f 5256 5257 5338
f 5256 5338 5337
f 5257 5258 5339
f 5257 5339 5338
f 5258 5259 5340
f 5258 5340 5339
f 5259 5260 5341
f 5259 5341 5340
f 5260 5261 5342
f 5260 5342 5341
f 5261 5262 5343
f 5261 5343 5342
f 5262 5263 5344
f 5262 5344 5343
f 5263 5264 5345
f 5263 5345 5344
f 5264 5265 5346
f 5264 5346 5345
f 5266 5267 5348
f 5266 5348 5347
f 5267 5268 5349
f 5267 5349 5348
f 5268 5269 5350
f 5268 5350 5349
f 5269 5270 5351
f 5269 5351 5350
f 5270 5271 5352
f 5270 5352 5351
f 5271 5272 5353
f 5271 5353 5352
f 5272 5273 5354
f 5272 5354 5353
f 5273 5274 5355
f 5273 5355 5354
f 5274 5275 5356
f 5274 5356 5355
f 5275 5276 5357
f 5275 5357 5356
f 5276 5277 5358
f 5276 5358 5357
f 5277 5278 5359
f 5277 5359 5358
f 5278 5279 5360
f 5278 5360 5359
f 5279 5280 5361
f 5279 5361 5360
f 5280 5281 5362
f 5280 5362 5361
f 5281 5282 5363
f 5281 5363 5362
f 5282 5283 5364
f 5282 5364 5363
f 5283 5284 5365
f 5283 5365 5364
f 5284 5285 5366
f 5284 5366 5365
f 5285 5286 5367
f 5285 5367 5366
f 5286 5287 5368
f 5286 5368 5367
f 5287 5288 5369
f 5287 5369 5368
f 5288 5289 5370
f 5288 5370 5369
f 5289 5290 5371
f 5289 5371 5370
f 5290 5291 5372
f 5290 5372 5371
f 5291 5292 5373
f 5291 5373 5372
f 5292 5293 5374
f 5292 5374 5373
f 5293 5294 5375
f 5293 5375 5374
f 5294 5295 5376
f 5294 5376 5375
f 5295 5296 5377
f 5295 5377 5376
f 5296 5297 5378
f 5296 5378 5377
f 5297 5298 5379
f 5297 5379 5378
f 5298 5299 5380
f 5298 5380 5379
f 5299 5300 5381
f 5299 5381 5380
f 5300 5301 5382
f 5300 5382 5381
f 5301 5302 5383
f 5301 5383 5382
f 5302 5303 5384
f 5302 5384 5383
f 5303 5304 5385
f 5303 5385 5384
f 5304 5305 5386
f 5304 5386 5385
f 5305 5306 5387
f 5305 5387 5386
f 5306 5307 5388
f 5306 5388 5387
f 5307 5308 5389
f 5307 5389 5388
f 5308 5309 5390
f 5308 5390 5389
f 5309 5310 5391
f 5309 5391 5390
f 5310 5311 5392
f 5310 5392 5391
f 5311 5312 5393
f 5311 5393 5392
f 5312 5313 5394
f 5312 5394 5393
f 5313 5314 5395
f 5313 5395 5394
f 5314 5315 5396
f 5314 5396 5395
f 5315 5316 5397
f 5315 5397 5396
f 5316 5317 5398
f 5316 5398 5397
f 5317 5318 5399
f 5317 5399 5398
f 5318 5319 5400
f 5318 5400 5399
f 5319 5320 5401
f 5319 5401 5400
f 5320 5321 5402
f 5320 5402 5401
f 5321 5322 5403
f 5321 5403 5402
f 5322 5323 5404
f 5322 5404 5403
f 5323 5324 5405
f 5323 5405 5404
f 5324 5325 5406
f 5324 5406 5405
f 5325 5326 5407
f 5325 5407 5406
f 5326 5327 5408
f 5326 5408 5407
f 5327 5328 5409
f 5327 5409 5408
f 5328 5329 5410
f 5328 5410 5409
f 5329 5330 5411
f 5329 5411 5410
f 5330 5331 5412
f 5330 5412 5411
f 5331 5332 5413
f 5331 5413 5412
f 5332 5333 5414
f 5332 5414 5413
f 5333 5334 5415
f 5333 5415 5414
f 5334 5335 5416
f 5334 5416 5415
f 5335 5336 5417
f 5335 5417 5416
f 5336 5337 5418
f 5336 5418 5417
f 5337 5338 5419
f 5337 5419 5418
f 5338 5339 5420
f 5338 5420 5419
f 5339 5340 5421
f 5339 5421 5420
f 5340 5341 5422
f 5340 5422 5421
f 5341 5342 5423
f 5341 5423 5422
f 5342 5343 5424
f 5342 5424 5423
f 5343 5344 5425
f 5343 5425 5424
f 5344 5345 5426
f 5344 5426 5425
f 5345 5346 5427
f 5345 5427 5426
f 5347 5348 5429
f 5347 5429 5428
f 5348 5349 5430
f 5348 5430 5429
f 5349 5350 5431
f 5349 5431 5430
f 5350 5351 5432
f 5350 5432 5431
f 5351 5352 5433
f 5351 5433 5432
f 5352 5353 5434
f 5352 5434 5433
f 5353 5354 5435
f 5353 5435 5434
f 5354 5355 5436
f 5354 5436 5435
f 5355 5356 5437
f 5355 5437 5436
f 5356 5357 5438
f 5356 5438 5437
f 5357 5358 5439
f 5357 5439 5438
f 5358 5359 5440
f 5358 5440 5439
f 5359 5360 5441
f 5359 5441 5440
f 5360 5361 5442
f 5360 5442 5441
f 5361 5362 5443
f 5361 5443 5442
f 5362 5363 5444
f 5362 5444 5443
f 5363 5364 5445
f 5363 5445 5444
f 5364 5365 5446
f 5364 5446 5445
f 5365 5366 5447
f 5365 5447 5446
f 5366 5367 5448
f 5366 5448 5447
f 5367 5368 5449
f 5367 5449 5448
f 5368 5369 5450
f 5368 5450 5449
f 5369 5370 5451
f 5369 5451 5450
f 5370 5371 5452
f 5370 5452 5451
f 5371 5372 5453
f 5371 5453 5452
f 5372 5373 5454
f 5372 5454 5453
f 5373 5374 5455
f 5373 5455 5454
f 5374 5375 5456
f 5374 5456 5455
f 5375 5376 5457
f 5375 5457 5456
f 5376 5377 5458
f 5376 5458 5457
f 5377 5378 5459
f 5377 5459 5458
f 5378 5379 5460
f 5378 5460 5459
f 5379 5380 5461
f 5379 5461 5460
f 5380 5381 5462
f 5380 5462 5461
f 5381 5382 5463
f 5381 5463 5462
f 5382 5383 5464
f 5382 5464 5463
f 5383 5384 5465
f 5383 5465 5464
f 5384 5385 5466
f 5384 5466 5465
f 5385 5386 5467
f 5385 5467 5466
f 5386 5387 5468
f 5386 5468 5467
f 5387 5388 5469
f 5387 5469 5468
f 5388 5389 5470
f 5388 5470 5469
f 5389 5390 5471
f 5389 5471 5470
f 5390 5391 5472
f 5390 5472 5471
f 5391 5392 5473
f 5391 5473 5472
f 5392 5393 5474
f 5392 5474 5473
f 5393 5394 5475
f 5393 5475 5474
f 5394 5395 5476
f 5394 5476 5475
f 5395 5396 5477
f 5395 5477 5476
f 5396 5397 5478
f 5396 5478 5477
f 5397 5398 5479
f 5397 5479 5478
f 5398 5399 5480
f 5398 5480 5479
f 5399 5400 5481
f 5399 5481 5480
f 5400 5401 5482
f 5400 5482 5481
f 5401 5402 5483
f 5401 5483 5482
f 5402 5403 5484
f 5402 5484 5483
f 5403 5404 5485
f 5403 5485 5484
f 5404 5405 5486
f 5404 5486 5485
f 5405 5406 5487
f 5405 5487 5486
f 5406 5407 5488
f 5406 5488 5487
f 5407 5408 5489
f 5407 5489 5488
f 5408 5409 5490
f 5408 5490 5489
f 5409 5410 5491
f 5409 5491 5490
f 5410 5411 5492
f 5410 5492 5491
f 5411 5412 5493
f 5411 5493 5492
f 5412 5413 5494
f 5412 5494 5493
f 5413 5414 5495
f 5413 5495 5494
f 5414 5415 5496
f 5414 5496 5495
f 5415 5416 5497
f 5415 5497 5496
f 5416 5417 5498
f 5416 5498 5497
f 5417 5418 5499
f 5417 5499 5498
f 5418 5419 5500
f 5418 5500 5499
f 5419 5420 5501
f 5419 5501 5500
f 5420 5421 5502
f 5420 5502 5501
f 5421 5422 5503
f 5421 5503 5502
f 5422 5423 5504
f 5422 5504 5503
f 5423 5424 5505
f 5423 5505 5504
f 5424 5425 5506
f 5424 5506 5505
f 5425 5426 5507
f 5425 5507 5506
f 5426 5427 5508
f 5426 5508 5507
f 5428 5429 5510
f 5428 5510 5509
f 5429 5430 5511
f 5429 5511 5510
f 5430 5431 5512
f 5430 5512 5511
f 5431 5432 5513
f 5431 5513 5512
f 5432 5433 5514
f 5432 5514 5513
f 5433 5434 5515
f 5433 5515 5514
f 5434 5435 5516
f 5434 5516 5515
f 5435 5436 5517
f 5435 5517 5516
f 5436 5437 5518
f 5436 5518 5517
f 5437 5438 5519
f 5437 5519 5518
f 5438 5439 5520
f 5438 5520 5519
f 5439 5440 5521
f 5439 5521 5520
f 5440 5441 5522
f 5440 5522 5521
f 5441 5442 5523
f 5441 5523 5522
f 5442 5443 5524
f 5442 5524 5523
f 5443 5444 5525
f 5443 5525 5524
f 5444 5445 5526
f 5444 5526 5525
f 5445 5446 5527
f 5445 5527 5526
f 5446 5447 5528
f 5446 5528 5527
f 5447 5448 5529
f 5447 5529 5528
f 5448 5449 5530
f 5448 5530 5529
f 5449 5450 5531
f 5449 5531 5530
f 5450 5451 5532
f 5450 5532 5531
f 5451 5452 5533
f 5451 5533 5532
f 5452 5453 5534
f 5452 5534 5533
f 5453 5454 5535
f 5453 5535 5534
f 5454 5455 5536
f 5454 5536 5535
f 5455 5456 5537
f 5455 5537 5536
f 5456 5457 5538
f 5456 5538 5537
f 5457 5458 5539
f 5457 5539 5538
f 5458 5459 5540
f 5458 5540 5539
f 5459 5460 5541
f 5459 5541 5540
f 5460 5461 5542
f 5460 5542 5541
f 5461 5462 5543
f 5461 5543 5542
f 5462 5463 5544
f 5462 5544 5543
f 5463 5464 5545
f 5463 5545 5544
f 5464 5465 5546
f 5464 5546 5545
f 5465 5466 5547
f 5465 5547 5546
f 5466 5467 5548
f 5466 5548 5547
f 5467 5468 5549
f 5467 5549 5548
f 5468 5469 5550
f 5468 5550 5549
f 5469 5470 5551
f 5469 5551 5550
f 5470 5471 5552
f 5470 5552 5551
f 5471 5472 5553
f 5471 5553 5552
f 5472 5473 5554
f 5472 5554 5553
f 5473 5474 5555
f 5473 5555 5554
f 5474 5475 5556
f 5474 5556 5555
f 5475 5476 5557
f 5475 5557 5556
f 5476 5477 5558
f 5476 5558 5557
f 5477 5478 5559
f 5477 5559 5558
f 5478 5479 5560
f 5478 5560 5559
f 5479 5480 5561
f 5479 5561 5560
f 5480 5481 5562
f 5480 5562 5561
f 5481 5482 5563
f 5481 5563 5562
f 5482 5483 5564
f 5482 5564 5563
f 5483 5484 5565
f 5483 5565 5564
f 5484 5485 5566
f 5484 5566 5565
f 5485 5486 5567
f 5485 5567 5566
f 5486 5487 5568
f 5486 5568 5567
f 5487 5488 5569
f 5487 5569 5568
f 5488 5489 5570
f 5488 5570 5569
f 5489 5490 5571
f 5489 5571 5570
f 5490 5491 5572
f 5490 5572 5571
f 5491 5492 5573
f 5491 5573 5572
f 5492 5493 5574
f 5492 5574 5573
f 5493 5494 5575
f 5493 5575 5574
f 5494 5495 5576
f 5494 5576 5575
f 5495 5496 5577
f 5495 5577 5576
f 5496 5497 5578
f 5496 5578 5577
f 5497 5498 5579
f 5497 5579 5578
f 5498 5499 5580
f 5498 5580 5579
f 5499 5500 5581
f 5499 5581 5580
f 5500 5501 5582
f 5500 5582 5581
f 5501 5502 5583
f 5501 5583 5582
f 5502 5503 5584
f 5502 5584 5583
f 5503 5504 5585
f 5503 5585 5584
f 5504 5505 5586
f 5504 5586 5585
f 5505 5506 5587
f 5505 5587 5586
f 5506 5507 5588
f 5506 5588 5587
f 5507 5508 5589
f 5507 5589 5588
f 5509 5510 5591
f 5509 5591 5590
f 5510 5511 5592
f 5510 5592 5591
f 5511 5512 5593
f 5511 5593 5592
f 5512 5513 5594
f 5512 5594 5593
f 5513 5514 5595
f 5513 5595 5594
f 5514 5515 5596
f 5514 5596 5595
f 5515 5516 5597
f 5515 5597 5596
f 5516 5517 5598
f 5516 5598 5597
f 5517 5518 5599
f 5517 5599 5598
f 5518 5519 5600
f 5518 5600 5599
f 5519 5520 5601
f 5519 5601 5600
f 5520 5521 5602
f 5520 5602 5601
f 5521 5522 5603
f 5521 5603 5602
f 5522 5523 5604
f 5522 5604 5603
f 5523 5524 5605
f 5523 5605 5604
f 5524 5525 5606
f 5524 5606 5605
f 5525 5526 5607
f 5525 5607 5606
f 5526 5527 5608
f 5526 5608 5607
f 5527 5528 5609
f 5527 5609 5608
f 5528 5529 5610
f 5528 5610 5609
f 5529 5530 5611
f 5529 5611 5610
f 5530 5531 5612
f 5530 5612 5611
f 5531 5532 5613
f 5531 5613 5612
f 5532 5533 5614
f 5532 5614 5613
f 5533 5534 5615
f 5533 5615 5614
f 5534 5535 5616
f 5534 5616 5615
f 5535 5536 5617
f 5535 5617 5616
f 5536 5537 5618
f 5536 5618 5617
f 5537 5538 5619
f 5537 5619 5618
f 5538 5539 5620
f 5538 5620 5619
f 5539 5540 5621
f 5539 5621 5620
f 5540 5541 5622
f 5540 5622 5621
f 5541 5542 5623
f 5541 5623 5622
f 5542 5543 5624
f 5542 5624 5623
f 5543 5544 5625
f 5543 5625 5624
f 5544 5545 5626
f 5544 5626 5625
f 5545 5546 5627
f 5545 5627 5626
f 5546 5547 5628
f 5546 5628 5627
f 5547 5548 5629
f 5547 5629 5628
f 5548 5549 5630
f 5548 5630 5629
f 5549 5550 5631
f 5549 5631 5630
f 5550 5551 5632
f 5550 5632 5631
f 5551 5552 5633
f 5551 5633 5632
f 5552 5553 5634
f 5552 5634 5633
f 5553 5554 5635
f 5553 5635 5634
f 5554 5555 5636
f 5554 5636 5635
f 5555 5556 5637
f 5555 5637 5636
f 5556 5557 5638
f 5556 5638 5637
f 5557 5558 5639
f 5557 5639 5638
f 5558 5559 5640
f 5558 5640 5639
f 5559 5560 5641
f 5559 5641 5640
f 5560 5561 5642
f 5560 5642 5641
f 5561 5562 5643
f 5561 5643 5642
f 5562 5563 5644
f 5562 5644 5643
f 5563 5564 5645
f 5563 5645 5644
f 5564 5565 5646
f 5564 5646 5645
f 5565 5566 5647
f 5565 5647 5646
f 5566 5567 5648
f 5566 5648 5647
f 5567 5568 5649
f 5567 5649 5648
f 5568 5569 5650
f 5568 5650 5649
f 5569 5570 5651
f 5569 5651 5650
f 5570 5571 5652
f 5570 5652 5651
f 5571 5572 5653
f 5571 5653 5652
f 5572 5573 5654
f 5572 5654 5653
f 5573 5574 5655
f 5573 5655 5654
f 5574 5575 5656
f 5574 5656 5655
f 5575 5576 5657
f 5575 5657 5656
f 5576 5577 5658
f 5576 5658 5657
f 5577 5578 5659
f 5577 5659 5658
f 5578 5579 5660
f 5578 5660 5659
f 5579 5580 5661
f 5579 5661 5660
f 5580 5581 5662
f 5580 5662 5661
f 5581 5582 5663
f 5581 5663 5662
f 5582 5583 5664
f 5582 5664 5663
f 5583 5584 5665
f 5583 5665 5664
f 5584 5585 5666
f 5584 5666 5665
f 5585 5586 5667
f 5585 5667 5666
f 5586 5587 5668
f 5586 5668 5667
f 5587 5588 5669
f 5587 5669 5668
f 5588 5589 5670
f 5588 5670 5669
f 5590 5591 5672
f 5590 5672 5671
f 5591 5592 5673
f 5591 5673 5672
f 5592 5593 5674
f 5592 5674 5673
f 5593 5594 5675
f 5593 5675 5674
f 5594 5595 5676
f 5594 5676 5675
f 5595 5596 5677
f 5595 5677 5676
f 5596 5597 5678
f 5596 5678 5677
f 5597 5598 5679
f 5597 5679 5678
f 5598 5599 5680
f 5598 5680 5679
f 5599 5600 5681
f 5599 5681 5680
f 5600 5601 5682
f 5600 5682 5681
f 5601 5602 5683
f 5601 5683 5682
f 5602 5603 5684
f 5602 5684 5683
f 5603 5604 5685
f 5603 5685 5684
f 5604 5605 5686
f 5604 5686 5685
f 5605 5606 5687
f 5605 5687 5686
f 5606 5607 5688
f 5606 5688 5687
f 5607 5608 5689
f 5607 5689 5688
f 5608 5609 5690
f 5608 5690 5689
f 5609 5610 5691
f 5609 5691 5690
f 5610 5611 5692
f 5610 5692 5691
f 5611 5612 5693
f 5611 5693 5692
f 5612 5613 5694
f 5612 5694 5693
f 5613 5614 5695
f 5613 5695 5694
f 5614 5615 5696
f 5614 5696 5695
f 5615 5616 5697
f 5615 5697 5696
f 5616 5617 5698
f 5616 5698 5697
f 5617 5618 5699
f 5617 5699 5698
f 5618 5619 5700
f 5618 5700 5699
f 5619 5620 5701
f 5619 5701 5700
f 5620 5621 5702
f 5620 5702 5701
f 5621 5622 5703
f 5621 5703 5702
f 5622 5623 5704
f 5622 5704 5703
f 5623 5624 5705
f 5623 5705 5704
f 5624 5625 5706
f 5624 5706 5705
f 5625 5626 5707
f 5625 5707 5706
f 5626 5627 5708
f 5626 5708 5707
f 5627 5628 5709
f 5627 5709 5708
f 5628 5629 5710
f 5628 5710 5709
f 5629 5630 5711
f 5629 5711 5710
f 5630 5631 5712
f 5630 5712 5711
f 5631 5632 5713
f 5631 5713 5712
f 5632 5633 5714
f 5632 5714 5713
f 5633 5634 5715
f 5633 5715 5714
f 5634 5635 5716
f 5634 5716 5715
f 5635 5636 5717
f 5635 5717 5716
f 5636 5637 5718
f 5636 5718 5717
f 5637 5638 5719
f 5637 5719 5718
f 5638 5639 5720
f 5638 5720 5719
f 5639 5640 5721
f 5639 5721 5720
f 5640 5641 5722
f 5640 5722 5721
f 5641 5642 5723
f 5641 5723 5722
f 5642 5643 5724
f 5642 5724 5723
f 5643 5644 5725
f 5643 5725 5724
f 5644 5645 5726
f 5644 5726 5725
f 5645 5646 5727
f 5645 5727 5726
f 5646 5647 5728
f 5646 5728 5727
f 5647 5648 5729
f 5647 5729 5728
f 5648 5649 5730
f 5648 5730 5729
f 5649 5650 5731
f 5649 5731 5730
f 5650 5651 5732
f 5650 5732 5731
f 5651 5652 5733
f 5651 5733 5732
f 5652 5653 5734
f 5652 5734 5733
f 5653 5654 5735
f 5653 5735 5734
f 5654 5655 5736
f 5654 5736 5735
f 5655 5656 5737
f 5655 5737 5736
f 5656 5657 5738
f 5656 5738 5737
f 5657 5658 5739
f 5657 5739 5738
f 5658 5659 5740
f 5658 5740 5739
f 5659 5660 5741
f 5659 5741 5740
f 5660 5661 5742
f 5660 5742 5741
f 5661 5662 5743
f 5661 5743 5742
f 5662 5663 5744
f 5662 5744 5743
f 5663 5664 5745
f 5663 5745 5744
f 5664 5665 5746
f 5664 5746 5745
f 5665 5666 5747
f 5665 5747 5746
f 5666 5667 5748
f 5666 5748 5747
f 5667 5668 5749
f 5667 5749 5748
f 5668 5669 5750
f 5668 5750 5749
f 5669 5670 5751
f 5669 5751 5750
f 5671 5672 5753
f 5671 5753 5752
f 5672 5673 5754
f 5672 5754 5753
f 5673 5674 5755
f 5673 5755 5754
f 5674 5675 5756
f 5674 5756 5755
f 5675 5676 5757
f 5675 5757 5756
f 5676 5677 5758
f 5676 5758 5757
f 5677 5678 5759
f 5677 5759 5758
f 5678 5679 5760
f 5678 5760 5759
f 5679 5680 5761
f 5679 5761 5760
f 5680 5681 5762
f 5680 5762 5761
f 5681 5682 5763
f 5681 5763 5762
f 5682 5683 5764
f 5682 5764 5763
f 5683 5684 5765
f 5683 5765 5764
f 5684 5685 5766
f 5684 5766 5765
f 5685 5686 5767
f 5685 5767 5766
f 5686 5687 5768
f 5686 5768 5767
f 5687 5688 5769
f 5687 5769 5768
f 5688 5689 5770
f 5688 5770 5769
f 5689 5690 5771
f 5689 5771 5770
f 5690 5691 5772
f 5690 5772 5771
f 5691 5692 5773
f 5691 5773 5772
f 5692 5693 5774
f 5692 5774 5773
f 5693 5694 5775
f 5693 5775 5774
f 5694 5695 5776
f 5694 5776 5775
f 5695 5696 5777
f 5695 5777 5776
f 5696 5697 5778
f 5696 5778 5777
f 5697 5698 5779
f 5697 5779 5778
f 5698 5699 5780
f 5698 5780 5779
f 5699 5700 5781
f 5699 5781 5780
f 5700 5701 5782
f 5700 5782 5781
f 5701 5702 5783
f 5701 5783 5782
f 5702 5703 5784
f 5702 5784 5783
f 5703 5704 5785
f 5703 5785 5784
f 5704 5705 5786
f 5704 5786 5785
f 5705 5706 5787
f 5705 5787 5786
f 5706 5707 5788
f 5706 5788 5787
f 5707 5708 5789
f 5707 5789 5788
f 5708 5709 5790
f 5708 5790 5789
f 5709 5710 5791
f 5709 5791 5790
f 5710 5711 5792
f 5710 5792 5791
f 5711 5712 5793
f 5711 5793 5792
f 5712 5713 5794
f 5712 5794 5793
f 5713 5714 5795
f 5713 5795 5794
f 5714 5715 5796
f 5714 5796 5795
f 5715 5716 5797
f 5715 5797 5796
f 5716 5717 5798
f 5716 5798 5797
f 5717 5718 5799
f 5717 5799 5798
f 5718 5719 5800
f 5718 5800 5799
f 5719 5720 5801
f 5719 5801 5800
f 5720 5721 5802
f 5720 5802 5801
f 5721 5722 5803
f 5721 5803 5802
f 5722 5723 5804
f 5722 5804 5803
f 5723 5724 5805
f 5723 5805 5804
f 5724 5725 5806
f 5724 5806 5805
f 5725 5726 5807
f 5725 5807 5806
f 5726 5727 5808
f 5726 5808 5807
f 5727 5728 5809
f 5727 5809 5808
f 5728 5729 5810
f 5728 5810 5809
f 5729 5730 5811
f 5729 5811 5810
f 5730 5731 5812
f 5730 5812 5811
f 5731 5732 5813
f 5731 5813 5812
f 5732 5733 5814
f 5732 5814 5813
f 5733 5734 5815
f 5733 5815 5814
f 5734 5735 5816
f 5734 5816 5815
f 5735 5736 5817
f 5735 5817 5816
f 5736 5737 5818
f 5736 5818 5817
f 5737 5738 5819
f 5737 5819 5818
f 5738 5739 5820
f 5738 5820 5819
f 5739 5740 5821
f 5739 5821 5820
f 5740 5741 5822
f 5740 5822 5821
f 5741 5742 5823
f 5741 5823 5822
f 5742 5743 5824
f 5742 5824 5823
f 5743 5744 5825
f 5743 5825 5824
f 5744 5745 5826
f 5744 5826 5825
f 5745 5746 5827
f 5745 5827 5826
f 5746 5747 5828
f 5746 5828 5827
f 5747 5748 5829
f 5747 5829 5828
f 5748 5749 5830
f 5748 5830 5829
f 5749 5750 5831
f 5749 5831 5830
f 5750 5751 5832
f 5750 5832 5831
f 5752 5753 5834
f 5752 5834 5833
f 5753 5754 5835
f 5753 5835 5834
f 5754 5755 5836
f 5754 5836 5835
f 5755 5756 5837
f 5755 5837 5836
f 5756 5757 5838
f 5756 5838 5837
f 5757 5758 5839
f 5757 5839 5838
f 5758 5759 5840
f 5758 5840 5839
f 5759 5760 5841
f 5759 5841 5840
f 5760 5761 5842
f 5760 5842 5841
f 5761 5762 5843
f 5761 5843 5842
f 5762 5763 5844
f 5762 5844 5843
f 5763 5764 5845
f 5763 5845 5844
f 5764 5765 5846
f 5764 5846 5845
f 5765 5766 5847
f 5765 5847 5846
f 5766 5767 5848
f 5766 5848 5847
f 5767 5768 5849
f 5767 5849 5848
f 5768 5769 5850
f 5768 5850 5849
f 5769 5770 5851
f 5769 5851 5850
f 5770 5771 5852
f 5770 5852 5851
f 5771 5772 5853
f 5771 5853 5852
f 5772 5773 5854
f 5772 5854 5853
f 5773 5774 5855
f 5773 5855 5854
f 5774 5775 5856
f 5774 5856 5855
f 5775 5776 5857
f 5775 5857 5856
f 5776 5777 5858
f 5776 5858 5857
f 5777 5778 5859
f 5777 5859 5858
f 5778 5779 5860
f 5778 5860 5859
f 5779 5780 5861
f 5779 5861 5860
f 5780 5781 5862
f 5780 5862 5861
f 5781 5782 5863
f 5781 5863 5862
f 5782 5783 5864
f 5782 5864 5863
f 5783 5784 5865
f 5783 5865 5864
f 5784 5785 5866
f 5784 5866 5865
f 5785 5786 5867
f 5785 5867 5866
f 5786 5787 5868
f 5786 5868 5867
f 5787 5788 5869
f 5787 5869 5868
f 5788 5789 5870
f 5788 5870 5869
f 5789 5790 5871
f 5789 5871 5870
f 5790 5791 5872
f 5790 5872 5871
f 5791 5792 5873
f 5791 5873 5872
f 5792 5793 5874
f 5792 5874 5873
f 5793 5794 5875
f 5793 5875 5874
f 5794 5795 5876
f 5794 5876 5875
f 5795 5796 5877
f 5795 5877 5876
f 5796 5797 5878
f 5796 5878 5877
f 5797 5798 5879
f 5797 5879 5878
f 5798 5799 5880
f 5798 5880 5879
f 5799 5800 5881
f 5799 5881 5880
f 5800 5801 5882
f 5800 5882 5881
f 5801 5802 5883
f 5801 5883 5882
f 5802 5803 5884
f 5802 5884 5883
f 5803 5804 5885
f 5803 5885 5884
f 5804 5805 5886
f 5804 5886 5885
f 5805 5806 5887
f 5805 5887 5886
f 5806 5807 5888
f 5806 5888 5887
f 5807 5808 5889
f 5807 5889 5888
f 5808 5809 5890
f 5808 5890 5889
f 5809 5810 5891
f 5809 5891 5890
f 5810 5811 5892
f 5810 5892 5891
f 5811 5812 5893
f 5811 5893 5892
f 5812 5813 5894
f 5812 5894 5893
f 5813 5814 5895
f 5813 5895 5894
f 5814 5815 5896
f 5814 5896 5895
f 5815 5816 5897
f 5815 5897 5896
f 5816 5817 5898
f 5816 5898 5897
f 5817 5818 5899
f 5817 5899 5898
f 5818 5819 5900
f 5818 5900 5899
f 5819 5820 5901
f 5819 5901 5900
f 5820 5821 5902
f 5820 5902 5901
f 5821 5822 5903
f 5821 5903 5902
f 5822 5823 5904
f 5822 5904 5903
f 5823 5824 5905
f 5823 5905 5904
f 5824 5825 5906
f 5824 5906 5905
f 5825 5826 5907
f 5825 5907 5906
f 5826 5827 5908
f 5826 5908 5907
f 5827 5828 5909
f 5827 5909 5908
f 5828 5829 5910
f 5828 5910 5909
f 5829 5830 5911
f 5829 5911 5910
f 5830 5831 5912
f 5830 5912 5911
f 5831 5832 5913
f 5831 5913 5912
f 5833 5834 5915
f 5833 5915 5914
f 5834 5835 5916
f 5834 5916 5915
f 5835 5836 5917
f 5835 5917 5916
f 5836 5837 5918
f 5836 5918 5917
f 5837 5838 5919
f 5837 5919 5918
f 5838 5839 5920
f 5838 5920 5919
f 5839 5840 5921
f 5839 5921 5920
f 5840 5841 5922
f 5840 5922 5921
f 5841 5842 5923
f 5841 5923 5922
f 5842 5843 5924
f 5842 5924 5923
f 5843 5844 5925
f 5843 5925 5924
f 5844 5845 5926
f 5844 5926 5925
f 5845 5846 5927
f 5845 5927 5926
f 5846 5847 5928
f 5846 5928 5927
f 5847 5848 5929
f 5847 5929 5928
f 5848 5849 5930
f 5848 5930 5929
f 5849 5850 5931
f 5849 5931 5930
f 5850 5851 5932
f 5850 5932 5931
f 5851 5852 5933
f 5851 5933 5932
f 5852 5853 5934
f 5852 5934 5933
f 5853 5854 5935
f 5853 5935 5934
f 5854 5855 5936
f 5854 5936 5935
f 5855 5856 5937
f 5855 5937 5936
f 5856 5857 5938
f 5856 5938 5937
f 5857 5858 5939
f 5857 5939 5938
f 5858 5859 5940
f 5858 5940 5939
f 5859 5860 5941
f 5859 5941 5940
f 5860 5861 5942
f 5860 5942 5941
f 5861 5862 5943
f 5861 5943 5942
f 5862 5863 5944
f 5862 5944 5943
f 5863 5864 5945
f 5863 5945 5944
f 5864 5865 5946
f 5864 5946 5945
f 5865 5866 5947
f 5865 5947 5946
f 5866 5867 5948
f 5866 5948 5947
f 5867 5868 5949
f 5867 5949 5948
f 5868 5869 5950
f 5868 5950 5949
f 5869 5870 5951
f 5869 5951 5950
f 5870 5871 5952
f 5870 5952 5951
f 5871 5872 5953
f 5871 5953 5952
f 5872 5873 5954
f 5872 5954 5953
f 5873 5874 5955
f 5873 5955 5954
f 5874 5875 5956
f 5874 5956 5955
f 5875 5876 5957
f 5875 5957 5956
f 5876 5877 5958
f 5876 5958 5957
f 5877 5878 5959
f 5877 5959 5958
f 5878 5879 5960
f 5878 5960 5959
f 5879 5880 5961
f 5879 5961 5960
f 5880 5881 5962
f 5880 5962 5961
f 5881 5882 5963
f 5881 5963 5962
f 5882 5883 5964
f 5882 5964 5963
f 5883 5884 5965
f 5883 5965 5964
f 5884 5885 5966
f 5884 5966 5965
f 5885 5886 5967
f 5885 5967 5966
f 5886 5887 5968
f 5886 5968 5967
f 5887 5888 5969
f 5887 5969 5968
f 5888 5889 5970
f 5888 5970 5969
f 5889 5890 5971
f 5889 5971 5970
f 5890 5891 5972
f 5890 5972 5971
f 5891 5892 5973
f 5891 5973 5972
f 5892 5893 5974
f 5892 5974 5973
f 5893 5894 5975
f 5893 5975 5974
f 5894 5895 5976
f 5894 5976 5975
f 5895 5896 5977
f 5895 5977 5976
f 5896 5897 5978
f 5896 5978 5977
f 5897 5898 5979
f 5897 5979 5978
f 5898 5899 5980
f 5898 5980 5979
f 5899 5900 5981
f 5899 5981 5980
f 5900 5901 5982
f 5900 5982 5981
f 5901 5902 5983
f 5901 5983 5982
f 5902 5903 5984
f 5902 5984 5983
f 5903 5904 5985
f 5903 5985 5984
f 5904 5905 5986
f 5904 5986 5985
f 5905 5906 5987
f 5905 5987 5986
f 5906 5907 5988
f 5906 5988 5987
f 5907 5908 5989
f 5907 5989 5988
f 5908 5909 5990
f 5908 5990 5989
f 5909 5910 5991
f 5909 5991 5990
f 5910 5911 5992
f 5910 5992 5991
f 5911 5912 5993
f 5911 5993 5992
f 5912 5913 5994
f 5912 5994 5993
f 5914 5915 5996
f 5914 5996 5995
f 5915 5916 5997
f 5915 5997 5996
f 5916 5917 5998
f 5916 5998 5997
f 5917 5918 5999
f 5917 5999 5998
f 5918 5919 6000
f 5918 6000 5999
f 5919 5920 6001
f 5919 6001 6000
f 5920 5921 6002
f 5920 6002 6001
f 5921 5922 6003
f 5921 6003 6002
f 5922 5923 6004
f 5922 6004 6003
f 5923 5924 6005
f 5923 6005 6004
f 5924 5925 6006
f 5924 6006 6005
f 5925 5926 6007
f 5925 6007 6006
f 5926 5927 6008
f 5926 6008 6007
f 5927 5928 6009
f 5927 6009 6008
f 5928 5929 6010
f 5928 6010 6009
f 5929 5930 6011
f 5929 6011 6010
f 5930 5931 6012
f 5930 6012 6011
f 5931 5932 6013
f 5931 6013 6012
f 5932 5933 6014
f 5932 6014 6013
f 5933 5934 6015
f 5933 6015 6014
f 5934 5935 6016
f 5934 6016 6015
f 5935 5936 6017
f 5935 6017 6016
f 5936 5937 6018
f 5936 6018 6017
f 5937 5938 6019
f 5937 6019 6018
f 5938 5939 6020
f 5938 6020 6019
f 5939 5940 6021
f 5939 6021 6020
f 5940 5941 6022
f 5940 6022 6021
f 5941 5942 6023
f 5941 6023 6022
f 5942 5943 6024
f 5942 6024 6023
f 5943 5944 6025
f 5943 6025 6024
f 5944 5945 6026
f 5944 6026 6025
f 5945 5946 6027
f 5945 6027 6026
f 5946 5947 6028
f 5946 6028 6027
f 5947 5948 6029
f 5947 6029 6028
f 5948 5949 6030
f 5948 6030 6029
f 5949 5950 6031
f 5949 6031 6030
f 5950 5951 6032
f 5950 6032 6031
f 5951 5952 6033
f 5951 6033 6032
f 5952 5953 6034
f 5952 6034 6033
f 5953 5954 6035
f 5953 6035 6034
f 5954 5955 6036
f 5954 6036 6035
f 5955 5956 6037
f 5955 6037 6036
f 5956 5957 6038
f 5956 6038 6037
f 5957 5958 6039
f 5957 6039 6038
f 5958 5959 6040
f 5958 6040 6039
f 5959 5960 6041
f 5959 6041 6040
f 5960 5961 6042
f 5960 6042 6041
f 5961 5962 6043
f 5961 6043 6042
f 5962 5963 6044
f 5962 6044 6043
f 5963 5964 6045
f 5963 6045 6044
f 5964 5965 6046
f 5964 6046 6045
f 5965 5966 6047
f 5965 6047 6046
f 5966 5967 6048
f 5966 6048 6047
f 5967 5968 6049
f 5967 6049 6048
f 5968 5969 6050
f 5968 6050 6049
f 5969 5970 6051
f 5969 6051 6050
f 5970 5971 6052
f 5970 6052 6051
f 5971 5972 6053
f 5971 6053 6052
f 5972 5973 6054
f 5972 6054 6053
f 5973 5974 6055
f 5973 6055 6054
f 5974 5975 6056
f 5974 6056 6055
f 5975 5976 6057
f 5975 6057 6056
f 5976 5977 6058
f 5976 6058 6057
f 5977 5978 6059
f 5977 6059 6058
f 5978 5979 6060
f 5978 6060 6059
f 5979 5980 6061
f 5979 6061 6060
f 5980 5981 6062
f 5980 6062 6061
f 5981 5982 6063
f 5981 6063 6062
f 5982 5983 6064
f 5982 6064 6063
f 5983 5984 6065
f 5983 6065 6064
f 5984 5985 6066
f 5984 6066 6065
f 5985 5986 6067
f 5985 6067 6066
f 5986 5987 6068
f 5986 6068 6067
f 5987 5988 6069
f 5987 6069 6068
f 5988 5989 6070
f 5988 6070 6069
f 5989 5990 6071
f 5989 6071 6070
f 5990 5991 6072
f 5990 6072 6071
f 5991 5992 6073
f 5991 6073 6072
f 5992 5993 6074
f 5992 6074 6073
f 5993 5994 6075
f 5993 6075 6074
f 5995 5996 6077
f 5995 6077 6076
f 5996 5997 6078
f 5996 6078 6077
f 5997 5998 6079
f 5997 6079 6078
f 5998 5999 6080
f 5998 6080 6079
f 5999 6000 6081
f 5999 6081 6080
f 6000 6001 6082
f 6000 6082 6081
f 6001 6002 6083
f 6001 6083 6082
f 6002 6003 6084
f 6002 6084 6083
f 6003 6004 6085
f 6003 6085 6084
f 6004 6005 6086
f 6004 6086 6085
f 6005 6006 6087
f 6005 6087 6086
f 6006 6007 6088
f 6006 6088 6087
f 6007 6008 6089
f 6007 6089 6088
f 6008 6009 6090
f 6008 6090 6089
f 6009 6010 6091
f 6009 6091 6090
f 6010 6011 6092
f 6010 6092 6091
f 6011 6012 6093
f 6011 6093 6092
f 6012 6013 6094
f 6012 6094 6093
f 6013 6014 6095
f 6013 6095 6094
f 6014 6015 6096
f 6014 6096 6095
f 6015 6016 6097
f 6015 6097 6096
f 6016 6017 6098
f 6016 6098 6097
f 6017 6018 6099
f 6017 6099 6098
f 6018 6019 6100
f 6018 6100 6099
f 6019 6020 6101
f 6019 6101 6100
f 6020 6021 6102
f 6020 6102 6101
f 6021 6022 6103
f 6021 6103 6102
f 6022 6023 6104
f 6022 6104 6103
f 6023 6024 6105
f 6023 6105 6104
f 6024 6025 6106
f 6024 6106 6105
f 6025 6026 6107
f 6025 6107 6106
f 6026 6027 6108
f 6026 6108 6107
f 6027 6028 6109
f 6027 6109 6108
f 6028 6029 6110
f 6028 6110 6109
f 6029 6030 6111
f 6029 6111 6110
f 6030 6031 6112
f 6030 6112 6111
f 6031 6032 6113
f 6031 6113 6112
f 6032 6033 6114
f 6032 6114 6113
f 6033 6034 6115
f 6033 6115 6114
f 6034 6035 6116
f 6034 6116 6115
f 6035 6036 6117
f 6035 6117 6116
f 6036 6037 6118
f 6036 6118 6117
f 6037 6038 6119
f 6037 6119 6118
f 6038 6039 6120
f 6038 6120 6119
f 6039 6040 6121
f 6039 6121 6120
f 6040 6041 6122
f 6040 6122 6121
f 6041 6042 6123
f 6041 6123 6122
f 6042 6043 6124
f 6042 6124 6123
f 6043 6044 6125
f 6043 6125 6124
f 6044 6045 6126
f 6044 6126 6125
f 6045 6046 6127
f 6045 6127 6126
f 6046 6047 6128
f 6046 6128 6127
f 6047 6048 6129
f 6047 6129 6128
f 6048 6049 6130
f 6048 6130 6129
f 6049 6050 6131
f 6049 6131 6130
f 6050 6051 6132
f 6050 6132 6131
f 6051 6052 6133
f 6051 6133 6132
f 6052 6053 6134
f 6052 6134 6133
f 6053 6054 6135
f 6053 6135 6134
f 6054 6055 6136
f 6054 6136 6135
f 6055 6056 6137
f 6055 6137 6136
f 6056 6057 6138
f 6056 6138 6137
f 6057 6058 6139
f 6057 6139 6138
f 6058 6059 6140
f 6058 6140 6139
f 6059 6060 6141
f 6059 6141 6140
f 6060 6061 6142
f 6060 6142 6141
f 6061 6062 6143
f 6061 6143 6142
f 6062 6063 6144
f 6062 6144 6143
f 6063 6064 6145
f 6063 6145 6144
f 6064 6065 6146
f 6064 6146 6145
f 6065 6066 6147
f 6065 6147 6146
f 6066 6067 6148
f 6066 6148 6147
f 6067 6068 6149
f 6067 6149 6148
f 6068 6069 6150
f 6068 6150 6149
f 6069 6070 6151
f 6069 6151 6150
f 6070 6071 6152
f 6070 6152 6151
f 6071 6072 6153
f 6071 6153 6152
f 6072 6073 6154
f 6072 6154 6153
f 6073 6074 6155
f 6073 6155 6154
f 6074 6075 6156
f 6074 6156 6155
f 6076 6077 6158
f 6076 6158 6157
f 6077 6078 6159
f 6077 6159 6158
f 6078 6079 6160
f 6078 6160 6159
f 6079 6080 6161
f 6079 6161 6160
f 6080 6081 6162
f 6080 6162 6161
f 6081 6082 6163
f 6081 6163 6162
f 6082 6083 6164
f 6082 6164 6163
f 6083 6084 6165
f 6083 6165 6164
f 6084 6085 6166
f 6084 6166 6165
f 6085 6086 6167
f 6085 6167 6166
f 6086 6087 6168
f 6086 6168 6167
f 6087 6088 6169
f 6087 6169 6168
f 6088 6089 6170
f 6088 6170 6169
f 6089 6090 6171
f 6089 6171 6170
f 6090 6091 6172
f 6090 6172 6171
f 6091 6092 6173
f 6091 6173 6172
f 6092 6093 6174
f 6092 6174 6173
f 6093 6094 6175
f 6093 6175 6174
f 6094 6095 6176
f 6094 6176 6175
f 6095 6096 6177
f 6095 6177 6176
f 6096 6097 6178
f 6096 6178 6177
f 6097 6098 6179
f 6097 6179 6178
f 6098 6099 6180
f 6098 6180 6179
f 6099 6100 6181
f 6099 6181 6180
f 6100 6101 6182
f 6100 6182 6181
f 6101 6102 6183
f 6101 6183 6182
f 6102 6103 6184
f 6102 6184 6183
f 6103 6104 6185
f 6103 6185 6184
f 6104 6105 6186
f 6104 6186 6185
f 6105 6106 6187
f 6105 6187 6186
f 6106 6107 6188
f 6106 6188 6187
f 6107 6108 6189
f 6107 6189 6188
f 6108 6109 6190
f 6108 6190 6189
f 6109 6110 6191
f 6109 6191 6190
f 6110 6111 6192
f 6110 6192 6191
f 6111 6112 6193
f 6111 6193 6192
f 6112 6113 6194
f 6112 6194 6193
f 6113 6114 6195
f 6113 6195 6194
f 6114 6115 6196
f 6114 6196 6195
f 6115 6116 6197
f 6115 6197 6196
f 6116 6117 6198
f 6116 6198 6197
f 6117 6118 6199
f 6117 6199 6198
f 6118 6119 6200
f 6118 6200 6199
f 6119 6120 6201
f 6119 6201 6200
f 6120 6121 6202
f 6120 6202 6201
f 6121 6122 6203
f 6121 6203 6202
f 6122 6123 6204
f 6122 6204 6203
f 6123 6124 6205
f 6123 6205 6204
f 6124 6125 6206
f 6124 6206 6205
f 6125 6126 6207
f 6125 6207 6206
f 6126 6127 6208
f 6126 6208 6207
f 6127 6128 6209
f 6127 6209 6208
f 6128 6129 6210
f 6128 6210 6209
f 6129 6130 6211
f 6129 6211 6210
f 6130 6131 6212
f 6130 6212 6211
f 6131 6132 6213
f 6131 6213 6212
f 6132 6133 6214
f 6132 6214 6213
f 6133 6134 6215
f 6133 6215 6214
f 6134 6135 6216
f 6134 6216 6215
f 6135 6136 6217
f 6135 6217 6216
f 6136 6137 6218
f 6136 6218 6217
f 6137 6138 6219
f 6137 6219 6218
f 6138 6139 6220
f 6138 6220 6219
f 6139 6140 6221
f 6139 6221 6220
f 6140 6141 6222
f 6140 6222 6221
f 6141 6142 6223
f 6141 6223 6222
f 6142 6143 6224
f 6142 6224 6223
f 6143 6144 6225
f 6143 6225 6224
f 6144 6145 6226
f 6144 6226 6225
f 6145 6146 6227
f 6145 6227 6226
f 6146 6147 6228
f 6146 6228 6227
f 6147 6148 6229
f 6147 6229 6228
f 6148 6149 6230
f 6148 6230 6229
f 6149 6150 6231
f 6149 6231 6230
f 6150 6151 6232
f 6150 6232 6231
f 6151 6152 6233
f 6151 6233 6232
f 6152 6153 6234
f 6152 6234 6233
f 6153 6154 6235
f 6153 6235 6234
f 6154 6155 6236
f 6154 6236 6235
f 6155 6156 6237
f 6155 6237 6236
f 6157 6158 6239
f 6157 6239 6238
f 6158 6159 6240
f 6158 6240 6239
f 6159 6160 6241
f 6159 6241 6240
f 6160 6161 6242
f 6160 6242 6241
f 6161 6162 6243
f 6161 6243 6242
f 6162 6163 6244
f 6162 6244 6243
f 6163 6164 6245
f 6163 6245 6244
f 6164 6165 6246
f 6164 6246 6245
f 6165 6166 6247
f 6165 6247 6246
f 6166 6167 6248
f 6166 6248 6247
f 6167 6168 6249
f 6167 6249 6248
f 6168 6169 6250
f 6168 6250 6249
f 6169 6170 6251
f 6169 6251 6250
f 6170 6171 6252
f 6170 6252 6251
f 6171 6172 6253
f 6171 6253 6252
f 6172 6173 6254
f 6172 6254 6253
f 6173 6174 6255
f 6173 6255 6254
f 6174 6175 6256
f 6174 6256 6255
f 6175 6176 6257
f 6175 6257 6256
f 6176 6177 6258
f 6176 6258 6257
f 6177 6178 6259
f 6177 6259 6258
f 6178 6179 6260
f 6178 6260 6259
f 6179 6180 6261
f 6179 6261 6260
f 6180 6181 6262
f 6180 6262 6261
f 6181 6182 6263
f 6181 6263 6262
f 6182 6183 6264
f 6182 6264 6263
f 6183 6184 6265
f 6183 6265 6264
f 6184 6185 6266
f 6184 6266 6265
f 6185 6186 6267
f 6185 6267 6266
f 6186 6187 6268
f 6186 6268 6267
f 6187 6188 6269
f 6187 6269 6268
f 6188 6189 6270
f 6188 6270 6269
f 6189 6190 6271
f 6189 6271 6270
f 6190 6191 6272
f 6190 6272 6271
f 6191 6192 6273
f 6191 6273 6272
f 6192 6193 6274
f 6192 6274 6273
f 6193 6194 6275
f 6193 6275 6274
f 6194 6195 6276
f 6194 6276 6275
f 6195 6196 6277
f 6195 6277 6276
f 6196 6197 6278
f 6196 6278 6277
f 6197 6198 6279
f 6197 6279 6278
f 6198 6199 6280
f 6198 6280 6279
f 6199 6200 6281
f 6199 6281 6280
f 6200 6201 6282
f 6200 6282 6281
f 6201 6202 6283
f 6201 6283 6282
f 6202 6203 6284
f 6202 6284 6283
f 6203 6204 6285
f 6203 6285 6284
f 6204 6205 6286
f 6204 6286 6285
f 6205 6206 6287
f 6205 6287 6286
f 6206 6207 6288
f 6206 6288 6287
f 6207 6208 6289
f 6207 6289 6288
f 6208 6209 6290
f 6208 6290 6289
f 6209 6210 6291
f 6209 6291 6290
f 6210 6211 6292
f 6210 6292 6291
f 6211 6212 6293
f 6211 6293 6292
f 6212 6213 6294
f 6212 6294 6293
f 6213 6214 6295
f 6213 6295 6294
f 6214 6215 6296
f 6214 6296 6295
f 6215 6216 6297
f 6215 6297 6296
f 6216 6217 6298
f 6216 6298 6297
f 6217 6218 6299
f 6217 6299 6298
f 6218 6219 6300
f 6218 6300 6299
f 6219 6220 6301
f 6219 6301 6300
f 6220 6221 6302
f 6220 6302 6301
f 6221 6222 6303
f 6221 6303 6302
f 6222 6223 6304
f 6222 6304 6303
f 6223 6224 6305
f 6223 6305 6304
f 6224 6225 6306
f 6224 6306 6305
f 6225 6226 6307
f 6225 6307 6306
f 6226 6227 6308
f 6226 6308 6307
f 6227 6228 6309
f 6227 6309 6308
f 6228 6229 6310
f 6228 6310 6309
f 6229 6230 6311
f 6229 6311 6310
f 6230 6231 6312
f 6230 6312 6311
f 6231 6232 6313
f 6231 6313 6312
f 6232 6233 6314
f 6232 6314 6313
f 6233 6234 6315
f 6233 6315 6314
f 6234 6235 6316
f 6234 6316 6315
f 6235 6236 6317
f 6235 6317 6316
f 6236 6237 6318
f 6236 6318 6317
f 6238 6239 6320
f 6238 6320 6319
f 6239 6240 6321
f 6239 6321 6320
f 6240 6241 6322
f 6240 6322 6321
f 6241 6242 6323
f 6241 6323 6322
f 6242 6243 6324
f 6242 6324 6323
f 6243 6244 6325
f 6243 6325 6324
f 6244 6245 6326
f 6244 6326 6325
f 6245 6246 6327
f 6245 6327 6326
f 6246 6247 6328
f 6246 6328 6327
f 6247 6248 6329
f 6247 6329 6328
f 6248 6249 6330
f 6248 6330 6329
f 6249 6250 6331
f 6249 6331 6330
f 6250 6251 6332
f 6250 6332 6331
f 6251 6252 6333
f 6251 6333 6332
f 6252 6253 6334
f 6252 6334 6333
f 6253 6254 6335
f 6253 6335 6334
f 6254 6255 6336
f 6254 6336 6335
f 6255 6256 6337
f 6255 6337 6336
f 6256 6257 6338
f 6256 6338 6337
f 6257 6258 6339
f 6257 6339 6338
f 6258 6259 6340
f 6258 6340 6339
f 6259 6260 6341
f 6259 6341 6340
f 6260 6261 6342
f 6260 6342 6341
f 6261 6262 6343
f 6261 6343 6342
f 6262 6263 6344
f 6262 6344 6343
f 6263 6264 6345
f 6263 6345 6344
f 6264 6265 6346
f 6264 6346 6345
f 6265 6266 6347
f 6265 6347 6346
f 6266 6267 6348
f 6266 6348 6347
f 6267 6268 6349
f 6267 6349 6348
f 6268 6269 6350
f 6268 6350 6349
f 6269 6270 6351
f 6269 6351 6350
f 6270 6271 6352
f 6270 6352 6351
f 6271 6272 6353
f 6271 6353 6352
f 6272 6273 6354
f 6272 6354 6353
f 6273 6274 6355
f 6273 6355 6354
f 6274 6275 6356
f 6274 6356 6355
f 6275 6276 6357
f 6275 6357 6356
f 6276 6277 6358
f 6276 6358 6357
f 6277 6278 6359
f 6277 6359 6358
f 6278 6279 6360
f 6278 6360 6359
f 6279 6280 6361
f 6279 6361 6360
f 6280 6281 6362
f 6280 6362 6361
f 6281 6282 6363
f 6281 6363 6362
f 6282 6283 6364
f 6282 6364 6363
f 6283 6284 6365
f 6283 6365 6364
f 6284 6285 6366
f 6284 6366 6365
f 6285 6286 6367
f 6285 6367 6366
f 6286 6287 6368
f 6286 6368 6367
f 6287 6288 6369
f 6287 6369 6368
f 6288 6289 6370
f 6288 6370 6369
f 6289 6290 6371
f 6289 6371 6370
f 6290 6291 6372
f 6290 6372 6371
f 6291 6292 6373
f 6291 6373 6372
f 6292 6293 6374
f 6292 6374 6373
f 6293 6294 6375
f 6293 6375 6374
f 6294 6295 6376
f 6294 6376 6375
f 6295 6296 6377
f 6295 6377 6376
f 6296 6297 6378
f 6296 6378 6377
f 6297 6298 6379
f 6297 6379 6378
f 6298 6299 6380
f 6298 6380 6379
f 6299 6300 6381
f 6299 6381 6380
f 6300 6301 6382
f 6300 6382 6381
f 6301 6302 6383
f 6301 6383 6382
f 6302 6303 6384
f 6302 6384 6383
f 6303 6304 6385
f 6303 6385 6384
f 6304 6305 6386
f 6304 6386 6385
f 6305 6306 6387
f 6305 6387 6386
f 6306 6307 6388
f 6306 6388 6387
f 6307 6308 6389
f 6307 6389 6388
f 6308 6309 6390
f 6308 6390 6389
f 6309 6310 6391
f 6309 6391 6390
f 6310 6311 6392
f 6310 6392 6391
f 6311 6312 6393
f 6311 6393 6392
f 6312 6313 6394
f 6312 6394 6393
f 6313 6314 6395
f 6313 6395 6394
f 6314 6315 6396
f 6314 6396 6395
f 6315 6316 6397
f 6315 6397 6396
f 6316 6317 6398
f 6316 6398 6397
f 6317 6318 6399
f 6317 6399 6398
f 6319 6320 6401
f 6319 6401 6400
f 6320 6321 6402
f 6320 6402 6401
f 6321 6322 6403
f 6321 6403 6402
f 6322 6323 6404
f 6322 6404 6403
f 6323 6324 6405
f 6323 6405 6404
f 6324 6325 6406
f 6324 6406 6405
f 6325 6326 6407
f 6325 6407 6406
f 6326 6327 6408
f 6326 6408 6407
f 6327 6328 6409
f 6327 6409 6408
f 6328 6329 6410
f 6328 6410 6409
f 6329 6330 6411
f 6329 6411 6410
f 6330 6331 6412
f 6330 6412 6411
f 6331 6332 6413
f 6331 6413 6412
f 6332 6333 6414
f 6332 6414 6413
f 6333 6334 6415
f 6333 6415 6414
f 6334 6335 6416
f 6334 6416 6415
f 6335 6336 6417
f 6335 6417 6416
f 6336 6337 6418
f 6336 6418 6417
f 6337 6338 6419
f 6337 6419 6418
f 6338 6339 6420
f 6338 6420 6419
f 6339 6340 6421
f 6339 6421 6420
f 6340 6341 6422
f 6340 6422 6421
f 6341 6342 6423
f 6341 6423 6422
f 6342 6343 6424
f 6342 6424 6423
f 6343 6344 6425
f 6343 6425 6424
f 6344 6345 6426
f 6344 6426 6425
f 6345 6346 6427
f 6345 6427 6426
f 6346 6347 6428
f 6346 6428 6427
f 6347 6348 6429
f 6347 6429 6428
f 6348 6349 6430
f 6348 6430 6429
f 6349 6350 6431
f 6349 6431 6430
f 6350 6351 6432
f 6350 6432 6431
f 6351 6352 6433
f 6351 6433 6432
f 6352 6353 6434
f 6352 6434 6433
f 6353 6354 6435
f 6353 6435 6434
f 6354 6355 6436
f 6354 6436 6435
f 6355 6356 6437
f 6355 6437 6436
f 6356 6357 6438
f 6356 6438 6437
f 6357 6358 6439
f 6357 6439 6438
f 6358 6359 6440
f 6358 6440 6439
f 6359 6360 6441
f 6359 6441 6440
f 6360 6361 6442
f 6360 6442 6441
f 6361 6362 6443
f 6361 6443 6442
f 6362 6363 6444
f 6362 6444 6443
f 6363 6364 6445
f 6363 6445 6444
f 6364 6365 6446
f 6364 6446 6445
f 6365 6366 6447
f 6365 6447 6446
f 6366 6367 6448
f 6366 6448 6447
f 6367 6368 6449
f 6367 6449 6448
f 6368 6369 6450
f 6368 6450 6449
f 6369 6370 6451
f 6369 6451 6450
f 6370 6371 6452
f 6370 6452 6451
f 6371 6372 6453
f 6371 6453 6452
f 6372 6373 6454
f 6372 6454 6453
f 6373 6374 6455
f 6373 6455 6454
f 6374 6375 6456
f 6374 6456 6455
f 6375 6376 6457
f 6375 6457 6456
f 6376 6377 6458
f 6376 6458 6457
f 6377 6378 6459
f 6377 6459 6458
f 6378 6379 6460
f 6378 6460 6459
f 6379 6380 6461
f 6379 6461 6460
f 6380 6381 6462
f 6380 6462 6461
f 6381 6382 6463
f 6381 6463 6462
f 6382 6383 6464
f 6382 6464 6463
f 6383 6384 6465
f 6383 6465 6464
f 6384 6385 6466
f 6384 6466 6465
f 6385 6386 6467
f 6385 6467 6466
f 6386 6387 6468
f 6386 6468 6467
f 6387 6388 6469
f 6387 6469 6468
f 6388 6389 6470
f 6388 6470 6469
f 6389 6390 6471
f 6389 6471 6470
f 6390 6391 6472
f 6390 6472 6471
f 6391 6392 6473
f 6391 6473 6472
f 6392 6393 6474
f 6392 6474 6473
f 6393 6394 6475
f 6393 6475 6474
f 6394 6395 6476
f 6394 6476 6475
f 6395 6396 6477
f 6395 6477 6476
f 6396 6397 6478
f 6396 6478 6477
f 6397 6398 6479
f 6397 6479 6478
f 6398 6399 6480
f 6398 6480 6479
f 6400 6401 6482
f 6400 6482 6481
f 6401 6402 6483
f 6401 6483 6482
f 6402 6403 6484
f 6402 6484 6483
f 6403 6404 6485
f 6403 6485 6484
f 6404 6405 6486
f 6404 6486 6485
f 6405 6406 6487
f 6405 6487 6486
f 6406 6407 6488
f 6406 6488 6487
f 6407 6408 6489
f 6407 6489 6488
f 6408 6409 6490
f 6408 6490 6489
f 6409 6410 6491
f 6409 6491 6490
f 6410 6411 6492
f 6410 6492 6491
f 6411 6412 6493
f 6411 6493 6492
f 6412 6413 6494
f 6412 6494 6493
f 6413 6414 6495
f 6413 6495 6494
f 6414 6415 6496
f 6414 6496 6495
f 6415 6416 6497
f 6415 6497 6496
f 6416 6417 6498
f 6416 6498 6497
f 6417 6418 6499
f 6417 6499 6498
f 6418 6419 6500
f 6418 6500 6499
f 6419 6420 6501
f 6419 6501 6500
f 6420 6421 6502
f 6420 6502 6501
f 6421 6422 6503
f 6421 6503 6502
f 6422 6423 6504
f 6422 6504 6503
f 6423 6424 6505
f 6423 6505 6504
f 6424 6425 6506
f 6424 6506 6505
f 6425 6426 6507
f 6425 6507 6506
f 6426 6427 6508
f 6426 6508 6507
f 6427 6428 6509
f 6427 6509 6508
f 6428 6429 6510
f 6428 6510 6509
f 6429 6430 6511
f 6429 6511 6510
f 6430 6431 6512
f 6430 6512 6511
f 6431 6432 6513
f 6431 6513 6512
f 6432 6433 6514
f 6432 6514 6513
f 6433 6434 6515
f 6433 6515 6514
f 6434 6435 6516
f 6434 6516 6515
f 6435 6436 6517
f 6435 6517 6516
f 6436 6437 6518
f 6436 6518 6517
f 6437 6438 6519
f 6437 6519 6518
f 6438 6439 6520
f 6438 6520 6519
f 6439 6440 6521
f 6439 6521 6520
f 6440 6441 6522
f 6440 6522 6521
f 6441 6442 6523
f 6441 6523 6522
f 6442 6443 6524
f 6442 6524 6523
f 6443 6444 6525
f 6443 6525 6524
f 6444 6445 6526
f 6444 6526 6525
f 6445 6446 6527
f 6445 6527 6526
f 6446 6447 6528
f 6446 6528 6527
f 6447 6448 6529
f 6447 6529 6528
f 6448 6449 6530
f 6448 6530 6529
f 6449 6450 6531
f 6449 6531 6530
f 6450 6451 6532
f 6450 6532 6531
f 6451 6452 6533
f 6451 6533 6532
f 6452 6453 6534
f 6452 6534 6533
f 6453 6454 6535
f 6453 6535 6534
f 6454 6455 6536
f 6454 6536 6535
f 6455 6456 6537
f 6455 6537 6536
f 6456 6457 6538
f 6456 6538 6537
f 6457 6458 6539
f 6457 6539 6538
f 6458 6459 6540
f 6458 6540 6539
f 6459 6460 6541
f 6459 6541 6540
f 6460 6461 6542
f 6460 6542 6541
f 6461 6462 6543
f 6461 6543 6542
f 6462 6463 6544
f 6462 6544 6543
f 6463 6464 6545
f 6463 6545 6544
f 6464 6465 6546
f 6464 6546 6545
f 6465 6466 6547
f 6465 6547 6546
f 6466 6467 6548
f 6466 6548 6547
f 6467 6468 6549
f 6467 6549 6548
f 6468 6469 6550
f 6468 6550 6549
f 6469 6470 6551
f 6469 6551 6550
f 6470 6471 6552
f 6470 6552 6551
f 6471 6472 6553
f 6471 6553 6552
f 6472 6473 6554
f 6472 6554 6553
f 6473 6474 6555
f 6473 6555 6554
f 6474 6475 6556
f 6474 6556 6555
f 6475 6476 6557
f 6475 6557 6556
f 6476 6477 6558
f 6476 6558 6557
f 6477 6478 6559
f 6477 6559 6558
f 6478 6479 6560
f 6478 6560 6559
f 6479 6480 6561
f 6479 6561 6560
