o [4B] 3D Diagram - S2-02 Group C_67
v 2.857886 3.647368 4.570000
v 2.857886 3.700000 4.570000
v 2.857886 3.700000 4.581316
v 2.857886 3.647368 4.581316
v 2.910518 3.647368 4.570000
v 2.910518 3.647368 4.581316
v 2.910518 3.700000 4.570000
v 2.910518 3.700000 4.581316
v 2.857886 3.752632 4.570000
v 2.857886 3.752632 4.581316
v 2.910518 3.752632 4.581316
v 2.910518 3.752632 4.570000
v 2.910518 3.384207 4.570000
v 2.910518 3.436839 4.570000
v 2.910518 3.436839 4.581316
v 2.910518 3.384207 4.581316
v 2.963151 3.384207 4.570000
v 2.963151 3.384207 4.581316
v 2.963151 3.436839 4.570000
v 2.963151 3.436839 4.581316
v 2.910518 3.489472 4.570000
v 2.910518 3.489472 4.581316
v 2.963151 3.489472 4.570000
v 2.910518 3.489472 4.592632
v 2.910518 3.436839 4.592632
v 2.963151 3.436839 4.592632
v 2.910518 3.489472 4.603947
v 2.910518 3.436839 4.603947
v 2.963151 3.436839 4.603947
v 2.963151 3.489472 4.603947
v 2.910518 3.542104 4.570000
v 2.910518 3.542104 4.581316
v 2.963151 3.542104 4.570000
v 2.910518 3.542104 4.592632
v 2.910518 3.542104 4.603947
v 2.910518 3.542104 4.615263
v 2.910518 3.489472 4.615263
v 2.963151 3.489472 4.615263
v 2.963151 3.542104 4.615263
v 2.910518 3.594736 4.570000
v 2.910518 3.594736 4.581316
v 2.963151 3.594736 4.570000
v 2.910518 3.594736 4.592632
v 2.910518 3.594736 4.603947
v 2.910518 3.594736 4.615263
v 2.910518 3.594736 4.626579
v 2.910518 3.542104 4.626579
v 2.963151 3.542104 4.626579
v 2.910518 3.594736 4.637895
v 2.910518 3.542104 4.637895
v 2.963151 3.542104 4.637895
v 2.963151 3.594736 4.637895
v 2.963151 3.647368 4.570000
v 2.910518 3.647368 4.592632
v 2.910518 3.647368 4.603947
v 2.910518 3.647368 4.615263
v 2.910518 3.647368 4.626579
v 2.910518 3.647368 4.637895
v 2.963151 3.647368 4.637895
v 2.963151 3.700000 4.570000
v 2.910518 3.700000 4.592632
v 2.910518 3.700000 4.603947
v 2.910518 3.700000 4.615263
v 2.910518 3.700000 4.626579
v 2.910518 3.700000 4.637895
v 2.910518 3.700000 4.649211
v 2.910518 3.647368 4.649211
v 2.963151 3.647368 4.649211
v 2.963151 3.700000 4.649211
v 2.963151 3.752632 4.570000
v 2.910518 3.752632 4.592632
v 2.910518 3.752632 4.603947
v 2.910518 3.752632 4.615263
v 2.910518 3.752632 4.626579
v 2.910518 3.752632 4.637895
v 2.910518 3.752632 4.649211
v 2.963151 3.752632 4.649211
v 2.963151 3.752632 4.637895
v 2.910518 3.805264 4.570000
v 2.910518 3.805264 4.581316
v 2.963151 3.805264 4.570000
v 2.910518 3.805264 4.592632
v 2.910518 3.805264 4.603947
v 2.910518 3.805264 4.615263
v 2.910518 3.805264 4.626579
v 2.910518 3.805264 4.637895
v 2.963151 3.805264 4.637895
v 2.910518 3.857896 4.570000
v 2.910518 3.857896 4.581316
v 2.963151 3.857896 4.570000
v 2.910518 3.857896 4.592632
v 2.910518 3.857896 4.603947
v 2.910518 3.857896 4.615263
v 2.910518 3.857896 4.626579
v 2.963151 3.857896 4.626579
v 2.963151 3.857896 4.615263
v 2.910518 3.857896 4.637895
v 2.963151 3.857896 4.637895
v 2.910518 3.910528 4.570000
v 2.910518 3.910528 4.581316
v 2.963151 3.910528 4.570000
v 2.910518 3.910528 4.592632
v 2.910518 3.910528 4.603947
v 2.910518 3.910528 4.615263
v 2.963151 3.910528 4.615263
v 2.963151 3.910528 4.603947
v 2.910518 3.963161 4.570000
v 2.910518 3.963161 4.581316
v 2.963151 3.963161 4.570000
v 2.910518 3.963161 4.592632
v 2.963151 3.963161 4.592632
v 2.963151 3.963161 4.581316
v 2.910518 3.963161 4.603947
v 2.963151 3.963161 4.603947
v 2.910518 4.015793 4.570000
v 2.910518 4.015793 4.581316
v 2.963151 4.015793 4.581316
v 2.963151 4.015793 4.570000
v 2.963151 3.278943 4.570000
v 2.963151 3.331575 4.570000
v 2.963151 3.331575 4.581316
v 2.963151 3.278943 4.581316
v 3.015783 3.278943 4.570000
v 3.015783 3.278943 4.581316
v 3.015783 3.331575 4.570000
v 3.015783 3.331575 4.581316
v 3.015783 3.384207 4.570000
v 2.963151 3.384207 4.592632
v 2.963151 3.331575 4.592632
v 3.015783 3.331575 4.592632
v 2.963151 3.384207 4.603947
v 2.963151 3.331575 4.603947
v 3.015783 3.331575 4.603947
v 2.963151 3.384207 4.615263
v 2.963151 3.331575 4.615263
v 3.015783 3.331575 4.615263
v 3.015783 3.384207 4.615263
v 3.015783 3.436839 4.570000
v 2.963151 3.436839 4.615263
v 2.963151 3.436839 4.626579
v 2.963151 3.384207 4.626579
v 3.015783 3.384207 4.626579
v 2.963151 3.436839 4.637895
v 2.963151 3.384207 4.637895
v 3.015783 3.384207 4.637895
v 3.015783 3.436839 4.637895
v 3.015783 3.489472 4.570000
v 2.963151 3.489472 4.626579
v 2.963151 3.489472 4.637895
v 2.963151 3.489472 4.649211
v 2.963151 3.436839 4.649211
v 3.015783 3.436839 4.649211
v 2.963151 3.489472 4.660526
v 2.963151 3.436839 4.660526
v 3.015783 3.436839 4.660526
v 3.015783 3.489472 4.660526
v 3.015783 3.542104 4.570000
v 2.963151 3.542104 4.649211
v 2.963151 3.542104 4.660526
v 2.963151 3.542104 4.671842
v 2.963151 3.489472 4.671842
v 3.015783 3.489472 4.671842
v 2.963151 3.542104 4.683158
v 2.963151 3.489472 4.683158
v 3.015783 3.489472 4.683158
v 3.015783 3.542104 4.683158
v 3.015783 3.594736 4.570000
v 2.963151 3.594736 4.649211
v 2.963151 3.594736 4.660526
v 2.963151 3.594736 4.671842
v 2.963151 3.594736 4.683158
v 2.963151 3.594736 4.694474
v 2.963151 3.542104 4.694474
v 3.015783 3.542104 4.694474
v 3.015783 3.594736 4.694474
v 3.015783 3.647368 4.570000
v 2.963151 3.647368 4.660526
v 2.963151 3.647368 4.671842
v 2.963151 3.647368 4.683158
v 2.963151 3.647368 4.694474
v 3.015783 3.647368 4.694474
v 3.015783 3.700000 4.570000
v 2.963151 3.700000 4.660526
v 2.963151 3.700000 4.671842
v 2.963151 3.700000 4.683158
v 2.963151 3.700000 4.694474
v 2.963151 3.700000 4.705789
v 2.963151 3.647368 4.705789
v 3.015783 3.647368 4.705789
v 3.015783 3.700000 4.705789
v 3.015783 3.752632 4.570000
v 2.963151 3.752632 4.660526
v 2.963151 3.752632 4.671842
v 2.963151 3.752632 4.683158
v 2.963151 3.752632 4.694474
v 2.963151 3.752632 4.705789
v 3.015783 3.752632 4.705789
v 3.015783 3.752632 4.694474
v 3.015783 3.805264 4.570000
v 2.963151 3.805264 4.649211
v 2.963151 3.805264 4.660526
v 2.963151 3.805264 4.671842
v 2.963151 3.805264 4.683158
v 2.963151 3.805264 4.694474
v 3.015783 3.805264 4.694474
v 3.015783 3.857896 4.570000
v 2.963151 3.857896 4.649211
v 2.963151 3.857896 4.660526
v 2.963151 3.857896 4.671842
v 2.963151 3.857896 4.683158
v 2.963151 3.857896 4.694474
v 3.015783 3.857896 4.694474
v 3.015783 3.857896 4.683158
v 3.015783 3.910528 4.570000
v 2.963151 3.910528 4.626579
v 2.963151 3.910528 4.637895
v 2.963151 3.910528 4.649211
v 2.963151 3.910528 4.660526
v 2.963151 3.910528 4.671842
v 3.015783 3.910528 4.671842
v 3.015783 3.910528 4.660526
v 2.963151 3.910528 4.683158
v 3.015783 3.910528 4.683158
v 3.015783 3.963161 4.570000
v 2.963151 3.963161 4.615263
v 2.963151 3.963161 4.626579
v 2.963151 3.963161 4.637895
v 2.963151 3.963161 4.649211
v 3.015783 3.963161 4.649211
v 3.015783 3.963161 4.637895
v 2.963151 3.963161 4.660526
v 3.015783 3.963161 4.660526
v 3.015783 4.015793 4.570000
v 2.963151 4.015793 4.592632
v 2.963151 4.015793 4.603947
v 2.963151 4.015793 4.615263
v 2.963151 4.015793 4.626579
v 3.015783 4.015793 4.626579
v 3.015783 4.015793 4.615263
v 2.963151 4.015793 4.637895
v 3.015783 4.015793 4.637895
v 2.963151 4.068425 4.570000
v 2.963151 4.068425 4.581316
v 3.015783 4.068425 4.570000
v 2.963151 4.068425 4.592632
v 3.015783 4.068425 4.592632
v 3.015783 4.068425 4.581316
v 2.963151 4.068425 4.603947
v 3.015783 4.068425 4.603947
v 2.963151 4.068425 4.615263
v 3.015783 4.068425 4.615263
v 2.963151 4.121057 4.570000
v 2.963151 4.121057 4.581316
v 3.015783 4.121057 4.581316
v 3.015783 4.121057 4.570000
v 3.015783 3.226311 4.570000
v 3.015783 3.226311 4.581316
v 3.068415 3.226311 4.570000
v 3.068415 3.226311 4.581316
v 3.068415 3.278943 4.570000
v 3.015783 3.278943 4.592632
v 3.015783 3.226311 4.592632
v 3.068415 3.226311 4.592632
v 3.015783 3.278943 4.603947
v 3.015783 3.226311 4.603947
v 3.068415 3.226311 4.603947
v 3.068415 3.278943 4.603947
v 3.068415 3.331575 4.570000
v 3.015783 3.278943 4.615263
v 3.068415 3.278943 4.615263
v 3.015783 3.331575 4.626579
v 3.015783 3.278943 4.626579
v 3.068415 3.278943 4.626579
v 3.015783 3.331575 4.637895
v 3.015783 3.278943 4.637895
v 3.068415 3.278943 4.637895
v 3.068415 3.331575 4.637895
v 3.068415 3.384207 4.570000
v 3.015783 3.384207 4.649211
v 3.015783 3.331575 4.649211
v 3.068415 3.331575 4.649211
v 3.015783 3.384207 4.660526
v 3.015783 3.331575 4.660526
v 3.068415 3.331575 4.660526
v 3.015783 3.384207 4.671842
v 3.015783 3.331575 4.671842
v 3.068415 3.331575 4.671842
v 3.068415 3.384207 4.671842
v 3.068415 3.436839 4.570000
v 3.015783 3.436839 4.671842
v 3.015783 3.436839 4.683158
v 3.015783 3.384207 4.683158
v 3.068415 3.384207 4.683158
v 3.015783 3.436839 4.694474
v 3.015783 3.384207 4.694474
v 3.068415 3.384207 4.694474
v 3.068415 3.436839 4.694474
v 3.068415 3.489472 4.570000
v 3.015783 3.489472 4.694474
v 3.015783 3.489472 4.705789
v 3.015783 3.436839 4.705789
v 3.068415 3.436839 4.705789
v 3.015783 3.489472 4.717105
v 3.015783 3.436839 4.717105
v 3.068415 3.436839 4.717105
v 3.068415 3.489472 4.717105
v 3.068415 3.542104 4.570000
v 3.015783 3.542104 4.705789
v 3.015783 3.542104 4.717105
v 3.015783 3.542104 4.728421
v 3.015783 3.489472 4.728421
v 3.068415 3.489472 4.728421
v 3.068415 3.542104 4.728421
v 3.068415 3.594736 4.570000
v 3.015783 3.594736 4.705789
v 3.015783 3.594736 4.717105
v 3.015783 3.594736 4.728421
v 3.015783 3.594736 4.739737
v 3.015783 3.542104 4.739737
v 3.068415 3.542104 4.739737
v 3.068415 3.594736 4.739737
v 3.068415 3.647368 4.570000
v 3.015783 3.647368 4.717105
v 3.015783 3.647368 4.728421
v 3.015783 3.647368 4.739737
v 3.015783 3.647368 4.751053
v 3.015783 3.594736 4.751053
v 3.068415 3.594736 4.751053
v 3.068415 3.647368 4.751053
v 3.068415 3.700000 4.570000
v 3.015783 3.700000 4.717105
v 3.015783 3.700000 4.728421
v 3.015783 3.700000 4.739737
v 3.015783 3.700000 4.751053
v 3.068415 3.700000 4.751053
v 3.068415 3.752632 4.570000
v 3.015783 3.752632 4.717105
v 3.015783 3.752632 4.728421
v 3.015783 3.752632 4.739737
v 3.015783 3.752632 4.751053
v 3.068415 3.752632 4.751053
v 3.068415 3.805264 4.570000
v 3.015783 3.805264 4.705789
v 3.015783 3.805264 4.717105
v 3.015783 3.805264 4.728421
v 3.015783 3.805264 4.739737
v 3.015783 3.805264 4.751053
v 3.068415 3.805264 4.751053
v 3.068415 3.805264 4.739737
v 3.068415 3.857896 4.570000
v 3.015783 3.857896 4.705789
v 3.015783 3.857896 4.717105
v 3.015783 3.857896 4.728421
v 3.015783 3.857896 4.739737
v 3.068415 3.857896 4.739737
v 3.068415 3.857896 4.728421
v 3.068415 3.910528 4.570000
v 3.015783 3.910528 4.694474
v 3.015783 3.910528 4.705789
v 3.015783 3.910528 4.717105
v 3.015783 3.910528 4.728421
v 3.068415 3.910528 4.728421
v 3.068415 3.910528 4.717105
v 3.068415 3.963161 4.570000
v 3.015783 3.963161 4.671842
v 3.015783 3.963161 4.683158
v 3.015783 3.963161 4.694474
v 3.015783 3.963161 4.705789
v 3.068415 3.963161 4.705789
v 3.068415 3.963161 4.694474
v 3.015783 3.963161 4.717105
v 3.068415 3.963161 4.717105
v 3.068415 4.015793 4.570000
v 3.015783 4.015793 4.649211
v 3.015783 4.015793 4.660526
v 3.015783 4.015793 4.671842
v 3.015783 4.015793 4.683158
v 3.068415 4.015793 4.683158
v 3.068415 4.015793 4.671842
v 3.015783 4.015793 4.694474
v 3.068415 4.015793 4.694474
v 3.068415 4.068425 4.570000
v 3.015783 4.068425 4.626579
v 3.015783 4.068425 4.637895
v 3.015783 4.068425 4.649211
v 3.068415 4.068425 4.649211
v 3.068415 4.068425 4.637895
v 3.015783 4.068425 4.660526
v 3.068415 4.068425 4.660526
v 3.015783 4.068425 4.671842
v 3.068415 4.068425 4.671842
v 3.068415 4.121057 4.570000
v 3.015783 4.121057 4.592632
v 3.015783 4.121057 4.603947
v 3.015783 4.121057 4.615263
v 3.068415 4.121057 4.615263
v 3.068415 4.121057 4.603947
v 3.015783 4.121057 4.626579
v 3.068415 4.121057 4.626579
v 3.015783 4.121057 4.637895
v 3.068415 4.121057 4.637895
v 3.015783 4.173689 4.570000
v 3.015783 4.173689 4.581316
v 3.068415 4.173689 4.581316
v 3.068415 4.173689 4.570000
v 3.015783 4.173689 4.592632
v 3.068415 4.173689 4.592632
v 3.015783 4.173689 4.603947
v 3.068415 4.173689 4.603947
v 3.068415 3.173679 4.570000
v 3.068415 3.173679 4.581316
v 3.121047 3.173679 4.570000
v 3.121047 3.173679 4.581316
v 3.121047 3.226311 4.570000
v 3.068415 3.173679 4.592632
v 3.121047 3.173679 4.592632
v 3.068415 3.173679 4.603947
v 3.121047 3.173679 4.603947
v 3.068415 3.226311 4.615263
v 3.068415 3.173679 4.615263
v 3.121047 3.173679 4.615263
v 3.121047 3.226311 4.615263
v 3.121047 3.278943 4.570000
v 3.068415 3.226311 4.626579
v 3.121047 3.226311 4.626579
v 3.068415 3.226311 4.637895
v 3.121047 3.226311 4.637895
v 3.068415 3.278943 4.649211
v 3.068415 3.226311 4.649211
v 3.121047 3.226311 4.649211
v 3.068415 3.278943 4.660526
v 3.068415 3.226311 4.660526
v 3.121047 3.226311 4.660526
v 3.121047 3.278943 4.660526
v 3.121047 3.331575 4.570000
v 3.068415 3.278943 4.671842
v 3.121047 3.278943 4.671842
v 3.068415 3.331575 4.683158
v 3.068415 3.278943 4.683158
v 3.121047 3.278943 4.683158
v 3.068415 3.331575 4.694474
v 3.068415 3.278943 4.694474
v 3.121047 3.278943 4.694474
v 3.121047 3.331575 4.694474
v 3.121047 3.384207 4.570000
v 3.068415 3.384207 4.705789
v 3.068415 3.331575 4.705789
v 3.121047 3.331575 4.705789
v 3.068415 3.384207 4.717105
v 3.068415 3.331575 4.717105
v 3.121047 3.331575 4.717105
v 3.121047 3.384207 4.717105
v 3.121047 3.436839 4.570000
v 3.068415 3.436839 4.728421
v 3.068415 3.384207 4.728421
v 3.121047 3.384207 4.728421
v 3.068415 3.436839 4.739737
v 3.068415 3.384207 4.739737
v 3.121047 3.384207 4.739737
v 3.121047 3.436839 4.739737
v 3.121047 3.489472 4.570000
v 3.068415 3.489472 4.739737
v 3.068415 3.489472 4.751053
v 3.068415 3.436839 4.751053
v 3.121047 3.436839 4.751053
v 3.068415 3.489472 4.762368
v 3.068415 3.436839 4.762368
v 3.121047 3.436839 4.762368
v 3.121047 3.489472 4.762368
v 3.121047 3.542104 4.570000
v 3.068415 3.542104 4.751053
v 3.068415 3.542104 4.762368
v 3.068415 3.542104 4.773684
v 3.068415 3.489472 4.773684
v 3.121047 3.489472 4.773684
v 3.121047 3.542104 4.773684
v 3.121047 3.594736 4.570000
v 3.068415 3.594736 4.762368
v 3.068415 3.594736 4.773684
v 3.068415 3.594736 4.785000
v 3.068415 3.542104 4.785000
v 3.121047 3.542104 4.785000
v 3.121047 3.594736 4.785000
v 3.121047 3.647368 4.570000
v 3.068415 3.647368 4.762368
v 3.068415 3.647368 4.773684
v 3.068415 3.647368 4.785000
v 3.068415 3.647368 4.796316
v 3.068415 3.594736 4.796316
v 3.121047 3.594736 4.796316
v 3.121047 3.647368 4.796316
v 3.121047 3.700000 4.570000
v 3.068415 3.700000 4.762368
v 3.068415 3.700000 4.773684
v 3.068415 3.700000 4.785000
v 3.068415 3.700000 4.796316
v 3.121047 3.700000 4.796316
v 3.121047 3.752632 4.570000
v 3.068415 3.752632 4.762368
v 3.068415 3.752632 4.773684
v 3.068415 3.752632 4.785000
v 3.068415 3.752632 4.796316
v 3.121047 3.752632 4.796316
v 3.121047 3.805264 4.570000
v 3.068415 3.805264 4.762368
v 3.068415 3.805264 4.773684
v 3.068415 3.805264 4.785000
v 3.068415 3.805264 4.796316
v 3.121047 3.805264 4.796316
v 3.121047 3.805264 4.785000
v 3.121047 3.857896 4.570000
v 3.068415 3.857896 4.751053
v 3.068415 3.857896 4.762368
v 3.068415 3.857896 4.773684
v 3.068415 3.857896 4.785000
v 3.121047 3.857896 4.785000
v 3.121047 3.857896 4.773684
v 3.121047 3.910528 4.570000
v 3.068415 3.910528 4.739737
v 3.068415 3.910528 4.751053
v 3.068415 3.910528 4.762368
v 3.068415 3.910528 4.773684
v 3.121047 3.910528 4.773684
v 3.121047 3.910528 4.762368
v 3.121047 3.963161 4.570000
v 3.068415 3.963161 4.728421
v 3.068415 3.963161 4.739737
v 3.068415 3.963161 4.751053
v 3.121047 3.963161 4.751053
v 3.121047 3.963161 4.739737
v 3.068415 3.963161 4.762368
v 3.121047 3.963161 4.762368
v 3.121047 4.015793 4.570000
v 3.068415 4.015793 4.705789
v 3.068415 4.015793 4.717105
v 3.068415 4.015793 4.728421
v 3.121047 4.015793 4.728421
v 3.121047 4.015793 4.717105
v 3.068415 4.015793 4.739737
v 3.121047 4.015793 4.739737
v 3.121047 4.068425 4.570000
v 3.068415 4.068425 4.683158
v 3.068415 4.068425 4.694474
v 3.068415 4.068425 4.705789
v 3.121047 4.068425 4.705789
v 3.121047 4.068425 4.694474
v 3.068415 4.068425 4.717105
v 3.121047 4.068425 4.717105
v 3.121047 4.121057 4.570000
v 3.068415 4.121057 4.649211
v 3.068415 4.121057 4.660526
v 3.068415 4.121057 4.671842
v 3.121047 4.121057 4.671842
v 3.121047 4.121057 4.660526
v 3.068415 4.121057 4.683158
v 3.121047 4.121057 4.683158
v 3.068415 4.121057 4.694474
v 3.121047 4.121057 4.694474
v 3.121047 4.173689 4.570000
v 3.068415 4.173689 4.615263
v 3.068415 4.173689 4.626579
v 3.121047 4.173689 4.626579
v 3.121047 4.173689 4.615263
v 3.068415 4.173689 4.637895
v 3.121047 4.173689 4.637895
v 3.068415 4.173689 4.649211
v 3.121047 4.173689 4.649211
v 3.068415 4.173689 4.660526
v 3.121047 4.173689 4.660526
v 3.068415 4.226321 4.570000
v 3.068415 4.226321 4.581316
v 3.121047 4.226321 4.581316
v 3.121047 4.226321 4.570000
v 3.068415 4.226321 4.592632
v 3.121047 4.226321 4.592632
v 3.068415 4.226321 4.603947
v 3.121047 4.226321 4.603947
v 3.068415 4.226321 4.615263
v 3.121047 4.226321 4.615263
v 3.121047 3.121047 4.570000
v 3.121047 3.121047 4.581316
v 3.173679 3.121047 4.570000
v 3.173679 3.121047 4.581316
v 3.173679 3.173679 4.570000
v 3.121047 3.121047 4.592632
v 3.173679 3.121047 4.592632
v 3.121047 3.121047 4.603947
v 3.173679 3.121047 4.603947
v 3.121047 3.121047 4.615263
v 3.173679 3.121047 4.615263
v 3.121047 3.173679 4.626579
v 3.121047 3.121047 4.626579
v 3.173679 3.121047 4.626579
v 3.173679 3.173679 4.626579
v 3.173679 3.226311 4.570000
v 3.121047 3.173679 4.637895
v 3.173679 3.173679 4.637895
v 3.121047 3.173679 4.649211
v 3.173679 3.173679 4.649211
v 3.121047 3.173679 4.660526
v 3.173679 3.173679 4.660526
v 3.121047 3.226311 4.671842
v 3.121047 3.173679 4.671842
v 3.173679 3.173679 4.671842
v 3.173679 3.226311 4.671842
v 3.173679 3.278943 4.570000
v 3.121047 3.226311 4.683158
v 3.173679 3.226311 4.683158
v 3.121047 3.226311 4.694474
v 3.173679 3.226311 4.694474
v 3.121047 3.278943 4.705789
v 3.121047 3.226311 4.705789
v 3.173679 3.226311 4.705789
v 3.173679 3.278943 4.705789
v 3.173679 3.331575 4.570000
v 3.121047 3.278943 4.717105
v 3.173679 3.278943 4.717105
v 3.121047 3.331575 4.728421
v 3.121047 3.278943 4.728421
v 3.173679 3.278943 4.728421
v 3.173679 3.331575 4.728421
v 3.173679 3.384207 4.570000
v 3.121047 3.331575 4.739737
v 3.173679 3.331575 4.739737
v 3.121047 3.384207 4.751053
v 3.121047 3.331575 4.751053
v 3.173679 3.331575 4.751053
v 3.121047 3.384207 4.762368
v 3.121047 3.331575 4.762368
v 3.173679 3.331575 4.762368
v 3.173679 3.384207 4.762368
v 3.173679 3.436839 4.570000
v 3.121047 3.436839 4.773684
v 3.121047 3.384207 4.773684
v 3.173679 3.384207 4.773684
v 3.121047 3.436839 4.785000
v 3.121047 3.384207 4.785000
v 3.173679 3.384207 4.785000
v 3.173679 3.436839 4.785000
v 3.173679 3.489472 4.570000
v 3.121047 3.489472 4.785000
v 3.121047 3.489472 4.796316
v 3.121047 3.436839 4.796316
v 3.173679 3.436839 4.796316
v 3.173679 3.489472 4.796316
v 3.173679 3.542104 4.570000
v 3.121047 3.542104 4.796316
v 3.121047 3.542104 4.807632
v 3.121047 3.489472 4.807632
v 3.173679 3.489472 4.807632
v 3.173679 3.542104 4.807632
v 3.173679 3.594736 4.570000
v 3.121047 3.594736 4.807632
v 3.121047 3.594736 4.818947
v 3.121047 3.542104 4.818947
v 3.173679 3.542104 4.818947
v 3.173679 3.594736 4.818947
v 3.173679 3.647368 4.570000
v 3.121047 3.647368 4.807632
v 3.121047 3.647368 4.818947
v 3.121047 3.647368 4.830263
v 3.121047 3.594736 4.830263
v 3.173679 3.594736 4.830263
v 3.173679 3.647368 4.830263
v 3.173679 3.700000 4.570000
v 3.121047 3.700000 4.807632
v 3.121047 3.700000 4.818947
v 3.121047 3.700000 4.830263
v 3.173679 3.700000 4.830263
v 3.173679 3.752632 4.570000
v 3.121047 3.752632 4.807632
v 3.121047 3.752632 4.818947
v 3.121047 3.752632 4.830263
v 3.173679 3.752632 4.830263
v 3.173679 3.805264 4.570000
v 3.121047 3.805264 4.807632
v 3.121047 3.805264 4.818947
v 3.121047 3.805264 4.830263
v 3.173679 3.805264 4.830263
v 3.173679 3.805264 4.818947
v 3.173679 3.857896 4.570000
v 3.121047 3.857896 4.796316
v 3.121047 3.857896 4.807632
v 3.121047 3.857896 4.818947
v 3.173679 3.857896 4.818947
v 3.173679 3.857896 4.807632
v 3.173679 3.910528 4.570000
v 3.121047 3.910528 4.785000
v 3.121047 3.910528 4.796316
v 3.121047 3.910528 4.807632
v 3.173679 3.910528 4.807632
v 3.173679 3.910528 4.796316
v 3.173679 3.963161 4.570000
v 3.121047 3.963161 4.773684
v 3.121047 3.963161 4.785000
v 3.121047 3.963161 4.796316
v 3.173679 3.963161 4.796316
v 3.173679 3.963161 4.785000
v 3.173679 4.015793 4.570000
v 3.121047 4.015793 4.751053
v 3.121047 4.015793 4.762368
v 3.121047 4.015793 4.773684
v 3.173679 4.015793 4.773684
v 3.173679 4.015793 4.762368
v 3.121047 4.015793 4.785000
v 3.173679 4.015793 4.785000
v 3.173679 4.068425 4.570000
v 3.121047 4.068425 4.728421
v 3.121047 4.068425 4.739737
v 3.173679 4.068425 4.739737
v 3.173679 4.068425 4.728421
v 3.121047 4.068425 4.751053
v 3.173679 4.068425 4.751053
v 3.121047 4.068425 4.762368
v 3.173679 4.068425 4.762368
v 3.173679 4.121057 4.570000
v 3.121047 4.121057 4.705789
v 3.121047 4.121057 4.717105
v 3.173679 4.121057 4.717105
v 3.173679 4.121057 4.705789
v 3.121047 4.121057 4.728421
v 3.173679 4.121057 4.728421
v 3.173679 4.173689 4.570000
v 3.121047 4.173689 4.671842
v 3.121047 4.173689 4.683158
v 3.173679 4.173689 4.683158
v 3.173679 4.173689 4.671842
v 3.121047 4.173689 4.694474
v 3.173679 4.173689 4.694474
v 3.121047 4.173689 4.705789
v 3.173679 4.173689 4.705789
v 3.173679 4.226321 4.570000
v 3.121047 4.226321 4.626579
v 3.121047 4.226321 4.637895
v 3.173679 4.226321 4.637895
v 3.173679 4.226321 4.626579
v 3.121047 4.226321 4.649211
v 3.173679 4.226321 4.649211
v 3.121047 4.226321 4.660526
v 3.173679 4.226321 4.660526
v 3.121047 4.226321 4.671842
v 3.173679 4.226321 4.671842
v 3.121047 4.278953 4.570000
v 3.121047 4.278953 4.581316
v 3.173679 4.278953 4.581316
v 3.173679 4.278953 4.570000
v 3.121047 4.278953 4.592632
v 3.173679 4.278953 4.592632
v 3.121047 4.278953 4.603947
v 3.173679 4.278953 4.603947
v 3.121047 4.278953 4.615263
v 3.173679 4.278953 4.615263
v 3.121047 4.278953 4.626579
v 3.173679 4.278953 4.626579
v 3.173679 3.068415 4.570000
v 3.173679 3.068415 4.581316
v 3.226311 3.068415 4.570000
v 3.226311 3.068415 4.581316
v 3.226311 3.121047 4.570000
v 3.173679 3.068415 4.592632
v 3.226311 3.068415 4.592632
v 3.173679 3.068415 4.603947
v 3.226311 3.068415 4.603947
v 3.173679 3.068415 4.615263
v 3.226311 3.068415 4.615263
v 3.226311 3.121047 4.615263
v 3.226311 3.173679 4.570000
v 3.226311 3.121047 4.626579
v 3.173679 3.121047 4.637895
v 3.226311 3.121047 4.637895
v 3.173679 3.121047 4.649211
v 3.226311 3.121047 4.649211
v 3.173679 3.121047 4.660526
v 3.226311 3.121047 4.660526
v 3.173679 3.121047 4.671842
v 3.226311 3.121047 4.671842
v 3.226311 3.173679 4.671842
v 3.226311 3.226311 4.570000
v 3.173679 3.173679 4.683158
v 3.226311 3.173679 4.683158
v 3.173679 3.173679 4.694474
v 3.226311 3.173679 4.694474
v 3.173679 3.173679 4.705789
v 3.226311 3.173679 4.705789
v 3.226311 3.226311 4.705789
v 3.226311 3.278943 4.570000
v 3.173679 3.226311 4.717105
v 3.226311 3.226311 4.717105
v 3.173679 3.226311 4.728421
v 3.226311 3.226311 4.728421
v 3.173679 3.278943 4.739737
v 3.173679 3.226311 4.739737
v 3.226311 3.226311 4.739737
v 3.226311 3.278943 4.739737
v 3.226311 3.331575 4.570000
v 3.173679 3.278943 4.751053
v 3.226311 3.278943 4.751053
v 3.173679 3.278943 4.762368
v 3.226311 3.278943 4.762368
v 3.173679 3.331575 4.773684
v 3.173679 3.278943 4.773684
v 3.226311 3.278943 4.773684
v 3.226311 3.331575 4.773684
v 3.226311 3.384207 4.570000
v 3.173679 3.331575 4.785000
v 3.226311 3.331575 4.785000
v 3.173679 3.384207 4.796316
v 3.173679 3.331575 4.796316
v 3.226311 3.331575 4.796316
v 3.226311 3.384207 4.796316
v 3.226311 3.436839 4.570000
v 3.173679 3.436839 4.807632
v 3.173679 3.384207 4.807632
v 3.226311 3.384207 4.807632
v 3.173679 3.436839 4.818947
v 3.173679 3.384207 4.818947
v 3.226311 3.384207 4.818947
v 3.226311 3.436839 4.818947
v 3.226311 3.489472 4.570000
v 3.173679 3.489472 4.818947
v 3.173679 3.489472 4.830263
v 3.173679 3.436839 4.830263
v 3.226311 3.436839 4.830263
v 3.226311 3.489472 4.830263
v 3.226311 3.542104 4.570000
v 3.173679 3.542104 4.830263
v 3.173679 3.542104 4.841579
v 3.173679 3.489472 4.841579
v 3.226311 3.489472 4.841579
v 3.226311 3.542104 4.841579
v 3.226311 3.594736 4.570000
v 3.173679 3.594736 4.841579
v 3.173679 3.594736 4.852895
v 3.173679 3.542104 4.852895
v 3.226311 3.542104 4.852895
v 3.226311 3.594736 4.852895
v 3.226311 3.647368 4.570000
v 3.173679 3.647368 4.841579
v 3.173679 3.647368 4.852895
v 3.173679 3.647368 4.864211
v 3.173679 3.594736 4.864211
v 3.226311 3.594736 4.864211
v 3.226311 3.647368 4.864211
v 3.226311 3.700000 4.570000
v 3.173679 3.700000 4.841579
v 3.173679 3.700000 4.852895
v 3.173679 3.700000 4.864211
v 3.226311 3.700000 4.864211
v 3.226311 3.752632 4.570000
v 3.173679 3.752632 4.841579
v 3.173679 3.752632 4.852895
v 3.173679 3.752632 4.864211
v 3.226311 3.752632 4.864211
v 3.226311 3.805264 4.570000
v 3.173679 3.805264 4.841579
v 3.173679 3.805264 4.852895
v 3.173679 3.805264 4.864211
v 3.226311 3.805264 4.864211
v 3.226311 3.805264 4.852895
v 3.226311 3.857896 4.570000
v 3.173679 3.857896 4.830263
v 3.173679 3.857896 4.841579
v 3.173679 3.857896 4.852895
v 3.226311 3.857896 4.852895
v 3.226311 3.857896 4.841579
v 3.226311 3.910528 4.570000
v 3.173679 3.910528 4.818947
v 3.173679 3.910528 4.830263
v 3.173679 3.910528 4.841579
v 3.226311 3.910528 4.841579
v 3.226311 3.910528 4.830263
v 3.226311 3.963161 4.570000
v 3.173679 3.963161 4.807632
v 3.173679 3.963161 4.818947
v 3.173679 3.963161 4.830263
v 3.226311 3.963161 4.830263
v 3.226311 3.963161 4.818947
v 3.226311 4.015793 4.570000
v 3.173679 4.015793 4.796316
v 3.173679 4.015793 4.807632
v 3.226311 4.015793 4.807632
v 3.226311 4.015793 4.796316
v 3.173679 4.015793 4.818947
v 3.226311 4.015793 4.818947
v 3.226311 4.068425 4.570000
v 3.173679 4.068425 4.773684
v 3.173679 4.068425 4.785000
v 3.226311 4.068425 4.785000
v 3.226311 4.068425 4.773684
v 3.173679 4.068425 4.796316
v 3.226311 4.068425 4.796316
v 3.226311 4.121057 4.570000
v 3.173679 4.121057 4.739737
v 3.173679 4.121057 4.751053
v 3.226311 4.121057 4.751053
v 3.226311 4.121057 4.739737
v 3.173679 4.121057 4.762368
v 3.226311 4.121057 4.762368
v 3.173679 4.121057 4.773684
v 3.226311 4.121057 4.773684
v 3.226311 4.173689 4.570000
v 3.173679 4.173689 4.717105
v 3.226311 4.173689 4.717105
v 3.226311 4.173689 4.705789
v 3.173679 4.173689 4.728421
v 3.226311 4.173689 4.728421
v 3.173679 4.173689 4.739737
v 3.226311 4.173689 4.739737
v 3.226311 4.226321 4.570000
v 3.173679 4.226321 4.683158
v 3.226311 4.226321 4.683158
v 3.226311 4.226321 4.671842
v 3.173679 4.226321 4.694474
v 3.226311 4.226321 4.694474
v 3.173679 4.226321 4.705789
v 3.226311 4.226321 4.705789
v 3.226311 4.278953 4.570000
v 3.226311 4.278953 4.626579
v 3.226311 4.278953 4.615263
v 3.173679 4.278953 4.637895
v 3.226311 4.278953 4.637895
v 3.173679 4.278953 4.649211
v 3.226311 4.278953 4.649211
v 3.173679 4.278953 4.660526
v 3.226311 4.278953 4.660526
v 3.173679 4.278953 4.671842
v 3.226311 4.278953 4.671842
v 3.173679 4.331585 4.570000
v 3.173679 4.331585 4.581316
v 3.226311 4.331585 4.581316
v 3.226311 4.331585 4.570000
v 3.173679 4.331585 4.592632
v 3.226311 4.331585 4.592632
v 3.173679 4.331585 4.603947
v 3.226311 4.331585 4.603947
v 3.173679 4.331585 4.615263
v 3.226311 4.331585 4.615263
v 3.226311 3.015783 4.570000
v 3.226311 3.015783 4.581316
v 3.278943 3.015783 4.570000
v 3.278943 3.015783 4.581316
v 3.278943 3.068415 4.570000
v 3.226311 3.015783 4.592632
v 3.278943 3.015783 4.592632
v 3.226311 3.015783 4.603947
v 3.278943 3.015783 4.603947
v 3.278943 3.068415 4.603947
v 3.278943 3.121047 4.570000
v 3.278943 3.068415 4.615263
v 3.226311 3.068415 4.626579
v 3.278943 3.068415 4.626579
v 3.226311 3.068415 4.637895
v 3.278943 3.068415 4.637895
v 3.226311 3.068415 4.649211
v 3.278943 3.068415 4.649211
v 3.226311 3.068415 4.660526
v 3.278943 3.068415 4.660526
v 3.278943 3.121047 4.660526
v 3.278943 3.173679 4.570000
v 3.278943 3.121047 4.671842
v 3.226311 3.121047 4.683158
v 3.278943 3.121047 4.683158
v 3.226311 3.121047 4.694474
v 3.278943 3.121047 4.694474
v 3.226311 3.121047 4.705789
v 3.278943 3.121047 4.705789
v 3.278943 3.173679 4.705789
v 3.278943 3.226311 4.570000
v 3.226311 3.173679 4.717105
v 3.278943 3.173679 4.717105
v 3.226311 3.173679 4.728421
v 3.278943 3.173679 4.728421
v 3.226311 3.173679 4.739737
v 3.278943 3.173679 4.739737
v 3.278943 3.226311 4.739737
v 3.278943 3.278943 4.570000
v 3.226311 3.226311 4.751053
v 3.278943 3.226311 4.751053
v 3.226311 3.226311 4.762368
v 3.278943 3.226311 4.762368
v 3.226311 3.226311 4.773684
v 3.278943 3.226311 4.773684
v 3.278943 3.278943 4.773684
v 3.278943 3.331575 4.570000
v 3.226311 3.278943 4.785000
v 3.278943 3.278943 4.785000
v 3.226311 3.278943 4.796316
v 3.278943 3.278943 4.796316
v 3.226311 3.331575 4.807632
v 3.226311 3.278943 4.807632
v 3.278943 3.278943 4.807632
v 3.278943 3.331575 4.807632
v 3.278943 3.384207 4.570000
v 3.226311 3.331575 4.818947
v 3.278943 3.331575 4.818947
v 3.226311 3.384207 4.830263
v 3.226311 3.331575 4.830263
v 3.278943 3.331575 4.830263
v 3.278943 3.384207 4.830263
v 3.278943 3.436839 4.570000
v 3.226311 3.436839 4.841579
v 3.226311 3.384207 4.841579
v 3.278943 3.384207 4.841579
v 3.278943 3.436839 4.841579
v 3.278943 3.489472 4.570000
v 3.226311 3.489472 4.852895
v 3.226311 3.436839 4.852895
v 3.278943 3.436839 4.852895
v 3.226311 3.489472 4.864211
v 3.226311 3.436839 4.864211
v 3.278943 3.436839 4.864211
v 3.278943 3.489472 4.864211
v 3.278943 3.542104 4.570000
v 3.226311 3.542104 4.864211
v 3.226311 3.542104 4.875526
v 3.226311 3.489472 4.875526
v 3.278943 3.489472 4.875526
v 3.278943 3.542104 4.875526
v 3.278943 3.594736 4.570000
v 3.226311 3.594736 4.875526
v 3.226311 3.594736 4.886842
v 3.226311 3.542104 4.886842
v 3.278943 3.542104 4.886842
v 3.278943 3.594736 4.886842
v 3.278943 3.647368 4.570000
v 3.226311 3.647368 4.875526
v 3.226311 3.647368 4.886842
v 3.278943 3.647368 4.886842
v 3.278943 3.700000 4.570000
v 3.226311 3.700000 4.875526
v 3.226311 3.700000 4.886842
v 3.226311 3.700000 4.898158
v 3.226311 3.647368 4.898158
v 3.278943 3.647368 4.898158
v 3.278943 3.700000 4.898158
v 3.278943 3.752632 4.570000
v 3.226311 3.752632 4.875526
v 3.226311 3.752632 4.886842
v 3.226311 3.752632 4.898158
v 3.278943 3.752632 4.898158
v 3.278943 3.752632 4.886842
v 3.278943 3.805264 4.570000
v 3.226311 3.805264 4.875526
v 3.226311 3.805264 4.886842
v 3.278943 3.805264 4.886842
v 3.278943 3.857896 4.570000
v 3.226311 3.857896 4.864211
v 3.226311 3.857896 4.875526
v 3.226311 3.857896 4.886842
v 3.278943 3.857896 4.886842
v 3.278943 3.857896 4.875526
v 3.278943 3.910528 4.570000
v 3.226311 3.910528 4.852895
v 3.226311 3.910528 4.864211
v 3.226311 3.910528 4.875526
v 3.278943 3.910528 4.875526
v 3.278943 3.910528 4.864211
v 3.278943 3.963161 4.570000
v 3.226311 3.963161 4.841579
v 3.226311 3.963161 4.852895
v 3.278943 3.963161 4.852895
v 3.278943 3.963161 4.841579
v 3.226311 3.963161 4.864211
v 3.278943 3.963161 4.864211
v 3.278943 4.015793 4.570000
v 3.226311 4.015793 4.830263
v 3.226311 4.015793 4.841579
v 3.278943 4.015793 4.841579
v 3.278943 4.015793 4.830263
v 3.278943 4.068425 4.570000
v 3.226311 4.068425 4.807632
v 3.226311 4.068425 4.818947
v 3.278943 4.068425 4.818947
v 3.278943 4.068425 4.807632
v 3.226311 4.068425 4.830263
v 3.278943 4.068425 4.830263
v 3.278943 4.121057 4.570000
v 3.226311 4.121057 4.785000
v 3.278943 4.121057 4.785000
v 3.278943 4.121057 4.773684
v 3.226311 4.121057 4.796316
v 3.278943 4.121057 4.796316
v 3.226311 4.121057 4.807632
v 3.278943 4.121057 4.807632
v 3.278943 4.173689 4.570000
v 3.226311 4.173689 4.751053
v 3.278943 4.173689 4.751053
v 3.278943 4.173689 4.739737
v 3.226311 4.173689 4.762368
v 3.278943 4.173689 4.762368
v 3.226311 4.173689 4.773684
v 3.278943 4.173689 4.773684
v 3.278943 4.226321 4.570000
v 3.226311 4.226321 4.717105
v 3.278943 4.226321 4.717105
v 3.278943 4.226321 4.705789
v 3.226311 4.226321 4.728421
v 3.278943 4.226321 4.728421
v 3.226311 4.226321 4.739737
v 3.278943 4.226321 4.739737
v 3.278943 4.278953 4.570000
v 3.278943 4.278953 4.671842
v 3.278943 4.278953 4.660526
v 3.226311 4.278953 4.683158
v 3.278943 4.278953 4.683158
v 3.226311 4.278953 4.694474
v 3.278943 4.278953 4.694474
v 3.226311 4.278953 4.705789
v 3.278943 4.278953 4.705789
v 3.278943 4.331585 4.570000
v 3.278943 4.331585 4.615263
v 3.278943 4.331585 4.603947
v 3.226311 4.331585 4.626579
v 3.278943 4.331585 4.626579
v 3.226311 4.331585 4.637895
v 3.278943 4.331585 4.637895
v 3.226311 4.331585 4.649211
v 3.278943 4.331585 4.649211
v 3.226311 4.331585 4.660526
v 3.278943 4.331585 4.660526
v 3.226311 4.384217 4.570000
v 3.226311 4.384217 4.581316
v 3.278943 4.384217 4.581316
v 3.278943 4.384217 4.570000
v 3.226311 4.384217 4.592632
v 3.278943 4.384217 4.592632
v 3.226311 4.384217 4.603947
v 3.278943 4.384217 4.603947
v 3.278943 2.963151 4.570000
v 3.278943 2.963151 4.581316
v 3.331575 2.963151 4.570000
v 3.331575 2.963151 4.581316
v 3.331575 3.015783 4.570000
v 3.331575 3.015783 4.581316
v 3.331575 3.068415 4.570000
v 3.331575 3.015783 4.592632
v 3.331575 3.015783 4.603947
v 3.278943 3.015783 4.615263
v 3.331575 3.015783 4.615263
v 3.278943 3.015783 4.626579
v 3.331575 3.015783 4.626579
v 3.278943 3.015783 4.637895
v 3.331575 3.015783 4.637895
v 3.331575 3.068415 4.637895
v 3.331575 3.121047 4.570000
v 3.331575 3.068415 4.649211
v 3.331575 3.068415 4.660526
v 3.278943 3.068415 4.671842
v 3.331575 3.068415 4.671842
v 3.278943 3.068415 4.683158
v 3.331575 3.068415 4.683158
v 3.278943 3.068415 4.694474
v 3.331575 3.068415 4.694474
v 3.331575 3.121047 4.694474
v 3.331575 3.173679 4.570000
v 3.331575 3.121047 4.705789
v 3.278943 3.121047 4.717105
v 3.331575 3.121047 4.717105
v 3.278943 3.121047 4.728421
v 3.331575 3.121047 4.728421
v 3.331575 3.173679 4.728421
v 3.331575 3.226311 4.570000
v 3.331575 3.173679 4.739737
v 3.278943 3.173679 4.751053
v 3.331575 3.173679 4.751053
v 3.278943 3.173679 4.762368
v 3.331575 3.173679 4.762368
v 3.278943 3.173679 4.773684
v 3.331575 3.173679 4.773684
v 3.331575 3.226311 4.773684
v 3.331575 3.278943 4.570000
v 3.278943 3.226311 4.785000
v 3.331575 3.226311 4.785000
v 3.278943 3.226311 4.796316
v 3.331575 3.226311 4.796316
v 3.278943 3.226311 4.807632
v 3.331575 3.226311 4.807632
v 3.331575 3.278943 4.807632
v 3.331575 3.331575 4.570000
v 3.278943 3.278943 4.818947
v 3.331575 3.278943 4.818947
v 3.278943 3.278943 4.830263
v 3.331575 3.278943 4.830263
v 3.331575 3.331575 4.830263
v 3.331575 3.384207 4.570000
v 3.278943 3.331575 4.841579
v 3.331575 3.331575 4.841579
v 3.278943 3.384207 4.852895
v 3.278943 3.331575 4.852895
v 3.331575 3.331575 4.852895
v 3.331575 3.384207 4.852895
v 3.331575 3.436839 4.570000
v 3.278943 3.384207 4.864211
v 3.331575 3.384207 4.864211
v 3.278943 3.436839 4.875526
v 3.278943 3.384207 4.875526
v 3.331575 3.384207 4.875526
v 3.331575 3.436839 4.875526
v 3.331575 3.489472 4.570000
v 3.278943 3.489472 4.886842
v 3.278943 3.436839 4.886842
v 3.331575 3.436839 4.886842
v 3.331575 3.489472 4.886842
v 3.331575 3.542104 4.570000
v 3.278943 3.542104 4.898158
v 3.278943 3.489472 4.898158
v 3.331575 3.489472 4.898158
v 3.331575 3.542104 4.898158
v 3.331575 3.594736 4.570000
v 3.278943 3.594736 4.898158
v 3.278943 3.594736 4.909474
v 3.278943 3.542104 4.909474
v 3.331575 3.542104 4.909474
v 3.331575 3.594736 4.909474
v 3.331575 3.647368 4.570000
v 3.278943 3.647368 4.909474
v 3.278943 3.647368 4.920789
v 3.278943 3.594736 4.920789
v 3.331575 3.594736 4.920789
v 3.331575 3.647368 4.920789
v 3.331575 3.700000 4.570000
v 3.278943 3.700000 4.909474
v 3.278943 3.700000 4.920789
v 3.331575 3.700000 4.920789
v 3.331575 3.752632 4.570000
v 3.278943 3.752632 4.909474
v 3.278943 3.752632 4.920789
v 3.331575 3.752632 4.920789
v 3.331575 3.805264 4.570000
v 3.278943 3.805264 4.898158
v 3.278943 3.805264 4.909474
v 3.278943 3.805264 4.920789
v 3.331575 3.805264 4.920789
v 3.331575 3.805264 4.909474
v 3.331575 3.857896 4.570000
v 3.278943 3.857896 4.898158
v 3.278943 3.857896 4.909474
v 3.331575 3.857896 4.909474
v 3.331575 3.857896 4.898158
v 3.331575 3.910528 4.570000
v 3.278943 3.910528 4.886842
v 3.278943 3.910528 4.898158
v 3.331575 3.910528 4.898158
v 3.331575 3.910528 4.886842
v 3.331575 3.963161 4.570000
v 3.278943 3.963161 4.875526
v 3.278943 3.963161 4.886842
v 3.331575 3.963161 4.886842
v 3.331575 3.963161 4.875526
v 3.331575 4.015793 4.570000
v 3.278943 4.015793 4.852895
v 3.278943 4.015793 4.864211
v 3.331575 4.015793 4.864211
v 3.331575 4.015793 4.852895
v 3.278943 4.015793 4.875526
v 3.331575 4.015793 4.875526
v 3.331575 4.068425 4.570000
v 3.278943 4.068425 4.841579
v 3.331575 4.068425 4.841579
v 3.331575 4.068425 4.830263
v 3.278943 4.068425 4.852895
v 3.331575 4.068425 4.852895
v 3.331575 4.121057 4.570000
v 3.278943 4.121057 4.818947
v 3.331575 4.121057 4.818947
v 3.331575 4.121057 4.807632
v 3.278943 4.121057 4.830263
v 3.331575 4.121057 4.830263
v 3.331575 4.173689 4.570000
v 3.278943 4.173689 4.785000
v 3.331575 4.173689 4.785000
v 3.331575 4.173689 4.773684
v 3.278943 4.173689 4.796316
v 3.331575 4.173689 4.796316
v 3.278943 4.173689 4.807632
v 3.331575 4.173689 4.807632
v 3.331575 4.226321 4.570000
v 3.331575 4.226321 4.739737
v 3.331575 4.226321 4.728421
v 3.278943 4.226321 4.751053
v 3.331575 4.226321 4.751053
v 3.278943 4.226321 4.762368
v 3.331575 4.226321 4.762368
v 3.278943 4.226321 4.773684
v 3.331575 4.226321 4.773684
v 3.331575 4.278953 4.570000
v 3.331575 4.278953 4.705789
v 3.331575 4.278953 4.694474
v 3.278943 4.278953 4.717105
v 3.331575 4.278953 4.717105
v 3.278943 4.278953 4.728421
v 3.331575 4.278953 4.728421
v 3.331575 4.331585 4.570000
v 3.331575 4.331585 4.649211
v 3.331575 4.331585 4.637895
v 3.331575 4.331585 4.660526
v 3.278943 4.331585 4.671842
v 3.331575 4.331585 4.671842
v 3.278943 4.331585 4.683158
v 3.331575 4.331585 4.683158
v 3.278943 4.331585 4.694474
v 3.331575 4.331585 4.694474
v 3.331575 4.384217 4.570000
v 3.331575 4.384217 4.592632
v 3.331575 4.384217 4.581316
v 3.331575 4.384217 4.603947
v 3.278943 4.384217 4.615263
v 3.331575 4.384217 4.615263
v 3.278943 4.384217 4.626579
v 3.331575 4.384217 4.626579
v 3.278943 4.384217 4.637895
v 3.331575 4.384217 4.637895
v 3.278943 4.436849 4.570000
v 3.278943 4.436849 4.581316
v 3.331575 4.436849 4.581316
v 3.331575 4.436849 4.570000
v 3.384207 2.963151 4.570000
v 3.384207 2.963151 4.581316
v 3.384207 3.015783 4.570000
v 3.331575 2.963151 4.592632
v 3.384207 2.963151 4.592632
v 3.331575 2.963151 4.603947
v 3.384207 2.963151 4.603947
v 3.331575 2.963151 4.615263
v 3.384207 2.963151 4.615263
v 3.384207 3.015783 4.615263
v 3.384207 3.068415 4.570000
v 3.384207 3.015783 4.626579
v 3.384207 3.015783 4.637895
v 3.331575 3.015783 4.649211
v 3.384207 3.015783 4.649211
v 3.331575 3.015783 4.660526
v 3.384207 3.015783 4.660526
v 3.331575 3.015783 4.671842
v 3.384207 3.015783 4.671842
v 3.384207 3.068415 4.671842
v 3.384207 3.121047 4.570000
v 3.384207 3.068415 4.683158
v 3.384207 3.068415 4.694474
v 3.331575 3.068415 4.705789
v 3.384207 3.068415 4.705789
v 3.331575 3.068415 4.717105
v 3.384207 3.068415 4.717105
v 3.384207 3.121047 4.717105
v 3.384207 3.173679 4.570000
v 3.384207 3.121047 4.728421
v 3.331575 3.121047 4.739737
v 3.384207 3.121047 4.739737
v 3.331575 3.121047 4.751053
v 3.384207 3.121047 4.751053
v 3.331575 3.121047 4.762368
v 3.384207 3.121047 4.762368
v 3.384207 3.173679 4.762368
v 3.384207 3.226311 4.570000
v 3.384207 3.173679 4.773684
v 3.331575 3.173679 4.785000
v 3.384207 3.173679 4.785000
v 3.331575 3.173679 4.796316
v 3.384207 3.173679 4.796316
v 3.384207 3.226311 4.796316
v 3.384207 3.278943 4.570000
v 3.384207 3.226311 4.807632
v 3.331575 3.226311 4.818947
v 3.384207 3.226311 4.818947
v 3.331575 3.226311 4.830263
v 3.384207 3.226311 4.830263
v 3.384207 3.278943 4.830263
v 3.384207 3.331575 4.570000
v 3.331575 3.278943 4.841579
v 3.384207 3.278943 4.841579
v 3.331575 3.278943 4.852895
v 3.384207 3.278943 4.852895
v 3.384207 3.331575 4.852895
v 3.384207 3.384207 4.570000
v 3.331575 3.331575 4.864211
v 3.384207 3.331575 4.864211
v 3.331575 3.331575 4.875526
v 3.384207 3.331575 4.875526
v 3.384207 3.384207 4.875526
v 3.384207 3.436839 4.570000
v 3.331575 3.384207 4.886842
v 3.384207 3.384207 4.886842
v 3.331575 3.436839 4.898158
v 3.331575 3.384207 4.898158
v 3.384207 3.384207 4.898158
v 3.384207 3.436839 4.898158
v 3.384207 3.489472 4.570000
v 3.331575 3.489472 4.909474
v 3.331575 3.436839 4.909474
v 3.384207 3.436839 4.909474
v 3.384207 3.489472 4.909474
v 3.384207 3.542104 4.570000
v 3.331575 3.542104 4.920789
v 3.331575 3.489472 4.920789
v 3.384207 3.489472 4.920789
v 3.384207 3.542104 4.920789
v 3.384207 3.594736 4.570000
v 3.331575 3.594736 4.932105
v 3.331575 3.542104 4.932105
v 3.384207 3.542104 4.932105
v 3.384207 3.594736 4.932105
v 3.384207 3.647368 4.570000
v 3.331575 3.647368 4.932105
v 3.384207 3.647368 4.932105
v 3.384207 3.700000 4.570000
v 3.331575 3.700000 4.932105
v 3.331575 3.700000 4.943421
v 3.331575 3.647368 4.943421
v 3.384207 3.647368 4.943421
v 3.384207 3.700000 4.943421
v 3.384207 3.752632 4.570000
v 3.331575 3.752632 4.932105
v 3.331575 3.752632 4.943421
v 3.384207 3.752632 4.943421
v 3.384207 3.752632 4.932105
v 3.384207 3.805264 4.570000
v 3.331575 3.805264 4.932105
v 3.384207 3.805264 4.932105
v 3.384207 3.857896 4.570000
v 3.331575 3.857896 4.920789
v 3.331575 3.857896 4.932105
v 3.384207 3.857896 4.932105
v 3.384207 3.857896 4.920789
v 3.384207 3.910528 4.570000
v 3.331575 3.910528 4.909474
v 3.331575 3.910528 4.920789
v 3.384207 3.910528 4.920789
v 3.384207 3.910528 4.909474
v 3.384207 3.963161 4.570000
v 3.331575 3.963161 4.898158
v 3.331575 3.963161 4.909474
v 3.384207 3.963161 4.909474
v 3.384207 3.963161 4.898158
v 3.384207 4.015793 4.570000
v 3.331575 4.015793 4.886842
v 3.384207 4.015793 4.886842
v 3.384207 4.015793 4.875526
v 3.331575 4.015793 4.898158
v 3.384207 4.015793 4.898158
v 3.384207 4.068425 4.570000
v 3.331575 4.068425 4.864211
v 3.384207 4.068425 4.864211
v 3.384207 4.068425 4.852895
v 3.331575 4.068425 4.875526
v 3.384207 4.068425 4.875526
v 3.384207 4.121057 4.570000
v 3.331575 4.121057 4.841579
v 3.384207 4.121057 4.841579
v 3.384207 4.121057 4.830263
v 3.331575 4.121057 4.852895
v 3.384207 4.121057 4.852895
v 3.384207 4.173689 4.570000
v 3.384207 4.173689 4.807632
v 3.384207 4.173689 4.796316
v 3.331575 4.173689 4.818947
v 3.384207 4.173689 4.818947
v 3.331575 4.173689 4.830263
v 3.384207 4.173689 4.830263
v 3.384207 4.226321 4.570000
v 3.384207 4.226321 4.773684
v 3.384207 4.226321 4.762368
v 3.331575 4.226321 4.785000
v 3.384207 4.226321 4.785000
v 3.331575 4.226321 4.796316
v 3.384207 4.226321 4.796316
v 3.384207 4.278953 4.570000
v 3.384207 4.278953 4.728421
v 3.384207 4.278953 4.717105
v 3.331575 4.278953 4.739737
v 3.384207 4.278953 4.739737
v 3.331575 4.278953 4.751053
v 3.384207 4.278953 4.751053
v 3.331575 4.278953 4.762368
v 3.384207 4.278953 4.762368
v 3.384207 4.331585 4.570000
v 3.384207 4.331585 4.683158
v 3.384207 4.331585 4.671842
v 3.384207 4.331585 4.694474
v 3.331575 4.331585 4.705789
v 3.384207 4.331585 4.705789
v 3.331575 4.331585 4.717105
v 3.384207 4.331585 4.717105
v 3.384207 4.384217 4.570000
v 3.384207 4.384217 4.626579
v 3.384207 4.384217 4.615263
v 3.384207 4.384217 4.637895
v 3.331575 4.384217 4.649211
v 3.384207 4.384217 4.649211
v 3.331575 4.384217 4.660526
v 3.384207 4.384217 4.660526
v 3.331575 4.384217 4.671842
v 3.384207 4.384217 4.671842
v 3.384207 4.436849 4.581316
v 3.384207 4.436849 4.570000
v 3.331575 4.436849 4.592632
v 3.384207 4.436849 4.592632
v 3.331575 4.436849 4.603947
v 3.384207 4.436849 4.603947
v 3.331575 4.436849 4.615263
v 3.384207 4.436849 4.615263
v 3.384207 2.910518 4.570000
v 3.384207 2.910518 4.581316
v 3.436839 2.910518 4.570000
v 3.436839 2.910518 4.581316
v 3.436839 2.963151 4.570000
v 3.436839 2.963151 4.581316
v 3.436839 3.015783 4.570000
v 3.436839 2.963151 4.592632
v 3.436839 2.963151 4.603947
v 3.436839 2.963151 4.615263
v 3.384207 2.963151 4.626579
v 3.436839 2.963151 4.626579
v 3.384207 2.963151 4.637895
v 3.436839 2.963151 4.637895
v 3.436839 3.015783 4.637895
v 3.436839 3.068415 4.570000
v 3.436839 3.015783 4.649211
v 3.436839 3.015783 4.660526
v 3.436839 3.015783 4.671842
v 3.384207 3.015783 4.683158
v 3.436839 3.015783 4.683158
v 3.384207 3.015783 4.694474
v 3.436839 3.015783 4.694474
v 3.436839 3.068415 4.694474
v 3.436839 3.121047 4.570000
v 3.436839 3.068415 4.705789
v 3.436839 3.068415 4.717105
v 3.384207 3.068415 4.728421
v 3.436839 3.068415 4.728421
v 3.384207 3.068415 4.739737
v 3.436839 3.068415 4.739737
v 3.436839 3.121047 4.739737
v 3.436839 3.173679 4.570000
v 3.436839 3.121047 4.751053
v 3.436839 3.121047 4.762368
v 3.384207 3.121047 4.773684
v 3.436839 3.121047 4.773684
v 3.384207 3.121047 4.785000
v 3.436839 3.121047 4.785000
v 3.436839 3.173679 4.785000
v 3.436839 3.226311 4.570000
v 3.436839 3.173679 4.796316
v 3.384207 3.173679 4.807632
v 3.436839 3.173679 4.807632
v 3.384207 3.173679 4.818947
v 3.436839 3.173679 4.818947
v 3.436839 3.226311 4.818947
v 3.436839 3.278943 4.570000
v 3.436839 3.226311 4.830263
v 3.384207 3.226311 4.841579
v 3.436839 3.226311 4.841579
v 3.436839 3.278943 4.841579
v 3.436839 3.331575 4.570000
v 3.436839 3.278943 4.852895
v 3.384207 3.278943 4.864211
v 3.436839 3.278943 4.864211
v 3.384207 3.278943 4.875526
v 3.436839 3.278943 4.875526
v 3.436839 3.331575 4.875526
v 3.436839 3.384207 4.570000
v 3.384207 3.331575 4.886842
v 3.436839 3.331575 4.886842
v 3.384207 3.331575 4.898158
v 3.436839 3.331575 4.898158
v 3.436839 3.384207 4.898158
v 3.436839 3.436839 4.570000
v 3.384207 3.384207 4.909474
v 3.436839 3.384207 4.909474
v 3.436839 3.436839 4.909474
v 3.436839 3.489472 4.570000
v 3.384207 3.436839 4.920789
v 3.436839 3.436839 4.920789
v 3.384207 3.489472 4.932105
v 3.384207 3.436839 4.932105
v 3.436839 3.436839 4.932105
v 3.436839 3.489472 4.932105
v 3.436839 3.542104 4.570000
v 3.384207 3.542104 4.943421
v 3.384207 3.489472 4.943421
v 3.436839 3.489472 4.943421
v 3.436839 3.542104 4.943421
v 3.436839 3.594736 4.570000
v 3.384207 3.594736 4.943421
v 3.436839 3.594736 4.943421
v 3.436839 3.647368 4.570000
v 3.384207 3.647368 4.954737
v 3.384207 3.594736 4.954737
v 3.436839 3.594736 4.954737
v 3.436839 3.647368 4.954737
v 3.436839 3.700000 4.570000
v 3.384207 3.700000 4.954737
v 3.436839 3.700000 4.954737
v 3.436839 3.752632 4.570000
v 3.384207 3.752632 4.954737
v 3.436839 3.752632 4.954737
v 3.436839 3.805264 4.570000
v 3.384207 3.805264 4.943421
v 3.384207 3.805264 4.954737
v 3.436839 3.805264 4.954737
v 3.436839 3.805264 4.943421
v 3.436839 3.857896 4.570000
v 3.384207 3.857896 4.943421
v 3.436839 3.857896 4.943421
v 3.436839 3.910528 4.570000
v 3.384207 3.910528 4.932105
v 3.384207 3.910528 4.943421
v 3.436839 3.910528 4.943421
v 3.436839 3.910528 4.932105
v 3.436839 3.963161 4.570000
v 3.384207 3.963161 4.920789
v 3.436839 3.963161 4.920789
v 3.436839 3.963161 4.909474
v 3.384207 3.963161 4.932105
v 3.436839 3.963161 4.932105
v 3.436839 4.015793 4.570000
v 3.384207 4.015793 4.909474
v 3.436839 4.015793 4.909474
v 3.436839 4.015793 4.898158
v 3.436839 4.068425 4.570000
v 3.384207 4.068425 4.886842
v 3.436839 4.068425 4.886842
v 3.436839 4.068425 4.875526
v 3.384207 4.068425 4.898158
v 3.436839 4.068425 4.898158
v 3.436839 4.121057 4.570000
v 3.436839 4.121057 4.852895
v 3.436839 4.121057 4.841579
v 3.384207 4.121057 4.864211
v 3.436839 4.121057 4.864211
v 3.384207 4.121057 4.875526
v 3.436839 4.121057 4.875526
v 3.436839 4.173689 4.570000
v 3.436839 4.173689 4.830263
v 3.436839 4.173689 4.818947
v 3.384207 4.173689 4.841579
v 3.436839 4.173689 4.841579
v 3.436839 4.226321 4.570000
v 3.436839 4.226321 4.796316
v 3.436839 4.226321 4.785000
v 3.384207 4.226321 4.807632
v 3.436839 4.226321 4.807632
v 3.384207 4.226321 4.818947
v 3.436839 4.226321 4.818947
v 3.436839 4.278953 4.570000
v 3.436839 4.278953 4.751053
v 3.436839 4.278953 4.739737
v 3.436839 4.278953 4.762368
v 3.384207 4.278953 4.773684
v 3.436839 4.278953 4.773684
v 3.384207 4.278953 4.785000
v 3.436839 4.278953 4.785000
v 3.436839 4.331585 4.570000
v 3.436839 4.331585 4.705789
v 3.436839 4.331585 4.694474
v 3.436839 4.331585 4.717105
v 3.384207 4.331585 4.728421
v 3.436839 4.331585 4.728421
v 3.384207 4.331585 4.739737
v 3.436839 4.331585 4.739737
v 3.436839 4.384217 4.570000
v 3.436839 4.384217 4.649211
v 3.436839 4.384217 4.637895
v 3.436839 4.384217 4.660526
v 3.436839 4.384217 4.671842
v 3.384207 4.384217 4.683158
v 3.436839 4.384217 4.683158
v 3.384207 4.384217 4.694474
v 3.436839 4.384217 4.694474
v 3.436839 4.436849 4.570000
v 3.436839 4.436849 4.592632
v 3.436839 4.436849 4.581316
v 3.436839 4.436849 4.603947
v 3.436839 4.436849 4.615263
v 3.384207 4.436849 4.626579
v 3.436839 4.436849 4.626579
v 3.384207 4.436849 4.637895
v 3.436839 4.436849 4.637895
v 3.384207 4.489482 4.570000
v 3.384207 4.489482 4.581316
v 3.436839 4.489482 4.581316
v 3.436839 4.489482 4.570000
v 3.489472 2.910518 4.570000
v 3.489472 2.910518 4.581316
v 3.489472 2.963151 4.570000
v 3.436839 2.910518 4.592632
v 3.489472 2.910518 4.592632
v 3.436839 2.910518 4.603947
v 3.489472 2.910518 4.603947
v 3.489472 2.963151 4.603947
v 3.489472 3.015783 4.570000
v 3.489472 2.963151 4.615263
v 3.489472 2.963151 4.626579
v 3.489472 2.963151 4.637895
v 3.436839 2.963151 4.649211
v 3.489472 2.963151 4.649211
v 3.436839 2.963151 4.660526
v 3.489472 2.963151 4.660526
v 3.489472 3.015783 4.660526
v 3.489472 3.068415 4.570000
v 3.489472 3.015783 4.671842
v 3.489472 3.015783 4.683158
v 3.489472 3.015783 4.694474
v 3.436839 3.015783 4.705789
v 3.489472 3.015783 4.705789
v 3.436839 3.015783 4.717105
v 3.489472 3.015783 4.717105
v 3.489472 3.068415 4.717105
v 3.489472 3.121047 4.570000
v 3.489472 3.068415 4.728421
v 3.489472 3.068415 4.739737
v 3.436839 3.068415 4.751053
v 3.489472 3.068415 4.751053
v 3.436839 3.068415 4.762368
v 3.489472 3.068415 4.762368
v 3.489472 3.121047 4.762368
v 3.489472 3.173679 4.570000
v 3.489472 3.121047 4.773684
v 3.489472 3.121047 4.785000
v 3.436839 3.121047 4.796316
v 3.489472 3.121047 4.796316
v 3.489472 3.173679 4.796316
v 3.489472 3.226311 4.570000
v 3.489472 3.173679 4.807632
v 3.489472 3.173679 4.818947
v 3.436839 3.173679 4.830263
v 3.489472 3.173679 4.830263
v 3.489472 3.226311 4.830263
v 3.489472 3.278943 4.570000
v 3.489472 3.226311 4.841579
v 3.436839 3.226311 4.852895
v 3.489472 3.226311 4.852895
v 3.436839 3.226311 4.864211
v 3.489472 3.226311 4.864211
v 3.489472 3.278943 4.864211
v 3.489472 3.331575 4.570000
v 3.489472 3.278943 4.875526
v 3.436839 3.278943 4.886842
v 3.489472 3.278943 4.886842
v 3.489472 3.331575 4.886842
v 3.489472 3.384207 4.570000
v 3.489472 3.331575 4.898158
v 3.436839 3.331575 4.909474
v 3.489472 3.331575 4.909474
v 3.489472 3.384207 4.909474
v 3.489472 3.436839 4.570000
v 3.436839 3.384207 4.920789
v 3.489472 3.384207 4.920789
v 3.436839 3.384207 4.932105
v 3.489472 3.384207 4.932105
v 3.489472 3.436839 4.932105
v 3.489472 3.489472 4.570000
v 3.436839 3.436839 4.943421
v 3.489472 3.436839 4.943421
v 3.489472 3.489472 4.943421
v 3.489472 3.542104 4.570000
v 3.436839 3.542104 4.954737
v 3.436839 3.489472 4.954737
v 3.489472 3.489472 4.954737
v 3.489472 3.542104 4.954737
v 3.489472 3.594736 4.570000
v 3.436839 3.594736 4.966053
v 3.436839 3.542104 4.966053
v 3.489472 3.542104 4.966053
v 3.489472 3.594736 4.966053
v 3.489472 3.647368 4.570000
v 3.436839 3.647368 4.966053
v 3.489472 3.647368 4.966053
v 3.489472 3.700000 4.570000
v 3.436839 3.700000 4.966053
v 3.489472 3.700000 4.966053
v 3.489472 3.752632 4.570000
v 3.436839 3.752632 4.966053
v 3.489472 3.752632 4.966053
v 3.489472 3.805264 4.570000
v 3.436839 3.805264 4.966053
v 3.489472 3.805264 4.966053
v 3.489472 3.857896 4.570000
v 3.436839 3.857896 4.954737
v 3.436839 3.857896 4.966053
v 3.489472 3.857896 4.966053
v 3.489472 3.857896 4.954737
v 3.489472 3.910528 4.570000
v 3.436839 3.910528 4.954737
v 3.489472 3.910528 4.954737
v 3.489472 3.910528 4.943421
v 3.489472 3.963161 4.570000
v 3.436839 3.963161 4.943421
v 3.489472 3.963161 4.943421
v 3.489472 3.963161 4.932105
v 3.489472 4.015793 4.570000
v 3.436839 4.015793 4.920789
v 3.489472 4.015793 4.920789
v 3.489472 4.015793 4.909474
v 3.436839 4.015793 4.932105
v 3.489472 4.015793 4.932105
v 3.489472 4.068425 4.570000
v 3.489472 4.068425 4.898158
v 3.489472 4.068425 4.886842
v 3.436839 4.068425 4.909474
v 3.489472 4.068425 4.909474
v 3.489472 4.121057 4.570000
v 3.489472 4.121057 4.875526
v 3.489472 4.121057 4.864211
v 3.436839 4.121057 4.886842
v 3.489472 4.121057 4.886842
v 3.489472 4.173689 4.570000
v 3.489472 4.173689 4.841579
v 3.489472 4.173689 4.830263
v 3.436839 4.173689 4.852895
v 3.489472 4.173689 4.852895
v 3.436839 4.173689 4.864211
v 3.489472 4.173689 4.864211
v 3.489472 4.226321 4.570000
v 3.489472 4.226321 4.807632
v 3.489472 4.226321 4.796316
v 3.489472 4.226321 4.818947
v 3.436839 4.226321 4.830263
v 3.489472 4.226321 4.830263
v 3.489472 4.278953 4.570000
v 3.489472 4.278953 4.773684
v 3.489472 4.278953 4.762368
v 3.489472 4.278953 4.785000
v 3.436839 4.278953 4.796316
v 3.489472 4.278953 4.796316
v 3.489472 4.331585 4.570000
v 3.489472 4.331585 4.728421
v 3.489472 4.331585 4.717105
v 3.489472 4.331585 4.739737
v 3.436839 4.331585 4.751053
v 3.489472 4.331585 4.751053
v 3.436839 4.331585 4.762368
v 3.489472 4.331585 4.762368
v 3.489472 4.384217 4.570000
v 3.489472 4.384217 4.671842
v 3.489472 4.384217 4.660526
v 3.489472 4.384217 4.683158
v 3.489472 4.384217 4.694474
v 3.436839 4.384217 4.705789
v 3.489472 4.384217 4.705789
v 3.436839 4.384217 4.717105
v 3.489472 4.384217 4.717105
v 3.489472 4.436849 4.570000
v 3.489472 4.436849 4.615263
v 3.489472 4.436849 4.603947
v 3.489472 4.436849 4.626579
v 3.489472 4.436849 4.637895
v 3.436839 4.436849 4.649211
v 3.489472 4.436849 4.649211
v 3.436839 4.436849 4.660526
v 3.489472 4.436849 4.660526
v 3.489472 4.489482 4.581316
v 3.489472 4.489482 4.570000
v 3.436839 4.489482 4.592632
v 3.489472 4.489482 4.592632
v 3.436839 4.489482 4.603947
v 3.489472 4.489482 4.603947
v 3.542104 2.910518 4.570000
v 3.542104 2.910518 4.581316
v 3.542104 2.963151 4.570000
v 3.542104 2.910518 4.592632
v 3.542104 2.910518 4.603947
v 3.489472 2.910518 4.615263
v 3.542104 2.910518 4.615263
v 3.542104 2.963151 4.615263
v 3.542104 3.015783 4.570000
v 3.542104 2.963151 4.626579
v 3.542104 2.963151 4.637895
v 3.542104 2.963151 4.649211
v 3.542104 2.963151 4.660526
v 3.489472 2.963151 4.671842
v 3.542104 2.963151 4.671842
v 3.489472 2.963151 4.683158
v 3.542104 2.963151 4.683158
v 3.542104 3.015783 4.683158
v 3.542104 3.068415 4.570000
v 3.542104 3.015783 4.694474
v 3.542104 3.015783 4.705789
v 3.542104 3.015783 4.717105
v 3.489472 3.015783 4.728421
v 3.542104 3.015783 4.728421
v 3.542104 3.068415 4.728421
v 3.542104 3.121047 4.570000
v 3.542104 3.068415 4.739737
v 3.542104 3.068415 4.751053
v 3.542104 3.068415 4.762368
v 3.489472 3.068415 4.773684
v 3.542104 3.068415 4.773684
v 3.542104 3.121047 4.773684
v 3.542104 3.173679 4.570000
v 3.542104 3.121047 4.785000
v 3.542104 3.121047 4.796316
v 3.489472 3.121047 4.807632
v 3.542104 3.121047 4.807632
v 3.542104 3.173679 4.807632
v 3.542104 3.226311 4.570000
v 3.542104 3.173679 4.818947
v 3.542104 3.173679 4.830263
v 3.489472 3.173679 4.841579
v 3.542104 3.173679 4.841579
v 3.542104 3.226311 4.841579
v 3.542104 3.278943 4.570000
v 3.542104 3.226311 4.852895
v 3.542104 3.226311 4.864211
v 3.489472 3.226311 4.875526
v 3.542104 3.226311 4.875526
v 3.542104 3.278943 4.875526
v 3.542104 3.331575 4.570000
v 3.542104 3.278943 4.886842
v 3.489472 3.278943 4.898158
v 3.542104 3.278943 4.898158
v 3.542104 3.331575 4.898158
v 3.542104 3.384207 4.570000
v 3.542104 3.331575 4.909474
v 3.489472 3.331575 4.920789
v 3.542104 3.331575 4.920789
v 3.542104 3.384207 4.920789
v 3.542104 3.436839 4.570000
v 3.542104 3.384207 4.932105
v 3.489472 3.384207 4.943421
v 3.542104 3.384207 4.943421
v 3.542104 3.436839 4.943421
v 3.542104 3.489472 4.570000
v 3.489472 3.436839 4.954737
v 3.542104 3.436839 4.954737
v 3.542104 3.489472 4.954737
v 3.542104 3.542104 4.570000
v 3.489472 3.489472 4.966053
v 3.542104 3.489472 4.966053
v 3.542104 3.542104 4.966053
v 3.542104 3.594736 4.570000
v 3.489472 3.594736 4.977368
v 3.489472 3.542104 4.977368
v 3.542104 3.542104 4.977368
v 3.542104 3.594736 4.977368
v 3.542104 3.647368 4.570000
v 3.489472 3.647368 4.977368
v 3.542104 3.647368 4.977368
v 3.542104 3.700000 4.570000
v 3.489472 3.700000 4.977368
v 3.542104 3.700000 4.977368
v 3.542104 3.752632 4.570000
v 3.489472 3.752632 4.977368
v 3.542104 3.752632 4.977368
v 3.542104 3.805264 4.570000
v 3.489472 3.805264 4.977368
v 3.542104 3.805264 4.977368
v 3.542104 3.857896 4.570000
v 3.489472 3.857896 4.977368
v 3.542104 3.857896 4.977368
v 3.542104 3.857896 4.966053
v 3.542104 3.910528 4.570000
v 3.489472 3.910528 4.966053
v 3.542104 3.910528 4.966053
v 3.542104 3.910528 4.954737
v 3.542104 3.963161 4.570000
v 3.489472 3.963161 4.954737
v 3.542104 3.963161 4.954737
v 3.542104 3.963161 4.943421
v 3.542104 4.015793 4.570000
v 3.542104 4.015793 4.932105
v 3.542104 4.015793 4.920789
v 3.489472 4.015793 4.943421
v 3.542104 4.015793 4.943421
v 3.542104 4.068425 4.570000
v 3.542104 4.068425 4.909474
v 3.542104 4.068425 4.898158
v 3.489472 4.068425 4.920789
v 3.542104 4.068425 4.920789
v 3.542104 4.121057 4.570000
v 3.542104 4.121057 4.886842
v 3.542104 4.121057 4.875526
v 3.489472 4.121057 4.898158
v 3.542104 4.121057 4.898158
v 3.542104 4.173689 4.570000
v 3.542104 4.173689 4.852895
v 3.542104 4.173689 4.841579
v 3.542104 4.173689 4.864211
v 3.489472 4.173689 4.875526
v 3.542104 4.173689 4.875526
v 3.542104 4.226321 4.570000
v 3.542104 4.226321 4.818947
v 3.542104 4.226321 4.807632
v 3.542104 4.226321 4.830263
v 3.489472 4.226321 4.841579
v 3.542104 4.226321 4.841579
v 3.542104 4.278953 4.570000
v 3.542104 4.278953 4.785000
v 3.542104 4.278953 4.773684
v 3.542104 4.278953 4.796316
v 3.489472 4.278953 4.807632
v 3.542104 4.278953 4.807632
v 3.542104 4.331585 4.570000
v 3.542104 4.331585 4.739737
v 3.542104 4.331585 4.728421
v 3.542104 4.331585 4.751053
v 3.542104 4.331585 4.762368
v 3.489472 4.331585 4.773684
v 3.542104 4.331585 4.773684
v 3.542104 4.384217 4.570000
v 3.542104 4.384217 4.694474
v 3.542104 4.384217 4.683158
v 3.542104 4.384217 4.705789
v 3.542104 4.384217 4.717105
v 3.489472 4.384217 4.728421
v 3.542104 4.384217 4.728421
v 3.542104 4.436849 4.570000
v 3.542104 4.436849 4.626579
v 3.542104 4.436849 4.615263
v 3.542104 4.436849 4.637895
v 3.542104 4.436849 4.649211
v 3.542104 4.436849 4.660526
v 3.489472 4.436849 4.671842
v 3.542104 4.436849 4.671842
v 3.489472 4.436849 4.683158
v 3.542104 4.436849 4.683158
v 3.542104 4.489482 4.581316
v 3.542104 4.489482 4.570000
v 3.542104 4.489482 4.592632
v 3.542104 4.489482 4.603947
v 3.489472 4.489482 4.615263
v 3.542104 4.489482 4.615263
v 3.594736 2.910518 4.570000
v 3.594736 2.910518 4.581316
v 3.594736 2.963151 4.570000
v 3.594736 2.910518 4.592632
v 3.594736 2.910518 4.603947
v 3.594736 2.910518 4.615263
v 3.542104 2.910518 4.626579
v 3.594736 2.910518 4.626579
v 3.542104 2.910518 4.637895
v 3.594736 2.910518 4.637895
v 3.594736 2.963151 4.637895
v 3.594736 3.015783 4.570000
v 3.594736 2.963151 4.649211
v 3.594736 2.963151 4.660526
v 3.594736 2.963151 4.671842
v 3.594736 2.963151 4.683158
v 3.542104 2.963151 4.694474
v 3.594736 2.963151 4.694474
v 3.594736 3.015783 4.694474
v 3.594736 3.068415 4.570000
v 3.594736 3.015783 4.705789
v 3.594736 3.015783 4.717105
v 3.594736 3.015783 4.728421
v 3.542104 3.015783 4.739737
v 3.594736 3.015783 4.739737
v 3.594736 3.068415 4.739737
v 3.594736 3.121047 4.570000
v 3.594736 3.068415 4.751053
v 3.594736 3.068415 4.762368
v 3.594736 3.068415 4.773684
v 3.542104 3.068415 4.785000
v 3.594736 3.068415 4.785000
v 3.594736 3.121047 4.785000
v 3.594736 3.173679 4.570000
v 3.594736 3.121047 4.796316
v 3.594736 3.121047 4.807632
v 3.542104 3.121047 4.818947
v 3.594736 3.121047 4.818947
v 3.594736 3.173679 4.818947
v 3.594736 3.226311 4.570000
v 3.594736 3.173679 4.830263
v 3.594736 3.173679 4.841579
v 3.542104 3.173679 4.852895
v 3.594736 3.173679 4.852895
v 3.594736 3.226311 4.852895
v 3.594736 3.278943 4.570000
v 3.594736 3.226311 4.864211
v 3.594736 3.226311 4.875526
v 3.542104 3.226311 4.886842
v 3.594736 3.226311 4.886842
v 3.594736 3.278943 4.886842
v 3.594736 3.331575 4.570000
v 3.594736 3.278943 4.898158
v 3.542104 3.278943 4.909474
v 3.594736 3.278943 4.909474
v 3.594736 3.331575 4.909474
v 3.594736 3.384207 4.570000
v 3.594736 3.331575 4.920789
v 3.542104 3.331575 4.932105
v 3.594736 3.331575 4.932105
v 3.594736 3.384207 4.932105
v 3.594736 3.436839 4.570000
v 3.594736 3.384207 4.943421
v 3.594736 3.436839 4.943421
v 3.594736 3.489472 4.570000
v 3.594736 3.436839 4.954737
v 3.542104 3.436839 4.966053
v 3.594736 3.436839 4.966053
v 3.594736 3.489472 4.966053
v 3.594736 3.542104 4.570000
v 3.542104 3.489472 4.977368
v 3.594736 3.489472 4.977368
v 3.594736 3.542104 4.977368
v 3.594736 3.594736 4.570000
v 3.594736 3.594736 4.977368
v 3.594736 3.647368 4.570000
v 3.542104 3.647368 4.988684
v 3.542104 3.594736 4.988684
v 3.594736 3.594736 4.988684
v 3.594736 3.647368 4.988684
v 3.594736 3.700000 4.570000
v 3.542104 3.700000 4.988684
v 3.594736 3.700000 4.988684
v 3.594736 3.752632 4.570000
v 3.542104 3.752632 4.988684
v 3.594736 3.752632 4.988684
v 3.594736 3.805264 4.570000
v 3.542104 3.805264 4.988684
v 3.594736 3.805264 4.988684
v 3.594736 3.805264 4.977368
v 3.594736 3.857896 4.570000
v 3.594736 3.857896 4.977368
v 3.594736 3.910528 4.570000
v 3.542104 3.910528 4.977368
v 3.594736 3.910528 4.977368
v 3.594736 3.910528 4.966053
v 3.594736 3.963161 4.570000
v 3.594736 3.963161 4.954737
v 3.594736 3.963161 4.943421
v 3.542104 3.963161 4.966053
v 3.594736 3.963161 4.966053
v 3.594736 4.015793 4.570000
v 3.594736 4.015793 4.943421
v 3.594736 4.015793 4.932105
v 3.594736 4.068425 4.570000
v 3.594736 4.068425 4.920789
v 3.594736 4.068425 4.909474
v 3.542104 4.068425 4.932105
v 3.594736 4.068425 4.932105
v 3.594736 4.121057 4.570000
v 3.594736 4.121057 4.898158
v 3.594736 4.121057 4.886842
v 3.542104 4.121057 4.909474
v 3.594736 4.121057 4.909474
v 3.594736 4.173689 4.570000
v 3.594736 4.173689 4.864211
v 3.594736 4.173689 4.852895
v 3.594736 4.173689 4.875526
v 3.542104 4.173689 4.886842
v 3.594736 4.173689 4.886842
v 3.594736 4.226321 4.570000
v 3.594736 4.226321 4.830263
v 3.594736 4.226321 4.818947
v 3.594736 4.226321 4.841579
v 3.542104 4.226321 4.852895
v 3.594736 4.226321 4.852895
v 3.594736 4.278953 4.570000
v 3.594736 4.278953 4.796316
v 3.594736 4.278953 4.785000
v 3.594736 4.278953 4.807632
v 3.542104 4.278953 4.818947
v 3.594736 4.278953 4.818947
v 3.594736 4.331585 4.570000
v 3.594736 4.331585 4.751053
v 3.594736 4.331585 4.739737
v 3.594736 4.331585 4.762368
v 3.594736 4.331585 4.773684
v 3.542104 4.331585 4.785000
v 3.594736 4.331585 4.785000
v 3.594736 4.384217 4.570000
v 3.594736 4.384217 4.705789
v 3.594736 4.384217 4.694474
v 3.594736 4.384217 4.717105
v 3.594736 4.384217 4.728421
v 3.542104 4.384217 4.739737
v 3.594736 4.384217 4.739737
v 3.594736 4.436849 4.570000
v 3.594736 4.436849 4.649211
v 3.594736 4.436849 4.637895
v 3.594736 4.436849 4.660526
v 3.594736 4.436849 4.671842
v 3.594736 4.436849 4.683158
v 3.542104 4.436849 4.694474
v 3.594736 4.436849 4.694474
v 3.594736 4.489482 4.581316
v 3.594736 4.489482 4.570000
v 3.594736 4.489482 4.592632
v 3.594736 4.489482 4.603947
v 3.594736 4.489482 4.615263
v 3.542104 4.489482 4.626579
v 3.594736 4.489482 4.626579
v 3.542104 4.489482 4.637895
v 3.594736 4.489482 4.637895
v 3.647368 2.910518 4.570000
v 3.647368 2.910518 4.581316
v 3.647368 2.963151 4.570000
v 3.647368 2.910518 4.592632
v 3.647368 2.910518 4.603947
v 3.647368 2.910518 4.615263
v 3.647368 2.910518 4.626579
v 3.647368 2.910518 4.637895
v 3.647368 2.963151 4.637895
v 3.647368 3.015783 4.570000
v 3.647368 2.963151 4.649211
v 3.647368 2.963151 4.660526
v 3.647368 2.963151 4.671842
v 3.647368 2.963151 4.683158
v 3.647368 2.963151 4.694474
v 3.647368 3.015783 4.694474
v 3.647368 3.068415 4.570000
v 3.647368 3.015783 4.705789
v 3.647368 3.015783 4.717105
v 3.647368 3.015783 4.728421
v 3.647368 3.015783 4.739737
v 3.594736 3.015783 4.751053
v 3.647368 3.015783 4.751053
v 3.647368 3.068415 4.751053
v 3.647368 3.121047 4.570000
v 3.647368 3.068415 4.762368
v 3.647368 3.068415 4.773684
v 3.647368 3.068415 4.785000
v 3.594736 3.068415 4.796316
v 3.647368 3.068415 4.796316
v 3.647368 3.121047 4.796316
v 3.647368 3.173679 4.570000
v 3.647368 3.121047 4.807632
v 3.647368 3.121047 4.818947
v 3.594736 3.121047 4.830263
v 3.647368 3.121047 4.830263
v 3.647368 3.173679 4.830263
v 3.647368 3.226311 4.570000
v 3.647368 3.173679 4.841579
v 3.647368 3.173679 4.852895
v 3.594736 3.173679 4.864211
v 3.647368 3.173679 4.864211
v 3.647368 3.226311 4.864211
v 3.647368 3.278943 4.570000
v 3.647368 3.226311 4.875526
v 3.647368 3.226311 4.886842
v 3.647368 3.278943 4.886842
v 3.647368 3.331575 4.570000
v 3.647368 3.278943 4.898158
v 3.647368 3.278943 4.909474
v 3.594736 3.278943 4.920789
v 3.647368 3.278943 4.920789
v 3.647368 3.331575 4.920789
v 3.647368 3.384207 4.570000
v 3.647368 3.331575 4.932105
v 3.647368 3.384207 4.932105
v 3.647368 3.436839 4.570000
v 3.647368 3.384207 4.943421
v 3.594736 3.384207 4.954737
v 3.647368 3.384207 4.954737
v 3.647368 3.436839 4.954737
v 3.647368 3.489472 4.570000
v 3.647368 3.436839 4.966053
v 3.647368 3.489472 4.966053
v 3.647368 3.542104 4.570000
v 3.647368 3.489472 4.977368
v 3.647368 3.542104 4.977368
v 3.647368 3.594736 4.570000
v 3.594736 3.542104 4.988684
v 3.647368 3.542104 4.988684
v 3.647368 3.594736 4.988684
v 3.647368 3.647368 4.570000
v 3.647368 3.647368 4.988684
v 3.647368 3.700000 4.570000
v 3.594736 3.700000 5.000000
v 3.594736 3.647368 5.000000
v 3.647368 3.647368 5.000000
v 3.647368 3.700000 5.000000
v 3.647368 3.752632 4.570000
v 3.594736 3.752632 5.000000
v 3.647368 3.752632 5.000000
v 3.647368 3.752632 4.988684
v 3.647368 3.805264 4.570000
v 3.647368 3.805264 4.988684
v 3.647368 3.857896 4.570000
v 3.594736 3.857896 4.988684
v 3.647368 3.857896 4.988684
v 3.647368 3.857896 4.977368
v 3.647368 3.910528 4.570000
v 3.647368 3.910528 4.977368
v 3.647368 3.910528 4.966053
v 3.647368 3.963161 4.570000
v 3.647368 3.963161 4.966053
v 3.647368 3.963161 4.954737
v 3.647368 4.015793 4.570000
v 3.647368 4.015793 4.943421
v 3.647368 4.015793 4.932105
v 3.594736 4.015793 4.954737
v 3.647368 4.015793 4.954737
v 3.647368 4.068425 4.570000
v 3.647368 4.068425 4.932105
v 3.647368 4.068425 4.920789
v 3.647368 4.121057 4.570000
v 3.647368 4.121057 4.898158
v 3.647368 4.121057 4.886842
v 3.647368 4.121057 4.909474
v 3.594736 4.121057 4.920789
v 3.647368 4.121057 4.920789
v 3.647368 4.173689 4.570000
v 3.647368 4.173689 4.875526
v 3.647368 4.173689 4.864211
v 3.647368 4.173689 4.886842
v 3.647368 4.226321 4.570000
v 3.647368 4.226321 4.841579
v 3.647368 4.226321 4.830263
v 3.647368 4.226321 4.852895
v 3.594736 4.226321 4.864211
v 3.647368 4.226321 4.864211
v 3.647368 4.278953 4.570000
v 3.647368 4.278953 4.807632
v 3.647368 4.278953 4.796316
v 3.647368 4.278953 4.818947
v 3.594736 4.278953 4.830263
v 3.647368 4.278953 4.830263
v 3.647368 4.331585 4.570000
v 3.647368 4.331585 4.762368
v 3.647368 4.331585 4.751053
v 3.647368 4.331585 4.773684
v 3.647368 4.331585 4.785000
v 3.594736 4.331585 4.796316
v 3.647368 4.331585 4.796316
v 3.647368 4.384217 4.570000
v 3.647368 4.384217 4.705789
v 3.647368 4.384217 4.694474
v 3.647368 4.384217 4.717105
v 3.647368 4.384217 4.728421
v 3.647368 4.384217 4.739737
v 3.594736 4.384217 4.751053
v 3.647368 4.384217 4.751053
v 3.647368 4.436849 4.570000
v 3.647368 4.436849 4.649211
v 3.647368 4.436849 4.637895
v 3.647368 4.436849 4.660526
v 3.647368 4.436849 4.671842
v 3.647368 4.436849 4.683158
v 3.647368 4.436849 4.694474
v 3.647368 4.489482 4.581316
v 3.647368 4.489482 4.570000
v 3.647368 4.489482 4.592632
v 3.647368 4.489482 4.603947
v 3.647368 4.489482 4.615263
v 3.647368 4.489482 4.626579
v 3.647368 4.489482 4.637895
v 3.647368 2.857886 4.570000
v 3.647368 2.857886 4.581316
v 3.700000 2.857886 4.570000
v 3.700000 2.857886 4.581316
v 3.700000 2.910518 4.570000
v 3.700000 2.910518 4.581316
v 3.700000 2.963151 4.570000
v 3.700000 2.910518 4.592632
v 3.700000 2.910518 4.603947
v 3.700000 2.910518 4.615263
v 3.700000 2.910518 4.626579
v 3.700000 2.910518 4.637895
v 3.647368 2.910518 4.649211
v 3.700000 2.910518 4.649211
v 3.700000 2.963151 4.649211
v 3.700000 3.015783 4.570000
v 3.700000 2.963151 4.660526
v 3.700000 2.963151 4.671842
v 3.700000 2.963151 4.683158
v 3.700000 2.963151 4.694474
v 3.647368 2.963151 4.705789
v 3.700000 2.963151 4.705789
v 3.700000 3.015783 4.705789
v 3.700000 3.068415 4.570000
v 3.700000 3.015783 4.717105
v 3.700000 3.015783 4.728421
v 3.700000 3.015783 4.739737
v 3.700000 3.015783 4.751053
v 3.700000 3.068415 4.751053
v 3.700000 3.121047 4.570000
v 3.700000 3.068415 4.762368
v 3.700000 3.068415 4.773684
v 3.700000 3.068415 4.785000
v 3.700000 3.068415 4.796316
v 3.700000 3.121047 4.796316
v 3.700000 3.173679 4.570000
v 3.700000 3.121047 4.807632
v 3.700000 3.121047 4.818947
v 3.700000 3.121047 4.830263
v 3.700000 3.173679 4.830263
v 3.700000 3.226311 4.570000
v 3.700000 3.173679 4.841579
v 3.700000 3.173679 4.852895
v 3.700000 3.173679 4.864211
v 3.700000 3.226311 4.864211
v 3.700000 3.278943 4.570000
v 3.700000 3.226311 4.875526
v 3.700000 3.226311 4.886842
v 3.647368 3.226311 4.898158
v 3.700000 3.226311 4.898158
v 3.700000 3.278943 4.898158
v 3.700000 3.331575 4.570000
v 3.700000 3.278943 4.909474
v 3.700000 3.278943 4.920789
v 3.700000 3.331575 4.920789
v 3.700000 3.384207 4.570000
v 3.700000 3.331575 4.932105
v 3.647368 3.331575 4.943421
v 3.700000 3.331575 4.943421
v 3.700000 3.384207 4.943421
v 3.700000 3.436839 4.570000
v 3.700000 3.384207 4.954737
v 3.700000 3.436839 4.954737
v 3.700000 3.489472 4.570000
v 3.700000 3.436839 4.966053
v 3.700000 3.489472 4.966053
v 3.700000 3.542104 4.570000
v 3.700000 3.489472 4.977368
v 3.700000 3.542104 4.977368
v 3.700000 3.594736 4.570000
v 3.700000 3.542104 4.988684
v 3.700000 3.594736 4.988684
v 3.700000 3.647368 4.570000
v 3.647368 3.594736 5.000000
v 3.700000 3.594736 5.000000
v 3.700000 3.647368 5.000000
v 3.700000 3.700000 4.570000
v 3.700000 3.700000 5.000000
v 3.700000 3.752632 4.570000
v 3.700000 3.752632 5.000000
v 3.700000 3.805264 4.570000
v 3.647368 3.805264 5.000000
v 3.700000 3.805264 5.000000
v 3.700000 3.805264 4.988684
v 3.700000 3.857896 4.570000
v 3.700000 3.857896 4.988684
v 3.700000 3.857896 4.977368
v 3.700000 3.910528 4.570000
v 3.700000 3.910528 4.977368
v 3.700000 3.910528 4.966053
v 3.700000 3.963161 4.570000
v 3.700000 3.963161 4.966053
v 3.700000 3.963161 4.954737
v 3.700000 4.015793 4.570000
v 3.700000 4.015793 4.954737
v 3.700000 4.015793 4.943421
v 3.700000 4.068425 4.570000
v 3.700000 4.068425 4.932105
v 3.700000 4.068425 4.920789
v 3.647368 4.068425 4.943421
v 3.700000 4.068425 4.943421
v 3.700000 4.121057 4.570000
v 3.700000 4.121057 4.909474
v 3.700000 4.121057 4.898158
v 3.700000 4.121057 4.920789
v 3.700000 4.173689 4.570000
v 3.700000 4.173689 4.875526
v 3.700000 4.173689 4.864211
v 3.700000 4.173689 4.886842
v 3.647368 4.173689 4.898158
v 3.700000 4.173689 4.898158
v 3.700000 4.226321 4.570000
v 3.700000 4.226321 4.841579
v 3.700000 4.226321 4.830263
v 3.700000 4.226321 4.852895
v 3.700000 4.226321 4.864211
v 3.700000 4.278953 4.570000
v 3.700000 4.278953 4.807632
v 3.700000 4.278953 4.796316
v 3.700000 4.278953 4.818947
v 3.700000 4.278953 4.830263
v 3.700000 4.331585 4.570000
v 3.700000 4.331585 4.762368
v 3.700000 4.331585 4.751053
v 3.700000 4.331585 4.773684
v 3.700000 4.331585 4.785000
v 3.700000 4.331585 4.796316
v 3.700000 4.384217 4.570000
v 3.700000 4.384217 4.717105
v 3.700000 4.384217 4.705789
v 3.700000 4.384217 4.728421
v 3.700000 4.384217 4.739737
v 3.700000 4.384217 4.751053
v 3.700000 4.436849 4.570000
v 3.700000 4.436849 4.660526
v 3.700000 4.436849 4.649211
v 3.700000 4.436849 4.671842
v 3.700000 4.436849 4.683158
v 3.700000 4.436849 4.694474
v 3.647368 4.436849 4.705789
v 3.700000 4.436849 4.705789
v 3.700000 4.489482 4.570000
v 3.700000 4.489482 4.592632
v 3.700000 4.489482 4.581316
v 3.700000 4.489482 4.603947
v 3.700000 4.489482 4.615263
v 3.700000 4.489482 4.626579
v 3.700000 4.489482 4.637895
v 3.647368 4.489482 4.649211
v 3.700000 4.489482 4.649211
v 3.647368 4.542114 4.570000
v 3.647368 4.542114 4.581316
v 3.700000 4.542114 4.581316
v 3.700000 4.542114 4.570000
v 3.752632 2.857886 4.570000
v 3.752632 2.857886 4.581316
v 3.752632 2.910518 4.581316
v 3.752632 2.910518 4.570000
v 3.752632 2.963151 4.570000
v 3.752632 2.910518 4.592632
v 3.752632 2.910518 4.603947
v 3.752632 2.910518 4.615263
v 3.752632 2.910518 4.626579
v 3.752632 2.910518 4.637895
v 3.752632 2.910518 4.649211
v 3.752632 2.963151 4.649211
v 3.752632 2.963151 4.637895
v 3.752632 3.015783 4.570000
v 3.752632 2.963151 4.660526
v 3.752632 2.963151 4.671842
v 3.752632 2.963151 4.683158
v 3.752632 2.963151 4.694474
v 3.752632 2.963151 4.705789
v 3.752632 3.015783 4.705789
v 3.752632 3.015783 4.694474
v 3.752632 3.068415 4.570000
v 3.752632 3.015783 4.717105
v 3.752632 3.015783 4.728421
v 3.752632 3.015783 4.739737
v 3.752632 3.015783 4.751053
v 3.752632 3.068415 4.751053
v 3.752632 3.121047 4.570000
v 3.752632 3.068415 4.762368
v 3.752632 3.068415 4.773684
v 3.752632 3.068415 4.785000
v 3.752632 3.068415 4.796316
v 3.752632 3.121047 4.796316
v 3.752632 3.173679 4.570000
v 3.752632 3.121047 4.807632
v 3.752632 3.121047 4.818947
v 3.752632 3.121047 4.830263
v 3.752632 3.173679 4.830263
v 3.752632 3.226311 4.570000
v 3.752632 3.173679 4.841579
v 3.752632 3.173679 4.852895
v 3.752632 3.173679 4.864211
v 3.752632 3.226311 4.864211
v 3.752632 3.278943 4.570000
v 3.752632 3.226311 4.875526
v 3.752632 3.226311 4.886842
v 3.752632 3.226311 4.898158
v 3.752632 3.278943 4.898158
v 3.752632 3.278943 4.886842
v 3.752632 3.331575 4.570000
v 3.752632 3.278943 4.909474
v 3.752632 3.278943 4.920789
v 3.752632 3.331575 4.920789
v 3.752632 3.384207 4.570000
v 3.752632 3.331575 4.932105
v 3.752632 3.331575 4.943421
v 3.752632 3.384207 4.943421
v 3.752632 3.384207 4.932105
v 3.752632 3.436839 4.570000
v 3.752632 3.384207 4.954737
v 3.752632 3.436839 4.954737
v 3.752632 3.489472 4.570000
v 3.752632 3.436839 4.966053
v 3.752632 3.489472 4.966053
v 3.752632 3.542104 4.570000
v 3.752632 3.489472 4.977368
v 3.752632 3.542104 4.977368
v 3.752632 3.594736 4.570000
v 3.752632 3.542104 4.988684
v 3.752632 3.594736 4.988684
v 3.752632 3.647368 4.570000
v 3.752632 3.594736 5.000000
v 3.752632 3.647368 5.000000
v 3.752632 3.647368 4.988684
v 3.752632 3.700000 4.570000
v 3.752632 3.700000 5.000000
v 3.752632 3.752632 4.570000
v 3.752632 3.752632 5.000000
v 3.752632 3.805264 4.570000
v 3.752632 3.752632 4.988684
v 3.752632 3.805264 5.000000
v 3.752632 3.805264 4.988684
v 3.752632 3.857896 4.570000
v 3.752632 3.857896 4.988684
v 3.752632 3.857896 4.977368
v 3.752632 3.910528 4.570000
v 3.752632 3.910528 4.977368
v 3.752632 3.910528 4.966053
v 3.752632 3.963161 4.570000
v 3.752632 3.963161 4.966053
v 3.752632 3.963161 4.954737
v 3.752632 4.015793 4.570000
v 3.752632 4.015793 4.954737
v 3.752632 4.015793 4.943421
v 3.752632 4.068425 4.570000
v 3.752632 4.068425 4.932105
v 3.752632 4.068425 4.920789
v 3.752632 4.015793 4.932105
v 3.752632 4.068425 4.943421
v 3.752632 4.121057 4.570000
v 3.752632 4.121057 4.909474
v 3.752632 4.121057 4.898158
v 3.752632 4.121057 4.920789
v 3.752632 4.173689 4.570000
v 3.752632 4.173689 4.875526
v 3.752632 4.173689 4.864211
v 3.752632 4.173689 4.886842
v 3.752632 4.121057 4.886842
v 3.752632 4.173689 4.898158
v 3.752632 4.226321 4.570000
v 3.752632 4.226321 4.841579
v 3.752632 4.226321 4.830263
v 3.752632 4.226321 4.852895
v 3.752632 4.226321 4.864211
v 3.752632 4.278953 4.570000
v 3.752632 4.278953 4.807632
v 3.752632 4.278953 4.796316
v 3.752632 4.278953 4.818947
v 3.752632 4.278953 4.830263
v 3.752632 4.331585 4.570000
v 3.752632 4.331585 4.762368
v 3.752632 4.331585 4.751053
v 3.752632 4.331585 4.773684
v 3.752632 4.331585 4.785000
v 3.752632 4.331585 4.796316
v 3.752632 4.384217 4.570000
v 3.752632 4.384217 4.717105
v 3.752632 4.384217 4.705789
v 3.752632 4.384217 4.728421
v 3.752632 4.384217 4.739737
v 3.752632 4.384217 4.751053
v 3.752632 4.436849 4.570000
v 3.752632 4.436849 4.660526
v 3.752632 4.436849 4.649211
v 3.752632 4.436849 4.671842
v 3.752632 4.436849 4.683158
v 3.752632 4.436849 4.694474
v 3.752632 4.384217 4.694474
v 3.752632 4.436849 4.705789
v 3.752632 4.489482 4.570000
v 3.752632 4.489482 4.592632
v 3.752632 4.489482 4.581316
v 3.752632 4.489482 4.603947
v 3.752632 4.489482 4.615263
v 3.752632 4.489482 4.626579
v 3.752632 4.489482 4.637895
v 3.752632 4.436849 4.637895
v 3.752632 4.489482 4.649211
v 3.752632 4.542114 4.581316
v 3.752632 4.542114 4.570000
v 3.805264 2.910518 4.570000
v 3.805264 2.910518 4.581316
v 3.805264 2.963151 4.570000
v 3.805264 2.910518 4.592632
v 3.805264 2.910518 4.603947
v 3.805264 2.910518 4.615263
v 3.805264 2.910518 4.626579
v 3.805264 2.910518 4.637895
v 3.805264 2.963151 4.637895
v 3.805264 3.015783 4.570000
v 3.805264 2.963151 4.649211
v 3.805264 2.963151 4.660526
v 3.805264 2.963151 4.671842
v 3.805264 2.963151 4.683158
v 3.805264 2.963151 4.694474
v 3.805264 3.015783 4.694474
v 3.805264 3.068415 4.570000
v 3.805264 3.015783 4.705789
v 3.805264 3.015783 4.717105
v 3.805264 3.015783 4.728421
v 3.805264 3.015783 4.739737
v 3.805264 3.015783 4.751053
v 3.805264 3.068415 4.751053
v 3.805264 3.068415 4.739737
v 3.805264 3.121047 4.570000
v 3.805264 3.068415 4.762368
v 3.805264 3.068415 4.773684
v 3.805264 3.068415 4.785000
v 3.805264 3.068415 4.796316
v 3.805264 3.121047 4.796316
v 3.805264 3.121047 4.785000
v 3.805264 3.173679 4.570000
v 3.805264 3.121047 4.807632
v 3.805264 3.121047 4.818947
v 3.805264 3.121047 4.830263
v 3.805264 3.173679 4.830263
v 3.805264 3.173679 4.818947
v 3.805264 3.226311 4.570000
v 3.805264 3.173679 4.841579
v 3.805264 3.173679 4.852895
v 3.805264 3.173679 4.864211
v 3.805264 3.226311 4.864211
v 3.805264 3.226311 4.852895
v 3.805264 3.278943 4.570000
v 3.805264 3.226311 4.875526
v 3.805264 3.226311 4.886842
v 3.805264 3.278943 4.886842
v 3.805264 3.331575 4.570000
v 3.805264 3.278943 4.898158
v 3.805264 3.278943 4.909474
v 3.805264 3.278943 4.920789
v 3.805264 3.331575 4.920789
v 3.805264 3.331575 4.909474
v 3.805264 3.384207 4.570000
v 3.805264 3.331575 4.932105
v 3.805264 3.384207 4.932105
v 3.805264 3.436839 4.570000
v 3.805264 3.384207 4.943421
v 3.805264 3.384207 4.954737
v 3.805264 3.436839 4.954737
v 3.805264 3.436839 4.943421
v 3.805264 3.489472 4.570000
v 3.805264 3.436839 4.966053
v 3.805264 3.489472 4.966053
v 3.805264 3.542104 4.570000
v 3.805264 3.489472 4.977368
v 3.805264 3.542104 4.977368
v 3.805264 3.594736 4.570000
v 3.805264 3.542104 4.988684
v 3.805264 3.594736 4.988684
v 3.805264 3.594736 4.977368
v 3.805264 3.647368 4.570000
v 3.805264 3.647368 4.988684
v 3.805264 3.700000 4.570000
v 3.805264 3.647368 5.000000
v 3.805264 3.700000 5.000000
v 3.805264 3.700000 4.988684
v 3.805264 3.752632 4.570000
v 3.805264 3.752632 5.000000
v 3.805264 3.752632 4.988684
v 3.805264 3.805264 4.570000
v 3.805264 3.805264 4.988684
v 3.805264 3.857896 4.570000
v 3.805264 3.805264 4.977368
v 3.805264 3.857896 4.988684
v 3.805264 3.857896 4.977368
v 3.805264 3.910528 4.570000
v 3.805264 3.910528 4.977368
v 3.805264 3.910528 4.966053
v 3.805264 3.963161 4.570000
v 3.805264 3.963161 4.966053
v 3.805264 3.963161 4.954737
v 3.805264 4.015793 4.570000
v 3.805264 4.015793 4.943421
v 3.805264 4.015793 4.932105
v 3.805264 3.963161 4.943421
v 3.805264 4.015793 4.954737
v 3.805264 4.068425 4.570000
v 3.805264 4.068425 4.932105
v 3.805264 4.068425 4.920789
v 3.805264 4.121057 4.570000
v 3.805264 4.121057 4.898158
v 3.805264 4.121057 4.886842
v 3.805264 4.121057 4.909474
v 3.805264 4.068425 4.909474
v 3.805264 4.121057 4.920789
v 3.805264 4.173689 4.570000
v 3.805264 4.173689 4.875526
v 3.805264 4.173689 4.864211
v 3.805264 4.173689 4.886842
v 3.805264 4.226321 4.570000
v 3.805264 4.226321 4.841579
v 3.805264 4.226321 4.830263
v 3.805264 4.226321 4.852895
v 3.805264 4.173689 4.852895
v 3.805264 4.226321 4.864211
v 3.805264 4.278953 4.570000
v 3.805264 4.278953 4.807632
v 3.805264 4.278953 4.796316
v 3.805264 4.278953 4.818947
v 3.805264 4.226321 4.818947
v 3.805264 4.278953 4.830263
v 3.805264 4.331585 4.570000
v 3.805264 4.331585 4.762368
v 3.805264 4.331585 4.751053
v 3.805264 4.331585 4.773684
v 3.805264 4.331585 4.785000
v 3.805264 4.278953 4.785000
v 3.805264 4.331585 4.796316
v 3.805264 4.384217 4.570000
v 3.805264 4.384217 4.705789
v 3.805264 4.384217 4.694474
v 3.805264 4.384217 4.717105
v 3.805264 4.384217 4.728421
v 3.805264 4.384217 4.739737
v 3.805264 4.331585 4.739737
v 3.805264 4.384217 4.751053
v 3.805264 4.436849 4.570000
v 3.805264 4.436849 4.649211
v 3.805264 4.436849 4.637895
v 3.805264 4.436849 4.660526
v 3.805264 4.436849 4.671842
v 3.805264 4.436849 4.683158
v 3.805264 4.436849 4.694474
v 3.805264 4.489482 4.581316
v 3.805264 4.489482 4.570000
v 3.805264 4.489482 4.592632
v 3.805264 4.489482 4.603947
v 3.805264 4.489482 4.615263
v 3.805264 4.489482 4.626579
v 3.805264 4.489482 4.637895
v 3.857896 2.910518 4.570000
v 3.857896 2.910518 4.581316
v 3.857896 2.963151 4.570000
v 3.857896 2.910518 4.592632
v 3.857896 2.910518 4.603947
v 3.857896 2.910518 4.615263
v 3.857896 2.910518 4.626579
v 3.857896 2.963151 4.626579
v 3.857896 2.963151 4.615263
v 3.857896 2.910518 4.637895
v 3.857896 2.963151 4.637895
v 3.857896 3.015783 4.570000
v 3.857896 2.963151 4.649211
v 3.857896 2.963151 4.660526
v 3.857896 2.963151 4.671842
v 3.857896 2.963151 4.683158
v 3.857896 2.963151 4.694474
v 3.857896 3.015783 4.694474
v 3.857896 3.015783 4.683158
v 3.857896 3.068415 4.570000
v 3.857896 3.015783 4.705789
v 3.857896 3.015783 4.717105
v 3.857896 3.015783 4.728421
v 3.857896 3.015783 4.739737
v 3.857896 3.068415 4.739737
v 3.857896 3.068415 4.728421
v 3.857896 3.121047 4.570000
v 3.857896 3.068415 4.751053
v 3.857896 3.068415 4.762368
v 3.857896 3.068415 4.773684
v 3.857896 3.068415 4.785000
v 3.857896 3.121047 4.785000
v 3.857896 3.121047 4.773684
v 3.857896 3.173679 4.570000
v 3.857896 3.121047 4.796316
v 3.857896 3.121047 4.807632
v 3.857896 3.121047 4.818947
v 3.857896 3.173679 4.818947
v 3.857896 3.173679 4.807632
v 3.857896 3.226311 4.570000
v 3.857896 3.173679 4.830263
v 3.857896 3.173679 4.841579
v 3.857896 3.173679 4.852895
v 3.857896 3.226311 4.852895
v 3.857896 3.226311 4.841579
v 3.857896 3.278943 4.570000
v 3.857896 3.226311 4.864211
v 3.857896 3.226311 4.875526
v 3.857896 3.226311 4.886842
v 3.857896 3.278943 4.886842
v 3.857896 3.278943 4.875526
v 3.857896 3.331575 4.570000
v 3.857896 3.278943 4.898158
v 3.857896 3.278943 4.909474
v 3.857896 3.331575 4.909474
v 3.857896 3.331575 4.898158
v 3.857896 3.384207 4.570000
v 3.857896 3.331575 4.920789
v 3.857896 3.331575 4.932105
v 3.857896 3.384207 4.932105
v 3.857896 3.384207 4.920789
v 3.857896 3.436839 4.570000
v 3.857896 3.384207 4.943421
v 3.857896 3.436839 4.943421
v 3.857896 3.489472 4.570000
v 3.857896 3.436839 4.954737
v 3.857896 3.436839 4.966053
v 3.857896 3.489472 4.966053
v 3.857896 3.489472 4.954737
v 3.857896 3.542104 4.570000
v 3.857896 3.489472 4.977368
v 3.857896 3.542104 4.977368
v 3.857896 3.542104 4.966053
v 3.857896 3.594736 4.570000
v 3.857896 3.594736 4.977368
v 3.857896 3.647368 4.570000
v 3.857896 3.594736 4.988684
v 3.857896 3.647368 4.988684
v 3.857896 3.647368 4.977368
v 3.857896 3.700000 4.570000
v 3.857896 3.700000 4.988684
v 3.857896 3.700000 4.977368
v 3.857896 3.752632 4.570000
v 3.857896 3.752632 4.988684
v 3.857896 3.752632 4.977368
v 3.857896 3.805264 4.570000
v 3.857896 3.805264 4.988684
v 3.857896 3.805264 4.977368
v 3.857896 3.857896 4.570000
v 3.857896 3.857896 4.977368
v 3.857896 3.910528 4.570000
v 3.857896 3.857896 4.966053
v 3.857896 3.910528 4.977368
v 3.857896 3.910528 4.966053
v 3.857896 3.963161 4.570000
v 3.857896 3.963161 4.954737
v 3.857896 3.963161 4.943421
v 3.857896 3.910528 4.954737
v 3.857896 3.963161 4.966053
v 3.857896 4.015793 4.570000
v 3.857896 4.015793 4.943421
v 3.857896 4.015793 4.932105
v 3.857896 4.068425 4.570000
v 3.857896 4.068425 4.920789
v 3.857896 4.068425 4.909474
v 3.857896 4.015793 4.920789
v 3.857896 4.068425 4.932105
v 3.857896 4.121057 4.570000
v 3.857896 4.121057 4.898158
v 3.857896 4.121057 4.886842
v 3.857896 4.068425 4.898158
v 3.857896 4.121057 4.909474
v 3.857896 4.173689 4.570000
v 3.857896 4.173689 4.864211
v 3.857896 4.173689 4.852895
v 3.857896 4.173689 4.875526
v 3.857896 4.121057 4.875526
v 3.857896 4.173689 4.886842
v 3.857896 4.226321 4.570000
v 3.857896 4.226321 4.830263
v 3.857896 4.226321 4.818947
v 3.857896 4.226321 4.841579
v 3.857896 4.173689 4.841579
v 3.857896 4.226321 4.852895
v 3.857896 4.278953 4.570000
v 3.857896 4.278953 4.796316
v 3.857896 4.278953 4.785000
v 3.857896 4.278953 4.807632
v 3.857896 4.226321 4.807632
v 3.857896 4.278953 4.818947
v 3.857896 4.331585 4.570000
v 3.857896 4.331585 4.751053
v 3.857896 4.331585 4.739737
v 3.857896 4.331585 4.762368
v 3.857896 4.331585 4.773684
v 3.857896 4.278953 4.773684
v 3.857896 4.331585 4.785000
v 3.857896 4.384217 4.570000
v 3.857896 4.384217 4.705789
v 3.857896 4.384217 4.694474
v 3.857896 4.384217 4.717105
v 3.857896 4.384217 4.728421
v 3.857896 4.331585 4.728421
v 3.857896 4.384217 4.739737
v 3.857896 4.436849 4.570000
v 3.857896 4.436849 4.649211
v 3.857896 4.436849 4.637895
v 3.857896 4.436849 4.660526
v 3.857896 4.436849 4.671842
v 3.857896 4.436849 4.683158
v 3.857896 4.384217 4.683158
v 3.857896 4.436849 4.694474
v 3.857896 4.489482 4.581316
v 3.857896 4.489482 4.570000
v 3.857896 4.489482 4.592632
v 3.857896 4.489482 4.603947
v 3.857896 4.489482 4.615263
v 3.857896 4.436849 4.615263
v 3.857896 4.436849 4.626579
v 3.857896 4.489482 4.626579
v 3.857896 4.489482 4.637895
v 3.910528 2.910518 4.570000
v 3.910528 2.910518 4.581316
v 3.910528 2.963151 4.570000
v 3.910528 2.910518 4.592632
v 3.910528 2.910518 4.603947
v 3.910528 2.910518 4.615263
v 3.910528 2.963151 4.615263
v 3.910528 2.963151 4.603947
v 3.910528 3.015783 4.570000
v 3.910528 2.963151 4.626579
v 3.910528 2.963151 4.637895
v 3.910528 2.963151 4.649211
v 3.910528 2.963151 4.660526
v 3.910528 2.963151 4.671842
v 3.910528 3.015783 4.671842
v 3.910528 3.015783 4.660526
v 3.910528 2.963151 4.683158
v 3.910528 3.015783 4.683158
v 3.910528 3.068415 4.570000
v 3.910528 3.015783 4.694474
v 3.910528 3.015783 4.705789
v 3.910528 3.015783 4.717105
v 3.910528 3.015783 4.728421
v 3.910528 3.068415 4.728421
v 3.910528 3.068415 4.717105
v 3.910528 3.121047 4.570000
v 3.910528 3.068415 4.739737
v 3.910528 3.068415 4.751053
v 3.910528 3.068415 4.762368
v 3.910528 3.068415 4.773684
v 3.910528 3.121047 4.773684
v 3.910528 3.121047 4.762368
v 3.910528 3.173679 4.570000
v 3.910528 3.121047 4.785000
v 3.910528 3.121047 4.796316
v 3.910528 3.121047 4.807632
v 3.910528 3.173679 4.807632
v 3.910528 3.173679 4.796316
v 3.910528 3.226311 4.570000
v 3.910528 3.173679 4.818947
v 3.910528 3.173679 4.830263
v 3.910528 3.173679 4.841579
v 3.910528 3.226311 4.841579
v 3.910528 3.226311 4.830263
v 3.910528 3.278943 4.570000
v 3.910528 3.226311 4.852895
v 3.910528 3.226311 4.864211
v 3.910528 3.226311 4.875526
v 3.910528 3.278943 4.875526
v 3.910528 3.278943 4.864211
v 3.910528 3.331575 4.570000
v 3.910528 3.278943 4.886842
v 3.910528 3.278943 4.898158
v 3.910528 3.331575 4.898158
v 3.910528 3.331575 4.886842
v 3.910528 3.384207 4.570000
v 3.910528 3.331575 4.909474
v 3.910528 3.331575 4.920789
v 3.910528 3.384207 4.920789
v 3.910528 3.384207 4.909474
v 3.910528 3.436839 4.570000
v 3.910528 3.384207 4.932105
v 3.910528 3.384207 4.943421
v 3.910528 3.436839 4.943421
v 3.910528 3.436839 4.932105
v 3.910528 3.489472 4.570000
v 3.910528 3.436839 4.954737
v 3.910528 3.489472 4.954737
v 3.910528 3.489472 4.943421
v 3.910528 3.542104 4.570000
v 3.910528 3.489472 4.966053
v 3.910528 3.542104 4.966053
v 3.910528 3.542104 4.954737
v 3.910528 3.594736 4.570000
v 3.910528 3.542104 4.977368
v 3.910528 3.594736 4.977368
v 3.910528 3.594736 4.966053
v 3.910528 3.647368 4.570000
v 3.910528 3.647368 4.977368
v 3.910528 3.647368 4.966053
v 3.910528 3.700000 4.570000
v 3.910528 3.700000 4.977368
v 3.910528 3.700000 4.966053
v 3.910528 3.752632 4.570000
v 3.910528 3.752632 4.977368
v 3.910528 3.752632 4.966053
v 3.910528 3.805264 4.570000
v 3.910528 3.805264 4.977368
v 3.910528 3.805264 4.966053
v 3.910528 3.857896 4.570000
v 3.910528 3.857896 4.977368
v 3.910528 3.857896 4.966053
v 3.910528 3.910528 4.570000
v 3.910528 3.857896 4.954737
v 3.910528 3.910528 4.966053
v 3.910528 3.910528 4.954737
v 3.910528 3.963161 4.570000
v 3.910528 3.910528 4.943421
v 3.910528 3.963161 4.954737
v 3.910528 3.963161 4.943421
v 3.910528 4.015793 4.570000
v 3.910528 4.015793 4.932105
v 3.910528 4.015793 4.920789
v 3.910528 3.963161 4.932105
v 3.910528 4.015793 4.943421
v 3.910528 4.068425 4.570000
v 3.910528 4.068425 4.909474
v 3.910528 4.068425 4.898158
v 3.910528 4.015793 4.909474
v 3.910528 4.068425 4.920789
v 3.910528 4.121057 4.570000
v 3.910528 4.121057 4.886842
v 3.910528 4.121057 4.875526
v 3.910528 4.068425 4.886842
v 3.910528 4.121057 4.898158
v 3.910528 4.173689 4.570000
v 3.910528 4.173689 4.852895
v 3.910528 4.173689 4.841579
v 3.910528 4.173689 4.864211
v 3.910528 4.121057 4.864211
v 3.910528 4.173689 4.875526
v 3.910528 4.226321 4.570000
v 3.910528 4.226321 4.818947
v 3.910528 4.226321 4.807632
v 3.910528 4.226321 4.830263
v 3.910528 4.173689 4.830263
v 3.910528 4.226321 4.841579
v 3.910528 4.278953 4.570000
v 3.910528 4.278953 4.785000
v 3.910528 4.278953 4.773684
v 3.910528 4.278953 4.796316
v 3.910528 4.226321 4.796316
v 3.910528 4.278953 4.807632
v 3.910528 4.331585 4.570000
v 3.910528 4.331585 4.739737
v 3.910528 4.331585 4.728421
v 3.910528 4.331585 4.751053
v 3.910528 4.331585 4.762368
v 3.910528 4.278953 4.762368
v 3.910528 4.331585 4.773684
v 3.910528 4.384217 4.570000
v 3.910528 4.384217 4.694474
v 3.910528 4.384217 4.683158
v 3.910528 4.384217 4.705789
v 3.910528 4.384217 4.717105
v 3.910528 4.331585 4.717105
v 3.910528 4.384217 4.728421
v 3.910528 4.436849 4.570000
v 3.910528 4.436849 4.626579
v 3.910528 4.436849 4.615263
v 3.910528 4.436849 4.637895
v 3.910528 4.436849 4.649211
v 3.910528 4.436849 4.660526
v 3.910528 4.384217 4.660526
v 3.910528 4.384217 4.671842
v 3.910528 4.436849 4.671842
v 3.910528 4.436849 4.683158
v 3.910528 4.489482 4.581316
v 3.910528 4.489482 4.570000
v 3.910528 4.489482 4.592632
v 3.910528 4.489482 4.603947
v 3.910528 4.436849 4.603947
v 3.910528 4.489482 4.615263
v 3.963161 2.910518 4.570000
v 3.963161 2.910518 4.581316
v 3.963161 2.963151 4.570000
v 3.963161 2.910518 4.592632
v 3.963161 2.963151 4.592632
v 3.963161 2.963151 4.581316
v 3.963161 2.910518 4.603947
v 3.963161 2.963151 4.603947
v 3.963161 3.015783 4.570000
v 3.963161 2.963151 4.615263
v 3.963161 2.963151 4.626579
v 3.963161 2.963151 4.637895
v 3.963161 2.963151 4.649211
v 3.963161 3.015783 4.649211
v 3.963161 3.015783 4.637895
v 3.963161 2.963151 4.660526
v 3.963161 3.015783 4.660526
v 3.963161 3.068415 4.570000
v 3.963161 3.015783 4.671842
v 3.963161 3.015783 4.683158
v 3.963161 3.015783 4.694474
v 3.963161 3.015783 4.705789
v 3.963161 3.068415 4.705789
v 3.963161 3.068415 4.694474
v 3.963161 3.015783 4.717105
v 3.963161 3.068415 4.717105
v 3.963161 3.121047 4.570000
v 3.963161 3.068415 4.728421
v 3.963161 3.068415 4.739737
v 3.963161 3.068415 4.751053
v 3.963161 3.121047 4.751053
v 3.963161 3.121047 4.739737
v 3.963161 3.068415 4.762368
v 3.963161 3.121047 4.762368
v 3.963161 3.173679 4.570000
v 3.963161 3.121047 4.773684
v 3.963161 3.121047 4.785000
v 3.963161 3.121047 4.796316
v 3.963161 3.173679 4.796316
v 3.963161 3.173679 4.785000
v 3.963161 3.226311 4.570000
v 3.963161 3.173679 4.807632
v 3.963161 3.173679 4.818947
v 3.963161 3.173679 4.830263
v 3.963161 3.226311 4.830263
v 3.963161 3.226311 4.818947
v 3.963161 3.278943 4.570000
v 3.963161 3.226311 4.841579
v 3.963161 3.226311 4.852895
v 3.963161 3.278943 4.852895
v 3.963161 3.278943 4.841579
v 3.963161 3.226311 4.864211
v 3.963161 3.278943 4.864211
v 3.963161 3.331575 4.570000
v 3.963161 3.278943 4.875526
v 3.963161 3.278943 4.886842
v 3.963161 3.331575 4.886842
v 3.963161 3.331575 4.875526
v 3.963161 3.384207 4.570000
v 3.963161 3.331575 4.898158
v 3.963161 3.331575 4.909474
v 3.963161 3.384207 4.909474
v 3.963161 3.384207 4.898158
v 3.963161 3.436839 4.570000
v 3.963161 3.384207 4.920789
v 3.963161 3.436839 4.920789
v 3.963161 3.436839 4.909474
v 3.963161 3.384207 4.932105
v 3.963161 3.436839 4.932105
v 3.963161 3.489472 4.570000
v 3.963161 3.436839 4.943421
v 3.963161 3.489472 4.943421
v 3.963161 3.489472 4.932105
v 3.963161 3.542104 4.570000
v 3.963161 3.489472 4.954737
v 3.963161 3.542104 4.954737
v 3.963161 3.542104 4.943421
v 3.963161 3.594736 4.570000
v 3.963161 3.594736 4.954737
v 3.963161 3.594736 4.943421
v 3.963161 3.542104 4.966053
v 3.963161 3.594736 4.966053
v 3.963161 3.647368 4.570000
v 3.963161 3.647368 4.966053
v 3.963161 3.647368 4.954737
v 3.963161 3.700000 4.570000
v 3.963161 3.700000 4.966053
v 3.963161 3.700000 4.954737
v 3.963161 3.752632 4.570000
v 3.963161 3.752632 4.966053
v 3.963161 3.752632 4.954737
v 3.963161 3.805264 4.570000
v 3.963161 3.805264 4.966053
v 3.963161 3.805264 4.954737
v 3.963161 3.857896 4.570000
v 3.963161 3.805264 4.943421
v 3.963161 3.857896 4.954737
v 3.963161 3.857896 4.943421
v 3.963161 3.857896 4.966053
v 3.963161 3.910528 4.570000
v 3.963161 3.910528 4.954737
v 3.963161 3.910528 4.943421
v 3.963161 3.963161 4.570000
v 3.963161 3.910528 4.932105
v 3.963161 3.963161 4.943421
v 3.963161 3.963161 4.932105
v 3.963161 4.015793 4.570000
v 3.963161 3.963161 4.909474
v 3.963161 3.963161 4.920789
v 3.963161 4.015793 4.920789
v 3.963161 4.015793 4.909474
v 3.963161 4.015793 4.932105
v 3.963161 4.068425 4.570000
v 3.963161 4.068425 4.898158
v 3.963161 4.068425 4.886842
v 3.963161 4.015793 4.898158
v 3.963161 4.068425 4.909474
v 3.963161 4.121057 4.570000
v 3.963161 4.121057 4.875526
v 3.963161 4.121057 4.864211
v 3.963161 4.068425 4.875526
v 3.963161 4.121057 4.886842
v 3.963161 4.173689 4.570000
v 3.963161 4.173689 4.841579
v 3.963161 4.173689 4.830263
v 3.963161 4.121057 4.841579
v 3.963161 4.121057 4.852895
v 3.963161 4.173689 4.852895
v 3.963161 4.173689 4.864211
v 3.963161 4.226321 4.570000
v 3.963161 4.226321 4.807632
v 3.963161 4.226321 4.796316
v 3.963161 4.226321 4.818947
v 3.963161 4.173689 4.818947
v 3.963161 4.226321 4.830263
v 3.963161 4.278953 4.570000
v 3.963161 4.278953 4.773684
v 3.963161 4.278953 4.762368
v 3.963161 4.278953 4.785000
v 3.963161 4.226321 4.785000
v 3.963161 4.278953 4.796316
v 3.963161 4.331585 4.570000
v 3.963161 4.331585 4.728421
v 3.963161 4.331585 4.717105
v 3.963161 4.331585 4.739737
v 3.963161 4.278953 4.739737
v 3.963161 4.278953 4.751053
v 3.963161 4.331585 4.751053
v 3.963161 4.331585 4.762368
v 3.963161 4.384217 4.570000
v 3.963161 4.384217 4.671842
v 3.963161 4.384217 4.660526
v 3.963161 4.384217 4.683158
v 3.963161 4.384217 4.694474
v 3.963161 4.331585 4.694474
v 3.963161 4.331585 4.705789
v 3.963161 4.384217 4.705789
v 3.963161 4.384217 4.717105
v 3.963161 4.436849 4.570000
v 3.963161 4.436849 4.615263
v 3.963161 4.436849 4.603947
v 3.963161 4.436849 4.626579
v 3.963161 4.436849 4.637895
v 3.963161 4.384217 4.637895
v 3.963161 4.384217 4.649211
v 3.963161 4.436849 4.649211
v 3.963161 4.436849 4.660526
v 3.963161 4.489482 4.581316
v 3.963161 4.489482 4.570000
v 3.963161 4.436849 4.581316
v 3.963161 4.436849 4.592632
v 3.963161 4.489482 4.592632
v 3.963161 4.489482 4.603947
v 4.015793 2.910518 4.570000
v 4.015793 2.910518 4.581316
v 4.015793 2.963151 4.581316
v 4.015793 2.963151 4.570000
v 4.015793 3.015783 4.570000
v 4.015793 2.963151 4.592632
v 4.015793 2.963151 4.603947
v 4.015793 2.963151 4.615263
v 4.015793 2.963151 4.626579
v 4.015793 3.015783 4.626579
v 4.015793 3.015783 4.615263
v 4.015793 2.963151 4.637895
v 4.015793 3.015783 4.637895
v 4.015793 3.068415 4.570000
v 4.015793 3.015783 4.649211
v 4.015793 3.015783 4.660526
v 4.015793 3.015783 4.671842
v 4.015793 3.015783 4.683158
v 4.015793 3.068415 4.683158
v 4.015793 3.068415 4.671842
v 4.015793 3.015783 4.694474
v 4.015793 3.068415 4.694474
v 4.015793 3.121047 4.570000
v 4.015793 3.068415 4.705789
v 4.015793 3.068415 4.717105
v 4.015793 3.068415 4.728421
v 4.015793 3.121047 4.728421
v 4.015793 3.121047 4.717105
v 4.015793 3.068415 4.739737
v 4.015793 3.121047 4.739737
v 4.015793 3.173679 4.570000
v 4.015793 3.121047 4.751053
v 4.015793 3.121047 4.762368
v 4.015793 3.121047 4.773684
v 4.015793 3.173679 4.773684
v 4.015793 3.173679 4.762368
v 4.015793 3.121047 4.785000
v 4.015793 3.173679 4.785000
v 4.015793 3.226311 4.570000
v 4.015793 3.173679 4.796316
v 4.015793 3.173679 4.807632
v 4.015793 3.226311 4.807632
v 4.015793 3.226311 4.796316
v 4.015793 3.173679 4.818947
v 4.015793 3.226311 4.818947
v 4.015793 3.278943 4.570000
v 4.015793 3.226311 4.830263
v 4.015793 3.226311 4.841579
v 4.015793 3.278943 4.841579
v 4.015793 3.278943 4.830263
v 4.015793 3.331575 4.570000
v 4.015793 3.278943 4.852895
v 4.015793 3.278943 4.864211
v 4.015793 3.331575 4.864211
v 4.015793 3.331575 4.852895
v 4.015793 3.278943 4.875526
v 4.015793 3.331575 4.875526
v 4.015793 3.384207 4.570000
v 4.015793 3.331575 4.886842
v 4.015793 3.384207 4.886842
v 4.015793 3.384207 4.875526
v 4.015793 3.331575 4.898158
v 4.015793 3.384207 4.898158
v 4.015793 3.436839 4.570000
v 4.015793 3.384207 4.909474
v 4.015793 3.436839 4.909474
v 4.015793 3.436839 4.898158
v 4.015793 3.489472 4.570000
v 4.015793 3.436839 4.920789
v 4.015793 3.489472 4.920789
v 4.015793 3.489472 4.909474
v 4.015793 3.436839 4.932105
v 4.015793 3.489472 4.932105
v 4.015793 3.542104 4.570000
v 4.015793 3.542104 4.932105
v 4.015793 3.542104 4.920789
v 4.015793 3.489472 4.943421
v 4.015793 3.542104 4.943421
v 4.015793 3.594736 4.570000
v 4.015793 3.594736 4.943421
v 4.015793 3.594736 4.932105
v 4.015793 3.647368 4.570000
v 4.015793 3.647368 4.943421
v 4.015793 3.647368 4.932105
v 4.015793 3.594736 4.954737
v 4.015793 3.647368 4.954737
v 4.015793 3.700000 4.570000
v 4.015793 3.700000 4.954737
v 4.015793 3.700000 4.943421
v 4.015793 3.752632 4.570000
v 4.015793 3.752632 4.954737
v 4.015793 3.752632 4.943421
v 4.015793 3.805264 4.570000
v 4.015793 3.752632 4.932105
v 4.015793 3.805264 4.943421
v 4.015793 3.805264 4.932105
v 4.015793 3.805264 4.954737
v 4.015793 3.857896 4.570000
v 4.015793 3.857896 4.943421
v 4.015793 3.857896 4.932105
v 4.015793 3.910528 4.570000
v 4.015793 3.857896 4.920789
v 4.015793 3.910528 4.932105
v 4.015793 3.910528 4.920789
v 4.015793 3.910528 4.943421
v 4.015793 3.963161 4.570000
v 4.015793 3.910528 4.909474
v 4.015793 3.963161 4.920789
v 4.015793 3.963161 4.909474
v 4.015793 3.963161 4.932105
v 4.015793 4.015793 4.570000
v 4.015793 3.963161 4.898158
v 4.015793 4.015793 4.909474
v 4.015793 4.015793 4.898158
v 4.015793 4.068425 4.570000
v 4.015793 4.015793 4.875526
v 4.015793 4.015793 4.886842
v 4.015793 4.068425 4.886842
v 4.015793 4.068425 4.875526
v 4.015793 4.068425 4.898158
v 4.015793 4.121057 4.570000
v 4.015793 4.121057 4.852895
v 4.015793 4.121057 4.841579
v 4.015793 4.068425 4.852895
v 4.015793 4.068425 4.864211
v 4.015793 4.121057 4.864211
v 4.015793 4.121057 4.875526
v 4.015793 4.173689 4.570000
v 4.015793 4.173689 4.830263
v 4.015793 4.173689 4.818947
v 4.015793 4.121057 4.830263
v 4.015793 4.173689 4.841579
v 4.015793 4.226321 4.570000
v 4.015793 4.226321 4.796316
v 4.015793 4.226321 4.785000
v 4.015793 4.173689 4.796316
v 4.015793 4.173689 4.807632
v 4.015793 4.226321 4.807632
v 4.015793 4.226321 4.818947
v 4.015793 4.278953 4.570000
v 4.015793 4.278953 4.751053
v 4.015793 4.278953 4.739737
v 4.015793 4.278953 4.762368
v 4.015793 4.226321 4.762368
v 4.015793 4.226321 4.773684
v 4.015793 4.278953 4.773684
v 4.015793 4.278953 4.785000
v 4.015793 4.331585 4.570000
v 4.015793 4.331585 4.705789
v 4.015793 4.331585 4.694474
v 4.015793 4.331585 4.717105
v 4.015793 4.278953 4.717105
v 4.015793 4.278953 4.728421
v 4.015793 4.331585 4.728421
v 4.015793 4.331585 4.739737
v 4.015793 4.384217 4.570000
v 4.015793 4.384217 4.649211
v 4.015793 4.384217 4.637895
v 4.015793 4.384217 4.660526
v 4.015793 4.384217 4.671842
v 4.015793 4.331585 4.671842
v 4.015793 4.331585 4.683158
v 4.015793 4.384217 4.683158
v 4.015793 4.384217 4.694474
v 4.015793 4.436849 4.570000
v 4.015793 4.436849 4.592632
v 4.015793 4.436849 4.581316
v 4.015793 4.436849 4.603947
v 4.015793 4.436849 4.615263
v 4.015793 4.384217 4.615263
v 4.015793 4.384217 4.626579
v 4.015793 4.436849 4.626579
v 4.015793 4.436849 4.637895
v 4.015793 4.489482 4.581316
v 4.015793 4.489482 4.570000
v 4.068425 2.963151 4.570000
v 4.068425 2.963151 4.581316
v 4.068425 3.015783 4.570000
v 4.068425 2.963151 4.592632
v 4.068425 3.015783 4.592632
v 4.068425 3.015783 4.581316
v 4.068425 2.963151 4.603947
v 4.068425 3.015783 4.603947
v 4.068425 2.963151 4.615263
v 4.068425 3.015783 4.615263
v 4.068425 3.068415 4.570000
v 4.068425 3.015783 4.626579
v 4.068425 3.015783 4.637895
v 4.068425 3.015783 4.649211
v 4.068425 3.068415 4.649211
v 4.068425 3.068415 4.637895
v 4.068425 3.015783 4.660526
v 4.068425 3.068415 4.660526
v 4.068425 3.015783 4.671842
v 4.068425 3.068415 4.671842
v 4.068425 3.121047 4.570000
v 4.068425 3.068415 4.683158
v 4.068425 3.068415 4.694474
v 4.068425 3.068415 4.705789
v 4.068425 3.121047 4.705789
v 4.068425 3.121047 4.694474
v 4.068425 3.068415 4.717105
v 4.068425 3.121047 4.717105
v 4.068425 3.173679 4.570000
v 4.068425 3.121047 4.728421
v 4.068425 3.121047 4.739737
v 4.068425 3.173679 4.739737
v 4.068425 3.173679 4.728421
v 4.068425 3.121047 4.751053
v 4.068425 3.173679 4.751053
v 4.068425 3.121047 4.762368
v 4.068425 3.173679 4.762368
v 4.068425 3.226311 4.570000
v 4.068425 3.173679 4.773684
v 4.068425 3.173679 4.785000
v 4.068425 3.226311 4.785000
v 4.068425 3.226311 4.773684
v 4.068425 3.173679 4.796316
v 4.068425 3.226311 4.796316
v 4.068425 3.278943 4.570000
v 4.068425 3.226311 4.807632
v 4.068425 3.226311 4.818947
v 4.068425 3.278943 4.818947
v 4.068425 3.278943 4.807632
v 4.068425 3.226311 4.830263
v 4.068425 3.278943 4.830263
v 4.068425 3.331575 4.570000
v 4.068425 3.278943 4.841579
v 4.068425 3.331575 4.841579
v 4.068425 3.331575 4.830263
v 4.068425 3.278943 4.852895
v 4.068425 3.331575 4.852895
v 4.068425 3.384207 4.570000
v 4.068425 3.331575 4.864211
v 4.068425 3.384207 4.864211
v 4.068425 3.384207 4.852895
v 4.068425 3.331575 4.875526
v 4.068425 3.384207 4.875526
v 4.068425 3.436839 4.570000
v 4.068425 3.384207 4.886842
v 4.068425 3.436839 4.886842
v 4.068425 3.436839 4.875526
v 4.068425 3.384207 4.898158
v 4.068425 3.436839 4.898158
v 4.068425 3.489472 4.570000
v 4.068425 3.489472 4.898158
v 4.068425 3.489472 4.886842
v 4.068425 3.436839 4.909474
v 4.068425 3.489472 4.909474
v 4.068425 3.542104 4.570000
v 4.068425 3.542104 4.909474
v 4.068425 3.542104 4.898158
v 4.068425 3.489472 4.920789
v 4.068425 3.542104 4.920789
v 4.068425 3.594736 4.570000
v 4.068425 3.594736 4.920789
v 4.068425 3.594736 4.909474
v 4.068425 3.542104 4.932105
v 4.068425 3.594736 4.932105
v 4.068425 3.647368 4.570000
v 4.068425 3.647368 4.932105
v 4.068425 3.647368 4.920789
v 4.068425 3.700000 4.570000
v 4.068425 3.700000 4.932105
v 4.068425 3.700000 4.920789
v 4.068425 3.647368 4.943421
v 4.068425 3.700000 4.943421
v 4.068425 3.752632 4.570000
v 4.068425 3.752632 4.932105
v 4.068425 3.752632 4.920789
v 4.068425 3.752632 4.943421
v 4.068425 3.805264 4.570000
v 4.068425 3.805264 4.932105
v 4.068425 3.805264 4.920789
v 4.068425 3.857896 4.570000
v 4.068425 3.805264 4.909474
v 4.068425 3.857896 4.920789
v 4.068425 3.857896 4.909474
v 4.068425 3.857896 4.932105
v 4.068425 3.910528 4.570000
v 4.068425 3.857896 4.898158
v 4.068425 3.910528 4.909474
v 4.068425 3.910528 4.898158
v 4.068425 3.910528 4.920789
v 4.068425 3.963161 4.570000
v 4.068425 3.910528 4.886842
v 4.068425 3.963161 4.898158
v 4.068425 3.963161 4.886842
v 4.068425 3.963161 4.909474
v 4.068425 4.015793 4.570000
v 4.068425 3.963161 4.875526
v 4.068425 4.015793 4.886842
v 4.068425 4.015793 4.875526
v 4.068425 4.015793 4.898158
v 4.068425 4.068425 4.570000
v 4.068425 4.015793 4.852895
v 4.068425 4.015793 4.864211
v 4.068425 4.068425 4.864211
v 4.068425 4.068425 4.852895
v 4.068425 4.068425 4.875526
v 4.068425 4.121057 4.570000
v 4.068425 4.068425 4.830263
v 4.068425 4.068425 4.841579
v 4.068425 4.121057 4.841579
v 4.068425 4.121057 4.830263
v 4.068425 4.121057 4.852895
v 4.068425 4.173689 4.570000
v 4.068425 4.173689 4.807632
v 4.068425 4.173689 4.796316
v 4.068425 4.121057 4.807632
v 4.068425 4.121057 4.818947
v 4.068425 4.173689 4.818947
v 4.068425 4.173689 4.830263
v 4.068425 4.226321 4.570000
v 4.068425 4.226321 4.773684
v 4.068425 4.226321 4.762368
v 4.068425 4.173689 4.773684
v 4.068425 4.173689 4.785000
v 4.068425 4.226321 4.785000
v 4.068425 4.226321 4.796316
v 4.068425 4.278953 4.570000
v 4.068425 4.278953 4.728421
v 4.068425 4.278953 4.717105
v 4.068425 4.226321 4.728421
v 4.068425 4.226321 4.739737
v 4.068425 4.278953 4.739737
v 4.068425 4.226321 4.751053
v 4.068425 4.278953 4.751053
v 4.068425 4.278953 4.762368
v 4.068425 4.331585 4.570000
v 4.068425 4.331585 4.683158
v 4.068425 4.331585 4.671842
v 4.068425 4.331585 4.694474
v 4.068425 4.278953 4.694474
v 4.068425 4.278953 4.705789
v 4.068425 4.331585 4.705789
v 4.068425 4.331585 4.717105
v 4.068425 4.384217 4.570000
v 4.068425 4.384217 4.626579
v 4.068425 4.384217 4.615263
v 4.068425 4.384217 4.637895
v 4.068425 4.331585 4.637895
v 4.068425 4.331585 4.649211
v 4.068425 4.384217 4.649211
v 4.068425 4.331585 4.660526
v 4.068425 4.384217 4.660526
v 4.068425 4.384217 4.671842
v 4.068425 4.436849 4.581316
v 4.068425 4.436849 4.570000
v 4.068425 4.384217 4.581316
v 4.068425 4.384217 4.592632
v 4.068425 4.436849 4.592632
v 4.068425 4.384217 4.603947
v 4.068425 4.436849 4.603947
v 4.068425 4.436849 4.615263
v 4.121057 2.963151 4.570000
v 4.121057 2.963151 4.581316
v 4.121057 3.015783 4.581316
v 4.121057 3.015783 4.570000
v 4.121057 3.068415 4.570000
v 4.121057 3.015783 4.592632
v 4.121057 3.015783 4.603947
v 4.121057 3.015783 4.615263
v 4.121057 3.068415 4.615263
v 4.121057 3.068415 4.603947
v 4.121057 3.015783 4.626579
v 4.121057 3.068415 4.626579
v 4.121057 3.015783 4.637895
v 4.121057 3.068415 4.637895
v 4.121057 3.121047 4.570000
v 4.121057 3.068415 4.649211
v 4.121057 3.068415 4.660526
v 4.121057 3.068415 4.671842
v 4.121057 3.121047 4.671842
v 4.121057 3.121047 4.660526
v 4.121057 3.068415 4.683158
v 4.121057 3.121047 4.683158
v 4.121057 3.068415 4.694474
v 4.121057 3.121047 4.694474
v 4.121057 3.173679 4.570000
v 4.121057 3.121047 4.705789
v 4.121057 3.121047 4.717105
v 4.121057 3.173679 4.717105
v 4.121057 3.173679 4.705789
v 4.121057 3.121047 4.728421
v 4.121057 3.173679 4.728421
v 4.121057 3.226311 4.570000
v 4.121057 3.173679 4.739737
v 4.121057 3.173679 4.751053
v 4.121057 3.226311 4.751053
v 4.121057 3.226311 4.739737
v 4.121057 3.173679 4.762368
v 4.121057 3.226311 4.762368
v 4.121057 3.173679 4.773684
v 4.121057 3.226311 4.773684
v 4.121057 3.278943 4.570000
v 4.121057 3.226311 4.785000
v 4.121057 3.278943 4.785000
v 4.121057 3.278943 4.773684
v 4.121057 3.226311 4.796316
v 4.121057 3.278943 4.796316
v 4.121057 3.226311 4.807632
v 4.121057 3.278943 4.807632
v 4.121057 3.331575 4.570000
v 4.121057 3.278943 4.818947
v 4.121057 3.331575 4.818947
v 4.121057 3.331575 4.807632
v 4.121057 3.278943 4.830263
v 4.121057 3.331575 4.830263
v 4.121057 3.384207 4.570000
v 4.121057 3.331575 4.841579
v 4.121057 3.384207 4.841579
v 4.121057 3.384207 4.830263
v 4.121057 3.331575 4.852895
v 4.121057 3.384207 4.852895
v 4.121057 3.436839 4.570000
v 4.121057 3.436839 4.852895
v 4.121057 3.436839 4.841579
v 4.121057 3.384207 4.864211
v 4.121057 3.436839 4.864211
v 4.121057 3.384207 4.875526
v 4.121057 3.436839 4.875526
v 4.121057 3.489472 4.570000
v 4.121057 3.489472 4.875526
v 4.121057 3.489472 4.864211
v 4.121057 3.436839 4.886842
v 4.121057 3.489472 4.886842
v 4.121057 3.542104 4.570000
v 4.121057 3.542104 4.886842
v 4.121057 3.542104 4.875526
v 4.121057 3.489472 4.898158
v 4.121057 3.542104 4.898158
v 4.121057 3.594736 4.570000
v 4.121057 3.594736 4.898158
v 4.121057 3.594736 4.886842
v 4.121057 3.542104 4.909474
v 4.121057 3.594736 4.909474
v 4.121057 3.647368 4.570000
v 4.121057 3.647368 4.898158
v 4.121057 3.647368 4.886842
v 4.121057 3.647368 4.909474
v 4.121057 3.594736 4.920789
v 4.121057 3.647368 4.920789
v 4.121057 3.700000 4.570000
v 4.121057 3.700000 4.909474
v 4.121057 3.700000 4.898158
v 4.121057 3.700000 4.920789
v 4.121057 3.752632 4.570000
v 4.121057 3.752632 4.909474
v 4.121057 3.752632 4.898158
v 4.121057 3.752632 4.920789
v 4.121057 3.805264 4.570000
v 4.121057 3.752632 4.886842
v 4.121057 3.805264 4.898158
v 4.121057 3.805264 4.886842
v 4.121057 3.805264 4.909474
v 4.121057 3.805264 4.920789
v 4.121057 3.857896 4.570000
v 4.121057 3.857896 4.898158
v 4.121057 3.857896 4.886842
v 4.121057 3.857896 4.909474
v 4.121057 3.910528 4.570000
v 4.121057 3.857896 4.875526
v 4.121057 3.910528 4.886842
v 4.121057 3.910528 4.875526
v 4.121057 3.910528 4.898158
v 4.121057 3.963161 4.570000
v 4.121057 3.910528 4.864211
v 4.121057 3.963161 4.875526
v 4.121057 3.963161 4.864211
v 4.121057 3.963161 4.886842
v 4.121057 4.015793 4.570000
v 4.121057 3.963161 4.841579
v 4.121057 3.963161 4.852895
v 4.121057 4.015793 4.852895
v 4.121057 4.015793 4.841579
v 4.121057 4.015793 4.864211
v 4.121057 4.015793 4.875526
v 4.121057 4.068425 4.570000
v 4.121057 4.015793 4.830263
v 4.121057 4.068425 4.841579
v 4.121057 4.068425 4.830263
v 4.121057 4.068425 4.852895
v 4.121057 4.121057 4.570000
v 4.121057 4.068425 4.807632
v 4.121057 4.068425 4.818947
v 4.121057 4.121057 4.818947
v 4.121057 4.121057 4.807632
v 4.121057 4.121057 4.830263
v 4.121057 4.173689 4.570000
v 4.121057 4.121057 4.773684
v 4.121057 4.121057 4.785000
v 4.121057 4.173689 4.785000
v 4.121057 4.173689 4.773684
v 4.121057 4.121057 4.796316
v 4.121057 4.173689 4.796316
v 4.121057 4.173689 4.807632
v 4.121057 4.226321 4.570000
v 4.121057 4.226321 4.739737
v 4.121057 4.226321 4.728421
v 4.121057 4.173689 4.739737
v 4.121057 4.173689 4.751053
v 4.121057 4.226321 4.751053
v 4.121057 4.173689 4.762368
v 4.121057 4.226321 4.762368
v 4.121057 4.226321 4.773684
v 4.121057 4.278953 4.570000
v 4.121057 4.278953 4.705789
v 4.121057 4.278953 4.694474
v 4.121057 4.226321 4.705789
v 4.121057 4.226321 4.717105
v 4.121057 4.278953 4.717105
v 4.121057 4.278953 4.728421
v 4.121057 4.331585 4.570000
v 4.121057 4.331585 4.649211
v 4.121057 4.331585 4.637895
v 4.121057 4.331585 4.660526
v 4.121057 4.278953 4.660526
v 4.121057 4.278953 4.671842
v 4.121057 4.331585 4.671842
v 4.121057 4.278953 4.683158
v 4.121057 4.331585 4.683158
v 4.121057 4.331585 4.694474
v 4.121057 4.384217 4.570000
v 4.121057 4.384217 4.592632
v 4.121057 4.384217 4.581316
v 4.121057 4.384217 4.603947
v 4.121057 4.331585 4.603947
v 4.121057 4.331585 4.615263
v 4.121057 4.384217 4.615263
v 4.121057 4.331585 4.626579
v 4.121057 4.384217 4.626579
v 4.121057 4.384217 4.637895
v 4.121057 4.436849 4.581316
v 4.121057 4.436849 4.570000
v 4.173689 3.015783 4.570000
v 4.173689 3.015783 4.581316
v 4.173689 3.068415 4.581316
v 4.173689 3.068415 4.570000
v 4.173689 3.015783 4.592632
v 4.173689 3.068415 4.592632
v 4.173689 3.015783 4.603947
v 4.173689 3.068415 4.603947
v 4.173689 3.121047 4.570000
v 4.173689 3.068415 4.615263
v 4.173689 3.068415 4.626579
v 4.173689 3.121047 4.626579
v 4.173689 3.121047 4.615263
v 4.173689 3.068415 4.637895
v 4.173689 3.121047 4.637895
v 4.173689 3.068415 4.649211
v 4.173689 3.121047 4.649211
v 4.173689 3.068415 4.660526
v 4.173689 3.121047 4.660526
v 4.173689 3.173679 4.570000
v 4.173689 3.121047 4.671842
v 4.173689 3.121047 4.683158
v 4.173689 3.173679 4.683158
v 4.173689 3.173679 4.671842
v 4.173689 3.121047 4.694474
v 4.173689 3.173679 4.694474
v 4.173689 3.121047 4.705789
v 4.173689 3.173679 4.705789
v 4.173689 3.226311 4.570000
v 4.173689 3.173679 4.717105
v 4.173689 3.226311 4.717105
v 4.173689 3.226311 4.705789
v 4.173689 3.173679 4.728421
v 4.173689 3.226311 4.728421
v 4.173689 3.173679 4.739737
v 4.173689 3.226311 4.739737
v 4.173689 3.278943 4.570000
v 4.173689 3.226311 4.751053
v 4.173689 3.278943 4.751053
v 4.173689 3.278943 4.739737
v 4.173689 3.226311 4.762368
v 4.173689 3.278943 4.762368
v 4.173689 3.226311 4.773684
v 4.173689 3.278943 4.773684
v 4.173689 3.331575 4.570000
v 4.173689 3.278943 4.785000
v 4.173689 3.331575 4.785000
v 4.173689 3.331575 4.773684
v 4.173689 3.278943 4.796316
v 4.173689 3.331575 4.796316
v 4.173689 3.278943 4.807632
v 4.173689 3.331575 4.807632
v 4.173689 3.384207 4.570000
v 4.173689 3.384207 4.807632
v 4.173689 3.384207 4.796316
v 4.173689 3.331575 4.818947
v 4.173689 3.384207 4.818947
v 4.173689 3.331575 4.830263
v 4.173689 3.384207 4.830263
v 4.173689 3.436839 4.570000
v 4.173689 3.436839 4.830263
v 4.173689 3.436839 4.818947
v 4.173689 3.384207 4.841579
v 4.173689 3.436839 4.841579
v 4.173689 3.489472 4.570000
v 4.173689 3.489472 4.841579
v 4.173689 3.489472 4.830263
v 4.173689 3.436839 4.852895
v 4.173689 3.489472 4.852895
v 4.173689 3.436839 4.864211
v 4.173689 3.489472 4.864211
v 4.173689 3.542104 4.570000
v 4.173689 3.542104 4.852895
v 4.173689 3.542104 4.841579
v 4.173689 3.542104 4.864211
v 4.173689 3.489472 4.875526
v 4.173689 3.542104 4.875526
v 4.173689 3.594736 4.570000
v 4.173689 3.594736 4.864211
v 4.173689 3.594736 4.852895
v 4.173689 3.594736 4.875526
v 4.173689 3.542104 4.886842
v 4.173689 3.594736 4.886842
v 4.173689 3.647368 4.570000
v 4.173689 3.647368 4.875526
v 4.173689 3.647368 4.864211
v 4.173689 3.647368 4.886842
v 4.173689 3.700000 4.570000
v 4.173689 3.700000 4.875526
v 4.173689 3.700000 4.864211
v 4.173689 3.700000 4.886842
v 4.173689 3.647368 4.898158
v 4.173689 3.700000 4.898158
v 4.173689 3.752632 4.570000
v 4.173689 3.752632 4.875526
v 4.173689 3.752632 4.864211
v 4.173689 3.752632 4.886842
v 4.173689 3.752632 4.898158
v 4.173689 3.805264 4.570000
v 4.173689 3.805264 4.875526
v 4.173689 3.805264 4.864211
v 4.173689 3.805264 4.886842
v 4.173689 3.857896 4.570000
v 4.173689 3.805264 4.852895
v 4.173689 3.857896 4.864211
v 4.173689 3.857896 4.852895
v 4.173689 3.857896 4.875526
v 4.173689 3.857896 4.886842
v 4.173689 3.910528 4.570000
v 4.173689 3.857896 4.841579
v 4.173689 3.910528 4.852895
v 4.173689 3.910528 4.841579
v 4.173689 3.910528 4.864211
v 4.173689 3.910528 4.875526
v 4.173689 3.963161 4.570000
v 4.173689 3.910528 4.830263
v 4.173689 3.963161 4.841579
v 4.173689 3.963161 4.830263
v 4.173689 3.963161 4.852895
v 4.173689 3.963161 4.864211
v 4.173689 4.015793 4.570000
v 4.173689 3.963161 4.818947
v 4.173689 4.015793 4.830263
v 4.173689 4.015793 4.818947
v 4.173689 4.015793 4.841579
v 4.173689 4.068425 4.570000
v 4.173689 4.015793 4.796316
v 4.173689 4.015793 4.807632
v 4.173689 4.068425 4.807632
v 4.173689 4.068425 4.796316
v 4.173689 4.068425 4.818947
v 4.173689 4.068425 4.830263
v 4.173689 4.121057 4.570000
v 4.173689 4.068425 4.773684
v 4.173689 4.068425 4.785000
v 4.173689 4.121057 4.785000
v 4.173689 4.121057 4.773684
v 4.173689 4.121057 4.796316
v 4.173689 4.121057 4.807632
v 4.173689 4.173689 4.570000
v 4.173689 4.121057 4.739737
v 4.173689 4.121057 4.751053
v 4.173689 4.173689 4.751053
v 4.173689 4.173689 4.739737
v 4.173689 4.121057 4.762368
v 4.173689 4.173689 4.762368
v 4.173689 4.173689 4.773684
v 4.173689 4.226321 4.570000
v 4.173689 4.173689 4.705789
v 4.173689 4.173689 4.717105
v 4.173689 4.226321 4.717105
v 4.173689 4.226321 4.705789
v 4.173689 4.173689 4.728421
v 4.173689 4.226321 4.728421
v 4.173689 4.226321 4.739737
v 4.173689 4.278953 4.570000
v 4.173689 4.278953 4.671842
v 4.173689 4.278953 4.660526
v 4.173689 4.226321 4.671842
v 4.173689 4.226321 4.683158
v 4.173689 4.278953 4.683158
v 4.173689 4.226321 4.694474
v 4.173689 4.278953 4.694474
v 4.173689 4.278953 4.705789
v 4.173689 4.331585 4.570000
v 4.173689 4.331585 4.615263
v 4.173689 4.331585 4.603947
v 4.173689 4.278953 4.615263
v 4.173689 4.278953 4.626579
v 4.173689 4.331585 4.626579
v 4.173689 4.278953 4.637895
v 4.173689 4.331585 4.637895
v 4.173689 4.278953 4.649211
v 4.173689 4.331585 4.649211
v 4.173689 4.331585 4.660526
v 4.173689 4.331585 4.581316
v 4.173689 4.384217 4.581316
v 4.173689 4.384217 4.570000
v 4.173689 4.331585 4.592632
v 4.173689 4.384217 4.592632
v 4.173689 4.384217 4.603947
v 4.226321 3.068415 4.570000
v 4.226321 3.068415 4.581316
v 4.226321 3.121047 4.581316
v 4.226321 3.121047 4.570000
v 4.226321 3.068415 4.592632
v 4.226321 3.121047 4.592632
v 4.226321 3.068415 4.603947
v 4.226321 3.121047 4.603947
v 4.226321 3.068415 4.615263
v 4.226321 3.121047 4.615263
v 4.226321 3.173679 4.570000
v 4.226321 3.121047 4.626579
v 4.226321 3.121047 4.637895
v 4.226321 3.173679 4.637895
v 4.226321 3.173679 4.626579
v 4.226321 3.121047 4.649211
v 4.226321 3.173679 4.649211
v 4.226321 3.121047 4.660526
v 4.226321 3.173679 4.660526
v 4.226321 3.121047 4.671842
v 4.226321 3.173679 4.671842
v 4.226321 3.226311 4.570000
v 4.226321 3.173679 4.683158
v 4.226321 3.226311 4.683158
v 4.226321 3.226311 4.671842
v 4.226321 3.173679 4.694474
v 4.226321 3.226311 4.694474
v 4.226321 3.173679 4.705789
v 4.226321 3.226311 4.705789
v 4.226321 3.278943 4.570000
v 4.226321 3.226311 4.717105
v 4.226321 3.278943 4.717105
v 4.226321 3.278943 4.705789
v 4.226321 3.226311 4.728421
v 4.226321 3.278943 4.728421
v 4.226321 3.226311 4.739737
v 4.226321 3.278943 4.739737
v 4.226321 3.331575 4.570000
v 4.226321 3.331575 4.739737
v 4.226321 3.331575 4.728421
v 4.226321 3.278943 4.751053
v 4.226321 3.331575 4.751053
v 4.226321 3.278943 4.762368
v 4.226321 3.331575 4.762368
v 4.226321 3.278943 4.773684
v 4.226321 3.331575 4.773684
v 4.226321 3.384207 4.570000
v 4.226321 3.384207 4.773684
v 4.226321 3.384207 4.762368
v 4.226321 3.331575 4.785000
v 4.226321 3.384207 4.785000
v 4.226321 3.331575 4.796316
v 4.226321 3.384207 4.796316
v 4.226321 3.436839 4.570000
v 4.226321 3.436839 4.796316
v 4.226321 3.436839 4.785000
v 4.226321 3.384207 4.807632
v 4.226321 3.436839 4.807632
v 4.226321 3.384207 4.818947
v 4.226321 3.436839 4.818947
v 4.226321 3.489472 4.570000
v 4.226321 3.489472 4.807632
v 4.226321 3.489472 4.796316
v 4.226321 3.489472 4.818947
v 4.226321 3.436839 4.830263
v 4.226321 3.489472 4.830263
v 4.226321 3.542104 4.570000
v 4.226321 3.542104 4.818947
v 4.226321 3.542104 4.807632
v 4.226321 3.542104 4.830263
v 4.226321 3.489472 4.841579
v 4.226321 3.542104 4.841579
v 4.226321 3.594736 4.570000
v 4.226321 3.594736 4.830263
v 4.226321 3.594736 4.818947
v 4.226321 3.594736 4.841579
v 4.226321 3.542104 4.852895
v 4.226321 3.594736 4.852895
v 4.226321 3.647368 4.570000
v 4.226321 3.647368 4.841579
v 4.226321 3.647368 4.830263
v 4.226321 3.647368 4.852895
v 4.226321 3.594736 4.864211
v 4.226321 3.647368 4.864211
v 4.226321 3.700000 4.570000
v 4.226321 3.700000 4.841579
v 4.226321 3.700000 4.830263
v 4.226321 3.700000 4.852895
v 4.226321 3.700000 4.864211
v 4.226321 3.752632 4.570000
v 4.226321 3.752632 4.841579
v 4.226321 3.752632 4.830263
v 4.226321 3.752632 4.852895
v 4.226321 3.752632 4.864211
v 4.226321 3.805264 4.570000
v 4.226321 3.805264 4.841579
v 4.226321 3.805264 4.830263
v 4.226321 3.805264 4.852895
v 4.226321 3.805264 4.864211
v 4.226321 3.857896 4.570000
v 4.226321 3.805264 4.818947
v 4.226321 3.857896 4.830263
v 4.226321 3.857896 4.818947
v 4.226321 3.857896 4.841579
v 4.226321 3.857896 4.852895
v 4.226321 3.910528 4.570000
v 4.226321 3.857896 4.807632
v 4.226321 3.910528 4.818947
v 4.226321 3.910528 4.807632
v 4.226321 3.910528 4.830263
v 4.226321 3.910528 4.841579
v 4.226321 3.963161 4.570000
v 4.226321 3.910528 4.796316
v 4.226321 3.963161 4.807632
v 4.226321 3.963161 4.796316
v 4.226321 3.963161 4.818947
v 4.226321 3.963161 4.830263
v 4.226321 4.015793 4.570000
v 4.226321 3.963161 4.785000
v 4.226321 4.015793 4.796316
v 4.226321 4.015793 4.785000
v 4.226321 4.015793 4.807632
v 4.226321 4.015793 4.818947
v 4.226321 4.068425 4.570000
v 4.226321 4.015793 4.762368
v 4.226321 4.015793 4.773684
v 4.226321 4.068425 4.773684
v 4.226321 4.068425 4.762368
v 4.226321 4.068425 4.785000
v 4.226321 4.068425 4.796316
v 4.226321 4.121057 4.570000
v 4.226321 4.068425 4.728421
v 4.226321 4.068425 4.739737
v 4.226321 4.121057 4.739737
v 4.226321 4.121057 4.728421
v 4.226321 4.068425 4.751053
v 4.226321 4.121057 4.751053
v 4.226321 4.121057 4.762368
v 4.226321 4.121057 4.773684
v 4.226321 4.173689 4.570000
v 4.226321 4.121057 4.705789
v 4.226321 4.121057 4.717105
v 4.226321 4.173689 4.717105
v 4.226321 4.173689 4.705789
v 4.226321 4.173689 4.728421
v 4.226321 4.173689 4.739737
v 4.226321 4.226321 4.570000
v 4.226321 4.173689 4.671842
v 4.226321 4.173689 4.683158
v 4.226321 4.226321 4.683158
v 4.226321 4.226321 4.671842
v 4.226321 4.173689 4.694474
v 4.226321 4.226321 4.694474
v 4.226321 4.226321 4.705789
v 4.226321 4.278953 4.570000
v 4.226321 4.278953 4.626579
v 4.226321 4.278953 4.615263
v 4.226321 4.226321 4.626579
v 4.226321 4.226321 4.637895
v 4.226321 4.278953 4.637895
v 4.226321 4.226321 4.649211
v 4.226321 4.278953 4.649211
v 4.226321 4.226321 4.660526
v 4.226321 4.278953 4.660526
v 4.226321 4.278953 4.671842
v 4.226321 4.278953 4.581316
v 4.226321 4.331585 4.581316
v 4.226321 4.331585 4.570000
v 4.226321 4.278953 4.592632
v 4.226321 4.331585 4.592632
v 4.226321 4.278953 4.603947
v 4.226321 4.331585 4.603947
v 4.226321 4.331585 4.615263
v 4.278953 3.121047 4.570000
v 4.278953 3.121047 4.581316
v 4.278953 3.173679 4.581316
v 4.278953 3.173679 4.570000
v 4.278953 3.121047 4.592632
v 4.278953 3.173679 4.592632
v 4.278953 3.121047 4.603947
v 4.278953 3.173679 4.603947
v 4.278953 3.121047 4.615263
v 4.278953 3.173679 4.615263
v 4.278953 3.121047 4.626579
v 4.278953 3.173679 4.626579
v 4.278953 3.226311 4.570000
v 4.278953 3.226311 4.626579
v 4.278953 3.226311 4.615263
v 4.278953 3.173679 4.637895
v 4.278953 3.226311 4.637895
v 4.278953 3.173679 4.649211
v 4.278953 3.226311 4.649211
v 4.278953 3.173679 4.660526
v 4.278953 3.226311 4.660526
v 4.278953 3.173679 4.671842
v 4.278953 3.226311 4.671842
v 4.278953 3.278943 4.570000
v 4.278953 3.278943 4.671842
v 4.278953 3.278943 4.660526
v 4.278953 3.226311 4.683158
v 4.278953 3.278943 4.683158
v 4.278953 3.226311 4.694474
v 4.278953 3.278943 4.694474
v 4.278953 3.226311 4.705789
v 4.278953 3.278943 4.705789
v 4.278953 3.331575 4.570000
v 4.278953 3.331575 4.705789
v 4.278953 3.331575 4.694474
v 4.278953 3.278943 4.717105
v 4.278953 3.331575 4.717105
v 4.278953 3.278943 4.728421
v 4.278953 3.331575 4.728421
v 4.278953 3.384207 4.570000
v 4.278953 3.384207 4.728421
v 4.278953 3.384207 4.717105
v 4.278953 3.331575 4.739737
v 4.278953 3.384207 4.739737
v 4.278953 3.331575 4.751053
v 4.278953 3.384207 4.751053
v 4.278953 3.331575 4.762368
v 4.278953 3.384207 4.762368
v 4.278953 3.436839 4.570000
v 4.278953 3.436839 4.751053
v 4.278953 3.436839 4.739737
v 4.278953 3.436839 4.762368
v 4.278953 3.384207 4.773684
v 4.278953 3.436839 4.773684
v 4.278953 3.384207 4.785000
v 4.278953 3.436839 4.785000
v 4.278953 3.489472 4.570000
v 4.278953 3.489472 4.773684
v 4.278953 3.489472 4.762368
v 4.278953 3.489472 4.785000
v 4.278953 3.436839 4.796316
v 4.278953 3.489472 4.796316
v 4.278953 3.542104 4.570000
v 4.278953 3.542104 4.785000
v 4.278953 3.542104 4.773684
v 4.278953 3.542104 4.796316
v 4.278953 3.489472 4.807632
v 4.278953 3.542104 4.807632
v 4.278953 3.594736 4.570000
v 4.278953 3.594736 4.796316
v 4.278953 3.594736 4.785000
v 4.278953 3.594736 4.807632
v 4.278953 3.542104 4.818947
v 4.278953 3.594736 4.818947
v 4.278953 3.647368 4.570000
v 4.278953 3.647368 4.807632
v 4.278953 3.647368 4.796316
v 4.278953 3.647368 4.818947
v 4.278953 3.594736 4.830263
v 4.278953 3.647368 4.830263
v 4.278953 3.700000 4.570000
v 4.278953 3.700000 4.807632
v 4.278953 3.700000 4.796316
v 4.278953 3.700000 4.818947
v 4.278953 3.700000 4.830263
v 4.278953 3.752632 4.570000
v 4.278953 3.752632 4.807632
v 4.278953 3.752632 4.796316
v 4.278953 3.752632 4.818947
v 4.278953 3.752632 4.830263
v 4.278953 3.805264 4.570000
v 4.278953 3.805264 4.807632
v 4.278953 3.805264 4.796316
v 4.278953 3.805264 4.818947
v 4.278953 3.805264 4.830263
v 4.278953 3.857896 4.570000
v 4.278953 3.805264 4.785000
v 4.278953 3.857896 4.796316
v 4.278953 3.857896 4.785000
v 4.278953 3.857896 4.807632
v 4.278953 3.857896 4.818947
v 4.278953 3.910528 4.570000
v 4.278953 3.857896 4.773684
v 4.278953 3.910528 4.785000
v 4.278953 3.910528 4.773684
v 4.278953 3.910528 4.796316
v 4.278953 3.910528 4.807632
v 4.278953 3.963161 4.570000
v 4.278953 3.910528 4.762368
v 4.278953 3.963161 4.773684
v 4.278953 3.963161 4.762368
v 4.278953 3.963161 4.785000
v 4.278953 3.963161 4.796316
v 4.278953 4.015793 4.570000
v 4.278953 3.963161 4.739737
v 4.278953 3.963161 4.751053
v 4.278953 4.015793 4.751053
v 4.278953 4.015793 4.739737
v 4.278953 4.015793 4.762368
v 4.278953 4.015793 4.773684
v 4.278953 4.015793 4.785000
v 4.278953 4.068425 4.570000
v 4.278953 4.015793 4.717105
v 4.278953 4.015793 4.728421
v 4.278953 4.068425 4.728421
v 4.278953 4.068425 4.717105
v 4.278953 4.068425 4.739737
v 4.278953 4.068425 4.751053
v 4.278953 4.068425 4.762368
v 4.278953 4.121057 4.570000
v 4.278953 4.068425 4.694474
v 4.278953 4.068425 4.705789
v 4.278953 4.121057 4.705789
v 4.278953 4.121057 4.694474
v 4.278953 4.121057 4.717105
v 4.278953 4.121057 4.728421
v 4.278953 4.173689 4.570000
v 4.278953 4.121057 4.660526
v 4.278953 4.121057 4.671842
v 4.278953 4.173689 4.671842
v 4.278953 4.173689 4.660526
v 4.278953 4.121057 4.683158
v 4.278953 4.173689 4.683158
v 4.278953 4.173689 4.694474
v 4.278953 4.173689 4.705789
v 4.278953 4.226321 4.570000
v 4.278953 4.173689 4.615263
v 4.278953 4.173689 4.626579
v 4.278953 4.226321 4.626579
v 4.278953 4.226321 4.615263
v 4.278953 4.173689 4.637895
v 4.278953 4.226321 4.637895
v 4.278953 4.173689 4.649211
v 4.278953 4.226321 4.649211
v 4.278953 4.226321 4.660526
v 4.278953 4.226321 4.671842
v 4.278953 4.226321 4.581316
v 4.278953 4.278953 4.581316
v 4.278953 4.278953 4.570000
v 4.278953 4.226321 4.592632
v 4.278953 4.278953 4.592632
v 4.278953 4.226321 4.603947
v 4.278953 4.278953 4.603947
v 4.278953 4.278953 4.615263
v 4.278953 4.278953 4.626579
v 4.331585 3.173679 4.570000
v 4.331585 3.173679 4.581316
v 4.331585 3.226311 4.581316
v 4.331585 3.226311 4.570000
v 4.331585 3.173679 4.592632
v 4.331585 3.226311 4.592632
v 4.331585 3.173679 4.603947
v 4.331585 3.226311 4.603947
v 4.331585 3.173679 4.615263
v 4.331585 3.226311 4.615263
v 4.331585 3.278943 4.570000
v 4.331585 3.278943 4.615263
v 4.331585 3.278943 4.603947
v 4.331585 3.226311 4.626579
v 4.331585 3.278943 4.626579
v 4.331585 3.226311 4.637895
v 4.331585 3.278943 4.637895
v 4.331585 3.226311 4.649211
v 4.331585 3.278943 4.649211
v 4.331585 3.226311 4.660526
v 4.331585 3.278943 4.660526
v 4.331585 3.331575 4.570000
v 4.331585 3.331575 4.649211
v 4.331585 3.331575 4.637895
v 4.331585 3.331575 4.660526
v 4.331585 3.278943 4.671842
v 4.331585 3.331575 4.671842
v 4.331585 3.278943 4.683158
v 4.331585 3.331575 4.683158
v 4.331585 3.278943 4.694474
v 4.331585 3.331575 4.694474
v 4.331585 3.384207 4.570000
v 4.331585 3.384207 4.683158
v 4.331585 3.384207 4.671842
v 4.331585 3.384207 4.694474
v 4.331585 3.331575 4.705789
v 4.331585 3.384207 4.705789
v 4.331585 3.331575 4.717105
v 4.331585 3.384207 4.717105
v 4.331585 3.436839 4.570000
v 4.331585 3.436839 4.705789
v 4.331585 3.436839 4.694474
v 4.331585 3.436839 4.717105
v 4.331585 3.384207 4.728421
v 4.331585 3.436839 4.728421
v 4.331585 3.384207 4.739737
v 4.331585 3.436839 4.739737
v 4.331585 3.489472 4.570000
v 4.331585 3.489472 4.728421
v 4.331585 3.489472 4.717105
v 4.331585 3.489472 4.739737
v 4.331585 3.436839 4.751053
v 4.331585 3.489472 4.751053
v 4.331585 3.436839 4.762368
v 4.331585 3.489472 4.762368
v 4.331585 3.542104 4.570000
v 4.331585 3.542104 4.739737
v 4.331585 3.542104 4.728421
v 4.331585 3.542104 4.751053
v 4.331585 3.542104 4.762368
v 4.331585 3.489472 4.773684
v 4.331585 3.542104 4.773684
v 4.331585 3.594736 4.570000
v 4.331585 3.594736 4.751053
v 4.331585 3.594736 4.739737
v 4.331585 3.594736 4.762368
v 4.331585 3.594736 4.773684
v 4.331585 3.542104 4.785000
v 4.331585 3.594736 4.785000
v 4.331585 3.647368 4.570000
v 4.331585 3.647368 4.762368
v 4.331585 3.647368 4.751053
v 4.331585 3.647368 4.773684
v 4.331585 3.647368 4.785000
v 4.331585 3.594736 4.796316
v 4.331585 3.647368 4.796316
v 4.331585 3.700000 4.570000
v 4.331585 3.700000 4.762368
v 4.331585 3.700000 4.751053
v 4.331585 3.700000 4.773684
v 4.331585 3.700000 4.785000
v 4.331585 3.700000 4.796316
v 4.331585 3.752632 4.570000
v 4.331585 3.752632 4.762368
v 4.331585 3.752632 4.751053
v 4.331585 3.752632 4.773684
v 4.331585 3.752632 4.785000
v 4.331585 3.752632 4.796316
v 4.331585 3.805264 4.570000
v 4.331585 3.805264 4.762368
v 4.331585 3.805264 4.751053
v 4.331585 3.805264 4.773684
v 4.331585 3.805264 4.785000
v 4.331585 3.805264 4.796316
v 4.331585 3.857896 4.570000
v 4.331585 3.805264 4.739737
v 4.331585 3.857896 4.751053
v 4.331585 3.857896 4.739737
v 4.331585 3.857896 4.762368
v 4.331585 3.857896 4.773684
v 4.331585 3.857896 4.785000
v 4.331585 3.910528 4.570000
v 4.331585 3.857896 4.728421
v 4.331585 3.910528 4.739737
v 4.331585 3.910528 4.728421
v 4.331585 3.910528 4.751053
v 4.331585 3.910528 4.762368
v 4.331585 3.910528 4.773684
v 4.331585 3.963161 4.570000
v 4.331585 3.910528 4.717105
v 4.331585 3.963161 4.728421
v 4.331585 3.963161 4.717105
v 4.331585 3.963161 4.739737
v 4.331585 3.963161 4.751053
v 4.331585 3.963161 4.762368
v 4.331585 4.015793 4.570000
v 4.331585 3.963161 4.694474
v 4.331585 3.963161 4.705789
v 4.331585 4.015793 4.705789
v 4.331585 4.015793 4.694474
v 4.331585 4.015793 4.717105
v 4.331585 4.015793 4.728421
v 4.331585 4.015793 4.739737
v 4.331585 4.068425 4.570000
v 4.331585 4.015793 4.671842
v 4.331585 4.015793 4.683158
v 4.331585 4.068425 4.683158
v 4.331585 4.068425 4.671842
v 4.331585 4.068425 4.694474
v 4.331585 4.068425 4.705789
v 4.331585 4.068425 4.717105
v 4.331585 4.121057 4.570000
v 4.331585 4.068425 4.637895
v 4.331585 4.068425 4.649211
v 4.331585 4.121057 4.649211
v 4.331585 4.121057 4.637895
v 4.331585 4.068425 4.660526
v 4.331585 4.121057 4.660526
v 4.331585 4.121057 4.671842
v 4.331585 4.121057 4.683158
v 4.331585 4.121057 4.694474
v 4.331585 4.173689 4.570000
v 4.331585 4.121057 4.603947
v 4.331585 4.121057 4.615263
v 4.331585 4.173689 4.615263
v 4.331585 4.173689 4.603947
v 4.331585 4.121057 4.626579
v 4.331585 4.173689 4.626579
v 4.331585 4.173689 4.637895
v 4.331585 4.173689 4.649211
v 4.331585 4.173689 4.660526
v 4.331585 4.173689 4.581316
v 4.331585 4.226321 4.581316
v 4.331585 4.226321 4.570000
v 4.331585 4.173689 4.592632
v 4.331585 4.226321 4.592632
v 4.331585 4.226321 4.603947
v 4.331585 4.226321 4.615263
v 4.384217 3.226311 4.570000
v 4.384217 3.226311 4.581316
v 4.384217 3.278943 4.581316
v 4.384217 3.278943 4.570000
v 4.384217 3.226311 4.592632
v 4.384217 3.278943 4.592632
v 4.384217 3.226311 4.603947
v 4.384217 3.278943 4.603947
v 4.384217 3.331575 4.570000
v 4.384217 3.331575 4.592632
v 4.384217 3.331575 4.581316
v 4.384217 3.331575 4.603947
v 4.384217 3.278943 4.615263
v 4.384217 3.331575 4.615263
v 4.384217 3.278943 4.626579
v 4.384217 3.331575 4.626579
v 4.384217 3.278943 4.637895
v 4.384217 3.331575 4.637895
v 4.384217 3.384207 4.570000
v 4.384217 3.384207 4.626579
v 4.384217 3.384207 4.615263
v 4.384217 3.384207 4.637895
v 4.384217 3.331575 4.649211
v 4.384217 3.384207 4.649211
v 4.384217 3.331575 4.660526
v 4.384217 3.384207 4.660526
v 4.384217 3.331575 4.671842
v 4.384217 3.384207 4.671842
v 4.384217 3.436839 4.570000
v 4.384217 3.436839 4.649211
v 4.384217 3.436839 4.637895
v 4.384217 3.436839 4.660526
v 4.384217 3.436839 4.671842
v 4.384217 3.384207 4.683158
v 4.384217 3.436839 4.683158
v 4.384217 3.384207 4.694474
v 4.384217 3.436839 4.694474
v 4.384217 3.489472 4.570000
v 4.384217 3.489472 4.671842
v 4.384217 3.489472 4.660526
v 4.384217 3.489472 4.683158
v 4.384217 3.489472 4.694474
v 4.384217 3.436839 4.705789
v 4.384217 3.489472 4.705789
v 4.384217 3.436839 4.717105
v 4.384217 3.489472 4.717105
v 4.384217 3.542104 4.570000
v 4.384217 3.542104 4.694474
v 4.384217 3.542104 4.683158
v 4.384217 3.542104 4.705789
v 4.384217 3.542104 4.717105
v 4.384217 3.489472 4.728421
v 4.384217 3.542104 4.728421
v 4.384217 3.594736 4.570000
v 4.384217 3.594736 4.705789
v 4.384217 3.594736 4.694474
v 4.384217 3.594736 4.717105
v 4.384217 3.594736 4.728421
v 4.384217 3.542104 4.739737
v 4.384217 3.594736 4.739737
v 4.384217 3.647368 4.570000
v 4.384217 3.647368 4.705789
v 4.384217 3.647368 4.694474
v 4.384217 3.647368 4.717105
v 4.384217 3.647368 4.728421
v 4.384217 3.647368 4.739737
v 4.384217 3.594736 4.751053
v 4.384217 3.647368 4.751053
v 4.384217 3.700000 4.570000
v 4.384217 3.700000 4.717105
v 4.384217 3.700000 4.705789
v 4.384217 3.700000 4.728421
v 4.384217 3.700000 4.739737
v 4.384217 3.700000 4.751053
v 4.384217 3.752632 4.570000
v 4.384217 3.752632 4.717105
v 4.384217 3.752632 4.705789
v 4.384217 3.752632 4.728421
v 4.384217 3.752632 4.739737
v 4.384217 3.752632 4.751053
v 4.384217 3.805264 4.570000
v 4.384217 3.752632 4.694474
v 4.384217 3.805264 4.705789
v 4.384217 3.805264 4.694474
v 4.384217 3.805264 4.717105
v 4.384217 3.805264 4.728421
v 4.384217 3.805264 4.739737
v 4.384217 3.805264 4.751053
v 4.384217 3.857896 4.570000
v 4.384217 3.857896 4.705789
v 4.384217 3.857896 4.694474
v 4.384217 3.857896 4.717105
v 4.384217 3.857896 4.728421
v 4.384217 3.857896 4.739737
v 4.384217 3.910528 4.570000
v 4.384217 3.857896 4.683158
v 4.384217 3.910528 4.694474
v 4.384217 3.910528 4.683158
v 4.384217 3.910528 4.705789
v 4.384217 3.910528 4.717105
v 4.384217 3.910528 4.728421
v 4.384217 3.963161 4.570000
v 4.384217 3.910528 4.660526
v 4.384217 3.910528 4.671842
v 4.384217 3.963161 4.671842
v 4.384217 3.963161 4.660526
v 4.384217 3.963161 4.683158
v 4.384217 3.963161 4.694474
v 4.384217 3.963161 4.705789
v 4.384217 3.963161 4.717105
v 4.384217 4.015793 4.570000
v 4.384217 3.963161 4.637895
v 4.384217 3.963161 4.649211
v 4.384217 4.015793 4.649211
v 4.384217 4.015793 4.637895
v 4.384217 4.015793 4.660526
v 4.384217 4.015793 4.671842
v 4.384217 4.015793 4.683158
v 4.384217 4.015793 4.694474
v 4.384217 4.068425 4.570000
v 4.384217 4.015793 4.615263
v 4.384217 4.015793 4.626579
v 4.384217 4.068425 4.626579
v 4.384217 4.068425 4.615263
v 4.384217 4.068425 4.637895
v 4.384217 4.068425 4.649211
v 4.384217 4.068425 4.660526
v 4.384217 4.068425 4.671842
v 4.384217 4.121057 4.570000
v 4.384217 4.068425 4.581316
v 4.384217 4.068425 4.592632
v 4.384217 4.121057 4.592632
v 4.384217 4.121057 4.581316
v 4.384217 4.068425 4.603947
v 4.384217 4.121057 4.603947
v 4.384217 4.121057 4.615263
v 4.384217 4.121057 4.626579
v 4.384217 4.121057 4.637895
v 4.384217 4.173689 4.581316
v 4.384217 4.173689 4.570000
v 4.384217 4.173689 4.592632
v 4.384217 4.173689 4.603947
v 4.436849 3.278943 4.570000
v 4.436849 3.278943 4.581316
v 4.436849 3.331575 4.581316
v 4.436849 3.331575 4.570000
v 4.436849 3.384207 4.581316
v 4.436849 3.384207 4.570000
v 4.436849 3.331575 4.592632
v 4.436849 3.384207 4.592632
v 4.436849 3.331575 4.603947
v 4.436849 3.384207 4.603947
v 4.436849 3.331575 4.615263
v 4.436849 3.384207 4.615263
v 4.436849 3.436839 4.570000
v 4.436849 3.436839 4.592632
v 4.436849 3.436839 4.581316
v 4.436849 3.436839 4.603947
v 4.436849 3.436839 4.615263
v 4.436849 3.384207 4.626579
v 4.436849 3.436839 4.626579
v 4.436849 3.384207 4.637895
v 4.436849 3.436839 4.637895
v 4.436849 3.489472 4.570000
v 4.436849 3.489472 4.615263
v 4.436849 3.489472 4.603947
v 4.436849 3.489472 4.626579
v 4.436849 3.489472 4.637895
v 4.436849 3.436839 4.649211
v 4.436849 3.489472 4.649211
v 4.436849 3.436839 4.660526
v 4.436849 3.489472 4.660526
v 4.436849 3.542104 4.570000
v 4.436849 3.542104 4.626579
v 4.436849 3.542104 4.615263
v 4.436849 3.542104 4.637895
v 4.436849 3.542104 4.649211
v 4.436849 3.542104 4.660526
v 4.436849 3.489472 4.671842
v 4.436849 3.542104 4.671842
v 4.436849 3.489472 4.683158
v 4.436849 3.542104 4.683158
v 4.436849 3.594736 4.570000
v 4.436849 3.594736 4.649211
v 4.436849 3.594736 4.637895
v 4.436849 3.594736 4.660526
v 4.436849 3.594736 4.671842
v 4.436849 3.594736 4.683158
v 4.436849 3.542104 4.694474
v 4.436849 3.594736 4.694474
v 4.436849 3.647368 4.570000
v 4.436849 3.647368 4.649211
v 4.436849 3.647368 4.637895
v 4.436849 3.647368 4.660526
v 4.436849 3.647368 4.671842
v 4.436849 3.647368 4.683158
v 4.436849 3.647368 4.694474
v 4.436849 3.700000 4.570000
v 4.436849 3.700000 4.660526
v 4.436849 3.700000 4.649211
v 4.436849 3.700000 4.671842
v 4.436849 3.700000 4.683158
v 4.436849 3.700000 4.694474
v 4.436849 3.647368 4.705789
v 4.436849 3.700000 4.705789
v 4.436849 3.752632 4.570000
v 4.436849 3.752632 4.660526
v 4.436849 3.752632 4.649211
v 4.436849 3.752632 4.671842
v 4.436849 3.752632 4.683158
v 4.436849 3.752632 4.694474
v 4.436849 3.752632 4.705789
v 4.436849 3.805264 4.570000
v 4.436849 3.752632 4.637895
v 4.436849 3.805264 4.649211
v 4.436849 3.805264 4.637895
v 4.436849 3.805264 4.660526
v 4.436849 3.805264 4.671842
v 4.436849 3.805264 4.683158
v 4.436849 3.805264 4.694474
v 4.436849 3.857896 4.570000
v 4.436849 3.857896 4.649211
v 4.436849 3.857896 4.637895
v 4.436849 3.857896 4.660526
v 4.436849 3.857896 4.671842
v 4.436849 3.857896 4.683158
v 4.436849 3.857896 4.694474
v 4.436849 3.910528 4.570000
v 4.436849 3.857896 4.615263
v 4.436849 3.857896 4.626579
v 4.436849 3.910528 4.626579
v 4.436849 3.910528 4.615263
v 4.436849 3.910528 4.637895
v 4.436849 3.910528 4.649211
v 4.436849 3.910528 4.660526
v 4.436849 3.910528 4.671842
v 4.436849 3.910528 4.683158
v 4.436849 3.963161 4.570000
v 4.436849 3.910528 4.603947
v 4.436849 3.963161 4.615263
v 4.436849 3.963161 4.603947
v 4.436849 3.963161 4.626579
v 4.436849 3.963161 4.637895
v 4.436849 3.963161 4.649211
v 4.436849 3.963161 4.660526
v 4.436849 4.015793 4.570000
v 4.436849 3.963161 4.581316
v 4.436849 3.963161 4.592632
v 4.436849 4.015793 4.592632
v 4.436849 4.015793 4.581316
v 4.436849 4.015793 4.603947
v 4.436849 4.015793 4.615263
v 4.436849 4.015793 4.626579
v 4.436849 4.015793 4.637895
v 4.436849 4.068425 4.581316
v 4.436849 4.068425 4.570000
v 4.436849 4.068425 4.592632
v 4.436849 4.068425 4.603947
v 4.436849 4.068425 4.615263
v 4.436849 4.121057 4.581316
v 4.436849 4.121057 4.570000
v 4.489482 3.384207 4.570000
v 4.489482 3.384207 4.581316
v 4.489482 3.436839 4.581316
v 4.489482 3.436839 4.570000
v 4.489482 3.489472 4.581316
v 4.489482 3.489472 4.570000
v 4.489482 3.436839 4.592632
v 4.489482 3.489472 4.592632
v 4.489482 3.436839 4.603947
v 4.489482 3.489472 4.603947
v 4.489482 3.542104 4.581316
v 4.489482 3.542104 4.570000
v 4.489482 3.542104 4.592632
v 4.489482 3.542104 4.603947
v 4.489482 3.489472 4.615263
v 4.489482 3.542104 4.615263
v 4.489482 3.594736 4.581316
v 4.489482 3.594736 4.570000
v 4.489482 3.594736 4.592632
v 4.489482 3.594736 4.603947
v 4.489482 3.594736 4.615263
v 4.489482 3.542104 4.626579
v 4.489482 3.594736 4.626579
v 4.489482 3.542104 4.637895
v 4.489482 3.594736 4.637895
v 4.489482 3.647368 4.581316
v 4.489482 3.647368 4.570000
v 4.489482 3.647368 4.592632
v 4.489482 3.647368 4.603947
v 4.489482 3.647368 4.615263
v 4.489482 3.647368 4.626579
v 4.489482 3.647368 4.637895
v 4.489482 3.700000 4.570000
v 4.489482 3.700000 4.592632
v 4.489482 3.700000 4.581316
v 4.489482 3.700000 4.603947
v 4.489482 3.700000 4.615263
v 4.489482 3.700000 4.626579
v 4.489482 3.700000 4.637895
v 4.489482 3.647368 4.649211
v 4.489482 3.700000 4.649211
v 4.489482 3.752632 4.570000
v 4.489482 3.752632 4.592632
v 4.489482 3.752632 4.581316
v 4.489482 3.752632 4.603947
v 4.489482 3.752632 4.615263
v 4.489482 3.752632 4.626579
v 4.489482 3.752632 4.637895
v 4.489482 3.752632 4.649211
v 4.489482 3.805264 4.581316
v 4.489482 3.805264 4.570000
v 4.489482 3.805264 4.592632
v 4.489482 3.805264 4.603947
v 4.489482 3.805264 4.615263
v 4.489482 3.805264 4.626579
v 4.489482 3.805264 4.637895
v 4.489482 3.857896 4.581316
v 4.489482 3.857896 4.570000
v 4.489482 3.857896 4.592632
v 4.489482 3.857896 4.603947
v 4.489482 3.857896 4.615263
v 4.489482 3.857896 4.626579
v 4.489482 3.857896 4.637895
v 4.489482 3.910528 4.581316
v 4.489482 3.910528 4.570000
v 4.489482 3.910528 4.592632
v 4.489482 3.910528 4.603947
v 4.489482 3.910528 4.615263
v 4.489482 3.963161 4.581316
v 4.489482 3.963161 4.570000
v 4.489482 3.963161 4.592632
v 4.489482 3.963161 4.603947
v 4.489482 4.015793 4.581316
v 4.489482 4.015793 4.570000
v 4.542114 3.647368 4.570000
v 4.542114 3.647368 4.581316
v 4.542114 3.700000 4.581316
v 4.542114 3.700000 4.570000
v 4.542114 3.752632 4.581316
v 4.542114 3.752632 4.570000
f 1 2 3
f 1 3 4
f 1 5 6
f 1 6 4
f 1 2 7
f 1 7 5
f 4 6 8
f 4 8 3
f 2 9 10
f 2 10 3
f 9 10 11
f 9 11 12
f 2 9 12
f 2 12 7
f 3 8 11
f 3 11 10
f 13 14 15
f 13 15 16
f 13 17 18
f 13 18 16
f 13 14 19
f 13 19 17
f 16 18 20
f 16 20 15
f 14 21 22
f 14 22 15
f 14 21 23
f 14 23 19
f 15 22 24
f 15 24 25
f 15 20 26
f 15 26 25
f 25 24 27
f 25 27 28
f 25 26 29
f 25 29 28
f 28 29 30
f 28 30 27
f 21 31 32
f 21 32 22
f 21 31 33
f 21 33 23
f 22 32 34
f 22 34 24
f 24 34 35
f 24 35 27
f 27 35 36
f 27 36 37
f 27 30 38
f 27 38 37
f 37 38 39
f 37 39 36
f 31 40 41
f 31 41 32
f 31 40 42
f 31 42 33
f 32 41 43
f 32 43 34
f 34 43 44
f 34 44 35
f 35 44 45
f 35 45 36
f 36 45 46
f 36 46 47
f 36 39 48
f 36 48 47
f 47 46 49
f 47 49 50
f 47 48 51
f 47 51 50
f 50 51 52
f 50 52 49
f 40 5 6
f 40 6 41
f 40 5 53
f 40 53 42
f 41 6 54
f 41 54 43
f 43 54 55
f 43 55 44
f 44 55 56
f 44 56 45
f 45 56 57
f 45 57 46
f 46 57 58
f 46 58 49
f 49 52 59
f 49 59 58
f 5 7 60
f 5 60 53
f 6 8 61
f 6 61 54
f 54 61 62
f 54 62 55
f 55 62 63
f 55 63 56
f 56 63 64
f 56 64 57
f 57 64 65
f 57 65 58
f 58 65 66
f 58 66 67
f 58 59 68
f 58 68 67
f 67 68 69
f 67 69 66
f 7 12 70
f 7 70 60
f 8 11 71
f 8 71 61
f 61 71 72
f 61 72 62
f 62 72 73
f 62 73 63
f 63 73 74
f 63 74 64
f 64 74 75
f 64 75 65
f 65 75 76
f 65 76 66
f 75 76 77
f 75 77 78
f 66 69 77
f 66 77 76
f 12 79 80
f 12 80 11
f 12 79 81
f 12 81 70
f 11 80 82
f 11 82 71
f 71 82 83
f 71 83 72
f 72 83 84
f 72 84 73
f 73 84 85
f 73 85 74
f 74 85 86
f 74 86 75
f 75 78 87
f 75 87 86
f 79 88 89
f 79 89 80
f 79 88 90
f 79 90 81
f 80 89 91
f 80 91 82
f 82 91 92
f 82 92 83
f 83 92 93
f 83 93 84
f 84 93 94
f 84 94 85
f 93 94 95
f 93 95 96
f 85 94 97
f 85 97 86
f 94 97 98
f 94 98 95
f 86 87 98
f 86 98 97
f 88 99 100
f 88 100 89
f 88 99 101
f 88 101 90
f 89 100 102
f 89 102 91
f 91 102 103
f 91 103 92
f 92 103 104
f 92 104 93
f 103 104 105
f 103 105 106
f 93 96 105
f 93 105 104
f 99 107 108
f 99 108 100
f 99 107 109
f 99 109 101
f 100 108 110
f 100 110 102
f 108 110 111
f 108 111 112
f 102 110 113
f 102 113 103
f 110 113 114
f 110 114 111
f 103 106 114
f 103 114 113
f 107 115 116
f 107 116 108
f 115 116 117
f 115 117 118
f 107 115 118
f 107 118 109
f 108 112 117
f 108 117 116
f 119 120 121
f 119 121 122
f 119 123 124
f 119 124 122
f 119 120 125
f 119 125 123
f 122 124 126
f 122 126 121
f 120 17 18
f 120 18 121
f 120 17 127
f 120 127 125
f 121 18 128
f 121 128 129
f 121 126 130
f 121 130 129
f 129 128 131
f 129 131 132
f 129 130 133
f 129 133 132
f 132 131 134
f 132 134 135
f 132 133 136
f 132 136 135
f 135 136 137
f 135 137 134
f 17 19 138
f 17 138 127
f 18 20 26
f 18 26 128
f 128 26 29
f 128 29 131
f 131 29 139
f 131 139 134
f 134 139 140
f 134 140 141
f 134 137 142
f 134 142 141
f 141 140 143
f 141 143 144
f 141 142 145
f 141 145 144
f 144 145 146
f 144 146 143
f 19 23 147
f 19 147 138
f 29 30 38
f 29 38 139
f 139 38 148
f 139 148 140
f 140 148 149
f 140 149 143
f 143 149 150
f 143 150 151
f 143 146 152
f 143 152 151
f 151 150 153
f 151 153 154
f 151 152 155
f 151 155 154
f 154 155 156
f 154 156 153
f 23 33 157
f 23 157 147
f 38 39 48
f 38 48 148
f 148 48 51
f 148 51 149
f 149 51 158
f 149 158 150
f 150 158 159
f 150 159 153
f 153 159 160
f 153 160 161
f 153 156 162
f 153 162 161
f 161 160 163
f 161 163 164
f 161 162 165
f 161 165 164
f 164 165 166
f 164 166 163
f 33 42 167
f 33 167 157
f 51 52 168
f 51 168 158
f 158 168 169
f 158 169 159
f 159 169 170
f 159 170 160
f 160 170 171
f 160 171 163
f 163 171 172
f 163 172 173
f 163 166 174
f 163 174 173
f 173 174 175
f 173 175 172
f 42 53 176
f 42 176 167
f 52 59 68
f 52 68 168
f 168 68 177
f 168 177 169
f 169 177 178
f 169 178 170
f 170 178 179
f 170 179 171
f 171 179 180
f 171 180 172
f 172 175 181
f 172 181 180
f 53 60 182
f 53 182 176
f 68 69 183
f 68 183 177
f 177 183 184
f 177 184 178
f 178 184 185
f 178 185 179
f 179 185 186
f 179 186 180
f 180 186 187
f 180 187 188
f 180 181 189
f 180 189 188
f 188 189 190
f 188 190 187
f 60 70 191
f 60 191 182
f 69 77 192
f 69 192 183
f 183 192 193
f 183 193 184
f 184 193 194
f 184 194 185
f 185 194 195
f 185 195 186
f 186 195 196
f 186 196 187
f 195 196 197
f 195 197 198
f 187 190 197
f 187 197 196
f 70 81 199
f 70 199 191
f 78 87 200
f 78 200 77
f 77 200 201
f 77 201 192
f 192 201 202
f 192 202 193
f 193 202 203
f 193 203 194
f 194 203 204
f 194 204 195
f 195 198 205
f 195 205 204
f 81 90 206
f 81 206 199
f 87 98 207
f 87 207 200
f 200 207 208
f 200 208 201
f 201 208 209
f 201 209 202
f 202 209 210
f 202 210 203
f 203 210 211
f 203 211 204
f 210 211 212
f 210 212 213
f 204 205 212
f 204 212 211
f 90 101 214
f 90 214 206
f 96 105 215
f 96 215 95
f 95 215 216
f 95 216 98
f 98 216 217
f 98 217 207
f 207 217 218
f 207 218 208
f 208 218 219
f 208 219 209
f 218 219 220
f 218 220 221
f 209 219 222
f 209 222 210
f 219 222 223
f 219 223 220
f 210 213 223
f 210 223 222
f 101 109 224
f 101 224 214
f 106 114 225
f 106 225 105
f 105 225 226
f 105 226 215
f 215 226 227
f 215 227 216
f 216 227 228
f 216 228 217
f 227 228 229
f 227 229 230
f 217 228 231
f 217 231 218
f 228 231 232
f 228 232 229
f 218 221 232
f 218 232 231
f 109 118 233
f 109 233 224
f 112 117 234
f 112 234 111
f 111 234 235
f 111 235 114
f 114 235 236
f 114 236 225
f 225 236 237
f 225 237 226
f 236 237 238
f 236 238 239
f 226 237 240
f 226 240 227
f 237 240 241
f 237 241 238
f 227 230 241
f 227 241 240
f 118 242 243
f 118 243 117
f 118 242 244
f 118 244 233
f 117 243 245
f 117 245 234
f 243 245 246
f 243 246 247
f 234 245 248
f 234 248 235
f 245 248 249
f 245 249 246
f 235 248 250
f 235 250 236
f 248 250 251
f 248 251 249
f 236 239 251
f 236 251 250
f 242 252 253
f 242 253 243
f 252 253 254
f 252 254 255
f 242 252 255
f 242 255 244
f 243 247 254
f 243 254 253
f 256 123 124
f 256 124 257
f 256 258 259
f 256 259 257
f 256 123 260
f 256 260 258
f 257 124 261
f 257 261 262
f 257 259 263
f 257 263 262
f 262 261 264
f 262 264 265
f 262 263 266
f 262 266 265
f 265 266 267
f 265 267 264
f 123 125 268
f 123 268 260
f 124 126 130
f 124 130 261
f 261 130 133
f 261 133 264
f 264 133 136
f 264 136 269
f 264 267 270
f 264 270 269
f 269 136 271
f 269 271 272
f 269 270 273
f 269 273 272
f 272 271 274
f 272 274 275
f 272 273 276
f 272 276 275
f 275 276 277
f 275 277 274
f 125 127 278
f 125 278 268
f 136 137 142
f 136 142 271
f 271 142 145
f 271 145 274
f 274 145 279
f 274 279 280
f 274 277 281
f 274 281 280
f 280 279 282
f 280 282 283
f 280 281 284
f 280 284 283
f 283 282 285
f 283 285 286
f 283 284 287
f 283 287 286
f 286 287 288
f 286 288 285
f 127 138 289
f 127 289 278
f 145 146 152
f 145 152 279
f 279 152 155
f 279 155 282
f 282 155 290
f 282 290 285
f 285 290 291
f 285 291 292
f 285 288 293
f 285 293 292
f 292 291 294
f 292 294 295
f 292 293 296
f 292 296 295
f 295 296 297
f 295 297 294
f 138 147 298
f 138 298 289
f 155 156 162
f 155 162 290
f 290 162 165
f 290 165 291
f 291 165 299
f 291 299 294
f 294 299 300
f 294 300 301
f 294 297 302
f 294 302 301
f 301 300 303
f 301 303 304
f 301 302 305
f 301 305 304
f 304 305 306
f 304 306 303
f 147 157 307
f 147 307 298
f 165 166 174
f 165 174 299
f 299 174 308
f 299 308 300
f 300 308 309
f 300 309 303
f 303 309 310
f 303 310 311
f 303 306 312
f 303 312 311
f 311 312 313
f 311 313 310
f 157 167 314
f 157 314 307
f 174 175 315
f 174 315 308
f 308 315 316
f 308 316 309
f 309 316 317
f 309 317 310
f 310 317 318
f 310 318 319
f 310 313 320
f 310 320 319
f 319 320 321
f 319 321 318
f 167 176 322
f 167 322 314
f 175 181 189
f 175 189 315
f 315 189 323
f 315 323 316
f 316 323 324
f 316 324 317
f 317 324 325
f 317 325 318
f 318 325 326
f 318 326 327
f 318 321 328
f 318 328 327
f 327 328 329
f 327 329 326
f 176 182 330
f 176 330 322
f 189 190 331
f 189 331 323
f 323 331 332
f 323 332 324
f 324 332 333
f 324 333 325
f 325 333 334
f 325 334 326
f 326 329 335
f 326 335 334
f 182 191 336
f 182 336 330
f 190 197 337
f 190 337 331
f 331 337 338
f 331 338 332
f 332 338 339
f 332 339 333
f 333 339 340
f 333 340 334
f 334 335 341
f 334 341 340
f 191 199 342
f 191 342 336
f 198 205 343
f 198 343 197
f 197 343 344
f 197 344 337
f 337 344 345
f 337 345 338
f 338 345 346
f 338 346 339
f 339 346 347
f 339 347 340
f 346 347 348
f 346 348 349
f 340 341 348
f 340 348 347
f 199 206 350
f 199 350 342
f 205 212 351
f 205 351 343
f 343 351 352
f 343 352 344
f 344 352 353
f 344 353 345
f 345 353 354
f 345 354 346
f 353 354 355
f 353 355 356
f 346 349 355
f 346 355 354
f 206 214 357
f 206 357 350
f 213 223 358
f 213 358 212
f 212 358 359
f 212 359 351
f 351 359 360
f 351 360 352
f 352 360 361
f 352 361 353
f 360 361 362
f 360 362 363
f 353 356 362
f 353 362 361
f 214 224 364
f 214 364 357
f 221 232 365
f 221 365 220
f 220 365 366
f 220 366 223
f 223 366 367
f 223 367 358
f 358 367 368
f 358 368 359
f 367 368 369
f 367 369 370
f 359 368 371
f 359 371 360
f 368 371 372
f 368 372 369
f 360 363 372
f 360 372 371
f 224 233 373
f 224 373 364
f 230 241 374
f 230 374 229
f 229 374 375
f 229 375 232
f 232 375 376
f 232 376 365
f 365 376 377
f 365 377 366
f 376 377 378
f 376 378 379
f 366 377 380
f 366 380 367
f 377 380 381
f 377 381 378
f 367 370 381
f 367 381 380
f 233 244 382
f 233 382 373
f 239 251 383
f 239 383 238
f 238 383 384
f 238 384 241
f 241 384 385
f 241 385 374
f 384 385 386
f 384 386 387
f 374 385 388
f 374 388 375
f 385 388 389
f 385 389 386
f 375 388 390
f 375 390 376
f 388 390 391
f 388 391 389
f 376 379 391
f 376 391 390
f 244 255 392
f 244 392 382
f 247 254 393
f 247 393 246
f 246 393 394
f 246 394 249
f 249 394 395
f 249 395 251
f 394 395 396
f 394 396 397
f 251 395 398
f 251 398 383
f 395 398 399
f 395 399 396
f 383 398 400
f 383 400 384
f 398 400 401
f 398 401 399
f 384 387 401
f 384 401 400
f 255 402 403
f 255 403 254
f 402 403 404
f 402 404 405
f 255 402 405
f 255 405 392
f 254 403 406
f 254 406 393
f 403 406 407
f 403 407 404
f 393 406 408
f 393 408 394
f 406 408 409
f 406 409 407
f 394 397 409
f 394 409 408
f 410 258 259
f 410 259 411
f 410 412 413
f 410 413 411
f 410 258 414
f 410 414 412
f 411 259 263
f 411 263 415
f 411 413 416
f 411 416 415
f 415 263 266
f 415 266 417
f 415 416 418
f 415 418 417
f 417 266 419
f 417 419 420
f 417 418 421
f 417 421 420
f 420 421 422
f 420 422 419
f 258 260 423
f 258 423 414
f 266 267 270
f 266 270 419
f 419 270 273
f 419 273 424
f 419 422 425
f 419 425 424
f 424 273 276
f 424 276 426
f 424 425 427
f 424 427 426
f 426 276 428
f 426 428 429
f 426 427 430
f 426 430 429
f 429 428 431
f 429 431 432
f 429 430 433
f 429 433 432
f 432 433 434
f 432 434 431
f 260 268 435
f 260 435 423
f 276 277 281
f 276 281 428
f 428 281 284
f 428 284 431
f 431 284 287
f 431 287 436
f 431 434 437
f 431 437 436
f 436 287 438
f 436 438 439
f 436 437 440
f 436 440 439
f 439 438 441
f 439 441 442
f 439 440 443
f 439 443 442
f 442 443 444
f 442 444 441
f 268 278 445
f 268 445 435
f 287 288 293
f 287 293 438
f 438 293 296
f 438 296 441
f 441 296 446
f 441 446 447
f 441 444 448
f 441 448 447
f 447 446 449
f 447 449 450
f 447 448 451
f 447 451 450
f 450 451 452
f 450 452 449
f 278 289 453
f 278 453 445
f 296 297 302
f 296 302 446
f 446 302 305
f 446 305 449
f 449 305 454
f 449 454 455
f 449 452 456
f 449 456 455
f 455 454 457
f 455 457 458
f 455 456 459
f 455 459 458
f 458 459 460
f 458 460 457
f 289 298 461
f 289 461 453
f 305 306 312
f 305 312 454
f 454 312 462
f 454 462 457
f 457 462 463
f 457 463 464
f 457 460 465
f 457 465 464
f 464 463 466
f 464 466 467
f 464 465 468
f 464 468 467
f 467 468 469
f 467 469 466
f 298 307 470
f 298 470 461
f 312 313 320
f 312 320 462
f 462 320 471
f 462 471 463
f 463 471 472
f 463 472 466
f 466 472 473
f 466 473 474
f 466 469 475
f 466 475 474
f 474 475 476
f 474 476 473
f 307 314 477
f 307 477 470
f 320 321 328
f 320 328 471
f 471 328 478
f 471 478 472
f 472 478 479
f 472 479 473
f 473 479 480
f 473 480 481
f 473 476 482
f 473 482 481
f 481 482 483
f 481 483 480
f 314 322 484
f 314 484 477
f 328 329 485
f 328 485 478
f 478 485 486
f 478 486 479
f 479 486 487
f 479 487 480
f 480 487 488
f 480 488 489
f 480 483 490
f 480 490 489
f 489 490 491
f 489 491 488
f 322 330 492
f 322 492 484
f 329 335 493
f 329 493 485
f 485 493 494
f 485 494 486
f 486 494 495
f 486 495 487
f 487 495 496
f 487 496 488
f 488 491 497
f 488 497 496
f 330 336 498
f 330 498 492
f 335 341 499
f 335 499 493
f 493 499 500
f 493 500 494
f 494 500 501
f 494 501 495
f 495 501 502
f 495 502 496
f 496 497 503
f 496 503 502
f 336 342 504
f 336 504 498
f 341 348 505
f 341 505 499
f 499 505 506
f 499 506 500
f 500 506 507
f 500 507 501
f 501 507 508
f 501 508 502
f 507 508 509
f 507 509 510
f 502 503 509
f 502 509 508
f 342 350 511
f 342 511 504
f 349 355 512
f 349 512 348
f 348 512 513
f 348 513 505
f 505 513 514
f 505 514 506
f 506 514 515
f 506 515 507
f 514 515 516
f 514 516 517
f 507 510 516
f 507 516 515
f 350 357 518
f 350 518 511
f 356 362 519
f 356 519 355
f 355 519 520
f 355 520 512
f 512 520 521
f 512 521 513
f 513 521 522
f 513 522 514
f 521 522 523
f 521 523 524
f 514 517 523
f 514 523 522
f 357 364 525
f 357 525 518
f 363 372 526
f 363 526 362
f 362 526 527
f 362 527 519
f 519 527 528
f 519 528 520
f 527 528 529
f 527 529 530
f 520 528 531
f 520 531 521
f 528 531 532
f 528 532 529
f 521 524 532
f 521 532 531
f 364 373 533
f 364 533 525
f 370 381 534
f 370 534 369
f 369 534 535
f 369 535 372
f 372 535 536
f 372 536 526
f 535 536 537
f 535 537 538
f 526 536 539
f 526 539 527
f 536 539 540
f 536 540 537
f 527 530 540
f 527 540 539
f 373 382 541
f 373 541 533
f 379 391 542
f 379 542 378
f 378 542 543
f 378 543 381
f 381 543 544
f 381 544 534
f 543 544 545
f 543 545 546
f 534 544 547
f 534 547 535
f 544 547 548
f 544 548 545
f 535 538 548
f 535 548 547
f 382 392 549
f 382 549 541
f 387 401 550
f 387 550 386
f 386 550 551
f 386 551 389
f 389 551 552
f 389 552 391
f 551 552 553
f 551 553 554
f 391 552 555
f 391 555 542
f 552 555 556
f 552 556 553
f 542 555 557
f 542 557 543
f 555 557 558
f 555 558 556
f 543 546 558
f 543 558 557
f 392 405 559
f 392 559 549
f 397 409 560
f 397 560 396
f 396 560 561
f 396 561 399
f 560 561 562
f 560 562 563
f 399 561 564
f 399 564 401
f 561 564 565
f 561 565 562
f 401 564 566
f 401 566 550
f 564 566 567
f 564 567 565
f 550 566 568
f 550 568 551
f 566 568 569
f 566 569 567
f 551 554 569
f 551 569 568
f 405 570 571
f 405 571 404
f 570 571 572
f 570 572 573
f 405 570 573
f 405 573 559
f 404 571 574
f 404 574 407
f 571 574 575
f 571 575 572
f 407 574 576
f 407 576 409
f 574 576 577
f 574 577 575
f 409 576 578
f 409 578 560
f 576 578 579
f 576 579 577
f 560 563 579
f 560 579 578
f 580 412 413
f 580 413 581
f 580 582 583
f 580 583 581
f 580 412 584
f 580 584 582
f 581 413 416
f 581 416 585
f 581 583 586
f 581 586 585
f 585 416 418
f 585 418 587
f 585 586 588
f 585 588 587
f 587 418 421
f 587 421 589
f 587 588 590
f 587 590 589
f 589 421 591
f 589 591 592
f 589 590 593
f 589 593 592
f 592 593 594
f 592 594 591
f 412 414 595
f 412 595 584
f 421 422 425
f 421 425 591
f 591 425 427
f 591 427 596
f 591 594 597
f 591 597 596
f 596 427 430
f 596 430 598
f 596 597 599
f 596 599 598
f 598 430 433
f 598 433 600
f 598 599 601
f 598 601 600
f 600 433 602
f 600 602 603
f 600 601 604
f 600 604 603
f 603 604 605
f 603 605 602
f 414 423 606
f 414 606 595
f 433 434 437
f 433 437 602
f 602 437 440
f 602 440 607
f 602 605 608
f 602 608 607
f 607 440 443
f 607 443 609
f 607 608 610
f 607 610 609
f 609 443 611
f 609 611 612
f 609 610 613
f 609 613 612
f 612 613 614
f 612 614 611
f 423 435 615
f 423 615 606
f 443 444 448
f 443 448 611
f 611 448 451
f 611 451 616
f 611 614 617
f 611 617 616
f 616 451 618
f 616 618 619
f 616 617 620
f 616 620 619
f 619 620 621
f 619 621 618
f 435 445 622
f 435 622 615
f 451 452 456
f 451 456 618
f 618 456 459
f 618 459 623
f 618 621 624
f 618 624 623
f 623 459 625
f 623 625 626
f 623 624 627
f 623 627 626
f 626 625 628
f 626 628 629
f 626 627 630
f 626 630 629
f 629 630 631
f 629 631 628
f 445 453 632
f 445 632 622
f 459 460 465
f 459 465 625
f 625 465 468
f 625 468 628
f 628 468 633
f 628 633 634
f 628 631 635
f 628 635 634
f 634 633 636
f 634 636 637
f 634 635 638
f 634 638 637
f 637 638 639
f 637 639 636
f 453 461 640
f 453 640 632
f 468 469 475
f 468 475 633
f 633 475 641
f 633 641 636
f 636 641 642
f 636 642 643
f 636 639 644
f 636 644 643
f 643 644 645
f 643 645 642
f 461 470 646
f 461 646 640
f 475 476 482
f 475 482 641
f 641 482 647
f 641 647 642
f 642 647 648
f 642 648 649
f 642 645 650
f 642 650 649
f 649 650 651
f 649 651 648
f 470 477 652
f 470 652 646
f 482 483 490
f 482 490 647
f 647 490 653
f 647 653 648
f 648 653 654
f 648 654 655
f 648 651 656
f 648 656 655
f 655 656 657
f 655 657 654
f 477 484 658
f 477 658 652
f 490 491 659
f 490 659 653
f 653 659 660
f 653 660 654
f 654 660 661
f 654 661 662
f 654 657 663
f 654 663 662
f 662 663 664
f 662 664 661
f 484 492 665
f 484 665 658
f 491 497 666
f 491 666 659
f 659 666 667
f 659 667 660
f 660 667 668
f 660 668 661
f 661 664 669
f 661 669 668
f 492 498 670
f 492 670 665
f 497 503 671
f 497 671 666
f 666 671 672
f 666 672 667
f 667 672 673
f 667 673 668
f 668 669 674
f 668 674 673
f 498 504 675
f 498 675 670
f 503 509 676
f 503 676 671
f 671 676 677
f 671 677 672
f 672 677 678
f 672 678 673
f 677 678 679
f 677 679 680
f 673 674 679
f 673 679 678
f 504 511 681
f 504 681 675
f 510 516 682
f 510 682 509
f 509 682 683
f 509 683 676
f 676 683 684
f 676 684 677
f 683 684 685
f 683 685 686
f 677 680 685
f 677 685 684
f 511 518 687
f 511 687 681
f 517 523 688
f 517 688 516
f 516 688 689
f 516 689 682
f 682 689 690
f 682 690 683
f 689 690 691
f 689 691 692
f 683 686 691
f 683 691 690
f 518 525 693
f 518 693 687
f 524 532 694
f 524 694 523
f 523 694 695
f 523 695 688
f 688 695 696
f 688 696 689
f 695 696 697
f 695 697 698
f 689 692 697
f 689 697 696
f 525 533 699
f 525 699 693
f 530 540 700
f 530 700 529
f 529 700 701
f 529 701 532
f 532 701 702
f 532 702 694
f 701 702 703
f 701 703 704
f 694 702 705
f 694 705 695
f 702 705 706
f 702 706 703
f 695 698 706
f 695 706 705
f 533 541 707
f 533 707 699
f 538 548 708
f 538 708 537
f 537 708 709
f 537 709 540
f 708 709 710
f 708 710 711
f 540 709 712
f 540 712 700
f 709 712 713
f 709 713 710
f 700 712 714
f 700 714 701
f 712 714 715
f 712 715 713
f 701 704 715
f 701 715 714
f 541 549 716
f 541 716 707
f 546 558 717
f 546 717 545
f 545 717 718
f 545 718 548
f 717 718 719
f 717 719 720
f 548 718 721
f 548 721 708
f 718 721 722
f 718 722 719
f 708 711 722
f 708 722 721
f 549 559 723
f 549 723 716
f 554 569 724
f 554 724 553
f 553 724 725
f 553 725 556
f 724 725 726
f 724 726 727
f 556 725 728
f 556 728 558
f 725 728 729
f 725 729 726
f 558 728 730
f 558 730 717
f 728 730 731
f 728 731 729
f 717 720 731
f 717 731 730
f 559 573 732
f 559 732 723
f 563 579 733
f 563 733 562
f 562 733 734
f 562 734 565
f 733 734 735
f 733 735 736
f 565 734 737
f 565 737 567
f 734 737 738
f 734 738 735
f 567 737 739
f 567 739 569
f 737 739 740
f 737 740 738
f 569 739 741
f 569 741 724
f 739 741 742
f 739 742 740
f 724 727 742
f 724 742 741
f 573 743 744
f 573 744 572
f 743 744 745
f 743 745 746
f 573 743 746
f 573 746 732
f 572 744 747
f 572 747 575
f 744 747 748
f 744 748 745
f 575 747 749
f 575 749 577
f 747 749 750
f 747 750 748
f 577 749 751
f 577 751 579
f 749 751 752
f 749 752 750
f 579 751 753
f 579 753 733
f 751 753 754
f 751 754 752
f 733 736 754
f 733 754 753
f 755 582 583
f 755 583 756
f 755 757 758
f 755 758 756
f 755 582 759
f 755 759 757
f 756 583 586
f 756 586 760
f 756 758 761
f 756 761 760
f 760 586 588
f 760 588 762
f 760 761 763
f 760 763 762
f 762 588 590
f 762 590 764
f 762 763 765
f 762 765 764
f 764 765 766
f 764 766 590
f 582 584 767
f 582 767 759
f 590 766 768
f 590 768 593
f 593 594 597
f 593 597 769
f 593 768 770
f 593 770 769
f 769 597 599
f 769 599 771
f 769 770 772
f 769 772 771
f 771 599 601
f 771 601 773
f 771 772 774
f 771 774 773
f 773 601 604
f 773 604 775
f 773 774 776
f 773 776 775
f 775 776 777
f 775 777 604
f 584 595 778
f 584 778 767
f 604 605 608
f 604 608 779
f 604 777 780
f 604 780 779
f 779 608 610
f 779 610 781
f 779 780 782
f 779 782 781
f 781 610 613
f 781 613 783
f 781 782 784
f 781 784 783
f 783 784 785
f 783 785 613
f 595 606 786
f 595 786 778
f 613 614 617
f 613 617 787
f 613 785 788
f 613 788 787
f 787 617 620
f 787 620 789
f 787 788 790
f 787 790 789
f 789 620 791
f 789 791 792
f 789 790 793
f 789 793 792
f 792 793 794
f 792 794 791
f 606 615 795
f 606 795 786
f 620 621 624
f 620 624 791
f 791 624 627
f 791 627 796
f 791 794 797
f 791 797 796
f 796 627 630
f 796 630 798
f 796 797 799
f 796 799 798
f 798 630 800
f 798 800 801
f 798 799 802
f 798 802 801
f 801 802 803
f 801 803 800
f 615 622 804
f 615 804 795
f 630 631 635
f 630 635 800
f 800 635 638
f 800 638 805
f 800 803 806
f 800 806 805
f 805 638 807
f 805 807 808
f 805 806 809
f 805 809 808
f 808 809 810
f 808 810 807
f 622 632 811
f 622 811 804
f 638 639 644
f 638 644 807
f 807 644 812
f 807 812 813
f 807 810 814
f 807 814 813
f 813 812 815
f 813 815 816
f 813 814 817
f 813 817 816
f 816 817 818
f 816 818 815
f 632 640 819
f 632 819 811
f 644 645 650
f 644 650 812
f 812 650 820
f 812 820 815
f 815 820 821
f 815 821 822
f 815 818 823
f 815 823 822
f 822 823 824
f 822 824 821
f 640 646 825
f 640 825 819
f 650 651 656
f 650 656 820
f 820 656 826
f 820 826 821
f 821 826 827
f 821 827 828
f 821 824 829
f 821 829 828
f 828 829 830
f 828 830 827
f 646 652 831
f 646 831 825
f 656 657 663
f 656 663 826
f 826 663 832
f 826 832 827
f 827 832 833
f 827 833 834
f 827 830 835
f 827 835 834
f 834 835 836
f 834 836 833
f 652 658 837
f 652 837 831
f 663 664 838
f 663 838 832
f 832 838 839
f 832 839 833
f 833 839 840
f 833 840 841
f 833 836 842
f 833 842 841
f 841 842 843
f 841 843 840
f 658 665 844
f 658 844 837
f 664 669 845
f 664 845 838
f 838 845 846
f 838 846 839
f 839 846 847
f 839 847 840
f 840 843 848
f 840 848 847
f 665 670 849
f 665 849 844
f 669 674 850
f 669 850 845
f 845 850 851
f 845 851 846
f 846 851 852
f 846 852 847
f 847 848 853
f 847 853 852
f 670 675 854
f 670 854 849
f 674 679 855
f 674 855 850
f 850 855 856
f 850 856 851
f 851 856 857
f 851 857 852
f 856 857 858
f 856 858 859
f 852 853 858
f 852 858 857
f 675 681 860
f 675 860 854
f 680 685 861
f 680 861 679
f 679 861 862
f 679 862 855
f 855 862 863
f 855 863 856
f 862 863 864
f 862 864 865
f 856 859 864
f 856 864 863
f 681 687 866
f 681 866 860
f 686 691 867
f 686 867 685
f 685 867 868
f 685 868 861
f 861 868 869
f 861 869 862
f 868 869 870
f 868 870 871
f 862 865 870
f 862 870 869
f 687 693 872
f 687 872 866
f 692 697 873
f 692 873 691
f 691 873 874
f 691 874 867
f 867 874 875
f 867 875 868
f 874 875 876
f 874 876 877
f 868 871 876
f 868 876 875
f 693 699 878
f 693 878 872
f 698 706 879
f 698 879 697
f 697 879 880
f 697 880 873
f 879 880 881
f 879 881 882
f 873 880 883
f 873 883 874
f 880 883 884
f 880 884 881
f 874 877 884
f 874 884 883
f 699 707 885
f 699 885 878
f 704 715 886
f 704 886 703
f 703 886 887
f 703 887 706
f 886 887 888
f 886 888 889
f 706 887 890
f 706 890 879
f 887 890 891
f 887 891 888
f 879 882 891
f 879 891 890
f 707 716 892
f 707 892 885
f 711 722 893
f 711 893 710
f 710 893 894
f 710 894 713
f 893 894 895
f 893 895 896
f 713 894 897
f 713 897 715
f 894 897 898
f 894 898 895
f 715 897 899
f 715 899 886
f 897 899 900
f 897 900 898
f 886 889 900
f 886 900 899
f 716 723 901
f 716 901 892
f 720 731 902
f 720 902 719
f 731 902 903
f 731 903 904
f 719 902 905
f 719 905 722
f 902 905 906
f 902 906 903
f 722 905 907
f 722 907 893
f 905 907 908
f 905 908 906
f 893 896 908
f 893 908 907
f 723 732 909
f 723 909 901
f 727 742 910
f 727 910 726
f 742 910 911
f 742 911 912
f 726 910 913
f 726 913 729
f 910 913 914
f 910 914 911
f 729 913 915
f 729 915 731
f 913 915 916
f 913 916 914
f 731 904 916
f 731 916 915
f 732 746 917
f 732 917 909
f 752 754 918
f 752 918 919
f 736 754 920
f 736 920 735
f 754 920 921
f 754 921 918
f 735 920 922
f 735 922 738
f 920 922 923
f 920 923 921
f 738 922 924
f 738 924 740
f 922 924 925
f 922 925 923
f 740 924 926
f 740 926 742
f 924 926 927
f 924 927 925
f 742 912 927
f 742 927 926
f 746 928 929
f 746 929 745
f 928 929 930
f 928 930 931
f 746 928 931
f 746 931 917
f 745 929 932
f 745 932 748
f 929 932 933
f 929 933 930
f 748 932 934
f 748 934 750
f 932 934 935
f 932 935 933
f 750 934 936
f 750 936 752
f 934 936 937
f 934 937 935
f 752 919 937
f 752 937 936
f 938 757 758
f 938 758 939
f 938 940 941
f 938 941 939
f 938 757 942
f 938 942 940
f 939 758 761
f 939 761 943
f 939 941 944
f 939 944 943
f 943 761 763
f 943 763 945
f 943 944 946
f 943 946 945
f 945 946 947
f 945 947 763
f 757 759 948
f 757 948 942
f 763 947 949
f 763 949 765
f 765 766 768
f 765 768 950
f 765 949 951
f 765 951 950
f 950 768 770
f 950 770 952
f 950 951 953
f 950 953 952
f 952 770 772
f 952 772 954
f 952 953 955
f 952 955 954
f 954 772 774
f 954 774 956
f 954 955 957
f 954 957 956
f 956 957 958
f 956 958 774
f 759 767 959
f 759 959 948
f 774 958 960
f 774 960 776
f 776 777 780
f 776 780 961
f 776 960 962
f 776 962 961
f 961 780 782
f 961 782 963
f 961 962 964
f 961 964 963
f 963 782 784
f 963 784 965
f 963 964 966
f 963 966 965
f 965 966 967
f 965 967 784
f 767 778 968
f 767 968 959
f 784 785 788
f 784 788 969
f 784 967 970
f 784 970 969
f 969 788 790
f 969 790 971
f 969 970 972
f 969 972 971
f 971 790 793
f 971 793 973
f 971 972 974
f 971 974 973
f 973 974 975
f 973 975 793
f 778 786 976
f 778 976 968
f 793 794 797
f 793 797 977
f 793 975 978
f 793 978 977
f 977 797 799
f 977 799 979
f 977 978 980
f 977 980 979
f 979 799 802
f 979 802 981
f 979 980 982
f 979 982 981
f 981 982 983
f 981 983 802
f 786 795 984
f 786 984 976
f 802 803 806
f 802 806 985
f 802 983 986
f 802 986 985
f 985 806 809
f 985 809 987
f 985 986 988
f 985 988 987
f 987 809 989
f 987 989 990
f 987 988 991
f 987 991 990
f 990 991 992
f 990 992 989
f 795 804 993
f 795 993 984
f 809 810 814
f 809 814 989
f 989 814 817
f 989 817 994
f 989 992 995
f 989 995 994
f 994 817 996
f 994 996 997
f 994 995 998
f 994 998 997
f 997 998 999
f 997 999 996
f 804 811 1000
f 804 1000 993
f 817 818 823
f 817 823 996
f 996 823 1001
f 996 1001 1002
f 996 999 1003
f 996 1003 1002
f 1002 1003 1004
f 1002 1004 1001
f 811 819 1005
f 811 1005 1000
f 823 824 829
f 823 829 1001
f 1001 829 1006
f 1001 1006 1007
f 1001 1004 1008
f 1001 1008 1007
f 1007 1006 1009
f 1007 1009 1010
f 1007 1008 1011
f 1007 1011 1010
f 1010 1011 1012
f 1010 1012 1009
f 819 825 1013
f 819 1013 1005
f 829 830 835
f 829 835 1006
f 1006 835 1014
f 1006 1014 1009
f 1009 1014 1015
f 1009 1015 1016
f 1009 1012 1017
f 1009 1017 1016
f 1016 1017 1018
f 1016 1018 1015
f 825 831 1019
f 825 1019 1013
f 835 836 842
f 835 842 1014
f 1014 842 1020
f 1014 1020 1015
f 1015 1020 1021
f 1015 1021 1022
f 1015 1018 1023
f 1015 1023 1022
f 1022 1023 1024
f 1022 1024 1021
f 831 837 1025
f 831 1025 1019
f 842 843 1026
f 842 1026 1020
f 1020 1026 1027
f 1020 1027 1021
f 1021 1024 1028
f 1021 1028 1027
f 837 844 1029
f 837 1029 1025
f 843 848 1030
f 843 1030 1026
f 1026 1030 1031
f 1026 1031 1027
f 1027 1031 1032
f 1027 1032 1033
f 1027 1028 1034
f 1027 1034 1033
f 1033 1034 1035
f 1033 1035 1032
f 844 849 1036
f 844 1036 1029
f 848 853 1037
f 848 1037 1030
f 1030 1037 1038
f 1030 1038 1031
f 1031 1038 1039
f 1031 1039 1032
f 1038 1039 1040
f 1038 1040 1041
f 1032 1035 1040
f 1032 1040 1039
f 849 854 1042
f 849 1042 1036
f 853 858 1043
f 853 1043 1037
f 1037 1043 1044
f 1037 1044 1038
f 1038 1041 1045
f 1038 1045 1044
f 854 860 1046
f 854 1046 1042
f 859 864 1047
f 859 1047 858
f 858 1047 1048
f 858 1048 1043
f 1043 1048 1049
f 1043 1049 1044
f 1048 1049 1050
f 1048 1050 1051
f 1044 1045 1050
f 1044 1050 1049
f 860 866 1052
f 860 1052 1046
f 865 870 1053
f 865 1053 864
f 864 1053 1054
f 864 1054 1047
f 1047 1054 1055
f 1047 1055 1048
f 1054 1055 1056
f 1054 1056 1057
f 1048 1051 1056
f 1048 1056 1055
f 866 872 1058
f 866 1058 1052
f 871 876 1059
f 871 1059 870
f 870 1059 1060
f 870 1060 1053
f 1059 1060 1061
f 1059 1061 1062
f 1053 1060 1063
f 1053 1063 1054
f 1060 1063 1064
f 1060 1064 1061
f 1054 1057 1064
f 1054 1064 1063
f 872 878 1065
f 872 1065 1058
f 877 884 1066
f 877 1066 876
f 876 1066 1067
f 876 1067 1059
f 1066 1067 1068
f 1066 1068 1069
f 1059 1062 1068
f 1059 1068 1067
f 878 885 1070
f 878 1070 1065
f 882 891 1071
f 882 1071 881
f 881 1071 1072
f 881 1072 884
f 1071 1072 1073
f 1071 1073 1074
f 884 1072 1075
f 884 1075 1066
f 1072 1075 1076
f 1072 1076 1073
f 1066 1069 1076
f 1066 1076 1075
f 885 892 1077
f 885 1077 1070
f 889 900 1078
f 889 1078 888
f 900 1078 1079
f 900 1079 1080
f 888 1078 1081
f 888 1081 891
f 1078 1081 1082
f 1078 1082 1079
f 891 1081 1083
f 891 1083 1071
f 1081 1083 1084
f 1081 1084 1082
f 1071 1074 1084
f 1071 1084 1083
f 892 901 1085
f 892 1085 1077
f 896 908 1086
f 896 1086 895
f 908 1086 1087
f 908 1087 1088
f 895 1086 1089
f 895 1089 898
f 1086 1089 1090
f 1086 1090 1087
f 898 1089 1091
f 898 1091 900
f 1089 1091 1092
f 1089 1092 1090
f 900 1080 1092
f 900 1092 1091
f 901 909 1093
f 901 1093 1085
f 904 916 1094
f 904 1094 903
f 916 1094 1095
f 916 1095 1096
f 903 1094 1097
f 903 1097 906
f 1094 1097 1098
f 1094 1098 1095
f 906 1097 1099
f 906 1099 908
f 1097 1099 1100
f 1097 1100 1098
f 908 1088 1100
f 908 1100 1099
f 909 917 1101
f 909 1101 1093
f 925 927 1102
f 925 1102 1103
f 912 927 1104
f 912 1104 911
f 927 1104 1105
f 927 1105 1102
f 911 1104 1106
f 911 1106 914
f 1104 1106 1107
f 1104 1107 1105
f 914 1106 1108
f 914 1108 916
f 1106 1108 1109
f 1106 1109 1107
f 916 1096 1109
f 916 1109 1108
f 917 931 1110
f 917 1110 1101
f 935 937 1111
f 935 1111 1112
f 919 937 1113
f 919 1113 918
f 937 1113 1114
f 937 1114 1111
f 918 1113 1115
f 918 1115 921
f 1113 1115 1116
f 1113 1116 1114
f 921 1115 1117
f 921 1117 923
f 1115 1117 1118
f 1115 1118 1116
f 923 1117 1119
f 923 1119 925
f 1117 1119 1120
f 1117 1120 1118
f 925 1103 1120
f 925 1120 1119
f 931 1121 1122
f 931 1122 930
f 1121 1122 1123
f 1121 1123 1124
f 931 1121 1124
f 931 1124 1110
f 930 1122 1125
f 930 1125 933
f 1122 1125 1126
f 1122 1126 1123
f 933 1125 1127
f 933 1127 935
f 1125 1127 1128
f 1125 1128 1126
f 935 1112 1128
f 935 1128 1127
f 1129 940 941
f 1129 941 1130
f 1129 1131 1132
f 1129 1132 1130
f 1129 940 1133
f 1129 1133 1131
f 1130 1132 1134
f 1130 1134 941
f 940 942 1135
f 940 1135 1133
f 941 1134 1136
f 941 1136 944
f 944 1136 1137
f 944 1137 946
f 946 947 949
f 946 949 1138
f 946 1137 1139
f 946 1139 1138
f 1138 949 951
f 1138 951 1140
f 1138 1139 1141
f 1138 1141 1140
f 1140 951 953
f 1140 953 1142
f 1140 1141 1143
f 1140 1143 1142
f 1142 1143 1144
f 1142 1144 953
f 942 948 1145
f 942 1145 1135
f 953 1144 1146
f 953 1146 955
f 955 1146 1147
f 955 1147 957
f 957 958 960
f 957 960 1148
f 957 1147 1149
f 957 1149 1148
f 1148 960 962
f 1148 962 1150
f 1148 1149 1151
f 1148 1151 1150
f 1150 962 964
f 1150 964 1152
f 1150 1151 1153
f 1150 1153 1152
f 1152 1153 1154
f 1152 1154 964
f 948 959 1155
f 948 1155 1145
f 964 1154 1156
f 964 1156 966
f 966 967 970
f 966 970 1157
f 966 1156 1158
f 966 1158 1157
f 1157 970 972
f 1157 972 1159
f 1157 1158 1160
f 1157 1160 1159
f 1159 1160 1161
f 1159 1161 972
f 959 968 1162
f 959 1162 1155
f 972 1161 1163
f 972 1163 974
f 974 975 978
f 974 978 1164
f 974 1163 1165
f 974 1165 1164
f 1164 978 980
f 1164 980 1166
f 1164 1165 1167
f 1164 1167 1166
f 1166 980 982
f 1166 982 1168
f 1166 1167 1169
f 1166 1169 1168
f 1168 1169 1170
f 1168 1170 982
f 968 976 1171
f 968 1171 1162
f 982 983 986
f 982 986 1172
f 982 1170 1173
f 982 1173 1172
f 1172 986 988
f 1172 988 1174
f 1172 1173 1175
f 1172 1175 1174
f 1174 988 991
f 1174 991 1176
f 1174 1175 1177
f 1174 1177 1176
f 1176 1177 1178
f 1176 1178 991
f 976 984 1179
f 976 1179 1171
f 991 992 995
f 991 995 1180
f 991 1178 1181
f 991 1181 1180
f 1180 995 998
f 1180 998 1182
f 1180 1181 1183
f 1180 1183 1182
f 1182 1183 1184
f 1182 1184 998
f 984 993 1185
f 984 1185 1179
f 998 999 1003
f 998 1003 1186
f 998 1184 1187
f 998 1187 1186
f 1186 1003 1188
f 1186 1188 1189
f 1186 1187 1190
f 1186 1190 1189
f 1189 1190 1191
f 1189 1191 1188
f 993 1000 1192
f 993 1192 1185
f 1003 1004 1008
f 1003 1008 1188
f 1188 1008 1011
f 1188 1011 1193
f 1188 1191 1194
f 1188 1194 1193
f 1193 1011 1195
f 1193 1195 1196
f 1193 1194 1197
f 1193 1197 1196
f 1196 1197 1198
f 1196 1198 1195
f 1000 1005 1199
f 1000 1199 1192
f 1011 1012 1017
f 1011 1017 1195
f 1195 1017 1200
f 1195 1200 1201
f 1195 1198 1202
f 1195 1202 1201
f 1201 1202 1203
f 1201 1203 1200
f 1005 1013 1204
f 1005 1204 1199
f 1017 1018 1023
f 1017 1023 1200
f 1200 1023 1205
f 1200 1205 1206
f 1200 1203 1207
f 1200 1207 1206
f 1206 1207 1208
f 1206 1208 1205
f 1013 1019 1209
f 1013 1209 1204
f 1023 1024 1210
f 1023 1210 1205
f 1205 1210 1211
f 1205 1211 1212
f 1205 1208 1213
f 1205 1213 1212
f 1212 1213 1214
f 1212 1214 1211
f 1019 1025 1215
f 1019 1215 1209
f 1024 1028 1034
f 1024 1034 1210
f 1210 1034 1216
f 1210 1216 1211
f 1211 1216 1217
f 1211 1217 1218
f 1211 1214 1219
f 1211 1219 1218
f 1218 1219 1220
f 1218 1220 1217
f 1025 1029 1221
f 1025 1221 1215
f 1034 1035 1222
f 1034 1222 1216
f 1216 1222 1223
f 1216 1223 1217
f 1217 1220 1224
f 1217 1224 1223
f 1029 1036 1225
f 1029 1225 1221
f 1035 1040 1226
f 1035 1226 1222
f 1222 1226 1227
f 1222 1227 1223
f 1223 1224 1228
f 1223 1228 1227
f 1036 1042 1229
f 1036 1229 1225
f 1041 1045 1230
f 1041 1230 1040
f 1040 1230 1231
f 1040 1231 1226
f 1226 1231 1232
f 1226 1232 1227
f 1231 1232 1233
f 1231 1233 1234
f 1227 1228 1233
f 1227 1233 1232
f 1042 1046 1235
f 1042 1235 1229
f 1045 1050 1236
f 1045 1236 1230
f 1230 1236 1237
f 1230 1237 1231
f 1236 1237 1238
f 1236 1238 1239
f 1231 1234 1238
f 1231 1238 1237
f 1046 1052 1240
f 1046 1240 1235
f 1051 1056 1241
f 1051 1241 1050
f 1050 1241 1242
f 1050 1242 1236
f 1241 1242 1243
f 1241 1243 1244
f 1236 1239 1243
f 1236 1243 1242
f 1052 1058 1245
f 1052 1245 1240
f 1057 1064 1246
f 1057 1246 1056
f 1056 1246 1247
f 1056 1247 1241
f 1246 1247 1248
f 1246 1248 1249
f 1241 1244 1248
f 1241 1248 1247
f 1058 1065 1250
f 1058 1250 1245
f 1062 1068 1251
f 1062 1251 1061
f 1061 1251 1252
f 1061 1252 1064
f 1251 1252 1253
f 1251 1253 1254
f 1064 1252 1255
f 1064 1255 1246
f 1252 1255 1256
f 1252 1256 1253
f 1246 1249 1256
f 1246 1256 1255
f 1065 1070 1257
f 1065 1257 1250
f 1069 1076 1258
f 1069 1258 1068
f 1076 1258 1259
f 1076 1259 1260
f 1068 1258 1261
f 1068 1261 1251
f 1258 1261 1262
f 1258 1262 1259
f 1251 1254 1262
f 1251 1262 1261
f 1070 1077 1263
f 1070 1263 1257
f 1074 1084 1264
f 1074 1264 1073
f 1084 1264 1265
f 1084 1265 1266
f 1073 1264 1267
f 1073 1267 1076
f 1264 1267 1268
f 1264 1268 1265
f 1076 1260 1268
f 1076 1268 1267
f 1077 1085 1269
f 1077 1269 1263
f 1080 1092 1270
f 1080 1270 1079
f 1092 1270 1271
f 1092 1271 1272
f 1079 1270 1273
f 1079 1273 1082
f 1270 1273 1274
f 1270 1274 1271
f 1082 1273 1275
f 1082 1275 1084
f 1273 1275 1276
f 1273 1276 1274
f 1084 1266 1276
f 1084 1276 1275
f 1085 1093 1277
f 1085 1277 1269
f 1098 1100 1278
f 1098 1278 1279
f 1088 1100 1280
f 1088 1280 1087
f 1100 1280 1281
f 1100 1281 1278
f 1087 1280 1282
f 1087 1282 1090
f 1280 1282 1283
f 1280 1283 1281
f 1090 1282 1284
f 1090 1284 1092
f 1282 1284 1285
f 1282 1285 1283
f 1092 1272 1285
f 1092 1285 1284
f 1093 1101 1286
f 1093 1286 1277
f 1107 1109 1287
f 1107 1287 1288
f 1096 1109 1289
f 1096 1289 1095
f 1109 1289 1290
f 1109 1290 1287
f 1095 1289 1291
f 1095 1291 1098
f 1289 1291 1292
f 1289 1292 1290
f 1098 1279 1292
f 1098 1292 1291
f 1101 1110 1293
f 1101 1293 1286
f 1116 1118 1294
f 1116 1294 1295
f 1118 1120 1296
f 1118 1296 1294
f 1103 1120 1297
f 1103 1297 1102
f 1120 1297 1298
f 1120 1298 1296
f 1102 1297 1299
f 1102 1299 1105
f 1297 1299 1300
f 1297 1300 1298
f 1105 1299 1301
f 1105 1301 1107
f 1299 1301 1302
f 1299 1302 1300
f 1107 1288 1302
f 1107 1302 1301
f 1110 1124 1303
f 1110 1303 1293
f 1123 1126 1304
f 1123 1304 1305
f 1126 1128 1306
f 1126 1306 1304
f 1112 1128 1307
f 1112 1307 1111
f 1128 1307 1308
f 1128 1308 1306
f 1111 1307 1309
f 1111 1309 1114
f 1307 1309 1310
f 1307 1310 1308
f 1114 1309 1311
f 1114 1311 1116
f 1309 1311 1312
f 1309 1312 1310
f 1116 1295 1312
f 1116 1312 1311
f 1124 1313 1314
f 1124 1314 1123
f 1313 1314 1315
f 1313 1315 1316
f 1124 1313 1316
f 1124 1316 1303
f 1123 1305 1315
f 1123 1315 1314
f 1131 1317 1318
f 1131 1318 1132
f 1131 1133 1319
f 1131 1319 1317
f 1132 1134 1136
f 1132 1136 1320
f 1132 1318 1321
f 1132 1321 1320
f 1320 1136 1137
f 1320 1137 1322
f 1320 1321 1323
f 1320 1323 1322
f 1322 1137 1139
f 1322 1139 1324
f 1322 1323 1325
f 1322 1325 1324
f 1324 1325 1326
f 1324 1326 1139
f 1133 1135 1327
f 1133 1327 1319
f 1139 1326 1328
f 1139 1328 1141
f 1141 1328 1329
f 1141 1329 1143
f 1143 1144 1146
f 1143 1146 1330
f 1143 1329 1331
f 1143 1331 1330
f 1330 1146 1147
f 1330 1147 1332
f 1330 1331 1333
f 1330 1333 1332
f 1332 1147 1149
f 1332 1149 1334
f 1332 1333 1335
f 1332 1335 1334
f 1334 1335 1336
f 1334 1336 1149
f 1135 1145 1337
f 1135 1337 1327
f 1149 1336 1338
f 1149 1338 1151
f 1151 1338 1339
f 1151 1339 1153
f 1153 1154 1156
f 1153 1156 1340
f 1153 1339 1341
f 1153 1341 1340
f 1340 1156 1158
f 1340 1158 1342
f 1340 1341 1343
f 1340 1343 1342
f 1342 1343 1344
f 1342 1344 1158
f 1145 1155 1345
f 1145 1345 1337
f 1158 1344 1346
f 1158 1346 1160
f 1160 1161 1163
f 1160 1163 1347
f 1160 1346 1348
f 1160 1348 1347
f 1347 1163 1165
f 1347 1165 1349
f 1347 1348 1350
f 1347 1350 1349
f 1349 1165 1167
f 1349 1167 1351
f 1349 1350 1352
f 1349 1352 1351
f 1351 1352 1353
f 1351 1353 1167
f 1155 1162 1354
f 1155 1354 1345
f 1167 1353 1355
f 1167 1355 1169
f 1169 1170 1173
f 1169 1173 1356
f 1169 1355 1357
f 1169 1357 1356
f 1356 1173 1175
f 1356 1175 1358
f 1356 1357 1359
f 1356 1359 1358
f 1358 1359 1360
f 1358 1360 1175
f 1162 1171 1361
f 1162 1361 1354
f 1175 1360 1362
f 1175 1362 1177
f 1177 1178 1181
f 1177 1181 1363
f 1177 1362 1364
f 1177 1364 1363
f 1363 1181 1183
f 1363 1183 1365
f 1363 1364 1366
f 1363 1366 1365
f 1365 1366 1367
f 1365 1367 1183
f 1171 1179 1368
f 1171 1368 1361
f 1183 1184 1187
f 1183 1187 1369
f 1183 1367 1370
f 1183 1370 1369
f 1369 1187 1190
f 1369 1190 1371
f 1369 1370 1372
f 1369 1372 1371
f 1371 1372 1373
f 1371 1373 1190
f 1179 1185 1374
f 1179 1374 1368
f 1190 1191 1194
f 1190 1194 1375
f 1190 1373 1376
f 1190 1376 1375
f 1375 1194 1197
f 1375 1197 1377
f 1375 1376 1378
f 1375 1378 1377
f 1377 1378 1379
f 1377 1379 1197
f 1185 1192 1380
f 1185 1380 1374
f 1197 1198 1202
f 1197 1202 1381
f 1197 1379 1382
f 1197 1382 1381
f 1381 1202 1383
f 1381 1383 1384
f 1381 1382 1385
f 1381 1385 1384
f 1384 1385 1386
f 1384 1386 1383
f 1192 1199 1387
f 1192 1387 1380
f 1202 1203 1207
f 1202 1207 1383
f 1383 1207 1388
f 1383 1388 1389
f 1383 1386 1390
f 1383 1390 1389
f 1389 1390 1391
f 1389 1391 1388
f 1199 1204 1392
f 1199 1392 1387
f 1207 1208 1213
f 1207 1213 1388
f 1388 1213 1393
f 1388 1393 1394
f 1388 1391 1395
f 1388 1395 1394
f 1394 1395 1396
f 1394 1396 1393
f 1204 1209 1397
f 1204 1397 1392
f 1213 1214 1219
f 1213 1219 1393
f 1393 1219 1398
f 1393 1398 1399
f 1393 1396 1400
f 1393 1400 1399
f 1399 1400 1401
f 1399 1401 1398
f 1209 1215 1402
f 1209 1402 1397
f 1219 1220 1403
f 1219 1403 1398
f 1398 1401 1404
f 1398 1404 1403
f 1215 1221 1405
f 1215 1405 1402
f 1220 1224 1406
f 1220 1406 1403
f 1403 1406 1407
f 1403 1407 1408
f 1403 1404 1409
f 1403 1409 1408
f 1408 1409 1410
f 1408 1410 1407
f 1221 1225 1411
f 1221 1411 1405
f 1224 1228 1412
f 1224 1412 1406
f 1406 1412 1413
f 1406 1413 1407
f 1412 1413 1414
f 1412 1414 1415
f 1407 1410 1414
f 1407 1414 1413
f 1225 1229 1416
f 1225 1416 1411
f 1228 1233 1417
f 1228 1417 1412
f 1412 1415 1418
f 1412 1418 1417
f 1229 1235 1419
f 1229 1419 1416
f 1234 1238 1420
f 1234 1420 1233
f 1233 1420 1421
f 1233 1421 1417
f 1420 1421 1422
f 1420 1422 1423
f 1417 1418 1422
f 1417 1422 1421
f 1235 1240 1424
f 1235 1424 1419
f 1239 1243 1425
f 1239 1425 1238
f 1238 1425 1426
f 1238 1426 1420
f 1425 1426 1427
f 1425 1427 1428
f 1420 1423 1427
f 1420 1427 1426
f 1240 1245 1429
f 1240 1429 1424
f 1244 1248 1430
f 1244 1430 1243
f 1243 1430 1431
f 1243 1431 1425
f 1430 1431 1432
f 1430 1432 1433
f 1425 1428 1432
f 1425 1432 1431
f 1245 1250 1434
f 1245 1434 1429
f 1249 1256 1435
f 1249 1435 1248
f 1256 1435 1436
f 1256 1436 1437
f 1248 1435 1438
f 1248 1438 1430
f 1435 1438 1439
f 1435 1439 1436
f 1430 1433 1439
f 1430 1439 1438
f 1250 1257 1440
f 1250 1440 1434
f 1254 1262 1441
f 1254 1441 1253
f 1262 1441 1442
f 1262 1442 1443
f 1253 1441 1444
f 1253 1444 1256
f 1441 1444 1445
f 1441 1445 1442
f 1256 1437 1445
f 1256 1445 1444
f 1257 1263 1446
f 1257 1446 1440
f 1260 1268 1447
f 1260 1447 1259
f 1268 1447 1448
f 1268 1448 1449
f 1259 1447 1450
f 1259 1450 1262
f 1447 1450 1451
f 1447 1451 1448
f 1262 1443 1451
f 1262 1451 1450
f 1263 1269 1452
f 1263 1452 1446
f 1274 1276 1453
f 1274 1453 1454
f 1266 1276 1455
f 1266 1455 1265
f 1276 1455 1456
f 1276 1456 1453
f 1265 1455 1457
f 1265 1457 1268
f 1455 1457 1458
f 1455 1458 1456
f 1268 1449 1458
f 1268 1458 1457
f 1269 1277 1459
f 1269 1459 1452
f 1283 1285 1460
f 1283 1460 1461
f 1272 1285 1462
f 1272 1462 1271
f 1285 1462 1463
f 1285 1463 1460
f 1271 1462 1464
f 1271 1464 1274
f 1462 1464 1465
f 1462 1465 1463
f 1274 1454 1465
f 1274 1465 1464
f 1277 1286 1466
f 1277 1466 1459
f 1290 1292 1467
f 1290 1467 1468
f 1279 1292 1469
f 1279 1469 1278
f 1292 1469 1470
f 1292 1470 1467
f 1278 1469 1471
f 1278 1471 1281
f 1469 1471 1472
f 1469 1472 1470
f 1281 1471 1473
f 1281 1473 1283
f 1471 1473 1474
f 1471 1474 1472
f 1283 1461 1474
f 1283 1474 1473
f 1286 1293 1475
f 1286 1475 1466
f 1298 1300 1476
f 1298 1476 1477
f 1300 1302 1478
f 1300 1478 1476
f 1288 1302 1479
f 1288 1479 1287
f 1302 1479 1480
f 1302 1480 1478
f 1287 1479 1481
f 1287 1481 1290
f 1479 1481 1482
f 1479 1482 1480
f 1290 1468 1482
f 1290 1482 1481
f 1293 1303 1483
f 1293 1483 1475
f 1308 1310 1484
f 1308 1484 1485
f 1310 1312 1486
f 1310 1486 1484
f 1295 1312 1487
f 1295 1487 1294
f 1312 1487 1488
f 1312 1488 1486
f 1294 1487 1489
f 1294 1489 1296
f 1487 1489 1490
f 1487 1490 1488
f 1296 1489 1491
f 1296 1491 1298
f 1489 1491 1492
f 1489 1492 1490
f 1298 1477 1492
f 1298 1492 1491
f 1316 1315 1493
f 1316 1493 1494
f 1303 1316 1494
f 1303 1494 1483
f 1305 1315 1495
f 1305 1495 1304
f 1315 1495 1496
f 1315 1496 1493
f 1304 1495 1497
f 1304 1497 1306
f 1495 1497 1498
f 1495 1498 1496
f 1306 1497 1499
f 1306 1499 1308
f 1497 1499 1500
f 1497 1500 1498
f 1308 1485 1500
f 1308 1500 1499
f 1501 1317 1318
f 1501 1318 1502
f 1501 1503 1504
f 1501 1504 1502
f 1501 1317 1505
f 1501 1505 1503
f 1502 1504 1506
f 1502 1506 1318
f 1317 1319 1507
f 1317 1507 1505
f 1318 1506 1508
f 1318 1508 1321
f 1321 1508 1509
f 1321 1509 1323
f 1323 1509 1510
f 1323 1510 1325
f 1325 1326 1328
f 1325 1328 1511
f 1325 1510 1512
f 1325 1512 1511
f 1511 1328 1329
f 1511 1329 1513
f 1511 1512 1514
f 1511 1514 1513
f 1513 1514 1515
f 1513 1515 1329
f 1319 1327 1516
f 1319 1516 1507
f 1329 1515 1517
f 1329 1517 1331
f 1331 1517 1518
f 1331 1518 1333
f 1333 1518 1519
f 1333 1519 1335
f 1335 1336 1338
f 1335 1338 1520
f 1335 1519 1521
f 1335 1521 1520
f 1520 1338 1339
f 1520 1339 1522
f 1520 1521 1523
f 1520 1523 1522
f 1522 1523 1524
f 1522 1524 1339
f 1327 1337 1525
f 1327 1525 1516
f 1339 1524 1526
f 1339 1526 1341
f 1341 1526 1527
f 1341 1527 1343
f 1343 1344 1346
f 1343 1346 1528
f 1343 1527 1529
f 1343 1529 1528
f 1528 1346 1348
f 1528 1348 1530
f 1528 1529 1531
f 1528 1531 1530
f 1530 1531 1532
f 1530 1532 1348
f 1337 1345 1533
f 1337 1533 1525
f 1348 1532 1534
f 1348 1534 1350
f 1350 1534 1535
f 1350 1535 1352
f 1352 1353 1355
f 1352 1355 1536
f 1352 1535 1537
f 1352 1537 1536
f 1536 1355 1357
f 1536 1357 1538
f 1536 1537 1539
f 1536 1539 1538
f 1538 1539 1540
f 1538 1540 1357
f 1345 1354 1541
f 1345 1541 1533
f 1357 1540 1542
f 1357 1542 1359
f 1359 1360 1362
f 1359 1362 1543
f 1359 1542 1544
f 1359 1544 1543
f 1543 1362 1364
f 1543 1364 1545
f 1543 1544 1546
f 1543 1546 1545
f 1545 1546 1547
f 1545 1547 1364
f 1354 1361 1548
f 1354 1548 1541
f 1364 1547 1549
f 1364 1549 1366
f 1366 1367 1370
f 1366 1370 1550
f 1366 1549 1551
f 1366 1551 1550
f 1550 1551 1552
f 1550 1552 1370
f 1361 1368 1553
f 1361 1553 1548
f 1370 1552 1554
f 1370 1554 1372
f 1372 1373 1376
f 1372 1376 1555
f 1372 1554 1556
f 1372 1556 1555
f 1555 1376 1378
f 1555 1378 1557
f 1555 1556 1558
f 1555 1558 1557
f 1557 1558 1559
f 1557 1559 1378
f 1368 1374 1560
f 1368 1560 1553
f 1378 1379 1382
f 1378 1382 1561
f 1378 1559 1562
f 1378 1562 1561
f 1561 1382 1385
f 1561 1385 1563
f 1561 1562 1564
f 1561 1564 1563
f 1563 1564 1565
f 1563 1565 1385
f 1374 1380 1566
f 1374 1566 1560
f 1385 1386 1390
f 1385 1390 1567
f 1385 1565 1568
f 1385 1568 1567
f 1567 1568 1569
f 1567 1569 1390
f 1380 1387 1570
f 1380 1570 1566
f 1390 1391 1395
f 1390 1395 1571
f 1390 1569 1572
f 1390 1572 1571
f 1571 1395 1573
f 1571 1573 1574
f 1571 1572 1575
f 1571 1575 1574
f 1574 1575 1576
f 1574 1576 1573
f 1387 1392 1577
f 1387 1577 1570
f 1395 1396 1400
f 1395 1400 1573
f 1573 1400 1578
f 1573 1578 1579
f 1573 1576 1580
f 1573 1580 1579
f 1579 1580 1581
f 1579 1581 1578
f 1392 1397 1582
f 1392 1582 1577
f 1400 1401 1583
f 1400 1583 1578
f 1578 1581 1584
f 1578 1584 1583
f 1397 1402 1585
f 1397 1585 1582
f 1401 1404 1409
f 1401 1409 1583
f 1583 1409 1586
f 1583 1586 1587
f 1583 1584 1588
f 1583 1588 1587
f 1587 1588 1589
f 1587 1589 1586
f 1402 1405 1590
f 1402 1590 1585
f 1409 1410 1591
f 1409 1591 1586
f 1586 1589 1592
f 1586 1592 1591
f 1405 1411 1593
f 1405 1593 1590
f 1410 1414 1594
f 1410 1594 1591
f 1591 1592 1595
f 1591 1595 1594
f 1411 1416 1596
f 1411 1596 1593
f 1415 1418 1597
f 1415 1597 1414
f 1414 1597 1598
f 1414 1598 1594
f 1597 1598 1599
f 1597 1599 1600
f 1594 1595 1599
f 1594 1599 1598
f 1416 1419 1601
f 1416 1601 1596
f 1418 1422 1602
f 1418 1602 1597
f 1597 1600 1603
f 1597 1603 1602
f 1419 1424 1604
f 1419 1604 1601
f 1423 1427 1605
f 1423 1605 1422
f 1422 1605 1606
f 1422 1606 1602
f 1605 1606 1607
f 1605 1607 1608
f 1602 1603 1607
f 1602 1607 1606
f 1424 1429 1609
f 1424 1609 1604
f 1428 1432 1610
f 1428 1610 1427
f 1432 1610 1611
f 1432 1611 1612
f 1427 1610 1613
f 1427 1613 1605
f 1610 1613 1614
f 1610 1614 1611
f 1605 1608 1614
f 1605 1614 1613
f 1429 1434 1615
f 1429 1615 1609
f 1433 1439 1616
f 1433 1616 1432
f 1439 1616 1617
f 1439 1617 1618
f 1432 1612 1617
f 1432 1617 1616
f 1434 1440 1619
f 1434 1619 1615
f 1437 1445 1620
f 1437 1620 1436
f 1445 1620 1621
f 1445 1621 1622
f 1436 1620 1623
f 1436 1623 1439
f 1620 1623 1624
f 1620 1624 1621
f 1439 1618 1624
f 1439 1624 1623
f 1440 1446 1625
f 1440 1625 1619
f 1448 1451 1626
f 1448 1626 1627
f 1443 1451 1628
f 1443 1628 1442
f 1451 1628 1629
f 1451 1629 1626
f 1442 1628 1630
f 1442 1630 1445
f 1628 1630 1631
f 1628 1631 1629
f 1445 1622 1631
f 1445 1631 1630
f 1446 1452 1632
f 1446 1632 1625
f 1456 1458 1633
f 1456 1633 1634
f 1449 1458 1635
f 1449 1635 1448
f 1458 1635 1636
f 1458 1636 1633
f 1448 1627 1636
f 1448 1636 1635
f 1452 1459 1637
f 1452 1637 1632
f 1463 1465 1638
f 1463 1638 1639
f 1454 1465 1640
f 1454 1640 1453
f 1465 1640 1641
f 1465 1641 1638
f 1453 1640 1642
f 1453 1642 1456
f 1640 1642 1643
f 1640 1643 1641
f 1456 1634 1643
f 1456 1643 1642
f 1459 1466 1644
f 1459 1644 1637
f 1470 1472 1645
f 1470 1645 1646
f 1472 1474 1647
f 1472 1647 1645
f 1461 1474 1648
f 1461 1648 1460
f 1474 1648 1649
f 1474 1649 1647
f 1460 1648 1650
f 1460 1650 1463
f 1648 1650 1651
f 1648 1651 1649
f 1463 1639 1651
f 1463 1651 1650
f 1466 1475 1652
f 1466 1652 1644
f 1478 1480 1653
f 1478 1653 1654
f 1480 1482 1655
f 1480 1655 1653
f 1468 1482 1656
f 1468 1656 1467
f 1482 1656 1657
f 1482 1657 1655
f 1467 1656 1658
f 1467 1658 1470
f 1656 1658 1659
f 1656 1659 1657
f 1470 1646 1659
f 1470 1659 1658
f 1475 1483 1660
f 1475 1660 1652
f 1486 1488 1661
f 1486 1661 1662
f 1488 1490 1663
f 1488 1663 1661
f 1490 1492 1664
f 1490 1664 1663
f 1477 1492 1665
f 1477 1665 1476
f 1492 1665 1666
f 1492 1666 1664
f 1476 1665 1667
f 1476 1667 1478
f 1665 1667 1668
f 1665 1668 1666
f 1478 1654 1668
f 1478 1668 1667
f 1483 1494 1669
f 1483 1669 1660
f 1493 1496 1670
f 1493 1670 1671
f 1496 1498 1672
f 1496 1672 1670
f 1498 1500 1673
f 1498 1673 1672
f 1485 1500 1674
f 1485 1674 1484
f 1500 1674 1675
f 1500 1675 1673
f 1484 1674 1676
f 1484 1676 1486
f 1674 1676 1677
f 1674 1677 1675
f 1486 1662 1677
f 1486 1677 1676
f 1494 1678 1679
f 1494 1679 1493
f 1678 1679 1680
f 1678 1680 1681
f 1494 1678 1681
f 1494 1681 1669
f 1493 1671 1680
f 1493 1680 1679
f 1503 1682 1683
f 1503 1683 1504
f 1503 1505 1684
f 1503 1684 1682
f 1504 1506 1508
f 1504 1508 1685
f 1504 1683 1686
f 1504 1686 1685
f 1685 1508 1509
f 1685 1509 1687
f 1685 1686 1688
f 1685 1688 1687
f 1687 1688 1689
f 1687 1689 1509
f 1505 1507 1690
f 1505 1690 1684
f 1509 1689 1691
f 1509 1691 1510
f 1510 1691 1692
f 1510 1692 1512
f 1512 1692 1693
f 1512 1693 1514
f 1514 1515 1517
f 1514 1517 1694
f 1514 1693 1695
f 1514 1695 1694
f 1694 1517 1518
f 1694 1518 1696
f 1694 1695 1697
f 1694 1697 1696
f 1696 1697 1698
f 1696 1698 1518
f 1507 1516 1699
f 1507 1699 1690
f 1518 1698 1700
f 1518 1700 1519
f 1519 1700 1701
f 1519 1701 1521
f 1521 1701 1702
f 1521 1702 1523
f 1523 1524 1526
f 1523 1526 1703
f 1523 1702 1704
f 1523 1704 1703
f 1703 1526 1527
f 1703 1527 1705
f 1703 1704 1706
f 1703 1706 1705
f 1705 1706 1707
f 1705 1707 1527
f 1516 1525 1708
f 1516 1708 1699
f 1527 1707 1709
f 1527 1709 1529
f 1529 1709 1710
f 1529 1710 1531
f 1531 1532 1534
f 1531 1534 1711
f 1531 1710 1712
f 1531 1712 1711
f 1711 1534 1535
f 1711 1535 1713
f 1711 1712 1714
f 1711 1714 1713
f 1713 1714 1715
f 1713 1715 1535
f 1525 1533 1716
f 1525 1716 1708
f 1535 1715 1717
f 1535 1717 1537
f 1537 1717 1718
f 1537 1718 1539
f 1539 1540 1542
f 1539 1542 1719
f 1539 1718 1720
f 1539 1720 1719
f 1719 1720 1721
f 1719 1721 1542
f 1533 1541 1722
f 1533 1722 1716
f 1542 1721 1723
f 1542 1723 1544
f 1544 1723 1724
f 1544 1724 1546
f 1546 1547 1549
f 1546 1549 1725
f 1546 1724 1726
f 1546 1726 1725
f 1725 1726 1727
f 1725 1727 1549
f 1541 1548 1728
f 1541 1728 1722
f 1549 1727 1729
f 1549 1729 1551
f 1551 1552 1554
f 1551 1554 1730
f 1551 1729 1731
f 1551 1731 1730
f 1730 1554 1556
f 1730 1556 1732
f 1730 1731 1733
f 1730 1733 1732
f 1732 1733 1734
f 1732 1734 1556
f 1548 1553 1735
f 1548 1735 1728
f 1556 1734 1736
f 1556 1736 1558
f 1558 1559 1562
f 1558 1562 1737
f 1558 1736 1738
f 1558 1738 1737
f 1737 1738 1739
f 1737 1739 1562
f 1553 1560 1740
f 1553 1740 1735
f 1562 1739 1741
f 1562 1741 1564
f 1564 1565 1568
f 1564 1568 1742
f 1564 1741 1743
f 1564 1743 1742
f 1742 1743 1744
f 1742 1744 1568
f 1560 1566 1745
f 1560 1745 1740
f 1568 1569 1572
f 1568 1572 1746
f 1568 1744 1747
f 1568 1747 1746
f 1746 1572 1575
f 1746 1575 1748
f 1746 1747 1749
f 1746 1749 1748
f 1748 1749 1750
f 1748 1750 1575
f 1566 1570 1751
f 1566 1751 1745
f 1575 1576 1580
f 1575 1580 1752
f 1575 1750 1753
f 1575 1753 1752
f 1752 1753 1754
f 1752 1754 1580
f 1570 1577 1755
f 1570 1755 1751
f 1580 1581 1756
f 1580 1756 1757
f 1580 1754 1758
f 1580 1758 1757
f 1757 1758 1759
f 1757 1759 1756
f 1577 1582 1760
f 1577 1760 1755
f 1581 1584 1588
f 1581 1588 1756
f 1756 1588 1761
f 1756 1761 1762
f 1756 1759 1763
f 1756 1763 1762
f 1762 1763 1764
f 1762 1764 1761
f 1582 1585 1765
f 1582 1765 1760
f 1588 1589 1766
f 1588 1766 1761
f 1761 1764 1767
f 1761 1767 1766
f 1585 1590 1768
f 1585 1768 1765
f 1589 1592 1769
f 1589 1769 1766
f 1766 1767 1770
f 1766 1770 1769
f 1590 1593 1771
f 1590 1771 1768
f 1592 1595 1772
f 1592 1772 1769
f 1769 1770 1773
f 1769 1773 1772
f 1593 1596 1774
f 1593 1774 1771
f 1595 1599 1775
f 1595 1775 1772
f 1772 1773 1776
f 1772 1776 1775
f 1596 1601 1777
f 1596 1777 1774
f 1600 1603 1778
f 1600 1778 1599
f 1599 1778 1779
f 1599 1779 1775
f 1778 1779 1780
f 1778 1780 1781
f 1775 1776 1780
f 1775 1780 1779
f 1601 1604 1782
f 1601 1782 1777
f 1603 1607 1783
f 1603 1783 1778
f 1607 1783 1784
f 1607 1784 1785
f 1778 1781 1784
f 1778 1784 1783
f 1604 1609 1786
f 1604 1786 1782
f 1608 1614 1787
f 1608 1787 1607
f 1614 1787 1788
f 1614 1788 1789
f 1607 1785 1788
f 1607 1788 1787
f 1609 1615 1790
f 1609 1790 1786
f 1612 1617 1791
f 1612 1791 1611
f 1617 1791 1792
f 1617 1792 1793
f 1611 1791 1794
f 1611 1794 1614
f 1791 1794 1795
f 1791 1795 1792
f 1614 1789 1795
f 1614 1795 1794
f 1615 1619 1796
f 1615 1796 1790
f 1621 1624 1797
f 1621 1797 1798
f 1618 1624 1799
f 1618 1799 1617
f 1624 1799 1800
f 1624 1800 1797
f 1617 1793 1800
f 1617 1800 1799
f 1619 1625 1801
f 1619 1801 1796
f 1629 1631 1802
f 1629 1802 1803
f 1622 1631 1804
f 1622 1804 1621
f 1631 1804 1805
f 1631 1805 1802
f 1621 1798 1805
f 1621 1805 1804
f 1625 1632 1806
f 1625 1806 1801
f 1633 1636 1807
f 1633 1807 1808
f 1627 1636 1809
f 1627 1809 1626
f 1636 1809 1810
f 1636 1810 1807
f 1626 1809 1811
f 1626 1811 1629
f 1809 1811 1812
f 1809 1812 1810
f 1629 1803 1812
f 1629 1812 1811
f 1632 1637 1813
f 1632 1813 1806
f 1638 1641 1814
f 1638 1814 1815
f 1641 1643 1816
f 1641 1816 1814
f 1634 1643 1817
f 1634 1817 1633
f 1643 1817 1818
f 1643 1818 1816
f 1633 1808 1818
f 1633 1818 1817
f 1637 1644 1819
f 1637 1819 1813
f 1647 1649 1820
f 1647 1820 1821
f 1649 1651 1822
f 1649 1822 1820
f 1639 1651 1823
f 1639 1823 1638
f 1651 1823 1824
f 1651 1824 1822
f 1638 1815 1824
f 1638 1824 1823
f 1644 1652 1825
f 1644 1825 1819
f 1655 1657 1826
f 1655 1826 1827
f 1657 1659 1828
f 1657 1828 1826
f 1646 1659 1829
f 1646 1829 1645
f 1659 1829 1830
f 1659 1830 1828
f 1645 1829 1831
f 1645 1831 1647
f 1829 1831 1832
f 1829 1832 1830
f 1647 1821 1832
f 1647 1832 1831
f 1652 1660 1833
f 1652 1833 1825
f 1663 1664 1834
f 1663 1834 1835
f 1664 1666 1836
f 1664 1836 1834
f 1666 1668 1837
f 1666 1837 1836
f 1654 1668 1838
f 1654 1838 1653
f 1668 1838 1839
f 1668 1839 1837
f 1653 1838 1840
f 1653 1840 1655
f 1838 1840 1841
f 1838 1841 1839
f 1655 1827 1841
f 1655 1841 1840
f 1660 1669 1842
f 1660 1842 1833
f 1672 1673 1843
f 1672 1843 1844
f 1673 1675 1845
f 1673 1845 1843
f 1675 1677 1846
f 1675 1846 1845
f 1662 1677 1847
f 1662 1847 1661
f 1677 1847 1848
f 1677 1848 1846
f 1661 1847 1849
f 1661 1849 1663
f 1847 1849 1850
f 1847 1850 1848
f 1663 1835 1850
f 1663 1850 1849
f 1681 1680 1851
f 1681 1851 1852
f 1669 1681 1852
f 1669 1852 1842
f 1671 1680 1853
f 1671 1853 1670
f 1680 1853 1854
f 1680 1854 1851
f 1670 1853 1855
f 1670 1855 1672
f 1853 1855 1856
f 1853 1856 1854
f 1672 1844 1856
f 1672 1856 1855
f 1682 1857 1858
f 1682 1858 1683
f 1682 1684 1859
f 1682 1859 1857
f 1683 1858 1860
f 1683 1860 1686
f 1686 1860 1861
f 1686 1861 1688
f 1688 1689 1691
f 1688 1691 1862
f 1688 1861 1863
f 1688 1863 1862
f 1862 1863 1864
f 1862 1864 1691
f 1684 1690 1865
f 1684 1865 1859
f 1691 1864 1866
f 1691 1866 1692
f 1692 1866 1867
f 1692 1867 1693
f 1693 1867 1868
f 1693 1868 1695
f 1695 1868 1869
f 1695 1869 1697
f 1697 1698 1700
f 1697 1700 1870
f 1697 1869 1871
f 1697 1871 1870
f 1870 1700 1701
f 1870 1701 1872
f 1870 1871 1873
f 1870 1873 1872
f 1872 1873 1874
f 1872 1874 1701
f 1690 1699 1875
f 1690 1875 1865
f 1701 1874 1876
f 1701 1876 1702
f 1702 1876 1877
f 1702 1877 1704
f 1704 1877 1878
f 1704 1878 1706
f 1706 1707 1709
f 1706 1709 1879
f 1706 1878 1880
f 1706 1880 1879
f 1879 1880 1881
f 1879 1881 1709
f 1699 1708 1882
f 1699 1882 1875
f 1709 1881 1883
f 1709 1883 1710
f 1710 1883 1884
f 1710 1884 1712
f 1712 1884 1885
f 1712 1885 1714
f 1714 1715 1717
f 1714 1717 1886
f 1714 1885 1887
f 1714 1887 1886
f 1886 1887 1888
f 1886 1888 1717
f 1708 1716 1889
f 1708 1889 1882
f 1717 1888 1890
f 1717 1890 1718
f 1718 1890 1891
f 1718 1891 1720
f 1720 1721 1723
f 1720 1723 1892
f 1720 1891 1893
f 1720 1893 1892
f 1892 1893 1894
f 1892 1894 1723
f 1716 1722 1895
f 1716 1895 1889
f 1723 1894 1896
f 1723 1896 1724
f 1724 1896 1897
f 1724 1897 1726
f 1726 1727 1729
f 1726 1729 1898
f 1726 1897 1899
f 1726 1899 1898
f 1898 1899 1900
f 1898 1900 1729
f 1722 1728 1901
f 1722 1901 1895
f 1729 1900 1902
f 1729 1902 1731
f 1731 1902 1903
f 1731 1903 1733
f 1733 1734 1736
f 1733 1736 1904
f 1733 1903 1905
f 1733 1905 1904
f 1904 1905 1906
f 1904 1906 1736
f 1728 1735 1907
f 1728 1907 1901
f 1736 1906 1908
f 1736 1908 1738
f 1738 1739 1741
f 1738 1741 1909
f 1738 1908 1910
f 1738 1910 1909
f 1909 1910 1911
f 1909 1911 1741
f 1735 1740 1912
f 1735 1912 1907
f 1741 1911 1913
f 1741 1913 1743
f 1743 1744 1747
f 1743 1747 1914
f 1743 1913 1915
f 1743 1915 1914
f 1914 1915 1916
f 1914 1916 1747
f 1740 1745 1917
f 1740 1917 1912
f 1747 1916 1918
f 1747 1918 1749
f 1749 1750 1753
f 1749 1753 1919
f 1749 1918 1920
f 1749 1920 1919
f 1919 1920 1921
f 1919 1921 1753
f 1745 1751 1922
f 1745 1922 1917
f 1753 1754 1758
f 1753 1758 1923
f 1753 1921 1924
f 1753 1924 1923
f 1923 1924 1925
f 1923 1925 1758
f 1751 1755 1926
f 1751 1926 1922
f 1758 1759 1763
f 1758 1763 1927
f 1758 1925 1928
f 1758 1928 1927
f 1927 1928 1929
f 1927 1929 1763
f 1755 1760 1930
f 1755 1930 1926
f 1763 1764 1931
f 1763 1931 1932
f 1763 1929 1933
f 1763 1933 1932
f 1932 1933 1934
f 1932 1934 1931
f 1760 1765 1935
f 1760 1935 1930
f 1764 1767 1936
f 1764 1936 1931
f 1931 1934 1937
f 1931 1937 1936
f 1765 1768 1938
f 1765 1938 1935
f 1767 1770 1939
f 1767 1939 1936
f 1936 1937 1940
f 1936 1940 1939
f 1768 1771 1941
f 1768 1941 1938
f 1770 1773 1942
f 1770 1942 1939
f 1939 1940 1943
f 1939 1943 1942
f 1771 1774 1944
f 1771 1944 1941
f 1773 1776 1945
f 1773 1945 1942
f 1942 1943 1946
f 1942 1946 1945
f 1774 1777 1947
f 1774 1947 1944
f 1776 1780 1948
f 1776 1948 1945
f 1780 1948 1949
f 1780 1949 1950
f 1945 1946 1949
f 1945 1949 1948
f 1777 1782 1951
f 1777 1951 1947
f 1781 1784 1952
f 1781 1952 1780
f 1784 1952 1953
f 1784 1953 1954
f 1780 1950 1953
f 1780 1953 1952
f 1782 1786 1955
f 1782 1955 1951
f 1785 1788 1956
f 1785 1956 1784
f 1788 1956 1957
f 1788 1957 1958
f 1784 1954 1957
f 1784 1957 1956
f 1786 1790 1959
f 1786 1959 1955
f 1792 1795 1960
f 1792 1960 1961
f 1789 1795 1962
f 1789 1962 1788
f 1795 1962 1963
f 1795 1963 1960
f 1788 1958 1963
f 1788 1963 1962
f 1790 1796 1964
f 1790 1964 1959
f 1797 1800 1965
f 1797 1965 1966
f 1793 1800 1967
f 1793 1967 1792
f 1800 1967 1968
f 1800 1968 1965
f 1792 1961 1968
f 1792 1968 1967
f 1796 1801 1969
f 1796 1969 1964
f 1802 1805 1970
f 1802 1970 1971
f 1798 1805 1972
f 1798 1972 1797
f 1805 1972 1973
f 1805 1973 1970
f 1797 1966 1973
f 1797 1973 1972
f 1801 1806 1974
f 1801 1974 1969
f 1807 1810 1975
f 1807 1975 1976
f 1810 1812 1977
f 1810 1977 1975
f 1803 1812 1978
f 1803 1978 1802
f 1812 1978 1979
f 1812 1979 1977
f 1802 1971 1979
f 1802 1979 1978
f 1806 1813 1980
f 1806 1980 1974
f 1814 1816 1981
f 1814 1981 1982
f 1816 1818 1983
f 1816 1983 1981
f 1808 1818 1984
f 1808 1984 1807
f 1818 1984 1985
f 1818 1985 1983
f 1807 1976 1985
f 1807 1985 1984
f 1813 1819 1986
f 1813 1986 1980
f 1820 1822 1987
f 1820 1987 1988
f 1822 1824 1989
f 1822 1989 1987
f 1815 1824 1990
f 1815 1990 1814
f 1824 1990 1991
f 1824 1991 1989
f 1814 1982 1991
f 1814 1991 1990
f 1819 1825 1992
f 1819 1992 1986
f 1826 1828 1993
f 1826 1993 1994
f 1828 1830 1995
f 1828 1995 1993
f 1830 1832 1996
f 1830 1996 1995
f 1821 1832 1997
f 1821 1997 1820
f 1832 1997 1998
f 1832 1998 1996
f 1820 1988 1998
f 1820 1998 1997
f 1825 1833 1999
f 1825 1999 1992
f 1836 1837 2000
f 1836 2000 2001
f 1837 1839 2002
f 1837 2002 2000
f 1839 1841 2003
f 1839 2003 2002
f 1827 1841 2004
f 1827 2004 1826
f 1841 2004 2005
f 1841 2005 2003
f 1826 1994 2005
f 1826 2005 2004
f 1833 1842 2006
f 1833 2006 1999
f 1843 1845 2007
f 1843 2007 2008
f 1845 1846 2009
f 1845 2009 2007
f 1846 1848 2010
f 1846 2010 2009
f 1848 1850 2011
f 1848 2011 2010
f 1835 1850 2012
f 1835 2012 1834
f 1850 2012 2013
f 1850 2013 2011
f 1834 2012 2014
f 1834 2014 1836
f 2012 2014 2015
f 2012 2015 2013
f 1836 2001 2015
f 1836 2015 2014
f 1852 1851 2016
f 1852 2016 2017
f 1842 1852 2017
f 1842 2017 2006
f 1851 1854 2018
f 1851 2018 2016
f 1854 1856 2019
f 1854 2019 2018
f 1844 1856 2020
f 1844 2020 1843
f 1856 2020 2021
f 1856 2021 2019
f 1843 2008 2021
f 1843 2021 2020
f 1857 2022 2023
f 1857 2023 1858
f 1857 1859 2024
f 1857 2024 2022
f 1858 2023 2025
f 1858 2025 1860
f 1860 2025 2026
f 1860 2026 1861
f 1861 2026 2027
f 1861 2027 1863
f 1863 1864 1866
f 1863 1866 2028
f 1863 2027 2029
f 1863 2029 2028
f 2028 1866 1867
f 2028 1867 2030
f 2028 2029 2031
f 2028 2031 2030
f 2030 2031 2032
f 2030 2032 1867
f 1859 1865 2033
f 1859 2033 2024
f 1867 2032 2034
f 1867 2034 1868
f 1868 2034 2035
f 1868 2035 1869
f 1869 2035 2036
f 1869 2036 1871
f 1871 2036 2037
f 1871 2037 1873
f 1873 1874 1876
f 1873 1876 2038
f 1873 2037 2039
f 1873 2039 2038
f 2038 2039 2040
f 2038 2040 1876
f 1865 1875 2041
f 1865 2041 2033
f 1876 2040 2042
f 1876 2042 1877
f 1877 2042 2043
f 1877 2043 1878
f 1878 2043 2044
f 1878 2044 1880
f 1880 1881 1883
f 1880 1883 2045
f 1880 2044 2046
f 1880 2046 2045
f 2045 2046 2047
f 2045 2047 1883
f 1875 1882 2048
f 1875 2048 2041
f 1883 2047 2049
f 1883 2049 1884
f 1884 2049 2050
f 1884 2050 1885
f 1885 2050 2051
f 1885 2051 1887
f 1887 1888 1890
f 1887 1890 2052
f 1887 2051 2053
f 1887 2053 2052
f 2052 2053 2054
f 2052 2054 1890
f 1882 1889 2055
f 1882 2055 2048
f 1890 2054 2056
f 1890 2056 1891
f 1891 2056 2057
f 1891 2057 1893
f 1893 1894 1896
f 1893 1896 2058
f 1893 2057 2059
f 1893 2059 2058
f 2058 2059 2060
f 2058 2060 1896
f 1889 1895 2061
f 1889 2061 2055
f 1896 2060 2062
f 1896 2062 1897
f 1897 2062 2063
f 1897 2063 1899
f 1899 1900 1902
f 1899 1902 2064
f 1899 2063 2065
f 1899 2065 2064
f 2064 2065 2066
f 2064 2066 1902
f 1895 1901 2067
f 1895 2067 2061
f 1902 2066 2068
f 1902 2068 1903
f 1903 2068 2069
f 1903 2069 1905
f 1905 1906 1908
f 1905 1908 2070
f 1905 2069 2071
f 1905 2071 2070
f 2070 2071 2072
f 2070 2072 1908
f 1901 1907 2073
f 1901 2073 2067
f 1908 2072 2074
f 1908 2074 1910
f 1910 1911 1913
f 1910 1913 2075
f 1910 2074 2076
f 1910 2076 2075
f 2075 2076 2077
f 2075 2077 1913
f 1907 1912 2078
f 1907 2078 2073
f 1913 2077 2079
f 1913 2079 1915
f 1915 1916 1918
f 1915 1918 2080
f 1915 2079 2081
f 1915 2081 2080
f 2080 2081 2082
f 2080 2082 1918
f 1912 1917 2083
f 1912 2083 2078
f 1918 2082 2084
f 1918 2084 1920
f 1920 2084 2085
f 1920 2085 1921
f 1917 1922 2086
f 1917 2086 2083
f 1921 2085 2087
f 1921 2087 1924
f 1924 1925 1928
f 1924 1928 2088
f 1924 2087 2089
f 1924 2089 2088
f 2088 2089 2090
f 2088 2090 1928
f 1922 1926 2091
f 1922 2091 2086
f 1928 1929 1933
f 1928 1933 2092
f 1928 2090 2093
f 1928 2093 2092
f 2092 2093 2094
f 2092 2094 1933
f 1926 1930 2095
f 1926 2095 2091
f 1933 2094 2096
f 1933 2096 1934
f 1930 1935 2097
f 1930 2097 2095
f 1934 1937 2098
f 1934 2098 2099
f 1934 2096 2100
f 1934 2100 2099
f 2099 2100 2101
f 2099 2101 2098
f 1935 1938 2102
f 1935 2102 2097
f 1937 1940 2103
f 1937 2103 2098
f 2098 2101 2104
f 2098 2104 2103
f 1938 1941 2105
f 1938 2105 2102
f 1940 1943 2106
f 1940 2106 2103
f 2103 2104 2107
f 2103 2107 2106
f 1941 1944 2108
f 1941 2108 2105
f 1943 1946 2109
f 1943 2109 2106
f 1946 2109 2110
f 1946 2110 2111
f 2106 2107 2110
f 2106 2110 2109
f 1944 1947 2112
f 1944 2112 2108
f 1946 2111 2113
f 1946 2113 1949
f 1947 1951 2114
f 1947 2114 2112
f 1950 1953 2115
f 1950 2115 1949
f 1953 2115 2116
f 1953 2116 2117
f 1949 2113 2116
f 1949 2116 2115
f 1951 1955 2118
f 1951 2118 2114
f 1958 1957 2119
f 1958 2119 2120
f 1954 1957 2121
f 1954 2121 1953
f 1957 2121 2122
f 1957 2122 2119
f 1953 2117 2122
f 1953 2122 2121
f 1955 1959 2123
f 1955 2123 2118
f 1960 1963 2124
f 1960 2124 2125
f 1958 2120 2124
f 1958 2124 1963
f 1959 1964 2126
f 1959 2126 2123
f 1965 1968 2127
f 1965 2127 2128
f 1961 1968 2129
f 1961 2129 1960
f 1968 2129 2130
f 1968 2130 2127
f 1960 2125 2130
f 1960 2130 2129
f 1964 1969 2131
f 1964 2131 2126
f 1970 1973 2132
f 1970 2132 2133
f 1966 1973 2134
f 1966 2134 1965
f 1973 2134 2135
f 1973 2135 2132
f 1965 2128 2135
f 1965 2135 2134
f 1969 1974 2136
f 1969 2136 2131
f 1975 1977 2137
f 1975 2137 2138
f 1977 1979 2139
f 1977 2139 2137
f 1971 1979 2140
f 1971 2140 1970
f 1979 2140 2141
f 1979 2141 2139
f 1970 2133 2141
f 1970 2141 2140
f 1974 1980 2142
f 1974 2142 2136
f 1981 1983 2143
f 1981 2143 2144
f 1983 1985 2145
f 1983 2145 2143
f 1976 1985 2146
f 1976 2146 1975
f 1985 2146 2147
f 1985 2147 2145
f 1975 2138 2147
f 1975 2147 2146
f 1980 1986 2148
f 1980 2148 2142
f 1987 1989 2149
f 1987 2149 2150
f 1989 1991 2151
f 1989 2151 2149
f 1982 1991 2152
f 1982 2152 1981
f 1991 2152 2153
f 1991 2153 2151
f 1981 2144 2153
f 1981 2153 2152
f 1986 1992 2154
f 1986 2154 2148
f 1993 1995 2155
f 1993 2155 2156
f 1995 1996 2157
f 1995 2157 2155
f 1996 1998 2158
f 1996 2158 2157
f 1988 1998 2159
f 1988 2159 1987
f 1998 2159 2160
f 1998 2160 2158
f 1987 2150 2160
f 1987 2160 2159
f 1992 1999 2161
f 1992 2161 2154
f 2000 2002 2162
f 2000 2162 2163
f 2002 2003 2164
f 2002 2164 2162
f 2003 2005 2165
f 2003 2165 2164
f 1994 2005 2166
f 1994 2166 1993
f 2005 2166 2167
f 2005 2167 2165
f 1993 2156 2167
f 1993 2167 2166
f 1999 2006 2168
f 1999 2168 2161
f 2009 2010 2169
f 2009 2169 2170
f 2010 2011 2171
f 2010 2171 2169
f 2011 2013 2172
f 2011 2172 2171
f 2013 2015 2173
f 2013 2173 2172
f 2001 2015 2174
f 2001 2174 2000
f 2015 2174 2175
f 2015 2175 2173
f 2000 2163 2175
f 2000 2175 2174
f 2017 2016 2176
f 2017 2176 2177
f 2006 2017 2177
f 2006 2177 2168
f 2016 2018 2178
f 2016 2178 2176
f 2018 2019 2179
f 2018 2179 2178
f 2019 2021 2180
f 2019 2180 2179
f 2008 2021 2181
f 2008 2181 2007
f 2021 2181 2182
f 2021 2182 2180
f 2007 2181 2183
f 2007 2183 2009
f 2181 2183 2184
f 2181 2184 2182
f 2009 2170 2184
f 2009 2184 2183
f 2022 2185 2186
f 2022 2186 2023
f 2022 2024 2187
f 2022 2187 2185
f 2023 2186 2188
f 2023 2188 2025
f 2025 2188 2189
f 2025 2189 2026
f 2026 2189 2190
f 2026 2190 2027
f 2027 2190 2191
f 2027 2191 2029
f 2029 2191 2192
f 2029 2192 2031
f 2031 2192 2193
f 2031 2193 2032
f 2024 2033 2194
f 2024 2194 2187
f 2032 2193 2195
f 2032 2195 2034
f 2034 2195 2196
f 2034 2196 2035
f 2035 2196 2197
f 2035 2197 2036
f 2036 2197 2198
f 2036 2198 2037
f 2037 2198 2199
f 2037 2199 2039
f 2039 2199 2200
f 2039 2200 2040
f 2033 2041 2201
f 2033 2201 2194
f 2040 2200 2202
f 2040 2202 2042
f 2042 2202 2203
f 2042 2203 2043
f 2043 2203 2204
f 2043 2204 2044
f 2044 2204 2205
f 2044 2205 2046
f 2046 2047 2049
f 2046 2049 2206
f 2046 2205 2207
f 2046 2207 2206
f 2206 2207 2208
f 2206 2208 2049
f 2041 2048 2209
f 2041 2209 2201
f 2049 2208 2210
f 2049 2210 2050
f 2050 2210 2211
f 2050 2211 2051
f 2051 2211 2212
f 2051 2212 2053
f 2053 2054 2056
f 2053 2056 2213
f 2053 2212 2214
f 2053 2214 2213
f 2213 2214 2215
f 2213 2215 2056
f 2048 2055 2216
f 2048 2216 2209
f 2056 2215 2217
f 2056 2217 2057
f 2057 2217 2218
f 2057 2218 2059
f 2059 2060 2062
f 2059 2062 2219
f 2059 2218 2220
f 2059 2220 2219
f 2219 2220 2221
f 2219 2221 2062
f 2055 2061 2222
f 2055 2222 2216
f 2062 2221 2223
f 2062 2223 2063
f 2063 2223 2224
f 2063 2224 2065
f 2065 2066 2068
f 2065 2068 2225
f 2065 2224 2226
f 2065 2226 2225
f 2225 2226 2227
f 2225 2227 2068
f 2061 2067 2228
f 2061 2228 2222
f 2068 2227 2229
f 2068 2229 2069
f 2069 2229 2230
f 2069 2230 2071
f 2071 2230 2231
f 2071 2231 2072
f 2067 2073 2232
f 2067 2232 2228
f 2072 2231 2233
f 2072 2233 2074
f 2074 2233 2234
f 2074 2234 2076
f 2076 2077 2079
f 2076 2079 2235
f 2076 2234 2236
f 2076 2236 2235
f 2235 2236 2237
f 2235 2237 2079
f 2073 2078 2238
f 2073 2238 2232
f 2079 2237 2239
f 2079 2239 2081
f 2081 2239 2240
f 2081 2240 2082
f 2078 2083 2241
f 2078 2241 2238
f 2082 2240 2242
f 2082 2242 2084
f 2084 2085 2087
f 2084 2087 2243
f 2084 2242 2244
f 2084 2244 2243
f 2243 2244 2245
f 2243 2245 2087
f 2083 2086 2246
f 2083 2246 2241
f 2087 2245 2247
f 2087 2247 2089
f 2089 2247 2248
f 2089 2248 2090
f 2086 2091 2249
f 2086 2249 2246
f 2090 2248 2250
f 2090 2250 2093
f 2093 2250 2251
f 2093 2251 2094
f 2091 2095 2252
f 2091 2252 2249
f 2094 2096 2100
f 2094 2100 2253
f 2094 2251 2254
f 2094 2254 2253
f 2253 2254 2255
f 2253 2255 2100
f 2095 2097 2256
f 2095 2256 2252
f 2100 2255 2257
f 2100 2257 2101
f 2097 2102 2258
f 2097 2258 2256
f 2101 2104 2259
f 2101 2259 2260
f 2101 2257 2261
f 2101 2261 2260
f 2260 2261 2262
f 2260 2262 2259
f 2102 2105 2263
f 2102 2263 2258
f 2104 2107 2264
f 2104 2264 2259
f 2107 2264 2265
f 2107 2265 2266
f 2259 2262 2265
f 2259 2265 2264
f 2105 2108 2267
f 2105 2267 2263
f 2107 2266 2268
f 2107 2268 2110
f 2108 2112 2269
f 2108 2269 2267
f 2111 2113 2270
f 2111 2270 2110
f 2113 2270 2271
f 2113 2271 2272
f 2110 2268 2271
f 2110 2271 2270
f 2112 2114 2273
f 2112 2273 2269
f 2117 2116 2274
f 2117 2274 2275
f 2113 2272 2274
f 2113 2274 2116
f 2114 2118 2276
f 2114 2276 2273
f 2119 2122 2277
f 2119 2277 2278
f 2117 2275 2277
f 2117 2277 2122
f 2118 2123 2279
f 2118 2279 2276
f 2125 2124 2280
f 2125 2280 2281
f 2120 2124 2282
f 2120 2282 2119
f 2124 2282 2283
f 2124 2283 2280
f 2119 2278 2283
f 2119 2283 2282
f 2123 2126 2284
f 2123 2284 2279
f 2127 2130 2285
f 2127 2285 2286
f 2125 2281 2285
f 2125 2285 2130
f 2126 2131 2287
f 2126 2287 2284
f 2133 2132 2288
f 2133 2288 2289
f 2132 2135 2290
f 2132 2290 2288
f 2128 2135 2291
f 2128 2291 2127
f 2135 2291 2292
f 2135 2292 2290
f 2127 2286 2292
f 2127 2292 2291
f 2131 2136 2293
f 2131 2293 2287
f 2137 2139 2294
f 2137 2294 2295
f 2139 2141 2296
f 2139 2296 2294
f 2133 2289 2296
f 2133 2296 2141
f 2136 2142 2297
f 2136 2297 2293
f 2143 2145 2298
f 2143 2298 2299
f 2145 2147 2300
f 2145 2300 2298
f 2138 2147 2301
f 2138 2301 2137
f 2147 2301 2302
f 2147 2302 2300
f 2137 2295 2302
f 2137 2302 2301
f 2142 2148 2303
f 2142 2303 2297
f 2149 2151 2304
f 2149 2304 2305
f 2151 2153 2306
f 2151 2306 2304
f 2144 2153 2307
f 2144 2307 2143
f 2153 2307 2308
f 2153 2308 2306
f 2143 2299 2308
f 2143 2308 2307
f 2148 2154 2309
f 2148 2309 2303
f 2155 2157 2310
f 2155 2310 2311
f 2157 2158 2312
f 2157 2312 2310
f 2158 2160 2313
f 2158 2313 2312
f 2150 2160 2314
f 2150 2314 2149
f 2160 2314 2315
f 2160 2315 2313
f 2149 2305 2315
f 2149 2315 2314
f 2154 2161 2316
f 2154 2316 2309
f 2163 2162 2317
f 2163 2317 2318
f 2162 2164 2319
f 2162 2319 2317
f 2164 2165 2320
f 2164 2320 2319
f 2165 2167 2321
f 2165 2321 2320
f 2156 2167 2322
f 2156 2322 2155
f 2167 2322 2323
f 2167 2323 2321
f 2155 2311 2323
f 2155 2323 2322
f 2161 2168 2324
f 2161 2324 2316
f 2170 2169 2325
f 2170 2325 2326
f 2169 2171 2327
f 2169 2327 2325
f 2171 2172 2328
f 2171 2328 2327
f 2172 2173 2329
f 2172 2329 2328
f 2173 2175 2330
f 2173 2330 2329
f 2163 2318 2330
f 2163 2330 2175
f 2177 2176 2331
f 2177 2331 2332
f 2168 2177 2332
f 2168 2332 2324
f 2176 2178 2333
f 2176 2333 2331
f 2178 2179 2334
f 2178 2334 2333
f 2179 2180 2335
f 2179 2335 2334
f 2180 2182 2336
f 2180 2336 2335
f 2182 2184 2337
f 2182 2337 2336
f 2170 2326 2337
f 2170 2337 2184
f 2338 2185 2186
f 2338 2186 2339
f 2338 2340 2341
f 2338 2341 2339
f 2338 2185 2342
f 2338 2342 2340
f 2339 2341 2343
f 2339 2343 2186
f 2185 2187 2344
f 2185 2344 2342
f 2186 2343 2345
f 2186 2345 2188
f 2188 2345 2346
f 2188 2346 2189
f 2189 2346 2347
f 2189 2347 2190
f 2190 2347 2348
f 2190 2348 2191
f 2191 2348 2349
f 2191 2349 2192
f 2192 2193 2195
f 2192 2195 2350
f 2192 2349 2351
f 2192 2351 2350
f 2350 2351 2352
f 2350 2352 2195
f 2187 2194 2353
f 2187 2353 2344
f 2195 2352 2354
f 2195 2354 2196
f 2196 2354 2355
f 2196 2355 2197
f 2197 2355 2356
f 2197 2356 2198
f 2198 2356 2357
f 2198 2357 2199
f 2199 2200 2202
f 2199 2202 2358
f 2199 2357 2359
f 2199 2359 2358
f 2358 2359 2360
f 2358 2360 2202
f 2194 2201 2361
f 2194 2361 2353
f 2202 2360 2362
f 2202 2362 2203
f 2203 2362 2363
f 2203 2363 2204
f 2204 2363 2364
f 2204 2364 2205
f 2205 2364 2365
f 2205 2365 2207
f 2207 2365 2366
f 2207 2366 2208
f 2201 2209 2367
f 2201 2367 2361
f 2208 2366 2368
f 2208 2368 2210
f 2210 2368 2369
f 2210 2369 2211
f 2211 2369 2370
f 2211 2370 2212
f 2212 2370 2371
f 2212 2371 2214
f 2214 2371 2372
f 2214 2372 2215
f 2209 2216 2373
f 2209 2373 2367
f 2215 2372 2374
f 2215 2374 2217
f 2217 2374 2375
f 2217 2375 2218
f 2218 2375 2376
f 2218 2376 2220
f 2220 2376 2377
f 2220 2377 2221
f 2216 2222 2378
f 2216 2378 2373
f 2221 2377 2379
f 2221 2379 2223
f 2223 2379 2380
f 2223 2380 2224
f 2224 2380 2381
f 2224 2381 2226
f 2226 2381 2382
f 2226 2382 2227
f 2222 2228 2383
f 2222 2383 2378
f 2227 2382 2384
f 2227 2384 2229
f 2229 2384 2385
f 2229 2385 2230
f 2230 2231 2233
f 2230 2233 2386
f 2230 2385 2387
f 2230 2387 2386
f 2386 2387 2388
f 2386 2388 2233
f 2228 2232 2389
f 2228 2389 2383
f 2233 2388 2390
f 2233 2390 2234
f 2234 2390 2391
f 2234 2391 2236
f 2236 2391 2392
f 2236 2392 2237
f 2232 2238 2393
f 2232 2393 2389
f 2237 2392 2394
f 2237 2394 2239
f 2239 2240 2242
f 2239 2242 2395
f 2239 2394 2396
f 2239 2396 2395
f 2395 2396 2397
f 2395 2397 2242
f 2238 2241 2398
f 2238 2398 2393
f 2242 2397 2399
f 2242 2399 2244
f 2244 2399 2400
f 2244 2400 2245
f 2241 2246 2401
f 2241 2401 2398
f 2245 2400 2402
f 2245 2402 2247
f 2247 2402 2403
f 2247 2403 2248
f 2246 2249 2404
f 2246 2404 2401
f 2248 2403 2405
f 2248 2405 2250
f 2250 2405 2406
f 2250 2406 2251
f 2249 2252 2407
f 2249 2407 2404
f 2251 2406 2408
f 2251 2408 2254
f 2254 2408 2409
f 2254 2409 2255
f 2252 2256 2410
f 2252 2410 2407
f 2255 2257 2261
f 2255 2261 2411
f 2255 2409 2412
f 2255 2412 2411
f 2411 2412 2413
f 2411 2413 2261
f 2256 2258 2414
f 2256 2414 2410
f 2261 2413 2415
f 2261 2415 2262
f 2258 2263 2416
f 2258 2416 2414
f 2262 2415 2417
f 2262 2417 2265
f 2263 2267 2418
f 2263 2418 2416
f 2266 2268 2419
f 2266 2419 2265
f 2268 2419 2420
f 2268 2420 2421
f 2265 2417 2420
f 2265 2420 2419
f 2267 2269 2422
f 2267 2422 2418
f 2272 2271 2423
f 2272 2423 2424
f 2268 2421 2423
f 2268 2423 2271
f 2269 2273 2425
f 2269 2425 2422
f 2275 2274 2426
f 2275 2426 2427
f 2272 2424 2426
f 2272 2426 2274
f 2273 2276 2428
f 2273 2428 2425
f 2278 2277 2429
f 2278 2429 2430
f 2275 2427 2429
f 2275 2429 2277
f 2276 2279 2431
f 2276 2431 2428
f 2280 2283 2432
f 2280 2432 2433
f 2278 2430 2432
f 2278 2432 2283
f 2279 2284 2434
f 2279 2434 2431
f 2286 2285 2435
f 2286 2435 2436
f 2281 2285 2437
f 2281 2437 2280
f 2285 2437 2438
f 2285 2438 2435
f 2280 2433 2438
f 2280 2438 2437
f 2284 2287 2439
f 2284 2439 2434
f 2288 2290 2440
f 2288 2440 2441
f 2290 2292 2442
f 2290 2442 2440
f 2286 2436 2442
f 2286 2442 2292
f 2287 2293 2443
f 2287 2443 2439
f 2295 2294 2444
f 2295 2444 2445
f 2294 2296 2446
f 2294 2446 2444
f 2289 2296 2447
f 2289 2447 2288
f 2296 2447 2448
f 2296 2448 2446
f 2288 2441 2448
f 2288 2448 2447
f 2293 2297 2449
f 2293 2449 2443
f 2299 2298 2450
f 2299 2450 2451
f 2298 2300 2452
f 2298 2452 2450
f 2300 2302 2453
f 2300 2453 2452
f 2295 2445 2453
f 2295 2453 2302
f 2297 2303 2454
f 2297 2454 2449
f 2305 2304 2455
f 2305 2455 2456
f 2304 2306 2457
f 2304 2457 2455
f 2306 2308 2458
f 2306 2458 2457
f 2299 2451 2458
f 2299 2458 2308
f 2303 2309 2459
f 2303 2459 2454
f 2311 2310 2460
f 2311 2460 2461
f 2310 2312 2462
f 2310 2462 2460
f 2312 2313 2463
f 2312 2463 2462
f 2313 2315 2464
f 2313 2464 2463
f 2305 2456 2464
f 2305 2464 2315
f 2309 2316 2465
f 2309 2465 2459
f 2317 2319 2466
f 2317 2466 2467
f 2319 2320 2468
f 2319 2468 2466
f 2320 2321 2469
f 2320 2469 2468
f 2321 2323 2470
f 2321 2470 2469
f 2311 2461 2470
f 2311 2470 2323
f 2316 2324 2471
f 2316 2471 2465
f 2325 2327 2472
f 2325 2472 2473
f 2327 2328 2474
f 2327 2474 2472
f 2328 2329 2475
f 2328 2475 2474
f 2329 2330 2476
f 2329 2476 2475
f 2318 2330 2477
f 2318 2477 2317
f 2330 2477 2478
f 2330 2478 2476
f 2317 2467 2478
f 2317 2478 2477
f 2324 2332 2479
f 2324 2479 2471
f 2331 2333 2480
f 2331 2480 2481
f 2333 2334 2482
f 2333 2482 2480
f 2334 2335 2483
f 2334 2483 2482
f 2335 2336 2484
f 2335 2484 2483
f 2336 2337 2485
f 2336 2485 2484
f 2326 2337 2486
f 2326 2486 2325
f 2337 2486 2487
f 2337 2487 2485
f 2325 2473 2487
f 2325 2487 2486
f 2332 2488 2489
f 2332 2489 2331
f 2488 2489 2490
f 2488 2490 2491
f 2332 2488 2491
f 2332 2491 2479
f 2331 2481 2490
f 2331 2490 2489
f 2492 2493 2494
f 2492 2494 2495
f 2340 2492 2493
f 2340 2493 2341
f 2340 2342 2495
f 2340 2495 2492
f 2341 2493 2494
f 2341 2494 2343
f 2342 2344 2496
f 2342 2496 2495
f 2343 2494 2497
f 2343 2497 2345
f 2345 2497 2498
f 2345 2498 2346
f 2346 2498 2499
f 2346 2499 2347
f 2347 2499 2500
f 2347 2500 2348
f 2348 2500 2501
f 2348 2501 2349
f 2501 2502 2503
f 2501 2503 2504
f 2349 2501 2502
f 2349 2502 2351
f 2351 2502 2503
f 2351 2503 2352
f 2344 2353 2505
f 2344 2505 2496
f 2352 2503 2506
f 2352 2506 2354
f 2354 2506 2507
f 2354 2507 2355
f 2355 2507 2508
f 2355 2508 2356
f 2356 2508 2509
f 2356 2509 2357
f 2509 2510 2511
f 2509 2511 2512
f 2357 2509 2510
f 2357 2510 2359
f 2359 2510 2511
f 2359 2511 2360
f 2353 2361 2513
f 2353 2513 2505
f 2360 2511 2514
f 2360 2514 2362
f 2362 2514 2515
f 2362 2515 2363
f 2363 2515 2516
f 2363 2516 2364
f 2364 2516 2517
f 2364 2517 2365
f 2365 2517 2518
f 2365 2518 2366
f 2361 2367 2519
f 2361 2519 2513
f 2366 2518 2520
f 2366 2520 2368
f 2368 2520 2521
f 2368 2521 2369
f 2369 2521 2522
f 2369 2522 2370
f 2370 2522 2523
f 2370 2523 2371
f 2371 2523 2524
f 2371 2524 2372
f 2367 2373 2525
f 2367 2525 2519
f 2372 2524 2526
f 2372 2526 2374
f 2374 2526 2527
f 2374 2527 2375
f 2375 2527 2528
f 2375 2528 2376
f 2376 2528 2529
f 2376 2529 2377
f 2373 2378 2530
f 2373 2530 2525
f 2377 2529 2531
f 2377 2531 2379
f 2379 2531 2532
f 2379 2532 2380
f 2380 2532 2533
f 2380 2533 2381
f 2381 2533 2534
f 2381 2534 2382
f 2378 2383 2535
f 2378 2535 2530
f 2382 2534 2536
f 2382 2536 2384
f 2384 2536 2537
f 2384 2537 2385
f 2537 2538 2539
f 2537 2539 2540
f 2385 2537 2538
f 2385 2538 2387
f 2387 2538 2539
f 2387 2539 2388
f 2383 2389 2541
f 2383 2541 2535
f 2388 2539 2542
f 2388 2542 2390
f 2390 2542 2543
f 2390 2543 2391
f 2391 2543 2544
f 2391 2544 2392
f 2389 2393 2545
f 2389 2545 2541
f 2392 2544 2546
f 2392 2546 2394
f 2546 2547 2548
f 2546 2548 2549
f 2394 2546 2547
f 2394 2547 2396
f 2396 2547 2548
f 2396 2548 2397
f 2393 2398 2550
f 2393 2550 2545
f 2397 2548 2551
f 2397 2551 2399
f 2399 2551 2552
f 2399 2552 2400
f 2398 2401 2553
f 2398 2553 2550
f 2400 2552 2554
f 2400 2554 2402
f 2402 2554 2555
f 2402 2555 2403
f 2401 2404 2556
f 2401 2556 2553
f 2403 2555 2557
f 2403 2557 2405
f 2405 2557 2558
f 2405 2558 2406
f 2404 2407 2559
f 2404 2559 2556
f 2406 2558 2560
f 2406 2560 2408
f 2408 2560 2561
f 2408 2561 2409
f 2407 2410 2562
f 2407 2562 2559
f 2561 2563 2564
f 2561 2564 2565
f 2409 2561 2563
f 2409 2563 2412
f 2412 2563 2564
f 2412 2564 2413
f 2410 2414 2566
f 2410 2566 2562
f 2413 2564 2567
f 2413 2567 2415
f 2414 2416 2568
f 2414 2568 2566
f 2415 2567 2569
f 2415 2569 2417
f 2416 2418 2570
f 2416 2570 2568
f 2571 2569 2572
f 2571 2572 2573
f 2421 2420 2572
f 2421 2572 2573
f 2417 2569 2572
f 2417 2572 2420
f 2418 2422 2574
f 2418 2574 2570
f 2424 2423 2575
f 2424 2575 2576
f 2421 2573 2575
f 2421 2575 2423
f 2422 2425 2577
f 2422 2577 2574
f 2427 2426 2578
f 2427 2578 2579
f 2424 2576 2578
f 2424 2578 2426
f 2425 2428 2580
f 2425 2580 2577
f 2430 2429 2581
f 2430 2581 2582
f 2427 2579 2581
f 2427 2581 2429
f 2428 2431 2583
f 2428 2583 2580
f 2433 2432 2584
f 2433 2584 2585
f 2430 2582 2584
f 2430 2584 2432
f 2431 2434 2586
f 2431 2586 2583
f 2436 2435 2587
f 2436 2587 2588
f 2589 2585 2590
f 2589 2590 2587
f 2435 2438 2590
f 2435 2590 2587
f 2433 2585 2590
f 2433 2590 2438
f 2434 2439 2591
f 2434 2591 2586
f 2441 2440 2592
f 2441 2592 2593
f 2440 2442 2594
f 2440 2594 2592
f 2436 2588 2594
f 2436 2594 2442
f 2439 2443 2595
f 2439 2595 2591
f 2445 2444 2596
f 2445 2596 2597
f 2444 2446 2598
f 2444 2598 2596
f 2599 2593 2600
f 2599 2600 2598
f 2446 2448 2600
f 2446 2600 2598
f 2441 2593 2600
f 2441 2600 2448
f 2443 2449 2601
f 2443 2601 2595
f 2451 2450 2602
f 2451 2602 2603
f 2450 2452 2604
f 2450 2604 2602
f 2452 2453 2605
f 2452 2605 2604
f 2445 2597 2605
f 2445 2605 2453
f 2449 2454 2606
f 2449 2606 2601
f 2456 2455 2607
f 2456 2607 2608
f 2455 2457 2609
f 2455 2609 2607
f 2457 2458 2610
f 2457 2610 2609
f 2451 2603 2610
f 2451 2610 2458
f 2454 2459 2611
f 2454 2611 2606
f 2461 2460 2612
f 2461 2612 2613
f 2460 2462 2614
f 2460 2614 2612
f 2462 2463 2615
f 2462 2615 2614
f 2463 2464 2616
f 2463 2616 2615
f 2456 2608 2616
f 2456 2616 2464
f 2459 2465 2617
f 2459 2617 2611
f 2467 2466 2618
f 2467 2618 2619
f 2466 2468 2620
f 2466 2620 2618
f 2468 2469 2621
f 2468 2621 2620
f 2469 2470 2622
f 2469 2622 2621
f 2461 2613 2622
f 2461 2622 2470
f 2465 2471 2623
f 2465 2623 2617
f 2473 2472 2624
f 2473 2624 2625
f 2472 2474 2626
f 2472 2626 2624
f 2474 2475 2627
f 2474 2627 2626
f 2475 2476 2628
f 2475 2628 2627
f 2629 2619 2630
f 2629 2630 2628
f 2476 2478 2630
f 2476 2630 2628
f 2467 2619 2630
f 2467 2630 2478
f 2471 2479 2631
f 2471 2631 2623
f 2481 2480 2632
f 2481 2632 2633
f 2480 2482 2634
f 2480 2634 2632
f 2482 2483 2635
f 2482 2635 2634
f 2483 2484 2636
f 2483 2636 2635
f 2484 2485 2637
f 2484 2637 2636
f 2638 2625 2639
f 2638 2639 2637
f 2485 2487 2639
f 2485 2639 2637
f 2473 2625 2639
f 2473 2639 2487
f 2631 2633 2640
f 2631 2640 2641
f 2491 2490 2640
f 2491 2640 2641
f 2479 2491 2641
f 2479 2641 2631
f 2481 2633 2640
f 2481 2640 2490
f 2495 2642 2643
f 2495 2643 2494
f 2495 2496 2644
f 2495 2644 2642
f 2494 2643 2645
f 2494 2645 2497
f 2497 2645 2646
f 2497 2646 2498
f 2498 2646 2647
f 2498 2647 2499
f 2499 2647 2648
f 2499 2648 2500
f 2500 2648 2649
f 2500 2649 2501
f 2501 2649 2650
f 2501 2650 2504
f 2496 2505 2651
f 2496 2651 2644
f 2504 2650 2652
f 2504 2652 2503
f 2503 2652 2653
f 2503 2653 2506
f 2506 2653 2654
f 2506 2654 2507
f 2507 2654 2655
f 2507 2655 2508
f 2508 2655 2656
f 2508 2656 2509
f 2509 2656 2657
f 2509 2657 2512
f 2505 2513 2658
f 2505 2658 2651
f 2512 2657 2659
f 2512 2659 2511
f 2511 2659 2660
f 2511 2660 2514
f 2514 2660 2661
f 2514 2661 2515
f 2515 2661 2662
f 2515 2662 2516
f 2662 2663 2664
f 2662 2664 2665
f 2516 2662 2663
f 2516 2663 2517
f 2517 2663 2664
f 2517 2664 2518
f 2513 2519 2666
f 2513 2666 2658
f 2518 2664 2667
f 2518 2667 2520
f 2520 2667 2668
f 2520 2668 2521
f 2521 2668 2669
f 2521 2669 2522
f 2669 2670 2671
f 2669 2671 2672
f 2522 2669 2670
f 2522 2670 2523
f 2523 2670 2671
f 2523 2671 2524
f 2519 2525 2673
f 2519 2673 2666
f 2524 2671 2674
f 2524 2674 2526
f 2526 2674 2675
f 2526 2675 2527
f 2675 2676 2677
f 2675 2677 2678
f 2527 2675 2676
f 2527 2676 2528
f 2528 2676 2677
f 2528 2677 2529
f 2525 2530 2679
f 2525 2679 2673
f 2529 2677 2680
f 2529 2680 2531
f 2531 2680 2681
f 2531 2681 2532
f 2681 2682 2683
f 2681 2683 2684
f 2532 2681 2682
f 2532 2682 2533
f 2533 2682 2683
f 2533 2683 2534
f 2530 2535 2685
f 2530 2685 2679
f 2534 2683 2686
f 2534 2686 2536
f 2536 2686 2687
f 2536 2687 2537
f 2537 2687 2688
f 2537 2688 2540
f 2535 2541 2689
f 2535 2689 2685
f 2540 2688 2690
f 2540 2690 2539
f 2539 2690 2691
f 2539 2691 2542
f 2691 2692 2693
f 2691 2693 2694
f 2542 2691 2692
f 2542 2692 2543
f 2543 2692 2693
f 2543 2693 2544
f 2541 2545 2695
f 2541 2695 2689
f 2544 2693 2696
f 2544 2696 2546
f 2546 2696 2697
f 2546 2697 2549
f 2545 2550 2698
f 2545 2698 2695
f 2549 2697 2699
f 2549 2699 2548
f 2699 2700 2701
f 2699 2701 2702
f 2548 2699 2700
f 2548 2700 2551
f 2551 2700 2701
f 2551 2701 2552
f 2550 2553 2703
f 2550 2703 2698
f 2552 2701 2704
f 2552 2704 2554
f 2554 2704 2705
f 2554 2705 2555
f 2553 2556 2706
f 2553 2706 2703
f 2555 2705 2707
f 2555 2707 2557
f 2557 2707 2708
f 2557 2708 2558
f 2556 2559 2709
f 2556 2709 2706
f 2708 2710 2711
f 2708 2711 2712
f 2558 2708 2710
f 2558 2710 2560
f 2560 2710 2711
f 2560 2711 2561
f 2559 2562 2713
f 2559 2713 2709
f 2561 2711 2714
f 2561 2714 2565
f 2562 2566 2715
f 2562 2715 2713
f 2714 2716 2717
f 2714 2717 2718
f 2565 2714 2716
f 2565 2716 2564
f 2564 2716 2717
f 2564 2717 2567
f 2566 2568 2719
f 2566 2719 2715
f 2718 2717 2720
f 2718 2720 2721
f 2571 2569 2720
f 2571 2720 2721
f 2567 2717 2720
f 2567 2720 2569
f 2568 2570 2722
f 2568 2722 2719
f 2571 2721 2723
f 2571 2723 2573
f 2570 2574 2724
f 2570 2724 2722
f 2725 2723 2726
f 2725 2726 2727
f 2576 2575 2726
f 2576 2726 2727
f 2573 2723 2726
f 2573 2726 2575
f 2574 2577 2728
f 2574 2728 2724
f 2579 2578 2729
f 2579 2729 2730
f 2576 2727 2729
f 2576 2729 2578
f 2577 2580 2731
f 2577 2731 2728
f 2582 2581 2732
f 2582 2732 2733
f 2579 2730 2732
f 2579 2732 2581
f 2580 2583 2734
f 2580 2734 2731
f 2589 2585 2735
f 2589 2735 2736
f 2737 2733 2738
f 2737 2738 2735
f 2585 2584 2738
f 2585 2738 2735
f 2582 2733 2738
f 2582 2738 2584
f 2583 2586 2739
f 2583 2739 2734
f 2588 2587 2740
f 2588 2740 2741
f 2589 2736 2740
f 2589 2740 2587
f 2586 2591 2742
f 2586 2742 2739
f 2599 2593 2743
f 2599 2743 2744
f 2593 2592 2745
f 2593 2745 2743
f 2746 2741 2747
f 2746 2747 2745
f 2592 2594 2747
f 2592 2747 2745
f 2588 2741 2747
f 2588 2747 2594
f 2591 2595 2748
f 2591 2748 2742
f 2597 2596 2749
f 2597 2749 2750
f 2596 2598 2751
f 2596 2751 2749
f 2599 2744 2751
f 2599 2751 2598
f 2595 2601 2752
f 2595 2752 2748
f 2603 2602 2753
f 2603 2753 2754
f 2602 2604 2755
f 2602 2755 2753
f 2756 2750 2757
f 2756 2757 2755
f 2604 2605 2757
f 2604 2757 2755
f 2597 2750 2757
f 2597 2757 2605
f 2601 2606 2758
f 2601 2758 2752
f 2608 2607 2759
f 2608 2759 2760
f 2607 2609 2761
f 2607 2761 2759
f 2762 2754 2763
f 2762 2763 2761
f 2609 2610 2763
f 2609 2763 2761
f 2603 2754 2763
f 2603 2763 2610
f 2606 2611 2764
f 2606 2764 2758
f 2613 2612 2765
f 2613 2765 2766
f 2612 2614 2767
f 2612 2767 2765
f 2614 2615 2768
f 2614 2768 2767
f 2769 2760 2770
f 2769 2770 2768
f 2615 2616 2770
f 2615 2770 2768
f 2608 2760 2770
f 2608 2770 2616
f 2611 2617 2771
f 2611 2771 2764
f 2629 2619 2772
f 2629 2772 2773
f 2619 2618 2774
f 2619 2774 2772
f 2618 2620 2775
f 2618 2775 2774
f 2620 2621 2776
f 2620 2776 2775
f 2777 2766 2778
f 2777 2778 2776
f 2621 2622 2778
f 2621 2778 2776
f 2613 2766 2778
f 2613 2778 2622
f 2617 2623 2779
f 2617 2779 2771
f 2638 2625 2780
f 2638 2780 2781
f 2625 2624 2782
f 2625 2782 2780
f 2624 2626 2783
f 2624 2783 2782
f 2626 2627 2784
f 2626 2784 2783
f 2627 2628 2785
f 2627 2785 2784
f 2629 2773 2785
f 2629 2785 2628
f 2631 2633 2786
f 2631 2786 2787
f 2623 2631 2787
f 2623 2787 2779
f 2633 2632 2788
f 2633 2788 2786
f 2632 2634 2789
f 2632 2789 2788
f 2634 2635 2790
f 2634 2790 2789
f 2635 2636 2791
f 2635 2791 2790
f 2636 2637 2792
f 2636 2792 2791
f 2638 2781 2792
f 2638 2792 2637
f 2642 2793 2794
f 2642 2794 2643
f 2642 2644 2795
f 2642 2795 2793
f 2643 2794 2796
f 2643 2796 2645
f 2645 2796 2797
f 2645 2797 2646
f 2646 2797 2798
f 2646 2798 2647
f 2798 2799 2800
f 2798 2800 2801
f 2647 2798 2799
f 2647 2799 2648
f 2799 2802 2803
f 2799 2803 2800
f 2648 2799 2802
f 2648 2802 2649
f 2649 2802 2803
f 2649 2803 2650
f 2644 2651 2804
f 2644 2804 2795
f 2650 2803 2805
f 2650 2805 2652
f 2652 2805 2806
f 2652 2806 2653
f 2653 2806 2807
f 2653 2807 2654
f 2654 2807 2808
f 2654 2808 2655
f 2808 2809 2810
f 2808 2810 2811
f 2655 2808 2809
f 2655 2809 2656
f 2656 2809 2810
f 2656 2810 2657
f 2651 2658 2812
f 2651 2812 2804
f 2657 2810 2813
f 2657 2813 2659
f 2659 2813 2814
f 2659 2814 2660
f 2660 2814 2815
f 2660 2815 2661
f 2815 2816 2817
f 2815 2817 2818
f 2661 2815 2816
f 2661 2816 2662
f 2662 2816 2817
f 2662 2817 2665
f 2658 2666 2819
f 2658 2819 2812
f 2665 2817 2820
f 2665 2820 2664
f 2664 2820 2821
f 2664 2821 2667
f 2667 2821 2822
f 2667 2822 2668
f 2822 2823 2824
f 2822 2824 2825
f 2668 2822 2823
f 2668 2823 2669
f 2669 2823 2824
f 2669 2824 2672
f 2666 2673 2826
f 2666 2826 2819
f 2672 2824 2827
f 2672 2827 2671
f 2671 2827 2828
f 2671 2828 2674
f 2828 2829 2830
f 2828 2830 2831
f 2674 2828 2829
f 2674 2829 2675
f 2675 2829 2830
f 2675 2830 2678
f 2673 2679 2832
f 2673 2832 2826
f 2678 2830 2833
f 2678 2833 2677
f 2677 2833 2834
f 2677 2834 2680
f 2834 2835 2836
f 2834 2836 2837
f 2680 2834 2835
f 2680 2835 2681
f 2681 2835 2836
f 2681 2836 2684
f 2679 2685 2838
f 2679 2838 2832
f 2684 2836 2839
f 2684 2839 2683
f 2683 2839 2840
f 2683 2840 2686
f 2840 2841 2842
f 2840 2842 2843
f 2686 2840 2841
f 2686 2841 2687
f 2687 2841 2842
f 2687 2842 2688
f 2685 2689 2844
f 2685 2844 2838
f 2688 2842 2845
f 2688 2845 2690
f 2845 2846 2847
f 2845 2847 2848
f 2690 2845 2846
f 2690 2846 2691
f 2691 2846 2847
f 2691 2847 2694
f 2689 2695 2849
f 2689 2849 2844
f 2694 2847 2850
f 2694 2850 2693
f 2850 2851 2852
f 2850 2852 2853
f 2693 2850 2851
f 2693 2851 2696
f 2696 2851 2852
f 2696 2852 2697
f 2695 2698 2854
f 2695 2854 2849
f 2697 2852 2855
f 2697 2855 2699
f 2699 2855 2856
f 2699 2856 2702
f 2698 2703 2857
f 2698 2857 2854
f 2702 2856 2858
f 2702 2858 2701
f 2858 2859 2860
f 2858 2860 2861
f 2701 2858 2859
f 2701 2859 2704
f 2704 2859 2860
f 2704 2860 2705
f 2703 2706 2862
f 2703 2862 2857
f 2860 2863 2864
f 2860 2864 2865
f 2705 2860 2863
f 2705 2863 2707
f 2707 2863 2864
f 2707 2864 2708
f 2706 2709 2866
f 2706 2866 2862
f 2708 2864 2867
f 2708 2867 2712
f 2709 2713 2868
f 2709 2868 2866
f 2867 2869 2870
f 2867 2870 2871
f 2712 2867 2869
f 2712 2869 2711
f 2711 2869 2870
f 2711 2870 2714
f 2713 2715 2872
f 2713 2872 2868
f 2871 2870 2873
f 2871 2873 2874
f 2714 2870 2873
f 2714 2873 2718
f 2715 2719 2875
f 2715 2875 2872
f 2874 2873 2876
f 2874 2876 2877
f 2718 2873 2876
f 2718 2876 2721
f 2719 2722 2878
f 2719 2878 2875
f 2877 2876 2879
f 2877 2879 2880
f 2725 2723 2879
f 2725 2879 2880
f 2721 2876 2879
f 2721 2879 2723
f 2722 2724 2881
f 2722 2881 2878
f 2725 2880 2882
f 2725 2882 2727
f 2724 2728 2883
f 2724 2883 2881
f 2884 2882 2885
f 2884 2885 2886
f 2730 2729 2885
f 2730 2885 2886
f 2727 2882 2885
f 2727 2885 2729
f 2728 2731 2887
f 2728 2887 2883
f 2737 2733 2888
f 2737 2888 2889
f 2890 2886 2891
f 2890 2891 2888
f 2733 2732 2891
f 2733 2891 2888
f 2730 2886 2891
f 2730 2891 2732
f 2731 2734 2892
f 2731 2892 2887
f 2736 2735 2893
f 2736 2893 2894
f 2737 2889 2893
f 2737 2893 2735
f 2734 2739 2895
f 2734 2895 2892
f 2746 2741 2896
f 2746 2896 2897
f 2898 2894 2899
f 2898 2899 2896
f 2741 2740 2899
f 2741 2899 2896
f 2736 2894 2899
f 2736 2899 2740
f 2739 2742 2900
f 2739 2900 2895
f 2744 2743 2901
f 2744 2901 2902
f 2903 2897 2904
f 2903 2904 2901
f 2743 2745 2904
f 2743 2904 2901
f 2746 2897 2904
f 2746 2904 2745
f 2742 2748 2905
f 2742 2905 2900
f 2756 2750 2906
f 2756 2906 2907
f 2750 2749 2908
f 2750 2908 2906
f 2909 2902 2910
f 2909 2910 2908
f 2749 2751 2910
f 2749 2910 2908
f 2744 2902 2910
f 2744 2910 2751
f 2748 2752 2911
f 2748 2911 2905
f 2762 2754 2912
f 2762 2912 2913
f 2754 2753 2914
f 2754 2914 2912
f 2915 2907 2916
f 2915 2916 2914
f 2753 2755 2916
f 2753 2916 2914
f 2756 2907 2916
f 2756 2916 2755
f 2752 2758 2917
f 2752 2917 2911
f 2769 2760 2918
f 2769 2918 2919
f 2760 2759 2920
f 2760 2920 2918
f 2921 2913 2922
f 2921 2922 2920
f 2759 2761 2922
f 2759 2922 2920
f 2762 2913 2922
f 2762 2922 2761
f 2758 2764 2923
f 2758 2923 2917
f 2777 2766 2924
f 2777 2924 2925
f 2766 2765 2926
f 2766 2926 2924
f 2765 2767 2927
f 2765 2927 2926
f 2928 2919 2929
f 2928 2929 2927
f 2767 2768 2929
f 2767 2929 2927
f 2769 2919 2929
f 2769 2929 2768
f 2764 2771 2930
f 2764 2930 2923
f 2773 2772 2931
f 2773 2931 2932
f 2772 2774 2933
f 2772 2933 2931
f 2774 2775 2934
f 2774 2934 2933
f 2935 2925 2936
f 2935 2936 2934
f 2775 2776 2936
f 2775 2936 2934
f 2777 2925 2936
f 2777 2936 2776
f 2771 2779 2937
f 2771 2937 2930
f 2781 2780 2938
f 2781 2938 2939
f 2780 2782 2940
f 2780 2940 2938
f 2782 2783 2941
f 2782 2941 2940
f 2783 2784 2942
f 2783 2942 2941
f 2943 2932 2944
f 2943 2944 2942
f 2784 2785 2944
f 2784 2944 2942
f 2773 2932 2944
f 2773 2944 2785
f 2787 2786 2945
f 2787 2945 2946
f 2779 2787 2946
f 2779 2946 2937
f 2786 2788 2947
f 2786 2947 2945
f 2788 2789 2948
f 2788 2948 2947
f 2789 2790 2949
f 2789 2949 2948
f 2950 2951 2952
f 2950 2952 2949
f 2790 2791 2952
f 2790 2952 2949
f 2951 2939 2953
f 2951 2953 2952
f 2791 2792 2953
f 2791 2953 2952
f 2781 2939 2953
f 2781 2953 2792
f 2793 2954 2955
f 2793 2955 2794
f 2793 2795 2956
f 2793 2956 2954
f 2794 2955 2957
f 2794 2957 2796
f 2796 2957 2958
f 2796 2958 2797
f 2958 2959 2960
f 2958 2960 2961
f 2797 2958 2959
f 2797 2959 2798
f 2798 2959 2960
f 2798 2960 2801
f 2795 2804 2962
f 2795 2962 2956
f 2801 2960 2963
f 2801 2963 2800
f 2800 2963 2964
f 2800 2964 2803
f 2803 2964 2965
f 2803 2965 2805
f 2805 2965 2966
f 2805 2966 2806
f 2966 2967 2968
f 2966 2968 2969
f 2806 2966 2967
f 2806 2967 2807
f 2967 2970 2971
f 2967 2971 2968
f 2807 2967 2970
f 2807 2970 2808
f 2808 2970 2971
f 2808 2971 2811
f 2804 2812 2972
f 2804 2972 2962
f 2811 2971 2973
f 2811 2973 2810
f 2810 2973 2974
f 2810 2974 2813
f 2813 2974 2975
f 2813 2975 2814
f 2975 2976 2977
f 2975 2977 2978
f 2814 2975 2976
f 2814 2976 2815
f 2815 2976 2977
f 2815 2977 2818
f 2812 2819 2979
f 2812 2979 2972
f 2818 2977 2980
f 2818 2980 2817
f 2817 2980 2981
f 2817 2981 2820
f 2820 2981 2982
f 2820 2982 2821
f 2982 2983 2984
f 2982 2984 2985
f 2821 2982 2983
f 2821 2983 2822
f 2822 2983 2984
f 2822 2984 2825
f 2819 2826 2986
f 2819 2986 2979
f 2825 2984 2987
f 2825 2987 2824
f 2824 2987 2988
f 2824 2988 2827
f 2988 2989 2990
f 2988 2990 2991
f 2827 2988 2989
f 2827 2989 2828
f 2828 2989 2990
f 2828 2990 2831
f 2826 2832 2992
f 2826 2992 2986
f 2831 2990 2993
f 2831 2993 2830
f 2830 2993 2994
f 2830 2994 2833
f 2994 2995 2996
f 2994 2996 2997
f 2833 2994 2995
f 2833 2995 2834
f 2834 2995 2996
f 2834 2996 2837
f 2832 2838 2998
f 2832 2998 2992
f 2837 2996 2999
f 2837 2999 2836
f 2836 2999 3000
f 2836 3000 2839
f 3000 3001 3002
f 3000 3002 3003
f 2839 3000 3001
f 2839 3001 2840
f 2840 3001 3002
f 2840 3002 2843
f 2838 2844 3004
f 2838 3004 2998
f 2843 3002 3005
f 2843 3005 2842
f 3005 3006 3007
f 3005 3007 3008
f 2842 3005 3006
f 2842 3006 2845
f 2845 3006 3007
f 2845 3007 2848
f 2844 2849 3009
f 2844 3009 3004
f 2848 3007 3010
f 2848 3010 2847
f 3010 3011 3012
f 3010 3012 3013
f 2847 3010 3011
f 2847 3011 2850
f 2850 3011 3012
f 2850 3012 2853
f 2849 2854 3014
f 2849 3014 3009
f 2853 3012 3015
f 2853 3015 2852
f 3015 3016 3017
f 3015 3017 3018
f 2852 3015 3016
f 2852 3016 2855
f 2855 3016 3017
f 2855 3017 2856
f 2854 2857 3019
f 2854 3019 3014
f 3017 3020 3021
f 3017 3021 3022
f 2856 3017 3020
f 2856 3020 2858
f 2858 3020 3021
f 2858 3021 2861
f 2857 2862 3023
f 2857 3023 3019
f 3021 3024 3025
f 3021 3025 3026
f 2861 3021 3024
f 2861 3024 2860
f 2860 3024 3025
f 2860 3025 2865
f 2862 2866 3027
f 2862 3027 3023
f 3025 3028 3029
f 3025 3029 3030
f 2865 3025 3028
f 2865 3028 2864
f 2864 3028 3029
f 2864 3029 2867
f 2866 2868 3031
f 2866 3031 3027
f 3030 3029 3032
f 3030 3032 3033
f 2867 3029 3032
f 2867 3032 2871
f 2868 2872 3034
f 2868 3034 3031
f 3033 3032 3035
f 3033 3035 3036
f 2871 3032 3035
f 2871 3035 2874
f 2872 2875 3037
f 2872 3037 3034
f 3036 3035 3038
f 3036 3038 3039
f 2874 3035 3038
f 2874 3038 2877
f 2875 2878 3040
f 2875 3040 3037
f 3039 3038 3041
f 3039 3041 3042
f 2877 3038 3041
f 2877 3041 2880
f 2878 2881 3043
f 2878 3043 3040
f 3042 3041 3044
f 3042 3044 3045
f 2884 2882 3044
f 2884 3044 3045
f 2880 3041 3044
f 2880 3044 2882
f 2881 2883 3046
f 2881 3046 3043
f 3047 3045 3048
f 3047 3048 3049
f 2890 2886 3048
f 2890 3048 3049
f 2884 3045 3048
f 2884 3048 2886
f 2883 2887 3050
f 2883 3050 3046
f 3051 3049 3052
f 3051 3052 3053
f 2889 2888 3052
f 2889 3052 3053
f 2890 3049 3052
f 2890 3052 2888
f 2887 2892 3054
f 2887 3054 3050
f 2898 2894 3055
f 2898 3055 3056
f 3057 3053 3058
f 3057 3058 3055
f 2894 2893 3058
f 2894 3058 3055
f 2889 3053 3058
f 2889 3058 2893
f 2892 2895 3059
f 2892 3059 3054
f 2903 2897 3060
f 2903 3060 3061
f 3062 3056 3063
f 3062 3063 3060
f 2897 2896 3063
f 2897 3063 3060
f 2898 3056 3063
f 2898 3063 2896
f 2895 2900 3064
f 2895 3064 3059
f 2909 2902 3065
f 2909 3065 3066
f 3067 3061 3068
f 3067 3068 3065
f 2902 2901 3068
f 2902 3068 3065
f 2903 3061 3068
f 2903 3068 2901
f 2900 2905 3069
f 2900 3069 3064
f 2915 2907 3070
f 2915 3070 3071
f 2907 2906 3072
f 2907 3072 3070
f 3073 3066 3074
f 3073 3074 3072
f 2906 2908 3074
f 2906 3074 3072
f 2909 3066 3074
f 2909 3074 2908
f 2905 2911 3075
f 2905 3075 3069
f 2921 2913 3076
f 2921 3076 3077
f 2913 2912 3078
f 2913 3078 3076
f 3079 3071 3080
f 3079 3080 3078
f 2912 2914 3080
f 2912 3080 3078
f 2915 3071 3080
f 2915 3080 2914
f 2911 2917 3081
f 2911 3081 3075
f 2928 2919 3082
f 2928 3082 3083
f 2919 2918 3084
f 2919 3084 3082
f 3085 3077 3086
f 3085 3086 3084
f 2918 2920 3086
f 2918 3086 3084
f 2921 3077 3086
f 2921 3086 2920
f 2917 2923 3087
f 2917 3087 3081
f 2935 2925 3088
f 2935 3088 3089
f 2925 2924 3090
f 2925 3090 3088
f 2924 2926 3091
f 2924 3091 3090
f 3092 3083 3093
f 3092 3093 3091
f 2926 2927 3093
f 2926 3093 3091
f 2928 3083 3093
f 2928 3093 2927
f 2923 2930 3094
f 2923 3094 3087
f 2943 2932 3095
f 2943 3095 3096
f 2932 2931 3097
f 2932 3097 3095
f 2931 2933 3098
f 2931 3098 3097
f 3099 3089 3100
f 3099 3100 3098
f 2933 2934 3100
f 2933 3100 3098
f 2935 3089 3100
f 2935 3100 2934
f 2930 2937 3101
f 2930 3101 3094
f 2950 2951 3102
f 2950 3102 3103
f 2951 2939 3104
f 2951 3104 3102
f 2939 2938 3105
f 2939 3105 3104
f 2938 2940 3106
f 2938 3106 3105
f 3107 3108 3109
f 3107 3109 3106
f 2940 2941 3109
f 2940 3109 3106
f 3108 3096 3110
f 3108 3110 3109
f 2941 2942 3110
f 2941 3110 3109
f 2943 3096 3110
f 2943 3110 2942
f 2946 2945 3111
f 2946 3111 3112
f 2937 2946 3112
f 2937 3112 3101
f 2945 2947 3113
f 2945 3113 3111
f 2947 2948 3114
f 2947 3114 3113
f 3115 3103 3116
f 3115 3116 3114
f 2948 2949 3116
f 2948 3116 3114
f 2950 3103 3116
f 2950 3116 2949
f 2954 3117 3118
f 2954 3118 2955
f 2954 2956 3119
f 2954 3119 3117
f 3118 3120 3121
f 3118 3121 3122
f 2955 3118 3120
f 2955 3120 2957
f 3120 3123 3124
f 3120 3124 3121
f 2957 3120 3123
f 2957 3123 2958
f 2958 3123 3124
f 2958 3124 2961
f 2956 2962 3125
f 2956 3125 3119
f 2961 3124 3126
f 2961 3126 2960
f 2960 3126 3127
f 2960 3127 2963
f 2963 3127 3128
f 2963 3128 2964
f 3128 3129 3130
f 3128 3130 3131
f 2964 3128 3129
f 2964 3129 2965
f 3129 3132 3133
f 3129 3133 3130
f 2965 3129 3132
f 2965 3132 2966
f 2966 3132 3133
f 2966 3133 2969
f 2962 2972 3134
f 2962 3134 3125
f 2969 3133 3135
f 2969 3135 2968
f 2968 3135 3136
f 2968 3136 2971
f 2971 3136 3137
f 2971 3137 2973
f 3137 3138 3139
f 3137 3139 3140
f 2973 3137 3138
f 2973 3138 2974
f 3138 3141 3142
f 3138 3142 3139
f 2974 3138 3141
f 2974 3141 2975
f 2975 3141 3142
f 2975 3142 2978
f 2972 2979 3143
f 2972 3143 3134
f 2978 3142 3144
f 2978 3144 2977
f 2977 3144 3145
f 2977 3145 2980
f 3145 3146 3147
f 3145 3147 3148
f 2980 3145 3146
f 2980 3146 2981
f 3146 3149 3150
f 3146 3150 3147
f 2981 3146 3149
f 2981 3149 2982
f 2982 3149 3150
f 2982 3150 2985
f 2979 2986 3151
f 2979 3151 3143
f 2985 3150 3152
f 2985 3152 2984
f 2984 3152 3153
f 2984 3153 2987
f 3153 3154 3155
f 3153 3155 3156
f 2987 3153 3154
f 2987 3154 2988
f 2988 3154 3155
f 2988 3155 2991
f 2986 2992 3157
f 2986 3157 3151
f 2991 3155 3158
f 2991 3158 2990
f 2990 3158 3159
f 2990 3159 2993
f 3159 3160 3161
f 3159 3161 3162
f 2993 3159 3160
f 2993 3160 2994
f 2994 3160 3161
f 2994 3161 2997
f 2992 2998 3163
f 2992 3163 3157
f 2997 3161 3164
f 2997 3164 2996
f 3164 3165 3166
f 3164 3166 3167
f 2996 3164 3165
f 2996 3165 2999
f 3165 3168 3169
f 3165 3169 3166
f 2999 3165 3168
f 2999 3168 3000
f 3000 3168 3169
f 3000 3169 3003
f 2998 3004 3170
f 2998 3170 3163
f 3003 3169 3171
f 3003 3171 3002
f 3171 3172 3173
f 3171 3173 3174
f 3002 3171 3172
f 3002 3172 3005
f 3005 3172 3173
f 3005 3173 3008
f 3004 3009 3175
f 3004 3175 3170
f 3008 3173 3176
f 3008 3176 3007
f 3176 3177 3178
f 3176 3178 3179
f 3007 3176 3177
f 3007 3177 3010
f 3010 3177 3178
f 3010 3178 3013
f 3009 3014 3180
f 3009 3180 3175
f 3178 3181 3182
f 3178 3182 3183
f 3013 3178 3181
f 3013 3181 3012
f 3181 3184 3185
f 3181 3185 3182
f 3012 3181 3184
f 3012 3184 3015
f 3015 3184 3185
f 3015 3185 3018
f 3014 3019 3186
f 3014 3186 3180
f 3185 3187 3188
f 3185 3188 3189
f 3018 3185 3187
f 3018 3187 3017
f 3017 3187 3188
f 3017 3188 3022
f 3019 3023 3190
f 3019 3190 3186
f 3188 3191 3192
f 3188 3192 3193
f 3022 3188 3191
f 3022 3191 3021
f 3021 3191 3192
f 3021 3192 3026
f 3023 3027 3194
f 3023 3194 3190
f 3193 3192 3195
f 3193 3195 3196
f 3192 3197 3198
f 3192 3198 3195
f 3026 3192 3197
f 3026 3197 3025
f 3025 3197 3198
f 3025 3198 3030
f 3027 3031 3199
f 3027 3199 3194
f 3195 3198 3200
f 3195 3200 3201
f 3030 3198 3200
f 3030 3200 3033
f 3031 3034 3202
f 3031 3202 3199
f 3201 3200 3203
f 3201 3203 3204
f 3033 3200 3203
f 3033 3203 3036
f 3034 3037 3205
f 3034 3205 3202
f 3204 3203 3206
f 3204 3206 3207
f 3036 3203 3206
f 3036 3206 3039
f 3037 3040 3208
f 3037 3208 3205
f 3207 3206 3209
f 3207 3209 3210
f 3039 3206 3209
f 3039 3209 3042
f 3040 3043 3211
f 3040 3211 3208
f 3212 3210 3213
f 3212 3213 3214
f 3210 3209 3215
f 3210 3215 3213
f 3047 3045 3215
f 3047 3215 3213
f 3042 3209 3215
f 3042 3215 3045
f 3043 3046 3216
f 3043 3216 3211
f 3214 3213 3217
f 3214 3217 3218
f 3051 3049 3217
f 3051 3217 3218
f 3047 3213 3217
f 3047 3217 3049
f 3046 3050 3219
f 3046 3219 3216
f 3220 3218 3221
f 3220 3221 3222
f 3057 3053 3221
f 3057 3221 3222
f 3051 3218 3221
f 3051 3221 3053
f 3050 3054 3223
f 3050 3223 3219
f 3224 3225 3226
f 3224 3226 3227
f 3062 3056 3226
f 3062 3226 3227
f 3225 3222 3228
f 3225 3228 3226
f 3056 3055 3228
f 3056 3228 3226
f 3057 3222 3228
f 3057 3228 3055
f 3054 3059 3229
f 3054 3229 3223
f 3067 3061 3230
f 3067 3230 3231
f 3232 3227 3233
f 3232 3233 3230
f 3061 3060 3233
f 3061 3233 3230
f 3062 3227 3233
f 3062 3233 3060
f 3059 3064 3234
f 3059 3234 3229
f 3073 3066 3235
f 3073 3235 3236
f 3237 3231 3238
f 3237 3238 3235
f 3066 3065 3238
f 3066 3238 3235
f 3067 3231 3238
f 3067 3238 3065
f 3064 3069 3239
f 3064 3239 3234
f 3079 3071 3240
f 3079 3240 3241
f 3242 3243 3244
f 3242 3244 3240
f 3071 3070 3244
f 3071 3244 3240
f 3243 3236 3245
f 3243 3245 3244
f 3070 3072 3245
f 3070 3245 3244
f 3073 3236 3245
f 3073 3245 3072
f 3069 3075 3246
f 3069 3246 3239
f 3085 3077 3247
f 3085 3247 3248
f 3077 3076 3249
f 3077 3249 3247
f 3250 3241 3251
f 3250 3251 3249
f 3076 3078 3251
f 3076 3251 3249
f 3079 3241 3251
f 3079 3251 3078
f 3075 3081 3252
f 3075 3252 3246
f 3092 3083 3253
f 3092 3253 3254
f 3083 3082 3255
f 3083 3255 3253
f 3256 3248 3257
f 3256 3257 3255
f 3082 3084 3257
f 3082 3257 3255
f 3085 3248 3257
f 3085 3257 3084
f 3081 3087 3258
f 3081 3258 3252
f 3099 3089 3259
f 3099 3259 3260
f 3089 3088 3261
f 3089 3261 3259
f 3262 3263 3264
f 3262 3264 3261
f 3088 3090 3264
f 3088 3264 3261
f 3263 3254 3265
f 3263 3265 3264
f 3090 3091 3265
f 3090 3265 3264
f 3092 3254 3265
f 3092 3265 3091
f 3087 3094 3266
f 3087 3266 3258
f 3107 3108 3267
f 3107 3267 3268
f 3108 3096 3269
f 3108 3269 3267
f 3096 3095 3270
f 3096 3270 3269
f 3271 3272 3273
f 3271 3273 3270
f 3095 3097 3273
f 3095 3273 3270
f 3272 3260 3274
f 3272 3274 3273
f 3097 3098 3274
f 3097 3274 3273
f 3099 3260 3274
f 3099 3274 3098
f 3094 3101 3275
f 3094 3275 3266
f 3115 3103 3276
f 3115 3276 3277
f 3103 3102 3278
f 3103 3278 3276
f 3102 3104 3279
f 3102 3279 3278
f 3280 3281 3282
f 3280 3282 3279
f 3104 3105 3282
f 3104 3282 3279
f 3281 3268 3283
f 3281 3283 3282
f 3105 3106 3283
f 3105 3283 3282
f 3107 3268 3283
f 3107 3283 3106
f 3112 3111 3284
f 3112 3284 3285
f 3101 3112 3285
f 3101 3285 3275
f 3286 3287 3288
f 3286 3288 3284
f 3111 3113 3288
f 3111 3288 3284
f 3287 3277 3289
f 3287 3289 3288
f 3113 3114 3289
f 3113 3289 3288
f 3115 3277 3289
f 3115 3289 3114
f 3290 3291 3292
f 3290 3292 3293
f 3117 3290 3291
f 3117 3291 3118
f 3117 3119 3293
f 3117 3293 3290
f 3118 3291 3292
f 3118 3292 3122
f 3119 3125 3294
f 3119 3294 3293
f 3122 3292 3295
f 3122 3295 3121
f 3121 3295 3296
f 3121 3296 3124
f 3124 3296 3297
f 3124 3297 3126
f 3297 3298 3299
f 3297 3299 3300
f 3126 3297 3298
f 3126 3298 3127
f 3298 3301 3302
f 3298 3302 3299
f 3127 3298 3301
f 3127 3301 3128
f 3128 3301 3302
f 3128 3302 3131
f 3125 3134 3303
f 3125 3303 3294
f 3131 3302 3304
f 3131 3304 3130
f 3130 3304 3305
f 3130 3305 3133
f 3133 3305 3306
f 3133 3306 3135
f 3306 3307 3308
f 3306 3308 3309
f 3135 3306 3307
f 3135 3307 3136
f 3307 3310 3311
f 3307 3311 3308
f 3136 3307 3310
f 3136 3310 3137
f 3137 3310 3311
f 3137 3311 3140
f 3134 3143 3312
f 3134 3312 3303
f 3140 3311 3313
f 3140 3313 3139
f 3139 3313 3314
f 3139 3314 3142
f 3314 3315 3316
f 3314 3316 3317
f 3142 3314 3315
f 3142 3315 3144
f 3315 3318 3319
f 3315 3319 3316
f 3144 3315 3318
f 3144 3318 3145
f 3145 3318 3319
f 3145 3319 3148
f 3143 3151 3320
f 3143 3320 3312
f 3148 3319 3321
f 3148 3321 3147
f 3147 3321 3322
f 3147 3322 3150
f 3322 3323 3324
f 3322 3324 3325
f 3150 3322 3323
f 3150 3323 3152
f 3323 3326 3327
f 3323 3327 3324
f 3152 3323 3326
f 3152 3326 3153
f 3153 3326 3327
f 3153 3327 3156
f 3151 3157 3328
f 3151 3328 3320
f 3156 3327 3329
f 3156 3329 3155
f 3329 3330 3331
f 3329 3331 3332
f 3155 3329 3330
f 3155 3330 3158
f 3330 3333 3334
f 3330 3334 3331
f 3158 3330 3333
f 3158 3333 3159
f 3159 3333 3334
f 3159 3334 3162
f 3157 3163 3335
f 3157 3335 3328
f 3162 3334 3336
f 3162 3336 3161
f 3336 3337 3338
f 3336 3338 3339
f 3161 3336 3337
f 3161 3337 3164
f 3164 3337 3338
f 3164 3338 3167
f 3163 3170 3340
f 3163 3340 3335
f 3167 3338 3341
f 3167 3341 3166
f 3341 3342 3343
f 3341 3343 3344
f 3166 3341 3342
f 3166 3342 3169
f 3342 3345 3346
f 3342 3346 3343
f 3169 3342 3345
f 3169 3345 3171
f 3171 3345 3346
f 3171 3346 3174
f 3170 3175 3347
f 3170 3347 3340
f 3346 3348 3349
f 3346 3349 3350
f 3174 3346 3348
f 3174 3348 3173
f 3348 3351 3352
f 3348 3352 3349
f 3173 3348 3351
f 3173 3351 3176
f 3176 3351 3352
f 3176 3352 3179
f 3175 3180 3353
f 3175 3353 3347
f 3352 3354 3355
f 3352 3355 3356
f 3179 3352 3354
f 3179 3354 3178
f 3178 3354 3355
f 3178 3355 3183
f 3180 3186 3357
f 3180 3357 3353
f 3355 3358 3359
f 3355 3359 3360
f 3183 3355 3358
f 3183 3358 3182
f 3358 3361 3362
f 3358 3362 3359
f 3182 3358 3361
f 3182 3361 3185
f 3185 3361 3362
f 3185 3362 3189
f 3186 3190 3363
f 3186 3363 3357
f 3359 3362 3364
f 3359 3364 3365
f 3362 3366 3367
f 3362 3367 3364
f 3189 3362 3366
f 3189 3366 3188
f 3188 3366 3367
f 3188 3367 3193
f 3190 3194 3368
f 3190 3368 3363
f 3364 3367 3369
f 3364 3369 3370
f 3193 3367 3369
f 3193 3369 3196
f 3194 3199 3371
f 3194 3371 3368
f 3370 3369 3372
f 3370 3372 3373
f 3369 3374 3375
f 3369 3375 3372
f 3196 3369 3374
f 3196 3374 3195
f 3195 3374 3375
f 3195 3375 3201
f 3199 3202 3376
f 3199 3376 3371
f 3372 3375 3377
f 3372 3377 3378
f 3201 3375 3377
f 3201 3377 3204
f 3202 3205 3379
f 3202 3379 3376
f 3378 3377 3380
f 3378 3380 3381
f 3204 3377 3380
f 3204 3380 3207
f 3205 3208 3382
f 3205 3382 3379
f 3383 3381 3384
f 3383 3384 3385
f 3381 3380 3386
f 3381 3386 3384
f 3212 3210 3386
f 3212 3386 3384
f 3207 3380 3386
f 3207 3386 3210
f 3208 3211 3387
f 3208 3387 3382
f 3385 3384 3388
f 3385 3388 3389
f 3212 3384 3388
f 3212 3388 3214
f 3211 3216 3390
f 3211 3390 3387
f 3391 3389 3392
f 3391 3392 3393
f 3389 3388 3394
f 3389 3394 3392
f 3220 3218 3394
f 3220 3394 3392
f 3214 3388 3394
f 3214 3394 3218
f 3216 3219 3395
f 3216 3395 3390
f 3396 3393 3397
f 3396 3397 3398
f 3224 3225 3397
f 3224 3397 3398
f 3393 3392 3399
f 3393 3399 3397
f 3225 3222 3399
f 3225 3399 3397
f 3220 3392 3399
f 3220 3399 3222
f 3219 3223 3400
f 3219 3400 3395
f 3401 3398 3402
f 3401 3402 3403
f 3232 3227 3402
f 3232 3402 3403
f 3224 3398 3402
f 3224 3402 3227
f 3223 3229 3404
f 3223 3404 3400
f 3405 3406 3407
f 3405 3407 3408
f 3237 3231 3407
f 3237 3407 3408
f 3406 3403 3409
f 3406 3409 3407
f 3231 3230 3409
f 3231 3409 3407
f 3232 3403 3409
f 3232 3409 3230
f 3229 3234 3410
f 3229 3410 3404
f 3242 3243 3411
f 3242 3411 3412
f 3413 3414 3415
f 3413 3415 3411
f 3243 3236 3415
f 3243 3415 3411
f 3414 3408 3416
f 3414 3416 3415
f 3236 3235 3416
f 3236 3416 3415
f 3237 3408 3416
f 3237 3416 3235
f 3234 3239 3417
f 3234 3417 3410
f 3250 3241 3418
f 3250 3418 3419
f 3420 3412 3421
f 3420 3421 3418
f 3241 3240 3421
f 3241 3421 3418
f 3242 3412 3421
f 3242 3421 3240
f 3239 3246 3422
f 3239 3422 3417
f 3256 3248 3423
f 3256 3423 3424
f 3425 3426 3427
f 3425 3427 3423
f 3248 3247 3427
f 3248 3427 3423
f 3426 3419 3428
f 3426 3428 3427
f 3247 3249 3428
f 3247 3428 3427
f 3250 3419 3428
f 3250 3428 3249
f 3246 3252 3429
f 3246 3429 3422
f 3262 3263 3430
f 3262 3430 3431
f 3263 3254 3432
f 3263 3432 3430
f 3433 3434 3435
f 3433 3435 3432
f 3254 3253 3435
f 3254 3435 3432
f 3434 3424 3436
f 3434 3436 3435
f 3253 3255 3436
f 3253 3436 3435
f 3256 3424 3436
f 3256 3436 3255
f 3252 3258 3437
f 3252 3437 3429
f 3271 3272 3438
f 3271 3438 3439
f 3272 3260 3440
f 3272 3440 3438
f 3441 3442 3443
f 3441 3443 3440
f 3260 3259 3443
f 3260 3443 3440
f 3442 3431 3444
f 3442 3444 3443
f 3259 3261 3444
f 3259 3444 3443
f 3262 3431 3444
f 3262 3444 3261
f 3258 3266 3445
f 3258 3445 3437
f 3280 3281 3446
f 3280 3446 3447
f 3281 3268 3448
f 3281 3448 3446
f 3268 3267 3449
f 3268 3449 3448
f 3450 3451 3452
f 3450 3452 3449
f 3267 3269 3452
f 3267 3452 3449
f 3451 3439 3453
f 3451 3453 3452
f 3269 3270 3453
f 3269 3453 3452
f 3271 3439 3453
f 3271 3453 3270
f 3266 3275 3454
f 3266 3454 3445
f 3286 3287 3455
f 3286 3455 3456
f 3287 3277 3457
f 3287 3457 3455
f 3277 3276 3458
f 3277 3458 3457
f 3459 3460 3461
f 3459 3461 3458
f 3276 3278 3461
f 3276 3461 3458
f 3460 3447 3462
f 3460 3462 3461
f 3278 3279 3462
f 3278 3462 3461
f 3280 3447 3462
f 3280 3462 3279
f 3454 3456 3463
f 3454 3463 3464
f 3285 3284 3463
f 3285 3463 3464
f 3275 3285 3464
f 3275 3464 3454
f 3286 3456 3463
f 3286 3463 3284
f 3293 3465 3466
f 3293 3466 3292
f 3293 3294 3467
f 3293 3467 3465
f 3466 3468 3469
f 3466 3469 3470
f 3292 3466 3468
f 3292 3468 3295
f 3468 3471 3472
f 3468 3472 3469
f 3295 3468 3471
f 3295 3471 3296
f 3471 3473 3474
f 3471 3474 3472
f 3296 3471 3473
f 3296 3473 3297
f 3297 3473 3474
f 3297 3474 3300
f 3294 3303 3475
f 3294 3475 3467
f 3300 3474 3476
f 3300 3476 3299
f 3299 3476 3477
f 3299 3477 3302
f 3477 3478 3479
f 3477 3479 3480
f 3302 3477 3478
f 3302 3478 3304
f 3478 3481 3482
f 3478 3482 3479
f 3304 3478 3481
f 3304 3481 3305
f 3481 3483 3484
f 3481 3484 3482
f 3305 3481 3483
f 3305 3483 3306
f 3306 3483 3484
f 3306 3484 3309
f 3303 3312 3485
f 3303 3485 3475
f 3309 3484 3486
f 3309 3486 3308
f 3308 3486 3487
f 3308 3487 3311
f 3487 3488 3489
f 3487 3489 3490
f 3311 3487 3488
f 3311 3488 3313
f 3488 3491 3492
f 3488 3492 3489
f 3313 3488 3491
f 3313 3491 3314
f 3314 3491 3492
f 3314 3492 3317
f 3312 3320 3493
f 3312 3493 3485
f 3317 3492 3494
f 3317 3494 3316
f 3494 3495 3496
f 3494 3496 3497
f 3316 3494 3495
f 3316 3495 3319
f 3495 3498 3499
f 3495 3499 3496
f 3319 3495 3498
f 3319 3498 3321
f 3498 3500 3501
f 3498 3501 3499
f 3321 3498 3500
f 3321 3500 3322
f 3322 3500 3501
f 3322 3501 3325
f 3320 3328 3502
f 3320 3502 3493
f 3325 3501 3503
f 3325 3503 3324
f 3503 3504 3505
f 3503 3505 3506
f 3324 3503 3504
f 3324 3504 3327
f 3504 3507 3508
f 3504 3508 3505
f 3327 3504 3507
f 3327 3507 3329
f 3329 3507 3508
f 3329 3508 3332
f 3328 3335 3509
f 3328 3509 3502
f 3332 3508 3510
f 3332 3510 3331
f 3510 3511 3512
f 3510 3512 3513
f 3331 3510 3511
f 3331 3511 3334
f 3511 3514 3515
f 3511 3515 3512
f 3334 3511 3514
f 3334 3514 3336
f 3336 3514 3515
f 3336 3515 3339
f 3335 3340 3516
f 3335 3516 3509
f 3515 3517 3518
f 3515 3518 3519
f 3339 3515 3517
f 3339 3517 3338
f 3517 3520 3521
f 3517 3521 3518
f 3338 3517 3520
f 3338 3520 3341
f 3341 3520 3521
f 3341 3521 3344
f 3340 3347 3522
f 3340 3522 3516
f 3521 3523 3524
f 3521 3524 3525
f 3344 3521 3523
f 3344 3523 3343
f 3523 3526 3527
f 3523 3527 3524
f 3343 3523 3526
f 3343 3526 3346
f 3346 3526 3527
f 3346 3527 3350
f 3347 3353 3528
f 3347 3528 3522
f 3527 3529 3530
f 3527 3530 3531
f 3350 3527 3529
f 3350 3529 3349
f 3529 3532 3533
f 3529 3533 3530
f 3349 3529 3532
f 3349 3532 3352
f 3352 3532 3533
f 3352 3533 3356
f 3353 3357 3534
f 3353 3534 3528
f 3530 3533 3535
f 3530 3535 3536
f 3533 3537 3538
f 3533 3538 3535
f 3356 3533 3537
f 3356 3537 3355
f 3355 3537 3538
f 3355 3538 3360
f 3357 3363 3539
f 3357 3539 3534
f 3535 3538 3540
f 3535 3540 3541
f 3538 3542 3543
f 3538 3543 3540
f 3360 3538 3542
f 3360 3542 3359
f 3359 3542 3543
f 3359 3543 3365
f 3363 3368 3544
f 3363 3544 3539
f 3540 3543 3545
f 3540 3545 3546
f 3543 3547 3548
f 3543 3548 3545
f 3365 3543 3547
f 3365 3547 3364
f 3364 3547 3548
f 3364 3548 3370
f 3368 3371 3549
f 3368 3549 3544
f 3545 3548 3550
f 3545 3550 3551
f 3370 3548 3550
f 3370 3550 3373
f 3371 3376 3552
f 3371 3552 3549
f 3551 3550 3553
f 3551 3553 3554
f 3550 3555 3556
f 3550 3556 3553
f 3373 3550 3555
f 3373 3555 3372
f 3372 3555 3556
f 3372 3556 3378
f 3376 3379 3557
f 3376 3557 3552
f 3554 3553 3558
f 3554 3558 3559
f 3553 3556 3560
f 3553 3560 3558
f 3383 3381 3560
f 3383 3560 3558
f 3378 3556 3560
f 3378 3560 3381
f 3379 3382 3561
f 3379 3561 3557
f 3559 3558 3562
f 3559 3562 3563
f 3383 3558 3562
f 3383 3562 3385
f 3382 3387 3564
f 3382 3564 3561
f 3565 3563 3566
f 3565 3566 3567
f 3563 3562 3568
f 3563 3568 3566
f 3391 3389 3568
f 3391 3568 3566
f 3385 3562 3568
f 3385 3568 3389
f 3387 3390 3569
f 3387 3569 3564
f 3570 3567 3571
f 3570 3571 3572
f 3567 3566 3573
f 3567 3573 3571
f 3396 3393 3573
f 3396 3573 3571
f 3391 3566 3573
f 3391 3573 3393
f 3390 3395 3574
f 3390 3574 3569
f 3575 3572 3576
f 3575 3576 3577
f 3572 3571 3578
f 3572 3578 3576
f 3401 3398 3578
f 3401 3578 3576
f 3396 3571 3578
f 3396 3578 3398
f 3395 3400 3579
f 3395 3579 3574
f 3580 3577 3581
f 3580 3581 3582
f 3405 3406 3581
f 3405 3581 3582
f 3577 3576 3583
f 3577 3583 3581
f 3406 3403 3583
f 3406 3583 3581
f 3401 3576 3583
f 3401 3583 3403
f 3400 3404 3584
f 3400 3584 3579
f 3585 3586 3587
f 3585 3587 3588
f 3413 3414 3587
f 3413 3587 3588
f 3586 3582 3589
f 3586 3589 3587
f 3414 3408 3589
f 3414 3589 3587
f 3405 3582 3589
f 3405 3589 3408
f 3404 3410 3590
f 3404 3590 3584
f 3591 3592 3593
f 3591 3593 3594
f 3420 3412 3593
f 3420 3593 3594
f 3592 3588 3595
f 3592 3595 3593
f 3412 3411 3595
f 3412 3595 3593
f 3413 3588 3595
f 3413 3595 3411
f 3410 3417 3596
f 3410 3596 3590
f 3425 3426 3597
f 3425 3597 3598
f 3599 3600 3601
f 3599 3601 3597
f 3426 3419 3601
f 3426 3601 3597
f 3600 3594 3602
f 3600 3602 3601
f 3419 3418 3602
f 3419 3602 3601
f 3420 3594 3602
f 3420 3602 3418
f 3417 3422 3603
f 3417 3603 3596
f 3433 3434 3604
f 3433 3604 3605
f 3606 3607 3608
f 3606 3608 3604
f 3434 3424 3608
f 3434 3608 3604
f 3607 3598 3609
f 3607 3609 3608
f 3424 3423 3609
f 3424 3609 3608
f 3425 3598 3609
f 3425 3609 3423
f 3422 3429 3610
f 3422 3610 3603
f 3441 3442 3611
f 3441 3611 3612
f 3613 3614 3615
f 3613 3615 3611
f 3442 3431 3615
f 3442 3615 3611
f 3614 3616 3617
f 3614 3617 3615
f 3431 3430 3617
f 3431 3617 3615
f 3616 3605 3618
f 3616 3618 3617
f 3430 3432 3618
f 3430 3618 3617
f 3433 3605 3618
f 3433 3618 3432
f 3429 3437 3619
f 3429 3619 3610
f 3450 3451 3620
f 3450 3620 3621
f 3451 3439 3622
f 3451 3622 3620
f 3623 3624 3625
f 3623 3625 3622
f 3439 3438 3625
f 3439 3625 3622
f 3624 3612 3626
f 3624 3626 3625
f 3438 3440 3626
f 3438 3626 3625
f 3441 3612 3626
f 3441 3626 3440
f 3437 3445 3627
f 3437 3627 3619
f 3459 3460 3628
f 3459 3628 3629
f 3460 3447 3630
f 3460 3630 3628
f 3631 3632 3633
f 3631 3633 3630
f 3447 3446 3633
f 3447 3633 3630
f 3632 3634 3635
f 3632 3635 3633
f 3446 3448 3635
f 3446 3635 3633
f 3634 3621 3636
f 3634 3636 3635
f 3448 3449 3636
f 3448 3636 3635
f 3450 3621 3636
f 3450 3636 3449
f 3454 3456 3637
f 3454 3637 3638
f 3445 3454 3638
f 3445 3638 3627
f 3639 3640 3641
f 3639 3641 3637
f 3456 3455 3641
f 3456 3641 3637
f 3640 3642 3643
f 3640 3643 3641
f 3455 3457 3643
f 3455 3643 3641
f 3642 3629 3644
f 3642 3644 3643
f 3457 3458 3644
f 3457 3644 3643
f 3459 3629 3644
f 3459 3644 3458
f 3645 3646 3647
f 3645 3647 3648
f 3465 3645 3646
f 3465 3646 3466
f 3465 3467 3648
f 3465 3648 3645
f 3466 3646 3647
f 3466 3647 3470
f 3467 3475 3649
f 3467 3649 3648
f 3470 3647 3650
f 3470 3650 3469
f 3469 3650 3651
f 3469 3651 3472
f 3651 3652 3653
f 3651 3653 3654
f 3472 3651 3652
f 3472 3652 3474
f 3652 3655 3656
f 3652 3656 3653
f 3474 3652 3655
f 3474 3655 3476
f 3655 3657 3658
f 3655 3658 3656
f 3476 3655 3657
f 3476 3657 3477
f 3477 3657 3658
f 3477 3658 3480
f 3475 3485 3659
f 3475 3659 3649
f 3480 3658 3660
f 3480 3660 3479
f 3479 3660 3661
f 3479 3661 3482
f 3661 3662 3663
f 3661 3663 3664
f 3482 3661 3662
f 3482 3662 3484
f 3662 3665 3666
f 3662 3666 3663
f 3484 3662 3665
f 3484 3665 3486
f 3665 3667 3668
f 3665 3668 3666
f 3486 3665 3667
f 3486 3667 3487
f 3487 3667 3668
f 3487 3668 3490
f 3485 3493 3669
f 3485 3669 3659
f 3490 3668 3670
f 3490 3670 3489
f 3670 3671 3672
f 3670 3672 3673
f 3489 3670 3671
f 3489 3671 3492
f 3671 3674 3675
f 3671 3675 3672
f 3492 3671 3674
f 3492 3674 3494
f 3494 3674 3675
f 3494 3675 3497
f 3493 3502 3676
f 3493 3676 3669
f 3497 3675 3677
f 3497 3677 3496
f 3677 3678 3679
f 3677 3679 3680
f 3496 3677 3678
f 3496 3678 3499
f 3678 3681 3682
f 3678 3682 3679
f 3499 3678 3681
f 3499 3681 3501
f 3681 3683 3684
f 3681 3684 3682
f 3501 3681 3683
f 3501 3683 3503
f 3503 3683 3684
f 3503 3684 3506
f 3502 3509 3685
f 3502 3685 3676
f 3684 3686 3687
f 3684 3687 3688
f 3506 3684 3686
f 3506 3686 3505
f 3686 3689 3690
f 3686 3690 3687
f 3505 3686 3689
f 3505 3689 3508
f 3689 3691 3692
f 3689 3692 3690
f 3508 3689 3691
f 3508 3691 3510
f 3510 3691 3692
f 3510 3692 3513
f 3509 3516 3693
f 3509 3693 3685
f 3692 3694 3695
f 3692 3695 3696
f 3513 3692 3694
f 3513 3694 3512
f 3694 3697 3698
f 3694 3698 3695
f 3512 3694 3697
f 3512 3697 3515
f 3515 3697 3698
f 3515 3698 3519
f 3516 3522 3699
f 3516 3699 3693
f 3698 3700 3701
f 3698 3701 3702
f 3519 3698 3700
f 3519 3700 3518
f 3700 3703 3704
f 3700 3704 3701
f 3518 3700 3703
f 3518 3703 3521
f 3521 3703 3704
f 3521 3704 3525
f 3522 3528 3705
f 3522 3705 3699
f 3701 3704 3706
f 3701 3706 3707
f 3704 3708 3709
f 3704 3709 3706
f 3525 3704 3708
f 3525 3708 3524
f 3708 3710 3711
f 3708 3711 3709
f 3524 3708 3710
f 3524 3710 3527
f 3527 3710 3711
f 3527 3711 3531
f 3528 3534 3712
f 3528 3712 3705
f 3709 3711 3713
f 3709 3713 3714
f 3711 3715 3716
f 3711 3716 3713
f 3531 3711 3715
f 3531 3715 3530
f 3530 3715 3716
f 3530 3716 3536
f 3534 3539 3717
f 3534 3717 3712
f 3713 3716 3718
f 3713 3718 3719
f 3716 3720 3721
f 3716 3721 3718
f 3536 3716 3720
f 3536 3720 3535
f 3535 3720 3721
f 3535 3721 3541
f 3539 3544 3722
f 3539 3722 3717
f 3718 3721 3723
f 3718 3723 3724
f 3721 3725 3726
f 3721 3726 3723
f 3541 3721 3725
f 3541 3725 3540
f 3540 3725 3726
f 3540 3726 3546
f 3544 3549 3727
f 3544 3727 3722
f 3724 3723 3728
f 3724 3728 3729
f 3723 3726 3730
f 3723 3730 3728
f 3726 3731 3732
f 3726 3732 3730
f 3546 3726 3731
f 3546 3731 3545
f 3545 3731 3732
f 3545 3732 3551
f 3549 3552 3733
f 3549 3733 3727
f 3728 3730 3734
f 3728 3734 3735
f 3730 3732 3736
f 3730 3736 3734
f 3551 3732 3736
f 3551 3736 3554
f 3552 3557 3737
f 3552 3737 3733
f 3735 3734 3738
f 3735 3738 3739
f 3734 3736 3740
f 3734 3740 3738
f 3554 3736 3740
f 3554 3740 3559
f 3557 3561 3741
f 3557 3741 3737
f 3742 3739 3743
f 3742 3743 3744
f 3739 3738 3745
f 3739 3745 3743
f 3738 3740 3746
f 3738 3746 3745
f 3565 3563 3746
f 3565 3746 3745
f 3559 3740 3746
f 3559 3746 3563
f 3561 3564 3747
f 3561 3747 3741
f 3744 3743 3748
f 3744 3748 3749
f 3743 3745 3750
f 3743 3750 3748
f 3570 3567 3750
f 3570 3750 3748
f 3565 3745 3750
f 3565 3750 3567
f 3564 3569 3751
f 3564 3751 3747
f 3752 3749 3753
f 3752 3753 3754
f 3749 3748 3755
f 3749 3755 3753
f 3575 3572 3755
f 3575 3755 3753
f 3570 3748 3755
f 3570 3755 3572
f 3569 3574 3756
f 3569 3756 3751
f 3757 3754 3758
f 3757 3758 3759
f 3754 3753 3760
f 3754 3760 3758
f 3580 3577 3760
f 3580 3760 3758
f 3575 3753 3760
f 3575 3760 3577
f 3574 3579 3761
f 3574 3761 3756
f 3762 3763 3764
f 3762 3764 3765
f 3763 3759 3766
f 3763 3766 3764
f 3585 3586 3766
f 3585 3766 3764
f 3759 3758 3767
f 3759 3767 3766
f 3586 3582 3767
f 3586 3767 3766
f 3580 3758 3767
f 3580 3767 3582
f 3579 3584 3768
f 3579 3768 3761
f 3769 3765 3770
f 3769 3770 3771
f 3591 3592 3770
f 3591 3770 3771
f 3765 3764 3772
f 3765 3772 3770
f 3592 3588 3772
f 3592 3772 3770
f 3585 3764 3772
f 3585 3772 3588
f 3584 3590 3773
f 3584 3773 3768
f 3774 3775 3776
f 3774 3776 3777
f 3599 3600 3776
f 3599 3776 3777
f 3775 3771 3778
f 3775 3778 3776
f 3600 3594 3778
f 3600 3778 3776
f 3591 3771 3778
f 3591 3778 3594
f 3590 3596 3779
f 3590 3779 3773
f 3780 3781 3782
f 3780 3782 3783
f 3606 3607 3782
f 3606 3782 3783
f 3781 3784 3785
f 3781 3785 3782
f 3607 3598 3785
f 3607 3785 3782
f 3784 3777 3786
f 3784 3786 3785
f 3598 3597 3786
f 3598 3786 3785
f 3599 3777 3786
f 3599 3786 3597
f 3596 3603 3787
f 3596 3787 3779
f 3613 3614 3788
f 3613 3788 3789
f 3790 3791 3792
f 3790 3792 3788
f 3614 3616 3792
f 3614 3792 3788
f 3791 3793 3794
f 3791 3794 3792
f 3616 3605 3794
f 3616 3794 3792
f 3793 3783 3795
f 3793 3795 3794
f 3605 3604 3795
f 3605 3795 3794
f 3606 3783 3795
f 3606 3795 3604
f 3603 3610 3796
f 3603 3796 3787
f 3623 3624 3797
f 3623 3797 3798
f 3799 3800 3801
f 3799 3801 3797
f 3624 3612 3801
f 3624 3801 3797
f 3800 3789 3802
f 3800 3802 3801
f 3612 3611 3802
f 3612 3802 3801
f 3613 3789 3802
f 3613 3802 3611
f 3610 3619 3803
f 3610 3803 3796
f 3631 3632 3804
f 3631 3804 3805
f 3632 3634 3806
f 3632 3806 3804
f 3807 3808 3809
f 3807 3809 3806
f 3634 3621 3809
f 3634 3809 3806
f 3808 3810 3811
f 3808 3811 3809
f 3621 3620 3811
f 3621 3811 3809
f 3810 3798 3812
f 3810 3812 3811
f 3620 3622 3812
f 3620 3812 3811
f 3623 3798 3812
f 3623 3812 3622
f 3619 3627 3813
f 3619 3813 3803
f 3639 3640 3814
f 3639 3814 3815
f 3640 3642 3816
f 3640 3816 3814
f 3817 3818 3819
f 3817 3819 3816
f 3642 3629 3819
f 3642 3819 3816
f 3818 3820 3821
f 3818 3821 3819
f 3629 3628 3821
f 3629 3821 3819
f 3820 3805 3822
f 3820 3822 3821
f 3628 3630 3822
f 3628 3822 3821
f 3631 3805 3822
f 3631 3822 3630
f 3813 3815 3823
f 3813 3823 3824
f 3638 3637 3823
f 3638 3823 3824
f 3627 3638 3824
f 3627 3824 3813
f 3639 3815 3823
f 3639 3823 3637
f 3825 3826 3827
f 3825 3827 3828
f 3648 3825 3826
f 3648 3826 3647
f 3648 3649 3828
f 3648 3828 3825
f 3826 3829 3830
f 3826 3830 3827
f 3647 3826 3829
f 3647 3829 3650
f 3829 3831 3832
f 3829 3832 3830
f 3650 3829 3831
f 3650 3831 3651
f 3651 3831 3832
f 3651 3832 3654
f 3649 3659 3833
f 3649 3833 3828
f 3654 3832 3834
f 3654 3834 3653
f 3834 3835 3836
f 3834 3836 3837
f 3653 3834 3835
f 3653 3835 3656
f 3835 3838 3839
f 3835 3839 3836
f 3656 3835 3838
f 3656 3838 3658
f 3838 3840 3841
f 3838 3841 3839
f 3658 3838 3840
f 3658 3840 3660
f 3840 3842 3843
f 3840 3843 3841
f 3660 3840 3842
f 3660 3842 3661
f 3661 3842 3843
f 3661 3843 3664
f 3659 3669 3844
f 3659 3844 3833
f 3664 3843 3845
f 3664 3845 3663
f 3845 3846 3847
f 3845 3847 3848
f 3663 3845 3846
f 3663 3846 3666
f 3846 3849 3850
f 3846 3850 3847
f 3666 3846 3849
f 3666 3849 3668
f 3849 3851 3852
f 3849 3852 3850
f 3668 3849 3851
f 3668 3851 3670
f 3670 3851 3852
f 3670 3852 3673
f 3669 3676 3853
f 3669 3853 3844
f 3852 3854 3855
f 3852 3855 3856
f 3673 3852 3854
f 3673 3854 3672
f 3854 3857 3858
f 3854 3858 3855
f 3672 3854 3857
f 3672 3857 3675
f 3857 3859 3860
f 3857 3860 3858
f 3675 3857 3859
f 3675 3859 3677
f 3677 3859 3860
f 3677 3860 3680
f 3676 3685 3861
f 3676 3861 3853
f 3860 3862 3863
f 3860 3863 3864
f 3680 3860 3862
f 3680 3862 3679
f 3862 3865 3866
f 3862 3866 3863
f 3679 3862 3865
f 3679 3865 3682
f 3865 3867 3868
f 3865 3868 3866
f 3682 3865 3867
f 3682 3867 3684
f 3684 3867 3868
f 3684 3868 3688
f 3685 3693 3869
f 3685 3869 3861
f 3868 3870 3871
f 3868 3871 3872
f 3688 3868 3870
f 3688 3870 3687
f 3870 3873 3874
f 3870 3874 3871
f 3687 3870 3873
f 3687 3873 3690
f 3873 3875 3876
f 3873 3876 3874
f 3690 3873 3875
f 3690 3875 3692
f 3692 3875 3876
f 3692 3876 3696
f 3693 3699 3877
f 3693 3877 3869
f 3874 3876 3878
f 3874 3878 3879
f 3876 3880 3881
f 3876 3881 3878
f 3696 3876 3880
f 3696 3880 3695
f 3880 3882 3883
f 3880 3883 3881
f 3695 3880 3882
f 3695 3882 3698
f 3698 3882 3883
f 3698 3883 3702
f 3699 3705 3884
f 3699 3884 3877
f 3881 3883 3885
f 3881 3885 3886
f 3883 3887 3888
f 3883 3888 3885
f 3702 3883 3887
f 3702 3887 3701
f 3701 3887 3888
f 3701 3888 3707
f 3705 3712 3889
f 3705 3889 3884
f 3885 3888 3890
f 3885 3890 3891
f 3888 3892 3893
f 3888 3893 3890
f 3707 3888 3892
f 3707 3892 3706
f 3892 3894 3895
f 3892 3895 3893
f 3706 3892 3894
f 3706 3894 3709
f 3709 3894 3895
f 3709 3895 3714
f 3712 3717 3896
f 3712 3896 3889
f 3890 3893 3897
f 3890 3897 3898
f 3893 3895 3899
f 3893 3899 3897
f 3895 3900 3901
f 3895 3901 3899
f 3714 3895 3900
f 3714 3900 3713
f 3713 3900 3901
f 3713 3901 3719
f 3717 3722 3902
f 3717 3902 3896
f 3897 3899 3903
f 3897 3903 3904
f 3899 3901 3905
f 3899 3905 3903
f 3901 3906 3907
f 3901 3907 3905
f 3719 3901 3906
f 3719 3906 3718
f 3718 3906 3907
f 3718 3907 3724
f 3722 3727 3908
f 3722 3908 3902
f 3903 3905 3909
f 3903 3909 3910
f 3905 3907 3911
f 3905 3911 3909
f 3724 3907 3911
f 3724 3911 3729
f 3727 3733 3912
f 3727 3912 3908
f 3910 3909 3913
f 3910 3913 3914
f 3909 3911 3915
f 3909 3915 3913
f 3911 3916 3917
f 3911 3917 3915
f 3729 3911 3916
f 3729 3916 3728
f 3728 3916 3917
f 3728 3917 3735
f 3733 3737 3918
f 3733 3918 3912
f 3914 3913 3919
f 3914 3919 3920
f 3913 3915 3921
f 3913 3921 3919
f 3915 3917 3922
f 3915 3922 3921
f 3742 3739 3922
f 3742 3922 3921
f 3735 3917 3922
f 3735 3922 3739
f 3737 3741 3923
f 3737 3923 3918
f 3920 3919 3924
f 3920 3924 3925
f 3919 3921 3926
f 3919 3926 3924
f 3742 3921 3926
f 3742 3926 3744
f 3741 3747 3927
f 3741 3927 3923
f 3928 3925 3929
f 3928 3929 3930
f 3925 3924 3931
f 3925 3931 3929
f 3924 3926 3932
f 3924 3932 3931
f 3752 3749 3932
f 3752 3932 3931
f 3744 3926 3932
f 3744 3932 3749
f 3747 3751 3933
f 3747 3933 3927
f 3934 3930 3935
f 3934 3935 3936
f 3930 3929 3937
f 3930 3937 3935
f 3929 3931 3938
f 3929 3938 3937
f 3757 3754 3938
f 3757 3938 3937
f 3752 3931 3938
f 3752 3938 3754
f 3751 3756 3939
f 3751 3939 3933
f 3940 3936 3941
f 3940 3941 3942
f 3936 3935 3943
f 3936 3943 3941
f 3762 3763 3943
f 3762 3943 3941
f 3935 3937 3944
f 3935 3944 3943
f 3763 3759 3944
f 3763 3944 3943
f 3757 3937 3944
f 3757 3944 3759
f 3756 3761 3945
f 3756 3945 3939
f 3946 3942 3947
f 3946 3947 3948
f 3942 3941 3949
f 3942 3949 3947
f 3769 3765 3949
f 3769 3949 3947
f 3762 3941 3949
f 3762 3949 3765
f 3761 3768 3950
f 3761 3950 3945
f 3951 3952 3953
f 3951 3953 3954
f 3952 3948 3955
f 3952 3955 3953
f 3774 3775 3955
f 3774 3955 3953
f 3948 3947 3956
f 3948 3956 3955
f 3775 3771 3956
f 3775 3956 3955
f 3769 3947 3956
f 3769 3956 3771
f 3768 3773 3957
f 3768 3957 3950
f 3958 3959 3960
f 3958 3960 3961
f 3780 3781 3960
f 3780 3960 3961
f 3959 3954 3962
f 3959 3962 3960
f 3781 3784 3962
f 3781 3962 3960
f 3954 3953 3963
f 3954 3963 3962
f 3784 3777 3963
f 3784 3963 3962
f 3774 3953 3963
f 3774 3963 3777
f 3773 3779 3964
f 3773 3964 3957
f 3965 3966 3967
f 3965 3967 3968
f 3790 3791 3967
f 3790 3967 3968
f 3966 3969 3970
f 3966 3970 3967
f 3791 3793 3970
f 3791 3970 3967
f 3969 3961 3971
f 3969 3971 3970
f 3793 3783 3971
f 3793 3971 3970
f 3780 3961 3971
f 3780 3971 3783
f 3779 3787 3972
f 3779 3972 3964
f 3973 3974 3975
f 3973 3975 3976
f 3799 3800 3975
f 3799 3975 3976
f 3974 3977 3978
f 3974 3978 3975
f 3800 3789 3978
f 3800 3978 3975
f 3977 3968 3979
f 3977 3979 3978
f 3789 3788 3979
f 3789 3979 3978
f 3790 3968 3979
f 3790 3979 3788
f 3787 3796 3980
f 3787 3980 3972
f 3807 3808 3981
f 3807 3981 3982
f 3983 3984 3985
f 3983 3985 3981
f 3808 3810 3985
f 3808 3985 3981
f 3984 3986 3987
f 3984 3987 3985
f 3810 3798 3987
f 3810 3987 3985
f 3986 3976 3988
f 3986 3988 3987
f 3798 3797 3988
f 3798 3988 3987
f 3799 3976 3988
f 3799 3988 3797
f 3796 3803 3989
f 3796 3989 3980
f 3817 3818 3990
f 3817 3990 3991
f 3992 3993 3994
f 3992 3994 3990
f 3818 3820 3994
f 3818 3994 3990
f 3993 3995 3996
f 3993 3996 3994
f 3820 3805 3996
f 3820 3996 3994
f 3995 3997 3998
f 3995 3998 3996
f 3805 3804 3998
f 3805 3998 3996
f 3997 3982 3999
f 3997 3999 3998
f 3804 3806 3999
f 3804 3999 3998
f 3807 3982 3999
f 3807 3999 3806
f 3989 4000 4001
f 3989 4001 4002
f 3813 3815 4001
f 3813 4001 4002
f 3803 3813 4002
f 3803 4002 3989
f 4000 4003 4004
f 4000 4004 4001
f 3815 3814 4004
f 3815 4004 4001
f 4003 3991 4005
f 4003 4005 4004
f 3814 3816 4005
f 3814 4005 4004
f 3817 3991 4005
f 3817 4005 3816
f 4006 4007 4008
f 4006 4008 4009
f 3828 4006 4007
f 3828 4007 3827
f 3828 3833 4009
f 3828 4009 4006
f 4007 4010 4011
f 4007 4011 4008
f 3827 4007 4010
f 3827 4010 3830
f 4010 4012 4013
f 4010 4013 4011
f 3830 4010 4012
f 3830 4012 3832
f 4012 4014 4015
f 4012 4015 4013
f 3832 4012 4014
f 3832 4014 3834
f 3834 4014 4015
f 3834 4015 3837
f 3833 3844 4016
f 3833 4016 4009
f 3837 4015 4017
f 3837 4017 3836
f 4017 4018 4019
f 4017 4019 4020
f 3836 4017 4018
f 3836 4018 3839
f 4018 4021 4022
f 4018 4022 4019
f 3839 4018 4021
f 3839 4021 3841
f 4021 4023 4024
f 4021 4024 4022
f 3841 4021 4023
f 3841 4023 3843
f 4023 4025 4026
f 4023 4026 4024
f 3843 4023 4025
f 3843 4025 3845
f 3845 4025 4026
f 3845 4026 3848
f 3844 3853 4027
f 3844 4027 4016
f 4026 4028 4029
f 4026 4029 4030
f 3848 4026 4028
f 3848 4028 3847
f 4028 4031 4032
f 4028 4032 4029
f 3847 4028 4031
f 3847 4031 3850
f 4031 4033 4034
f 4031 4034 4032
f 3850 4031 4033
f 3850 4033 3852
f 3852 4033 4034
f 3852 4034 3856
f 3853 3861 4035
f 3853 4035 4027
f 4034 4036 4037
f 4034 4037 4038
f 3856 4034 4036
f 3856 4036 3855
f 4036 4039 4040
f 4036 4040 4037
f 3855 4036 4039
f 3855 4039 3858
f 4039 4041 4042
f 4039 4042 4040
f 3858 4039 4041
f 3858 4041 3860
f 3860 4041 4042
f 3860 4042 3864
f 3861 3869 4043
f 3861 4043 4035
f 4040 4042 4044
f 4040 4044 4045
f 4042 4046 4047
f 4042 4047 4044
f 3864 4042 4046
f 3864 4046 3863
f 4046 4048 4049
f 4046 4049 4047
f 3863 4046 4048
f 3863 4048 3866
f 4048 4050 4051
f 4048 4051 4049
f 3866 4048 4050
f 3866 4050 3868
f 3868 4050 4051
f 3868 4051 3872
f 3869 3877 4052
f 3869 4052 4043
f 4049 4051 4053
f 4049 4053 4054
f 4051 4055 4056
f 4051 4056 4053
f 3872 4051 4055
f 3872 4055 3871
f 4055 4057 4058
f 4055 4058 4056
f 3871 4055 4057
f 3871 4057 3874
f 3874 4057 4058
f 3874 4058 3879
f 3877 3884 4059
f 3877 4059 4052
f 4056 4058 4060
f 4056 4060 4061
f 4058 4062 4063
f 4058 4063 4060
f 3879 4058 4062
f 3879 4062 3878
f 4062 4064 4065
f 4062 4065 4063
f 3878 4062 4064
f 3878 4064 3881
f 3881 4064 4065
f 3881 4065 3886
f 3884 3889 4066
f 3884 4066 4059
f 4060 4063 4067
f 4060 4067 4068
f 4063 4065 4069
f 4063 4069 4067
f 4065 4070 4071
f 4065 4071 4069
f 3886 4065 4070
f 3886 4070 3885
f 3885 4070 4071
f 3885 4071 3891
f 3889 3896 4072
f 3889 4072 4066
f 4067 4069 4073
f 4067 4073 4074
f 4069 4071 4075
f 4069 4075 4073
f 4071 4076 4077
f 4071 4077 4075
f 3891 4071 4076
f 3891 4076 3890
f 3890 4076 4077
f 3890 4077 3898
f 3896 3902 4078
f 3896 4078 4072
f 4073 4075 4079
f 4073 4079 4080
f 4075 4077 4081
f 4075 4081 4079
f 4077 4082 4083
f 4077 4083 4081
f 3898 4077 4082
f 3898 4082 3897
f 3897 4082 4083
f 3897 4083 3904
f 3902 3908 4084
f 3902 4084 4078
f 4079 4081 4085
f 4079 4085 4086
f 4081 4083 4087
f 4081 4087 4085
f 4083 4088 4089
f 4083 4089 4087
f 3904 4083 4088
f 3904 4088 3903
f 3903 4088 4089
f 3903 4089 3910
f 3908 3912 4090
f 3908 4090 4084
f 4086 4085 4091
f 4086 4091 4092
f 4085 4087 4093
f 4085 4093 4091
f 4087 4089 4094
f 4087 4094 4093
f 3910 4089 4094
f 3910 4094 3914
f 3912 3918 4095
f 3912 4095 4090
f 4092 4091 4096
f 4092 4096 4097
f 4091 4093 4098
f 4091 4098 4096
f 4093 4094 4099
f 4093 4099 4098
f 3914 4094 4099
f 3914 4099 3920
f 3918 3923 4100
f 3918 4100 4095
f 4097 4096 4101
f 4097 4101 4102
f 4096 4098 4103
f 4096 4103 4101
f 4098 4099 4104
f 4098 4104 4103
f 3928 3925 4104
f 3928 4104 4103
f 3920 4099 4104
f 3920 4104 3925
f 3923 3927 4105
f 3923 4105 4100
f 4106 4102 4107
f 4106 4107 4108
f 4102 4101 4109
f 4102 4109 4107
f 4101 4103 4110
f 4101 4110 4109
f 3934 3930 4110
f 3934 4110 4109
f 3928 4103 4110
f 3928 4110 3930
f 3927 3933 4111
f 3927 4111 4105
f 4112 4108 4113
f 4112 4113 4114
f 4108 4107 4115
f 4108 4115 4113
f 4107 4109 4116
f 4107 4116 4115
f 3940 3936 4116
f 3940 4116 4115
f 3934 4109 4116
f 3934 4116 3936
f 3933 3939 4117
f 3933 4117 4111
f 4118 4114 4119
f 4118 4119 4120
f 4114 4113 4121
f 4114 4121 4119
f 4113 4115 4122
f 4113 4122 4121
f 3946 3942 4122
f 3946 4122 4121
f 3940 4115 4122
f 3940 4122 3942
f 3939 3945 4123
f 3939 4123 4117
f 4124 4120 4125
f 4124 4125 4126
f 4120 4119 4127
f 4120 4127 4125
f 3951 3952 4127
f 3951 4127 4125
f 4119 4121 4128
f 4119 4128 4127
f 3952 3948 4128
f 3952 4128 4127
f 3946 4121 4128
f 3946 4128 3948
f 3945 3950 4129
f 3945 4129 4123
f 4130 4131 4132
f 4130 4132 4133
f 4131 4126 4134
f 4131 4134 4132
f 3958 3959 4134
f 3958 4134 4132
f 4126 4125 4135
f 4126 4135 4134
f 3959 3954 4135
f 3959 4135 4134
f 3951 4125 4135
f 3951 4135 3954
f 3950 3957 4136
f 3950 4136 4129
f 4137 4138 4139
f 4137 4139 4140
f 4138 4141 4142
f 4138 4142 4139
f 3965 3966 4142
f 3965 4142 4139
f 4141 4133 4143
f 4141 4143 4142
f 3966 3969 4143
f 3966 4143 4142
f 4133 4132 4144
f 4133 4144 4143
f 3969 3961 4144
f 3969 4144 4143
f 3958 4132 4144
f 3958 4144 3961
f 3957 3964 4145
f 3957 4145 4136
f 4146 4147 4148
f 4146 4148 4149
f 3973 3974 4148
f 3973 4148 4149
f 4147 4140 4150
f 4147 4150 4148
f 3974 3977 4150
f 3974 4150 4148
f 4140 4139 4151
f 4140 4151 4150
f 3977 3968 4151
f 3977 4151 4150
f 3965 4139 4151
f 3965 4151 3968
f 3964 3972 4152
f 3964 4152 4145
f 4153 4154 4155
f 4153 4155 4156
f 3983 3984 4155
f 3983 4155 4156
f 4154 4157 4158
f 4154 4158 4155
f 3984 3986 4158
f 3984 4158 4155
f 4157 4149 4159
f 4157 4159 4158
f 3986 3976 4159
f 3986 4159 4158
f 3973 4149 4159
f 3973 4159 3976
f 3972 3980 4160
f 3972 4160 4152
f 3992 3993 4161
f 3992 4161 4162
f 4163 4164 4165
f 4163 4165 4161
f 3993 3995 4165
f 3993 4165 4161
f 4164 4166 4167
f 4164 4167 4165
f 3995 3997 4167
f 3995 4167 4165
f 4166 4168 4169
f 4166 4169 4167
f 3997 3982 4169
f 3997 4169 4167
f 4168 4156 4170
f 4168 4170 4169
f 3982 3981 4170
f 3982 4170 4169
f 3983 4156 4170
f 3983 4170 3981
f 4160 4171 4172
f 4160 4172 4173
f 3989 4000 4172
f 3989 4172 4173
f 3980 3989 4173
f 3980 4173 4160
f 4171 4174 4175
f 4171 4175 4172
f 4000 4003 4175
f 4000 4175 4172
f 4174 4176 4177
f 4174 4177 4175
f 4003 3991 4177
f 4003 4177 4175
f 4176 4162 4178
f 4176 4178 4177
f 3991 3990 4178
f 3991 4178 4177
f 3992 4162 4178
f 3992 4178 3990
f 4179 4180 4181
f 4179 4181 4182
f 4009 4179 4180
f 4009 4180 4008
f 4009 4016 4182
f 4009 4182 4179
f 4180 4183 4184
f 4180 4184 4181
f 4008 4180 4183
f 4008 4183 4011
f 4183 4185 4186
f 4183 4186 4184
f 4011 4183 4185
f 4011 4185 4013
f 4185 4187 4188
f 4185 4188 4186
f 4013 4185 4187
f 4013 4187 4015
f 4187 4189 4190
f 4187 4190 4188
f 4015 4187 4189
f 4015 4189 4017
f 4017 4189 4190
f 4017 4190 4020
f 4016 4027 4191
f 4016 4191 4182
f 4188 4190 4192
f 4188 4192 4193
f 4190 4194 4195
f 4190 4195 4192
f 4020 4190 4194
f 4020 4194 4019
f 4194 4196 4197
f 4194 4197 4195
f 4019 4194 4196
f 4019 4196 4022
f 4196 4198 4199
f 4196 4199 4197
f 4022 4196 4198
f 4022 4198 4024
f 4198 4200 4201
f 4198 4201 4199
f 4024 4198 4200
f 4024 4200 4026
f 4026 4200 4201
f 4026 4201 4030
f 4027 4035 4202
f 4027 4202 4191
f 4199 4201 4203
f 4199 4203 4204
f 4201 4205 4206
f 4201 4206 4203
f 4030 4201 4205
f 4030 4205 4029
f 4205 4207 4208
f 4205 4208 4206
f 4029 4205 4207
f 4029 4207 4032
f 4207 4209 4210
f 4207 4210 4208
f 4032 4207 4209
f 4032 4209 4034
f 4034 4209 4210
f 4034 4210 4038
f 4035 4043 4211
f 4035 4211 4202
f 4208 4210 4212
f 4208 4212 4213
f 4210 4214 4215
f 4210 4215 4212
f 4038 4210 4214
f 4038 4214 4037
f 4214 4216 4217
f 4214 4217 4215
f 4037 4214 4216
f 4037 4216 4040
f 4040 4216 4217
f 4040 4217 4045
f 4043 4052 4218
f 4043 4218 4211
f 4215 4217 4219
f 4215 4219 4220
f 4217 4221 4222
f 4217 4222 4219
f 4045 4217 4221
f 4045 4221 4044
f 4221 4223 4224
f 4221 4224 4222
f 4044 4221 4223
f 4044 4223 4047
f 4223 4225 4226
f 4223 4226 4224
f 4047 4223 4225
f 4047 4225 4049
f 4049 4225 4226
f 4049 4226 4054
f 4052 4059 4227
f 4052 4227 4218
f 4222 4224 4228
f 4222 4228 4229
f 4224 4226 4230
f 4224 4230 4228
f 4226 4231 4232
f 4226 4232 4230
f 4054 4226 4231
f 4054 4231 4053
f 4231 4233 4234
f 4231 4234 4232
f 4053 4231 4233
f 4053 4233 4056
f 4056 4233 4234
f 4056 4234 4061
f 4059 4066 4235
f 4059 4235 4227
f 4230 4232 4236
f 4230 4236 4237
f 4232 4234 4238
f 4232 4238 4236
f 4234 4239 4240
f 4234 4240 4238
f 4061 4234 4239
f 4061 4239 4060
f 4060 4239 4240
f 4060 4240 4068
f 4066 4072 4241
f 4066 4241 4235
f 4236 4238 4242
f 4236 4242 4243
f 4238 4240 4244
f 4238 4244 4242
f 4240 4245 4246
f 4240 4246 4244
f 4068 4240 4245
f 4068 4245 4067
f 4067 4245 4246
f 4067 4246 4074
f 4072 4078 4247
f 4072 4247 4241
f 4242 4244 4248
f 4242 4248 4249
f 4244 4246 4250
f 4244 4250 4248
f 4246 4251 4252
f 4246 4252 4250
f 4074 4246 4251
f 4074 4251 4073
f 4073 4251 4252
f 4073 4252 4080
f 4078 4084 4253
f 4078 4253 4247
f 4248 4250 4254
f 4248 4254 4255
f 4250 4252 4256
f 4250 4256 4254
f 4252 4257 4258
f 4252 4258 4256
f 4080 4252 4257
f 4080 4257 4079
f 4079 4257 4258
f 4079 4258 4086
f 4084 4090 4259
f 4084 4259 4253
f 4255 4254 4260
f 4255 4260 4261
f 4254 4256 4262
f 4254 4262 4260
f 4256 4258 4263
f 4256 4263 4262
f 4086 4258 4263
f 4086 4263 4092
f 4090 4095 4264
f 4090 4264 4259
f 4261 4260 4265
f 4261 4265 4266
f 4260 4262 4267
f 4260 4267 4265
f 4262 4263 4268
f 4262 4268 4267
f 4092 4263 4268
f 4092 4268 4097
f 4095 4100 4269
f 4095 4269 4264
f 4266 4265 4270
f 4266 4270 4271
f 4265 4267 4272
f 4265 4272 4270
f 4267 4268 4273
f 4267 4273 4272
f 4106 4102 4273
f 4106 4273 4272
f 4097 4268 4273
f 4097 4273 4102
f 4100 4105 4274
f 4100 4274 4269
f 4275 4271 4276
f 4275 4276 4277
f 4271 4270 4278
f 4271 4278 4276
f 4270 4272 4279
f 4270 4279 4278
f 4112 4108 4279
f 4112 4279 4278
f 4106 4272 4279
f 4106 4279 4108
f 4105 4111 4280
f 4105 4280 4274
f 4281 4277 4282
f 4281 4282 4283
f 4277 4276 4284
f 4277 4284 4282
f 4276 4278 4285
f 4276 4285 4284
f 4118 4114 4285
f 4118 4285 4284
f 4112 4278 4285
f 4112 4285 4114
f 4111 4117 4286
f 4111 4286 4280
f 4287 4283 4288
f 4287 4288 4289
f 4283 4282 4290
f 4283 4290 4288
f 4282 4284 4291
f 4282 4291 4290
f 4124 4120 4291
f 4124 4291 4290
f 4118 4284 4291
f 4118 4291 4120
f 4117 4123 4292
f 4117 4292 4286
f 4293 4294 4295
f 4293 4295 4296
f 4294 4289 4297
f 4294 4297 4295
f 4289 4288 4298
f 4289 4298 4297
f 4130 4131 4298
f 4130 4298 4297
f 4288 4290 4299
f 4288 4299 4298
f 4131 4126 4299
f 4131 4299 4298
f 4124 4290 4299
f 4124 4299 4126
f 4123 4129 4300
f 4123 4300 4292
f 4301 4302 4303
f 4301 4303 4304
f 4302 4296 4305
f 4302 4305 4303
f 4137 4138 4305
f 4137 4305 4303
f 4296 4295 4306
f 4296 4306 4305
f 4138 4141 4306
f 4138 4306 4305
f 4295 4297 4307
f 4295 4307 4306
f 4141 4133 4307
f 4141 4307 4306
f 4130 4297 4307
f 4130 4307 4133
f 4129 4136 4308
f 4129 4308 4300
f 4309 4310 4311
f 4309 4311 4312
f 4310 4304 4313
f 4310 4313 4311
f 4146 4147 4313
f 4146 4313 4311
f 4304 4303 4314
f 4304 4314 4313
f 4147 4140 4314
f 4147 4314 4313
f 4137 4303 4314
f 4137 4314 4140
f 4136 4145 4315
f 4136 4315 4308
f 4316 4317 4318
f 4316 4318 4319
f 4317 4320 4321
f 4317 4321 4318
f 4153 4154 4321
f 4153 4321 4318
f 4320 4312 4322
f 4320 4322 4321
f 4154 4157 4322
f 4154 4322 4321
f 4312 4311 4323
f 4312 4323 4322
f 4157 4149 4323
f 4157 4323 4322
f 4146 4311 4323
f 4146 4323 4149
f 4145 4152 4324
f 4145 4324 4315
f 4325 4326 4327
f 4325 4327 4328
f 4326 4329 4330
f 4326 4330 4327
f 4163 4164 4330
f 4163 4330 4327
f 4329 4331 4332
f 4329 4332 4330
f 4164 4166 4332
f 4164 4332 4330
f 4331 4319 4333
f 4331 4333 4332
f 4166 4168 4333
f 4166 4333 4332
f 4319 4318 4334
f 4319 4334 4333
f 4168 4156 4334
f 4168 4334 4333
f 4153 4318 4334
f 4153 4334 4156
f 4324 4335 4336
f 4324 4336 4337
f 4160 4171 4336
f 4160 4336 4337
f 4152 4160 4337
f 4152 4337 4324
f 4335 4338 4339
f 4335 4339 4336
f 4171 4174 4339
f 4171 4339 4336
f 4338 4340 4341
f 4338 4341 4339
f 4174 4176 4341
f 4174 4341 4339
f 4340 4328 4342
f 4340 4342 4341
f 4176 4162 4342
f 4176 4342 4341
f 4328 4327 4343
f 4328 4343 4342
f 4162 4161 4343
f 4162 4343 4342
f 4163 4327 4343
f 4163 4343 4161
f 4344 4345 4346
f 4344 4346 4347
f 4182 4344 4345
f 4182 4345 4181
f 4182 4191 4347
f 4182 4347 4344
f 4345 4348 4349
f 4345 4349 4346
f 4181 4345 4348
f 4181 4348 4184
f 4348 4350 4351
f 4348 4351 4349
f 4184 4348 4350
f 4184 4350 4186
f 4350 4352 4353
f 4350 4353 4351
f 4186 4350 4352
f 4186 4352 4188
f 4188 4352 4353
f 4188 4353 4193
f 4191 4202 4354
f 4191 4354 4347
f 4351 4353 4355
f 4351 4355 4356
f 4353 4357 4358
f 4353 4358 4355
f 4193 4353 4357
f 4193 4357 4192
f 4357 4359 4360
f 4357 4360 4358
f 4192 4357 4359
f 4192 4359 4195
f 4359 4361 4362
f 4359 4362 4360
f 4195 4359 4361
f 4195 4361 4197
f 4361 4363 4364
f 4361 4364 4362
f 4197 4361 4363
f 4197 4363 4199
f 4199 4363 4364
f 4199 4364 4204
f 4202 4211 4365
f 4202 4365 4354
f 4360 4362 4366
f 4360 4366 4367
f 4362 4364 4368
f 4362 4368 4366
f 4364 4369 4370
f 4364 4370 4368
f 4204 4364 4369
f 4204 4369 4203
f 4369 4371 4372
f 4369 4372 4370
f 4203 4369 4371
f 4203 4371 4206
f 4371 4373 4374
f 4371 4374 4372
f 4206 4371 4373
f 4206 4373 4208
f 4208 4373 4374
f 4208 4374 4213
f 4211 4218 4375
f 4211 4375 4365
f 4370 4372 4376
f 4370 4376 4377
f 4372 4374 4378
f 4372 4378 4376
f 4374 4379 4380
f 4374 4380 4378
f 4213 4374 4379
f 4213 4379 4212
f 4379 4381 4382
f 4379 4382 4380
f 4212 4379 4381
f 4212 4381 4215
f 4215 4381 4382
f 4215 4382 4220
f 4218 4227 4383
f 4218 4383 4375
f 4378 4380 4384
f 4378 4384 4385
f 4380 4382 4386
f 4380 4386 4384
f 4382 4387 4388
f 4382 4388 4386
f 4220 4382 4387
f 4220 4387 4219
f 4387 4389 4390
f 4387 4390 4388
f 4219 4387 4389
f 4219 4389 4222
f 4222 4389 4390
f 4222 4390 4229
f 4227 4235 4391
f 4227 4391 4383
f 4386 4388 4392
f 4386 4392 4393
f 4388 4390 4394
f 4388 4394 4392
f 4390 4395 4396
f 4390 4396 4394
f 4229 4390 4395
f 4229 4395 4228
f 4395 4397 4398
f 4395 4398 4396
f 4228 4395 4397
f 4228 4397 4230
f 4230 4397 4398
f 4230 4398 4237
f 4235 4241 4399
f 4235 4399 4391
f 4392 4394 4400
f 4392 4400 4401
f 4394 4396 4402
f 4394 4402 4400
f 4396 4398 4403
f 4396 4403 4402
f 4398 4404 4405
f 4398 4405 4403
f 4237 4398 4404
f 4237 4404 4236
f 4236 4404 4405
f 4236 4405 4243
f 4241 4247 4406
f 4241 4406 4399
f 4400 4402 4407
f 4400 4407 4408
f 4402 4403 4409
f 4402 4409 4407
f 4403 4405 4410
f 4403 4410 4409
f 4405 4411 4412
f 4405 4412 4410
f 4243 4405 4411
f 4243 4411 4242
f 4242 4411 4412
f 4242 4412 4249
f 4247 4253 4413
f 4247 4413 4406
f 4407 4409 4414
f 4407 4414 4415
f 4409 4410 4416
f 4409 4416 4414
f 4410 4412 4417
f 4410 4417 4416
f 4412 4418 4419
f 4412 4419 4417
f 4249 4412 4418
f 4249 4418 4248
f 4248 4418 4419
f 4248 4419 4255
f 4253 4259 4420
f 4253 4420 4413
f 4415 4414 4421
f 4415 4421 4422
f 4414 4416 4423
f 4414 4423 4421
f 4416 4417 4424
f 4416 4424 4423
f 4417 4419 4425
f 4417 4425 4424
f 4255 4419 4425
f 4255 4425 4261
f 4259 4264 4426
f 4259 4426 4420
f 4422 4421 4427
f 4422 4427 4428
f 4421 4423 4429
f 4421 4429 4427
f 4423 4424 4430
f 4423 4430 4429
f 4424 4425 4431
f 4424 4431 4430
f 4261 4425 4431
f 4261 4431 4266
f 4264 4269 4432
f 4264 4432 4426
f 4428 4427 4433
f 4428 4433 4434
f 4427 4429 4435
f 4427 4435 4433
f 4429 4430 4436
f 4429 4436 4435
f 4430 4431 4437
f 4430 4437 4436
f 4275 4271 4437
f 4275 4437 4436
f 4266 4431 4437
f 4266 4437 4271
f 4269 4274 4438
f 4269 4438 4432
f 4439 4434 4440
f 4439 4440 4441
f 4434 4433 4442
f 4434 4442 4440
f 4433 4435 4443
f 4433 4443 4442
f 4435 4436 4444
f 4435 4444 4443
f 4281 4277 4444
f 4281 4444 4443
f 4275 4436 4444
f 4275 4444 4277
f 4274 4280 4445
f 4274 4445 4438
f 4446 4441 4447
f 4446 4447 4448
f 4441 4440 4449
f 4441 4449 4447
f 4440 4442 4450
f 4440 4450 4449
f 4442 4443 4451
f 4442 4451 4450
f 4287 4283 4451
f 4287 4451 4450
f 4281 4443 4451
f 4281 4451 4283
f 4280 4286 4452
f 4280 4452 4445
f 4453 4448 4454
f 4453 4454 4455
f 4448 4447 4456
f 4448 4456 4454
f 4447 4449 4457
f 4447 4457 4456
f 4293 4294 4457
f 4293 4457 4456
f 4449 4450 4458
f 4449 4458 4457
f 4294 4289 4458
f 4294 4458 4457
f 4287 4450 4458
f 4287 4458 4289
f 4286 4292 4459
f 4286 4459 4452
f 4460 4461 4462
f 4460 4462 4463
f 4461 4455 4464
f 4461 4464 4462
f 4455 4454 4465
f 4455 4465 4464
f 4301 4302 4465
f 4301 4465 4464
f 4454 4456 4466
f 4454 4466 4465
f 4302 4296 4466
f 4302 4466 4465
f 4293 4456 4466
f 4293 4466 4296
f 4292 4300 4467
f 4292 4467 4459
f 4468 4469 4470
f 4468 4470 4471
f 4469 4463 4472
f 4469 4472 4470
f 4463 4462 4473
f 4463 4473 4472
f 4309 4310 4473
f 4309 4473 4472
f 4462 4464 4474
f 4462 4474 4473
f 4310 4304 4474
f 4310 4474 4473
f 4301 4464 4474
f 4301 4474 4304
f 4300 4308 4475
f 4300 4475 4467
f 4476 4477 4478
f 4476 4478 4479
f 4477 4480 4481
f 4477 4481 4478
f 4480 4471 4482
f 4480 4482 4481
f 4316 4317 4482
f 4316 4482 4481
f 4471 4470 4483
f 4471 4483 4482
f 4317 4320 4483
f 4317 4483 4482
f 4470 4472 4484
f 4470 4484 4483
f 4320 4312 4484
f 4320 4484 4483
f 4309 4472 4484
f 4309 4484 4312
f 4308 4315 4485
f 4308 4485 4475
f 4486 4487 4488
f 4486 4488 4489
f 4487 4490 4491
f 4487 4491 4488
f 4325 4326 4491
f 4325 4491 4488
f 4490 4479 4492
f 4490 4492 4491
f 4326 4329 4492
f 4326 4492 4491
f 4479 4478 4493
f 4479 4493 4492
f 4329 4331 4493
f 4329 4493 4492
f 4478 4481 4494
f 4478 4494 4493
f 4331 4319 4494
f 4331 4494 4493
f 4316 4481 4494
f 4316 4494 4319
f 4485 4495 4496
f 4485 4496 4497
f 4324 4335 4496
f 4324 4496 4497
f 4315 4324 4497
f 4315 4497 4485
f 4495 4498 4499
f 4495 4499 4496
f 4335 4338 4499
f 4335 4499 4496
f 4498 4489 4500
f 4498 4500 4499
f 4338 4340 4500
f 4338 4500 4499
f 4489 4488 4501
f 4489 4501 4500
f 4340 4328 4501
f 4340 4501 4500
f 4325 4488 4501
f 4325 4501 4328
f 4502 4503 4504
f 4502 4504 4505
f 4347 4502 4503
f 4347 4503 4346
f 4347 4354 4505
f 4347 4505 4502
f 4503 4506 4507
f 4503 4507 4504
f 4346 4503 4506
f 4346 4506 4349
f 4506 4508 4509
f 4506 4509 4507
f 4349 4506 4508
f 4349 4508 4351
f 4351 4508 4509
f 4351 4509 4356
f 4354 4365 4510
f 4354 4510 4505
f 4504 4507 4511
f 4504 4511 4512
f 4507 4509 4513
f 4507 4513 4511
f 4509 4514 4515
f 4509 4515 4513
f 4356 4509 4514
f 4356 4514 4355
f 4514 4516 4517
f 4514 4517 4515
f 4355 4514 4516
f 4355 4516 4358
f 4516 4518 4519
f 4516 4519 4517
f 4358 4516 4518
f 4358 4518 4360
f 4360 4518 4519
f 4360 4519 4367
f 4365 4375 4520
f 4365 4520 4510
f 4515 4517 4521
f 4515 4521 4522
f 4517 4519 4523
f 4517 4523 4521
f 4519 4524 4525
f 4519 4525 4523
f 4367 4519 4524
f 4367 4524 4366
f 4524 4526 4527
f 4524 4527 4525
f 4366 4524 4526
f 4366 4526 4368
f 4526 4528 4529
f 4526 4529 4527
f 4368 4526 4528
f 4368 4528 4370
f 4370 4528 4529
f 4370 4529 4377
f 4375 4383 4530
f 4375 4530 4520
f 4523 4525 4531
f 4523 4531 4532
f 4525 4527 4533
f 4525 4533 4531
f 4527 4529 4534
f 4527 4534 4533
f 4529 4535 4536
f 4529 4536 4534
f 4377 4529 4535
f 4377 4535 4376
f 4535 4537 4538
f 4535 4538 4536
f 4376 4535 4537
f 4376 4537 4378
f 4378 4537 4538
f 4378 4538 4385
f 4383 4391 4539
f 4383 4539 4530
f 4533 4534 4540
f 4533 4540 4541
f 4534 4536 4542
f 4534 4542 4540
f 4536 4538 4543
f 4536 4543 4542
f 4538 4544 4545
f 4538 4545 4543
f 4385 4538 4544
f 4385 4544 4384
f 4544 4546 4547
f 4544 4547 4545
f 4384 4544 4546
f 4384 4546 4386
f 4386 4546 4547
f 4386 4547 4393
f 4391 4399 4548
f 4391 4548 4539
f 4542 4543 4549
f 4542 4549 4550
f 4543 4545 4551
f 4543 4551 4549
f 4545 4547 4552
f 4545 4552 4551
f 4547 4553 4554
f 4547 4554 4552
f 4393 4547 4553
f 4393 4553 4392
f 4392 4553 4554
f 4392 4554 4401
f 4399 4406 4555
f 4399 4555 4548
f 4549 4551 4556
f 4549 4556 4557
f 4551 4552 4558
f 4551 4558 4556
f 4552 4554 4559
f 4552 4559 4558
f 4554 4560 4561
f 4554 4561 4559
f 4401 4554 4560
f 4401 4560 4400
f 4400 4560 4561
f 4400 4561 4408
f 4406 4413 4562
f 4406 4562 4555
f 4557 4556 4563
f 4557 4563 4564
f 4556 4558 4565
f 4556 4565 4563
f 4558 4559 4566
f 4558 4566 4565
f 4559 4561 4567
f 4559 4567 4566
f 4561 4568 4569
f 4561 4569 4567
f 4408 4561 4568
f 4408 4568 4407
f 4407 4568 4569
f 4407 4569 4415
f 4413 4420 4570
f 4413 4570 4562
f 4563 4565 4571
f 4563 4571 4572
f 4565 4566 4573
f 4565 4573 4571
f 4566 4567 4574
f 4566 4574 4573
f 4567 4569 4575
f 4567 4575 4574
f 4415 4569 4575
f 4415 4575 4422
f 4420 4426 4576
f 4420 4576 4570
f 4572 4571 4577
f 4572 4577 4578
f 4571 4573 4579
f 4571 4579 4577
f 4573 4574 4580
f 4573 4580 4579
f 4574 4575 4581
f 4574 4581 4580
f 4422 4575 4581
f 4422 4581 4428
f 4426 4432 4582
f 4426 4582 4576
f 4583 4578 4584
f 4583 4584 4585
f 4578 4577 4586
f 4578 4586 4584
f 4577 4579 4587
f 4577 4587 4586
f 4579 4580 4588
f 4579 4588 4587
f 4580 4581 4589
f 4580 4589 4588
f 4439 4434 4589
f 4439 4589 4588
f 4428 4581 4589
f 4428 4589 4434
f 4432 4438 4590
f 4432 4590 4582
f 4585 4584 4591
f 4585 4591 4592
f 4584 4586 4593
f 4584 4593 4591
f 4586 4587 4594
f 4586 4594 4593
f 4587 4588 4595
f 4587 4595 4594
f 4446 4441 4595
f 4446 4595 4594
f 4439 4588 4595
f 4439 4595 4441
f 4438 4445 4596
f 4438 4596 4590
f 4597 4592 4598
f 4597 4598 4599
f 4592 4591 4600
f 4592 4600 4598
f 4591 4593 4601
f 4591 4601 4600
f 4593 4594 4602
f 4593 4602 4601
f 4453 4448 4602
f 4453 4602 4601
f 4446 4594 4602
f 4446 4602 4448
f 4445 4452 4603
f 4445 4603 4596
f 4604 4605 4606
f 4604 4606 4607
f 4605 4599 4608
f 4605 4608 4606
f 4599 4598 4609
f 4599 4609 4608
f 4598 4600 4610
f 4598 4610 4609
f 4460 4461 4610
f 4460 4610 4609
f 4600 4601 4611
f 4600 4611 4610
f 4461 4455 4611
f 4461 4611 4610
f 4453 4601 4611
f 4453 4611 4455
f 4452 4459 4612
f 4452 4612 4603
f 4613 4614 4615
f 4613 4615 4616
f 4614 4607 4617
f 4614 4617 4615
f 4607 4606 4618
f 4607 4618 4617
f 4606 4608 4619
f 4606 4619 4618
f 4468 4469 4619
f 4468 4619 4618
f 4608 4609 4620
f 4608 4620 4619
f 4469 4463 4620
f 4469 4620 4619
f 4460 4609 4620
f 4460 4620 4463
f 4459 4467 4621
f 4459 4621 4612
f 4622 4623 4624
f 4622 4624 4625
f 4623 4616 4626
f 4623 4626 4624
f 4616 4615 4627
f 4616 4627 4626
f 4476 4477 4627
f 4476 4627 4626
f 4615 4617 4628
f 4615 4628 4627
f 4477 4480 4628
f 4477 4628 4627
f 4617 4618 4629
f 4617 4629 4628
f 4480 4471 4629
f 4480 4629 4628
f 4468 4618 4629
f 4468 4629 4471
f 4467 4475 4630
f 4467 4630 4621
f 4631 4632 4633
f 4631 4633 4634
f 4632 4635 4636
f 4632 4636 4633
f 4635 4625 4637
f 4635 4637 4636
f 4486 4487 4637
f 4486 4637 4636
f 4625 4624 4638
f 4625 4638 4637
f 4487 4490 4638
f 4487 4638 4637
f 4624 4626 4639
f 4624 4639 4638
f 4490 4479 4639
f 4490 4639 4638
f 4476 4626 4639
f 4476 4639 4479
f 4630 4634 4640
f 4630 4640 4641
f 4485 4495 4640
f 4485 4640 4641
f 4475 4485 4641
f 4475 4641 4630
f 4634 4633 4642
f 4634 4642 4640
f 4495 4498 4642
f 4495 4642 4640
f 4633 4636 4643
f 4633 4643 4642
f 4498 4489 4643
f 4498 4643 4642
f 4486 4636 4643
f 4486 4643 4489
f 4644 4645 4646
f 4644 4646 4647
f 4505 4644 4645
f 4505 4645 4504
f 4505 4510 4647
f 4505 4647 4644
f 4504 4645 4646
f 4504 4646 4512
f 4647 4646 4648
f 4647 4648 4649
f 4510 4520 4649
f 4510 4649 4647
f 4646 4650 4651
f 4646 4651 4648
f 4512 4646 4650
f 4512 4650 4511
f 4650 4652 4653
f 4650 4653 4651
f 4511 4650 4652
f 4511 4652 4513
f 4652 4654 4655
f 4652 4655 4653
f 4513 4652 4654
f 4513 4654 4515
f 4515 4654 4655
f 4515 4655 4522
f 4520 4530 4656
f 4520 4656 4649
f 4648 4651 4657
f 4648 4657 4658
f 4651 4653 4659
f 4651 4659 4657
f 4653 4655 4660
f 4653 4660 4659
f 4655 4661 4662
f 4655 4662 4660
f 4522 4655 4661
f 4522 4661 4521
f 4661 4663 4664
f 4661 4664 4662
f 4521 4661 4663
f 4521 4663 4523
f 4523 4663 4664
f 4523 4664 4532
f 4530 4539 4665
f 4530 4665 4656
f 4659 4660 4666
f 4659 4666 4667
f 4660 4662 4668
f 4660 4668 4666
f 4662 4664 4669
f 4662 4669 4668
f 4664 4670 4671
f 4664 4671 4669
f 4532 4664 4670
f 4532 4670 4531
f 4670 4672 4673
f 4670 4673 4671
f 4531 4670 4672
f 4531 4672 4533
f 4533 4672 4673
f 4533 4673 4541
f 4539 4548 4674
f 4539 4674 4665
f 4666 4668 4675
f 4666 4675 4676
f 4668 4669 4677
f 4668 4677 4675
f 4669 4671 4678
f 4669 4678 4677
f 4671 4673 4679
f 4671 4679 4678
f 4673 4680 4681
f 4673 4681 4679
f 4541 4673 4680
f 4541 4680 4540
f 4680 4682 4683
f 4680 4683 4681
f 4540 4680 4682
f 4540 4682 4542
f 4542 4682 4683
f 4542 4683 4550
f 4548 4555 4684
f 4548 4684 4674
f 4677 4678 4685
f 4677 4685 4686
f 4678 4679 4687
f 4678 4687 4685
f 4679 4681 4688
f 4679 4688 4687
f 4681 4683 4689
f 4681 4689 4688
f 4683 4690 4691
f 4683 4691 4689
f 4550 4683 4690
f 4550 4690 4549
f 4549 4690 4691
f 4549 4691 4557
f 4555 4562 4692
f 4555 4692 4684
f 4686 4685 4693
f 4686 4693 4694
f 4685 4687 4695
f 4685 4695 4693
f 4687 4688 4696
f 4687 4696 4695
f 4688 4689 4697
f 4688 4697 4696
f 4689 4691 4698
f 4689 4698 4697
f 4557 4691 4698
f 4557 4698 4564
f 4562 4570 4699
f 4562 4699 4692
f 4693 4695 4700
f 4693 4700 4701
f 4695 4696 4702
f 4695 4702 4700
f 4696 4697 4703
f 4696 4703 4702
f 4697 4698 4704
f 4697 4704 4703
f 4698 4705 4706
f 4698 4706 4704
f 4564 4698 4705
f 4564 4705 4563
f 4563 4705 4706
f 4563 4706 4572
f 4570 4576 4707
f 4570 4707 4699
f 4701 4700 4708
f 4701 4708 4709
f 4700 4702 4710
f 4700 4710 4708
f 4702 4703 4711
f 4702 4711 4710
f 4703 4704 4712
f 4703 4712 4711
f 4704 4706 4713
f 4704 4713 4712
f 4583 4578 4713
f 4583 4713 4712
f 4572 4706 4713
f 4572 4713 4578
f 4576 4582 4714
f 4576 4714 4707
f 4715 4709 4716
f 4715 4716 4717
f 4709 4708 4718
f 4709 4718 4716
f 4708 4710 4719
f 4708 4719 4718
f 4710 4711 4720
f 4710 4720 4719
f 4711 4712 4721
f 4711 4721 4720
f 4583 4712 4721
f 4583 4721 4585
f 4582 4590 4722
f 4582 4722 4714
f 4717 4716 4723
f 4717 4723 4724
f 4716 4718 4725
f 4716 4725 4723
f 4718 4719 4726
f 4718 4726 4725
f 4719 4720 4727
f 4719 4727 4726
f 4720 4721 4728
f 4720 4728 4727
f 4597 4592 4728
f 4597 4728 4727
f 4585 4721 4728
f 4585 4728 4592
f 4590 4596 4729
f 4590 4729 4722
f 4730 4731 4732
f 4730 4732 4733
f 4731 4724 4734
f 4731 4734 4732
f 4724 4723 4735
f 4724 4735 4734
f 4723 4725 4736
f 4723 4736 4735
f 4725 4726 4737
f 4725 4737 4736
f 4604 4605 4737
f 4604 4737 4736
f 4726 4727 4738
f 4726 4738 4737
f 4605 4599 4738
f 4605 4738 4737
f 4597 4727 4738
f 4597 4738 4599
f 4596 4603 4739
f 4596 4739 4729
f 4740 4733 4741
f 4740 4741 4742
f 4733 4732 4743
f 4733 4743 4741
f 4732 4734 4744
f 4732 4744 4743
f 4734 4735 4745
f 4734 4745 4744
f 4613 4614 4745
f 4613 4745 4744
f 4735 4736 4746
f 4735 4746 4745
f 4614 4607 4746
f 4614 4746 4745
f 4604 4736 4746
f 4604 4746 4607
f 4603 4612 4747
f 4603 4747 4739
f 4748 4749 4750
f 4748 4750 4751
f 4749 4742 4752
f 4749 4752 4750
f 4742 4741 4753
f 4742 4753 4752
f 4741 4743 4754
f 4741 4754 4753
f 4622 4623 4754
f 4622 4754 4753
f 4743 4744 4755
f 4743 4755 4754
f 4623 4616 4755
f 4623 4755 4754
f 4613 4744 4755
f 4613 4755 4616
f 4747 4751 4756
f 4747 4756 4757
f 4612 4621 4757
f 4612 4757 4747
f 4751 4750 4758
f 4751 4758 4756
f 4631 4632 4758
f 4631 4758 4756
f 4750 4752 4759
f 4750 4759 4758
f 4632 4635 4759
f 4632 4759 4758
f 4752 4753 4760
f 4752 4760 4759
f 4635 4625 4760
f 4635 4760 4759
f 4622 4753 4760
f 4622 4760 4625
f 4757 4756 4761
f 4757 4761 4762
f 4630 4634 4761
f 4630 4761 4762
f 4621 4630 4762
f 4621 4762 4757
f 4631 4756 4761
f 4631 4761 4634
f 4763 4764 4765
f 4763 4765 4766
f 4649 4763 4764
f 4649 4764 4648
f 4649 4656 4766
f 4649 4766 4763
f 4648 4764 4765
f 4648 4765 4658
f 4766 4765 4767
f 4766 4767 4768
f 4656 4665 4768
f 4656 4768 4766
f 4765 4769 4770
f 4765 4770 4767
f 4658 4765 4769
f 4658 4769 4657
f 4769 4771 4772
f 4769 4772 4770
f 4657 4769 4771
f 4657 4771 4659
f 4659 4771 4772
f 4659 4772 4667
f 4768 4767 4773
f 4768 4773 4774
f 4665 4674 4774
f 4665 4774 4768
f 4767 4770 4775
f 4767 4775 4773
f 4770 4772 4776
f 4770 4776 4775
f 4772 4777 4778
f 4772 4778 4776
f 4667 4772 4777
f 4667 4777 4666
f 4666 4777 4778
f 4666 4778 4676
f 4774 4773 4779
f 4774 4779 4780
f 4674 4684 4780
f 4674 4780 4774
f 4773 4775 4781
f 4773 4781 4779
f 4775 4776 4782
f 4775 4782 4781
f 4776 4778 4783
f 4776 4783 4782
f 4778 4784 4785
f 4778 4785 4783
f 4676 4778 4784
f 4676 4784 4675
f 4784 4786 4787
f 4784 4787 4785
f 4675 4784 4786
f 4675 4786 4677
f 4677 4786 4787
f 4677 4787 4686
f 4780 4779 4788
f 4780 4788 4789
f 4684 4692 4789
f 4684 4789 4780
f 4779 4781 4790
f 4779 4790 4788
f 4781 4782 4791
f 4781 4791 4790
f 4782 4783 4792
f 4782 4792 4791
f 4783 4785 4793
f 4783 4793 4792
f 4785 4787 4794
f 4785 4794 4793
f 4686 4787 4794
f 4686 4794 4694
f 4692 4699 4795
f 4692 4795 4789
f 4788 4790 4796
f 4788 4796 4797
f 4790 4791 4798
f 4790 4798 4796
f 4791 4792 4799
f 4791 4799 4798
f 4792 4793 4800
f 4792 4800 4799
f 4793 4794 4801
f 4793 4801 4800
f 4794 4802 4803
f 4794 4803 4801
f 4694 4794 4802
f 4694 4802 4693
f 4693 4802 4803
f 4693 4803 4701
f 4699 4707 4804
f 4699 4804 4795
f 4797 4796 4805
f 4797 4805 4806
f 4796 4798 4807
f 4796 4807 4805
f 4798 4799 4808
f 4798 4808 4807
f 4799 4800 4809
f 4799 4809 4808
f 4800 4801 4810
f 4800 4810 4809
f 4801 4803 4811
f 4801 4811 4810
f 4715 4709 4811
f 4715 4811 4810
f 4701 4803 4811
f 4701 4811 4709
f 4804 4806 4812
f 4804 4812 4813
f 4707 4714 4813
f 4707 4813 4804
f 4806 4805 4814
f 4806 4814 4812
f 4805 4807 4815
f 4805 4815 4814
f 4807 4808 4816
f 4807 4816 4815
f 4808 4809 4817
f 4808 4817 4816
f 4809 4810 4818
f 4809 4818 4817
f 4715 4810 4818
f 4715 4818 4717
f 4813 4812 4819
f 4813 4819 4820
f 4714 4722 4820
f 4714 4820 4813
f 4812 4814 4821
f 4812 4821 4819
f 4814 4815 4822
f 4814 4822 4821
f 4815 4816 4823
f 4815 4823 4822
f 4816 4817 4824
f 4816 4824 4823
f 4730 4731 4824
f 4730 4824 4823
f 4817 4818 4825
f 4817 4825 4824
f 4731 4724 4825
f 4731 4825 4824
f 4717 4818 4825
f 4717 4825 4724
f 4820 4819 4826
f 4820 4826 4827
f 4722 4729 4827
f 4722 4827 4820
f 4819 4821 4828
f 4819 4828 4826
f 4821 4822 4829
f 4821 4829 4828
f 4822 4823 4830
f 4822 4830 4829
f 4740 4733 4830
f 4740 4830 4829
f 4730 4823 4830
f 4730 4830 4733
f 4827 4826 4831
f 4827 4831 4832
f 4729 4739 4832
f 4729 4832 4827
f 4826 4828 4833
f 4826 4833 4831
f 4748 4749 4833
f 4748 4833 4831
f 4828 4829 4834
f 4828 4834 4833
f 4749 4742 4834
f 4749 4834 4833
f 4740 4829 4834
f 4740 4834 4742
f 4832 4831 4835
f 4832 4835 4836
f 4747 4751 4835
f 4747 4835 4836
f 4739 4747 4836
f 4739 4836 4832
f 4748 4831 4835
f 4748 4835 4751
f 4837 4838 4839
f 4837 4839 4840
f 4789 4837 4838
f 4789 4838 4788
f 4789 4795 4840
f 4789 4840 4837
f 4788 4838 4839
f 4788 4839 4797
f 4840 4839 4841
f 4840 4841 4842
f 4804 4806 4841
f 4804 4841 4842
f 4795 4804 4842
f 4795 4842 4840
f 4797 4839 4841
f 4797 4841 4806
