o JSONAkashi_474
v -5.000000 -20.000000 -1113.266040
v -4.791667 -20.000000 -1113.266040
v -4.583333 -20.000000 -1113.266040
v -4.375000 -20.000000 -1113.266040
v -4.166667 -20.000000 -1113.266040
v -3.958333 -20.000000 -1113.266040
v -3.750000 -20.000000 -1113.266040
v -3.541667 -20.000000 -1113.266040
v -3.333333 -20.000000 -1113.266040
v -3.125000 -20.000000 -1113.266040
v -2.916667 -20.000000 -1113.266040
v -2.708333 -20.000000 -1113.266040
v -2.500000 -20.000000 -1113.266040
v -2.291667 -20.000000 -1113.266040
v -2.083333 -20.000000 -1113.266040
v -1.875000 -20.000000 -1113.266040
v -1.666667 -20.000000 -1113.266040
v -1.458333 -20.000000 -1113.266040
v -1.250000 -20.000000 -1113.266040
v -1.041667 -20.000000 -1113.266040
v -0.833333 -20.000000 -1113.266040
v -0.625000 -20.000000 -1113.266040
v -0.416667 -20.000000 -1113.266040
v -0.208333 -20.000000 -1113.266040
v 0.000000 -20.000000 -1113.266040
v 0.208333 -20.000000 -1113.266040
v 0.416667 -20.000000 -1113.266040
v 0.625000 -20.000000 -1113.266040
v 0.833333 -20.000000 -1113.266040
v 1.041667 -20.000000 -1113.266040
v 1.250000 -20.000000 -1113.266040
v 1.458333 -20.000000 -1113.266040
v 1.666667 -20.000000 -1113.266040
v 1.875000 -20.000000 -1113.266040
v 2.083333 -20.000000 -1113.266040
v 2.291667 -20.000000 -1113.266040
v 2.500000 -20.000000 -1113.266040
v 2.708333 -20.000000 -1113.266040
v 2.916667 -20.000000 -1113.266040
v 3.125000 -20.000000 -1113.266040
v 3.333333 -20.000000 -1113.266040
v 3.541667 -20.000000 -1113.266040
v 3.750000 -20.000000 -1113.266040
v 3.958333 -20.000000 -1113.266040
v 4.166667 -20.000000 -1113.266040
v 4.375000 -20.000000 -1113.266040
v 4.583333 -20.000000 -1113.266040
v 4.791667 -20.000000 -1113.266040
v 5.000000 -20.000000 -1113.266040
v -5.000000 -20.000000 -1104.568649
v -4.791667 -20.000000 -1104.568649
v -4.583333 -20.000000 -1104.568649
v -4.375000 -20.000000 -1104.568649
v -4.166667 -20.000000 -1104.568649
v -3.958333 -20.000000 -1104.568649
v -3.750000 -20.000000 -1104.568649
v -3.541667 -20.000000 -1104.568649
v -3.333333 -20.000000 -1104.568649
v -3.125000 -20.000000 -1104.568649
v -2.916667 -20.000000 -1104.568649
v -2.708333 -20.000000 -1104.568649
v -2.500000 -20.000000 -1104.568649
v -2.291667 -20.000000 -1104.568649
v -2.083333 -20.000000 -1104.568649
v -1.875000 -20.000000 -1104.568649
v -1.666667 -20.000000 -1104.568649
v -1.458333 -20.000000 -1104.568649
v -1.250000 -20.000000 -1104.568649
v -1.041667 -20.000000 -1104.568649
v -0.833333 -20.000000 -1104.568649
v -0.625000 -20.000000 -1104.568649
v -0.416667 -20.000000 -1104.568649
v -0.208333 -20.000000 -1104.568649
v 0.000000 -20.000000 -1104.568649
v 0.208333 -20.000000 -1104.568649
v 0.416667 -20.000000 -1104.568649
v 0.625000 -20.000000 -1104.568649
v 0.833333 -20.000000 -1104.568649
v 1.041667 -20.000000 -1104.568649
v 1.250000 -20.000000 -1104.568649
v 1.458333 -20.000000 -1104.568649
v 1.666667 -20.000000 -1104.568649
v 1.875000 -20.000000 -1104.568649
v 2.083333 -20.000000 -1104.568649
v 2.291667 -20.000000 -1104.568649
v 2.500000 -20.000000 -1104.568649
v 2.708333 -20.000000 -1104.568649
v 2.916667 -20.000000 -1104.568649
v 3.125000 -20.000000 -1104.568649
v 3.333333 -20.000000 -1104.568649
v 3.541667 -20.000000 -1104.568649
v 3.750000 -20.000000 -1104.568649
v 3.958333 -20.000000 -1104.568649
v 4.166667 -20.000000 -1104.568649
v 4.375000 -20.000000 -1104.568649
v 4.583333 -20.000000 -1104.568649
v 4.791667 -20.000000 -1104.568649
v 5.000000 -20.000000 -1104.568649
v -5.000000 -20.000000 -1095.871258
v -4.791667 -20.000000 -1095.871258
v -4.583333 -20.000000 -1095.871258
v -4.375000 -20.000000 -1095.871258
v -4.166667 -20.000000 -1095.871258
v -3.958333 -20.000000 -1095.871258
v -3.750000 -20.000000 -1095.871258
v -3.541667 -20.000000 -1095.871258
v -3.333333 -20.000000 -1095.871258
v -3.125000 -20.000000 -1095.871258
v -2.916667 -20.000000 -1095.871258
v -2.708333 -20.000000 -1095.871258
v -2.500000 -20.000000 -1095.871258
v -2.291667 -20.000000 -1095.871258
v -2.083333 -20.000000 -1095.871258
v -1.875000 -20.000000 -1095.871258
v -1.666667 -20.000000 -1095.871258
v -1.458333 -20.000000 -1095.871258
v -1.250000 -20.000000 -1095.871258
v -1.041667 -20.000000 -1095.871258
v -0.833333 -20.000000 -1095.871258
v -0.625000 -20.000000 -1095.871258
v -0.416667 -20.000000 -1095.871258
v -0.208333 -20.000000 -1095.871258
v 0.000000 -20.000000 -1095.871258
v 0.208333 -20.000000 -1095.871258
v 0.416667 -20.000000 -1095.871258
v 0.625000 -20.000000 -1095.871258
v 0.833333 -20.000000 -1095.871258
v 1.041667 -20.000000 -1095.871258
v 1.250000 -20.000000 -1095.871258
v 1.458333 -20.000000 -1095.871258
v 1.666667 -20.000000 -1095.871258
v 1.875000 -20.000000 -1095.871258
v 2.083333 -20.000000 -1095.871258
v 2.291667 -20.000000 -1095.871258
v 2.500000 -20.000000 -1095.871258
v 2.708333 -20.000000 -1095.871258
v 2.916667 -20.000000 -1095.871258
v 3.125000 -20.000000 -1095.871258
v 3.333333 -20.000000 -1095.871258
v 3.541667 -20.000000 -1095.871258
v 3.750000 -20.000000 -1095.871258
v 3.958333 -20.000000 -1095.871258
v 4.166667 -20.000000 -1095.871258
v 4.375000 -20.000000 -1095.871258
v 4.583333 -20.000000 -1095.871258
v 4.791667 -20.000000 -1095.871258
v 5.000000 -20.000000 -1095.871258
v -5.000000 -20.000000 -1087.173867
v -4.791667 -20.000000 -1087.173867
v -4.583333 -20.000000 -1087.173867
v -4.375000 -20.000000 -1087.173867
v -4.166667 -20.000000 -1087.173867
v -3.958333 -20.000000 -1087.173867
v -3.750000 -20.000000 -1087.173867
v -3.541667 -20.000000 -1087.173867
v -3.333333 -20.000000 -1087.173867
v -3.125000 -20.000000 -1087.173867
v -2.916667 -20.000000 -1087.173867
v -2.708333 -20.000000 -1087.173867
v -2.500000 -20.000000 -1087.173867
v -2.291667 -20.000000 -1087.173867
v -2.083333 -20.000000 -1087.173867
v -1.875000 -20.000000 -1087.173867
v -1.666667 -20.000000 -1087.173867
v -1.458333 -20.000000 -1087.173867
v -1.250000 -20.000000 -1087.173867
v -1.041667 -20.000000 -1087.173867
v -0.833333 -20.000000 -1087.173867
v -0.625000 -20.000000 -1087.173867
v -0.416667 -20.000000 -1087.173867
v -0.208333 -20.000000 -1087.173867
v 0.000000 -20.000000 -1087.173867
v 0.208333 -20.000000 -1087.173867
v 0.416667 -20.000000 -1087.173867
v 0.625000 -20.000000 -1087.173867
v 0.833333 -20.000000 -1087.173867
v 1.041667 -20.000000 -1087.173867
v 1.250000 -20.000000 -1087.173867
v 1.458333 -20.000000 -1087.173867
v 1.666667 -20.000000 -1087.173867
v 1.875000 -20.000000 -1087.173867
v 2.083333 -20.000000 -1087.173867
v 2.291667 -20.000000 -1087.173867
v 2.500000 -20.000000 -1087.173867
v 2.708333 -20.000000 -1087.173867
v 2.916667 -20.000000 -1087.173867
v 3.125000 -20.000000 -1087.173867
v 3.333333 -20.000000 -1087.173867
v 3.541667 -20.000000 -1087.173867
v 3.750000 -20.000000 -1087.173867
v 3.958333 -20.000000 -1087.173867
v 4.166667 -20.000000 -1087.173867
v 4.375000 -20.000000 -1087.173867
v 4.583333 -20.000000 -1087.173867
v 4.791667 -20.000000 -1087.173867
v 5.000000 -20.000000 -1087.173867
v -5.000000 -20.000000 -1078.476476
v -4.791667 -20.000000 -1078.476476
v -4.583333 -20.000000 -1078.476476
v -4.375000 -20.000000 -1078.476476
v -4.166667 -20.000000 -1078.476476
v -3.958333 -20.000000 -1078.476476
v -3.750000 -20.000000 -1078.476476
v -3.541667 -20.000000 -1078.476476
v -3.333333 -20.000000 -1078.476476
v -3.125000 -20.000000 -1078.476476
v -2.916667 -20.000000 -1078.476476
v -2.708333 -20.000000 -1078.476476
v -2.500000 -20.000000 -1078.476476
v -2.291667 -20.000000 -1078.476476
v -2.083333 -20.000000 -1078.476476
v -1.875000 -20.000000 -1078.476476
v -1.666667 -20.000000 -1078.476476
v -1.458333 -20.000000 -1078.476476
v -1.250000 -20.000000 -1078.476476
v -1.041667 -20.000000 -1078.476476
v -0.833333 -20.000000 -1078.476476
v -0.625000 -20.000000 -1078.476476
v -0.416667 -20.000000 -1078.476476
v -0.208333 -20.000000 -1078.476476
v 0.000000 -20.000000 -1078.476476
v 0.208333 -20.000000 -1078.476476
v 0.416667 -20.000000 -1078.476476
v 0.625000 -20.000000 -1078.476476
v 0.833333 -20.000000 -1078.476476
v 1.041667 -20.000000 -1078.476476
v 1.250000 -20.000000 -1078.476476
v 1.458333 -20.000000 -1078.476476
v 1.666667 -20.000000 -1078.476476
v 1.875000 -20.000000 -1078.476476
v 2.083333 -20.000000 -1078.476476
v 2.291667 -20.000000 -1078.476476
v 2.500000 -20.000000 -1078.476476
v 2.708333 -20.000000 -1078.476476
v 2.916667 -20.000000 -1078.476476
v 3.125000 -20.000000 -1078.476476
v 3.333333 -20.000000 -1078.476476
v 3.541667 -20.000000 -1078.476476
v 3.750000 -20.000000 -1078.476476
v 3.958333 -20.000000 -1078.476476
v 4.166667 -20.000000 -1078.476476
v 4.375000 -20.000000 -1078.476476
v 4.583333 -20.000000 -1078.476476
v 4.791667 -20.000000 -1078.476476
v 5.000000 -20.000000 -1078.476476
v -5.000000 -20.000000 -1069.779085
v -4.791667 -20.000000 -1069.779085
v -4.583333 -20.000000 -1069.779085
v -4.375000 -20.000000 -1069.779085
v -4.166667 -20.000000 -1069.779085
v -3.958333 -20.000000 -1069.779085
v -3.750000 -20.000000 -1069.779085
v -3.541667 -20.000000 -1069.779085
v -3.333333 -20.000000 -1069.779085
v -3.125000 -20.000000 -1069.779085
v -2.916667 -20.000000 -1069.779085
v -2.708333 -20.000000 -1069.779085
v -2.500000 -20.000000 -1069.779085
v -2.291667 -20.000000 -1069.779085
v -2.083333 -20.000000 -1069.779085
v -1.875000 -20.000000 -1069.779085
v -1.666667 -20.000000 -1069.779085
v -1.458333 -20.000000 -1069.779085
v -1.250000 -20.000000 -1069.779085
v -1.041667 -20.000000 -1069.779085
v -0.833333 -20.000000 -1069.779085
v -0.625000 -20.000000 -1069.779085
v -0.416667 -20.000000 -1069.779085
v -0.208333 -20.000000 -1069.779085
v 0.000000 -20.000000 -1069.779085
v 0.208333 -20.000000 -1069.779085
v 0.416667 -20.000000 -1069.779085
v 0.625000 -20.000000 -1069.779085
v 0.833333 -20.000000 -1069.779085
v 1.041667 -20.000000 -1069.779085
v 1.250000 -20.000000 -1069.779085
v 1.458333 -20.000000 -1069.779085
v 1.666667 -20.000000 -1069.779085
v 1.875000 -20.000000 -1069.779085
v 2.083333 -20.000000 -1069.779085
v 2.291667 -20.000000 -1069.779085
v 2.500000 -20.000000 -1069.779085
v 2.708333 -20.000000 -1069.779085
v 2.916667 -20.000000 -1069.779085
v 3.125000 -20.000000 -1069.779085
v 3.333333 -20.000000 -1069.779085
v 3.541667 -20.000000 -1069.779085
v 3.750000 -20.000000 -1069.779085
v 3.958333 -20.000000 -1069.779085
v 4.166667 -20.000000 -1069.779085
v 4.375000 -20.000000 -1069.779085
v 4.583333 -20.000000 -1069.779085
v 4.791667 -20.000000 -1069.779085
v 5.000000 -20.000000 -1069.779085
v -5.000000 -20.000000 -1061.081694
v -4.791667 -20.000000 -1061.081694
v -4.583333 -20.000000 -1061.081694
v -4.375000 -20.000000 -1061.081694
v -4.166667 -20.000000 -1061.081694
v -3.958333 -20.000000 -1061.081694
v -3.750000 -20.000000 -1061.081694
v -3.541667 -20.000000 -1061.081694
v -3.333333 -20.000000 -1061.081694
v -3.125000 -20.000000 -1061.081694
v -2.916667 -20.000000 -1061.081694
v -2.708333 -20.000000 -1061.081694
v -2.500000 -20.000000 -1061.081694
v -2.291667 -20.000000 -1061.081694
v -2.083333 -20.000000 -1061.081694
v -1.875000 -20.000000 -1061.081694
v -1.666667 -20.000000 -1061.081694
v -1.458333 -20.000000 -1061.081694
v -1.250000 -20.000000 -1061.081694
v -1.041667 -20.000000 -1061.081694
v -0.833333 -20.000000 -1061.081694
v -0.625000 -20.000000 -1061.081694
v -0.416667 -20.000000 -1061.081694
v -0.208333 -20.000000 -1061.081694
v 0.000000 -20.000000 -1061.081694
v 0.208333 -20.000000 -1061.081694
v 0.416667 -20.000000 -1061.081694
v 0.625000 -20.000000 -1061.081694
v 0.833333 -20.000000 -1061.081694
v 1.041667 -20.000000 -1061.081694
v 1.250000 -20.000000 -1061.081694
v 1.458333 -20.000000 -1061.081694
v 1.666667 -20.000000 -1061.081694
v 1.875000 -20.000000 -1061.081694
v 2.083333 -20.000000 -1061.081694
v 2.291667 -20.000000 -1061.081694
v 2.500000 -20.000000 -1061.081694
v 2.708333 -20.000000 -1061.081694
v 2.916667 -20.000000 -1061.081694
v 3.125000 -20.000000 -1061.081694
v 3.333333 -20.000000 -1061.081694
v 3.541667 -20.000000 -1061.081694
v 3.750000 -20.000000 -1061.081694
v 3.958333 -20.000000 -1061.081694
v 4.166667 -20.000000 -1061.081694
v 4.375000 -20.000000 -1061.081694
v 4.583333 -20.000000 -1061.081694
v 4.791667 -20.000000 -1061.081694
v 5.000000 -20.000000 -1061.081694
v -5.000000 -20.000000 -1052.384304
v -4.791667 -20.000000 -1052.384304
v -4.583333 -20.000000 -1052.384304
v -4.375000 -20.000000 -1052.384304
v -4.166667 -20.000000 -1052.384304
v -3.958333 -20.000000 -1052.384304
v -3.750000 -20.000000 -1052.384304
v -3.541667 -20.000000 -1052.384304
v -3.333333 -20.000000 -1052.384304
v -3.125000 -20.000000 -1052.384304
v -2.916667 -20.000000 -1052.384304
v -2.708333 -20.000000 -1052.384304
v -2.500000 -20.000000 -1052.384304
v -2.291667 -20.000000 -1052.384304
v -2.083333 -20.000000 -1052.384304
v -1.875000 -20.000000 -1052.384304
v -1.666667 -20.000000 -1052.384304
v -1.458333 -20.000000 -1052.384304
v -1.250000 -20.000000 -1052.384304
v -1.041667 -20.000000 -1052.384304
v -0.833333 -20.000000 -1052.384304
v -0.625000 -20.000000 -1052.384304
v -0.416667 -20.000000 -1052.384304
v -0.208333 -20.000000 -1052.384304
v 0.000000 -20.000000 -1052.384304
v 0.208333 -20.000000 -1052.384304
v 0.416667 -20.000000 -1052.384304
v 0.625000 -20.000000 -1052.384304
v 0.833333 -20.000000 -1052.384304
v 1.041667 -20.000000 -1052.384304
v 1.250000 -20.000000 -1052.384304
v 1.458333 -20.000000 -1052.384304
v 1.666667 -20.000000 -1052.384304
v 1.875000 -20.000000 -1052.384304
v 2.083333 -20.000000 -1052.384304
v 2.291667 -20.000000 -1052.384304
v 2.500000 -20.000000 -1052.384304
v 2.708333 -20.000000 -1052.384304
v 2.916667 -20.000000 -1052.384304
v 3.125000 -20.000000 -1052.384304
v 3.333333 -20.000000 -1052.384304
v 3.541667 -20.000000 -1052.384304
v 3.750000 -20.000000 -1052.384304
v 3.958333 -20.000000 -1052.384304
v 4.166667 -20.000000 -1052.384304
v 4.375000 -20.000000 -1052.384304
v 4.583333 -20.000000 -1052.384304
v 4.791667 -20.000000 -1052.384304
v 5.000000 -20.000000 -1052.384304
v -5.000000 -20.000000 -1043.686913
v -4.791667 -20.000000 -1043.686913
v -4.583333 -20.000000 -1043.686913
v -4.375000 -20.000000 -1043.686913
v -4.166667 -20.000000 -1043.686913
v -3.958333 -20.000000 -1043.686913
v -3.750000 -20.000000 -1043.686913
v -3.541667 -20.000000 -1043.686913
v -3.333333 -20.000000 -1043.686913
v -3.125000 -20.000000 -1043.686913
v -2.916667 -20.000000 -1043.686913
v -2.708333 -20.000000 -1043.686913
v -2.500000 -20.000000 -1043.686913
v -2.291667 -20.000000 -1043.686913
v -2.083333 -20.000000 -1043.686913
v -1.875000 -20.000000 -1043.686913
v -1.666667 -20.000000 -1043.686913
v -1.458333 -20.000000 -1043.686913
v -1.250000 -20.000000 -1043.686913
v -1.041667 -20.000000 -1043.686913
v -0.833333 -20.000000 -1043.686913
v -0.625000 -20.000000 -1043.686913
v -0.416667 -20.000000 -1043.686913
v -0.208333 -20.000000 -1043.686913
v 0.000000 -20.000000 -1043.686913
v 0.208333 -20.000000 -1043.686913
v 0.416667 -20.000000 -1043.686913
v 0.625000 -20.000000 -1043.686913
v 0.833333 -20.000000 -1043.686913
v 1.041667 -20.000000 -1043.686913
v 1.250000 -20.000000 -1043.686913
v 1.458333 -20.000000 -1043.686913
v 1.666667 -20.000000 -1043.686913
v 1.875000 -20.000000 -1043.686913
v 2.083333 -20.000000 -1043.686913
v 2.291667 -20.000000 -1043.686913
v 2.500000 -20.000000 -1043.686913
v 2.708333 -20.000000 -1043.686913
v 2.916667 -20.000000 -1043.686913
v 3.125000 -20.000000 -1043.686913
v 3.333333 -20.000000 -1043.686913
v 3.541667 -20.000000 -1043.686913
v 3.750000 -20.000000 -1043.686913
v 3.958333 -20.000000 -1043.686913
v 4.166667 -20.000000 -1043.686913
v 4.375000 -20.000000 -1043.686913
v 4.583333 -20.000000 -1043.686913
v 4.791667 -20.000000 -1043.686913
v 5.000000 -20.000000 -1043.686913
v -5.000000 -20.000000 -1034.989522
v -4.791667 -20.000000 -1034.989522
v -4.583333 -20.000000 -1034.989522
v -4.375000 -20.000000 -1034.989522
v -4.166667 -20.000000 -1034.989522
v -3.958333 -20.000000 -1034.989522
v -3.750000 -20.000000 -1034.989522
v -3.541667 -20.000000 -1034.989522
v -3.333333 -20.000000 -1034.989522
v -3.125000 -20.000000 -1034.989522
v -2.916667 -20.000000 -1034.989522
v -2.708333 -20.000000 -1034.989522
v -2.500000 -20.000000 -1034.989522
v -2.291667 -20.000000 -1034.989522
v -2.083333 -20.000000 -1034.989522
v -1.875000 -20.000000 -1034.989522
v -1.666667 -20.000000 -1034.989522
v -1.458333 -20.000000 -1034.989522
v -1.250000 -20.000000 -1034.989522
v -1.041667 -20.000000 -1034.989522
v -0.833333 -20.000000 -1034.989522
v -0.625000 -20.000000 -1034.989522
v -0.416667 -20.000000 -1034.989522
v -0.208333 -20.000000 -1034.989522
v 0.000000 -20.000000 -1034.989522
v 0.208333 -20.000000 -1034.989522
v 0.416667 -20.000000 -1034.989522
v 0.625000 -20.000000 -1034.989522
v 0.833333 -20.000000 -1034.989522
v 1.041667 -20.000000 -1034.989522
v 1.250000 -20.000000 -1034.989522
v 1.458333 -20.000000 -1034.989522
v 1.666667 -20.000000 -1034.989522
v 1.875000 -20.000000 -1034.989522
v 2.083333 -20.000000 -1034.989522
v 2.291667 -20.000000 -1034.989522
v 2.500000 -20.000000 -1034.989522
v 2.708333 -20.000000 -1034.989522
v 2.916667 -20.000000 -1034.989522
v 3.125000 -20.000000 -1034.989522
v 3.333333 -20.000000 -1034.989522
v 3.541667 -20.000000 -1034.989522
v 3.750000 -20.000000 -1034.989522
v 3.958333 -20.000000 -1034.989522
v 4.166667 -20.000000 -1034.989522
v 4.375000 -20.000000 -1034.989522
v 4.583333 -20.000000 -1034.989522
v 4.791667 -20.000000 -1034.989522
v 5.000000 -20.000000 -1034.989522
v -5.000000 -20.000000 -1026.292131
v -4.791667 -20.000000 -1026.292131
v -4.583333 -20.000000 -1026.292131
v -4.375000 -20.000000 -1026.292131
v -4.166667 -20.000000 -1026.292131
v -3.958333 -20.000000 -1026.292131
v -3.750000 -20.000000 -1026.292131
v -3.541667 -20.000000 -1026.292131
v -3.333333 -20.000000 -1026.292131
v -3.125000 -20.000000 -1026.292131
v -2.916667 -20.000000 -1026.292131
v -2.708333 -20.000000 -1026.292131
v -2.500000 -20.000000 -1026.292131
v -2.291667 -20.000000 -1026.292131
v -2.083333 -20.000000 -1026.292131
v -1.875000 -20.000000 -1026.292131
v -1.666667 -20.000000 -1026.292131
v -1.458333 -20.000000 -1026.292131
v -1.250000 -20.000000 -1026.292131
v -1.041667 -20.000000 -1026.292131
v -0.833333 -20.000000 -1026.292131
v -0.625000 -20.000000 -1026.292131
v -0.416667 -20.000000 -1026.292131
v -0.208333 -20.000000 -1026.292131
v 0.000000 -20.000000 -1026.292131
v 0.208333 -20.000000 -1026.292131
v 0.416667 -20.000000 -1026.292131
v 0.625000 -20.000000 -1026.292131
v 0.833333 -20.000000 -1026.292131
v 1.041667 -20.000000 -1026.292131
v 1.250000 -20.000000 -1026.292131
v 1.458333 -20.000000 -1026.292131
v 1.666667 -20.000000 -1026.292131
v 1.875000 -20.000000 -1026.292131
v 2.083333 -20.000000 -1026.292131
v 2.291667 -20.000000 -1026.292131
v 2.500000 -20.000000 -1026.292131
v 2.708333 -20.000000 -1026.292131
v 2.916667 -20.000000 -1026.292131
v 3.125000 -20.000000 -1026.292131
v 3.333333 -20.000000 -1026.292131
v 3.541667 -20.000000 -1026.292131
v 3.750000 -20.000000 -1026.292131
v 3.958333 -20.000000 -1026.292131
v 4.166667 -20.000000 -1026.292131
v 4.375000 -20.000000 -1026.292131
v 4.583333 -20.000000 -1026.292131
v 4.791667 -20.000000 -1026.292131
v 5.000000 -20.000000 -1026.292131
v -5.000000 -20.000000 -1017.594740
v -4.791667 -20.000000 -1017.594740
v -4.583333 -20.000000 -1017.594740
v -4.375000 -20.000000 -1017.594740
v -4.166667 -20.000000 -1017.594740
v -3.958333 -20.000000 -1017.594740
v -3.750000 -20.000000 -1017.594740
v -3.541667 -20.000000 -1017.594740
v -3.333333 -20.000000 -1017.594740
v -3.125000 -20.000000 -1017.594740
v -2.916667 -20.000000 -1017.594740
v -2.708333 -20.000000 -1017.594740
v -2.500000 -20.000000 -1017.594740
v -2.291667 -20.000000 -1017.594740
v -2.083333 -20.000000 -1017.594740
v -1.875000 -20.000000 -1017.594740
v -1.666667 -20.000000 -1017.594740
v -1.458333 -20.000000 -1017.594740
v -1.250000 -20.000000 -1017.594740
v -1.041667 -20.000000 -1017.594740
v -0.833333 -20.000000 -1017.594740
v -0.625000 -20.000000 -1017.594740
v -0.416667 -20.000000 -1017.594740
v -0.208333 -20.000000 -1017.594740
v 0.000000 -20.000000 -1017.594740
v 0.208333 -20.000000 -1017.594740
v 0.416667 -20.000000 -1017.594740
v 0.625000 -20.000000 -1017.594740
v 0.833333 -20.000000 -1017.594740
v 1.041667 -20.000000 -1017.594740
v 1.250000 -20.000000 -1017.594740
v 1.458333 -20.000000 -1017.594740
v 1.666667 -20.000000 -1017.594740
v 1.875000 -20.000000 -1017.594740
v 2.083333 -20.000000 -1017.594740
v 2.291667 -20.000000 -1017.594740
v 2.500000 -20.000000 -1017.594740
v 2.708333 -20.000000 -1017.594740
v 2.916667 -20.000000 -1017.594740
v 3.125000 -20.000000 -1017.594740
v 3.333333 -20.000000 -1017.594740
v 3.541667 -20.000000 -1017.594740
v 3.750000 -20.000000 -1017.594740
v 3.958333 -20.000000 -1017.594740
v 4.166667 -20.000000 -1017.594740
v 4.375000 -20.000000 -1017.594740
v 4.583333 -20.000000 -1017.594740
v 4.791667 -20.000000 -1017.594740
v 5.000000 -20.000000 -1017.594740
v -5.000000 -20.000000 -1008.897349
v -4.791667 -20.000000 -1008.897349
v -4.583333 -20.000000 -1008.897349
v -4.375000 -20.000000 -1008.897349
v -4.166667 -20.000000 -1008.897349
v -3.958333 -20.000000 -1008.897349
v -3.750000 -20.000000 -1008.897349
v -3.541667 -20.000000 -1008.897349
v -3.333333 -20.000000 -1008.897349
v -3.125000 -20.000000 -1008.897349
v -2.916667 -20.000000 -1008.897349
v -2.708333 -20.000000 -1008.897349
v -2.500000 -20.000000 -1008.897349
v -2.291667 -20.000000 -1008.897349
v -2.083333 -20.000000 -1008.897349
v -1.875000 -20.000000 -1008.897349
v -1.666667 -20.000000 -1008.897349
v -1.458333 -20.000000 -1008.897349
v -1.250000 -20.000000 -1008.897349
v -1.041667 -20.000000 -1008.897349
v -0.833333 -20.000000 -1008.897349
v -0.625000 -20.000000 -1008.897349
v -0.416667 -20.000000 -1008.897349
v -0.208333 -20.000000 -1008.897349
v 0.000000 -20.000000 -1008.897349
v 0.208333 -20.000000 -1008.897349
v 0.416667 -20.000000 -1008.897349
v 0.625000 -20.000000 -1008.897349
v 0.833333 -20.000000 -1008.897349
v 1.041667 -20.000000 -1008.897349
v 1.250000 -20.000000 -1008.897349
v 1.458333 -20.000000 -1008.897349
v 1.666667 -20.000000 -1008.897349
v 1.875000 -20.000000 -1008.897349
v 2.083333 -20.000000 -1008.897349
v 2.291667 -20.000000 -1008.897349
v 2.500000 -20.000000 -1008.897349
v 2.708333 -20.000000 -1008.897349
v 2.916667 -20.000000 -1008.897349
v 3.125000 -20.000000 -1008.897349
v 3.333333 -20.000000 -1008.897349
v 3.541667 -20.000000 -1008.897349
v 3.750000 -20.000000 -1008.897349
v 3.958333 -20.000000 -1008.897349
v 4.166667 -20.000000 -1008.897349
v 4.375000 -20.000000 -1008.897349
v 4.583333 -20.000000 -1008.897349
v 4.791667 -20.000000 -1008.897349
v 5.000000 -20.000000 -1008.897349
v -5.000000 -20.000000 -1000.199958
v -4.791667 -20.000000 -1000.199958
v -4.583333 -20.000000 -1000.199958
v -4.375000 -20.000000 -1000.199958
v -4.166667 -20.000000 -1000.199958
v -3.958333 -20.000000 -1000.199958
v -3.750000 -20.000000 -1000.199958
v -3.541667 -20.000000 -1000.199958
v -3.333333 -20.000000 -1000.199958
v -3.125000 -20.000000 -1000.199958
v -2.916667 -20.000000 -1000.199958
v -2.708333 -20.000000 -1000.199958
v -2.500000 -20.000000 -1000.199958
v -2.291667 -20.000000 -1000.199958
v -2.083333 -20.000000 -1000.199958
v -1.875000 -20.000000 -1000.199958
v -1.666667 -20.000000 -1000.199958
v -1.458333 -20.000000 -1000.199958
v -1.250000 -20.000000 -1000.199958
v -1.041667 -20.000000 -1000.199958
v -0.833333 -20.000000 -1000.199958
v -0.625000 -20.000000 -1000.199958
v -0.416667 -20.000000 -1000.199958
v -0.208333 -20.000000 -1000.199958
v 0.000000 -20.000000 -1000.199958
v 0.208333 -20.000000 -1000.199958
v 0.416667 -20.000000 -1000.199958
v 0.625000 -20.000000 -1000.199958
v 0.833333 -20.000000 -1000.199958
v 1.041667 -20.000000 -1000.199958
v 1.250000 -20.000000 -1000.199958
v 1.458333 -20.000000 -1000.199958
v 1.666667 -20.000000 -1000.199958
v 1.875000 -20.000000 -1000.199958
v 2.083333 -20.000000 -1000.199958
v 2.291667 -20.000000 -1000.199958
v 2.500000 -20.000000 -1000.199958
v 2.708333 -20.000000 -1000.199958
v 2.916667 -20.000000 -1000.199958
v 3.125000 -20.000000 -1000.199958
v 3.333333 -20.000000 -1000.199958
v 3.541667 -20.000000 -1000.199958
v 3.750000 -20.000000 -1000.199958
v 3.958333 -20.000000 -1000.199958
v 4.166667 -20.000000 -1000.199958
v 4.375000 -20.000000 -1000.199958
v 4.583333 -20.000000 -1000.199958
v 4.791667 -20.000000 -1000.199958
v 5.000000 -20.000000 -1000.199958
v -5.000000 -20.000000 -991.502567
v -4.791667 -20.000000 -991.502567
v -4.583333 -20.000000 -991.502567
v -4.375000 -20.000000 -991.502567
v -4.166667 -20.000000 -991.502567
v -3.958333 -20.000000 -991.502567
v -3.750000 -20.000000 -991.502567
v -3.541667 -20.000000 -991.502567
v -3.333333 -20.000000 -991.502567
v -3.125000 -20.000000 -991.502567
v -2.916667 -20.000000 -991.502567
v -2.708333 -20.000000 -991.502567
v -2.500000 -20.000000 -991.502567
v -2.291667 -20.000000 -991.502567
v -2.083333 -20.000000 -991.502567
v -1.875000 -20.000000 -991.502567
v -1.666667 -20.000000 -991.502567
v -1.458333 -20.000000 -991.502567
v -1.250000 -20.000000 -991.502567
v -1.041667 -20.000000 -991.502567
v -0.833333 -20.000000 -991.502567
v -0.625000 -20.000000 -991.502567
v -0.416667 -20.000000 -991.502567
v -0.208333 -20.000000 -991.502567
v 0.000000 -20.000000 -991.502567
v 0.208333 -20.000000 -991.502567
v 0.416667 -20.000000 -991.502567
v 0.625000 -20.000000 -991.502567
v 0.833333 -20.000000 -991.502567
v 1.041667 -20.000000 -991.502567
v 1.250000 -20.000000 -991.502567
v 1.458333 -20.000000 -991.502567
v 1.666667 -20.000000 -991.502567
v 1.875000 -20.000000 -991.502567
v 2.083333 -20.000000 -991.502567
v 2.291667 -20.000000 -991.502567
v 2.500000 -20.000000 -991.502567
v 2.708333 -20.000000 -991.502567
v 2.916667 -20.000000 -991.502567
v 3.125000 -20.000000 -991.502567
v 3.333333 -20.000000 -991.502567
v 3.541667 -20.000000 -991.502567
v 3.750000 -20.000000 -991.502567
v 3.958333 -20.000000 -991.502567
v 4.166667 -20.000000 -991.502567
v 4.375000 -20.000000 -991.502567
v 4.583333 -20.000000 -991.502567
v 4.791667 -20.000000 -991.502567
v 5.000000 -20.000000 -991.502567
v -5.000000 -20.000000 -982.805176
v -4.791667 -20.000000 -982.805176
v -4.583333 -20.000000 -982.805176
v -4.375000 -20.000000 -982.805176
v -4.166667 -20.000000 -982.805176
v -3.958333 -20.000000 -982.805176
v -3.750000 -20.000000 -982.805176
v -3.541667 -20.000000 -982.805176
v -3.333333 -20.000000 -982.805176
v -3.125000 -20.000000 -982.805176
v -2.916667 -20.000000 -982.805176
v -2.708333 -20.000000 -982.805176
v -2.500000 -20.000000 -982.805176
v -2.291667 -20.000000 -982.805176
v -2.083333 -20.000000 -982.805176
v -1.875000 -20.000000 -982.805176
v -1.666667 -20.000000 -982.805176
v -1.458333 -20.000000 -982.805176
v -1.250000 -20.000000 -982.805176
v -1.041667 -20.000000 -982.805176
v -0.833333 -20.000000 -982.805176
v -0.625000 -20.000000 -982.805176
v -0.416667 -20.000000 -982.805176
v -0.208333 -20.000000 -982.805176
v 0.000000 -20.000000 -982.805176
v 0.208333 -20.000000 -982.805176
v 0.416667 -20.000000 -982.805176
v 0.625000 -20.000000 -982.805176
v 0.833333 -20.000000 -982.805176
v 1.041667 -20.000000 -982.805176
v 1.250000 -20.000000 -982.805176
v 1.458333 -20.000000 -982.805176
v 1.666667 -20.000000 -982.805176
v 1.875000 -20.000000 -982.805176
v 2.083333 -20.000000 -982.805176
v 2.291667 -20.000000 -982.805176
v 2.500000 -20.000000 -982.805176
v 2.708333 -20.000000 -982.805176
v 2.916667 -20.000000 -982.805176
v 3.125000 -20.000000 -982.805176
v 3.333333 -20.000000 -982.805176
v 3.541667 -20.000000 -982.805176
v 3.750000 -20.000000 -982.805176
v 3.958333 -20.000000 -982.805176
v 4.166667 -20.000000 -982.805176
v 4.375000 -20.000000 -982.805176
v 4.583333 -20.000000 -982.805176
v 4.791667 -20.000000 -982.805176
v 5.000000 -20.000000 -982.805176
v -5.000000 -20.000000 -974.107785
v -4.791667 -20.000000 -974.107785
v -4.583333 -20.000000 -974.107785
v -4.375000 -20.000000 -974.107785
v -4.166667 -20.000000 -974.107785
v -3.958333 -20.000000 -974.107785
v -3.750000 -20.000000 -974.107785
v -3.541667 -20.000000 -974.107785
v -3.333333 -20.000000 -974.107785
v -3.125000 -20.000000 -974.107785
v -2.916667 -20.000000 -974.107785
v -2.708333 -20.000000 -974.107785
v -2.500000 -20.000000 -974.107785
v -2.291667 -20.000000 -974.107785
v -2.083333 -20.000000 -974.107785
v -1.875000 -20.000000 -974.107785
v -1.666667 -20.000000 -974.107785
v -1.458333 -20.000000 -974.107785
v -1.250000 -20.000000 -974.107785
v -1.041667 -20.000000 -974.107785
v -0.833333 -20.000000 -974.107785
v -0.625000 -20.000000 -974.107785
v -0.416667 -20.000000 -974.107785
v -0.208333 -20.000000 -974.107785
v 0.000000 -20.000000 -974.107785
v 0.208333 -20.000000 -974.107785
v 0.416667 -20.000000 -974.107785
v 0.625000 -20.000000 -974.107785
v 0.833333 -20.000000 -974.107785
v 1.041667 -20.000000 -974.107785
v 1.250000 -20.000000 -974.107785
v 1.458333 -20.000000 -974.107785
v 1.666667 -20.000000 -974.107785
v 1.875000 -20.000000 -974.107785
v 2.083333 -20.000000 -974.107785
v 2.291667 -20.000000 -974.107785
v 2.500000 -20.000000 -974.107785
v 2.708333 -20.000000 -974.107785
v 2.916667 -20.000000 -974.107785
v 3.125000 -20.000000 -974.107785
v 3.333333 -20.000000 -974.107785
v 3.541667 -20.000000 -974.107785
v 3.750000 -20.000000 -974.107785
v 3.958333 -20.000000 -974.107785
v 4.166667 -20.000000 -974.107785
v 4.375000 -20.000000 -974.107785
v 4.583333 -20.000000 -974.107785
v 4.791667 -20.000000 -974.107785
v 5.000000 -20.000000 -974.107785
v -5.000000 -20.000000 -965.410394
v -4.791667 -20.000000 -965.410394
v -4.583333 -20.000000 -965.410394
v -4.375000 -20.000000 -965.410394
v -4.166667 -20.000000 -965.410394
v -3.958333 -20.000000 -965.410394
v -3.750000 -20.000000 -965.410394
v -3.541667 -20.000000 -965.410394
v -3.333333 -20.000000 -965.410394
v -3.125000 -20.000000 -965.410394
v -2.916667 -20.000000 -965.410394
v -2.708333 -20.000000 -965.410394
v -2.500000 -20.000000 -965.410394
v -2.291667 -20.000000 -965.410394
v -2.083333 -20.000000 -965.410394
v -1.875000 -20.000000 -965.410394
v -1.666667 -20.000000 -965.410394
v -1.458333 -20.000000 -965.410394
v -1.250000 -20.000000 -965.410394
v -1.041667 -20.000000 -965.410394
v -0.833333 -20.000000 -965.410394
v -0.625000 -20.000000 -965.410394
v -0.416667 -20.000000 -965.410394
v -0.208333 -20.000000 -965.410394
v 0.000000 -20.000000 -965.410394
v 0.208333 -20.000000 -965.410394
v 0.416667 -20.000000 -965.410394
v 0.625000 -20.000000 -965.410394
v 0.833333 -20.000000 -965.410394
v 1.041667 -20.000000 -965.410394
v 1.250000 -20.000000 -965.410394
v 1.458333 -20.000000 -965.410394
v 1.666667 -20.000000 -965.410394
v 1.875000 -20.000000 -965.410394
v 2.083333 -20.000000 -965.410394
v 2.291667 -20.000000 -965.410394
v 2.500000 -20.000000 -965.410394
v 2.708333 -20.000000 -965.410394
v 2.916667 -20.000000 -965.410394
v 3.125000 -20.000000 -965.410394
v 3.333333 -20.000000 -965.410394
v 3.541667 -20.000000 -965.410394
v 3.750000 -20.000000 -965.410394
v 3.958333 -20.000000 -965.410394
v 4.166667 -20.000000 -965.410394
v 4.375000 -20.000000 -965.410394
v 4.583333 -20.000000 -965.410394
v 4.791667 -20.000000 -965.410394
v 5.000000 -20.000000 -965.410394
v -5.000000 -20.000000 -956.713003
v -4.791667 -20.000000 -956.713003
v -4.583333 -20.000000 -956.713003
v -4.375000 -20.000000 -956.713003
v -4.166667 -20.000000 -956.713003
v -3.958333 -20.000000 -956.713003
v -3.750000 -20.000000 -956.713003
v -3.541667 -20.000000 -956.713003
v -3.333333 -20.000000 -956.713003
v -3.125000 -20.000000 -956.713003
v -2.916667 -20.000000 -956.713003
v -2.708333 -20.000000 -956.713003
v -2.500000 -20.000000 -956.713003
v -2.291667 -20.000000 -956.713003
v -2.083333 -20.000000 -956.713003
v -1.875000 -20.000000 -956.713003
v -1.666667 -20.000000 -956.713003
v -1.458333 -20.000000 -956.713003
v -1.250000 -20.000000 -956.713003
v -1.041667 -20.000000 -956.713003
v -0.833333 -20.000000 -956.713003
v -0.625000 -20.000000 -956.713003
v -0.416667 -20.000000 -956.713003
v -0.208333 -20.000000 -956.713003
v 0.000000 -20.000000 -956.713003
v 0.208333 -20.000000 -956.713003
v 0.416667 -20.000000 -956.713003
v 0.625000 -20.000000 -956.713003
v 0.833333 -20.000000 -956.713003
v 1.041667 -20.000000 -956.713003
v 1.250000 -20.000000 -956.713003
v 1.458333 -20.000000 -956.713003
v 1.666667 -20.000000 -956.713003
v 1.875000 -20.000000 -956.713003
v 2.083333 -20.000000 -956.713003
v 2.291667 -20.000000 -956.713003
v 2.500000 -20.000000 -956.713003
v 2.708333 -20.000000 -956.713003
v 2.916667 -20.000000 -956.713003
v 3.125000 -20.000000 -956.713003
v 3.333333 -20.000000 -956.713003
v 3.541667 -20.000000 -956.713003
v 3.750000 -20.000000 -956.713003
v 3.958333 -20.000000 -956.713003
v 4.166667 -20.000000 -956.713003
v 4.375000 -20.000000 -956.713003
v 4.583333 -20.000000 -956.713003
v 4.791667 -20.000000 -956.713003
v 5.000000 -20.000000 -956.713003
v -5.000000 -20.000000 -948.015612
v -4.791667 -20.000000 -948.015612
v -4.583333 -20.000000 -948.015612
v -4.375000 -20.000000 -948.015612
v -4.166667 -20.000000 -948.015612
v -3.958333 -20.000000 -948.015612
v -3.750000 -20.000000 -948.015612
v -3.541667 -20.000000 -948.015612
v -3.333333 -20.000000 -948.015612
v -3.125000 -20.000000 -948.015612
v -2.916667 -20.000000 -948.015612
v -2.708333 -20.000000 -948.015612
v -2.500000 -20.000000 -948.015612
v -2.291667 -20.000000 -948.015612
v -2.083333 -20.000000 -948.015612
v -1.875000 -20.000000 -948.015612
v -1.666667 -20.000000 -948.015612
v -1.458333 -20.000000 -948.015612
v -1.250000 -20.000000 -948.015612
v -1.041667 -20.000000 -948.015612
v -0.833333 -20.000000 -948.015612
v -0.625000 -20.000000 -948.015612
v -0.416667 -20.000000 -948.015612
v -0.208333 -20.000000 -948.015612
v 0.000000 -20.000000 -948.015612
v 0.208333 -20.000000 -948.015612
v 0.416667 -20.000000 -948.015612
v 0.625000 -20.000000 -948.015612
v 0.833333 -20.000000 -948.015612
v 1.041667 -20.000000 -948.015612
v 1.250000 -20.000000 -948.015612
v 1.458333 -20.000000 -948.015612
v 1.666667 -20.000000 -948.015612
v 1.875000 -20.000000 -948.015612
v 2.083333 -20.000000 -948.015612
v 2.291667 -20.000000 -948.015612
v 2.500000 -20.000000 -948.015612
v 2.708333 -20.000000 -948.015612
v 2.916667 -20.000000 -948.015612
v 3.125000 -20.000000 -948.015612
v 3.333333 -20.000000 -948.015612
v 3.541667 -20.000000 -948.015612
v 3.750000 -20.000000 -948.015612
v 3.958333 -20.000000 -948.015612
v 4.166667 -20.000000 -948.015612
v 4.375000 -20.000000 -948.015612
v 4.583333 -20.000000 -948.015612
v 4.791667 -20.000000 -948.015612
v 5.000000 -20.000000 -948.015612
v -5.000000 -20.000000 -939.318221
v -4.791667 -20.000000 -939.318221
v -4.583333 -20.000000 -939.318221
v -4.375000 -20.000000 -939.318221
v -4.166667 -20.000000 -939.318221
v -3.958333 -20.000000 -939.318221
v -3.750000 -20.000000 -939.318221
v -3.541667 -20.000000 -939.318221
v -3.333333 -20.000000 -939.318221
v -3.125000 -20.000000 -939.318221
v -2.916667 -20.000000 -939.318221
v -2.708333 -20.000000 -939.318221
v -2.500000 -20.000000 -939.318221
v -2.291667 -20.000000 -939.318221
v -2.083333 -20.000000 -939.318221
v -1.875000 -20.000000 -939.318221
v -1.666667 -20.000000 -939.318221
v -1.458333 -20.000000 -939.318221
v -1.250000 -20.000000 -939.318221
v -1.041667 -20.000000 -939.318221
v -0.833333 -20.000000 -939.318221
v -0.625000 -20.000000 -939.318221
v -0.416667 -20.000000 -939.318221
v -0.208333 -20.000000 -939.318221
v 0.000000 -20.000000 -939.318221
v 0.208333 -20.000000 -939.318221
v 0.416667 -20.000000 -939.318221
v 0.625000 -20.000000 -939.318221
v 0.833333 -20.000000 -939.318221
v 1.041667 -20.000000 -939.318221
v 1.250000 -20.000000 -939.318221
v 1.458333 -20.000000 -939.318221
v 1.666667 -20.000000 -939.318221
v 1.875000 -20.000000 -939.318221
v 2.083333 -20.000000 -939.318221
v 2.291667 -20.000000 -939.318221
v 2.500000 -20.000000 -939.318221
v 2.708333 -20.000000 -939.318221
v 2.916667 -20.000000 -939.318221
v 3.125000 -20.000000 -939.318221
v 3.333333 -20.000000 -939.318221
v 3.541667 -20.000000 -939.318221
v 3.750000 -20.000000 -939.318221
v 3.958333 -20.000000 -939.318221
v 4.166667 -20.000000 -939.318221
v 4.375000 -20.000000 -939.318221
v 4.583333 -20.000000 -939.318221
v 4.791667 -20.000000 -939.318221
v 5.000000 -20.000000 -939.318221
v -5.000000 -20.000000 -930.620830
v -4.791667 -20.000000 -930.620830
v -4.583333 -20.000000 -930.620830
v -4.375000 -20.000000 -930.620830
v -4.166667 -20.000000 -930.620830
v -3.958333 -20.000000 -930.620830
v -3.750000 -20.000000 -930.620830
v -3.541667 -20.000000 -930.620830
v -3.333333 -20.000000 -930.620830
v -3.125000 -20.000000 -930.620830
v -2.916667 -20.000000 -930.620830
v -2.708333 -20.000000 -930.620830
v -2.500000 -20.000000 -930.620830
v -2.291667 -20.000000 -930.620830
v -2.083333 -20.000000 -930.620830
v -1.875000 -20.000000 -930.620830
v -1.666667 -20.000000 -930.620830
v -1.458333 -20.000000 -930.620830
v -1.250000 -20.000000 -930.620830
v -1.041667 -20.000000 -930.620830
v -0.833333 -20.000000 -930.620830
v -0.625000 -20.000000 -930.620830
v -0.416667 -20.000000 -930.620830
v -0.208333 -20.000000 -930.620830
v 0.000000 -20.000000 -930.620830
v 0.208333 -20.000000 -930.620830
v 0.416667 -20.000000 -930.620830
v 0.625000 -20.000000 -930.620830
v 0.833333 -20.000000 -930.620830
v 1.041667 -20.000000 -930.620830
v 1.250000 -20.000000 -930.620830
v 1.458333 -20.000000 -930.620830
v 1.666667 -20.000000 -930.620830
v 1.875000 -20.000000 -930.620830
v 2.083333 -20.000000 -930.620830
v 2.291667 -20.000000 -930.620830
v 2.500000 -20.000000 -930.620830
v 2.708333 -20.000000 -930.620830
v 2.916667 -20.000000 -930.620830
v 3.125000 -20.000000 -930.620830
v 3.333333 -20.000000 -930.620830
v 3.541667 -20.000000 -930.620830
v 3.750000 -20.000000 -930.620830
v 3.958333 -20.000000 -930.620830
v 4.166667 -20.000000 -930.620830
v 4.375000 -20.000000 -930.620830
v 4.583333 -20.000000 -930.620830
v 4.791667 -20.000000 -930.620830
v 5.000000 -20.000000 -930.620830
v -5.000000 -20.000000 -921.923439
v -4.791667 -20.000000 -921.923439
v -4.583333 -20.000000 -921.923439
v -4.375000 -20.000000 -921.923439
v -4.166667 -20.000000 -921.923439
v -3.958333 -20.000000 -921.923439
v -3.750000 -20.000000 -921.923439
v -3.541667 -20.000000 -921.923439
v -3.333333 -20.000000 -921.923439
v -3.125000 -20.000000 -921.923439
v -2.916667 -20.000000 -921.923439
v -2.708333 -20.000000 -921.923439
v -2.500000 -20.000000 -921.923439
v -2.291667 -20.000000 -921.923439
v -2.083333 -20.000000 -921.923439
v -1.875000 -20.000000 -921.923439
v -1.666667 -20.000000 -921.923439
v -1.458333 -20.000000 -921.923439
v -1.250000 -20.000000 -921.923439
v -1.041667 -20.000000 -921.923439
v -0.833333 -20.000000 -921.923439
v -0.625000 -20.000000 -921.923439
v -0.416667 -20.000000 -921.923439
v -0.208333 -20.000000 -921.923439
v 0.000000 -20.000000 -921.923439
v 0.208333 -20.000000 -921.923439
v 0.416667 -20.000000 -921.923439
v 0.625000 -20.000000 -921.923439
v 0.833333 -20.000000 -921.923439
v 1.041667 -20.000000 -921.923439
v 1.250000 -20.000000 -921.923439
v 1.458333 -20.000000 -921.923439
v 1.666667 -20.000000 -921.923439
v 1.875000 -20.000000 -921.923439
v 2.083333 -20.000000 -921.923439
v 2.291667 -20.000000 -921.923439
v 2.500000 -20.000000 -921.923439
v 2.708333 -20.000000 -921.923439
v 2.916667 -20.000000 -921.923439
v 3.125000 -20.000000 -921.923439
v 3.333333 -20.000000 -921.923439
v 3.541667 -20.000000 -921.923439
v 3.750000 -20.000000 -921.923439
v 3.958333 -20.000000 -921.923439
v 4.166667 -20.000000 -921.923439
v 4.375000 -20.000000 -921.923439
v 4.583333 -20.000000 -921.923439
v 4.791667 -20.000000 -921.923439
v 5.000000 -20.000000 -921.923439
v -5.000000 -20.000000 -913.226048
v -4.791667 -20.000000 -913.226048
v -4.583333 -20.000000 -913.226048
v -4.375000 -20.000000 -913.226048
v -4.166667 -20.000000 -913.226048
v -3.958333 -20.000000 -913.226048
v -3.750000 -20.000000 -913.226048
v -3.541667 -20.000000 -913.226048
v -3.333333 -20.000000 -913.226048
v -3.125000 -20.000000 -913.226048
v -2.916667 -20.000000 -913.226048
v -2.708333 -20.000000 -913.226048
v -2.500000 -20.000000 -913.226048
v -2.291667 -20.000000 -913.226048
v -2.083333 -20.000000 -913.226048
v -1.875000 -20.000000 -913.226048
v -1.666667 -20.000000 -913.226048
v -1.458333 -20.000000 -913.226048
v -1.250000 -20.000000 -913.226048
v -1.041667 -20.000000 -913.226048
v -0.833333 -20.000000 -913.226048
v -0.625000 -20.000000 -913.226048
v -0.416667 -20.000000 -913.226048
v -0.208333 -20.000000 -913.226048
v 0.000000 -20.000000 -913.226048
v 0.208333 -20.000000 -913.226048
v 0.416667 -20.000000 -913.226048
v 0.625000 -20.000000 -913.226048
v 0.833333 -20.000000 -913.226048
v 1.041667 -20.000000 -913.226048
v 1.250000 -20.000000 -913.226048
v 1.458333 -20.000000 -913.226048
v 1.666667 -20.000000 -913.226048
v 1.875000 -20.000000 -913.226048
v 2.083333 -20.000000 -913.226048
v 2.291667 -20.000000 -913.226048
v 2.500000 -20.000000 -913.226048
v 2.708333 -20.000000 -913.226048
v 2.916667 -20.000000 -913.226048
v 3.125000 -20.000000 -913.226048
v 3.333333 -20.000000 -913.226048
v 3.541667 -20.000000 -913.226048
v 3.750000 -20.000000 -913.226048
v 3.958333 -20.000000 -913.226048
v 4.166667 -20.000000 -913.226048
v 4.375000 -20.000000 -913.226048
v 4.583333 -20.000000 -913.226048
v 4.791667 -20.000000 -913.226048
v 5.000000 -20.000000 -913.226048
v -5.000000 -20.000000 -904.528658
v -4.791667 -20.000000 -904.528658
v -4.583333 -20.000000 -904.528658
v -4.375000 -20.000000 -904.528658
v -4.166667 -20.000000 -904.528658
v -3.958333 -20.000000 -904.528658
v -3.750000 -20.000000 -904.528658
v -3.541667 -20.000000 -904.528658
v -3.333333 -20.000000 -904.528658
v -3.125000 -20.000000 -904.528658
v -2.916667 -20.000000 -904.528658
v -2.708333 -20.000000 -904.528658
v -2.500000 -20.000000 -904.528658
v -2.291667 -20.000000 -904.528658
v -2.083333 -20.000000 -904.528658
v -1.875000 -20.000000 -904.528658
v -1.666667 -20.000000 -904.528658
v -1.458333 -20.000000 -904.528658
v -1.250000 -20.000000 -904.528658
v -1.041667 -20.000000 -904.528658
v -0.833333 -20.000000 -904.528658
v -0.625000 -20.000000 -904.528658
v -0.416667 -20.000000 -904.528658
v -0.208333 -20.000000 -904.528658
v 0.000000 -20.000000 -904.528658
v 0.208333 -20.000000 -904.528658
v 0.416667 -20.000000 -904.528658
v 0.625000 -20.000000 -904.528658
v 0.833333 -20.000000 -904.528658
v 1.041667 -20.000000 -904.528658
v 1.250000 -20.000000 -904.528658
v 1.458333 -20.000000 -904.528658
v 1.666667 -20.000000 -904.528658
v 1.875000 -20.000000 -904.528658
v 2.083333 -20.000000 -904.528658
v 2.291667 -20.000000 -904.528658
v 2.500000 -20.000000 -904.528658
v 2.708333 -20.000000 -904.528658
v 2.916667 -20.000000 -904.528658
v 3.125000 -20.000000 -904.528658
v 3.333333 -20.000000 -904.528658
v 3.541667 -20.000000 -904.528658
v 3.750000 -20.000000 -904.528658
v 3.958333 -20.000000 -904.528658
v 4.166667 -20.000000 -904.528658
v 4.375000 -20.000000 -904.528658
v 4.583333 -20.000000 -904.528658
v 4.791667 -20.000000 -904.528658
v 5.000000 -20.000000 -904.528658
v -5.000000 -20.000000 -895.831267
v -4.791667 -20.000000 -895.831267
v -4.583333 -20.000000 -895.831267
v -4.375000 -20.000000 -895.831267
v -4.166667 -20.000000 -895.831267
v -3.958333 -20.000000 -895.831267
v -3.750000 -20.000000 -895.831267
v -3.541667 -20.000000 -895.831267
v -3.333333 -20.000000 -895.831267
v -3.125000 -20.000000 -895.831267
v -2.916667 -20.000000 -895.831267
v -2.708333 -20.000000 -895.831267
v -2.500000 -20.000000 -895.831267
v -2.291667 -20.000000 -895.831267
v -2.083333 -20.000000 -895.831267
v -1.875000 -20.000000 -895.831267
v -1.666667 -20.000000 -895.831267
v -1.458333 -20.000000 -895.831267
v -1.250000 -20.000000 -895.831267
v -1.041667 -20.000000 -895.831267
v -0.833333 -20.000000 -895.831267
v -0.625000 -20.000000 -895.831267
v -0.416667 -20.000000 -895.831267
v -0.208333 -20.000000 -895.831267
v 0.000000 -20.000000 -895.831267
v 0.208333 -20.000000 -895.831267
v 0.416667 -20.000000 -895.831267
v 0.625000 -20.000000 -895.831267
v 0.833333 -20.000000 -895.831267
v 1.041667 -20.000000 -895.831267
v 1.250000 -20.000000 -895.831267
v 1.458333 -20.000000 -895.831267
v 1.666667 -20.000000 -895.831267
v 1.875000 -20.000000 -895.831267
v 2.083333 -20.000000 -895.831267
v 2.291667 -20.000000 -895.831267
v 2.500000 -20.000000 -895.831267
v 2.708333 -20.000000 -895.831267
v 2.916667 -20.000000 -895.831267
v 3.125000 -20.000000 -895.831267
v 3.333333 -20.000000 -895.831267
v 3.541667 -20.000000 -895.831267
v 3.750000 -20.000000 -895.831267
v 3.958333 -20.000000 -895.831267
v 4.166667 -20.000000 -895.831267
v 4.375000 -20.000000 -895.831267
v 4.583333 -20.000000 -895.831267
v 4.791667 -20.000000 -895.831267
v 5.000000 -20.000000 -895.831267
v -5.000000 -20.000000 -887.133876
v -4.791667 -20.000000 -887.133876
v -4.583333 -20.000000 -887.133876
v -4.375000 -20.000000 -887.133876
v -4.166667 -20.000000 -887.133876
v -3.958333 -20.000000 -887.133876
v -3.750000 -20.000000 -887.133876
v -3.541667 -20.000000 -887.133876
v -3.333333 -20.000000 -887.133876
v -3.125000 -20.000000 -887.133876
v -2.916667 -20.000000 -887.133876
v -2.708333 -20.000000 -887.133876
v -2.500000 -20.000000 -887.133876
v -2.291667 -20.000000 -887.133876
v -2.083333 -20.000000 -887.133876
v -1.875000 -20.000000 -887.133876
v -1.666667 -20.000000 -887.133876
v -1.458333 -20.000000 -887.133876
v -1.250000 -20.000000 -887.133876
v -1.041667 -20.000000 -887.133876
v -0.833333 -20.000000 -887.133876
v -0.625000 -20.000000 -887.133876
v -0.416667 -20.000000 -887.133876
v -0.208333 -20.000000 -887.133876
v 0.000000 -20.000000 -887.133876
v 0.208333 -20.000000 -887.133876
v 0.416667 -20.000000 -887.133876
v 0.625000 -20.000000 -887.133876
v 0.833333 -20.000000 -887.133876
v 1.041667 -20.000000 -887.133876
v 1.250000 -20.000000 -887.133876
v 1.458333 -20.000000 -887.133876
v 1.666667 -20.000000 -887.133876
v 1.875000 -20.000000 -887.133876
v 2.083333 -20.000000 -887.133876
v 2.291667 -20.000000 -887.133876
v 2.500000 -20.000000 -887.133876
v 2.708333 -20.000000 -887.133876
v 2.916667 -20.000000 -887.133876
v 3.125000 -20.000000 -887.133876
v 3.333333 -20.000000 -887.133876
v 3.541667 -20.000000 -887.133876
v 3.750000 -20.000000 -887.133876
v 3.958333 -20.000000 -887.133876
v 4.166667 -20.000000 -887.133876
v 4.375000 -20.000000 -887.133876
v 4.583333 -20.000000 -887.133876
v 4.791667 -20.000000 -887.133876
v 5.000000 -20.000000 -887.133876
v -5.000000 -20.000000 -878.436485
v -4.791667 -20.000000 -878.436485
v -4.583333 -20.000000 -878.436485
v -4.375000 -20.000000 -878.436485
v -4.166667 -20.000000 -878.436485
v -3.958333 -20.000000 -878.436485
v -3.750000 -20.000000 -878.436485
v -3.541667 -20.000000 -878.436485
v -3.333333 -20.000000 -878.436485
v -3.125000 -20.000000 -878.436485
v -2.916667 -20.000000 -878.436485
v -2.708333 -20.000000 -878.436485
v -2.500000 -20.000000 -878.436485
v -2.291667 -20.000000 -878.436485
v -2.083333 -20.000000 -878.436485
v -1.875000 -20.000000 -878.436485
v -1.666667 -20.000000 -878.436485
v -1.458333 -20.000000 -878.436485
v -1.250000 -20.000000 -878.436485
v -1.041667 -20.000000 -878.436485
v -0.833333 -20.000000 -878.436485
v -0.625000 -20.000000 -878.436485
v -0.416667 -20.000000 -878.436485
v -0.208333 -20.000000 -878.436485
v 0.000000 -20.000000 -878.436485
v 0.208333 -20.000000 -878.436485
v 0.416667 -20.000000 -878.436485
v 0.625000 -20.000000 -878.436485
v 0.833333 -20.000000 -878.436485
v 1.041667 -20.000000 -878.436485
v 1.250000 -20.000000 -878.436485
v 1.458333 -20.000000 -878.436485
v 1.666667 -20.000000 -878.436485
v 1.875000 -20.000000 -878.436485
v 2.083333 -20.000000 -878.436485
v 2.291667 -20.000000 -878.436485
v 2.500000 -20.000000 -878.436485
v 2.708333 -20.000000 -878.436485
v 2.916667 -20.000000 -878.436485
v 3.125000 -20.000000 -878.436485
v 3.333333 -20.000000 -878.436485
v 3.541667 -20.000000 -878.436485
v 3.750000 -20.000000 -878.436485
v 3.958333 -20.000000 -878.436485
v 4.166667 -20.000000 -878.436485
v 4.375000 -20.000000 -878.436485
v 4.583333 -20.000000 -878.436485
v 4.791667 -20.000000 -878.436485
v 5.000000 -20.000000 -878.436485
v -5.000000 -20.000000 -869.739094
v -4.791667 -20.000000 -869.739094
v -4.583333 -20.000000 -869.739094
v -4.375000 -20.000000 -869.739094
v -4.166667 -20.000000 -869.739094
v -3.958333 -20.000000 -869.739094
v -3.750000 -20.000000 -869.739094
v -3.541667 -20.000000 -869.739094
v -3.333333 -20.000000 -869.739094
v -3.125000 -20.000000 -869.739094
v -2.916667 -20.000000 -869.739094
v -2.708333 -20.000000 -869.739094
v -2.500000 -20.000000 -869.739094
v -2.291667 -20.000000 -869.739094
v -2.083333 -20.000000 -869.739094
v -1.875000 -20.000000 -869.739094
v -1.666667 -20.000000 -869.739094
v -1.458333 -20.000000 -869.739094
v -1.250000 -20.000000 -869.739094
v -1.041667 -20.000000 -869.739094
v -0.833333 -20.000000 -869.739094
v -0.625000 -20.000000 -869.739094
v -0.416667 -20.000000 -869.739094
v -0.208333 -20.000000 -869.739094
v 0.000000 -20.000000 -869.739094
v 0.208333 -20.000000 -869.739094
v 0.416667 -20.000000 -869.739094
v 0.625000 -20.000000 -869.739094
v 0.833333 -20.000000 -869.739094
v 1.041667 -20.000000 -869.739094
v 1.250000 -20.000000 -869.739094
v 1.458333 -20.000000 -869.739094
v 1.666667 -20.000000 -869.739094
v 1.875000 -20.000000 -869.739094
v 2.083333 -20.000000 -869.739094
v 2.291667 -20.000000 -869.739094
v 2.500000 -20.000000 -869.739094
v 2.708333 -20.000000 -869.739094
v 2.916667 -20.000000 -869.739094
v 3.125000 -20.000000 -869.739094
v 3.333333 -20.000000 -869.739094
v 3.541667 -20.000000 -869.739094
v 3.750000 -20.000000 -869.739094
v 3.958333 -20.000000 -869.739094
v 4.166667 -20.000000 -869.739094
v 4.375000 -20.000000 -869.739094
v 4.583333 -20.000000 -869.739094
v 4.791667 -20.000000 -869.739094
v 5.000000 -20.000000 -869.739094
v -5.000000 -20.000000 -861.041703
v -4.791667 -20.000000 -861.041703
v -4.583333 -20.000000 -861.041703
v -4.375000 -20.000000 -861.041703
v -4.166667 -20.000000 -861.041703
v -3.958333 -20.000000 -861.041703
v -3.750000 -20.000000 -861.041703
v -3.541667 -20.000000 -861.041703
v -3.333333 -20.000000 -861.041703
v -3.125000 -20.000000 -861.041703
v -2.916667 -20.000000 -861.041703
v -2.708333 -20.000000 -861.041703
v -2.500000 -20.000000 -861.041703
v -2.291667 -20.000000 -861.041703
v -2.083333 -20.000000 -861.041703
v -1.875000 -20.000000 -861.041703
v -1.666667 -20.000000 -861.041703
v -1.458333 -20.000000 -861.041703
v -1.250000 -20.000000 -861.041703
v -1.041667 -20.000000 -861.041703
v -0.833333 -20.000000 -861.041703
v -0.625000 -20.000000 -861.041703
v -0.416667 -20.000000 -861.041703
v -0.208333 -20.000000 -861.041703
v 0.000000 -20.000000 -861.041703
v 0.208333 -20.000000 -861.041703
v 0.416667 -20.000000 -861.041703
v 0.625000 -20.000000 -861.041703
v 0.833333 -20.000000 -861.041703
v 1.041667 -20.000000 -861.041703
v 1.250000 -20.000000 -861.041703
v 1.458333 -20.000000 -861.041703
v 1.666667 -20.000000 -861.041703
v 1.875000 -20.000000 -861.041703
v 2.083333 -20.000000 -861.041703
v 2.291667 -20.000000 -861.041703
v 2.500000 -20.000000 -861.041703
v 2.708333 -20.000000 -861.041703
v 2.916667 -20.000000 -861.041703
v 3.125000 -20.000000 -861.041703
v 3.333333 -20.000000 -861.041703
v 3.541667 -20.000000 -861.041703
v 3.750000 -20.000000 -861.041703
v 3.958333 -20.000000 -861.041703
v 4.166667 -20.000000 -861.041703
v 4.375000 -20.000000 -861.041703
v 4.583333 -20.000000 -861.041703
v 4.791667 -20.000000 -861.041703
v 5.000000 -20.000000 -861.041703
v -5.000000 -20.000000 -852.344312
v -4.791667 -20.000000 -852.344312
v -4.583333 -20.000000 -852.344312
v -4.375000 -20.000000 -852.344312
v -4.166667 -20.000000 -852.344312
v -3.958333 -20.000000 -852.344312
v -3.750000 -20.000000 -852.344312
v -3.541667 -20.000000 -852.344312
v -3.333333 -20.000000 -852.344312
v -3.125000 -20.000000 -852.344312
v -2.916667 -20.000000 -852.344312
v -2.708333 -20.000000 -852.344312
v -2.500000 -20.000000 -852.344312
v -2.291667 -20.000000 -852.344312
v -2.083333 -20.000000 -852.344312
v -1.875000 -20.000000 -852.344312
v -1.666667 -20.000000 -852.344312
v -1.458333 -20.000000 -852.344312
v -1.250000 -20.000000 -852.344312
v -1.041667 -20.000000 -852.344312
v -0.833333 -20.000000 -852.344312
v -0.625000 -20.000000 -852.344312
v -0.416667 -20.000000 -852.344312
v -0.208333 -20.000000 -852.344312
v 0.000000 -20.000000 -852.344312
v 0.208333 -20.000000 -852.344312
v 0.416667 -20.000000 -852.344312
v 0.625000 -20.000000 -852.344312
v 0.833333 -20.000000 -852.344312
v 1.041667 -20.000000 -852.344312
v 1.250000 -20.000000 -852.344312
v 1.458333 -20.000000 -852.344312
v 1.666667 -20.000000 -852.344312
v 1.875000 -20.000000 -852.344312
v 2.083333 -20.000000 -852.344312
v 2.291667 -20.000000 -852.344312
v 2.500000 -20.000000 -852.344312
v 2.708333 -20.000000 -852.344312
v 2.916667 -20.000000 -852.344312
v 3.125000 -20.000000 -852.344312
v 3.333333 -20.000000 -852.344312
v 3.541667 -20.000000 -852.344312
v 3.750000 -20.000000 -852.344312
v 3.958333 -20.000000 -852.344312
v 4.166667 -20.000000 -852.344312
v 4.375000 -20.000000 -852.344312
v 4.583333 -20.000000 -852.344312
v 4.791667 -20.000000 -852.344312
v 5.000000 -20.000000 -852.344312
v -5.000000 -20.000000 -843.646921
v -4.791667 -20.000000 -843.646921
v -4.583333 -20.000000 -843.646921
v -4.375000 -20.000000 -843.646921
v -4.166667 -20.000000 -843.646921
v -3.958333 -20.000000 -843.646921
v -3.750000 -20.000000 -843.646921
v -3.541667 -20.000000 -843.646921
v -3.333333 -20.000000 -843.646921
v -3.125000 -20.000000 -843.646921
v -2.916667 -20.000000 -843.646921
v -2.708333 -20.000000 -843.646921
v -2.500000 -20.000000 -843.646921
v -2.291667 -20.000000 -843.646921
v -2.083333 -20.000000 -843.646921
v -1.875000 -20.000000 -843.646921
v -1.666667 -20.000000 -843.646921
v -1.458333 -20.000000 -843.646921
v -1.250000 -20.000000 -843.646921
v -1.041667 -20.000000 -843.646921
v -0.833333 -20.000000 -843.646921
v -0.625000 -20.000000 -843.646921
v -0.416667 -20.000000 -843.646921
v -0.208333 -20.000000 -843.646921
v 0.000000 -20.000000 -843.646921
v 0.208333 -20.000000 -843.646921
v 0.416667 -20.000000 -843.646921
v 0.625000 -20.000000 -843.646921
v 0.833333 -20.000000 -843.646921
v 1.041667 -20.000000 -843.646921
v 1.250000 -20.000000 -843.646921
v 1.458333 -20.000000 -843.646921
v 1.666667 -20.000000 -843.646921
v 1.875000 -20.000000 -843.646921
v 2.083333 -20.000000 -843.646921
v 2.291667 -20.000000 -843.646921
v 2.500000 -20.000000 -843.646921
v 2.708333 -20.000000 -843.646921
v 2.916667 -20.000000 -843.646921
v 3.125000 -20.000000 -843.646921
v 3.333333 -20.000000 -843.646921
v 3.541667 -20.000000 -843.646921
v 3.750000 -20.000000 -843.646921
v 3.958333 -20.000000 -843.646921
v 4.166667 -20.000000 -843.646921
v 4.375000 -20.000000 -843.646921
v 4.583333 -20.000000 -843.646921
v 4.791667 -20.000000 -843.646921
v 5.000000 -20.000000 -843.646921
v -5.000000 -20.000000 -834.949530
v -4.791667 -20.000000 -834.949530
v -4.583333 -20.000000 -834.949530
v -4.375000 -20.000000 -834.949530
v -4.166667 -20.000000 -834.949530
v -3.958333 -20.000000 -834.949530
v -3.750000 -20.000000 -834.949530
v -3.541667 -20.000000 -834.949530
v -3.333333 -20.000000 -834.949530
v -3.125000 -20.000000 -834.949530
v -2.916667 -20.000000 -834.949530
v -2.708333 -20.000000 -834.949530
v -2.500000 -20.000000 -834.949530
v -2.291667 -20.000000 -834.949530
v -2.083333 -20.000000 -834.949530
v -1.875000 -20.000000 -834.949530
v -1.666667 -20.000000 -834.949530
v -1.458333 -20.000000 -834.949530
v -1.250000 -20.000000 -834.949530
v -1.041667 -20.000000 -834.949530
v -0.833333 -20.000000 -834.949530
v -0.625000 -20.000000 -834.949530
v -0.416667 -20.000000 -834.949530
v -0.208333 -20.000000 -834.949530
v 0.000000 -20.000000 -834.949530
v 0.208333 -20.000000 -834.949530
v 0.416667 -20.000000 -834.949530
v 0.625000 -20.000000 -834.949530
v 0.833333 -20.000000 -834.949530
v 1.041667 -20.000000 -834.949530
v 1.250000 -20.000000 -834.949530
v 1.458333 -20.000000 -834.949530
v 1.666667 -20.000000 -834.949530
v 1.875000 -20.000000 -834.949530
v 2.083333 -20.000000 -834.949530
v 2.291667 -20.000000 -834.949530
v 2.500000 -20.000000 -834.949530
v 2.708333 -20.000000 -834.949530
v 2.916667 -20.000000 -834.949530
v 3.125000 -20.000000 -834.949530
v 3.333333 -20.000000 -834.949530
v 3.541667 -20.000000 -834.949530
v 3.750000 -20.000000 -834.949530
v 3.958333 -20.000000 -834.949530
v 4.166667 -20.000000 -834.949530
v 4.375000 -20.000000 -834.949530
v 4.583333 -20.000000 -834.949530
v 4.791667 -20.000000 -834.949530
v 5.000000 -20.000000 -834.949530
v -5.000000 -20.000000 -826.252139
v -4.791667 -20.000000 -826.252139
v -4.583333 -20.000000 -826.252139
v -4.375000 -20.000000 -826.252139
v -4.166667 -20.000000 -826.252139
v -3.958333 -20.000000 -826.252139
v -3.750000 -20.000000 -826.252139
v -3.541667 -20.000000 -826.252139
v -3.333333 -20.000000 -826.252139
v -3.125000 -20.000000 -826.252139
v -2.916667 -20.000000 -826.252139
v -2.708333 -20.000000 -826.252139
v -2.500000 -20.000000 -826.252139
v -2.291667 -20.000000 -826.252139
v -2.083333 -20.000000 -826.252139
v -1.875000 -20.000000 -826.252139
v -1.666667 -20.000000 -826.252139
v -1.458333 -20.000000 -826.252139
v -1.250000 -20.000000 -826.252139
v -1.041667 -20.000000 -826.252139
v -0.833333 -20.000000 -826.252139
v -0.625000 -20.000000 -826.252139
v -0.416667 -20.000000 -826.252139
v -0.208333 -20.000000 -826.252139
v 0.000000 -20.000000 -826.252139
v 0.208333 -20.000000 -826.252139
v 0.416667 -20.000000 -826.252139
v 0.625000 -20.000000 -826.252139
v 0.833333 -20.000000 -826.252139
v 1.041667 -20.000000 -826.252139
v 1.250000 -20.000000 -826.252139
v 1.458333 -20.000000 -826.252139
v 1.666667 -20.000000 -826.252139
v 1.875000 -20.000000 -826.252139
v 2.083333 -20.000000 -826.252139
v 2.291667 -20.000000 -826.252139
v 2.500000 -20.000000 -826.252139
v 2.708333 -20.000000 -826.252139
v 2.916667 -20.000000 -826.252139
v 3.125000 -20.000000 -826.252139
v 3.333333 -20.000000 -826.252139
v 3.541667 -20.000000 -826.252139
v 3.750000 -20.000000 -826.252139
v 3.958333 -20.000000 -826.252139
v 4.166667 -20.000000 -826.252139
v 4.375000 -20.000000 -826.252139
v 4.583333 -20.000000 -826.252139
v 4.791667 -20.000000 -826.252139
v 5.000000 -20.000000 -826.252139
v -5.000000 -20.000000 -817.554748
v -4.791667 -20.000000 -817.554748
v -4.583333 -20.000000 -817.554748
v -4.375000 -20.000000 -817.554748
v -4.166667 -20.000000 -817.554748
v -3.958333 -20.000000 -817.554748
v -3.750000 -20.000000 -817.554748
v -3.541667 -20.000000 -817.554748
v -3.333333 -20.000000 -817.554748
v -3.125000 -20.000000 -817.554748
v -2.916667 -20.000000 -817.554748
v -2.708333 -20.000000 -817.554748
v -2.500000 -20.000000 -817.554748
v -2.291667 -20.000000 -817.554748
v -2.083333 -20.000000 -817.554748
v -1.875000 -20.000000 -817.554748
v -1.666667 -20.000000 -817.554748
v -1.458333 -20.000000 -817.554748
v -1.250000 -20.000000 -817.554748
v -1.041667 -20.000000 -817.554748
v -0.833333 -20.000000 -817.554748
v -0.625000 -20.000000 -817.554748
v -0.416667 -20.000000 -817.554748
v -0.208333 -20.000000 -817.554748
v 0.000000 -20.000000 -817.554748
v 0.208333 -20.000000 -817.554748
v 0.416667 -20.000000 -817.554748
v 0.625000 -20.000000 -817.554748
v 0.833333 -20.000000 -817.554748
v 1.041667 -20.000000 -817.554748
v 1.250000 -20.000000 -817.554748
v 1.458333 -20.000000 -817.554748
v 1.666667 -20.000000 -817.554748
v 1.875000 -20.000000 -817.554748
v 2.083333 -20.000000 -817.554748
v 2.291667 -20.000000 -817.554748
v 2.500000 -20.000000 -817.554748
v 2.708333 -20.000000 -817.554748
v 2.916667 -20.000000 -817.554748
v 3.125000 -20.000000 -817.554748
v 3.333333 -20.000000 -817.554748
v 3.541667 -20.000000 -817.554748
v 3.750000 -20.000000 -817.554748
v 3.958333 -20.000000 -817.554748
v 4.166667 -20.000000 -817.554748
v 4.375000 -20.000000 -817.554748
v 4.583333 -20.000000 -817.554748
v 4.791667 -20.000000 -817.554748
v 5.000000 -20.000000 -817.554748
v -5.000000 -20.000000 -808.857357
v -4.791667 -20.000000 -808.857357
v -4.583333 -20.000000 -808.857357
v -4.375000 -20.000000 -808.857357
v -4.166667 -20.000000 -808.857357
v -3.958333 -20.000000 -808.857357
v -3.750000 -20.000000 -808.857357
v -3.541667 -20.000000 -808.857357
v -3.333333 -20.000000 -808.857357
v -3.125000 -20.000000 -808.857357
v -2.916667 -20.000000 -808.857357
v -2.708333 -20.000000 -808.857357
v -2.500000 -20.000000 -808.857357
v -2.291667 -20.000000 -808.857357
v -2.083333 -20.000000 -808.857357
v -1.875000 -20.000000 -808.857357
v -1.666667 -20.000000 -808.857357
v -1.458333 -20.000000 -808.857357
v -1.250000 -20.000000 -808.857357
v -1.041667 -20.000000 -808.857357
v -0.833333 -20.000000 -808.857357
v -0.625000 -20.000000 -808.857357
v -0.416667 -20.000000 -808.857357
v -0.208333 -20.000000 -808.857357
v 0.000000 -20.000000 -808.857357
v 0.208333 -20.000000 -808.857357
v 0.416667 -20.000000 -808.857357
v 0.625000 -20.000000 -808.857357
v 0.833333 -20.000000 -808.857357
v 1.041667 -20.000000 -808.857357
v 1.250000 -20.000000 -808.857357
v 1.458333 -20.000000 -808.857357
v 1.666667 -20.000000 -808.857357
v 1.875000 -20.000000 -808.857357
v 2.083333 -20.000000 -808.857357
v 2.291667 -20.000000 -808.857357
v 2.500000 -20.000000 -808.857357
v 2.708333 -20.000000 -808.857357
v 2.916667 -20.000000 -808.857357
v 3.125000 -20.000000 -808.857357
v 3.333333 -20.000000 -808.857357
v 3.541667 -20.000000 -808.857357
v 3.750000 -20.000000 -808.857357
v 3.958333 -20.000000 -808.857357
v 4.166667 -20.000000 -808.857357
v 4.375000 -20.000000 -808.857357
v 4.583333 -20.000000 -808.857357
v 4.791667 -20.000000 -808.857357
v 5.000000 -20.000000 -808.857357
v -5.000000 -20.000000 -800.159966
v -4.791667 -20.000000 -800.159966
v -4.583333 -20.000000 -800.159966
v -4.375000 -20.000000 -800.159966
v -4.166667 -20.000000 -800.159966
v -3.958333 -20.000000 -800.159966
v -3.750000 -20.000000 -800.159966
v -3.541667 -20.000000 -800.159966
v -3.333333 -20.000000 -800.159966
v -3.125000 -20.000000 -800.159966
v -2.916667 -20.000000 -800.159966
v -2.708333 -20.000000 -800.159966
v -2.500000 -20.000000 -800.159966
v -2.291667 -20.000000 -800.159966
v -2.083333 -20.000000 -800.159966
v -1.875000 -20.000000 -800.159966
v -1.666667 -20.000000 -800.159966
v -1.458333 -20.000000 -800.159966
v -1.250000 -20.000000 -800.159966
v -1.041667 -20.000000 -800.159966
v -0.833333 -20.000000 -800.159966
v -0.625000 -20.000000 -800.159966
v -0.416667 -20.000000 -800.159966
v -0.208333 -20.000000 -800.159966
v 0.000000 -20.000000 -800.159966
v 0.208333 -20.000000 -800.159966
v 0.416667 -20.000000 -800.159966
v 0.625000 -20.000000 -800.159966
v 0.833333 -20.000000 -800.159966
v 1.041667 -20.000000 -800.159966
v 1.250000 -20.000000 -800.159966
v 1.458333 -20.000000 -800.159966
v 1.666667 -20.000000 -800.159966
v 1.875000 -20.000000 -800.159966
v 2.083333 -20.000000 -800.159966
v 2.291667 -20.000000 -800.159966
v 2.500000 -20.000000 -800.159966
v 2.708333 -20.000000 -800.159966
v 2.916667 -20.000000 -800.159966
v 3.125000 -20.000000 -800.159966
v 3.333333 -20.000000 -800.159966
v 3.541667 -20.000000 -800.159966
v 3.750000 -20.000000 -800.159966
v 3.958333 -20.000000 -800.159966
v 4.166667 -20.000000 -800.159966
v 4.375000 -20.000000 -800.159966
v 4.583333 -20.000000 -800.159966
v 4.791667 -20.000000 -800.159966
v 5.000000 -20.000000 -800.159966
v -5.000000 -20.000000 -791.462575
v -4.791667 -20.000000 -791.462575
v -4.583333 -20.000000 -791.462575
v -4.375000 -20.000000 -791.462575
v -4.166667 -20.000000 -791.462575
v -3.958333 -20.000000 -791.462575
v -3.750000 -20.000000 -791.462575
v -3.541667 -20.000000 -791.462575
v -3.333333 -20.000000 -791.462575
v -3.125000 -20.000000 -791.462575
v -2.916667 -20.000000 -791.462575
v -2.708333 -20.000000 -791.462575
v -2.500000 -20.000000 -791.462575
v -2.291667 -20.000000 -791.462575
v -2.083333 -20.000000 -791.462575
v -1.875000 -20.000000 -791.462575
v -1.666667 -20.000000 -791.462575
v -1.458333 -20.000000 -791.462575
v -1.250000 -20.000000 -791.462575
v -1.041667 -20.000000 -791.462575
v -0.833333 -20.000000 -791.462575
v -0.625000 -20.000000 -791.462575
v -0.416667 -20.000000 -791.462575
v -0.208333 -20.000000 -791.462575
v 0.000000 -20.000000 -791.462575
v 0.208333 -20.000000 -791.462575
v 0.416667 -20.000000 -791.462575
v 0.625000 -20.000000 -791.462575
v 0.833333 -20.000000 -791.462575
v 1.041667 -20.000000 -791.462575
v 1.250000 -20.000000 -791.462575
v 1.458333 -20.000000 -791.462575
v 1.666667 -20.000000 -791.462575
v 1.875000 -20.000000 -791.462575
v 2.083333 -20.000000 -791.462575
v 2.291667 -20.000000 -791.462575
v 2.500000 -20.000000 -791.462575
v 2.708333 -20.000000 -791.462575
v 2.916667 -20.000000 -791.462575
v 3.125000 -20.000000 -791.462575
v 3.333333 -20.000000 -791.462575
v 3.541667 -20.000000 -791.462575
v 3.750000 -20.000000 -791.462575
v 3.958333 -20.000000 -791.462575
v 4.166667 -20.000000 -791.462575
v 4.375000 -20.000000 -791.462575
v 4.583333 -20.000000 -791.462575
v 4.791667 -20.000000 -791.462575
v 5.000000 -20.000000 -791.462575
v -5.000000 -20.000000 -782.765184
v -4.791667 -20.000000 -782.765184
v -4.583333 -20.000000 -782.765184
v -4.375000 -20.000000 -782.765184
v -4.166667 -20.000000 -782.765184
v -3.958333 -20.000000 -782.765184
v -3.750000 -20.000000 -782.765184
v -3.541667 -20.000000 -782.765184
v -3.333333 -20.000000 -782.765184
v -3.125000 -20.000000 -782.765184
v -2.916667 -20.000000 -782.765184
v -2.708333 -20.000000 -782.765184
v -2.500000 -20.000000 -782.765184
v -2.291667 -20.000000 -782.765184
v -2.083333 -20.000000 -782.765184
v -1.875000 -20.000000 -782.765184
v -1.666667 -20.000000 -782.765184
v -1.458333 -20.000000 -782.765184
v -1.250000 -20.000000 -782.765184
v -1.041667 -20.000000 -782.765184
v -0.833333 -20.000000 -782.765184
v -0.625000 -20.000000 -782.765184
v -0.416667 -20.000000 -782.765184
v -0.208333 -20.000000 -782.765184
v 0.000000 -20.000000 -782.765184
v 0.208333 -20.000000 -782.765184
v 0.416667 -20.000000 -782.765184
v 0.625000 -20.000000 -782.765184
v 0.833333 -20.000000 -782.765184
v 1.041667 -20.000000 -782.765184
v 1.250000 -20.000000 -782.765184
v 1.458333 -20.000000 -782.765184
v 1.666667 -20.000000 -782.765184
v 1.875000 -20.000000 -782.765184
v 2.083333 -20.000000 -782.765184
v 2.291667 -20.000000 -782.765184
v 2.500000 -20.000000 -782.765184
v 2.708333 -20.000000 -782.765184
v 2.916667 -20.000000 -782.765184
v 3.125000 -20.000000 -782.765184
v 3.333333 -20.000000 -782.765184
v 3.541667 -20.000000 -782.765184
v 3.750000 -20.000000 -782.765184
v 3.958333 -20.000000 -782.765184
v 4.166667 -20.000000 -782.765184
v 4.375000 -20.000000 -782.765184
v 4.583333 -20.000000 -782.765184
v 4.791667 -20.000000 -782.765184
v 5.000000 -20.000000 -782.765184
v -5.000000 -20.000000 -774.067793
v -4.791667 -20.000000 -774.067793
v -4.583333 -20.000000 -774.067793
v -4.375000 -20.000000 -774.067793
v -4.166667 -20.000000 -774.067793
v -3.958333 -20.000000 -774.067793
v -3.750000 -20.000000 -774.067793
v -3.541667 -20.000000 -774.067793
v -3.333333 -20.000000 -774.067793
v -3.125000 -20.000000 -774.067793
v -2.916667 -20.000000 -774.067793
v -2.708333 -20.000000 -774.067793
v -2.500000 -20.000000 -774.067793
v -2.291667 -20.000000 -774.067793
v -2.083333 -20.000000 -774.067793
v -1.875000 -20.000000 -774.067793
v -1.666667 -20.000000 -774.067793
v -1.458333 -20.000000 -774.067793
v -1.250000 -20.000000 -774.067793
v -1.041667 -20.000000 -774.067793
v -0.833333 -20.000000 -774.067793
v -0.625000 -20.000000 -774.067793
v -0.416667 -20.000000 -774.067793
v -0.208333 -20.000000 -774.067793
v 0.000000 -20.000000 -774.067793
v 0.208333 -20.000000 -774.067793
v 0.416667 -20.000000 -774.067793
v 0.625000 -20.000000 -774.067793
v 0.833333 -20.000000 -774.067793
v 1.041667 -20.000000 -774.067793
v 1.250000 -20.000000 -774.067793
v 1.458333 -20.000000 -774.067793
v 1.666667 -20.000000 -774.067793
v 1.875000 -20.000000 -774.067793
v 2.083333 -20.000000 -774.067793
v 2.291667 -20.000000 -774.067793
v 2.500000 -20.000000 -774.067793
v 2.708333 -20.000000 -774.067793
v 2.916667 -20.000000 -774.067793
v 3.125000 -20.000000 -774.067793
v 3.333333 -20.000000 -774.067793
v 3.541667 -20.000000 -774.067793
v 3.750000 -20.000000 -774.067793
v 3.958333 -20.000000 -774.067793
v 4.166667 -20.000000 -774.067793
v 4.375000 -20.000000 -774.067793
v 4.583333 -20.000000 -774.067793
v 4.791667 -20.000000 -774.067793
v 5.000000 -20.000000 -774.067793
v -5.000000 -20.000000 -765.370403
v -4.791667 -20.000000 -765.370403
v -4.583333 -20.000000 -765.370403
v -4.375000 -20.000000 -765.370403
v -4.166667 -20.000000 -765.370403
v -3.958333 -20.000000 -765.370403
v -3.750000 -20.000000 -765.370403
v -3.541667 -20.000000 -765.370403
v -3.333333 -20.000000 -765.370403
v -3.125000 -20.000000 -765.370403
v -2.916667 -20.000000 -765.370403
v -2.708333 -20.000000 -765.370403
v -2.500000 -20.000000 -765.370403
v -2.291667 -20.000000 -765.370403
v -2.083333 -20.000000 -765.370403
v -1.875000 -20.000000 -765.370403
v -1.666667 -20.000000 -765.370403
v -1.458333 -20.000000 -765.370403
v -1.250000 -20.000000 -765.370403
v -1.041667 -20.000000 -765.370403
v -0.833333 -20.000000 -765.370403
v -0.625000 -20.000000 -765.370403
v -0.416667 -20.000000 -765.370403
v -0.208333 -20.000000 -765.370403
v 0.000000 -20.000000 -765.370403
v 0.208333 -20.000000 -765.370403
v 0.416667 -20.000000 -765.370403
v 0.625000 -20.000000 -765.370403
v 0.833333 -20.000000 -765.370403
v 1.041667 -20.000000 -765.370403
v 1.250000 -20.000000 -765.370403
v 1.458333 -20.000000 -765.370403
v 1.666667 -20.000000 -765.370403
v 1.875000 -20.000000 -765.370403
v 2.083333 -20.000000 -765.370403
v 2.291667 -20.000000 -765.370403
v 2.500000 -20.000000 -765.370403
v 2.708333 -20.000000 -765.370403
v 2.916667 -20.000000 -765.370403
v 3.125000 -20.000000 -765.370403
v 3.333333 -20.000000 -765.370403
v 3.541667 -20.000000 -765.370403
v 3.750000 -20.000000 -765.370403
v 3.958333 -20.000000 -765.370403
v 4.166667 -20.000000 -765.370403
v 4.375000 -20.000000 -765.370403
v 4.583333 -20.000000 -765.370403
v 4.791667 -20.000000 -765.370403
v 5.000000 -20.000000 -765.370403
v -5.000000 -20.000000 -756.673012
v -4.791667 -20.000000 -756.673012
v -4.583333 -20.000000 -756.673012
v -4.375000 -20.000000 -756.673012
v -4.166667 -20.000000 -756.673012
v -3.958333 -20.000000 -756.673012
v -3.750000 -20.000000 -756.673012
v -3.541667 -20.000000 -756.673012
v -3.333333 -20.000000 -756.673012
v -3.125000 -20.000000 -756.673012
v -2.916667 -20.000000 -756.673012
v -2.708333 -20.000000 -756.673012
v -2.500000 -20.000000 -756.673012
v -2.291667 -20.000000 -756.673012
v -2.083333 -20.000000 -756.673012
v -1.875000 -20.000000 -756.673012
v -1.666667 -20.000000 -756.673012
v -1.458333 -20.000000 -756.673012
v -1.250000 -20.000000 -756.673012
v -1.041667 -20.000000 -756.673012
v -0.833333 -20.000000 -756.673012
v -0.625000 -20.000000 -756.673012
v -0.416667 -20.000000 -756.673012
v -0.208333 -20.000000 -756.673012
v 0.000000 -20.000000 -756.673012
v 0.208333 -20.000000 -756.673012
v 0.416667 -20.000000 -756.673012
v 0.625000 -20.000000 -756.673012
v 0.833333 -20.000000 -756.673012
v 1.041667 -20.000000 -756.673012
v 1.250000 -20.000000 -756.673012
v 1.458333 -20.000000 -756.673012
v 1.666667 -20.000000 -756.673012
v 1.875000 -20.000000 -756.673012
v 2.083333 -20.000000 -756.673012
v 2.291667 -20.000000 -756.673012
v 2.500000 -20.000000 -756.673012
v 2.708333 -20.000000 -756.673012
v 2.916667 -20.000000 -756.673012
v 3.125000 -20.000000 -756.673012
v 3.333333 -20.000000 -756.673012
v 3.541667 -20.000000 -756.673012
v 3.750000 -20.000000 -756.673012
v 3.958333 -20.000000 -756.673012
v 4.166667 -20.000000 -756.673012
v 4.375000 -20.000000 -756.673012
v 4.583333 -20.000000 -756.673012
v 4.791667 -20.000000 -756.673012
v 5.000000 -20.000000 -756.673012
v -5.000000 -20.000000 -747.975621
v -4.791667 -20.000000 -747.975621
v -4.583333 -20.000000 -747.975621
v -4.375000 -20.000000 -747.975621
v -4.166667 -20.000000 -747.975621
v -3.958333 -20.000000 -747.975621
v -3.750000 -20.000000 -747.975621
v -3.541667 -20.000000 -747.975621
v -3.333333 -20.000000 -747.975621
v -3.125000 -20.000000 -747.975621
v -2.916667 -20.000000 -747.975621
v -2.708333 -20.000000 -747.975621
v -2.500000 -20.000000 -747.975621
v -2.291667 -20.000000 -747.975621
v -2.083333 -20.000000 -747.975621
v -1.875000 -20.000000 -747.975621
v -1.666667 -20.000000 -747.975621
v -1.458333 -20.000000 -747.975621
v -1.250000 -20.000000 -747.975621
v -1.041667 -20.000000 -747.975621
v -0.833333 -20.000000 -747.975621
v -0.625000 -20.000000 -747.975621
v -0.416667 -20.000000 -747.975621
v -0.208333 -20.000000 -747.975621
v 0.000000 -20.000000 -747.975621
v 0.208333 -20.000000 -747.975621
v 0.416667 -20.000000 -747.975621
v 0.625000 -20.000000 -747.975621
v 0.833333 -20.000000 -747.975621
v 1.041667 -20.000000 -747.975621
v 1.250000 -20.000000 -747.975621
v 1.458333 -20.000000 -747.975621
v 1.666667 -20.000000 -747.975621
v 1.875000 -20.000000 -747.975621
v 2.083333 -20.000000 -747.975621
v 2.291667 -20.000000 -747.975621
v 2.500000 -20.000000 -747.975621
v 2.708333 -20.000000 -747.975621
v 2.916667 -20.000000 -747.975621
v 3.125000 -20.000000 -747.975621
v 3.333333 -20.000000 -747.975621
v 3.541667 -20.000000 -747.975621
v 3.750000 -20.000000 -747.975621
v 3.958333 -20.000000 -747.975621
v 4.166667 -20.000000 -747.975621
v 4.375000 -20.000000 -747.975621
v 4.583333 -20.000000 -747.975621
v 4.791667 -20.000000 -747.975621
v 5.000000 -20.000000 -747.975621
v -5.000000 -20.000000 -739.278230
v -4.791667 -20.000000 -739.278230
v -4.583333 -20.000000 -739.278230
v -4.375000 -20.000000 -739.278230
v -4.166667 -20.000000 -739.278230
v -3.958333 -20.000000 -739.278230
v -3.750000 -20.000000 -739.278230
v -3.541667 -20.000000 -739.278230
v -3.333333 -20.000000 -739.278230
v -3.125000 -20.000000 -739.278230
v -2.916667 -20.000000 -739.278230
v -2.708333 -20.000000 -739.278230
v -2.500000 -20.000000 -739.278230
v -2.291667 -20.000000 -739.278230
v -2.083333 -20.000000 -739.278230
v -1.875000 -20.000000 -739.278230
v -1.666667 -20.000000 -739.278230
v -1.458333 -20.000000 -739.278230
v -1.250000 -20.000000 -739.278230
v -1.041667 -20.000000 -739.278230
v -0.833333 -20.000000 -739.278230
v -0.625000 -20.000000 -739.278230
v -0.416667 -20.000000 -739.278230
v -0.208333 -20.000000 -739.278230
v 0.000000 -20.000000 -739.278230
v 0.208333 -20.000000 -739.278230
v 0.416667 -20.000000 -739.278230
v 0.625000 -20.000000 -739.278230
v 0.833333 -20.000000 -739.278230
v 1.041667 -20.000000 -739.278230
v 1.250000 -20.000000 -739.278230
v 1.458333 -20.000000 -739.278230
v 1.666667 -20.000000 -739.278230
v 1.875000 -20.000000 -739.278230
v 2.083333 -20.000000 -739.278230
v 2.291667 -20.000000 -739.278230
v 2.500000 -20.000000 -739.278230
v 2.708333 -20.000000 -739.278230
v 2.916667 -20.000000 -739.278230
v 3.125000 -20.000000 -739.278230
v 3.333333 -20.000000 -739.278230
v 3.541667 -20.000000 -739.278230
v 3.750000 -20.000000 -739.278230
v 3.958333 -20.000000 -739.278230
v 4.166667 -20.000000 -739.278230
v 4.375000 -20.000000 -739.278230
v 4.583333 -20.000000 -739.278230
v 4.791667 -20.000000 -739.278230
v 5.000000 -20.000000 -739.278230
v -5.000000 -20.000000 -730.580839
v -4.791667 -20.000000 -730.580839
v -4.583333 -20.000000 -730.580839
v -4.375000 -20.000000 -730.580839
v -4.166667 -20.000000 -730.580839
v -3.958333 -20.000000 -730.580839
v -3.750000 -20.000000 -730.580839
v -3.541667 -20.000000 -730.580839
v -3.333333 -20.000000 -730.580839
v -3.125000 -20.000000 -730.580839
v -2.916667 -20.000000 -730.580839
v -2.708333 -20.000000 -730.580839
v -2.500000 -20.000000 -730.580839
v -2.291667 -20.000000 -730.580839
v -2.083333 -20.000000 -730.580839
v -1.875000 -20.000000 -730.580839
v -1.666667 -20.000000 -730.580839
v -1.458333 -20.000000 -730.580839
v -1.250000 -20.000000 -730.580839
v -1.041667 -20.000000 -730.580839
v -0.833333 -20.000000 -730.580839
v -0.625000 -20.000000 -730.580839
v -0.416667 -20.000000 -730.580839
v -0.208333 -20.000000 -730.580839
v 0.000000 -20.000000 -730.580839
v 0.208333 -20.000000 -730.580839
v 0.416667 -20.000000 -730.580839
v 0.625000 -20.000000 -730.580839
v 0.833333 -20.000000 -730.580839
v 1.041667 -20.000000 -730.580839
v 1.250000 -20.000000 -730.580839
v 1.458333 -20.000000 -730.580839
v 1.666667 -20.000000 -730.580839
v 1.875000 -20.000000 -730.580839
v 2.083333 -20.000000 -730.580839
v 2.291667 -20.000000 -730.580839
v 2.500000 -20.000000 -730.580839
v 2.708333 -20.000000 -730.580839
v 2.916667 -20.000000 -730.580839
v 3.125000 -20.000000 -730.580839
v 3.333333 -20.000000 -730.580839
v 3.541667 -20.000000 -730.580839
v 3.750000 -20.000000 -730.580839
v 3.958333 -20.000000 -730.580839
v 4.166667 -20.000000 -730.580839
v 4.375000 -20.000000 -730.580839
v 4.583333 -20.000000 -730.580839
v 4.791667 -20.000000 -730.580839
v 5.000000 -20.000000 -730.580839
v -5.000000 -20.000000 -721.883448
v -4.791667 -20.000000 -721.883448
v -4.583333 -20.000000 -721.883448
v -4.375000 -20.000000 -721.883448
v -4.166667 -20.000000 -721.883448
v -3.958333 -20.000000 -721.883448
v -3.750000 -20.000000 -721.883448
v -3.541667 -20.000000 -721.883448
v -3.333333 -20.000000 -721.883448
v -3.125000 -20.000000 -721.883448
v -2.916667 -20.000000 -721.883448
v -2.708333 -20.000000 -721.883448
v -2.500000 -20.000000 -721.883448
v -2.291667 -20.000000 -721.883448
v -2.083333 -20.000000 -721.883448
v -1.875000 -20.000000 -721.883448
v -1.666667 -20.000000 -721.883448
v -1.458333 -20.000000 -721.883448
v -1.250000 -20.000000 -721.883448
v -1.041667 -20.000000 -721.883448
v -0.833333 -20.000000 -721.883448
v -0.625000 -20.000000 -721.883448
v -0.416667 -20.000000 -721.883448
v -0.208333 -20.000000 -721.883448
v 0.000000 -20.000000 -721.883448
v 0.208333 -20.000000 -721.883448
v 0.416667 -20.000000 -721.883448
v 0.625000 -20.000000 -721.883448
v 0.833333 -20.000000 -721.883448
v 1.041667 -20.000000 -721.883448
v 1.250000 -20.000000 -721.883448
v 1.458333 -20.000000 -721.883448
v 1.666667 -20.000000 -721.883448
v 1.875000 -20.000000 -721.883448
v 2.083333 -20.000000 -721.883448
v 2.291667 -20.000000 -721.883448
v 2.500000 -20.000000 -721.883448
v 2.708333 -20.000000 -721.883448
v 2.916667 -20.000000 -721.883448
v 3.125000 -20.000000 -721.883448
v 3.333333 -20.000000 -721.883448
v 3.541667 -20.000000 -721.883448
v 3.750000 -20.000000 -721.883448
v 3.958333 -20.000000 -721.883448
v 4.166667 -20.000000 -721.883448
v 4.375000 -20.000000 -721.883448
v 4.583333 -20.000000 -721.883448
v 4.791667 -20.000000 -721.883448
v 5.000000 -20.000000 -721.883448
v -5.000000 -20.000000 -713.186057
v -4.791667 -20.000000 -713.186057
v -4.583333 -20.000000 -713.186057
v -4.375000 -20.000000 -713.186057
v -4.166667 -20.000000 -713.186057
v -3.958333 -20.000000 -713.186057
v -3.750000 -20.000000 -713.186057
v -3.541667 -20.000000 -713.186057
v -3.333333 -20.000000 -713.186057
v -3.125000 -20.000000 -713.186057
v -2.916667 -20.000000 -713.186057
v -2.708333 -20.000000 -713.186057
v -2.500000 -20.000000 -713.186057
v -2.291667 -20.000000 -713.186057
v -2.083333 -20.000000 -713.186057
v -1.875000 -20.000000 -713.186057
v -1.666667 -20.000000 -713.186057
v -1.458333 -20.000000 -713.186057
v -1.250000 -20.000000 -713.186057
v -1.041667 -20.000000 -713.186057
v -0.833333 -20.000000 -713.186057
v -0.625000 -20.000000 -713.186057
v -0.416667 -20.000000 -713.186057
v -0.208333 -20.000000 -713.186057
v 0.000000 -20.000000 -713.186057
v 0.208333 -20.000000 -713.186057
v 0.416667 -20.000000 -713.186057
v 0.625000 -20.000000 -713.186057
v 0.833333 -20.000000 -713.186057
v 1.041667 -20.000000 -713.186057
v 1.250000 -20.000000 -713.186057
v 1.458333 -20.000000 -713.186057
v 1.666667 -20.000000 -713.186057
v 1.875000 -20.000000 -713.186057
v 2.083333 -20.000000 -713.186057
v 2.291667 -20.000000 -713.186057
v 2.500000 -20.000000 -713.186057
v 2.708333 -20.000000 -713.186057
v 2.916667 -20.000000 -713.186057
v 3.125000 -20.000000 -713.186057
v 3.333333 -20.000000 -713.186057
v 3.541667 -20.000000 -713.186057
v 3.750000 -20.000000 -713.186057
v 3.958333 -20.000000 -713.186057
v 4.166667 -20.000000 -713.186057
v 4.375000 -20.000000 -713.186057
v 4.583333 -20.000000 -713.186057
v 4.791667 -20.000000 -713.186057
v 5.000000 -20.000000 -713.186057
v -5.000000 -20.000000 -704.488666
v -4.791667 -20.000000 -704.488666
v -4.583333 -20.000000 -704.488666
v -4.375000 -20.000000 -704.488666
v -4.166667 -20.000000 -704.488666
v -3.958333 -20.000000 -704.488666
v -3.750000 -20.000000 -704.488666
v -3.541667 -20.000000 -704.488666
v -3.333333 -20.000000 -704.488666
v -3.125000 -20.000000 -704.488666
v -2.916667 -20.000000 -704.488666
v -2.708333 -20.000000 -704.488666
v -2.500000 -20.000000 -704.488666
v -2.291667 -20.000000 -704.488666
v -2.083333 -20.000000 -704.488666
v -1.875000 -20.000000 -704.488666
v -1.666667 -20.000000 -704.488666
v -1.458333 -20.000000 -704.488666
v -1.250000 -20.000000 -704.488666
v -1.041667 -20.000000 -704.488666
v -0.833333 -20.000000 -704.488666
v -0.625000 -20.000000 -704.488666
v -0.416667 -20.000000 -704.488666
v -0.208333 -20.000000 -704.488666
v 0.000000 -20.000000 -704.488666
v 0.208333 -20.000000 -704.488666
v 0.416667 -20.000000 -704.488666
v 0.625000 -20.000000 -704.488666
v 0.833333 -20.000000 -704.488666
v 1.041667 -20.000000 -704.488666
v 1.250000 -20.000000 -704.488666
v 1.458333 -20.000000 -704.488666
v 1.666667 -20.000000 -704.488666
v 1.875000 -20.000000 -704.488666
v 2.083333 -20.000000 -704.488666
v 2.291667 -20.000000 -704.488666
v 2.500000 -20.000000 -704.488666
v 2.708333 -20.000000 -704.488666
v 2.916667 -20.000000 -704.488666
v 3.125000 -20.000000 -704.488666
v 3.333333 -20.000000 -704.488666
v 3.541667 -20.000000 -704.488666
v 3.750000 -20.000000 -704.488666
v 3.958333 -20.000000 -704.488666
v 4.166667 -20.000000 -704.488666
v 4.375000 -20.000000 -704.488666
v 4.583333 -20.000000 -704.488666
v 4.791667 -20.000000 -704.488666
v 5.000000 -20.000000 -704.488666
v -5.000000 -20.000000 -695.791275
v -4.791667 -20.000000 -695.791275
v -4.583333 -20.000000 -695.791275
v -4.375000 -20.000000 -695.791275
v -4.166667 -20.000000 -695.791275
v -3.958333 -20.000000 -695.791275
v -3.750000 -20.000000 -695.791275
v -3.541667 -20.000000 -695.791275
v -3.333333 -20.000000 -695.791275
v -3.125000 -20.000000 -695.791275
v -2.916667 -20.000000 -695.791275
v -2.708333 -20.000000 -695.791275
v -2.500000 -20.000000 -695.791275
v -2.291667 -20.000000 -695.791275
v -2.083333 -20.000000 -695.791275
v -1.875000 -20.000000 -695.791275
v -1.666667 -20.000000 -695.791275
v -1.458333 -20.000000 -695.791275
v -1.250000 -20.000000 -695.791275
v -1.041667 -20.000000 -695.791275
v -0.833333 -20.000000 -695.791275
v -0.625000 -20.000000 -695.791275
v -0.416667 -20.000000 -695.791275
v -0.208333 -20.000000 -695.791275
v 0.000000 -20.000000 -695.791275
v 0.208333 -20.000000 -695.791275
v 0.416667 -20.000000 -695.791275
v 0.625000 -20.000000 -695.791275
v 0.833333 -20.000000 -695.791275
v 1.041667 -20.000000 -695.791275
v 1.250000 -20.000000 -695.791275
v 1.458333 -20.000000 -695.791275
v 1.666667 -20.000000 -695.791275
v 1.875000 -20.000000 -695.791275
v 2.083333 -20.000000 -695.791275
v 2.291667 -20.000000 -695.791275
v 2.500000 -20.000000 -695.791275
v 2.708333 -20.000000 -695.791275
v 2.916667 -20.000000 -695.791275
v 3.125000 -20.000000 -695.791275
v 3.333333 -20.000000 -695.791275
v 3.541667 -20.000000 -695.791275
v 3.750000 -20.000000 -695.791275
v 3.958333 -20.000000 -695.791275
v 4.166667 -20.000000 -695.791275
v 4.375000 -20.000000 -695.791275
v 4.583333 -20.000000 -695.791275
v 4.791667 -20.000000 -695.791275
v 5.000000 -20.000000 -695.791275
v -5.000000 -20.000000 -687.093884
v -4.791667 -20.000000 -687.093884
v -4.583333 -20.000000 -687.093884
v -4.375000 -20.000000 -687.093884
v -4.166667 -20.000000 -687.093884
v -3.958333 -20.000000 -687.093884
v -3.750000 -20.000000 -687.093884
v -3.541667 -20.000000 -687.093884
v -3.333333 -20.000000 -687.093884
v -3.125000 -20.000000 -687.093884
v -2.916667 -20.000000 -687.093884
v -2.708333 -20.000000 -687.093884
v -2.500000 -20.000000 -687.093884
v -2.291667 -20.000000 -687.093884
v -2.083333 -20.000000 -687.093884
v -1.875000 -20.000000 -687.093884
v -1.666667 -20.000000 -687.093884
v -1.458333 -20.000000 -687.093884
v -1.250000 -20.000000 -687.093884
v -1.041667 -20.000000 -687.093884
v -0.833333 -20.000000 -687.093884
v -0.625000 -20.000000 -687.093884
v -0.416667 -20.000000 -687.093884
v -0.208333 -20.000000 -687.093884
v 0.000000 -20.000000 -687.093884
v 0.208333 -20.000000 -687.093884
v 0.416667 -20.000000 -687.093884
v 0.625000 -20.000000 -687.093884
v 0.833333 -20.000000 -687.093884
v 1.041667 -20.000000 -687.093884
v 1.250000 -20.000000 -687.093884
v 1.458333 -20.000000 -687.093884
v 1.666667 -20.000000 -687.093884
v 1.875000 -20.000000 -687.093884
v 2.083333 -20.000000 -687.093884
v 2.291667 -20.000000 -687.093884
v 2.500000 -20.000000 -687.093884
v 2.708333 -20.000000 -687.093884
v 2.916667 -20.000000 -687.093884
v 3.125000 -20.000000 -687.093884
v 3.333333 -20.000000 -687.093884
v 3.541667 -20.000000 -687.093884
v 3.750000 -20.000000 -687.093884
v 3.958333 -20.000000 -687.093884
v 4.166667 -20.000000 -687.093884
v 4.375000 -20.000000 -687.093884
v 4.583333 -20.000000 -687.093884
v 4.791667 -20.000000 -687.093884
v 5.000000 -20.000000 -687.093884
v -5.000000 -20.000000 -678.396493
v -4.791667 -20.000000 -678.396493
v -4.583333 -20.000000 -678.396493
v -4.375000 -20.000000 -678.396493
v -4.166667 -20.000000 -678.396493
v -3.958333 -20.000000 -678.396493
v -3.750000 -20.000000 -678.396493
v -3.541667 -20.000000 -678.396493
v -3.333333 -20.000000 -678.396493
v -3.125000 -20.000000 -678.396493
v -2.916667 -20.000000 -678.396493
v -2.708333 -20.000000 -678.396493
v -2.500000 -20.000000 -678.396493
v -2.291667 -20.000000 -678.396493
v -2.083333 -20.000000 -678.396493
v -1.875000 -20.000000 -678.396493
v -1.666667 -20.000000 -678.396493
v -1.458333 -20.000000 -678.396493
v -1.250000 -20.000000 -678.396493
v -1.041667 -20.000000 -678.396493
v -0.833333 -20.000000 -678.396493
v -0.625000 -20.000000 -678.396493
v -0.416667 -20.000000 -678.396493
v -0.208333 -20.000000 -678.396493
v 0.000000 -20.000000 -678.396493
v 0.208333 -20.000000 -678.396493
v 0.416667 -20.000000 -678.396493
v 0.625000 -20.000000 -678.396493
v 0.833333 -20.000000 -678.396493
v 1.041667 -20.000000 -678.396493
v 1.250000 -20.000000 -678.396493
v 1.458333 -20.000000 -678.396493
v 1.666667 -20.000000 -678.396493
v 1.875000 -20.000000 -678.396493
v 2.083333 -20.000000 -678.396493
v 2.291667 -20.000000 -678.396493
v 2.500000 -20.000000 -678.396493
v 2.708333 -20.000000 -678.396493
v 2.916667 -20.000000 -678.396493
v 3.125000 -20.000000 -678.396493
v 3.333333 -20.000000 -678.396493
v 3.541667 -20.000000 -678.396493
v 3.750000 -20.000000 -678.396493
v 3.958333 -20.000000 -678.396493
v 4.166667 -20.000000 -678.396493
v 4.375000 -20.000000 -678.396493
v 4.583333 -20.000000 -678.396493
v 4.791667 -20.000000 -678.396493
v 5.000000 -20.000000 -678.396493
v -5.000000 -20.000000 -669.699102
v -4.791667 -20.000000 -669.699102
v -4.583333 -20.000000 -669.699102
v -4.375000 -20.000000 -669.699102
v -4.166667 -20.000000 -669.699102
v -3.958333 -20.000000 -669.699102
v -3.750000 -20.000000 -669.699102
v -3.541667 -20.000000 -669.699102
v -3.333333 -20.000000 -669.699102
v -3.125000 -20.000000 -669.699102
v -2.916667 -20.000000 -669.699102
v -2.708333 -20.000000 -669.699102
v -2.500000 -20.000000 -669.699102
v -2.291667 -20.000000 -669.699102
v -2.083333 -20.000000 -669.699102
v -1.875000 -20.000000 -669.699102
v -1.666667 -20.000000 -669.699102
v -1.458333 -20.000000 -669.699102
v -1.250000 -20.000000 -669.699102
v -1.041667 -20.000000 -669.699102
v -0.833333 -20.000000 -669.699102
v -0.625000 -20.000000 -669.699102
v -0.416667 -20.000000 -669.699102
v -0.208333 -20.000000 -669.699102
v 0.000000 -20.000000 -669.699102
v 0.208333 -20.000000 -669.699102
v 0.416667 -20.000000 -669.699102
v 0.625000 -20.000000 -669.699102
v 0.833333 -20.000000 -669.699102
v 1.041667 -20.000000 -669.699102
v 1.250000 -20.000000 -669.699102
v 1.458333 -20.000000 -669.699102
v 1.666667 -20.000000 -669.699102
v 1.875000 -20.000000 -669.699102
v 2.083333 -20.000000 -669.699102
v 2.291667 -20.000000 -669.699102
v 2.500000 -20.000000 -669.699102
v 2.708333 -20.000000 -669.699102
v 2.916667 -20.000000 -669.699102
v 3.125000 -20.000000 -669.699102
v 3.333333 -20.000000 -669.699102
v 3.541667 -20.000000 -669.699102
v 3.750000 -20.000000 -669.699102
v 3.958333 -20.000000 -669.699102
v 4.166667 -20.000000 -669.699102
v 4.375000 -20.000000 -669.699102
v 4.583333 -20.000000 -669.699102
v 4.791667 -20.000000 -669.699102
v 5.000000 -20.000000 -669.699102
v -5.000000 -20.000000 -661.001711
v -4.791667 -20.000000 -661.001711
v -4.583333 -20.000000 -661.001711
v -4.375000 -20.000000 -661.001711
v -4.166667 -20.000000 -661.001711
v -3.958333 -20.000000 -661.001711
v -3.750000 -20.000000 -661.001711
v -3.541667 -20.000000 -661.001711
v -3.333333 -20.000000 -661.001711
v -3.125000 -20.000000 -661.001711
v -2.916667 -20.000000 -661.001711
v -2.708333 -20.000000 -661.001711
v -2.500000 -20.000000 -661.001711
v -2.291667 -20.000000 -661.001711
v -2.083333 -20.000000 -661.001711
v -1.875000 -20.000000 -661.001711
v -1.666667 -20.000000 -661.001711
v -1.458333 -20.000000 -661.001711
v -1.250000 -20.000000 -661.001711
v -1.041667 -20.000000 -661.001711
v -0.833333 -20.000000 -661.001711
v -0.625000 -20.000000 -661.001711
v -0.416667 -20.000000 -661.001711
v -0.208333 -20.000000 -661.001711
v 0.000000 -20.000000 -661.001711
v 0.208333 -20.000000 -661.001711
v 0.416667 -20.000000 -661.001711
v 0.625000 -20.000000 -661.001711
v 0.833333 -20.000000 -661.001711
v 1.041667 -20.000000 -661.001711
v 1.250000 -20.000000 -661.001711
v 1.458333 -20.000000 -661.001711
v 1.666667 -20.000000 -661.001711
v 1.875000 -20.000000 -661.001711
v 2.083333 -20.000000 -661.001711
v 2.291667 -20.000000 -661.001711
v 2.500000 -20.000000 -661.001711
v 2.708333 -20.000000 -661.001711
v 2.916667 -20.000000 -661.001711
v 3.125000 -20.000000 -661.001711
v 3.333333 -20.000000 -661.001711
v 3.541667 -20.000000 -661.001711
v 3.750000 -20.000000 -661.001711
v 3.958333 -20.000000 -661.001711
v 4.166667 -20.000000 -661.001711
v 4.375000 -20.000000 -661.001711
v 4.583333 -20.000000 -661.001711
v 4.791667 -20.000000 -661.001711
v 5.000000 -20.000000 -661.001711
v -5.000000 -20.000000 -652.304320
v -4.791667 -20.000000 -652.304320
v -4.583333 -20.000000 -652.304320
v -4.375000 -20.000000 -652.304320
v -4.166667 -20.000000 -652.304320
v -3.958333 -20.000000 -652.304320
v -3.750000 -20.000000 -652.304320
v -3.541667 -20.000000 -652.304320
v -3.333333 -20.000000 -652.304320
v -3.125000 -20.000000 -652.304320
v -2.916667 -20.000000 -652.304320
v -2.708333 -20.000000 -652.304320
v -2.500000 -20.000000 -652.304320
v -2.291667 -20.000000 -652.304320
v -2.083333 -20.000000 -652.304320
v -1.875000 -20.000000 -652.304320
v -1.666667 -20.000000 -652.304320
v -1.458333 -20.000000 -652.304320
v -1.250000 -20.000000 -652.304320
v -1.041667 -20.000000 -652.304320
v -0.833333 -20.000000 -652.304320
v -0.625000 -20.000000 -652.304320
v -0.416667 -20.000000 -652.304320
v -0.208333 -20.000000 -652.304320
v 0.000000 -20.000000 -652.304320
v 0.208333 -20.000000 -652.304320
v 0.416667 -20.000000 -652.304320
v 0.625000 -20.000000 -652.304320
v 0.833333 -20.000000 -652.304320
v 1.041667 -20.000000 -652.304320
v 1.250000 -20.000000 -652.304320
v 1.458333 -20.000000 -652.304320
v 1.666667 -20.000000 -652.304320
v 1.875000 -20.000000 -652.304320
v 2.083333 -20.000000 -652.304320
v 2.291667 -20.000000 -652.304320
v 2.500000 -20.000000 -652.304320
v 2.708333 -20.000000 -652.304320
v 2.916667 -20.000000 -652.304320
v 3.125000 -20.000000 -652.304320
v 3.333333 -20.000000 -652.304320
v 3.541667 -20.000000 -652.304320
v 3.750000 -20.000000 -652.304320
v 3.958333 -20.000000 -652.304320
v 4.166667 -20.000000 -652.304320
v 4.375000 -20.000000 -652.304320
v 4.583333 -20.000000 -652.304320
v 4.791667 -20.000000 -652.304320
v 5.000000 -20.000000 -652.304320
v -5.000000 -20.000000 -643.606929
v -4.791667 -20.000000 -643.606929
v -4.583333 -20.000000 -643.606929
v -4.375000 -20.000000 -643.606929
v -4.166667 -20.000000 -643.606929
v -3.958333 -20.000000 -643.606929
v -3.750000 -20.000000 -643.606929
v -3.541667 -20.000000 -643.606929
v -3.333333 -20.000000 -643.606929
v -3.125000 -20.000000 -643.606929
v -2.916667 -20.000000 -643.606929
v -2.708333 -20.000000 -643.606929
v -2.500000 -20.000000 -643.606929
v -2.291667 -20.000000 -643.606929
v -2.083333 -20.000000 -643.606929
v -1.875000 -20.000000 -643.606929
v -1.666667 -20.000000 -643.606929
v -1.458333 -20.000000 -643.606929
v -1.250000 -20.000000 -643.606929
v -1.041667 -20.000000 -643.606929
v -0.833333 -20.000000 -643.606929
v -0.625000 -20.000000 -643.606929
v -0.416667 -20.000000 -643.606929
v -0.208333 -20.000000 -643.606929
v 0.000000 -20.000000 -643.606929
v 0.208333 -20.000000 -643.606929
v 0.416667 -20.000000 -643.606929
v 0.625000 -20.000000 -643.606929
v 0.833333 -20.000000 -643.606929
v 1.041667 -20.000000 -643.606929
v 1.250000 -20.000000 -643.606929
v 1.458333 -20.000000 -643.606929
v 1.666667 -20.000000 -643.606929
v 1.875000 -20.000000 -643.606929
v 2.083333 -20.000000 -643.606929
v 2.291667 -20.000000 -643.606929
v 2.500000 -20.000000 -643.606929
v 2.708333 -20.000000 -643.606929
v 2.916667 -20.000000 -643.606929
v 3.125000 -20.000000 -643.606929
v 3.333333 -20.000000 -643.606929
v 3.541667 -20.000000 -643.606929
v 3.750000 -20.000000 -643.606929
v 3.958333 -20.000000 -643.606929
v 4.166667 -20.000000 -643.606929
v 4.375000 -20.000000 -643.606929
v 4.583333 -20.000000 -643.606929
v 4.791667 -20.000000 -643.606929
v 5.000000 -20.000000 -643.606929
v -5.000000 -20.000000 -634.909538
v -4.791667 -20.000000 -634.909538
v -4.583333 -20.000000 -634.909538
v -4.375000 -20.000000 -634.909538
v -4.166667 -20.000000 -634.909538
v -3.958333 -20.000000 -634.909538
v -3.750000 -20.000000 -634.909538
v -3.541667 -20.000000 -634.909538
v -3.333333 -20.000000 -634.909538
v -3.125000 -20.000000 -634.909538
v -2.916667 -20.000000 -634.909538
v -2.708333 -20.000000 -634.909538
v -2.500000 -20.000000 -634.909538
v -2.291667 -20.000000 -634.909538
v -2.083333 -20.000000 -634.909538
v -1.875000 -20.000000 -634.909538
v -1.666667 -20.000000 -634.909538
v -1.458333 -20.000000 -634.909538
v -1.250000 -20.000000 -634.909538
v -1.041667 -20.000000 -634.909538
v -0.833333 -20.000000 -634.909538
v -0.625000 -20.000000 -634.909538
v -0.416667 -20.000000 -634.909538
v -0.208333 -20.000000 -634.909538
v 0.000000 -20.000000 -634.909538
v 0.208333 -20.000000 -634.909538
v 0.416667 -20.000000 -634.909538
v 0.625000 -20.000000 -634.909538
v 0.833333 -20.000000 -634.909538
v 1.041667 -20.000000 -634.909538
v 1.250000 -20.000000 -634.909538
v 1.458333 -20.000000 -634.909538
v 1.666667 -20.000000 -634.909538
v 1.875000 -20.000000 -634.909538
v 2.083333 -20.000000 -634.909538
v 2.291667 -20.000000 -634.909538
v 2.500000 -20.000000 -634.909538
v 2.708333 -20.000000 -634.909538
v 2.916667 -20.000000 -634.909538
v 3.125000 -20.000000 -634.909538
v 3.333333 -20.000000 -634.909538
v 3.541667 -20.000000 -634.909538
v 3.750000 -20.000000 -634.909538
v 3.958333 -20.000000 -634.909538
v 4.166667 -20.000000 -634.909538
v 4.375000 -20.000000 -634.909538
v 4.583333 -20.000000 -634.909538
v 4.791667 -20.000000 -634.909538
v 5.000000 -20.000000 -634.909538
v -5.000000 -20.000000 -626.212148
v -4.791667 -20.000000 -626.212148
v -4.583333 -20.000000 -626.212148
v -4.375000 -20.000000 -626.212148
v -4.166667 -20.000000 -626.212148
v -3.958333 -20.000000 -626.212148
v -3.750000 -20.000000 -626.212148
v -3.541667 -20.000000 -626.212148
v -3.333333 -20.000000 -626.212148
v -3.125000 -20.000000 -626.212148
v -2.916667 -20.000000 -626.212148
v -2.708333 -20.000000 -626.212148
v -2.500000 -20.000000 -626.212148
v -2.291667 -20.000000 -626.212148
v -2.083333 -20.000000 -626.212148
v -1.875000 -20.000000 -626.212148
v -1.666667 -20.000000 -626.212148
v -1.458333 -20.000000 -626.212148
v -1.250000 -20.000000 -626.212148
v -1.041667 -20.000000 -626.212148
v -0.833333 -20.000000 -626.212148
v -0.625000 -20.000000 -626.212148
v -0.416667 -20.000000 -626.212148
v -0.208333 -20.000000 -626.212148
v 0.000000 -20.000000 -626.212148
v 0.208333 -20.000000 -626.212148
v 0.416667 -20.000000 -626.212148
v 0.625000 -20.000000 -626.212148
v 0.833333 -20.000000 -626.212148
v 1.041667 -20.000000 -626.212148
v 1.250000 -20.000000 -626.212148
v 1.458333 -20.000000 -626.212148
v 1.666667 -20.000000 -626.212148
v 1.875000 -20.000000 -626.212148
v 2.083333 -20.000000 -626.212148
v 2.291667 -20.000000 -626.212148
v 2.500000 -20.000000 -626.212148
v 2.708333 -20.000000 -626.212148
v 2.916667 -20.000000 -626.212148
v 3.125000 -20.000000 -626.212148
v 3.333333 -20.000000 -626.212148
v 3.541667 -20.000000 -626.212148
v 3.750000 -20.000000 -626.212148
v 3.958333 -20.000000 -626.212148
v 4.166667 -20.000000 -626.212148
v 4.375000 -20.000000 -626.212148
v 4.583333 -20.000000 -626.212148
v 4.791667 -20.000000 -626.212148
v 5.000000 -20.000000 -626.212148
v -5.000000 -20.000000 -617.514757
v -4.791667 -20.000000 -617.514757
v -4.583333 -20.000000 -617.514757
v -4.375000 -20.000000 -617.514757
v -4.166667 -20.000000 -617.514757
v -3.958333 -20.000000 -617.514757
v -3.750000 -20.000000 -617.514757
v -3.541667 -20.000000 -617.514757
v -3.333333 -20.000000 -617.514757
v -3.125000 -20.000000 -617.514757
v -2.916667 -20.000000 -617.514757
v -2.708333 -20.000000 -617.514757
v -2.500000 -20.000000 -617.514757
v -2.291667 -20.000000 -617.514757
v -2.083333 -20.000000 -617.514757
v -1.875000 -20.000000 -617.514757
v -1.666667 -20.000000 -617.514757
v -1.458333 -20.000000 -617.514757
v -1.250000 -20.000000 -617.514757
v -1.041667 -20.000000 -617.514757
v -0.833333 -20.000000 -617.514757
v -0.625000 -20.000000 -617.514757
v -0.416667 -20.000000 -617.514757
v -0.208333 -20.000000 -617.514757
v 0.000000 -20.000000 -617.514757
v 0.208333 -20.000000 -617.514757
v 0.416667 -20.000000 -617.514757
v 0.625000 -20.000000 -617.514757
v 0.833333 -20.000000 -617.514757
v 1.041667 -20.000000 -617.514757
v 1.250000 -20.000000 -617.514757
v 1.458333 -20.000000 -617.514757
v 1.666667 -20.000000 -617.514757
v 1.875000 -20.000000 -617.514757
v 2.083333 -20.000000 -617.514757
v 2.291667 -20.000000 -617.514757
v 2.500000 -20.000000 -617.514757
v 2.708333 -20.000000 -617.514757
v 2.916667 -20.000000 -617.514757
v 3.125000 -20.000000 -617.514757
v 3.333333 -20.000000 -617.514757
v 3.541667 -20.000000 -617.514757
v 3.750000 -20.000000 -617.514757
v 3.958333 -20.000000 -617.514757
v 4.166667 -20.000000 -617.514757
v 4.375000 -20.000000 -617.514757
v 4.583333 -20.000000 -617.514757
v 4.791667 -20.000000 -617.514757
v 5.000000 -20.000000 -617.514757
v -5.000000 -20.000000 -608.817366
v -4.791667 -20.000000 -608.817366
v -4.583333 -20.000000 -608.817366
v -4.375000 -20.000000 -608.817366
v -4.166667 -20.000000 -608.817366
v -3.958333 -20.000000 -608.817366
v -3.750000 -20.000000 -608.817366
v -3.541667 -20.000000 -608.817366
v -3.333333 -20.000000 -608.817366
v -3.125000 -20.000000 -608.817366
v -2.916667 -20.000000 -608.817366
v -2.708333 -20.000000 -608.817366
v -2.500000 -20.000000 -608.817366
v -2.291667 -20.000000 -608.817366
v -2.083333 -20.000000 -608.817366
v -1.875000 -20.000000 -608.817366
v -1.666667 -20.000000 -608.817366
v -1.458333 -20.000000 -608.817366
v -1.250000 -20.000000 -608.817366
v -1.041667 -20.000000 -608.817366
v -0.833333 -20.000000 -608.817366
v -0.625000 -20.000000 -608.817366
v -0.416667 -20.000000 -608.817366
v -0.208333 -20.000000 -608.817366
v 0.000000 -20.000000 -608.817366
v 0.208333 -20.000000 -608.817366
v 0.416667 -20.000000 -608.817366
v 0.625000 -20.000000 -608.817366
v 0.833333 -20.000000 -608.817366
v 1.041667 -20.000000 -608.817366
v 1.250000 -20.000000 -608.817366
v 1.458333 -20.000000 -608.817366
v 1.666667 -20.000000 -608.817366
v 1.875000 -20.000000 -608.817366
v 2.083333 -20.000000 -608.817366
v 2.291667 -20.000000 -608.817366
v 2.500000 -20.000000 -608.817366
v 2.708333 -20.000000 -608.817366
v 2.916667 -20.000000 -608.817366
v 3.125000 -20.000000 -608.817366
v 3.333333 -20.000000 -608.817366
v 3.541667 -20.000000 -608.817366
v 3.750000 -20.000000 -608.817366
v 3.958333 -20.000000 -608.817366
v 4.166667 -20.000000 -608.817366
v 4.375000 -20.000000 -608.817366
v 4.583333 -20.000000 -608.817366
v 4.791667 -20.000000 -608.817366
v 5.000000 -20.000000 -608.817366
v -5.000000 -20.000000 -600.119975
v -4.791667 -20.000000 -600.119975
v -4.583333 -20.000000 -600.119975
v -4.375000 -20.000000 -600.119975
v -4.166667 -20.000000 -600.119975
v -3.958333 -20.000000 -600.119975
v -3.750000 -20.000000 -600.119975
v -3.541667 -20.000000 -600.119975
v -3.333333 -20.000000 -600.119975
v -3.125000 -20.000000 -600.119975
v -2.916667 -20.000000 -600.119975
v -2.708333 -20.000000 -600.119975
v -2.500000 -20.000000 -600.119975
v -2.291667 -20.000000 -600.119975
v -2.083333 -20.000000 -600.119975
v -1.875000 -20.000000 -600.119975
v -1.666667 -20.000000 -600.119975
v -1.458333 -20.000000 -600.119975
v -1.250000 -20.000000 -600.119975
v -1.041667 -20.000000 -600.119975
v -0.833333 -20.000000 -600.119975
v -0.625000 -20.000000 -600.119975
v -0.416667 -20.000000 -600.119975
v -0.208333 -20.000000 -600.119975
v 0.000000 -20.000000 -600.119975
v 0.208333 -20.000000 -600.119975
v 0.416667 -20.000000 -600.119975
v 0.625000 -20.000000 -600.119975
v 0.833333 -20.000000 -600.119975
v 1.041667 -20.000000 -600.119975
v 1.250000 -20.000000 -600.119975
v 1.458333 -20.000000 -600.119975
v 1.666667 -20.000000 -600.119975
v 1.875000 -20.000000 -600.119975
v 2.083333 -20.000000 -600.119975
v 2.291667 -20.000000 -600.119975
v 2.500000 -20.000000 -600.119975
v 2.708333 -20.000000 -600.119975
v 2.916667 -20.000000 -600.119975
v 3.125000 -20.000000 -600.119975
v 3.333333 -20.000000 -600.119975
v 3.541667 -20.000000 -600.119975
v 3.750000 -20.000000 -600.119975
v 3.958333 -20.000000 -600.119975
v 4.166667 -20.000000 -600.119975
v 4.375000 -20.000000 -600.119975
v 4.583333 -20.000000 -600.119975
v 4.791667 -20.000000 -600.119975
v 5.000000 -20.000000 -600.119975
v -5.000000 -20.000000 -591.422584
v -4.791667 -20.000000 -591.422584
v -4.583333 -20.000000 -591.422584
v -4.375000 -20.000000 -591.422584
v -4.166667 -20.000000 -591.422584
v -3.958333 -20.000000 -591.422584
v -3.750000 -20.000000 -591.422584
v -3.541667 -20.000000 -591.422584
v -3.333333 -20.000000 -591.422584
v -3.125000 -20.000000 -591.422584
v -2.916667 -20.000000 -591.422584
v -2.708333 -20.000000 -591.422584
v -2.500000 -20.000000 -591.422584
v -2.291667 -20.000000 -591.422584
v -2.083333 -20.000000 -591.422584
v -1.875000 -20.000000 -591.422584
v -1.666667 -20.000000 -591.422584
v -1.458333 -20.000000 -591.422584
v -1.250000 -20.000000 -591.422584
v -1.041667 -20.000000 -591.422584
v -0.833333 -20.000000 -591.422584
v -0.625000 -20.000000 -591.422584
v -0.416667 -20.000000 -591.422584
v -0.208333 -20.000000 -591.422584
v 0.000000 -20.000000 -591.422584
v 0.208333 -20.000000 -591.422584
v 0.416667 -20.000000 -591.422584
v 0.625000 -20.000000 -591.422584
v 0.833333 -20.000000 -591.422584
v 1.041667 -20.000000 -591.422584
v 1.250000 -20.000000 -591.422584
v 1.458333 -20.000000 -591.422584
v 1.666667 -20.000000 -591.422584
v 1.875000 -20.000000 -591.422584
v 2.083333 -20.000000 -591.422584
v 2.291667 -20.000000 -591.422584
v 2.500000 -20.000000 -591.422584
v 2.708333 -20.000000 -591.422584
v 2.916667 -20.000000 -591.422584
v 3.125000 -20.000000 -591.422584
v 3.333333 -20.000000 -591.422584
v 3.541667 -20.000000 -591.422584
v 3.750000 -20.000000 -591.422584
v 3.958333 -20.000000 -591.422584
v 4.166667 -20.000000 -591.422584
v 4.375000 -20.000000 -591.422584
v 4.583333 -20.000000 -591.422584
v 4.791667 -20.000000 -591.422584
v 5.000000 -20.000000 -591.422584
v -5.000000 -20.000000 -582.725193
v -4.791667 -20.000000 -582.725193
v -4.583333 -20.000000 -582.725193
v -4.375000 -20.000000 -582.725193
v -4.166667 -20.000000 -582.725193
v -3.958333 -20.000000 -582.725193
v -3.750000 -20.000000 -582.725193
v -3.541667 -20.000000 -582.725193
v -3.333333 -20.000000 -582.725193
v -3.125000 -20.000000 -582.725193
v -2.916667 -20.000000 -582.725193
v -2.708333 -20.000000 -582.725193
v -2.500000 -20.000000 -582.725193
v -2.291667 -20.000000 -582.725193
v -2.083333 -20.000000 -582.725193
v -1.875000 -20.000000 -582.725193
v -1.666667 -20.000000 -582.725193
v -1.458333 -20.000000 -582.725193
v -1.250000 -20.000000 -582.725193
v -1.041667 -20.000000 -582.725193
v -0.833333 -20.000000 -582.725193
v -0.625000 -20.000000 -582.725193
v -0.416667 -20.000000 -582.725193
v -0.208333 -20.000000 -582.725193
v 0.000000 -20.000000 -582.725193
v 0.208333 -20.000000 -582.725193
v 0.416667 -20.000000 -582.725193
v 0.625000 -20.000000 -582.725193
v 0.833333 -20.000000 -582.725193
v 1.041667 -20.000000 -582.725193
v 1.250000 -20.000000 -582.725193
v 1.458333 -20.000000 -582.725193
v 1.666667 -20.000000 -582.725193
v 1.875000 -20.000000 -582.725193
v 2.083333 -20.000000 -582.725193
v 2.291667 -20.000000 -582.725193
v 2.500000 -20.000000 -582.725193
v 2.708333 -20.000000 -582.725193
v 2.916667 -20.000000 -582.725193
v 3.125000 -20.000000 -582.725193
v 3.333333 -20.000000 -582.725193
v 3.541667 -20.000000 -582.725193
v 3.750000 -20.000000 -582.725193
v 3.958333 -20.000000 -582.725193
v 4.166667 -20.000000 -582.725193
v 4.375000 -20.000000 -582.725193
v 4.583333 -20.000000 -582.725193
v 4.791667 -20.000000 -582.725193
v 5.000000 -20.000000 -582.725193
v -5.000000 -20.000000 -574.027802
v -4.791667 -20.000000 -574.027802
v -4.583333 -20.000000 -574.027802
v -4.375000 -20.000000 -574.027802
v -4.166667 -20.000000 -574.027802
v -3.958333 -20.000000 -574.027802
v -3.750000 -20.000000 -574.027802
v -3.541667 -20.000000 -574.027802
v -3.333333 -20.000000 -574.027802
v -3.125000 -20.000000 -574.027802
v -2.916667 -20.000000 -574.027802
v -2.708333 -20.000000 -574.027802
v -2.500000 -20.000000 -574.027802
v -2.291667 -20.000000 -574.027802
v -2.083333 -20.000000 -574.027802
v -1.875000 -20.000000 -574.027802
v -1.666667 -20.000000 -574.027802
v -1.458333 -20.000000 -574.027802
v -1.250000 -20.000000 -574.027802
v -1.041667 -20.000000 -574.027802
v -0.833333 -20.000000 -574.027802
v -0.625000 -20.000000 -574.027802
v -0.416667 -20.000000 -574.027802
v -0.208333 -20.000000 -574.027802
v 0.000000 -20.000000 -574.027802
v 0.208333 -20.000000 -574.027802
v 0.416667 -20.000000 -574.027802
v 0.625000 -20.000000 -574.027802
v 0.833333 -20.000000 -574.027802
v 1.041667 -20.000000 -574.027802
v 1.250000 -20.000000 -574.027802
v 1.458333 -20.000000 -574.027802
v 1.666667 -20.000000 -574.027802
v 1.875000 -20.000000 -574.027802
v 2.083333 -20.000000 -574.027802
v 2.291667 -20.000000 -574.027802
v 2.500000 -20.000000 -574.027802
v 2.708333 -20.000000 -574.027802
v 2.916667 -20.000000 -574.027802
v 3.125000 -20.000000 -574.027802
v 3.333333 -20.000000 -574.027802
v 3.541667 -20.000000 -574.027802
v 3.750000 -20.000000 -574.027802
v 3.958333 -20.000000 -574.027802
v 4.166667 -20.000000 -574.027802
v 4.375000 -20.000000 -574.027802
v 4.583333 -20.000000 -574.027802
v 4.791667 -20.000000 -574.027802
v 5.000000 -20.000000 -574.027802
v -5.000000 -20.000000 -565.330411
v -4.791667 -20.000000 -565.330411
v -4.583333 -20.000000 -565.330411
v -4.375000 -20.000000 -565.330411
v -4.166667 -20.000000 -565.330411
v -3.958333 -20.000000 -565.330411
v -3.750000 -20.000000 -565.330411
v -3.541667 -20.000000 -565.330411
v -3.333333 -20.000000 -565.330411
v -3.125000 -20.000000 -565.330411
v -2.916667 -20.000000 -565.330411
v -2.708333 -20.000000 -565.330411
v -2.500000 -20.000000 -565.330411
v -2.291667 -20.000000 -565.330411
v -2.083333 -20.000000 -565.330411
v -1.875000 -20.000000 -565.330411
v -1.666667 -20.000000 -565.330411
v -1.458333 -20.000000 -565.330411
v -1.250000 -20.000000 -565.330411
v -1.041667 -20.000000 -565.330411
v -0.833333 -20.000000 -565.330411
v -0.625000 -20.000000 -565.330411
v -0.416667 -20.000000 -565.330411
v -0.208333 -20.000000 -565.330411
v 0.000000 -20.000000 -565.330411
v 0.208333 -20.000000 -565.330411
v 0.416667 -20.000000 -565.330411
v 0.625000 -20.000000 -565.330411
v 0.833333 -20.000000 -565.330411
v 1.041667 -20.000000 -565.330411
v 1.250000 -20.000000 -565.330411
v 1.458333 -20.000000 -565.330411
v 1.666667 -20.000000 -565.330411
v 1.875000 -20.000000 -565.330411
v 2.083333 -20.000000 -565.330411
v 2.291667 -20.000000 -565.330411
v 2.500000 -20.000000 -565.330411
v 2.708333 -20.000000 -565.330411
v 2.916667 -20.000000 -565.330411
v 3.125000 -20.000000 -565.330411
v 3.333333 -20.000000 -565.330411
v 3.541667 -20.000000 -565.330411
v 3.750000 -20.000000 -565.330411
v 3.958333 -20.000000 -565.330411
v 4.166667 -20.000000 -565.330411
v 4.375000 -20.000000 -565.330411
v 4.583333 -20.000000 -565.330411
v 4.791667 -20.000000 -565.330411
v 5.000000 -20.000000 -565.330411
v -5.000000 -20.000000 -556.633020
v -4.791667 -20.000000 -556.633020
v -4.583333 -20.000000 -556.633020
v -4.375000 -20.000000 -556.633020
v -4.166667 -20.000000 -556.633020
v -3.958333 -20.000000 -556.633020
v -3.750000 -20.000000 -556.633020
v -3.541667 -20.000000 -556.633020
v -3.333333 -20.000000 -556.633020
v -3.125000 -20.000000 -556.633020
v -2.916667 -20.000000 -556.633020
v -2.708333 -20.000000 -556.633020
v -2.500000 -20.000000 -556.633020
v -2.291667 -20.000000 -556.633020
v -2.083333 -20.000000 -556.633020
v -1.875000 -20.000000 -556.633020
v -1.666667 -20.000000 -556.633020
v -1.458333 -20.000000 -556.633020
v -1.250000 -20.000000 -556.633020
v -1.041667 -20.000000 -556.633020
v -0.833333 -20.000000 -556.633020
v -0.625000 -20.000000 -556.633020
v -0.416667 -20.000000 -556.633020
v -0.208333 -20.000000 -556.633020
v 0.000000 -20.000000 -556.633020
v 0.208333 -20.000000 -556.633020
v 0.416667 -20.000000 -556.633020
v 0.625000 -20.000000 -556.633020
v 0.833333 -20.000000 -556.633020
v 1.041667 -20.000000 -556.633020
v 1.250000 -20.000000 -556.633020
v 1.458333 -20.000000 -556.633020
v 1.666667 -20.000000 -556.633020
v 1.875000 -20.000000 -556.633020
v 2.083333 -20.000000 -556.633020
v 2.291667 -20.000000 -556.633020
v 2.500000 -20.000000 -556.633020
v 2.708333 -20.000000 -556.633020
v 2.916667 -20.000000 -556.633020
v 3.125000 -20.000000 -556.633020
v 3.333333 -20.000000 -556.633020
v 3.541667 -20.000000 -556.633020
v 3.750000 -20.000000 -556.633020
v 3.958333 -20.000000 -556.633020
v 4.166667 -20.000000 -556.633020
v 4.375000 -20.000000 -556.633020
v 4.583333 -20.000000 -556.633020
v 4.791667 -20.000000 -556.633020
v 5.000000 -20.000000 -556.633020
v -5.000000 -20.000000 -547.935629
v -4.791667 -20.000000 -547.935629
v -4.583333 -20.000000 -547.935629
v -4.375000 -20.000000 -547.935629
v -4.166667 -20.000000 -547.935629
v -3.958333 -20.000000 -547.935629
v -3.750000 -20.000000 -547.935629
v -3.541667 -20.000000 -547.935629
v -3.333333 -20.000000 -547.935629
v -3.125000 -20.000000 -547.935629
v -2.916667 -20.000000 -547.935629
v -2.708333 -20.000000 -547.935629
v -2.500000 -20.000000 -547.935629
v -2.291667 -20.000000 -547.935629
v -2.083333 -20.000000 -547.935629
v -1.875000 -20.000000 -547.935629
v -1.666667 -20.000000 -547.935629
v -1.458333 -20.000000 -547.935629
v -1.250000 -20.000000 -547.935629
v -1.041667 -20.000000 -547.935629
v -0.833333 -20.000000 -547.935629
v -0.625000 -20.000000 -547.935629
v -0.416667 -20.000000 -547.935629
v -0.208333 -20.000000 -547.935629
v 0.000000 -20.000000 -547.935629
v 0.208333 -20.000000 -547.935629
v 0.416667 -20.000000 -547.935629
v 0.625000 -20.000000 -547.935629
v 0.833333 -20.000000 -547.935629
v 1.041667 -20.000000 -547.935629
v 1.250000 -20.000000 -547.935629
v 1.458333 -20.000000 -547.935629
v 1.666667 -20.000000 -547.935629
v 1.875000 -20.000000 -547.935629
v 2.083333 -20.000000 -547.935629
v 2.291667 -20.000000 -547.935629
v 2.500000 -20.000000 -547.935629
v 2.708333 -20.000000 -547.935629
v 2.916667 -20.000000 -547.935629
v 3.125000 -20.000000 -547.935629
v 3.333333 -20.000000 -547.935629
v 3.541667 -20.000000 -547.935629
v 3.750000 -20.000000 -547.935629
v 3.958333 -20.000000 -547.935629
v 4.166667 -20.000000 -547.935629
v 4.375000 -20.000000 -547.935629
v 4.583333 -20.000000 -547.935629
v 4.791667 -20.000000 -547.935629
v 5.000000 -20.000000 -547.935629
v -5.000000 -20.000000 -539.238238
v -4.791667 -20.000000 -539.238238
v -4.583333 -20.000000 -539.238238
v -4.375000 -20.000000 -539.238238
v -4.166667 -20.000000 -539.238238
v -3.958333 -20.000000 -539.238238
v -3.750000 -20.000000 -539.238238
v -3.541667 -20.000000 -539.238238
v -3.333333 -20.000000 -539.238238
v -3.125000 -20.000000 -539.238238
v -2.916667 -20.000000 -539.238238
v -2.708333 -20.000000 -539.238238
v -2.500000 -20.000000 -539.238238
v -2.291667 -20.000000 -539.238238
v -2.083333 -20.000000 -539.238238
v -1.875000 -20.000000 -539.238238
v -1.666667 -20.000000 -539.238238
v -1.458333 -20.000000 -539.238238
v -1.250000 -20.000000 -539.238238
v -1.041667 -20.000000 -539.238238
v -0.833333 -20.000000 -539.238238
v -0.625000 -20.000000 -539.238238
v -0.416667 -20.000000 -539.238238
v -0.208333 -20.000000 -539.238238
v 0.000000 -20.000000 -539.238238
v 0.208333 -20.000000 -539.238238
v 0.416667 -20.000000 -539.238238
v 0.625000 -20.000000 -539.238238
v 0.833333 -20.000000 -539.238238
v 1.041667 -20.000000 -539.238238
v 1.250000 -20.000000 -539.238238
v 1.458333 -20.000000 -539.238238
v 1.666667 -20.000000 -539.238238
v 1.875000 -20.000000 -539.238238
v 2.083333 -20.000000 -539.238238
v 2.291667 -20.000000 -539.238238
v 2.500000 -20.000000 -539.238238
v 2.708333 -20.000000 -539.238238
v 2.916667 -20.000000 -539.238238
v 3.125000 -20.000000 -539.238238
v 3.333333 -20.000000 -539.238238
v 3.541667 -20.000000 -539.238238
v 3.750000 -20.000000 -539.238238
v 3.958333 -20.000000 -539.238238
v 4.166667 -20.000000 -539.238238
v 4.375000 -20.000000 -539.238238
v 4.583333 -20.000000 -539.238238
v 4.791667 -20.000000 -539.238238
v 5.000000 -20.000000 -539.238238
v -5.000000 -20.000000 -530.540847
v -4.791667 -20.000000 -530.540847
v -4.583333 -20.000000 -530.540847
v -4.375000 -20.000000 -530.540847
v -4.166667 -20.000000 -530.540847
v -3.958333 -20.000000 -530.540847
v -3.750000 -20.000000 -530.540847
v -3.541667 -20.000000 -530.540847
v -3.333333 -20.000000 -530.540847
v -3.125000 -20.000000 -530.540847
v -2.916667 -20.000000 -530.540847
v -2.708333 -20.000000 -530.540847
v -2.500000 -20.000000 -530.540847
v -2.291667 -20.000000 -530.540847
v -2.083333 -20.000000 -530.540847
v -1.875000 -20.000000 -530.540847
v -1.666667 -20.000000 -530.540847
v -1.458333 -20.000000 -530.540847
v -1.250000 -20.000000 -530.540847
v -1.041667 -20.000000 -530.540847
v -0.833333 -20.000000 -530.540847
v -0.625000 -20.000000 -530.540847
v -0.416667 -20.000000 -530.540847
v -0.208333 -20.000000 -530.540847
v 0.000000 -20.000000 -530.540847
v 0.208333 -20.000000 -530.540847
v 0.416667 -20.000000 -530.540847
v 0.625000 -20.000000 -530.540847
v 0.833333 -20.000000 -530.540847
v 1.041667 -20.000000 -530.540847
v 1.250000 -20.000000 -530.540847
v 1.458333 -20.000000 -530.540847
v 1.666667 -20.000000 -530.540847
v 1.875000 -20.000000 -530.540847
v 2.083333 -20.000000 -530.540847
v 2.291667 -20.000000 -530.540847
v 2.500000 -20.000000 -530.540847
v 2.708333 -20.000000 -530.540847
v 2.916667 -20.000000 -530.540847
v 3.125000 -20.000000 -530.540847
v 3.333333 -20.000000 -530.540847
v 3.541667 -20.000000 -530.540847
v 3.750000 -20.000000 -530.540847
v 3.958333 -20.000000 -530.540847
v 4.166667 -20.000000 -530.540847
v 4.375000 -20.000000 -530.540847
v 4.583333 -20.000000 -530.540847
v 4.791667 -20.000000 -530.540847
v 5.000000 -20.000000 -530.540847
v -5.000000 -20.000000 -521.843456
v -4.791667 -20.000000 -521.843456
v -4.583333 -20.000000 -521.843456
v -4.375000 -20.000000 -521.843456
v -4.166667 -20.000000 -521.843456
v -3.958333 -20.000000 -521.843456
v -3.750000 -20.000000 -521.843456
v -3.541667 -20.000000 -521.843456
v -3.333333 -20.000000 -521.843456
v -3.125000 -20.000000 -521.843456
v -2.916667 -20.000000 -521.843456
v -2.708333 -20.000000 -521.843456
v -2.500000 -20.000000 -521.843456
v -2.291667 -20.000000 -521.843456
v -2.083333 -20.000000 -521.843456
v -1.875000 -20.000000 -521.843456
v -1.666667 -20.000000 -521.843456
v -1.458333 -20.000000 -521.843456
v -1.250000 -20.000000 -521.843456
v -1.041667 -20.000000 -521.843456
v -0.833333 -20.000000 -521.843456
v -0.625000 -20.000000 -521.843456
v -0.416667 -20.000000 -521.843456
v -0.208333 -20.000000 -521.843456
v 0.000000 -20.000000 -521.843456
v 0.208333 -20.000000 -521.843456
v 0.416667 -20.000000 -521.843456
v 0.625000 -20.000000 -521.843456
v 0.833333 -20.000000 -521.843456
v 1.041667 -20.000000 -521.843456
v 1.250000 -20.000000 -521.843456
v 1.458333 -20.000000 -521.843456
v 1.666667 -20.000000 -521.843456
v 1.875000 -20.000000 -521.843456
v 2.083333 -20.000000 -521.843456
v 2.291667 -20.000000 -521.843456
v 2.500000 -20.000000 -521.843456
v 2.708333 -20.000000 -521.843456
v 2.916667 -20.000000 -521.843456
v 3.125000 -20.000000 -521.843456
v 3.333333 -20.000000 -521.843456
v 3.541667 -20.000000 -521.843456
v 3.750000 -20.000000 -521.843456
v 3.958333 -20.000000 -521.843456
v 4.166667 -20.000000 -521.843456
v 4.375000 -20.000000 -521.843456
v 4.583333 -20.000000 -521.843456
v 4.791667 -20.000000 -521.843456
v 5.000000 -20.000000 -521.843456
v -5.000000 -20.000000 -513.146065
v -4.791667 -20.000000 -513.146065
v -4.583333 -20.000000 -513.146065
v -4.375000 -20.000000 -513.146065
v -4.166667 -20.000000 -513.146065
v -3.958333 -20.000000 -513.146065
v -3.750000 -20.000000 -513.146065
v -3.541667 -20.000000 -513.146065
v -3.333333 -20.000000 -513.146065
v -3.125000 -20.000000 -513.146065
v -2.916667 -20.000000 -513.146065
v -2.708333 -20.000000 -513.146065
v -2.500000 -20.000000 -513.146065
v -2.291667 -20.000000 -513.146065
v -2.083333 -20.000000 -513.146065
v -1.875000 -20.000000 -513.146065
v -1.666667 -20.000000 -513.146065
v -1.458333 -20.000000 -513.146065
v -1.250000 -20.000000 -513.146065
v -1.041667 -20.000000 -513.146065
v -0.833333 -20.000000 -513.146065
v -0.625000 -20.000000 -513.146065
v -0.416667 -20.000000 -513.146065
v -0.208333 -20.000000 -513.146065
v 0.000000 -20.000000 -513.146065
v 0.208333 -20.000000 -513.146065
v 0.416667 -20.000000 -513.146065
v 0.625000 -20.000000 -513.146065
v 0.833333 -20.000000 -513.146065
v 1.041667 -20.000000 -513.146065
v 1.250000 -20.000000 -513.146065
v 1.458333 -20.000000 -513.146065
v 1.666667 -20.000000 -513.146065
v 1.875000 -20.000000 -513.146065
v 2.083333 -20.000000 -513.146065
v 2.291667 -20.000000 -513.146065
v 2.500000 -20.000000 -513.146065
v 2.708333 -20.000000 -513.146065
v 2.916667 -20.000000 -513.146065
v 3.125000 -20.000000 -513.146065
v 3.333333 -20.000000 -513.146065
v 3.541667 -20.000000 -513.146065
v 3.750000 -20.000000 -513.146065
v 3.958333 -20.000000 -513.146065
v 4.166667 -20.000000 -513.146065
v 4.375000 -20.000000 -513.146065
v 4.583333 -20.000000 -513.146065
v 4.791667 -20.000000 -513.146065
v 5.000000 -20.000000 -513.146065
v -5.000000 -20.000000 -504.448674
v -4.791667 -20.000000 -504.448674
v -4.583333 -20.000000 -504.448674
v -4.375000 -20.000000 -504.448674
v -4.166667 -20.000000 -504.448674
v -3.958333 -20.000000 -504.448674
v -3.750000 -20.000000 -504.448674
v -3.541667 -20.000000 -504.448674
v -3.333333 -20.000000 -504.448674
v -3.125000 -20.000000 -504.448674
v -2.916667 -20.000000 -504.448674
v -2.708333 -20.000000 -504.448674
v -2.500000 -20.000000 -504.448674
v -2.291667 -20.000000 -504.448674
v -2.083333 -20.000000 -504.448674
v -1.875000 -20.000000 -504.448674
v -1.666667 -20.000000 -504.448674
v -1.458333 -20.000000 -504.448674
v -1.250000 -20.000000 -504.448674
v -1.041667 -20.000000 -504.448674
v -0.833333 -20.000000 -504.448674
v -0.625000 -20.000000 -504.448674
v -0.416667 -20.000000 -504.448674
v -0.208333 -20.000000 -504.448674
v 0.000000 -20.000000 -504.448674
v 0.208333 -20.000000 -504.448674
v 0.416667 -20.000000 -504.448674
v 0.625000 -20.000000 -504.448674
v 0.833333 -20.000000 -504.448674
v 1.041667 -20.000000 -504.448674
v 1.250000 -20.000000 -504.448674
v 1.458333 -20.000000 -504.448674
v 1.666667 -20.000000 -504.448674
v 1.875000 -20.000000 -504.448674
v 2.083333 -20.000000 -504.448674
v 2.291667 -20.000000 -504.448674
v 2.500000 -20.000000 -504.448674
v 2.708333 -20.000000 -504.448674
v 2.916667 -20.000000 -504.448674
v 3.125000 -20.000000 -504.448674
v 3.333333 -20.000000 -504.448674
v 3.541667 -20.000000 -504.448674
v 3.750000 -20.000000 -504.448674
v 3.958333 -20.000000 -504.448674
v 4.166667 -20.000000 -504.448674
v 4.375000 -20.000000 -504.448674
v 4.583333 -20.000000 -504.448674
v 4.791667 -20.000000 -504.448674
v 5.000000 -20.000000 -504.448674
v -5.000000 -20.000000 -495.751283
v -4.791667 -20.000000 -495.751283
v -4.583333 -20.000000 -495.751283
v -4.375000 -20.000000 -495.751283
v -4.166667 -20.000000 -495.751283
v -3.958333 -20.000000 -495.751283
v -3.750000 -20.000000 -495.751283
v -3.541667 -20.000000 -495.751283
v -3.333333 -20.000000 -495.751283
v -3.125000 -20.000000 -495.751283
v -2.916667 -20.000000 -495.751283
v -2.708333 -20.000000 -495.751283
v -2.500000 -20.000000 -495.751283
v -2.291667 -20.000000 -495.751283
v -2.083333 -20.000000 -495.751283
v -1.875000 -20.000000 -495.751283
v -1.666667 -20.000000 -495.751283
v -1.458333 -20.000000 -495.751283
v -1.250000 -20.000000 -495.751283
v -1.041667 -20.000000 -495.751283
v -0.833333 -20.000000 -495.751283
v -0.625000 -20.000000 -495.751283
v -0.416667 -20.000000 -495.751283
v -0.208333 -20.000000 -495.751283
v 0.000000 -20.000000 -495.751283
v 0.208333 -20.000000 -495.751283
v 0.416667 -20.000000 -495.751283
v 0.625000 -20.000000 -495.751283
v 0.833333 -20.000000 -495.751283
v 1.041667 -20.000000 -495.751283
v 1.250000 -20.000000 -495.751283
v 1.458333 -20.000000 -495.751283
v 1.666667 -20.000000 -495.751283
v 1.875000 -20.000000 -495.751283
v 2.083333 -20.000000 -495.751283
v 2.291667 -20.000000 -495.751283
v 2.500000 -20.000000 -495.751283
v 2.708333 -20.000000 -495.751283
v 2.916667 -20.000000 -495.751283
v 3.125000 -20.000000 -495.751283
v 3.333333 -20.000000 -495.751283
v 3.541667 -20.000000 -495.751283
v 3.750000 -20.000000 -495.751283
v 3.958333 -20.000000 -495.751283
v 4.166667 -20.000000 -495.751283
v 4.375000 -20.000000 -495.751283
v 4.583333 -20.000000 -495.751283
v 4.791667 -20.000000 -495.751283
v 5.000000 -20.000000 -495.751283
v -5.000000 -20.000000 -487.053893
v -4.791667 -20.000000 -487.053893
v -4.583333 -20.000000 -487.053893
v -4.375000 -20.000000 -487.053893
v -4.166667 -20.000000 -487.053893
v -3.958333 -20.000000 -487.053893
v -3.750000 -20.000000 -487.053893
v -3.541667 -20.000000 -487.053893
v -3.333333 -20.000000 -487.053893
v -3.125000 -20.000000 -487.053893
v -2.916667 -20.000000 -487.053893
v -2.708333 -20.000000 -487.053893
v -2.500000 -20.000000 -487.053893
v -2.291667 -20.000000 -487.053893
v -2.083333 -20.000000 -487.053893
v -1.875000 -20.000000 -487.053893
v -1.666667 -20.000000 -487.053893
v -1.458333 -20.000000 -487.053893
v -1.250000 -20.000000 -487.053893
v -1.041667 -20.000000 -487.053893
v -0.833333 -20.000000 -487.053893
v -0.625000 -20.000000 -487.053893
v -0.416667 -20.000000 -487.053893
v -0.208333 -20.000000 -487.053893
v 0.000000 -20.000000 -487.053893
v 0.208333 -20.000000 -487.053893
v 0.416667 -20.000000 -487.053893
v 0.625000 -20.000000 -487.053893
v 0.833333 -20.000000 -487.053893
v 1.041667 -20.000000 -487.053893
v 1.250000 -20.000000 -487.053893
v 1.458333 -20.000000 -487.053893
v 1.666667 -20.000000 -487.053893
v 1.875000 -20.000000 -487.053893
v 2.083333 -20.000000 -487.053893
v 2.291667 -20.000000 -487.053893
v 2.500000 -20.000000 -487.053893
v 2.708333 -20.000000 -487.053893
v 2.916667 -20.000000 -487.053893
v 3.125000 -20.000000 -487.053893
v 3.333333 -20.000000 -487.053893
v 3.541667 -20.000000 -487.053893
v 3.750000 -20.000000 -487.053893
v 3.958333 -20.000000 -487.053893
v 4.166667 -20.000000 -487.053893
v 4.375000 -20.000000 -487.053893
v 4.583333 -20.000000 -487.053893
v 4.791667 -20.000000 -487.053893
v 5.000000 -20.000000 -487.053893
v -5.000000 -20.000000 -478.356502
v -4.791667 -20.000000 -478.356502
v -4.583333 -20.000000 -478.356502
v -4.375000 -20.000000 -478.356502
v -4.166667 -20.000000 -478.356502
v -3.958333 -20.000000 -478.356502
v -3.750000 -20.000000 -478.356502
v -3.541667 -20.000000 -478.356502
v -3.333333 -20.000000 -478.356502
v -3.125000 -20.000000 -478.356502
v -2.916667 -20.000000 -478.356502
v -2.708333 -20.000000 -478.356502
v -2.500000 -20.000000 -478.356502
v -2.291667 -20.000000 -478.356502
v -2.083333 -20.000000 -478.356502
v -1.875000 -20.000000 -478.356502
v -1.666667 -20.000000 -478.356502
v -1.458333 -20.000000 -478.356502
v -1.250000 -20.000000 -478.356502
v -1.041667 -20.000000 -478.356502
v -0.833333 -20.000000 -478.356502
v -0.625000 -20.000000 -478.356502
v -0.416667 -20.000000 -478.356502
v -0.208333 -20.000000 -478.356502
v 0.000000 -20.000000 -478.356502
v 0.208333 -20.000000 -478.356502
v 0.416667 -20.000000 -478.356502
v 0.625000 -20.000000 -478.356502
v 0.833333 -20.000000 -478.356502
v 1.041667 -20.000000 -478.356502
v 1.250000 -20.000000 -478.356502
v 1.458333 -20.000000 -478.356502
v 1.666667 -20.000000 -478.356502
v 1.875000 -20.000000 -478.356502
v 2.083333 -20.000000 -478.356502
v 2.291667 -20.000000 -478.356502
v 2.500000 -20.000000 -478.356502
v 2.708333 -20.000000 -478.356502
v 2.916667 -20.000000 -478.356502
v 3.125000 -20.000000 -478.356502
v 3.333333 -20.000000 -478.356502
v 3.541667 -20.000000 -478.356502
v 3.750000 -20.000000 -478.356502
v 3.958333 -20.000000 -478.356502
v 4.166667 -20.000000 -478.356502
v 4.375000 -20.000000 -478.356502
v 4.583333 -20.000000 -478.356502
v 4.791667 -20.000000 -478.356502
v 5.000000 -20.000000 -478.356502
v -5.000000 -20.000000 -469.659111
v -4.791667 -20.000000 -469.659111
v -4.583333 -20.000000 -469.659111
v -4.375000 -20.000000 -469.659111
v -4.166667 -20.000000 -469.659111
v -3.958333 -20.000000 -469.659111
v -3.750000 -20.000000 -469.659111
v -3.541667 -20.000000 -469.659111
v -3.333333 -20.000000 -469.659111
v -3.125000 -20.000000 -469.659111
v -2.916667 -20.000000 -469.659111
v -2.708333 -20.000000 -469.659111
v -2.500000 -20.000000 -469.659111
v -2.291667 -20.000000 -469.659111
v -2.083333 -20.000000 -469.659111
v -1.875000 -20.000000 -469.659111
v -1.666667 -20.000000 -469.659111
v -1.458333 -20.000000 -469.659111
v -1.250000 -20.000000 -469.659111
v -1.041667 -20.000000 -469.659111
v -0.833333 -20.000000 -469.659111
v -0.625000 -20.000000 -469.659111
v -0.416667 -20.000000 -469.659111
v -0.208333 -20.000000 -469.659111
v 0.000000 -20.000000 -469.659111
v 0.208333 -20.000000 -469.659111
v 0.416667 -20.000000 -469.659111
v 0.625000 -20.000000 -469.659111
v 0.833333 -20.000000 -469.659111
v 1.041667 -20.000000 -469.659111
v 1.250000 -20.000000 -469.659111
v 1.458333 -20.000000 -469.659111
v 1.666667 -20.000000 -469.659111
v 1.875000 -20.000000 -469.659111
v 2.083333 -20.000000 -469.659111
v 2.291667 -20.000000 -469.659111
v 2.500000 -20.000000 -469.659111
v 2.708333 -20.000000 -469.659111
v 2.916667 -20.000000 -469.659111
v 3.125000 -20.000000 -469.659111
v 3.333333 -20.000000 -469.659111
v 3.541667 -20.000000 -469.659111
v 3.750000 -20.000000 -469.659111
v 3.958333 -20.000000 -469.659111
v 4.166667 -20.000000 -469.659111
v 4.375000 -20.000000 -469.659111
v 4.583333 -20.000000 -469.659111
v 4.791667 -20.000000 -469.659111
v 5.000000 -20.000000 -469.659111
v -5.000000 -20.000000 -460.961720
v -4.791667 -20.000000 -460.961720
v -4.583333 -20.000000 -460.961720
v -4.375000 -20.000000 -460.961720
v -4.166667 -20.000000 -460.961720
v -3.958333 -20.000000 -460.961720
v -3.750000 -20.000000 -460.961720
v -3.541667 -20.000000 -460.961720
v -3.333333 -20.000000 -460.961720
v -3.125000 -20.000000 -460.961720
v -2.916667 -20.000000 -460.961720
v -2.708333 -20.000000 -460.961720
v -2.500000 -20.000000 -460.961720
v -2.291667 -20.000000 -460.961720
v -2.083333 -20.000000 -460.961720
v -1.875000 -20.000000 -460.961720
v -1.666667 -20.000000 -460.961720
v -1.458333 -20.000000 -460.961720
v -1.250000 -20.000000 -460.961720
v -1.041667 -20.000000 -460.961720
v -0.833333 -20.000000 -460.961720
v -0.625000 -20.000000 -460.961720
v -0.416667 -20.000000 -460.961720
v -0.208333 -20.000000 -460.961720
v 0.000000 -20.000000 -460.961720
v 0.208333 -20.000000 -460.961720
v 0.416667 -20.000000 -460.961720
v 0.625000 -20.000000 -460.961720
v 0.833333 -20.000000 -460.961720
v 1.041667 -20.000000 -460.961720
v 1.250000 -20.000000 -460.961720
v 1.458333 -20.000000 -460.961720
v 1.666667 -20.000000 -460.961720
v 1.875000 -20.000000 -460.961720
v 2.083333 -20.000000 -460.961720
v 2.291667 -20.000000 -460.961720
v 2.500000 -20.000000 -460.961720
v 2.708333 -20.000000 -460.961720
v 2.916667 -20.000000 -460.961720
v 3.125000 -20.000000 -460.961720
v 3.333333 -20.000000 -460.961720
v 3.541667 -20.000000 -460.961720
v 3.750000 -20.000000 -460.961720
v 3.958333 -20.000000 -460.961720
v 4.166667 -20.000000 -460.961720
v 4.375000 -20.000000 -460.961720
v 4.583333 -20.000000 -460.961720
v 4.791667 -20.000000 -460.961720
v 5.000000 -20.000000 -460.961720
v -5.000000 -20.000000 -452.264329
v -4.791667 -20.000000 -452.264329
v -4.583333 -20.000000 -452.264329
v -4.375000 -20.000000 -452.264329
v -4.166667 -20.000000 -452.264329
v -3.958333 -20.000000 -452.264329
v -3.750000 -20.000000 -452.264329
v -3.541667 -20.000000 -452.264329
v -3.333333 -20.000000 -452.264329
v -3.125000 -20.000000 -452.264329
v -2.916667 -20.000000 -452.264329
v -2.708333 -20.000000 -452.264329
v -2.500000 -20.000000 -452.264329
v -2.291667 -20.000000 -452.264329
v -2.083333 -20.000000 -452.264329
v -1.875000 -20.000000 -452.264329
v -1.666667 -20.000000 -452.264329
v -1.458333 -20.000000 -452.264329
v -1.250000 -20.000000 -452.264329
v -1.041667 -20.000000 -452.264329
v -0.833333 -20.000000 -452.264329
v -0.625000 -20.000000 -452.264329
v -0.416667 -20.000000 -452.264329
v -0.208333 -20.000000 -452.264329
v 0.000000 -20.000000 -452.264329
v 0.208333 -20.000000 -452.264329
v 0.416667 -20.000000 -452.264329
v 0.625000 -20.000000 -452.264329
v 0.833333 -20.000000 -452.264329
v 1.041667 -20.000000 -452.264329
v 1.250000 -20.000000 -452.264329
v 1.458333 -20.000000 -452.264329
v 1.666667 -20.000000 -452.264329
v 1.875000 -20.000000 -452.264329
v 2.083333 -20.000000 -452.264329
v 2.291667 -20.000000 -452.264329
v 2.500000 -20.000000 -452.264329
v 2.708333 -20.000000 -452.264329
v 2.916667 -20.000000 -452.264329
v 3.125000 -20.000000 -452.264329
v 3.333333 -20.000000 -452.264329
v 3.541667 -20.000000 -452.264329
v 3.750000 -20.000000 -452.264329
v 3.958333 -20.000000 -452.264329
v 4.166667 -20.000000 -452.264329
v 4.375000 -20.000000 -452.264329
v 4.583333 -20.000000 -452.264329
v 4.791667 -20.000000 -452.264329
v 5.000000 -20.000000 -452.264329
v -5.000000 -20.000000 -443.566938
v -4.791667 -20.000000 -443.566938
v -4.583333 -20.000000 -443.566938
v -4.375000 -20.000000 -443.566938
v -4.166667 -20.000000 -443.566938
v -3.958333 -20.000000 -443.566938
v -3.750000 -20.000000 -443.566938
v -3.541667 -20.000000 -443.566938
v -3.333333 -20.000000 -443.566938
v -3.125000 -20.000000 -443.566938
v -2.916667 -20.000000 -443.566938
v -2.708333 -20.000000 -443.566938
v -2.500000 -20.000000 -443.566938
v -2.291667 -20.000000 -443.566938
v -2.083333 -20.000000 -443.566938
v -1.875000 -20.000000 -443.566938
v -1.666667 -20.000000 -443.566938
v -1.458333 -20.000000 -443.566938
v -1.250000 -20.000000 -443.566938
v -1.041667 -20.000000 -443.566938
v -0.833333 -20.000000 -443.566938
v -0.625000 -20.000000 -443.566938
v -0.416667 -20.000000 -443.566938
v -0.208333 -20.000000 -443.566938
v 0.000000 -20.000000 -443.566938
v 0.208333 -20.000000 -443.566938
v 0.416667 -20.000000 -443.566938
v 0.625000 -20.000000 -443.566938
v 0.833333 -20.000000 -443.566938
v 1.041667 -20.000000 -443.566938
v 1.250000 -20.000000 -443.566938
v 1.458333 -20.000000 -443.566938
v 1.666667 -20.000000 -443.566938
v 1.875000 -20.000000 -443.566938
v 2.083333 -20.000000 -443.566938
v 2.291667 -20.000000 -443.566938
v 2.500000 -20.000000 -443.566938
v 2.708333 -20.000000 -443.566938
v 2.916667 -20.000000 -443.566938
v 3.125000 -20.000000 -443.566938
v 3.333333 -20.000000 -443.566938
v 3.541667 -20.000000 -443.566938
v 3.750000 -20.000000 -443.566938
v 3.958333 -20.000000 -443.566938
v 4.166667 -20.000000 -443.566938
v 4.375000 -20.000000 -443.566938
v 4.583333 -20.000000 -443.566938
v 4.791667 -20.000000 -443.566938
v 5.000000 -20.000000 -443.566938
v -5.000000 -20.000000 -434.869547
v -4.791667 -20.000000 -434.869547
v -4.583333 -20.000000 -434.869547
v -4.375000 -20.000000 -434.869547
v -4.166667 -20.000000 -434.869547
v -3.958333 -20.000000 -434.869547
v -3.750000 -20.000000 -434.869547
v -3.541667 -20.000000 -434.869547
v -3.333333 -20.000000 -434.869547
v -3.125000 -20.000000 -434.869547
v -2.916667 -20.000000 -434.869547
v -2.708333 -20.000000 -434.869547
v -2.500000 -20.000000 -434.869547
v -2.291667 -20.000000 -434.869547
v -2.083333 -20.000000 -434.869547
v -1.875000 -20.000000 -434.869547
v -1.666667 -20.000000 -434.869547
v -1.458333 -20.000000 -434.869547
v -1.250000 -20.000000 -434.869547
v -1.041667 -20.000000 -434.869547
v -0.833333 -20.000000 -434.869547
v -0.625000 -20.000000 -434.869547
v -0.416667 -20.000000 -434.869547
v -0.208333 -20.000000 -434.869547
v 0.000000 -20.000000 -434.869547
v 0.208333 -20.000000 -434.869547
v 0.416667 -20.000000 -434.869547
v 0.625000 -20.000000 -434.869547
v 0.833333 -20.000000 -434.869547
v 1.041667 -20.000000 -434.869547
v 1.250000 -20.000000 -434.869547
v 1.458333 -20.000000 -434.869547
v 1.666667 -20.000000 -434.869547
v 1.875000 -20.000000 -434.869547
v 2.083333 -20.000000 -434.869547
v 2.291667 -20.000000 -434.869547
v 2.500000 -20.000000 -434.869547
v 2.708333 -20.000000 -434.869547
v 2.916667 -20.000000 -434.869547
v 3.125000 -20.000000 -434.869547
v 3.333333 -20.000000 -434.869547
v 3.541667 -20.000000 -434.869547
v 3.750000 -20.000000 -434.869547
v 3.958333 -20.000000 -434.869547
v 4.166667 -20.000000 -434.869547
v 4.375000 -20.000000 -434.869547
v 4.583333 -20.000000 -434.869547
v 4.791667 -20.000000 -434.869547
v 5.000000 -20.000000 -434.869547
v -5.000000 -20.000000 -426.172156
v -4.791667 -20.000000 -426.172156
v -4.583333 -20.000000 -426.172156
v -4.375000 -20.000000 -426.172156
v -4.166667 -20.000000 -426.172156
v -3.958333 -20.000000 -426.172156
v -3.750000 -20.000000 -426.172156
v -3.541667 -20.000000 -426.172156
v -3.333333 -20.000000 -426.172156
v -3.125000 -20.000000 -426.172156
v -2.916667 -20.000000 -426.172156
v -2.708333 -20.000000 -426.172156
v -2.500000 -20.000000 -426.172156
v -2.291667 -20.000000 -426.172156
v -2.083333 -20.000000 -426.172156
v -1.875000 -20.000000 -426.172156
v -1.666667 -20.000000 -426.172156
v -1.458333 -20.000000 -426.172156
v -1.250000 -20.000000 -426.172156
v -1.041667 -20.000000 -426.172156
v -0.833333 -20.000000 -426.172156
v -0.625000 -20.000000 -426.172156
v -0.416667 -20.000000 -426.172156
v -0.208333 -20.000000 -426.172156
v 0.000000 -20.000000 -426.172156
v 0.208333 -20.000000 -426.172156
v 0.416667 -20.000000 -426.172156
v 0.625000 -20.000000 -426.172156
v 0.833333 -20.000000 -426.172156
v 1.041667 -20.000000 -426.172156
v 1.250000 -20.000000 -426.172156
v 1.458333 -20.000000 -426.172156
v 1.666667 -20.000000 -426.172156
v 1.875000 -20.000000 -426.172156
v 2.083333 -20.000000 -426.172156
v 2.291667 -20.000000 -426.172156
v 2.500000 -20.000000 -426.172156
v 2.708333 -20.000000 -426.172156
v 2.916667 -20.000000 -426.172156
v 3.125000 -20.000000 -426.172156
v 3.333333 -20.000000 -426.172156
v 3.541667 -20.000000 -426.172156
v 3.750000 -20.000000 -426.172156
v 3.958333 -20.000000 -426.172156
v 4.166667 -20.000000 -426.172156
v 4.375000 -20.000000 -426.172156
v 4.583333 -20.000000 -426.172156
v 4.791667 -20.000000 -426.172156
v 5.000000 -20.000000 -426.172156
v -5.000000 -20.000000 -417.474765
v -4.791667 -20.000000 -417.474765
v -4.583333 -20.000000 -417.474765
v -4.375000 -20.000000 -417.474765
v -4.166667 -20.000000 -417.474765
v -3.958333 -20.000000 -417.474765
v -3.750000 -20.000000 -417.474765
v -3.541667 -20.000000 -417.474765
v -3.333333 -20.000000 -417.474765
v -3.125000 -20.000000 -417.474765
v -2.916667 -20.000000 -417.474765
v -2.708333 -20.000000 -417.474765
v -2.500000 -20.000000 -417.474765
v -2.291667 -20.000000 -417.474765
v -2.083333 -20.000000 -417.474765
v -1.875000 -20.000000 -417.474765
v -1.666667 -20.000000 -417.474765
v -1.458333 -20.000000 -417.474765
v -1.250000 -20.000000 -417.474765
v -1.041667 -20.000000 -417.474765
v -0.833333 -20.000000 -417.474765
v -0.625000 -20.000000 -417.474765
v -0.416667 -20.000000 -417.474765
v -0.208333 -20.000000 -417.474765
v 0.000000 -20.000000 -417.474765
v 0.208333 -20.000000 -417.474765
v 0.416667 -20.000000 -417.474765
v 0.625000 -20.000000 -417.474765
v 0.833333 -20.000000 -417.474765
v 1.041667 -20.000000 -417.474765
v 1.250000 -20.000000 -417.474765
v 1.458333 -20.000000 -417.474765
v 1.666667 -20.000000 -417.474765
v 1.875000 -20.000000 -417.474765
v 2.083333 -20.000000 -417.474765
v 2.291667 -20.000000 -417.474765
v 2.500000 -20.000000 -417.474765
v 2.708333 -20.000000 -417.474765
v 2.916667 -20.000000 -417.474765
v 3.125000 -20.000000 -417.474765
v 3.333333 -20.000000 -417.474765
v 3.541667 -20.000000 -417.474765
v 3.750000 -20.000000 -417.474765
v 3.958333 -20.000000 -417.474765
v 4.166667 -20.000000 -417.474765
v 4.375000 -20.000000 -417.474765
v 4.583333 -20.000000 -417.474765
v 4.791667 -20.000000 -417.474765
v 5.000000 -20.000000 -417.474765
v -5.000000 -20.000000 -408.777374
v -4.791667 -20.000000 -408.777374
v -4.583333 -20.000000 -408.777374
v -4.375000 -20.000000 -408.777374
v -4.166667 -20.000000 -408.777374
v -3.958333 -20.000000 -408.777374
v -3.750000 -20.000000 -408.777374
v -3.541667 -20.000000 -408.777374
v -3.333333 -20.000000 -408.777374
v -3.125000 -20.000000 -408.777374
v -2.916667 -20.000000 -408.777374
v -2.708333 -20.000000 -408.777374
v -2.500000 -20.000000 -408.777374
v -2.291667 -20.000000 -408.777374
v -2.083333 -20.000000 -408.777374
v -1.875000 -20.000000 -408.777374
v -1.666667 -20.000000 -408.777374
v -1.458333 -20.000000 -408.777374
v -1.250000 -20.000000 -408.777374
v -1.041667 -20.000000 -408.777374
v -0.833333 -20.000000 -408.777374
v -0.625000 -20.000000 -408.777374
v -0.416667 -20.000000 -408.777374
v -0.208333 -20.000000 -408.777374
v 0.000000 -20.000000 -408.777374
v 0.208333 -20.000000 -408.777374
v 0.416667 -20.000000 -408.777374
v 0.625000 -20.000000 -408.777374
v 0.833333 -20.000000 -408.777374
v 1.041667 -20.000000 -408.777374
v 1.250000 -20.000000 -408.777374
v 1.458333 -20.000000 -408.777374
v 1.666667 -20.000000 -408.777374
v 1.875000 -20.000000 -408.777374
v 2.083333 -20.000000 -408.777374
v 2.291667 -20.000000 -408.777374
v 2.500000 -20.000000 -408.777374
v 2.708333 -20.000000 -408.777374
v 2.916667 -20.000000 -408.777374
v 3.125000 -20.000000 -408.777374
v 3.333333 -20.000000 -408.777374
v 3.541667 -20.000000 -408.777374
v 3.750000 -20.000000 -408.777374
v 3.958333 -20.000000 -408.777374
v 4.166667 -20.000000 -408.777374
v 4.375000 -20.000000 -408.777374
v 4.583333 -20.000000 -408.777374
v 4.791667 -20.000000 -408.777374
v 5.000000 -20.000000 -408.777374
v -5.000000 -20.000000 -400.079983
v -4.791667 -20.000000 -400.079983
v -4.583333 -20.000000 -400.079983
v -4.375000 -20.000000 -400.079983
v -4.166667 -20.000000 -400.079983
v -3.958333 -20.000000 -400.079983
v -3.750000 -20.000000 -400.079983
v -3.541667 -20.000000 -400.079983
v -3.333333 -20.000000 -400.079983
v -3.125000 -20.000000 -400.079983
v -2.916667 -20.000000 -400.079983
v -2.708333 -20.000000 -400.079983
v -2.500000 -20.000000 -400.079983
v -2.291667 -20.000000 -400.079983
v -2.083333 -20.000000 -400.079983
v -1.875000 -20.000000 -400.079983
v -1.666667 -20.000000 -400.079983
v -1.458333 -20.000000 -400.079983
v -1.250000 -20.000000 -400.079983
v -1.041667 -20.000000 -400.079983
v -0.833333 -20.000000 -400.079983
v -0.625000 -20.000000 -400.079983
v -0.416667 -20.000000 -400.079983
v -0.208333 -20.000000 -400.079983
v 0.000000 -20.000000 -400.079983
v 0.208333 -20.000000 -400.079983
v 0.416667 -20.000000 -400.079983
v 0.625000 -20.000000 -400.079983
v 0.833333 -20.000000 -400.079983
v 1.041667 -20.000000 -400.079983
v 1.250000 -20.000000 -400.079983
v 1.458333 -20.000000 -400.079983
v 1.666667 -20.000000 -400.079983
v 1.875000 -20.000000 -400.079983
v 2.083333 -20.000000 -400.079983
v 2.291667 -20.000000 -400.079983
v 2.500000 -20.000000 -400.079983
v 2.708333 -20.000000 -400.079983
v 2.916667 -20.000000 -400.079983
v 3.125000 -20.000000 -400.079983
v 3.333333 -20.000000 -400.079983
v 3.541667 -20.000000 -400.079983
v 3.750000 -20.000000 -400.079983
v 3.958333 -20.000000 -400.079983
v 4.166667 -20.000000 -400.079983
v 4.375000 -20.000000 -400.079983
v 4.583333 -20.000000 -400.079983
v 4.791667 -20.000000 -400.079983
v 5.000000 -20.000000 -400.079983
v -5.000000 -20.000000 -391.382592
v -4.791667 -20.000000 -391.382592
v -4.583333 -20.000000 -391.382592
v -4.375000 -20.000000 -391.382592
v -4.166667 -20.000000 -391.382592
v -3.958333 -20.000000 -391.382592
v -3.750000 -20.000000 -391.382592
v -3.541667 -20.000000 -391.382592
v -3.333333 -20.000000 -391.382592
v -3.125000 -20.000000 -391.382592
v -2.916667 -20.000000 -391.382592
v -2.708333 -20.000000 -391.382592
v -2.500000 -20.000000 -391.382592
v -2.291667 -20.000000 -391.382592
v -2.083333 -20.000000 -391.382592
v -1.875000 -20.000000 -391.382592
v -1.666667 -20.000000 -391.382592
v -1.458333 -20.000000 -391.382592
v -1.250000 -20.000000 -391.382592
v -1.041667 -20.000000 -391.382592
v -0.833333 -20.000000 -391.382592
v -0.625000 -20.000000 -391.382592
v -0.416667 -20.000000 -391.382592
v -0.208333 -20.000000 -391.382592
v 0.000000 -20.000000 -391.382592
v 0.208333 -20.000000 -391.382592
v 0.416667 -20.000000 -391.382592
v 0.625000 -20.000000 -391.382592
v 0.833333 -20.000000 -391.382592
v 1.041667 -20.000000 -391.382592
v 1.250000 -20.000000 -391.382592
v 1.458333 -20.000000 -391.382592
v 1.666667 -20.000000 -391.382592
v 1.875000 -20.000000 -391.382592
v 2.083333 -20.000000 -391.382592
v 2.291667 -20.000000 -391.382592
v 2.500000 -20.000000 -391.382592
v 2.708333 -20.000000 -391.382592
v 2.916667 -20.000000 -391.382592
v 3.125000 -20.000000 -391.382592
v 3.333333 -20.000000 -391.382592
v 3.541667 -20.000000 -391.382592
v 3.750000 -20.000000 -391.382592
v 3.958333 -20.000000 -391.382592
v 4.166667 -20.000000 -391.382592
v 4.375000 -20.000000 -391.382592
v 4.583333 -20.000000 -391.382592
v 4.791667 -20.000000 -391.382592
v 5.000000 -20.000000 -391.382592
v -5.000000 -20.000000 -382.685201
v -4.791667 -20.000000 -382.685201
v -4.583333 -20.000000 -382.685201
v -4.375000 -20.000000 -382.685201
v -4.166667 -20.000000 -382.685201
v -3.958333 -20.000000 -382.685201
v -3.750000 -20.000000 -382.685201
v -3.541667 -20.000000 -382.685201
v -3.333333 -20.000000 -382.685201
v -3.125000 -20.000000 -382.685201
v -2.916667 -20.000000 -382.685201
v -2.708333 -20.000000 -382.685201
v -2.500000 -20.000000 -382.685201
v -2.291667 -20.000000 -382.685201
v -2.083333 -20.000000 -382.685201
v -1.875000 -20.000000 -382.685201
v -1.666667 -20.000000 -382.685201
v -1.458333 -20.000000 -382.685201
v -1.250000 -20.000000 -382.685201
v -1.041667 -20.000000 -382.685201
v -0.833333 -20.000000 -382.685201
v -0.625000 -20.000000 -382.685201
v -0.416667 -20.000000 -382.685201
v -0.208333 -20.000000 -382.685201
v 0.000000 -20.000000 -382.685201
v 0.208333 -20.000000 -382.685201
v 0.416667 -20.000000 -382.685201
v 0.625000 -20.000000 -382.685201
v 0.833333 -20.000000 -382.685201
v 1.041667 -20.000000 -382.685201
v 1.250000 -20.000000 -382.685201
v 1.458333 -20.000000 -382.685201
v 1.666667 -20.000000 -382.685201
v 1.875000 -20.000000 -382.685201
v 2.083333 -20.000000 -382.685201
v 2.291667 -20.000000 -382.685201
v 2.500000 -20.000000 -382.685201
v 2.708333 -20.000000 -382.685201
v 2.916667 -20.000000 -382.685201
v 3.125000 -20.000000 -382.685201
v 3.333333 -20.000000 -382.685201
v 3.541667 -20.000000 -382.685201
v 3.750000 -20.000000 -382.685201
v 3.958333 -20.000000 -382.685201
v 4.166667 -20.000000 -382.685201
v 4.375000 -20.000000 -382.685201
v 4.583333 -20.000000 -382.685201
v 4.791667 -20.000000 -382.685201
v 5.000000 -20.000000 -382.685201
v -5.000000 -20.000000 -373.987810
v -4.791667 -20.000000 -373.987810
v -4.583333 -20.000000 -373.987810
v -4.375000 -20.000000 -373.987810
v -4.166667 -20.000000 -373.987810
v -3.958333 -20.000000 -373.987810
v -3.750000 -20.000000 -373.987810
v -3.541667 -20.000000 -373.987810
v -3.333333 -20.000000 -373.987810
v -3.125000 -20.000000 -373.987810
v -2.916667 -20.000000 -373.987810
v -2.708333 -20.000000 -373.987810
v -2.500000 -20.000000 -373.987810
v -2.291667 -20.000000 -373.987810
v -2.083333 -20.000000 -373.987810
v -1.875000 -20.000000 -373.987810
v -1.666667 -20.000000 -373.987810
v -1.458333 -20.000000 -373.987810
v -1.250000 -20.000000 -373.987810
v -1.041667 -20.000000 -373.987810
v -0.833333 -20.000000 -373.987810
v -0.625000 -20.000000 -373.987810
v -0.416667 -20.000000 -373.987810
v -0.208333 -20.000000 -373.987810
v 0.000000 -20.000000 -373.987810
v 0.208333 -20.000000 -373.987810
v 0.416667 -20.000000 -373.987810
v 0.625000 -20.000000 -373.987810
v 0.833333 -20.000000 -373.987810
v 1.041667 -20.000000 -373.987810
v 1.250000 -20.000000 -373.987810
v 1.458333 -20.000000 -373.987810
v 1.666667 -20.000000 -373.987810
v 1.875000 -20.000000 -373.987810
v 2.083333 -20.000000 -373.987810
v 2.291667 -20.000000 -373.987810
v 2.500000 -20.000000 -373.987810
v 2.708333 -20.000000 -373.987810
v 2.916667 -20.000000 -373.987810
v 3.125000 -20.000000 -373.987810
v 3.333333 -20.000000 -373.987810
v 3.541667 -20.000000 -373.987810
v 3.750000 -20.000000 -373.987810
v 3.958333 -20.000000 -373.987810
v 4.166667 -20.000000 -373.987810
v 4.375000 -20.000000 -373.987810
v 4.583333 -20.000000 -373.987810
v 4.791667 -20.000000 -373.987810
v 5.000000 -20.000000 -373.987810
v -5.000000 -20.000000 -365.290419
v -4.791667 -20.000000 -365.290419
v -4.583333 -20.000000 -365.290419
v -4.375000 -20.000000 -365.290419
v -4.166667 -20.000000 -365.290419
v -3.958333 -20.000000 -365.290419
v -3.750000 -20.000000 -365.290419
v -3.541667 -20.000000 -365.290419
v -3.333333 -20.000000 -365.290419
v -3.125000 -20.000000 -365.290419
v -2.916667 -20.000000 -365.290419
v -2.708333 -20.000000 -365.290419
v -2.500000 -20.000000 -365.290419
v -2.291667 -20.000000 -365.290419
v -2.083333 -20.000000 -365.290419
v -1.875000 -20.000000 -365.290419
v -1.666667 -20.000000 -365.290419
v -1.458333 -20.000000 -365.290419
v -1.250000 -20.000000 -365.290419
v -1.041667 -20.000000 -365.290419
v -0.833333 -20.000000 -365.290419
v -0.625000 -20.000000 -365.290419
v -0.416667 -20.000000 -365.290419
v -0.208333 -20.000000 -365.290419
v 0.000000 -20.000000 -365.290419
v 0.208333 -20.000000 -365.290419
v 0.416667 -20.000000 -365.290419
v 0.625000 -20.000000 -365.290419
v 0.833333 -20.000000 -365.290419
v 1.041667 -20.000000 -365.290419
v 1.250000 -20.000000 -365.290419
v 1.458333 -20.000000 -365.290419
v 1.666667 -20.000000 -365.290419
v 1.875000 -20.000000 -365.290419
v 2.083333 -20.000000 -365.290419
v 2.291667 -20.000000 -365.290419
v 2.500000 -20.000000 -365.290419
v 2.708333 -20.000000 -365.290419
v 2.916667 -20.000000 -365.290419
v 3.125000 -20.000000 -365.290419
v 3.333333 -20.000000 -365.290419
v 3.541667 -20.000000 -365.290419
v 3.750000 -20.000000 -365.290419
v 3.958333 -20.000000 -365.290419
v 4.166667 -20.000000 -365.290419
v 4.375000 -20.000000 -365.290419
v 4.583333 -20.000000 -365.290419
v 4.791667 -20.000000 -365.290419
v 5.000000 -20.000000 -365.290419
v -5.000000 -20.000000 -356.593028
v -4.791667 -20.000000 -356.593028
v -4.583333 -20.000000 -356.593028
v -4.375000 -20.000000 -356.593028
v -4.166667 -20.000000 -356.593028
v -3.958333 -20.000000 -356.593028
v -3.750000 -20.000000 -356.593028
v -3.541667 -20.000000 -356.593028
v -3.333333 -20.000000 -356.593028
v -3.125000 -20.000000 -356.593028
v -2.916667 -20.000000 -356.593028
v -2.708333 -20.000000 -356.593028
v -2.500000 -20.000000 -356.593028
v -2.291667 -20.000000 -356.593028
v -2.083333 -20.000000 -356.593028
v -1.875000 -20.000000 -356.593028
v -1.666667 -20.000000 -356.593028
v -1.458333 -20.000000 -356.593028
v -1.250000 -20.000000 -356.593028
v -1.041667 -20.000000 -356.593028
v -0.833333 -20.000000 -356.593028
v -0.625000 -20.000000 -356.593028
v -0.416667 -20.000000 -356.593028
v -0.208333 -20.000000 -356.593028
v 0.000000 -20.000000 -356.593028
v 0.208333 -20.000000 -356.593028
v 0.416667 -20.000000 -356.593028
v 0.625000 -20.000000 -356.593028
v 0.833333 -20.000000 -356.593028
v 1.041667 -20.000000 -356.593028
v 1.250000 -20.000000 -356.593028
v 1.458333 -20.000000 -356.593028
v 1.666667 -20.000000 -356.593028
v 1.875000 -20.000000 -356.593028
v 2.083333 -20.000000 -356.593028
v 2.291667 -20.000000 -356.593028
v 2.500000 -20.000000 -356.593028
v 2.708333 -20.000000 -356.593028
v 2.916667 -20.000000 -356.593028
v 3.125000 -20.000000 -356.593028
v 3.333333 -20.000000 -356.593028
v 3.541667 -20.000000 -356.593028
v 3.750000 -20.000000 -356.593028
v 3.958333 -20.000000 -356.593028
v 4.166667 -20.000000 -356.593028
v 4.375000 -20.000000 -356.593028
v 4.583333 -20.000000 -356.593028
v 4.791667 -20.000000 -356.593028
v 5.000000 -20.000000 -356.593028
v -5.000000 -20.000000 -347.895638
v -4.791667 -20.000000 -347.895638
v -4.583333 -20.000000 -347.895638
v -4.375000 -20.000000 -347.895638
v -4.166667 -20.000000 -347.895638
v -3.958333 -20.000000 -347.895638
v -3.750000 -20.000000 -347.895638
v -3.541667 -20.000000 -347.895638
v -3.333333 -20.000000 -347.895638
v -3.125000 -20.000000 -347.895638
v -2.916667 -20.000000 -347.895638
v -2.708333 -20.000000 -347.895638
v -2.500000 -20.000000 -347.895638
v -2.291667 -20.000000 -347.895638
v -2.083333 -20.000000 -347.895638
v -1.875000 -20.000000 -347.895638
v -1.666667 -20.000000 -347.895638
v -1.458333 -20.000000 -347.895638
v -1.250000 -20.000000 -347.895638
v -1.041667 -20.000000 -347.895638
v -0.833333 -20.000000 -347.895638
v -0.625000 -20.000000 -347.895638
v -0.416667 -20.000000 -347.895638
v -0.208333 -20.000000 -347.895638
v 0.000000 -20.000000 -347.895638
v 0.208333 -20.000000 -347.895638
v 0.416667 -20.000000 -347.895638
v 0.625000 -20.000000 -347.895638
v 0.833333 -20.000000 -347.895638
v 1.041667 -20.000000 -347.895638
v 1.250000 -20.000000 -347.895638
v 1.458333 -20.000000 -347.895638
v 1.666667 -20.000000 -347.895638
v 1.875000 -20.000000 -347.895638
v 2.083333 -20.000000 -347.895638
v 2.291667 -20.000000 -347.895638
v 2.500000 -20.000000 -347.895638
v 2.708333 -20.000000 -347.895638
v 2.916667 -20.000000 -347.895638
v 3.125000 -20.000000 -347.895638
v 3.333333 -20.000000 -347.895638
v 3.541667 -20.000000 -347.895638
v 3.750000 -20.000000 -347.895638
v 3.958333 -20.000000 -347.895638
v 4.166667 -20.000000 -347.895638
v 4.375000 -20.000000 -347.895638
v 4.583333 -20.000000 -347.895638
v 4.791667 -20.000000 -347.895638
v 5.000000 -20.000000 -347.895638
v -5.000000 -20.000000 -339.198247
v -4.791667 -20.000000 -339.198247
v -4.583333 -20.000000 -339.198247
v -4.375000 -20.000000 -339.198247
v -4.166667 -20.000000 -339.198247
v -3.958333 -20.000000 -339.198247
v -3.750000 -20.000000 -339.198247
v -3.541667 -20.000000 -339.198247
v -3.333333 -20.000000 -339.198247
v -3.125000 -20.000000 -339.198247
v -2.916667 -20.000000 -339.198247
v -2.708333 -20.000000 -339.198247
v -2.500000 -20.000000 -339.198247
v -2.291667 -20.000000 -339.198247
v -2.083333 -20.000000 -339.198247
v -1.875000 -20.000000 -339.198247
v -1.666667 -20.000000 -339.198247
v -1.458333 -20.000000 -339.198247
v -1.250000 -20.000000 -339.198247
v -1.041667 -20.000000 -339.198247
v -0.833333 -20.000000 -339.198247
v -0.625000 -20.000000 -339.198247
v -0.416667 -20.000000 -339.198247
v -0.208333 -20.000000 -339.198247
v 0.000000 -20.000000 -339.198247
v 0.208333 -20.000000 -339.198247
v 0.416667 -20.000000 -339.198247
v 0.625000 -20.000000 -339.198247
v 0.833333 -20.000000 -339.198247
v 1.041667 -20.000000 -339.198247
v 1.250000 -20.000000 -339.198247
v 1.458333 -20.000000 -339.198247
v 1.666667 -20.000000 -339.198247
v 1.875000 -20.000000 -339.198247
v 2.083333 -20.000000 -339.198247
v 2.291667 -20.000000 -339.198247
v 2.500000 -20.000000 -339.198247
v 2.708333 -20.000000 -339.198247
v 2.916667 -20.000000 -339.198247
v 3.125000 -20.000000 -339.198247
v 3.333333 -20.000000 -339.198247
v 3.541667 -20.000000 -339.198247
v 3.750000 -20.000000 -339.198247
v 3.958333 -20.000000 -339.198247
v 4.166667 -20.000000 -339.198247
v 4.375000 -20.000000 -339.198247
v 4.583333 -20.000000 -339.198247
v 4.791667 -20.000000 -339.198247
v 5.000000 -20.000000 -339.198247
v -5.000000 -20.000000 -330.500856
v -4.791667 -20.000000 -330.500856
v -4.583333 -20.000000 -330.500856
v -4.375000 -20.000000 -330.500856
v -4.166667 -20.000000 -330.500856
v -3.958333 -20.000000 -330.500856
v -3.750000 -20.000000 -330.500856
v -3.541667 -20.000000 -330.500856
v -3.333333 -20.000000 -330.500856
v -3.125000 -20.000000 -330.500856
v -2.916667 -20.000000 -330.500856
v -2.708333 -20.000000 -330.500856
v -2.500000 -20.000000 -330.500856
v -2.291667 -20.000000 -330.500856
v -2.083333 -20.000000 -330.500856
v -1.875000 -20.000000 -330.500856
v -1.666667 -20.000000 -330.500856
v -1.458333 -20.000000 -330.500856
v -1.250000 -20.000000 -330.500856
v -1.041667 -20.000000 -330.500856
v -0.833333 -20.000000 -330.500856
v -0.625000 -20.000000 -330.500856
v -0.416667 -20.000000 -330.500856
v -0.208333 -20.000000 -330.500856
v 0.000000 -20.000000 -330.500856
v 0.208333 -20.000000 -330.500856
v 0.416667 -20.000000 -330.500856
v 0.625000 -20.000000 -330.500856
v 0.833333 -20.000000 -330.500856
v 1.041667 -20.000000 -330.500856
v 1.250000 -20.000000 -330.500856
v 1.458333 -20.000000 -330.500856
v 1.666667 -20.000000 -330.500856
v 1.875000 -20.000000 -330.500856
v 2.083333 -20.000000 -330.500856
v 2.291667 -20.000000 -330.500856
v 2.500000 -20.000000 -330.500856
v 2.708333 -20.000000 -330.500856
v 2.916667 -20.000000 -330.500856
v 3.125000 -20.000000 -330.500856
v 3.333333 -20.000000 -330.500856
v 3.541667 -20.000000 -330.500856
v 3.750000 -20.000000 -330.500856
v 3.958333 -20.000000 -330.500856
v 4.166667 -20.000000 -330.500856
v 4.375000 -20.000000 -330.500856
v 4.583333 -20.000000 -330.500856
v 4.791667 -20.000000 -330.500856
v 5.000000 -20.000000 -330.500856
v -5.000000 -20.000000 -321.803465
v -4.791667 -20.000000 -321.803465
v -4.583333 -20.000000 -321.803465
v -4.375000 -20.000000 -321.803465
v -4.166667 -20.000000 -321.803465
v -3.958333 -20.000000 -321.803465
v -3.750000 -20.000000 -321.803465
v -3.541667 -20.000000 -321.803465
v -3.333333 -20.000000 -321.803465
v -3.125000 -20.000000 -321.803465
v -2.916667 -20.000000 -321.803465
v -2.708333 -20.000000 -321.803465
v -2.500000 -20.000000 -321.803465
v -2.291667 -20.000000 -321.803465
v -2.083333 -20.000000 -321.803465
v -1.875000 -20.000000 -321.803465
v -1.666667 -20.000000 -321.803465
v -1.458333 -20.000000 -321.803465
v -1.250000 -20.000000 -321.803465
v -1.041667 -20.000000 -321.803465
v -0.833333 -20.000000 -321.803465
v -0.625000 -20.000000 -321.803465
v -0.416667 -20.000000 -321.803465
v -0.208333 -20.000000 -321.803465
v 0.000000 -20.000000 -321.803465
v 0.208333 -20.000000 -321.803465
v 0.416667 -20.000000 -321.803465
v 0.625000 -20.000000 -321.803465
v 0.833333 -20.000000 -321.803465
v 1.041667 -20.000000 -321.803465
v 1.250000 -20.000000 -321.803465
v 1.458333 -20.000000 -321.803465
v 1.666667 -20.000000 -321.803465
v 1.875000 -20.000000 -321.803465
v 2.083333 -20.000000 -321.803465
v 2.291667 -20.000000 -321.803465
v 2.500000 -20.000000 -321.803465
v 2.708333 -20.000000 -321.803465
v 2.916667 -20.000000 -321.803465
v 3.125000 -20.000000 -321.803465
v 3.333333 -20.000000 -321.803465
v 3.541667 -20.000000 -321.803465
v 3.750000 -20.000000 -321.803465
v 3.958333 -20.000000 -321.803465
v 4.166667 -20.000000 -321.803465
v 4.375000 -20.000000 -321.803465
v 4.583333 -20.000000 -321.803465
v 4.791667 -20.000000 -321.803465
v 5.000000 -20.000000 -321.803465
v -5.000000 -20.000000 -313.106074
v -4.791667 -20.000000 -313.106074
v -4.583333 -20.000000 -313.106074
v -4.375000 -20.000000 -313.106074
v -4.166667 -20.000000 -313.106074
v -3.958333 -20.000000 -313.106074
v -3.750000 -20.000000 -313.106074
v -3.541667 -20.000000 -313.106074
v -3.333333 -20.000000 -313.106074
v -3.125000 -20.000000 -313.106074
v -2.916667 -20.000000 -313.106074
v -2.708333 -20.000000 -313.106074
v -2.500000 -20.000000 -313.106074
v -2.291667 -20.000000 -313.106074
v -2.083333 -20.000000 -313.106074
v -1.875000 -20.000000 -313.106074
v -1.666667 -20.000000 -313.106074
v -1.458333 -20.000000 -313.106074
v -1.250000 -20.000000 -313.106074
v -1.041667 -20.000000 -313.106074
v -0.833333 -20.000000 -313.106074
v -0.625000 -20.000000 -313.106074
v -0.416667 -20.000000 -313.106074
v -0.208333 -20.000000 -313.106074
v 0.000000 -20.000000 -313.106074
v 0.208333 -20.000000 -313.106074
v 0.416667 -20.000000 -313.106074
v 0.625000 -20.000000 -313.106074
v 0.833333 -20.000000 -313.106074
v 1.041667 -20.000000 -313.106074
v 1.250000 -20.000000 -313.106074
v 1.458333 -20.000000 -313.106074
v 1.666667 -20.000000 -313.106074
v 1.875000 -20.000000 -313.106074
v 2.083333 -20.000000 -313.106074
v 2.291667 -20.000000 -313.106074
v 2.500000 -20.000000 -313.106074
v 2.708333 -20.000000 -313.106074
v 2.916667 -20.000000 -313.106074
v 3.125000 -20.000000 -313.106074
v 3.333333 -20.000000 -313.106074
v 3.541667 -20.000000 -313.106074
v 3.750000 -20.000000 -313.106074
v 3.958333 -20.000000 -313.106074
v 4.166667 -20.000000 -313.106074
v 4.375000 -20.000000 -313.106074
v 4.583333 -20.000000 -313.106074
v 4.791667 -20.000000 -313.106074
v 5.000000 -20.000000 -313.106074
v -5.000000 -20.000000 -304.408683
v -4.791667 -20.000000 -304.408683
v -4.583333 -20.000000 -304.408683
v -4.375000 -20.000000 -304.408683
v -4.166667 -20.000000 -304.408683
v -3.958333 -20.000000 -304.408683
v -3.750000 -20.000000 -304.408683
v -3.541667 -20.000000 -304.408683
v -3.333333 -20.000000 -304.408683
v -3.125000 -20.000000 -304.408683
v -2.916667 -20.000000 -304.408683
v -2.708333 -20.000000 -304.408683
v -2.500000 -20.000000 -304.408683
v -2.291667 -20.000000 -304.408683
v -2.083333 -20.000000 -304.408683
v -1.875000 -20.000000 -304.408683
v -1.666667 -20.000000 -304.408683
v -1.458333 -20.000000 -304.408683
v -1.250000 -20.000000 -304.408683
v -1.041667 -20.000000 -304.408683
v -0.833333 -20.000000 -304.408683
v -0.625000 -20.000000 -304.408683
v -0.416667 -20.000000 -304.408683
v -0.208333 -20.000000 -304.408683
v 0.000000 -20.000000 -304.408683
v 0.208333 -20.000000 -304.408683
v 0.416667 -20.000000 -304.408683
v 0.625000 -20.000000 -304.408683
v 0.833333 -20.000000 -304.408683
v 1.041667 -20.000000 -304.408683
v 1.250000 -20.000000 -304.408683
v 1.458333 -20.000000 -304.408683
v 1.666667 -20.000000 -304.408683
v 1.875000 -20.000000 -304.408683
v 2.083333 -20.000000 -304.408683
v 2.291667 -20.000000 -304.408683
v 2.500000 -20.000000 -304.408683
v 2.708333 -20.000000 -304.408683
v 2.916667 -20.000000 -304.408683
v 3.125000 -20.000000 -304.408683
v 3.333333 -20.000000 -304.408683
v 3.541667 -20.000000 -304.408683
v 3.750000 -20.000000 -304.408683
v 3.958333 -20.000000 -304.408683
v 4.166667 -20.000000 -304.408683
v 4.375000 -20.000000 -304.408683
v 4.583333 -20.000000 -304.408683
v 4.791667 -20.000000 -304.408683
v 5.000000 -20.000000 -304.408683
v -5.000000 -20.000000 -295.711292
v -4.791667 -20.000000 -295.711292
v -4.583333 -20.000000 -295.711292
v -4.375000 -20.000000 -295.711292
v -4.166667 -20.000000 -295.711292
v -3.958333 -20.000000 -295.711292
v -3.750000 -20.000000 -295.711292
v -3.541667 -20.000000 -295.711292
v -3.333333 -20.000000 -295.711292
v -3.125000 -20.000000 -295.711292
v -2.916667 -20.000000 -295.711292
v -2.708333 -20.000000 -295.711292
v -2.500000 -20.000000 -295.711292
v -2.291667 -20.000000 -295.711292
v -2.083333 -20.000000 -295.711292
v -1.875000 -20.000000 -295.711292
v -1.666667 -20.000000 -295.711292
v -1.458333 -20.000000 -295.711292
v -1.250000 -20.000000 -295.711292
v -1.041667 -20.000000 -295.711292
v -0.833333 -20.000000 -295.711292
v -0.625000 -20.000000 -295.711292
v -0.416667 -20.000000 -295.711292
v -0.208333 -20.000000 -295.711292
v 0.000000 -20.000000 -295.711292
v 0.208333 -20.000000 -295.711292
v 0.416667 -20.000000 -295.711292
v 0.625000 -20.000000 -295.711292
v 0.833333 -20.000000 -295.711292
v 1.041667 -20.000000 -295.711292
v 1.250000 -20.000000 -295.711292
v 1.458333 -20.000000 -295.711292
v 1.666667 -20.000000 -295.711292
v 1.875000 -20.000000 -295.711292
v 2.083333 -20.000000 -295.711292
v 2.291667 -20.000000 -295.711292
v 2.500000 -20.000000 -295.711292
v 2.708333 -20.000000 -295.711292
v 2.916667 -20.000000 -295.711292
v 3.125000 -20.000000 -295.711292
v 3.333333 -20.000000 -295.711292
v 3.541667 -20.000000 -295.711292
v 3.750000 -20.000000 -295.711292
v 3.958333 -20.000000 -295.711292
v 4.166667 -20.000000 -295.711292
v 4.375000 -20.000000 -295.711292
v 4.583333 -20.000000 -295.711292
v 4.791667 -20.000000 -295.711292
v 5.000000 -20.000000 -295.711292
v -5.000000 -20.000000 -287.013901
v -4.791667 -20.000000 -287.013901
v -4.583333 -20.000000 -287.013901
v -4.375000 -20.000000 -287.013901
v -4.166667 -20.000000 -287.013901
v -3.958333 -20.000000 -287.013901
v -3.750000 -20.000000 -287.013901
v -3.541667 -20.000000 -287.013901
v -3.333333 -20.000000 -287.013901
v -3.125000 -20.000000 -287.013901
v -2.916667 -20.000000 -287.013901
v -2.708333 -20.000000 -287.013901
v -2.500000 -20.000000 -287.013901
v -2.291667 -20.000000 -287.013901
v -2.083333 -20.000000 -287.013901
v -1.875000 -20.000000 -287.013901
v -1.666667 -20.000000 -287.013901
v -1.458333 -20.000000 -287.013901
v -1.250000 -20.000000 -287.013901
v -1.041667 -20.000000 -287.013901
v -0.833333 -20.000000 -287.013901
v -0.625000 -20.000000 -287.013901
v -0.416667 -20.000000 -287.013901
v -0.208333 -20.000000 -287.013901
v 0.000000 -20.000000 -287.013901
v 0.208333 -20.000000 -287.013901
v 0.416667 -20.000000 -287.013901
v 0.625000 -20.000000 -287.013901
v 0.833333 -20.000000 -287.013901
v 1.041667 -20.000000 -287.013901
v 1.250000 -20.000000 -287.013901
v 1.458333 -20.000000 -287.013901
v 1.666667 -20.000000 -287.013901
v 1.875000 -20.000000 -287.013901
v 2.083333 -20.000000 -287.013901
v 2.291667 -20.000000 -287.013901
v 2.500000 -20.000000 -287.013901
v 2.708333 -20.000000 -287.013901
v 2.916667 -20.000000 -287.013901
v 3.125000 -20.000000 -287.013901
v 3.333333 -20.000000 -287.013901
v 3.541667 -20.000000 -287.013901
v 3.750000 -20.000000 -287.013901
v 3.958333 -20.000000 -287.013901
v 4.166667 -20.000000 -287.013901
v 4.375000 -20.000000 -287.013901
v 4.583333 -20.000000 -287.013901
v 4.791667 -20.000000 -287.013901
v 5.000000 -20.000000 -287.013901
v -5.000000 -20.000000 -278.316510
v -4.791667 -20.000000 -278.316510
v -4.583333 -20.000000 -278.316510
v -4.375000 -20.000000 -278.316510
v -4.166667 -20.000000 -278.316510
v -3.958333 -20.000000 -278.316510
v -3.750000 -20.000000 -278.316510
v -3.541667 -20.000000 -278.316510
v -3.333333 -20.000000 -278.316510
v -3.125000 -20.000000 -278.316510
v -2.916667 -20.000000 -278.316510
v -2.708333 -20.000000 -278.316510
v -2.500000 -20.000000 -278.316510
v -2.291667 -20.000000 -278.316510
v -2.083333 -20.000000 -278.316510
v -1.875000 -20.000000 -278.316510
v -1.666667 -20.000000 -278.316510
v -1.458333 -20.000000 -278.316510
v -1.250000 -20.000000 -278.316510
v -1.041667 -20.000000 -278.316510
v -0.833333 -20.000000 -278.316510
v -0.625000 -20.000000 -278.316510
v -0.416667 -20.000000 -278.316510
v -0.208333 -20.000000 -278.316510
v 0.000000 -20.000000 -278.316510
v 0.208333 -20.000000 -278.316510
v 0.416667 -20.000000 -278.316510
v 0.625000 -20.000000 -278.316510
v 0.833333 -20.000000 -278.316510
v 1.041667 -20.000000 -278.316510
v 1.250000 -20.000000 -278.316510
v 1.458333 -20.000000 -278.316510
v 1.666667 -20.000000 -278.316510
v 1.875000 -20.000000 -278.316510
v 2.083333 -20.000000 -278.316510
v 2.291667 -20.000000 -278.316510
v 2.500000 -20.000000 -278.316510
v 2.708333 -20.000000 -278.316510
v 2.916667 -20.000000 -278.316510
v 3.125000 -20.000000 -278.316510
v 3.333333 -20.000000 -278.316510
v 3.541667 -20.000000 -278.316510
v 3.750000 -20.000000 -278.316510
v 3.958333 -20.000000 -278.316510
v 4.166667 -20.000000 -278.316510
v 4.375000 -20.000000 -278.316510
v 4.583333 -20.000000 -278.316510
v 4.791667 -20.000000 -278.316510
v 5.000000 -20.000000 -278.316510
v -5.000000 -20.000000 -269.619119
v -4.791667 -20.000000 -269.619119
v -4.583333 -20.000000 -269.619119
v -4.375000 -20.000000 -269.619119
v -4.166667 -20.000000 -269.619119
v -3.958333 -20.000000 -269.619119
v -3.750000 -20.000000 -269.619119
v -3.541667 -20.000000 -269.619119
v -3.333333 -20.000000 -269.619119
v -3.125000 -20.000000 -269.619119
v -2.916667 -20.000000 -269.619119
v -2.708333 -20.000000 -269.619119
v -2.500000 -20.000000 -269.619119
v -2.291667 -20.000000 -269.619119
v -2.083333 -20.000000 -269.619119
v -1.875000 -20.000000 -269.619119
v -1.666667 -20.000000 -269.619119
v -1.458333 -20.000000 -269.619119
v -1.250000 -20.000000 -269.619119
v -1.041667 -20.000000 -269.619119
v -0.833333 -20.000000 -269.619119
v -0.625000 -20.000000 -269.619119
v -0.416667 -20.000000 -269.619119
v -0.208333 -20.000000 -269.619119
v 0.000000 -20.000000 -269.619119
v 0.208333 -20.000000 -269.619119
v 0.416667 -20.000000 -269.619119
v 0.625000 -20.000000 -269.619119
v 0.833333 -20.000000 -269.619119
v 1.041667 -20.000000 -269.619119
v 1.250000 -20.000000 -269.619119
v 1.458333 -20.000000 -269.619119
v 1.666667 -20.000000 -269.619119
v 1.875000 -20.000000 -269.619119
v 2.083333 -20.000000 -269.619119
v 2.291667 -20.000000 -269.619119
v 2.500000 -20.000000 -269.619119
v 2.708333 -20.000000 -269.619119
v 2.916667 -20.000000 -269.619119
v 3.125000 -20.000000 -269.619119
v 3.333333 -20.000000 -269.619119
v 3.541667 -20.000000 -269.619119
v 3.750000 -20.000000 -269.619119
v 3.958333 -20.000000 -269.619119
v 4.166667 -20.000000 -269.619119
v 4.375000 -20.000000 -269.619119
v 4.583333 -20.000000 -269.619119
v 4.791667 -20.000000 -269.619119
v 5.000000 -20.000000 -269.619119
v -5.000000 -20.000000 -260.921728
v -4.791667 -20.000000 -260.921728
v -4.583333 -20.000000 -260.921728
v -4.375000 -20.000000 -260.921728
v -4.166667 -20.000000 -260.921728
v -3.958333 -20.000000 -260.921728
v -3.750000 -20.000000 -260.921728
v -3.541667 -20.000000 -260.921728
v -3.333333 -20.000000 -260.921728
v -3.125000 -20.000000 -260.921728
v -2.916667 -20.000000 -260.921728
v -2.708333 -20.000000 -260.921728
v -2.500000 -20.000000 -260.921728
v -2.291667 -20.000000 -260.921728
v -2.083333 -20.000000 -260.921728
v -1.875000 -20.000000 -260.921728
v -1.666667 -20.000000 -260.921728
v -1.458333 -20.000000 -260.921728
v -1.250000 -20.000000 -260.921728
v -1.041667 -20.000000 -260.921728
v -0.833333 -20.000000 -260.921728
v -0.625000 -20.000000 -260.921728
v -0.416667 -20.000000 -260.921728
v -0.208333 -20.000000 -260.921728
v 0.000000 -20.000000 -260.921728
v 0.208333 -20.000000 -260.921728
v 0.416667 -20.000000 -260.921728
v 0.625000 -20.000000 -260.921728
v 0.833333 -20.000000 -260.921728
v 1.041667 -20.000000 -260.921728
v 1.250000 -20.000000 -260.921728
v 1.458333 -20.000000 -260.921728
v 1.666667 -20.000000 -260.921728
v 1.875000 -20.000000 -260.921728
v 2.083333 -20.000000 -260.921728
v 2.291667 -20.000000 -260.921728
v 2.500000 -20.000000 -260.921728
v 2.708333 -20.000000 -260.921728
v 2.916667 -20.000000 -260.921728
v 3.125000 -20.000000 -260.921728
v 3.333333 -20.000000 -260.921728
v 3.541667 -20.000000 -260.921728
v 3.750000 -20.000000 -260.921728
v 3.958333 -20.000000 -260.921728
v 4.166667 -20.000000 -260.921728
v 4.375000 -20.000000 -260.921728
v 4.583333 -20.000000 -260.921728
v 4.791667 -20.000000 -260.921728
v 5.000000 -20.000000 -260.921728
v -5.000000 -20.000000 -252.224337
v -4.791667 -20.000000 -252.224337
v -4.583333 -20.000000 -252.224337
v -4.375000 -20.000000 -252.224337
v -4.166667 -20.000000 -252.224337
v -3.958333 -20.000000 -252.224337
v -3.750000 -20.000000 -252.224337
v -3.541667 -20.000000 -252.224337
v -3.333333 -20.000000 -252.224337
v -3.125000 -20.000000 -252.224337
v -2.916667 -20.000000 -252.224337
v -2.708333 -20.000000 -252.224337
v -2.500000 -20.000000 -252.224337
v -2.291667 -20.000000 -252.224337
v -2.083333 -20.000000 -252.224337
v -1.875000 -20.000000 -252.224337
v -1.666667 -20.000000 -252.224337
v -1.458333 -20.000000 -252.224337
v -1.250000 -20.000000 -252.224337
v -1.041667 -20.000000 -252.224337
v -0.833333 -20.000000 -252.224337
v -0.625000 -20.000000 -252.224337
v -0.416667 -20.000000 -252.224337
v -0.208333 -20.000000 -252.224337
v 0.000000 -20.000000 -252.224337
v 0.208333 -20.000000 -252.224337
v 0.416667 -20.000000 -252.224337
v 0.625000 -20.000000 -252.224337
v 0.833333 -20.000000 -252.224337
v 1.041667 -20.000000 -252.224337
v 1.250000 -20.000000 -252.224337
v 1.458333 -20.000000 -252.224337
v 1.666667 -20.000000 -252.224337
v 1.875000 -20.000000 -252.224337
v 2.083333 -20.000000 -252.224337
v 2.291667 -20.000000 -252.224337
v 2.500000 -20.000000 -252.224337
v 2.708333 -20.000000 -252.224337
v 2.916667 -20.000000 -252.224337
v 3.125000 -20.000000 -252.224337
v 3.333333 -20.000000 -252.224337
v 3.541667 -20.000000 -252.224337
v 3.750000 -20.000000 -252.224337
v 3.958333 -20.000000 -252.224337
v 4.166667 -20.000000 -252.224337
v 4.375000 -20.000000 -252.224337
v 4.583333 -20.000000 -252.224337
v 4.791667 -20.000000 -252.224337
v 5.000000 -20.000000 -252.224337
v -5.000000 -20.000000 -243.526946
v -4.791667 -20.000000 -243.526946
v -4.583333 -20.000000 -243.526946
v -4.375000 -20.000000 -243.526946
v -4.166667 -20.000000 -243.526946
v -3.958333 -20.000000 -243.526946
v -3.750000 -20.000000 -243.526946
v -3.541667 -20.000000 -243.526946
v -3.333333 -20.000000 -243.526946
v -3.125000 -20.000000 -243.526946
v -2.916667 -20.000000 -243.526946
v -2.708333 -20.000000 -243.526946
v -2.500000 -20.000000 -243.526946
v -2.291667 -20.000000 -243.526946
v -2.083333 -20.000000 -243.526946
v -1.875000 -20.000000 -243.526946
v -1.666667 -20.000000 -243.526946
v -1.458333 -20.000000 -243.526946
v -1.250000 -20.000000 -243.526946
v -1.041667 -20.000000 -243.526946
v -0.833333 -20.000000 -243.526946
v -0.625000 -20.000000 -243.526946
v -0.416667 -20.000000 -243.526946
v -0.208333 -20.000000 -243.526946
v 0.000000 -20.000000 -243.526946
v 0.208333 -20.000000 -243.526946
v 0.416667 -20.000000 -243.526946
v 0.625000 -20.000000 -243.526946
v 0.833333 -20.000000 -243.526946
v 1.041667 -20.000000 -243.526946
v 1.250000 -20.000000 -243.526946
v 1.458333 -20.000000 -243.526946
v 1.666667 -20.000000 -243.526946
v 1.875000 -20.000000 -243.526946
v 2.083333 -20.000000 -243.526946
v 2.291667 -20.000000 -243.526946
v 2.500000 -20.000000 -243.526946
v 2.708333 -20.000000 -243.526946
v 2.916667 -20.000000 -243.526946
v 3.125000 -20.000000 -243.526946
v 3.333333 -20.000000 -243.526946
v 3.541667 -20.000000 -243.526946
v 3.750000 -20.000000 -243.526946
v 3.958333 -20.000000 -243.526946
v 4.166667 -20.000000 -243.526946
v 4.375000 -20.000000 -243.526946
v 4.583333 -20.000000 -243.526946
v 4.791667 -20.000000 -243.526946
v 5.000000 -20.000000 -243.526946
v -5.000000 -20.000000 -234.829555
v -4.791667 -20.000000 -234.829555
v -4.583333 -20.000000 -234.829555
v -4.375000 -20.000000 -234.829555
v -4.166667 -20.000000 -234.829555
v -3.958333 -20.000000 -234.829555
v -3.750000 -20.000000 -234.829555
v -3.541667 -20.000000 -234.829555
v -3.333333 -20.000000 -234.829555
v -3.125000 -20.000000 -234.829555
v -2.916667 -20.000000 -234.829555
v -2.708333 -20.000000 -234.829555
v -2.500000 -20.000000 -234.829555
v -2.291667 -20.000000 -234.829555
v -2.083333 -20.000000 -234.829555
v -1.875000 -20.000000 -234.829555
v -1.666667 -20.000000 -234.829555
v -1.458333 -20.000000 -234.829555
v -1.250000 -20.000000 -234.829555
v -1.041667 -20.000000 -234.829555
v -0.833333 -20.000000 -234.829555
v -0.625000 -20.000000 -234.829555
v -0.416667 -20.000000 -234.829555
v -0.208333 -20.000000 -234.829555
v 0.000000 -20.000000 -234.829555
v 0.208333 -20.000000 -234.829555
v 0.416667 -20.000000 -234.829555
v 0.625000 -20.000000 -234.829555
v 0.833333 -20.000000 -234.829555
v 1.041667 -20.000000 -234.829555
v 1.250000 -20.000000 -234.829555
v 1.458333 -20.000000 -234.829555
v 1.666667 -20.000000 -234.829555
v 1.875000 -20.000000 -234.829555
v 2.083333 -20.000000 -234.829555
v 2.291667 -20.000000 -234.829555
v 2.500000 -20.000000 -234.829555
v 2.708333 -20.000000 -234.829555
v 2.916667 -20.000000 -234.829555
v 3.125000 -20.000000 -234.829555
v 3.333333 -20.000000 -234.829555
v 3.541667 -20.000000 -234.829555
v 3.750000 -20.000000 -234.829555
v 3.958333 -20.000000 -234.829555
v 4.166667 -20.000000 -234.829555
v 4.375000 -20.000000 -234.829555
v 4.583333 -20.000000 -234.829555
v 4.791667 -20.000000 -234.829555
v 5.000000 -20.000000 -234.829555
v -5.000000 -20.000000 -226.132164
v -4.791667 -20.000000 -226.132164
v -4.583333 -20.000000 -226.132164
v -4.375000 -20.000000 -226.132164
v -4.166667 -20.000000 -226.132164
v -3.958333 -20.000000 -226.132164
v -3.750000 -20.000000 -226.132164
v -3.541667 -20.000000 -226.132164
v -3.333333 -20.000000 -226.132164
v -3.125000 -20.000000 -226.132164
v -2.916667 -20.000000 -226.132164
v -2.708333 -20.000000 -226.132164
v -2.500000 -20.000000 -226.132164
v -2.291667 -20.000000 -226.132164
v -2.083333 -20.000000 -226.132164
v -1.875000 -20.000000 -226.132164
v -1.666667 -20.000000 -226.132164
v -1.458333 -20.000000 -226.132164
v -1.250000 -20.000000 -226.132164
v -1.041667 -20.000000 -226.132164
v -0.833333 -20.000000 -226.132164
v -0.625000 -20.000000 -226.132164
v -0.416667 -20.000000 -226.132164
v -0.208333 -20.000000 -226.132164
v 0.000000 -20.000000 -226.132164
v 0.208333 -20.000000 -226.132164
v 0.416667 -20.000000 -226.132164
v 0.625000 -20.000000 -226.132164
v 0.833333 -20.000000 -226.132164
v 1.041667 -20.000000 -226.132164
v 1.250000 -20.000000 -226.132164
v 1.458333 -20.000000 -226.132164
v 1.666667 -20.000000 -226.132164
v 1.875000 -20.000000 -226.132164
v 2.083333 -20.000000 -226.132164
v 2.291667 -20.000000 -226.132164
v 2.500000 -20.000000 -226.132164
v 2.708333 -20.000000 -226.132164
v 2.916667 -20.000000 -226.132164
v 3.125000 -20.000000 -226.132164
v 3.333333 -20.000000 -226.132164
v 3.541667 -20.000000 -226.132164
v 3.750000 -20.000000 -226.132164
v 3.958333 -20.000000 -226.132164
v 4.166667 -20.000000 -226.132164
v 4.375000 -20.000000 -226.132164
v 4.583333 -20.000000 -226.132164
v 4.791667 -20.000000 -226.132164
v 5.000000 -20.000000 -226.132164
v -5.000000 -20.000000 -217.434773
v -4.791667 -20.000000 -217.434773
v -4.583333 -20.000000 -217.434773
v -4.375000 -20.000000 -217.434773
v -4.166667 -20.000000 -217.434773
v -3.958333 -20.000000 -217.434773
v -3.750000 -20.000000 -217.434773
v -3.541667 -20.000000 -217.434773
v -3.333333 -20.000000 -217.434773
v -3.125000 -20.000000 -217.434773
v -2.916667 -20.000000 -217.434773
v -2.708333 -20.000000 -217.434773
v -2.500000 -20.000000 -217.434773
v -2.291667 -20.000000 -217.434773
v -2.083333 -20.000000 -217.434773
v -1.875000 -20.000000 -217.434773
v -1.666667 -20.000000 -217.434773
v -1.458333 -20.000000 -217.434773
v -1.250000 -20.000000 -217.434773
v -1.041667 -20.000000 -217.434773
v -0.833333 -20.000000 -217.434773
v -0.625000 -20.000000 -217.434773
v -0.416667 -20.000000 -217.434773
v -0.208333 -20.000000 -217.434773
v 0.000000 -20.000000 -217.434773
v 0.208333 -20.000000 -217.434773
v 0.416667 -20.000000 -217.434773
v 0.625000 -20.000000 -217.434773
v 0.833333 -20.000000 -217.434773
v 1.041667 -20.000000 -217.434773
v 1.250000 -20.000000 -217.434773
v 1.458333 -20.000000 -217.434773
v 1.666667 -20.000000 -217.434773
v 1.875000 -20.000000 -217.434773
v 2.083333 -20.000000 -217.434773
v 2.291667 -20.000000 -217.434773
v 2.500000 -20.000000 -217.434773
v 2.708333 -20.000000 -217.434773
v 2.916667 -20.000000 -217.434773
v 3.125000 -20.000000 -217.434773
v 3.333333 -20.000000 -217.434773
v 3.541667 -20.000000 -217.434773
v 3.750000 -20.000000 -217.434773
v 3.958333 -20.000000 -217.434773
v 4.166667 -20.000000 -217.434773
v 4.375000 -20.000000 -217.434773
v 4.583333 -20.000000 -217.434773
v 4.791667 -20.000000 -217.434773
v 5.000000 -20.000000 -217.434773
v -5.000000 -20.000000 -208.737383
v -4.791667 -20.000000 -208.737383
v -4.583333 -20.000000 -208.737383
v -4.375000 -20.000000 -208.737383
v -4.166667 -20.000000 -208.737383
v -3.958333 -20.000000 -208.737383
v -3.750000 -20.000000 -208.737383
v -3.541667 -20.000000 -208.737383
v -3.333333 -20.000000 -208.737383
v -3.125000 -20.000000 -208.737383
v -2.916667 -20.000000 -208.737383
v -2.708333 -20.000000 -208.737383
v -2.500000 -20.000000 -208.737383
v -2.291667 -20.000000 -208.737383
v -2.083333 -20.000000 -208.737383
v -1.875000 -20.000000 -208.737383
v -1.666667 -20.000000 -208.737383
v -1.458333 -20.000000 -208.737383
v -1.250000 -20.000000 -208.737383
v -1.041667 -20.000000 -208.737383
v -0.833333 -20.000000 -208.737383
v -0.625000 -20.000000 -208.737383
v -0.416667 -20.000000 -208.737383
v -0.208333 -20.000000 -208.737383
v 0.000000 -20.000000 -208.737383
v 0.208333 -20.000000 -208.737383
v 0.416667 -20.000000 -208.737383
v 0.625000 -20.000000 -208.737383
v 0.833333 -20.000000 -208.737383
v 1.041667 -20.000000 -208.737383
v 1.250000 -20.000000 -208.737383
v 1.458333 -20.000000 -208.737383
v 1.666667 -20.000000 -208.737383
v 1.875000 -20.000000 -208.737383
v 2.083333 -20.000000 -208.737383
v 2.291667 -20.000000 -208.737383
v 2.500000 -20.000000 -208.737383
v 2.708333 -20.000000 -208.737383
v 2.916667 -20.000000 -208.737383
v 3.125000 -20.000000 -208.737383
v 3.333333 -20.000000 -208.737383
v 3.541667 -20.000000 -208.737383
v 3.750000 -20.000000 -208.737383
v 3.958333 -20.000000 -208.737383
v 4.166667 -20.000000 -208.737383
v 4.375000 -20.000000 -208.737383
v 4.583333 -20.000000 -208.737383
v 4.791667 -20.000000 -208.737383
v 5.000000 -20.000000 -208.737383
v -5.000000 -20.000000 -200.039992
v -4.791667 -20.000000 -200.039992
v -4.583333 -20.000000 -200.039992
v -4.375000 -20.000000 -200.039992
v -4.166667 -20.000000 -200.039992
v -3.958333 -20.000000 -200.039992
v -3.750000 -20.000000 -200.039992
v -3.541667 -20.000000 -200.039992
v -3.333333 -20.000000 -200.039992
v -3.125000 -20.000000 -200.039992
v -2.916667 -20.000000 -200.039992
v -2.708333 -20.000000 -200.039992
v -2.500000 -20.000000 -200.039992
v -2.291667 -20.000000 -200.039992
v -2.083333 -20.000000 -200.039992
v -1.875000 -20.000000 -200.039992
v -1.666667 -20.000000 -200.039992
v -1.458333 -20.000000 -200.039992
v -1.250000 -20.000000 -200.039992
v -1.041667 -20.000000 -200.039992
v -0.833333 -20.000000 -200.039992
v -0.625000 -20.000000 -200.039992
v -0.416667 -20.000000 -200.039992
v -0.208333 -20.000000 -200.039992
v 0.000000 -20.000000 -200.039992
v 0.208333 -20.000000 -200.039992
v 0.416667 -20.000000 -200.039992
v 0.625000 -20.000000 -200.039992
v 0.833333 -20.000000 -200.039992
v 1.041667 -20.000000 -200.039992
v 1.250000 -20.000000 -200.039992
v 1.458333 -20.000000 -200.039992
v 1.666667 -20.000000 -200.039992
v 1.875000 -20.000000 -200.039992
v 2.083333 -20.000000 -200.039992
v 2.291667 -20.000000 -200.039992
v 2.500000 -20.000000 -200.039992
v 2.708333 -20.000000 -200.039992
v 2.916667 -20.000000 -200.039992
v 3.125000 -20.000000 -200.039992
v 3.333333 -20.000000 -200.039992
v 3.541667 -20.000000 -200.039992
v 3.750000 -20.000000 -200.039992
v 3.958333 -20.000000 -200.039992
v 4.166667 -20.000000 -200.039992
v 4.375000 -20.000000 -200.039992
v 4.583333 -20.000000 -200.039992
v 4.791667 -20.000000 -200.039992
v 5.000000 -20.000000 -200.039992
v -5.000000 -20.000000 -191.342601
v -4.791667 -20.000000 -191.342601
v -4.583333 -20.000000 -191.342601
v -4.375000 -20.000000 -191.342601
v -4.166667 -20.000000 -191.342601
v -3.958333 -20.000000 -191.342601
v -3.750000 -20.000000 -191.342601
v -3.541667 -20.000000 -191.342601
v -3.333333 -20.000000 -191.342601
v -3.125000 -20.000000 -191.342601
v -2.916667 -20.000000 -191.342601
v -2.708333 -20.000000 -191.342601
v -2.500000 -20.000000 -191.342601
v -2.291667 -20.000000 -191.342601
v -2.083333 -20.000000 -191.342601
v -1.875000 -20.000000 -191.342601
v -1.666667 -20.000000 -191.342601
v -1.458333 -20.000000 -191.342601
v -1.250000 -20.000000 -191.342601
v -1.041667 -20.000000 -191.342601
v -0.833333 -20.000000 -191.342601
v -0.625000 -20.000000 -191.342601
v -0.416667 -20.000000 -191.342601
v -0.208333 -20.000000 -191.342601
v 0.000000 -20.000000 -191.342601
v 0.208333 -20.000000 -191.342601
v 0.416667 -20.000000 -191.342601
v 0.625000 -20.000000 -191.342601
v 0.833333 -20.000000 -191.342601
v 1.041667 -20.000000 -191.342601
v 1.250000 -20.000000 -191.342601
v 1.458333 -20.000000 -191.342601
v 1.666667 -20.000000 -191.342601
v 1.875000 -20.000000 -191.342601
v 2.083333 -20.000000 -191.342601
v 2.291667 -20.000000 -191.342601
v 2.500000 -20.000000 -191.342601
v 2.708333 -20.000000 -191.342601
v 2.916667 -20.000000 -191.342601
v 3.125000 -20.000000 -191.342601
v 3.333333 -20.000000 -191.342601
v 3.541667 -20.000000 -191.342601
v 3.750000 -20.000000 -191.342601
v 3.958333 -20.000000 -191.342601
v 4.166667 -20.000000 -191.342601
v 4.375000 -20.000000 -191.342601
v 4.583333 -20.000000 -191.342601
v 4.791667 -20.000000 -191.342601
v 5.000000 -20.000000 -191.342601
v -5.000000 -20.000000 -182.645210
v -4.791667 -20.000000 -182.645210
v -4.583333 -20.000000 -182.645210
v -4.375000 -20.000000 -182.645210
v -4.166667 -20.000000 -182.645210
v -3.958333 -20.000000 -182.645210
v -3.750000 -20.000000 -182.645210
v -3.541667 -20.000000 -182.645210
v -3.333333 -20.000000 -182.645210
v -3.125000 -20.000000 -182.645210
v -2.916667 -20.000000 -182.645210
v -2.708333 -20.000000 -182.645210
v -2.500000 -20.000000 -182.645210
v -2.291667 -20.000000 -182.645210
v -2.083333 -20.000000 -182.645210
v -1.875000 -20.000000 -182.645210
v -1.666667 -20.000000 -182.645210
v -1.458333 -20.000000 -182.645210
v -1.250000 -20.000000 -182.645210
v -1.041667 -20.000000 -182.645210
v -0.833333 -20.000000 -182.645210
v -0.625000 -20.000000 -182.645210
v -0.416667 -20.000000 -182.645210
v -0.208333 -20.000000 -182.645210
v 0.000000 -20.000000 -182.645210
v 0.208333 -20.000000 -182.645210
v 0.416667 -20.000000 -182.645210
v 0.625000 -20.000000 -182.645210
v 0.833333 -20.000000 -182.645210
v 1.041667 -20.000000 -182.645210
v 1.250000 -20.000000 -182.645210
v 1.458333 -20.000000 -182.645210
v 1.666667 -20.000000 -182.645210
v 1.875000 -20.000000 -182.645210
v 2.083333 -20.000000 -182.645210
v 2.291667 -20.000000 -182.645210
v 2.500000 -20.000000 -182.645210
v 2.708333 -20.000000 -182.645210
v 2.916667 -20.000000 -182.645210
v 3.125000 -20.000000 -182.645210
v 3.333333 -20.000000 -182.645210
v 3.541667 -20.000000 -182.645210
v 3.750000 -20.000000 -182.645210
v 3.958333 -20.000000 -182.645210
v 4.166667 -20.000000 -182.645210
v 4.375000 -20.000000 -182.645210
v 4.583333 -20.000000 -182.645210
v 4.791667 -20.000000 -182.645210
v 5.000000 -20.000000 -182.645210
v -5.000000 -20.000000 -173.947819
v -4.791667 -20.000000 -173.947819
v -4.583333 -20.000000 -173.947819
v -4.375000 -20.000000 -173.947819
v -4.166667 -20.000000 -173.947819
v -3.958333 -20.000000 -173.947819
v -3.750000 -20.000000 -173.947819
v -3.541667 -20.000000 -173.947819
v -3.333333 -20.000000 -173.947819
v -3.125000 -20.000000 -173.947819
v -2.916667 -20.000000 -173.947819
v -2.708333 -20.000000 -173.947819
v -2.500000 -20.000000 -173.947819
v -2.291667 -20.000000 -173.947819
v -2.083333 -20.000000 -173.947819
v -1.875000 -20.000000 -173.947819
v -1.666667 -20.000000 -173.947819
v -1.458333 -20.000000 -173.947819
v -1.250000 -20.000000 -173.947819
v -1.041667 -20.000000 -173.947819
v -0.833333 -20.000000 -173.947819
v -0.625000 -20.000000 -173.947819
v -0.416667 -20.000000 -173.947819
v -0.208333 -20.000000 -173.947819
v 0.000000 -20.000000 -173.947819
v 0.208333 -20.000000 -173.947819
v 0.416667 -20.000000 -173.947819
v 0.625000 -20.000000 -173.947819
v 0.833333 -20.000000 -173.947819
v 1.041667 -20.000000 -173.947819
v 1.250000 -20.000000 -173.947819
v 1.458333 -20.000000 -173.947819
v 1.666667 -20.000000 -173.947819
v 1.875000 -20.000000 -173.947819
v 2.083333 -20.000000 -173.947819
v 2.291667 -20.000000 -173.947819
v 2.500000 -20.000000 -173.947819
v 2.708333 -20.000000 -173.947819
v 2.916667 -20.000000 -173.947819
v 3.125000 -20.000000 -173.947819
v 3.333333 -20.000000 -173.947819
v 3.541667 -20.000000 -173.947819
v 3.750000 -20.000000 -173.947819
v 3.958333 -20.000000 -173.947819
v 4.166667 -20.000000 -173.947819
v 4.375000 -20.000000 -173.947819
v 4.583333 -20.000000 -173.947819
v 4.791667 -20.000000 -173.947819
v 5.000000 -20.000000 -173.947819
v -5.000000 -20.000000 -165.250428
v -4.791667 -20.000000 -165.250428
v -4.583333 -20.000000 -165.250428
v -4.375000 -20.000000 -165.250428
v -4.166667 -20.000000 -165.250428
v -3.958333 -20.000000 -165.250428
v -3.750000 -20.000000 -165.250428
v -3.541667 -20.000000 -165.250428
v -3.333333 -20.000000 -165.250428
v -3.125000 -20.000000 -165.250428
v -2.916667 -20.000000 -165.250428
v -2.708333 -20.000000 -165.250428
v -2.500000 -20.000000 -165.250428
v -2.291667 -20.000000 -165.250428
v -2.083333 -20.000000 -165.250428
v -1.875000 -20.000000 -165.250428
v -1.666667 -20.000000 -165.250428
v -1.458333 -20.000000 -165.250428
v -1.250000 -20.000000 -165.250428
v -1.041667 -20.000000 -165.250428
v -0.833333 -20.000000 -165.250428
v -0.625000 -20.000000 -165.250428
v -0.416667 -20.000000 -165.250428
v -0.208333 -20.000000 -165.250428
v 0.000000 -20.000000 -165.250428
v 0.208333 -20.000000 -165.250428
v 0.416667 -20.000000 -165.250428
v 0.625000 -20.000000 -165.250428
v 0.833333 -20.000000 -165.250428
v 1.041667 -20.000000 -165.250428
v 1.250000 -20.000000 -165.250428
v 1.458333 -20.000000 -165.250428
v 1.666667 -20.000000 -165.250428
v 1.875000 -20.000000 -165.250428
v 2.083333 -20.000000 -165.250428
v 2.291667 -20.000000 -165.250428
v 2.500000 -20.000000 -165.250428
v 2.708333 -20.000000 -165.250428
v 2.916667 -20.000000 -165.250428
v 3.125000 -20.000000 -165.250428
v 3.333333 -20.000000 -165.250428
v 3.541667 -20.000000 -165.250428
v 3.750000 -20.000000 -165.250428
v 3.958333 -20.000000 -165.250428
v 4.166667 -20.000000 -165.250428
v 4.375000 -20.000000 -165.250428
v 4.583333 -20.000000 -165.250428
v 4.791667 -20.000000 -165.250428
v 5.000000 -20.000000 -165.250428
v -5.000000 -20.000000 -156.553037
v -4.791667 -20.000000 -156.553037
v -4.583333 -20.000000 -156.553037
v -4.375000 -20.000000 -156.553037
v -4.166667 -20.000000 -156.553037
v -3.958333 -20.000000 -156.553037
v -3.750000 -20.000000 -156.553037
v -3.541667 -20.000000 -156.553037
v -3.333333 -20.000000 -156.553037
v -3.125000 -20.000000 -156.553037
v -2.916667 -20.000000 -156.553037
v -2.708333 -20.000000 -156.553037
v -2.500000 -20.000000 -156.553037
v -2.291667 -20.000000 -156.553037
v -2.083333 -20.000000 -156.553037
v -1.875000 -20.000000 -156.553037
v -1.666667 -20.000000 -156.553037
v -1.458333 -20.000000 -156.553037
v -1.250000 -20.000000 -156.553037
v -1.041667 -20.000000 -156.553037
v -0.833333 -20.000000 -156.553037
v -0.625000 -20.000000 -156.553037
v -0.416667 -20.000000 -156.553037
v -0.208333 -20.000000 -156.553037
v 0.000000 -20.000000 -156.553037
v 0.208333 -20.000000 -156.553037
v 0.416667 -20.000000 -156.553037
v 0.625000 -20.000000 -156.553037
v 0.833333 -20.000000 -156.553037
v 1.041667 -20.000000 -156.553037
v 1.250000 -20.000000 -156.553037
v 1.458333 -20.000000 -156.553037
v 1.666667 -20.000000 -156.553037
v 1.875000 -20.000000 -156.553037
v 2.083333 -20.000000 -156.553037
v 2.291667 -20.000000 -156.553037
v 2.500000 -20.000000 -156.553037
v 2.708333 -20.000000 -156.553037
v 2.916667 -20.000000 -156.553037
v 3.125000 -20.000000 -156.553037
v 3.333333 -20.000000 -156.553037
v 3.541667 -20.000000 -156.553037
v 3.750000 -20.000000 -156.553037
v 3.958333 -20.000000 -156.553037
v 4.166667 -20.000000 -156.553037
v 4.375000 -20.000000 -156.553037
v 4.583333 -20.000000 -156.553037
v 4.791667 -20.000000 -156.553037
v 5.000000 -20.000000 -156.553037
v -5.000000 -20.000000 -147.855646
v -4.791667 -20.000000 -147.855646
v -4.583333 -20.000000 -147.855646
v -4.375000 -20.000000 -147.855646
v -4.166667 -20.000000 -147.855646
v -3.958333 -20.000000 -147.855646
v -3.750000 -20.000000 -147.855646
v -3.541667 -20.000000 -147.855646
v -3.333333 -20.000000 -147.855646
v -3.125000 -20.000000 -147.855646
v -2.916667 -20.000000 -147.855646
v -2.708333 -20.000000 -147.855646
v -2.500000 -20.000000 -147.855646
v -2.291667 -20.000000 -147.855646
v -2.083333 -20.000000 -147.855646
v -1.875000 -20.000000 -147.855646
v -1.666667 -20.000000 -147.855646
v -1.458333 -20.000000 -147.855646
v -1.250000 -20.000000 -147.855646
v -1.041667 -20.000000 -147.855646
v -0.833333 -20.000000 -147.855646
v -0.625000 -20.000000 -147.855646
v -0.416667 -20.000000 -147.855646
v -0.208333 -20.000000 -147.855646
v 0.000000 -20.000000 -147.855646
v 0.208333 -20.000000 -147.855646
v 0.416667 -20.000000 -147.855646
v 0.625000 -20.000000 -147.855646
v 0.833333 -20.000000 -147.855646
v 1.041667 -20.000000 -147.855646
v 1.250000 -20.000000 -147.855646
v 1.458333 -20.000000 -147.855646
v 1.666667 -20.000000 -147.855646
v 1.875000 -20.000000 -147.855646
v 2.083333 -20.000000 -147.855646
v 2.291667 -20.000000 -147.855646
v 2.500000 -20.000000 -147.855646
v 2.708333 -20.000000 -147.855646
v 2.916667 -20.000000 -147.855646
v 3.125000 -20.000000 -147.855646
v 3.333333 -20.000000 -147.855646
v 3.541667 -20.000000 -147.855646
v 3.750000 -20.000000 -147.855646
v 3.958333 -20.000000 -147.855646
v 4.166667 -20.000000 -147.855646
v 4.375000 -20.000000 -147.855646
v 4.583333 -20.000000 -147.855646
v 4.791667 -20.000000 -147.855646
v 5.000000 -20.000000 -147.855646
v -5.000000 -20.000000 -139.158255
v -4.791667 -20.000000 -139.158255
v -4.583333 -20.000000 -139.158255
v -4.375000 -20.000000 -139.158255
v -4.166667 -20.000000 -139.158255
v -3.958333 -20.000000 -139.158255
v -3.750000 -20.000000 -139.158255
v -3.541667 -20.000000 -139.158255
v -3.333333 -20.000000 -139.158255
v -3.125000 -20.000000 -139.158255
v -2.916667 -20.000000 -139.158255
v -2.708333 -20.000000 -139.158255
v -2.500000 -20.000000 -139.158255
v -2.291667 -20.000000 -139.158255
v -2.083333 -20.000000 -139.158255
v -1.875000 -20.000000 -139.158255
v -1.666667 -20.000000 -139.158255
v -1.458333 -20.000000 -139.158255
v -1.250000 -20.000000 -139.158255
v -1.041667 -20.000000 -139.158255
v -0.833333 -20.000000 -139.158255
v -0.625000 -20.000000 -139.158255
v -0.416667 -20.000000 -139.158255
v -0.208333 -20.000000 -139.158255
v 0.000000 -20.000000 -139.158255
v 0.208333 -20.000000 -139.158255
v 0.416667 -20.000000 -139.158255
v 0.625000 -20.000000 -139.158255
v 0.833333 -20.000000 -139.158255
v 1.041667 -20.000000 -139.158255
v 1.250000 -20.000000 -139.158255
v 1.458333 -20.000000 -139.158255
v 1.666667 -20.000000 -139.158255
v 1.875000 -20.000000 -139.158255
v 2.083333 -20.000000 -139.158255
v 2.291667 -20.000000 -139.158255
v 2.500000 -20.000000 -139.158255
v 2.708333 -20.000000 -139.158255
v 2.916667 -20.000000 -139.158255
v 3.125000 -20.000000 -139.158255
v 3.333333 -20.000000 -139.158255
v 3.541667 -20.000000 -139.158255
v 3.750000 -20.000000 -139.158255
v 3.958333 -20.000000 -139.158255
v 4.166667 -20.000000 -139.158255
v 4.375000 -20.000000 -139.158255
v 4.583333 -20.000000 -139.158255
v 4.791667 -20.000000 -139.158255
v 5.000000 -20.000000 -139.158255
v -5.000000 -20.000000 -130.460864
v -4.791667 -20.000000 -130.460864
v -4.583333 -20.000000 -130.460864
v -4.375000 -20.000000 -130.460864
v -4.166667 -20.000000 -130.460864
v -3.958333 -20.000000 -130.460864
v -3.750000 -20.000000 -130.460864
v -3.541667 -20.000000 -130.460864
v -3.333333 -20.000000 -130.460864
v -3.125000 -20.000000 -130.460864
v -2.916667 -20.000000 -130.460864
v -2.708333 -20.000000 -130.460864
v -2.500000 -20.000000 -130.460864
v -2.291667 -20.000000 -130.460864
v -2.083333 -20.000000 -130.460864
v -1.875000 -20.000000 -130.460864
v -1.666667 -20.000000 -130.460864
v -1.458333 -20.000000 -130.460864
v -1.250000 -20.000000 -130.460864
v -1.041667 -20.000000 -130.460864
v -0.833333 -20.000000 -130.460864
v -0.625000 -20.000000 -130.460864
v -0.416667 -20.000000 -130.460864
v -0.208333 -20.000000 -130.460864
v 0.000000 -20.000000 -130.460864
v 0.208333 -20.000000 -130.460864
v 0.416667 -20.000000 -130.460864
v 0.625000 -20.000000 -130.460864
v 0.833333 -20.000000 -130.460864
v 1.041667 -20.000000 -130.460864
v 1.250000 -20.000000 -130.460864
v 1.458333 -20.000000 -130.460864
v 1.666667 -20.000000 -130.460864
v 1.875000 -20.000000 -130.460864
v 2.083333 -20.000000 -130.460864
v 2.291667 -20.000000 -130.460864
v 2.500000 -20.000000 -130.460864
v 2.708333 -20.000000 -130.460864
v 2.916667 -20.000000 -130.460864
v 3.125000 -20.000000 -130.460864
v 3.333333 -20.000000 -130.460864
v 3.541667 -20.000000 -130.460864
v 3.750000 -20.000000 -130.460864
v 3.958333 -20.000000 -130.460864
v 4.166667 -20.000000 -130.460864
v 4.375000 -20.000000 -130.460864
v 4.583333 -20.000000 -130.460864
v 4.791667 -20.000000 -130.460864
v 5.000000 -20.000000 -130.460864
v -5.000000 -20.000000 -121.763473
v -4.791667 -20.000000 -121.763473
v -4.583333 -20.000000 -121.763473
v -4.375000 -20.000000 -121.763473
v -4.166667 -20.000000 -121.763473
v -3.958333 -20.000000 -121.763473
v -3.750000 -20.000000 -121.763473
v -3.541667 -20.000000 -121.763473
v -3.333333 -20.000000 -121.763473
v -3.125000 -20.000000 -121.763473
v -2.916667 -20.000000 -121.763473
v -2.708333 -20.000000 -121.763473
v -2.500000 -20.000000 -121.763473
v -2.291667 -20.000000 -121.763473
v -2.083333 -20.000000 -121.763473
v -1.875000 -20.000000 -121.763473
v -1.666667 -20.000000 -121.763473
v -1.458333 -20.000000 -121.763473
v -1.250000 -20.000000 -121.763473
v -1.041667 -20.000000 -121.763473
v -0.833333 -20.000000 -121.763473
v -0.625000 -20.000000 -121.763473
v -0.416667 -20.000000 -121.763473
v -0.208333 -20.000000 -121.763473
v 0.000000 -20.000000 -121.763473
v 0.208333 -20.000000 -121.763473
v 0.416667 -20.000000 -121.763473
v 0.625000 -20.000000 -121.763473
v 0.833333 -20.000000 -121.763473
v 1.041667 -20.000000 -121.763473
v 1.250000 -20.000000 -121.763473
v 1.458333 -20.000000 -121.763473
v 1.666667 -20.000000 -121.763473
v 1.875000 -20.000000 -121.763473
v 2.083333 -20.000000 -121.763473
v 2.291667 -20.000000 -121.763473
v 2.500000 -20.000000 -121.763473
v 2.708333 -20.000000 -121.763473
v 2.916667 -20.000000 -121.763473
v 3.125000 -20.000000 -121.763473
v 3.333333 -20.000000 -121.763473
v 3.541667 -20.000000 -121.763473
v 3.750000 -20.000000 -121.763473
v 3.958333 -20.000000 -121.763473
v 4.166667 -20.000000 -121.763473
v 4.375000 -20.000000 -121.763473
v 4.583333 -20.000000 -121.763473
v 4.791667 -20.000000 -121.763473
v 5.000000 -20.000000 -121.763473
v -5.000000 -20.000000 -113.066082
v -4.791667 -20.000000 -113.066082
v -4.583333 -20.000000 -113.066082
v -4.375000 -20.000000 -113.066082
v -4.166667 -20.000000 -113.066082
v -3.958333 -20.000000 -113.066082
v -3.750000 -20.000000 -113.066082
v -3.541667 -20.000000 -113.066082
v -3.333333 -20.000000 -113.066082
v -3.125000 -20.000000 -113.066082
v -2.916667 -20.000000 -113.066082
v -2.708333 -20.000000 -113.066082
v -2.500000 -20.000000 -113.066082
v -2.291667 -20.000000 -113.066082
v -2.083333 -20.000000 -113.066082
v -1.875000 -20.000000 -113.066082
v -1.666667 -20.000000 -113.066082
v -1.458333 -20.000000 -113.066082
v -1.250000 -20.000000 -113.066082
v -1.041667 -20.000000 -113.066082
v -0.833333 -20.000000 -113.066082
v -0.625000 -20.000000 -113.066082
v -0.416667 -20.000000 -113.066082
v -0.208333 -20.000000 -113.066082
v 0.000000 -20.000000 -113.066082
v 0.208333 -20.000000 -113.066082
v 0.416667 -20.000000 -113.066082
v 0.625000 -20.000000 -113.066082
v 0.833333 -20.000000 -113.066082
v 1.041667 -20.000000 -113.066082
v 1.250000 -20.000000 -113.066082
v 1.458333 -20.000000 -113.066082
v 1.666667 -20.000000 -113.066082
v 1.875000 -20.000000 -113.066082
v 2.083333 -20.000000 -113.066082
v 2.291667 -20.000000 -113.066082
v 2.500000 -20.000000 -113.066082
v 2.708333 -20.000000 -113.066082
v 2.916667 -20.000000 -113.066082
v 3.125000 -20.000000 -113.066082
v 3.333333 -20.000000 -113.066082
v 3.541667 -20.000000 -113.066082
v 3.750000 -20.000000 -113.066082
v 3.958333 -20.000000 -113.066082
v 4.166667 -20.000000 -113.066082
v 4.375000 -20.000000 -113.066082
v 4.583333 -20.000000 -113.066082
v 4.791667 -20.000000 -113.066082
v 5.000000 -20.000000 -113.066082
v -5.000000 -20.000000 -104.368691
v -4.791667 -20.000000 -104.368691
v -4.583333 -20.000000 -104.368691
v -4.375000 -20.000000 -104.368691
v -4.166667 -20.000000 -104.368691
v -3.958333 -20.000000 -104.368691
v -3.750000 -20.000000 -104.368691
v -3.541667 -20.000000 -104.368691
v -3.333333 -20.000000 -104.368691
v -3.125000 -20.000000 -104.368691
v -2.916667 -20.000000 -104.368691
v -2.708333 -20.000000 -104.368691
v -2.500000 -20.000000 -104.368691
v -2.291667 -20.000000 -104.368691
v -2.083333 -20.000000 -104.368691
v -1.875000 -20.000000 -104.368691
v -1.666667 -20.000000 -104.368691
v -1.458333 -20.000000 -104.368691
v -1.250000 -20.000000 -104.368691
v -1.041667 -20.000000 -104.368691
v -0.833333 -20.000000 -104.368691
v -0.625000 -20.000000 -104.368691
v -0.416667 -20.000000 -104.368691
v -0.208333 -20.000000 -104.368691
v 0.000000 -20.000000 -104.368691
v 0.208333 -20.000000 -104.368691
v 0.416667 -20.000000 -104.368691
v 0.625000 -20.000000 -104.368691
v 0.833333 -20.000000 -104.368691
v 1.041667 -20.000000 -104.368691
v 1.250000 -20.000000 -104.368691
v 1.458333 -20.000000 -104.368691
v 1.666667 -20.000000 -104.368691
v 1.875000 -20.000000 -104.368691
v 2.083333 -20.000000 -104.368691
v 2.291667 -20.000000 -104.368691
v 2.500000 -20.000000 -104.368691
v 2.708333 -20.000000 -104.368691
v 2.916667 -20.000000 -104.368691
v 3.125000 -20.000000 -104.368691
v 3.333333 -20.000000 -104.368691
v 3.541667 -20.000000 -104.368691
v 3.750000 -20.000000 -104.368691
v 3.958333 -20.000000 -104.368691
v 4.166667 -20.000000 -104.368691
v 4.375000 -20.000000 -104.368691
v 4.583333 -20.000000 -104.368691
v 4.791667 -20.000000 -104.368691
v 5.000000 -20.000000 -104.368691
v -5.000000 -20.000000 -95.671300
v -4.791667 -20.000000 -95.671300
v -4.583333 -20.000000 -95.671300
v -4.375000 -20.000000 -95.671300
v -4.166667 -20.000000 -95.671300
v -3.958333 -20.000000 -95.671300
v -3.750000 -20.000000 -95.671300
v -3.541667 -20.000000 -95.671300
v -3.333333 -20.000000 -95.671300
v -3.125000 -20.000000 -95.671300
v -2.916667 -20.000000 -95.671300
v -2.708333 -20.000000 -95.671300
v -2.500000 -20.000000 -95.671300
v -2.291667 -20.000000 -95.671300
v -2.083333 -20.000000 -95.671300
v -1.875000 -20.000000 -95.671300
v -1.666667 -20.000000 -95.671300
v -1.458333 -20.000000 -95.671300
v -1.250000 -20.000000 -95.671300
v -1.041667 -20.000000 -95.671300
v -0.833333 -20.000000 -95.671300
v -0.625000 -20.000000 -95.671300
v -0.416667 -20.000000 -95.671300
v -0.208333 -20.000000 -95.671300
v 0.000000 -20.000000 -95.671300
v 0.208333 -20.000000 -95.671300
v 0.416667 -20.000000 -95.671300
v 0.625000 -20.000000 -95.671300
v 0.833333 -20.000000 -95.671300
v 1.041667 -20.000000 -95.671300
v 1.250000 -20.000000 -95.671300
v 1.458333 -20.000000 -95.671300
v 1.666667 -20.000000 -95.671300
v 1.875000 -20.000000 -95.671300
v 2.083333 -20.000000 -95.671300
v 2.291667 -20.000000 -95.671300
v 2.500000 -20.000000 -95.671300
v 2.708333 -20.000000 -95.671300
v 2.916667 -20.000000 -95.671300
v 3.125000 -20.000000 -95.671300
v 3.333333 -20.000000 -95.671300
v 3.541667 -20.000000 -95.671300
v 3.750000 -20.000000 -95.671300
v 3.958333 -20.000000 -95.671300
v 4.166667 -20.000000 -95.671300
v 4.375000 -20.000000 -95.671300
v 4.583333 -20.000000 -95.671300
v 4.791667 -20.000000 -95.671300
v 5.000000 -20.000000 -95.671300
v -5.000000 -20.000000 -86.973909
v -4.791667 -20.000000 -86.973909
v -4.583333 -20.000000 -86.973909
v -4.375000 -20.000000 -86.973909
v -4.166667 -20.000000 -86.973909
v -3.958333 -20.000000 -86.973909
v -3.750000 -20.000000 -86.973909
v -3.541667 -20.000000 -86.973909
v -3.333333 -20.000000 -86.973909
v -3.125000 -20.000000 -86.973909
v -2.916667 -20.000000 -86.973909
v -2.708333 -20.000000 -86.973909
v -2.500000 -20.000000 -86.973909
v -2.291667 -20.000000 -86.973909
v -2.083333 -20.000000 -86.973909
v -1.875000 -20.000000 -86.973909
v -1.666667 -20.000000 -86.973909
v -1.458333 -20.000000 -86.973909
v -1.250000 -20.000000 -86.973909
v -1.041667 -20.000000 -86.973909
v -0.833333 -20.000000 -86.973909
v -0.625000 -20.000000 -86.973909
v -0.416667 -20.000000 -86.973909
v -0.208333 -20.000000 -86.973909
v 0.000000 -20.000000 -86.973909
v 0.208333 -20.000000 -86.973909
v 0.416667 -20.000000 -86.973909
v 0.625000 -20.000000 -86.973909
v 0.833333 -20.000000 -86.973909
v 1.041667 -20.000000 -86.973909
v 1.250000 -20.000000 -86.973909
v 1.458333 -20.000000 -86.973909
v 1.666667 -20.000000 -86.973909
v 1.875000 -20.000000 -86.973909
v 2.083333 -20.000000 -86.973909
v 2.291667 -20.000000 -86.973909
v 2.500000 -20.000000 -86.973909
v 2.708333 -20.000000 -86.973909
v 2.916667 -20.000000 -86.973909
v 3.125000 -20.000000 -86.973909
v 3.333333 -20.000000 -86.973909
v 3.541667 -20.000000 -86.973909
v 3.750000 -20.000000 -86.973909
v 3.958333 -20.000000 -86.973909
v 4.166667 -20.000000 -86.973909
v 4.375000 -20.000000 -86.973909
v 4.583333 -20.000000 -86.973909
v 4.791667 -20.000000 -86.973909
v 5.000000 -20.000000 -86.973909
v -5.000000 -20.000000 -78.276518
v -4.791667 -20.000000 -78.276518
v -4.583333 -20.000000 -78.276518
v -4.375000 -20.000000 -78.276518
v -4.166667 -20.000000 -78.276518
v -3.958333 -20.000000 -78.276518
v -3.750000 -20.000000 -78.276518
v -3.541667 -20.000000 -78.276518
v -3.333333 -20.000000 -78.276518
v -3.125000 -20.000000 -78.276518
v -2.916667 -20.000000 -78.276518
v -2.708333 -20.000000 -78.276518
v -2.500000 -20.000000 -78.276518
v -2.291667 -20.000000 -78.276518
v -2.083333 -20.000000 -78.276518
v -1.875000 -20.000000 -78.276518
v -1.666667 -20.000000 -78.276518
v -1.458333 -20.000000 -78.276518
v -1.250000 -20.000000 -78.276518
v -1.041667 -20.000000 -78.276518
v -0.833333 -20.000000 -78.276518
v -0.625000 -20.000000 -78.276518
v -0.416667 -20.000000 -78.276518
v -0.208333 -20.000000 -78.276518
v 0.000000 -20.000000 -78.276518
v 0.208333 -20.000000 -78.276518
v 0.416667 -20.000000 -78.276518
v 0.625000 -20.000000 -78.276518
v 0.833333 -20.000000 -78.276518
v 1.041667 -20.000000 -78.276518
v 1.250000 -20.000000 -78.276518
v 1.458333 -20.000000 -78.276518
v 1.666667 -20.000000 -78.276518
v 1.875000 -20.000000 -78.276518
v 2.083333 -20.000000 -78.276518
v 2.291667 -20.000000 -78.276518
v 2.500000 -20.000000 -78.276518
v 2.708333 -20.000000 -78.276518
v 2.916667 -20.000000 -78.276518
v 3.125000 -20.000000 -78.276518
v 3.333333 -20.000000 -78.276518
v 3.541667 -20.000000 -78.276518
v 3.750000 -20.000000 -78.276518
v 3.958333 -20.000000 -78.276518
v 4.166667 -20.000000 -78.276518
v 4.375000 -20.000000 -78.276518
v 4.583333 -20.000000 -78.276518
v 4.791667 -20.000000 -78.276518
v 5.000000 -20.000000 -78.276518
v -5.000000 -20.000000 -69.579128
v -4.791667 -20.000000 -69.579128
v -4.583333 -20.000000 -69.579128
v -4.375000 -20.000000 -69.579128
v -4.166667 -20.000000 -69.579128
v -3.958333 -20.000000 -69.579128
v -3.750000 -20.000000 -69.579128
v -3.541667 -20.000000 -69.579128
v -3.333333 -20.000000 -69.579128
v -3.125000 -20.000000 -69.579128
v -2.916667 -20.000000 -69.579128
v -2.708333 -20.000000 -69.579128
v -2.500000 -20.000000 -69.579128
v -2.291667 -20.000000 -69.579128
v -2.083333 -20.000000 -69.579128
v -1.875000 -20.000000 -69.579128
v -1.666667 -20.000000 -69.579128
v -1.458333 -20.000000 -69.579128
v -1.250000 -20.000000 -69.579128
v -1.041667 -20.000000 -69.579128
v -0.833333 -20.000000 -69.579128
v -0.625000 -20.000000 -69.579128
v -0.416667 -20.000000 -69.579128
v -0.208333 -20.000000 -69.579128
v 0.000000 -20.000000 -69.579128
v 0.208333 -20.000000 -69.579128
v 0.416667 -20.000000 -69.579128
v 0.625000 -20.000000 -69.579128
v 0.833333 -20.000000 -69.579128
v 1.041667 -20.000000 -69.579128
v 1.250000 -20.000000 -69.579128
v 1.458333 -20.000000 -69.579128
v 1.666667 -20.000000 -69.579128
v 1.875000 -20.000000 -69.579128
v 2.083333 -20.000000 -69.579128
v 2.291667 -20.000000 -69.579128
v 2.500000 -20.000000 -69.579128
v 2.708333 -20.000000 -69.579128
v 2.916667 -20.000000 -69.579128
v 3.125000 -20.000000 -69.579128
v 3.333333 -20.000000 -69.579128
v 3.541667 -20.000000 -69.579128
v 3.750000 -20.000000 -69.579128
v 3.958333 -20.000000 -69.579128
v 4.166667 -20.000000 -69.579128
v 4.375000 -20.000000 -69.579128
v 4.583333 -20.000000 -69.579128
v 4.791667 -20.000000 -69.579128
v 5.000000 -20.000000 -69.579128
v -5.000000 -20.000000 -60.881737
v -4.791667 -20.000000 -60.881737
v -4.583333 -20.000000 -60.881737
v -4.375000 -20.000000 -60.881737
v -4.166667 -20.000000 -60.881737
v -3.958333 -20.000000 -60.881737
v -3.750000 -20.000000 -60.881737
v -3.541667 -20.000000 -60.881737
v -3.333333 -20.000000 -60.881737
v -3.125000 -20.000000 -60.881737
v -2.916667 -20.000000 -60.881737
v -2.708333 -20.000000 -60.881737
v -2.500000 -20.000000 -60.881737
v -2.291667 -20.000000 -60.881737
v -2.083333 -20.000000 -60.881737
v -1.875000 -20.000000 -60.881737
v -1.666667 -20.000000 -60.881737
v -1.458333 -20.000000 -60.881737
v -1.250000 -20.000000 -60.881737
v -1.041667 -20.000000 -60.881737
v -0.833333 -20.000000 -60.881737
v -0.625000 -20.000000 -60.881737
v -0.416667 -20.000000 -60.881737
v -0.208333 -20.000000 -60.881737
v 0.000000 -20.000000 -60.881737
v 0.208333 -20.000000 -60.881737
v 0.416667 -20.000000 -60.881737
v 0.625000 -20.000000 -60.881737
v 0.833333 -20.000000 -60.881737
v 1.041667 -20.000000 -60.881737
v 1.250000 -20.000000 -60.881737
v 1.458333 -20.000000 -60.881737
v 1.666667 -20.000000 -60.881737
v 1.875000 -20.000000 -60.881737
v 2.083333 -20.000000 -60.881737
v 2.291667 -20.000000 -60.881737
v 2.500000 -20.000000 -60.881737
v 2.708333 -20.000000 -60.881737
v 2.916667 -20.000000 -60.881737
v 3.125000 -20.000000 -60.881737
v 3.333333 -20.000000 -60.881737
v 3.541667 -20.000000 -60.881737
v 3.750000 -20.000000 -60.881737
v 3.958333 -20.000000 -60.881737
v 4.166667 -20.000000 -60.881737
v 4.375000 -20.000000 -60.881737
v 4.583333 -20.000000 -60.881737
v 4.791667 -20.000000 -60.881737
v 5.000000 -20.000000 -60.881737
v -5.000000 -20.000000 -52.184346
v -4.791667 -20.000000 -52.184346
v -4.583333 -20.000000 -52.184346
v -4.375000 -20.000000 -52.184346
v -4.166667 -20.000000 -52.184346
v -3.958333 -20.000000 -52.184346
v -3.750000 -20.000000 -52.184346
v -3.541667 -20.000000 -52.184346
v -3.333333 -20.000000 -52.184346
v -3.125000 -20.000000 -52.184346
v -2.916667 -20.000000 -52.184346
v -2.708333 -20.000000 -52.184346
v -2.500000 -20.000000 -52.184346
v -2.291667 -20.000000 -52.184346
v -2.083333 -20.000000 -52.184346
v -1.875000 -20.000000 -52.184346
v -1.666667 -20.000000 -52.184346
v -1.458333 -20.000000 -52.184346
v -1.250000 -20.000000 -52.184346
v -1.041667 -20.000000 -52.184346
v -0.833333 -20.000000 -52.184346
v -0.625000 -20.000000 -52.184346
v -0.416667 -20.000000 -52.184346
v -0.208333 -20.000000 -52.184346
v 0.000000 -20.000000 -52.184346
v 0.208333 -20.000000 -52.184346
v 0.416667 -20.000000 -52.184346
v 0.625000 -20.000000 -52.184346
v 0.833333 -20.000000 -52.184346
v 1.041667 -20.000000 -52.184346
v 1.250000 -20.000000 -52.184346
v 1.458333 -20.000000 -52.184346
v 1.666667 -20.000000 -52.184346
v 1.875000 -20.000000 -52.184346
v 2.083333 -20.000000 -52.184346
v 2.291667 -20.000000 -52.184346
v 2.500000 -20.000000 -52.184346
v 2.708333 -20.000000 -52.184346
v 2.916667 -20.000000 -52.184346
v 3.125000 -20.000000 -52.184346
v 3.333333 -20.000000 -52.184346
v 3.541667 -20.000000 -52.184346
v 3.750000 -20.000000 -52.184346
v 3.958333 -20.000000 -52.184346
v 4.166667 -20.000000 -52.184346
v 4.375000 -20.000000 -52.184346
v 4.583333 -20.000000 -52.184346
v 4.791667 -20.000000 -52.184346
v 5.000000 -20.000000 -52.184346
v -5.000000 -20.000000 -43.486955
v -4.791667 -20.000000 -43.486955
v -4.583333 -20.000000 -43.486955
v -4.375000 -20.000000 -43.486955
v -4.166667 -20.000000 -43.486955
v -3.958333 -20.000000 -43.486955
v -3.750000 -20.000000 -43.486955
v -3.541667 -20.000000 -43.486955
v -3.333333 -20.000000 -43.486955
v -3.125000 -20.000000 -43.486955
v -2.916667 -20.000000 -43.486955
v -2.708333 -20.000000 -43.486955
v -2.500000 -20.000000 -43.486955
v -2.291667 -20.000000 -43.486955
v -2.083333 -20.000000 -43.486955
v -1.875000 -20.000000 -43.486955
v -1.666667 -20.000000 -43.486955
v -1.458333 -20.000000 -43.486955
v -1.250000 -20.000000 -43.486955
v -1.041667 -20.000000 -43.486955
v -0.833333 -20.000000 -43.486955
v -0.625000 -20.000000 -43.486955
v -0.416667 -20.000000 -43.486955
v -0.208333 -20.000000 -43.486955
v 0.000000 -20.000000 -43.486955
v 0.208333 -20.000000 -43.486955
v 0.416667 -20.000000 -43.486955
v 0.625000 -20.000000 -43.486955
v 0.833333 -20.000000 -43.486955
v 1.041667 -20.000000 -43.486955
v 1.250000 -20.000000 -43.486955
v 1.458333 -20.000000 -43.486955
v 1.666667 -20.000000 -43.486955
v 1.875000 -20.000000 -43.486955
v 2.083333 -20.000000 -43.486955
v 2.291667 -20.000000 -43.486955
v 2.500000 -20.000000 -43.486955
v 2.708333 -20.000000 -43.486955
v 2.916667 -20.000000 -43.486955
v 3.125000 -20.000000 -43.486955
v 3.333333 -20.000000 -43.486955
v 3.541667 -20.000000 -43.486955
v 3.750000 -20.000000 -43.486955
v 3.958333 -20.000000 -43.486955
v 4.166667 -20.000000 -43.486955
v 4.375000 -20.000000 -43.486955
v 4.583333 -20.000000 -43.486955
v 4.791667 -20.000000 -43.486955
v 5.000000 -20.000000 -43.486955
v -5.000000 -20.000000 -34.789564
v -4.791667 -20.000000 -34.789564
v -4.583333 -20.000000 -34.789564
v -4.375000 -20.000000 -34.789564
v -4.166667 -20.000000 -34.789564
v -3.958333 -20.000000 -34.789564
v -3.750000 -20.000000 -34.789564
v -3.541667 -20.000000 -34.789564
v -3.333333 -20.000000 -34.789564
v -3.125000 -20.000000 -34.789564
v -2.916667 -20.000000 -34.789564
v -2.708333 -20.000000 -34.789564
v -2.500000 -20.000000 -34.789564
v -2.291667 -20.000000 -34.789564
v -2.083333 -20.000000 -34.789564
v -1.875000 -20.000000 -34.789564
v -1.666667 -20.000000 -34.789564
v -1.458333 -20.000000 -34.789564
v -1.250000 -20.000000 -34.789564
v -1.041667 -20.000000 -34.789564
v -0.833333 -20.000000 -34.789564
v -0.625000 -20.000000 -34.789564
v -0.416667 -20.000000 -34.789564
v -0.208333 -20.000000 -34.789564
v 0.000000 -20.000000 -34.789564
v 0.208333 -20.000000 -34.789564
v 0.416667 -20.000000 -34.789564
v 0.625000 -20.000000 -34.789564
v 0.833333 -20.000000 -34.789564
v 1.041667 -20.000000 -34.789564
v 1.250000 -20.000000 -34.789564
v 1.458333 -20.000000 -34.789564
v 1.666667 -20.000000 -34.789564
v 1.875000 -20.000000 -34.789564
v 2.083333 -20.000000 -34.789564
v 2.291667 -20.000000 -34.789564
v 2.500000 -20.000000 -34.789564
v 2.708333 -20.000000 -34.789564
v 2.916667 -20.000000 -34.789564
v 3.125000 -20.000000 -34.789564
v 3.333333 -20.000000 -34.789564
v 3.541667 -20.000000 -34.789564
v 3.750000 -20.000000 -34.789564
v 3.958333 -20.000000 -34.789564
v 4.166667 -20.000000 -34.789564
v 4.375000 -20.000000 -34.789564
v 4.583333 -20.000000 -34.789564
v 4.791667 -20.000000 -34.789564
v 5.000000 -20.000000 -34.789564
v -5.000000 -20.000000 -26.092173
v -4.791667 -20.000000 -26.092173
v -4.583333 -20.000000 -26.092173
v -4.375000 -20.000000 -26.092173
v -4.166667 -20.000000 -26.092173
v -3.958333 -20.000000 -26.092173
v -3.750000 -20.000000 -26.092173
v -3.541667 -20.000000 -26.092173
v -3.333333 -20.000000 -26.092173
v -3.125000 -20.000000 -26.092173
v -2.916667 -20.000000 -26.092173
v -2.708333 -20.000000 -26.092173
v -2.500000 -20.000000 -26.092173
v -2.291667 -20.000000 -26.092173
v -2.083333 -20.000000 -26.092173
v -1.875000 -20.000000 -26.092173
v -1.666667 -20.000000 -26.092173
v -1.458333 -20.000000 -26.092173
v -1.250000 -20.000000 -26.092173
v -1.041667 -20.000000 -26.092173
v -0.833333 -20.000000 -26.092173
v -0.625000 -20.000000 -26.092173
v -0.416667 -20.000000 -26.092173
v -0.208333 -20.000000 -26.092173
v 0.000000 -20.000000 -26.092173
v 0.208333 -20.000000 -26.092173
v 0.416667 -20.000000 -26.092173
v 0.625000 -20.000000 -26.092173
v 0.833333 -20.000000 -26.092173
v 1.041667 -20.000000 -26.092173
v 1.250000 -20.000000 -26.092173
v 1.458333 -20.000000 -26.092173
v 1.666667 -20.000000 -26.092173
v 1.875000 -20.000000 -26.092173
v 2.083333 -20.000000 -26.092173
v 2.291667 -20.000000 -26.092173
v 2.500000 -20.000000 -26.092173
v 2.708333 -20.000000 -26.092173
v 2.916667 -20.000000 -26.092173
v 3.125000 -20.000000 -26.092173
v 3.333333 -20.000000 -26.092173
v 3.541667 -20.000000 -26.092173
v 3.750000 -20.000000 -26.092173
v 3.958333 -20.000000 -26.092173
v 4.166667 -20.000000 -26.092173
v 4.375000 -20.000000 -26.092173
v 4.583333 -20.000000 -26.092173
v 4.791667 -20.000000 -26.092173
v 5.000000 -20.000000 -26.092173
v -5.000000 -20.000000 -17.394782
v -4.791667 -20.000000 -17.394782
v -4.583333 -20.000000 -17.394782
v -4.375000 -20.000000 -17.394782
v -4.166667 -20.000000 -17.394782
v -3.958333 -20.000000 -17.394782
v -3.750000 -20.000000 -17.394782
v -3.541667 -20.000000 -17.394782
v -3.333333 -20.000000 -17.394782
v -3.125000 -20.000000 -17.394782
v -2.916667 -20.000000 -17.394782
v -2.708333 -20.000000 -17.394782
v -2.500000 -20.000000 -17.394782
v -2.291667 -20.000000 -17.394782
v -2.083333 -20.000000 -17.394782
v -1.875000 -20.000000 -17.394782
v -1.666667 -20.000000 -17.394782
v -1.458333 -20.000000 -17.394782
v -1.250000 -20.000000 -17.394782
v -1.041667 -20.000000 -17.394782
v -0.833333 -20.000000 -17.394782
v -0.625000 -20.000000 -17.394782
v -0.416667 -20.000000 -17.394782
v -0.208333 -20.000000 -17.394782
v 0.000000 -20.000000 -17.394782
v 0.208333 -20.000000 -17.394782
v 0.416667 -20.000000 -17.394782
v 0.625000 -20.000000 -17.394782
v 0.833333 -20.000000 -17.394782
v 1.041667 -20.000000 -17.394782
v 1.250000 -20.000000 -17.394782
v 1.458333 -20.000000 -17.394782
v 1.666667 -20.000000 -17.394782
v 1.875000 -20.000000 -17.394782
v 2.083333 -20.000000 -17.394782
v 2.291667 -20.000000 -17.394782
v 2.500000 -20.000000 -17.394782
v 2.708333 -20.000000 -17.394782
v 2.916667 -20.000000 -17.394782
v 3.125000 -20.000000 -17.394782
v 3.333333 -20.000000 -17.394782
v 3.541667 -20.000000 -17.394782
v 3.750000 -20.000000 -17.394782
v 3.958333 -20.000000 -17.394782
v 4.166667 -20.000000 -17.394782
v 4.375000 -20.000000 -17.394782
v 4.583333 -20.000000 -17.394782
v 4.791667 -20.000000 -17.394782
v 5.000000 -20.000000 -17.394782
v -5.000000 -20.000000 -8.697391
v -4.791667 -20.000000 -8.697391
v -4.583333 -20.000000 -8.697391
v -4.375000 -20.000000 -8.697391
v -4.166667 -20.000000 -8.697391
v -3.958333 -20.000000 -8.697391
v -3.750000 -20.000000 -8.697391
v -3.541667 -20.000000 -8.697391
v -3.333333 -20.000000 -8.697391
v -3.125000 -20.000000 -8.697391
v -2.916667 -20.000000 -8.697391
v -2.708333 -20.000000 -8.697391
v -2.500000 -20.000000 -8.697391
v -2.291667 -20.000000 -8.697391
v -2.083333 -20.000000 -8.697391
v -1.875000 -20.000000 -8.697391
v -1.666667 -20.000000 -8.697391
v -1.458333 -20.000000 -8.697391
v -1.250000 -20.000000 -8.697391
v -1.041667 -20.000000 -8.697391
v -0.833333 -20.000000 -8.697391
v -0.625000 -20.000000 -8.697391
v -0.416667 -20.000000 -8.697391
v -0.208333 -20.000000 -8.697391
v 0.000000 -20.000000 -8.697391
v 0.208333 -20.000000 -8.697391
v 0.416667 -20.000000 -8.697391
v 0.625000 -20.000000 -8.697391
v 0.833333 -20.000000 -8.697391
v 1.041667 -20.000000 -8.697391
v 1.250000 -20.000000 -8.697391
v 1.458333 -20.000000 -8.697391
v 1.666667 -20.000000 -8.697391
v 1.875000 -20.000000 -8.697391
v 2.083333 -20.000000 -8.697391
v 2.291667 -20.000000 -8.697391
v 2.500000 -20.000000 -8.697391
v 2.708333 -20.000000 -8.697391
v 2.916667 -20.000000 -8.697391
v 3.125000 -20.000000 -8.697391
v 3.333333 -20.000000 -8.697391
v 3.541667 -20.000000 -8.697391
v 3.750000 -20.000000 -8.697391
v 3.958333 -20.000000 -8.697391
v 4.166667 -20.000000 -8.697391
v 4.375000 -20.000000 -8.697391
v 4.583333 -20.000000 -8.697391
v 4.791667 -20.000000 -8.697391
v 5.000000 -20.000000 -8.697391
v -5.000000 -17.500000 0.000000
v -4.791667 -17.500000 0.000000
v -4.583333 -17.500000 0.000000
v -4.375000 -17.500000 0.000000
v -4.166667 -17.500000 0.000000
v -3.958333 -17.500000 0.000000
v -3.750000 -17.500000 0.000000
v -3.541667 -17.500000 0.000000
v -3.333333 -17.500000 0.000000
v -3.125000 -17.500000 0.000000
v -2.916667 -17.500000 0.000000
v -2.708333 -17.500000 0.000000
v -2.500000 -17.500000 0.000000
v -2.291667 -17.500000 0.000000
v -2.083333 -17.500000 0.000000
v -1.875000 -17.500000 0.000000
v -1.666667 -17.500000 0.000000
v -1.458333 -17.500000 0.000000
v -1.250000 -17.500000 0.000000
v -1.041667 -17.500000 0.000000
v -0.833333 -17.500000 0.000000
v -0.625000 -17.500000 0.000000
v -0.416667 -17.500000 0.000000
v -0.208333 -17.500000 0.000000
v 0.000000 -17.500000 0.000000
v 0.208333 -17.500000 0.000000
v 0.416667 -17.500000 0.000000
v 0.625000 -17.500000 0.000000
v 0.833333 -17.500000 0.000000
v 1.041667 -17.500000 0.000000
v 1.250000 -17.500000 0.000000
v 1.458333 -17.500000 0.000000
v 1.666667 -17.500000 0.000000
v 1.875000 -17.500000 0.000000
v 2.083333 -17.500000 0.000000
v 2.291667 -17.500000 0.000000
v 2.500000 -17.500000 0.000000
v 2.708333 -17.500000 0.000000
v 2.916667 -17.500000 0.000000
v 3.125000 -17.500000 0.000000
v 3.333333 -17.500000 0.000000
v 3.541667 -17.500000 0.000000
v 3.750000 -17.500000 0.000000
v 3.958333 -17.500000 0.000000
v 4.166667 -17.500000 0.000000
v 4.375000 -17.500000 0.000000
v 4.583333 -17.500000 0.000000
v 4.791667 -17.500000 0.000000
v 5.000000 -17.500000 0.000000
v -5.000000 -8.802609 8.697391
v -4.791667 -8.802609 8.697391
v -4.583333 -8.802609 8.697391
v -4.375000 -8.802609 8.697391
v -4.166667 -8.802609 8.697391
v -3.958333 -8.802609 8.697391
v -3.750000 -8.802609 8.697391
v -3.541667 -8.802609 8.697391
v -3.333333 -8.802609 8.697391
v -3.125000 -8.802609 8.697391
v -2.916667 -8.802609 8.697391
v -2.708333 -8.802609 8.697391
v -2.500000 -8.802609 8.697391
v -2.291667 -8.802609 8.697391
v -2.083333 -8.802609 8.697391
v -1.875000 -8.802609 8.697391
v -1.666667 -8.802609 8.697391
v -1.458333 -8.802609 8.697391
v -1.250000 -8.802609 8.697391
v -1.041667 -8.802609 8.697391
v -0.833333 -8.802609 8.697391
v -0.625000 -8.802609 8.697391
v -0.416667 -8.802609 8.697391
v -0.208333 -8.802609 8.697391
v 0.000000 -8.802609 8.697391
v 0.208333 -8.802609 8.697391
v 0.416667 -8.802609 8.697391
v 0.625000 -8.802609 8.697391
v 0.833333 -8.802609 8.697391
v 1.041667 -8.802609 8.697391
v 1.250000 -8.802609 8.697391
v 1.458333 -8.802609 8.697391
v 1.666667 -8.802609 8.697391
v 1.875000 -8.802609 8.697391
v 2.083333 -8.802609 8.697391
v 2.291667 -8.802609 8.697391
v 2.500000 -8.802609 8.697391
v 2.708333 -8.802609 8.697391
v 2.916667 -8.802609 8.697391
v 3.125000 -8.802609 8.697391
v 3.333333 -8.802609 8.697391
v 3.541667 -8.802609 8.697391
v 3.750000 -8.802609 8.697391
v 3.958333 -8.802609 8.697391
v 4.166667 -8.802609 8.697391
v 4.375000 -8.802609 8.697391
v 4.583333 -8.802609 8.697391
v 4.791667 -8.802609 8.697391
v 5.000000 -8.802609 8.697391
v -5.000000 -0.105218 17.394782
v -4.791667 -0.105218 17.394782
v -4.583333 -0.105218 17.394782
v -4.375000 -0.105218 17.394782
v -4.166667 -0.105218 17.394782
v -3.958333 -0.105218 17.394782
v -3.750000 -0.105218 17.394782
v -3.541667 -0.105218 17.394782
v -3.333333 -0.105218 17.394782
v -3.125000 -0.105218 17.394782
v -2.916667 -0.105218 17.394782
v -2.708333 -0.105218 17.394782
v -2.500000 -0.105218 17.394782
v -2.291667 -0.105218 17.394782
v -2.083333 -0.105218 17.394782
v -1.875000 -0.105218 17.394782
v -1.666667 -0.105218 17.394782
v -1.458333 -0.105218 17.394782
v -1.250000 -0.105218 17.394782
v -1.041667 -0.105218 17.394782
v -0.833333 -0.105218 17.394782
v -0.625000 -0.105218 17.394782
v -0.416667 -0.105218 17.394782
v -0.208333 -0.105218 17.394782
v 0.000000 -0.105218 17.394782
v 0.208333 -0.105218 17.394782
v 0.416667 -0.105218 17.394782
v 0.625000 -0.105218 17.394782
v 0.833333 -0.105218 17.394782
v 1.041667 -0.105218 17.394782
v 1.250000 -0.105218 17.394782
v 1.458333 -0.105218 17.394782
v 1.666667 -0.105218 17.394782
v 1.875000 -0.105218 17.394782
v 2.083333 -0.105218 17.394782
v 2.291667 -0.105218 17.394782
v 2.500000 -0.105218 17.394782
v 2.708333 -0.105218 17.394782
v 2.916667 -0.105218 17.394782
v 3.125000 -0.105218 17.394782
v 3.333333 -0.105218 17.394782
v 3.541667 -0.105218 17.394782
v 3.750000 -0.105218 17.394782
v 3.958333 -0.105218 17.394782
v 4.166667 -0.105218 17.394782
v 4.375000 -0.105218 17.394782
v 4.583333 -0.105218 17.394782
v 4.791667 -0.105218 17.394782
v 5.000000 -0.105218 17.394782
v -5.000000 8.592173 26.092173
v -4.791667 8.592173 26.092173
v -4.583333 8.592173 26.092173
v -4.375000 8.592173 26.092173
v -4.166667 8.592173 26.092173
v -3.958333 8.592173 26.092173
v -3.750000 8.592173 26.092173
v -3.541667 8.592173 26.092173
v -3.333333 8.592173 26.092173
v -3.125000 8.592173 26.092173
v -2.916667 8.592173 26.092173
v -2.708333 8.592173 26.092173
v -2.500000 8.592173 26.092173
v -2.291667 8.592173 26.092173
v -2.083333 8.592173 26.092173
v -1.875000 8.592173 26.092173
v -1.666667 8.592173 26.092173
v -1.458333 8.592173 26.092173
v -1.250000 8.592173 26.092173
v -1.041667 8.592173 26.092173
v -0.833333 8.592173 26.092173
v -0.625000 8.592173 26.092173
v -0.416667 8.592173 26.092173
v -0.208333 8.592173 26.092173
v 0.000000 8.592173 26.092173
v 0.208333 8.592173 26.092173
v 0.416667 8.592173 26.092173
v 0.625000 8.592173 26.092173
v 0.833333 8.592173 26.092173
v 1.041667 8.592173 26.092173
v 1.250000 8.592173 26.092173
v 1.458333 8.592173 26.092173
v 1.666667 8.592173 26.092173
v 1.875000 8.592173 26.092173
v 2.083333 8.592173 26.092173
v 2.291667 8.592173 26.092173
v 2.500000 8.592173 26.092173
v 2.708333 8.592173 26.092173
v 2.916667 8.592173 26.092173
v 3.125000 8.592173 26.092173
v 3.333333 8.592173 26.092173
v 3.541667 8.592173 26.092173
v 3.750000 8.592173 26.092173
v 3.958333 8.592173 26.092173
v 4.166667 8.592173 26.092173
v 4.375000 8.592173 26.092173
v 4.583333 8.592173 26.092173
v 4.791667 8.592173 26.092173
v 5.000000 8.592173 26.092173
v -5.000000 17.289564 34.789564
v -4.791667 17.289564 34.789564
v -4.583333 17.289564 34.789564
v -4.375000 17.289564 34.789564
v -4.166667 17.289564 34.789564
v -3.958333 17.289564 34.789564
v -3.750000 17.289564 34.789564
v -3.541667 17.289564 34.789564
v -3.333333 17.289564 34.789564
v -3.125000 17.289564 34.789564
v -2.916667 17.289564 34.789564
v -2.708333 17.289564 34.789564
v -2.500000 17.289564 34.789564
v -2.291667 17.289564 34.789564
v -2.083333 17.289564 34.789564
v -1.875000 17.289564 34.789564
v -1.666667 17.289564 34.789564
v -1.458333 17.289564 34.789564
v -1.250000 17.289564 34.789564
v -1.041667 17.289564 34.789564
v -0.833333 17.289564 34.789564
v -0.625000 17.289564 34.789564
v -0.416667 17.289564 34.789564
v -0.208333 17.289564 34.789564
v 0.000000 17.289564 34.789564
v 0.208333 17.289564 34.789564
v 0.416667 17.289564 34.789564
v 0.625000 17.289564 34.789564
v 0.833333 17.289564 34.789564
v 1.041667 17.289564 34.789564
v 1.250000 17.289564 34.789564
v 1.458333 17.289564 34.789564
v 1.666667 17.289564 34.789564
v 1.875000 17.289564 34.789564
v 2.083333 17.289564 34.789564
v 2.291667 17.289564 34.789564
v 2.500000 17.289564 34.789564
v 2.708333 17.289564 34.789564
v 2.916667 17.289564 34.789564
v 3.125000 17.289564 34.789564
v 3.333333 17.289564 34.789564
v 3.541667 17.289564 34.789564
v 3.750000 17.289564 34.789564
v 3.958333 17.289564 34.789564
v 4.166667 17.289564 34.789564
v 4.375000 17.289564 34.789564
v 4.583333 17.289564 34.789564
v 4.791667 17.289564 34.789564
v 5.000000 17.289564 34.789564
v -5.000000 25.986955 43.486955
v -4.791667 25.986955 43.486955
v -4.583333 25.986955 43.486955
v -4.375000 25.986955 43.486955
v -4.166667 25.986955 43.486955
v -3.958333 25.986955 43.486955
v -3.750000 25.986955 43.486955
v -3.541667 25.986955 43.486955
v -3.333333 25.986955 43.486955
v -3.125000 25.986955 43.486955
v -2.916667 25.986955 43.486955
v -2.708333 25.986955 43.486955
v -2.500000 25.986955 43.486955
v -2.291667 25.986955 43.486955
v -2.083333 25.986955 43.486955
v -1.875000 25.986955 43.486955
v -1.666667 25.986955 43.486955
v -1.458333 25.986955 43.486955
v -1.250000 25.986955 43.486955
v -1.041667 25.986955 43.486955
v -0.833333 25.986955 43.486955
v -0.625000 25.986955 43.486955
v -0.416667 25.986955 43.486955
v -0.208333 25.986955 43.486955
v 0.000000 25.986955 43.486955
v 0.208333 25.986955 43.486955
v 0.416667 25.986955 43.486955
v 0.625000 25.986955 43.486955
v 0.833333 25.986955 43.486955
v 1.041667 25.986955 43.486955
v 1.250000 25.986955 43.486955
v 1.458333 25.986955 43.486955
v 1.666667 25.986955 43.486955
v 1.875000 25.986955 43.486955
v 2.083333 25.986955 43.486955
v 2.291667 25.986955 43.486955
v 2.500000 25.986955 43.486955
v 2.708333 25.986955 43.486955
v 2.916667 25.986955 43.486955
v 3.125000 25.986955 43.486955
v 3.333333 25.986955 43.486955
v 3.541667 25.986955 43.486955
v 3.750000 25.986955 43.486955
v 3.958333 25.986955 43.486955
v 4.166667 25.986955 43.486955
v 4.375000 25.986955 43.486955
v 4.583333 25.986955 43.486955
v 4.791667 25.986955 43.486955
v 5.000000 25.986955 43.486955
v -5.000000 34.684346 52.184346
v -4.791667 34.684346 52.184346
v -4.583333 34.684346 52.184346
v -4.375000 34.684346 52.184346
v -4.166667 34.684346 52.184346
v -3.958333 34.684346 52.184346
v -3.750000 34.684346 52.184346
v -3.541667 34.684346 52.184346
v -3.333333 34.684346 52.184346
v -3.125000 34.684346 52.184346
v -2.916667 34.684346 52.184346
v -2.708333 34.684346 52.184346
v -2.500000 34.684346 52.184346
v -2.291667 34.684346 52.184346
v -2.083333 34.684346 52.184346
v -1.875000 34.684346 52.184346
v -1.666667 34.684346 52.184346
v -1.458333 34.684346 52.184346
v -1.250000 34.684346 52.184346
v -1.041667 34.684346 52.184346
v -0.833333 34.684346 52.184346
v -0.625000 34.684346 52.184346
v -0.416667 34.684346 52.184346
v -0.208333 34.684346 52.184346
v 0.000000 34.684346 52.184346
v 0.208333 34.684346 52.184346
v 0.416667 34.684346 52.184346
v 0.625000 34.684346 52.184346
v 0.833333 34.684346 52.184346
v 1.041667 34.684346 52.184346
v 1.250000 34.684346 52.184346
v 1.458333 34.684346 52.184346
v 1.666667 34.684346 52.184346
v 1.875000 34.684346 52.184346
v 2.083333 34.684346 52.184346
v 2.291667 34.684346 52.184346
v 2.500000 34.684346 52.184346
v 2.708333 34.684346 52.184346
v 2.916667 34.684346 52.184346
v 3.125000 34.684346 52.184346
v 3.333333 34.684346 52.184346
v 3.541667 34.684346 52.184346
v 3.750000 34.684346 52.184346
v 3.958333 34.684346 52.184346
v 4.166667 34.684346 52.184346
v 4.375000 34.684346 52.184346
v 4.583333 34.684346 52.184346
v 4.791667 34.684346 52.184346
v 5.000000 34.684346 52.184346
v -5.000000 43.381737 60.881737
v -4.791667 43.381737 60.881737
v -4.583333 43.381737 60.881737
v -4.375000 43.381737 60.881737
v -4.166667 43.381737 60.881737
v -3.958333 43.381737 60.881737
v -3.750000 43.381737 60.881737
v -3.541667 43.381737 60.881737
v -3.333333 43.381737 60.881737
v -3.125000 43.381737 60.881737
v -2.916667 43.381737 60.881737
v -2.708333 43.381737 60.881737
v -2.500000 43.381737 60.881737
v -2.291667 43.381737 60.881737
v -2.083333 43.381737 60.881737
v -1.875000 43.381737 60.881737
v -1.666667 43.381737 60.881737
v -1.458333 43.381737 60.881737
v -1.250000 43.381737 60.881737
v -1.041667 43.381737 60.881737
v -0.833333 43.381737 60.881737
v -0.625000 43.381737 60.881737
v -0.416667 43.381737 60.881737
v -0.208333 43.381737 60.881737
v 0.000000 43.381737 60.881737
v 0.208333 43.381737 60.881737
v 0.416667 43.381737 60.881737
v 0.625000 43.381737 60.881737
v 0.833333 43.381737 60.881737
v 1.041667 43.381737 60.881737
v 1.250000 43.381737 60.881737
v 1.458333 43.381737 60.881737
v 1.666667 43.381737 60.881737
v 1.875000 43.381737 60.881737
v 2.083333 43.381737 60.881737
v 2.291667 43.381737 60.881737
v 2.500000 43.381737 60.881737
v 2.708333 43.381737 60.881737
v 2.916667 43.381737 60.881737
v 3.125000 43.381737 60.881737
v 3.333333 43.381737 60.881737
v 3.541667 43.381737 60.881737
v 3.750000 43.381737 60.881737
v 3.958333 43.381737 60.881737
v 4.166667 43.381737 60.881737
v 4.375000 43.381737 60.881737
v 4.583333 43.381737 60.881737
v 4.791667 43.381737 60.881737
v 5.000000 43.381737 60.881737
v -5.000000 52.079128 69.579128
v -4.791667 52.079128 69.579128
v -4.583333 52.079128 69.579128
v -4.375000 52.079128 69.579128
v -4.166667 52.079128 69.579128
v -3.958333 52.079128 69.579128
v -3.750000 52.079128 69.579128
v -3.541667 52.079128 69.579128
v -3.333333 52.079128 69.579128
v -3.125000 52.079128 69.579128
v -2.916667 52.079128 69.579128
v -2.708333 52.079128 69.579128
v -2.500000 52.079128 69.579128
v -2.291667 52.079128 69.579128
v -2.083333 52.079128 69.579128
v -1.875000 52.079128 69.579128
v -1.666667 52.079128 69.579128
v -1.458333 52.079128 69.579128
v -1.250000 52.079128 69.579128
v -1.041667 52.079128 69.579128
v -0.833333 52.079128 69.579128
v -0.625000 52.079128 69.579128
v -0.416667 52.079128 69.579128
v -0.208333 52.079128 69.579128
v 0.000000 52.079128 69.579128
v 0.208333 52.079128 69.579128
v 0.416667 52.079128 69.579128
v 0.625000 52.079128 69.579128
v 0.833333 52.079128 69.579128
v 1.041667 52.079128 69.579128
v 1.250000 52.079128 69.579128
v 1.458333 52.079128 69.579128
v 1.666667 52.079128 69.579128
v 1.875000 52.079128 69.579128
v 2.083333 52.079128 69.579128
v 2.291667 52.079128 69.579128
v 2.500000 52.079128 69.579128
v 2.708333 52.079128 69.579128
v 2.916667 52.079128 69.579128
v 3.125000 52.079128 69.579128
v 3.333333 52.079128 69.579128
v 3.541667 52.079128 69.579128
v 3.750000 52.079128 69.579128
v 3.958333 52.079128 69.579128
v 4.166667 52.079128 69.579128
v 4.375000 52.079128 69.579128
v 4.583333 52.079128 69.579128
v 4.791667 52.079128 69.579128
v 5.000000 52.079128 69.579128
v -5.000000 60.776518 78.276518
v -4.791667 60.776518 78.276518
v -4.583333 60.776518 78.276518
v -4.375000 60.776518 78.276518
v -4.166667 60.776518 78.276518
v -3.958333 60.776518 78.276518
v -3.750000 60.776518 78.276518
v -3.541667 60.776518 78.276518
v -3.333333 60.776518 78.276518
v -3.125000 60.776518 78.276518
v -2.916667 60.776518 78.276518
v -2.708333 60.776518 78.276518
v -2.500000 60.776518 78.276518
v -2.291667 60.776518 78.276518
v -2.083333 60.776518 78.276518
v -1.875000 60.776518 78.276518
v -1.666667 60.776518 78.276518
v -1.458333 60.776518 78.276518
v -1.250000 60.776518 78.276518
v -1.041667 60.776518 78.276518
v -0.833333 60.776518 78.276518
v -0.625000 60.776518 78.276518
v -0.416667 60.776518 78.276518
v -0.208333 60.776518 78.276518
v 0.000000 60.776518 78.276518
v 0.208333 60.776518 78.276518
v 0.416667 60.776518 78.276518
v 0.625000 60.776518 78.276518
v 0.833333 60.776518 78.276518
v 1.041667 60.776518 78.276518
v 1.250000 60.776518 78.276518
v 1.458333 60.776518 78.276518
v 1.666667 60.776518 78.276518
v 1.875000 60.776518 78.276518
v 2.083333 60.776518 78.276518
v 2.291667 60.776518 78.276518
v 2.500000 60.776518 78.276518
v 2.708333 60.776518 78.276518
v 2.916667 60.776518 78.276518
v 3.125000 60.776518 78.276518
v 3.333333 60.776518 78.276518
v 3.541667 60.776518 78.276518
v 3.750000 60.776518 78.276518
v 3.958333 60.776518 78.276518
v 4.166667 60.776518 78.276518
v 4.375000 60.776518 78.276518
v 4.583333 60.776518 78.276518
v 4.791667 60.776518 78.276518
v 5.000000 60.776518 78.276518
v -5.000000 69.473909 86.973909
v -4.791667 69.473909 86.973909
v -4.583333 69.473909 86.973909
v -4.375000 69.473909 86.973909
v -4.166667 69.473909 86.973909
v -3.958333 69.473909 86.973909
v -3.750000 69.473909 86.973909
v -3.541667 69.473909 86.973909
v -3.333333 69.473909 86.973909
v -3.125000 69.473909 86.973909
v -2.916667 69.473909 86.973909
v -2.708333 69.473909 86.973909
v -2.500000 69.473909 86.973909
v -2.291667 69.473909 86.973909
v -2.083333 69.473909 86.973909
v -1.875000 69.473909 86.973909
v -1.666667 69.473909 86.973909
v -1.458333 69.473909 86.973909
v -1.250000 69.473909 86.973909
v -1.041667 69.473909 86.973909
v -0.833333 69.473909 86.973909
v -0.625000 69.473909 86.973909
v -0.416667 69.473909 86.973909
v -0.208333 69.473909 86.973909
v 0.000000 69.473909 86.973909
v 0.208333 69.473909 86.973909
v 0.416667 69.473909 86.973909
v 0.625000 69.473909 86.973909
v 0.833333 69.473909 86.973909
v 1.041667 69.473909 86.973909
v 1.250000 69.473909 86.973909
v 1.458333 69.473909 86.973909
v 1.666667 69.473909 86.973909
v 1.875000 69.473909 86.973909
v 2.083333 69.473909 86.973909
v 2.291667 69.473909 86.973909
v 2.500000 69.473909 86.973909
v 2.708333 69.473909 86.973909
v 2.916667 69.473909 86.973909
v 3.125000 69.473909 86.973909
v 3.333333 69.473909 86.973909
v 3.541667 69.473909 86.973909
v 3.750000 69.473909 86.973909
v 3.958333 69.473909 86.973909
v 4.166667 69.473909 86.973909
v 4.375000 69.473909 86.973909
v 4.583333 69.473909 86.973909
v 4.791667 69.473909 86.973909
v 5.000000 69.473909 86.973909
v -5.000000 78.171300 95.671300
v -4.791667 78.171300 95.671300
v -4.583333 78.171300 95.671300
v -4.375000 78.171300 95.671300
v -4.166667 78.171300 95.671300
v -3.958333 78.171300 95.671300
v -3.750000 78.171300 95.671300
v -3.541667 78.171300 95.671300
v -3.333333 78.171300 95.671300
v -3.125000 78.171300 95.671300
v -2.916667 78.171300 95.671300
v -2.708333 78.171300 95.671300
v -2.500000 78.171300 95.671300
v -2.291667 78.171300 95.671300
v -2.083333 78.171300 95.671300
v -1.875000 78.171300 95.671300
v -1.666667 78.171300 95.671300
v -1.458333 78.171300 95.671300
v -1.250000 78.171300 95.671300
v -1.041667 78.171300 95.671300
v -0.833333 78.171300 95.671300
v -0.625000 78.171300 95.671300
v -0.416667 78.171300 95.671300
v -0.208333 78.171300 95.671300
v 0.000000 78.171300 95.671300
v 0.208333 78.171300 95.671300
v 0.416667 78.171300 95.671300
v 0.625000 78.171300 95.671300
v 0.833333 78.171300 95.671300
v 1.041667 78.171300 95.671300
v 1.250000 78.171300 95.671300
v 1.458333 78.171300 95.671300
v 1.666667 78.171300 95.671300
v 1.875000 78.171300 95.671300
v 2.083333 78.171300 95.671300
v 2.291667 78.171300 95.671300
v 2.500000 78.171300 95.671300
v 2.708333 78.171300 95.671300
v 2.916667 78.171300 95.671300
v 3.125000 78.171300 95.671300
v 3.333333 78.171300 95.671300
v 3.541667 78.171300 95.671300
v 3.750000 78.171300 95.671300
v 3.958333 78.171300 95.671300
v 4.166667 78.171300 95.671300
v 4.375000 78.171300 95.671300
v 4.583333 78.171300 95.671300
v 4.791667 78.171300 95.671300
v 5.000000 78.171300 95.671300
v -5.000000 86.868691 104.368691
v -4.791667 86.868691 104.368691
v -4.583333 86.868691 104.368691
v -4.375000 86.868691 104.368691
v -4.166667 86.868691 104.368691
v -3.958333 86.868691 104.368691
v -3.750000 86.868691 104.368691
v -3.541667 86.868691 104.368691
v -3.333333 86.868691 104.368691
v -3.125000 86.868691 104.368691
v -2.916667 86.868691 104.368691
v -2.708333 86.868691 104.368691
v -2.500000 86.868691 104.368691
v -2.291667 86.868691 104.368691
v -2.083333 86.868691 104.368691
v -1.875000 86.868691 104.368691
v -1.666667 86.868691 104.368691
v -1.458333 86.868691 104.368691
v -1.250000 86.868691 104.368691
v -1.041667 86.868691 104.368691
v -0.833333 86.868691 104.368691
v -0.625000 86.868691 104.368691
v -0.416667 86.868691 104.368691
v -0.208333 86.868691 104.368691
v 0.000000 86.868691 104.368691
v 0.208333 86.868691 104.368691
v 0.416667 86.868691 104.368691
v 0.625000 86.868691 104.368691
v 0.833333 86.868691 104.368691
v 1.041667 86.868691 104.368691
v 1.250000 86.868691 104.368691
v 1.458333 86.868691 104.368691
v 1.666667 86.868691 104.368691
v 1.875000 86.868691 104.368691
v 2.083333 86.868691 104.368691
v 2.291667 86.868691 104.368691
v 2.500000 86.868691 104.368691
v 2.708333 86.868691 104.368691
v 2.916667 86.868691 104.368691
v 3.125000 86.868691 104.368691
v 3.333333 86.868691 104.368691
v 3.541667 86.868691 104.368691
v 3.750000 86.868691 104.368691
v 3.958333 86.868691 104.368691
v 4.166667 86.868691 104.368691
v 4.375000 86.868691 104.368691
v 4.583333 86.868691 104.368691
v 4.791667 86.868691 104.368691
v 5.000000 86.868691 104.368691
v -5.000000 95.566082 113.066082
v -4.791667 95.566082 113.066082
v -4.583333 95.566082 113.066082
v -4.375000 95.566082 113.066082
v -4.166667 95.566082 113.066082
v -3.958333 95.566082 113.066082
v -3.750000 95.566082 113.066082
v -3.541667 95.566082 113.066082
v -3.333333 95.566082 113.066082
v -3.125000 95.566082 113.066082
v -2.916667 95.566082 113.066082
v -2.708333 95.566082 113.066082
v -2.500000 95.566082 113.066082
v -2.291667 95.566082 113.066082
v -2.083333 95.566082 113.066082
v -1.875000 95.566082 113.066082
v -1.666667 95.566082 113.066082
v -1.458333 95.566082 113.066082
v -1.250000 95.566082 113.066082
v -1.041667 95.566082 113.066082
v -0.833333 95.566082 113.066082
v -0.625000 95.566082 113.066082
v -0.416667 95.566082 113.066082
v -0.208333 95.566082 113.066082
v 0.000000 95.566082 113.066082
v 0.208333 95.566082 113.066082
v 0.416667 95.566082 113.066082
v 0.625000 95.566082 113.066082
v 0.833333 95.566082 113.066082
v 1.041667 95.566082 113.066082
v 1.250000 95.566082 113.066082
v 1.458333 95.566082 113.066082
v 1.666667 95.566082 113.066082
v 1.875000 95.566082 113.066082
v 2.083333 95.566082 113.066082
v 2.291667 95.566082 113.066082
v 2.500000 95.566082 113.066082
v 2.708333 95.566082 113.066082
v 2.916667 95.566082 113.066082
v 3.125000 95.566082 113.066082
v 3.333333 95.566082 113.066082
v 3.541667 95.566082 113.066082
v 3.750000 95.566082 113.066082
v 3.958333 95.566082 113.066082
v 4.166667 95.566082 113.066082
v 4.375000 95.566082 113.066082
v 4.583333 95.566082 113.066082
v 4.791667 95.566082 113.066082
v 5.000000 95.566082 113.066082
v -5.000000 104.263473 121.763473
v -4.791667 104.263473 121.763473
v -4.583333 104.263473 121.763473
v -4.375000 104.263473 121.763473
v -4.166667 104.263473 121.763473
v -3.958333 104.263473 121.763473
v -3.750000 104.263473 121.763473
v -3.541667 104.263473 121.763473
v -3.333333 104.263473 121.763473
v -3.125000 104.263473 121.763473
v -2.916667 104.263473 121.763473
v -2.708333 104.263473 121.763473
v -2.500000 104.263473 121.763473
v -2.291667 104.263473 121.763473
v -2.083333 104.263473 121.763473
v -1.875000 104.263473 121.763473
v -1.666667 104.263473 121.763473
v -1.458333 104.263473 121.763473
v -1.250000 104.263473 121.763473
v -1.041667 104.263473 121.763473
v -0.833333 104.263473 121.763473
v -0.625000 104.263473 121.763473
v -0.416667 104.263473 121.763473
v -0.208333 104.263473 121.763473
v 0.000000 104.263473 121.763473
v 0.208333 104.263473 121.763473
v 0.416667 104.263473 121.763473
v 0.625000 104.263473 121.763473
v 0.833333 104.263473 121.763473
v 1.041667 104.263473 121.763473
v 1.250000 104.263473 121.763473
v 1.458333 104.263473 121.763473
v 1.666667 104.263473 121.763473
v 1.875000 104.263473 121.763473
v 2.083333 104.263473 121.763473
v 2.291667 104.263473 121.763473
v 2.500000 104.263473 121.763473
v 2.708333 104.263473 121.763473
v 2.916667 104.263473 121.763473
v 3.125000 104.263473 121.763473
v 3.333333 104.263473 121.763473
v 3.541667 104.263473 121.763473
v 3.750000 104.263473 121.763473
v 3.958333 104.263473 121.763473
v 4.166667 104.263473 121.763473
v 4.375000 104.263473 121.763473
v 4.583333 104.263473 121.763473
v 4.791667 104.263473 121.763473
v 5.000000 104.263473 121.763473
v -5.000000 112.960864 130.460864
v -4.791667 112.960864 130.460864
v -4.583333 112.960864 130.460864
v -4.375000 112.960864 130.460864
v -4.166667 112.960864 130.460864
v -3.958333 112.960864 130.460864
v -3.750000 112.960864 130.460864
v -3.541667 112.960864 130.460864
v -3.333333 112.960864 130.460864
v -3.125000 112.960864 130.460864
v -2.916667 112.960864 130.460864
v -2.708333 112.960864 130.460864
v -2.500000 112.960864 130.460864
v -2.291667 112.960864 130.460864
v -2.083333 112.960864 130.460864
v -1.875000 112.960864 130.460864
v -1.666667 112.960864 130.460864
v -1.458333 112.960864 130.460864
v -1.250000 112.960864 130.460864
v -1.041667 112.960864 130.460864
v -0.833333 112.960864 130.460864
v -0.625000 112.960864 130.460864
v -0.416667 112.960864 130.460864
v -0.208333 112.960864 130.460864
v 0.000000 112.960864 130.460864
v 0.208333 112.960864 130.460864
v 0.416667 112.960864 130.460864
v 0.625000 112.960864 130.460864
v 0.833333 112.960864 130.460864
v 1.041667 112.960864 130.460864
v 1.250000 112.960864 130.460864
v 1.458333 112.960864 130.460864
v 1.666667 112.960864 130.460864
v 1.875000 112.960864 130.460864
v 2.083333 112.960864 130.460864
v 2.291667 112.960864 130.460864
v 2.500000 112.960864 130.460864
v 2.708333 112.960864 130.460864
v 2.916667 112.960864 130.460864
v 3.125000 112.960864 130.460864
v 3.333333 112.960864 130.460864
v 3.541667 112.960864 130.460864
v 3.750000 112.960864 130.460864
v 3.958333 112.960864 130.460864
v 4.166667 112.960864 130.460864
v 4.375000 112.960864 130.460864
v 4.583333 112.960864 130.460864
v 4.791667 112.960864 130.460864
v 5.000000 112.960864 130.460864
v -5.000000 121.658255 139.158255
v -4.791667 121.658255 139.158255
v -4.583333 121.658255 139.158255
v -4.375000 121.658255 139.158255
v -4.166667 121.658255 139.158255
v -3.958333 121.658255 139.158255
v -3.750000 121.658255 139.158255
v -3.541667 121.658255 139.158255
v -3.333333 121.658255 139.158255
v -3.125000 121.658255 139.158255
v -2.916667 121.658255 139.158255
v -2.708333 121.658255 139.158255
v -2.500000 121.658255 139.158255
v -2.291667 121.658255 139.158255
v -2.083333 121.658255 139.158255
v -1.875000 121.658255 139.158255
v -1.666667 121.658255 139.158255
v -1.458333 121.658255 139.158255
v -1.250000 121.658255 139.158255
v -1.041667 121.658255 139.158255
v -0.833333 121.658255 139.158255
v -0.625000 121.658255 139.158255
v -0.416667 121.658255 139.158255
v -0.208333 121.658255 139.158255
v 0.000000 121.658255 139.158255
v 0.208333 121.658255 139.158255
v 0.416667 121.658255 139.158255
v 0.625000 121.658255 139.158255
v 0.833333 121.658255 139.158255
v 1.041667 121.658255 139.158255
v 1.250000 121.658255 139.158255
v 1.458333 121.658255 139.158255
v 1.666667 121.658255 139.158255
v 1.875000 121.658255 139.158255
v 2.083333 121.658255 139.158255
v 2.291667 121.658255 139.158255
v 2.500000 121.658255 139.158255
v 2.708333 121.658255 139.158255
v 2.916667 121.658255 139.158255
v 3.125000 121.658255 139.158255
v 3.333333 121.658255 139.158255
v 3.541667 121.658255 139.158255
v 3.750000 121.658255 139.158255
v 3.958333 121.658255 139.158255
v 4.166667 121.658255 139.158255
v 4.375000 121.658255 139.158255
v 4.583333 121.658255 139.158255
v 4.791667 121.658255 139.158255
v 5.000000 121.658255 139.158255
v -5.000000 130.355646 147.855646
v -4.791667 130.355646 147.855646
v -4.583333 130.355646 147.855646
v -4.375000 130.355646 147.855646
v -4.166667 130.355646 147.855646
v -3.958333 130.355646 147.855646
v -3.750000 130.355646 147.855646
v -3.541667 130.355646 147.855646
v -3.333333 130.355646 147.855646
v -3.125000 130.355646 147.855646
v -2.916667 130.355646 147.855646
v -2.708333 130.355646 147.855646
v -2.500000 130.355646 147.855646
v -2.291667 130.355646 147.855646
v -2.083333 130.355646 147.855646
v -1.875000 130.355646 147.855646
v -1.666667 130.355646 147.855646
v -1.458333 130.355646 147.855646
v -1.250000 130.355646 147.855646
v -1.041667 130.355646 147.855646
v -0.833333 130.355646 147.855646
v -0.625000 130.355646 147.855646
v -0.416667 130.355646 147.855646
v -0.208333 130.355646 147.855646
v 0.000000 130.355646 147.855646
v 0.208333 130.355646 147.855646
v 0.416667 130.355646 147.855646
v 0.625000 130.355646 147.855646
v 0.833333 130.355646 147.855646
v 1.041667 130.355646 147.855646
v 1.250000 130.355646 147.855646
v 1.458333 130.355646 147.855646
v 1.666667 130.355646 147.855646
v 1.875000 130.355646 147.855646
v 2.083333 130.355646 147.855646
v 2.291667 130.355646 147.855646
v 2.500000 130.355646 147.855646
v 2.708333 130.355646 147.855646
v 2.916667 130.355646 147.855646
v 3.125000 130.355646 147.855646
v 3.333333 130.355646 147.855646
v 3.541667 130.355646 147.855646
v 3.750000 130.355646 147.855646
v 3.958333 130.355646 147.855646
v 4.166667 130.355646 147.855646
v 4.375000 130.355646 147.855646
v 4.583333 130.355646 147.855646
v 4.791667 130.355646 147.855646
v 5.000000 130.355646 147.855646
v -5.000000 139.053037 156.553037
v -4.791667 139.053037 156.553037
v -4.583333 139.053037 156.553037
v -4.375000 139.053037 156.553037
v -4.166667 139.053037 156.553037
v -3.958333 139.053037 156.553037
v -3.750000 139.053037 156.553037
v -3.541667 139.053037 156.553037
v -3.333333 139.053037 156.553037
v -3.125000 139.053037 156.553037
v -2.916667 139.053037 156.553037
v -2.708333 139.053037 156.553037
v -2.500000 139.053037 156.553037
v -2.291667 139.053037 156.553037
v -2.083333 139.053037 156.553037
v -1.875000 139.053037 156.553037
v -1.666667 139.053037 156.553037
v -1.458333 139.053037 156.553037
v -1.250000 139.053037 156.553037
v -1.041667 139.053037 156.553037
v -0.833333 139.053037 156.553037
v -0.625000 139.053037 156.553037
v -0.416667 139.053037 156.553037
v -0.208333 139.053037 156.553037
v 0.000000 139.053037 156.553037
v 0.208333 139.053037 156.553037
v 0.416667 139.053037 156.553037
v 0.625000 139.053037 156.553037
v 0.833333 139.053037 156.553037
v 1.041667 139.053037 156.553037
v 1.250000 139.053037 156.553037
v 1.458333 139.053037 156.553037
v 1.666667 139.053037 156.553037
v 1.875000 139.053037 156.553037
v 2.083333 139.053037 156.553037
v 2.291667 139.053037 156.553037
v 2.500000 139.053037 156.553037
v 2.708333 139.053037 156.553037
v 2.916667 139.053037 156.553037
v 3.125000 139.053037 156.553037
v 3.333333 139.053037 156.553037
v 3.541667 139.053037 156.553037
v 3.750000 139.053037 156.553037
v 3.958333 139.053037 156.553037
v 4.166667 139.053037 156.553037
v 4.375000 139.053037 156.553037
v 4.583333 139.053037 156.553037
v 4.791667 139.053037 156.553037
v 5.000000 139.053037 156.553037
v -5.000000 147.750428 165.250428
v -4.791667 147.750428 165.250428
v -4.583333 147.750428 165.250428
v -4.375000 147.750428 165.250428
v -4.166667 147.750428 165.250428
v -3.958333 147.750428 165.250428
v -3.750000 147.750428 165.250428
v -3.541667 147.750428 165.250428
v -3.333333 147.750428 165.250428
v -3.125000 147.750428 165.250428
v -2.916667 147.750428 165.250428
v -2.708333 147.750428 165.250428
v -2.500000 147.750428 165.250428
v -2.291667 147.750428 165.250428
v -2.083333 147.750428 165.250428
v -1.875000 147.750428 165.250428
v -1.666667 147.750428 165.250428
v -1.458333 147.750428 165.250428
v -1.250000 147.750428 165.250428
v -1.041667 147.750428 165.250428
v -0.833333 147.750428 165.250428
v -0.625000 147.750428 165.250428
v -0.416667 147.750428 165.250428
v -0.208333 147.750428 165.250428
v 0.000000 147.750428 165.250428
v 0.208333 147.750428 165.250428
v 0.416667 147.750428 165.250428
v 0.625000 147.750428 165.250428
v 0.833333 147.750428 165.250428
v 1.041667 147.750428 165.250428
v 1.250000 147.750428 165.250428
v 1.458333 147.750428 165.250428
v 1.666667 147.750428 165.250428
v 1.875000 147.750428 165.250428
v 2.083333 147.750428 165.250428
v 2.291667 147.750428 165.250428
v 2.500000 147.750428 165.250428
v 2.708333 147.750428 165.250428
v 2.916667 147.750428 165.250428
v 3.125000 147.750428 165.250428
v 3.333333 147.750428 165.250428
v 3.541667 147.750428 165.250428
v 3.750000 147.750428 165.250428
v 3.958333 147.750428 165.250428
v 4.166667 147.750428 165.250428
v 4.375000 147.750428 165.250428
v 4.583333 147.750428 165.250428
v 4.791667 147.750428 165.250428
v 5.000000 147.750428 165.250428
v -5.000000 156.447819 173.947819
v -4.791667 156.447819 173.947819
v -4.583333 156.447819 173.947819
v -4.375000 156.447819 173.947819
v -4.166667 156.447819 173.947819
v -3.958333 156.447819 173.947819
v -3.750000 156.447819 173.947819
v -3.541667 156.447819 173.947819
v -3.333333 156.447819 173.947819
v -3.125000 156.447819 173.947819
v -2.916667 156.447819 173.947819
v -2.708333 156.447819 173.947819
v -2.500000 156.447819 173.947819
v -2.291667 156.447819 173.947819
v -2.083333 156.447819 173.947819
v -1.875000 156.447819 173.947819
v -1.666667 156.447819 173.947819
v -1.458333 156.447819 173.947819
v -1.250000 156.447819 173.947819
v -1.041667 156.447819 173.947819
v -0.833333 156.447819 173.947819
v -0.625000 156.447819 173.947819
v -0.416667 156.447819 173.947819
v -0.208333 156.447819 173.947819
v 0.000000 156.447819 173.947819
v 0.208333 156.447819 173.947819
v 0.416667 156.447819 173.947819
v 0.625000 156.447819 173.947819
v 0.833333 156.447819 173.947819
v 1.041667 156.447819 173.947819
v 1.250000 156.447819 173.947819
v 1.458333 156.447819 173.947819
v 1.666667 156.447819 173.947819
v 1.875000 156.447819 173.947819
v 2.083333 156.447819 173.947819
v 2.291667 156.447819 173.947819
v 2.500000 156.447819 173.947819
v 2.708333 156.447819 173.947819
v 2.916667 156.447819 173.947819
v 3.125000 156.447819 173.947819
v 3.333333 156.447819 173.947819
v 3.541667 156.447819 173.947819
v 3.750000 156.447819 173.947819
v 3.958333 156.447819 173.947819
v 4.166667 156.447819 173.947819
v 4.375000 156.447819 173.947819
v 4.583333 156.447819 173.947819
v 4.791667 156.447819 173.947819
v 5.000000 156.447819 173.947819
v -5.000000 165.145210 182.645210
v -4.791667 165.145210 182.645210
v -4.583333 165.145210 182.645210
v -4.375000 165.145210 182.645210
v -4.166667 165.145210 182.645210
v -3.958333 165.145210 182.645210
v -3.750000 165.145210 182.645210
v -3.541667 165.145210 182.645210
v -3.333333 165.145210 182.645210
v -3.125000 165.145210 182.645210
v -2.916667 165.145210 182.645210
v -2.708333 165.145210 182.645210
v -2.500000 165.145210 182.645210
v -2.291667 165.145210 182.645210
v -2.083333 165.145210 182.645210
v -1.875000 165.145210 182.645210
v -1.666667 165.145210 182.645210
v -1.458333 165.145210 182.645210
v -1.250000 165.145210 182.645210
v -1.041667 165.145210 182.645210
v -0.833333 165.145210 182.645210
v -0.625000 165.145210 182.645210
v -0.416667 165.145210 182.645210
v -0.208333 165.145210 182.645210
v 0.000000 165.145210 182.645210
v 0.208333 165.145210 182.645210
v 0.416667 165.145210 182.645210
v 0.625000 165.145210 182.645210
v 0.833333 165.145210 182.645210
v 1.041667 165.145210 182.645210
v 1.250000 165.145210 182.645210
v 1.458333 165.145210 182.645210
v 1.666667 165.145210 182.645210
v 1.875000 165.145210 182.645210
v 2.083333 165.145210 182.645210
v 2.291667 165.145210 182.645210
v 2.500000 165.145210 182.645210
v 2.708333 165.145210 182.645210
v 2.916667 165.145210 182.645210
v 3.125000 165.145210 182.645210
v 3.333333 165.145210 182.645210
v 3.541667 165.145210 182.645210
v 3.750000 165.145210 182.645210
v 3.958333 165.145210 182.645210
v 4.166667 165.145210 182.645210
v 4.375000 165.145210 182.645210
v 4.583333 165.145210 182.645210
v 4.791667 165.145210 182.645210
v 5.000000 165.145210 182.645210
v -5.000000 173.842601 191.342601
v -4.791667 173.842601 191.342601
v -4.583333 173.842601 191.342601
v -4.375000 173.842601 191.342601
v -4.166667 173.842601 191.342601
v -3.958333 173.842601 191.342601
v -3.750000 173.842601 191.342601
v -3.541667 173.842601 191.342601
v -3.333333 173.842601 191.342601
v -3.125000 173.842601 191.342601
v -2.916667 173.842601 191.342601
v -2.708333 173.842601 191.342601
v -2.500000 173.842601 191.342601
v -2.291667 173.842601 191.342601
v -2.083333 173.842601 191.342601
v -1.875000 173.842601 191.342601
v -1.666667 173.842601 191.342601
v -1.458333 173.842601 191.342601
v -1.250000 173.842601 191.342601
v -1.041667 173.842601 191.342601
v -0.833333 173.842601 191.342601
v -0.625000 173.842601 191.342601
v -0.416667 173.842601 191.342601
v -0.208333 173.842601 191.342601
v 0.000000 173.842601 191.342601
v 0.208333 173.842601 191.342601
v 0.416667 173.842601 191.342601
v 0.625000 173.842601 191.342601
v 0.833333 173.842601 191.342601
v 1.041667 173.842601 191.342601
v 1.250000 173.842601 191.342601
v 1.458333 173.842601 191.342601
v 1.666667 173.842601 191.342601
v 1.875000 173.842601 191.342601
v 2.083333 173.842601 191.342601
v 2.291667 173.842601 191.342601
v 2.500000 173.842601 191.342601
v 2.708333 173.842601 191.342601
v 2.916667 173.842601 191.342601
v 3.125000 173.842601 191.342601
v 3.333333 173.842601 191.342601
v 3.541667 173.842601 191.342601
v 3.750000 173.842601 191.342601
v 3.958333 173.842601 191.342601
v 4.166667 173.842601 191.342601
v 4.375000 173.842601 191.342601
v 4.583333 173.842601 191.342601
v 4.791667 173.842601 191.342601
v 5.000000 173.842601 191.342601
v -5.000000 182.539992 200.039992
v -4.791667 182.539992 200.039992
v -4.583333 182.539992 200.039992
v -4.375000 182.539992 200.039992
v -4.166667 182.539992 200.039992
v -3.958333 182.539992 200.039992
v -3.750000 182.539992 200.039992
v -3.541667 182.539992 200.039992
v -3.333333 182.539992 200.039992
v -3.125000 182.539992 200.039992
v -2.916667 182.539992 200.039992
v -2.708333 182.539992 200.039992
v -2.500000 182.539992 200.039992
v -2.291667 182.539992 200.039992
v -2.083333 182.539992 200.039992
v -1.875000 182.539992 200.039992
v -1.666667 182.539992 200.039992
v -1.458333 182.539992 200.039992
v -1.250000 182.539992 200.039992
v -1.041667 182.539992 200.039992
v -0.833333 182.539992 200.039992
v -0.625000 182.539992 200.039992
v -0.416667 182.539992 200.039992
v -0.208333 182.539992 200.039992
v 0.000000 182.539992 200.039992
v 0.208333 182.539992 200.039992
v 0.416667 182.539992 200.039992
v 0.625000 182.539992 200.039992
v 0.833333 182.539992 200.039992
v 1.041667 182.539992 200.039992
v 1.250000 182.539992 200.039992
v 1.458333 182.539992 200.039992
v 1.666667 182.539992 200.039992
v 1.875000 182.539992 200.039992
v 2.083333 182.539992 200.039992
v 2.291667 182.539992 200.039992
v 2.500000 182.539992 200.039992
v 2.708333 182.539992 200.039992
v 2.916667 182.539992 200.039992
v 3.125000 182.539992 200.039992
v 3.333333 182.539992 200.039992
v 3.541667 182.539992 200.039992
v 3.750000 182.539992 200.039992
v 3.958333 182.539992 200.039992
v 4.166667 182.539992 200.039992
v 4.375000 182.539992 200.039992
v 4.583333 182.539992 200.039992
v 4.791667 182.539992 200.039992
v 5.000000 182.539992 200.039992
v -5.000000 191.237383 208.737383
v -4.791667 191.237383 208.737383
v -4.583333 191.237383 208.737383
v -4.375000 191.237383 208.737383
v -4.166667 191.237383 208.737383
v -3.958333 191.237383 208.737383
v -3.750000 191.237383 208.737383
v -3.541667 191.237383 208.737383
v -3.333333 191.237383 208.737383
v -3.125000 191.237383 208.737383
v -2.916667 191.237383 208.737383
v -2.708333 191.237383 208.737383
v -2.500000 191.237383 208.737383
v -2.291667 191.237383 208.737383
v -2.083333 191.237383 208.737383
v -1.875000 191.237383 208.737383
v -1.666667 191.237383 208.737383
v -1.458333 191.237383 208.737383
v -1.250000 191.237383 208.737383
v -1.041667 191.237383 208.737383
v -0.833333 191.237383 208.737383
v -0.625000 191.237383 208.737383
v -0.416667 191.237383 208.737383
v -0.208333 191.237383 208.737383
v 0.000000 191.237383 208.737383
v 0.208333 191.237383 208.737383
v 0.416667 191.237383 208.737383
v 0.625000 191.237383 208.737383
v 0.833333 191.237383 208.737383
v 1.041667 191.237383 208.737383
v 1.250000 191.237383 208.737383
v 1.458333 191.237383 208.737383
v 1.666667 191.237383 208.737383
v 1.875000 191.237383 208.737383
v 2.083333 191.237383 208.737383
v 2.291667 191.237383 208.737383
v 2.500000 191.237383 208.737383
v 2.708333 191.237383 208.737383
v 2.916667 191.237383 208.737383
v 3.125000 191.237383 208.737383
v 3.333333 191.237383 208.737383
v 3.541667 191.237383 208.737383
v 3.750000 191.237383 208.737383
v 3.958333 191.237383 208.737383
v 4.166667 191.237383 208.737383
v 4.375000 191.237383 208.737383
v 4.583333 191.237383 208.737383
v 4.791667 191.237383 208.737383
v 5.000000 191.237383 208.737383
v -5.000000 199.934773 217.434773
v -4.791667 199.934773 217.434773
v -4.583333 199.934773 217.434773
v -4.375000 199.934773 217.434773
v -4.166667 199.934773 217.434773
v -3.958333 199.934773 217.434773
v -3.750000 199.934773 217.434773
v -3.541667 199.934773 217.434773
v -3.333333 199.934773 217.434773
v -3.125000 199.934773 217.434773
v -2.916667 199.934773 217.434773
v -2.708333 199.934773 217.434773
v -2.500000 199.934773 217.434773
v -2.291667 199.934773 217.434773
v -2.083333 199.934773 217.434773
v -1.875000 199.934773 217.434773
v -1.666667 199.934773 217.434773
v -1.458333 199.934773 217.434773
v -1.250000 199.934773 217.434773
v -1.041667 199.934773 217.434773
v -0.833333 199.934773 217.434773
v -0.625000 199.934773 217.434773
v -0.416667 199.934773 217.434773
v -0.208333 199.934773 217.434773
v 0.000000 199.934773 217.434773
v 0.208333 199.934773 217.434773
v 0.416667 199.934773 217.434773
v 0.625000 199.934773 217.434773
v 0.833333 199.934773 217.434773
v 1.041667 199.934773 217.434773
v 1.250000 199.934773 217.434773
v 1.458333 199.934773 217.434773
v 1.666667 199.934773 217.434773
v 1.875000 199.934773 217.434773
v 2.083333 199.934773 217.434773
v 2.291667 199.934773 217.434773
v 2.500000 199.934773 217.434773
v 2.708333 199.934773 217.434773
v 2.916667 199.934773 217.434773
v 3.125000 199.934773 217.434773
v 3.333333 199.934773 217.434773
v 3.541667 199.934773 217.434773
v 3.750000 199.934773 217.434773
v 3.958333 199.934773 217.434773
v 4.166667 199.934773 217.434773
v 4.375000 199.934773 217.434773
v 4.583333 199.934773 217.434773
v 4.791667 199.934773 217.434773
v 5.000000 199.934773 217.434773
v -5.000000 208.632164 226.132164
v -4.791667 208.632164 226.132164
v -4.583333 208.632164 226.132164
v -4.375000 208.632164 226.132164
v -4.166667 208.632164 226.132164
v -3.958333 208.632164 226.132164
v -3.750000 208.632164 226.132164
v -3.541667 208.632164 226.132164
v -3.333333 208.632164 226.132164
v -3.125000 208.632164 226.132164
v -2.916667 208.632164 226.132164
v -2.708333 208.632164 226.132164
v -2.500000 208.632164 226.132164
v -2.291667 208.632164 226.132164
v -2.083333 208.632164 226.132164
v -1.875000 208.632164 226.132164
v -1.666667 208.632164 226.132164
v -1.458333 208.632164 226.132164
v -1.250000 208.632164 226.132164
v -1.041667 208.632164 226.132164
v -0.833333 208.632164 226.132164
v -0.625000 208.632164 226.132164
v -0.416667 208.632164 226.132164
v -0.208333 208.632164 226.132164
v 0.000000 208.632164 226.132164
v 0.208333 208.632164 226.132164
v 0.416667 208.632164 226.132164
v 0.625000 208.632164 226.132164
v 0.833333 208.632164 226.132164
v 1.041667 208.632164 226.132164
v 1.250000 208.632164 226.132164
v 1.458333 208.632164 226.132164
v 1.666667 208.632164 226.132164
v 1.875000 208.632164 226.132164
v 2.083333 208.632164 226.132164
v 2.291667 208.632164 226.132164
v 2.500000 208.632164 226.132164
v 2.708333 208.632164 226.132164
v 2.916667 208.632164 226.132164
v 3.125000 208.632164 226.132164
v 3.333333 208.632164 226.132164
v 3.541667 208.632164 226.132164
v 3.750000 208.632164 226.132164
v 3.958333 208.632164 226.132164
v 4.166667 208.632164 226.132164
v 4.375000 208.632164 226.132164
v 4.583333 208.632164 226.132164
v 4.791667 208.632164 226.132164
v 5.000000 208.632164 226.132164
v -5.000000 217.329555 234.829555
v -4.791667 217.329555 234.829555
v -4.583333 217.329555 234.829555
v -4.375000 217.329555 234.829555
v -4.166667 217.329555 234.829555
v -3.958333 217.329555 234.829555
v -3.750000 217.329555 234.829555
v -3.541667 217.329555 234.829555
v -3.333333 217.329555 234.829555
v -3.125000 217.329555 234.829555
v -2.916667 217.329555 234.829555
v -2.708333 217.329555 234.829555
v -2.500000 217.329555 234.829555
v -2.291667 217.329555 234.829555
v -2.083333 217.329555 234.829555
v -1.875000 217.329555 234.829555
v -1.666667 217.329555 234.829555
v -1.458333 217.329555 234.829555
v -1.250000 217.329555 234.829555
v -1.041667 217.329555 234.829555
v -0.833333 217.329555 234.829555
v -0.625000 217.329555 234.829555
v -0.416667 217.329555 234.829555
v -0.208333 217.329555 234.829555
v 0.000000 217.329555 234.829555
v 0.208333 217.329555 234.829555
v 0.416667 217.329555 234.829555
v 0.625000 217.329555 234.829555
v 0.833333 217.329555 234.829555
v 1.041667 217.329555 234.829555
v 1.250000 217.329555 234.829555
v 1.458333 217.329555 234.829555
v 1.666667 217.329555 234.829555
v 1.875000 217.329555 234.829555
v 2.083333 217.329555 234.829555
v 2.291667 217.329555 234.829555
v 2.500000 217.329555 234.829555
v 2.708333 217.329555 234.829555
v 2.916667 217.329555 234.829555
v 3.125000 217.329555 234.829555
v 3.333333 217.329555 234.829555
v 3.541667 217.329555 234.829555
v 3.750000 217.329555 234.829555
v 3.958333 217.329555 234.829555
v 4.166667 217.329555 234.829555
v 4.375000 217.329555 234.829555
v 4.583333 217.329555 234.829555
v 4.791667 217.329555 234.829555
v 5.000000 217.329555 234.829555
v -5.000000 226.026946 243.526946
v -4.791667 226.026946 243.526946
v -4.583333 226.026946 243.526946
v -4.375000 226.026946 243.526946
v -4.166667 226.026946 243.526946
v -3.958333 226.026946 243.526946
v -3.750000 226.026946 243.526946
v -3.541667 226.026946 243.526946
v -3.333333 226.026946 243.526946
v -3.125000 226.026946 243.526946
v -2.916667 226.026946 243.526946
v -2.708333 226.026946 243.526946
v -2.500000 226.026946 243.526946
v -2.291667 226.026946 243.526946
v -2.083333 226.026946 243.526946
v -1.875000 226.026946 243.526946
v -1.666667 226.026946 243.526946
v -1.458333 226.026946 243.526946
v -1.250000 226.026946 243.526946
v -1.041667 226.026946 243.526946
v -0.833333 226.026946 243.526946
v -0.625000 226.026946 243.526946
v -0.416667 226.026946 243.526946
v -0.208333 226.026946 243.526946
v 0.000000 226.026946 243.526946
v 0.208333 226.026946 243.526946
v 0.416667 226.026946 243.526946
v 0.625000 226.026946 243.526946
v 0.833333 226.026946 243.526946
v 1.041667 226.026946 243.526946
v 1.250000 226.026946 243.526946
v 1.458333 226.026946 243.526946
v 1.666667 226.026946 243.526946
v 1.875000 226.026946 243.526946
v 2.083333 226.026946 243.526946
v 2.291667 226.026946 243.526946
v 2.500000 226.026946 243.526946
v 2.708333 226.026946 243.526946
v 2.916667 226.026946 243.526946
v 3.125000 226.026946 243.526946
v 3.333333 226.026946 243.526946
v 3.541667 226.026946 243.526946
v 3.750000 226.026946 243.526946
v 3.958333 226.026946 243.526946
v 4.166667 226.026946 243.526946
v 4.375000 226.026946 243.526946
v 4.583333 226.026946 243.526946
v 4.791667 226.026946 243.526946
v 5.000000 226.026946 243.526946
v -5.000000 234.724337 252.224337
v -4.791667 234.724337 252.224337
v -4.583333 234.724337 252.224337
v -4.375000 234.724337 252.224337
v -4.166667 234.724337 252.224337
v -3.958333 234.724337 252.224337
v -3.750000 234.724337 252.224337
v -3.541667 234.724337 252.224337
v -3.333333 234.724337 252.224337
v -3.125000 234.724337 252.224337
v -2.916667 234.724337 252.224337
v -2.708333 234.724337 252.224337
v -2.500000 234.724337 252.224337
v -2.291667 234.724337 252.224337
v -2.083333 234.724337 252.224337
v -1.875000 234.724337 252.224337
v -1.666667 234.724337 252.224337
v -1.458333 234.724337 252.224337
v -1.250000 234.724337 252.224337
v -1.041667 234.724337 252.224337
v -0.833333 234.724337 252.224337
v -0.625000 234.724337 252.224337
v -0.416667 234.724337 252.224337
v -0.208333 234.724337 252.224337
v 0.000000 234.724337 252.224337
v 0.208333 234.724337 252.224337
v 0.416667 234.724337 252.224337
v 0.625000 234.724337 252.224337
v 0.833333 234.724337 252.224337
v 1.041667 234.724337 252.224337
v 1.250000 234.724337 252.224337
v 1.458333 234.724337 252.224337
v 1.666667 234.724337 252.224337
v 1.875000 234.724337 252.224337
v 2.083333 234.724337 252.224337
v 2.291667 234.724337 252.224337
v 2.500000 234.724337 252.224337
v 2.708333 234.724337 252.224337
v 2.916667 234.724337 252.224337
v 3.125000 234.724337 252.224337
v 3.333333 234.724337 252.224337
v 3.541667 234.724337 252.224337
v 3.750000 234.724337 252.224337
v 3.958333 234.724337 252.224337
v 4.166667 234.724337 252.224337
v 4.375000 234.724337 252.224337
v 4.583333 234.724337 252.224337
v 4.791667 234.724337 252.224337
v 5.000000 234.724337 252.224337
v -5.000000 243.421728 260.921728
v -4.791667 243.421728 260.921728
v -4.583333 243.421728 260.921728
v -4.375000 243.421728 260.921728
v -4.166667 243.421728 260.921728
v -3.958333 243.421728 260.921728
v -3.750000 243.421728 260.921728
v -3.541667 243.421728 260.921728
v -3.333333 243.421728 260.921728
v -3.125000 243.421728 260.921728
v -2.916667 243.421728 260.921728
v -2.708333 243.421728 260.921728
v -2.500000 243.421728 260.921728
v -2.291667 243.421728 260.921728
v -2.083333 243.421728 260.921728
v -1.875000 243.421728 260.921728
v -1.666667 243.421728 260.921728
v -1.458333 243.421728 260.921728
v -1.250000 243.421728 260.921728
v -1.041667 243.421728 260.921728
v -0.833333 243.421728 260.921728
v -0.625000 243.421728 260.921728
v -0.416667 243.421728 260.921728
v -0.208333 243.421728 260.921728
v 0.000000 243.421728 260.921728
v 0.208333 243.421728 260.921728
v 0.416667 243.421728 260.921728
v 0.625000 243.421728 260.921728
v 0.833333 243.421728 260.921728
v 1.041667 243.421728 260.921728
v 1.250000 243.421728 260.921728
v 1.458333 243.421728 260.921728
v 1.666667 243.421728 260.921728
v 1.875000 243.421728 260.921728
v 2.083333 243.421728 260.921728
v 2.291667 243.421728 260.921728
v 2.500000 243.421728 260.921728
v 2.708333 243.421728 260.921728
v 2.916667 243.421728 260.921728
v 3.125000 243.421728 260.921728
v 3.333333 243.421728 260.921728
v 3.541667 243.421728 260.921728
v 3.750000 243.421728 260.921728
v 3.958333 243.421728 260.921728
v 4.166667 243.421728 260.921728
v 4.375000 243.421728 260.921728
v 4.583333 243.421728 260.921728
v 4.791667 243.421728 260.921728
v 5.000000 243.421728 260.921728
v -5.000000 252.119119 269.619119
v -4.791667 252.119119 269.619119
v -4.583333 252.119119 269.619119
v -4.375000 252.119119 269.619119
v -4.166667 252.119119 269.619119
v -3.958333 252.119119 269.619119
v -3.750000 252.119119 269.619119
v -3.541667 252.119119 269.619119
v -3.333333 252.119119 269.619119
v -3.125000 252.119119 269.619119
v -2.916667 252.119119 269.619119
v -2.708333 252.119119 269.619119
v -2.500000 252.119119 269.619119
v -2.291667 252.119119 269.619119
v -2.083333 252.119119 269.619119
v -1.875000 252.119119 269.619119
v -1.666667 252.119119 269.619119
v -1.458333 252.119119 269.619119
v -1.250000 252.119119 269.619119
v -1.041667 252.119119 269.619119
v -0.833333 252.119119 269.619119
v -0.625000 252.119119 269.619119
v -0.416667 252.119119 269.619119
v -0.208333 252.119119 269.619119
v 0.000000 252.119119 269.619119
v 0.208333 252.119119 269.619119
v 0.416667 252.119119 269.619119
v 0.625000 252.119119 269.619119
v 0.833333 252.119119 269.619119
v 1.041667 252.119119 269.619119
v 1.250000 252.119119 269.619119
v 1.458333 252.119119 269.619119
v 1.666667 252.119119 269.619119
v 1.875000 252.119119 269.619119
v 2.083333 252.119119 269.619119
v 2.291667 252.119119 269.619119
v 2.500000 252.119119 269.619119
v 2.708333 252.119119 269.619119
v 2.916667 252.119119 269.619119
v 3.125000 252.119119 269.619119
v 3.333333 252.119119 269.619119
v 3.541667 252.119119 269.619119
v 3.750000 252.119119 269.619119
v 3.958333 252.119119 269.619119
v 4.166667 252.119119 269.619119
v 4.375000 252.119119 269.619119
v 4.583333 252.119119 269.619119
v 4.791667 252.119119 269.619119
v 5.000000 252.119119 269.619119
v -5.000000 260.816510 278.316510
v -4.791667 260.816510 278.316510
v -4.583333 260.816510 278.316510
v -4.375000 260.816510 278.316510
v -4.166667 260.816510 278.316510
v -3.958333 260.816510 278.316510
v -3.750000 260.816510 278.316510
v -3.541667 260.816510 278.316510
v -3.333333 260.816510 278.316510
v -3.125000 260.816510 278.316510
v -2.916667 260.816510 278.316510
v -2.708333 260.816510 278.316510
v -2.500000 260.816510 278.316510
v -2.291667 260.816510 278.316510
v -2.083333 260.816510 278.316510
v -1.875000 260.816510 278.316510
v -1.666667 260.816510 278.316510
v -1.458333 260.816510 278.316510
v -1.250000 260.816510 278.316510
v -1.041667 260.816510 278.316510
v -0.833333 260.816510 278.316510
v -0.625000 260.816510 278.316510
v -0.416667 260.816510 278.316510
v -0.208333 260.816510 278.316510
v 0.000000 260.816510 278.316510
v 0.208333 260.816510 278.316510
v 0.416667 260.816510 278.316510
v 0.625000 260.816510 278.316510
v 0.833333 260.816510 278.316510
v 1.041667 260.816510 278.316510
v 1.250000 260.816510 278.316510
v 1.458333 260.816510 278.316510
v 1.666667 260.816510 278.316510
v 1.875000 260.816510 278.316510
v 2.083333 260.816510 278.316510
v 2.291667 260.816510 278.316510
v 2.500000 260.816510 278.316510
v 2.708333 260.816510 278.316510
v 2.916667 260.816510 278.316510
v 3.125000 260.816510 278.316510
v 3.333333 260.816510 278.316510
v 3.541667 260.816510 278.316510
v 3.750000 260.816510 278.316510
v 3.958333 260.816510 278.316510
v 4.166667 260.816510 278.316510
v 4.375000 260.816510 278.316510
v 4.583333 260.816510 278.316510
v 4.791667 260.816510 278.316510
v 5.000000 260.816510 278.316510
v -5.000000 269.513901 287.013901
v -4.791667 269.513901 287.013901
v -4.583333 269.513901 287.013901
v -4.375000 269.513901 287.013901
v -4.166667 269.513901 287.013901
v -3.958333 269.513901 287.013901
v -3.750000 269.513901 287.013901
v -3.541667 269.513901 287.013901
v -3.333333 269.513901 287.013901
v -3.125000 269.513901 287.013901
v -2.916667 269.513901 287.013901
v -2.708333 269.513901 287.013901
v -2.500000 269.513901 287.013901
v -2.291667 269.513901 287.013901
v -2.083333 269.513901 287.013901
v -1.875000 269.513901 287.013901
v -1.666667 269.513901 287.013901
v -1.458333 269.513901 287.013901
v -1.250000 269.513901 287.013901
v -1.041667 269.513901 287.013901
v -0.833333 269.513901 287.013901
v -0.625000 269.513901 287.013901
v -0.416667 269.513901 287.013901
v -0.208333 269.513901 287.013901
v 0.000000 269.513901 287.013901
v 0.208333 269.513901 287.013901
v 0.416667 269.513901 287.013901
v 0.625000 269.513901 287.013901
v 0.833333 269.513901 287.013901
v 1.041667 269.513901 287.013901
v 1.250000 269.513901 287.013901
v 1.458333 269.513901 287.013901
v 1.666667 269.513901 287.013901
v 1.875000 269.513901 287.013901
v 2.083333 269.513901 287.013901
v 2.291667 269.513901 287.013901
v 2.500000 269.513901 287.013901
v 2.708333 269.513901 287.013901
v 2.916667 269.513901 287.013901
v 3.125000 269.513901 287.013901
v 3.333333 269.513901 287.013901
v 3.541667 269.513901 287.013901
v 3.750000 269.513901 287.013901
v 3.958333 269.513901 287.013901
v 4.166667 269.513901 287.013901
v 4.375000 269.513901 287.013901
v 4.583333 269.513901 287.013901
v 4.791667 269.513901 287.013901
v 5.000000 269.513901 287.013901
v -5.000000 278.211292 295.711292
v -4.791667 278.211292 295.711292
v -4.583333 278.211292 295.711292
v -4.375000 278.211292 295.711292
v -4.166667 278.211292 295.711292
v -3.958333 278.211292 295.711292
v -3.750000 278.211292 295.711292
v -3.541667 278.211292 295.711292
v -3.333333 278.211292 295.711292
v -3.125000 278.211292 295.711292
v -2.916667 278.211292 295.711292
v -2.708333 278.211292 295.711292
v -2.500000 278.211292 295.711292
v -2.291667 278.211292 295.711292
v -2.083333 278.211292 295.711292
v -1.875000 278.211292 295.711292
v -1.666667 278.211292 295.711292
v -1.458333 278.211292 295.711292
v -1.250000 278.211292 295.711292
v -1.041667 278.211292 295.711292
v -0.833333 278.211292 295.711292
v -0.625000 278.211292 295.711292
v -0.416667 278.211292 295.711292
v -0.208333 278.211292 295.711292
v 0.000000 278.211292 295.711292
v 0.208333 278.211292 295.711292
v 0.416667 278.211292 295.711292
v 0.625000 278.211292 295.711292
v 0.833333 278.211292 295.711292
v 1.041667 278.211292 295.711292
v 1.250000 278.211292 295.711292
v 1.458333 278.211292 295.711292
v 1.666667 278.211292 295.711292
v 1.875000 278.211292 295.711292
v 2.083333 278.211292 295.711292
v 2.291667 278.211292 295.711292
v 2.500000 278.211292 295.711292
v 2.708333 278.211292 295.711292
v 2.916667 278.211292 295.711292
v 3.125000 278.211292 295.711292
v 3.333333 278.211292 295.711292
v 3.541667 278.211292 295.711292
v 3.750000 278.211292 295.711292
v 3.958333 278.211292 295.711292
v 4.166667 278.211292 295.711292
v 4.375000 278.211292 295.711292
v 4.583333 278.211292 295.711292
v 4.791667 278.211292 295.711292
v 5.000000 278.211292 295.711292
v -5.000000 286.908683 304.408683
v -4.791667 286.908683 304.408683
v -4.583333 286.908683 304.408683
v -4.375000 286.908683 304.408683
v -4.166667 286.908683 304.408683
v -3.958333 286.908683 304.408683
v -3.750000 286.908683 304.408683
v -3.541667 286.908683 304.408683
v -3.333333 286.908683 304.408683
v -3.125000 286.908683 304.408683
v -2.916667 286.908683 304.408683
v -2.708333 286.908683 304.408683
v -2.500000 286.908683 304.408683
v -2.291667 286.908683 304.408683
v -2.083333 286.908683 304.408683
v -1.875000 286.908683 304.408683
v -1.666667 286.908683 304.408683
v -1.458333 286.908683 304.408683
v -1.250000 286.908683 304.408683
v -1.041667 286.908683 304.408683
v -0.833333 286.908683 304.408683
v -0.625000 286.908683 304.408683
v -0.416667 286.908683 304.408683
v -0.208333 286.908683 304.408683
v 0.000000 286.908683 304.408683
v 0.208333 286.908683 304.408683
v 0.416667 286.908683 304.408683
v 0.625000 286.908683 304.408683
v 0.833333 286.908683 304.408683
v 1.041667 286.908683 304.408683
v 1.250000 286.908683 304.408683
v 1.458333 286.908683 304.408683
v 1.666667 286.908683 304.408683
v 1.875000 286.908683 304.408683
v 2.083333 286.908683 304.408683
v 2.291667 286.908683 304.408683
v 2.500000 286.908683 304.408683
v 2.708333 286.908683 304.408683
v 2.916667 286.908683 304.408683
v 3.125000 286.908683 304.408683
v 3.333333 286.908683 304.408683
v 3.541667 286.908683 304.408683
v 3.750000 286.908683 304.408683
v 3.958333 286.908683 304.408683
v 4.166667 286.908683 304.408683
v 4.375000 286.908683 304.408683
v 4.583333 286.908683 304.408683
v 4.791667 286.908683 304.408683
v 5.000000 286.908683 304.408683
v -5.000000 295.606074 313.106074
v -4.791667 295.606074 313.106074
v -4.583333 295.606074 313.106074
v -4.375000 295.606074 313.106074
v -4.166667 295.606074 313.106074
v -3.958333 295.606074 313.106074
v -3.750000 295.606074 313.106074
v -3.541667 295.606074 313.106074
v -3.333333 295.606074 313.106074
v -3.125000 295.606074 313.106074
v -2.916667 295.606074 313.106074
v -2.708333 295.606074 313.106074
v -2.500000 295.606074 313.106074
v -2.291667 295.606074 313.106074
v -2.083333 295.606074 313.106074
v -1.875000 295.606074 313.106074
v -1.666667 295.606074 313.106074
v -1.458333 295.606074 313.106074
v -1.250000 295.606074 313.106074
v -1.041667 295.606074 313.106074
v -0.833333 295.606074 313.106074
v -0.625000 295.606074 313.106074
v -0.416667 295.606074 313.106074
v -0.208333 295.606074 313.106074
v 0.000000 295.606074 313.106074
v 0.208333 295.606074 313.106074
v 0.416667 295.606074 313.106074
v 0.625000 295.606074 313.106074
v 0.833333 295.606074 313.106074
v 1.041667 295.606074 313.106074
v 1.250000 295.606074 313.106074
v 1.458333 295.606074 313.106074
v 1.666667 295.606074 313.106074
v 1.875000 295.606074 313.106074
v 2.083333 295.606074 313.106074
v 2.291667 295.606074 313.106074
v 2.500000 295.606074 313.106074
v 2.708333 295.606074 313.106074
v 2.916667 295.606074 313.106074
v 3.125000 295.606074 313.106074
v 3.333333 295.606074 313.106074
v 3.541667 295.606074 313.106074
v 3.750000 295.606074 313.106074
v 3.958333 295.606074 313.106074
v 4.166667 295.606074 313.106074
v 4.375000 295.606074 313.106074
v 4.583333 295.606074 313.106074
v 4.791667 295.606074 313.106074
v 5.000000 295.606074 313.106074
v -5.000000 304.303465 321.803465
v -4.791667 304.303465 321.803465
v -4.583333 304.303465 321.803465
v -4.375000 304.303465 321.803465
v -4.166667 304.303465 321.803465
v -3.958333 304.303465 321.803465
v -3.750000 304.303465 321.803465
v -3.541667 304.303465 321.803465
v -3.333333 304.303465 321.803465
v -3.125000 304.303465 321.803465
v -2.916667 304.303465 321.803465
v -2.708333 304.303465 321.803465
v -2.500000 304.303465 321.803465
v -2.291667 304.303465 321.803465
v -2.083333 304.303465 321.803465
v -1.875000 304.303465 321.803465
v -1.666667 304.303465 321.803465
v -1.458333 304.303465 321.803465
v -1.250000 304.303465 321.803465
v -1.041667 304.303465 321.803465
v -0.833333 304.303465 321.803465
v -0.625000 304.303465 321.803465
v -0.416667 304.303465 321.803465
v -0.208333 304.303465 321.803465
v 0.000000 304.303465 321.803465
v 0.208333 304.303465 321.803465
v 0.416667 304.303465 321.803465
v 0.625000 304.303465 321.803465
v 0.833333 304.303465 321.803465
v 1.041667 304.303465 321.803465
v 1.250000 304.303465 321.803465
v 1.458333 304.303465 321.803465
v 1.666667 304.303465 321.803465
v 1.875000 304.303465 321.803465
v 2.083333 304.303465 321.803465
v 2.291667 304.303465 321.803465
v 2.500000 304.303465 321.803465
v 2.708333 304.303465 321.803465
v 2.916667 304.303465 321.803465
v 3.125000 304.303465 321.803465
v 3.333333 304.303465 321.803465
v 3.541667 304.303465 321.803465
v 3.750000 304.303465 321.803465
v 3.958333 304.303465 321.803465
v 4.166667 304.303465 321.803465
v 4.375000 304.303465 321.803465
v 4.583333 304.303465 321.803465
v 4.791667 304.303465 321.803465
v 5.000000 304.303465 321.803465
v -5.000000 313.000856 330.500856
v -4.791667 313.000856 330.500856
v -4.583333 313.000856 330.500856
v -4.375000 313.000856 330.500856
v -4.166667 313.000856 330.500856
v -3.958333 313.000856 330.500856
v -3.750000 313.000856 330.500856
v -3.541667 313.000856 330.500856
v -3.333333 313.000856 330.500856
v -3.125000 313.000856 330.500856
v -2.916667 313.000856 330.500856
v -2.708333 313.000856 330.500856
v -2.500000 313.000856 330.500856
v -2.291667 313.000856 330.500856
v -2.083333 313.000856 330.500856
v -1.875000 313.000856 330.500856
v -1.666667 313.000856 330.500856
v -1.458333 313.000856 330.500856
v -1.250000 313.000856 330.500856
v -1.041667 313.000856 330.500856
v -0.833333 313.000856 330.500856
v -0.625000 313.000856 330.500856
v -0.416667 313.000856 330.500856
v -0.208333 313.000856 330.500856
v 0.000000 313.000856 330.500856
v 0.208333 313.000856 330.500856
v 0.416667 313.000856 330.500856
v 0.625000 313.000856 330.500856
v 0.833333 313.000856 330.500856
v 1.041667 313.000856 330.500856
v 1.250000 313.000856 330.500856
v 1.458333 313.000856 330.500856
v 1.666667 313.000856 330.500856
v 1.875000 313.000856 330.500856
v 2.083333 313.000856 330.500856
v 2.291667 313.000856 330.500856
v 2.500000 313.000856 330.500856
v 2.708333 313.000856 330.500856
v 2.916667 313.000856 330.500856
v 3.125000 313.000856 330.500856
v 3.333333 313.000856 330.500856
v 3.541667 313.000856 330.500856
v 3.750000 313.000856 330.500856
v 3.958333 313.000856 330.500856
v 4.166667 313.000856 330.500856
v 4.375000 313.000856 330.500856
v 4.583333 313.000856 330.500856
v 4.791667 313.000856 330.500856
v 5.000000 313.000856 330.500856
v -5.000000 321.698247 339.198247
v -4.791667 321.698247 339.198247
v -4.583333 321.698247 339.198247
v -4.375000 321.698247 339.198247
v -4.166667 321.698247 339.198247
v -3.958333 321.698247 339.198247
v -3.750000 321.698247 339.198247
v -3.541667 321.698247 339.198247
v -3.333333 321.698247 339.198247
v -3.125000 321.698247 339.198247
v -2.916667 321.698247 339.198247
v -2.708333 321.698247 339.198247
v -2.500000 321.698247 339.198247
v -2.291667 321.698247 339.198247
v -2.083333 321.698247 339.198247
v -1.875000 321.698247 339.198247
v -1.666667 321.698247 339.198247
v -1.458333 321.698247 339.198247
v -1.250000 321.698247 339.198247
v -1.041667 321.698247 339.198247
v -0.833333 321.698247 339.198247
v -0.625000 321.698247 339.198247
v -0.416667 321.698247 339.198247
v -0.208333 321.698247 339.198247
v 0.000000 321.698247 339.198247
v 0.208333 321.698247 339.198247
v 0.416667 321.698247 339.198247
v 0.625000 321.698247 339.198247
v 0.833333 321.698247 339.198247
v 1.041667 321.698247 339.198247
v 1.250000 321.698247 339.198247
v 1.458333 321.698247 339.198247
v 1.666667 321.698247 339.198247
v 1.875000 321.698247 339.198247
v 2.083333 321.698247 339.198247
v 2.291667 321.698247 339.198247
v 2.500000 321.698247 339.198247
v 2.708333 321.698247 339.198247
v 2.916667 321.698247 339.198247
v 3.125000 321.698247 339.198247
v 3.333333 321.698247 339.198247
v 3.541667 321.698247 339.198247
v 3.750000 321.698247 339.198247
v 3.958333 321.698247 339.198247
v 4.166667 321.698247 339.198247
v 4.375000 321.698247 339.198247
v 4.583333 321.698247 339.198247
v 4.791667 321.698247 339.198247
v 5.000000 321.698247 339.198247
v -5.000000 330.395638 347.895638
v -4.791667 330.395638 347.895638
v -4.583333 330.395638 347.895638
v -4.375000 330.395638 347.895638
v -4.166667 330.395638 347.895638
v -3.958333 330.395638 347.895638
v -3.750000 330.395638 347.895638
v -3.541667 330.395638 347.895638
v -3.333333 330.395638 347.895638
v -3.125000 330.395638 347.895638
v -2.916667 330.395638 347.895638
v -2.708333 330.395638 347.895638
v -2.500000 330.395638 347.895638
v -2.291667 330.395638 347.895638
v -2.083333 330.395638 347.895638
v -1.875000 330.395638 347.895638
v -1.666667 330.395638 347.895638
v -1.458333 330.395638 347.895638
v -1.250000 330.395638 347.895638
v -1.041667 330.395638 347.895638
v -0.833333 330.395638 347.895638
v -0.625000 330.395638 347.895638
v -0.416667 330.395638 347.895638
v -0.208333 330.395638 347.895638
v 0.000000 330.395638 347.895638
v 0.208333 330.395638 347.895638
v 0.416667 330.395638 347.895638
v 0.625000 330.395638 347.895638
v 0.833333 330.395638 347.895638
v 1.041667 330.395638 347.895638
v 1.250000 330.395638 347.895638
v 1.458333 330.395638 347.895638
v 1.666667 330.395638 347.895638
v 1.875000 330.395638 347.895638
v 2.083333 330.395638 347.895638
v 2.291667 330.395638 347.895638
v 2.500000 330.395638 347.895638
v 2.708333 330.395638 347.895638
v 2.916667 330.395638 347.895638
v 3.125000 330.395638 347.895638
v 3.333333 330.395638 347.895638
v 3.541667 330.395638 347.895638
v 3.750000 330.395638 347.895638
v 3.958333 330.395638 347.895638
v 4.166667 330.395638 347.895638
v 4.375000 330.395638 347.895638
v 4.583333 330.395638 347.895638
v 4.791667 330.395638 347.895638
v 5.000000 330.395638 347.895638
v -5.000000 339.093028 356.593028
v -4.791667 339.093028 356.593028
v -4.583333 339.093028 356.593028
v -4.375000 339.093028 356.593028
v -4.166667 339.093028 356.593028
v -3.958333 339.093028 356.593028
v -3.750000 339.093028 356.593028
v -3.541667 339.093028 356.593028
v -3.333333 339.093028 356.593028
v -3.125000 339.093028 356.593028
v -2.916667 339.093028 356.593028
v -2.708333 339.093028 356.593028
v -2.500000 339.093028 356.593028
v -2.291667 339.093028 356.593028
v -2.083333 339.093028 356.593028
v -1.875000 339.093028 356.593028
v -1.666667 339.093028 356.593028
v -1.458333 339.093028 356.593028
v -1.250000 339.093028 356.593028
v -1.041667 339.093028 356.593028
v -0.833333 339.093028 356.593028
v -0.625000 339.093028 356.593028
v -0.416667 339.093028 356.593028
v -0.208333 339.093028 356.593028
v 0.000000 339.093028 356.593028
v 0.208333 339.093028 356.593028
v 0.416667 339.093028 356.593028
v 0.625000 339.093028 356.593028
v 0.833333 339.093028 356.593028
v 1.041667 339.093028 356.593028
v 1.250000 339.093028 356.593028
v 1.458333 339.093028 356.593028
v 1.666667 339.093028 356.593028
v 1.875000 339.093028 356.593028
v 2.083333 339.093028 356.593028
v 2.291667 339.093028 356.593028
v 2.500000 339.093028 356.593028
v 2.708333 339.093028 356.593028
v 2.916667 339.093028 356.593028
v 3.125000 339.093028 356.593028
v 3.333333 339.093028 356.593028
v 3.541667 339.093028 356.593028
v 3.750000 339.093028 356.593028
v 3.958333 339.093028 356.593028
v 4.166667 339.093028 356.593028
v 4.375000 339.093028 356.593028
v 4.583333 339.093028 356.593028
v 4.791667 339.093028 356.593028
v 5.000000 339.093028 356.593028
v -5.000000 347.790419 365.290419
v -4.791667 347.790419 365.290419
v -4.583333 347.790419 365.290419
v -4.375000 347.790419 365.290419
v -4.166667 347.790419 365.290419
v -3.958333 347.790419 365.290419
v -3.750000 347.790419 365.290419
v -3.541667 347.790419 365.290419
v -3.333333 347.790419 365.290419
v -3.125000 347.790419 365.290419
v -2.916667 347.790419 365.290419
v -2.708333 347.790419 365.290419
v -2.500000 347.790419 365.290419
v -2.291667 347.790419 365.290419
v -2.083333 347.790419 365.290419
v -1.875000 347.790419 365.290419
v -1.666667 347.790419 365.290419
v -1.458333 347.790419 365.290419
v -1.250000 347.790419 365.290419
v -1.041667 347.790419 365.290419
v -0.833333 347.790419 365.290419
v -0.625000 347.790419 365.290419
v -0.416667 347.790419 365.290419
v -0.208333 347.790419 365.290419
v 0.000000 347.790419 365.290419
v 0.208333 347.790419 365.290419
v 0.416667 347.790419 365.290419
v 0.625000 347.790419 365.290419
v 0.833333 347.790419 365.290419
v 1.041667 347.790419 365.290419
v 1.250000 347.790419 365.290419
v 1.458333 347.790419 365.290419
v 1.666667 347.790419 365.290419
v 1.875000 347.790419 365.290419
v 2.083333 347.790419 365.290419
v 2.291667 347.790419 365.290419
v 2.500000 347.790419 365.290419
v 2.708333 347.790419 365.290419
v 2.916667 347.790419 365.290419
v 3.125000 347.790419 365.290419
v 3.333333 347.790419 365.290419
v 3.541667 347.790419 365.290419
v 3.750000 347.790419 365.290419
v 3.958333 347.790419 365.290419
v 4.166667 347.790419 365.290419
v 4.375000 347.790419 365.290419
v 4.583333 347.790419 365.290419
v 4.791667 347.790419 365.290419
v 5.000000 347.790419 365.290419
v -5.000000 356.487810 373.987810
v -4.791667 356.487810 373.987810
v -4.583333 356.487810 373.987810
v -4.375000 356.487810 373.987810
v -4.166667 356.487810 373.987810
v -3.958333 356.487810 373.987810
v -3.750000 356.487810 373.987810
v -3.541667 356.487810 373.987810
v -3.333333 356.487810 373.987810
v -3.125000 356.487810 373.987810
v -2.916667 356.487810 373.987810
v -2.708333 356.487810 373.987810
v -2.500000 356.487810 373.987810
v -2.291667 356.487810 373.987810
v -2.083333 356.487810 373.987810
v -1.875000 356.487810 373.987810
v -1.666667 356.487810 373.987810
v -1.458333 356.487810 373.987810
v -1.250000 356.487810 373.987810
v -1.041667 356.487810 373.987810
v -0.833333 356.487810 373.987810
v -0.625000 356.487810 373.987810
v -0.416667 356.487810 373.987810
v -0.208333 356.487810 373.987810
v 0.000000 356.487810 373.987810
v 0.208333 356.487810 373.987810
v 0.416667 356.487810 373.987810
v 0.625000 356.487810 373.987810
v 0.833333 356.487810 373.987810
v 1.041667 356.487810 373.987810
v 1.250000 356.487810 373.987810
v 1.458333 356.487810 373.987810
v 1.666667 356.487810 373.987810
v 1.875000 356.487810 373.987810
v 2.083333 356.487810 373.987810
v 2.291667 356.487810 373.987810
v 2.500000 356.487810 373.987810
v 2.708333 356.487810 373.987810
v 2.916667 356.487810 373.987810
v 3.125000 356.487810 373.987810
v 3.333333 356.487810 373.987810
v 3.541667 356.487810 373.987810
v 3.750000 356.487810 373.987810
v 3.958333 356.487810 373.987810
v 4.166667 356.487810 373.987810
v 4.375000 356.487810 373.987810
v 4.583333 356.487810 373.987810
v 4.791667 356.487810 373.987810
v 5.000000 356.487810 373.987810
v -5.000000 365.185201 382.685201
v -4.791667 365.185201 382.685201
v -4.583333 365.185201 382.685201
v -4.375000 365.185201 382.685201
v -4.166667 365.185201 382.685201
v -3.958333 365.185201 382.685201
v -3.750000 365.185201 382.685201
v -3.541667 365.185201 382.685201
v -3.333333 365.185201 382.685201
v -3.125000 365.185201 382.685201
v -2.916667 365.185201 382.685201
v -2.708333 365.185201 382.685201
v -2.500000 365.185201 382.685201
v -2.291667 365.185201 382.685201
v -2.083333 365.185201 382.685201
v -1.875000 365.185201 382.685201
v -1.666667 365.185201 382.685201
v -1.458333 365.185201 382.685201
v -1.250000 365.185201 382.685201
v -1.041667 365.185201 382.685201
v -0.833333 365.185201 382.685201
v -0.625000 365.185201 382.685201
v -0.416667 365.185201 382.685201
v -0.208333 365.185201 382.685201
v 0.000000 365.185201 382.685201
v 0.208333 365.185201 382.685201
v 0.416667 365.185201 382.685201
v 0.625000 365.185201 382.685201
v 0.833333 365.185201 382.685201
v 1.041667 365.185201 382.685201
v 1.250000 365.185201 382.685201
v 1.458333 365.185201 382.685201
v 1.666667 365.185201 382.685201
v 1.875000 365.185201 382.685201
v 2.083333 365.185201 382.685201
v 2.291667 365.185201 382.685201
v 2.500000 365.185201 382.685201
v 2.708333 365.185201 382.685201
v 2.916667 365.185201 382.685201
v 3.125000 365.185201 382.685201
v 3.333333 365.185201 382.685201
v 3.541667 365.185201 382.685201
v 3.750000 365.185201 382.685201
v 3.958333 365.185201 382.685201
v 4.166667 365.185201 382.685201
v 4.375000 365.185201 382.685201
v 4.583333 365.185201 382.685201
v 4.791667 365.185201 382.685201
v 5.000000 365.185201 382.685201
v -5.000000 373.882592 391.382592
v -4.791667 373.882592 391.382592
v -4.583333 373.882592 391.382592
v -4.375000 373.882592 391.382592
v -4.166667 373.882592 391.382592
v -3.958333 373.882592 391.382592
v -3.750000 373.882592 391.382592
v -3.541667 373.882592 391.382592
v -3.333333 373.882592 391.382592
v -3.125000 373.882592 391.382592
v -2.916667 373.882592 391.382592
v -2.708333 373.882592 391.382592
v -2.500000 373.882592 391.382592
v -2.291667 373.882592 391.382592
v -2.083333 373.882592 391.382592
v -1.875000 373.882592 391.382592
v -1.666667 373.882592 391.382592
v -1.458333 373.882592 391.382592
v -1.250000 373.882592 391.382592
v -1.041667 373.882592 391.382592
v -0.833333 373.882592 391.382592
v -0.625000 373.882592 391.382592
v -0.416667 373.882592 391.382592
v -0.208333 373.882592 391.382592
v 0.000000 373.882592 391.382592
v 0.208333 373.882592 391.382592
v 0.416667 373.882592 391.382592
v 0.625000 373.882592 391.382592
v 0.833333 373.882592 391.382592
v 1.041667 373.882592 391.382592
v 1.250000 373.882592 391.382592
v 1.458333 373.882592 391.382592
v 1.666667 373.882592 391.382592
v 1.875000 373.882592 391.382592
v 2.083333 373.882592 391.382592
v 2.291667 373.882592 391.382592
v 2.500000 373.882592 391.382592
v 2.708333 373.882592 391.382592
v 2.916667 373.882592 391.382592
v 3.125000 373.882592 391.382592
v 3.333333 373.882592 391.382592
v 3.541667 373.882592 391.382592
v 3.750000 373.882592 391.382592
v 3.958333 373.882592 391.382592
v 4.166667 373.882592 391.382592
v 4.375000 373.882592 391.382592
v 4.583333 373.882592 391.382592
v 4.791667 373.882592 391.382592
v 5.000000 373.882592 391.382592
v -5.000000 382.579983 400.079983
v -4.791667 382.579983 400.079983
v -4.583333 382.579983 400.079983
v -4.375000 382.579983 400.079983
v -4.166667 382.579983 400.079983
v -3.958333 382.579983 400.079983
v -3.750000 382.579983 400.079983
v -3.541667 382.579983 400.079983
v -3.333333 382.579983 400.079983
v -3.125000 382.579983 400.079983
v -2.916667 382.579983 400.079983
v -2.708333 382.579983 400.079983
v -2.500000 382.579983 400.079983
v -2.291667 382.579983 400.079983
v -2.083333 382.579983 400.079983
v -1.875000 382.579983 400.079983
v -1.666667 382.579983 400.079983
v -1.458333 382.579983 400.079983
v -1.250000 382.579983 400.079983
v -1.041667 382.579983 400.079983
v -0.833333 382.579983 400.079983
v -0.625000 382.579983 400.079983
v -0.416667 382.579983 400.079983
v -0.208333 382.579983 400.079983
v 0.000000 382.579983 400.079983
v 0.208333 382.579983 400.079983
v 0.416667 382.579983 400.079983
v 0.625000 382.579983 400.079983
v 0.833333 382.579983 400.079983
v 1.041667 382.579983 400.079983
v 1.250000 382.579983 400.079983
v 1.458333 382.579983 400.079983
v 1.666667 382.579983 400.079983
v 1.875000 382.579983 400.079983
v 2.083333 382.579983 400.079983
v 2.291667 382.579983 400.079983
v 2.500000 382.579983 400.079983
v 2.708333 382.579983 400.079983
v 2.916667 382.579983 400.079983
v 3.125000 382.579983 400.079983
v 3.333333 382.579983 400.079983
v 3.541667 382.579983 400.079983
v 3.750000 382.579983 400.079983
v 3.958333 382.579983 400.079983
v 4.166667 382.579983 400.079983
v 4.375000 382.579983 400.079983
v 4.583333 382.579983 400.079983
v 4.791667 382.579983 400.079983
v 5.000000 382.579983 400.079983
v -5.000000 391.277374 408.777374
v -4.791667 391.277374 408.777374
v -4.583333 391.277374 408.777374
v -4.375000 391.277374 408.777374
v -4.166667 391.277374 408.777374
v -3.958333 391.277374 408.777374
v -3.750000 391.277374 408.777374
v -3.541667 391.277374 408.777374
v -3.333333 391.277374 408.777374
v -3.125000 391.277374 408.777374
v -2.916667 391.277374 408.777374
v -2.708333 391.277374 408.777374
v -2.500000 391.277374 408.777374
v -2.291667 391.277374 408.777374
v -2.083333 391.277374 408.777374
v -1.875000 391.277374 408.777374
v -1.666667 391.277374 408.777374
v -1.458333 391.277374 408.777374
v -1.250000 391.277374 408.777374
v -1.041667 391.277374 408.777374
v -0.833333 391.277374 408.777374
v -0.625000 391.277374 408.777374
v -0.416667 391.277374 408.777374
v -0.208333 391.277374 408.777374
v 0.000000 391.277374 408.777374
v 0.208333 391.277374 408.777374
v 0.416667 391.277374 408.777374
v 0.625000 391.277374 408.777374
v 0.833333 391.277374 408.777374
v 1.041667 391.277374 408.777374
v 1.250000 391.277374 408.777374
v 1.458333 391.277374 408.777374
v 1.666667 391.277374 408.777374
v 1.875000 391.277374 408.777374
v 2.083333 391.277374 408.777374
v 2.291667 391.277374 408.777374
v 2.500000 391.277374 408.777374
v 2.708333 391.277374 408.777374
v 2.916667 391.277374 408.777374
v 3.125000 391.277374 408.777374
v 3.333333 391.277374 408.777374
v 3.541667 391.277374 408.777374
v 3.750000 391.277374 408.777374
v 3.958333 391.277374 408.777374
v 4.166667 391.277374 408.777374
v 4.375000 391.277374 408.777374
v 4.583333 391.277374 408.777374
v 4.791667 391.277374 408.777374
v 5.000000 391.277374 408.777374
v -5.000000 399.974765 417.474765
v -4.791667 399.974765 417.474765
v -4.583333 399.974765 417.474765
v -4.375000 399.974765 417.474765
v -4.166667 399.974765 417.474765
v -3.958333 399.974765 417.474765
v -3.750000 399.974765 417.474765
v -3.541667 399.974765 417.474765
v -3.333333 399.974765 417.474765
v -3.125000 399.974765 417.474765
v -2.916667 399.974765 417.474765
v -2.708333 399.974765 417.474765
v -2.500000 399.974765 417.474765
v -2.291667 399.974765 417.474765
v -2.083333 399.974765 417.474765
v -1.875000 399.974765 417.474765
v -1.666667 399.974765 417.474765
v -1.458333 399.974765 417.474765
v -1.250000 399.974765 417.474765
v -1.041667 399.974765 417.474765
v -0.833333 399.974765 417.474765
v -0.625000 399.974765 417.474765
v -0.416667 399.974765 417.474765
v -0.208333 399.974765 417.474765
v 0.000000 399.974765 417.474765
v 0.208333 399.974765 417.474765
v 0.416667 399.974765 417.474765
v 0.625000 399.974765 417.474765
v 0.833333 399.974765 417.474765
v 1.041667 399.974765 417.474765
v 1.250000 399.974765 417.474765
v 1.458333 399.974765 417.474765
v 1.666667 399.974765 417.474765
v 1.875000 399.974765 417.474765
v 2.083333 399.974765 417.474765
v 2.291667 399.974765 417.474765
v 2.500000 399.974765 417.474765
v 2.708333 399.974765 417.474765
v 2.916667 399.974765 417.474765
v 3.125000 399.974765 417.474765
v 3.333333 399.974765 417.474765
v 3.541667 399.974765 417.474765
v 3.750000 399.974765 417.474765
v 3.958333 399.974765 417.474765
v 4.166667 399.974765 417.474765
v 4.375000 399.974765 417.474765
v 4.583333 399.974765 417.474765
v 4.791667 399.974765 417.474765
v 5.000000 399.974765 417.474765
v -5.000000 408.672156 426.172156
v -4.791667 408.672156 426.172156
v -4.583333 408.672156 426.172156
v -4.375000 408.672156 426.172156
v -4.166667 408.672156 426.172156
v -3.958333 408.672156 426.172156
v -3.750000 408.672156 426.172156
v -3.541667 408.672156 426.172156
v -3.333333 408.672156 426.172156
v -3.125000 408.672156 426.172156
v -2.916667 408.672156 426.172156
v -2.708333 408.672156 426.172156
v -2.500000 408.672156 426.172156
v -2.291667 408.672156 426.172156
v -2.083333 408.672156 426.172156
v -1.875000 408.672156 426.172156
v -1.666667 408.672156 426.172156
v -1.458333 408.672156 426.172156
v -1.250000 408.672156 426.172156
v -1.041667 408.672156 426.172156
v -0.833333 408.672156 426.172156
v -0.625000 408.672156 426.172156
v -0.416667 408.672156 426.172156
v -0.208333 408.672156 426.172156
v 0.000000 408.672156 426.172156
v 0.208333 408.672156 426.172156
v 0.416667 408.672156 426.172156
v 0.625000 408.672156 426.172156
v 0.833333 408.672156 426.172156
v 1.041667 408.672156 426.172156
v 1.250000 408.672156 426.172156
v 1.458333 408.672156 426.172156
v 1.666667 408.672156 426.172156
v 1.875000 408.672156 426.172156
v 2.083333 408.672156 426.172156
v 2.291667 408.672156 426.172156
v 2.500000 408.672156 426.172156
v 2.708333 408.672156 426.172156
v 2.916667 408.672156 426.172156
v 3.125000 408.672156 426.172156
v 3.333333 408.672156 426.172156
v 3.541667 408.672156 426.172156
v 3.750000 408.672156 426.172156
v 3.958333 408.672156 426.172156
v 4.166667 408.672156 426.172156
v 4.375000 408.672156 426.172156
v 4.583333 408.672156 426.172156
v 4.791667 408.672156 426.172156
v 5.000000 408.672156 426.172156
v -5.000000 417.369547 434.869547
v -4.791667 417.369547 434.869547
v -4.583333 417.369547 434.869547
v -4.375000 417.369547 434.869547
v -4.166667 417.369547 434.869547
v -3.958333 417.369547 434.869547
v -3.750000 417.369547 434.869547
v -3.541667 417.369547 434.869547
v -3.333333 417.369547 434.869547
v -3.125000 417.369547 434.869547
v -2.916667 417.369547 434.869547
v -2.708333 417.369547 434.869547
v -2.500000 417.369547 434.869547
v -2.291667 417.369547 434.869547
v -2.083333 417.369547 434.869547
v -1.875000 417.369547 434.869547
v -1.666667 417.369547 434.869547
v -1.458333 417.369547 434.869547
v -1.250000 417.369547 434.869547
v -1.041667 417.369547 434.869547
v -0.833333 417.369547 434.869547
v -0.625000 417.369547 434.869547
v -0.416667 417.369547 434.869547
v -0.208333 417.369547 434.869547
v 0.000000 417.369547 434.869547
v 0.208333 417.369547 434.869547
v 0.416667 417.369547 434.869547
v 0.625000 417.369547 434.869547
v 0.833333 417.369547 434.869547
v 1.041667 417.369547 434.869547
v 1.250000 417.369547 434.869547
v 1.458333 417.369547 434.869547
v 1.666667 417.369547 434.869547
v 1.875000 417.369547 434.869547
v 2.083333 417.369547 434.869547
v 2.291667 417.369547 434.869547
v 2.500000 417.369547 434.869547
v 2.708333 417.369547 434.869547
v 2.916667 417.369547 434.869547
v 3.125000 417.369547 434.869547
v 3.333333 417.369547 434.869547
v 3.541667 417.369547 434.869547
v 3.750000 417.369547 434.869547
v 3.958333 417.369547 434.869547
v 4.166667 417.369547 434.869547
v 4.375000 417.369547 434.869547
v 4.583333 417.369547 434.869547
v 4.791667 417.369547 434.869547
v 5.000000 417.369547 434.869547
v -5.000000 426.066938 443.566938
v -4.791667 426.066938 443.566938
v -4.583333 426.066938 443.566938
v -4.375000 426.066938 443.566938
v -4.166667 426.066938 443.566938
v -3.958333 426.066938 443.566938
v -3.750000 426.066938 443.566938
v -3.541667 426.066938 443.566938
v -3.333333 426.066938 443.566938
v -3.125000 426.066938 443.566938
v -2.916667 426.066938 443.566938
v -2.708333 426.066938 443.566938
v -2.500000 426.066938 443.566938
v -2.291667 426.066938 443.566938
v -2.083333 426.066938 443.566938
v -1.875000 426.066938 443.566938
v -1.666667 426.066938 443.566938
v -1.458333 426.066938 443.566938
v -1.250000 426.066938 443.566938
v -1.041667 426.066938 443.566938
v -0.833333 426.066938 443.566938
v -0.625000 426.066938 443.566938
v -0.416667 426.066938 443.566938
v -0.208333 426.066938 443.566938
v 0.000000 426.066938 443.566938
v 0.208333 426.066938 443.566938
v 0.416667 426.066938 443.566938
v 0.625000 426.066938 443.566938
v 0.833333 426.066938 443.566938
v 1.041667 426.066938 443.566938
v 1.250000 426.066938 443.566938
v 1.458333 426.066938 443.566938
v 1.666667 426.066938 443.566938
v 1.875000 426.066938 443.566938
v 2.083333 426.066938 443.566938
v 2.291667 426.066938 443.566938
v 2.500000 426.066938 443.566938
v 2.708333 426.066938 443.566938
v 2.916667 426.066938 443.566938
v 3.125000 426.066938 443.566938
v 3.333333 426.066938 443.566938
v 3.541667 426.066938 443.566938
v 3.750000 426.066938 443.566938
v 3.958333 426.066938 443.566938
v 4.166667 426.066938 443.566938
v 4.375000 426.066938 443.566938
v 4.583333 426.066938 443.566938
v 4.791667 426.066938 443.566938
v 5.000000 426.066938 443.566938
v -5.000000 434.764329 452.264329
v -4.791667 434.764329 452.264329
v -4.583333 434.764329 452.264329
v -4.375000 434.764329 452.264329
v -4.166667 434.764329 452.264329
v -3.958333 434.764329 452.264329
v -3.750000 434.764329 452.264329
v -3.541667 434.764329 452.264329
v -3.333333 434.764329 452.264329
v -3.125000 434.764329 452.264329
v -2.916667 434.764329 452.264329
v -2.708333 434.764329 452.264329
v -2.500000 434.764329 452.264329
v -2.291667 434.764329 452.264329
v -2.083333 434.764329 452.264329
v -1.875000 434.764329 452.264329
v -1.666667 434.764329 452.264329
v -1.458333 434.764329 452.264329
v -1.250000 434.764329 452.264329
v -1.041667 434.764329 452.264329
v -0.833333 434.764329 452.264329
v -0.625000 434.764329 452.264329
v -0.416667 434.764329 452.264329
v -0.208333 434.764329 452.264329
v 0.000000 434.764329 452.264329
v 0.208333 434.764329 452.264329
v 0.416667 434.764329 452.264329
v 0.625000 434.764329 452.264329
v 0.833333 434.764329 452.264329
v 1.041667 434.764329 452.264329
v 1.250000 434.764329 452.264329
v 1.458333 434.764329 452.264329
v 1.666667 434.764329 452.264329
v 1.875000 434.764329 452.264329
v 2.083333 434.764329 452.264329
v 2.291667 434.764329 452.264329
v 2.500000 434.764329 452.264329
v 2.708333 434.764329 452.264329
v 2.916667 434.764329 452.264329
v 3.125000 434.764329 452.264329
v 3.333333 434.764329 452.264329
v 3.541667 434.764329 452.264329
v 3.750000 434.764329 452.264329
v 3.958333 434.764329 452.264329
v 4.166667 434.764329 452.264329
v 4.375000 434.764329 452.264329
v 4.583333 434.764329 452.264329
v 4.791667 434.764329 452.264329
v 5.000000 434.764329 452.264329
v -5.000000 443.461720 460.961720
v -4.791667 443.461720 460.961720
v -4.583333 443.461720 460.961720
v -4.375000 443.461720 460.961720
v -4.166667 443.461720 460.961720
v -3.958333 443.461720 460.961720
v -3.750000 443.461720 460.961720
v -3.541667 443.461720 460.961720
v -3.333333 443.461720 460.961720
v -3.125000 443.461720 460.961720
v -2.916667 443.461720 460.961720
v -2.708333 443.461720 460.961720
v -2.500000 443.461720 460.961720
v -2.291667 443.461720 460.961720
v -2.083333 443.461720 460.961720
v -1.875000 443.461720 460.961720
v -1.666667 443.461720 460.961720
v -1.458333 443.461720 460.961720
v -1.250000 443.461720 460.961720
v -1.041667 443.461720 460.961720
v -0.833333 443.461720 460.961720
v -0.625000 443.461720 460.961720
v -0.416667 443.461720 460.961720
v -0.208333 443.461720 460.961720
v 0.000000 443.461720 460.961720
v 0.208333 443.461720 460.961720
v 0.416667 443.461720 460.961720
v 0.625000 443.461720 460.961720
v 0.833333 443.461720 460.961720
v 1.041667 443.461720 460.961720
v 1.250000 443.461720 460.961720
v 1.458333 443.461720 460.961720
v 1.666667 443.461720 460.961720
v 1.875000 443.461720 460.961720
v 2.083333 443.461720 460.961720
v 2.291667 443.461720 460.961720
v 2.500000 443.461720 460.961720
v 2.708333 443.461720 460.961720
v 2.916667 443.461720 460.961720
v 3.125000 443.461720 460.961720
v 3.333333 443.461720 460.961720
v 3.541667 443.461720 460.961720
v 3.750000 443.461720 460.961720
v 3.958333 443.461720 460.961720
v 4.166667 443.461720 460.961720
v 4.375000 443.461720 460.961720
v 4.583333 443.461720 460.961720
v 4.791667 443.461720 460.961720
v 5.000000 443.461720 460.961720
v -5.000000 452.159111 469.659111
v -4.791667 452.159111 469.659111
v -4.583333 452.159111 469.659111
v -4.375000 452.159111 469.659111
v -4.166667 452.159111 469.659111
v -3.958333 452.159111 469.659111
v -3.750000 452.159111 469.659111
v -3.541667 452.159111 469.659111
v -3.333333 452.159111 469.659111
v -3.125000 452.159111 469.659111
v -2.916667 452.159111 469.659111
v -2.708333 452.159111 469.659111
v -2.500000 452.159111 469.659111
v -2.291667 452.159111 469.659111
v -2.083333 452.159111 469.659111
v -1.875000 452.159111 469.659111
v -1.666667 452.159111 469.659111
v -1.458333 452.159111 469.659111
v -1.250000 452.159111 469.659111
v -1.041667 452.159111 469.659111
v -0.833333 452.159111 469.659111
v -0.625000 452.159111 469.659111
v -0.416667 452.159111 469.659111
v -0.208333 452.159111 469.659111
v 0.000000 452.159111 469.659111
v 0.208333 452.159111 469.659111
v 0.416667 452.159111 469.659111
v 0.625000 452.159111 469.659111
v 0.833333 452.159111 469.659111
v 1.041667 452.159111 469.659111
v 1.250000 452.159111 469.659111
v 1.458333 452.159111 469.659111
v 1.666667 452.159111 469.659111
v 1.875000 452.159111 469.659111
v 2.083333 452.159111 469.659111
v 2.291667 452.159111 469.659111
v 2.500000 452.159111 469.659111
v 2.708333 452.159111 469.659111
v 2.916667 452.159111 469.659111
v 3.125000 452.159111 469.659111
v 3.333333 452.159111 469.659111
v 3.541667 452.159111 469.659111
v 3.750000 452.159111 469.659111
v 3.958333 452.159111 469.659111
v 4.166667 452.159111 469.659111
v 4.375000 452.159111 469.659111
v 4.583333 452.159111 469.659111
v 4.791667 452.159111 469.659111
v 5.000000 452.159111 469.659111
v -5.000000 460.856502 478.356502
v -4.791667 460.856502 478.356502
v -4.583333 460.856502 478.356502
v -4.375000 460.856502 478.356502
v -4.166667 460.856502 478.356502
v -3.958333 460.856502 478.356502
v -3.750000 460.856502 478.356502
v -3.541667 460.856502 478.356502
v -3.333333 460.856502 478.356502
v -3.125000 460.856502 478.356502
v -2.916667 460.856502 478.356502
v -2.708333 460.856502 478.356502
v -2.500000 460.856502 478.356502
v -2.291667 460.856502 478.356502
v -2.083333 460.856502 478.356502
v -1.875000 460.856502 478.356502
v -1.666667 460.856502 478.356502
v -1.458333 460.856502 478.356502
v -1.250000 460.856502 478.356502
v -1.041667 460.856502 478.356502
v -0.833333 460.856502 478.356502
v -0.625000 460.856502 478.356502
v -0.416667 460.856502 478.356502
v -0.208333 460.856502 478.356502
v 0.000000 460.856502 478.356502
v 0.208333 460.856502 478.356502
v 0.416667 460.856502 478.356502
v 0.625000 460.856502 478.356502
v 0.833333 460.856502 478.356502
v 1.041667 460.856502 478.356502
v 1.250000 460.856502 478.356502
v 1.458333 460.856502 478.356502
v 1.666667 460.856502 478.356502
v 1.875000 460.856502 478.356502
v 2.083333 460.856502 478.356502
v 2.291667 460.856502 478.356502
v 2.500000 460.856502 478.356502
v 2.708333 460.856502 478.356502
v 2.916667 460.856502 478.356502
v 3.125000 460.856502 478.356502
v 3.333333 460.856502 478.356502
v 3.541667 460.856502 478.356502
v 3.750000 460.856502 478.356502
v 3.958333 460.856502 478.356502
v 4.166667 460.856502 478.356502
v 4.375000 460.856502 478.356502
v 4.583333 460.856502 478.356502
v 4.791667 460.856502 478.356502
v 5.000000 460.856502 478.356502
v -5.000000 469.553893 487.053893
v -4.791667 469.553893 487.053893
v -4.583333 469.553893 487.053893
v -4.375000 469.553893 487.053893
v -4.166667 469.553893 487.053893
v -3.958333 469.553893 487.053893
v -3.750000 469.553893 487.053893
v -3.541667 469.553893 487.053893
v -3.333333 469.553893 487.053893
v -3.125000 469.553893 487.053893
v -2.916667 469.553893 487.053893
v -2.708333 469.553893 487.053893
v -2.500000 469.553893 487.053893
v -2.291667 469.553893 487.053893
v -2.083333 469.553893 487.053893
v -1.875000 469.553893 487.053893
v -1.666667 469.553893 487.053893
v -1.458333 469.553893 487.053893
v -1.250000 469.553893 487.053893
v -1.041667 469.553893 487.053893
v -0.833333 469.553893 487.053893
v -0.625000 469.553893 487.053893
v -0.416667 469.553893 487.053893
v -0.208333 469.553893 487.053893
v 0.000000 469.553893 487.053893
v 0.208333 469.553893 487.053893
v 0.416667 469.553893 487.053893
v 0.625000 469.553893 487.053893
v 0.833333 469.553893 487.053893
v 1.041667 469.553893 487.053893
v 1.250000 469.553893 487.053893
v 1.458333 469.553893 487.053893
v 1.666667 469.553893 487.053893
v 1.875000 469.553893 487.053893
v 2.083333 469.553893 487.053893
v 2.291667 469.553893 487.053893
v 2.500000 469.553893 487.053893
v 2.708333 469.553893 487.053893
v 2.916667 469.553893 487.053893
v 3.125000 469.553893 487.053893
v 3.333333 469.553893 487.053893
v 3.541667 469.553893 487.053893
v 3.750000 469.553893 487.053893
v 3.958333 469.553893 487.053893
v 4.166667 469.553893 487.053893
v 4.375000 469.553893 487.053893
v 4.583333 469.553893 487.053893
v 4.791667 469.553893 487.053893
v 5.000000 469.553893 487.053893
v -5.000000 478.251283 495.751283
v -4.791667 478.251283 495.751283
v -4.583333 478.251283 495.751283
v -4.375000 478.251283 495.751283
v -4.166667 478.251283 495.751283
v -3.958333 478.251283 495.751283
v -3.750000 478.251283 495.751283
v -3.541667 478.251283 495.751283
v -3.333333 478.251283 495.751283
v -3.125000 478.251283 495.751283
v -2.916667 478.251283 495.751283
v -2.708333 478.251283 495.751283
v -2.500000 478.251283 495.751283
v -2.291667 478.251283 495.751283
v -2.083333 478.251283 495.751283
v -1.875000 478.251283 495.751283
v -1.666667 478.251283 495.751283
v -1.458333 478.251283 495.751283
v -1.250000 478.251283 495.751283
v -1.041667 478.251283 495.751283
v -0.833333 478.251283 495.751283
v -0.625000 478.251283 495.751283
v -0.416667 478.251283 495.751283
v -0.208333 478.251283 495.751283
v 0.000000 478.251283 495.751283
v 0.208333 478.251283 495.751283
v 0.416667 478.251283 495.751283
v 0.625000 478.251283 495.751283
v 0.833333 478.251283 495.751283
v 1.041667 478.251283 495.751283
v 1.250000 478.251283 495.751283
v 1.458333 478.251283 495.751283
v 1.666667 478.251283 495.751283
v 1.875000 478.251283 495.751283
v 2.083333 478.251283 495.751283
v 2.291667 478.251283 495.751283
v 2.500000 478.251283 495.751283
v 2.708333 478.251283 495.751283
v 2.916667 478.251283 495.751283
v 3.125000 478.251283 495.751283
v 3.333333 478.251283 495.751283
v 3.541667 478.251283 495.751283
v 3.750000 478.251283 495.751283
v 3.958333 478.251283 495.751283
v 4.166667 478.251283 495.751283
v 4.375000 478.251283 495.751283
v 4.583333 478.251283 495.751283
v 4.791667 478.251283 495.751283
v 5.000000 478.251283 495.751283
v -5.000000 486.948674 504.448674
v -4.791667 486.948674 504.448674
v -4.583333 486.948674 504.448674
v -4.375000 486.948674 504.448674
v -4.166667 486.948674 504.448674
v -3.958333 486.948674 504.448674
v -3.750000 486.948674 504.448674
v -3.541667 486.948674 504.448674
v -3.333333 486.948674 504.448674
v -3.125000 486.948674 504.448674
v -2.916667 486.948674 504.448674
v -2.708333 486.948674 504.448674
v -2.500000 486.948674 504.448674
v -2.291667 486.948674 504.448674
v -2.083333 486.948674 504.448674
v -1.875000 486.948674 504.448674
v -1.666667 486.948674 504.448674
v -1.458333 486.948674 504.448674
v -1.250000 486.948674 504.448674
v -1.041667 486.948674 504.448674
v -0.833333 486.948674 504.448674
v -0.625000 486.948674 504.448674
v -0.416667 486.948674 504.448674
v -0.208333 486.948674 504.448674
v 0.000000 486.948674 504.448674
v 0.208333 486.948674 504.448674
v 0.416667 486.948674 504.448674
v 0.625000 486.948674 504.448674
v 0.833333 486.948674 504.448674
v 1.041667 486.948674 504.448674
v 1.250000 486.948674 504.448674
v 1.458333 486.948674 504.448674
v 1.666667 486.948674 504.448674
v 1.875000 486.948674 504.448674
v 2.083333 486.948674 504.448674
v 2.291667 486.948674 504.448674
v 2.500000 486.948674 504.448674
v 2.708333 486.948674 504.448674
v 2.916667 486.948674 504.448674
v 3.125000 486.948674 504.448674
v 3.333333 486.948674 504.448674
v 3.541667 486.948674 504.448674
v 3.750000 486.948674 504.448674
v 3.958333 486.948674 504.448674
v 4.166667 486.948674 504.448674
v 4.375000 486.948674 504.448674
v 4.583333 486.948674 504.448674
v 4.791667 486.948674 504.448674
v 5.000000 486.948674 504.448674
v -5.000000 495.646065 513.146065
v -4.791667 495.646065 513.146065
v -4.583333 495.646065 513.146065
v -4.375000 495.646065 513.146065
v -4.166667 495.646065 513.146065
v -3.958333 495.646065 513.146065
v -3.750000 495.646065 513.146065
v -3.541667 495.646065 513.146065
v -3.333333 495.646065 513.146065
v -3.125000 495.646065 513.146065
v -2.916667 495.646065 513.146065
v -2.708333 495.646065 513.146065
v -2.500000 495.646065 513.146065
v -2.291667 495.646065 513.146065
v -2.083333 495.646065 513.146065
v -1.875000 495.646065 513.146065
v -1.666667 495.646065 513.146065
v -1.458333 495.646065 513.146065
v -1.250000 495.646065 513.146065
v -1.041667 495.646065 513.146065
v -0.833333 495.646065 513.146065
v -0.625000 495.646065 513.146065
v -0.416667 495.646065 513.146065
v -0.208333 495.646065 513.146065
v 0.000000 495.646065 513.146065
v 0.208333 495.646065 513.146065
v 0.416667 495.646065 513.146065
v 0.625000 495.646065 513.146065
v 0.833333 495.646065 513.146065
v 1.041667 495.646065 513.146065
v 1.250000 495.646065 513.146065
v 1.458333 495.646065 513.146065
v 1.666667 495.646065 513.146065
v 1.875000 495.646065 513.146065
v 2.083333 495.646065 513.146065
v 2.291667 495.646065 513.146065
v 2.500000 495.646065 513.146065
v 2.708333 495.646065 513.146065
v 2.916667 495.646065 513.146065
v 3.125000 495.646065 513.146065
v 3.333333 495.646065 513.146065
v 3.541667 495.646065 513.146065
v 3.750000 495.646065 513.146065
v 3.958333 495.646065 513.146065
v 4.166667 495.646065 513.146065
v 4.375000 495.646065 513.146065
v 4.583333 495.646065 513.146065
v 4.791667 495.646065 513.146065
v 5.000000 495.646065 513.146065
v -5.000000 504.343456 521.843456
v -4.791667 504.343456 521.843456
v -4.583333 504.343456 521.843456
v -4.375000 504.343456 521.843456
v -4.166667 504.343456 521.843456
v -3.958333 504.343456 521.843456
v -3.750000 504.343456 521.843456
v -3.541667 504.343456 521.843456
v -3.333333 504.343456 521.843456
v -3.125000 504.343456 521.843456
v -2.916667 504.343456 521.843456
v -2.708333 504.343456 521.843456
v -2.500000 504.343456 521.843456
v -2.291667 504.343456 521.843456
v -2.083333 504.343456 521.843456
v -1.875000 504.343456 521.843456
v -1.666667 504.343456 521.843456
v -1.458333 504.343456 521.843456
v -1.250000 504.343456 521.843456
v -1.041667 504.343456 521.843456
v -0.833333 504.343456 521.843456
v -0.625000 504.343456 521.843456
v -0.416667 504.343456 521.843456
v -0.208333 504.343456 521.843456
v 0.000000 504.343456 521.843456
v 0.208333 504.343456 521.843456
v 0.416667 504.343456 521.843456
v 0.625000 504.343456 521.843456
v 0.833333 504.343456 521.843456
v 1.041667 504.343456 521.843456
v 1.250000 504.343456 521.843456
v 1.458333 504.343456 521.843456
v 1.666667 504.343456 521.843456
v 1.875000 504.343456 521.843456
v 2.083333 504.343456 521.843456
v 2.291667 504.343456 521.843456
v 2.500000 504.343456 521.843456
v 2.708333 504.343456 521.843456
v 2.916667 504.343456 521.843456
v 3.125000 504.343456 521.843456
v 3.333333 504.343456 521.843456
v 3.541667 504.343456 521.843456
v 3.750000 504.343456 521.843456
v 3.958333 504.343456 521.843456
v 4.166667 504.343456 521.843456
v 4.375000 504.343456 521.843456
v 4.583333 504.343456 521.843456
v 4.791667 504.343456 521.843456
v 5.000000 504.343456 521.843456
v -5.000000 513.040847 530.540847
v -4.791667 513.040847 530.540847
v -4.583333 513.040847 530.540847
v -4.375000 513.040847 530.540847
v -4.166667 513.040847 530.540847
v -3.958333 513.040847 530.540847
v -3.750000 513.040847 530.540847
v -3.541667 513.040847 530.540847
v -3.333333 513.040847 530.540847
v -3.125000 513.040847 530.540847
v -2.916667 513.040847 530.540847
v -2.708333 513.040847 530.540847
v -2.500000 513.040847 530.540847
v -2.291667 513.040847 530.540847
v -2.083333 513.040847 530.540847
v -1.875000 513.040847 530.540847
v -1.666667 513.040847 530.540847
v -1.458333 513.040847 530.540847
v -1.250000 513.040847 530.540847
v -1.041667 513.040847 530.540847
v -0.833333 513.040847 530.540847
v -0.625000 513.040847 530.540847
v -0.416667 513.040847 530.540847
v -0.208333 513.040847 530.540847
v 0.000000 513.040847 530.540847
v 0.208333 513.040847 530.540847
v 0.416667 513.040847 530.540847
v 0.625000 513.040847 530.540847
v 0.833333 513.040847 530.540847
v 1.041667 513.040847 530.540847
v 1.250000 513.040847 530.540847
v 1.458333 513.040847 530.540847
v 1.666667 513.040847 530.540847
v 1.875000 513.040847 530.540847
v 2.083333 513.040847 530.540847
v 2.291667 513.040847 530.540847
v 2.500000 513.040847 530.540847
v 2.708333 513.040847 530.540847
v 2.916667 513.040847 530.540847
v 3.125000 513.040847 530.540847
v 3.333333 513.040847 530.540847
v 3.541667 513.040847 530.540847
v 3.750000 513.040847 530.540847
v 3.958333 513.040847 530.540847
v 4.166667 513.040847 530.540847
v 4.375000 513.040847 530.540847
v 4.583333 513.040847 530.540847
v 4.791667 513.040847 530.540847
v 5.000000 513.040847 530.540847
v -5.000000 521.738238 539.238238
v -4.791667 521.738238 539.238238
v -4.583333 521.738238 539.238238
v -4.375000 521.738238 539.238238
v -4.166667 521.738238 539.238238
v -3.958333 521.738238 539.238238
v -3.750000 521.738238 539.238238
v -3.541667 521.738238 539.238238
v -3.333333 521.738238 539.238238
v -3.125000 521.738238 539.238238
v -2.916667 521.738238 539.238238
v -2.708333 521.738238 539.238238
v -2.500000 521.738238 539.238238
v -2.291667 521.738238 539.238238
v -2.083333 521.738238 539.238238
v -1.875000 521.738238 539.238238
v -1.666667 521.738238 539.238238
v -1.458333 521.738238 539.238238
v -1.250000 521.738238 539.238238
v -1.041667 521.738238 539.238238
v -0.833333 521.738238 539.238238
v -0.625000 521.738238 539.238238
v -0.416667 521.738238 539.238238
v -0.208333 521.738238 539.238238
v 0.000000 521.738238 539.238238
v 0.208333 521.738238 539.238238
v 0.416667 521.738238 539.238238
v 0.625000 521.738238 539.238238
v 0.833333 521.738238 539.238238
v 1.041667 521.738238 539.238238
v 1.250000 521.738238 539.238238
v 1.458333 521.738238 539.238238
v 1.666667 521.738238 539.238238
v 1.875000 521.738238 539.238238
v 2.083333 521.738238 539.238238
v 2.291667 521.738238 539.238238
v 2.500000 521.738238 539.238238
v 2.708333 521.738238 539.238238
v 2.916667 521.738238 539.238238
v 3.125000 521.738238 539.238238
v 3.333333 521.738238 539.238238
v 3.541667 521.738238 539.238238
v 3.750000 521.738238 539.238238
v 3.958333 521.738238 539.238238
v 4.166667 521.738238 539.238238
v 4.375000 521.738238 539.238238
v 4.583333 521.738238 539.238238
v 4.791667 521.738238 539.238238
v 5.000000 521.738238 539.238238
v -5.000000 530.435629 547.935629
v -4.791667 530.435629 547.935629
v -4.583333 530.435629 547.935629
v -4.375000 530.435629 547.935629
v -4.166667 530.435629 547.935629
v -3.958333 530.435629 547.935629
v -3.750000 530.435629 547.935629
v -3.541667 530.435629 547.935629
v -3.333333 530.435629 547.935629
v -3.125000 530.435629 547.935629
v -2.916667 530.435629 547.935629
v -2.708333 530.435629 547.935629
v -2.500000 530.435629 547.935629
v -2.291667 530.435629 547.935629
v -2.083333 530.435629 547.935629
v -1.875000 530.435629 547.935629
v -1.666667 530.435629 547.935629
v -1.458333 530.435629 547.935629
v -1.250000 530.435629 547.935629
v -1.041667 530.435629 547.935629
v -0.833333 530.435629 547.935629
v -0.625000 530.435629 547.935629
v -0.416667 530.435629 547.935629
v -0.208333 530.435629 547.935629
v 0.000000 530.435629 547.935629
v 0.208333 530.435629 547.935629
v 0.416667 530.435629 547.935629
v 0.625000 530.435629 547.935629
v 0.833333 530.435629 547.935629
v 1.041667 530.435629 547.935629
v 1.250000 530.435629 547.935629
v 1.458333 530.435629 547.935629
v 1.666667 530.435629 547.935629
v 1.875000 530.435629 547.935629
v 2.083333 530.435629 547.935629
v 2.291667 530.435629 547.935629
v 2.500000 530.435629 547.935629
v 2.708333 530.435629 547.935629
v 2.916667 530.435629 547.935629
v 3.125000 530.435629 547.935629
v 3.333333 530.435629 547.935629
v 3.541667 530.435629 547.935629
v 3.750000 530.435629 547.935629
v 3.958333 530.435629 547.935629
v 4.166667 530.435629 547.935629
v 4.375000 530.435629 547.935629
v 4.583333 530.435629 547.935629
v 4.791667 530.435629 547.935629
v 5.000000 530.435629 547.935629
v -5.000000 539.133020 556.633020
v -4.791667 539.133020 556.633020
v -4.583333 539.133020 556.633020
v -4.375000 539.133020 556.633020
v -4.166667 539.133020 556.633020
v -3.958333 539.133020 556.633020
v -3.750000 539.133020 556.633020
v -3.541667 539.133020 556.633020
v -3.333333 539.133020 556.633020
v -3.125000 539.133020 556.633020
v -2.916667 539.133020 556.633020
v -2.708333 539.133020 556.633020
v -2.500000 539.133020 556.633020
v -2.291667 539.133020 556.633020
v -2.083333 539.133020 556.633020
v -1.875000 539.133020 556.633020
v -1.666667 539.133020 556.633020
v -1.458333 539.133020 556.633020
v -1.250000 539.133020 556.633020
v -1.041667 539.133020 556.633020
v -0.833333 539.133020 556.633020
v -0.625000 539.133020 556.633020
v -0.416667 539.133020 556.633020
v -0.208333 539.133020 556.633020
v 0.000000 539.133020 556.633020
v 0.208333 539.133020 556.633020
v 0.416667 539.133020 556.633020
v 0.625000 539.133020 556.633020
v 0.833333 539.133020 556.633020
v 1.041667 539.133020 556.633020
v 1.250000 539.133020 556.633020
v 1.458333 539.133020 556.633020
v 1.666667 539.133020 556.633020
v 1.875000 539.133020 556.633020
v 2.083333 539.133020 556.633020
v 2.291667 539.133020 556.633020
v 2.500000 539.133020 556.633020
v 2.708333 539.133020 556.633020
v 2.916667 539.133020 556.633020
v 3.125000 539.133020 556.633020
v 3.333333 539.133020 556.633020
v 3.541667 539.133020 556.633020
v 3.750000 539.133020 556.633020
v 3.958333 539.133020 556.633020
v 4.166667 539.133020 556.633020
v 4.375000 539.133020 556.633020
v 4.583333 539.133020 556.633020
v 4.791667 539.133020 556.633020
v 5.000000 539.133020 556.633020
v -5.000000 547.830411 565.330411
v -4.791667 547.830411 565.330411
v -4.583333 547.830411 565.330411
v -4.375000 547.830411 565.330411
v -4.166667 547.830411 565.330411
v -3.958333 547.830411 565.330411
v -3.750000 547.830411 565.330411
v -3.541667 547.830411 565.330411
v -3.333333 547.830411 565.330411
v -3.125000 547.830411 565.330411
v -2.916667 547.830411 565.330411
v -2.708333 547.830411 565.330411
v -2.500000 547.830411 565.330411
v -2.291667 547.830411 565.330411
v -2.083333 547.830411 565.330411
v -1.875000 547.830411 565.330411
v -1.666667 547.830411 565.330411
v -1.458333 547.830411 565.330411
v -1.250000 547.830411 565.330411
v -1.041667 547.830411 565.330411
v -0.833333 547.830411 565.330411
v -0.625000 547.830411 565.330411
v -0.416667 547.830411 565.330411
v -0.208333 547.830411 565.330411
v 0.000000 547.830411 565.330411
v 0.208333 547.830411 565.330411
v 0.416667 547.830411 565.330411
v 0.625000 547.830411 565.330411
v 0.833333 547.830411 565.330411
v 1.041667 547.830411 565.330411
v 1.250000 547.830411 565.330411
v 1.458333 547.830411 565.330411
v 1.666667 547.830411 565.330411
v 1.875000 547.830411 565.330411
v 2.083333 547.830411 565.330411
v 2.291667 547.830411 565.330411
v 2.500000 547.830411 565.330411
v 2.708333 547.830411 565.330411
v 2.916667 547.830411 565.330411
v 3.125000 547.830411 565.330411
v 3.333333 547.830411 565.330411
v 3.541667 547.830411 565.330411
v 3.750000 547.830411 565.330411
v 3.958333 547.830411 565.330411
v 4.166667 547.830411 565.330411
v 4.375000 547.830411 565.330411
v 4.583333 547.830411 565.330411
v 4.791667 547.830411 565.330411
v 5.000000 547.830411 565.330411
v -5.000000 556.527802 574.027802
v -4.791667 556.527802 574.027802
v -4.583333 556.527802 574.027802
v -4.375000 556.527802 574.027802
v -4.166667 556.527802 574.027802
v -3.958333 556.527802 574.027802
v -3.750000 556.527802 574.027802
v -3.541667 556.527802 574.027802
v -3.333333 556.527802 574.027802
v -3.125000 556.527802 574.027802
v -2.916667 556.527802 574.027802
v -2.708333 556.527802 574.027802
v -2.500000 556.527802 574.027802
v -2.291667 556.527802 574.027802
v -2.083333 556.527802 574.027802
v -1.875000 556.527802 574.027802
v -1.666667 556.527802 574.027802
v -1.458333 556.527802 574.027802
v -1.250000 556.527802 574.027802
v -1.041667 556.527802 574.027802
v -0.833333 556.527802 574.027802
v -0.625000 556.527802 574.027802
v -0.416667 556.527802 574.027802
v -0.208333 556.527802 574.027802
v 0.000000 556.527802 574.027802
v 0.208333 556.527802 574.027802
v 0.416667 556.527802 574.027802
v 0.625000 556.527802 574.027802
v 0.833333 556.527802 574.027802
v 1.041667 556.527802 574.027802
v 1.250000 556.527802 574.027802
v 1.458333 556.527802 574.027802
v 1.666667 556.527802 574.027802
v 1.875000 556.527802 574.027802
v 2.083333 556.527802 574.027802
v 2.291667 556.527802 574.027802
v 2.500000 556.527802 574.027802
v 2.708333 556.527802 574.027802
v 2.916667 556.527802 574.027802
v 3.125000 556.527802 574.027802
v 3.333333 556.527802 574.027802
v 3.541667 556.527802 574.027802
v 3.750000 556.527802 574.027802
v 3.958333 556.527802 574.027802
v 4.166667 556.527802 574.027802
v 4.375000 556.527802 574.027802
v 4.583333 556.527802 574.027802
v 4.791667 556.527802 574.027802
v 5.000000 556.527802 574.027802
v -5.000000 565.225193 582.725193
v -4.791667 565.225193 582.725193
v -4.583333 565.225193 582.725193
v -4.375000 565.225193 582.725193
v -4.166667 565.225193 582.725193
v -3.958333 565.225193 582.725193
v -3.750000 565.225193 582.725193
v -3.541667 565.225193 582.725193
v -3.333333 565.225193 582.725193
v -3.125000 565.225193 582.725193
v -2.916667 565.225193 582.725193
v -2.708333 565.225193 582.725193
v -2.500000 565.225193 582.725193
v -2.291667 565.225193 582.725193
v -2.083333 565.225193 582.725193
v -1.875000 565.225193 582.725193
v -1.666667 565.225193 582.725193
v -1.458333 565.225193 582.725193
v -1.250000 565.225193 582.725193
v -1.041667 565.225193 582.725193
v -0.833333 565.225193 582.725193
v -0.625000 565.225193 582.725193
v -0.416667 565.225193 582.725193
v -0.208333 565.225193 582.725193
v 0.000000 565.225193 582.725193
v 0.208333 565.225193 582.725193
v 0.416667 565.225193 582.725193
v 0.625000 565.225193 582.725193
v 0.833333 565.225193 582.725193
v 1.041667 565.225193 582.725193
v 1.250000 565.225193 582.725193
v 1.458333 565.225193 582.725193
v 1.666667 565.225193 582.725193
v 1.875000 565.225193 582.725193
v 2.083333 565.225193 582.725193
v 2.291667 565.225193 582.725193
v 2.500000 565.225193 582.725193
v 2.708333 565.225193 582.725193
v 2.916667 565.225193 582.725193
v 3.125000 565.225193 582.725193
v 3.333333 565.225193 582.725193
v 3.541667 565.225193 582.725193
v 3.750000 565.225193 582.725193
v 3.958333 565.225193 582.725193
v 4.166667 565.225193 582.725193
v 4.375000 565.225193 582.725193
v 4.583333 565.225193 582.725193
v 4.791667 565.225193 582.725193
v 5.000000 565.225193 582.725193
v -5.000000 573.922584 591.422584
v -4.791667 573.922584 591.422584
v -4.583333 573.922584 591.422584
v -4.375000 573.922584 591.422584
v -4.166667 573.922584 591.422584
v -3.958333 573.922584 591.422584
v -3.750000 573.922584 591.422584
v -3.541667 573.922584 591.422584
v -3.333333 573.922584 591.422584
v -3.125000 573.922584 591.422584
v -2.916667 573.922584 591.422584
v -2.708333 573.922584 591.422584
v -2.500000 573.922584 591.422584
v -2.291667 573.922584 591.422584
v -2.083333 573.922584 591.422584
v -1.875000 573.922584 591.422584
v -1.666667 573.922584 591.422584
v -1.458333 573.922584 591.422584
v -1.250000 573.922584 591.422584
v -1.041667 573.922584 591.422584
v -0.833333 573.922584 591.422584
v -0.625000 573.922584 591.422584
v -0.416667 573.922584 591.422584
v -0.208333 573.922584 591.422584
v 0.000000 573.922584 591.422584
v 0.208333 573.922584 591.422584
v 0.416667 573.922584 591.422584
v 0.625000 573.922584 591.422584
v 0.833333 573.922584 591.422584
v 1.041667 573.922584 591.422584
v 1.250000 573.922584 591.422584
v 1.458333 573.922584 591.422584
v 1.666667 573.922584 591.422584
v 1.875000 573.922584 591.422584
v 2.083333 573.922584 591.422584
v 2.291667 573.922584 591.422584
v 2.500000 573.922584 591.422584
v 2.708333 573.922584 591.422584
v 2.916667 573.922584 591.422584
v 3.125000 573.922584 591.422584
v 3.333333 573.922584 591.422584
v 3.541667 573.922584 591.422584
v 3.750000 573.922584 591.422584
v 3.958333 573.922584 591.422584
v 4.166667 573.922584 591.422584
v 4.375000 573.922584 591.422584
v 4.583333 573.922584 591.422584
v 4.791667 573.922584 591.422584
v 5.000000 573.922584 591.422584
v -5.000000 582.619975 600.119975
v -4.791667 582.619975 600.119975
v -4.583333 582.619975 600.119975
v -4.375000 582.619975 600.119975
v -4.166667 582.619975 600.119975
v -3.958333 582.619975 600.119975
v -3.750000 582.619975 600.119975
v -3.541667 582.619975 600.119975
v -3.333333 582.619975 600.119975
v -3.125000 582.619975 600.119975
v -2.916667 582.619975 600.119975
v -2.708333 582.619975 600.119975
v -2.500000 582.619975 600.119975
v -2.291667 582.619975 600.119975
v -2.083333 582.619975 600.119975
v -1.875000 582.619975 600.119975
v -1.666667 582.619975 600.119975
v -1.458333 582.619975 600.119975
v -1.250000 582.619975 600.119975
v -1.041667 582.619975 600.119975
v -0.833333 582.619975 600.119975
v -0.625000 582.619975 600.119975
v -0.416667 582.619975 600.119975
v -0.208333 582.619975 600.119975
v 0.000000 582.619975 600.119975
v 0.208333 582.619975 600.119975
v 0.416667 582.619975 600.119975
v 0.625000 582.619975 600.119975
v 0.833333 582.619975 600.119975
v 1.041667 582.619975 600.119975
v 1.250000 582.619975 600.119975
v 1.458333 582.619975 600.119975
v 1.666667 582.619975 600.119975
v 1.875000 582.619975 600.119975
v 2.083333 582.619975 600.119975
v 2.291667 582.619975 600.119975
v 2.500000 582.619975 600.119975
v 2.708333 582.619975 600.119975
v 2.916667 582.619975 600.119975
v 3.125000 582.619975 600.119975
v 3.333333 582.619975 600.119975
v 3.541667 582.619975 600.119975
v 3.750000 582.619975 600.119975
v 3.958333 582.619975 600.119975
v 4.166667 582.619975 600.119975
v 4.375000 582.619975 600.119975
v 4.583333 582.619975 600.119975
v 4.791667 582.619975 600.119975
v 5.000000 582.619975 600.119975
v -5.000000 591.317366 608.817366
v -4.791667 591.317366 608.817366
v -4.583333 591.317366 608.817366
v -4.375000 591.317366 608.817366
v -4.166667 591.317366 608.817366
v -3.958333 591.317366 608.817366
v -3.750000 591.317366 608.817366
v -3.541667 591.317366 608.817366
v -3.333333 591.317366 608.817366
v -3.125000 591.317366 608.817366
v -2.916667 591.317366 608.817366
v -2.708333 591.317366 608.817366
v -2.500000 591.317366 608.817366
v -2.291667 591.317366 608.817366
v -2.083333 591.317366 608.817366
v -1.875000 591.317366 608.817366
v -1.666667 591.317366 608.817366
v -1.458333 591.317366 608.817366
v -1.250000 591.317366 608.817366
v -1.041667 591.317366 608.817366
v -0.833333 591.317366 608.817366
v -0.625000 591.317366 608.817366
v -0.416667 591.317366 608.817366
v -0.208333 591.317366 608.817366
v 0.000000 591.317366 608.817366
v 0.208333 591.317366 608.817366
v 0.416667 591.317366 608.817366
v 0.625000 591.317366 608.817366
v 0.833333 591.317366 608.817366
v 1.041667 591.317366 608.817366
v 1.250000 591.317366 608.817366
v 1.458333 591.317366 608.817366
v 1.666667 591.317366 608.817366
v 1.875000 591.317366 608.817366
v 2.083333 591.317366 608.817366
v 2.291667 591.317366 608.817366
v 2.500000 591.317366 608.817366
v 2.708333 591.317366 608.817366
v 2.916667 591.317366 608.817366
v 3.125000 591.317366 608.817366
v 3.333333 591.317366 608.817366
v 3.541667 591.317366 608.817366
v 3.750000 591.317366 608.817366
v 3.958333 591.317366 608.817366
v 4.166667 591.317366 608.817366
v 4.375000 591.317366 608.817366
v 4.583333 591.317366 608.817366
v 4.791667 591.317366 608.817366
v 5.000000 591.317366 608.817366
v -5.000000 600.014757 617.514757
v -4.791667 600.014757 617.514757
v -4.583333 600.014757 617.514757
v -4.375000 600.014757 617.514757
v -4.166667 600.014757 617.514757
v -3.958333 600.014757 617.514757
v -3.750000 600.014757 617.514757
v -3.541667 600.014757 617.514757
v -3.333333 600.014757 617.514757
v -3.125000 600.014757 617.514757
v -2.916667 600.014757 617.514757
v -2.708333 600.014757 617.514757
v -2.500000 600.014757 617.514757
v -2.291667 600.014757 617.514757
v -2.083333 600.014757 617.514757
v -1.875000 600.014757 617.514757
v -1.666667 600.014757 617.514757
v -1.458333 600.014757 617.514757
v -1.250000 600.014757 617.514757
v -1.041667 600.014757 617.514757
v -0.833333 600.014757 617.514757
v -0.625000 600.014757 617.514757
v -0.416667 600.014757 617.514757
v -0.208333 600.014757 617.514757
v 0.000000 600.014757 617.514757
v 0.208333 600.014757 617.514757
v 0.416667 600.014757 617.514757
v 0.625000 600.014757 617.514757
v 0.833333 600.014757 617.514757
v 1.041667 600.014757 617.514757
v 1.250000 600.014757 617.514757
v 1.458333 600.014757 617.514757
v 1.666667 600.014757 617.514757
v 1.875000 600.014757 617.514757
v 2.083333 600.014757 617.514757
v 2.291667 600.014757 617.514757
v 2.500000 600.014757 617.514757
v 2.708333 600.014757 617.514757
v 2.916667 600.014757 617.514757
v 3.125000 600.014757 617.514757
v 3.333333 600.014757 617.514757
v 3.541667 600.014757 617.514757
v 3.750000 600.014757 617.514757
v 3.958333 600.014757 617.514757
v 4.166667 600.014757 617.514757
v 4.375000 600.014757 617.514757
v 4.583333 600.014757 617.514757
v 4.791667 600.014757 617.514757
v 5.000000 600.014757 617.514757
v -5.000000 608.712148 626.212148
v -4.791667 608.712148 626.212148
v -4.583333 608.712148 626.212148
v -4.375000 608.712148 626.212148
v -4.166667 608.712148 626.212148
v -3.958333 608.712148 626.212148
v -3.750000 608.712148 626.212148
v -3.541667 608.712148 626.212148
v -3.333333 608.712148 626.212148
v -3.125000 608.712148 626.212148
v -2.916667 608.712148 626.212148
v -2.708333 608.712148 626.212148
v -2.500000 608.712148 626.212148
v -2.291667 608.712148 626.212148
v -2.083333 608.712148 626.212148
v -1.875000 608.712148 626.212148
v -1.666667 608.712148 626.212148
v -1.458333 608.712148 626.212148
v -1.250000 608.712148 626.212148
v -1.041667 608.712148 626.212148
v -0.833333 608.712148 626.212148
v -0.625000 608.712148 626.212148
v -0.416667 608.712148 626.212148
v -0.208333 608.712148 626.212148
v 0.000000 608.712148 626.212148
v 0.208333 608.712148 626.212148
v 0.416667 608.712148 626.212148
v 0.625000 608.712148 626.212148
v 0.833333 608.712148 626.212148
v 1.041667 608.712148 626.212148
v 1.250000 608.712148 626.212148
v 1.458333 608.712148 626.212148
v 1.666667 608.712148 626.212148
v 1.875000 608.712148 626.212148
v 2.083333 608.712148 626.212148
v 2.291667 608.712148 626.212148
v 2.500000 608.712148 626.212148
v 2.708333 608.712148 626.212148
v 2.916667 608.712148 626.212148
v 3.125000 608.712148 626.212148
v 3.333333 608.712148 626.212148
v 3.541667 608.712148 626.212148
v 3.750000 608.712148 626.212148
v 3.958333 608.712148 626.212148
v 4.166667 608.712148 626.212148
v 4.375000 608.712148 626.212148
v 4.583333 608.712148 626.212148
v 4.791667 608.712148 626.212148
v 5.000000 608.712148 626.212148
v -5.000000 617.409538 634.909538
v -4.791667 617.409538 634.909538
v -4.583333 617.409538 634.909538
v -4.375000 617.409538 634.909538
v -4.166667 617.409538 634.909538
v -3.958333 617.409538 634.909538
v -3.750000 617.409538 634.909538
v -3.541667 617.409538 634.909538
v -3.333333 617.409538 634.909538
v -3.125000 617.409538 634.909538
v -2.916667 617.409538 634.909538
v -2.708333 617.409538 634.909538
v -2.500000 617.409538 634.909538
v -2.291667 617.409538 634.909538
v -2.083333 617.409538 634.909538
v -1.875000 617.409538 634.909538
v -1.666667 617.409538 634.909538
v -1.458333 617.409538 634.909538
v -1.250000 617.409538 634.909538
v -1.041667 617.409538 634.909538
v -0.833333 617.409538 634.909538
v -0.625000 617.409538 634.909538
v -0.416667 617.409538 634.909538
v -0.208333 617.409538 634.909538
v 0.000000 617.409538 634.909538
v 0.208333 617.409538 634.909538
v 0.416667 617.409538 634.909538
v 0.625000 617.409538 634.909538
v 0.833333 617.409538 634.909538
v 1.041667 617.409538 634.909538
v 1.250000 617.409538 634.909538
v 1.458333 617.409538 634.909538
v 1.666667 617.409538 634.909538
v 1.875000 617.409538 634.909538
v 2.083333 617.409538 634.909538
v 2.291667 617.409538 634.909538
v 2.500000 617.409538 634.909538
v 2.708333 617.409538 634.909538
v 2.916667 617.409538 634.909538
v 3.125000 617.409538 634.909538
v 3.333333 617.409538 634.909538
v 3.541667 617.409538 634.909538
v 3.750000 617.409538 634.909538
v 3.958333 617.409538 634.909538
v 4.166667 617.409538 634.909538
v 4.375000 617.409538 634.909538
v 4.583333 617.409538 634.909538
v 4.791667 617.409538 634.909538
v 5.000000 617.409538 634.909538
v -5.000000 626.106929 643.606929
v -4.791667 626.106929 643.606929
v -4.583333 626.106929 643.606929
v -4.375000 626.106929 643.606929
v -4.166667 626.106929 643.606929
v -3.958333 626.106929 643.606929
v -3.750000 626.106929 643.606929
v -3.541667 626.106929 643.606929
v -3.333333 626.106929 643.606929
v -3.125000 626.106929 643.606929
v -2.916667 626.106929 643.606929
v -2.708333 626.106929 643.606929
v -2.500000 626.106929 643.606929
v -2.291667 626.106929 643.606929
v -2.083333 626.106929 643.606929
v -1.875000 626.106929 643.606929
v -1.666667 626.106929 643.606929
v -1.458333 626.106929 643.606929
v -1.250000 626.106929 643.606929
v -1.041667 626.106929 643.606929
v -0.833333 626.106929 643.606929
v -0.625000 626.106929 643.606929
v -0.416667 626.106929 643.606929
v -0.208333 626.106929 643.606929
v 0.000000 626.106929 643.606929
v 0.208333 626.106929 643.606929
v 0.416667 626.106929 643.606929
v 0.625000 626.106929 643.606929
v 0.833333 626.106929 643.606929
v 1.041667 626.106929 643.606929
v 1.250000 626.106929 643.606929
v 1.458333 626.106929 643.606929
v 1.666667 626.106929 643.606929
v 1.875000 626.106929 643.606929
v 2.083333 626.106929 643.606929
v 2.291667 626.106929 643.606929
v 2.500000 626.106929 643.606929
v 2.708333 626.106929 643.606929
v 2.916667 626.106929 643.606929
v 3.125000 626.106929 643.606929
v 3.333333 626.106929 643.606929
v 3.541667 626.106929 643.606929
v 3.750000 626.106929 643.606929
v 3.958333 626.106929 643.606929
v 4.166667 626.106929 643.606929
v 4.375000 626.106929 643.606929
v 4.583333 626.106929 643.606929
v 4.791667 626.106929 643.606929
v 5.000000 626.106929 643.606929
v -5.000000 634.804320 652.304320
v -4.791667 634.804320 652.304320
v -4.583333 634.804320 652.304320
v -4.375000 634.804320 652.304320
v -4.166667 634.804320 652.304320
v -3.958333 634.804320 652.304320
v -3.750000 634.804320 652.304320
v -3.541667 634.804320 652.304320
v -3.333333 634.804320 652.304320
v -3.125000 634.804320 652.304320
v -2.916667 634.804320 652.304320
v -2.708333 634.804320 652.304320
v -2.500000 634.804320 652.304320
v -2.291667 634.804320 652.304320
v -2.083333 634.804320 652.304320
v -1.875000 634.804320 652.304320
v -1.666667 634.804320 652.304320
v -1.458333 634.804320 652.304320
v -1.250000 634.804320 652.304320
v -1.041667 634.804320 652.304320
v -0.833333 634.804320 652.304320
v -0.625000 634.804320 652.304320
v -0.416667 634.804320 652.304320
v -0.208333 634.804320 652.304320
v 0.000000 634.804320 652.304320
v 0.208333 634.804320 652.304320
v 0.416667 634.804320 652.304320
v 0.625000 634.804320 652.304320
v 0.833333 634.804320 652.304320
v 1.041667 634.804320 652.304320
v 1.250000 634.804320 652.304320
v 1.458333 634.804320 652.304320
v 1.666667 634.804320 652.304320
v 1.875000 634.804320 652.304320
v 2.083333 634.804320 652.304320
v 2.291667 634.804320 652.304320
v 2.500000 634.804320 652.304320
v 2.708333 634.804320 652.304320
v 2.916667 634.804320 652.304320
v 3.125000 634.804320 652.304320
v 3.333333 634.804320 652.304320
v 3.541667 634.804320 652.304320
v 3.750000 634.804320 652.304320
v 3.958333 634.804320 652.304320
v 4.166667 634.804320 652.304320
v 4.375000 634.804320 652.304320
v 4.583333 634.804320 652.304320
v 4.791667 634.804320 652.304320
v 5.000000 634.804320 652.304320
v -5.000000 643.501711 661.001711
v -4.791667 643.501711 661.001711
v -4.583333 643.501711 661.001711
v -4.375000 643.501711 661.001711
v -4.166667 643.501711 661.001711
v -3.958333 643.501711 661.001711
v -3.750000 643.501711 661.001711
v -3.541667 643.501711 661.001711
v -3.333333 643.501711 661.001711
v -3.125000 643.501711 661.001711
v -2.916667 643.501711 661.001711
v -2.708333 643.501711 661.001711
v -2.500000 643.501711 661.001711
v -2.291667 643.501711 661.001711
v -2.083333 643.501711 661.001711
v -1.875000 643.501711 661.001711
v -1.666667 643.501711 661.001711
v -1.458333 643.501711 661.001711
v -1.250000 643.501711 661.001711
v -1.041667 643.501711 661.001711
v -0.833333 643.501711 661.001711
v -0.625000 643.501711 661.001711
v -0.416667 643.501711 661.001711
v -0.208333 643.501711 661.001711
v 0.000000 643.501711 661.001711
v 0.208333 643.501711 661.001711
v 0.416667 643.501711 661.001711
v 0.625000 643.501711 661.001711
v 0.833333 643.501711 661.001711
v 1.041667 643.501711 661.001711
v 1.250000 643.501711 661.001711
v 1.458333 643.501711 661.001711
v 1.666667 643.501711 661.001711
v 1.875000 643.501711 661.001711
v 2.083333 643.501711 661.001711
v 2.291667 643.501711 661.001711
v 2.500000 643.501711 661.001711
v 2.708333 643.501711 661.001711
v 2.916667 643.501711 661.001711
v 3.125000 643.501711 661.001711
v 3.333333 643.501711 661.001711
v 3.541667 643.501711 661.001711
v 3.750000 643.501711 661.001711
v 3.958333 643.501711 661.001711
v 4.166667 643.501711 661.001711
v 4.375000 643.501711 661.001711
v 4.583333 643.501711 661.001711
v 4.791667 643.501711 661.001711
v 5.000000 643.501711 661.001711
v -5.000000 652.199102 669.699102
v -4.791667 652.199102 669.699102
v -4.583333 652.199102 669.699102
v -4.375000 652.199102 669.699102
v -4.166667 652.199102 669.699102
v -3.958333 652.199102 669.699102
v -3.750000 652.199102 669.699102
v -3.541667 652.199102 669.699102
v -3.333333 652.199102 669.699102
v -3.125000 652.199102 669.699102
v -2.916667 652.199102 669.699102
v -2.708333 652.199102 669.699102
v -2.500000 652.199102 669.699102
v -2.291667 652.199102 669.699102
v -2.083333 652.199102 669.699102
v -1.875000 652.199102 669.699102
v -1.666667 652.199102 669.699102
v -1.458333 652.199102 669.699102
v -1.250000 652.199102 669.699102
v -1.041667 652.199102 669.699102
v -0.833333 652.199102 669.699102
v -0.625000 652.199102 669.699102
v -0.416667 652.199102 669.699102
v -0.208333 652.199102 669.699102
v 0.000000 652.199102 669.699102
v 0.208333 652.199102 669.699102
v 0.416667 652.199102 669.699102
v 0.625000 652.199102 669.699102
v 0.833333 652.199102 669.699102
v 1.041667 652.199102 669.699102
v 1.250000 652.199102 669.699102
v 1.458333 652.199102 669.699102
v 1.666667 652.199102 669.699102
v 1.875000 652.199102 669.699102
v 2.083333 652.199102 669.699102
v 2.291667 652.199102 669.699102
v 2.500000 652.199102 669.699102
v 2.708333 652.199102 669.699102
v 2.916667 652.199102 669.699102
v 3.125000 652.199102 669.699102
v 3.333333 652.199102 669.699102
v 3.541667 652.199102 669.699102
v 3.750000 652.199102 669.699102
v 3.958333 652.199102 669.699102
v 4.166667 652.199102 669.699102
v 4.375000 652.199102 669.699102
v 4.583333 652.199102 669.699102
v 4.791667 652.199102 669.699102
v 5.000000 652.199102 669.699102
v -5.000000 660.896493 678.396493
v -4.791667 660.896493 678.396493
v -4.583333 660.896493 678.396493
v -4.375000 660.896493 678.396493
v -4.166667 660.896493 678.396493
v -3.958333 660.896493 678.396493
v -3.750000 660.896493 678.396493
v -3.541667 660.896493 678.396493
v -3.333333 660.896493 678.396493
v -3.125000 660.896493 678.396493
v -2.916667 660.896493 678.396493
v -2.708333 660.896493 678.396493
v -2.500000 660.896493 678.396493
v -2.291667 660.896493 678.396493
v -2.083333 660.896493 678.396493
v -1.875000 660.896493 678.396493
v -1.666667 660.896493 678.396493
v -1.458333 660.896493 678.396493
v -1.250000 660.896493 678.396493
v -1.041667 660.896493 678.396493
v -0.833333 660.896493 678.396493
v -0.625000 660.896493 678.396493
v -0.416667 660.896493 678.396493
v -0.208333 660.896493 678.396493
v 0.000000 660.896493 678.396493
v 0.208333 660.896493 678.396493
v 0.416667 660.896493 678.396493
v 0.625000 660.896493 678.396493
v 0.833333 660.896493 678.396493
v 1.041667 660.896493 678.396493
v 1.250000 660.896493 678.396493
v 1.458333 660.896493 678.396493
v 1.666667 660.896493 678.396493
v 1.875000 660.896493 678.396493
v 2.083333 660.896493 678.396493
v 2.291667 660.896493 678.396493
v 2.500000 660.896493 678.396493
v 2.708333 660.896493 678.396493
v 2.916667 660.896493 678.396493
v 3.125000 660.896493 678.396493
v 3.333333 660.896493 678.396493
v 3.541667 660.896493 678.396493
v 3.750000 660.896493 678.396493
v 3.958333 660.896493 678.396493
v 4.166667 660.896493 678.396493
v 4.375000 660.896493 678.396493
v 4.583333 660.896493 678.396493
v 4.791667 660.896493 678.396493
v 5.000000 660.896493 678.396493
v -5.000000 669.593884 687.093884
v -4.791667 669.593884 687.093884
v -4.583333 669.593884 687.093884
v -4.375000 669.593884 687.093884
v -4.166667 669.593884 687.093884
v -3.958333 669.593884 687.093884
v -3.750000 669.593884 687.093884
v -3.541667 669.593884 687.093884
v -3.333333 669.593884 687.093884
v -3.125000 669.593884 687.093884
v -2.916667 669.593884 687.093884
v -2.708333 669.593884 687.093884
v -2.500000 669.593884 687.093884
v -2.291667 669.593884 687.093884
v -2.083333 669.593884 687.093884
v -1.875000 669.593884 687.093884
v -1.666667 669.593884 687.093884
v -1.458333 669.593884 687.093884
v -1.250000 669.593884 687.093884
v -1.041667 669.593884 687.093884
v -0.833333 669.593884 687.093884
v -0.625000 669.593884 687.093884
v -0.416667 669.593884 687.093884
v -0.208333 669.593884 687.093884
v 0.000000 669.593884 687.093884
v 0.208333 669.593884 687.093884
v 0.416667 669.593884 687.093884
v 0.625000 669.593884 687.093884
v 0.833333 669.593884 687.093884
v 1.041667 669.593884 687.093884
v 1.250000 669.593884 687.093884
v 1.458333 669.593884 687.093884
v 1.666667 669.593884 687.093884
v 1.875000 669.593884 687.093884
v 2.083333 669.593884 687.093884
v 2.291667 669.593884 687.093884
v 2.500000 669.593884 687.093884
v 2.708333 669.593884 687.093884
v 2.916667 669.593884 687.093884
v 3.125000 669.593884 687.093884
v 3.333333 669.593884 687.093884
v 3.541667 669.593884 687.093884
v 3.750000 669.593884 687.093884
v 3.958333 669.593884 687.093884
v 4.166667 669.593884 687.093884
v 4.375000 669.593884 687.093884
v 4.583333 669.593884 687.093884
v 4.791667 669.593884 687.093884
v 5.000000 669.593884 687.093884
v -5.000000 678.291275 695.791275
v -4.791667 678.291275 695.791275
v -4.583333 678.291275 695.791275
v -4.375000 678.291275 695.791275
v -4.166667 678.291275 695.791275
v -3.958333 678.291275 695.791275
v -3.750000 678.291275 695.791275
v -3.541667 678.291275 695.791275
v -3.333333 678.291275 695.791275
v -3.125000 678.291275 695.791275
v -2.916667 678.291275 695.791275
v -2.708333 678.291275 695.791275
v -2.500000 678.291275 695.791275
v -2.291667 678.291275 695.791275
v -2.083333 678.291275 695.791275
v -1.875000 678.291275 695.791275
v -1.666667 678.291275 695.791275
v -1.458333 678.291275 695.791275
v -1.250000 678.291275 695.791275
v -1.041667 678.291275 695.791275
v -0.833333 678.291275 695.791275
v -0.625000 678.291275 695.791275
v -0.416667 678.291275 695.791275
v -0.208333 678.291275 695.791275
v 0.000000 678.291275 695.791275
v 0.208333 678.291275 695.791275
v 0.416667 678.291275 695.791275
v 0.625000 678.291275 695.791275
v 0.833333 678.291275 695.791275
v 1.041667 678.291275 695.791275
v 1.250000 678.291275 695.791275
v 1.458333 678.291275 695.791275
v 1.666667 678.291275 695.791275
v 1.875000 678.291275 695.791275
v 2.083333 678.291275 695.791275
v 2.291667 678.291275 695.791275
v 2.500000 678.291275 695.791275
v 2.708333 678.291275 695.791275
v 2.916667 678.291275 695.791275
v 3.125000 678.291275 695.791275
v 3.333333 678.291275 695.791275
v 3.541667 678.291275 695.791275
v 3.750000 678.291275 695.791275
v 3.958333 678.291275 695.791275
v 4.166667 678.291275 695.791275
v 4.375000 678.291275 695.791275
v 4.583333 678.291275 695.791275
v 4.791667 678.291275 695.791275
v 5.000000 678.291275 695.791275
v -5.000000 686.988666 704.488666
v -4.791667 686.988666 704.488666
v -4.583333 686.988666 704.488666
v -4.375000 686.988666 704.488666
v -4.166667 686.988666 704.488666
v -3.958333 686.988666 704.488666
v -3.750000 686.988666 704.488666
v -3.541667 686.988666 704.488666
v -3.333333 686.988666 704.488666
v -3.125000 686.988666 704.488666
v -2.916667 686.988666 704.488666
v -2.708333 686.988666 704.488666
v -2.500000 686.988666 704.488666
v -2.291667 686.988666 704.488666
v -2.083333 686.988666 704.488666
v -1.875000 686.988666 704.488666
v -1.666667 686.988666 704.488666
v -1.458333 686.988666 704.488666
v -1.250000 686.988666 704.488666
v -1.041667 686.988666 704.488666
v -0.833333 686.988666 704.488666
v -0.625000 686.988666 704.488666
v -0.416667 686.988666 704.488666
v -0.208333 686.988666 704.488666
v 0.000000 686.988666 704.488666
v 0.208333 686.988666 704.488666
v 0.416667 686.988666 704.488666
v 0.625000 686.988666 704.488666
v 0.833333 686.988666 704.488666
v 1.041667 686.988666 704.488666
v 1.250000 686.988666 704.488666
v 1.458333 686.988666 704.488666
v 1.666667 686.988666 704.488666
v 1.875000 686.988666 704.488666
v 2.083333 686.988666 704.488666
v 2.291667 686.988666 704.488666
v 2.500000 686.988666 704.488666
v 2.708333 686.988666 704.488666
v 2.916667 686.988666 704.488666
v 3.125000 686.988666 704.488666
v 3.333333 686.988666 704.488666
v 3.541667 686.988666 704.488666
v 3.750000 686.988666 704.488666
v 3.958333 686.988666 704.488666
v 4.166667 686.988666 704.488666
v 4.375000 686.988666 704.488666
v 4.583333 686.988666 704.488666
v 4.791667 686.988666 704.488666
v 5.000000 686.988666 704.488666
v -5.000000 695.686057 713.186057
v -4.791667 695.686057 713.186057
v -4.583333 695.686057 713.186057
v -4.375000 695.686057 713.186057
v -4.166667 695.686057 713.186057
v -3.958333 695.686057 713.186057
v -3.750000 695.686057 713.186057
v -3.541667 695.686057 713.186057
v -3.333333 695.686057 713.186057
v -3.125000 695.686057 713.186057
v -2.916667 695.686057 713.186057
v -2.708333 695.686057 713.186057
v -2.500000 695.686057 713.186057
v -2.291667 695.686057 713.186057
v -2.083333 695.686057 713.186057
v -1.875000 695.686057 713.186057
v -1.666667 695.686057 713.186057
v -1.458333 695.686057 713.186057
v -1.250000 695.686057 713.186057
v -1.041667 695.686057 713.186057
v -0.833333 695.686057 713.186057
v -0.625000 695.686057 713.186057
v -0.416667 695.686057 713.186057
v -0.208333 695.686057 713.186057
v 0.000000 695.686057 713.186057
v 0.208333 695.686057 713.186057
v 0.416667 695.686057 713.186057
v 0.625000 695.686057 713.186057
v 0.833333 695.686057 713.186057
v 1.041667 695.686057 713.186057
v 1.250000 695.686057 713.186057
v 1.458333 695.686057 713.186057
v 1.666667 695.686057 713.186057
v 1.875000 695.686057 713.186057
v 2.083333 695.686057 713.186057
v 2.291667 695.686057 713.186057
v 2.500000 695.686057 713.186057
v 2.708333 695.686057 713.186057
v 2.916667 695.686057 713.186057
v 3.125000 695.686057 713.186057
v 3.333333 695.686057 713.186057
v 3.541667 695.686057 713.186057
v 3.750000 695.686057 713.186057
v 3.958333 695.686057 713.186057
v 4.166667 695.686057 713.186057
v 4.375000 695.686057 713.186057
v 4.583333 695.686057 713.186057
v 4.791667 695.686057 713.186057
v 5.000000 695.686057 713.186057
v -5.000000 704.383448 721.883448
v -4.791667 704.383448 721.883448
v -4.583333 704.383448 721.883448
v -4.375000 704.383448 721.883448
v -4.166667 704.383448 721.883448
v -3.958333 704.383448 721.883448
v -3.750000 704.383448 721.883448
v -3.541667 704.383448 721.883448
v -3.333333 704.383448 721.883448
v -3.125000 704.383448 721.883448
v -2.916667 704.383448 721.883448
v -2.708333 704.383448 721.883448
v -2.500000 704.383448 721.883448
v -2.291667 704.383448 721.883448
v -2.083333 704.383448 721.883448
v -1.875000 704.383448 721.883448
v -1.666667 704.383448 721.883448
v -1.458333 704.383448 721.883448
v -1.250000 704.383448 721.883448
v -1.041667 704.383448 721.883448
v -0.833333 704.383448 721.883448
v -0.625000 704.383448 721.883448
v -0.416667 704.383448 721.883448
v -0.208333 704.383448 721.883448
v 0.000000 704.383448 721.883448
v 0.208333 704.383448 721.883448
v 0.416667 704.383448 721.883448
v 0.625000 704.383448 721.883448
v 0.833333 704.383448 721.883448
v 1.041667 704.383448 721.883448
v 1.250000 704.383448 721.883448
v 1.458333 704.383448 721.883448
v 1.666667 704.383448 721.883448
v 1.875000 704.383448 721.883448
v 2.083333 704.383448 721.883448
v 2.291667 704.383448 721.883448
v 2.500000 704.383448 721.883448
v 2.708333 704.383448 721.883448
v 2.916667 704.383448 721.883448
v 3.125000 704.383448 721.883448
v 3.333333 704.383448 721.883448
v 3.541667 704.383448 721.883448
v 3.750000 704.383448 721.883448
v 3.958333 704.383448 721.883448
v 4.166667 704.383448 721.883448
v 4.375000 704.383448 721.883448
v 4.583333 704.383448 721.883448
v 4.791667 704.383448 721.883448
v 5.000000 704.383448 721.883448
v -5.000000 713.080839 730.580839
v -4.791667 713.080839 730.580839
v -4.583333 713.080839 730.580839
v -4.375000 713.080839 730.580839
v -4.166667 713.080839 730.580839
v -3.958333 713.080839 730.580839
v -3.750000 713.080839 730.580839
v -3.541667 713.080839 730.580839
v -3.333333 713.080839 730.580839
v -3.125000 713.080839 730.580839
v -2.916667 713.080839 730.580839
v -2.708333 713.080839 730.580839
v -2.500000 713.080839 730.580839
v -2.291667 713.080839 730.580839
v -2.083333 713.080839 730.580839
v -1.875000 713.080839 730.580839
v -1.666667 713.080839 730.580839
v -1.458333 713.080839 730.580839
v -1.250000 713.080839 730.580839
v -1.041667 713.080839 730.580839
v -0.833333 713.080839 730.580839
v -0.625000 713.080839 730.580839
v -0.416667 713.080839 730.580839
v -0.208333 713.080839 730.580839
v 0.000000 713.080839 730.580839
v 0.208333 713.080839 730.580839
v 0.416667 713.080839 730.580839
v 0.625000 713.080839 730.580839
v 0.833333 713.080839 730.580839
v 1.041667 713.080839 730.580839
v 1.250000 713.080839 730.580839
v 1.458333 713.080839 730.580839
v 1.666667 713.080839 730.580839
v 1.875000 713.080839 730.580839
v 2.083333 713.080839 730.580839
v 2.291667 713.080839 730.580839
v 2.500000 713.080839 730.580839
v 2.708333 713.080839 730.580839
v 2.916667 713.080839 730.580839
v 3.125000 713.080839 730.580839
v 3.333333 713.080839 730.580839
v 3.541667 713.080839 730.580839
v 3.750000 713.080839 730.580839
v 3.958333 713.080839 730.580839
v 4.166667 713.080839 730.580839
v 4.375000 713.080839 730.580839
v 4.583333 713.080839 730.580839
v 4.791667 713.080839 730.580839
v 5.000000 713.080839 730.580839
v -5.000000 721.778230 739.278230
v -4.791667 721.778230 739.278230
v -4.583333 721.778230 739.278230
v -4.375000 721.778230 739.278230
v -4.166667 721.778230 739.278230
v -3.958333 721.778230 739.278230
v -3.750000 721.778230 739.278230
v -3.541667 721.778230 739.278230
v -3.333333 721.778230 739.278230
v -3.125000 721.778230 739.278230
v -2.916667 721.778230 739.278230
v -2.708333 721.778230 739.278230
v -2.500000 721.778230 739.278230
v -2.291667 721.778230 739.278230
v -2.083333 721.778230 739.278230
v -1.875000 721.778230 739.278230
v -1.666667 721.778230 739.278230
v -1.458333 721.778230 739.278230
v -1.250000 721.778230 739.278230
v -1.041667 721.778230 739.278230
v -0.833333 721.778230 739.278230
v -0.625000 721.778230 739.278230
v -0.416667 721.778230 739.278230
v -0.208333 721.778230 739.278230
v 0.000000 721.778230 739.278230
v 0.208333 721.778230 739.278230
v 0.416667 721.778230 739.278230
v 0.625000 721.778230 739.278230
v 0.833333 721.778230 739.278230
v 1.041667 721.778230 739.278230
v 1.250000 721.778230 739.278230
v 1.458333 721.778230 739.278230
v 1.666667 721.778230 739.278230
v 1.875000 721.778230 739.278230
v 2.083333 721.778230 739.278230
v 2.291667 721.778230 739.278230
v 2.500000 721.778230 739.278230
v 2.708333 721.778230 739.278230
v 2.916667 721.778230 739.278230
v 3.125000 721.778230 739.278230
v 3.333333 721.778230 739.278230
v 3.541667 721.778230 739.278230
v 3.750000 721.778230 739.278230
v 3.958333 721.778230 739.278230
v 4.166667 721.778230 739.278230
v 4.375000 721.778230 739.278230
v 4.583333 721.778230 739.278230
v 4.791667 721.778230 739.278230
v 5.000000 721.778230 739.278230
v -5.000000 730.475621 747.975621
v -4.791667 730.475621 747.975621
v -4.583333 730.475621 747.975621
v -4.375000 730.475621 747.975621
v -4.166667 730.475621 747.975621
v -3.958333 730.475621 747.975621
v -3.750000 730.475621 747.975621
v -3.541667 730.475621 747.975621
v -3.333333 730.475621 747.975621
v -3.125000 730.475621 747.975621
v -2.916667 730.475621 747.975621
v -2.708333 730.475621 747.975621
v -2.500000 730.475621 747.975621
v -2.291667 730.475621 747.975621
v -2.083333 730.475621 747.975621
v -1.875000 730.475621 747.975621
v -1.666667 730.475621 747.975621
v -1.458333 730.475621 747.975621
v -1.250000 730.475621 747.975621
v -1.041667 730.475621 747.975621
v -0.833333 730.475621 747.975621
v -0.625000 730.475621 747.975621
v -0.416667 730.475621 747.975621
v -0.208333 730.475621 747.975621
v 0.000000 730.475621 747.975621
v 0.208333 730.475621 747.975621
v 0.416667 730.475621 747.975621
v 0.625000 730.475621 747.975621
v 0.833333 730.475621 747.975621
v 1.041667 730.475621 747.975621
v 1.250000 730.475621 747.975621
v 1.458333 730.475621 747.975621
v 1.666667 730.475621 747.975621
v 1.875000 730.475621 747.975621
v 2.083333 730.475621 747.975621
v 2.291667 730.475621 747.975621
v 2.500000 730.475621 747.975621
v 2.708333 730.475621 747.975621
v 2.916667 730.475621 747.975621
v 3.125000 730.475621 747.975621
v 3.333333 730.475621 747.975621
v 3.541667 730.475621 747.975621
v 3.750000 730.475621 747.975621
v 3.958333 730.475621 747.975621
v 4.166667 730.475621 747.975621
v 4.375000 730.475621 747.975621
v 4.583333 730.475621 747.975621
v 4.791667 730.475621 747.975621
v 5.000000 730.475621 747.975621
v -5.000000 739.173012 756.673012
v -4.791667 739.173012 756.673012
v -4.583333 739.173012 756.673012
v -4.375000 739.173012 756.673012
v -4.166667 739.173012 756.673012
v -3.958333 739.173012 756.673012
v -3.750000 739.173012 756.673012
v -3.541667 739.173012 756.673012
v -3.333333 739.173012 756.673012
v -3.125000 739.173012 756.673012
v -2.916667 739.173012 756.673012
v -2.708333 739.173012 756.673012
v -2.500000 739.173012 756.673012
v -2.291667 739.173012 756.673012
v -2.083333 739.173012 756.673012
v -1.875000 739.173012 756.673012
v -1.666667 739.173012 756.673012
v -1.458333 739.173012 756.673012
v -1.250000 739.173012 756.673012
v -1.041667 739.173012 756.673012
v -0.833333 739.173012 756.673012
v -0.625000 739.173012 756.673012
v -0.416667 739.173012 756.673012
v -0.208333 739.173012 756.673012
v 0.000000 739.173012 756.673012
v 0.208333 739.173012 756.673012
v 0.416667 739.173012 756.673012
v 0.625000 739.173012 756.673012
v 0.833333 739.173012 756.673012
v 1.041667 739.173012 756.673012
v 1.250000 739.173012 756.673012
v 1.458333 739.173012 756.673012
v 1.666667 739.173012 756.673012
v 1.875000 739.173012 756.673012
v 2.083333 739.173012 756.673012
v 2.291667 739.173012 756.673012
v 2.500000 739.173012 756.673012
v 2.708333 739.173012 756.673012
v 2.916667 739.173012 756.673012
v 3.125000 739.173012 756.673012
v 3.333333 739.173012 756.673012
v 3.541667 739.173012 756.673012
v 3.750000 739.173012 756.673012
v 3.958333 739.173012 756.673012
v 4.166667 739.173012 756.673012
v 4.375000 739.173012 756.673012
v 4.583333 739.173012 756.673012
v 4.791667 739.173012 756.673012
v 5.000000 739.173012 756.673012
v -5.000000 747.870403 765.370403
v -4.791667 747.870403 765.370403
v -4.583333 747.870403 765.370403
v -4.375000 747.870403 765.370403
v -4.166667 747.870403 765.370403
v -3.958333 747.870403 765.370403
v -3.750000 747.870403 765.370403
v -3.541667 747.870403 765.370403
v -3.333333 747.870403 765.370403
v -3.125000 747.870403 765.370403
v -2.916667 747.870403 765.370403
v -2.708333 747.870403 765.370403
v -2.500000 747.870403 765.370403
v -2.291667 747.870403 765.370403
v -2.083333 747.870403 765.370403
v -1.875000 747.870403 765.370403
v -1.666667 747.870403 765.370403
v -1.458333 747.870403 765.370403
v -1.250000 747.870403 765.370403
v -1.041667 747.870403 765.370403
v -0.833333 747.870403 765.370403
v -0.625000 747.870403 765.370403
v -0.416667 747.870403 765.370403
v -0.208333 747.870403 765.370403
v 0.000000 747.870403 765.370403
v 0.208333 747.870403 765.370403
v 0.416667 747.870403 765.370403
v 0.625000 747.870403 765.370403
v 0.833333 747.870403 765.370403
v 1.041667 747.870403 765.370403
v 1.250000 747.870403 765.370403
v 1.458333 747.870403 765.370403
v 1.666667 747.870403 765.370403
v 1.875000 747.870403 765.370403
v 2.083333 747.870403 765.370403
v 2.291667 747.870403 765.370403
v 2.500000 747.870403 765.370403
v 2.708333 747.870403 765.370403
v 2.916667 747.870403 765.370403
v 3.125000 747.870403 765.370403
v 3.333333 747.870403 765.370403
v 3.541667 747.870403 765.370403
v 3.750000 747.870403 765.370403
v 3.958333 747.870403 765.370403
v 4.166667 747.870403 765.370403
v 4.375000 747.870403 765.370403
v 4.583333 747.870403 765.370403
v 4.791667 747.870403 765.370403
v 5.000000 747.870403 765.370403
v -5.000000 756.567793 774.067793
v -4.791667 756.567793 774.067793
v -4.583333 756.567793 774.067793
v -4.375000 756.567793 774.067793
v -4.166667 756.567793 774.067793
v -3.958333 756.567793 774.067793
v -3.750000 756.567793 774.067793
v -3.541667 756.567793 774.067793
v -3.333333 756.567793 774.067793
v -3.125000 756.567793 774.067793
v -2.916667 756.567793 774.067793
v -2.708333 756.567793 774.067793
v -2.500000 756.567793 774.067793
v -2.291667 756.567793 774.067793
v -2.083333 756.567793 774.067793
v -1.875000 756.567793 774.067793
v -1.666667 756.567793 774.067793
v -1.458333 756.567793 774.067793
v -1.250000 756.567793 774.067793
v -1.041667 756.567793 774.067793
v -0.833333 756.567793 774.067793
v -0.625000 756.567793 774.067793
v -0.416667 756.567793 774.067793
v -0.208333 756.567793 774.067793
v 0.000000 756.567793 774.067793
v 0.208333 756.567793 774.067793
v 0.416667 756.567793 774.067793
v 0.625000 756.567793 774.067793
v 0.833333 756.567793 774.067793
v 1.041667 756.567793 774.067793
v 1.250000 756.567793 774.067793
v 1.458333 756.567793 774.067793
v 1.666667 756.567793 774.067793
v 1.875000 756.567793 774.067793
v 2.083333 756.567793 774.067793
v 2.291667 756.567793 774.067793
v 2.500000 756.567793 774.067793
v 2.708333 756.567793 774.067793
v 2.916667 756.567793 774.067793
v 3.125000 756.567793 774.067793
v 3.333333 756.567793 774.067793
v 3.541667 756.567793 774.067793
v 3.750000 756.567793 774.067793
v 3.958333 756.567793 774.067793
v 4.166667 756.567793 774.067793
v 4.375000 756.567793 774.067793
v 4.583333 756.567793 774.067793
v 4.791667 756.567793 774.067793
v 5.000000 756.567793 774.067793
v -5.000000 765.265184 782.765184
v -4.791667 765.265184 782.765184
v -4.583333 765.265184 782.765184
v -4.375000 765.265184 782.765184
v -4.166667 765.265184 782.765184
v -3.958333 765.265184 782.765184
v -3.750000 765.265184 782.765184
v -3.541667 765.265184 782.765184
v -3.333333 765.265184 782.765184
v -3.125000 765.265184 782.765184
v -2.916667 765.265184 782.765184
v -2.708333 765.265184 782.765184
v -2.500000 765.265184 782.765184
v -2.291667 765.265184 782.765184
v -2.083333 765.265184 782.765184
v -1.875000 765.265184 782.765184
v -1.666667 765.265184 782.765184
v -1.458333 765.265184 782.765184
v -1.250000 765.265184 782.765184
v -1.041667 765.265184 782.765184
v -0.833333 765.265184 782.765184
v -0.625000 765.265184 782.765184
v -0.416667 765.265184 782.765184
v -0.208333 765.265184 782.765184
v 0.000000 765.265184 782.765184
v 0.208333 765.265184 782.765184
v 0.416667 765.265184 782.765184
v 0.625000 765.265184 782.765184
v 0.833333 765.265184 782.765184
v 1.041667 765.265184 782.765184
v 1.250000 765.265184 782.765184
v 1.458333 765.265184 782.765184
v 1.666667 765.265184 782.765184
v 1.875000 765.265184 782.765184
v 2.083333 765.265184 782.765184
v 2.291667 765.265184 782.765184
v 2.500000 765.265184 782.765184
v 2.708333 765.265184 782.765184
v 2.916667 765.265184 782.765184
v 3.125000 765.265184 782.765184
v 3.333333 765.265184 782.765184
v 3.541667 765.265184 782.765184
v 3.750000 765.265184 782.765184
v 3.958333 765.265184 782.765184
v 4.166667 765.265184 782.765184
v 4.375000 765.265184 782.765184
v 4.583333 765.265184 782.765184
v 4.791667 765.265184 782.765184
v 5.000000 765.265184 782.765184
v -5.000000 773.962575 791.462575
v -4.791667 773.962575 791.462575
v -4.583333 773.962575 791.462575
v -4.375000 773.962575 791.462575
v -4.166667 773.962575 791.462575
v -3.958333 773.962575 791.462575
v -3.750000 773.962575 791.462575
v -3.541667 773.962575 791.462575
v -3.333333 773.962575 791.462575
v -3.125000 773.962575 791.462575
v -2.916667 773.962575 791.462575
v -2.708333 773.962575 791.462575
v -2.500000 773.962575 791.462575
v -2.291667 773.962575 791.462575
v -2.083333 773.962575 791.462575
v -1.875000 773.962575 791.462575
v -1.666667 773.962575 791.462575
v -1.458333 773.962575 791.462575
v -1.250000 773.962575 791.462575
v -1.041667 773.962575 791.462575
v -0.833333 773.962575 791.462575
v -0.625000 773.962575 791.462575
v -0.416667 773.962575 791.462575
v -0.208333 773.962575 791.462575
v 0.000000 773.962575 791.462575
v 0.208333 773.962575 791.462575
v 0.416667 773.962575 791.462575
v 0.625000 773.962575 791.462575
v 0.833333 773.962575 791.462575
v 1.041667 773.962575 791.462575
v 1.250000 773.962575 791.462575
v 1.458333 773.962575 791.462575
v 1.666667 773.962575 791.462575
v 1.875000 773.962575 791.462575
v 2.083333 773.962575 791.462575
v 2.291667 773.962575 791.462575
v 2.500000 773.962575 791.462575
v 2.708333 773.962575 791.462575
v 2.916667 773.962575 791.462575
v 3.125000 773.962575 791.462575
v 3.333333 773.962575 791.462575
v 3.541667 773.962575 791.462575
v 3.750000 773.962575 791.462575
v 3.958333 773.962575 791.462575
v 4.166667 773.962575 791.462575
v 4.375000 773.962575 791.462575
v 4.583333 773.962575 791.462575
v 4.791667 773.962575 791.462575
v 5.000000 773.962575 791.462575
v -5.000000 782.659966 800.159966
v -4.791667 782.659966 800.159966
v -4.583333 782.659966 800.159966
v -4.375000 782.659966 800.159966
v -4.166667 782.659966 800.159966
v -3.958333 782.659966 800.159966
v -3.750000 782.659966 800.159966
v -3.541667 782.659966 800.159966
v -3.333333 782.659966 800.159966
v -3.125000 782.659966 800.159966
v -2.916667 782.659966 800.159966
v -2.708333 782.659966 800.159966
v -2.500000 782.659966 800.159966
v -2.291667 782.659966 800.159966
v -2.083333 782.659966 800.159966
v -1.875000 782.659966 800.159966
v -1.666667 782.659966 800.159966
v -1.458333 782.659966 800.159966
v -1.250000 782.659966 800.159966
v -1.041667 782.659966 800.159966
v -0.833333 782.659966 800.159966
v -0.625000 782.659966 800.159966
v -0.416667 782.659966 800.159966
v -0.208333 782.659966 800.159966
v 0.000000 782.659966 800.159966
v 0.208333 782.659966 800.159966
v 0.416667 782.659966 800.159966
v 0.625000 782.659966 800.159966
v 0.833333 782.659966 800.159966
v 1.041667 782.659966 800.159966
v 1.250000 782.659966 800.159966
v 1.458333 782.659966 800.159966
v 1.666667 782.659966 800.159966
v 1.875000 782.659966 800.159966
v 2.083333 782.659966 800.159966
v 2.291667 782.659966 800.159966
v 2.500000 782.659966 800.159966
v 2.708333 782.659966 800.159966
v 2.916667 782.659966 800.159966
v 3.125000 782.659966 800.159966
v 3.333333 782.659966 800.159966
v 3.541667 782.659966 800.159966
v 3.750000 782.659966 800.159966
v 3.958333 782.659966 800.159966
v 4.166667 782.659966 800.159966
v 4.375000 782.659966 800.159966
v 4.583333 782.659966 800.159966
v 4.791667 782.659966 800.159966
v 5.000000 782.659966 800.159966
v -5.000000 791.357357 808.857357
v -4.791667 791.357357 808.857357
v -4.583333 791.357357 808.857357
v -4.375000 791.357357 808.857357
v -4.166667 791.357357 808.857357
v -3.958333 791.357357 808.857357
v -3.750000 791.357357 808.857357
v -3.541667 791.357357 808.857357
v -3.333333 791.357357 808.857357
v -3.125000 791.357357 808.857357
v -2.916667 791.357357 808.857357
v -2.708333 791.357357 808.857357
v -2.500000 791.357357 808.857357
v -2.291667 791.357357 808.857357
v -2.083333 791.357357 808.857357
v -1.875000 791.357357 808.857357
v -1.666667 791.357357 808.857357
v -1.458333 791.357357 808.857357
v -1.250000 791.357357 808.857357
v -1.041667 791.357357 808.857357
v -0.833333 791.357357 808.857357
v -0.625000 791.357357 808.857357
v -0.416667 791.357357 808.857357
v -0.208333 791.357357 808.857357
v 0.000000 791.357357 808.857357
v 0.208333 791.357357 808.857357
v 0.416667 791.357357 808.857357
v 0.625000 791.357357 808.857357
v 0.833333 791.357357 808.857357
v 1.041667 791.357357 808.857357
v 1.250000 791.357357 808.857357
v 1.458333 791.357357 808.857357
v 1.666667 791.357357 808.857357
v 1.875000 791.357357 808.857357
v 2.083333 791.357357 808.857357
v 2.291667 791.357357 808.857357
v 2.500000 791.357357 808.857357
v 2.708333 791.357357 808.857357
v 2.916667 791.357357 808.857357
v 3.125000 791.357357 808.857357
v 3.333333 791.357357 808.857357
v 3.541667 791.357357 808.857357
v 3.750000 791.357357 808.857357
v 3.958333 791.357357 808.857357
v 4.166667 791.357357 808.857357
v 4.375000 791.357357 808.857357
v 4.583333 791.357357 808.857357
v 4.791667 791.357357 808.857357
v 5.000000 791.357357 808.857357
v -5.000000 800.054748 817.554748
v -4.791667 800.054748 817.554748
v -4.583333 800.054748 817.554748
v -4.375000 800.054748 817.554748
v -4.166667 800.054748 817.554748
v -3.958333 800.054748 817.554748
v -3.750000 800.054748 817.554748
v -3.541667 800.054748 817.554748
v -3.333333 800.054748 817.554748
v -3.125000 800.054748 817.554748
v -2.916667 800.054748 817.554748
v -2.708333 800.054748 817.554748
v -2.500000 800.054748 817.554748
v -2.291667 800.054748 817.554748
v -2.083333 800.054748 817.554748
v -1.875000 800.054748 817.554748
v -1.666667 800.054748 817.554748
v -1.458333 800.054748 817.554748
v -1.250000 800.054748 817.554748
v -1.041667 800.054748 817.554748
v -0.833333 800.054748 817.554748
v -0.625000 800.054748 817.554748
v -0.416667 800.054748 817.554748
v -0.208333 800.054748 817.554748
v 0.000000 800.054748 817.554748
v 0.208333 800.054748 817.554748
v 0.416667 800.054748 817.554748
v 0.625000 800.054748 817.554748
v 0.833333 800.054748 817.554748
v 1.041667 800.054748 817.554748
v 1.250000 800.054748 817.554748
v 1.458333 800.054748 817.554748
v 1.666667 800.054748 817.554748
v 1.875000 800.054748 817.554748
v 2.083333 800.054748 817.554748
v 2.291667 800.054748 817.554748
v 2.500000 800.054748 817.554748
v 2.708333 800.054748 817.554748
v 2.916667 800.054748 817.554748
v 3.125000 800.054748 817.554748
v 3.333333 800.054748 817.554748
v 3.541667 800.054748 817.554748
v 3.750000 800.054748 817.554748
v 3.958333 800.054748 817.554748
v 4.166667 800.054748 817.554748
v 4.375000 800.054748 817.554748
v 4.583333 800.054748 817.554748
v 4.791667 800.054748 817.554748
v 5.000000 800.054748 817.554748
v -5.000000 808.752139 826.252139
v -4.791667 808.752139 826.252139
v -4.583333 808.752139 826.252139
v -4.375000 808.752139 826.252139
v -4.166667 808.752139 826.252139
v -3.958333 808.752139 826.252139
v -3.750000 808.752139 826.252139
v -3.541667 808.752139 826.252139
v -3.333333 808.752139 826.252139
v -3.125000 808.752139 826.252139
v -2.916667 808.752139 826.252139
v -2.708333 808.752139 826.252139
v -2.500000 808.752139 826.252139
v -2.291667 808.752139 826.252139
v -2.083333 808.752139 826.252139
v -1.875000 808.752139 826.252139
v -1.666667 808.752139 826.252139
v -1.458333 808.752139 826.252139
v -1.250000 808.752139 826.252139
v -1.041667 808.752139 826.252139
v -0.833333 808.752139 826.252139
v -0.625000 808.752139 826.252139
v -0.416667 808.752139 826.252139
v -0.208333 808.752139 826.252139
v 0.000000 808.752139 826.252139
v 0.208333 808.752139 826.252139
v 0.416667 808.752139 826.252139
v 0.625000 808.752139 826.252139
v 0.833333 808.752139 826.252139
v 1.041667 808.752139 826.252139
v 1.250000 808.752139 826.252139
v 1.458333 808.752139 826.252139
v 1.666667 808.752139 826.252139
v 1.875000 808.752139 826.252139
v 2.083333 808.752139 826.252139
v 2.291667 808.752139 826.252139
v 2.500000 808.752139 826.252139
v 2.708333 808.752139 826.252139
v 2.916667 808.752139 826.252139
v 3.125000 808.752139 826.252139
v 3.333333 808.752139 826.252139
v 3.541667 808.752139 826.252139
v 3.750000 808.752139 826.252139
v 3.958333 808.752139 826.252139
v 4.166667 808.752139 826.252139
v 4.375000 808.752139 826.252139
v 4.583333 808.752139 826.252139
v 4.791667 808.752139 826.252139
v 5.000000 808.752139 826.252139
v -5.000000 817.449530 834.949530
v -4.791667 817.449530 834.949530
v -4.583333 817.449530 834.949530
v -4.375000 817.449530 834.949530
v -4.166667 817.449530 834.949530
v -3.958333 817.449530 834.949530
v -3.750000 817.449530 834.949530
v -3.541667 817.449530 834.949530
v -3.333333 817.449530 834.949530
v -3.125000 817.449530 834.949530
v -2.916667 817.449530 834.949530
v -2.708333 817.449530 834.949530
v -2.500000 817.449530 834.949530
v -2.291667 817.449530 834.949530
v -2.083333 817.449530 834.949530
v -1.875000 817.449530 834.949530
v -1.666667 817.449530 834.949530
v -1.458333 817.449530 834.949530
v -1.250000 817.449530 834.949530
v -1.041667 817.449530 834.949530
v -0.833333 817.449530 834.949530
v -0.625000 817.449530 834.949530
v -0.416667 817.449530 834.949530
v -0.208333 817.449530 834.949530
v 0.000000 817.449530 834.949530
v 0.208333 817.449530 834.949530
v 0.416667 817.449530 834.949530
v 0.625000 817.449530 834.949530
v 0.833333 817.449530 834.949530
v 1.041667 817.449530 834.949530
v 1.250000 817.449530 834.949530
v 1.458333 817.449530 834.949530
v 1.666667 817.449530 834.949530
v 1.875000 817.449530 834.949530
v 2.083333 817.449530 834.949530
v 2.291667 817.449530 834.949530
v 2.500000 817.449530 834.949530
v 2.708333 817.449530 834.949530
v 2.916667 817.449530 834.949530
v 3.125000 817.449530 834.949530
v 3.333333 817.449530 834.949530
v 3.541667 817.449530 834.949530
v 3.750000 817.449530 834.949530
v 3.958333 817.449530 834.949530
v 4.166667 817.449530 834.949530
v 4.375000 817.449530 834.949530
v 4.583333 817.449530 834.949530
v 4.791667 817.449530 834.949530
v 5.000000 817.449530 834.949530
v -5.000000 826.146921 843.646921
v -4.791667 826.146921 843.646921
v -4.583333 826.146921 843.646921
v -4.375000 826.146921 843.646921
v -4.166667 826.146921 843.646921
v -3.958333 826.146921 843.646921
v -3.750000 826.146921 843.646921
v -3.541667 826.146921 843.646921
v -3.333333 826.146921 843.646921
v -3.125000 826.146921 843.646921
v -2.916667 826.146921 843.646921
v -2.708333 826.146921 843.646921
v -2.500000 826.146921 843.646921
v -2.291667 826.146921 843.646921
v -2.083333 826.146921 843.646921
v -1.875000 826.146921 843.646921
v -1.666667 826.146921 843.646921
v -1.458333 826.146921 843.646921
v -1.250000 826.146921 843.646921
v -1.041667 826.146921 843.646921
v -0.833333 826.146921 843.646921
v -0.625000 826.146921 843.646921
v -0.416667 826.146921 843.646921
v -0.208333 826.146921 843.646921
v 0.000000 826.146921 843.646921
v 0.208333 826.146921 843.646921
v 0.416667 826.146921 843.646921
v 0.625000 826.146921 843.646921
v 0.833333 826.146921 843.646921
v 1.041667 826.146921 843.646921
v 1.250000 826.146921 843.646921
v 1.458333 826.146921 843.646921
v 1.666667 826.146921 843.646921
v 1.875000 826.146921 843.646921
v 2.083333 826.146921 843.646921
v 2.291667 826.146921 843.646921
v 2.500000 826.146921 843.646921
v 2.708333 826.146921 843.646921
v 2.916667 826.146921 843.646921
v 3.125000 826.146921 843.646921
v 3.333333 826.146921 843.646921
v 3.541667 826.146921 843.646921
v 3.750000 826.146921 843.646921
v 3.958333 826.146921 843.646921
v 4.166667 826.146921 843.646921
v 4.375000 826.146921 843.646921
v 4.583333 826.146921 843.646921
v 4.791667 826.146921 843.646921
v 5.000000 826.146921 843.646921
v -5.000000 834.844312 852.344312
v -4.791667 834.844312 852.344312
v -4.583333 834.844312 852.344312
v -4.375000 834.844312 852.344312
v -4.166667 834.844312 852.344312
v -3.958333 834.844312 852.344312
v -3.750000 834.844312 852.344312
v -3.541667 834.844312 852.344312
v -3.333333 834.844312 852.344312
v -3.125000 834.844312 852.344312
v -2.916667 834.844312 852.344312
v -2.708333 834.844312 852.344312
v -2.500000 834.844312 852.344312
v -2.291667 834.844312 852.344312
v -2.083333 834.844312 852.344312
v -1.875000 834.844312 852.344312
v -1.666667 834.844312 852.344312
v -1.458333 834.844312 852.344312
v -1.250000 834.844312 852.344312
v -1.041667 834.844312 852.344312
v -0.833333 834.844312 852.344312
v -0.625000 834.844312 852.344312
v -0.416667 834.844312 852.344312
v -0.208333 834.844312 852.344312
v 0.000000 834.844312 852.344312
v 0.208333 834.844312 852.344312
v 0.416667 834.844312 852.344312
v 0.625000 834.844312 852.344312
v 0.833333 834.844312 852.344312
v 1.041667 834.844312 852.344312
v 1.250000 834.844312 852.344312
v 1.458333 834.844312 852.344312
v 1.666667 834.844312 852.344312
v 1.875000 834.844312 852.344312
v 2.083333 834.844312 852.344312
v 2.291667 834.844312 852.344312
v 2.500000 834.844312 852.344312
v 2.708333 834.844312 852.344312
v 2.916667 834.844312 852.344312
v 3.125000 834.844312 852.344312
v 3.333333 834.844312 852.344312
v 3.541667 834.844312 852.344312
v 3.750000 834.844312 852.344312
v 3.958333 834.844312 852.344312
v 4.166667 834.844312 852.344312
v 4.375000 834.844312 852.344312
v 4.583333 834.844312 852.344312
v 4.791667 834.844312 852.344312
v 5.000000 834.844312 852.344312
v -5.000000 843.541703 861.041703
v -4.791667 843.541703 861.041703
v -4.583333 843.541703 861.041703
v -4.375000 843.541703 861.041703
v -4.166667 843.541703 861.041703
v -3.958333 843.541703 861.041703
v -3.750000 843.541703 861.041703
v -3.541667 843.541703 861.041703
v -3.333333 843.541703 861.041703
v -3.125000 843.541703 861.041703
v -2.916667 843.541703 861.041703
v -2.708333 843.541703 861.041703
v -2.500000 843.541703 861.041703
v -2.291667 843.541703 861.041703
v -2.083333 843.541703 861.041703
v -1.875000 843.541703 861.041703
v -1.666667 843.541703 861.041703
v -1.458333 843.541703 861.041703
v -1.250000 843.541703 861.041703
v -1.041667 843.541703 861.041703
v -0.833333 843.541703 861.041703
v -0.625000 843.541703 861.041703
v -0.416667 843.541703 861.041703
v -0.208333 843.541703 861.041703
v 0.000000 843.541703 861.041703
v 0.208333 843.541703 861.041703
v 0.416667 843.541703 861.041703
v 0.625000 843.541703 861.041703
v 0.833333 843.541703 861.041703
v 1.041667 843.541703 861.041703
v 1.250000 843.541703 861.041703
v 1.458333 843.541703 861.041703
v 1.666667 843.541703 861.041703
v 1.875000 843.541703 861.041703
v 2.083333 843.541703 861.041703
v 2.291667 843.541703 861.041703
v 2.500000 843.541703 861.041703
v 2.708333 843.541703 861.041703
v 2.916667 843.541703 861.041703
v 3.125000 843.541703 861.041703
v 3.333333 843.541703 861.041703
v 3.541667 843.541703 861.041703
v 3.750000 843.541703 861.041703
v 3.958333 843.541703 861.041703
v 4.166667 843.541703 861.041703
v 4.375000 843.541703 861.041703
v 4.583333 843.541703 861.041703
v 4.791667 843.541703 861.041703
v 5.000000 843.541703 861.041703
v -5.000000 852.239094 869.739094
v -4.791667 852.239094 869.739094
v -4.583333 852.239094 869.739094
v -4.375000 852.239094 869.739094
v -4.166667 852.239094 869.739094
v -3.958333 852.239094 869.739094
v -3.750000 852.239094 869.739094
v -3.541667 852.239094 869.739094
v -3.333333 852.239094 869.739094
v -3.125000 852.239094 869.739094
v -2.916667 852.239094 869.739094
v -2.708333 852.239094 869.739094
v -2.500000 852.239094 869.739094
v -2.291667 852.239094 869.739094
v -2.083333 852.239094 869.739094
v -1.875000 852.239094 869.739094
v -1.666667 852.239094 869.739094
v -1.458333 852.239094 869.739094
v -1.250000 852.239094 869.739094
v -1.041667 852.239094 869.739094
v -0.833333 852.239094 869.739094
v -0.625000 852.239094 869.739094
v -0.416667 852.239094 869.739094
v -0.208333 852.239094 869.739094
v 0.000000 852.239094 869.739094
v 0.208333 852.239094 869.739094
v 0.416667 852.239094 869.739094
v 0.625000 852.239094 869.739094
v 0.833333 852.239094 869.739094
v 1.041667 852.239094 869.739094
v 1.250000 852.239094 869.739094
v 1.458333 852.239094 869.739094
v 1.666667 852.239094 869.739094
v 1.875000 852.239094 869.739094
v 2.083333 852.239094 869.739094
v 2.291667 852.239094 869.739094
v 2.500000 852.239094 869.739094
v 2.708333 852.239094 869.739094
v 2.916667 852.239094 869.739094
v 3.125000 852.239094 869.739094
v 3.333333 852.239094 869.739094
v 3.541667 852.239094 869.739094
v 3.750000 852.239094 869.739094
v 3.958333 852.239094 869.739094
v 4.166667 852.239094 869.739094
v 4.375000 852.239094 869.739094
v 4.583333 852.239094 869.739094
v 4.791667 852.239094 869.739094
v 5.000000 852.239094 869.739094
v -5.000000 860.936485 878.436485
v -4.791667 860.936485 878.436485
v -4.583333 860.936485 878.436485
v -4.375000 860.936485 878.436485
v -4.166667 860.936485 878.436485
v -3.958333 860.936485 878.436485
v -3.750000 860.936485 878.436485
v -3.541667 860.936485 878.436485
v -3.333333 860.936485 878.436485
v -3.125000 860.936485 878.436485
v -2.916667 860.936485 878.436485
v -2.708333 860.936485 878.436485
v -2.500000 860.936485 878.436485
v -2.291667 860.936485 878.436485
v -2.083333 860.936485 878.436485
v -1.875000 860.936485 878.436485
v -1.666667 860.936485 878.436485
v -1.458333 860.936485 878.436485
v -1.250000 860.936485 878.436485
v -1.041667 860.936485 878.436485
v -0.833333 860.936485 878.436485
v -0.625000 860.936485 878.436485
v -0.416667 860.936485 878.436485
v -0.208333 860.936485 878.436485
v 0.000000 860.936485 878.436485
v 0.208333 860.936485 878.436485
v 0.416667 860.936485 878.436485
v 0.625000 860.936485 878.436485
v 0.833333 860.936485 878.436485
v 1.041667 860.936485 878.436485
v 1.250000 860.936485 878.436485
v 1.458333 860.936485 878.436485
v 1.666667 860.936485 878.436485
v 1.875000 860.936485 878.436485
v 2.083333 860.936485 878.436485
v 2.291667 860.936485 878.436485
v 2.500000 860.936485 878.436485
v 2.708333 860.936485 878.436485
v 2.916667 860.936485 878.436485
v 3.125000 860.936485 878.436485
v 3.333333 860.936485 878.436485
v 3.541667 860.936485 878.436485
v 3.750000 860.936485 878.436485
v 3.958333 860.936485 878.436485
v 4.166667 860.936485 878.436485
v 4.375000 860.936485 878.436485
v 4.583333 860.936485 878.436485
v 4.791667 860.936485 878.436485
v 5.000000 860.936485 878.436485
v -5.000000 869.633876 887.133876
v -4.791667 869.633876 887.133876
v -4.583333 869.633876 887.133876
v -4.375000 869.633876 887.133876
v -4.166667 869.633876 887.133876
v -3.958333 869.633876 887.133876
v -3.750000 869.633876 887.133876
v -3.541667 869.633876 887.133876
v -3.333333 869.633876 887.133876
v -3.125000 869.633876 887.133876
v -2.916667 869.633876 887.133876
v -2.708333 869.633876 887.133876
v -2.500000 869.633876 887.133876
v -2.291667 869.633876 887.133876
v -2.083333 869.633876 887.133876
v -1.875000 869.633876 887.133876
v -1.666667 869.633876 887.133876
v -1.458333 869.633876 887.133876
v -1.250000 869.633876 887.133876
v -1.041667 869.633876 887.133876
v -0.833333 869.633876 887.133876
v -0.625000 869.633876 887.133876
v -0.416667 869.633876 887.133876
v -0.208333 869.633876 887.133876
v 0.000000 869.633876 887.133876
v 0.208333 869.633876 887.133876
v 0.416667 869.633876 887.133876
v 0.625000 869.633876 887.133876
v 0.833333 869.633876 887.133876
v 1.041667 869.633876 887.133876
v 1.250000 869.633876 887.133876
v 1.458333 869.633876 887.133876
v 1.666667 869.633876 887.133876
v 1.875000 869.633876 887.133876
v 2.083333 869.633876 887.133876
v 2.291667 869.633876 887.133876
v 2.500000 869.633876 887.133876
v 2.708333 869.633876 887.133876
v 2.916667 869.633876 887.133876
v 3.125000 869.633876 887.133876
v 3.333333 869.633876 887.133876
v 3.541667 869.633876 887.133876
v 3.750000 869.633876 887.133876
v 3.958333 869.633876 887.133876
v 4.166667 869.633876 887.133876
v 4.375000 869.633876 887.133876
v 4.583333 869.633876 887.133876
v 4.791667 869.633876 887.133876
v 5.000000 869.633876 887.133876
v -5.000000 878.331267 895.831267
v -4.791667 878.331267 895.831267
v -4.583333 878.331267 895.831267
v -4.375000 878.331267 895.831267
v -4.166667 878.331267 895.831267
v -3.958333 878.331267 895.831267
v -3.750000 878.331267 895.831267
v -3.541667 878.331267 895.831267
v -3.333333 878.331267 895.831267
v -3.125000 878.331267 895.831267
v -2.916667 878.331267 895.831267
v -2.708333 878.331267 895.831267
v -2.500000 878.331267 895.831267
v -2.291667 878.331267 895.831267
v -2.083333 878.331267 895.831267
v -1.875000 878.331267 895.831267
v -1.666667 878.331267 895.831267
v -1.458333 878.331267 895.831267
v -1.250000 878.331267 895.831267
v -1.041667 878.331267 895.831267
v -0.833333 878.331267 895.831267
v -0.625000 878.331267 895.831267
v -0.416667 878.331267 895.831267
v -0.208333 878.331267 895.831267
v 0.000000 878.331267 895.831267
v 0.208333 878.331267 895.831267
v 0.416667 878.331267 895.831267
v 0.625000 878.331267 895.831267
v 0.833333 878.331267 895.831267
v 1.041667 878.331267 895.831267
v 1.250000 878.331267 895.831267
v 1.458333 878.331267 895.831267
v 1.666667 878.331267 895.831267
v 1.875000 878.331267 895.831267
v 2.083333 878.331267 895.831267
v 2.291667 878.331267 895.831267
v 2.500000 878.331267 895.831267
v 2.708333 878.331267 895.831267
v 2.916667 878.331267 895.831267
v 3.125000 878.331267 895.831267
v 3.333333 878.331267 895.831267
v 3.541667 878.331267 895.831267
v 3.750000 878.331267 895.831267
v 3.958333 878.331267 895.831267
v 4.166667 878.331267 895.831267
v 4.375000 878.331267 895.831267
v 4.583333 878.331267 895.831267
v 4.791667 878.331267 895.831267
v 5.000000 878.331267 895.831267
v -5.000000 887.028658 904.528658
v -4.791667 887.028658 904.528658
v -4.583333 887.028658 904.528658
v -4.375000 887.028658 904.528658
v -4.166667 887.028658 904.528658
v -3.958333 887.028658 904.528658
v -3.750000 887.028658 904.528658
v -3.541667 887.028658 904.528658
v -3.333333 887.028658 904.528658
v -3.125000 887.028658 904.528658
v -2.916667 887.028658 904.528658
v -2.708333 887.028658 904.528658
v -2.500000 887.028658 904.528658
v -2.291667 887.028658 904.528658
v -2.083333 887.028658 904.528658
v -1.875000 887.028658 904.528658
v -1.666667 887.028658 904.528658
v -1.458333 887.028658 904.528658
v -1.250000 887.028658 904.528658
v -1.041667 887.028658 904.528658
v -0.833333 887.028658 904.528658
v -0.625000 887.028658 904.528658
v -0.416667 887.028658 904.528658
v -0.208333 887.028658 904.528658
v 0.000000 887.028658 904.528658
v 0.208333 887.028658 904.528658
v 0.416667 887.028658 904.528658
v 0.625000 887.028658 904.528658
v 0.833333 887.028658 904.528658
v 1.041667 887.028658 904.528658
v 1.250000 887.028658 904.528658
v 1.458333 887.028658 904.528658
v 1.666667 887.028658 904.528658
v 1.875000 887.028658 904.528658
v 2.083333 887.028658 904.528658
v 2.291667 887.028658 904.528658
v 2.500000 887.028658 904.528658
v 2.708333 887.028658 904.528658
v 2.916667 887.028658 904.528658
v 3.125000 887.028658 904.528658
v 3.333333 887.028658 904.528658
v 3.541667 887.028658 904.528658
v 3.750000 887.028658 904.528658
v 3.958333 887.028658 904.528658
v 4.166667 887.028658 904.528658
v 4.375000 887.028658 904.528658
v 4.583333 887.028658 904.528658
v 4.791667 887.028658 904.528658
v 5.000000 887.028658 904.528658
v -5.000000 895.726048 913.226048
v -4.791667 895.726048 913.226048
v -4.583333 895.726048 913.226048
v -4.375000 895.726048 913.226048
v -4.166667 895.726048 913.226048
v -3.958333 895.726048 913.226048
v -3.750000 895.726048 913.226048
v -3.541667 895.726048 913.226048
v -3.333333 895.726048 913.226048
v -3.125000 895.726048 913.226048
v -2.916667 895.726048 913.226048
v -2.708333 895.726048 913.226048
v -2.500000 895.726048 913.226048
v -2.291667 895.726048 913.226048
v -2.083333 895.726048 913.226048
v -1.875000 895.726048 913.226048
v -1.666667 895.726048 913.226048
v -1.458333 895.726048 913.226048
v -1.250000 895.726048 913.226048
v -1.041667 895.726048 913.226048
v -0.833333 895.726048 913.226048
v -0.625000 895.726048 913.226048
v -0.416667 895.726048 913.226048
v -0.208333 895.726048 913.226048
v 0.000000 895.726048 913.226048
v 0.208333 895.726048 913.226048
v 0.416667 895.726048 913.226048
v 0.625000 895.726048 913.226048
v 0.833333 895.726048 913.226048
v 1.041667 895.726048 913.226048
v 1.250000 895.726048 913.226048
v 1.458333 895.726048 913.226048
v 1.666667 895.726048 913.226048
v 1.875000 895.726048 913.226048
v 2.083333 895.726048 913.226048
v 2.291667 895.726048 913.226048
v 2.500000 895.726048 913.226048
v 2.708333 895.726048 913.226048
v 2.916667 895.726048 913.226048
v 3.125000 895.726048 913.226048
v 3.333333 895.726048 913.226048
v 3.541667 895.726048 913.226048
v 3.750000 895.726048 913.226048
v 3.958333 895.726048 913.226048
v 4.166667 895.726048 913.226048
v 4.375000 895.726048 913.226048
v 4.583333 895.726048 913.226048
v 4.791667 895.726048 913.226048
v 5.000000 895.726048 913.226048
v -5.000000 904.423439 921.923439
v -4.791667 904.423439 921.923439
v -4.583333 904.423439 921.923439
v -4.375000 904.423439 921.923439
v -4.166667 904.423439 921.923439
v -3.958333 904.423439 921.923439
v -3.750000 904.423439 921.923439
v -3.541667 904.423439 921.923439
v -3.333333 904.423439 921.923439
v -3.125000 904.423439 921.923439
v -2.916667 904.423439 921.923439
v -2.708333 904.423439 921.923439
v -2.500000 904.423439 921.923439
v -2.291667 904.423439 921.923439
v -2.083333 904.423439 921.923439
v -1.875000 904.423439 921.923439
v -1.666667 904.423439 921.923439
v -1.458333 904.423439 921.923439
v -1.250000 904.423439 921.923439
v -1.041667 904.423439 921.923439
v -0.833333 904.423439 921.923439
v -0.625000 904.423439 921.923439
v -0.416667 904.423439 921.923439
v -0.208333 904.423439 921.923439
v 0.000000 904.423439 921.923439
v 0.208333 904.423439 921.923439
v 0.416667 904.423439 921.923439
v 0.625000 904.423439 921.923439
v 0.833333 904.423439 921.923439
v 1.041667 904.423439 921.923439
v 1.250000 904.423439 921.923439
v 1.458333 904.423439 921.923439
v 1.666667 904.423439 921.923439
v 1.875000 904.423439 921.923439
v 2.083333 904.423439 921.923439
v 2.291667 904.423439 921.923439
v 2.500000 904.423439 921.923439
v 2.708333 904.423439 921.923439
v 2.916667 904.423439 921.923439
v 3.125000 904.423439 921.923439
v 3.333333 904.423439 921.923439
v 3.541667 904.423439 921.923439
v 3.750000 904.423439 921.923439
v 3.958333 904.423439 921.923439
v 4.166667 904.423439 921.923439
v 4.375000 904.423439 921.923439
v 4.583333 904.423439 921.923439
v 4.791667 904.423439 921.923439
v 5.000000 904.423439 921.923439
v -5.000000 913.120830 930.620830
v -4.791667 913.120830 930.620830
v -4.583333 913.120830 930.620830
v -4.375000 913.120830 930.620830
v -4.166667 913.120830 930.620830
v -3.958333 913.120830 930.620830
v -3.750000 913.120830 930.620830
v -3.541667 913.120830 930.620830
v -3.333333 913.120830 930.620830
v -3.125000 913.120830 930.620830
v -2.916667 913.120830 930.620830
v -2.708333 913.120830 930.620830
v -2.500000 913.120830 930.620830
v -2.291667 913.120830 930.620830
v -2.083333 913.120830 930.620830
v -1.875000 913.120830 930.620830
v -1.666667 913.120830 930.620830
v -1.458333 913.120830 930.620830
v -1.250000 913.120830 930.620830
v -1.041667 913.120830 930.620830
v -0.833333 913.120830 930.620830
v -0.625000 913.120830 930.620830
v -0.416667 913.120830 930.620830
v -0.208333 913.120830 930.620830
v 0.000000 913.120830 930.620830
v 0.208333 913.120830 930.620830
v 0.416667 913.120830 930.620830
v 0.625000 913.120830 930.620830
v 0.833333 913.120830 930.620830
v 1.041667 913.120830 930.620830
v 1.250000 913.120830 930.620830
v 1.458333 913.120830 930.620830
v 1.666667 913.120830 930.620830
v 1.875000 913.120830 930.620830
v 2.083333 913.120830 930.620830
v 2.291667 913.120830 930.620830
v 2.500000 913.120830 930.620830
v 2.708333 913.120830 930.620830
v 2.916667 913.120830 930.620830
v 3.125000 913.120830 930.620830
v 3.333333 913.120830 930.620830
v 3.541667 913.120830 930.620830
v 3.750000 913.120830 930.620830
v 3.958333 913.120830 930.620830
v 4.166667 913.120830 930.620830
v 4.375000 913.120830 930.620830
v 4.583333 913.120830 930.620830
v 4.791667 913.120830 930.620830
v 5.000000 913.120830 930.620830
v -5.000000 921.818221 939.318221
v -4.791667 921.818221 939.318221
v -4.583333 921.818221 939.318221
v -4.375000 921.818221 939.318221
v -4.166667 921.818221 939.318221
v -3.958333 921.818221 939.318221
v -3.750000 921.818221 939.318221
v -3.541667 921.818221 939.318221
v -3.333333 921.818221 939.318221
v -3.125000 921.818221 939.318221
v -2.916667 921.818221 939.318221
v -2.708333 921.818221 939.318221
v -2.500000 921.818221 939.318221
v -2.291667 921.818221 939.318221
v -2.083333 921.818221 939.318221
v -1.875000 921.818221 939.318221
v -1.666667 921.818221 939.318221
v -1.458333 921.818221 939.318221
v -1.250000 921.818221 939.318221
v -1.041667 921.818221 939.318221
v -0.833333 921.818221 939.318221
v -0.625000 921.818221 939.318221
v -0.416667 921.818221 939.318221
v -0.208333 921.818221 939.318221
v 0.000000 921.818221 939.318221
v 0.208333 921.818221 939.318221
v 0.416667 921.818221 939.318221
v 0.625000 921.818221 939.318221
v 0.833333 921.818221 939.318221
v 1.041667 921.818221 939.318221
v 1.250000 921.818221 939.318221
v 1.458333 921.818221 939.318221
v 1.666667 921.818221 939.318221
v 1.875000 921.818221 939.318221
v 2.083333 921.818221 939.318221
v 2.291667 921.818221 939.318221
v 2.500000 921.818221 939.318221
v 2.708333 921.818221 939.318221
v 2.916667 921.818221 939.318221
v 3.125000 921.818221 939.318221
v 3.333333 921.818221 939.318221
v 3.541667 921.818221 939.318221
v 3.750000 921.818221 939.318221
v 3.958333 921.818221 939.318221
v 4.166667 921.818221 939.318221
v 4.375000 921.818221 939.318221
v 4.583333 921.818221 939.318221
v 4.791667 921.818221 939.318221
v 5.000000 921.818221 939.318221
v -5.000000 930.515612 948.015612
v -4.791667 930.515612 948.015612
v -4.583333 930.515612 948.015612
v -4.375000 930.515612 948.015612
v -4.166667 930.515612 948.015612
v -3.958333 930.515612 948.015612
v -3.750000 930.515612 948.015612
v -3.541667 930.515612 948.015612
v -3.333333 930.515612 948.015612
v -3.125000 930.515612 948.015612
v -2.916667 930.515612 948.015612
v -2.708333 930.515612 948.015612
v -2.500000 930.515612 948.015612
v -2.291667 930.515612 948.015612
v -2.083333 930.515612 948.015612
v -1.875000 930.515612 948.015612
v -1.666667 930.515612 948.015612
v -1.458333 930.515612 948.015612
v -1.250000 930.515612 948.015612
v -1.041667 930.515612 948.015612
v -0.833333 930.515612 948.015612
v -0.625000 930.515612 948.015612
v -0.416667 930.515612 948.015612
v -0.208333 930.515612 948.015612
v 0.000000 930.515612 948.015612
v 0.208333 930.515612 948.015612
v 0.416667 930.515612 948.015612
v 0.625000 930.515612 948.015612
v 0.833333 930.515612 948.015612
v 1.041667 930.515612 948.015612
v 1.250000 930.515612 948.015612
v 1.458333 930.515612 948.015612
v 1.666667 930.515612 948.015612
v 1.875000 930.515612 948.015612
v 2.083333 930.515612 948.015612
v 2.291667 930.515612 948.015612
v 2.500000 930.515612 948.015612
v 2.708333 930.515612 948.015612
v 2.916667 930.515612 948.015612
v 3.125000 930.515612 948.015612
v 3.333333 930.515612 948.015612
v 3.541667 930.515612 948.015612
v 3.750000 930.515612 948.015612
v 3.958333 930.515612 948.015612
v 4.166667 930.515612 948.015612
v 4.375000 930.515612 948.015612
v 4.583333 930.515612 948.015612
v 4.791667 930.515612 948.015612
v 5.000000 930.515612 948.015612
v -5.000000 939.213003 956.713003
v -4.791667 939.213003 956.713003
v -4.583333 939.213003 956.713003
v -4.375000 939.213003 956.713003
v -4.166667 939.213003 956.713003
v -3.958333 939.213003 956.713003
v -3.750000 939.213003 956.713003
v -3.541667 939.213003 956.713003
v -3.333333 939.213003 956.713003
v -3.125000 939.213003 956.713003
v -2.916667 939.213003 956.713003
v -2.708333 939.213003 956.713003
v -2.500000 939.213003 956.713003
v -2.291667 939.213003 956.713003
v -2.083333 939.213003 956.713003
v -1.875000 939.213003 956.713003
v -1.666667 939.213003 956.713003
v -1.458333 939.213003 956.713003
v -1.250000 939.213003 956.713003
v -1.041667 939.213003 956.713003
v -0.833333 939.213003 956.713003
v -0.625000 939.213003 956.713003
v -0.416667 939.213003 956.713003
v -0.208333 939.213003 956.713003
v 0.000000 939.213003 956.713003
v 0.208333 939.213003 956.713003
v 0.416667 939.213003 956.713003
v 0.625000 939.213003 956.713003
v 0.833333 939.213003 956.713003
v 1.041667 939.213003 956.713003
v 1.250000 939.213003 956.713003
v 1.458333 939.213003 956.713003
v 1.666667 939.213003 956.713003
v 1.875000 939.213003 956.713003
v 2.083333 939.213003 956.713003
v 2.291667 939.213003 956.713003
v 2.500000 939.213003 956.713003
v 2.708333 939.213003 956.713003
v 2.916667 939.213003 956.713003
v 3.125000 939.213003 956.713003
v 3.333333 939.213003 956.713003
v 3.541667 939.213003 956.713003
v 3.750000 939.213003 956.713003
v 3.958333 939.213003 956.713003
v 4.166667 939.213003 956.713003
v 4.375000 939.213003 956.713003
v 4.583333 939.213003 956.713003
v 4.791667 939.213003 956.713003
v 5.000000 939.213003 956.713003
v -5.000000 947.910394 965.410394
v -4.791667 947.910394 965.410394
v -4.583333 947.910394 965.410394
v -4.375000 947.910394 965.410394
v -4.166667 947.910394 965.410394
v -3.958333 947.910394 965.410394
v -3.750000 947.910394 965.410394
v -3.541667 947.910394 965.410394
v -3.333333 947.910394 965.410394
v -3.125000 947.910394 965.410394
v -2.916667 947.910394 965.410394
v -2.708333 947.910394 965.410394
v -2.500000 947.910394 965.410394
v -2.291667 947.910394 965.410394
v -2.083333 947.910394 965.410394
v -1.875000 947.910394 965.410394
v -1.666667 947.910394 965.410394
v -1.458333 947.910394 965.410394
v -1.250000 947.910394 965.410394
v -1.041667 947.910394 965.410394
v -0.833333 947.910394 965.410394
v -0.625000 947.910394 965.410394
v -0.416667 947.910394 965.410394
v -0.208333 947.910394 965.410394
v 0.000000 947.910394 965.410394
v 0.208333 947.910394 965.410394
v 0.416667 947.910394 965.410394
v 0.625000 947.910394 965.410394
v 0.833333 947.910394 965.410394
v 1.041667 947.910394 965.410394
v 1.250000 947.910394 965.410394
v 1.458333 947.910394 965.410394
v 1.666667 947.910394 965.410394
v 1.875000 947.910394 965.410394
v 2.083333 947.910394 965.410394
v 2.291667 947.910394 965.410394
v 2.500000 947.910394 965.410394
v 2.708333 947.910394 965.410394
v 2.916667 947.910394 965.410394
v 3.125000 947.910394 965.410394
v 3.333333 947.910394 965.410394
v 3.541667 947.910394 965.410394
v 3.750000 947.910394 965.410394
v 3.958333 947.910394 965.410394
v 4.166667 947.910394 965.410394
v 4.375000 947.910394 965.410394
v 4.583333 947.910394 965.410394
v 4.791667 947.910394 965.410394
v 5.000000 947.910394 965.410394
v -5.000000 956.607785 974.107785
v -4.791667 956.607785 974.107785
v -4.583333 956.607785 974.107785
v -4.375000 956.607785 974.107785
v -4.166667 956.607785 974.107785
v -3.958333 956.607785 974.107785
v -3.750000 956.607785 974.107785
v -3.541667 956.607785 974.107785
v -3.333333 956.607785 974.107785
v -3.125000 956.607785 974.107785
v -2.916667 956.607785 974.107785
v -2.708333 956.607785 974.107785
v -2.500000 956.607785 974.107785
v -2.291667 956.607785 974.107785
v -2.083333 956.607785 974.107785
v -1.875000 956.607785 974.107785
v -1.666667 956.607785 974.107785
v -1.458333 956.607785 974.107785
v -1.250000 956.607785 974.107785
v -1.041667 956.607785 974.107785
v -0.833333 956.607785 974.107785
v -0.625000 956.607785 974.107785
v -0.416667 956.607785 974.107785
v -0.208333 956.607785 974.107785
v 0.000000 956.607785 974.107785
v 0.208333 956.607785 974.107785
v 0.416667 956.607785 974.107785
v 0.625000 956.607785 974.107785
v 0.833333 956.607785 974.107785
v 1.041667 956.607785 974.107785
v 1.250000 956.607785 974.107785
v 1.458333 956.607785 974.107785
v 1.666667 956.607785 974.107785
v 1.875000 956.607785 974.107785
v 2.083333 956.607785 974.107785
v 2.291667 956.607785 974.107785
v 2.500000 956.607785 974.107785
v 2.708333 956.607785 974.107785
v 2.916667 956.607785 974.107785
v 3.125000 956.607785 974.107785
v 3.333333 956.607785 974.107785
v 3.541667 956.607785 974.107785
v 3.750000 956.607785 974.107785
v 3.958333 956.607785 974.107785
v 4.166667 956.607785 974.107785
v 4.375000 956.607785 974.107785
v 4.583333 956.607785 974.107785
v 4.791667 956.607785 974.107785
v 5.000000 956.607785 974.107785
v -5.000000 965.305176 982.805176
v -4.791667 965.305176 982.805176
v -4.583333 965.305176 982.805176
v -4.375000 965.305176 982.805176
v -4.166667 965.305176 982.805176
v -3.958333 965.305176 982.805176
v -3.750000 965.305176 982.805176
v -3.541667 965.305176 982.805176
v -3.333333 965.305176 982.805176
v -3.125000 965.305176 982.805176
v -2.916667 965.305176 982.805176
v -2.708333 965.305176 982.805176
v -2.500000 965.305176 982.805176
v -2.291667 965.305176 982.805176
v -2.083333 965.305176 982.805176
v -1.875000 965.305176 982.805176
v -1.666667 965.305176 982.805176
v -1.458333 965.305176 982.805176
v -1.250000 965.305176 982.805176
v -1.041667 965.305176 982.805176
v -0.833333 965.305176 982.805176
v -0.625000 965.305176 982.805176
v -0.416667 965.305176 982.805176
v -0.208333 965.305176 982.805176
v 0.000000 965.305176 982.805176
v 0.208333 965.305176 982.805176
v 0.416667 965.305176 982.805176
v 0.625000 965.305176 982.805176
v 0.833333 965.305176 982.805176
v 1.041667 965.305176 982.805176
v 1.250000 965.305176 982.805176
v 1.458333 965.305176 982.805176
v 1.666667 965.305176 982.805176
v 1.875000 965.305176 982.805176
v 2.083333 965.305176 982.805176
v 2.291667 965.305176 982.805176
v 2.500000 965.305176 982.805176
v 2.708333 965.305176 982.805176
v 2.916667 965.305176 982.805176
v 3.125000 965.305176 982.805176
v 3.333333 965.305176 982.805176
v 3.541667 965.305176 982.805176
v 3.750000 965.305176 982.805176
v 3.958333 965.305176 982.805176
v 4.166667 965.305176 982.805176
v 4.375000 965.305176 982.805176
v 4.583333 965.305176 982.805176
v 4.791667 965.305176 982.805176
v 5.000000 965.305176 982.805176
v -5.000000 974.002567 991.502567
v -4.791667 974.002567 991.502567
v -4.583333 974.002567 991.502567
v -4.375000 974.002567 991.502567
v -4.166667 974.002567 991.502567
v -3.958333 974.002567 991.502567
v -3.750000 974.002567 991.502567
v -3.541667 974.002567 991.502567
v -3.333333 974.002567 991.502567
v -3.125000 974.002567 991.502567
v -2.916667 974.002567 991.502567
v -2.708333 974.002567 991.502567
v -2.500000 974.002567 991.502567
v -2.291667 974.002567 991.502567
v -2.083333 974.002567 991.502567
v -1.875000 974.002567 991.502567
v -1.666667 974.002567 991.502567
v -1.458333 974.002567 991.502567
v -1.250000 974.002567 991.502567
v -1.041667 974.002567 991.502567
v -0.833333 974.002567 991.502567
v -0.625000 974.002567 991.502567
v -0.416667 974.002567 991.502567
v -0.208333 974.002567 991.502567
v 0.000000 974.002567 991.502567
v 0.208333 974.002567 991.502567
v 0.416667 974.002567 991.502567
v 0.625000 974.002567 991.502567
v 0.833333 974.002567 991.502567
v 1.041667 974.002567 991.502567
v 1.250000 974.002567 991.502567
v 1.458333 974.002567 991.502567
v 1.666667 974.002567 991.502567
v 1.875000 974.002567 991.502567
v 2.083333 974.002567 991.502567
v 2.291667 974.002567 991.502567
v 2.500000 974.002567 991.502567
v 2.708333 974.002567 991.502567
v 2.916667 974.002567 991.502567
v 3.125000 974.002567 991.502567
v 3.333333 974.002567 991.502567
v 3.541667 974.002567 991.502567
v 3.750000 974.002567 991.502567
v 3.958333 974.002567 991.502567
v 4.166667 974.002567 991.502567
v 4.375000 974.002567 991.502567
v 4.583333 974.002567 991.502567
v 4.791667 974.002567 991.502567
v 5.000000 974.002567 991.502567
v -5.000000 982.699958 1000.199958
v -4.791667 982.699958 1000.199958
v -4.583333 982.699958 1000.199958
v -4.375000 982.699958 1000.199958
v -4.166667 982.699958 1000.199958
v -3.958333 982.699958 1000.199958
v -3.750000 982.699958 1000.199958
v -3.541667 982.699958 1000.199958
v -3.333333 982.699958 1000.199958
v -3.125000 982.699958 1000.199958
v -2.916667 982.699958 1000.199958
v -2.708333 982.699958 1000.199958
v -2.500000 982.699958 1000.199958
v -2.291667 982.699958 1000.199958
v -2.083333 982.699958 1000.199958
v -1.875000 982.699958 1000.199958
v -1.666667 982.699958 1000.199958
v -1.458333 982.699958 1000.199958
v -1.250000 982.699958 1000.199958
v -1.041667 982.699958 1000.199958
v -0.833333 982.699958 1000.199958
v -0.625000 982.699958 1000.199958
v -0.416667 982.699958 1000.199958
v -0.208333 982.699958 1000.199958
v 0.000000 982.699958 1000.199958
v 0.208333 982.699958 1000.199958
v 0.416667 982.699958 1000.199958
v 0.625000 982.699958 1000.199958
v 0.833333 982.699958 1000.199958
v 1.041667 982.699958 1000.199958
v 1.250000 982.699958 1000.199958
v 1.458333 982.699958 1000.199958
v 1.666667 982.699958 1000.199958
v 1.875000 982.699958 1000.199958
v 2.083333 982.699958 1000.199958
v 2.291667 982.699958 1000.199958
v 2.500000 982.699958 1000.199958
v 2.708333 982.699958 1000.199958
v 2.916667 982.699958 1000.199958
v 3.125000 982.699958 1000.199958
v 3.333333 982.699958 1000.199958
v 3.541667 982.699958 1000.199958
v 3.750000 982.699958 1000.199958
v 3.958333 982.699958 1000.199958
v 4.166667 982.699958 1000.199958
v 4.375000 982.699958 1000.199958
v 4.583333 982.699958 1000.199958
v 4.791667 982.699958 1000.199958
v 5.000000 982.699958 1000.199958
v -5.000000 991.397349 1008.897349
v -4.791667 991.397349 1008.897349
v -4.583333 991.397349 1008.897349
v -4.375000 991.397349 1008.897349
v -4.166667 991.397349 1008.897349
v -3.958333 991.397349 1008.897349
v -3.750000 991.397349 1008.897349
v -3.541667 991.397349 1008.897349
v -3.333333 991.397349 1008.897349
v -3.125000 991.397349 1008.897349
v -2.916667 991.397349 1008.897349
v -2.708333 991.397349 1008.897349
v -2.500000 991.397349 1008.897349
v -2.291667 991.397349 1008.897349
v -2.083333 991.397349 1008.897349
v -1.875000 991.397349 1008.897349
v -1.666667 991.397349 1008.897349
v -1.458333 991.397349 1008.897349
v -1.250000 991.397349 1008.897349
v -1.041667 991.397349 1008.897349
v -0.833333 991.397349 1008.897349
v -0.625000 991.397349 1008.897349
v -0.416667 991.397349 1008.897349
v -0.208333 991.397349 1008.897349
v 0.000000 991.397349 1008.897349
v 0.208333 991.397349 1008.897349
v 0.416667 991.397349 1008.897349
v 0.625000 991.397349 1008.897349
v 0.833333 991.397349 1008.897349
v 1.041667 991.397349 1008.897349
v 1.250000 991.397349 1008.897349
v 1.458333 991.397349 1008.897349
v 1.666667 991.397349 1008.897349
v 1.875000 991.397349 1008.897349
v 2.083333 991.397349 1008.897349
v 2.291667 991.397349 1008.897349
v 2.500000 991.397349 1008.897349
v 2.708333 991.397349 1008.897349
v 2.916667 991.397349 1008.897349
v 3.125000 991.397349 1008.897349
v 3.333333 991.397349 1008.897349
v 3.541667 991.397349 1008.897349
v 3.750000 991.397349 1008.897349
v 3.958333 991.397349 1008.897349
v 4.166667 991.397349 1008.897349
v 4.375000 991.397349 1008.897349
v 4.583333 991.397349 1008.897349
v 4.791667 991.397349 1008.897349
v 5.000000 991.397349 1008.897349
v -5.000000 1000.094740 1017.594740
v -4.791667 1000.094740 1017.594740
v -4.583333 1000.094740 1017.594740
v -4.375000 1000.094740 1017.594740
v -4.166667 1000.094740 1017.594740
v -3.958333 1000.094740 1017.594740
v -3.750000 1000.094740 1017.594740
v -3.541667 1000.094740 1017.594740
v -3.333333 1000.094740 1017.594740
v -3.125000 1000.094740 1017.594740
v -2.916667 1000.094740 1017.594740
v -2.708333 1000.094740 1017.594740
v -2.500000 1000.094740 1017.594740
v -2.291667 1000.094740 1017.594740
v -2.083333 1000.094740 1017.594740
v -1.875000 1000.094740 1017.594740
v -1.666667 1000.094740 1017.594740
v -1.458333 1000.094740 1017.594740
v -1.250000 1000.094740 1017.594740
v -1.041667 1000.094740 1017.594740
v -0.833333 1000.094740 1017.594740
v -0.625000 1000.094740 1017.594740
v -0.416667 1000.094740 1017.594740
v -0.208333 1000.094740 1017.594740
v 0.000000 1000.094740 1017.594740
v 0.208333 1000.094740 1017.594740
v 0.416667 1000.094740 1017.594740
v 0.625000 1000.094740 1017.594740
v 0.833333 1000.094740 1017.594740
v 1.041667 1000.094740 1017.594740
v 1.250000 1000.094740 1017.594740
v 1.458333 1000.094740 1017.594740
v 1.666667 1000.094740 1017.594740
v 1.875000 1000.094740 1017.594740
v 2.083333 1000.094740 1017.594740
v 2.291667 1000.094740 1017.594740
v 2.500000 1000.094740 1017.594740
v 2.708333 1000.094740 1017.594740
v 2.916667 1000.094740 1017.594740
v 3.125000 1000.094740 1017.594740
v 3.333333 1000.094740 1017.594740
v 3.541667 1000.094740 1017.594740
v 3.750000 1000.094740 1017.594740
v 3.958333 1000.094740 1017.594740
v 4.166667 1000.094740 1017.594740
v 4.375000 1000.094740 1017.594740
v 4.583333 1000.094740 1017.594740
v 4.791667 1000.094740 1017.594740
v 5.000000 1000.094740 1017.594740
v -5.000000 1008.792131 1026.292131
v -4.791667 1008.792131 1026.292131
v -4.583333 1008.792131 1026.292131
v -4.375000 1008.792131 1026.292131
v -4.166667 1008.792131 1026.292131
v -3.958333 1008.792131 1026.292131
v -3.750000 1008.792131 1026.292131
v -3.541667 1008.792131 1026.292131
v -3.333333 1008.792131 1026.292131
v -3.125000 1008.792131 1026.292131
v -2.916667 1008.792131 1026.292131
v -2.708333 1008.792131 1026.292131
v -2.500000 1008.792131 1026.292131
v -2.291667 1008.792131 1026.292131
v -2.083333 1008.792131 1026.292131
v -1.875000 1008.792131 1026.292131
v -1.666667 1008.792131 1026.292131
v -1.458333 1008.792131 1026.292131
v -1.250000 1008.792131 1026.292131
v -1.041667 1008.792131 1026.292131
v -0.833333 1008.792131 1026.292131
v -0.625000 1008.792131 1026.292131
v -0.416667 1008.792131 1026.292131
v -0.208333 1008.792131 1026.292131
v 0.000000 1008.792131 1026.292131
v 0.208333 1008.792131 1026.292131
v 0.416667 1008.792131 1026.292131
v 0.625000 1008.792131 1026.292131
v 0.833333 1008.792131 1026.292131
v 1.041667 1008.792131 1026.292131
v 1.250000 1008.792131 1026.292131
v 1.458333 1008.792131 1026.292131
v 1.666667 1008.792131 1026.292131
v 1.875000 1008.792131 1026.292131
v 2.083333 1008.792131 1026.292131
v 2.291667 1008.792131 1026.292131
v 2.500000 1008.792131 1026.292131
v 2.708333 1008.792131 1026.292131
v 2.916667 1008.792131 1026.292131
v 3.125000 1008.792131 1026.292131
v 3.333333 1008.792131 1026.292131
v 3.541667 1008.792131 1026.292131
v 3.750000 1008.792131 1026.292131
v 3.958333 1008.792131 1026.292131
v 4.166667 1008.792131 1026.292131
v 4.375000 1008.792131 1026.292131
v 4.583333 1008.792131 1026.292131
v 4.791667 1008.792131 1026.292131
v 5.000000 1008.792131 1026.292131
v -5.000000 1017.489522 1034.989522
v -4.791667 1017.489522 1034.989522
v -4.583333 1017.489522 1034.989522
v -4.375000 1017.489522 1034.989522
v -4.166667 1017.489522 1034.989522
v -3.958333 1017.489522 1034.989522
v -3.750000 1017.489522 1034.989522
v -3.541667 1017.489522 1034.989522
v -3.333333 1017.489522 1034.989522
v -3.125000 1017.489522 1034.989522
v -2.916667 1017.489522 1034.989522
v -2.708333 1017.489522 1034.989522
v -2.500000 1017.489522 1034.989522
v -2.291667 1017.489522 1034.989522
v -2.083333 1017.489522 1034.989522
v -1.875000 1017.489522 1034.989522
v -1.666667 1017.489522 1034.989522
v -1.458333 1017.489522 1034.989522
v -1.250000 1017.489522 1034.989522
v -1.041667 1017.489522 1034.989522
v -0.833333 1017.489522 1034.989522
v -0.625000 1017.489522 1034.989522
v -0.416667 1017.489522 1034.989522
v -0.208333 1017.489522 1034.989522
v 0.000000 1017.489522 1034.989522
v 0.208333 1017.489522 1034.989522
v 0.416667 1017.489522 1034.989522
v 0.625000 1017.489522 1034.989522
v 0.833333 1017.489522 1034.989522
v 1.041667 1017.489522 1034.989522
v 1.250000 1017.489522 1034.989522
v 1.458333 1017.489522 1034.989522
v 1.666667 1017.489522 1034.989522
v 1.875000 1017.489522 1034.989522
v 2.083333 1017.489522 1034.989522
v 2.291667 1017.489522 1034.989522
v 2.500000 1017.489522 1034.989522
v 2.708333 1017.489522 1034.989522
v 2.916667 1017.489522 1034.989522
v 3.125000 1017.489522 1034.989522
v 3.333333 1017.489522 1034.989522
v 3.541667 1017.489522 1034.989522
v 3.750000 1017.489522 1034.989522
v 3.958333 1017.489522 1034.989522
v 4.166667 1017.489522 1034.989522
v 4.375000 1017.489522 1034.989522
v 4.583333 1017.489522 1034.989522
v 4.791667 1017.489522 1034.989522
v 5.000000 1017.489522 1034.989522
v -5.000000 1026.186913 1043.686913
v -4.791667 1026.186913 1043.686913
v -4.583333 1026.186913 1043.686913
v -4.375000 1026.186913 1043.686913
v -4.166667 1026.186913 1043.686913
v -3.958333 1026.186913 1043.686913
v -3.750000 1026.186913 1043.686913
v -3.541667 1026.186913 1043.686913
v -3.333333 1026.186913 1043.686913
v -3.125000 1026.186913 1043.686913
v -2.916667 1026.186913 1043.686913
v -2.708333 1026.186913 1043.686913
v -2.500000 1026.186913 1043.686913
v -2.291667 1026.186913 1043.686913
v -2.083333 1026.186913 1043.686913
v -1.875000 1026.186913 1043.686913
v -1.666667 1026.186913 1043.686913
v -1.458333 1026.186913 1043.686913
v -1.250000 1026.186913 1043.686913
v -1.041667 1026.186913 1043.686913
v -0.833333 1026.186913 1043.686913
v -0.625000 1026.186913 1043.686913
v -0.416667 1026.186913 1043.686913
v -0.208333 1026.186913 1043.686913
v 0.000000 1026.186913 1043.686913
v 0.208333 1026.186913 1043.686913
v 0.416667 1026.186913 1043.686913
v 0.625000 1026.186913 1043.686913
v 0.833333 1026.186913 1043.686913
v 1.041667 1026.186913 1043.686913
v 1.250000 1026.186913 1043.686913
v 1.458333 1026.186913 1043.686913
v 1.666667 1026.186913 1043.686913
v 1.875000 1026.186913 1043.686913
v 2.083333 1026.186913 1043.686913
v 2.291667 1026.186913 1043.686913
v 2.500000 1026.186913 1043.686913
v 2.708333 1026.186913 1043.686913
v 2.916667 1026.186913 1043.686913
v 3.125000 1026.186913 1043.686913
v 3.333333 1026.186913 1043.686913
v 3.541667 1026.186913 1043.686913
v 3.750000 1026.186913 1043.686913
v 3.958333 1026.186913 1043.686913
v 4.166667 1026.186913 1043.686913
v 4.375000 1026.186913 1043.686913
v 4.583333 1026.186913 1043.686913
v 4.791667 1026.186913 1043.686913
v 5.000000 1026.186913 1043.686913
v -5.000000 1034.884304 1052.384304
v -4.791667 1034.884304 1052.384304
v -4.583333 1034.884304 1052.384304
v -4.375000 1034.884304 1052.384304
v -4.166667 1034.884304 1052.384304
v -3.958333 1034.884304 1052.384304
v -3.750000 1034.884304 1052.384304
v -3.541667 1034.884304 1052.384304
v -3.333333 1034.884304 1052.384304
v -3.125000 1034.884304 1052.384304
v -2.916667 1034.884304 1052.384304
v -2.708333 1034.884304 1052.384304
v -2.500000 1034.884304 1052.384304
v -2.291667 1034.884304 1052.384304
v -2.083333 1034.884304 1052.384304
v -1.875000 1034.884304 1052.384304
v -1.666667 1034.884304 1052.384304
v -1.458333 1034.884304 1052.384304
v -1.250000 1034.884304 1052.384304
v -1.041667 1034.884304 1052.384304
v -0.833333 1034.884304 1052.384304
v -0.625000 1034.884304 1052.384304
v -0.416667 1034.884304 1052.384304
v -0.208333 1034.884304 1052.384304
v 0.000000 1034.884304 1052.384304
v 0.208333 1034.884304 1052.384304
v 0.416667 1034.884304 1052.384304
v 0.625000 1034.884304 1052.384304
v 0.833333 1034.884304 1052.384304
v 1.041667 1034.884304 1052.384304
v 1.250000 1034.884304 1052.384304
v 1.458333 1034.884304 1052.384304
v 1.666667 1034.884304 1052.384304
v 1.875000 1034.884304 1052.384304
v 2.083333 1034.884304 1052.384304
v 2.291667 1034.884304 1052.384304
v 2.500000 1034.884304 1052.384304
v 2.708333 1034.884304 1052.384304
v 2.916667 1034.884304 1052.384304
v 3.125000 1034.884304 1052.384304
v 3.333333 1034.884304 1052.384304
v 3.541667 1034.884304 1052.384304
v 3.750000 1034.884304 1052.384304
v 3.958333 1034.884304 1052.384304
v 4.166667 1034.884304 1052.384304
v 4.375000 1034.884304 1052.384304
v 4.583333 1034.884304 1052.384304
v 4.791667 1034.884304 1052.384304
v 5.000000 1034.884304 1052.384304
v -5.000000 1043.581694 1061.081694
v -4.791667 1043.581694 1061.081694
v -4.583333 1043.581694 1061.081694
v -4.375000 1043.581694 1061.081694
v -4.166667 1043.581694 1061.081694
v -3.958333 1043.581694 1061.081694
v -3.750000 1043.581694 1061.081694
v -3.541667 1043.581694 1061.081694
v -3.333333 1043.581694 1061.081694
v -3.125000 1043.581694 1061.081694
v -2.916667 1043.581694 1061.081694
v -2.708333 1043.581694 1061.081694
v -2.500000 1043.581694 1061.081694
v -2.291667 1043.581694 1061.081694
v -2.083333 1043.581694 1061.081694
v -1.875000 1043.581694 1061.081694
v -1.666667 1043.581694 1061.081694
v -1.458333 1043.581694 1061.081694
v -1.250000 1043.581694 1061.081694
v -1.041667 1043.581694 1061.081694
v -0.833333 1043.581694 1061.081694
v -0.625000 1043.581694 1061.081694
v -0.416667 1043.581694 1061.081694
v -0.208333 1043.581694 1061.081694
v 0.000000 1043.581694 1061.081694
v 0.208333 1043.581694 1061.081694
v 0.416667 1043.581694 1061.081694
v 0.625000 1043.581694 1061.081694
v 0.833333 1043.581694 1061.081694
v 1.041667 1043.581694 1061.081694
v 1.250000 1043.581694 1061.081694
v 1.458333 1043.581694 1061.081694
v 1.666667 1043.581694 1061.081694
v 1.875000 1043.581694 1061.081694
v 2.083333 1043.581694 1061.081694
v 2.291667 1043.581694 1061.081694
v 2.500000 1043.581694 1061.081694
v 2.708333 1043.581694 1061.081694
v 2.916667 1043.581694 1061.081694
v 3.125000 1043.581694 1061.081694
v 3.333333 1043.581694 1061.081694
v 3.541667 1043.581694 1061.081694
v 3.750000 1043.581694 1061.081694
v 3.958333 1043.581694 1061.081694
v 4.166667 1043.581694 1061.081694
v 4.375000 1043.581694 1061.081694
v 4.583333 1043.581694 1061.081694
v 4.791667 1043.581694 1061.081694
v 5.000000 1043.581694 1061.081694
v -5.000000 1052.279085 1069.779085
v -4.791667 1052.279085 1069.779085
v -4.583333 1052.279085 1069.779085
v -4.375000 1052.279085 1069.779085
v -4.166667 1052.279085 1069.779085
v -3.958333 1052.279085 1069.779085
v -3.750000 1052.279085 1069.779085
v -3.541667 1052.279085 1069.779085
v -3.333333 1052.279085 1069.779085
v -3.125000 1052.279085 1069.779085
v -2.916667 1052.279085 1069.779085
v -2.708333 1052.279085 1069.779085
v -2.500000 1052.279085 1069.779085
v -2.291667 1052.279085 1069.779085
v -2.083333 1052.279085 1069.779085
v -1.875000 1052.279085 1069.779085
v -1.666667 1052.279085 1069.779085
v -1.458333 1052.279085 1069.779085
v -1.250000 1052.279085 1069.779085
v -1.041667 1052.279085 1069.779085
v -0.833333 1052.279085 1069.779085
v -0.625000 1052.279085 1069.779085
v -0.416667 1052.279085 1069.779085
v -0.208333 1052.279085 1069.779085
v 0.000000 1052.279085 1069.779085
v 0.208333 1052.279085 1069.779085
v 0.416667 1052.279085 1069.779085
v 0.625000 1052.279085 1069.779085
v 0.833333 1052.279085 1069.779085
v 1.041667 1052.279085 1069.779085
v 1.250000 1052.279085 1069.779085
v 1.458333 1052.279085 1069.779085
v 1.666667 1052.279085 1069.779085
v 1.875000 1052.279085 1069.779085
v 2.083333 1052.279085 1069.779085
v 2.291667 1052.279085 1069.779085
v 2.500000 1052.279085 1069.779085
v 2.708333 1052.279085 1069.779085
v 2.916667 1052.279085 1069.779085
v 3.125000 1052.279085 1069.779085
v 3.333333 1052.279085 1069.779085
v 3.541667 1052.279085 1069.779085
v 3.750000 1052.279085 1069.779085
v 3.958333 1052.279085 1069.779085
v 4.166667 1052.279085 1069.779085
v 4.375000 1052.279085 1069.779085
v 4.583333 1052.279085 1069.779085
v 4.791667 1052.279085 1069.779085
v 5.000000 1052.279085 1069.779085
v -5.000000 1060.976476 1078.476476
v -4.791667 1060.976476 1078.476476
v -4.583333 1060.976476 1078.476476
v -4.375000 1060.976476 1078.476476
v -4.166667 1060.976476 1078.476476
v -3.958333 1060.976476 1078.476476
v -3.750000 1060.976476 1078.476476
v -3.541667 1060.976476 1078.476476
v -3.333333 1060.976476 1078.476476
v -3.125000 1060.976476 1078.476476
v -2.916667 1060.976476 1078.476476
v -2.708333 1060.976476 1078.476476
v -2.500000 1060.976476 1078.476476
v -2.291667 1060.976476 1078.476476
v -2.083333 1060.976476 1078.476476
v -1.875000 1060.976476 1078.476476
v -1.666667 1060.976476 1078.476476
v -1.458333 1060.976476 1078.476476
v -1.250000 1060.976476 1078.476476
v -1.041667 1060.976476 1078.476476
v -0.833333 1060.976476 1078.476476
v -0.625000 1060.976476 1078.476476
v -0.416667 1060.976476 1078.476476
v -0.208333 1060.976476 1078.476476
v 0.000000 1060.976476 1078.476476
v 0.208333 1060.976476 1078.476476
v 0.416667 1060.976476 1078.476476
v 0.625000 1060.976476 1078.476476
v 0.833333 1060.976476 1078.476476
v 1.041667 1060.976476 1078.476476
v 1.250000 1060.976476 1078.476476
v 1.458333 1060.976476 1078.476476
v 1.666667 1060.976476 1078.476476
v 1.875000 1060.976476 1078.476476
v 2.083333 1060.976476 1078.476476
v 2.291667 1060.976476 1078.476476
v 2.500000 1060.976476 1078.476476
v 2.708333 1060.976476 1078.476476
v 2.916667 1060.976476 1078.476476
v 3.125000 1060.976476 1078.476476
v 3.333333 1060.976476 1078.476476
v 3.541667 1060.976476 1078.476476
v 3.750000 1060.976476 1078.476476
v 3.958333 1060.976476 1078.476476
v 4.166667 1060.976476 1078.476476
v 4.375000 1060.976476 1078.476476
v 4.583333 1060.976476 1078.476476
v 4.791667 1060.976476 1078.476476
v 5.000000 1060.976476 1078.476476
v -5.000000 1069.673867 1087.173867
v -4.791667 1069.673867 1087.173867
v -4.583333 1069.673867 1087.173867
v -4.375000 1069.673867 1087.173867
v -4.166667 1069.673867 1087.173867
v -3.958333 1069.673867 1087.173867
v -3.750000 1069.673867 1087.173867
v -3.541667 1069.673867 1087.173867
v -3.333333 1069.673867 1087.173867
v -3.125000 1069.673867 1087.173867
v -2.916667 1069.673867 1087.173867
v -2.708333 1069.673867 1087.173867
v -2.500000 1069.673867 1087.173867
v -2.291667 1069.673867 1087.173867
v -2.083333 1069.673867 1087.173867
v -1.875000 1069.673867 1087.173867
v -1.666667 1069.673867 1087.173867
v -1.458333 1069.673867 1087.173867
v -1.250000 1069.673867 1087.173867
v -1.041667 1069.673867 1087.173867
v -0.833333 1069.673867 1087.173867
v -0.625000 1069.673867 1087.173867
v -0.416667 1069.673867 1087.173867
v -0.208333 1069.673867 1087.173867
v 0.000000 1069.673867 1087.173867
v 0.208333 1069.673867 1087.173867
v 0.416667 1069.673867 1087.173867
v 0.625000 1069.673867 1087.173867
v 0.833333 1069.673867 1087.173867
v 1.041667 1069.673867 1087.173867
v 1.250000 1069.673867 1087.173867
v 1.458333 1069.673867 1087.173867
v 1.666667 1069.673867 1087.173867
v 1.875000 1069.673867 1087.173867
v 2.083333 1069.673867 1087.173867
v 2.291667 1069.673867 1087.173867
v 2.500000 1069.673867 1087.173867
v 2.708333 1069.673867 1087.173867
v 2.916667 1069.673867 1087.173867
v 3.125000 1069.673867 1087.173867
v 3.333333 1069.673867 1087.173867
v 3.541667 1069.673867 1087.173867
v 3.750000 1069.673867 1087.173867
v 3.958333 1069.673867 1087.173867
v 4.166667 1069.673867 1087.173867
v 4.375000 1069.673867 1087.173867
v 4.583333 1069.673867 1087.173867
v 4.791667 1069.673867 1087.173867
v 5.000000 1069.673867 1087.173867
v -5.000000 1078.371258 1095.871258
v -4.791667 1078.371258 1095.871258
v -4.583333 1078.371258 1095.871258
v -4.375000 1078.371258 1095.871258
v -4.166667 1078.371258 1095.871258
v -3.958333 1078.371258 1095.871258
v -3.750000 1078.371258 1095.871258
v -3.541667 1078.371258 1095.871258
v -3.333333 1078.371258 1095.871258
v -3.125000 1078.371258 1095.871258
v -2.916667 1078.371258 1095.871258
v -2.708333 1078.371258 1095.871258
v -2.500000 1078.371258 1095.871258
v -2.291667 1078.371258 1095.871258
v -2.083333 1078.371258 1095.871258
v -1.875000 1078.371258 1095.871258
v -1.666667 1078.371258 1095.871258
v -1.458333 1078.371258 1095.871258
v -1.250000 1078.371258 1095.871258
v -1.041667 1078.371258 1095.871258
v -0.833333 1078.371258 1095.871258
v -0.625000 1078.371258 1095.871258
v -0.416667 1078.371258 1095.871258
v -0.208333 1078.371258 1095.871258
v 0.000000 1078.371258 1095.871258
v 0.208333 1078.371258 1095.871258
v 0.416667 1078.371258 1095.871258
v 0.625000 1078.371258 1095.871258
v 0.833333 1078.371258 1095.871258
v 1.041667 1078.371258 1095.871258
v 1.250000 1078.371258 1095.871258
v 1.458333 1078.371258 1095.871258
v 1.666667 1078.371258 1095.871258
v 1.875000 1078.371258 1095.871258
v 2.083333 1078.371258 1095.871258
v 2.291667 1078.371258 1095.871258
v 2.500000 1078.371258 1095.871258
v 2.708333 1078.371258 1095.871258
v 2.916667 1078.371258 1095.871258
v 3.125000 1078.371258 1095.871258
v 3.333333 1078.371258 1095.871258
v 3.541667 1078.371258 1095.871258
v 3.750000 1078.371258 1095.871258
v 3.958333 1078.371258 1095.871258
v 4.166667 1078.371258 1095.871258
v 4.375000 1078.371258 1095.871258
v 4.583333 1078.371258 1095.871258
v 4.791667 1078.371258 1095.871258
v 5.000000 1078.371258 1095.871258
v -5.000000 1087.068649 1104.568649
v -4.791667 1087.068649 1104.568649
v -4.583333 1087.068649 1104.568649
v -4.375000 1087.068649 1104.568649
v -4.166667 1087.068649 1104.568649
v -3.958333 1087.068649 1104.568649
v -3.750000 1087.068649 1104.568649
v -3.541667 1087.068649 1104.568649
v -3.333333 1087.068649 1104.568649
v -3.125000 1087.068649 1104.568649
v -2.916667 1087.068649 1104.568649
v -2.708333 1087.068649 1104.568649
v -2.500000 1087.068649 1104.568649
v -2.291667 1087.068649 1104.568649
v -2.083333 1087.068649 1104.568649
v -1.875000 1087.068649 1104.568649
v -1.666667 1087.068649 1104.568649
v -1.458333 1087.068649 1104.568649
v -1.250000 1087.068649 1104.568649
v -1.041667 1087.068649 1104.568649
v -0.833333 1087.068649 1104.568649
v -0.625000 1087.068649 1104.568649
v -0.416667 1087.068649 1104.568649
v -0.208333 1087.068649 1104.568649
v 0.000000 1087.068649 1104.568649
v 0.208333 1087.068649 1104.568649
v 0.416667 1087.068649 1104.568649
v 0.625000 1087.068649 1104.568649
v 0.833333 1087.068649 1104.568649
v 1.041667 1087.068649 1104.568649
v 1.250000 1087.068649 1104.568649
v 1.458333 1087.068649 1104.568649
v 1.666667 1087.068649 1104.568649
v 1.875000 1087.068649 1104.568649
v 2.083333 1087.068649 1104.568649
v 2.291667 1087.068649 1104.568649
v 2.500000 1087.068649 1104.568649
v 2.708333 1087.068649 1104.568649
v 2.916667 1087.068649 1104.568649
v 3.125000 1087.068649 1104.568649
v 3.333333 1087.068649 1104.568649
v 3.541667 1087.068649 1104.568649
v 3.750000 1087.068649 1104.568649
v 3.958333 1087.068649 1104.568649
v 4.166667 1087.068649 1104.568649
v 4.375000 1087.068649 1104.568649
v 4.583333 1087.068649 1104.568649
v 4.791667 1087.068649 1104.568649
v 5.000000 1087.068649 1104.568649
v -5.000000 1095.766040 1113.266040
v -4.791667 1095.766040 1113.266040
v -4.583333 1095.766040 1113.266040
v -4.375000 1095.766040 1113.266040
v -4.166667 1095.766040 1113.266040
v -3.958333 1095.766040 1113.266040
v -3.750000 1095.766040 1113.266040
v -3.541667 1095.766040 1113.266040
v -3.333333 1095.766040 1113.266040
v -3.125000 1095.766040 1113.266040
v -2.916667 1095.766040 1113.266040
v -2.708333 1095.766040 1113.266040
v -2.500000 1095.766040 1113.266040
v -2.291667 1095.766040 1113.266040
v -2.083333 1095.766040 1113.266040
v -1.875000 1095.766040 1113.266040
v -1.666667 1095.766040 1113.266040
v -1.458333 1095.766040 1113.266040
v -1.250000 1095.766040 1113.266040
v -1.041667 1095.766040 1113.266040
v -0.833333 1095.766040 1113.266040
v -0.625000 1095.766040 1113.266040
v -0.416667 1095.766040 1113.266040
v -0.208333 1095.766040 1113.266040
v 0.000000 1095.766040 1113.266040
v 0.208333 1095.766040 1113.266040
v 0.416667 1095.766040 1113.266040
v 0.625000 1095.766040 1113.266040
v 0.833333 1095.766040 1113.266040
v 1.041667 1095.766040 1113.266040
v 1.250000 1095.766040 1113.266040
v 1.458333 1095.766040 1113.266040
v 1.666667 1095.766040 1113.266040
v 1.875000 1095.766040 1113.266040
v 2.083333 1095.766040 1113.266040
v 2.291667 1095.766040 1113.266040
v 2.500000 1095.766040 1113.266040
v 2.708333 1095.766040 1113.266040
v 2.916667 1095.766040 1113.266040
v 3.125000 1095.766040 1113.266040
v 3.333333 1095.766040 1113.266040
v 3.541667 1095.766040 1113.266040
v 3.750000 1095.766040 1113.266040
v 3.958333 1095.766040 1113.266040
v 4.166667 1095.766040 1113.266040
v 4.375000 1095.766040 1113.266040
v 4.583333 1095.766040 1113.266040
v 4.791667 1095.766040 1113.266040
v 5.000000 1095.766040 1113.266040
v -5.000000 -1125.766040 -1113.266040
v -4.791667 -1125.766040 -1113.266040
v -4.583333 -1125.766040 -1113.266040
v -4.375000 -1125.766040 -1113.266040
v -4.166667 -1125.766040 -1113.266040
v -3.958333 -1125.766040 -1113.266040
v -3.750000 -1125.766040 -1113.266040
v -3.541667 -1125.766040 -1113.266040
v -3.333333 -1125.766040 -1113.266040
v -3.125000 -1125.766040 -1113.266040
v -2.916667 -1125.766040 -1113.266040
v -2.708333 -1125.766040 -1113.266040
v -2.500000 -1125.766040 -1113.266040
v -2.291667 -1125.766040 -1113.266040
v -2.083333 -1125.766040 -1113.266040
v -1.875000 -1125.766040 -1113.266040
v -1.666667 -1125.766040 -1113.266040
v -1.458333 -1125.766040 -1113.266040
v -1.250000 -1125.766040 -1113.266040
v -1.041667 -1125.766040 -1113.266040
v -0.833333 -1125.766040 -1113.266040
v -0.625000 -1125.766040 -1113.266040
v -0.416667 -1125.766040 -1113.266040
v -0.208333 -1125.766040 -1113.266040
v 0.000000 -1125.766040 -1113.266040
v 0.208333 -1125.766040 -1113.266040
v 0.416667 -1125.766040 -1113.266040
v 0.625000 -1125.766040 -1113.266040
v 0.833333 -1125.766040 -1113.266040
v 1.041667 -1125.766040 -1113.266040
v 1.250000 -1125.766040 -1113.266040
v 1.458333 -1125.766040 -1113.266040
v 1.666667 -1125.766040 -1113.266040
v 1.875000 -1125.766040 -1113.266040
v 2.083333 -1125.766040 -1113.266040
v 2.291667 -1125.766040 -1113.266040
v 2.500000 -1125.766040 -1113.266040
v 2.708333 -1125.766040 -1113.266040
v 2.916667 -1125.766040 -1113.266040
v 3.125000 -1125.766040 -1113.266040
v 3.333333 -1125.766040 -1113.266040
v 3.541667 -1125.766040 -1113.266040
v 3.750000 -1125.766040 -1113.266040
v 3.958333 -1125.766040 -1113.266040
v 4.166667 -1125.766040 -1113.266040
v 4.375000 -1125.766040 -1113.266040
v 4.583333 -1125.766040 -1113.266040
v 4.791667 -1125.766040 -1113.266040
v 5.000000 -1125.766040 -1113.266040
v -5.000000 -1117.068649 -1104.568649
v -4.791667 -1117.068649 -1104.568649
v -4.583333 -1117.068649 -1104.568649
v -4.375000 -1117.068649 -1104.568649
v -4.166667 -1117.068649 -1104.568649
v -3.958333 -1117.068649 -1104.568649
v -3.750000 -1117.068649 -1104.568649
v -3.541667 -1117.068649 -1104.568649
v -3.333333 -1117.068649 -1104.568649
v -3.125000 -1117.068649 -1104.568649
v -2.916667 -1117.068649 -1104.568649
v -2.708333 -1117.068649 -1104.568649
v -2.500000 -1117.068649 -1104.568649
v -2.291667 -1117.068649 -1104.568649
v -2.083333 -1117.068649 -1104.568649
v -1.875000 -1117.068649 -1104.568649
v -1.666667 -1117.068649 -1104.568649
v -1.458333 -1117.068649 -1104.568649
v -1.250000 -1117.068649 -1104.568649
v -1.041667 -1117.068649 -1104.568649
v -0.833333 -1117.068649 -1104.568649
v -0.625000 -1117.068649 -1104.568649
v -0.416667 -1117.068649 -1104.568649
v -0.208333 -1117.068649 -1104.568649
v 0.000000 -1117.068649 -1104.568649
v 0.208333 -1117.068649 -1104.568649
v 0.416667 -1117.068649 -1104.568649
v 0.625000 -1117.068649 -1104.568649
v 0.833333 -1117.068649 -1104.568649
v 1.041667 -1117.068649 -1104.568649
v 1.250000 -1117.068649 -1104.568649
v 1.458333 -1117.068649 -1104.568649
v 1.666667 -1117.068649 -1104.568649
v 1.875000 -1117.068649 -1104.568649
v 2.083333 -1117.068649 -1104.568649
v 2.291667 -1117.068649 -1104.568649
v 2.500000 -1117.068649 -1104.568649
v 2.708333 -1117.068649 -1104.568649
v 2.916667 -1117.068649 -1104.568649
v 3.125000 -1117.068649 -1104.568649
v 3.333333 -1117.068649 -1104.568649
v 3.541667 -1117.068649 -1104.568649
v 3.750000 -1117.068649 -1104.568649
v 3.958333 -1117.068649 -1104.568649
v 4.166667 -1117.068649 -1104.568649
v 4.375000 -1117.068649 -1104.568649
v 4.583333 -1117.068649 -1104.568649
v 4.791667 -1117.068649 -1104.568649
v 5.000000 -1117.068649 -1104.568649
v -5.000000 -1108.371258 -1095.871258
v -4.791667 -1108.371258 -1095.871258
v -4.583333 -1108.371258 -1095.871258
v -4.375000 -1108.371258 -1095.871258
v -4.166667 -1108.371258 -1095.871258
v -3.958333 -1108.371258 -1095.871258
v -3.750000 -1108.371258 -1095.871258
v -3.541667 -1108.371258 -1095.871258
v -3.333333 -1108.371258 -1095.871258
v -3.125000 -1108.371258 -1095.871258
v -2.916667 -1108.371258 -1095.871258
v -2.708333 -1108.371258 -1095.871258
v -2.500000 -1108.371258 -1095.871258
v -2.291667 -1108.371258 -1095.871258
v -2.083333 -1108.371258 -1095.871258
v -1.875000 -1108.371258 -1095.871258
v -1.666667 -1108.371258 -1095.871258
v -1.458333 -1108.371258 -1095.871258
v -1.250000 -1108.371258 -1095.871258
v -1.041667 -1108.371258 -1095.871258
v -0.833333 -1108.371258 -1095.871258
v -0.625000 -1108.371258 -1095.871258
v -0.416667 -1108.371258 -1095.871258
v -0.208333 -1108.371258 -1095.871258
v 0.000000 -1108.371258 -1095.871258
v 0.208333 -1108.371258 -1095.871258
v 0.416667 -1108.371258 -1095.871258
v 0.625000 -1108.371258 -1095.871258
v 0.833333 -1108.371258 -1095.871258
v 1.041667 -1108.371258 -1095.871258
v 1.250000 -1108.371258 -1095.871258
v 1.458333 -1108.371258 -1095.871258
v 1.666667 -1108.371258 -1095.871258
v 1.875000 -1108.371258 -1095.871258
v 2.083333 -1108.371258 -1095.871258
v 2.291667 -1108.371258 -1095.871258
v 2.500000 -1108.371258 -1095.871258
v 2.708333 -1108.371258 -1095.871258
v 2.916667 -1108.371258 -1095.871258
v 3.125000 -1108.371258 -1095.871258
v 3.333333 -1108.371258 -1095.871258
v 3.541667 -1108.371258 -1095.871258
v 3.750000 -1108.371258 -1095.871258
v 3.958333 -1108.371258 -1095.871258
v 4.166667 -1108.371258 -1095.871258
v 4.375000 -1108.371258 -1095.871258
v 4.583333 -1108.371258 -1095.871258
v 4.791667 -1108.371258 -1095.871258
v 5.000000 -1108.371258 -1095.871258
v -5.000000 -1099.673867 -1087.173867
v -4.791667 -1099.673867 -1087.173867
v -4.583333 -1099.673867 -1087.173867
v -4.375000 -1099.673867 -1087.173867
v -4.166667 -1099.673867 -1087.173867
v -3.958333 -1099.673867 -1087.173867
v -3.750000 -1099.673867 -1087.173867
v -3.541667 -1099.673867 -1087.173867
v -3.333333 -1099.673867 -1087.173867
v -3.125000 -1099.673867 -1087.173867
v -2.916667 -1099.673867 -1087.173867
v -2.708333 -1099.673867 -1087.173867
v -2.500000 -1099.673867 -1087.173867
v -2.291667 -1099.673867 -1087.173867
v -2.083333 -1099.673867 -1087.173867
v -1.875000 -1099.673867 -1087.173867
v -1.666667 -1099.673867 -1087.173867
v -1.458333 -1099.673867 -1087.173867
v -1.250000 -1099.673867 -1087.173867
v -1.041667 -1099.673867 -1087.173867
v -0.833333 -1099.673867 -1087.173867
v -0.625000 -1099.673867 -1087.173867
v -0.416667 -1099.673867 -1087.173867
v -0.208333 -1099.673867 -1087.173867
v 0.000000 -1099.673867 -1087.173867
v 0.208333 -1099.673867 -1087.173867
v 0.416667 -1099.673867 -1087.173867
v 0.625000 -1099.673867 -1087.173867
v 0.833333 -1099.673867 -1087.173867
v 1.041667 -1099.673867 -1087.173867
v 1.250000 -1099.673867 -1087.173867
v 1.458333 -1099.673867 -1087.173867
v 1.666667 -1099.673867 -1087.173867
v 1.875000 -1099.673867 -1087.173867
v 2.083333 -1099.673867 -1087.173867
v 2.291667 -1099.673867 -1087.173867
v 2.500000 -1099.673867 -1087.173867
v 2.708333 -1099.673867 -1087.173867
v 2.916667 -1099.673867 -1087.173867
v 3.125000 -1099.673867 -1087.173867
v 3.333333 -1099.673867 -1087.173867
v 3.541667 -1099.673867 -1087.173867
v 3.750000 -1099.673867 -1087.173867
v 3.958333 -1099.673867 -1087.173867
v 4.166667 -1099.673867 -1087.173867
v 4.375000 -1099.673867 -1087.173867
v 4.583333 -1099.673867 -1087.173867
v 4.791667 -1099.673867 -1087.173867
v 5.000000 -1099.673867 -1087.173867
v -5.000000 -1090.976476 -1078.476476
v -4.791667 -1090.976476 -1078.476476
v -4.583333 -1090.976476 -1078.476476
v -4.375000 -1090.976476 -1078.476476
v -4.166667 -1090.976476 -1078.476476
v -3.958333 -1090.976476 -1078.476476
v -3.750000 -1090.976476 -1078.476476
v -3.541667 -1090.976476 -1078.476476
v -3.333333 -1090.976476 -1078.476476
v -3.125000 -1090.976476 -1078.476476
v -2.916667 -1090.976476 -1078.476476
v -2.708333 -1090.976476 -1078.476476
v -2.500000 -1090.976476 -1078.476476
v -2.291667 -1090.976476 -1078.476476
v -2.083333 -1090.976476 -1078.476476
v -1.875000 -1090.976476 -1078.476476
v -1.666667 -1090.976476 -1078.476476
v -1.458333 -1090.976476 -1078.476476
v -1.250000 -1090.976476 -1078.476476
v -1.041667 -1090.976476 -1078.476476
v -0.833333 -1090.976476 -1078.476476
v -0.625000 -1090.976476 -1078.476476
v -0.416667 -1090.976476 -1078.476476
v -0.208333 -1090.976476 -1078.476476
v 0.000000 -1090.976476 -1078.476476
v 0.208333 -1090.976476 -1078.476476
v 0.416667 -1090.976476 -1078.476476
v 0.625000 -1090.976476 -1078.476476
v 0.833333 -1090.976476 -1078.476476
v 1.041667 -1090.976476 -1078.476476
v 1.250000 -1090.976476 -1078.476476
v 1.458333 -1090.976476 -1078.476476
v 1.666667 -1090.976476 -1078.476476
v 1.875000 -1090.976476 -1078.476476
v 2.083333 -1090.976476 -1078.476476
v 2.291667 -1090.976476 -1078.476476
v 2.500000 -1090.976476 -1078.476476
v 2.708333 -1090.976476 -1078.476476
v 2.916667 -1090.976476 -1078.476476
v 3.125000 -1090.976476 -1078.476476
v 3.333333 -1090.976476 -1078.476476
v 3.541667 -1090.976476 -1078.476476
v 3.750000 -1090.976476 -1078.476476
v 3.958333 -1090.976476 -1078.476476
v 4.166667 -1090.976476 -1078.476476
v 4.375000 -1090.976476 -1078.476476
v 4.583333 -1090.976476 -1078.476476
v 4.791667 -1090.976476 -1078.476476
v 5.000000 -1090.976476 -1078.476476
v -5.000000 -1082.279085 -1069.779085
v -4.791667 -1082.279085 -1069.779085
v -4.583333 -1082.279085 -1069.779085
v -4.375000 -1082.279085 -1069.779085
v -4.166667 -1082.279085 -1069.779085
v -3.958333 -1082.279085 -1069.779085
v -3.750000 -1082.279085 -1069.779085
v -3.541667 -1082.279085 -1069.779085
v -3.333333 -1082.279085 -1069.779085
v -3.125000 -1082.279085 -1069.779085
v -2.916667 -1082.279085 -1069.779085
v -2.708333 -1082.279085 -1069.779085
v -2.500000 -1082.279085 -1069.779085
v -2.291667 -1082.279085 -1069.779085
v -2.083333 -1082.279085 -1069.779085
v -1.875000 -1082.279085 -1069.779085
v -1.666667 -1082.279085 -1069.779085
v -1.458333 -1082.279085 -1069.779085
v -1.250000 -1082.279085 -1069.779085
v -1.041667 -1082.279085 -1069.779085
v -0.833333 -1082.279085 -1069.779085
v -0.625000 -1082.279085 -1069.779085
v -0.416667 -1082.279085 -1069.779085
v -0.208333 -1082.279085 -1069.779085
v 0.000000 -1082.279085 -1069.779085
v 0.208333 -1082.279085 -1069.779085
v 0.416667 -1082.279085 -1069.779085
v 0.625000 -1082.279085 -1069.779085
v 0.833333 -1082.279085 -1069.779085
v 1.041667 -1082.279085 -1069.779085
v 1.250000 -1082.279085 -1069.779085
v 1.458333 -1082.279085 -1069.779085
v 1.666667 -1082.279085 -1069.779085
v 1.875000 -1082.279085 -1069.779085
v 2.083333 -1082.279085 -1069.779085
v 2.291667 -1082.279085 -1069.779085
v 2.500000 -1082.279085 -1069.779085
v 2.708333 -1082.279085 -1069.779085
v 2.916667 -1082.279085 -1069.779085
v 3.125000 -1082.279085 -1069.779085
v 3.333333 -1082.279085 -1069.779085
v 3.541667 -1082.279085 -1069.779085
v 3.750000 -1082.279085 -1069.779085
v 3.958333 -1082.279085 -1069.779085
v 4.166667 -1082.279085 -1069.779085
v 4.375000 -1082.279085 -1069.779085
v 4.583333 -1082.279085 -1069.779085
v 4.791667 -1082.279085 -1069.779085
v 5.000000 -1082.279085 -1069.779085
v -5.000000 -1073.581694 -1061.081694
v -4.791667 -1073.581694 -1061.081694
v -4.583333 -1073.581694 -1061.081694
v -4.375000 -1073.581694 -1061.081694
v -4.166667 -1073.581694 -1061.081694
v -3.958333 -1073.581694 -1061.081694
v -3.750000 -1073.581694 -1061.081694
v -3.541667 -1073.581694 -1061.081694
v -3.333333 -1073.581694 -1061.081694
v -3.125000 -1073.581694 -1061.081694
v -2.916667 -1073.581694 -1061.081694
v -2.708333 -1073.581694 -1061.081694
v -2.500000 -1073.581694 -1061.081694
v -2.291667 -1073.581694 -1061.081694
v -2.083333 -1073.581694 -1061.081694
v -1.875000 -1073.581694 -1061.081694
v -1.666667 -1073.581694 -1061.081694
v -1.458333 -1073.581694 -1061.081694
v -1.250000 -1073.581694 -1061.081694
v -1.041667 -1073.581694 -1061.081694
v -0.833333 -1073.581694 -1061.081694
v -0.625000 -1073.581694 -1061.081694
v -0.416667 -1073.581694 -1061.081694
v -0.208333 -1073.581694 -1061.081694
v 0.000000 -1073.581694 -1061.081694
v 0.208333 -1073.581694 -1061.081694
v 0.416667 -1073.581694 -1061.081694
v 0.625000 -1073.581694 -1061.081694
v 0.833333 -1073.581694 -1061.081694
v 1.041667 -1073.581694 -1061.081694
v 1.250000 -1073.581694 -1061.081694
v 1.458333 -1073.581694 -1061.081694
v 1.666667 -1073.581694 -1061.081694
v 1.875000 -1073.581694 -1061.081694
v 2.083333 -1073.581694 -1061.081694
v 2.291667 -1073.581694 -1061.081694
v 2.500000 -1073.581694 -1061.081694
v 2.708333 -1073.581694 -1061.081694
v 2.916667 -1073.581694 -1061.081694
v 3.125000 -1073.581694 -1061.081694
v 3.333333 -1073.581694 -1061.081694
v 3.541667 -1073.581694 -1061.081694
v 3.750000 -1073.581694 -1061.081694
v 3.958333 -1073.581694 -1061.081694
v 4.166667 -1073.581694 -1061.081694
v 4.375000 -1073.581694 -1061.081694
v 4.583333 -1073.581694 -1061.081694
v 4.791667 -1073.581694 -1061.081694
v 5.000000 -1073.581694 -1061.081694
v -5.000000 -1064.884304 -1052.384304
v -4.791667 -1064.884304 -1052.384304
v -4.583333 -1064.884304 -1052.384304
v -4.375000 -1064.884304 -1052.384304
v -4.166667 -1064.884304 -1052.384304
v -3.958333 -1064.884304 -1052.384304
v -3.750000 -1064.884304 -1052.384304
v -3.541667 -1064.884304 -1052.384304
v -3.333333 -1064.884304 -1052.384304
v -3.125000 -1064.884304 -1052.384304
v -2.916667 -1064.884304 -1052.384304
v -2.708333 -1064.884304 -1052.384304
v -2.500000 -1064.884304 -1052.384304
v -2.291667 -1064.884304 -1052.384304
v -2.083333 -1064.884304 -1052.384304
v -1.875000 -1064.884304 -1052.384304
v -1.666667 -1064.884304 -1052.384304
v -1.458333 -1064.884304 -1052.384304
v -1.250000 -1064.884304 -1052.384304
v -1.041667 -1064.884304 -1052.384304
v -0.833333 -1064.884304 -1052.384304
v -0.625000 -1064.884304 -1052.384304
v -0.416667 -1064.884304 -1052.384304
v -0.208333 -1064.884304 -1052.384304
v 0.000000 -1064.884304 -1052.384304
v 0.208333 -1064.884304 -1052.384304
v 0.416667 -1064.884304 -1052.384304
v 0.625000 -1064.884304 -1052.384304
v 0.833333 -1064.884304 -1052.384304
v 1.041667 -1064.884304 -1052.384304
v 1.250000 -1064.884304 -1052.384304
v 1.458333 -1064.884304 -1052.384304
v 1.666667 -1064.884304 -1052.384304
v 1.875000 -1064.884304 -1052.384304
v 2.083333 -1064.884304 -1052.384304
v 2.291667 -1064.884304 -1052.384304
v 2.500000 -1064.884304 -1052.384304
v 2.708333 -1064.884304 -1052.384304
v 2.916667 -1064.884304 -1052.384304
v 3.125000 -1064.884304 -1052.384304
v 3.333333 -1064.884304 -1052.384304
v 3.541667 -1064.884304 -1052.384304
v 3.750000 -1064.884304 -1052.384304
v 3.958333 -1064.884304 -1052.384304
v 4.166667 -1064.884304 -1052.384304
v 4.375000 -1064.884304 -1052.384304
v 4.583333 -1064.884304 -1052.384304
v 4.791667 -1064.884304 -1052.384304
v 5.000000 -1064.884304 -1052.384304
v -5.000000 -1056.186913 -1043.686913
v -4.791667 -1056.186913 -1043.686913
v -4.583333 -1056.186913 -1043.686913
v -4.375000 -1056.186913 -1043.686913
v -4.166667 -1056.186913 -1043.686913
v -3.958333 -1056.186913 -1043.686913
v -3.750000 -1056.186913 -1043.686913
v -3.541667 -1056.186913 -1043.686913
v -3.333333 -1056.186913 -1043.686913
v -3.125000 -1056.186913 -1043.686913
v -2.916667 -1056.186913 -1043.686913
v -2.708333 -1056.186913 -1043.686913
v -2.500000 -1056.186913 -1043.686913
v -2.291667 -1056.186913 -1043.686913
v -2.083333 -1056.186913 -1043.686913
v -1.875000 -1056.186913 -1043.686913
v -1.666667 -1056.186913 -1043.686913
v -1.458333 -1056.186913 -1043.686913
v -1.250000 -1056.186913 -1043.686913
v -1.041667 -1056.186913 -1043.686913
v -0.833333 -1056.186913 -1043.686913
v -0.625000 -1056.186913 -1043.686913
v -0.416667 -1056.186913 -1043.686913
v -0.208333 -1056.186913 -1043.686913
v 0.000000 -1056.186913 -1043.686913
v 0.208333 -1056.186913 -1043.686913
v 0.416667 -1056.186913 -1043.686913
v 0.625000 -1056.186913 -1043.686913
v 0.833333 -1056.186913 -1043.686913
v 1.041667 -1056.186913 -1043.686913
v 1.250000 -1056.186913 -1043.686913
v 1.458333 -1056.186913 -1043.686913
v 1.666667 -1056.186913 -1043.686913
v 1.875000 -1056.186913 -1043.686913
v 2.083333 -1056.186913 -1043.686913
v 2.291667 -1056.186913 -1043.686913
v 2.500000 -1056.186913 -1043.686913
v 2.708333 -1056.186913 -1043.686913
v 2.916667 -1056.186913 -1043.686913
v 3.125000 -1056.186913 -1043.686913
v 3.333333 -1056.186913 -1043.686913
v 3.541667 -1056.186913 -1043.686913
v 3.750000 -1056.186913 -1043.686913
v 3.958333 -1056.186913 -1043.686913
v 4.166667 -1056.186913 -1043.686913
v 4.375000 -1056.186913 -1043.686913
v 4.583333 -1056.186913 -1043.686913
v 4.791667 -1056.186913 -1043.686913
v 5.000000 -1056.186913 -1043.686913
v -5.000000 -1047.489522 -1034.989522
v -4.791667 -1047.489522 -1034.989522
v -4.583333 -1047.489522 -1034.989522
v -4.375000 -1047.489522 -1034.989522
v -4.166667 -1047.489522 -1034.989522
v -3.958333 -1047.489522 -1034.989522
v -3.750000 -1047.489522 -1034.989522
v -3.541667 -1047.489522 -1034.989522
v -3.333333 -1047.489522 -1034.989522
v -3.125000 -1047.489522 -1034.989522
v -2.916667 -1047.489522 -1034.989522
v -2.708333 -1047.489522 -1034.989522
v -2.500000 -1047.489522 -1034.989522
v -2.291667 -1047.489522 -1034.989522
v -2.083333 -1047.489522 -1034.989522
v -1.875000 -1047.489522 -1034.989522
v -1.666667 -1047.489522 -1034.989522
v -1.458333 -1047.489522 -1034.989522
v -1.250000 -1047.489522 -1034.989522
v -1.041667 -1047.489522 -1034.989522
v -0.833333 -1047.489522 -1034.989522
v -0.625000 -1047.489522 -1034.989522
v -0.416667 -1047.489522 -1034.989522
v -0.208333 -1047.489522 -1034.989522
v 0.000000 -1047.489522 -1034.989522
v 0.208333 -1047.489522 -1034.989522
v 0.416667 -1047.489522 -1034.989522
v 0.625000 -1047.489522 -1034.989522
v 0.833333 -1047.489522 -1034.989522
v 1.041667 -1047.489522 -1034.989522
v 1.250000 -1047.489522 -1034.989522
v 1.458333 -1047.489522 -1034.989522
v 1.666667 -1047.489522 -1034.989522
v 1.875000 -1047.489522 -1034.989522
v 2.083333 -1047.489522 -1034.989522
v 2.291667 -1047.489522 -1034.989522
v 2.500000 -1047.489522 -1034.989522
v 2.708333 -1047.489522 -1034.989522
v 2.916667 -1047.489522 -1034.989522
v 3.125000 -1047.489522 -1034.989522
v 3.333333 -1047.489522 -1034.989522
v 3.541667 -1047.489522 -1034.989522
v 3.750000 -1047.489522 -1034.989522
v 3.958333 -1047.489522 -1034.989522
v 4.166667 -1047.489522 -1034.989522
v 4.375000 -1047.489522 -1034.989522
v 4.583333 -1047.489522 -1034.989522
v 4.791667 -1047.489522 -1034.989522
v 5.000000 -1047.489522 -1034.989522
v -5.000000 -1038.792131 -1026.292131
v -4.791667 -1038.792131 -1026.292131
v -4.583333 -1038.792131 -1026.292131
v -4.375000 -1038.792131 -1026.292131
v -4.166667 -1038.792131 -1026.292131
v -3.958333 -1038.792131 -1026.292131
v -3.750000 -1038.792131 -1026.292131
v -3.541667 -1038.792131 -1026.292131
v -3.333333 -1038.792131 -1026.292131
v -3.125000 -1038.792131 -1026.292131
v -2.916667 -1038.792131 -1026.292131
v -2.708333 -1038.792131 -1026.292131
v -2.500000 -1038.792131 -1026.292131
v -2.291667 -1038.792131 -1026.292131
v -2.083333 -1038.792131 -1026.292131
v -1.875000 -1038.792131 -1026.292131
v -1.666667 -1038.792131 -1026.292131
v -1.458333 -1038.792131 -1026.292131
v -1.250000 -1038.792131 -1026.292131
v -1.041667 -1038.792131 -1026.292131
v -0.833333 -1038.792131 -1026.292131
v -0.625000 -1038.792131 -1026.292131
v -0.416667 -1038.792131 -1026.292131
v -0.208333 -1038.792131 -1026.292131
v 0.000000 -1038.792131 -1026.292131
v 0.208333 -1038.792131 -1026.292131
v 0.416667 -1038.792131 -1026.292131
v 0.625000 -1038.792131 -1026.292131
v 0.833333 -1038.792131 -1026.292131
v 1.041667 -1038.792131 -1026.292131
v 1.250000 -1038.792131 -1026.292131
v 1.458333 -1038.792131 -1026.292131
v 1.666667 -1038.792131 -1026.292131
v 1.875000 -1038.792131 -1026.292131
v 2.083333 -1038.792131 -1026.292131
v 2.291667 -1038.792131 -1026.292131
v 2.500000 -1038.792131 -1026.292131
v 2.708333 -1038.792131 -1026.292131
v 2.916667 -1038.792131 -1026.292131
v 3.125000 -1038.792131 -1026.292131
v 3.333333 -1038.792131 -1026.292131
v 3.541667 -1038.792131 -1026.292131
v 3.750000 -1038.792131 -1026.292131
v 3.958333 -1038.792131 -1026.292131
v 4.166667 -1038.792131 -1026.292131
v 4.375000 -1038.792131 -1026.292131
v 4.583333 -1038.792131 -1026.292131
v 4.791667 -1038.792131 -1026.292131
v 5.000000 -1038.792131 -1026.292131
v -5.000000 -1030.094740 -1017.594740
v -4.791667 -1030.094740 -1017.594740
v -4.583333 -1030.094740 -1017.594740
v -4.375000 -1030.094740 -1017.594740
v -4.166667 -1030.094740 -1017.594740
v -3.958333 -1030.094740 -1017.594740
v -3.750000 -1030.094740 -1017.594740
v -3.541667 -1030.094740 -1017.594740
v -3.333333 -1030.094740 -1017.594740
v -3.125000 -1030.094740 -1017.594740
v -2.916667 -1030.094740 -1017.594740
v -2.708333 -1030.094740 -1017.594740
v -2.500000 -1030.094740 -1017.594740
v -2.291667 -1030.094740 -1017.594740
v -2.083333 -1030.094740 -1017.594740
v -1.875000 -1030.094740 -1017.594740
v -1.666667 -1030.094740 -1017.594740
v -1.458333 -1030.094740 -1017.594740
v -1.250000 -1030.094740 -1017.594740
v -1.041667 -1030.094740 -1017.594740
v -0.833333 -1030.094740 -1017.594740
v -0.625000 -1030.094740 -1017.594740
v -0.416667 -1030.094740 -1017.594740
v -0.208333 -1030.094740 -1017.594740
v 0.000000 -1030.094740 -1017.594740
v 0.208333 -1030.094740 -1017.594740
v 0.416667 -1030.094740 -1017.594740
v 0.625000 -1030.094740 -1017.594740
v 0.833333 -1030.094740 -1017.594740
v 1.041667 -1030.094740 -1017.594740
v 1.250000 -1030.094740 -1017.594740
v 1.458333 -1030.094740 -1017.594740
v 1.666667 -1030.094740 -1017.594740
v 1.875000 -1030.094740 -1017.594740
v 2.083333 -1030.094740 -1017.594740
v 2.291667 -1030.094740 -1017.594740
v 2.500000 -1030.094740 -1017.594740
v 2.708333 -1030.094740 -1017.594740
v 2.916667 -1030.094740 -1017.594740
v 3.125000 -1030.094740 -1017.594740
v 3.333333 -1030.094740 -1017.594740
v 3.541667 -1030.094740 -1017.594740
v 3.750000 -1030.094740 -1017.594740
v 3.958333 -1030.094740 -1017.594740
v 4.166667 -1030.094740 -1017.594740
v 4.375000 -1030.094740 -1017.594740
v 4.583333 -1030.094740 -1017.594740
v 4.791667 -1030.094740 -1017.594740
v 5.000000 -1030.094740 -1017.594740
v -5.000000 -1021.397349 -1008.897349
v -4.791667 -1021.397349 -1008.897349
v -4.583333 -1021.397349 -1008.897349
v -4.375000 -1021.397349 -1008.897349
v -4.166667 -1021.397349 -1008.897349
v -3.958333 -1021.397349 -1008.897349
v -3.750000 -1021.397349 -1008.897349
v -3.541667 -1021.397349 -1008.897349
v -3.333333 -1021.397349 -1008.897349
v -3.125000 -1021.397349 -1008.897349
v -2.916667 -1021.397349 -1008.897349
v -2.708333 -1021.397349 -1008.897349
v -2.500000 -1021.397349 -1008.897349
v -2.291667 -1021.397349 -1008.897349
v -2.083333 -1021.397349 -1008.897349
v -1.875000 -1021.397349 -1008.897349
v -1.666667 -1021.397349 -1008.897349
v -1.458333 -1021.397349 -1008.897349
v -1.250000 -1021.397349 -1008.897349
v -1.041667 -1021.397349 -1008.897349
v -0.833333 -1021.397349 -1008.897349
v -0.625000 -1021.397349 -1008.897349
v -0.416667 -1021.397349 -1008.897349
v -0.208333 -1021.397349 -1008.897349
v 0.000000 -1021.397349 -1008.897349
v 0.208333 -1021.397349 -1008.897349
v 0.416667 -1021.397349 -1008.897349
v 0.625000 -1021.397349 -1008.897349
v 0.833333 -1021.397349 -1008.897349
v 1.041667 -1021.397349 -1008.897349
v 1.250000 -1021.397349 -1008.897349
v 1.458333 -1021.397349 -1008.897349
v 1.666667 -1021.397349 -1008.897349
v 1.875000 -1021.397349 -1008.897349
v 2.083333 -1021.397349 -1008.897349
v 2.291667 -1021.397349 -1008.897349
v 2.500000 -1021.397349 -1008.897349
v 2.708333 -1021.397349 -1008.897349
v 2.916667 -1021.397349 -1008.897349
v 3.125000 -1021.397349 -1008.897349
v 3.333333 -1021.397349 -1008.897349
v 3.541667 -1021.397349 -1008.897349
v 3.750000 -1021.397349 -1008.897349
v 3.958333 -1021.397349 -1008.897349
v 4.166667 -1021.397349 -1008.897349
v 4.375000 -1021.397349 -1008.897349
v 4.583333 -1021.397349 -1008.897349
v 4.791667 -1021.397349 -1008.897349
v 5.000000 -1021.397349 -1008.897349
v -5.000000 -1012.699958 -1000.199958
v -4.791667 -1012.699958 -1000.199958
v -4.583333 -1012.699958 -1000.199958
v -4.375000 -1012.699958 -1000.199958
v -4.166667 -1012.699958 -1000.199958
v -3.958333 -1012.699958 -1000.199958
v -3.750000 -1012.699958 -1000.199958
v -3.541667 -1012.699958 -1000.199958
v -3.333333 -1012.699958 -1000.199958
v -3.125000 -1012.699958 -1000.199958
v -2.916667 -1012.699958 -1000.199958
v -2.708333 -1012.699958 -1000.199958
v -2.500000 -1012.699958 -1000.199958
v -2.291667 -1012.699958 -1000.199958
v -2.083333 -1012.699958 -1000.199958
v -1.875000 -1012.699958 -1000.199958
v -1.666667 -1012.699958 -1000.199958
v -1.458333 -1012.699958 -1000.199958
v -1.250000 -1012.699958 -1000.199958
v -1.041667 -1012.699958 -1000.199958
v -0.833333 -1012.699958 -1000.199958
v -0.625000 -1012.699958 -1000.199958
v -0.416667 -1012.699958 -1000.199958
v -0.208333 -1012.699958 -1000.199958
v 0.000000 -1012.699958 -1000.199958
v 0.208333 -1012.699958 -1000.199958
v 0.416667 -1012.699958 -1000.199958
v 0.625000 -1012.699958 -1000.199958
v 0.833333 -1012.699958 -1000.199958
v 1.041667 -1012.699958 -1000.199958
v 1.250000 -1012.699958 -1000.199958
v 1.458333 -1012.699958 -1000.199958
v 1.666667 -1012.699958 -1000.199958
v 1.875000 -1012.699958 -1000.199958
v 2.083333 -1012.699958 -1000.199958
v 2.291667 -1012.699958 -1000.199958
v 2.500000 -1012.699958 -1000.199958
v 2.708333 -1012.699958 -1000.199958
v 2.916667 -1012.699958 -1000.199958
v 3.125000 -1012.699958 -1000.199958
v 3.333333 -1012.699958 -1000.199958
v 3.541667 -1012.699958 -1000.199958
v 3.750000 -1012.699958 -1000.199958
v 3.958333 -1012.699958 -1000.199958
v 4.166667 -1012.699958 -1000.199958
v 4.375000 -1012.699958 -1000.199958
v 4.583333 -1012.699958 -1000.199958
v 4.791667 -1012.699958 -1000.199958
v 5.000000 -1012.699958 -1000.199958
v -5.000000 -1004.002567 -991.502567
v -4.791667 -1004.002567 -991.502567
v -4.583333 -1004.002567 -991.502567
v -4.375000 -1004.002567 -991.502567
v -4.166667 -1004.002567 -991.502567
v -3.958333 -1004.002567 -991.502567
v -3.750000 -1004.002567 -991.502567
v -3.541667 -1004.002567 -991.502567
v -3.333333 -1004.002567 -991.502567
v -3.125000 -1004.002567 -991.502567
v -2.916667 -1004.002567 -991.502567
v -2.708333 -1004.002567 -991.502567
v -2.500000 -1004.002567 -991.502567
v -2.291667 -1004.002567 -991.502567
v -2.083333 -1004.002567 -991.502567
v -1.875000 -1004.002567 -991.502567
v -1.666667 -1004.002567 -991.502567
v -1.458333 -1004.002567 -991.502567
v -1.250000 -1004.002567 -991.502567
v -1.041667 -1004.002567 -991.502567
v -0.833333 -1004.002567 -991.502567
v -0.625000 -1004.002567 -991.502567
v -0.416667 -1004.002567 -991.502567
v -0.208333 -1004.002567 -991.502567
v 0.000000 -1004.002567 -991.502567
v 0.208333 -1004.002567 -991.502567
v 0.416667 -1004.002567 -991.502567
v 0.625000 -1004.002567 -991.502567
v 0.833333 -1004.002567 -991.502567
v 1.041667 -1004.002567 -991.502567
v 1.250000 -1004.002567 -991.502567
v 1.458333 -1004.002567 -991.502567
v 1.666667 -1004.002567 -991.502567
v 1.875000 -1004.002567 -991.502567
v 2.083333 -1004.002567 -991.502567
v 2.291667 -1004.002567 -991.502567
v 2.500000 -1004.002567 -991.502567
v 2.708333 -1004.002567 -991.502567
v 2.916667 -1004.002567 -991.502567
v 3.125000 -1004.002567 -991.502567
v 3.333333 -1004.002567 -991.502567
v 3.541667 -1004.002567 -991.502567
v 3.750000 -1004.002567 -991.502567
v 3.958333 -1004.002567 -991.502567
v 4.166667 -1004.002567 -991.502567
v 4.375000 -1004.002567 -991.502567
v 4.583333 -1004.002567 -991.502567
v 4.791667 -1004.002567 -991.502567
v 5.000000 -1004.002567 -991.502567
v -5.000000 -995.305176 -982.805176
v -4.791667 -995.305176 -982.805176
v -4.583333 -995.305176 -982.805176
v -4.375000 -995.305176 -982.805176
v -4.166667 -995.305176 -982.805176
v -3.958333 -995.305176 -982.805176
v -3.750000 -995.305176 -982.805176
v -3.541667 -995.305176 -982.805176
v -3.333333 -995.305176 -982.805176
v -3.125000 -995.305176 -982.805176
v -2.916667 -995.305176 -982.805176
v -2.708333 -995.305176 -982.805176
v -2.500000 -995.305176 -982.805176
v -2.291667 -995.305176 -982.805176
v -2.083333 -995.305176 -982.805176
v -1.875000 -995.305176 -982.805176
v -1.666667 -995.305176 -982.805176
v -1.458333 -995.305176 -982.805176
v -1.250000 -995.305176 -982.805176
v -1.041667 -995.305176 -982.805176
v -0.833333 -995.305176 -982.805176
v -0.625000 -995.305176 -982.805176
v -0.416667 -995.305176 -982.805176
v -0.208333 -995.305176 -982.805176
v 0.000000 -995.305176 -982.805176
v 0.208333 -995.305176 -982.805176
v 0.416667 -995.305176 -982.805176
v 0.625000 -995.305176 -982.805176
v 0.833333 -995.305176 -982.805176
v 1.041667 -995.305176 -982.805176
v 1.250000 -995.305176 -982.805176
v 1.458333 -995.305176 -982.805176
v 1.666667 -995.305176 -982.805176
v 1.875000 -995.305176 -982.805176
v 2.083333 -995.305176 -982.805176
v 2.291667 -995.305176 -982.805176
v 2.500000 -995.305176 -982.805176
v 2.708333 -995.305176 -982.805176
v 2.916667 -995.305176 -982.805176
v 3.125000 -995.305176 -982.805176
v 3.333333 -995.305176 -982.805176
v 3.541667 -995.305176 -982.805176
v 3.750000 -995.305176 -982.805176
v 3.958333 -995.305176 -982.805176
v 4.166667 -995.305176 -982.805176
v 4.375000 -995.305176 -982.805176
v 4.583333 -995.305176 -982.805176
v 4.791667 -995.305176 -982.805176
v 5.000000 -995.305176 -982.805176
v -5.000000 -986.607785 -974.107785
v -4.791667 -986.607785 -974.107785
v -4.583333 -986.607785 -974.107785
v -4.375000 -986.607785 -974.107785
v -4.166667 -986.607785 -974.107785
v -3.958333 -986.607785 -974.107785
v -3.750000 -986.607785 -974.107785
v -3.541667 -986.607785 -974.107785
v -3.333333 -986.607785 -974.107785
v -3.125000 -986.607785 -974.107785
v -2.916667 -986.607785 -974.107785
v -2.708333 -986.607785 -974.107785
v -2.500000 -986.607785 -974.107785
v -2.291667 -986.607785 -974.107785
v -2.083333 -986.607785 -974.107785
v -1.875000 -986.607785 -974.107785
v -1.666667 -986.607785 -974.107785
v -1.458333 -986.607785 -974.107785
v -1.250000 -986.607785 -974.107785
v -1.041667 -986.607785 -974.107785
v -0.833333 -986.607785 -974.107785
v -0.625000 -986.607785 -974.107785
v -0.416667 -986.607785 -974.107785
v -0.208333 -986.607785 -974.107785
v 0.000000 -986.607785 -974.107785
v 0.208333 -986.607785 -974.107785
v 0.416667 -986.607785 -974.107785
v 0.625000 -986.607785 -974.107785
v 0.833333 -986.607785 -974.107785
v 1.041667 -986.607785 -974.107785
v 1.250000 -986.607785 -974.107785
v 1.458333 -986.607785 -974.107785
v 1.666667 -986.607785 -974.107785
v 1.875000 -986.607785 -974.107785
v 2.083333 -986.607785 -974.107785
v 2.291667 -986.607785 -974.107785
v 2.500000 -986.607785 -974.107785
v 2.708333 -986.607785 -974.107785
v 2.916667 -986.607785 -974.107785
v 3.125000 -986.607785 -974.107785
v 3.333333 -986.607785 -974.107785
v 3.541667 -986.607785 -974.107785
v 3.750000 -986.607785 -974.107785
v 3.958333 -986.607785 -974.107785
v 4.166667 -986.607785 -974.107785
v 4.375000 -986.607785 -974.107785
v 4.583333 -986.607785 -974.107785
v 4.791667 -986.607785 -974.107785
v 5.000000 -986.607785 -974.107785
v -5.000000 -977.910394 -965.410394
v -4.791667 -977.910394 -965.410394
v -4.583333 -977.910394 -965.410394
v -4.375000 -977.910394 -965.410394
v -4.166667 -977.910394 -965.410394
v -3.958333 -977.910394 -965.410394
v -3.750000 -977.910394 -965.410394
v -3.541667 -977.910394 -965.410394
v -3.333333 -977.910394 -965.410394
v -3.125000 -977.910394 -965.410394
v -2.916667 -977.910394 -965.410394
v -2.708333 -977.910394 -965.410394
v -2.500000 -977.910394 -965.410394
v -2.291667 -977.910394 -965.410394
v -2.083333 -977.910394 -965.410394
v -1.875000 -977.910394 -965.410394
v -1.666667 -977.910394 -965.410394
v -1.458333 -977.910394 -965.410394
v -1.250000 -977.910394 -965.410394
v -1.041667 -977.910394 -965.410394
v -0.833333 -977.910394 -965.410394
v -0.625000 -977.910394 -965.410394
v -0.416667 -977.910394 -965.410394
v -0.208333 -977.910394 -965.410394
v 0.000000 -977.910394 -965.410394
v 0.208333 -977.910394 -965.410394
v 0.416667 -977.910394 -965.410394
v 0.625000 -977.910394 -965.410394
v 0.833333 -977.910394 -965.410394
v 1.041667 -977.910394 -965.410394
v 1.250000 -977.910394 -965.410394
v 1.458333 -977.910394 -965.410394
v 1.666667 -977.910394 -965.410394
v 1.875000 -977.910394 -965.410394
v 2.083333 -977.910394 -965.410394
v 2.291667 -977.910394 -965.410394
v 2.500000 -977.910394 -965.410394
v 2.708333 -977.910394 -965.410394
v 2.916667 -977.910394 -965.410394
v 3.125000 -977.910394 -965.410394
v 3.333333 -977.910394 -965.410394
v 3.541667 -977.910394 -965.410394
v 3.750000 -977.910394 -965.410394
v 3.958333 -977.910394 -965.410394
v 4.166667 -977.910394 -965.410394
v 4.375000 -977.910394 -965.410394
v 4.583333 -977.910394 -965.410394
v 4.791667 -977.910394 -965.410394
v 5.000000 -977.910394 -965.410394
v -5.000000 -969.213003 -956.713003
v -4.791667 -969.213003 -956.713003
v -4.583333 -969.213003 -956.713003
v -4.375000 -969.213003 -956.713003
v -4.166667 -969.213003 -956.713003
v -3.958333 -969.213003 -956.713003
v -3.750000 -969.213003 -956.713003
v -3.541667 -969.213003 -956.713003
v -3.333333 -969.213003 -956.713003
v -3.125000 -969.213003 -956.713003
v -2.916667 -969.213003 -956.713003
v -2.708333 -969.213003 -956.713003
v -2.500000 -969.213003 -956.713003
v -2.291667 -969.213003 -956.713003
v -2.083333 -969.213003 -956.713003
v -1.875000 -969.213003 -956.713003
v -1.666667 -969.213003 -956.713003
v -1.458333 -969.213003 -956.713003
v -1.250000 -969.213003 -956.713003
v -1.041667 -969.213003 -956.713003
v -0.833333 -969.213003 -956.713003
v -0.625000 -969.213003 -956.713003
v -0.416667 -969.213003 -956.713003
v -0.208333 -969.213003 -956.713003
v 0.000000 -969.213003 -956.713003
v 0.208333 -969.213003 -956.713003
v 0.416667 -969.213003 -956.713003
v 0.625000 -969.213003 -956.713003
v 0.833333 -969.213003 -956.713003
v 1.041667 -969.213003 -956.713003
v 1.250000 -969.213003 -956.713003
v 1.458333 -969.213003 -956.713003
v 1.666667 -969.213003 -956.713003
v 1.875000 -969.213003 -956.713003
v 2.083333 -969.213003 -956.713003
v 2.291667 -969.213003 -956.713003
v 2.500000 -969.213003 -956.713003
v 2.708333 -969.213003 -956.713003
v 2.916667 -969.213003 -956.713003
v 3.125000 -969.213003 -956.713003
v 3.333333 -969.213003 -956.713003
v 3.541667 -969.213003 -956.713003
v 3.750000 -969.213003 -956.713003
v 3.958333 -969.213003 -956.713003
v 4.166667 -969.213003 -956.713003
v 4.375000 -969.213003 -956.713003
v 4.583333 -969.213003 -956.713003
v 4.791667 -969.213003 -956.713003
v 5.000000 -969.213003 -956.713003
v -5.000000 -960.515612 -948.015612
v -4.791667 -960.515612 -948.015612
v -4.583333 -960.515612 -948.015612
v -4.375000 -960.515612 -948.015612
v -4.166667 -960.515612 -948.015612
v -3.958333 -960.515612 -948.015612
v -3.750000 -960.515612 -948.015612
v -3.541667 -960.515612 -948.015612
v -3.333333 -960.515612 -948.015612
v -3.125000 -960.515612 -948.015612
v -2.916667 -960.515612 -948.015612
v -2.708333 -960.515612 -948.015612
v -2.500000 -960.515612 -948.015612
v -2.291667 -960.515612 -948.015612
v -2.083333 -960.515612 -948.015612
v -1.875000 -960.515612 -948.015612
v -1.666667 -960.515612 -948.015612
v -1.458333 -960.515612 -948.015612
v -1.250000 -960.515612 -948.015612
v -1.041667 -960.515612 -948.015612
v -0.833333 -960.515612 -948.015612
v -0.625000 -960.515612 -948.015612
v -0.416667 -960.515612 -948.015612
v -0.208333 -960.515612 -948.015612
v 0.000000 -960.515612 -948.015612
v 0.208333 -960.515612 -948.015612
v 0.416667 -960.515612 -948.015612
v 0.625000 -960.515612 -948.015612
v 0.833333 -960.515612 -948.015612
v 1.041667 -960.515612 -948.015612
v 1.250000 -960.515612 -948.015612
v 1.458333 -960.515612 -948.015612
v 1.666667 -960.515612 -948.015612
v 1.875000 -960.515612 -948.015612
v 2.083333 -960.515612 -948.015612
v 2.291667 -960.515612 -948.015612
v 2.500000 -960.515612 -948.015612
v 2.708333 -960.515612 -948.015612
v 2.916667 -960.515612 -948.015612
v 3.125000 -960.515612 -948.015612
v 3.333333 -960.515612 -948.015612
v 3.541667 -960.515612 -948.015612
v 3.750000 -960.515612 -948.015612
v 3.958333 -960.515612 -948.015612
v 4.166667 -960.515612 -948.015612
v 4.375000 -960.515612 -948.015612
v 4.583333 -960.515612 -948.015612
v 4.791667 -960.515612 -948.015612
v 5.000000 -960.515612 -948.015612
v -5.000000 -951.818221 -939.318221
v -4.791667 -951.818221 -939.318221
v -4.583333 -951.818221 -939.318221
v -4.375000 -951.818221 -939.318221
v -4.166667 -951.818221 -939.318221
v -3.958333 -951.818221 -939.318221
v -3.750000 -951.818221 -939.318221
v -3.541667 -951.818221 -939.318221
v -3.333333 -951.818221 -939.318221
v -3.125000 -951.818221 -939.318221
v -2.916667 -951.818221 -939.318221
v -2.708333 -951.818221 -939.318221
v -2.500000 -951.818221 -939.318221
v -2.291667 -951.818221 -939.318221
v -2.083333 -951.818221 -939.318221
v -1.875000 -951.818221 -939.318221
v -1.666667 -951.818221 -939.318221
v -1.458333 -951.818221 -939.318221
v -1.250000 -951.818221 -939.318221
v -1.041667 -951.818221 -939.318221
v -0.833333 -951.818221 -939.318221
v -0.625000 -951.818221 -939.318221
v -0.416667 -951.818221 -939.318221
v -0.208333 -951.818221 -939.318221
v 0.000000 -951.818221 -939.318221
v 0.208333 -951.818221 -939.318221
v 0.416667 -951.818221 -939.318221
v 0.625000 -951.818221 -939.318221
v 0.833333 -951.818221 -939.318221
v 1.041667 -951.818221 -939.318221
v 1.250000 -951.818221 -939.318221
v 1.458333 -951.818221 -939.318221
v 1.666667 -951.818221 -939.318221
v 1.875000 -951.818221 -939.318221
v 2.083333 -951.818221 -939.318221
v 2.291667 -951.818221 -939.318221
v 2.500000 -951.818221 -939.318221
v 2.708333 -951.818221 -939.318221
v 2.916667 -951.818221 -939.318221
v 3.125000 -951.818221 -939.318221
v 3.333333 -951.818221 -939.318221
v 3.541667 -951.818221 -939.318221
v 3.750000 -951.818221 -939.318221
v 3.958333 -951.818221 -939.318221
v 4.166667 -951.818221 -939.318221
v 4.375000 -951.818221 -939.318221
v 4.583333 -951.818221 -939.318221
v 4.791667 -951.818221 -939.318221
v 5.000000 -951.818221 -939.318221
v -5.000000 -943.120830 -930.620830
v -4.791667 -943.120830 -930.620830
v -4.583333 -943.120830 -930.620830
v -4.375000 -943.120830 -930.620830
v -4.166667 -943.120830 -930.620830
v -3.958333 -943.120830 -930.620830
v -3.750000 -943.120830 -930.620830
v -3.541667 -943.120830 -930.620830
v -3.333333 -943.120830 -930.620830
v -3.125000 -943.120830 -930.620830
v -2.916667 -943.120830 -930.620830
v -2.708333 -943.120830 -930.620830
v -2.500000 -943.120830 -930.620830
v -2.291667 -943.120830 -930.620830
v -2.083333 -943.120830 -930.620830
v -1.875000 -943.120830 -930.620830
v -1.666667 -943.120830 -930.620830
v -1.458333 -943.120830 -930.620830
v -1.250000 -943.120830 -930.620830
v -1.041667 -943.120830 -930.620830
v -0.833333 -943.120830 -930.620830
v -0.625000 -943.120830 -930.620830
v -0.416667 -943.120830 -930.620830
v -0.208333 -943.120830 -930.620830
v 0.000000 -943.120830 -930.620830
v 0.208333 -943.120830 -930.620830
v 0.416667 -943.120830 -930.620830
v 0.625000 -943.120830 -930.620830
v 0.833333 -943.120830 -930.620830
v 1.041667 -943.120830 -930.620830
v 1.250000 -943.120830 -930.620830
v 1.458333 -943.120830 -930.620830
v 1.666667 -943.120830 -930.620830
v 1.875000 -943.120830 -930.620830
v 2.083333 -943.120830 -930.620830
v 2.291667 -943.120830 -930.620830
v 2.500000 -943.120830 -930.620830
v 2.708333 -943.120830 -930.620830
v 2.916667 -943.120830 -930.620830
v 3.125000 -943.120830 -930.620830
v 3.333333 -943.120830 -930.620830
v 3.541667 -943.120830 -930.620830
v 3.750000 -943.120830 -930.620830
v 3.958333 -943.120830 -930.620830
v 4.166667 -943.120830 -930.620830
v 4.375000 -943.120830 -930.620830
v 4.583333 -943.120830 -930.620830
v 4.791667 -943.120830 -930.620830
v 5.000000 -943.120830 -930.620830
v -5.000000 -934.423439 -921.923439
v -4.791667 -934.423439 -921.923439
v -4.583333 -934.423439 -921.923439
v -4.375000 -934.423439 -921.923439
v -4.166667 -934.423439 -921.923439
v -3.958333 -934.423439 -921.923439
v -3.750000 -934.423439 -921.923439
v -3.541667 -934.423439 -921.923439
v -3.333333 -934.423439 -921.923439
v -3.125000 -934.423439 -921.923439
v -2.916667 -934.423439 -921.923439
v -2.708333 -934.423439 -921.923439
v -2.500000 -934.423439 -921.923439
v -2.291667 -934.423439 -921.923439
v -2.083333 -934.423439 -921.923439
v -1.875000 -934.423439 -921.923439
v -1.666667 -934.423439 -921.923439
v -1.458333 -934.423439 -921.923439
v -1.250000 -934.423439 -921.923439
v -1.041667 -934.423439 -921.923439
v -0.833333 -934.423439 -921.923439
v -0.625000 -934.423439 -921.923439
v -0.416667 -934.423439 -921.923439
v -0.208333 -934.423439 -921.923439
v 0.000000 -934.423439 -921.923439
v 0.208333 -934.423439 -921.923439
v 0.416667 -934.423439 -921.923439
v 0.625000 -934.423439 -921.923439
v 0.833333 -934.423439 -921.923439
v 1.041667 -934.423439 -921.923439
v 1.250000 -934.423439 -921.923439
v 1.458333 -934.423439 -921.923439
v 1.666667 -934.423439 -921.923439
v 1.875000 -934.423439 -921.923439
v 2.083333 -934.423439 -921.923439
v 2.291667 -934.423439 -921.923439
v 2.500000 -934.423439 -921.923439
v 2.708333 -934.423439 -921.923439
v 2.916667 -934.423439 -921.923439
v 3.125000 -934.423439 -921.923439
v 3.333333 -934.423439 -921.923439
v 3.541667 -934.423439 -921.923439
v 3.750000 -934.423439 -921.923439
v 3.958333 -934.423439 -921.923439
v 4.166667 -934.423439 -921.923439
v 4.375000 -934.423439 -921.923439
v 4.583333 -934.423439 -921.923439
v 4.791667 -934.423439 -921.923439
v 5.000000 -934.423439 -921.923439
v -5.000000 -925.726048 -913.226048
v -4.791667 -925.726048 -913.226048
v -4.583333 -925.726048 -913.226048
v -4.375000 -925.726048 -913.226048
v -4.166667 -925.726048 -913.226048
v -3.958333 -925.726048 -913.226048
v -3.750000 -925.726048 -913.226048
v -3.541667 -925.726048 -913.226048
v -3.333333 -925.726048 -913.226048
v -3.125000 -925.726048 -913.226048
v -2.916667 -925.726048 -913.226048
v -2.708333 -925.726048 -913.226048
v -2.500000 -925.726048 -913.226048
v -2.291667 -925.726048 -913.226048
v -2.083333 -925.726048 -913.226048
v -1.875000 -925.726048 -913.226048
v -1.666667 -925.726048 -913.226048
v -1.458333 -925.726048 -913.226048
v -1.250000 -925.726048 -913.226048
v -1.041667 -925.726048 -913.226048
v -0.833333 -925.726048 -913.226048
v -0.625000 -925.726048 -913.226048
v -0.416667 -925.726048 -913.226048
v -0.208333 -925.726048 -913.226048
v 0.000000 -925.726048 -913.226048
v 0.208333 -925.726048 -913.226048
v 0.416667 -925.726048 -913.226048
v 0.625000 -925.726048 -913.226048
v 0.833333 -925.726048 -913.226048
v 1.041667 -925.726048 -913.226048
v 1.250000 -925.726048 -913.226048
v 1.458333 -925.726048 -913.226048
v 1.666667 -925.726048 -913.226048
v 1.875000 -925.726048 -913.226048
v 2.083333 -925.726048 -913.226048
v 2.291667 -925.726048 -913.226048
v 2.500000 -925.726048 -913.226048
v 2.708333 -925.726048 -913.226048
v 2.916667 -925.726048 -913.226048
v 3.125000 -925.726048 -913.226048
v 3.333333 -925.726048 -913.226048
v 3.541667 -925.726048 -913.226048
v 3.750000 -925.726048 -913.226048
v 3.958333 -925.726048 -913.226048
v 4.166667 -925.726048 -913.226048
v 4.375000 -925.726048 -913.226048
v 4.583333 -925.726048 -913.226048
v 4.791667 -925.726048 -913.226048
v 5.000000 -925.726048 -913.226048
v -5.000000 -917.028658 -904.528658
v -4.791667 -917.028658 -904.528658
v -4.583333 -917.028658 -904.528658
v -4.375000 -917.028658 -904.528658
v -4.166667 -917.028658 -904.528658
v -3.958333 -917.028658 -904.528658
v -3.750000 -917.028658 -904.528658
v -3.541667 -917.028658 -904.528658
v -3.333333 -917.028658 -904.528658
v -3.125000 -917.028658 -904.528658
v -2.916667 -917.028658 -904.528658
v -2.708333 -917.028658 -904.528658
v -2.500000 -917.028658 -904.528658
v -2.291667 -917.028658 -904.528658
v -2.083333 -917.028658 -904.528658
v -1.875000 -917.028658 -904.528658
v -1.666667 -917.028658 -904.528658
v -1.458333 -917.028658 -904.528658
v -1.250000 -917.028658 -904.528658
v -1.041667 -917.028658 -904.528658
v -0.833333 -917.028658 -904.528658
v -0.625000 -917.028658 -904.528658
v -0.416667 -917.028658 -904.528658
v -0.208333 -917.028658 -904.528658
v 0.000000 -917.028658 -904.528658
v 0.208333 -917.028658 -904.528658
v 0.416667 -917.028658 -904.528658
v 0.625000 -917.028658 -904.528658
v 0.833333 -917.028658 -904.528658
v 1.041667 -917.028658 -904.528658
v 1.250000 -917.028658 -904.528658
v 1.458333 -917.028658 -904.528658
v 1.666667 -917.028658 -904.528658
v 1.875000 -917.028658 -904.528658
v 2.083333 -917.028658 -904.528658
v 2.291667 -917.028658 -904.528658
v 2.500000 -917.028658 -904.528658
v 2.708333 -917.028658 -904.528658
v 2.916667 -917.028658 -904.528658
v 3.125000 -917.028658 -904.528658
v 3.333333 -917.028658 -904.528658
v 3.541667 -917.028658 -904.528658
v 3.750000 -917.028658 -904.528658
v 3.958333 -917.028658 -904.528658
v 4.166667 -917.028658 -904.528658
v 4.375000 -917.028658 -904.528658
v 4.583333 -917.028658 -904.528658
v 4.791667 -917.028658 -904.528658
v 5.000000 -917.028658 -904.528658
v -5.000000 -908.331267 -895.831267
v -4.791667 -908.331267 -895.831267
v -4.583333 -908.331267 -895.831267
v -4.375000 -908.331267 -895.831267
v -4.166667 -908.331267 -895.831267
v -3.958333 -908.331267 -895.831267
v -3.750000 -908.331267 -895.831267
v -3.541667 -908.331267 -895.831267
v -3.333333 -908.331267 -895.831267
v -3.125000 -908.331267 -895.831267
v -2.916667 -908.331267 -895.831267
v -2.708333 -908.331267 -895.831267
v -2.500000 -908.331267 -895.831267
v -2.291667 -908.331267 -895.831267
v -2.083333 -908.331267 -895.831267
v -1.875000 -908.331267 -895.831267
v -1.666667 -908.331267 -895.831267
v -1.458333 -908.331267 -895.831267
v -1.250000 -908.331267 -895.831267
v -1.041667 -908.331267 -895.831267
v -0.833333 -908.331267 -895.831267
v -0.625000 -908.331267 -895.831267
v -0.416667 -908.331267 -895.831267
v -0.208333 -908.331267 -895.831267
v 0.000000 -908.331267 -895.831267
v 0.208333 -908.331267 -895.831267
v 0.416667 -908.331267 -895.831267
v 0.625000 -908.331267 -895.831267
v 0.833333 -908.331267 -895.831267
v 1.041667 -908.331267 -895.831267
v 1.250000 -908.331267 -895.831267
v 1.458333 -908.331267 -895.831267
v 1.666667 -908.331267 -895.831267
v 1.875000 -908.331267 -895.831267
v 2.083333 -908.331267 -895.831267
v 2.291667 -908.331267 -895.831267
v 2.500000 -908.331267 -895.831267
v 2.708333 -908.331267 -895.831267
v 2.916667 -908.331267 -895.831267
v 3.125000 -908.331267 -895.831267
v 3.333333 -908.331267 -895.831267
v 3.541667 -908.331267 -895.831267
v 3.750000 -908.331267 -895.831267
v 3.958333 -908.331267 -895.831267
v 4.166667 -908.331267 -895.831267
v 4.375000 -908.331267 -895.831267
v 4.583333 -908.331267 -895.831267
v 4.791667 -908.331267 -895.831267
v 5.000000 -908.331267 -895.831267
v -5.000000 -899.633876 -887.133876
v -4.791667 -899.633876 -887.133876
v -4.583333 -899.633876 -887.133876
v -4.375000 -899.633876 -887.133876
v -4.166667 -899.633876 -887.133876
v -3.958333 -899.633876 -887.133876
v -3.750000 -899.633876 -887.133876
v -3.541667 -899.633876 -887.133876
v -3.333333 -899.633876 -887.133876
v -3.125000 -899.633876 -887.133876
v -2.916667 -899.633876 -887.133876
v -2.708333 -899.633876 -887.133876
v -2.500000 -899.633876 -887.133876
v -2.291667 -899.633876 -887.133876
v -2.083333 -899.633876 -887.133876
v -1.875000 -899.633876 -887.133876
v -1.666667 -899.633876 -887.133876
v -1.458333 -899.633876 -887.133876
v -1.250000 -899.633876 -887.133876
v -1.041667 -899.633876 -887.133876
v -0.833333 -899.633876 -887.133876
v -0.625000 -899.633876 -887.133876
v -0.416667 -899.633876 -887.133876
v -0.208333 -899.633876 -887.133876
v 0.000000 -899.633876 -887.133876
v 0.208333 -899.633876 -887.133876
v 0.416667 -899.633876 -887.133876
v 0.625000 -899.633876 -887.133876
v 0.833333 -899.633876 -887.133876
v 1.041667 -899.633876 -887.133876
v 1.250000 -899.633876 -887.133876
v 1.458333 -899.633876 -887.133876
v 1.666667 -899.633876 -887.133876
v 1.875000 -899.633876 -887.133876
v 2.083333 -899.633876 -887.133876
v 2.291667 -899.633876 -887.133876
v 2.500000 -899.633876 -887.133876
v 2.708333 -899.633876 -887.133876
v 2.916667 -899.633876 -887.133876
v 3.125000 -899.633876 -887.133876
v 3.333333 -899.633876 -887.133876
v 3.541667 -899.633876 -887.133876
v 3.750000 -899.633876 -887.133876
v 3.958333 -899.633876 -887.133876
v 4.166667 -899.633876 -887.133876
v 4.375000 -899.633876 -887.133876
v 4.583333 -899.633876 -887.133876
v 4.791667 -899.633876 -887.133876
v 5.000000 -899.633876 -887.133876
v -5.000000 -890.936485 -878.436485
v -4.791667 -890.936485 -878.436485
v -4.583333 -890.936485 -878.436485
v -4.375000 -890.936485 -878.436485
v -4.166667 -890.936485 -878.436485
v -3.958333 -890.936485 -878.436485
v -3.750000 -890.936485 -878.436485
v -3.541667 -890.936485 -878.436485
v -3.333333 -890.936485 -878.436485
v -3.125000 -890.936485 -878.436485
v -2.916667 -890.936485 -878.436485
v -2.708333 -890.936485 -878.436485
v -2.500000 -890.936485 -878.436485
v -2.291667 -890.936485 -878.436485
v -2.083333 -890.936485 -878.436485
v -1.875000 -890.936485 -878.436485
v -1.666667 -890.936485 -878.436485
v -1.458333 -890.936485 -878.436485
v -1.250000 -890.936485 -878.436485
v -1.041667 -890.936485 -878.436485
v -0.833333 -890.936485 -878.436485
v -0.625000 -890.936485 -878.436485
v -0.416667 -890.936485 -878.436485
v -0.208333 -890.936485 -878.436485
v 0.000000 -890.936485 -878.436485
v 0.208333 -890.936485 -878.436485
v 0.416667 -890.936485 -878.436485
v 0.625000 -890.936485 -878.436485
v 0.833333 -890.936485 -878.436485
v 1.041667 -890.936485 -878.436485
v 1.250000 -890.936485 -878.436485
v 1.458333 -890.936485 -878.436485
v 1.666667 -890.936485 -878.436485
v 1.875000 -890.936485 -878.436485
v 2.083333 -890.936485 -878.436485
v 2.291667 -890.936485 -878.436485
v 2.500000 -890.936485 -878.436485
v 2.708333 -890.936485 -878.436485
v 2.916667 -890.936485 -878.436485
v 3.125000 -890.936485 -878.436485
v 3.333333 -890.936485 -878.436485
v 3.541667 -890.936485 -878.436485
v 3.750000 -890.936485 -878.436485
v 3.958333 -890.936485 -878.436485
v 4.166667 -890.936485 -878.436485
v 4.375000 -890.936485 -878.436485
v 4.583333 -890.936485 -878.436485
v 4.791667 -890.936485 -878.436485
v 5.000000 -890.936485 -878.436485
v -5.000000 -882.239094 -869.739094
v -4.791667 -882.239094 -869.739094
v -4.583333 -882.239094 -869.739094
v -4.375000 -882.239094 -869.739094
v -4.166667 -882.239094 -869.739094
v -3.958333 -882.239094 -869.739094
v -3.750000 -882.239094 -869.739094
v -3.541667 -882.239094 -869.739094
v -3.333333 -882.239094 -869.739094
v -3.125000 -882.239094 -869.739094
v -2.916667 -882.239094 -869.739094
v -2.708333 -882.239094 -869.739094
v -2.500000 -882.239094 -869.739094
v -2.291667 -882.239094 -869.739094
v -2.083333 -882.239094 -869.739094
v -1.875000 -882.239094 -869.739094
v -1.666667 -882.239094 -869.739094
v -1.458333 -882.239094 -869.739094
v -1.250000 -882.239094 -869.739094
v -1.041667 -882.239094 -869.739094
v -0.833333 -882.239094 -869.739094
v -0.625000 -882.239094 -869.739094
v -0.416667 -882.239094 -869.739094
v -0.208333 -882.239094 -869.739094
v 0.000000 -882.239094 -869.739094
v 0.208333 -882.239094 -869.739094
v 0.416667 -882.239094 -869.739094
v 0.625000 -882.239094 -869.739094
v 0.833333 -882.239094 -869.739094
v 1.041667 -882.239094 -869.739094
v 1.250000 -882.239094 -869.739094
v 1.458333 -882.239094 -869.739094
v 1.666667 -882.239094 -869.739094
v 1.875000 -882.239094 -869.739094
v 2.083333 -882.239094 -869.739094
v 2.291667 -882.239094 -869.739094
v 2.500000 -882.239094 -869.739094
v 2.708333 -882.239094 -869.739094
v 2.916667 -882.239094 -869.739094
v 3.125000 -882.239094 -869.739094
v 3.333333 -882.239094 -869.739094
v 3.541667 -882.239094 -869.739094
v 3.750000 -882.239094 -869.739094
v 3.958333 -882.239094 -869.739094
v 4.166667 -882.239094 -869.739094
v 4.375000 -882.239094 -869.739094
v 4.583333 -882.239094 -869.739094
v 4.791667 -882.239094 -869.739094
v 5.000000 -882.239094 -869.739094
v -5.000000 -873.541703 -861.041703
v -4.791667 -873.541703 -861.041703
v -4.583333 -873.541703 -861.041703
v -4.375000 -873.541703 -861.041703
v -4.166667 -873.541703 -861.041703
v -3.958333 -873.541703 -861.041703
v -3.750000 -873.541703 -861.041703
v -3.541667 -873.541703 -861.041703
v -3.333333 -873.541703 -861.041703
v -3.125000 -873.541703 -861.041703
v -2.916667 -873.541703 -861.041703
v -2.708333 -873.541703 -861.041703
v -2.500000 -873.541703 -861.041703
v -2.291667 -873.541703 -861.041703
v -2.083333 -873.541703 -861.041703
v -1.875000 -873.541703 -861.041703
v -1.666667 -873.541703 -861.041703
v -1.458333 -873.541703 -861.041703
v -1.250000 -873.541703 -861.041703
v -1.041667 -873.541703 -861.041703
v -0.833333 -873.541703 -861.041703
v -0.625000 -873.541703 -861.041703
v -0.416667 -873.541703 -861.041703
v -0.208333 -873.541703 -861.041703
v 0.000000 -873.541703 -861.041703
v 0.208333 -873.541703 -861.041703
v 0.416667 -873.541703 -861.041703
v 0.625000 -873.541703 -861.041703
v 0.833333 -873.541703 -861.041703
v 1.041667 -873.541703 -861.041703
v 1.250000 -873.541703 -861.041703
v 1.458333 -873.541703 -861.041703
v 1.666667 -873.541703 -861.041703
v 1.875000 -873.541703 -861.041703
v 2.083333 -873.541703 -861.041703
v 2.291667 -873.541703 -861.041703
v 2.500000 -873.541703 -861.041703
v 2.708333 -873.541703 -861.041703
v 2.916667 -873.541703 -861.041703
v 3.125000 -873.541703 -861.041703
v 3.333333 -873.541703 -861.041703
v 3.541667 -873.541703 -861.041703
v 3.750000 -873.541703 -861.041703
v 3.958333 -873.541703 -861.041703
v 4.166667 -873.541703 -861.041703
v 4.375000 -873.541703 -861.041703
v 4.583333 -873.541703 -861.041703
v 4.791667 -873.541703 -861.041703
v 5.000000 -873.541703 -861.041703
v -5.000000 -864.844312 -852.344312
v -4.791667 -864.844312 -852.344312
v -4.583333 -864.844312 -852.344312
v -4.375000 -864.844312 -852.344312
v -4.166667 -864.844312 -852.344312
v -3.958333 -864.844312 -852.344312
v -3.750000 -864.844312 -852.344312
v -3.541667 -864.844312 -852.344312
v -3.333333 -864.844312 -852.344312
v -3.125000 -864.844312 -852.344312
v -2.916667 -864.844312 -852.344312
v -2.708333 -864.844312 -852.344312
v -2.500000 -864.844312 -852.344312
v -2.291667 -864.844312 -852.344312
v -2.083333 -864.844312 -852.344312
v -1.875000 -864.844312 -852.344312
v -1.666667 -864.844312 -852.344312
v -1.458333 -864.844312 -852.344312
v -1.250000 -864.844312 -852.344312
v -1.041667 -864.844312 -852.344312
v -0.833333 -864.844312 -852.344312
v -0.625000 -864.844312 -852.344312
v -0.416667 -864.844312 -852.344312
v -0.208333 -864.844312 -852.344312
v 0.000000 -864.844312 -852.344312
v 0.208333 -864.844312 -852.344312
v 0.416667 -864.844312 -852.344312
v 0.625000 -864.844312 -852.344312
v 0.833333 -864.844312 -852.344312
v 1.041667 -864.844312 -852.344312
v 1.250000 -864.844312 -852.344312
v 1.458333 -864.844312 -852.344312
v 1.666667 -864.844312 -852.344312
v 1.875000 -864.844312 -852.344312
v 2.083333 -864.844312 -852.344312
v 2.291667 -864.844312 -852.344312
v 2.500000 -864.844312 -852.344312
v 2.708333 -864.844312 -852.344312
v 2.916667 -864.844312 -852.344312
v 3.125000 -864.844312 -852.344312
v 3.333333 -864.844312 -852.344312
v 3.541667 -864.844312 -852.344312
v 3.750000 -864.844312 -852.344312
v 3.958333 -864.844312 -852.344312
v 4.166667 -864.844312 -852.344312
v 4.375000 -864.844312 -852.344312
v 4.583333 -864.844312 -852.344312
v 4.791667 -864.844312 -852.344312
v 5.000000 -864.844312 -852.344312
v -5.000000 -856.146921 -843.646921
v -4.791667 -856.146921 -843.646921
v -4.583333 -856.146921 -843.646921
v -4.375000 -856.146921 -843.646921
v -4.166667 -856.146921 -843.646921
v -3.958333 -856.146921 -843.646921
v -3.750000 -856.146921 -843.646921
v -3.541667 -856.146921 -843.646921
v -3.333333 -856.146921 -843.646921
v -3.125000 -856.146921 -843.646921
v -2.916667 -856.146921 -843.646921
v -2.708333 -856.146921 -843.646921
v -2.500000 -856.146921 -843.646921
v -2.291667 -856.146921 -843.646921
v -2.083333 -856.146921 -843.646921
v -1.875000 -856.146921 -843.646921
v -1.666667 -856.146921 -843.646921
v -1.458333 -856.146921 -843.646921
v -1.250000 -856.146921 -843.646921
v -1.041667 -856.146921 -843.646921
v -0.833333 -856.146921 -843.646921
v -0.625000 -856.146921 -843.646921
v -0.416667 -856.146921 -843.646921
v -0.208333 -856.146921 -843.646921
v 0.000000 -856.146921 -843.646921
v 0.208333 -856.146921 -843.646921
v 0.416667 -856.146921 -843.646921
v 0.625000 -856.146921 -843.646921
v 0.833333 -856.146921 -843.646921
v 1.041667 -856.146921 -843.646921
v 1.250000 -856.146921 -843.646921
v 1.458333 -856.146921 -843.646921
v 1.666667 -856.146921 -843.646921
v 1.875000 -856.146921 -843.646921
v 2.083333 -856.146921 -843.646921
v 2.291667 -856.146921 -843.646921
v 2.500000 -856.146921 -843.646921
v 2.708333 -856.146921 -843.646921
v 2.916667 -856.146921 -843.646921
v 3.125000 -856.146921 -843.646921
v 3.333333 -856.146921 -843.646921
v 3.541667 -856.146921 -843.646921
v 3.750000 -856.146921 -843.646921
v 3.958333 -856.146921 -843.646921
v 4.166667 -856.146921 -843.646921
v 4.375000 -856.146921 -843.646921
v 4.583333 -856.146921 -843.646921
v 4.791667 -856.146921 -843.646921
v 5.000000 -856.146921 -843.646921
v -5.000000 -847.449530 -834.949530
v -4.791667 -847.449530 -834.949530
v -4.583333 -847.449530 -834.949530
v -4.375000 -847.449530 -834.949530
v -4.166667 -847.449530 -834.949530
v -3.958333 -847.449530 -834.949530
v -3.750000 -847.449530 -834.949530
v -3.541667 -847.449530 -834.949530
v -3.333333 -847.449530 -834.949530
v -3.125000 -847.449530 -834.949530
v -2.916667 -847.449530 -834.949530
v -2.708333 -847.449530 -834.949530
v -2.500000 -847.449530 -834.949530
v -2.291667 -847.449530 -834.949530
v -2.083333 -847.449530 -834.949530
v -1.875000 -847.449530 -834.949530
v -1.666667 -847.449530 -834.949530
v -1.458333 -847.449530 -834.949530
v -1.250000 -847.449530 -834.949530
v -1.041667 -847.449530 -834.949530
v -0.833333 -847.449530 -834.949530
v -0.625000 -847.449530 -834.949530
v -0.416667 -847.449530 -834.949530
v -0.208333 -847.449530 -834.949530
v 0.000000 -847.449530 -834.949530
v 0.208333 -847.449530 -834.949530
v 0.416667 -847.449530 -834.949530
v 0.625000 -847.449530 -834.949530
v 0.833333 -847.449530 -834.949530
v 1.041667 -847.449530 -834.949530
v 1.250000 -847.449530 -834.949530
v 1.458333 -847.449530 -834.949530
v 1.666667 -847.449530 -834.949530
v 1.875000 -847.449530 -834.949530
v 2.083333 -847.449530 -834.949530
v 2.291667 -847.449530 -834.949530
v 2.500000 -847.449530 -834.949530
v 2.708333 -847.449530 -834.949530
v 2.916667 -847.449530 -834.949530
v 3.125000 -847.449530 -834.949530
v 3.333333 -847.449530 -834.949530
v 3.541667 -847.449530 -834.949530
v 3.750000 -847.449530 -834.949530
v 3.958333 -847.449530 -834.949530
v 4.166667 -847.449530 -834.949530
v 4.375000 -847.449530 -834.949530
v 4.583333 -847.449530 -834.949530
v 4.791667 -847.449530 -834.949530
v 5.000000 -847.449530 -834.949530
v -5.000000 -838.752139 -826.252139
v -4.791667 -838.752139 -826.252139
v -4.583333 -838.752139 -826.252139
v -4.375000 -838.752139 -826.252139
v -4.166667 -838.752139 -826.252139
v -3.958333 -838.752139 -826.252139
v -3.750000 -838.752139 -826.252139
v -3.541667 -838.752139 -826.252139
v -3.333333 -838.752139 -826.252139
v -3.125000 -838.752139 -826.252139
v -2.916667 -838.752139 -826.252139
v -2.708333 -838.752139 -826.252139
v -2.500000 -838.752139 -826.252139
v -2.291667 -838.752139 -826.252139
v -2.083333 -838.752139 -826.252139
v -1.875000 -838.752139 -826.252139
v -1.666667 -838.752139 -826.252139
v -1.458333 -838.752139 -826.252139
v -1.250000 -838.752139 -826.252139
v -1.041667 -838.752139 -826.252139
v -0.833333 -838.752139 -826.252139
v -0.625000 -838.752139 -826.252139
v -0.416667 -838.752139 -826.252139
v -0.208333 -838.752139 -826.252139
v 0.000000 -838.752139 -826.252139
v 0.208333 -838.752139 -826.252139
v 0.416667 -838.752139 -826.252139
v 0.625000 -838.752139 -826.252139
v 0.833333 -838.752139 -826.252139
v 1.041667 -838.752139 -826.252139
v 1.250000 -838.752139 -826.252139
v 1.458333 -838.752139 -826.252139
v 1.666667 -838.752139 -826.252139
v 1.875000 -838.752139 -826.252139
v 2.083333 -838.752139 -826.252139
v 2.291667 -838.752139 -826.252139
v 2.500000 -838.752139 -826.252139
v 2.708333 -838.752139 -826.252139
v 2.916667 -838.752139 -826.252139
v 3.125000 -838.752139 -826.252139
v 3.333333 -838.752139 -826.252139
v 3.541667 -838.752139 -826.252139
v 3.750000 -838.752139 -826.252139
v 3.958333 -838.752139 -826.252139
v 4.166667 -838.752139 -826.252139
v 4.375000 -838.752139 -826.252139
v 4.583333 -838.752139 -826.252139
v 4.791667 -838.752139 -826.252139
v 5.000000 -838.752139 -826.252139
v -5.000000 -830.054748 -817.554748
v -4.791667 -830.054748 -817.554748
v -4.583333 -830.054748 -817.554748
v -4.375000 -830.054748 -817.554748
v -4.166667 -830.054748 -817.554748
v -3.958333 -830.054748 -817.554748
v -3.750000 -830.054748 -817.554748
v -3.541667 -830.054748 -817.554748
v -3.333333 -830.054748 -817.554748
v -3.125000 -830.054748 -817.554748
v -2.916667 -830.054748 -817.554748
v -2.708333 -830.054748 -817.554748
v -2.500000 -830.054748 -817.554748
v -2.291667 -830.054748 -817.554748
v -2.083333 -830.054748 -817.554748
v -1.875000 -830.054748 -817.554748
v -1.666667 -830.054748 -817.554748
v -1.458333 -830.054748 -817.554748
v -1.250000 -830.054748 -817.554748
v -1.041667 -830.054748 -817.554748
v -0.833333 -830.054748 -817.554748
v -0.625000 -830.054748 -817.554748
v -0.416667 -830.054748 -817.554748
v -0.208333 -830.054748 -817.554748
v 0.000000 -830.054748 -817.554748
v 0.208333 -830.054748 -817.554748
v 0.416667 -830.054748 -817.554748
v 0.625000 -830.054748 -817.554748
v 0.833333 -830.054748 -817.554748
v 1.041667 -830.054748 -817.554748
v 1.250000 -830.054748 -817.554748
v 1.458333 -830.054748 -817.554748
v 1.666667 -830.054748 -817.554748
v 1.875000 -830.054748 -817.554748
v 2.083333 -830.054748 -817.554748
v 2.291667 -830.054748 -817.554748
v 2.500000 -830.054748 -817.554748
v 2.708333 -830.054748 -817.554748
v 2.916667 -830.054748 -817.554748
v 3.125000 -830.054748 -817.554748
v 3.333333 -830.054748 -817.554748
v 3.541667 -830.054748 -817.554748
v 3.750000 -830.054748 -817.554748
v 3.958333 -830.054748 -817.554748
v 4.166667 -830.054748 -817.554748
v 4.375000 -830.054748 -817.554748
v 4.583333 -830.054748 -817.554748
v 4.791667 -830.054748 -817.554748
v 5.000000 -830.054748 -817.554748
v -5.000000 -821.357357 -808.857357
v -4.791667 -821.357357 -808.857357
v -4.583333 -821.357357 -808.857357
v -4.375000 -821.357357 -808.857357
v -4.166667 -821.357357 -808.857357
v -3.958333 -821.357357 -808.857357
v -3.750000 -821.357357 -808.857357
v -3.541667 -821.357357 -808.857357
v -3.333333 -821.357357 -808.857357
v -3.125000 -821.357357 -808.857357
v -2.916667 -821.357357 -808.857357
v -2.708333 -821.357357 -808.857357
v -2.500000 -821.357357 -808.857357
v -2.291667 -821.357357 -808.857357
v -2.083333 -821.357357 -808.857357
v -1.875000 -821.357357 -808.857357
v -1.666667 -821.357357 -808.857357
v -1.458333 -821.357357 -808.857357
v -1.250000 -821.357357 -808.857357
v -1.041667 -821.357357 -808.857357
v -0.833333 -821.357357 -808.857357
v -0.625000 -821.357357 -808.857357
v -0.416667 -821.357357 -808.857357
v -0.208333 -821.357357 -808.857357
v 0.000000 -821.357357 -808.857357
v 0.208333 -821.357357 -808.857357
v 0.416667 -821.357357 -808.857357
v 0.625000 -821.357357 -808.857357
v 0.833333 -821.357357 -808.857357
v 1.041667 -821.357357 -808.857357
v 1.250000 -821.357357 -808.857357
v 1.458333 -821.357357 -808.857357
v 1.666667 -821.357357 -808.857357
v 1.875000 -821.357357 -808.857357
v 2.083333 -821.357357 -808.857357
v 2.291667 -821.357357 -808.857357
v 2.500000 -821.357357 -808.857357
v 2.708333 -821.357357 -808.857357
v 2.916667 -821.357357 -808.857357
v 3.125000 -821.357357 -808.857357
v 3.333333 -821.357357 -808.857357
v 3.541667 -821.357357 -808.857357
v 3.750000 -821.357357 -808.857357
v 3.958333 -821.357357 -808.857357
v 4.166667 -821.357357 -808.857357
v 4.375000 -821.357357 -808.857357
v 4.583333 -821.357357 -808.857357
v 4.791667 -821.357357 -808.857357
v 5.000000 -821.357357 -808.857357
v -5.000000 -812.659966 -800.159966
v -4.791667 -812.659966 -800.159966
v -4.583333 -812.659966 -800.159966
v -4.375000 -812.659966 -800.159966
v -4.166667 -812.659966 -800.159966
v -3.958333 -812.659966 -800.159966
v -3.750000 -812.659966 -800.159966
v -3.541667 -812.659966 -800.159966
v -3.333333 -812.659966 -800.159966
v -3.125000 -812.659966 -800.159966
v -2.916667 -812.659966 -800.159966
v -2.708333 -812.659966 -800.159966
v -2.500000 -812.659966 -800.159966
v -2.291667 -812.659966 -800.159966
v -2.083333 -812.659966 -800.159966
v -1.875000 -812.659966 -800.159966
v -1.666667 -812.659966 -800.159966
v -1.458333 -812.659966 -800.159966
v -1.250000 -812.659966 -800.159966
v -1.041667 -812.659966 -800.159966
v -0.833333 -812.659966 -800.159966
v -0.625000 -812.659966 -800.159966
v -0.416667 -812.659966 -800.159966
v -0.208333 -812.659966 -800.159966
v 0.000000 -812.659966 -800.159966
v 0.208333 -812.659966 -800.159966
v 0.416667 -812.659966 -800.159966
v 0.625000 -812.659966 -800.159966
v 0.833333 -812.659966 -800.159966
v 1.041667 -812.659966 -800.159966
v 1.250000 -812.659966 -800.159966
v 1.458333 -812.659966 -800.159966
v 1.666667 -812.659966 -800.159966
v 1.875000 -812.659966 -800.159966
v 2.083333 -812.659966 -800.159966
v 2.291667 -812.659966 -800.159966
v 2.500000 -812.659966 -800.159966
v 2.708333 -812.659966 -800.159966
v 2.916667 -812.659966 -800.159966
v 3.125000 -812.659966 -800.159966
v 3.333333 -812.659966 -800.159966
v 3.541667 -812.659966 -800.159966
v 3.750000 -812.659966 -800.159966
v 3.958333 -812.659966 -800.159966
v 4.166667 -812.659966 -800.159966
v 4.375000 -812.659966 -800.159966
v 4.583333 -812.659966 -800.159966
v 4.791667 -812.659966 -800.159966
v 5.000000 -812.659966 -800.159966
v -5.000000 -803.962575 -791.462575
v -4.791667 -803.962575 -791.462575
v -4.583333 -803.962575 -791.462575
v -4.375000 -803.962575 -791.462575
v -4.166667 -803.962575 -791.462575
v -3.958333 -803.962575 -791.462575
v -3.750000 -803.962575 -791.462575
v -3.541667 -803.962575 -791.462575
v -3.333333 -803.962575 -791.462575
v -3.125000 -803.962575 -791.462575
v -2.916667 -803.962575 -791.462575
v -2.708333 -803.962575 -791.462575
v -2.500000 -803.962575 -791.462575
v -2.291667 -803.962575 -791.462575
v -2.083333 -803.962575 -791.462575
v -1.875000 -803.962575 -791.462575
v -1.666667 -803.962575 -791.462575
v -1.458333 -803.962575 -791.462575
v -1.250000 -803.962575 -791.462575
v -1.041667 -803.962575 -791.462575
v -0.833333 -803.962575 -791.462575
v -0.625000 -803.962575 -791.462575
v -0.416667 -803.962575 -791.462575
v -0.208333 -803.962575 -791.462575
v 0.000000 -803.962575 -791.462575
v 0.208333 -803.962575 -791.462575
v 0.416667 -803.962575 -791.462575
v 0.625000 -803.962575 -791.462575
v 0.833333 -803.962575 -791.462575
v 1.041667 -803.962575 -791.462575
v 1.250000 -803.962575 -791.462575
v 1.458333 -803.962575 -791.462575
v 1.666667 -803.962575 -791.462575
v 1.875000 -803.962575 -791.462575
v 2.083333 -803.962575 -791.462575
v 2.291667 -803.962575 -791.462575
v 2.500000 -803.962575 -791.462575
v 2.708333 -803.962575 -791.462575
v 2.916667 -803.962575 -791.462575
v 3.125000 -803.962575 -791.462575
v 3.333333 -803.962575 -791.462575
v 3.541667 -803.962575 -791.462575
v 3.750000 -803.962575 -791.462575
v 3.958333 -803.962575 -791.462575
v 4.166667 -803.962575 -791.462575
v 4.375000 -803.962575 -791.462575
v 4.583333 -803.962575 -791.462575
v 4.791667 -803.962575 -791.462575
v 5.000000 -803.962575 -791.462575
v -5.000000 -795.265184 -782.765184
v -4.791667 -795.265184 -782.765184
v -4.583333 -795.265184 -782.765184
v -4.375000 -795.265184 -782.765184
v -4.166667 -795.265184 -782.765184
v -3.958333 -795.265184 -782.765184
v -3.750000 -795.265184 -782.765184
v -3.541667 -795.265184 -782.765184
v -3.333333 -795.265184 -782.765184
v -3.125000 -795.265184 -782.765184
v -2.916667 -795.265184 -782.765184
v -2.708333 -795.265184 -782.765184
v -2.500000 -795.265184 -782.765184
v -2.291667 -795.265184 -782.765184
v -2.083333 -795.265184 -782.765184
v -1.875000 -795.265184 -782.765184
v -1.666667 -795.265184 -782.765184
v -1.458333 -795.265184 -782.765184
v -1.250000 -795.265184 -782.765184
v -1.041667 -795.265184 -782.765184
v -0.833333 -795.265184 -782.765184
v -0.625000 -795.265184 -782.765184
v -0.416667 -795.265184 -782.765184
v -0.208333 -795.265184 -782.765184
v 0.000000 -795.265184 -782.765184
v 0.208333 -795.265184 -782.765184
v 0.416667 -795.265184 -782.765184
v 0.625000 -795.265184 -782.765184
v 0.833333 -795.265184 -782.765184
v 1.041667 -795.265184 -782.765184
v 1.250000 -795.265184 -782.765184
v 1.458333 -795.265184 -782.765184
v 1.666667 -795.265184 -782.765184
v 1.875000 -795.265184 -782.765184
v 2.083333 -795.265184 -782.765184
v 2.291667 -795.265184 -782.765184
v 2.500000 -795.265184 -782.765184
v 2.708333 -795.265184 -782.765184
v 2.916667 -795.265184 -782.765184
v 3.125000 -795.265184 -782.765184
v 3.333333 -795.265184 -782.765184
v 3.541667 -795.265184 -782.765184
v 3.750000 -795.265184 -782.765184
v 3.958333 -795.265184 -782.765184
v 4.166667 -795.265184 -782.765184
v 4.375000 -795.265184 -782.765184
v 4.583333 -795.265184 -782.765184
v 4.791667 -795.265184 -782.765184
v 5.000000 -795.265184 -782.765184
v -5.000000 -786.567793 -774.067793
v -4.791667 -786.567793 -774.067793
v -4.583333 -786.567793 -774.067793
v -4.375000 -786.567793 -774.067793
v -4.166667 -786.567793 -774.067793
v -3.958333 -786.567793 -774.067793
v -3.750000 -786.567793 -774.067793
v -3.541667 -786.567793 -774.067793
v -3.333333 -786.567793 -774.067793
v -3.125000 -786.567793 -774.067793
v -2.916667 -786.567793 -774.067793
v -2.708333 -786.567793 -774.067793
v -2.500000 -786.567793 -774.067793
v -2.291667 -786.567793 -774.067793
v -2.083333 -786.567793 -774.067793
v -1.875000 -786.567793 -774.067793
v -1.666667 -786.567793 -774.067793
v -1.458333 -786.567793 -774.067793
v -1.250000 -786.567793 -774.067793
v -1.041667 -786.567793 -774.067793
v -0.833333 -786.567793 -774.067793
v -0.625000 -786.567793 -774.067793
v -0.416667 -786.567793 -774.067793
v -0.208333 -786.567793 -774.067793
v 0.000000 -786.567793 -774.067793
v 0.208333 -786.567793 -774.067793
v 0.416667 -786.567793 -774.067793
v 0.625000 -786.567793 -774.067793
v 0.833333 -786.567793 -774.067793
v 1.041667 -786.567793 -774.067793
v 1.250000 -786.567793 -774.067793
v 1.458333 -786.567793 -774.067793
v 1.666667 -786.567793 -774.067793
v 1.875000 -786.567793 -774.067793
v 2.083333 -786.567793 -774.067793
v 2.291667 -786.567793 -774.067793
v 2.500000 -786.567793 -774.067793
v 2.708333 -786.567793 -774.067793
v 2.916667 -786.567793 -774.067793
v 3.125000 -786.567793 -774.067793
v 3.333333 -786.567793 -774.067793
v 3.541667 -786.567793 -774.067793
v 3.750000 -786.567793 -774.067793
v 3.958333 -786.567793 -774.067793
v 4.166667 -786.567793 -774.067793
v 4.375000 -786.567793 -774.067793
v 4.583333 -786.567793 -774.067793
v 4.791667 -786.567793 -774.067793
v 5.000000 -786.567793 -774.067793
v -5.000000 -777.870403 -765.370403
v -4.791667 -777.870403 -765.370403
v -4.583333 -777.870403 -765.370403
v -4.375000 -777.870403 -765.370403
v -4.166667 -777.870403 -765.370403
v -3.958333 -777.870403 -765.370403
v -3.750000 -777.870403 -765.370403
v -3.541667 -777.870403 -765.370403
v -3.333333 -777.870403 -765.370403
v -3.125000 -777.870403 -765.370403
v -2.916667 -777.870403 -765.370403
v -2.708333 -777.870403 -765.370403
v -2.500000 -777.870403 -765.370403
v -2.291667 -777.870403 -765.370403
v -2.083333 -777.870403 -765.370403
v -1.875000 -777.870403 -765.370403
v -1.666667 -777.870403 -765.370403
v -1.458333 -777.870403 -765.370403
v -1.250000 -777.870403 -765.370403
v -1.041667 -777.870403 -765.370403
v -0.833333 -777.870403 -765.370403
v -0.625000 -777.870403 -765.370403
v -0.416667 -777.870403 -765.370403
v -0.208333 -777.870403 -765.370403
v 0.000000 -777.870403 -765.370403
v 0.208333 -777.870403 -765.370403
v 0.416667 -777.870403 -765.370403
v 0.625000 -777.870403 -765.370403
v 0.833333 -777.870403 -765.370403
v 1.041667 -777.870403 -765.370403
v 1.250000 -777.870403 -765.370403
v 1.458333 -777.870403 -765.370403
v 1.666667 -777.870403 -765.370403
v 1.875000 -777.870403 -765.370403
v 2.083333 -777.870403 -765.370403
v 2.291667 -777.870403 -765.370403
v 2.500000 -777.870403 -765.370403
v 2.708333 -777.870403 -765.370403
v 2.916667 -777.870403 -765.370403
v 3.125000 -777.870403 -765.370403
v 3.333333 -777.870403 -765.370403
v 3.541667 -777.870403 -765.370403
v 3.750000 -777.870403 -765.370403
v 3.958333 -777.870403 -765.370403
v 4.166667 -777.870403 -765.370403
v 4.375000 -777.870403 -765.370403
v 4.583333 -777.870403 -765.370403
v 4.791667 -777.870403 -765.370403
v 5.000000 -777.870403 -765.370403
v -5.000000 -769.173012 -756.673012
v -4.791667 -769.173012 -756.673012
v -4.583333 -769.173012 -756.673012
v -4.375000 -769.173012 -756.673012
v -4.166667 -769.173012 -756.673012
v -3.958333 -769.173012 -756.673012
v -3.750000 -769.173012 -756.673012
v -3.541667 -769.173012 -756.673012
v -3.333333 -769.173012 -756.673012
v -3.125000 -769.173012 -756.673012
v -2.916667 -769.173012 -756.673012
v -2.708333 -769.173012 -756.673012
v -2.500000 -769.173012 -756.673012
v -2.291667 -769.173012 -756.673012
v -2.083333 -769.173012 -756.673012
v -1.875000 -769.173012 -756.673012
v -1.666667 -769.173012 -756.673012
v -1.458333 -769.173012 -756.673012
v -1.250000 -769.173012 -756.673012
v -1.041667 -769.173012 -756.673012
v -0.833333 -769.173012 -756.673012
v -0.625000 -769.173012 -756.673012
v -0.416667 -769.173012 -756.673012
v -0.208333 -769.173012 -756.673012
v 0.000000 -769.173012 -756.673012
v 0.208333 -769.173012 -756.673012
v 0.416667 -769.173012 -756.673012
v 0.625000 -769.173012 -756.673012
v 0.833333 -769.173012 -756.673012
v 1.041667 -769.173012 -756.673012
v 1.250000 -769.173012 -756.673012
v 1.458333 -769.173012 -756.673012
v 1.666667 -769.173012 -756.673012
v 1.875000 -769.173012 -756.673012
v 2.083333 -769.173012 -756.673012
v 2.291667 -769.173012 -756.673012
v 2.500000 -769.173012 -756.673012
v 2.708333 -769.173012 -756.673012
v 2.916667 -769.173012 -756.673012
v 3.125000 -769.173012 -756.673012
v 3.333333 -769.173012 -756.673012
v 3.541667 -769.173012 -756.673012
v 3.750000 -769.173012 -756.673012
v 3.958333 -769.173012 -756.673012
v 4.166667 -769.173012 -756.673012
v 4.375000 -769.173012 -756.673012
v 4.583333 -769.173012 -756.673012
v 4.791667 -769.173012 -756.673012
v 5.000000 -769.173012 -756.673012
v -5.000000 -760.475621 -747.975621
v -4.791667 -760.475621 -747.975621
v -4.583333 -760.475621 -747.975621
v -4.375000 -760.475621 -747.975621
v -4.166667 -760.475621 -747.975621
v -3.958333 -760.475621 -747.975621
v -3.750000 -760.475621 -747.975621
v -3.541667 -760.475621 -747.975621
v -3.333333 -760.475621 -747.975621
v -3.125000 -760.475621 -747.975621
v -2.916667 -760.475621 -747.975621
v -2.708333 -760.475621 -747.975621
v -2.500000 -760.475621 -747.975621
v -2.291667 -760.475621 -747.975621
v -2.083333 -760.475621 -747.975621
v -1.875000 -760.475621 -747.975621
v -1.666667 -760.475621 -747.975621
v -1.458333 -760.475621 -747.975621
v -1.250000 -760.475621 -747.975621
v -1.041667 -760.475621 -747.975621
v -0.833333 -760.475621 -747.975621
v -0.625000 -760.475621 -747.975621
v -0.416667 -760.475621 -747.975621
v -0.208333 -760.475621 -747.975621
v 0.000000 -760.475621 -747.975621
v 0.208333 -760.475621 -747.975621
v 0.416667 -760.475621 -747.975621
v 0.625000 -760.475621 -747.975621
v 0.833333 -760.475621 -747.975621
v 1.041667 -760.475621 -747.975621
v 1.250000 -760.475621 -747.975621
v 1.458333 -760.475621 -747.975621
v 1.666667 -760.475621 -747.975621
v 1.875000 -760.475621 -747.975621
v 2.083333 -760.475621 -747.975621
v 2.291667 -760.475621 -747.975621
v 2.500000 -760.475621 -747.975621
v 2.708333 -760.475621 -747.975621
v 2.916667 -760.475621 -747.975621
v 3.125000 -760.475621 -747.975621
v 3.333333 -760.475621 -747.975621
v 3.541667 -760.475621 -747.975621
v 3.750000 -760.475621 -747.975621
v 3.958333 -760.475621 -747.975621
v 4.166667 -760.475621 -747.975621
v 4.375000 -760.475621 -747.975621
v 4.583333 -760.475621 -747.975621
v 4.791667 -760.475621 -747.975621
v 5.000000 -760.475621 -747.975621
v -5.000000 -751.778230 -739.278230
v -4.791667 -751.778230 -739.278230
v -4.583333 -751.778230 -739.278230
v -4.375000 -751.778230 -739.278230
v -4.166667 -751.778230 -739.278230
v -3.958333 -751.778230 -739.278230
v -3.750000 -751.778230 -739.278230
v -3.541667 -751.778230 -739.278230
v -3.333333 -751.778230 -739.278230
v -3.125000 -751.778230 -739.278230
v -2.916667 -751.778230 -739.278230
v -2.708333 -751.778230 -739.278230
v -2.500000 -751.778230 -739.278230
v -2.291667 -751.778230 -739.278230
v -2.083333 -751.778230 -739.278230
v -1.875000 -751.778230 -739.278230
v -1.666667 -751.778230 -739.278230
v -1.458333 -751.778230 -739.278230
v -1.250000 -751.778230 -739.278230
v -1.041667 -751.778230 -739.278230
v -0.833333 -751.778230 -739.278230
v -0.625000 -751.778230 -739.278230
v -0.416667 -751.778230 -739.278230
v -0.208333 -751.778230 -739.278230
v 0.000000 -751.778230 -739.278230
v 0.208333 -751.778230 -739.278230
v 0.416667 -751.778230 -739.278230
v 0.625000 -751.778230 -739.278230
v 0.833333 -751.778230 -739.278230
v 1.041667 -751.778230 -739.278230
v 1.250000 -751.778230 -739.278230
v 1.458333 -751.778230 -739.278230
v 1.666667 -751.778230 -739.278230
v 1.875000 -751.778230 -739.278230
v 2.083333 -751.778230 -739.278230
v 2.291667 -751.778230 -739.278230
v 2.500000 -751.778230 -739.278230
v 2.708333 -751.778230 -739.278230
v 2.916667 -751.778230 -739.278230
v 3.125000 -751.778230 -739.278230
v 3.333333 -751.778230 -739.278230
v 3.541667 -751.778230 -739.278230
v 3.750000 -751.778230 -739.278230
v 3.958333 -751.778230 -739.278230
v 4.166667 -751.778230 -739.278230
v 4.375000 -751.778230 -739.278230
v 4.583333 -751.778230 -739.278230
v 4.791667 -751.778230 -739.278230
v 5.000000 -751.778230 -739.278230
v -5.000000 -743.080839 -730.580839
v -4.791667 -743.080839 -730.580839
v -4.583333 -743.080839 -730.580839
v -4.375000 -743.080839 -730.580839
v -4.166667 -743.080839 -730.580839
v -3.958333 -743.080839 -730.580839
v -3.750000 -743.080839 -730.580839
v -3.541667 -743.080839 -730.580839
v -3.333333 -743.080839 -730.580839
v -3.125000 -743.080839 -730.580839
v -2.916667 -743.080839 -730.580839
v -2.708333 -743.080839 -730.580839
v -2.500000 -743.080839 -730.580839
v -2.291667 -743.080839 -730.580839
v -2.083333 -743.080839 -730.580839
v -1.875000 -743.080839 -730.580839
v -1.666667 -743.080839 -730.580839
v -1.458333 -743.080839 -730.580839
v -1.250000 -743.080839 -730.580839
v -1.041667 -743.080839 -730.580839
v -0.833333 -743.080839 -730.580839
v -0.625000 -743.080839 -730.580839
v -0.416667 -743.080839 -730.580839
v -0.208333 -743.080839 -730.580839
v 0.000000 -743.080839 -730.580839
v 0.208333 -743.080839 -730.580839
v 0.416667 -743.080839 -730.580839
v 0.625000 -743.080839 -730.580839
v 0.833333 -743.080839 -730.580839
v 1.041667 -743.080839 -730.580839
v 1.250000 -743.080839 -730.580839
v 1.458333 -743.080839 -730.580839
v 1.666667 -743.080839 -730.580839
v 1.875000 -743.080839 -730.580839
v 2.083333 -743.080839 -730.580839
v 2.291667 -743.080839 -730.580839
v 2.500000 -743.080839 -730.580839
v 2.708333 -743.080839 -730.580839
v 2.916667 -743.080839 -730.580839
v 3.125000 -743.080839 -730.580839
v 3.333333 -743.080839 -730.580839
v 3.541667 -743.080839 -730.580839
v 3.750000 -743.080839 -730.580839
v 3.958333 -743.080839 -730.580839
v 4.166667 -743.080839 -730.580839
v 4.375000 -743.080839 -730.580839
v 4.583333 -743.080839 -730.580839
v 4.791667 -743.080839 -730.580839
v 5.000000 -743.080839 -730.580839
v -5.000000 -734.383448 -721.883448
v -4.791667 -734.383448 -721.883448
v -4.583333 -734.383448 -721.883448
v -4.375000 -734.383448 -721.883448
v -4.166667 -734.383448 -721.883448
v -3.958333 -734.383448 -721.883448
v -3.750000 -734.383448 -721.883448
v -3.541667 -734.383448 -721.883448
v -3.333333 -734.383448 -721.883448
v -3.125000 -734.383448 -721.883448
v -2.916667 -734.383448 -721.883448
v -2.708333 -734.383448 -721.883448
v -2.500000 -734.383448 -721.883448
v -2.291667 -734.383448 -721.883448
v -2.083333 -734.383448 -721.883448
v -1.875000 -734.383448 -721.883448
v -1.666667 -734.383448 -721.883448
v -1.458333 -734.383448 -721.883448
v -1.250000 -734.383448 -721.883448
v -1.041667 -734.383448 -721.883448
v -0.833333 -734.383448 -721.883448
v -0.625000 -734.383448 -721.883448
v -0.416667 -734.383448 -721.883448
v -0.208333 -734.383448 -721.883448
v 0.000000 -734.383448 -721.883448
v 0.208333 -734.383448 -721.883448
v 0.416667 -734.383448 -721.883448
v 0.625000 -734.383448 -721.883448
v 0.833333 -734.383448 -721.883448
v 1.041667 -734.383448 -721.883448
v 1.250000 -734.383448 -721.883448
v 1.458333 -734.383448 -721.883448
v 1.666667 -734.383448 -721.883448
v 1.875000 -734.383448 -721.883448
v 2.083333 -734.383448 -721.883448
v 2.291667 -734.383448 -721.883448
v 2.500000 -734.383448 -721.883448
v 2.708333 -734.383448 -721.883448
v 2.916667 -734.383448 -721.883448
v 3.125000 -734.383448 -721.883448
v 3.333333 -734.383448 -721.883448
v 3.541667 -734.383448 -721.883448
v 3.750000 -734.383448 -721.883448
v 3.958333 -734.383448 -721.883448
v 4.166667 -734.383448 -721.883448
v 4.375000 -734.383448 -721.883448
v 4.583333 -734.383448 -721.883448
v 4.791667 -734.383448 -721.883448
v 5.000000 -734.383448 -721.883448
v -5.000000 -725.686057 -713.186057
v -4.791667 -725.686057 -713.186057
v -4.583333 -725.686057 -713.186057
v -4.375000 -725.686057 -713.186057
v -4.166667 -725.686057 -713.186057
v -3.958333 -725.686057 -713.186057
v -3.750000 -725.686057 -713.186057
v -3.541667 -725.686057 -713.186057
v -3.333333 -725.686057 -713.186057
v -3.125000 -725.686057 -713.186057
v -2.916667 -725.686057 -713.186057
v -2.708333 -725.686057 -713.186057
v -2.500000 -725.686057 -713.186057
v -2.291667 -725.686057 -713.186057
v -2.083333 -725.686057 -713.186057
v -1.875000 -725.686057 -713.186057
v -1.666667 -725.686057 -713.186057
v -1.458333 -725.686057 -713.186057
v -1.250000 -725.686057 -713.186057
v -1.041667 -725.686057 -713.186057
v -0.833333 -725.686057 -713.186057
v -0.625000 -725.686057 -713.186057
v -0.416667 -725.686057 -713.186057
v -0.208333 -725.686057 -713.186057
v 0.000000 -725.686057 -713.186057
v 0.208333 -725.686057 -713.186057
v 0.416667 -725.686057 -713.186057
v 0.625000 -725.686057 -713.186057
v 0.833333 -725.686057 -713.186057
v 1.041667 -725.686057 -713.186057
v 1.250000 -725.686057 -713.186057
v 1.458333 -725.686057 -713.186057
v 1.666667 -725.686057 -713.186057
v 1.875000 -725.686057 -713.186057
v 2.083333 -725.686057 -713.186057
v 2.291667 -725.686057 -713.186057
v 2.500000 -725.686057 -713.186057
v 2.708333 -725.686057 -713.186057
v 2.916667 -725.686057 -713.186057
v 3.125000 -725.686057 -713.186057
v 3.333333 -725.686057 -713.186057
v 3.541667 -725.686057 -713.186057
v 3.750000 -725.686057 -713.186057
v 3.958333 -725.686057 -713.186057
v 4.166667 -725.686057 -713.186057
v 4.375000 -725.686057 -713.186057
v 4.583333 -725.686057 -713.186057
v 4.791667 -725.686057 -713.186057
v 5.000000 -725.686057 -713.186057
v -5.000000 -716.988666 -704.488666
v -4.791667 -716.988666 -704.488666
v -4.583333 -716.988666 -704.488666
v -4.375000 -716.988666 -704.488666
v -4.166667 -716.988666 -704.488666
v -3.958333 -716.988666 -704.488666
v -3.750000 -716.988666 -704.488666
v -3.541667 -716.988666 -704.488666
v -3.333333 -716.988666 -704.488666
v -3.125000 -716.988666 -704.488666
v -2.916667 -716.988666 -704.488666
v -2.708333 -716.988666 -704.488666
v -2.500000 -716.988666 -704.488666
v -2.291667 -716.988666 -704.488666
v -2.083333 -716.988666 -704.488666
v -1.875000 -716.988666 -704.488666
v -1.666667 -716.988666 -704.488666
v -1.458333 -716.988666 -704.488666
v -1.250000 -716.988666 -704.488666
v -1.041667 -716.988666 -704.488666
v -0.833333 -716.988666 -704.488666
v -0.625000 -716.988666 -704.488666
v -0.416667 -716.988666 -704.488666
v -0.208333 -716.988666 -704.488666
v 0.000000 -716.988666 -704.488666
v 0.208333 -716.988666 -704.488666
v 0.416667 -716.988666 -704.488666
v 0.625000 -716.988666 -704.488666
v 0.833333 -716.988666 -704.488666
v 1.041667 -716.988666 -704.488666
v 1.250000 -716.988666 -704.488666
v 1.458333 -716.988666 -704.488666
v 1.666667 -716.988666 -704.488666
v 1.875000 -716.988666 -704.488666
v 2.083333 -716.988666 -704.488666
v 2.291667 -716.988666 -704.488666
v 2.500000 -716.988666 -704.488666
v 2.708333 -716.988666 -704.488666
v 2.916667 -716.988666 -704.488666
v 3.125000 -716.988666 -704.488666
v 3.333333 -716.988666 -704.488666
v 3.541667 -716.988666 -704.488666
v 3.750000 -716.988666 -704.488666
v 3.958333 -716.988666 -704.488666
v 4.166667 -716.988666 -704.488666
v 4.375000 -716.988666 -704.488666
v 4.583333 -716.988666 -704.488666
v 4.791667 -716.988666 -704.488666
v 5.000000 -716.988666 -704.488666
v -5.000000 -708.291275 -695.791275
v -4.791667 -708.291275 -695.791275
v -4.583333 -708.291275 -695.791275
v -4.375000 -708.291275 -695.791275
v -4.166667 -708.291275 -695.791275
v -3.958333 -708.291275 -695.791275
v -3.750000 -708.291275 -695.791275
v -3.541667 -708.291275 -695.791275
v -3.333333 -708.291275 -695.791275
v -3.125000 -708.291275 -695.791275
v -2.916667 -708.291275 -695.791275
v -2.708333 -708.291275 -695.791275
v -2.500000 -708.291275 -695.791275
v -2.291667 -708.291275 -695.791275
v -2.083333 -708.291275 -695.791275
v -1.875000 -708.291275 -695.791275
v -1.666667 -708.291275 -695.791275
v -1.458333 -708.291275 -695.791275
v -1.250000 -708.291275 -695.791275
v -1.041667 -708.291275 -695.791275
v -0.833333 -708.291275 -695.791275
v -0.625000 -708.291275 -695.791275
v -0.416667 -708.291275 -695.791275
v -0.208333 -708.291275 -695.791275
v 0.000000 -708.291275 -695.791275
v 0.208333 -708.291275 -695.791275
v 0.416667 -708.291275 -695.791275
v 0.625000 -708.291275 -695.791275
v 0.833333 -708.291275 -695.791275
v 1.041667 -708.291275 -695.791275
v 1.250000 -708.291275 -695.791275
v 1.458333 -708.291275 -695.791275
v 1.666667 -708.291275 -695.791275
v 1.875000 -708.291275 -695.791275
v 2.083333 -708.291275 -695.791275
v 2.291667 -708.291275 -695.791275
v 2.500000 -708.291275 -695.791275
v 2.708333 -708.291275 -695.791275
v 2.916667 -708.291275 -695.791275
v 3.125000 -708.291275 -695.791275
v 3.333333 -708.291275 -695.791275
v 3.541667 -708.291275 -695.791275
v 3.750000 -708.291275 -695.791275
v 3.958333 -708.291275 -695.791275
v 4.166667 -708.291275 -695.791275
v 4.375000 -708.291275 -695.791275
v 4.583333 -708.291275 -695.791275
v 4.791667 -708.291275 -695.791275
v 5.000000 -708.291275 -695.791275
v -5.000000 -699.593884 -687.093884
v -4.791667 -699.593884 -687.093884
v -4.583333 -699.593884 -687.093884
v -4.375000 -699.593884 -687.093884
v -4.166667 -699.593884 -687.093884
v -3.958333 -699.593884 -687.093884
v -3.750000 -699.593884 -687.093884
v -3.541667 -699.593884 -687.093884
v -3.333333 -699.593884 -687.093884
v -3.125000 -699.593884 -687.093884
v -2.916667 -699.593884 -687.093884
v -2.708333 -699.593884 -687.093884
v -2.500000 -699.593884 -687.093884
v -2.291667 -699.593884 -687.093884
v -2.083333 -699.593884 -687.093884
v -1.875000 -699.593884 -687.093884
v -1.666667 -699.593884 -687.093884
v -1.458333 -699.593884 -687.093884
v -1.250000 -699.593884 -687.093884
v -1.041667 -699.593884 -687.093884
v -0.833333 -699.593884 -687.093884
v -0.625000 -699.593884 -687.093884
v -0.416667 -699.593884 -687.093884
v -0.208333 -699.593884 -687.093884
v 0.000000 -699.593884 -687.093884
v 0.208333 -699.593884 -687.093884
v 0.416667 -699.593884 -687.093884
v 0.625000 -699.593884 -687.093884
v 0.833333 -699.593884 -687.093884
v 1.041667 -699.593884 -687.093884
v 1.250000 -699.593884 -687.093884
v 1.458333 -699.593884 -687.093884
v 1.666667 -699.593884 -687.093884
v 1.875000 -699.593884 -687.093884
v 2.083333 -699.593884 -687.093884
v 2.291667 -699.593884 -687.093884
v 2.500000 -699.593884 -687.093884
v 2.708333 -699.593884 -687.093884
v 2.916667 -699.593884 -687.093884
v 3.125000 -699.593884 -687.093884
v 3.333333 -699.593884 -687.093884
v 3.541667 -699.593884 -687.093884
v 3.750000 -699.593884 -687.093884
v 3.958333 -699.593884 -687.093884
v 4.166667 -699.593884 -687.093884
v 4.375000 -699.593884 -687.093884
v 4.583333 -699.593884 -687.093884
v 4.791667 -699.593884 -687.093884
v 5.000000 -699.593884 -687.093884
v -5.000000 -690.896493 -678.396493
v -4.791667 -690.896493 -678.396493
v -4.583333 -690.896493 -678.396493
v -4.375000 -690.896493 -678.396493
v -4.166667 -690.896493 -678.396493
v -3.958333 -690.896493 -678.396493
v -3.750000 -690.896493 -678.396493
v -3.541667 -690.896493 -678.396493
v -3.333333 -690.896493 -678.396493
v -3.125000 -690.896493 -678.396493
v -2.916667 -690.896493 -678.396493
v -2.708333 -690.896493 -678.396493
v -2.500000 -690.896493 -678.396493
v -2.291667 -690.896493 -678.396493
v -2.083333 -690.896493 -678.396493
v -1.875000 -690.896493 -678.396493
v -1.666667 -690.896493 -678.396493
v -1.458333 -690.896493 -678.396493
v -1.250000 -690.896493 -678.396493
v -1.041667 -690.896493 -678.396493
v -0.833333 -690.896493 -678.396493
v -0.625000 -690.896493 -678.396493
v -0.416667 -690.896493 -678.396493
v -0.208333 -690.896493 -678.396493
v 0.000000 -690.896493 -678.396493
v 0.208333 -690.896493 -678.396493
v 0.416667 -690.896493 -678.396493
v 0.625000 -690.896493 -678.396493
v 0.833333 -690.896493 -678.396493
v 1.041667 -690.896493 -678.396493
v 1.250000 -690.896493 -678.396493
v 1.458333 -690.896493 -678.396493
v 1.666667 -690.896493 -678.396493
v 1.875000 -690.896493 -678.396493
v 2.083333 -690.896493 -678.396493
v 2.291667 -690.896493 -678.396493
v 2.500000 -690.896493 -678.396493
v 2.708333 -690.896493 -678.396493
v 2.916667 -690.896493 -678.396493
v 3.125000 -690.896493 -678.396493
v 3.333333 -690.896493 -678.396493
v 3.541667 -690.896493 -678.396493
v 3.750000 -690.896493 -678.396493
v 3.958333 -690.896493 -678.396493
v 4.166667 -690.896493 -678.396493
v 4.375000 -690.896493 -678.396493
v 4.583333 -690.896493 -678.396493
v 4.791667 -690.896493 -678.396493
v 5.000000 -690.896493 -678.396493
v -5.000000 -682.199102 -669.699102
v -4.791667 -682.199102 -669.699102
v -4.583333 -682.199102 -669.699102
v -4.375000 -682.199102 -669.699102
v -4.166667 -682.199102 -669.699102
v -3.958333 -682.199102 -669.699102
v -3.750000 -682.199102 -669.699102
v -3.541667 -682.199102 -669.699102
v -3.333333 -682.199102 -669.699102
v -3.125000 -682.199102 -669.699102
v -2.916667 -682.199102 -669.699102
v -2.708333 -682.199102 -669.699102
v -2.500000 -682.199102 -669.699102
v -2.291667 -682.199102 -669.699102
v -2.083333 -682.199102 -669.699102
v -1.875000 -682.199102 -669.699102
v -1.666667 -682.199102 -669.699102
v -1.458333 -682.199102 -669.699102
v -1.250000 -682.199102 -669.699102
v -1.041667 -682.199102 -669.699102
v -0.833333 -682.199102 -669.699102
v -0.625000 -682.199102 -669.699102
v -0.416667 -682.199102 -669.699102
v -0.208333 -682.199102 -669.699102
v 0.000000 -682.199102 -669.699102
v 0.208333 -682.199102 -669.699102
v 0.416667 -682.199102 -669.699102
v 0.625000 -682.199102 -669.699102
v 0.833333 -682.199102 -669.699102
v 1.041667 -682.199102 -669.699102
v 1.250000 -682.199102 -669.699102
v 1.458333 -682.199102 -669.699102
v 1.666667 -682.199102 -669.699102
v 1.875000 -682.199102 -669.699102
v 2.083333 -682.199102 -669.699102
v 2.291667 -682.199102 -669.699102
v 2.500000 -682.199102 -669.699102
v 2.708333 -682.199102 -669.699102
v 2.916667 -682.199102 -669.699102
v 3.125000 -682.199102 -669.699102
v 3.333333 -682.199102 -669.699102
v 3.541667 -682.199102 -669.699102
v 3.750000 -682.199102 -669.699102
v 3.958333 -682.199102 -669.699102
v 4.166667 -682.199102 -669.699102
v 4.375000 -682.199102 -669.699102
v 4.583333 -682.199102 -669.699102
v 4.791667 -682.199102 -669.699102
v 5.000000 -682.199102 -669.699102
v -5.000000 -673.501711 -661.001711
v -4.791667 -673.501711 -661.001711
v -4.583333 -673.501711 -661.001711
v -4.375000 -673.501711 -661.001711
v -4.166667 -673.501711 -661.001711
v -3.958333 -673.501711 -661.001711
v -3.750000 -673.501711 -661.001711
v -3.541667 -673.501711 -661.001711
v -3.333333 -673.501711 -661.001711
v -3.125000 -673.501711 -661.001711
v -2.916667 -673.501711 -661.001711
v -2.708333 -673.501711 -661.001711
v -2.500000 -673.501711 -661.001711
v -2.291667 -673.501711 -661.001711
v -2.083333 -673.501711 -661.001711
v -1.875000 -673.501711 -661.001711
v -1.666667 -673.501711 -661.001711
v -1.458333 -673.501711 -661.001711
v -1.250000 -673.501711 -661.001711
v -1.041667 -673.501711 -661.001711
v -0.833333 -673.501711 -661.001711
v -0.625000 -673.501711 -661.001711
v -0.416667 -673.501711 -661.001711
v -0.208333 -673.501711 -661.001711
v 0.000000 -673.501711 -661.001711
v 0.208333 -673.501711 -661.001711
v 0.416667 -673.501711 -661.001711
v 0.625000 -673.501711 -661.001711
v 0.833333 -673.501711 -661.001711
v 1.041667 -673.501711 -661.001711
v 1.250000 -673.501711 -661.001711
v 1.458333 -673.501711 -661.001711
v 1.666667 -673.501711 -661.001711
v 1.875000 -673.501711 -661.001711
v 2.083333 -673.501711 -661.001711
v 2.291667 -673.501711 -661.001711
v 2.500000 -673.501711 -661.001711
v 2.708333 -673.501711 -661.001711
v 2.916667 -673.501711 -661.001711
v 3.125000 -673.501711 -661.001711
v 3.333333 -673.501711 -661.001711
v 3.541667 -673.501711 -661.001711
v 3.750000 -673.501711 -661.001711
v 3.958333 -673.501711 -661.001711
v 4.166667 -673.501711 -661.001711
v 4.375000 -673.501711 -661.001711
v 4.583333 -673.501711 -661.001711
v 4.791667 -673.501711 -661.001711
v 5.000000 -673.501711 -661.001711
v -5.000000 -664.804320 -652.304320
v -4.791667 -664.804320 -652.304320
v -4.583333 -664.804320 -652.304320
v -4.375000 -664.804320 -652.304320
v -4.166667 -664.804320 -652.304320
v -3.958333 -664.804320 -652.304320
v -3.750000 -664.804320 -652.304320
v -3.541667 -664.804320 -652.304320
v -3.333333 -664.804320 -652.304320
v -3.125000 -664.804320 -652.304320
v -2.916667 -664.804320 -652.304320
v -2.708333 -664.804320 -652.304320
v -2.500000 -664.804320 -652.304320
v -2.291667 -664.804320 -652.304320
v -2.083333 -664.804320 -652.304320
v -1.875000 -664.804320 -652.304320
v -1.666667 -664.804320 -652.304320
v -1.458333 -664.804320 -652.304320
v -1.250000 -664.804320 -652.304320
v -1.041667 -664.804320 -652.304320
v -0.833333 -664.804320 -652.304320
v -0.625000 -664.804320 -652.304320
v -0.416667 -664.804320 -652.304320
v -0.208333 -664.804320 -652.304320
v 0.000000 -664.804320 -652.304320
v 0.208333 -664.804320 -652.304320
v 0.416667 -664.804320 -652.304320
v 0.625000 -664.804320 -652.304320
v 0.833333 -664.804320 -652.304320
v 1.041667 -664.804320 -652.304320
v 1.250000 -664.804320 -652.304320
v 1.458333 -664.804320 -652.304320
v 1.666667 -664.804320 -652.304320
v 1.875000 -664.804320 -652.304320
v 2.083333 -664.804320 -652.304320
v 2.291667 -664.804320 -652.304320
v 2.500000 -664.804320 -652.304320
v 2.708333 -664.804320 -652.304320
v 2.916667 -664.804320 -652.304320
v 3.125000 -664.804320 -652.304320
v 3.333333 -664.804320 -652.304320
v 3.541667 -664.804320 -652.304320
v 3.750000 -664.804320 -652.304320
v 3.958333 -664.804320 -652.304320
v 4.166667 -664.804320 -652.304320
v 4.375000 -664.804320 -652.304320
v 4.583333 -664.804320 -652.304320
v 4.791667 -664.804320 -652.304320
v 5.000000 -664.804320 -652.304320
v -5.000000 -656.106929 -643.606929
v -4.791667 -656.106929 -643.606929
v -4.583333 -656.106929 -643.606929
v -4.375000 -656.106929 -643.606929
v -4.166667 -656.106929 -643.606929
v -3.958333 -656.106929 -643.606929
v -3.750000 -656.106929 -643.606929
v -3.541667 -656.106929 -643.606929
v -3.333333 -656.106929 -643.606929
v -3.125000 -656.106929 -643.606929
v -2.916667 -656.106929 -643.606929
v -2.708333 -656.106929 -643.606929
v -2.500000 -656.106929 -643.606929
v -2.291667 -656.106929 -643.606929
v -2.083333 -656.106929 -643.606929
v -1.875000 -656.106929 -643.606929
v -1.666667 -656.106929 -643.606929
v -1.458333 -656.106929 -643.606929
v -1.250000 -656.106929 -643.606929
v -1.041667 -656.106929 -643.606929
v -0.833333 -656.106929 -643.606929
v -0.625000 -656.106929 -643.606929
v -0.416667 -656.106929 -643.606929
v -0.208333 -656.106929 -643.606929
v 0.000000 -656.106929 -643.606929
v 0.208333 -656.106929 -643.606929
v 0.416667 -656.106929 -643.606929
v 0.625000 -656.106929 -643.606929
v 0.833333 -656.106929 -643.606929
v 1.041667 -656.106929 -643.606929
v 1.250000 -656.106929 -643.606929
v 1.458333 -656.106929 -643.606929
v 1.666667 -656.106929 -643.606929
v 1.875000 -656.106929 -643.606929
v 2.083333 -656.106929 -643.606929
v 2.291667 -656.106929 -643.606929
v 2.500000 -656.106929 -643.606929
v 2.708333 -656.106929 -643.606929
v 2.916667 -656.106929 -643.606929
v 3.125000 -656.106929 -643.606929
v 3.333333 -656.106929 -643.606929
v 3.541667 -656.106929 -643.606929
v 3.750000 -656.106929 -643.606929
v 3.958333 -656.106929 -643.606929
v 4.166667 -656.106929 -643.606929
v 4.375000 -656.106929 -643.606929
v 4.583333 -656.106929 -643.606929
v 4.791667 -656.106929 -643.606929
v 5.000000 -656.106929 -643.606929
v -5.000000 -647.409538 -634.909538
v -4.791667 -647.409538 -634.909538
v -4.583333 -647.409538 -634.909538
v -4.375000 -647.409538 -634.909538
v -4.166667 -647.409538 -634.909538
v -3.958333 -647.409538 -634.909538
v -3.750000 -647.409538 -634.909538
v -3.541667 -647.409538 -634.909538
v -3.333333 -647.409538 -634.909538
v -3.125000 -647.409538 -634.909538
v -2.916667 -647.409538 -634.909538
v -2.708333 -647.409538 -634.909538
v -2.500000 -647.409538 -634.909538
v -2.291667 -647.409538 -634.909538
v -2.083333 -647.409538 -634.909538
v -1.875000 -647.409538 -634.909538
v -1.666667 -647.409538 -634.909538
v -1.458333 -647.409538 -634.909538
v -1.250000 -647.409538 -634.909538
v -1.041667 -647.409538 -634.909538
v -0.833333 -647.409538 -634.909538
v -0.625000 -647.409538 -634.909538
v -0.416667 -647.409538 -634.909538
v -0.208333 -647.409538 -634.909538
v 0.000000 -647.409538 -634.909538
v 0.208333 -647.409538 -634.909538
v 0.416667 -647.409538 -634.909538
v 0.625000 -647.409538 -634.909538
v 0.833333 -647.409538 -634.909538
v 1.041667 -647.409538 -634.909538
v 1.250000 -647.409538 -634.909538
v 1.458333 -647.409538 -634.909538
v 1.666667 -647.409538 -634.909538
v 1.875000 -647.409538 -634.909538
v 2.083333 -647.409538 -634.909538
v 2.291667 -647.409538 -634.909538
v 2.500000 -647.409538 -634.909538
v 2.708333 -647.409538 -634.909538
v 2.916667 -647.409538 -634.909538
v 3.125000 -647.409538 -634.909538
v 3.333333 -647.409538 -634.909538
v 3.541667 -647.409538 -634.909538
v 3.750000 -647.409538 -634.909538
v 3.958333 -647.409538 -634.909538
v 4.166667 -647.409538 -634.909538
v 4.375000 -647.409538 -634.909538
v 4.583333 -647.409538 -634.909538
v 4.791667 -647.409538 -634.909538
v 5.000000 -647.409538 -634.909538
v -5.000000 -638.712148 -626.212148
v -4.791667 -638.712148 -626.212148
v -4.583333 -638.712148 -626.212148
v -4.375000 -638.712148 -626.212148
v -4.166667 -638.712148 -626.212148
v -3.958333 -638.712148 -626.212148
v -3.750000 -638.712148 -626.212148
v -3.541667 -638.712148 -626.212148
v -3.333333 -638.712148 -626.212148
v -3.125000 -638.712148 -626.212148
v -2.916667 -638.712148 -626.212148
v -2.708333 -638.712148 -626.212148
v -2.500000 -638.712148 -626.212148
v -2.291667 -638.712148 -626.212148
v -2.083333 -638.712148 -626.212148
v -1.875000 -638.712148 -626.212148
v -1.666667 -638.712148 -626.212148
v -1.458333 -638.712148 -626.212148
v -1.250000 -638.712148 -626.212148
v -1.041667 -638.712148 -626.212148
v -0.833333 -638.712148 -626.212148
v -0.625000 -638.712148 -626.212148
v -0.416667 -638.712148 -626.212148
v -0.208333 -638.712148 -626.212148
v 0.000000 -638.712148 -626.212148
v 0.208333 -638.712148 -626.212148
v 0.416667 -638.712148 -626.212148
v 0.625000 -638.712148 -626.212148
v 0.833333 -638.712148 -626.212148
v 1.041667 -638.712148 -626.212148
v 1.250000 -638.712148 -626.212148
v 1.458333 -638.712148 -626.212148
v 1.666667 -638.712148 -626.212148
v 1.875000 -638.712148 -626.212148
v 2.083333 -638.712148 -626.212148
v 2.291667 -638.712148 -626.212148
v 2.500000 -638.712148 -626.212148
v 2.708333 -638.712148 -626.212148
v 2.916667 -638.712148 -626.212148
v 3.125000 -638.712148 -626.212148
v 3.333333 -638.712148 -626.212148
v 3.541667 -638.712148 -626.212148
v 3.750000 -638.712148 -626.212148
v 3.958333 -638.712148 -626.212148
v 4.166667 -638.712148 -626.212148
v 4.375000 -638.712148 -626.212148
v 4.583333 -638.712148 -626.212148
v 4.791667 -638.712148 -626.212148
v 5.000000 -638.712148 -626.212148
v -5.000000 -630.014757 -617.514757
v -4.791667 -630.014757 -617.514757
v -4.583333 -630.014757 -617.514757
v -4.375000 -630.014757 -617.514757
v -4.166667 -630.014757 -617.514757
v -3.958333 -630.014757 -617.514757
v -3.750000 -630.014757 -617.514757
v -3.541667 -630.014757 -617.514757
v -3.333333 -630.014757 -617.514757
v -3.125000 -630.014757 -617.514757
v -2.916667 -630.014757 -617.514757
v -2.708333 -630.014757 -617.514757
v -2.500000 -630.014757 -617.514757
v -2.291667 -630.014757 -617.514757
v -2.083333 -630.014757 -617.514757
v -1.875000 -630.014757 -617.514757
v -1.666667 -630.014757 -617.514757
v -1.458333 -630.014757 -617.514757
v -1.250000 -630.014757 -617.514757
v -1.041667 -630.014757 -617.514757
v -0.833333 -630.014757 -617.514757
v -0.625000 -630.014757 -617.514757
v -0.416667 -630.014757 -617.514757
v -0.208333 -630.014757 -617.514757
v 0.000000 -630.014757 -617.514757
v 0.208333 -630.014757 -617.514757
v 0.416667 -630.014757 -617.514757
v 0.625000 -630.014757 -617.514757
v 0.833333 -630.014757 -617.514757
v 1.041667 -630.014757 -617.514757
v 1.250000 -630.014757 -617.514757
v 1.458333 -630.014757 -617.514757
v 1.666667 -630.014757 -617.514757
v 1.875000 -630.014757 -617.514757
v 2.083333 -630.014757 -617.514757
v 2.291667 -630.014757 -617.514757
v 2.500000 -630.014757 -617.514757
v 2.708333 -630.014757 -617.514757
v 2.916667 -630.014757 -617.514757
v 3.125000 -630.014757 -617.514757
v 3.333333 -630.014757 -617.514757
v 3.541667 -630.014757 -617.514757
v 3.750000 -630.014757 -617.514757
v 3.958333 -630.014757 -617.514757
v 4.166667 -630.014757 -617.514757
v 4.375000 -630.014757 -617.514757
v 4.583333 -630.014757 -617.514757
v 4.791667 -630.014757 -617.514757
v 5.000000 -630.014757 -617.514757
v -5.000000 -621.317366 -608.817366
v -4.791667 -621.317366 -608.817366
v -4.583333 -621.317366 -608.817366
v -4.375000 -621.317366 -608.817366
v -4.166667 -621.317366 -608.817366
v -3.958333 -621.317366 -608.817366
v -3.750000 -621.317366 -608.817366
v -3.541667 -621.317366 -608.817366
v -3.333333 -621.317366 -608.817366
v -3.125000 -621.317366 -608.817366
v -2.916667 -621.317366 -608.817366
v -2.708333 -621.317366 -608.817366
v -2.500000 -621.317366 -608.817366
v -2.291667 -621.317366 -608.817366
v -2.083333 -621.317366 -608.817366
v -1.875000 -621.317366 -608.817366
v -1.666667 -621.317366 -608.817366
v -1.458333 -621.317366 -608.817366
v -1.250000 -621.317366 -608.817366
v -1.041667 -621.317366 -608.817366
v -0.833333 -621.317366 -608.817366
v -0.625000 -621.317366 -608.817366
v -0.416667 -621.317366 -608.817366
v -0.208333 -621.317366 -608.817366
v 0.000000 -621.317366 -608.817366
v 0.208333 -621.317366 -608.817366
v 0.416667 -621.317366 -608.817366
v 0.625000 -621.317366 -608.817366
v 0.833333 -621.317366 -608.817366
v 1.041667 -621.317366 -608.817366
v 1.250000 -621.317366 -608.817366
v 1.458333 -621.317366 -608.817366
v 1.666667 -621.317366 -608.817366
v 1.875000 -621.317366 -608.817366
v 2.083333 -621.317366 -608.817366
v 2.291667 -621.317366 -608.817366
v 2.500000 -621.317366 -608.817366
v 2.708333 -621.317366 -608.817366
v 2.916667 -621.317366 -608.817366
v 3.125000 -621.317366 -608.817366
v 3.333333 -621.317366 -608.817366
v 3.541667 -621.317366 -608.817366
v 3.750000 -621.317366 -608.817366
v 3.958333 -621.317366 -608.817366
v 4.166667 -621.317366 -608.817366
v 4.375000 -621.317366 -608.817366
v 4.583333 -621.317366 -608.817366
v 4.791667 -621.317366 -608.817366
v 5.000000 -621.317366 -608.817366
v -5.000000 -612.619975 -600.119975
v -4.791667 -612.619975 -600.119975
v -4.583333 -612.619975 -600.119975
v -4.375000 -612.619975 -600.119975
v -4.166667 -612.619975 -600.119975
v -3.958333 -612.619975 -600.119975
v -3.750000 -612.619975 -600.119975
v -3.541667 -612.619975 -600.119975
v -3.333333 -612.619975 -600.119975
v -3.125000 -612.619975 -600.119975
v -2.916667 -612.619975 -600.119975
v -2.708333 -612.619975 -600.119975
v -2.500000 -612.619975 -600.119975
v -2.291667 -612.619975 -600.119975
v -2.083333 -612.619975 -600.119975
v -1.875000 -612.619975 -600.119975
v -1.666667 -612.619975 -600.119975
v -1.458333 -612.619975 -600.119975
v -1.250000 -612.619975 -600.119975
v -1.041667 -612.619975 -600.119975
v -0.833333 -612.619975 -600.119975
v -0.625000 -612.619975 -600.119975
v -0.416667 -612.619975 -600.119975
v -0.208333 -612.619975 -600.119975
v 0.000000 -612.619975 -600.119975
v 0.208333 -612.619975 -600.119975
v 0.416667 -612.619975 -600.119975
v 0.625000 -612.619975 -600.119975
v 0.833333 -612.619975 -600.119975
v 1.041667 -612.619975 -600.119975
v 1.250000 -612.619975 -600.119975
v 1.458333 -612.619975 -600.119975
v 1.666667 -612.619975 -600.119975
v 1.875000 -612.619975 -600.119975
v 2.083333 -612.619975 -600.119975
v 2.291667 -612.619975 -600.119975
v 2.500000 -612.619975 -600.119975
v 2.708333 -612.619975 -600.119975
v 2.916667 -612.619975 -600.119975
v 3.125000 -612.619975 -600.119975
v 3.333333 -612.619975 -600.119975
v 3.541667 -612.619975 -600.119975
v 3.750000 -612.619975 -600.119975
v 3.958333 -612.619975 -600.119975
v 4.166667 -612.619975 -600.119975
v 4.375000 -612.619975 -600.119975
v 4.583333 -612.619975 -600.119975
v 4.791667 -612.619975 -600.119975
v 5.000000 -612.619975 -600.119975
v -5.000000 -603.922584 -591.422584
v -4.791667 -603.922584 -591.422584
v -4.583333 -603.922584 -591.422584
v -4.375000 -603.922584 -591.422584
v -4.166667 -603.922584 -591.422584
v -3.958333 -603.922584 -591.422584
v -3.750000 -603.922584 -591.422584
v -3.541667 -603.922584 -591.422584
v -3.333333 -603.922584 -591.422584
v -3.125000 -603.922584 -591.422584
v -2.916667 -603.922584 -591.422584
v -2.708333 -603.922584 -591.422584
v -2.500000 -603.922584 -591.422584
v -2.291667 -603.922584 -591.422584
v -2.083333 -603.922584 -591.422584
v -1.875000 -603.922584 -591.422584
v -1.666667 -603.922584 -591.422584
v -1.458333 -603.922584 -591.422584
v -1.250000 -603.922584 -591.422584
v -1.041667 -603.922584 -591.422584
v -0.833333 -603.922584 -591.422584
v -0.625000 -603.922584 -591.422584
v -0.416667 -603.922584 -591.422584
v -0.208333 -603.922584 -591.422584
v 0.000000 -603.922584 -591.422584
v 0.208333 -603.922584 -591.422584
v 0.416667 -603.922584 -591.422584
v 0.625000 -603.922584 -591.422584
v 0.833333 -603.922584 -591.422584
v 1.041667 -603.922584 -591.422584
v 1.250000 -603.922584 -591.422584
v 1.458333 -603.922584 -591.422584
v 1.666667 -603.922584 -591.422584
v 1.875000 -603.922584 -591.422584
v 2.083333 -603.922584 -591.422584
v 2.291667 -603.922584 -591.422584
v 2.500000 -603.922584 -591.422584
v 2.708333 -603.922584 -591.422584
v 2.916667 -603.922584 -591.422584
v 3.125000 -603.922584 -591.422584
v 3.333333 -603.922584 -591.422584
v 3.541667 -603.922584 -591.422584
v 3.750000 -603.922584 -591.422584
v 3.958333 -603.922584 -591.422584
v 4.166667 -603.922584 -591.422584
v 4.375000 -603.922584 -591.422584
v 4.583333 -603.922584 -591.422584
v 4.791667 -603.922584 -591.422584
v 5.000000 -603.922584 -591.422584
v -5.000000 -595.225193 -582.725193
v -4.791667 -595.225193 -582.725193
v -4.583333 -595.225193 -582.725193
v -4.375000 -595.225193 -582.725193
v -4.166667 -595.225193 -582.725193
v -3.958333 -595.225193 -582.725193
v -3.750000 -595.225193 -582.725193
v -3.541667 -595.225193 -582.725193
v -3.333333 -595.225193 -582.725193
v -3.125000 -595.225193 -582.725193
v -2.916667 -595.225193 -582.725193
v -2.708333 -595.225193 -582.725193
v -2.500000 -595.225193 -582.725193
v -2.291667 -595.225193 -582.725193
v -2.083333 -595.225193 -582.725193
v -1.875000 -595.225193 -582.725193
v -1.666667 -595.225193 -582.725193
v -1.458333 -595.225193 -582.725193
v -1.250000 -595.225193 -582.725193
v -1.041667 -595.225193 -582.725193
v -0.833333 -595.225193 -582.725193
v -0.625000 -595.225193 -582.725193
v -0.416667 -595.225193 -582.725193
v -0.208333 -595.225193 -582.725193
v 0.000000 -595.225193 -582.725193
v 0.208333 -595.225193 -582.725193
v 0.416667 -595.225193 -582.725193
v 0.625000 -595.225193 -582.725193
v 0.833333 -595.225193 -582.725193
v 1.041667 -595.225193 -582.725193
v 1.250000 -595.225193 -582.725193
v 1.458333 -595.225193 -582.725193
v 1.666667 -595.225193 -582.725193
v 1.875000 -595.225193 -582.725193
v 2.083333 -595.225193 -582.725193
v 2.291667 -595.225193 -582.725193
v 2.500000 -595.225193 -582.725193
v 2.708333 -595.225193 -582.725193
v 2.916667 -595.225193 -582.725193
v 3.125000 -595.225193 -582.725193
v 3.333333 -595.225193 -582.725193
v 3.541667 -595.225193 -582.725193
v 3.750000 -595.225193 -582.725193
v 3.958333 -595.225193 -582.725193
v 4.166667 -595.225193 -582.725193
v 4.375000 -595.225193 -582.725193
v 4.583333 -595.225193 -582.725193
v 4.791667 -595.225193 -582.725193
v 5.000000 -595.225193 -582.725193
v -5.000000 -586.527802 -574.027802
v -4.791667 -586.527802 -574.027802
v -4.583333 -586.527802 -574.027802
v -4.375000 -586.527802 -574.027802
v -4.166667 -586.527802 -574.027802
v -3.958333 -586.527802 -574.027802
v -3.750000 -586.527802 -574.027802
v -3.541667 -586.527802 -574.027802
v -3.333333 -586.527802 -574.027802
v -3.125000 -586.527802 -574.027802
v -2.916667 -586.527802 -574.027802
v -2.708333 -586.527802 -574.027802
v -2.500000 -586.527802 -574.027802
v -2.291667 -586.527802 -574.027802
v -2.083333 -586.527802 -574.027802
v -1.875000 -586.527802 -574.027802
v -1.666667 -586.527802 -574.027802
v -1.458333 -586.527802 -574.027802
v -1.250000 -586.527802 -574.027802
v -1.041667 -586.527802 -574.027802
v -0.833333 -586.527802 -574.027802
v -0.625000 -586.527802 -574.027802
v -0.416667 -586.527802 -574.027802
v -0.208333 -586.527802 -574.027802
v 0.000000 -586.527802 -574.027802
v 0.208333 -586.527802 -574.027802
v 0.416667 -586.527802 -574.027802
v 0.625000 -586.527802 -574.027802
v 0.833333 -586.527802 -574.027802
v 1.041667 -586.527802 -574.027802
v 1.250000 -586.527802 -574.027802
v 1.458333 -586.527802 -574.027802
v 1.666667 -586.527802 -574.027802
v 1.875000 -586.527802 -574.027802
v 2.083333 -586.527802 -574.027802
v 2.291667 -586.527802 -574.027802
v 2.500000 -586.527802 -574.027802
v 2.708333 -586.527802 -574.027802
v 2.916667 -586.527802 -574.027802
v 3.125000 -586.527802 -574.027802
v 3.333333 -586.527802 -574.027802
v 3.541667 -586.527802 -574.027802
v 3.750000 -586.527802 -574.027802
v 3.958333 -586.527802 -574.027802
v 4.166667 -586.527802 -574.027802
v 4.375000 -586.527802 -574.027802
v 4.583333 -586.527802 -574.027802
v 4.791667 -586.527802 -574.027802
v 5.000000 -586.527802 -574.027802
v -5.000000 -577.830411 -565.330411
v -4.791667 -577.830411 -565.330411
v -4.583333 -577.830411 -565.330411
v -4.375000 -577.830411 -565.330411
v -4.166667 -577.830411 -565.330411
v -3.958333 -577.830411 -565.330411
v -3.750000 -577.830411 -565.330411
v -3.541667 -577.830411 -565.330411
v -3.333333 -577.830411 -565.330411
v -3.125000 -577.830411 -565.330411
v -2.916667 -577.830411 -565.330411
v -2.708333 -577.830411 -565.330411
v -2.500000 -577.830411 -565.330411
v -2.291667 -577.830411 -565.330411
v -2.083333 -577.830411 -565.330411
v -1.875000 -577.830411 -565.330411
v -1.666667 -577.830411 -565.330411
v -1.458333 -577.830411 -565.330411
v -1.250000 -577.830411 -565.330411
v -1.041667 -577.830411 -565.330411
v -0.833333 -577.830411 -565.330411
v -0.625000 -577.830411 -565.330411
v -0.416667 -577.830411 -565.330411
v -0.208333 -577.830411 -565.330411
v 0.000000 -577.830411 -565.330411
v 0.208333 -577.830411 -565.330411
v 0.416667 -577.830411 -565.330411
v 0.625000 -577.830411 -565.330411
v 0.833333 -577.830411 -565.330411
v 1.041667 -577.830411 -565.330411
v 1.250000 -577.830411 -565.330411
v 1.458333 -577.830411 -565.330411
v 1.666667 -577.830411 -565.330411
v 1.875000 -577.830411 -565.330411
v 2.083333 -577.830411 -565.330411
v 2.291667 -577.830411 -565.330411
v 2.500000 -577.830411 -565.330411
v 2.708333 -577.830411 -565.330411
v 2.916667 -577.830411 -565.330411
v 3.125000 -577.830411 -565.330411
v 3.333333 -577.830411 -565.330411
v 3.541667 -577.830411 -565.330411
v 3.750000 -577.830411 -565.330411
v 3.958333 -577.830411 -565.330411
v 4.166667 -577.830411 -565.330411
v 4.375000 -577.830411 -565.330411
v 4.583333 -577.830411 -565.330411
v 4.791667 -577.830411 -565.330411
v 5.000000 -577.830411 -565.330411
v -5.000000 -569.133020 -556.633020
v -4.791667 -569.133020 -556.633020
v -4.583333 -569.133020 -556.633020
v -4.375000 -569.133020 -556.633020
v -4.166667 -569.133020 -556.633020
v -3.958333 -569.133020 -556.633020
v -3.750000 -569.133020 -556.633020
v -3.541667 -569.133020 -556.633020
v -3.333333 -569.133020 -556.633020
v -3.125000 -569.133020 -556.633020
v -2.916667 -569.133020 -556.633020
v -2.708333 -569.133020 -556.633020
v -2.500000 -569.133020 -556.633020
v -2.291667 -569.133020 -556.633020
v -2.083333 -569.133020 -556.633020
v -1.875000 -569.133020 -556.633020
v -1.666667 -569.133020 -556.633020
v -1.458333 -569.133020 -556.633020
v -1.250000 -569.133020 -556.633020
v -1.041667 -569.133020 -556.633020
v -0.833333 -569.133020 -556.633020
v -0.625000 -569.133020 -556.633020
v -0.416667 -569.133020 -556.633020
v -0.208333 -569.133020 -556.633020
v 0.000000 -569.133020 -556.633020
v 0.208333 -569.133020 -556.633020
v 0.416667 -569.133020 -556.633020
v 0.625000 -569.133020 -556.633020
v 0.833333 -569.133020 -556.633020
v 1.041667 -569.133020 -556.633020
v 1.250000 -569.133020 -556.633020
v 1.458333 -569.133020 -556.633020
v 1.666667 -569.133020 -556.633020
v 1.875000 -569.133020 -556.633020
v 2.083333 -569.133020 -556.633020
v 2.291667 -569.133020 -556.633020
v 2.500000 -569.133020 -556.633020
v 2.708333 -569.133020 -556.633020
v 2.916667 -569.133020 -556.633020
v 3.125000 -569.133020 -556.633020
v 3.333333 -569.133020 -556.633020
v 3.541667 -569.133020 -556.633020
v 3.750000 -569.133020 -556.633020
v 3.958333 -569.133020 -556.633020
v 4.166667 -569.133020 -556.633020
v 4.375000 -569.133020 -556.633020
v 4.583333 -569.133020 -556.633020
v 4.791667 -569.133020 -556.633020
v 5.000000 -569.133020 -556.633020
v -5.000000 -560.435629 -547.935629
v -4.791667 -560.435629 -547.935629
v -4.583333 -560.435629 -547.935629
v -4.375000 -560.435629 -547.935629
v -4.166667 -560.435629 -547.935629
v -3.958333 -560.435629 -547.935629
v -3.750000 -560.435629 -547.935629
v -3.541667 -560.435629 -547.935629
v -3.333333 -560.435629 -547.935629
v -3.125000 -560.435629 -547.935629
v -2.916667 -560.435629 -547.935629
v -2.708333 -560.435629 -547.935629
v -2.500000 -560.435629 -547.935629
v -2.291667 -560.435629 -547.935629
v -2.083333 -560.435629 -547.935629
v -1.875000 -560.435629 -547.935629
v -1.666667 -560.435629 -547.935629
v -1.458333 -560.435629 -547.935629
v -1.250000 -560.435629 -547.935629
v -1.041667 -560.435629 -547.935629
v -0.833333 -560.435629 -547.935629
v -0.625000 -560.435629 -547.935629
v -0.416667 -560.435629 -547.935629
v -0.208333 -560.435629 -547.935629
v 0.000000 -560.435629 -547.935629
v 0.208333 -560.435629 -547.935629
v 0.416667 -560.435629 -547.935629
v 0.625000 -560.435629 -547.935629
v 0.833333 -560.435629 -547.935629
v 1.041667 -560.435629 -547.935629
v 1.250000 -560.435629 -547.935629
v 1.458333 -560.435629 -547.935629
v 1.666667 -560.435629 -547.935629
v 1.875000 -560.435629 -547.935629
v 2.083333 -560.435629 -547.935629
v 2.291667 -560.435629 -547.935629
v 2.500000 -560.435629 -547.935629
v 2.708333 -560.435629 -547.935629
v 2.916667 -560.435629 -547.935629
v 3.125000 -560.435629 -547.935629
v 3.333333 -560.435629 -547.935629
v 3.541667 -560.435629 -547.935629
v 3.750000 -560.435629 -547.935629
v 3.958333 -560.435629 -547.935629
v 4.166667 -560.435629 -547.935629
v 4.375000 -560.435629 -547.935629
v 4.583333 -560.435629 -547.935629
v 4.791667 -560.435629 -547.935629
v 5.000000 -560.435629 -547.935629
v -5.000000 -551.738238 -539.238238
v -4.791667 -551.738238 -539.238238
v -4.583333 -551.738238 -539.238238
v -4.375000 -551.738238 -539.238238
v -4.166667 -551.738238 -539.238238
v -3.958333 -551.738238 -539.238238
v -3.750000 -551.738238 -539.238238
v -3.541667 -551.738238 -539.238238
v -3.333333 -551.738238 -539.238238
v -3.125000 -551.738238 -539.238238
v -2.916667 -551.738238 -539.238238
v -2.708333 -551.738238 -539.238238
v -2.500000 -551.738238 -539.238238
v -2.291667 -551.738238 -539.238238
v -2.083333 -551.738238 -539.238238
v -1.875000 -551.738238 -539.238238
v -1.666667 -551.738238 -539.238238
v -1.458333 -551.738238 -539.238238
v -1.250000 -551.738238 -539.238238
v -1.041667 -551.738238 -539.238238
v -0.833333 -551.738238 -539.238238
v -0.625000 -551.738238 -539.238238
v -0.416667 -551.738238 -539.238238
v -0.208333 -551.738238 -539.238238
v 0.000000 -551.738238 -539.238238
v 0.208333 -551.738238 -539.238238
v 0.416667 -551.738238 -539.238238
v 0.625000 -551.738238 -539.238238
v 0.833333 -551.738238 -539.238238
v 1.041667 -551.738238 -539.238238
v 1.250000 -551.738238 -539.238238
v 1.458333 -551.738238 -539.238238
v 1.666667 -551.738238 -539.238238
v 1.875000 -551.738238 -539.238238
v 2.083333 -551.738238 -539.238238
v 2.291667 -551.738238 -539.238238
v 2.500000 -551.738238 -539.238238
v 2.708333 -551.738238 -539.238238
v 2.916667 -551.738238 -539.238238
v 3.125000 -551.738238 -539.238238
v 3.333333 -551.738238 -539.238238
v 3.541667 -551.738238 -539.238238
v 3.750000 -551.738238 -539.238238
v 3.958333 -551.738238 -539.238238
v 4.166667 -551.738238 -539.238238
v 4.375000 -551.738238 -539.238238
v 4.583333 -551.738238 -539.238238
v 4.791667 -551.738238 -539.238238
v 5.000000 -551.738238 -539.238238
v -5.000000 -543.040847 -530.540847
v -4.791667 -543.040847 -530.540847
v -4.583333 -543.040847 -530.540847
v -4.375000 -543.040847 -530.540847
v -4.166667 -543.040847 -530.540847
v -3.958333 -543.040847 -530.540847
v -3.750000 -543.040847 -530.540847
v -3.541667 -543.040847 -530.540847
v -3.333333 -543.040847 -530.540847
v -3.125000 -543.040847 -530.540847
v -2.916667 -543.040847 -530.540847
v -2.708333 -543.040847 -530.540847
v -2.500000 -543.040847 -530.540847
v -2.291667 -543.040847 -530.540847
v -2.083333 -543.040847 -530.540847
v -1.875000 -543.040847 -530.540847
v -1.666667 -543.040847 -530.540847
v -1.458333 -543.040847 -530.540847
v -1.250000 -543.040847 -530.540847
v -1.041667 -543.040847 -530.540847
v -0.833333 -543.040847 -530.540847
v -0.625000 -543.040847 -530.540847
v -0.416667 -543.040847 -530.540847
v -0.208333 -543.040847 -530.540847
v 0.000000 -543.040847 -530.540847
v 0.208333 -543.040847 -530.540847
v 0.416667 -543.040847 -530.540847
v 0.625000 -543.040847 -530.540847
v 0.833333 -543.040847 -530.540847
v 1.041667 -543.040847 -530.540847
v 1.250000 -543.040847 -530.540847
v 1.458333 -543.040847 -530.540847
v 1.666667 -543.040847 -530.540847
v 1.875000 -543.040847 -530.540847
v 2.083333 -543.040847 -530.540847
v 2.291667 -543.040847 -530.540847
v 2.500000 -543.040847 -530.540847
v 2.708333 -543.040847 -530.540847
v 2.916667 -543.040847 -530.540847
v 3.125000 -543.040847 -530.540847
v 3.333333 -543.040847 -530.540847
v 3.541667 -543.040847 -530.540847
v 3.750000 -543.040847 -530.540847
v 3.958333 -543.040847 -530.540847
v 4.166667 -543.040847 -530.540847
v 4.375000 -543.040847 -530.540847
v 4.583333 -543.040847 -530.540847
v 4.791667 -543.040847 -530.540847
v 5.000000 -543.040847 -530.540847
v -5.000000 -534.343456 -521.843456
v -4.791667 -534.343456 -521.843456
v -4.583333 -534.343456 -521.843456
v -4.375000 -534.343456 -521.843456
v -4.166667 -534.343456 -521.843456
v -3.958333 -534.343456 -521.843456
v -3.750000 -534.343456 -521.843456
v -3.541667 -534.343456 -521.843456
v -3.333333 -534.343456 -521.843456
v -3.125000 -534.343456 -521.843456
v -2.916667 -534.343456 -521.843456
v -2.708333 -534.343456 -521.843456
v -2.500000 -534.343456 -521.843456
v -2.291667 -534.343456 -521.843456
v -2.083333 -534.343456 -521.843456
v -1.875000 -534.343456 -521.843456
v -1.666667 -534.343456 -521.843456
v -1.458333 -534.343456 -521.843456
v -1.250000 -534.343456 -521.843456
v -1.041667 -534.343456 -521.843456
v -0.833333 -534.343456 -521.843456
v -0.625000 -534.343456 -521.843456
v -0.416667 -534.343456 -521.843456
v -0.208333 -534.343456 -521.843456
v 0.000000 -534.343456 -521.843456
v 0.208333 -534.343456 -521.843456
v 0.416667 -534.343456 -521.843456
v 0.625000 -534.343456 -521.843456
v 0.833333 -534.343456 -521.843456
v 1.041667 -534.343456 -521.843456
v 1.250000 -534.343456 -521.843456
v 1.458333 -534.343456 -521.843456
v 1.666667 -534.343456 -521.843456
v 1.875000 -534.343456 -521.843456
v 2.083333 -534.343456 -521.843456
v 2.291667 -534.343456 -521.843456
v 2.500000 -534.343456 -521.843456
v 2.708333 -534.343456 -521.843456
v 2.916667 -534.343456 -521.843456
v 3.125000 -534.343456 -521.843456
v 3.333333 -534.343456 -521.843456
v 3.541667 -534.343456 -521.843456
v 3.750000 -534.343456 -521.843456
v 3.958333 -534.343456 -521.843456
v 4.166667 -534.343456 -521.843456
v 4.375000 -534.343456 -521.843456
v 4.583333 -534.343456 -521.843456
v 4.791667 -534.343456 -521.843456
v 5.000000 -534.343456 -521.843456
v -5.000000 -525.646065 -513.146065
v -4.791667 -525.646065 -513.146065
v -4.583333 -525.646065 -513.146065
v -4.375000 -525.646065 -513.146065
v -4.166667 -525.646065 -513.146065
v -3.958333 -525.646065 -513.146065
v -3.750000 -525.646065 -513.146065
v -3.541667 -525.646065 -513.146065
v -3.333333 -525.646065 -513.146065
v -3.125000 -525.646065 -513.146065
v -2.916667 -525.646065 -513.146065
v -2.708333 -525.646065 -513.146065
v -2.500000 -525.646065 -513.146065
v -2.291667 -525.646065 -513.146065
v -2.083333 -525.646065 -513.146065
v -1.875000 -525.646065 -513.146065
v -1.666667 -525.646065 -513.146065
v -1.458333 -525.646065 -513.146065
v -1.250000 -525.646065 -513.146065
v -1.041667 -525.646065 -513.146065
v -0.833333 -525.646065 -513.146065
v -0.625000 -525.646065 -513.146065
v -0.416667 -525.646065 -513.146065
v -0.208333 -525.646065 -513.146065
v 0.000000 -525.646065 -513.146065
v 0.208333 -525.646065 -513.146065
v 0.416667 -525.646065 -513.146065
v 0.625000 -525.646065 -513.146065
v 0.833333 -525.646065 -513.146065
v 1.041667 -525.646065 -513.146065
v 1.250000 -525.646065 -513.146065
v 1.458333 -525.646065 -513.146065
v 1.666667 -525.646065 -513.146065
v 1.875000 -525.646065 -513.146065
v 2.083333 -525.646065 -513.146065
v 2.291667 -525.646065 -513.146065
v 2.500000 -525.646065 -513.146065
v 2.708333 -525.646065 -513.146065
v 2.916667 -525.646065 -513.146065
v 3.125000 -525.646065 -513.146065
v 3.333333 -525.646065 -513.146065
v 3.541667 -525.646065 -513.146065
v 3.750000 -525.646065 -513.146065
v 3.958333 -525.646065 -513.146065
v 4.166667 -525.646065 -513.146065
v 4.375000 -525.646065 -513.146065
v 4.583333 -525.646065 -513.146065
v 4.791667 -525.646065 -513.146065
v 5.000000 -525.646065 -513.146065
v -5.000000 -516.948674 -504.448674
v -4.791667 -516.948674 -504.448674
v -4.583333 -516.948674 -504.448674
v -4.375000 -516.948674 -504.448674
v -4.166667 -516.948674 -504.448674
v -3.958333 -516.948674 -504.448674
v -3.750000 -516.948674 -504.448674
v -3.541667 -516.948674 -504.448674
v -3.333333 -516.948674 -504.448674
v -3.125000 -516.948674 -504.448674
v -2.916667 -516.948674 -504.448674
v -2.708333 -516.948674 -504.448674
v -2.500000 -516.948674 -504.448674
v -2.291667 -516.948674 -504.448674
v -2.083333 -516.948674 -504.448674
v -1.875000 -516.948674 -504.448674
v -1.666667 -516.948674 -504.448674
v -1.458333 -516.948674 -504.448674
v -1.250000 -516.948674 -504.448674
v -1.041667 -516.948674 -504.448674
v -0.833333 -516.948674 -504.448674
v -0.625000 -516.948674 -504.448674
v -0.416667 -516.948674 -504.448674
v -0.208333 -516.948674 -504.448674
v 0.000000 -516.948674 -504.448674
v 0.208333 -516.948674 -504.448674
v 0.416667 -516.948674 -504.448674
v 0.625000 -516.948674 -504.448674
v 0.833333 -516.948674 -504.448674
v 1.041667 -516.948674 -504.448674
v 1.250000 -516.948674 -504.448674
v 1.458333 -516.948674 -504.448674
v 1.666667 -516.948674 -504.448674
v 1.875000 -516.948674 -504.448674
v 2.083333 -516.948674 -504.448674
v 2.291667 -516.948674 -504.448674
v 2.500000 -516.948674 -504.448674
v 2.708333 -516.948674 -504.448674
v 2.916667 -516.948674 -504.448674
v 3.125000 -516.948674 -504.448674
v 3.333333 -516.948674 -504.448674
v 3.541667 -516.948674 -504.448674
v 3.750000 -516.948674 -504.448674
v 3.958333 -516.948674 -504.448674
v 4.166667 -516.948674 -504.448674
v 4.375000 -516.948674 -504.448674
v 4.583333 -516.948674 -504.448674
v 4.791667 -516.948674 -504.448674
v 5.000000 -516.948674 -504.448674
v -5.000000 -508.251283 -495.751283
v -4.791667 -508.251283 -495.751283
v -4.583333 -508.251283 -495.751283
v -4.375000 -508.251283 -495.751283
v -4.166667 -508.251283 -495.751283
v -3.958333 -508.251283 -495.751283
v -3.750000 -508.251283 -495.751283
v -3.541667 -508.251283 -495.751283
v -3.333333 -508.251283 -495.751283
v -3.125000 -508.251283 -495.751283
v -2.916667 -508.251283 -495.751283
v -2.708333 -508.251283 -495.751283
v -2.500000 -508.251283 -495.751283
v -2.291667 -508.251283 -495.751283
v -2.083333 -508.251283 -495.751283
v -1.875000 -508.251283 -495.751283
v -1.666667 -508.251283 -495.751283
v -1.458333 -508.251283 -495.751283
v -1.250000 -508.251283 -495.751283
v -1.041667 -508.251283 -495.751283
v -0.833333 -508.251283 -495.751283
v -0.625000 -508.251283 -495.751283
v -0.416667 -508.251283 -495.751283
v -0.208333 -508.251283 -495.751283
v 0.000000 -508.251283 -495.751283
v 0.208333 -508.251283 -495.751283
v 0.416667 -508.251283 -495.751283
v 0.625000 -508.251283 -495.751283
v 0.833333 -508.251283 -495.751283
v 1.041667 -508.251283 -495.751283
v 1.250000 -508.251283 -495.751283
v 1.458333 -508.251283 -495.751283
v 1.666667 -508.251283 -495.751283
v 1.875000 -508.251283 -495.751283
v 2.083333 -508.251283 -495.751283
v 2.291667 -508.251283 -495.751283
v 2.500000 -508.251283 -495.751283
v 2.708333 -508.251283 -495.751283
v 2.916667 -508.251283 -495.751283
v 3.125000 -508.251283 -495.751283
v 3.333333 -508.251283 -495.751283
v 3.541667 -508.251283 -495.751283
v 3.750000 -508.251283 -495.751283
v 3.958333 -508.251283 -495.751283
v 4.166667 -508.251283 -495.751283
v 4.375000 -508.251283 -495.751283
v 4.583333 -508.251283 -495.751283
v 4.791667 -508.251283 -495.751283
v 5.000000 -508.251283 -495.751283
v -5.000000 -499.553893 -487.053893
v -4.791667 -499.553893 -487.053893
v -4.583333 -499.553893 -487.053893
v -4.375000 -499.553893 -487.053893
v -4.166667 -499.553893 -487.053893
v -3.958333 -499.553893 -487.053893
v -3.750000 -499.553893 -487.053893
v -3.541667 -499.553893 -487.053893
v -3.333333 -499.553893 -487.053893
v -3.125000 -499.553893 -487.053893
v -2.916667 -499.553893 -487.053893
v -2.708333 -499.553893 -487.053893
v -2.500000 -499.553893 -487.053893
v -2.291667 -499.553893 -487.053893
v -2.083333 -499.553893 -487.053893
v -1.875000 -499.553893 -487.053893
v -1.666667 -499.553893 -487.053893
v -1.458333 -499.553893 -487.053893
v -1.250000 -499.553893 -487.053893
v -1.041667 -499.553893 -487.053893
v -0.833333 -499.553893 -487.053893
v -0.625000 -499.553893 -487.053893
v -0.416667 -499.553893 -487.053893
v -0.208333 -499.553893 -487.053893
v 0.000000 -499.553893 -487.053893
v 0.208333 -499.553893 -487.053893
v 0.416667 -499.553893 -487.053893
v 0.625000 -499.553893 -487.053893
v 0.833333 -499.553893 -487.053893
v 1.041667 -499.553893 -487.053893
v 1.250000 -499.553893 -487.053893
v 1.458333 -499.553893 -487.053893
v 1.666667 -499.553893 -487.053893
v 1.875000 -499.553893 -487.053893
v 2.083333 -499.553893 -487.053893
v 2.291667 -499.553893 -487.053893
v 2.500000 -499.553893 -487.053893
v 2.708333 -499.553893 -487.053893
v 2.916667 -499.553893 -487.053893
v 3.125000 -499.553893 -487.053893
v 3.333333 -499.553893 -487.053893
v 3.541667 -499.553893 -487.053893
v 3.750000 -499.553893 -487.053893
v 3.958333 -499.553893 -487.053893
v 4.166667 -499.553893 -487.053893
v 4.375000 -499.553893 -487.053893
v 4.583333 -499.553893 -487.053893
v 4.791667 -499.553893 -487.053893
v 5.000000 -499.553893 -487.053893
v -5.000000 -490.856502 -478.356502
v -4.791667 -490.856502 -478.356502
v -4.583333 -490.856502 -478.356502
v -4.375000 -490.856502 -478.356502
v -4.166667 -490.856502 -478.356502
v -3.958333 -490.856502 -478.356502
v -3.750000 -490.856502 -478.356502
v -3.541667 -490.856502 -478.356502
v -3.333333 -490.856502 -478.356502
v -3.125000 -490.856502 -478.356502
v -2.916667 -490.856502 -478.356502
v -2.708333 -490.856502 -478.356502
v -2.500000 -490.856502 -478.356502
v -2.291667 -490.856502 -478.356502
v -2.083333 -490.856502 -478.356502
v -1.875000 -490.856502 -478.356502
v -1.666667 -490.856502 -478.356502
v -1.458333 -490.856502 -478.356502
v -1.250000 -490.856502 -478.356502
v -1.041667 -490.856502 -478.356502
v -0.833333 -490.856502 -478.356502
v -0.625000 -490.856502 -478.356502
v -0.416667 -490.856502 -478.356502
v -0.208333 -490.856502 -478.356502
v 0.000000 -490.856502 -478.356502
v 0.208333 -490.856502 -478.356502
v 0.416667 -490.856502 -478.356502
v 0.625000 -490.856502 -478.356502
v 0.833333 -490.856502 -478.356502
v 1.041667 -490.856502 -478.356502
v 1.250000 -490.856502 -478.356502
v 1.458333 -490.856502 -478.356502
v 1.666667 -490.856502 -478.356502
v 1.875000 -490.856502 -478.356502
v 2.083333 -490.856502 -478.356502
v 2.291667 -490.856502 -478.356502
v 2.500000 -490.856502 -478.356502
v 2.708333 -490.856502 -478.356502
v 2.916667 -490.856502 -478.356502
v 3.125000 -490.856502 -478.356502
v 3.333333 -490.856502 -478.356502
v 3.541667 -490.856502 -478.356502
v 3.750000 -490.856502 -478.356502
v 3.958333 -490.856502 -478.356502
v 4.166667 -490.856502 -478.356502
v 4.375000 -490.856502 -478.356502
v 4.583333 -490.856502 -478.356502
v 4.791667 -490.856502 -478.356502
v 5.000000 -490.856502 -478.356502
v -5.000000 -482.159111 -469.659111
v -4.791667 -482.159111 -469.659111
v -4.583333 -482.159111 -469.659111
v -4.375000 -482.159111 -469.659111
v -4.166667 -482.159111 -469.659111
v -3.958333 -482.159111 -469.659111
v -3.750000 -482.159111 -469.659111
v -3.541667 -482.159111 -469.659111
v -3.333333 -482.159111 -469.659111
v -3.125000 -482.159111 -469.659111
v -2.916667 -482.159111 -469.659111
v -2.708333 -482.159111 -469.659111
v -2.500000 -482.159111 -469.659111
v -2.291667 -482.159111 -469.659111
v -2.083333 -482.159111 -469.659111
v -1.875000 -482.159111 -469.659111
v -1.666667 -482.159111 -469.659111
v -1.458333 -482.159111 -469.659111
v -1.250000 -482.159111 -469.659111
v -1.041667 -482.159111 -469.659111
v -0.833333 -482.159111 -469.659111
v -0.625000 -482.159111 -469.659111
v -0.416667 -482.159111 -469.659111
v -0.208333 -482.159111 -469.659111
v 0.000000 -482.159111 -469.659111
v 0.208333 -482.159111 -469.659111
v 0.416667 -482.159111 -469.659111
v 0.625000 -482.159111 -469.659111
v 0.833333 -482.159111 -469.659111
v 1.041667 -482.159111 -469.659111
v 1.250000 -482.159111 -469.659111
v 1.458333 -482.159111 -469.659111
v 1.666667 -482.159111 -469.659111
v 1.875000 -482.159111 -469.659111
v 2.083333 -482.159111 -469.659111
v 2.291667 -482.159111 -469.659111
v 2.500000 -482.159111 -469.659111
v 2.708333 -482.159111 -469.659111
v 2.916667 -482.159111 -469.659111
v 3.125000 -482.159111 -469.659111
v 3.333333 -482.159111 -469.659111
v 3.541667 -482.159111 -469.659111
v 3.750000 -482.159111 -469.659111
v 3.958333 -482.159111 -469.659111
v 4.166667 -482.159111 -469.659111
v 4.375000 -482.159111 -469.659111
v 4.583333 -482.159111 -469.659111
v 4.791667 -482.159111 -469.659111
v 5.000000 -482.159111 -469.659111
v -5.000000 -473.461720 -460.961720
v -4.791667 -473.461720 -460.961720
v -4.583333 -473.461720 -460.961720
v -4.375000 -473.461720 -460.961720
v -4.166667 -473.461720 -460.961720
v -3.958333 -473.461720 -460.961720
v -3.750000 -473.461720 -460.961720
v -3.541667 -473.461720 -460.961720
v -3.333333 -473.461720 -460.961720
v -3.125000 -473.461720 -460.961720
v -2.916667 -473.461720 -460.961720
v -2.708333 -473.461720 -460.961720
v -2.500000 -473.461720 -460.961720
v -2.291667 -473.461720 -460.961720
v -2.083333 -473.461720 -460.961720
v -1.875000 -473.461720 -460.961720
v -1.666667 -473.461720 -460.961720
v -1.458333 -473.461720 -460.961720
v -1.250000 -473.461720 -460.961720
v -1.041667 -473.461720 -460.961720
v -0.833333 -473.461720 -460.961720
v -0.625000 -473.461720 -460.961720
v -0.416667 -473.461720 -460.961720
v -0.208333 -473.461720 -460.961720
v 0.000000 -473.461720 -460.961720
v 0.208333 -473.461720 -460.961720
v 0.416667 -473.461720 -460.961720
v 0.625000 -473.461720 -460.961720
v 0.833333 -473.461720 -460.961720
v 1.041667 -473.461720 -460.961720
v 1.250000 -473.461720 -460.961720
v 1.458333 -473.461720 -460.961720
v 1.666667 -473.461720 -460.961720
v 1.875000 -473.461720 -460.961720
v 2.083333 -473.461720 -460.961720
v 2.291667 -473.461720 -460.961720
v 2.500000 -473.461720 -460.961720
v 2.708333 -473.461720 -460.961720
v 2.916667 -473.461720 -460.961720
v 3.125000 -473.461720 -460.961720
v 3.333333 -473.461720 -460.961720
v 3.541667 -473.461720 -460.961720
v 3.750000 -473.461720 -460.961720
v 3.958333 -473.461720 -460.961720
v 4.166667 -473.461720 -460.961720
v 4.375000 -473.461720 -460.961720
v 4.583333 -473.461720 -460.961720
v 4.791667 -473.461720 -460.961720
v 5.000000 -473.461720 -460.961720
v -5.000000 -464.764329 -452.264329
v -4.791667 -464.764329 -452.264329
v -4.583333 -464.764329 -452.264329
v -4.375000 -464.764329 -452.264329
v -4.166667 -464.764329 -452.264329
v -3.958333 -464.764329 -452.264329
v -3.750000 -464.764329 -452.264329
v -3.541667 -464.764329 -452.264329
v -3.333333 -464.764329 -452.264329
v -3.125000 -464.764329 -452.264329
v -2.916667 -464.764329 -452.264329
v -2.708333 -464.764329 -452.264329
v -2.500000 -464.764329 -452.264329
v -2.291667 -464.764329 -452.264329
v -2.083333 -464.764329 -452.264329
v -1.875000 -464.764329 -452.264329
v -1.666667 -464.764329 -452.264329
v -1.458333 -464.764329 -452.264329
v -1.250000 -464.764329 -452.264329
v -1.041667 -464.764329 -452.264329
v -0.833333 -464.764329 -452.264329
v -0.625000 -464.764329 -452.264329
v -0.416667 -464.764329 -452.264329
v -0.208333 -464.764329 -452.264329
v 0.000000 -464.764329 -452.264329
v 0.208333 -464.764329 -452.264329
v 0.416667 -464.764329 -452.264329
v 0.625000 -464.764329 -452.264329
v 0.833333 -464.764329 -452.264329
v 1.041667 -464.764329 -452.264329
v 1.250000 -464.764329 -452.264329
v 1.458333 -464.764329 -452.264329
v 1.666667 -464.764329 -452.264329
v 1.875000 -464.764329 -452.264329
v 2.083333 -464.764329 -452.264329
v 2.291667 -464.764329 -452.264329
v 2.500000 -464.764329 -452.264329
v 2.708333 -464.764329 -452.264329
v 2.916667 -464.764329 -452.264329
v 3.125000 -464.764329 -452.264329
v 3.333333 -464.764329 -452.264329
v 3.541667 -464.764329 -452.264329
v 3.750000 -464.764329 -452.264329
v 3.958333 -464.764329 -452.264329
v 4.166667 -464.764329 -452.264329
v 4.375000 -464.764329 -452.264329
v 4.583333 -464.764329 -452.264329
v 4.791667 -464.764329 -452.264329
v 5.000000 -464.764329 -452.264329
v -5.000000 -456.066938 -443.566938
v -4.791667 -456.066938 -443.566938
v -4.583333 -456.066938 -443.566938
v -4.375000 -456.066938 -443.566938
v -4.166667 -456.066938 -443.566938
v -3.958333 -456.066938 -443.566938
v -3.750000 -456.066938 -443.566938
v -3.541667 -456.066938 -443.566938
v -3.333333 -456.066938 -443.566938
v -3.125000 -456.066938 -443.566938
v -2.916667 -456.066938 -443.566938
v -2.708333 -456.066938 -443.566938
v -2.500000 -456.066938 -443.566938
v -2.291667 -456.066938 -443.566938
v -2.083333 -456.066938 -443.566938
v -1.875000 -456.066938 -443.566938
v -1.666667 -456.066938 -443.566938
v -1.458333 -456.066938 -443.566938
v -1.250000 -456.066938 -443.566938
v -1.041667 -456.066938 -443.566938
v -0.833333 -456.066938 -443.566938
v -0.625000 -456.066938 -443.566938
v -0.416667 -456.066938 -443.566938
v -0.208333 -456.066938 -443.566938
v 0.000000 -456.066938 -443.566938
v 0.208333 -456.066938 -443.566938
v 0.416667 -456.066938 -443.566938
v 0.625000 -456.066938 -443.566938
v 0.833333 -456.066938 -443.566938
v 1.041667 -456.066938 -443.566938
v 1.250000 -456.066938 -443.566938
v 1.458333 -456.066938 -443.566938
v 1.666667 -456.066938 -443.566938
v 1.875000 -456.066938 -443.566938
v 2.083333 -456.066938 -443.566938
v 2.291667 -456.066938 -443.566938
v 2.500000 -456.066938 -443.566938
v 2.708333 -456.066938 -443.566938
v 2.916667 -456.066938 -443.566938
v 3.125000 -456.066938 -443.566938
v 3.333333 -456.066938 -443.566938
v 3.541667 -456.066938 -443.566938
v 3.750000 -456.066938 -443.566938
v 3.958333 -456.066938 -443.566938
v 4.166667 -456.066938 -443.566938
v 4.375000 -456.066938 -443.566938
v 4.583333 -456.066938 -443.566938
v 4.791667 -456.066938 -443.566938
v 5.000000 -456.066938 -443.566938
v -5.000000 -447.369547 -434.869547
v -4.791667 -447.369547 -434.869547
v -4.583333 -447.369547 -434.869547
v -4.375000 -447.369547 -434.869547
v -4.166667 -447.369547 -434.869547
v -3.958333 -447.369547 -434.869547
v -3.750000 -447.369547 -434.869547
v -3.541667 -447.369547 -434.869547
v -3.333333 -447.369547 -434.869547
v -3.125000 -447.369547 -434.869547
v -2.916667 -447.369547 -434.869547
v -2.708333 -447.369547 -434.869547
v -2.500000 -447.369547 -434.869547
v -2.291667 -447.369547 -434.869547
v -2.083333 -447.369547 -434.869547
v -1.875000 -447.369547 -434.869547
v -1.666667 -447.369547 -434.869547
v -1.458333 -447.369547 -434.869547
v -1.250000 -447.369547 -434.869547
v -1.041667 -447.369547 -434.869547
v -0.833333 -447.369547 -434.869547
v -0.625000 -447.369547 -434.869547
v -0.416667 -447.369547 -434.869547
v -0.208333 -447.369547 -434.869547
v 0.000000 -447.369547 -434.869547
v 0.208333 -447.369547 -434.869547
v 0.416667 -447.369547 -434.869547
v 0.625000 -447.369547 -434.869547
v 0.833333 -447.369547 -434.869547
v 1.041667 -447.369547 -434.869547
v 1.250000 -447.369547 -434.869547
v 1.458333 -447.369547 -434.869547
v 1.666667 -447.369547 -434.869547
v 1.875000 -447.369547 -434.869547
v 2.083333 -447.369547 -434.869547
v 2.291667 -447.369547 -434.869547
v 2.500000 -447.369547 -434.869547
v 2.708333 -447.369547 -434.869547
v 2.916667 -447.369547 -434.869547
v 3.125000 -447.369547 -434.869547
v 3.333333 -447.369547 -434.869547
v 3.541667 -447.369547 -434.869547
v 3.750000 -447.369547 -434.869547
v 3.958333 -447.369547 -434.869547
v 4.166667 -447.369547 -434.869547
v 4.375000 -447.369547 -434.869547
v 4.583333 -447.369547 -434.869547
v 4.791667 -447.369547 -434.869547
v 5.000000 -447.369547 -434.869547
v -5.000000 -438.672156 -426.172156
v -4.791667 -438.672156 -426.172156
v -4.583333 -438.672156 -426.172156
v -4.375000 -438.672156 -426.172156
v -4.166667 -438.672156 -426.172156
v -3.958333 -438.672156 -426.172156
v -3.750000 -438.672156 -426.172156
v -3.541667 -438.672156 -426.172156
v -3.333333 -438.672156 -426.172156
v -3.125000 -438.672156 -426.172156
v -2.916667 -438.672156 -426.172156
v -2.708333 -438.672156 -426.172156
v -2.500000 -438.672156 -426.172156
v -2.291667 -438.672156 -426.172156
v -2.083333 -438.672156 -426.172156
v -1.875000 -438.672156 -426.172156
v -1.666667 -438.672156 -426.172156
v -1.458333 -438.672156 -426.172156
v -1.250000 -438.672156 -426.172156
v -1.041667 -438.672156 -426.172156
v -0.833333 -438.672156 -426.172156
v -0.625000 -438.672156 -426.172156
v -0.416667 -438.672156 -426.172156
v -0.208333 -438.672156 -426.172156
v 0.000000 -438.672156 -426.172156
v 0.208333 -438.672156 -426.172156
v 0.416667 -438.672156 -426.172156
v 0.625000 -438.672156 -426.172156
v 0.833333 -438.672156 -426.172156
v 1.041667 -438.672156 -426.172156
v 1.250000 -438.672156 -426.172156
v 1.458333 -438.672156 -426.172156
v 1.666667 -438.672156 -426.172156
v 1.875000 -438.672156 -426.172156
v 2.083333 -438.672156 -426.172156
v 2.291667 -438.672156 -426.172156
v 2.500000 -438.672156 -426.172156
v 2.708333 -438.672156 -426.172156
v 2.916667 -438.672156 -426.172156
v 3.125000 -438.672156 -426.172156
v 3.333333 -438.672156 -426.172156
v 3.541667 -438.672156 -426.172156
v 3.750000 -438.672156 -426.172156
v 3.958333 -438.672156 -426.172156
v 4.166667 -438.672156 -426.172156
v 4.375000 -438.672156 -426.172156
v 4.583333 -438.672156 -426.172156
v 4.791667 -438.672156 -426.172156
v 5.000000 -438.672156 -426.172156
v -5.000000 -429.974765 -417.474765
v -4.791667 -429.974765 -417.474765
v -4.583333 -429.974765 -417.474765
v -4.375000 -429.974765 -417.474765
v -4.166667 -429.974765 -417.474765
v -3.958333 -429.974765 -417.474765
v -3.750000 -429.974765 -417.474765
v -3.541667 -429.974765 -417.474765
v -3.333333 -429.974765 -417.474765
v -3.125000 -429.974765 -417.474765
v -2.916667 -429.974765 -417.474765
v -2.708333 -429.974765 -417.474765
v -2.500000 -429.974765 -417.474765
v -2.291667 -429.974765 -417.474765
v -2.083333 -429.974765 -417.474765
v -1.875000 -429.974765 -417.474765
v -1.666667 -429.974765 -417.474765
v -1.458333 -429.974765 -417.474765
v -1.250000 -429.974765 -417.474765
v -1.041667 -429.974765 -417.474765
v -0.833333 -429.974765 -417.474765
v -0.625000 -429.974765 -417.474765
v -0.416667 -429.974765 -417.474765
v -0.208333 -429.974765 -417.474765
v 0.000000 -429.974765 -417.474765
v 0.208333 -429.974765 -417.474765
v 0.416667 -429.974765 -417.474765
v 0.625000 -429.974765 -417.474765
v 0.833333 -429.974765 -417.474765
v 1.041667 -429.974765 -417.474765
v 1.250000 -429.974765 -417.474765
v 1.458333 -429.974765 -417.474765
v 1.666667 -429.974765 -417.474765
v 1.875000 -429.974765 -417.474765
v 2.083333 -429.974765 -417.474765
v 2.291667 -429.974765 -417.474765
v 2.500000 -429.974765 -417.474765
v 2.708333 -429.974765 -417.474765
v 2.916667 -429.974765 -417.474765
v 3.125000 -429.974765 -417.474765
v 3.333333 -429.974765 -417.474765
v 3.541667 -429.974765 -417.474765
v 3.750000 -429.974765 -417.474765
v 3.958333 -429.974765 -417.474765
v 4.166667 -429.974765 -417.474765
v 4.375000 -429.974765 -417.474765
v 4.583333 -429.974765 -417.474765
v 4.791667 -429.974765 -417.474765
v 5.000000 -429.974765 -417.474765
v -5.000000 -421.277374 -408.777374
v -4.791667 -421.277374 -408.777374
v -4.583333 -421.277374 -408.777374
v -4.375000 -421.277374 -408.777374
v -4.166667 -421.277374 -408.777374
v -3.958333 -421.277374 -408.777374
v -3.750000 -421.277374 -408.777374
v -3.541667 -421.277374 -408.777374
v -3.333333 -421.277374 -408.777374
v -3.125000 -421.277374 -408.777374
v -2.916667 -421.277374 -408.777374
v -2.708333 -421.277374 -408.777374
v -2.500000 -421.277374 -408.777374
v -2.291667 -421.277374 -408.777374
v -2.083333 -421.277374 -408.777374
v -1.875000 -421.277374 -408.777374
v -1.666667 -421.277374 -408.777374
v -1.458333 -421.277374 -408.777374
v -1.250000 -421.277374 -408.777374
v -1.041667 -421.277374 -408.777374
v -0.833333 -421.277374 -408.777374
v -0.625000 -421.277374 -408.777374
v -0.416667 -421.277374 -408.777374
v -0.208333 -421.277374 -408.777374
v 0.000000 -421.277374 -408.777374
v 0.208333 -421.277374 -408.777374
v 0.416667 -421.277374 -408.777374
v 0.625000 -421.277374 -408.777374
v 0.833333 -421.277374 -408.777374
v 1.041667 -421.277374 -408.777374
v 1.250000 -421.277374 -408.777374
v 1.458333 -421.277374 -408.777374
v 1.666667 -421.277374 -408.777374
v 1.875000 -421.277374 -408.777374
v 2.083333 -421.277374 -408.777374
v 2.291667 -421.277374 -408.777374
v 2.500000 -421.277374 -408.777374
v 2.708333 -421.277374 -408.777374
v 2.916667 -421.277374 -408.777374
v 3.125000 -421.277374 -408.777374
v 3.333333 -421.277374 -408.777374
v 3.541667 -421.277374 -408.777374
v 3.750000 -421.277374 -408.777374
v 3.958333 -421.277374 -408.777374
v 4.166667 -421.277374 -408.777374
v 4.375000 -421.277374 -408.777374
v 4.583333 -421.277374 -408.777374
v 4.791667 -421.277374 -408.777374
v 5.000000 -421.277374 -408.777374
v -5.000000 -412.579983 -400.079983
v -4.791667 -412.579983 -400.079983
v -4.583333 -412.579983 -400.079983
v -4.375000 -412.579983 -400.079983
v -4.166667 -412.579983 -400.079983
v -3.958333 -412.579983 -400.079983
v -3.750000 -412.579983 -400.079983
v -3.541667 -412.579983 -400.079983
v -3.333333 -412.579983 -400.079983
v -3.125000 -412.579983 -400.079983
v -2.916667 -412.579983 -400.079983
v -2.708333 -412.579983 -400.079983
v -2.500000 -412.579983 -400.079983
v -2.291667 -412.579983 -400.079983
v -2.083333 -412.579983 -400.079983
v -1.875000 -412.579983 -400.079983
v -1.666667 -412.579983 -400.079983
v -1.458333 -412.579983 -400.079983
v -1.250000 -412.579983 -400.079983
v -1.041667 -412.579983 -400.079983
v -0.833333 -412.579983 -400.079983
v -0.625000 -412.579983 -400.079983
v -0.416667 -412.579983 -400.079983
v -0.208333 -412.579983 -400.079983
v 0.000000 -412.579983 -400.079983
v 0.208333 -412.579983 -400.079983
v 0.416667 -412.579983 -400.079983
v 0.625000 -412.579983 -400.079983
v 0.833333 -412.579983 -400.079983
v 1.041667 -412.579983 -400.079983
v 1.250000 -412.579983 -400.079983
v 1.458333 -412.579983 -400.079983
v 1.666667 -412.579983 -400.079983
v 1.875000 -412.579983 -400.079983
v 2.083333 -412.579983 -400.079983
v 2.291667 -412.579983 -400.079983
v 2.500000 -412.579983 -400.079983
v 2.708333 -412.579983 -400.079983
v 2.916667 -412.579983 -400.079983
v 3.125000 -412.579983 -400.079983
v 3.333333 -412.579983 -400.079983
v 3.541667 -412.579983 -400.079983
v 3.750000 -412.579983 -400.079983
v 3.958333 -412.579983 -400.079983
v 4.166667 -412.579983 -400.079983
v 4.375000 -412.579983 -400.079983
v 4.583333 -412.579983 -400.079983
v 4.791667 -412.579983 -400.079983
v 5.000000 -412.579983 -400.079983
v -5.000000 -403.882592 -391.382592
v -4.791667 -403.882592 -391.382592
v -4.583333 -403.882592 -391.382592
v -4.375000 -403.882592 -391.382592
v -4.166667 -403.882592 -391.382592
v -3.958333 -403.882592 -391.382592
v -3.750000 -403.882592 -391.382592
v -3.541667 -403.882592 -391.382592
v -3.333333 -403.882592 -391.382592
v -3.125000 -403.882592 -391.382592
v -2.916667 -403.882592 -391.382592
v -2.708333 -403.882592 -391.382592
v -2.500000 -403.882592 -391.382592
v -2.291667 -403.882592 -391.382592
v -2.083333 -403.882592 -391.382592
v -1.875000 -403.882592 -391.382592
v -1.666667 -403.882592 -391.382592
v -1.458333 -403.882592 -391.382592
v -1.250000 -403.882592 -391.382592
v -1.041667 -403.882592 -391.382592
v -0.833333 -403.882592 -391.382592
v -0.625000 -403.882592 -391.382592
v -0.416667 -403.882592 -391.382592
v -0.208333 -403.882592 -391.382592
v 0.000000 -403.882592 -391.382592
v 0.208333 -403.882592 -391.382592
v 0.416667 -403.882592 -391.382592
v 0.625000 -403.882592 -391.382592
v 0.833333 -403.882592 -391.382592
v 1.041667 -403.882592 -391.382592
v 1.250000 -403.882592 -391.382592
v 1.458333 -403.882592 -391.382592
v 1.666667 -403.882592 -391.382592
v 1.875000 -403.882592 -391.382592
v 2.083333 -403.882592 -391.382592
v 2.291667 -403.882592 -391.382592
v 2.500000 -403.882592 -391.382592
v 2.708333 -403.882592 -391.382592
v 2.916667 -403.882592 -391.382592
v 3.125000 -403.882592 -391.382592
v 3.333333 -403.882592 -391.382592
v 3.541667 -403.882592 -391.382592
v 3.750000 -403.882592 -391.382592
v 3.958333 -403.882592 -391.382592
v 4.166667 -403.882592 -391.382592
v 4.375000 -403.882592 -391.382592
v 4.583333 -403.882592 -391.382592
v 4.791667 -403.882592 -391.382592
v 5.000000 -403.882592 -391.382592
v -5.000000 -395.185201 -382.685201
v -4.791667 -395.185201 -382.685201
v -4.583333 -395.185201 -382.685201
v -4.375000 -395.185201 -382.685201
v -4.166667 -395.185201 -382.685201
v -3.958333 -395.185201 -382.685201
v -3.750000 -395.185201 -382.685201
v -3.541667 -395.185201 -382.685201
v -3.333333 -395.185201 -382.685201
v -3.125000 -395.185201 -382.685201
v -2.916667 -395.185201 -382.685201
v -2.708333 -395.185201 -382.685201
v -2.500000 -395.185201 -382.685201
v -2.291667 -395.185201 -382.685201
v -2.083333 -395.185201 -382.685201
v -1.875000 -395.185201 -382.685201
v -1.666667 -395.185201 -382.685201
v -1.458333 -395.185201 -382.685201
v -1.250000 -395.185201 -382.685201
v -1.041667 -395.185201 -382.685201
v -0.833333 -395.185201 -382.685201
v -0.625000 -395.185201 -382.685201
v -0.416667 -395.185201 -382.685201
v -0.208333 -395.185201 -382.685201
v 0.000000 -395.185201 -382.685201
v 0.208333 -395.185201 -382.685201
v 0.416667 -395.185201 -382.685201
v 0.625000 -395.185201 -382.685201
v 0.833333 -395.185201 -382.685201
v 1.041667 -395.185201 -382.685201
v 1.250000 -395.185201 -382.685201
v 1.458333 -395.185201 -382.685201
v 1.666667 -395.185201 -382.685201
v 1.875000 -395.185201 -382.685201
v 2.083333 -395.185201 -382.685201
v 2.291667 -395.185201 -382.685201
v 2.500000 -395.185201 -382.685201
v 2.708333 -395.185201 -382.685201
v 2.916667 -395.185201 -382.685201
v 3.125000 -395.185201 -382.685201
v 3.333333 -395.185201 -382.685201
v 3.541667 -395.185201 -382.685201
v 3.750000 -395.185201 -382.685201
v 3.958333 -395.185201 -382.685201
v 4.166667 -395.185201 -382.685201
v 4.375000 -395.185201 -382.685201
v 4.583333 -395.185201 -382.685201
v 4.791667 -395.185201 -382.685201
v 5.000000 -395.185201 -382.685201
v -5.000000 -386.487810 -373.987810
v -4.791667 -386.487810 -373.987810
v -4.583333 -386.487810 -373.987810
v -4.375000 -386.487810 -373.987810
v -4.166667 -386.487810 -373.987810
v -3.958333 -386.487810 -373.987810
v -3.750000 -386.487810 -373.987810
v -3.541667 -386.487810 -373.987810
v -3.333333 -386.487810 -373.987810
v -3.125000 -386.487810 -373.987810
v -2.916667 -386.487810 -373.987810
v -2.708333 -386.487810 -373.987810
v -2.500000 -386.487810 -373.987810
v -2.291667 -386.487810 -373.987810
v -2.083333 -386.487810 -373.987810
v -1.875000 -386.487810 -373.987810
v -1.666667 -386.487810 -373.987810
v -1.458333 -386.487810 -373.987810
v -1.250000 -386.487810 -373.987810
v -1.041667 -386.487810 -373.987810
v -0.833333 -386.487810 -373.987810
v -0.625000 -386.487810 -373.987810
v -0.416667 -386.487810 -373.987810
v -0.208333 -386.487810 -373.987810
v 0.000000 -386.487810 -373.987810
v 0.208333 -386.487810 -373.987810
v 0.416667 -386.487810 -373.987810
v 0.625000 -386.487810 -373.987810
v 0.833333 -386.487810 -373.987810
v 1.041667 -386.487810 -373.987810
v 1.250000 -386.487810 -373.987810
v 1.458333 -386.487810 -373.987810
v 1.666667 -386.487810 -373.987810
v 1.875000 -386.487810 -373.987810
v 2.083333 -386.487810 -373.987810
v 2.291667 -386.487810 -373.987810
v 2.500000 -386.487810 -373.987810
v 2.708333 -386.487810 -373.987810
v 2.916667 -386.487810 -373.987810
v 3.125000 -386.487810 -373.987810
v 3.333333 -386.487810 -373.987810
v 3.541667 -386.487810 -373.987810
v 3.750000 -386.487810 -373.987810
v 3.958333 -386.487810 -373.987810
v 4.166667 -386.487810 -373.987810
v 4.375000 -386.487810 -373.987810
v 4.583333 -386.487810 -373.987810
v 4.791667 -386.487810 -373.987810
v 5.000000 -386.487810 -373.987810
v -5.000000 -377.790419 -365.290419
v -4.791667 -377.790419 -365.290419
v -4.583333 -377.790419 -365.290419
v -4.375000 -377.790419 -365.290419
v -4.166667 -377.790419 -365.290419
v -3.958333 -377.790419 -365.290419
v -3.750000 -377.790419 -365.290419
v -3.541667 -377.790419 -365.290419
v -3.333333 -377.790419 -365.290419
v -3.125000 -377.790419 -365.290419
v -2.916667 -377.790419 -365.290419
v -2.708333 -377.790419 -365.290419
v -2.500000 -377.790419 -365.290419
v -2.291667 -377.790419 -365.290419
v -2.083333 -377.790419 -365.290419
v -1.875000 -377.790419 -365.290419
v -1.666667 -377.790419 -365.290419
v -1.458333 -377.790419 -365.290419
v -1.250000 -377.790419 -365.290419
v -1.041667 -377.790419 -365.290419
v -0.833333 -377.790419 -365.290419
v -0.625000 -377.790419 -365.290419
v -0.416667 -377.790419 -365.290419
v -0.208333 -377.790419 -365.290419
v 0.000000 -377.790419 -365.290419
v 0.208333 -377.790419 -365.290419
v 0.416667 -377.790419 -365.290419
v 0.625000 -377.790419 -365.290419
v 0.833333 -377.790419 -365.290419
v 1.041667 -377.790419 -365.290419
v 1.250000 -377.790419 -365.290419
v 1.458333 -377.790419 -365.290419
v 1.666667 -377.790419 -365.290419
v 1.875000 -377.790419 -365.290419
v 2.083333 -377.790419 -365.290419
v 2.291667 -377.790419 -365.290419
v 2.500000 -377.790419 -365.290419
v 2.708333 -377.790419 -365.290419
v 2.916667 -377.790419 -365.290419
v 3.125000 -377.790419 -365.290419
v 3.333333 -377.790419 -365.290419
v 3.541667 -377.790419 -365.290419
v 3.750000 -377.790419 -365.290419
v 3.958333 -377.790419 -365.290419
v 4.166667 -377.790419 -365.290419
v 4.375000 -377.790419 -365.290419
v 4.583333 -377.790419 -365.290419
v 4.791667 -377.790419 -365.290419
v 5.000000 -377.790419 -365.290419
v -5.000000 -369.093028 -356.593028
v -4.791667 -369.093028 -356.593028
v -4.583333 -369.093028 -356.593028
v -4.375000 -369.093028 -356.593028
v -4.166667 -369.093028 -356.593028
v -3.958333 -369.093028 -356.593028
v -3.750000 -369.093028 -356.593028
v -3.541667 -369.093028 -356.593028
v -3.333333 -369.093028 -356.593028
v -3.125000 -369.093028 -356.593028
v -2.916667 -369.093028 -356.593028
v -2.708333 -369.093028 -356.593028
v -2.500000 -369.093028 -356.593028
v -2.291667 -369.093028 -356.593028
v -2.083333 -369.093028 -356.593028
v -1.875000 -369.093028 -356.593028
v -1.666667 -369.093028 -356.593028
v -1.458333 -369.093028 -356.593028
v -1.250000 -369.093028 -356.593028
v -1.041667 -369.093028 -356.593028
v -0.833333 -369.093028 -356.593028
v -0.625000 -369.093028 -356.593028
v -0.416667 -369.093028 -356.593028
v -0.208333 -369.093028 -356.593028
v 0.000000 -369.093028 -356.593028
v 0.208333 -369.093028 -356.593028
v 0.416667 -369.093028 -356.593028
v 0.625000 -369.093028 -356.593028
v 0.833333 -369.093028 -356.593028
v 1.041667 -369.093028 -356.593028
v 1.250000 -369.093028 -356.593028
v 1.458333 -369.093028 -356.593028
v 1.666667 -369.093028 -356.593028
v 1.875000 -369.093028 -356.593028
v 2.083333 -369.093028 -356.593028
v 2.291667 -369.093028 -356.593028
v 2.500000 -369.093028 -356.593028
v 2.708333 -369.093028 -356.593028
v 2.916667 -369.093028 -356.593028
v 3.125000 -369.093028 -356.593028
v 3.333333 -369.093028 -356.593028
v 3.541667 -369.093028 -356.593028
v 3.750000 -369.093028 -356.593028
v 3.958333 -369.093028 -356.593028
v 4.166667 -369.093028 -356.593028
v 4.375000 -369.093028 -356.593028
v 4.583333 -369.093028 -356.593028
v 4.791667 -369.093028 -356.593028
v 5.000000 -369.093028 -356.593028
v -5.000000 -360.395638 -347.895638
v -4.791667 -360.395638 -347.895638
v -4.583333 -360.395638 -347.895638
v -4.375000 -360.395638 -347.895638
v -4.166667 -360.395638 -347.895638
v -3.958333 -360.395638 -347.895638
v -3.750000 -360.395638 -347.895638
v -3.541667 -360.395638 -347.895638
v -3.333333 -360.395638 -347.895638
v -3.125000 -360.395638 -347.895638
v -2.916667 -360.395638 -347.895638
v -2.708333 -360.395638 -347.895638
v -2.500000 -360.395638 -347.895638
v -2.291667 -360.395638 -347.895638
v -2.083333 -360.395638 -347.895638
v -1.875000 -360.395638 -347.895638
v -1.666667 -360.395638 -347.895638
v -1.458333 -360.395638 -347.895638
v -1.250000 -360.395638 -347.895638
v -1.041667 -360.395638 -347.895638
v -0.833333 -360.395638 -347.895638
v -0.625000 -360.395638 -347.895638
v -0.416667 -360.395638 -347.895638
v -0.208333 -360.395638 -347.895638
v 0.000000 -360.395638 -347.895638
v 0.208333 -360.395638 -347.895638
v 0.416667 -360.395638 -347.895638
v 0.625000 -360.395638 -347.895638
v 0.833333 -360.395638 -347.895638
v 1.041667 -360.395638 -347.895638
v 1.250000 -360.395638 -347.895638
v 1.458333 -360.395638 -347.895638
v 1.666667 -360.395638 -347.895638
v 1.875000 -360.395638 -347.895638
v 2.083333 -360.395638 -347.895638
v 2.291667 -360.395638 -347.895638
v 2.500000 -360.395638 -347.895638
v 2.708333 -360.395638 -347.895638
v 2.916667 -360.395638 -347.895638
v 3.125000 -360.395638 -347.895638
v 3.333333 -360.395638 -347.895638
v 3.541667 -360.395638 -347.895638
v 3.750000 -360.395638 -347.895638
v 3.958333 -360.395638 -347.895638
v 4.166667 -360.395638 -347.895638
v 4.375000 -360.395638 -347.895638
v 4.583333 -360.395638 -347.895638
v 4.791667 -360.395638 -347.895638
v 5.000000 -360.395638 -347.895638
v -5.000000 -351.698247 -339.198247
v -4.791667 -351.698247 -339.198247
v -4.583333 -351.698247 -339.198247
v -4.375000 -351.698247 -339.198247
v -4.166667 -351.698247 -339.198247
v -3.958333 -351.698247 -339.198247
v -3.750000 -351.698247 -339.198247
v -3.541667 -351.698247 -339.198247
v -3.333333 -351.698247 -339.198247
v -3.125000 -351.698247 -339.198247
v -2.916667 -351.698247 -339.198247
v -2.708333 -351.698247 -339.198247
v -2.500000 -351.698247 -339.198247
v -2.291667 -351.698247 -339.198247
v -2.083333 -351.698247 -339.198247
v -1.875000 -351.698247 -339.198247
v -1.666667 -351.698247 -339.198247
v -1.458333 -351.698247 -339.198247
v -1.250000 -351.698247 -339.198247
v -1.041667 -351.698247 -339.198247
v -0.833333 -351.698247 -339.198247
v -0.625000 -351.698247 -339.198247
v -0.416667 -351.698247 -339.198247
v -0.208333 -351.698247 -339.198247
v 0.000000 -351.698247 -339.198247
v 0.208333 -351.698247 -339.198247
v 0.416667 -351.698247 -339.198247
v 0.625000 -351.698247 -339.198247
v 0.833333 -351.698247 -339.198247
v 1.041667 -351.698247 -339.198247
v 1.250000 -351.698247 -339.198247
v 1.458333 -351.698247 -339.198247
v 1.666667 -351.698247 -339.198247
v 1.875000 -351.698247 -339.198247
v 2.083333 -351.698247 -339.198247
v 2.291667 -351.698247 -339.198247
v 2.500000 -351.698247 -339.198247
v 2.708333 -351.698247 -339.198247
v 2.916667 -351.698247 -339.198247
v 3.125000 -351.698247 -339.198247
v 3.333333 -351.698247 -339.198247
v 3.541667 -351.698247 -339.198247
v 3.750000 -351.698247 -339.198247
v 3.958333 -351.698247 -339.198247
v 4.166667 -351.698247 -339.198247
v 4.375000 -351.698247 -339.198247
v 4.583333 -351.698247 -339.198247
v 4.791667 -351.698247 -339.198247
v 5.000000 -351.698247 -339.198247
v -5.000000 -343.000856 -330.500856
v -4.791667 -343.000856 -330.500856
v -4.583333 -343.000856 -330.500856
v -4.375000 -343.000856 -330.500856
v -4.166667 -343.000856 -330.500856
v -3.958333 -343.000856 -330.500856
v -3.750000 -343.000856 -330.500856
v -3.541667 -343.000856 -330.500856
v -3.333333 -343.000856 -330.500856
v -3.125000 -343.000856 -330.500856
v -2.916667 -343.000856 -330.500856
v -2.708333 -343.000856 -330.500856
v -2.500000 -343.000856 -330.500856
v -2.291667 -343.000856 -330.500856
v -2.083333 -343.000856 -330.500856
v -1.875000 -343.000856 -330.500856
v -1.666667 -343.000856 -330.500856
v -1.458333 -343.000856 -330.500856
v -1.250000 -343.000856 -330.500856
v -1.041667 -343.000856 -330.500856
v -0.833333 -343.000856 -330.500856
v -0.625000 -343.000856 -330.500856
v -0.416667 -343.000856 -330.500856
v -0.208333 -343.000856 -330.500856
v 0.000000 -343.000856 -330.500856
v 0.208333 -343.000856 -330.500856
v 0.416667 -343.000856 -330.500856
v 0.625000 -343.000856 -330.500856
v 0.833333 -343.000856 -330.500856
v 1.041667 -343.000856 -330.500856
v 1.250000 -343.000856 -330.500856
v 1.458333 -343.000856 -330.500856
v 1.666667 -343.000856 -330.500856
v 1.875000 -343.000856 -330.500856
v 2.083333 -343.000856 -330.500856
v 2.291667 -343.000856 -330.500856
v 2.500000 -343.000856 -330.500856
v 2.708333 -343.000856 -330.500856
v 2.916667 -343.000856 -330.500856
v 3.125000 -343.000856 -330.500856
v 3.333333 -343.000856 -330.500856
v 3.541667 -343.000856 -330.500856
v 3.750000 -343.000856 -330.500856
v 3.958333 -343.000856 -330.500856
v 4.166667 -343.000856 -330.500856
v 4.375000 -343.000856 -330.500856
v 4.583333 -343.000856 -330.500856
v 4.791667 -343.000856 -330.500856
v 5.000000 -343.000856 -330.500856
v -5.000000 -334.303465 -321.803465
v -4.791667 -334.303465 -321.803465
v -4.583333 -334.303465 -321.803465
v -4.375000 -334.303465 -321.803465
v -4.166667 -334.303465 -321.803465
v -3.958333 -334.303465 -321.803465
v -3.750000 -334.303465 -321.803465
v -3.541667 -334.303465 -321.803465
v -3.333333 -334.303465 -321.803465
v -3.125000 -334.303465 -321.803465
v -2.916667 -334.303465 -321.803465
v -2.708333 -334.303465 -321.803465
v -2.500000 -334.303465 -321.803465
v -2.291667 -334.303465 -321.803465
v -2.083333 -334.303465 -321.803465
v -1.875000 -334.303465 -321.803465
v -1.666667 -334.303465 -321.803465
v -1.458333 -334.303465 -321.803465
v -1.250000 -334.303465 -321.803465
v -1.041667 -334.303465 -321.803465
v -0.833333 -334.303465 -321.803465
v -0.625000 -334.303465 -321.803465
v -0.416667 -334.303465 -321.803465
v -0.208333 -334.303465 -321.803465
v 0.000000 -334.303465 -321.803465
v 0.208333 -334.303465 -321.803465
v 0.416667 -334.303465 -321.803465
v 0.625000 -334.303465 -321.803465
v 0.833333 -334.303465 -321.803465
v 1.041667 -334.303465 -321.803465
v 1.250000 -334.303465 -321.803465
v 1.458333 -334.303465 -321.803465
v 1.666667 -334.303465 -321.803465
v 1.875000 -334.303465 -321.803465
v 2.083333 -334.303465 -321.803465
v 2.291667 -334.303465 -321.803465
v 2.500000 -334.303465 -321.803465
v 2.708333 -334.303465 -321.803465
v 2.916667 -334.303465 -321.803465
v 3.125000 -334.303465 -321.803465
v 3.333333 -334.303465 -321.803465
v 3.541667 -334.303465 -321.803465
v 3.750000 -334.303465 -321.803465
v 3.958333 -334.303465 -321.803465
v 4.166667 -334.303465 -321.803465
v 4.375000 -334.303465 -321.803465
v 4.583333 -334.303465 -321.803465
v 4.791667 -334.303465 -321.803465
v 5.000000 -334.303465 -321.803465
v -5.000000 -325.606074 -313.106074
v -4.791667 -325.606074 -313.106074
v -4.583333 -325.606074 -313.106074
v -4.375000 -325.606074 -313.106074
v -4.166667 -325.606074 -313.106074
v -3.958333 -325.606074 -313.106074
v -3.750000 -325.606074 -313.106074
v -3.541667 -325.606074 -313.106074
v -3.333333 -325.606074 -313.106074
v -3.125000 -325.606074 -313.106074
v -2.916667 -325.606074 -313.106074
v -2.708333 -325.606074 -313.106074
v -2.500000 -325.606074 -313.106074
v -2.291667 -325.606074 -313.106074
v -2.083333 -325.606074 -313.106074
v -1.875000 -325.606074 -313.106074
v -1.666667 -325.606074 -313.106074
v -1.458333 -325.606074 -313.106074
v -1.250000 -325.606074 -313.106074
v -1.041667 -325.606074 -313.106074
v -0.833333 -325.606074 -313.106074
v -0.625000 -325.606074 -313.106074
v -0.416667 -325.606074 -313.106074
v -0.208333 -325.606074 -313.106074
v 0.000000 -325.606074 -313.106074
v 0.208333 -325.606074 -313.106074
v 0.416667 -325.606074 -313.106074
v 0.625000 -325.606074 -313.106074
v 0.833333 -325.606074 -313.106074
v 1.041667 -325.606074 -313.106074
v 1.250000 -325.606074 -313.106074
v 1.458333 -325.606074 -313.106074
v 1.666667 -325.606074 -313.106074
v 1.875000 -325.606074 -313.106074
v 2.083333 -325.606074 -313.106074
v 2.291667 -325.606074 -313.106074
v 2.500000 -325.606074 -313.106074
v 2.708333 -325.606074 -313.106074
v 2.916667 -325.606074 -313.106074
v 3.125000 -325.606074 -313.106074
v 3.333333 -325.606074 -313.106074
v 3.541667 -325.606074 -313.106074
v 3.750000 -325.606074 -313.106074
v 3.958333 -325.606074 -313.106074
v 4.166667 -325.606074 -313.106074
v 4.375000 -325.606074 -313.106074
v 4.583333 -325.606074 -313.106074
v 4.791667 -325.606074 -313.106074
v 5.000000 -325.606074 -313.106074
v -5.000000 -316.908683 -304.408683
v -4.791667 -316.908683 -304.408683
v -4.583333 -316.908683 -304.408683
v -4.375000 -316.908683 -304.408683
v -4.166667 -316.908683 -304.408683
v -3.958333 -316.908683 -304.408683
v -3.750000 -316.908683 -304.408683
v -3.541667 -316.908683 -304.408683
v -3.333333 -316.908683 -304.408683
v -3.125000 -316.908683 -304.408683
v -2.916667 -316.908683 -304.408683
v -2.708333 -316.908683 -304.408683
v -2.500000 -316.908683 -304.408683
v -2.291667 -316.908683 -304.408683
v -2.083333 -316.908683 -304.408683
v -1.875000 -316.908683 -304.408683
v -1.666667 -316.908683 -304.408683
v -1.458333 -316.908683 -304.408683
v -1.250000 -316.908683 -304.408683
v -1.041667 -316.908683 -304.408683
v -0.833333 -316.908683 -304.408683
v -0.625000 -316.908683 -304.408683
v -0.416667 -316.908683 -304.408683
v -0.208333 -316.908683 -304.408683
v 0.000000 -316.908683 -304.408683
v 0.208333 -316.908683 -304.408683
v 0.416667 -316.908683 -304.408683
v 0.625000 -316.908683 -304.408683
v 0.833333 -316.908683 -304.408683
v 1.041667 -316.908683 -304.408683
v 1.250000 -316.908683 -304.408683
v 1.458333 -316.908683 -304.408683
v 1.666667 -316.908683 -304.408683
v 1.875000 -316.908683 -304.408683
v 2.083333 -316.908683 -304.408683
v 2.291667 -316.908683 -304.408683
v 2.500000 -316.908683 -304.408683
v 2.708333 -316.908683 -304.408683
v 2.916667 -316.908683 -304.408683
v 3.125000 -316.908683 -304.408683
v 3.333333 -316.908683 -304.408683
v 3.541667 -316.908683 -304.408683
v 3.750000 -316.908683 -304.408683
v 3.958333 -316.908683 -304.408683
v 4.166667 -316.908683 -304.408683
v 4.375000 -316.908683 -304.408683
v 4.583333 -316.908683 -304.408683
v 4.791667 -316.908683 -304.408683
v 5.000000 -316.908683 -304.408683
v -5.000000 -308.211292 -295.711292
v -4.791667 -308.211292 -295.711292
v -4.583333 -308.211292 -295.711292
v -4.375000 -308.211292 -295.711292
v -4.166667 -308.211292 -295.711292
v -3.958333 -308.211292 -295.711292
v -3.750000 -308.211292 -295.711292
v -3.541667 -308.211292 -295.711292
v -3.333333 -308.211292 -295.711292
v -3.125000 -308.211292 -295.711292
v -2.916667 -308.211292 -295.711292
v -2.708333 -308.211292 -295.711292
v -2.500000 -308.211292 -295.711292
v -2.291667 -308.211292 -295.711292
v -2.083333 -308.211292 -295.711292
v -1.875000 -308.211292 -295.711292
v -1.666667 -308.211292 -295.711292
v -1.458333 -308.211292 -295.711292
v -1.250000 -308.211292 -295.711292
v -1.041667 -308.211292 -295.711292
v -0.833333 -308.211292 -295.711292
v -0.625000 -308.211292 -295.711292
v -0.416667 -308.211292 -295.711292
v -0.208333 -308.211292 -295.711292
v 0.000000 -308.211292 -295.711292
v 0.208333 -308.211292 -295.711292
v 0.416667 -308.211292 -295.711292
v 0.625000 -308.211292 -295.711292
v 0.833333 -308.211292 -295.711292
v 1.041667 -308.211292 -295.711292
v 1.250000 -308.211292 -295.711292
v 1.458333 -308.211292 -295.711292
v 1.666667 -308.211292 -295.711292
v 1.875000 -308.211292 -295.711292
v 2.083333 -308.211292 -295.711292
v 2.291667 -308.211292 -295.711292
v 2.500000 -308.211292 -295.711292
v 2.708333 -308.211292 -295.711292
v 2.916667 -308.211292 -295.711292
v 3.125000 -308.211292 -295.711292
v 3.333333 -308.211292 -295.711292
v 3.541667 -308.211292 -295.711292
v 3.750000 -308.211292 -295.711292
v 3.958333 -308.211292 -295.711292
v 4.166667 -308.211292 -295.711292
v 4.375000 -308.211292 -295.711292
v 4.583333 -308.211292 -295.711292
v 4.791667 -308.211292 -295.711292
v 5.000000 -308.211292 -295.711292
v -5.000000 -299.513901 -287.013901
v -4.791667 -299.513901 -287.013901
v -4.583333 -299.513901 -287.013901
v -4.375000 -299.513901 -287.013901
v -4.166667 -299.513901 -287.013901
v -3.958333 -299.513901 -287.013901
v -3.750000 -299.513901 -287.013901
v -3.541667 -299.513901 -287.013901
v -3.333333 -299.513901 -287.013901
v -3.125000 -299.513901 -287.013901
v -2.916667 -299.513901 -287.013901
v -2.708333 -299.513901 -287.013901
v -2.500000 -299.513901 -287.013901
v -2.291667 -299.513901 -287.013901
v -2.083333 -299.513901 -287.013901
v -1.875000 -299.513901 -287.013901
v -1.666667 -299.513901 -287.013901
v -1.458333 -299.513901 -287.013901
v -1.250000 -299.513901 -287.013901
v -1.041667 -299.513901 -287.013901
v -0.833333 -299.513901 -287.013901
v -0.625000 -299.513901 -287.013901
v -0.416667 -299.513901 -287.013901
v -0.208333 -299.513901 -287.013901
v 0.000000 -299.513901 -287.013901
v 0.208333 -299.513901 -287.013901
v 0.416667 -299.513901 -287.013901
v 0.625000 -299.513901 -287.013901
v 0.833333 -299.513901 -287.013901
v 1.041667 -299.513901 -287.013901
v 1.250000 -299.513901 -287.013901
v 1.458333 -299.513901 -287.013901
v 1.666667 -299.513901 -287.013901
v 1.875000 -299.513901 -287.013901
v 2.083333 -299.513901 -287.013901
v 2.291667 -299.513901 -287.013901
v 2.500000 -299.513901 -287.013901
v 2.708333 -299.513901 -287.013901
v 2.916667 -299.513901 -287.013901
v 3.125000 -299.513901 -287.013901
v 3.333333 -299.513901 -287.013901
v 3.541667 -299.513901 -287.013901
v 3.750000 -299.513901 -287.013901
v 3.958333 -299.513901 -287.013901
v 4.166667 -299.513901 -287.013901
v 4.375000 -299.513901 -287.013901
v 4.583333 -299.513901 -287.013901
v 4.791667 -299.513901 -287.013901
v 5.000000 -299.513901 -287.013901
v -5.000000 -290.816510 -278.316510
v -4.791667 -290.816510 -278.316510
v -4.583333 -290.816510 -278.316510
v -4.375000 -290.816510 -278.316510
v -4.166667 -290.816510 -278.316510
v -3.958333 -290.816510 -278.316510
v -3.750000 -290.816510 -278.316510
v -3.541667 -290.816510 -278.316510
v -3.333333 -290.816510 -278.316510
v -3.125000 -290.816510 -278.316510
v -2.916667 -290.816510 -278.316510
v -2.708333 -290.816510 -278.316510
v -2.500000 -290.816510 -278.316510
v -2.291667 -290.816510 -278.316510
v -2.083333 -290.816510 -278.316510
v -1.875000 -290.816510 -278.316510
v -1.666667 -290.816510 -278.316510
v -1.458333 -290.816510 -278.316510
v -1.250000 -290.816510 -278.316510
v -1.041667 -290.816510 -278.316510
v -0.833333 -290.816510 -278.316510
v -0.625000 -290.816510 -278.316510
v -0.416667 -290.816510 -278.316510
v -0.208333 -290.816510 -278.316510
v 0.000000 -290.816510 -278.316510
v 0.208333 -290.816510 -278.316510
v 0.416667 -290.816510 -278.316510
v 0.625000 -290.816510 -278.316510
v 0.833333 -290.816510 -278.316510
v 1.041667 -290.816510 -278.316510
v 1.250000 -290.816510 -278.316510
v 1.458333 -290.816510 -278.316510
v 1.666667 -290.816510 -278.316510
v 1.875000 -290.816510 -278.316510
v 2.083333 -290.816510 -278.316510
v 2.291667 -290.816510 -278.316510
v 2.500000 -290.816510 -278.316510
v 2.708333 -290.816510 -278.316510
v 2.916667 -290.816510 -278.316510
v 3.125000 -290.816510 -278.316510
v 3.333333 -290.816510 -278.316510
v 3.541667 -290.816510 -278.316510
v 3.750000 -290.816510 -278.316510
v 3.958333 -290.816510 -278.316510
v 4.166667 -290.816510 -278.316510
v 4.375000 -290.816510 -278.316510
v 4.583333 -290.816510 -278.316510
v 4.791667 -290.816510 -278.316510
v 5.000000 -290.816510 -278.316510
v -5.000000 -282.119119 -269.619119
v -4.791667 -282.119119 -269.619119
v -4.583333 -282.119119 -269.619119
v -4.375000 -282.119119 -269.619119
v -4.166667 -282.119119 -269.619119
v -3.958333 -282.119119 -269.619119
v -3.750000 -282.119119 -269.619119
v -3.541667 -282.119119 -269.619119
v -3.333333 -282.119119 -269.619119
v -3.125000 -282.119119 -269.619119
v -2.916667 -282.119119 -269.619119
v -2.708333 -282.119119 -269.619119
v -2.500000 -282.119119 -269.619119
v -2.291667 -282.119119 -269.619119
v -2.083333 -282.119119 -269.619119
v -1.875000 -282.119119 -269.619119
v -1.666667 -282.119119 -269.619119
v -1.458333 -282.119119 -269.619119
v -1.250000 -282.119119 -269.619119
v -1.041667 -282.119119 -269.619119
v -0.833333 -282.119119 -269.619119
v -0.625000 -282.119119 -269.619119
v -0.416667 -282.119119 -269.619119
v -0.208333 -282.119119 -269.619119
v 0.000000 -282.119119 -269.619119
v 0.208333 -282.119119 -269.619119
v 0.416667 -282.119119 -269.619119
v 0.625000 -282.119119 -269.619119
v 0.833333 -282.119119 -269.619119
v 1.041667 -282.119119 -269.619119
v 1.250000 -282.119119 -269.619119
v 1.458333 -282.119119 -269.619119
v 1.666667 -282.119119 -269.619119
v 1.875000 -282.119119 -269.619119
v 2.083333 -282.119119 -269.619119
v 2.291667 -282.119119 -269.619119
v 2.500000 -282.119119 -269.619119
v 2.708333 -282.119119 -269.619119
v 2.916667 -282.119119 -269.619119
v 3.125000 -282.119119 -269.619119
v 3.333333 -282.119119 -269.619119
v 3.541667 -282.119119 -269.619119
v 3.750000 -282.119119 -269.619119
v 3.958333 -282.119119 -269.619119
v 4.166667 -282.119119 -269.619119
v 4.375000 -282.119119 -269.619119
v 4.583333 -282.119119 -269.619119
v 4.791667 -282.119119 -269.619119
v 5.000000 -282.119119 -269.619119
v -5.000000 -273.421728 -260.921728
v -4.791667 -273.421728 -260.921728
v -4.583333 -273.421728 -260.921728
v -4.375000 -273.421728 -260.921728
v -4.166667 -273.421728 -260.921728
v -3.958333 -273.421728 -260.921728
v -3.750000 -273.421728 -260.921728
v -3.541667 -273.421728 -260.921728
v -3.333333 -273.421728 -260.921728
v -3.125000 -273.421728 -260.921728
v -2.916667 -273.421728 -260.921728
v -2.708333 -273.421728 -260.921728
v -2.500000 -273.421728 -260.921728
v -2.291667 -273.421728 -260.921728
v -2.083333 -273.421728 -260.921728
v -1.875000 -273.421728 -260.921728
v -1.666667 -273.421728 -260.921728
v -1.458333 -273.421728 -260.921728
v -1.250000 -273.421728 -260.921728
v -1.041667 -273.421728 -260.921728
v -0.833333 -273.421728 -260.921728
v -0.625000 -273.421728 -260.921728
v -0.416667 -273.421728 -260.921728
v -0.208333 -273.421728 -260.921728
v 0.000000 -273.421728 -260.921728
v 0.208333 -273.421728 -260.921728
v 0.416667 -273.421728 -260.921728
v 0.625000 -273.421728 -260.921728
v 0.833333 -273.421728 -260.921728
v 1.041667 -273.421728 -260.921728
v 1.250000 -273.421728 -260.921728
v 1.458333 -273.421728 -260.921728
v 1.666667 -273.421728 -260.921728
v 1.875000 -273.421728 -260.921728
v 2.083333 -273.421728 -260.921728
v 2.291667 -273.421728 -260.921728
v 2.500000 -273.421728 -260.921728
v 2.708333 -273.421728 -260.921728
v 2.916667 -273.421728 -260.921728
v 3.125000 -273.421728 -260.921728
v 3.333333 -273.421728 -260.921728
v 3.541667 -273.421728 -260.921728
v 3.750000 -273.421728 -260.921728
v 3.958333 -273.421728 -260.921728
v 4.166667 -273.421728 -260.921728
v 4.375000 -273.421728 -260.921728
v 4.583333 -273.421728 -260.921728
v 4.791667 -273.421728 -260.921728
v 5.000000 -273.421728 -260.921728
v -5.000000 -264.724337 -252.224337
v -4.791667 -264.724337 -252.224337
v -4.583333 -264.724337 -252.224337
v -4.375000 -264.724337 -252.224337
v -4.166667 -264.724337 -252.224337
v -3.958333 -264.724337 -252.224337
v -3.750000 -264.724337 -252.224337
v -3.541667 -264.724337 -252.224337
v -3.333333 -264.724337 -252.224337
v -3.125000 -264.724337 -252.224337
v -2.916667 -264.724337 -252.224337
v -2.708333 -264.724337 -252.224337
v -2.500000 -264.724337 -252.224337
v -2.291667 -264.724337 -252.224337
v -2.083333 -264.724337 -252.224337
v -1.875000 -264.724337 -252.224337
v -1.666667 -264.724337 -252.224337
v -1.458333 -264.724337 -252.224337
v -1.250000 -264.724337 -252.224337
v -1.041667 -264.724337 -252.224337
v -0.833333 -264.724337 -252.224337
v -0.625000 -264.724337 -252.224337
v -0.416667 -264.724337 -252.224337
v -0.208333 -264.724337 -252.224337
v 0.000000 -264.724337 -252.224337
v 0.208333 -264.724337 -252.224337
v 0.416667 -264.724337 -252.224337
v 0.625000 -264.724337 -252.224337
v 0.833333 -264.724337 -252.224337
v 1.041667 -264.724337 -252.224337
v 1.250000 -264.724337 -252.224337
v 1.458333 -264.724337 -252.224337
v 1.666667 -264.724337 -252.224337
v 1.875000 -264.724337 -252.224337
v 2.083333 -264.724337 -252.224337
v 2.291667 -264.724337 -252.224337
v 2.500000 -264.724337 -252.224337
v 2.708333 -264.724337 -252.224337
v 2.916667 -264.724337 -252.224337
v 3.125000 -264.724337 -252.224337
v 3.333333 -264.724337 -252.224337
v 3.541667 -264.724337 -252.224337
v 3.750000 -264.724337 -252.224337
v 3.958333 -264.724337 -252.224337
v 4.166667 -264.724337 -252.224337
v 4.375000 -264.724337 -252.224337
v 4.583333 -264.724337 -252.224337
v 4.791667 -264.724337 -252.224337
v 5.000000 -264.724337 -252.224337
v -5.000000 -256.026946 -243.526946
v -4.791667 -256.026946 -243.526946
v -4.583333 -256.026946 -243.526946
v -4.375000 -256.026946 -243.526946
v -4.166667 -256.026946 -243.526946
v -3.958333 -256.026946 -243.526946
v -3.750000 -256.026946 -243.526946
v -3.541667 -256.026946 -243.526946
v -3.333333 -256.026946 -243.526946
v -3.125000 -256.026946 -243.526946
v -2.916667 -256.026946 -243.526946
v -2.708333 -256.026946 -243.526946
v -2.500000 -256.026946 -243.526946
v -2.291667 -256.026946 -243.526946
v -2.083333 -256.026946 -243.526946
v -1.875000 -256.026946 -243.526946
v -1.666667 -256.026946 -243.526946
v -1.458333 -256.026946 -243.526946
v -1.250000 -256.026946 -243.526946
v -1.041667 -256.026946 -243.526946
v -0.833333 -256.026946 -243.526946
v -0.625000 -256.026946 -243.526946
v -0.416667 -256.026946 -243.526946
v -0.208333 -256.026946 -243.526946
v 0.000000 -256.026946 -243.526946
v 0.208333 -256.026946 -243.526946
v 0.416667 -256.026946 -243.526946
v 0.625000 -256.026946 -243.526946
v 0.833333 -256.026946 -243.526946
v 1.041667 -256.026946 -243.526946
v 1.250000 -256.026946 -243.526946
v 1.458333 -256.026946 -243.526946
v 1.666667 -256.026946 -243.526946
v 1.875000 -256.026946 -243.526946
v 2.083333 -256.026946 -243.526946
v 2.291667 -256.026946 -243.526946
v 2.500000 -256.026946 -243.526946
v 2.708333 -256.026946 -243.526946
v 2.916667 -256.026946 -243.526946
v 3.125000 -256.026946 -243.526946
v 3.333333 -256.026946 -243.526946
v 3.541667 -256.026946 -243.526946
v 3.750000 -256.026946 -243.526946
v 3.958333 -256.026946 -243.526946
v 4.166667 -256.026946 -243.526946
v 4.375000 -256.026946 -243.526946
v 4.583333 -256.026946 -243.526946
v 4.791667 -256.026946 -243.526946
v 5.000000 -256.026946 -243.526946
v -5.000000 -247.329555 -234.829555
v -4.791667 -247.329555 -234.829555
v -4.583333 -247.329555 -234.829555
v -4.375000 -247.329555 -234.829555
v -4.166667 -247.329555 -234.829555
v -3.958333 -247.329555 -234.829555
v -3.750000 -247.329555 -234.829555
v -3.541667 -247.329555 -234.829555
v -3.333333 -247.329555 -234.829555
v -3.125000 -247.329555 -234.829555
v -2.916667 -247.329555 -234.829555
v -2.708333 -247.329555 -234.829555
v -2.500000 -247.329555 -234.829555
v -2.291667 -247.329555 -234.829555
v -2.083333 -247.329555 -234.829555
v -1.875000 -247.329555 -234.829555
v -1.666667 -247.329555 -234.829555
v -1.458333 -247.329555 -234.829555
v -1.250000 -247.329555 -234.829555
v -1.041667 -247.329555 -234.829555
v -0.833333 -247.329555 -234.829555
v -0.625000 -247.329555 -234.829555
v -0.416667 -247.329555 -234.829555
v -0.208333 -247.329555 -234.829555
v 0.000000 -247.329555 -234.829555
v 0.208333 -247.329555 -234.829555
v 0.416667 -247.329555 -234.829555
v 0.625000 -247.329555 -234.829555
v 0.833333 -247.329555 -234.829555
v 1.041667 -247.329555 -234.829555
v 1.250000 -247.329555 -234.829555
v 1.458333 -247.329555 -234.829555
v 1.666667 -247.329555 -234.829555
v 1.875000 -247.329555 -234.829555
v 2.083333 -247.329555 -234.829555
v 2.291667 -247.329555 -234.829555
v 2.500000 -247.329555 -234.829555
v 2.708333 -247.329555 -234.829555
v 2.916667 -247.329555 -234.829555
v 3.125000 -247.329555 -234.829555
v 3.333333 -247.329555 -234.829555
v 3.541667 -247.329555 -234.829555
v 3.750000 -247.329555 -234.829555
v 3.958333 -247.329555 -234.829555
v 4.166667 -247.329555 -234.829555
v 4.375000 -247.329555 -234.829555
v 4.583333 -247.329555 -234.829555
v 4.791667 -247.329555 -234.829555
v 5.000000 -247.329555 -234.829555
v -5.000000 -238.632164 -226.132164
v -4.791667 -238.632164 -226.132164
v -4.583333 -238.632164 -226.132164
v -4.375000 -238.632164 -226.132164
v -4.166667 -238.632164 -226.132164
v -3.958333 -238.632164 -226.132164
v -3.750000 -238.632164 -226.132164
v -3.541667 -238.632164 -226.132164
v -3.333333 -238.632164 -226.132164
v -3.125000 -238.632164 -226.132164
v -2.916667 -238.632164 -226.132164
v -2.708333 -238.632164 -226.132164
v -2.500000 -238.632164 -226.132164
v -2.291667 -238.632164 -226.132164
v -2.083333 -238.632164 -226.132164
v -1.875000 -238.632164 -226.132164
v -1.666667 -238.632164 -226.132164
v -1.458333 -238.632164 -226.132164
v -1.250000 -238.632164 -226.132164
v -1.041667 -238.632164 -226.132164
v -0.833333 -238.632164 -226.132164
v -0.625000 -238.632164 -226.132164
v -0.416667 -238.632164 -226.132164
v -0.208333 -238.632164 -226.132164
v 0.000000 -238.632164 -226.132164
v 0.208333 -238.632164 -226.132164
v 0.416667 -238.632164 -226.132164
v 0.625000 -238.632164 -226.132164
v 0.833333 -238.632164 -226.132164
v 1.041667 -238.632164 -226.132164
v 1.250000 -238.632164 -226.132164
v 1.458333 -238.632164 -226.132164
v 1.666667 -238.632164 -226.132164
v 1.875000 -238.632164 -226.132164
v 2.083333 -238.632164 -226.132164
v 2.291667 -238.632164 -226.132164
v 2.500000 -238.632164 -226.132164
v 2.708333 -238.632164 -226.132164
v 2.916667 -238.632164 -226.132164
v 3.125000 -238.632164 -226.132164
v 3.333333 -238.632164 -226.132164
v 3.541667 -238.632164 -226.132164
v 3.750000 -238.632164 -226.132164
v 3.958333 -238.632164 -226.132164
v 4.166667 -238.632164 -226.132164
v 4.375000 -238.632164 -226.132164
v 4.583333 -238.632164 -226.132164
v 4.791667 -238.632164 -226.132164
v 5.000000 -238.632164 -226.132164
v -5.000000 -229.934773 -217.434773
v -4.791667 -229.934773 -217.434773
v -4.583333 -229.934773 -217.434773
v -4.375000 -229.934773 -217.434773
v -4.166667 -229.934773 -217.434773
v -3.958333 -229.934773 -217.434773
v -3.750000 -229.934773 -217.434773
v -3.541667 -229.934773 -217.434773
v -3.333333 -229.934773 -217.434773
v -3.125000 -229.934773 -217.434773
v -2.916667 -229.934773 -217.434773
v -2.708333 -229.934773 -217.434773
v -2.500000 -229.934773 -217.434773
v -2.291667 -229.934773 -217.434773
v -2.083333 -229.934773 -217.434773
v -1.875000 -229.934773 -217.434773
v -1.666667 -229.934773 -217.434773
v -1.458333 -229.934773 -217.434773
v -1.250000 -229.934773 -217.434773
v -1.041667 -229.934773 -217.434773
v -0.833333 -229.934773 -217.434773
v -0.625000 -229.934773 -217.434773
v -0.416667 -229.934773 -217.434773
v -0.208333 -229.934773 -217.434773
v 0.000000 -229.934773 -217.434773
v 0.208333 -229.934773 -217.434773
v 0.416667 -229.934773 -217.434773
v 0.625000 -229.934773 -217.434773
v 0.833333 -229.934773 -217.434773
v 1.041667 -229.934773 -217.434773
v 1.250000 -229.934773 -217.434773
v 1.458333 -229.934773 -217.434773
v 1.666667 -229.934773 -217.434773
v 1.875000 -229.934773 -217.434773
v 2.083333 -229.934773 -217.434773
v 2.291667 -229.934773 -217.434773
v 2.500000 -229.934773 -217.434773
v 2.708333 -229.934773 -217.434773
v 2.916667 -229.934773 -217.434773
v 3.125000 -229.934773 -217.434773
v 3.333333 -229.934773 -217.434773
v 3.541667 -229.934773 -217.434773
v 3.750000 -229.934773 -217.434773
v 3.958333 -229.934773 -217.434773
v 4.166667 -229.934773 -217.434773
v 4.375000 -229.934773 -217.434773
v 4.583333 -229.934773 -217.434773
v 4.791667 -229.934773 -217.434773
v 5.000000 -229.934773 -217.434773
v -5.000000 -221.237383 -208.737383
v -4.791667 -221.237383 -208.737383
v -4.583333 -221.237383 -208.737383
v -4.375000 -221.237383 -208.737383
v -4.166667 -221.237383 -208.737383
v -3.958333 -221.237383 -208.737383
v -3.750000 -221.237383 -208.737383
v -3.541667 -221.237383 -208.737383
v -3.333333 -221.237383 -208.737383
v -3.125000 -221.237383 -208.737383
v -2.916667 -221.237383 -208.737383
v -2.708333 -221.237383 -208.737383
v -2.500000 -221.237383 -208.737383
v -2.291667 -221.237383 -208.737383
v -2.083333 -221.237383 -208.737383
v -1.875000 -221.237383 -208.737383
v -1.666667 -221.237383 -208.737383
v -1.458333 -221.237383 -208.737383
v -1.250000 -221.237383 -208.737383
v -1.041667 -221.237383 -208.737383
v -0.833333 -221.237383 -208.737383
v -0.625000 -221.237383 -208.737383
v -0.416667 -221.237383 -208.737383
v -0.208333 -221.237383 -208.737383
v 0.000000 -221.237383 -208.737383
v 0.208333 -221.237383 -208.737383
v 0.416667 -221.237383 -208.737383
v 0.625000 -221.237383 -208.737383
v 0.833333 -221.237383 -208.737383
v 1.041667 -221.237383 -208.737383
v 1.250000 -221.237383 -208.737383
v 1.458333 -221.237383 -208.737383
v 1.666667 -221.237383 -208.737383
v 1.875000 -221.237383 -208.737383
v 2.083333 -221.237383 -208.737383
v 2.291667 -221.237383 -208.737383
v 2.500000 -221.237383 -208.737383
v 2.708333 -221.237383 -208.737383
v 2.916667 -221.237383 -208.737383
v 3.125000 -221.237383 -208.737383
v 3.333333 -221.237383 -208.737383
v 3.541667 -221.237383 -208.737383
v 3.750000 -221.237383 -208.737383
v 3.958333 -221.237383 -208.737383
v 4.166667 -221.237383 -208.737383
v 4.375000 -221.237383 -208.737383
v 4.583333 -221.237383 -208.737383
v 4.791667 -221.237383 -208.737383
v 5.000000 -221.237383 -208.737383
v -5.000000 -212.539992 -200.039992
v -4.791667 -212.539992 -200.039992
v -4.583333 -212.539992 -200.039992
v -4.375000 -212.539992 -200.039992
v -4.166667 -212.539992 -200.039992
v -3.958333 -212.539992 -200.039992
v -3.750000 -212.539992 -200.039992
v -3.541667 -212.539992 -200.039992
v -3.333333 -212.539992 -200.039992
v -3.125000 -212.539992 -200.039992
v -2.916667 -212.539992 -200.039992
v -2.708333 -212.539992 -200.039992
v -2.500000 -212.539992 -200.039992
v -2.291667 -212.539992 -200.039992
v -2.083333 -212.539992 -200.039992
v -1.875000 -212.539992 -200.039992
v -1.666667 -212.539992 -200.039992
v -1.458333 -212.539992 -200.039992
v -1.250000 -212.539992 -200.039992
v -1.041667 -212.539992 -200.039992
v -0.833333 -212.539992 -200.039992
v -0.625000 -212.539992 -200.039992
v -0.416667 -212.539992 -200.039992
v -0.208333 -212.539992 -200.039992
v 0.000000 -212.539992 -200.039992
v 0.208333 -212.539992 -200.039992
v 0.416667 -212.539992 -200.039992
v 0.625000 -212.539992 -200.039992
v 0.833333 -212.539992 -200.039992
v 1.041667 -212.539992 -200.039992
v 1.250000 -212.539992 -200.039992
v 1.458333 -212.539992 -200.039992
v 1.666667 -212.539992 -200.039992
v 1.875000 -212.539992 -200.039992
v 2.083333 -212.539992 -200.039992
v 2.291667 -212.539992 -200.039992
v 2.500000 -212.539992 -200.039992
v 2.708333 -212.539992 -200.039992
v 2.916667 -212.539992 -200.039992
v 3.125000 -212.539992 -200.039992
v 3.333333 -212.539992 -200.039992
v 3.541667 -212.539992 -200.039992
v 3.750000 -212.539992 -200.039992
v 3.958333 -212.539992 -200.039992
v 4.166667 -212.539992 -200.039992
v 4.375000 -212.539992 -200.039992
v 4.583333 -212.539992 -200.039992
v 4.791667 -212.539992 -200.039992
v 5.000000 -212.539992 -200.039992
v -5.000000 -203.842601 -191.342601
v -4.791667 -203.842601 -191.342601
v -4.583333 -203.842601 -191.342601
v -4.375000 -203.842601 -191.342601
v -4.166667 -203.842601 -191.342601
v -3.958333 -203.842601 -191.342601
v -3.750000 -203.842601 -191.342601
v -3.541667 -203.842601 -191.342601
v -3.333333 -203.842601 -191.342601
v -3.125000 -203.842601 -191.342601
v -2.916667 -203.842601 -191.342601
v -2.708333 -203.842601 -191.342601
v -2.500000 -203.842601 -191.342601
v -2.291667 -203.842601 -191.342601
v -2.083333 -203.842601 -191.342601
v -1.875000 -203.842601 -191.342601
v -1.666667 -203.842601 -191.342601
v -1.458333 -203.842601 -191.342601
v -1.250000 -203.842601 -191.342601
v -1.041667 -203.842601 -191.342601
v -0.833333 -203.842601 -191.342601
v -0.625000 -203.842601 -191.342601
v -0.416667 -203.842601 -191.342601
v -0.208333 -203.842601 -191.342601
v 0.000000 -203.842601 -191.342601
v 0.208333 -203.842601 -191.342601
v 0.416667 -203.842601 -191.342601
v 0.625000 -203.842601 -191.342601
v 0.833333 -203.842601 -191.342601
v 1.041667 -203.842601 -191.342601
v 1.250000 -203.842601 -191.342601
v 1.458333 -203.842601 -191.342601
v 1.666667 -203.842601 -191.342601
v 1.875000 -203.842601 -191.342601
v 2.083333 -203.842601 -191.342601
v 2.291667 -203.842601 -191.342601
v 2.500000 -203.842601 -191.342601
v 2.708333 -203.842601 -191.342601
v 2.916667 -203.842601 -191.342601
v 3.125000 -203.842601 -191.342601
v 3.333333 -203.842601 -191.342601
v 3.541667 -203.842601 -191.342601
v 3.750000 -203.842601 -191.342601
v 3.958333 -203.842601 -191.342601
v 4.166667 -203.842601 -191.342601
v 4.375000 -203.842601 -191.342601
v 4.583333 -203.842601 -191.342601
v 4.791667 -203.842601 -191.342601
v 5.000000 -203.842601 -191.342601
v -5.000000 -195.145210 -182.645210
v -4.791667 -195.145210 -182.645210
v -4.583333 -195.145210 -182.645210
v -4.375000 -195.145210 -182.645210
v -4.166667 -195.145210 -182.645210
v -3.958333 -195.145210 -182.645210
v -3.750000 -195.145210 -182.645210
v -3.541667 -195.145210 -182.645210
v -3.333333 -195.145210 -182.645210
v -3.125000 -195.145210 -182.645210
v -2.916667 -195.145210 -182.645210
v -2.708333 -195.145210 -182.645210
v -2.500000 -195.145210 -182.645210
v -2.291667 -195.145210 -182.645210
v -2.083333 -195.145210 -182.645210
v -1.875000 -195.145210 -182.645210
v -1.666667 -195.145210 -182.645210
v -1.458333 -195.145210 -182.645210
v -1.250000 -195.145210 -182.645210
v -1.041667 -195.145210 -182.645210
v -0.833333 -195.145210 -182.645210
v -0.625000 -195.145210 -182.645210
v -0.416667 -195.145210 -182.645210
v -0.208333 -195.145210 -182.645210
v 0.000000 -195.145210 -182.645210
v 0.208333 -195.145210 -182.645210
v 0.416667 -195.145210 -182.645210
v 0.625000 -195.145210 -182.645210
v 0.833333 -195.145210 -182.645210
v 1.041667 -195.145210 -182.645210
v 1.250000 -195.145210 -182.645210
v 1.458333 -195.145210 -182.645210
v 1.666667 -195.145210 -182.645210
v 1.875000 -195.145210 -182.645210
v 2.083333 -195.145210 -182.645210
v 2.291667 -195.145210 -182.645210
v 2.500000 -195.145210 -182.645210
v 2.708333 -195.145210 -182.645210
v 2.916667 -195.145210 -182.645210
v 3.125000 -195.145210 -182.645210
v 3.333333 -195.145210 -182.645210
v 3.541667 -195.145210 -182.645210
v 3.750000 -195.145210 -182.645210
v 3.958333 -195.145210 -182.645210
v 4.166667 -195.145210 -182.645210
v 4.375000 -195.145210 -182.645210
v 4.583333 -195.145210 -182.645210
v 4.791667 -195.145210 -182.645210
v 5.000000 -195.145210 -182.645210
v -5.000000 -186.447819 -173.947819
v -4.791667 -186.447819 -173.947819
v -4.583333 -186.447819 -173.947819
v -4.375000 -186.447819 -173.947819
v -4.166667 -186.447819 -173.947819
v -3.958333 -186.447819 -173.947819
v -3.750000 -186.447819 -173.947819
v -3.541667 -186.447819 -173.947819
v -3.333333 -186.447819 -173.947819
v -3.125000 -186.447819 -173.947819
v -2.916667 -186.447819 -173.947819
v -2.708333 -186.447819 -173.947819
v -2.500000 -186.447819 -173.947819
v -2.291667 -186.447819 -173.947819
v -2.083333 -186.447819 -173.947819
v -1.875000 -186.447819 -173.947819
v -1.666667 -186.447819 -173.947819
v -1.458333 -186.447819 -173.947819
v -1.250000 -186.447819 -173.947819
v -1.041667 -186.447819 -173.947819
v -0.833333 -186.447819 -173.947819
v -0.625000 -186.447819 -173.947819
v -0.416667 -186.447819 -173.947819
v -0.208333 -186.447819 -173.947819
v 0.000000 -186.447819 -173.947819
v 0.208333 -186.447819 -173.947819
v 0.416667 -186.447819 -173.947819
v 0.625000 -186.447819 -173.947819
v 0.833333 -186.447819 -173.947819
v 1.041667 -186.447819 -173.947819
v 1.250000 -186.447819 -173.947819
v 1.458333 -186.447819 -173.947819
v 1.666667 -186.447819 -173.947819
v 1.875000 -186.447819 -173.947819
v 2.083333 -186.447819 -173.947819
v 2.291667 -186.447819 -173.947819
v 2.500000 -186.447819 -173.947819
v 2.708333 -186.447819 -173.947819
v 2.916667 -186.447819 -173.947819
v 3.125000 -186.447819 -173.947819
v 3.333333 -186.447819 -173.947819
v 3.541667 -186.447819 -173.947819
v 3.750000 -186.447819 -173.947819
v 3.958333 -186.447819 -173.947819
v 4.166667 -186.447819 -173.947819
v 4.375000 -186.447819 -173.947819
v 4.583333 -186.447819 -173.947819
v 4.791667 -186.447819 -173.947819
v 5.000000 -186.447819 -173.947819
v -5.000000 -177.750428 -165.250428
v -4.791667 -177.750428 -165.250428
v -4.583333 -177.750428 -165.250428
v -4.375000 -177.750428 -165.250428
v -4.166667 -177.750428 -165.250428
v -3.958333 -177.750428 -165.250428
v -3.750000 -177.750428 -165.250428
v -3.541667 -177.750428 -165.250428
v -3.333333 -177.750428 -165.250428
v -3.125000 -177.750428 -165.250428
v -2.916667 -177.750428 -165.250428
v -2.708333 -177.750428 -165.250428
v -2.500000 -177.750428 -165.250428
v -2.291667 -177.750428 -165.250428
v -2.083333 -177.750428 -165.250428
v -1.875000 -177.750428 -165.250428
v -1.666667 -177.750428 -165.250428
v -1.458333 -177.750428 -165.250428
v -1.250000 -177.750428 -165.250428
v -1.041667 -177.750428 -165.250428
v -0.833333 -177.750428 -165.250428
v -0.625000 -177.750428 -165.250428
v -0.416667 -177.750428 -165.250428
v -0.208333 -177.750428 -165.250428
v 0.000000 -177.750428 -165.250428
v 0.208333 -177.750428 -165.250428
v 0.416667 -177.750428 -165.250428
v 0.625000 -177.750428 -165.250428
v 0.833333 -177.750428 -165.250428
v 1.041667 -177.750428 -165.250428
v 1.250000 -177.750428 -165.250428
v 1.458333 -177.750428 -165.250428
v 1.666667 -177.750428 -165.250428
v 1.875000 -177.750428 -165.250428
v 2.083333 -177.750428 -165.250428
v 2.291667 -177.750428 -165.250428
v 2.500000 -177.750428 -165.250428
v 2.708333 -177.750428 -165.250428
v 2.916667 -177.750428 -165.250428
v 3.125000 -177.750428 -165.250428
v 3.333333 -177.750428 -165.250428
v 3.541667 -177.750428 -165.250428
v 3.750000 -177.750428 -165.250428
v 3.958333 -177.750428 -165.250428
v 4.166667 -177.750428 -165.250428
v 4.375000 -177.750428 -165.250428
v 4.583333 -177.750428 -165.250428
v 4.791667 -177.750428 -165.250428
v 5.000000 -177.750428 -165.250428
v -5.000000 -169.053037 -156.553037
v -4.791667 -169.053037 -156.553037
v -4.583333 -169.053037 -156.553037
v -4.375000 -169.053037 -156.553037
v -4.166667 -169.053037 -156.553037
v -3.958333 -169.053037 -156.553037
v -3.750000 -169.053037 -156.553037
v -3.541667 -169.053037 -156.553037
v -3.333333 -169.053037 -156.553037
v -3.125000 -169.053037 -156.553037
v -2.916667 -169.053037 -156.553037
v -2.708333 -169.053037 -156.553037
v -2.500000 -169.053037 -156.553037
v -2.291667 -169.053037 -156.553037
v -2.083333 -169.053037 -156.553037
v -1.875000 -169.053037 -156.553037
v -1.666667 -169.053037 -156.553037
v -1.458333 -169.053037 -156.553037
v -1.250000 -169.053037 -156.553037
v -1.041667 -169.053037 -156.553037
v -0.833333 -169.053037 -156.553037
v -0.625000 -169.053037 -156.553037
v -0.416667 -169.053037 -156.553037
v -0.208333 -169.053037 -156.553037
v 0.000000 -169.053037 -156.553037
v 0.208333 -169.053037 -156.553037
v 0.416667 -169.053037 -156.553037
v 0.625000 -169.053037 -156.553037
v 0.833333 -169.053037 -156.553037
v 1.041667 -169.053037 -156.553037
v 1.250000 -169.053037 -156.553037
v 1.458333 -169.053037 -156.553037
v 1.666667 -169.053037 -156.553037
v 1.875000 -169.053037 -156.553037
v 2.083333 -169.053037 -156.553037
v 2.291667 -169.053037 -156.553037
v 2.500000 -169.053037 -156.553037
v 2.708333 -169.053037 -156.553037
v 2.916667 -169.053037 -156.553037
v 3.125000 -169.053037 -156.553037
v 3.333333 -169.053037 -156.553037
v 3.541667 -169.053037 -156.553037
v 3.750000 -169.053037 -156.553037
v 3.958333 -169.053037 -156.553037
v 4.166667 -169.053037 -156.553037
v 4.375000 -169.053037 -156.553037
v 4.583333 -169.053037 -156.553037
v 4.791667 -169.053037 -156.553037
v 5.000000 -169.053037 -156.553037
v -5.000000 -160.355646 -147.855646
v -4.791667 -160.355646 -147.855646
v -4.583333 -160.355646 -147.855646
v -4.375000 -160.355646 -147.855646
v -4.166667 -160.355646 -147.855646
v -3.958333 -160.355646 -147.855646
v -3.750000 -160.355646 -147.855646
v -3.541667 -160.355646 -147.855646
v -3.333333 -160.355646 -147.855646
v -3.125000 -160.355646 -147.855646
v -2.916667 -160.355646 -147.855646
v -2.708333 -160.355646 -147.855646
v -2.500000 -160.355646 -147.855646
v -2.291667 -160.355646 -147.855646
v -2.083333 -160.355646 -147.855646
v -1.875000 -160.355646 -147.855646
v -1.666667 -160.355646 -147.855646
v -1.458333 -160.355646 -147.855646
v -1.250000 -160.355646 -147.855646
v -1.041667 -160.355646 -147.855646
v -0.833333 -160.355646 -147.855646
v -0.625000 -160.355646 -147.855646
v -0.416667 -160.355646 -147.855646
v -0.208333 -160.355646 -147.855646
v 0.000000 -160.355646 -147.855646
v 0.208333 -160.355646 -147.855646
v 0.416667 -160.355646 -147.855646
v 0.625000 -160.355646 -147.855646
v 0.833333 -160.355646 -147.855646
v 1.041667 -160.355646 -147.855646
v 1.250000 -160.355646 -147.855646
v 1.458333 -160.355646 -147.855646
v 1.666667 -160.355646 -147.855646
v 1.875000 -160.355646 -147.855646
v 2.083333 -160.355646 -147.855646
v 2.291667 -160.355646 -147.855646
v 2.500000 -160.355646 -147.855646
v 2.708333 -160.355646 -147.855646
v 2.916667 -160.355646 -147.855646
v 3.125000 -160.355646 -147.855646
v 3.333333 -160.355646 -147.855646
v 3.541667 -160.355646 -147.855646
v 3.750000 -160.355646 -147.855646
v 3.958333 -160.355646 -147.855646
v 4.166667 -160.355646 -147.855646
v 4.375000 -160.355646 -147.855646
v 4.583333 -160.355646 -147.855646
v 4.791667 -160.355646 -147.855646
v 5.000000 -160.355646 -147.855646
v -5.000000 -151.658255 -139.158255
v -4.791667 -151.658255 -139.158255
v -4.583333 -151.658255 -139.158255
v -4.375000 -151.658255 -139.158255
v -4.166667 -151.658255 -139.158255
v -3.958333 -151.658255 -139.158255
v -3.750000 -151.658255 -139.158255
v -3.541667 -151.658255 -139.158255
v -3.333333 -151.658255 -139.158255
v -3.125000 -151.658255 -139.158255
v -2.916667 -151.658255 -139.158255
v -2.708333 -151.658255 -139.158255
v -2.500000 -151.658255 -139.158255
v -2.291667 -151.658255 -139.158255
v -2.083333 -151.658255 -139.158255
v -1.875000 -151.658255 -139.158255
v -1.666667 -151.658255 -139.158255
v -1.458333 -151.658255 -139.158255
v -1.250000 -151.658255 -139.158255
v -1.041667 -151.658255 -139.158255
v -0.833333 -151.658255 -139.158255
v -0.625000 -151.658255 -139.158255
v -0.416667 -151.658255 -139.158255
v -0.208333 -151.658255 -139.158255
v 0.000000 -151.658255 -139.158255
v 0.208333 -151.658255 -139.158255
v 0.416667 -151.658255 -139.158255
v 0.625000 -151.658255 -139.158255
v 0.833333 -151.658255 -139.158255
v 1.041667 -151.658255 -139.158255
v 1.250000 -151.658255 -139.158255
v 1.458333 -151.658255 -139.158255
v 1.666667 -151.658255 -139.158255
v 1.875000 -151.658255 -139.158255
v 2.083333 -151.658255 -139.158255
v 2.291667 -151.658255 -139.158255
v 2.500000 -151.658255 -139.158255
v 2.708333 -151.658255 -139.158255
v 2.916667 -151.658255 -139.158255
v 3.125000 -151.658255 -139.158255
v 3.333333 -151.658255 -139.158255
v 3.541667 -151.658255 -139.158255
v 3.750000 -151.658255 -139.158255
v 3.958333 -151.658255 -139.158255
v 4.166667 -151.658255 -139.158255
v 4.375000 -151.658255 -139.158255
v 4.583333 -151.658255 -139.158255
v 4.791667 -151.658255 -139.158255
v 5.000000 -151.658255 -139.158255
v -5.000000 -142.960864 -130.460864
v -4.791667 -142.960864 -130.460864
v -4.583333 -142.960864 -130.460864
v -4.375000 -142.960864 -130.460864
v -4.166667 -142.960864 -130.460864
v -3.958333 -142.960864 -130.460864
v -3.750000 -142.960864 -130.460864
v -3.541667 -142.960864 -130.460864
v -3.333333 -142.960864 -130.460864
v -3.125000 -142.960864 -130.460864
v -2.916667 -142.960864 -130.460864
v -2.708333 -142.960864 -130.460864
v -2.500000 -142.960864 -130.460864
v -2.291667 -142.960864 -130.460864
v -2.083333 -142.960864 -130.460864
v -1.875000 -142.960864 -130.460864
v -1.666667 -142.960864 -130.460864
v -1.458333 -142.960864 -130.460864
v -1.250000 -142.960864 -130.460864
v -1.041667 -142.960864 -130.460864
v -0.833333 -142.960864 -130.460864
v -0.625000 -142.960864 -130.460864
v -0.416667 -142.960864 -130.460864
v -0.208333 -142.960864 -130.460864
v 0.000000 -142.960864 -130.460864
v 0.208333 -142.960864 -130.460864
v 0.416667 -142.960864 -130.460864
v 0.625000 -142.960864 -130.460864
v 0.833333 -142.960864 -130.460864
v 1.041667 -142.960864 -130.460864
v 1.250000 -142.960864 -130.460864
v 1.458333 -142.960864 -130.460864
v 1.666667 -142.960864 -130.460864
v 1.875000 -142.960864 -130.460864
v 2.083333 -142.960864 -130.460864
v 2.291667 -142.960864 -130.460864
v 2.500000 -142.960864 -130.460864
v 2.708333 -142.960864 -130.460864
v 2.916667 -142.960864 -130.460864
v 3.125000 -142.960864 -130.460864
v 3.333333 -142.960864 -130.460864
v 3.541667 -142.960864 -130.460864
v 3.750000 -142.960864 -130.460864
v 3.958333 -142.960864 -130.460864
v 4.166667 -142.960864 -130.460864
v 4.375000 -142.960864 -130.460864
v 4.583333 -142.960864 -130.460864
v 4.791667 -142.960864 -130.460864
v 5.000000 -142.960864 -130.460864
v -5.000000 -134.263473 -121.763473
v -4.791667 -134.263473 -121.763473
v -4.583333 -134.263473 -121.763473
v -4.375000 -134.263473 -121.763473
v -4.166667 -134.263473 -121.763473
v -3.958333 -134.263473 -121.763473
v -3.750000 -134.263473 -121.763473
v -3.541667 -134.263473 -121.763473
v -3.333333 -134.263473 -121.763473
v -3.125000 -134.263473 -121.763473
v -2.916667 -134.263473 -121.763473
v -2.708333 -134.263473 -121.763473
v -2.500000 -134.263473 -121.763473
v -2.291667 -134.263473 -121.763473
v -2.083333 -134.263473 -121.763473
v -1.875000 -134.263473 -121.763473
v -1.666667 -134.263473 -121.763473
v -1.458333 -134.263473 -121.763473
v -1.250000 -134.263473 -121.763473
v -1.041667 -134.263473 -121.763473
v -0.833333 -134.263473 -121.763473
v -0.625000 -134.263473 -121.763473
v -0.416667 -134.263473 -121.763473
v -0.208333 -134.263473 -121.763473
v 0.000000 -134.263473 -121.763473
v 0.208333 -134.263473 -121.763473
v 0.416667 -134.263473 -121.763473
v 0.625000 -134.263473 -121.763473
v 0.833333 -134.263473 -121.763473
v 1.041667 -134.263473 -121.763473
v 1.250000 -134.263473 -121.763473
v 1.458333 -134.263473 -121.763473
v 1.666667 -134.263473 -121.763473
v 1.875000 -134.263473 -121.763473
v 2.083333 -134.263473 -121.763473
v 2.291667 -134.263473 -121.763473
v 2.500000 -134.263473 -121.763473
v 2.708333 -134.263473 -121.763473
v 2.916667 -134.263473 -121.763473
v 3.125000 -134.263473 -121.763473
v 3.333333 -134.263473 -121.763473
v 3.541667 -134.263473 -121.763473
v 3.750000 -134.263473 -121.763473
v 3.958333 -134.263473 -121.763473
v 4.166667 -134.263473 -121.763473
v 4.375000 -134.263473 -121.763473
v 4.583333 -134.263473 -121.763473
v 4.791667 -134.263473 -121.763473
v 5.000000 -134.263473 -121.763473
v -5.000000 -125.566082 -113.066082
v -4.791667 -125.566082 -113.066082
v -4.583333 -125.566082 -113.066082
v -4.375000 -125.566082 -113.066082
v -4.166667 -125.566082 -113.066082
v -3.958333 -125.566082 -113.066082
v -3.750000 -125.566082 -113.066082
v -3.541667 -125.566082 -113.066082
v -3.333333 -125.566082 -113.066082
v -3.125000 -125.566082 -113.066082
v -2.916667 -125.566082 -113.066082
v -2.708333 -125.566082 -113.066082
v -2.500000 -125.566082 -113.066082
v -2.291667 -125.566082 -113.066082
v -2.083333 -125.566082 -113.066082
v -1.875000 -125.566082 -113.066082
v -1.666667 -125.566082 -113.066082
v -1.458333 -125.566082 -113.066082
v -1.250000 -125.566082 -113.066082
v -1.041667 -125.566082 -113.066082
v -0.833333 -125.566082 -113.066082
v -0.625000 -125.566082 -113.066082
v -0.416667 -125.566082 -113.066082
v -0.208333 -125.566082 -113.066082
v 0.000000 -125.566082 -113.066082
v 0.208333 -125.566082 -113.066082
v 0.416667 -125.566082 -113.066082
v 0.625000 -125.566082 -113.066082
v 0.833333 -125.566082 -113.066082
v 1.041667 -125.566082 -113.066082
v 1.250000 -125.566082 -113.066082
v 1.458333 -125.566082 -113.066082
v 1.666667 -125.566082 -113.066082
v 1.875000 -125.566082 -113.066082
v 2.083333 -125.566082 -113.066082
v 2.291667 -125.566082 -113.066082
v 2.500000 -125.566082 -113.066082
v 2.708333 -125.566082 -113.066082
v 2.916667 -125.566082 -113.066082
v 3.125000 -125.566082 -113.066082
v 3.333333 -125.566082 -113.066082
v 3.541667 -125.566082 -113.066082
v 3.750000 -125.566082 -113.066082
v 3.958333 -125.566082 -113.066082
v 4.166667 -125.566082 -113.066082
v 4.375000 -125.566082 -113.066082
v 4.583333 -125.566082 -113.066082
v 4.791667 -125.566082 -113.066082
v 5.000000 -125.566082 -113.066082
v -5.000000 -116.868691 -104.368691
v -4.791667 -116.868691 -104.368691
v -4.583333 -116.868691 -104.368691
v -4.375000 -116.868691 -104.368691
v -4.166667 -116.868691 -104.368691
v -3.958333 -116.868691 -104.368691
v -3.750000 -116.868691 -104.368691
v -3.541667 -116.868691 -104.368691
v -3.333333 -116.868691 -104.368691
v -3.125000 -116.868691 -104.368691
v -2.916667 -116.868691 -104.368691
v -2.708333 -116.868691 -104.368691
v -2.500000 -116.868691 -104.368691
v -2.291667 -116.868691 -104.368691
v -2.083333 -116.868691 -104.368691
v -1.875000 -116.868691 -104.368691
v -1.666667 -116.868691 -104.368691
v -1.458333 -116.868691 -104.368691
v -1.250000 -116.868691 -104.368691
v -1.041667 -116.868691 -104.368691
v -0.833333 -116.868691 -104.368691
v -0.625000 -116.868691 -104.368691
v -0.416667 -116.868691 -104.368691
v -0.208333 -116.868691 -104.368691
v 0.000000 -116.868691 -104.368691
v 0.208333 -116.868691 -104.368691
v 0.416667 -116.868691 -104.368691
v 0.625000 -116.868691 -104.368691
v 0.833333 -116.868691 -104.368691
v 1.041667 -116.868691 -104.368691
v 1.250000 -116.868691 -104.368691
v 1.458333 -116.868691 -104.368691
v 1.666667 -116.868691 -104.368691
v 1.875000 -116.868691 -104.368691
v 2.083333 -116.868691 -104.368691
v 2.291667 -116.868691 -104.368691
v 2.500000 -116.868691 -104.368691
v 2.708333 -116.868691 -104.368691
v 2.916667 -116.868691 -104.368691
v 3.125000 -116.868691 -104.368691
v 3.333333 -116.868691 -104.368691
v 3.541667 -116.868691 -104.368691
v 3.750000 -116.868691 -104.368691
v 3.958333 -116.868691 -104.368691
v 4.166667 -116.868691 -104.368691
v 4.375000 -116.868691 -104.368691
v 4.583333 -116.868691 -104.368691
v 4.791667 -116.868691 -104.368691
v 5.000000 -116.868691 -104.368691
v -5.000000 -108.171300 -95.671300
v -4.791667 -108.171300 -95.671300
v -4.583333 -108.171300 -95.671300
v -4.375000 -108.171300 -95.671300
v -4.166667 -108.171300 -95.671300
v -3.958333 -108.171300 -95.671300
v -3.750000 -108.171300 -95.671300
v -3.541667 -108.171300 -95.671300
v -3.333333 -108.171300 -95.671300
v -3.125000 -108.171300 -95.671300
v -2.916667 -108.171300 -95.671300
v -2.708333 -108.171300 -95.671300
v -2.500000 -108.171300 -95.671300
v -2.291667 -108.171300 -95.671300
v -2.083333 -108.171300 -95.671300
v -1.875000 -108.171300 -95.671300
v -1.666667 -108.171300 -95.671300
v -1.458333 -108.171300 -95.671300
v -1.250000 -108.171300 -95.671300
v -1.041667 -108.171300 -95.671300
v -0.833333 -108.171300 -95.671300
v -0.625000 -108.171300 -95.671300
v -0.416667 -108.171300 -95.671300
v -0.208333 -108.171300 -95.671300
v 0.000000 -108.171300 -95.671300
v 0.208333 -108.171300 -95.671300
v 0.416667 -108.171300 -95.671300
v 0.625000 -108.171300 -95.671300
v 0.833333 -108.171300 -95.671300
v 1.041667 -108.171300 -95.671300
v 1.250000 -108.171300 -95.671300
v 1.458333 -108.171300 -95.671300
v 1.666667 -108.171300 -95.671300
v 1.875000 -108.171300 -95.671300
v 2.083333 -108.171300 -95.671300
v 2.291667 -108.171300 -95.671300
v 2.500000 -108.171300 -95.671300
v 2.708333 -108.171300 -95.671300
v 2.916667 -108.171300 -95.671300
v 3.125000 -108.171300 -95.671300
v 3.333333 -108.171300 -95.671300
v 3.541667 -108.171300 -95.671300
v 3.750000 -108.171300 -95.671300
v 3.958333 -108.171300 -95.671300
v 4.166667 -108.171300 -95.671300
v 4.375000 -108.171300 -95.671300
v 4.583333 -108.171300 -95.671300
v 4.791667 -108.171300 -95.671300
v 5.000000 -108.171300 -95.671300
v -5.000000 -99.473909 -86.973909
v -4.791667 -99.473909 -86.973909
v -4.583333 -99.473909 -86.973909
v -4.375000 -99.473909 -86.973909
v -4.166667 -99.473909 -86.973909
v -3.958333 -99.473909 -86.973909
v -3.750000 -99.473909 -86.973909
v -3.541667 -99.473909 -86.973909
v -3.333333 -99.473909 -86.973909
v -3.125000 -99.473909 -86.973909
v -2.916667 -99.473909 -86.973909
v -2.708333 -99.473909 -86.973909
v -2.500000 -99.473909 -86.973909
v -2.291667 -99.473909 -86.973909
v -2.083333 -99.473909 -86.973909
v -1.875000 -99.473909 -86.973909
v -1.666667 -99.473909 -86.973909
v -1.458333 -99.473909 -86.973909
v -1.250000 -99.473909 -86.973909
v -1.041667 -99.473909 -86.973909
v -0.833333 -99.473909 -86.973909
v -0.625000 -99.473909 -86.973909
v -0.416667 -99.473909 -86.973909
v -0.208333 -99.473909 -86.973909
v 0.000000 -99.473909 -86.973909
v 0.208333 -99.473909 -86.973909
v 0.416667 -99.473909 -86.973909
v 0.625000 -99.473909 -86.973909
v 0.833333 -99.473909 -86.973909
v 1.041667 -99.473909 -86.973909
v 1.250000 -99.473909 -86.973909
v 1.458333 -99.473909 -86.973909
v 1.666667 -99.473909 -86.973909
v 1.875000 -99.473909 -86.973909
v 2.083333 -99.473909 -86.973909
v 2.291667 -99.473909 -86.973909
v 2.500000 -99.473909 -86.973909
v 2.708333 -99.473909 -86.973909
v 2.916667 -99.473909 -86.973909
v 3.125000 -99.473909 -86.973909
v 3.333333 -99.473909 -86.973909
v 3.541667 -99.473909 -86.973909
v 3.750000 -99.473909 -86.973909
v 3.958333 -99.473909 -86.973909
v 4.166667 -99.473909 -86.973909
v 4.375000 -99.473909 -86.973909
v 4.583333 -99.473909 -86.973909
v 4.791667 -99.473909 -86.973909
v 5.000000 -99.473909 -86.973909
v -5.000000 -90.776518 -78.276518
v -4.791667 -90.776518 -78.276518
v -4.583333 -90.776518 -78.276518
v -4.375000 -90.776518 -78.276518
v -4.166667 -90.776518 -78.276518
v -3.958333 -90.776518 -78.276518
v -3.750000 -90.776518 -78.276518
v -3.541667 -90.776518 -78.276518
v -3.333333 -90.776518 -78.276518
v -3.125000 -90.776518 -78.276518
v -2.916667 -90.776518 -78.276518
v -2.708333 -90.776518 -78.276518
v -2.500000 -90.776518 -78.276518
v -2.291667 -90.776518 -78.276518
v -2.083333 -90.776518 -78.276518
v -1.875000 -90.776518 -78.276518
v -1.666667 -90.776518 -78.276518
v -1.458333 -90.776518 -78.276518
v -1.250000 -90.776518 -78.276518
v -1.041667 -90.776518 -78.276518
v -0.833333 -90.776518 -78.276518
v -0.625000 -90.776518 -78.276518
v -0.416667 -90.776518 -78.276518
v -0.208333 -90.776518 -78.276518
v 0.000000 -90.776518 -78.276518
v 0.208333 -90.776518 -78.276518
v 0.416667 -90.776518 -78.276518
v 0.625000 -90.776518 -78.276518
v 0.833333 -90.776518 -78.276518
v 1.041667 -90.776518 -78.276518
v 1.250000 -90.776518 -78.276518
v 1.458333 -90.776518 -78.276518
v 1.666667 -90.776518 -78.276518
v 1.875000 -90.776518 -78.276518
v 2.083333 -90.776518 -78.276518
v 2.291667 -90.776518 -78.276518
v 2.500000 -90.776518 -78.276518
v 2.708333 -90.776518 -78.276518
v 2.916667 -90.776518 -78.276518
v 3.125000 -90.776518 -78.276518
v 3.333333 -90.776518 -78.276518
v 3.541667 -90.776518 -78.276518
v 3.750000 -90.776518 -78.276518
v 3.958333 -90.776518 -78.276518
v 4.166667 -90.776518 -78.276518
v 4.375000 -90.776518 -78.276518
v 4.583333 -90.776518 -78.276518
v 4.791667 -90.776518 -78.276518
v 5.000000 -90.776518 -78.276518
v -5.000000 -82.079128 -69.579128
v -4.791667 -82.079128 -69.579128
v -4.583333 -82.079128 -69.579128
v -4.375000 -82.079128 -69.579128
v -4.166667 -82.079128 -69.579128
v -3.958333 -82.079128 -69.579128
v -3.750000 -82.079128 -69.579128
v -3.541667 -82.079128 -69.579128
v -3.333333 -82.079128 -69.579128
v -3.125000 -82.079128 -69.579128
v -2.916667 -82.079128 -69.579128
v -2.708333 -82.079128 -69.579128
v -2.500000 -82.079128 -69.579128
v -2.291667 -82.079128 -69.579128
v -2.083333 -82.079128 -69.579128
v -1.875000 -82.079128 -69.579128
v -1.666667 -82.079128 -69.579128
v -1.458333 -82.079128 -69.579128
v -1.250000 -82.079128 -69.579128
v -1.041667 -82.079128 -69.579128
v -0.833333 -82.079128 -69.579128
v -0.625000 -82.079128 -69.579128
v -0.416667 -82.079128 -69.579128
v -0.208333 -82.079128 -69.579128
v 0.000000 -82.079128 -69.579128
v 0.208333 -82.079128 -69.579128
v 0.416667 -82.079128 -69.579128
v 0.625000 -82.079128 -69.579128
v 0.833333 -82.079128 -69.579128
v 1.041667 -82.079128 -69.579128
v 1.250000 -82.079128 -69.579128
v 1.458333 -82.079128 -69.579128
v 1.666667 -82.079128 -69.579128
v 1.875000 -82.079128 -69.579128
v 2.083333 -82.079128 -69.579128
v 2.291667 -82.079128 -69.579128
v 2.500000 -82.079128 -69.579128
v 2.708333 -82.079128 -69.579128
v 2.916667 -82.079128 -69.579128
v 3.125000 -82.079128 -69.579128
v 3.333333 -82.079128 -69.579128
v 3.541667 -82.079128 -69.579128
v 3.750000 -82.079128 -69.579128
v 3.958333 -82.079128 -69.579128
v 4.166667 -82.079128 -69.579128
v 4.375000 -82.079128 -69.579128
v 4.583333 -82.079128 -69.579128
v 4.791667 -82.079128 -69.579128
v 5.000000 -82.079128 -69.579128
v -5.000000 -73.381737 -60.881737
v -4.791667 -73.381737 -60.881737
v -4.583333 -73.381737 -60.881737
v -4.375000 -73.381737 -60.881737
v -4.166667 -73.381737 -60.881737
v -3.958333 -73.381737 -60.881737
v -3.750000 -73.381737 -60.881737
v -3.541667 -73.381737 -60.881737
v -3.333333 -73.381737 -60.881737
v -3.125000 -73.381737 -60.881737
v -2.916667 -73.381737 -60.881737
v -2.708333 -73.381737 -60.881737
v -2.500000 -73.381737 -60.881737
v -2.291667 -73.381737 -60.881737
v -2.083333 -73.381737 -60.881737
v -1.875000 -73.381737 -60.881737
v -1.666667 -73.381737 -60.881737
v -1.458333 -73.381737 -60.881737
v -1.250000 -73.381737 -60.881737
v -1.041667 -73.381737 -60.881737
v -0.833333 -73.381737 -60.881737
v -0.625000 -73.381737 -60.881737
v -0.416667 -73.381737 -60.881737
v -0.208333 -73.381737 -60.881737
v 0.000000 -73.381737 -60.881737
v 0.208333 -73.381737 -60.881737
v 0.416667 -73.381737 -60.881737
v 0.625000 -73.381737 -60.881737
v 0.833333 -73.381737 -60.881737
v 1.041667 -73.381737 -60.881737
v 1.250000 -73.381737 -60.881737
v 1.458333 -73.381737 -60.881737
v 1.666667 -73.381737 -60.881737
v 1.875000 -73.381737 -60.881737
v 2.083333 -73.381737 -60.881737
v 2.291667 -73.381737 -60.881737
v 2.500000 -73.381737 -60.881737
v 2.708333 -73.381737 -60.881737
v 2.916667 -73.381737 -60.881737
v 3.125000 -73.381737 -60.881737
v 3.333333 -73.381737 -60.881737
v 3.541667 -73.381737 -60.881737
v 3.750000 -73.381737 -60.881737
v 3.958333 -73.381737 -60.881737
v 4.166667 -73.381737 -60.881737
v 4.375000 -73.381737 -60.881737
v 4.583333 -73.381737 -60.881737
v 4.791667 -73.381737 -60.881737
v 5.000000 -73.381737 -60.881737
v -5.000000 -64.684346 -52.184346
v -4.791667 -64.684346 -52.184346
v -4.583333 -64.684346 -52.184346
v -4.375000 -64.684346 -52.184346
v -4.166667 -64.684346 -52.184346
v -3.958333 -64.684346 -52.184346
v -3.750000 -64.684346 -52.184346
v -3.541667 -64.684346 -52.184346
v -3.333333 -64.684346 -52.184346
v -3.125000 -64.684346 -52.184346
v -2.916667 -64.684346 -52.184346
v -2.708333 -64.684346 -52.184346
v -2.500000 -64.684346 -52.184346
v -2.291667 -64.684346 -52.184346
v -2.083333 -64.684346 -52.184346
v -1.875000 -64.684346 -52.184346
v -1.666667 -64.684346 -52.184346
v -1.458333 -64.684346 -52.184346
v -1.250000 -64.684346 -52.184346
v -1.041667 -64.684346 -52.184346
v -0.833333 -64.684346 -52.184346
v -0.625000 -64.684346 -52.184346
v -0.416667 -64.684346 -52.184346
v -0.208333 -64.684346 -52.184346
v 0.000000 -64.684346 -52.184346
v 0.208333 -64.684346 -52.184346
v 0.416667 -64.684346 -52.184346
v 0.625000 -64.684346 -52.184346
v 0.833333 -64.684346 -52.184346
v 1.041667 -64.684346 -52.184346
v 1.250000 -64.684346 -52.184346
v 1.458333 -64.684346 -52.184346
v 1.666667 -64.684346 -52.184346
v 1.875000 -64.684346 -52.184346
v 2.083333 -64.684346 -52.184346
v 2.291667 -64.684346 -52.184346
v 2.500000 -64.684346 -52.184346
v 2.708333 -64.684346 -52.184346
v 2.916667 -64.684346 -52.184346
v 3.125000 -64.684346 -52.184346
v 3.333333 -64.684346 -52.184346
v 3.541667 -64.684346 -52.184346
v 3.750000 -64.684346 -52.184346
v 3.958333 -64.684346 -52.184346
v 4.166667 -64.684346 -52.184346
v 4.375000 -64.684346 -52.184346
v 4.583333 -64.684346 -52.184346
v 4.791667 -64.684346 -52.184346
v 5.000000 -64.684346 -52.184346
v -5.000000 -55.986955 -43.486955
v -4.791667 -55.986955 -43.486955
v -4.583333 -55.986955 -43.486955
v -4.375000 -55.986955 -43.486955
v -4.166667 -55.986955 -43.486955
v -3.958333 -55.986955 -43.486955
v -3.750000 -55.986955 -43.486955
v -3.541667 -55.986955 -43.486955
v -3.333333 -55.986955 -43.486955
v -3.125000 -55.986955 -43.486955
v -2.916667 -55.986955 -43.486955
v -2.708333 -55.986955 -43.486955
v -2.500000 -55.986955 -43.486955
v -2.291667 -55.986955 -43.486955
v -2.083333 -55.986955 -43.486955
v -1.875000 -55.986955 -43.486955
v -1.666667 -55.986955 -43.486955
v -1.458333 -55.986955 -43.486955
v -1.250000 -55.986955 -43.486955
v -1.041667 -55.986955 -43.486955
v -0.833333 -55.986955 -43.486955
v -0.625000 -55.986955 -43.486955
v -0.416667 -55.986955 -43.486955
v -0.208333 -55.986955 -43.486955
v 0.000000 -55.986955 -43.486955
v 0.208333 -55.986955 -43.486955
v 0.416667 -55.986955 -43.486955
v 0.625000 -55.986955 -43.486955
v 0.833333 -55.986955 -43.486955
v 1.041667 -55.986955 -43.486955
v 1.250000 -55.986955 -43.486955
v 1.458333 -55.986955 -43.486955
v 1.666667 -55.986955 -43.486955
v 1.875000 -55.986955 -43.486955
v 2.083333 -55.986955 -43.486955
v 2.291667 -55.986955 -43.486955
v 2.500000 -55.986955 -43.486955
v 2.708333 -55.986955 -43.486955
v 2.916667 -55.986955 -43.486955
v 3.125000 -55.986955 -43.486955
v 3.333333 -55.986955 -43.486955
v 3.541667 -55.986955 -43.486955
v 3.750000 -55.986955 -43.486955
v 3.958333 -55.986955 -43.486955
v 4.166667 -55.986955 -43.486955
v 4.375000 -55.986955 -43.486955
v 4.583333 -55.986955 -43.486955
v 4.791667 -55.986955 -43.486955
v 5.000000 -55.986955 -43.486955
v -5.000000 -47.289564 -34.789564
v -4.791667 -47.289564 -34.789564
v -4.583333 -47.289564 -34.789564
v -4.375000 -47.289564 -34.789564
v -4.166667 -47.289564 -34.789564
v -3.958333 -47.289564 -34.789564
v -3.750000 -47.289564 -34.789564
v -3.541667 -47.289564 -34.789564
v -3.333333 -47.289564 -34.789564
v -3.125000 -47.289564 -34.789564
v -2.916667 -47.289564 -34.789564
v -2.708333 -47.289564 -34.789564
v -2.500000 -47.289564 -34.789564
v -2.291667 -47.289564 -34.789564
v -2.083333 -47.289564 -34.789564
v -1.875000 -47.289564 -34.789564
v -1.666667 -47.289564 -34.789564
v -1.458333 -47.289564 -34.789564
v -1.250000 -47.289564 -34.789564
v -1.041667 -47.289564 -34.789564
v -0.833333 -47.289564 -34.789564
v -0.625000 -47.289564 -34.789564
v -0.416667 -47.289564 -34.789564
v -0.208333 -47.289564 -34.789564
v 0.000000 -47.289564 -34.789564
v 0.208333 -47.289564 -34.789564
v 0.416667 -47.289564 -34.789564
v 0.625000 -47.289564 -34.789564
v 0.833333 -47.289564 -34.789564
v 1.041667 -47.289564 -34.789564
v 1.250000 -47.289564 -34.789564
v 1.458333 -47.289564 -34.789564
v 1.666667 -47.289564 -34.789564
v 1.875000 -47.289564 -34.789564
v 2.083333 -47.289564 -34.789564
v 2.291667 -47.289564 -34.789564
v 2.500000 -47.289564 -34.789564
v 2.708333 -47.289564 -34.789564
v 2.916667 -47.289564 -34.789564
v 3.125000 -47.289564 -34.789564
v 3.333333 -47.289564 -34.789564
v 3.541667 -47.289564 -34.789564
v 3.750000 -47.289564 -34.789564
v 3.958333 -47.289564 -34.789564
v 4.166667 -47.289564 -34.789564
v 4.375000 -47.289564 -34.789564
v 4.583333 -47.289564 -34.789564
v 4.791667 -47.289564 -34.789564
v 5.000000 -47.289564 -34.789564
v -5.000000 -38.592173 -26.092173
v -4.791667 -38.592173 -26.092173
v -4.583333 -38.592173 -26.092173
v -4.375000 -38.592173 -26.092173
v -4.166667 -38.592173 -26.092173
v -3.958333 -38.592173 -26.092173
v -3.750000 -38.592173 -26.092173
v -3.541667 -38.592173 -26.092173
v -3.333333 -38.592173 -26.092173
v -3.125000 -38.592173 -26.092173
v -2.916667 -38.592173 -26.092173
v -2.708333 -38.592173 -26.092173
v -2.500000 -38.592173 -26.092173
v -2.291667 -38.592173 -26.092173
v -2.083333 -38.592173 -26.092173
v -1.875000 -38.592173 -26.092173
v -1.666667 -38.592173 -26.092173
v -1.458333 -38.592173 -26.092173
v -1.250000 -38.592173 -26.092173
v -1.041667 -38.592173 -26.092173
v -0.833333 -38.592173 -26.092173
v -0.625000 -38.592173 -26.092173
v -0.416667 -38.592173 -26.092173
v -0.208333 -38.592173 -26.092173
v 0.000000 -38.592173 -26.092173
v 0.208333 -38.592173 -26.092173
v 0.416667 -38.592173 -26.092173
v 0.625000 -38.592173 -26.092173
v 0.833333 -38.592173 -26.092173
v 1.041667 -38.592173 -26.092173
v 1.250000 -38.592173 -26.092173
v 1.458333 -38.592173 -26.092173
v 1.666667 -38.592173 -26.092173
v 1.875000 -38.592173 -26.092173
v 2.083333 -38.592173 -26.092173
v 2.291667 -38.592173 -26.092173
v 2.500000 -38.592173 -26.092173
v 2.708333 -38.592173 -26.092173
v 2.916667 -38.592173 -26.092173
v 3.125000 -38.592173 -26.092173
v 3.333333 -38.592173 -26.092173
v 3.541667 -38.592173 -26.092173
v 3.750000 -38.592173 -26.092173
v 3.958333 -38.592173 -26.092173
v 4.166667 -38.592173 -26.092173
v 4.375000 -38.592173 -26.092173
v 4.583333 -38.592173 -26.092173
v 4.791667 -38.592173 -26.092173
v 5.000000 -38.592173 -26.092173
v -5.000000 -29.894782 -17.394782
v -4.791667 -29.894782 -17.394782
v -4.583333 -29.894782 -17.394782
v -4.375000 -29.894782 -17.394782
v -4.166667 -29.894782 -17.394782
v -3.958333 -29.894782 -17.394782
v -3.750000 -29.894782 -17.394782
v -3.541667 -29.894782 -17.394782
v -3.333333 -29.894782 -17.394782
v -3.125000 -29.894782 -17.394782
v -2.916667 -29.894782 -17.394782
v -2.708333 -29.894782 -17.394782
v -2.500000 -29.894782 -17.394782
v -2.291667 -29.894782 -17.394782
v -2.083333 -29.894782 -17.394782
v -1.875000 -29.894782 -17.394782
v -1.666667 -29.894782 -17.394782
v -1.458333 -29.894782 -17.394782
v -1.250000 -29.894782 -17.394782
v -1.041667 -29.894782 -17.394782
v -0.833333 -29.894782 -17.394782
v -0.625000 -29.894782 -17.394782
v -0.416667 -29.894782 -17.394782
v -0.208333 -29.894782 -17.394782
v 0.000000 -29.894782 -17.394782
v 0.208333 -29.894782 -17.394782
v 0.416667 -29.894782 -17.394782
v 0.625000 -29.894782 -17.394782
v 0.833333 -29.894782 -17.394782
v 1.041667 -29.894782 -17.394782
v 1.250000 -29.894782 -17.394782
v 1.458333 -29.894782 -17.394782
v 1.666667 -29.894782 -17.394782
v 1.875000 -29.894782 -17.394782
v 2.083333 -29.894782 -17.394782
v 2.291667 -29.894782 -17.394782
v 2.500000 -29.894782 -17.394782
v 2.708333 -29.894782 -17.394782
v 2.916667 -29.894782 -17.394782
v 3.125000 -29.894782 -17.394782
v 3.333333 -29.894782 -17.394782
v 3.541667 -29.894782 -17.394782
v 3.750000 -29.894782 -17.394782
v 3.958333 -29.894782 -17.394782
v 4.166667 -29.894782 -17.394782
v 4.375000 -29.894782 -17.394782
v 4.583333 -29.894782 -17.394782
v 4.791667 -29.894782 -17.394782
v 5.000000 -29.894782 -17.394782
v -5.000000 -21.197391 -8.697391
v -4.791667 -21.197391 -8.697391
v -4.583333 -21.197391 -8.697391
v -4.375000 -21.197391 -8.697391
v -4.166667 -21.197391 -8.697391
v -3.958333 -21.197391 -8.697391
v -3.750000 -21.197391 -8.697391
v -3.541667 -21.197391 -8.697391
v -3.333333 -21.197391 -8.697391
v -3.125000 -21.197391 -8.697391
v -2.916667 -21.197391 -8.697391
v -2.708333 -21.197391 -8.697391
v -2.500000 -21.197391 -8.697391
v -2.291667 -21.197391 -8.697391
v -2.083333 -21.197391 -8.697391
v -1.875000 -21.197391 -8.697391
v -1.666667 -21.197391 -8.697391
v -1.458333 -21.197391 -8.697391
v -1.250000 -21.197391 -8.697391
v -1.041667 -21.197391 -8.697391
v -0.833333 -21.197391 -8.697391
v -0.625000 -21.197391 -8.697391
v -0.416667 -21.197391 -8.697391
v -0.208333 -21.197391 -8.697391
v 0.000000 -21.197391 -8.697391
v 0.208333 -21.197391 -8.697391
v 0.416667 -21.197391 -8.697391
v 0.625000 -21.197391 -8.697391
v 0.833333 -21.197391 -8.697391
v 1.041667 -21.197391 -8.697391
v 1.250000 -21.197391 -8.697391
v 1.458333 -21.197391 -8.697391
v 1.666667 -21.197391 -8.697391
v 1.875000 -21.197391 -8.697391
v 2.083333 -21.197391 -8.697391
v 2.291667 -21.197391 -8.697391
v 2.500000 -21.197391 -8.697391
v 2.708333 -21.197391 -8.697391
v 2.916667 -21.197391 -8.697391
v 3.125000 -21.197391 -8.697391
v 3.333333 -21.197391 -8.697391
v 3.541667 -21.197391 -8.697391
v 3.750000 -21.197391 -8.697391
v 3.958333 -21.197391 -8.697391
v 4.166667 -21.197391 -8.697391
v 4.375000 -21.197391 -8.697391
v 4.583333 -21.197391 -8.697391
v 4.791667 -21.197391 -8.697391
v 5.000000 -21.197391 -8.697391
v -5.000000 -12.500000 0.000000
v -4.791667 -12.500000 0.000000
v -4.583333 -12.500000 0.000000
v -4.375000 -12.500000 0.000000
v -4.166667 -12.500000 0.000000
v -3.958333 -12.500000 0.000000
v -3.750000 -12.500000 0.000000
v -3.541667 -12.500000 0.000000
v -3.333333 -12.500000 0.000000
v -3.125000 -12.500000 0.000000
v -2.916667 -12.500000 0.000000
v -2.708333 -12.500000 0.000000
v -2.500000 -12.500000 0.000000
v -2.291667 -12.500000 0.000000
v -2.083333 -12.500000 0.000000
v -1.875000 -12.500000 0.000000
v -1.666667 -12.500000 0.000000
v -1.458333 -12.500000 0.000000
v -1.250000 -12.500000 0.000000
v -1.041667 -12.500000 0.000000
v -0.833333 -12.500000 0.000000
v -0.625000 -12.500000 0.000000
v -0.416667 -12.500000 0.000000
v -0.208333 -12.500000 0.000000
v 0.000000 -12.500000 0.000000
v 0.208333 -12.500000 0.000000
v 0.416667 -12.500000 0.000000
v 0.625000 -12.500000 0.000000
v 0.833333 -12.500000 0.000000
v 1.041667 -12.500000 0.000000
v 1.250000 -12.500000 0.000000
v 1.458333 -12.500000 0.000000
v 1.666667 -12.500000 0.000000
v 1.875000 -12.500000 0.000000
v 2.083333 -12.500000 0.000000
v 2.291667 -12.500000 0.000000
v 2.500000 -12.500000 0.000000
v 2.708333 -12.500000 0.000000
v 2.916667 -12.500000 0.000000
v 3.125000 -12.500000 0.000000
v 3.333333 -12.500000 0.000000
v 3.541667 -12.500000 0.000000
v 3.750000 -12.500000 0.000000
v 3.958333 -12.500000 0.000000
v 4.166667 -12.500000 0.000000
v 4.375000 -12.500000 0.000000
v 4.583333 -12.500000 0.000000
v 4.791667 -12.500000 0.000000
v 5.000000 -12.500000 0.000000
v -5.000000 -3.802609 8.697391
v -4.791667 -3.802609 8.697391
v -4.583333 -3.802609 8.697391
v -4.375000 -3.802609 8.697391
v -4.166667 -3.802609 8.697391
v -3.958333 -3.802609 8.697391
v -3.750000 -3.802609 8.697391
v -3.541667 -3.802609 8.697391
v -3.333333 -3.802609 8.697391
v -3.125000 -3.802609 8.697391
v -2.916667 -3.802609 8.697391
v -2.708333 -3.802609 8.697391
v -2.500000 -3.802609 8.697391
v -2.291667 -3.802609 8.697391
v -2.083333 -3.802609 8.697391
v -1.875000 -3.802609 8.697391
v -1.666667 -3.802609 8.697391
v -1.458333 -3.802609 8.697391
v -1.250000 -3.802609 8.697391
v -1.041667 -3.802609 8.697391
v -0.833333 -3.802609 8.697391
v -0.625000 -3.802609 8.697391
v -0.416667 -3.802609 8.697391
v -0.208333 -3.802609 8.697391
v 0.000000 -3.802609 8.697391
v 0.208333 -3.802609 8.697391
v 0.416667 -3.802609 8.697391
v 0.625000 -3.802609 8.697391
v 0.833333 -3.802609 8.697391
v 1.041667 -3.802609 8.697391
v 1.250000 -3.802609 8.697391
v 1.458333 -3.802609 8.697391
v 1.666667 -3.802609 8.697391
v 1.875000 -3.802609 8.697391
v 2.083333 -3.802609 8.697391
v 2.291667 -3.802609 8.697391
v 2.500000 -3.802609 8.697391
v 2.708333 -3.802609 8.697391
v 2.916667 -3.802609 8.697391
v 3.125000 -3.802609 8.697391
v 3.333333 -3.802609 8.697391
v 3.541667 -3.802609 8.697391
v 3.750000 -3.802609 8.697391
v 3.958333 -3.802609 8.697391
v 4.166667 -3.802609 8.697391
v 4.375000 -3.802609 8.697391
v 4.583333 -3.802609 8.697391
v 4.791667 -3.802609 8.697391
v 5.000000 -3.802609 8.697391
v -5.000000 4.894782 17.394782
v -4.791667 4.894782 17.394782
v -4.583333 4.894782 17.394782
v -4.375000 4.894782 17.394782
v -4.166667 4.894782 17.394782
v -3.958333 4.894782 17.394782
v -3.750000 4.894782 17.394782
v -3.541667 4.894782 17.394782
v -3.333333 4.894782 17.394782
v -3.125000 4.894782 17.394782
v -2.916667 4.894782 17.394782
v -2.708333 4.894782 17.394782
v -2.500000 4.894782 17.394782
v -2.291667 4.894782 17.394782
v -2.083333 4.894782 17.394782
v -1.875000 4.894782 17.394782
v -1.666667 4.894782 17.394782
v -1.458333 4.894782 17.394782
v -1.250000 4.894782 17.394782
v -1.041667 4.894782 17.394782
v -0.833333 4.894782 17.394782
v -0.625000 4.894782 17.394782
v -0.416667 4.894782 17.394782
v -0.208333 4.894782 17.394782
v 0.000000 4.894782 17.394782
v 0.208333 4.894782 17.394782
v 0.416667 4.894782 17.394782
v 0.625000 4.894782 17.394782
v 0.833333 4.894782 17.394782
v 1.041667 4.894782 17.394782
v 1.250000 4.894782 17.394782
v 1.458333 4.894782 17.394782
v 1.666667 4.894782 17.394782
v 1.875000 4.894782 17.394782
v 2.083333 4.894782 17.394782
v 2.291667 4.894782 17.394782
v 2.500000 4.894782 17.394782
v 2.708333 4.894782 17.394782
v 2.916667 4.894782 17.394782
v 3.125000 4.894782 17.394782
v 3.333333 4.894782 17.394782
v 3.541667 4.894782 17.394782
v 3.750000 4.894782 17.394782
v 3.958333 4.894782 17.394782
v 4.166667 4.894782 17.394782
v 4.375000 4.894782 17.394782
v 4.583333 4.894782 17.394782
v 4.791667 4.894782 17.394782
v 5.000000 4.894782 17.394782
v -5.000000 13.592173 26.092173
v -4.791667 13.592173 26.092173
v -4.583333 13.592173 26.092173
v -4.375000 13.592173 26.092173
v -4.166667 13.592173 26.092173
v -3.958333 13.592173 26.092173
v -3.750000 13.592173 26.092173
v -3.541667 13.592173 26.092173
v -3.333333 13.592173 26.092173
v -3.125000 13.592173 26.092173
v -2.916667 13.592173 26.092173
v -2.708333 13.592173 26.092173
v -2.500000 13.592173 26.092173
v -2.291667 13.592173 26.092173
v -2.083333 13.592173 26.092173
v -1.875000 13.592173 26.092173
v -1.666667 13.592173 26.092173
v -1.458333 13.592173 26.092173
v -1.250000 13.592173 26.092173
v -1.041667 13.592173 26.092173
v -0.833333 13.592173 26.092173
v -0.625000 13.592173 26.092173
v -0.416667 13.592173 26.092173
v -0.208333 13.592173 26.092173
v 0.000000 13.592173 26.092173
v 0.208333 13.592173 26.092173
v 0.416667 13.592173 26.092173
v 0.625000 13.592173 26.092173
v 0.833333 13.592173 26.092173
v 1.041667 13.592173 26.092173
v 1.250000 13.592173 26.092173
v 1.458333 13.592173 26.092173
v 1.666667 13.592173 26.092173
v 1.875000 13.592173 26.092173
v 2.083333 13.592173 26.092173
v 2.291667 13.592173 26.092173
v 2.500000 13.592173 26.092173
v 2.708333 13.592173 26.092173
v 2.916667 13.592173 26.092173
v 3.125000 13.592173 26.092173
v 3.333333 13.592173 26.092173
v 3.541667 13.592173 26.092173
v 3.750000 13.592173 26.092173
v 3.958333 13.592173 26.092173
v 4.166667 13.592173 26.092173
v 4.375000 13.592173 26.092173
v 4.583333 13.592173 26.092173
v 4.791667 13.592173 26.092173
v 5.000000 13.592173 26.092173
v -5.000000 20.000000 34.789564
v -4.791667 20.000000 34.789564
v -4.583333 20.000000 34.789564
v -4.375000 20.000000 34.789564
v -4.166667 20.000000 34.789564
v -3.958333 20.000000 34.789564
v -3.750000 20.000000 34.789564
v -3.541667 20.000000 34.789564
v -3.333333 20.000000 34.789564
v -3.125000 20.000000 34.789564
v -2.916667 20.000000 34.789564
v -2.708333 20.000000 34.789564
v -2.500000 20.000000 34.789564
v -2.291667 20.000000 34.789564
v -2.083333 20.000000 34.789564
v -1.875000 20.000000 34.789564
v -1.666667 20.000000 34.789564
v -1.458333 20.000000 34.789564
v -1.250000 20.000000 34.789564
v -1.041667 20.000000 34.789564
v -0.833333 20.000000 34.789564
v -0.625000 20.000000 34.789564
v -0.416667 20.000000 34.789564
v -0.208333 20.000000 34.789564
v 0.000000 20.000000 34.789564
v 0.208333 20.000000 34.789564
v 0.416667 20.000000 34.789564
v 0.625000 20.000000 34.789564
v 0.833333 20.000000 34.789564
v 1.041667 20.000000 34.789564
v 1.250000 20.000000 34.789564
v 1.458333 20.000000 34.789564
v 1.666667 20.000000 34.789564
v 1.875000 20.000000 34.789564
v 2.083333 20.000000 34.789564
v 2.291667 20.000000 34.789564
v 2.500000 20.000000 34.789564
v 2.708333 20.000000 34.789564
v 2.916667 20.000000 34.789564
v 3.125000 20.000000 34.789564
v 3.333333 20.000000 34.789564
v 3.541667 20.000000 34.789564
v 3.750000 20.000000 34.789564
v 3.958333 20.000000 34.789564
v 4.166667 20.000000 34.789564
v 4.375000 20.000000 34.789564
v 4.583333 20.000000 34.789564
v 4.791667 20.000000 34.789564
v 5.000000 20.000000 34.789564
v -5.000000 20.000000 43.486955
v -4.791667 20.000000 43.486955
v -4.583333 20.000000 43.486955
v -4.375000 20.000000 43.486955
v -4.166667 20.000000 43.486955
v -3.958333 20.000000 43.486955
v -3.750000 20.000000 43.486955
v -3.541667 20.000000 43.486955
v -3.333333 20.000000 43.486955
v -3.125000 20.000000 43.486955
v -2.916667 20.000000 43.486955
v -2.708333 20.000000 43.486955
v -2.500000 20.000000 43.486955
v -2.291667 20.000000 43.486955
v -2.083333 20.000000 43.486955
v -1.875000 20.000000 43.486955
v -1.666667 20.000000 43.486955
v -1.458333 20.000000 43.486955
v -1.250000 20.000000 43.486955
v -1.041667 20.000000 43.486955
v -0.833333 20.000000 43.486955
v -0.625000 20.000000 43.486955
v -0.416667 20.000000 43.486955
v -0.208333 20.000000 43.486955
v 0.000000 20.000000 43.486955
v 0.208333 20.000000 43.486955
v 0.416667 20.000000 43.486955
v 0.625000 20.000000 43.486955
v 0.833333 20.000000 43.486955
v 1.041667 20.000000 43.486955
v 1.250000 20.000000 43.486955
v 1.458333 20.000000 43.486955
v 1.666667 20.000000 43.486955
v 1.875000 20.000000 43.486955
v 2.083333 20.000000 43.486955
v 2.291667 20.000000 43.486955
v 2.500000 20.000000 43.486955
v 2.708333 20.000000 43.486955
v 2.916667 20.000000 43.486955
v 3.125000 20.000000 43.486955
v 3.333333 20.000000 43.486955
v 3.541667 20.000000 43.486955
v 3.750000 20.000000 43.486955
v 3.958333 20.000000 43.486955
v 4.166667 20.000000 43.486955
v 4.375000 20.000000 43.486955
v 4.583333 20.000000 43.486955
v 4.791667 20.000000 43.486955
v 5.000000 20.000000 43.486955
v -5.000000 20.000000 52.184346
v -4.791667 20.000000 52.184346
v -4.583333 20.000000 52.184346
v -4.375000 20.000000 52.184346
v -4.166667 20.000000 52.184346
v -3.958333 20.000000 52.184346
v -3.750000 20.000000 52.184346
v -3.541667 20.000000 52.184346
v -3.333333 20.000000 52.184346
v -3.125000 20.000000 52.184346
v -2.916667 20.000000 52.184346
v -2.708333 20.000000 52.184346
v -2.500000 20.000000 52.184346
v -2.291667 20.000000 52.184346
v -2.083333 20.000000 52.184346
v -1.875000 20.000000 52.184346
v -1.666667 20.000000 52.184346
v -1.458333 20.000000 52.184346
v -1.250000 20.000000 52.184346
v -1.041667 20.000000 52.184346
v -0.833333 20.000000 52.184346
v -0.625000 20.000000 52.184346
v -0.416667 20.000000 52.184346
v -0.208333 20.000000 52.184346
v 0.000000 20.000000 52.184346
v 0.208333 20.000000 52.184346
v 0.416667 20.000000 52.184346
v 0.625000 20.000000 52.184346
v 0.833333 20.000000 52.184346
v 1.041667 20.000000 52.184346
v 1.250000 20.000000 52.184346
v 1.458333 20.000000 52.184346
v 1.666667 20.000000 52.184346
v 1.875000 20.000000 52.184346
v 2.083333 20.000000 52.184346
v 2.291667 20.000000 52.184346
v 2.500000 20.000000 52.184346
v 2.708333 20.000000 52.184346
v 2.916667 20.000000 52.184346
v 3.125000 20.000000 52.184346
v 3.333333 20.000000 52.184346
v 3.541667 20.000000 52.184346
v 3.750000 20.000000 52.184346
v 3.958333 20.000000 52.184346
v 4.166667 20.000000 52.184346
v 4.375000 20.000000 52.184346
v 4.583333 20.000000 52.184346
v 4.791667 20.000000 52.184346
v 5.000000 20.000000 52.184346
v -5.000000 20.000000 60.881737
v -4.791667 20.000000 60.881737
v -4.583333 20.000000 60.881737
v -4.375000 20.000000 60.881737
v -4.166667 20.000000 60.881737
v -3.958333 20.000000 60.881737
v -3.750000 20.000000 60.881737
v -3.541667 20.000000 60.881737
v -3.333333 20.000000 60.881737
v -3.125000 20.000000 60.881737
v -2.916667 20.000000 60.881737
v -2.708333 20.000000 60.881737
v -2.500000 20.000000 60.881737
v -2.291667 20.000000 60.881737
v -2.083333 20.000000 60.881737
v -1.875000 20.000000 60.881737
v -1.666667 20.000000 60.881737
v -1.458333 20.000000 60.881737
v -1.250000 20.000000 60.881737
v -1.041667 20.000000 60.881737
v -0.833333 20.000000 60.881737
v -0.625000 20.000000 60.881737
v -0.416667 20.000000 60.881737
v -0.208333 20.000000 60.881737
v 0.000000 20.000000 60.881737
v 0.208333 20.000000 60.881737
v 0.416667 20.000000 60.881737
v 0.625000 20.000000 60.881737
v 0.833333 20.000000 60.881737
v 1.041667 20.000000 60.881737
v 1.250000 20.000000 60.881737
v 1.458333 20.000000 60.881737
v 1.666667 20.000000 60.881737
v 1.875000 20.000000 60.881737
v 2.083333 20.000000 60.881737
v 2.291667 20.000000 60.881737
v 2.500000 20.000000 60.881737
v 2.708333 20.000000 60.881737
v 2.916667 20.000000 60.881737
v 3.125000 20.000000 60.881737
v 3.333333 20.000000 60.881737
v 3.541667 20.000000 60.881737
v 3.750000 20.000000 60.881737
v 3.958333 20.000000 60.881737
v 4.166667 20.000000 60.881737
v 4.375000 20.000000 60.881737
v 4.583333 20.000000 60.881737
v 4.791667 20.000000 60.881737
v 5.000000 20.000000 60.881737
v -5.000000 20.000000 69.579128
v -4.791667 20.000000 69.579128
v -4.583333 20.000000 69.579128
v -4.375000 20.000000 69.579128
v -4.166667 20.000000 69.579128
v -3.958333 20.000000 69.579128
v -3.750000 20.000000 69.579128
v -3.541667 20.000000 69.579128
v -3.333333 20.000000 69.579128
v -3.125000 20.000000 69.579128
v -2.916667 20.000000 69.579128
v -2.708333 20.000000 69.579128
v -2.500000 20.000000 69.579128
v -2.291667 20.000000 69.579128
v -2.083333 20.000000 69.579128
v -1.875000 20.000000 69.579128
v -1.666667 20.000000 69.579128
v -1.458333 20.000000 69.579128
v -1.250000 20.000000 69.579128
v -1.041667 20.000000 69.579128
v -0.833333 20.000000 69.579128
v -0.625000 20.000000 69.579128
v -0.416667 20.000000 69.579128
v -0.208333 20.000000 69.579128
v 0.000000 20.000000 69.579128
v 0.208333 20.000000 69.579128
v 0.416667 20.000000 69.579128
v 0.625000 20.000000 69.579128
v 0.833333 20.000000 69.579128
v 1.041667 20.000000 69.579128
v 1.250000 20.000000 69.579128
v 1.458333 20.000000 69.579128
v 1.666667 20.000000 69.579128
v 1.875000 20.000000 69.579128
v 2.083333 20.000000 69.579128
v 2.291667 20.000000 69.579128
v 2.500000 20.000000 69.579128
v 2.708333 20.000000 69.579128
v 2.916667 20.000000 69.579128
v 3.125000 20.000000 69.579128
v 3.333333 20.000000 69.579128
v 3.541667 20.000000 69.579128
v 3.750000 20.000000 69.579128
v 3.958333 20.000000 69.579128
v 4.166667 20.000000 69.579128
v 4.375000 20.000000 69.579128
v 4.583333 20.000000 69.579128
v 4.791667 20.000000 69.579128
v 5.000000 20.000000 69.579128
v -5.000000 20.000000 78.276518
v -4.791667 20.000000 78.276518
v -4.583333 20.000000 78.276518
v -4.375000 20.000000 78.276518
v -4.166667 20.000000 78.276518
v -3.958333 20.000000 78.276518
v -3.750000 20.000000 78.276518
v -3.541667 20.000000 78.276518
v -3.333333 20.000000 78.276518
v -3.125000 20.000000 78.276518
v -2.916667 20.000000 78.276518
v -2.708333 20.000000 78.276518
v -2.500000 20.000000 78.276518
v -2.291667 20.000000 78.276518
v -2.083333 20.000000 78.276518
v -1.875000 20.000000 78.276518
v -1.666667 20.000000 78.276518
v -1.458333 20.000000 78.276518
v -1.250000 20.000000 78.276518
v -1.041667 20.000000 78.276518
v -0.833333 20.000000 78.276518
v -0.625000 20.000000 78.276518
v -0.416667 20.000000 78.276518
v -0.208333 20.000000 78.276518
v 0.000000 20.000000 78.276518
v 0.208333 20.000000 78.276518
v 0.416667 20.000000 78.276518
v 0.625000 20.000000 78.276518
v 0.833333 20.000000 78.276518
v 1.041667 20.000000 78.276518
v 1.250000 20.000000 78.276518
v 1.458333 20.000000 78.276518
v 1.666667 20.000000 78.276518
v 1.875000 20.000000 78.276518
v 2.083333 20.000000 78.276518
v 2.291667 20.000000 78.276518
v 2.500000 20.000000 78.276518
v 2.708333 20.000000 78.276518
v 2.916667 20.000000 78.276518
v 3.125000 20.000000 78.276518
v 3.333333 20.000000 78.276518
v 3.541667 20.000000 78.276518
v 3.750000 20.000000 78.276518
v 3.958333 20.000000 78.276518
v 4.166667 20.000000 78.276518
v 4.375000 20.000000 78.276518
v 4.583333 20.000000 78.276518
v 4.791667 20.000000 78.276518
v 5.000000 20.000000 78.276518
v -5.000000 20.000000 86.973909
v -4.791667 20.000000 86.973909
v -4.583333 20.000000 86.973909
v -4.375000 20.000000 86.973909
v -4.166667 20.000000 86.973909
v -3.958333 20.000000 86.973909
v -3.750000 20.000000 86.973909
v -3.541667 20.000000 86.973909
v -3.333333 20.000000 86.973909
v -3.125000 20.000000 86.973909
v -2.916667 20.000000 86.973909
v -2.708333 20.000000 86.973909
v -2.500000 20.000000 86.973909
v -2.291667 20.000000 86.973909
v -2.083333 20.000000 86.973909
v -1.875000 20.000000 86.973909
v -1.666667 20.000000 86.973909
v -1.458333 20.000000 86.973909
v -1.250000 20.000000 86.973909
v -1.041667 20.000000 86.973909
v -0.833333 20.000000 86.973909
v -0.625000 20.000000 86.973909
v -0.416667 20.000000 86.973909
v -0.208333 20.000000 86.973909
v 0.000000 20.000000 86.973909
v 0.208333 20.000000 86.973909
v 0.416667 20.000000 86.973909
v 0.625000 20.000000 86.973909
v 0.833333 20.000000 86.973909
v 1.041667 20.000000 86.973909
v 1.250000 20.000000 86.973909
v 1.458333 20.000000 86.973909
v 1.666667 20.000000 86.973909
v 1.875000 20.000000 86.973909
v 2.083333 20.000000 86.973909
v 2.291667 20.000000 86.973909
v 2.500000 20.000000 86.973909
v 2.708333 20.000000 86.973909
v 2.916667 20.000000 86.973909
v 3.125000 20.000000 86.973909
v 3.333333 20.000000 86.973909
v 3.541667 20.000000 86.973909
v 3.750000 20.000000 86.973909
v 3.958333 20.000000 86.973909
v 4.166667 20.000000 86.973909
v 4.375000 20.000000 86.973909
v 4.583333 20.000000 86.973909
v 4.791667 20.000000 86.973909
v 5.000000 20.000000 86.973909
v -5.000000 20.000000 95.671300
v -4.791667 20.000000 95.671300
v -4.583333 20.000000 95.671300
v -4.375000 20.000000 95.671300
v -4.166667 20.000000 95.671300
v -3.958333 20.000000 95.671300
v -3.750000 20.000000 95.671300
v -3.541667 20.000000 95.671300
v -3.333333 20.000000 95.671300
v -3.125000 20.000000 95.671300
v -2.916667 20.000000 95.671300
v -2.708333 20.000000 95.671300
v -2.500000 20.000000 95.671300
v -2.291667 20.000000 95.671300
v -2.083333 20.000000 95.671300
v -1.875000 20.000000 95.671300
v -1.666667 20.000000 95.671300
v -1.458333 20.000000 95.671300
v -1.250000 20.000000 95.671300
v -1.041667 20.000000 95.671300
v -0.833333 20.000000 95.671300
v -0.625000 20.000000 95.671300
v -0.416667 20.000000 95.671300
v -0.208333 20.000000 95.671300
v 0.000000 20.000000 95.671300
v 0.208333 20.000000 95.671300
v 0.416667 20.000000 95.671300
v 0.625000 20.000000 95.671300
v 0.833333 20.000000 95.671300
v 1.041667 20.000000 95.671300
v 1.250000 20.000000 95.671300
v 1.458333 20.000000 95.671300
v 1.666667 20.000000 95.671300
v 1.875000 20.000000 95.671300
v 2.083333 20.000000 95.671300
v 2.291667 20.000000 95.671300
v 2.500000 20.000000 95.671300
v 2.708333 20.000000 95.671300
v 2.916667 20.000000 95.671300
v 3.125000 20.000000 95.671300
v 3.333333 20.000000 95.671300
v 3.541667 20.000000 95.671300
v 3.750000 20.000000 95.671300
v 3.958333 20.000000 95.671300
v 4.166667 20.000000 95.671300
v 4.375000 20.000000 95.671300
v 4.583333 20.000000 95.671300
v 4.791667 20.000000 95.671300
v 5.000000 20.000000 95.671300
v -5.000000 20.000000 104.368691
v -4.791667 20.000000 104.368691
v -4.583333 20.000000 104.368691
v -4.375000 20.000000 104.368691
v -4.166667 20.000000 104.368691
v -3.958333 20.000000 104.368691
v -3.750000 20.000000 104.368691
v -3.541667 20.000000 104.368691
v -3.333333 20.000000 104.368691
v -3.125000 20.000000 104.368691
v -2.916667 20.000000 104.368691
v -2.708333 20.000000 104.368691
v -2.500000 20.000000 104.368691
v -2.291667 20.000000 104.368691
v -2.083333 20.000000 104.368691
v -1.875000 20.000000 104.368691
v -1.666667 20.000000 104.368691
v -1.458333 20.000000 104.368691
v -1.250000 20.000000 104.368691
v -1.041667 20.000000 104.368691
v -0.833333 20.000000 104.368691
v -0.625000 20.000000 104.368691
v -0.416667 20.000000 104.368691
v -0.208333 20.000000 104.368691
v 0.000000 20.000000 104.368691
v 0.208333 20.000000 104.368691
v 0.416667 20.000000 104.368691
v 0.625000 20.000000 104.368691
v 0.833333 20.000000 104.368691
v 1.041667 20.000000 104.368691
v 1.250000 20.000000 104.368691
v 1.458333 20.000000 104.368691
v 1.666667 20.000000 104.368691
v 1.875000 20.000000 104.368691
v 2.083333 20.000000 104.368691
v 2.291667 20.000000 104.368691
v 2.500000 20.000000 104.368691
v 2.708333 20.000000 104.368691
v 2.916667 20.000000 104.368691
v 3.125000 20.000000 104.368691
v 3.333333 20.000000 104.368691
v 3.541667 20.000000 104.368691
v 3.750000 20.000000 104.368691
v 3.958333 20.000000 104.368691
v 4.166667 20.000000 104.368691
v 4.375000 20.000000 104.368691
v 4.583333 20.000000 104.368691
v 4.791667 20.000000 104.368691
v 5.000000 20.000000 104.368691
v -5.000000 20.000000 113.066082
v -4.791667 20.000000 113.066082
v -4.583333 20.000000 113.066082
v -4.375000 20.000000 113.066082
v -4.166667 20.000000 113.066082
v -3.958333 20.000000 113.066082
v -3.750000 20.000000 113.066082
v -3.541667 20.000000 113.066082
v -3.333333 20.000000 113.066082
v -3.125000 20.000000 113.066082
v -2.916667 20.000000 113.066082
v -2.708333 20.000000 113.066082
v -2.500000 20.000000 113.066082
v -2.291667 20.000000 113.066082
v -2.083333 20.000000 113.066082
v -1.875000 20.000000 113.066082
v -1.666667 20.000000 113.066082
v -1.458333 20.000000 113.066082
v -1.250000 20.000000 113.066082
v -1.041667 20.000000 113.066082
v -0.833333 20.000000 113.066082
v -0.625000 20.000000 113.066082
v -0.416667 20.000000 113.066082
v -0.208333 20.000000 113.066082
v 0.000000 20.000000 113.066082
v 0.208333 20.000000 113.066082
v 0.416667 20.000000 113.066082
v 0.625000 20.000000 113.066082
v 0.833333 20.000000 113.066082
v 1.041667 20.000000 113.066082
v 1.250000 20.000000 113.066082
v 1.458333 20.000000 113.066082
v 1.666667 20.000000 113.066082
v 1.875000 20.000000 113.066082
v 2.083333 20.000000 113.066082
v 2.291667 20.000000 113.066082
v 2.500000 20.000000 113.066082
v 2.708333 20.000000 113.066082
v 2.916667 20.000000 113.066082
v 3.125000 20.000000 113.066082
v 3.333333 20.000000 113.066082
v 3.541667 20.000000 113.066082
v 3.750000 20.000000 113.066082
v 3.958333 20.000000 113.066082
v 4.166667 20.000000 113.066082
v 4.375000 20.000000 113.066082
v 4.583333 20.000000 113.066082
v 4.791667 20.000000 113.066082
v 5.000000 20.000000 113.066082
v -5.000000 20.000000 121.763473
v -4.791667 20.000000 121.763473
v -4.583333 20.000000 121.763473
v -4.375000 20.000000 121.763473
v -4.166667 20.000000 121.763473
v -3.958333 20.000000 121.763473
v -3.750000 20.000000 121.763473
v -3.541667 20.000000 121.763473
v -3.333333 20.000000 121.763473
v -3.125000 20.000000 121.763473
v -2.916667 20.000000 121.763473
v -2.708333 20.000000 121.763473
v -2.500000 20.000000 121.763473
v -2.291667 20.000000 121.763473
v -2.083333 20.000000 121.763473
v -1.875000 20.000000 121.763473
v -1.666667 20.000000 121.763473
v -1.458333 20.000000 121.763473
v -1.250000 20.000000 121.763473
v -1.041667 20.000000 121.763473
v -0.833333 20.000000 121.763473
v -0.625000 20.000000 121.763473
v -0.416667 20.000000 121.763473
v -0.208333 20.000000 121.763473
v 0.000000 20.000000 121.763473
v 0.208333 20.000000 121.763473
v 0.416667 20.000000 121.763473
v 0.625000 20.000000 121.763473
v 0.833333 20.000000 121.763473
v 1.041667 20.000000 121.763473
v 1.250000 20.000000 121.763473
v 1.458333 20.000000 121.763473
v 1.666667 20.000000 121.763473
v 1.875000 20.000000 121.763473
v 2.083333 20.000000 121.763473
v 2.291667 20.000000 121.763473
v 2.500000 20.000000 121.763473
v 2.708333 20.000000 121.763473
v 2.916667 20.000000 121.763473
v 3.125000 20.000000 121.763473
v 3.333333 20.000000 121.763473
v 3.541667 20.000000 121.763473
v 3.750000 20.000000 121.763473
v 3.958333 20.000000 121.763473
v 4.166667 20.000000 121.763473
v 4.375000 20.000000 121.763473
v 4.583333 20.000000 121.763473
v 4.791667 20.000000 121.763473
v 5.000000 20.000000 121.763473
v -5.000000 20.000000 130.460864
v -4.791667 20.000000 130.460864
v -4.583333 20.000000 130.460864
v -4.375000 20.000000 130.460864
v -4.166667 20.000000 130.460864
v -3.958333 20.000000 130.460864
v -3.750000 20.000000 130.460864
v -3.541667 20.000000 130.460864
v -3.333333 20.000000 130.460864
v -3.125000 20.000000 130.460864
v -2.916667 20.000000 130.460864
v -2.708333 20.000000 130.460864
v -2.500000 20.000000 130.460864
v -2.291667 20.000000 130.460864
v -2.083333 20.000000 130.460864
v -1.875000 20.000000 130.460864
v -1.666667 20.000000 130.460864
v -1.458333 20.000000 130.460864
v -1.250000 20.000000 130.460864
v -1.041667 20.000000 130.460864
v -0.833333 20.000000 130.460864
v -0.625000 20.000000 130.460864
v -0.416667 20.000000 130.460864
v -0.208333 20.000000 130.460864
v 0.000000 20.000000 130.460864
v 0.208333 20.000000 130.460864
v 0.416667 20.000000 130.460864
v 0.625000 20.000000 130.460864
v 0.833333 20.000000 130.460864
v 1.041667 20.000000 130.460864
v 1.250000 20.000000 130.460864
v 1.458333 20.000000 130.460864
v 1.666667 20.000000 130.460864
v 1.875000 20.000000 130.460864
v 2.083333 20.000000 130.460864
v 2.291667 20.000000 130.460864
v 2.500000 20.000000 130.460864
v 2.708333 20.000000 130.460864
v 2.916667 20.000000 130.460864
v 3.125000 20.000000 130.460864
v 3.333333 20.000000 130.460864
v 3.541667 20.000000 130.460864
v 3.750000 20.000000 130.460864
v 3.958333 20.000000 130.460864
v 4.166667 20.000000 130.460864
v 4.375000 20.000000 130.460864
v 4.583333 20.000000 130.460864
v 4.791667 20.000000 130.460864
v 5.000000 20.000000 130.460864
v -5.000000 20.000000 139.158255
v -4.791667 20.000000 139.158255
v -4.583333 20.000000 139.158255
v -4.375000 20.000000 139.158255
v -4.166667 20.000000 139.158255
v -3.958333 20.000000 139.158255
v -3.750000 20.000000 139.158255
v -3.541667 20.000000 139.158255
v -3.333333 20.000000 139.158255
v -3.125000 20.000000 139.158255
v -2.916667 20.000000 139.158255
v -2.708333 20.000000 139.158255
v -2.500000 20.000000 139.158255
v -2.291667 20.000000 139.158255
v -2.083333 20.000000 139.158255
v -1.875000 20.000000 139.158255
v -1.666667 20.000000 139.158255
v -1.458333 20.000000 139.158255
v -1.250000 20.000000 139.158255
v -1.041667 20.000000 139.158255
v -0.833333 20.000000 139.158255
v -0.625000 20.000000 139.158255
v -0.416667 20.000000 139.158255
v -0.208333 20.000000 139.158255
v 0.000000 20.000000 139.158255
v 0.208333 20.000000 139.158255
v 0.416667 20.000000 139.158255
v 0.625000 20.000000 139.158255
v 0.833333 20.000000 139.158255
v 1.041667 20.000000 139.158255
v 1.250000 20.000000 139.158255
v 1.458333 20.000000 139.158255
v 1.666667 20.000000 139.158255
v 1.875000 20.000000 139.158255
v 2.083333 20.000000 139.158255
v 2.291667 20.000000 139.158255
v 2.500000 20.000000 139.158255
v 2.708333 20.000000 139.158255
v 2.916667 20.000000 139.158255
v 3.125000 20.000000 139.158255
v 3.333333 20.000000 139.158255
v 3.541667 20.000000 139.158255
v 3.750000 20.000000 139.158255
v 3.958333 20.000000 139.158255
v 4.166667 20.000000 139.158255
v 4.375000 20.000000 139.158255
v 4.583333 20.000000 139.158255
v 4.791667 20.000000 139.158255
v 5.000000 20.000000 139.158255
v -5.000000 20.000000 147.855646
v -4.791667 20.000000 147.855646
v -4.583333 20.000000 147.855646
v -4.375000 20.000000 147.855646
v -4.166667 20.000000 147.855646
v -3.958333 20.000000 147.855646
v -3.750000 20.000000 147.855646
v -3.541667 20.000000 147.855646
v -3.333333 20.000000 147.855646
v -3.125000 20.000000 147.855646
v -2.916667 20.000000 147.855646
v -2.708333 20.000000 147.855646
v -2.500000 20.000000 147.855646
v -2.291667 20.000000 147.855646
v -2.083333 20.000000 147.855646
v -1.875000 20.000000 147.855646
v -1.666667 20.000000 147.855646
v -1.458333 20.000000 147.855646
v -1.250000 20.000000 147.855646
v -1.041667 20.000000 147.855646
v -0.833333 20.000000 147.855646
v -0.625000 20.000000 147.855646
v -0.416667 20.000000 147.855646
v -0.208333 20.000000 147.855646
v 0.000000 20.000000 147.855646
v 0.208333 20.000000 147.855646
v 0.416667 20.000000 147.855646
v 0.625000 20.000000 147.855646
v 0.833333 20.000000 147.855646
v 1.041667 20.000000 147.855646
v 1.250000 20.000000 147.855646
v 1.458333 20.000000 147.855646
v 1.666667 20.000000 147.855646
v 1.875000 20.000000 147.855646
v 2.083333 20.000000 147.855646
v 2.291667 20.000000 147.855646
v 2.500000 20.000000 147.855646
v 2.708333 20.000000 147.855646
v 2.916667 20.000000 147.855646
v 3.125000 20.000000 147.855646
v 3.333333 20.000000 147.855646
v 3.541667 20.000000 147.855646
v 3.750000 20.000000 147.855646
v 3.958333 20.000000 147.855646
v 4.166667 20.000000 147.855646
v 4.375000 20.000000 147.855646
v 4.583333 20.000000 147.855646
v 4.791667 20.000000 147.855646
v 5.000000 20.000000 147.855646
v -5.000000 20.000000 156.553037
v -4.791667 20.000000 156.553037
v -4.583333 20.000000 156.553037
v -4.375000 20.000000 156.553037
v -4.166667 20.000000 156.553037
v -3.958333 20.000000 156.553037
v -3.750000 20.000000 156.553037
v -3.541667 20.000000 156.553037
v -3.333333 20.000000 156.553037
v -3.125000 20.000000 156.553037
v -2.916667 20.000000 156.553037
v -2.708333 20.000000 156.553037
v -2.500000 20.000000 156.553037
v -2.291667 20.000000 156.553037
v -2.083333 20.000000 156.553037
v -1.875000 20.000000 156.553037
v -1.666667 20.000000 156.553037
v -1.458333 20.000000 156.553037
v -1.250000 20.000000 156.553037
v -1.041667 20.000000 156.553037
v -0.833333 20.000000 156.553037
v -0.625000 20.000000 156.553037
v -0.416667 20.000000 156.553037
v -0.208333 20.000000 156.553037
v 0.000000 20.000000 156.553037
v 0.208333 20.000000 156.553037
v 0.416667 20.000000 156.553037
v 0.625000 20.000000 156.553037
v 0.833333 20.000000 156.553037
v 1.041667 20.000000 156.553037
v 1.250000 20.000000 156.553037
v 1.458333 20.000000 156.553037
v 1.666667 20.000000 156.553037
v 1.875000 20.000000 156.553037
v 2.083333 20.000000 156.553037
v 2.291667 20.000000 156.553037
v 2.500000 20.000000 156.553037
v 2.708333 20.000000 156.553037
v 2.916667 20.000000 156.553037
v 3.125000 20.000000 156.553037
v 3.333333 20.000000 156.553037
v 3.541667 20.000000 156.553037
v 3.750000 20.000000 156.553037
v 3.958333 20.000000 156.553037
v 4.166667 20.000000 156.553037
v 4.375000 20.000000 156.553037
v 4.583333 20.000000 156.553037
v 4.791667 20.000000 156.553037
v 5.000000 20.000000 156.553037
v -5.000000 20.000000 165.250428
v -4.791667 20.000000 165.250428
v -4.583333 20.000000 165.250428
v -4.375000 20.000000 165.250428
v -4.166667 20.000000 165.250428
v -3.958333 20.000000 165.250428
v -3.750000 20.000000 165.250428
v -3.541667 20.000000 165.250428
v -3.333333 20.000000 165.250428
v -3.125000 20.000000 165.250428
v -2.916667 20.000000 165.250428
v -2.708333 20.000000 165.250428
v -2.500000 20.000000 165.250428
v -2.291667 20.000000 165.250428
v -2.083333 20.000000 165.250428
v -1.875000 20.000000 165.250428
v -1.666667 20.000000 165.250428
v -1.458333 20.000000 165.250428
v -1.250000 20.000000 165.250428
v -1.041667 20.000000 165.250428
v -0.833333 20.000000 165.250428
v -0.625000 20.000000 165.250428
v -0.416667 20.000000 165.250428
v -0.208333 20.000000 165.250428
v 0.000000 20.000000 165.250428
v 0.208333 20.000000 165.250428
v 0.416667 20.000000 165.250428
v 0.625000 20.000000 165.250428
v 0.833333 20.000000 165.250428
v 1.041667 20.000000 165.250428
v 1.250000 20.000000 165.250428
v 1.458333 20.000000 165.250428
v 1.666667 20.000000 165.250428
v 1.875000 20.000000 165.250428
v 2.083333 20.000000 165.250428
v 2.291667 20.000000 165.250428
v 2.500000 20.000000 165.250428
v 2.708333 20.000000 165.250428
v 2.916667 20.000000 165.250428
v 3.125000 20.000000 165.250428
v 3.333333 20.000000 165.250428
v 3.541667 20.000000 165.250428
v 3.750000 20.000000 165.250428
v 3.958333 20.000000 165.250428
v 4.166667 20.000000 165.250428
v 4.375000 20.000000 165.250428
v 4.583333 20.000000 165.250428
v 4.791667 20.000000 165.250428
v 5.000000 20.000000 165.250428
v -5.000000 20.000000 173.947819
v -4.791667 20.000000 173.947819
v -4.583333 20.000000 173.947819
v -4.375000 20.000000 173.947819
v -4.166667 20.000000 173.947819
v -3.958333 20.000000 173.947819
v -3.750000 20.000000 173.947819
v -3.541667 20.000000 173.947819
v -3.333333 20.000000 173.947819
v -3.125000 20.000000 173.947819
v -2.916667 20.000000 173.947819
v -2.708333 20.000000 173.947819
v -2.500000 20.000000 173.947819
v -2.291667 20.000000 173.947819
v -2.083333 20.000000 173.947819
v -1.875000 20.000000 173.947819
v -1.666667 20.000000 173.947819
v -1.458333 20.000000 173.947819
v -1.250000 20.000000 173.947819
v -1.041667 20.000000 173.947819
v -0.833333 20.000000 173.947819
v -0.625000 20.000000 173.947819
v -0.416667 20.000000 173.947819
v -0.208333 20.000000 173.947819
v 0.000000 20.000000 173.947819
v 0.208333 20.000000 173.947819
v 0.416667 20.000000 173.947819
v 0.625000 20.000000 173.947819
v 0.833333 20.000000 173.947819
v 1.041667 20.000000 173.947819
v 1.250000 20.000000 173.947819
v 1.458333 20.000000 173.947819
v 1.666667 20.000000 173.947819
v 1.875000 20.000000 173.947819
v 2.083333 20.000000 173.947819
v 2.291667 20.000000 173.947819
v 2.500000 20.000000 173.947819
v 2.708333 20.000000 173.947819
v 2.916667 20.000000 173.947819
v 3.125000 20.000000 173.947819
v 3.333333 20.000000 173.947819
v 3.541667 20.000000 173.947819
v 3.750000 20.000000 173.947819
v 3.958333 20.000000 173.947819
v 4.166667 20.000000 173.947819
v 4.375000 20.000000 173.947819
v 4.583333 20.000000 173.947819
v 4.791667 20.000000 173.947819
v 5.000000 20.000000 173.947819
v -5.000000 20.000000 182.645210
v -4.791667 20.000000 182.645210
v -4.583333 20.000000 182.645210
v -4.375000 20.000000 182.645210
v -4.166667 20.000000 182.645210
v -3.958333 20.000000 182.645210
v -3.750000 20.000000 182.645210
v -3.541667 20.000000 182.645210
v -3.333333 20.000000 182.645210
v -3.125000 20.000000 182.645210
v -2.916667 20.000000 182.645210
v -2.708333 20.000000 182.645210
v -2.500000 20.000000 182.645210
v -2.291667 20.000000 182.645210
v -2.083333 20.000000 182.645210
v -1.875000 20.000000 182.645210
v -1.666667 20.000000 182.645210
v -1.458333 20.000000 182.645210
v -1.250000 20.000000 182.645210
v -1.041667 20.000000 182.645210
v -0.833333 20.000000 182.645210
v -0.625000 20.000000 182.645210
v -0.416667 20.000000 182.645210
v -0.208333 20.000000 182.645210
v 0.000000 20.000000 182.645210
v 0.208333 20.000000 182.645210
v 0.416667 20.000000 182.645210
v 0.625000 20.000000 182.645210
v 0.833333 20.000000 182.645210
v 1.041667 20.000000 182.645210
v 1.250000 20.000000 182.645210
v 1.458333 20.000000 182.645210
v 1.666667 20.000000 182.645210
v 1.875000 20.000000 182.645210
v 2.083333 20.000000 182.645210
v 2.291667 20.000000 182.645210
v 2.500000 20.000000 182.645210
v 2.708333 20.000000 182.645210
v 2.916667 20.000000 182.645210
v 3.125000 20.000000 182.645210
v 3.333333 20.000000 182.645210
v 3.541667 20.000000 182.645210
v 3.750000 20.000000 182.645210
v 3.958333 20.000000 182.645210
v 4.166667 20.000000 182.645210
v 4.375000 20.000000 182.645210
v 4.583333 20.000000 182.645210
v 4.791667 20.000000 182.645210
v 5.000000 20.000000 182.645210
v -5.000000 20.000000 191.342601
v -4.791667 20.000000 191.342601
v -4.583333 20.000000 191.342601
v -4.375000 20.000000 191.342601
v -4.166667 20.000000 191.342601
v -3.958333 20.000000 191.342601
v -3.750000 20.000000 191.342601
v -3.541667 20.000000 191.342601
v -3.333333 20.000000 191.342601
v -3.125000 20.000000 191.342601
v -2.916667 20.000000 191.342601
v -2.708333 20.000000 191.342601
v -2.500000 20.000000 191.342601
v -2.291667 20.000000 191.342601
v -2.083333 20.000000 191.342601
v -1.875000 20.000000 191.342601
v -1.666667 20.000000 191.342601
v -1.458333 20.000000 191.342601
v -1.250000 20.000000 191.342601
v -1.041667 20.000000 191.342601
v -0.833333 20.000000 191.342601
v -0.625000 20.000000 191.342601
v -0.416667 20.000000 191.342601
v -0.208333 20.000000 191.342601
v 0.000000 20.000000 191.342601
v 0.208333 20.000000 191.342601
v 0.416667 20.000000 191.342601
v 0.625000 20.000000 191.342601
v 0.833333 20.000000 191.342601
v 1.041667 20.000000 191.342601
v 1.250000 20.000000 191.342601
v 1.458333 20.000000 191.342601
v 1.666667 20.000000 191.342601
v 1.875000 20.000000 191.342601
v 2.083333 20.000000 191.342601
v 2.291667 20.000000 191.342601
v 2.500000 20.000000 191.342601
v 2.708333 20.000000 191.342601
v 2.916667 20.000000 191.342601
v 3.125000 20.000000 191.342601
v 3.333333 20.000000 191.342601
v 3.541667 20.000000 191.342601
v 3.750000 20.000000 191.342601
v 3.958333 20.000000 191.342601
v 4.166667 20.000000 191.342601
v 4.375000 20.000000 191.342601
v 4.583333 20.000000 191.342601
v 4.791667 20.000000 191.342601
v 5.000000 20.000000 191.342601
v -5.000000 20.000000 200.039992
v -4.791667 20.000000 200.039992
v -4.583333 20.000000 200.039992
v -4.375000 20.000000 200.039992
v -4.166667 20.000000 200.039992
v -3.958333 20.000000 200.039992
v -3.750000 20.000000 200.039992
v -3.541667 20.000000 200.039992
v -3.333333 20.000000 200.039992
v -3.125000 20.000000 200.039992
v -2.916667 20.000000 200.039992
v -2.708333 20.000000 200.039992
v -2.500000 20.000000 200.039992
v -2.291667 20.000000 200.039992
v -2.083333 20.000000 200.039992
v -1.875000 20.000000 200.039992
v -1.666667 20.000000 200.039992
v -1.458333 20.000000 200.039992
v -1.250000 20.000000 200.039992
v -1.041667 20.000000 200.039992
v -0.833333 20.000000 200.039992
v -0.625000 20.000000 200.039992
v -0.416667 20.000000 200.039992
v -0.208333 20.000000 200.039992
v 0.000000 20.000000 200.039992
v 0.208333 20.000000 200.039992
v 0.416667 20.000000 200.039992
v 0.625000 20.000000 200.039992
v 0.833333 20.000000 200.039992
v 1.041667 20.000000 200.039992
v 1.250000 20.000000 200.039992
v 1.458333 20.000000 200.039992
v 1.666667 20.000000 200.039992
v 1.875000 20.000000 200.039992
v 2.083333 20.000000 200.039992
v 2.291667 20.000000 200.039992
v 2.500000 20.000000 200.039992
v 2.708333 20.000000 200.039992
v 2.916667 20.000000 200.039992
v 3.125000 20.000000 200.039992
v 3.333333 20.000000 200.039992
v 3.541667 20.000000 200.039992
v 3.750000 20.000000 200.039992
v 3.958333 20.000000 200.039992
v 4.166667 20.000000 200.039992
v 4.375000 20.000000 200.039992
v 4.583333 20.000000 200.039992
v 4.791667 20.000000 200.039992
v 5.000000 20.000000 200.039992
v -5.000000 20.000000 208.737383
v -4.791667 20.000000 208.737383
v -4.583333 20.000000 208.737383
v -4.375000 20.000000 208.737383
v -4.166667 20.000000 208.737383
v -3.958333 20.000000 208.737383
v -3.750000 20.000000 208.737383
v -3.541667 20.000000 208.737383
v -3.333333 20.000000 208.737383
v -3.125000 20.000000 208.737383
v -2.916667 20.000000 208.737383
v -2.708333 20.000000 208.737383
v -2.500000 20.000000 208.737383
v -2.291667 20.000000 208.737383
v -2.083333 20.000000 208.737383
v -1.875000 20.000000 208.737383
v -1.666667 20.000000 208.737383
v -1.458333 20.000000 208.737383
v -1.250000 20.000000 208.737383
v -1.041667 20.000000 208.737383
v -0.833333 20.000000 208.737383
v -0.625000 20.000000 208.737383
v -0.416667 20.000000 208.737383
v -0.208333 20.000000 208.737383
v 0.000000 20.000000 208.737383
v 0.208333 20.000000 208.737383
v 0.416667 20.000000 208.737383
v 0.625000 20.000000 208.737383
v 0.833333 20.000000 208.737383
v 1.041667 20.000000 208.737383
v 1.250000 20.000000 208.737383
v 1.458333 20.000000 208.737383
v 1.666667 20.000000 208.737383
v 1.875000 20.000000 208.737383
v 2.083333 20.000000 208.737383
v 2.291667 20.000000 208.737383
v 2.500000 20.000000 208.737383
v 2.708333 20.000000 208.737383
v 2.916667 20.000000 208.737383
v 3.125000 20.000000 208.737383
v 3.333333 20.000000 208.737383
v 3.541667 20.000000 208.737383
v 3.750000 20.000000 208.737383
v 3.958333 20.000000 208.737383
v 4.166667 20.000000 208.737383
v 4.375000 20.000000 208.737383
v 4.583333 20.000000 208.737383
v 4.791667 20.000000 208.737383
v 5.000000 20.000000 208.737383
v -5.000000 20.000000 217.434773
v -4.791667 20.000000 217.434773
v -4.583333 20.000000 217.434773
v -4.375000 20.000000 217.434773
v -4.166667 20.000000 217.434773
v -3.958333 20.000000 217.434773
v -3.750000 20.000000 217.434773
v -3.541667 20.000000 217.434773
v -3.333333 20.000000 217.434773
v -3.125000 20.000000 217.434773
v -2.916667 20.000000 217.434773
v -2.708333 20.000000 217.434773
v -2.500000 20.000000 217.434773
v -2.291667 20.000000 217.434773
v -2.083333 20.000000 217.434773
v -1.875000 20.000000 217.434773
v -1.666667 20.000000 217.434773
v -1.458333 20.000000 217.434773
v -1.250000 20.000000 217.434773
v -1.041667 20.000000 217.434773
v -0.833333 20.000000 217.434773
v -0.625000 20.000000 217.434773
v -0.416667 20.000000 217.434773
v -0.208333 20.000000 217.434773
v 0.000000 20.000000 217.434773
v 0.208333 20.000000 217.434773
v 0.416667 20.000000 217.434773
v 0.625000 20.000000 217.434773
v 0.833333 20.000000 217.434773
v 1.041667 20.000000 217.434773
v 1.250000 20.000000 217.434773
v 1.458333 20.000000 217.434773
v 1.666667 20.000000 217.434773
v 1.875000 20.000000 217.434773
v 2.083333 20.000000 217.434773
v 2.291667 20.000000 217.434773
v 2.500000 20.000000 217.434773
v 2.708333 20.000000 217.434773
v 2.916667 20.000000 217.434773
v 3.125000 20.000000 217.434773
v 3.333333 20.000000 217.434773
v 3.541667 20.000000 217.434773
v 3.750000 20.000000 217.434773
v 3.958333 20.000000 217.434773
v 4.166667 20.000000 217.434773
v 4.375000 20.000000 217.434773
v 4.583333 20.000000 217.434773
v 4.791667 20.000000 217.434773
v 5.000000 20.000000 217.434773
v -5.000000 20.000000 226.132164
v -4.791667 20.000000 226.132164
v -4.583333 20.000000 226.132164
v -4.375000 20.000000 226.132164
v -4.166667 20.000000 226.132164
v -3.958333 20.000000 226.132164
v -3.750000 20.000000 226.132164
v -3.541667 20.000000 226.132164
v -3.333333 20.000000 226.132164
v -3.125000 20.000000 226.132164
v -2.916667 20.000000 226.132164
v -2.708333 20.000000 226.132164
v -2.500000 20.000000 226.132164
v -2.291667 20.000000 226.132164
v -2.083333 20.000000 226.132164
v -1.875000 20.000000 226.132164
v -1.666667 20.000000 226.132164
v -1.458333 20.000000 226.132164
v -1.250000 20.000000 226.132164
v -1.041667 20.000000 226.132164
v -0.833333 20.000000 226.132164
v -0.625000 20.000000 226.132164
v -0.416667 20.000000 226.132164
v -0.208333 20.000000 226.132164
v 0.000000 20.000000 226.132164
v 0.208333 20.000000 226.132164
v 0.416667 20.000000 226.132164
v 0.625000 20.000000 226.132164
v 0.833333 20.000000 226.132164
v 1.041667 20.000000 226.132164
v 1.250000 20.000000 226.132164
v 1.458333 20.000000 226.132164
v 1.666667 20.000000 226.132164
v 1.875000 20.000000 226.132164
v 2.083333 20.000000 226.132164
v 2.291667 20.000000 226.132164
v 2.500000 20.000000 226.132164
v 2.708333 20.000000 226.132164
v 2.916667 20.000000 226.132164
v 3.125000 20.000000 226.132164
v 3.333333 20.000000 226.132164
v 3.541667 20.000000 226.132164
v 3.750000 20.000000 226.132164
v 3.958333 20.000000 226.132164
v 4.166667 20.000000 226.132164
v 4.375000 20.000000 226.132164
v 4.583333 20.000000 226.132164
v 4.791667 20.000000 226.132164
v 5.000000 20.000000 226.132164
v -5.000000 20.000000 234.829555
v -4.791667 20.000000 234.829555
v -4.583333 20.000000 234.829555
v -4.375000 20.000000 234.829555
v -4.166667 20.000000 234.829555
v -3.958333 20.000000 234.829555
v -3.750000 20.000000 234.829555
v -3.541667 20.000000 234.829555
v -3.333333 20.000000 234.829555
v -3.125000 20.000000 234.829555
v -2.916667 20.000000 234.829555
v -2.708333 20.000000 234.829555
v -2.500000 20.000000 234.829555
v -2.291667 20.000000 234.829555
v -2.083333 20.000000 234.829555
v -1.875000 20.000000 234.829555
v -1.666667 20.000000 234.829555
v -1.458333 20.000000 234.829555
v -1.250000 20.000000 234.829555
v -1.041667 20.000000 234.829555
v -0.833333 20.000000 234.829555
v -0.625000 20.000000 234.829555
v -0.416667 20.000000 234.829555
v -0.208333 20.000000 234.829555
v 0.000000 20.000000 234.829555
v 0.208333 20.000000 234.829555
v 0.416667 20.000000 234.829555
v 0.625000 20.000000 234.829555
v 0.833333 20.000000 234.829555
v 1.041667 20.000000 234.829555
v 1.250000 20.000000 234.829555
v 1.458333 20.000000 234.829555
v 1.666667 20.000000 234.829555
v 1.875000 20.000000 234.829555
v 2.083333 20.000000 234.829555
v 2.291667 20.000000 234.829555
v 2.500000 20.000000 234.829555
v 2.708333 20.000000 234.829555
v 2.916667 20.000000 234.829555
v 3.125000 20.000000 234.829555
v 3.333333 20.000000 234.829555
v 3.541667 20.000000 234.829555
v 3.750000 20.000000 234.829555
v 3.958333 20.000000 234.829555
v 4.166667 20.000000 234.829555
v 4.375000 20.000000 234.829555
v 4.583333 20.000000 234.829555
v 4.791667 20.000000 234.829555
v 5.000000 20.000000 234.829555
v -5.000000 20.000000 243.526946
v -4.791667 20.000000 243.526946
v -4.583333 20.000000 243.526946
v -4.375000 20.000000 243.526946
v -4.166667 20.000000 243.526946
v -3.958333 20.000000 243.526946
v -3.750000 20.000000 243.526946
v -3.541667 20.000000 243.526946
v -3.333333 20.000000 243.526946
v -3.125000 20.000000 243.526946
v -2.916667 20.000000 243.526946
v -2.708333 20.000000 243.526946
v -2.500000 20.000000 243.526946
v -2.291667 20.000000 243.526946
v -2.083333 20.000000 243.526946
v -1.875000 20.000000 243.526946
v -1.666667 20.000000 243.526946
v -1.458333 20.000000 243.526946
v -1.250000 20.000000 243.526946
v -1.041667 20.000000 243.526946
v -0.833333 20.000000 243.526946
v -0.625000 20.000000 243.526946
v -0.416667 20.000000 243.526946
v -0.208333 20.000000 243.526946
v 0.000000 20.000000 243.526946
v 0.208333 20.000000 243.526946
v 0.416667 20.000000 243.526946
v 0.625000 20.000000 243.526946
v 0.833333 20.000000 243.526946
v 1.041667 20.000000 243.526946
v 1.250000 20.000000 243.526946
v 1.458333 20.000000 243.526946
v 1.666667 20.000000 243.526946
v 1.875000 20.000000 243.526946
v 2.083333 20.000000 243.526946
v 2.291667 20.000000 243.526946
v 2.500000 20.000000 243.526946
v 2.708333 20.000000 243.526946
v 2.916667 20.000000 243.526946
v 3.125000 20.000000 243.526946
v 3.333333 20.000000 243.526946
v 3.541667 20.000000 243.526946
v 3.750000 20.000000 243.526946
v 3.958333 20.000000 243.526946
v 4.166667 20.000000 243.526946
v 4.375000 20.000000 243.526946
v 4.583333 20.000000 243.526946
v 4.791667 20.000000 243.526946
v 5.000000 20.000000 243.526946
v -5.000000 20.000000 252.224337
v -4.791667 20.000000 252.224337
v -4.583333 20.000000 252.224337
v -4.375000 20.000000 252.224337
v -4.166667 20.000000 252.224337
v -3.958333 20.000000 252.224337
v -3.750000 20.000000 252.224337
v -3.541667 20.000000 252.224337
v -3.333333 20.000000 252.224337
v -3.125000 20.000000 252.224337
v -2.916667 20.000000 252.224337
v -2.708333 20.000000 252.224337
v -2.500000 20.000000 252.224337
v -2.291667 20.000000 252.224337
v -2.083333 20.000000 252.224337
v -1.875000 20.000000 252.224337
v -1.666667 20.000000 252.224337
v -1.458333 20.000000 252.224337
v -1.250000 20.000000 252.224337
v -1.041667 20.000000 252.224337
v -0.833333 20.000000 252.224337
v -0.625000 20.000000 252.224337
v -0.416667 20.000000 252.224337
v -0.208333 20.000000 252.224337
v 0.000000 20.000000 252.224337
v 0.208333 20.000000 252.224337
v 0.416667 20.000000 252.224337
v 0.625000 20.000000 252.224337
v 0.833333 20.000000 252.224337
v 1.041667 20.000000 252.224337
v 1.250000 20.000000 252.224337
v 1.458333 20.000000 252.224337
v 1.666667 20.000000 252.224337
v 1.875000 20.000000 252.224337
v 2.083333 20.000000 252.224337
v 2.291667 20.000000 252.224337
v 2.500000 20.000000 252.224337
v 2.708333 20.000000 252.224337
v 2.916667 20.000000 252.224337
v 3.125000 20.000000 252.224337
v 3.333333 20.000000 252.224337
v 3.541667 20.000000 252.224337
v 3.750000 20.000000 252.224337
v 3.958333 20.000000 252.224337
v 4.166667 20.000000 252.224337
v 4.375000 20.000000 252.224337
v 4.583333 20.000000 252.224337
v 4.791667 20.000000 252.224337
v 5.000000 20.000000 252.224337
v -5.000000 20.000000 260.921728
v -4.791667 20.000000 260.921728
v -4.583333 20.000000 260.921728
v -4.375000 20.000000 260.921728
v -4.166667 20.000000 260.921728
v -3.958333 20.000000 260.921728
v -3.750000 20.000000 260.921728
v -3.541667 20.000000 260.921728
v -3.333333 20.000000 260.921728
v -3.125000 20.000000 260.921728
v -2.916667 20.000000 260.921728
v -2.708333 20.000000 260.921728
v -2.500000 20.000000 260.921728
v -2.291667 20.000000 260.921728
v -2.083333 20.000000 260.921728
v -1.875000 20.000000 260.921728
v -1.666667 20.000000 260.921728
v -1.458333 20.000000 260.921728
v -1.250000 20.000000 260.921728
v -1.041667 20.000000 260.921728
v -0.833333 20.000000 260.921728
v -0.625000 20.000000 260.921728
v -0.416667 20.000000 260.921728
v -0.208333 20.000000 260.921728
v 0.000000 20.000000 260.921728
v 0.208333 20.000000 260.921728
v 0.416667 20.000000 260.921728
v 0.625000 20.000000 260.921728
v 0.833333 20.000000 260.921728
v 1.041667 20.000000 260.921728
v 1.250000 20.000000 260.921728
v 1.458333 20.000000 260.921728
v 1.666667 20.000000 260.921728
v 1.875000 20.000000 260.921728
v 2.083333 20.000000 260.921728
v 2.291667 20.000000 260.921728
v 2.500000 20.000000 260.921728
v 2.708333 20.000000 260.921728
v 2.916667 20.000000 260.921728
v 3.125000 20.000000 260.921728
v 3.333333 20.000000 260.921728
v 3.541667 20.000000 260.921728
v 3.750000 20.000000 260.921728
v 3.958333 20.000000 260.921728
v 4.166667 20.000000 260.921728
v 4.375000 20.000000 260.921728
v 4.583333 20.000000 260.921728
v 4.791667 20.000000 260.921728
v 5.000000 20.000000 260.921728
v -5.000000 20.000000 269.619119
v -4.791667 20.000000 269.619119
v -4.583333 20.000000 269.619119
v -4.375000 20.000000 269.619119
v -4.166667 20.000000 269.619119
v -3.958333 20.000000 269.619119
v -3.750000 20.000000 269.619119
v -3.541667 20.000000 269.619119
v -3.333333 20.000000 269.619119
v -3.125000 20.000000 269.619119
v -2.916667 20.000000 269.619119
v -2.708333 20.000000 269.619119
v -2.500000 20.000000 269.619119
v -2.291667 20.000000 269.619119
v -2.083333 20.000000 269.619119
v -1.875000 20.000000 269.619119
v -1.666667 20.000000 269.619119
v -1.458333 20.000000 269.619119
v -1.250000 20.000000 269.619119
v -1.041667 20.000000 269.619119
v -0.833333 20.000000 269.619119
v -0.625000 20.000000 269.619119
v -0.416667 20.000000 269.619119
v -0.208333 20.000000 269.619119
v 0.000000 20.000000 269.619119
v 0.208333 20.000000 269.619119
v 0.416667 20.000000 269.619119
v 0.625000 20.000000 269.619119
v 0.833333 20.000000 269.619119
v 1.041667 20.000000 269.619119
v 1.250000 20.000000 269.619119
v 1.458333 20.000000 269.619119
v 1.666667 20.000000 269.619119
v 1.875000 20.000000 269.619119
v 2.083333 20.000000 269.619119
v 2.291667 20.000000 269.619119
v 2.500000 20.000000 269.619119
v 2.708333 20.000000 269.619119
v 2.916667 20.000000 269.619119
v 3.125000 20.000000 269.619119
v 3.333333 20.000000 269.619119
v 3.541667 20.000000 269.619119
v 3.750000 20.000000 269.619119
v 3.958333 20.000000 269.619119
v 4.166667 20.000000 269.619119
v 4.375000 20.000000 269.619119
v 4.583333 20.000000 269.619119
v 4.791667 20.000000 269.619119
v 5.000000 20.000000 269.619119
v -5.000000 20.000000 278.316510
v -4.791667 20.000000 278.316510
v -4.583333 20.000000 278.316510
v -4.375000 20.000000 278.316510
v -4.166667 20.000000 278.316510
v -3.958333 20.000000 278.316510
v -3.750000 20.000000 278.316510
v -3.541667 20.000000 278.316510
v -3.333333 20.000000 278.316510
v -3.125000 20.000000 278.316510
v -2.916667 20.000000 278.316510
v -2.708333 20.000000 278.316510
v -2.500000 20.000000 278.316510
v -2.291667 20.000000 278.316510
v -2.083333 20.000000 278.316510
v -1.875000 20.000000 278.316510
v -1.666667 20.000000 278.316510
v -1.458333 20.000000 278.316510
v -1.250000 20.000000 278.316510
v -1.041667 20.000000 278.316510
v -0.833333 20.000000 278.316510
v -0.625000 20.000000 278.316510
v -0.416667 20.000000 278.316510
v -0.208333 20.000000 278.316510
v 0.000000 20.000000 278.316510
v 0.208333 20.000000 278.316510
v 0.416667 20.000000 278.316510
v 0.625000 20.000000 278.316510
v 0.833333 20.000000 278.316510
v 1.041667 20.000000 278.316510
v 1.250000 20.000000 278.316510
v 1.458333 20.000000 278.316510
v 1.666667 20.000000 278.316510
v 1.875000 20.000000 278.316510
v 2.083333 20.000000 278.316510
v 2.291667 20.000000 278.316510
v 2.500000 20.000000 278.316510
v 2.708333 20.000000 278.316510
v 2.916667 20.000000 278.316510
v 3.125000 20.000000 278.316510
v 3.333333 20.000000 278.316510
v 3.541667 20.000000 278.316510
v 3.750000 20.000000 278.316510
v 3.958333 20.000000 278.316510
v 4.166667 20.000000 278.316510
v 4.375000 20.000000 278.316510
v 4.583333 20.000000 278.316510
v 4.791667 20.000000 278.316510
v 5.000000 20.000000 278.316510
v -5.000000 20.000000 287.013901
v -4.791667 20.000000 287.013901
v -4.583333 20.000000 287.013901
v -4.375000 20.000000 287.013901
v -4.166667 20.000000 287.013901
v -3.958333 20.000000 287.013901
v -3.750000 20.000000 287.013901
v -3.541667 20.000000 287.013901
v -3.333333 20.000000 287.013901
v -3.125000 20.000000 287.013901
v -2.916667 20.000000 287.013901
v -2.708333 20.000000 287.013901
v -2.500000 20.000000 287.013901
v -2.291667 20.000000 287.013901
v -2.083333 20.000000 287.013901
v -1.875000 20.000000 287.013901
v -1.666667 20.000000 287.013901
v -1.458333 20.000000 287.013901
v -1.250000 20.000000 287.013901
v -1.041667 20.000000 287.013901
v -0.833333 20.000000 287.013901
v -0.625000 20.000000 287.013901
v -0.416667 20.000000 287.013901
v -0.208333 20.000000 287.013901
v 0.000000 20.000000 287.013901
v 0.208333 20.000000 287.013901
v 0.416667 20.000000 287.013901
v 0.625000 20.000000 287.013901
v 0.833333 20.000000 287.013901
v 1.041667 20.000000 287.013901
v 1.250000 20.000000 287.013901
v 1.458333 20.000000 287.013901
v 1.666667 20.000000 287.013901
v 1.875000 20.000000 287.013901
v 2.083333 20.000000 287.013901
v 2.291667 20.000000 287.013901
v 2.500000 20.000000 287.013901
v 2.708333 20.000000 287.013901
v 2.916667 20.000000 287.013901
v 3.125000 20.000000 287.013901
v 3.333333 20.000000 287.013901
v 3.541667 20.000000 287.013901
v 3.750000 20.000000 287.013901
v 3.958333 20.000000 287.013901
v 4.166667 20.000000 287.013901
v 4.375000 20.000000 287.013901
v 4.583333 20.000000 287.013901
v 4.791667 20.000000 287.013901
v 5.000000 20.000000 287.013901
v -5.000000 20.000000 295.711292
v -4.791667 20.000000 295.711292
v -4.583333 20.000000 295.711292
v -4.375000 20.000000 295.711292
v -4.166667 20.000000 295.711292
v -3.958333 20.000000 295.711292
v -3.750000 20.000000 295.711292
v -3.541667 20.000000 295.711292
v -3.333333 20.000000 295.711292
v -3.125000 20.000000 295.711292
v -2.916667 20.000000 295.711292
v -2.708333 20.000000 295.711292
v -2.500000 20.000000 295.711292
v -2.291667 20.000000 295.711292
v -2.083333 20.000000 295.711292
v -1.875000 20.000000 295.711292
v -1.666667 20.000000 295.711292
v -1.458333 20.000000 295.711292
v -1.250000 20.000000 295.711292
v -1.041667 20.000000 295.711292
v -0.833333 20.000000 295.711292
v -0.625000 20.000000 295.711292
v -0.416667 20.000000 295.711292
v -0.208333 20.000000 295.711292
v 0.000000 20.000000 295.711292
v 0.208333 20.000000 295.711292
v 0.416667 20.000000 295.711292
v 0.625000 20.000000 295.711292
v 0.833333 20.000000 295.711292
v 1.041667 20.000000 295.711292
v 1.250000 20.000000 295.711292
v 1.458333 20.000000 295.711292
v 1.666667 20.000000 295.711292
v 1.875000 20.000000 295.711292
v 2.083333 20.000000 295.711292
v 2.291667 20.000000 295.711292
v 2.500000 20.000000 295.711292
v 2.708333 20.000000 295.711292
v 2.916667 20.000000 295.711292
v 3.125000 20.000000 295.711292
v 3.333333 20.000000 295.711292
v 3.541667 20.000000 295.711292
v 3.750000 20.000000 295.711292
v 3.958333 20.000000 295.711292
v 4.166667 20.000000 295.711292
v 4.375000 20.000000 295.711292
v 4.583333 20.000000 295.711292
v 4.791667 20.000000 295.711292
v 5.000000 20.000000 295.711292
v -5.000000 20.000000 304.408683
v -4.791667 20.000000 304.408683
v -4.583333 20.000000 304.408683
v -4.375000 20.000000 304.408683
v -4.166667 20.000000 304.408683
v -3.958333 20.000000 304.408683
v -3.750000 20.000000 304.408683
v -3.541667 20.000000 304.408683
v -3.333333 20.000000 304.408683
v -3.125000 20.000000 304.408683
v -2.916667 20.000000 304.408683
v -2.708333 20.000000 304.408683
v -2.500000 20.000000 304.408683
v -2.291667 20.000000 304.408683
v -2.083333 20.000000 304.408683
v -1.875000 20.000000 304.408683
v -1.666667 20.000000 304.408683
v -1.458333 20.000000 304.408683
v -1.250000 20.000000 304.408683
v -1.041667 20.000000 304.408683
v -0.833333 20.000000 304.408683
v -0.625000 20.000000 304.408683
v -0.416667 20.000000 304.408683
v -0.208333 20.000000 304.408683
v 0.000000 20.000000 304.408683
v 0.208333 20.000000 304.408683
v 0.416667 20.000000 304.408683
v 0.625000 20.000000 304.408683
v 0.833333 20.000000 304.408683
v 1.041667 20.000000 304.408683
v 1.250000 20.000000 304.408683
v 1.458333 20.000000 304.408683
v 1.666667 20.000000 304.408683
v 1.875000 20.000000 304.408683
v 2.083333 20.000000 304.408683
v 2.291667 20.000000 304.408683
v 2.500000 20.000000 304.408683
v 2.708333 20.000000 304.408683
v 2.916667 20.000000 304.408683
v 3.125000 20.000000 304.408683
v 3.333333 20.000000 304.408683
v 3.541667 20.000000 304.408683
v 3.750000 20.000000 304.408683
v 3.958333 20.000000 304.408683
v 4.166667 20.000000 304.408683
v 4.375000 20.000000 304.408683
v 4.583333 20.000000 304.408683
v 4.791667 20.000000 304.408683
v 5.000000 20.000000 304.408683
v -5.000000 20.000000 313.106074
v -4.791667 20.000000 313.106074
v -4.583333 20.000000 313.106074
v -4.375000 20.000000 313.106074
v -4.166667 20.000000 313.106074
v -3.958333 20.000000 313.106074
v -3.750000 20.000000 313.106074
v -3.541667 20.000000 313.106074
v -3.333333 20.000000 313.106074
v -3.125000 20.000000 313.106074
v -2.916667 20.000000 313.106074
v -2.708333 20.000000 313.106074
v -2.500000 20.000000 313.106074
v -2.291667 20.000000 313.106074
v -2.083333 20.000000 313.106074
v -1.875000 20.000000 313.106074
v -1.666667 20.000000 313.106074
v -1.458333 20.000000 313.106074
v -1.250000 20.000000 313.106074
v -1.041667 20.000000 313.106074
v -0.833333 20.000000 313.106074
v -0.625000 20.000000 313.106074
v -0.416667 20.000000 313.106074
v -0.208333 20.000000 313.106074
v 0.000000 20.000000 313.106074
v 0.208333 20.000000 313.106074
v 0.416667 20.000000 313.106074
v 0.625000 20.000000 313.106074
v 0.833333 20.000000 313.106074
v 1.041667 20.000000 313.106074
v 1.250000 20.000000 313.106074
v 1.458333 20.000000 313.106074
v 1.666667 20.000000 313.106074
v 1.875000 20.000000 313.106074
v 2.083333 20.000000 313.106074
v 2.291667 20.000000 313.106074
v 2.500000 20.000000 313.106074
v 2.708333 20.000000 313.106074
v 2.916667 20.000000 313.106074
v 3.125000 20.000000 313.106074
v 3.333333 20.000000 313.106074
v 3.541667 20.000000 313.106074
v 3.750000 20.000000 313.106074
v 3.958333 20.000000 313.106074
v 4.166667 20.000000 313.106074
v 4.375000 20.000000 313.106074
v 4.583333 20.000000 313.106074
v 4.791667 20.000000 313.106074
v 5.000000 20.000000 313.106074
v -5.000000 20.000000 321.803465
v -4.791667 20.000000 321.803465
v -4.583333 20.000000 321.803465
v -4.375000 20.000000 321.803465
v -4.166667 20.000000 321.803465
v -3.958333 20.000000 321.803465
v -3.750000 20.000000 321.803465
v -3.541667 20.000000 321.803465
v -3.333333 20.000000 321.803465
v -3.125000 20.000000 321.803465
v -2.916667 20.000000 321.803465
v -2.708333 20.000000 321.803465
v -2.500000 20.000000 321.803465
v -2.291667 20.000000 321.803465
v -2.083333 20.000000 321.803465
v -1.875000 20.000000 321.803465
v -1.666667 20.000000 321.803465
v -1.458333 20.000000 321.803465
v -1.250000 20.000000 321.803465
v -1.041667 20.000000 321.803465
v -0.833333 20.000000 321.803465
v -0.625000 20.000000 321.803465
v -0.416667 20.000000 321.803465
v -0.208333 20.000000 321.803465
v 0.000000 20.000000 321.803465
v 0.208333 20.000000 321.803465
v 0.416667 20.000000 321.803465
v 0.625000 20.000000 321.803465
v 0.833333 20.000000 321.803465
v 1.041667 20.000000 321.803465
v 1.250000 20.000000 321.803465
v 1.458333 20.000000 321.803465
v 1.666667 20.000000 321.803465
v 1.875000 20.000000 321.803465
v 2.083333 20.000000 321.803465
v 2.291667 20.000000 321.803465
v 2.500000 20.000000 321.803465
v 2.708333 20.000000 321.803465
v 2.916667 20.000000 321.803465
v 3.125000 20.000000 321.803465
v 3.333333 20.000000 321.803465
v 3.541667 20.000000 321.803465
v 3.750000 20.000000 321.803465
v 3.958333 20.000000 321.803465
v 4.166667 20.000000 321.803465
v 4.375000 20.000000 321.803465
v 4.583333 20.000000 321.803465
v 4.791667 20.000000 321.803465
v 5.000000 20.000000 321.803465
v -5.000000 20.000000 330.500856
v -4.791667 20.000000 330.500856
v -4.583333 20.000000 330.500856
v -4.375000 20.000000 330.500856
v -4.166667 20.000000 330.500856
v -3.958333 20.000000 330.500856
v -3.750000 20.000000 330.500856
v -3.541667 20.000000 330.500856
v -3.333333 20.000000 330.500856
v -3.125000 20.000000 330.500856
v -2.916667 20.000000 330.500856
v -2.708333 20.000000 330.500856
v -2.500000 20.000000 330.500856
v -2.291667 20.000000 330.500856
v -2.083333 20.000000 330.500856
v -1.875000 20.000000 330.500856
v -1.666667 20.000000 330.500856
v -1.458333 20.000000 330.500856
v -1.250000 20.000000 330.500856
v -1.041667 20.000000 330.500856
v -0.833333 20.000000 330.500856
v -0.625000 20.000000 330.500856
v -0.416667 20.000000 330.500856
v -0.208333 20.000000 330.500856
v 0.000000 20.000000 330.500856
v 0.208333 20.000000 330.500856
v 0.416667 20.000000 330.500856
v 0.625000 20.000000 330.500856
v 0.833333 20.000000 330.500856
v 1.041667 20.000000 330.500856
v 1.250000 20.000000 330.500856
v 1.458333 20.000000 330.500856
v 1.666667 20.000000 330.500856
v 1.875000 20.000000 330.500856
v 2.083333 20.000000 330.500856
v 2.291667 20.000000 330.500856
v 2.500000 20.000000 330.500856
v 2.708333 20.000000 330.500856
v 2.916667 20.000000 330.500856
v 3.125000 20.000000 330.500856
v 3.333333 20.000000 330.500856
v 3.541667 20.000000 330.500856
v 3.750000 20.000000 330.500856
v 3.958333 20.000000 330.500856
v 4.166667 20.000000 330.500856
v 4.375000 20.000000 330.500856
v 4.583333 20.000000 330.500856
v 4.791667 20.000000 330.500856
v 5.000000 20.000000 330.500856
v -5.000000 20.000000 339.198247
v -4.791667 20.000000 339.198247
v -4.583333 20.000000 339.198247
v -4.375000 20.000000 339.198247
v -4.166667 20.000000 339.198247
v -3.958333 20.000000 339.198247
v -3.750000 20.000000 339.198247
v -3.541667 20.000000 339.198247
v -3.333333 20.000000 339.198247
v -3.125000 20.000000 339.198247
v -2.916667 20.000000 339.198247
v -2.708333 20.000000 339.198247
v -2.500000 20.000000 339.198247
v -2.291667 20.000000 339.198247
v -2.083333 20.000000 339.198247
v -1.875000 20.000000 339.198247
v -1.666667 20.000000 339.198247
v -1.458333 20.000000 339.198247
v -1.250000 20.000000 339.198247
v -1.041667 20.000000 339.198247
v -0.833333 20.000000 339.198247
v -0.625000 20.000000 339.198247
v -0.416667 20.000000 339.198247
v -0.208333 20.000000 339.198247
v 0.000000 20.000000 339.198247
v 0.208333 20.000000 339.198247
v 0.416667 20.000000 339.198247
v 0.625000 20.000000 339.198247
v 0.833333 20.000000 339.198247
v 1.041667 20.000000 339.198247
v 1.250000 20.000000 339.198247
v 1.458333 20.000000 339.198247
v 1.666667 20.000000 339.198247
v 1.875000 20.000000 339.198247
v 2.083333 20.000000 339.198247
v 2.291667 20.000000 339.198247
v 2.500000 20.000000 339.198247
v 2.708333 20.000000 339.198247
v 2.916667 20.000000 339.198247
v 3.125000 20.000000 339.198247
v 3.333333 20.000000 339.198247
v 3.541667 20.000000 339.198247
v 3.750000 20.000000 339.198247
v 3.958333 20.000000 339.198247
v 4.166667 20.000000 339.198247
v 4.375000 20.000000 339.198247
v 4.583333 20.000000 339.198247
v 4.791667 20.000000 339.198247
v 5.000000 20.000000 339.198247
v -5.000000 20.000000 347.895638
v -4.791667 20.000000 347.895638
v -4.583333 20.000000 347.895638
v -4.375000 20.000000 347.895638
v -4.166667 20.000000 347.895638
v -3.958333 20.000000 347.895638
v -3.750000 20.000000 347.895638
v -3.541667 20.000000 347.895638
v -3.333333 20.000000 347.895638
v -3.125000 20.000000 347.895638
v -2.916667 20.000000 347.895638
v -2.708333 20.000000 347.895638
v -2.500000 20.000000 347.895638
v -2.291667 20.000000 347.895638
v -2.083333 20.000000 347.895638
v -1.875000 20.000000 347.895638
v -1.666667 20.000000 347.895638
v -1.458333 20.000000 347.895638
v -1.250000 20.000000 347.895638
v -1.041667 20.000000 347.895638
v -0.833333 20.000000 347.895638
v -0.625000 20.000000 347.895638
v -0.416667 20.000000 347.895638
v -0.208333 20.000000 347.895638
v 0.000000 20.000000 347.895638
v 0.208333 20.000000 347.895638
v 0.416667 20.000000 347.895638
v 0.625000 20.000000 347.895638
v 0.833333 20.000000 347.895638
v 1.041667 20.000000 347.895638
v 1.250000 20.000000 347.895638
v 1.458333 20.000000 347.895638
v 1.666667 20.000000 347.895638
v 1.875000 20.000000 347.895638
v 2.083333 20.000000 347.895638
v 2.291667 20.000000 347.895638
v 2.500000 20.000000 347.895638
v 2.708333 20.000000 347.895638
v 2.916667 20.000000 347.895638
v 3.125000 20.000000 347.895638
v 3.333333 20.000000 347.895638
v 3.541667 20.000000 347.895638
v 3.750000 20.000000 347.895638
v 3.958333 20.000000 347.895638
v 4.166667 20.000000 347.895638
v 4.375000 20.000000 347.895638
v 4.583333 20.000000 347.895638
v 4.791667 20.000000 347.895638
v 5.000000 20.000000 347.895638
v -5.000000 20.000000 356.593028
v -4.791667 20.000000 356.593028
v -4.583333 20.000000 356.593028
v -4.375000 20.000000 356.593028
v -4.166667 20.000000 356.593028
v -3.958333 20.000000 356.593028
v -3.750000 20.000000 356.593028
v -3.541667 20.000000 356.593028
v -3.333333 20.000000 356.593028
v -3.125000 20.000000 356.593028
v -2.916667 20.000000 356.593028
v -2.708333 20.000000 356.593028
v -2.500000 20.000000 356.593028
v -2.291667 20.000000 356.593028
v -2.083333 20.000000 356.593028
v -1.875000 20.000000 356.593028
v -1.666667 20.000000 356.593028
v -1.458333 20.000000 356.593028
v -1.250000 20.000000 356.593028
v -1.041667 20.000000 356.593028
v -0.833333 20.000000 356.593028
v -0.625000 20.000000 356.593028
v -0.416667 20.000000 356.593028
v -0.208333 20.000000 356.593028
v 0.000000 20.000000 356.593028
v 0.208333 20.000000 356.593028
v 0.416667 20.000000 356.593028
v 0.625000 20.000000 356.593028
v 0.833333 20.000000 356.593028
v 1.041667 20.000000 356.593028
v 1.250000 20.000000 356.593028
v 1.458333 20.000000 356.593028
v 1.666667 20.000000 356.593028
v 1.875000 20.000000 356.593028
v 2.083333 20.000000 356.593028
v 2.291667 20.000000 356.593028
v 2.500000 20.000000 356.593028
v 2.708333 20.000000 356.593028
v 2.916667 20.000000 356.593028
v 3.125000 20.000000 356.593028
v 3.333333 20.000000 356.593028
v 3.541667 20.000000 356.593028
v 3.750000 20.000000 356.593028
v 3.958333 20.000000 356.593028
v 4.166667 20.000000 356.593028
v 4.375000 20.000000 356.593028
v 4.583333 20.000000 356.593028
v 4.791667 20.000000 356.593028
v 5.000000 20.000000 356.593028
v -5.000000 20.000000 365.290419
v -4.791667 20.000000 365.290419
v -4.583333 20.000000 365.290419
v -4.375000 20.000000 365.290419
v -4.166667 20.000000 365.290419
v -3.958333 20.000000 365.290419
v -3.750000 20.000000 365.290419
v -3.541667 20.000000 365.290419
v -3.333333 20.000000 365.290419
v -3.125000 20.000000 365.290419
v -2.916667 20.000000 365.290419
v -2.708333 20.000000 365.290419
v -2.500000 20.000000 365.290419
v -2.291667 20.000000 365.290419
v -2.083333 20.000000 365.290419
v -1.875000 20.000000 365.290419
v -1.666667 20.000000 365.290419
v -1.458333 20.000000 365.290419
v -1.250000 20.000000 365.290419
v -1.041667 20.000000 365.290419
v -0.833333 20.000000 365.290419
v -0.625000 20.000000 365.290419
v -0.416667 20.000000 365.290419
v -0.208333 20.000000 365.290419
v 0.000000 20.000000 365.290419
v 0.208333 20.000000 365.290419
v 0.416667 20.000000 365.290419
v 0.625000 20.000000 365.290419
v 0.833333 20.000000 365.290419
v 1.041667 20.000000 365.290419
v 1.250000 20.000000 365.290419
v 1.458333 20.000000 365.290419
v 1.666667 20.000000 365.290419
v 1.875000 20.000000 365.290419
v 2.083333 20.000000 365.290419
v 2.291667 20.000000 365.290419
v 2.500000 20.000000 365.290419
v 2.708333 20.000000 365.290419
v 2.916667 20.000000 365.290419
v 3.125000 20.000000 365.290419
v 3.333333 20.000000 365.290419
v 3.541667 20.000000 365.290419
v 3.750000 20.000000 365.290419
v 3.958333 20.000000 365.290419
v 4.166667 20.000000 365.290419
v 4.375000 20.000000 365.290419
v 4.583333 20.000000 365.290419
v 4.791667 20.000000 365.290419
v 5.000000 20.000000 365.290419
v -5.000000 20.000000 373.987810
v -4.791667 20.000000 373.987810
v -4.583333 20.000000 373.987810
v -4.375000 20.000000 373.987810
v -4.166667 20.000000 373.987810
v -3.958333 20.000000 373.987810
v -3.750000 20.000000 373.987810
v -3.541667 20.000000 373.987810
v -3.333333 20.000000 373.987810
v -3.125000 20.000000 373.987810
v -2.916667 20.000000 373.987810
v -2.708333 20.000000 373.987810
v -2.500000 20.000000 373.987810
v -2.291667 20.000000 373.987810
v -2.083333 20.000000 373.987810
v -1.875000 20.000000 373.987810
v -1.666667 20.000000 373.987810
v -1.458333 20.000000 373.987810
v -1.250000 20.000000 373.987810
v -1.041667 20.000000 373.987810
v -0.833333 20.000000 373.987810
v -0.625000 20.000000 373.987810
v -0.416667 20.000000 373.987810
v -0.208333 20.000000 373.987810
v 0.000000 20.000000 373.987810
v 0.208333 20.000000 373.987810
v 0.416667 20.000000 373.987810
v 0.625000 20.000000 373.987810
v 0.833333 20.000000 373.987810
v 1.041667 20.000000 373.987810
v 1.250000 20.000000 373.987810
v 1.458333 20.000000 373.987810
v 1.666667 20.000000 373.987810
v 1.875000 20.000000 373.987810
v 2.083333 20.000000 373.987810
v 2.291667 20.000000 373.987810
v 2.500000 20.000000 373.987810
v 2.708333 20.000000 373.987810
v 2.916667 20.000000 373.987810
v 3.125000 20.000000 373.987810
v 3.333333 20.000000 373.987810
v 3.541667 20.000000 373.987810
v 3.750000 20.000000 373.987810
v 3.958333 20.000000 373.987810
v 4.166667 20.000000 373.987810
v 4.375000 20.000000 373.987810
v 4.583333 20.000000 373.987810
v 4.791667 20.000000 373.987810
v 5.000000 20.000000 373.987810
v -5.000000 20.000000 382.685201
v -4.791667 20.000000 382.685201
v -4.583333 20.000000 382.685201
v -4.375000 20.000000 382.685201
v -4.166667 20.000000 382.685201
v -3.958333 20.000000 382.685201
v -3.750000 20.000000 382.685201
v -3.541667 20.000000 382.685201
v -3.333333 20.000000 382.685201
v -3.125000 20.000000 382.685201
v -2.916667 20.000000 382.685201
v -2.708333 20.000000 382.685201
v -2.500000 20.000000 382.685201
v -2.291667 20.000000 382.685201
v -2.083333 20.000000 382.685201
v -1.875000 20.000000 382.685201
v -1.666667 20.000000 382.685201
v -1.458333 20.000000 382.685201
v -1.250000 20.000000 382.685201
v -1.041667 20.000000 382.685201
v -0.833333 20.000000 382.685201
v -0.625000 20.000000 382.685201
v -0.416667 20.000000 382.685201
v -0.208333 20.000000 382.685201
v 0.000000 20.000000 382.685201
v 0.208333 20.000000 382.685201
v 0.416667 20.000000 382.685201
v 0.625000 20.000000 382.685201
v 0.833333 20.000000 382.685201
v 1.041667 20.000000 382.685201
v 1.250000 20.000000 382.685201
v 1.458333 20.000000 382.685201
v 1.666667 20.000000 382.685201
v 1.875000 20.000000 382.685201
v 2.083333 20.000000 382.685201
v 2.291667 20.000000 382.685201
v 2.500000 20.000000 382.685201
v 2.708333 20.000000 382.685201
v 2.916667 20.000000 382.685201
v 3.125000 20.000000 382.685201
v 3.333333 20.000000 382.685201
v 3.541667 20.000000 382.685201
v 3.750000 20.000000 382.685201
v 3.958333 20.000000 382.685201
v 4.166667 20.000000 382.685201
v 4.375000 20.000000 382.685201
v 4.583333 20.000000 382.685201
v 4.791667 20.000000 382.685201
v 5.000000 20.000000 382.685201
v -5.000000 20.000000 391.382592
v -4.791667 20.000000 391.382592
v -4.583333 20.000000 391.382592
v -4.375000 20.000000 391.382592
v -4.166667 20.000000 391.382592
v -3.958333 20.000000 391.382592
v -3.750000 20.000000 391.382592
v -3.541667 20.000000 391.382592
v -3.333333 20.000000 391.382592
v -3.125000 20.000000 391.382592
v -2.916667 20.000000 391.382592
v -2.708333 20.000000 391.382592
v -2.500000 20.000000 391.382592
v -2.291667 20.000000 391.382592
v -2.083333 20.000000 391.382592
v -1.875000 20.000000 391.382592
v -1.666667 20.000000 391.382592
v -1.458333 20.000000 391.382592
v -1.250000 20.000000 391.382592
v -1.041667 20.000000 391.382592
v -0.833333 20.000000 391.382592
v -0.625000 20.000000 391.382592
v -0.416667 20.000000 391.382592
v -0.208333 20.000000 391.382592
v 0.000000 20.000000 391.382592
v 0.208333 20.000000 391.382592
v 0.416667 20.000000 391.382592
v 0.625000 20.000000 391.382592
v 0.833333 20.000000 391.382592
v 1.041667 20.000000 391.382592
v 1.250000 20.000000 391.382592
v 1.458333 20.000000 391.382592
v 1.666667 20.000000 391.382592
v 1.875000 20.000000 391.382592
v 2.083333 20.000000 391.382592
v 2.291667 20.000000 391.382592
v 2.500000 20.000000 391.382592
v 2.708333 20.000000 391.382592
v 2.916667 20.000000 391.382592
v 3.125000 20.000000 391.382592
v 3.333333 20.000000 391.382592
v 3.541667 20.000000 391.382592
v 3.750000 20.000000 391.382592
v 3.958333 20.000000 391.382592
v 4.166667 20.000000 391.382592
v 4.375000 20.000000 391.382592
v 4.583333 20.000000 391.382592
v 4.791667 20.000000 391.382592
v 5.000000 20.000000 391.382592
v -5.000000 20.000000 400.079983
v -4.791667 20.000000 400.079983
v -4.583333 20.000000 400.079983
v -4.375000 20.000000 400.079983
v -4.166667 20.000000 400.079983
v -3.958333 20.000000 400.079983
v -3.750000 20.000000 400.079983
v -3.541667 20.000000 400.079983
v -3.333333 20.000000 400.079983
v -3.125000 20.000000 400.079983
v -2.916667 20.000000 400.079983
v -2.708333 20.000000 400.079983
v -2.500000 20.000000 400.079983
v -2.291667 20.000000 400.079983
v -2.083333 20.000000 400.079983
v -1.875000 20.000000 400.079983
v -1.666667 20.000000 400.079983
v -1.458333 20.000000 400.079983
v -1.250000 20.000000 400.079983
v -1.041667 20.000000 400.079983
v -0.833333 20.000000 400.079983
v -0.625000 20.000000 400.079983
v -0.416667 20.000000 400.079983
v -0.208333 20.000000 400.079983
v 0.000000 20.000000 400.079983
v 0.208333 20.000000 400.079983
v 0.416667 20.000000 400.079983
v 0.625000 20.000000 400.079983
v 0.833333 20.000000 400.079983
v 1.041667 20.000000 400.079983
v 1.250000 20.000000 400.079983
v 1.458333 20.000000 400.079983
v 1.666667 20.000000 400.079983
v 1.875000 20.000000 400.079983
v 2.083333 20.000000 400.079983
v 2.291667 20.000000 400.079983
v 2.500000 20.000000 400.079983
v 2.708333 20.000000 400.079983
v 2.916667 20.000000 400.079983
v 3.125000 20.000000 400.079983
v 3.333333 20.000000 400.079983
v 3.541667 20.000000 400.079983
v 3.750000 20.000000 400.079983
v 3.958333 20.000000 400.079983
v 4.166667 20.000000 400.079983
v 4.375000 20.000000 400.079983
v 4.583333 20.000000 400.079983
v 4.791667 20.000000 400.079983
v 5.000000 20.000000 400.079983
v -5.000000 20.000000 408.777374
v -4.791667 20.000000 408.777374
v -4.583333 20.000000 408.777374
v -4.375000 20.000000 408.777374
v -4.166667 20.000000 408.777374
v -3.958333 20.000000 408.777374
v -3.750000 20.000000 408.777374
v -3.541667 20.000000 408.777374
v -3.333333 20.000000 408.777374
v -3.125000 20.000000 408.777374
v -2.916667 20.000000 408.777374
v -2.708333 20.000000 408.777374
v -2.500000 20.000000 408.777374
v -2.291667 20.000000 408.777374
v -2.083333 20.000000 408.777374
v -1.875000 20.000000 408.777374
v -1.666667 20.000000 408.777374
v -1.458333 20.000000 408.777374
v -1.250000 20.000000 408.777374
v -1.041667 20.000000 408.777374
v -0.833333 20.000000 408.777374
v -0.625000 20.000000 408.777374
v -0.416667 20.000000 408.777374
v -0.208333 20.000000 408.777374
v 0.000000 20.000000 408.777374
v 0.208333 20.000000 408.777374
v 0.416667 20.000000 408.777374
v 0.625000 20.000000 408.777374
v 0.833333 20.000000 408.777374
v 1.041667 20.000000 408.777374
v 1.250000 20.000000 408.777374
v 1.458333 20.000000 408.777374
v 1.666667 20.000000 408.777374
v 1.875000 20.000000 408.777374
v 2.083333 20.000000 408.777374
v 2.291667 20.000000 408.777374
v 2.500000 20.000000 408.777374
v 2.708333 20.000000 408.777374
v 2.916667 20.000000 408.777374
v 3.125000 20.000000 408.777374
v 3.333333 20.000000 408.777374
v 3.541667 20.000000 408.777374
v 3.750000 20.000000 408.777374
v 3.958333 20.000000 408.777374
v 4.166667 20.000000 408.777374
v 4.375000 20.000000 408.777374
v 4.583333 20.000000 408.777374
v 4.791667 20.000000 408.777374
v 5.000000 20.000000 408.777374
v -5.000000 20.000000 417.474765
v -4.791667 20.000000 417.474765
v -4.583333 20.000000 417.474765
v -4.375000 20.000000 417.474765
v -4.166667 20.000000 417.474765
v -3.958333 20.000000 417.474765
v -3.750000 20.000000 417.474765
v -3.541667 20.000000 417.474765
v -3.333333 20.000000 417.474765
v -3.125000 20.000000 417.474765
v -2.916667 20.000000 417.474765
v -2.708333 20.000000 417.474765
v -2.500000 20.000000 417.474765
v -2.291667 20.000000 417.474765
v -2.083333 20.000000 417.474765
v -1.875000 20.000000 417.474765
v -1.666667 20.000000 417.474765
v -1.458333 20.000000 417.474765
v -1.250000 20.000000 417.474765
v -1.041667 20.000000 417.474765
v -0.833333 20.000000 417.474765
v -0.625000 20.000000 417.474765
v -0.416667 20.000000 417.474765
v -0.208333 20.000000 417.474765
v 0.000000 20.000000 417.474765
v 0.208333 20.000000 417.474765
v 0.416667 20.000000 417.474765
v 0.625000 20.000000 417.474765
v 0.833333 20.000000 417.474765
v 1.041667 20.000000 417.474765
v 1.250000 20.000000 417.474765
v 1.458333 20.000000 417.474765
v 1.666667 20.000000 417.474765
v 1.875000 20.000000 417.474765
v 2.083333 20.000000 417.474765
v 2.291667 20.000000 417.474765
v 2.500000 20.000000 417.474765
v 2.708333 20.000000 417.474765
v 2.916667 20.000000 417.474765
v 3.125000 20.000000 417.474765
v 3.333333 20.000000 417.474765
v 3.541667 20.000000 417.474765
v 3.750000 20.000000 417.474765
v 3.958333 20.000000 417.474765
v 4.166667 20.000000 417.474765
v 4.375000 20.000000 417.474765
v 4.583333 20.000000 417.474765
v 4.791667 20.000000 417.474765
v 5.000000 20.000000 417.474765
v -5.000000 20.000000 426.172156
v -4.791667 20.000000 426.172156
v -4.583333 20.000000 426.172156
v -4.375000 20.000000 426.172156
v -4.166667 20.000000 426.172156
v -3.958333 20.000000 426.172156
v -3.750000 20.000000 426.172156
v -3.541667 20.000000 426.172156
v -3.333333 20.000000 426.172156
v -3.125000 20.000000 426.172156
v -2.916667 20.000000 426.172156
v -2.708333 20.000000 426.172156
v -2.500000 20.000000 426.172156
v -2.291667 20.000000 426.172156
v -2.083333 20.000000 426.172156
v -1.875000 20.000000 426.172156
v -1.666667 20.000000 426.172156
v -1.458333 20.000000 426.172156
v -1.250000 20.000000 426.172156
v -1.041667 20.000000 426.172156
v -0.833333 20.000000 426.172156
v -0.625000 20.000000 426.172156
v -0.416667 20.000000 426.172156
v -0.208333 20.000000 426.172156
v 0.000000 20.000000 426.172156
v 0.208333 20.000000 426.172156
v 0.416667 20.000000 426.172156
v 0.625000 20.000000 426.172156
v 0.833333 20.000000 426.172156
v 1.041667 20.000000 426.172156
v 1.250000 20.000000 426.172156
v 1.458333 20.000000 426.172156
v 1.666667 20.000000 426.172156
v 1.875000 20.000000 426.172156
v 2.083333 20.000000 426.172156
v 2.291667 20.000000 426.172156
v 2.500000 20.000000 426.172156
v 2.708333 20.000000 426.172156
v 2.916667 20.000000 426.172156
v 3.125000 20.000000 426.172156
v 3.333333 20.000000 426.172156
v 3.541667 20.000000 426.172156
v 3.750000 20.000000 426.172156
v 3.958333 20.000000 426.172156
v 4.166667 20.000000 426.172156
v 4.375000 20.000000 426.172156
v 4.583333 20.000000 426.172156
v 4.791667 20.000000 426.172156
v 5.000000 20.000000 426.172156
v -5.000000 20.000000 434.869547
v -4.791667 20.000000 434.869547
v -4.583333 20.000000 434.869547
v -4.375000 20.000000 434.869547
v -4.166667 20.000000 434.869547
v -3.958333 20.000000 434.869547
v -3.750000 20.000000 434.869547
v -3.541667 20.000000 434.869547
v -3.333333 20.000000 434.869547
v -3.125000 20.000000 434.869547
v -2.916667 20.000000 434.869547
v -2.708333 20.000000 434.869547
v -2.500000 20.000000 434.869547
v -2.291667 20.000000 434.869547
v -2.083333 20.000000 434.869547
v -1.875000 20.000000 434.869547
v -1.666667 20.000000 434.869547
v -1.458333 20.000000 434.869547
v -1.250000 20.000000 434.869547
v -1.041667 20.000000 434.869547
v -0.833333 20.000000 434.869547
v -0.625000 20.000000 434.869547
v -0.416667 20.000000 434.869547
v -0.208333 20.000000 434.869547
v 0.000000 20.000000 434.869547
v 0.208333 20.000000 434.869547
v 0.416667 20.000000 434.869547
v 0.625000 20.000000 434.869547
v 0.833333 20.000000 434.869547
v 1.041667 20.000000 434.869547
v 1.250000 20.000000 434.869547
v 1.458333 20.000000 434.869547
v 1.666667 20.000000 434.869547
v 1.875000 20.000000 434.869547
v 2.083333 20.000000 434.869547
v 2.291667 20.000000 434.869547
v 2.500000 20.000000 434.869547
v 2.708333 20.000000 434.869547
v 2.916667 20.000000 434.869547
v 3.125000 20.000000 434.869547
v 3.333333 20.000000 434.869547
v 3.541667 20.000000 434.869547
v 3.750000 20.000000 434.869547
v 3.958333 20.000000 434.869547
v 4.166667 20.000000 434.869547
v 4.375000 20.000000 434.869547
v 4.583333 20.000000 434.869547
v 4.791667 20.000000 434.869547
v 5.000000 20.000000 434.869547
v -5.000000 20.000000 443.566938
v -4.791667 20.000000 443.566938
v -4.583333 20.000000 443.566938
v -4.375000 20.000000 443.566938
v -4.166667 20.000000 443.566938
v -3.958333 20.000000 443.566938
v -3.750000 20.000000 443.566938
v -3.541667 20.000000 443.566938
v -3.333333 20.000000 443.566938
v -3.125000 20.000000 443.566938
v -2.916667 20.000000 443.566938
v -2.708333 20.000000 443.566938
v -2.500000 20.000000 443.566938
v -2.291667 20.000000 443.566938
v -2.083333 20.000000 443.566938
v -1.875000 20.000000 443.566938
v -1.666667 20.000000 443.566938
v -1.458333 20.000000 443.566938
v -1.250000 20.000000 443.566938
v -1.041667 20.000000 443.566938
v -0.833333 20.000000 443.566938
v -0.625000 20.000000 443.566938
v -0.416667 20.000000 443.566938
v -0.208333 20.000000 443.566938
v 0.000000 20.000000 443.566938
v 0.208333 20.000000 443.566938
v 0.416667 20.000000 443.566938
v 0.625000 20.000000 443.566938
v 0.833333 20.000000 443.566938
v 1.041667 20.000000 443.566938
v 1.250000 20.000000 443.566938
v 1.458333 20.000000 443.566938
v 1.666667 20.000000 443.566938
v 1.875000 20.000000 443.566938
v 2.083333 20.000000 443.566938
v 2.291667 20.000000 443.566938
v 2.500000 20.000000 443.566938
v 2.708333 20.000000 443.566938
v 2.916667 20.000000 443.566938
v 3.125000 20.000000 443.566938
v 3.333333 20.000000 443.566938
v 3.541667 20.000000 443.566938
v 3.750000 20.000000 443.566938
v 3.958333 20.000000 443.566938
v 4.166667 20.000000 443.566938
v 4.375000 20.000000 443.566938
v 4.583333 20.000000 443.566938
v 4.791667 20.000000 443.566938
v 5.000000 20.000000 443.566938
v -5.000000 20.000000 452.264329
v -4.791667 20.000000 452.264329
v -4.583333 20.000000 452.264329
v -4.375000 20.000000 452.264329
v -4.166667 20.000000 452.264329
v -3.958333 20.000000 452.264329
v -3.750000 20.000000 452.264329
v -3.541667 20.000000 452.264329
v -3.333333 20.000000 452.264329
v -3.125000 20.000000 452.264329
v -2.916667 20.000000 452.264329
v -2.708333 20.000000 452.264329
v -2.500000 20.000000 452.264329
v -2.291667 20.000000 452.264329
v -2.083333 20.000000 452.264329
v -1.875000 20.000000 452.264329
v -1.666667 20.000000 452.264329
v -1.458333 20.000000 452.264329
v -1.250000 20.000000 452.264329
v -1.041667 20.000000 452.264329
v -0.833333 20.000000 452.264329
v -0.625000 20.000000 452.264329
v -0.416667 20.000000 452.264329
v -0.208333 20.000000 452.264329
v 0.000000 20.000000 452.264329
v 0.208333 20.000000 452.264329
v 0.416667 20.000000 452.264329
v 0.625000 20.000000 452.264329
v 0.833333 20.000000 452.264329
v 1.041667 20.000000 452.264329
v 1.250000 20.000000 452.264329
v 1.458333 20.000000 452.264329
v 1.666667 20.000000 452.264329
v 1.875000 20.000000 452.264329
v 2.083333 20.000000 452.264329
v 2.291667 20.000000 452.264329
v 2.500000 20.000000 452.264329
v 2.708333 20.000000 452.264329
v 2.916667 20.000000 452.264329
v 3.125000 20.000000 452.264329
v 3.333333 20.000000 452.264329
v 3.541667 20.000000 452.264329
v 3.750000 20.000000 452.264329
v 3.958333 20.000000 452.264329
v 4.166667 20.000000 452.264329
v 4.375000 20.000000 452.264329
v 4.583333 20.000000 452.264329
v 4.791667 20.000000 452.264329
v 5.000000 20.000000 452.264329
v -5.000000 20.000000 460.961720
v -4.791667 20.000000 460.961720
v -4.583333 20.000000 460.961720
v -4.375000 20.000000 460.961720
v -4.166667 20.000000 460.961720
v -3.958333 20.000000 460.961720
v -3.750000 20.000000 460.961720
v -3.541667 20.000000 460.961720
v -3.333333 20.000000 460.961720
v -3.125000 20.000000 460.961720
v -2.916667 20.000000 460.961720
v -2.708333 20.000000 460.961720
v -2.500000 20.000000 460.961720
v -2.291667 20.000000 460.961720
v -2.083333 20.000000 460.961720
v -1.875000 20.000000 460.961720
v -1.666667 20.000000 460.961720
v -1.458333 20.000000 460.961720
v -1.250000 20.000000 460.961720
v -1.041667 20.000000 460.961720
v -0.833333 20.000000 460.961720
v -0.625000 20.000000 460.961720
v -0.416667 20.000000 460.961720
v -0.208333 20.000000 460.961720
v 0.000000 20.000000 460.961720
v 0.208333 20.000000 460.961720
v 0.416667 20.000000 460.961720
v 0.625000 20.000000 460.961720
v 0.833333 20.000000 460.961720
v 1.041667 20.000000 460.961720
v 1.250000 20.000000 460.961720
v 1.458333 20.000000 460.961720
v 1.666667 20.000000 460.961720
v 1.875000 20.000000 460.961720
v 2.083333 20.000000 460.961720
v 2.291667 20.000000 460.961720
v 2.500000 20.000000 460.961720
v 2.708333 20.000000 460.961720
v 2.916667 20.000000 460.961720
v 3.125000 20.000000 460.961720
v 3.333333 20.000000 460.961720
v 3.541667 20.000000 460.961720
v 3.750000 20.000000 460.961720
v 3.958333 20.000000 460.961720
v 4.166667 20.000000 460.961720
v 4.375000 20.000000 460.961720
v 4.583333 20.000000 460.961720
v 4.791667 20.000000 460.961720
v 5.000000 20.000000 460.961720
v -5.000000 20.000000 469.659111
v -4.791667 20.000000 469.659111
v -4.583333 20.000000 469.659111
v -4.375000 20.000000 469.659111
v -4.166667 20.000000 469.659111
v -3.958333 20.000000 469.659111
v -3.750000 20.000000 469.659111
v -3.541667 20.000000 469.659111
v -3.333333 20.000000 469.659111
v -3.125000 20.000000 469.659111
v -2.916667 20.000000 469.659111
v -2.708333 20.000000 469.659111
v -2.500000 20.000000 469.659111
v -2.291667 20.000000 469.659111
v -2.083333 20.000000 469.659111
v -1.875000 20.000000 469.659111
v -1.666667 20.000000 469.659111
v -1.458333 20.000000 469.659111
v -1.250000 20.000000 469.659111
v -1.041667 20.000000 469.659111
v -0.833333 20.000000 469.659111
v -0.625000 20.000000 469.659111
v -0.416667 20.000000 469.659111
v -0.208333 20.000000 469.659111
v 0.000000 20.000000 469.659111
v 0.208333 20.000000 469.659111
v 0.416667 20.000000 469.659111
v 0.625000 20.000000 469.659111
v 0.833333 20.000000 469.659111
v 1.041667 20.000000 469.659111
v 1.250000 20.000000 469.659111
v 1.458333 20.000000 469.659111
v 1.666667 20.000000 469.659111
v 1.875000 20.000000 469.659111
v 2.083333 20.000000 469.659111
v 2.291667 20.000000 469.659111
v 2.500000 20.000000 469.659111
v 2.708333 20.000000 469.659111
v 2.916667 20.000000 469.659111
v 3.125000 20.000000 469.659111
v 3.333333 20.000000 469.659111
v 3.541667 20.000000 469.659111
v 3.750000 20.000000 469.659111
v 3.958333 20.000000 469.659111
v 4.166667 20.000000 469.659111
v 4.375000 20.000000 469.659111
v 4.583333 20.000000 469.659111
v 4.791667 20.000000 469.659111
v 5.000000 20.000000 469.659111
v -5.000000 20.000000 478.356502
v -4.791667 20.000000 478.356502
v -4.583333 20.000000 478.356502
v -4.375000 20.000000 478.356502
v -4.166667 20.000000 478.356502
v -3.958333 20.000000 478.356502
v -3.750000 20.000000 478.356502
v -3.541667 20.000000 478.356502
v -3.333333 20.000000 478.356502
v -3.125000 20.000000 478.356502
v -2.916667 20.000000 478.356502
v -2.708333 20.000000 478.356502
v -2.500000 20.000000 478.356502
v -2.291667 20.000000 478.356502
v -2.083333 20.000000 478.356502
v -1.875000 20.000000 478.356502
v -1.666667 20.000000 478.356502
v -1.458333 20.000000 478.356502
v -1.250000 20.000000 478.356502
v -1.041667 20.000000 478.356502
v -0.833333 20.000000 478.356502
v -0.625000 20.000000 478.356502
v -0.416667 20.000000 478.356502
v -0.208333 20.000000 478.356502
v 0.000000 20.000000 478.356502
v 0.208333 20.000000 478.356502
v 0.416667 20.000000 478.356502
v 0.625000 20.000000 478.356502
v 0.833333 20.000000 478.356502
v 1.041667 20.000000 478.356502
v 1.250000 20.000000 478.356502
v 1.458333 20.000000 478.356502
v 1.666667 20.000000 478.356502
v 1.875000 20.000000 478.356502
v 2.083333 20.000000 478.356502
v 2.291667 20.000000 478.356502
v 2.500000 20.000000 478.356502
v 2.708333 20.000000 478.356502
v 2.916667 20.000000 478.356502
v 3.125000 20.000000 478.356502
v 3.333333 20.000000 478.356502
v 3.541667 20.000000 478.356502
v 3.750000 20.000000 478.356502
v 3.958333 20.000000 478.356502
v 4.166667 20.000000 478.356502
v 4.375000 20.000000 478.356502
v 4.583333 20.000000 478.356502
v 4.791667 20.000000 478.356502
v 5.000000 20.000000 478.356502
v -5.000000 20.000000 487.053893
v -4.791667 20.000000 487.053893
v -4.583333 20.000000 487.053893
v -4.375000 20.000000 487.053893
v -4.166667 20.000000 487.053893
v -3.958333 20.000000 487.053893
v -3.750000 20.000000 487.053893
v -3.541667 20.000000 487.053893
v -3.333333 20.000000 487.053893
v -3.125000 20.000000 487.053893
v -2.916667 20.000000 487.053893
v -2.708333 20.000000 487.053893
v -2.500000 20.000000 487.053893
v -2.291667 20.000000 487.053893
v -2.083333 20.000000 487.053893
v -1.875000 20.000000 487.053893
v -1.666667 20.000000 487.053893
v -1.458333 20.000000 487.053893
v -1.250000 20.000000 487.053893
v -1.041667 20.000000 487.053893
v -0.833333 20.000000 487.053893
v -0.625000 20.000000 487.053893
v -0.416667 20.000000 487.053893
v -0.208333 20.000000 487.053893
v 0.000000 20.000000 487.053893
v 0.208333 20.000000 487.053893
v 0.416667 20.000000 487.053893
v 0.625000 20.000000 487.053893
v 0.833333 20.000000 487.053893
v 1.041667 20.000000 487.053893
v 1.250000 20.000000 487.053893
v 1.458333 20.000000 487.053893
v 1.666667 20.000000 487.053893
v 1.875000 20.000000 487.053893
v 2.083333 20.000000 487.053893
v 2.291667 20.000000 487.053893
v 2.500000 20.000000 487.053893
v 2.708333 20.000000 487.053893
v 2.916667 20.000000 487.053893
v 3.125000 20.000000 487.053893
v 3.333333 20.000000 487.053893
v 3.541667 20.000000 487.053893
v 3.750000 20.000000 487.053893
v 3.958333 20.000000 487.053893
v 4.166667 20.000000 487.053893
v 4.375000 20.000000 487.053893
v 4.583333 20.000000 487.053893
v 4.791667 20.000000 487.053893
v 5.000000 20.000000 487.053893
v -5.000000 20.000000 495.751283
v -4.791667 20.000000 495.751283
v -4.583333 20.000000 495.751283
v -4.375000 20.000000 495.751283
v -4.166667 20.000000 495.751283
v -3.958333 20.000000 495.751283
v -3.750000 20.000000 495.751283
v -3.541667 20.000000 495.751283
v -3.333333 20.000000 495.751283
v -3.125000 20.000000 495.751283
v -2.916667 20.000000 495.751283
v -2.708333 20.000000 495.751283
v -2.500000 20.000000 495.751283
v -2.291667 20.000000 495.751283
v -2.083333 20.000000 495.751283
v -1.875000 20.000000 495.751283
v -1.666667 20.000000 495.751283
v -1.458333 20.000000 495.751283
v -1.250000 20.000000 495.751283
v -1.041667 20.000000 495.751283
v -0.833333 20.000000 495.751283
v -0.625000 20.000000 495.751283
v -0.416667 20.000000 495.751283
v -0.208333 20.000000 495.751283
v 0.000000 20.000000 495.751283
v 0.208333 20.000000 495.751283
v 0.416667 20.000000 495.751283
v 0.625000 20.000000 495.751283
v 0.833333 20.000000 495.751283
v 1.041667 20.000000 495.751283
v 1.250000 20.000000 495.751283
v 1.458333 20.000000 495.751283
v 1.666667 20.000000 495.751283
v 1.875000 20.000000 495.751283
v 2.083333 20.000000 495.751283
v 2.291667 20.000000 495.751283
v 2.500000 20.000000 495.751283
v 2.708333 20.000000 495.751283
v 2.916667 20.000000 495.751283
v 3.125000 20.000000 495.751283
v 3.333333 20.000000 495.751283
v 3.541667 20.000000 495.751283
v 3.750000 20.000000 495.751283
v 3.958333 20.000000 495.751283
v 4.166667 20.000000 495.751283
v 4.375000 20.000000 495.751283
v 4.583333 20.000000 495.751283
v 4.791667 20.000000 495.751283
v 5.000000 20.000000 495.751283
v -5.000000 20.000000 504.448674
v -4.791667 20.000000 504.448674
v -4.583333 20.000000 504.448674
v -4.375000 20.000000 504.448674
v -4.166667 20.000000 504.448674
v -3.958333 20.000000 504.448674
v -3.750000 20.000000 504.448674
v -3.541667 20.000000 504.448674
v -3.333333 20.000000 504.448674
v -3.125000 20.000000 504.448674
v -2.916667 20.000000 504.448674
v -2.708333 20.000000 504.448674
v -2.500000 20.000000 504.448674
v -2.291667 20.000000 504.448674
v -2.083333 20.000000 504.448674
v -1.875000 20.000000 504.448674
v -1.666667 20.000000 504.448674
v -1.458333 20.000000 504.448674
v -1.250000 20.000000 504.448674
v -1.041667 20.000000 504.448674
v -0.833333 20.000000 504.448674
v -0.625000 20.000000 504.448674
v -0.416667 20.000000 504.448674
v -0.208333 20.000000 504.448674
v 0.000000 20.000000 504.448674
v 0.208333 20.000000 504.448674
v 0.416667 20.000000 504.448674
v 0.625000 20.000000 504.448674
v 0.833333 20.000000 504.448674
v 1.041667 20.000000 504.448674
v 1.250000 20.000000 504.448674
v 1.458333 20.000000 504.448674
v 1.666667 20.000000 504.448674
v 1.875000 20.000000 504.448674
v 2.083333 20.000000 504.448674
v 2.291667 20.000000 504.448674
v 2.500000 20.000000 504.448674
v 2.708333 20.000000 504.448674
v 2.916667 20.000000 504.448674
v 3.125000 20.000000 504.448674
v 3.333333 20.000000 504.448674
v 3.541667 20.000000 504.448674
v 3.750000 20.000000 504.448674
v 3.958333 20.000000 504.448674
v 4.166667 20.000000 504.448674
v 4.375000 20.000000 504.448674
v 4.583333 20.000000 504.448674
v 4.791667 20.000000 504.448674
v 5.000000 20.000000 504.448674
v -5.000000 20.000000 513.146065
v -4.791667 20.000000 513.146065
v -4.583333 20.000000 513.146065
v -4.375000 20.000000 513.146065
v -4.166667 20.000000 513.146065
v -3.958333 20.000000 513.146065
v -3.750000 20.000000 513.146065
v -3.541667 20.000000 513.146065
v -3.333333 20.000000 513.146065
v -3.125000 20.000000 513.146065
v -2.916667 20.000000 513.146065
v -2.708333 20.000000 513.146065
v -2.500000 20.000000 513.146065
v -2.291667 20.000000 513.146065
v -2.083333 20.000000 513.146065
v -1.875000 20.000000 513.146065
v -1.666667 20.000000 513.146065
v -1.458333 20.000000 513.146065
v -1.250000 20.000000 513.146065
v -1.041667 20.000000 513.146065
v -0.833333 20.000000 513.146065
v -0.625000 20.000000 513.146065
v -0.416667 20.000000 513.146065
v -0.208333 20.000000 513.146065
v 0.000000 20.000000 513.146065
v 0.208333 20.000000 513.146065
v 0.416667 20.000000 513.146065
v 0.625000 20.000000 513.146065
v 0.833333 20.000000 513.146065
v 1.041667 20.000000 513.146065
v 1.250000 20.000000 513.146065
v 1.458333 20.000000 513.146065
v 1.666667 20.000000 513.146065
v 1.875000 20.000000 513.146065
v 2.083333 20.000000 513.146065
v 2.291667 20.000000 513.146065
v 2.500000 20.000000 513.146065
v 2.708333 20.000000 513.146065
v 2.916667 20.000000 513.146065
v 3.125000 20.000000 513.146065
v 3.333333 20.000000 513.146065
v 3.541667 20.000000 513.146065
v 3.750000 20.000000 513.146065
v 3.958333 20.000000 513.146065
v 4.166667 20.000000 513.146065
v 4.375000 20.000000 513.146065
v 4.583333 20.000000 513.146065
v 4.791667 20.000000 513.146065
v 5.000000 20.000000 513.146065
v -5.000000 20.000000 521.843456
v -4.791667 20.000000 521.843456
v -4.583333 20.000000 521.843456
v -4.375000 20.000000 521.843456
v -4.166667 20.000000 521.843456
v -3.958333 20.000000 521.843456
v -3.750000 20.000000 521.843456
v -3.541667 20.000000 521.843456
v -3.333333 20.000000 521.843456
v -3.125000 20.000000 521.843456
v -2.916667 20.000000 521.843456
v -2.708333 20.000000 521.843456
v -2.500000 20.000000 521.843456
v -2.291667 20.000000 521.843456
v -2.083333 20.000000 521.843456
v -1.875000 20.000000 521.843456
v -1.666667 20.000000 521.843456
v -1.458333 20.000000 521.843456
v -1.250000 20.000000 521.843456
v -1.041667 20.000000 521.843456
v -0.833333 20.000000 521.843456
v -0.625000 20.000000 521.843456
v -0.416667 20.000000 521.843456
v -0.208333 20.000000 521.843456
v 0.000000 20.000000 521.843456
v 0.208333 20.000000 521.843456
v 0.416667 20.000000 521.843456
v 0.625000 20.000000 521.843456
v 0.833333 20.000000 521.843456
v 1.041667 20.000000 521.843456
v 1.250000 20.000000 521.843456
v 1.458333 20.000000 521.843456
v 1.666667 20.000000 521.843456
v 1.875000 20.000000 521.843456
v 2.083333 20.000000 521.843456
v 2.291667 20.000000 521.843456
v 2.500000 20.000000 521.843456
v 2.708333 20.000000 521.843456
v 2.916667 20.000000 521.843456
v 3.125000 20.000000 521.843456
v 3.333333 20.000000 521.843456
v 3.541667 20.000000 521.843456
v 3.750000 20.000000 521.843456
v 3.958333 20.000000 521.843456
v 4.166667 20.000000 521.843456
v 4.375000 20.000000 521.843456
v 4.583333 20.000000 521.843456
v 4.791667 20.000000 521.843456
v 5.000000 20.000000 521.843456
v -5.000000 20.000000 530.540847
v -4.791667 20.000000 530.540847
v -4.583333 20.000000 530.540847
v -4.375000 20.000000 530.540847
v -4.166667 20.000000 530.540847
v -3.958333 20.000000 530.540847
v -3.750000 20.000000 530.540847
v -3.541667 20.000000 530.540847
v -3.333333 20.000000 530.540847
v -3.125000 20.000000 530.540847
v -2.916667 20.000000 530.540847
v -2.708333 20.000000 530.540847
v -2.500000 20.000000 530.540847
v -2.291667 20.000000 530.540847
v -2.083333 20.000000 530.540847
v -1.875000 20.000000 530.540847
v -1.666667 20.000000 530.540847
v -1.458333 20.000000 530.540847
v -1.250000 20.000000 530.540847
v -1.041667 20.000000 530.540847
v -0.833333 20.000000 530.540847
v -0.625000 20.000000 530.540847
v -0.416667 20.000000 530.540847
v -0.208333 20.000000 530.540847
v 0.000000 20.000000 530.540847
v 0.208333 20.000000 530.540847
v 0.416667 20.000000 530.540847
v 0.625000 20.000000 530.540847
v 0.833333 20.000000 530.540847
v 1.041667 20.000000 530.540847
v 1.250000 20.000000 530.540847
v 1.458333 20.000000 530.540847
v 1.666667 20.000000 530.540847
v 1.875000 20.000000 530.540847
v 2.083333 20.000000 530.540847
v 2.291667 20.000000 530.540847
v 2.500000 20.000000 530.540847
v 2.708333 20.000000 530.540847
v 2.916667 20.000000 530.540847
v 3.125000 20.000000 530.540847
v 3.333333 20.000000 530.540847
v 3.541667 20.000000 530.540847
v 3.750000 20.000000 530.540847
v 3.958333 20.000000 530.540847
v 4.166667 20.000000 530.540847
v 4.375000 20.000000 530.540847
v 4.583333 20.000000 530.540847
v 4.791667 20.000000 530.540847
v 5.000000 20.000000 530.540847
v -5.000000 20.000000 539.238238
v -4.791667 20.000000 539.238238
v -4.583333 20.000000 539.238238
v -4.375000 20.000000 539.238238
v -4.166667 20.000000 539.238238
v -3.958333 20.000000 539.238238
v -3.750000 20.000000 539.238238
v -3.541667 20.000000 539.238238
v -3.333333 20.000000 539.238238
v -3.125000 20.000000 539.238238
v -2.916667 20.000000 539.238238
v -2.708333 20.000000 539.238238
v -2.500000 20.000000 539.238238
v -2.291667 20.000000 539.238238
v -2.083333 20.000000 539.238238
v -1.875000 20.000000 539.238238
v -1.666667 20.000000 539.238238
v -1.458333 20.000000 539.238238
v -1.250000 20.000000 539.238238
v -1.041667 20.000000 539.238238
v -0.833333 20.000000 539.238238
v -0.625000 20.000000 539.238238
v -0.416667 20.000000 539.238238
v -0.208333 20.000000 539.238238
v 0.000000 20.000000 539.238238
v 0.208333 20.000000 539.238238
v 0.416667 20.000000 539.238238
v 0.625000 20.000000 539.238238
v 0.833333 20.000000 539.238238
v 1.041667 20.000000 539.238238
v 1.250000 20.000000 539.238238
v 1.458333 20.000000 539.238238
v 1.666667 20.000000 539.238238
v 1.875000 20.000000 539.238238
v 2.083333 20.000000 539.238238
v 2.291667 20.000000 539.238238
v 2.500000 20.000000 539.238238
v 2.708333 20.000000 539.238238
v 2.916667 20.000000 539.238238
v 3.125000 20.000000 539.238238
v 3.333333 20.000000 539.238238
v 3.541667 20.000000 539.238238
v 3.750000 20.000000 539.238238
v 3.958333 20.000000 539.238238
v 4.166667 20.000000 539.238238
v 4.375000 20.000000 539.238238
v 4.583333 20.000000 539.238238
v 4.791667 20.000000 539.238238
v 5.000000 20.000000 539.238238
v -5.000000 20.000000 547.935629
v -4.791667 20.000000 547.935629
v -4.583333 20.000000 547.935629
v -4.375000 20.000000 547.935629
v -4.166667 20.000000 547.935629
v -3.958333 20.000000 547.935629
v -3.750000 20.000000 547.935629
v -3.541667 20.000000 547.935629
v -3.333333 20.000000 547.935629
v -3.125000 20.000000 547.935629
v -2.916667 20.000000 547.935629
v -2.708333 20.000000 547.935629
v -2.500000 20.000000 547.935629
v -2.291667 20.000000 547.935629
v -2.083333 20.000000 547.935629
v -1.875000 20.000000 547.935629
v -1.666667 20.000000 547.935629
v -1.458333 20.000000 547.935629
v -1.250000 20.000000 547.935629
v -1.041667 20.000000 547.935629
v -0.833333 20.000000 547.935629
v -0.625000 20.000000 547.935629
v -0.416667 20.000000 547.935629
v -0.208333 20.000000 547.935629
v 0.000000 20.000000 547.935629
v 0.208333 20.000000 547.935629
v 0.416667 20.000000 547.935629
v 0.625000 20.000000 547.935629
v 0.833333 20.000000 547.935629
v 1.041667 20.000000 547.935629
v 1.250000 20.000000 547.935629
v 1.458333 20.000000 547.935629
v 1.666667 20.000000 547.935629
v 1.875000 20.000000 547.935629
v 2.083333 20.000000 547.935629
v 2.291667 20.000000 547.935629
v 2.500000 20.000000 547.935629
v 2.708333 20.000000 547.935629
v 2.916667 20.000000 547.935629
v 3.125000 20.000000 547.935629
v 3.333333 20.000000 547.935629
v 3.541667 20.000000 547.935629
v 3.750000 20.000000 547.935629
v 3.958333 20.000000 547.935629
v 4.166667 20.000000 547.935629
v 4.375000 20.000000 547.935629
v 4.583333 20.000000 547.935629
v 4.791667 20.000000 547.935629
v 5.000000 20.000000 547.935629
v -5.000000 20.000000 556.633020
v -4.791667 20.000000 556.633020
v -4.583333 20.000000 556.633020
v -4.375000 20.000000 556.633020
v -4.166667 20.000000 556.633020
v -3.958333 20.000000 556.633020
v -3.750000 20.000000 556.633020
v -3.541667 20.000000 556.633020
v -3.333333 20.000000 556.633020
v -3.125000 20.000000 556.633020
v -2.916667 20.000000 556.633020
v -2.708333 20.000000 556.633020
v -2.500000 20.000000 556.633020
v -2.291667 20.000000 556.633020
v -2.083333 20.000000 556.633020
v -1.875000 20.000000 556.633020
v -1.666667 20.000000 556.633020
v -1.458333 20.000000 556.633020
v -1.250000 20.000000 556.633020
v -1.041667 20.000000 556.633020
v -0.833333 20.000000 556.633020
v -0.625000 20.000000 556.633020
v -0.416667 20.000000 556.633020
v -0.208333 20.000000 556.633020
v 0.000000 20.000000 556.633020
v 0.208333 20.000000 556.633020
v 0.416667 20.000000 556.633020
v 0.625000 20.000000 556.633020
v 0.833333 20.000000 556.633020
v 1.041667 20.000000 556.633020
v 1.250000 20.000000 556.633020
v 1.458333 20.000000 556.633020
v 1.666667 20.000000 556.633020
v 1.875000 20.000000 556.633020
v 2.083333 20.000000 556.633020
v 2.291667 20.000000 556.633020
v 2.500000 20.000000 556.633020
v 2.708333 20.000000 556.633020
v 2.916667 20.000000 556.633020
v 3.125000 20.000000 556.633020
v 3.333333 20.000000 556.633020
v 3.541667 20.000000 556.633020
v 3.750000 20.000000 556.633020
v 3.958333 20.000000 556.633020
v 4.166667 20.000000 556.633020
v 4.375000 20.000000 556.633020
v 4.583333 20.000000 556.633020
v 4.791667 20.000000 556.633020
v 5.000000 20.000000 556.633020
v -5.000000 20.000000 565.330411
v -4.791667 20.000000 565.330411
v -4.583333 20.000000 565.330411
v -4.375000 20.000000 565.330411
v -4.166667 20.000000 565.330411
v -3.958333 20.000000 565.330411
v -3.750000 20.000000 565.330411
v -3.541667 20.000000 565.330411
v -3.333333 20.000000 565.330411
v -3.125000 20.000000 565.330411
v -2.916667 20.000000 565.330411
v -2.708333 20.000000 565.330411
v -2.500000 20.000000 565.330411
v -2.291667 20.000000 565.330411
v -2.083333 20.000000 565.330411
v -1.875000 20.000000 565.330411
v -1.666667 20.000000 565.330411
v -1.458333 20.000000 565.330411
v -1.250000 20.000000 565.330411
v -1.041667 20.000000 565.330411
v -0.833333 20.000000 565.330411
v -0.625000 20.000000 565.330411
v -0.416667 20.000000 565.330411
v -0.208333 20.000000 565.330411
v 0.000000 20.000000 565.330411
v 0.208333 20.000000 565.330411
v 0.416667 20.000000 565.330411
v 0.625000 20.000000 565.330411
v 0.833333 20.000000 565.330411
v 1.041667 20.000000 565.330411
v 1.250000 20.000000 565.330411
v 1.458333 20.000000 565.330411
v 1.666667 20.000000 565.330411
v 1.875000 20.000000 565.330411
v 2.083333 20.000000 565.330411
v 2.291667 20.000000 565.330411
v 2.500000 20.000000 565.330411
v 2.708333 20.000000 565.330411
v 2.916667 20.000000 565.330411
v 3.125000 20.000000 565.330411
v 3.333333 20.000000 565.330411
v 3.541667 20.000000 565.330411
v 3.750000 20.000000 565.330411
v 3.958333 20.000000 565.330411
v 4.166667 20.000000 565.330411
v 4.375000 20.000000 565.330411
v 4.583333 20.000000 565.330411
v 4.791667 20.000000 565.330411
v 5.000000 20.000000 565.330411
v -5.000000 20.000000 574.027802
v -4.791667 20.000000 574.027802
v -4.583333 20.000000 574.027802
v -4.375000 20.000000 574.027802
v -4.166667 20.000000 574.027802
v -3.958333 20.000000 574.027802
v -3.750000 20.000000 574.027802
v -3.541667 20.000000 574.027802
v -3.333333 20.000000 574.027802
v -3.125000 20.000000 574.027802
v -2.916667 20.000000 574.027802
v -2.708333 20.000000 574.027802
v -2.500000 20.000000 574.027802
v -2.291667 20.000000 574.027802
v -2.083333 20.000000 574.027802
v -1.875000 20.000000 574.027802
v -1.666667 20.000000 574.027802
v -1.458333 20.000000 574.027802
v -1.250000 20.000000 574.027802
v -1.041667 20.000000 574.027802
v -0.833333 20.000000 574.027802
v -0.625000 20.000000 574.027802
v -0.416667 20.000000 574.027802
v -0.208333 20.000000 574.027802
v 0.000000 20.000000 574.027802
v 0.208333 20.000000 574.027802
v 0.416667 20.000000 574.027802
v 0.625000 20.000000 574.027802
v 0.833333 20.000000 574.027802
v 1.041667 20.000000 574.027802
v 1.250000 20.000000 574.027802
v 1.458333 20.000000 574.027802
v 1.666667 20.000000 574.027802
v 1.875000 20.000000 574.027802
v 2.083333 20.000000 574.027802
v 2.291667 20.000000 574.027802
v 2.500000 20.000000 574.027802
v 2.708333 20.000000 574.027802
v 2.916667 20.000000 574.027802
v 3.125000 20.000000 574.027802
v 3.333333 20.000000 574.027802
v 3.541667 20.000000 574.027802
v 3.750000 20.000000 574.027802
v 3.958333 20.000000 574.027802
v 4.166667 20.000000 574.027802
v 4.375000 20.000000 574.027802
v 4.583333 20.000000 574.027802
v 4.791667 20.000000 574.027802
v 5.000000 20.000000 574.027802
v -5.000000 20.000000 582.725193
v -4.791667 20.000000 582.725193
v -4.583333 20.000000 582.725193
v -4.375000 20.000000 582.725193
v -4.166667 20.000000 582.725193
v -3.958333 20.000000 582.725193
v -3.750000 20.000000 582.725193
v -3.541667 20.000000 582.725193
v -3.333333 20.000000 582.725193
v -3.125000 20.000000 582.725193
v -2.916667 20.000000 582.725193
v -2.708333 20.000000 582.725193
v -2.500000 20.000000 582.725193
v -2.291667 20.000000 582.725193
v -2.083333 20.000000 582.725193
v -1.875000 20.000000 582.725193
v -1.666667 20.000000 582.725193
v -1.458333 20.000000 582.725193
v -1.250000 20.000000 582.725193
v -1.041667 20.000000 582.725193
v -0.833333 20.000000 582.725193
v -0.625000 20.000000 582.725193
v -0.416667 20.000000 582.725193
v -0.208333 20.000000 582.725193
v 0.000000 20.000000 582.725193
v 0.208333 20.000000 582.725193
v 0.416667 20.000000 582.725193
v 0.625000 20.000000 582.725193
v 0.833333 20.000000 582.725193
v 1.041667 20.000000 582.725193
v 1.250000 20.000000 582.725193
v 1.458333 20.000000 582.725193
v 1.666667 20.000000 582.725193
v 1.875000 20.000000 582.725193
v 2.083333 20.000000 582.725193
v 2.291667 20.000000 582.725193
v 2.500000 20.000000 582.725193
v 2.708333 20.000000 582.725193
v 2.916667 20.000000 582.725193
v 3.125000 20.000000 582.725193
v 3.333333 20.000000 582.725193
v 3.541667 20.000000 582.725193
v 3.750000 20.000000 582.725193
v 3.958333 20.000000 582.725193
v 4.166667 20.000000 582.725193
v 4.375000 20.000000 582.725193
v 4.583333 20.000000 582.725193
v 4.791667 20.000000 582.725193
v 5.000000 20.000000 582.725193
v -5.000000 20.000000 591.422584
v -4.791667 20.000000 591.422584
v -4.583333 20.000000 591.422584
v -4.375000 20.000000 591.422584
v -4.166667 20.000000 591.422584
v -3.958333 20.000000 591.422584
v -3.750000 20.000000 591.422584
v -3.541667 20.000000 591.422584
v -3.333333 20.000000 591.422584
v -3.125000 20.000000 591.422584
v -2.916667 20.000000 591.422584
v -2.708333 20.000000 591.422584
v -2.500000 20.000000 591.422584
v -2.291667 20.000000 591.422584
v -2.083333 20.000000 591.422584
v -1.875000 20.000000 591.422584
v -1.666667 20.000000 591.422584
v -1.458333 20.000000 591.422584
v -1.250000 20.000000 591.422584
v -1.041667 20.000000 591.422584
v -0.833333 20.000000 591.422584
v -0.625000 20.000000 591.422584
v -0.416667 20.000000 591.422584
v -0.208333 20.000000 591.422584
v 0.000000 20.000000 591.422584
v 0.208333 20.000000 591.422584
v 0.416667 20.000000 591.422584
v 0.625000 20.000000 591.422584
v 0.833333 20.000000 591.422584
v 1.041667 20.000000 591.422584
v 1.250000 20.000000 591.422584
v 1.458333 20.000000 591.422584
v 1.666667 20.000000 591.422584
v 1.875000 20.000000 591.422584
v 2.083333 20.000000 591.422584
v 2.291667 20.000000 591.422584
v 2.500000 20.000000 591.422584
v 2.708333 20.000000 591.422584
v 2.916667 20.000000 591.422584
v 3.125000 20.000000 591.422584
v 3.333333 20.000000 591.422584
v 3.541667 20.000000 591.422584
v 3.750000 20.000000 591.422584
v 3.958333 20.000000 591.422584
v 4.166667 20.000000 591.422584
v 4.375000 20.000000 591.422584
v 4.583333 20.000000 591.422584
v 4.791667 20.000000 591.422584
v 5.000000 20.000000 591.422584
v -5.000000 20.000000 600.119975
v -4.791667 20.000000 600.119975
v -4.583333 20.000000 600.119975
v -4.375000 20.000000 600.119975
v -4.166667 20.000000 600.119975
v -3.958333 20.000000 600.119975
v -3.750000 20.000000 600.119975
v -3.541667 20.000000 600.119975
v -3.333333 20.000000 600.119975
v -3.125000 20.000000 600.119975
v -2.916667 20.000000 600.119975
v -2.708333 20.000000 600.119975
v -2.500000 20.000000 600.119975
v -2.291667 20.000000 600.119975
v -2.083333 20.000000 600.119975
v -1.875000 20.000000 600.119975
v -1.666667 20.000000 600.119975
v -1.458333 20.000000 600.119975
v -1.250000 20.000000 600.119975
v -1.041667 20.000000 600.119975
v -0.833333 20.000000 600.119975
v -0.625000 20.000000 600.119975
v -0.416667 20.000000 600.119975
v -0.208333 20.000000 600.119975
v 0.000000 20.000000 600.119975
v 0.208333 20.000000 600.119975
v 0.416667 20.000000 600.119975
v 0.625000 20.000000 600.119975
v 0.833333 20.000000 600.119975
v 1.041667 20.000000 600.119975
v 1.250000 20.000000 600.119975
v 1.458333 20.000000 600.119975
v 1.666667 20.000000 600.119975
v 1.875000 20.000000 600.119975
v 2.083333 20.000000 600.119975
v 2.291667 20.000000 600.119975
v 2.500000 20.000000 600.119975
v 2.708333 20.000000 600.119975
v 2.916667 20.000000 600.119975
v 3.125000 20.000000 600.119975
v 3.333333 20.000000 600.119975
v 3.541667 20.000000 600.119975
v 3.750000 20.000000 600.119975
v 3.958333 20.000000 600.119975
v 4.166667 20.000000 600.119975
v 4.375000 20.000000 600.119975
v 4.583333 20.000000 600.119975
v 4.791667 20.000000 600.119975
v 5.000000 20.000000 600.119975
v -5.000000 20.000000 608.817366
v -4.791667 20.000000 608.817366
v -4.583333 20.000000 608.817366
v -4.375000 20.000000 608.817366
v -4.166667 20.000000 608.817366
v -3.958333 20.000000 608.817366
v -3.750000 20.000000 608.817366
v -3.541667 20.000000 608.817366
v -3.333333 20.000000 608.817366
v -3.125000 20.000000 608.817366
v -2.916667 20.000000 608.817366
v -2.708333 20.000000 608.817366
v -2.500000 20.000000 608.817366
v -2.291667 20.000000 608.817366
v -2.083333 20.000000 608.817366
v -1.875000 20.000000 608.817366
v -1.666667 20.000000 608.817366
v -1.458333 20.000000 608.817366
v -1.250000 20.000000 608.817366
v -1.041667 20.000000 608.817366
v -0.833333 20.000000 608.817366
v -0.625000 20.000000 608.817366
v -0.416667 20.000000 608.817366
v -0.208333 20.000000 608.817366
v 0.000000 20.000000 608.817366
v 0.208333 20.000000 608.817366
v 0.416667 20.000000 608.817366
v 0.625000 20.000000 608.817366
v 0.833333 20.000000 608.817366
v 1.041667 20.000000 608.817366
v 1.250000 20.000000 608.817366
v 1.458333 20.000000 608.817366
v 1.666667 20.000000 608.817366
v 1.875000 20.000000 608.817366
v 2.083333 20.000000 608.817366
v 2.291667 20.000000 608.817366
v 2.500000 20.000000 608.817366
v 2.708333 20.000000 608.817366
v 2.916667 20.000000 608.817366
v 3.125000 20.000000 608.817366
v 3.333333 20.000000 608.817366
v 3.541667 20.000000 608.817366
v 3.750000 20.000000 608.817366
v 3.958333 20.000000 608.817366
v 4.166667 20.000000 608.817366
v 4.375000 20.000000 608.817366
v 4.583333 20.000000 608.817366
v 4.791667 20.000000 608.817366
v 5.000000 20.000000 608.817366
v -5.000000 20.000000 617.514757
v -4.791667 20.000000 617.514757
v -4.583333 20.000000 617.514757
v -4.375000 20.000000 617.514757
v -4.166667 20.000000 617.514757
v -3.958333 20.000000 617.514757
v -3.750000 20.000000 617.514757
v -3.541667 20.000000 617.514757
v -3.333333 20.000000 617.514757
v -3.125000 20.000000 617.514757
v -2.916667 20.000000 617.514757
v -2.708333 20.000000 617.514757
v -2.500000 20.000000 617.514757
v -2.291667 20.000000 617.514757
v -2.083333 20.000000 617.514757
v -1.875000 20.000000 617.514757
v -1.666667 20.000000 617.514757
v -1.458333 20.000000 617.514757
v -1.250000 20.000000 617.514757
v -1.041667 20.000000 617.514757
v -0.833333 20.000000 617.514757
v -0.625000 20.000000 617.514757
v -0.416667 20.000000 617.514757
v -0.208333 20.000000 617.514757
v 0.000000 20.000000 617.514757
v 0.208333 20.000000 617.514757
v 0.416667 20.000000 617.514757
v 0.625000 20.000000 617.514757
v 0.833333 20.000000 617.514757
v 1.041667 20.000000 617.514757
v 1.250000 20.000000 617.514757
v 1.458333 20.000000 617.514757
v 1.666667 20.000000 617.514757
v 1.875000 20.000000 617.514757
v 2.083333 20.000000 617.514757
v 2.291667 20.000000 617.514757
v 2.500000 20.000000 617.514757
v 2.708333 20.000000 617.514757
v 2.916667 20.000000 617.514757
v 3.125000 20.000000 617.514757
v 3.333333 20.000000 617.514757
v 3.541667 20.000000 617.514757
v 3.750000 20.000000 617.514757
v 3.958333 20.000000 617.514757
v 4.166667 20.000000 617.514757
v 4.375000 20.000000 617.514757
v 4.583333 20.000000 617.514757
v 4.791667 20.000000 617.514757
v 5.000000 20.000000 617.514757
v -5.000000 20.000000 626.212148
v -4.791667 20.000000 626.212148
v -4.583333 20.000000 626.212148
v -4.375000 20.000000 626.212148
v -4.166667 20.000000 626.212148
v -3.958333 20.000000 626.212148
v -3.750000 20.000000 626.212148
v -3.541667 20.000000 626.212148
v -3.333333 20.000000 626.212148
v -3.125000 20.000000 626.212148
v -2.916667 20.000000 626.212148
v -2.708333 20.000000 626.212148
v -2.500000 20.000000 626.212148
v -2.291667 20.000000 626.212148
v -2.083333 20.000000 626.212148
v -1.875000 20.000000 626.212148
v -1.666667 20.000000 626.212148
v -1.458333 20.000000 626.212148
v -1.250000 20.000000 626.212148
v -1.041667 20.000000 626.212148
v -0.833333 20.000000 626.212148
v -0.625000 20.000000 626.212148
v -0.416667 20.000000 626.212148
v -0.208333 20.000000 626.212148
v 0.000000 20.000000 626.212148
v 0.208333 20.000000 626.212148
v 0.416667 20.000000 626.212148
v 0.625000 20.000000 626.212148
v 0.833333 20.000000 626.212148
v 1.041667 20.000000 626.212148
v 1.250000 20.000000 626.212148
v 1.458333 20.000000 626.212148
v 1.666667 20.000000 626.212148
v 1.875000 20.000000 626.212148
v 2.083333 20.000000 626.212148
v 2.291667 20.000000 626.212148
v 2.500000 20.000000 626.212148
v 2.708333 20.000000 626.212148
v 2.916667 20.000000 626.212148
v 3.125000 20.000000 626.212148
v 3.333333 20.000000 626.212148
v 3.541667 20.000000 626.212148
v 3.750000 20.000000 626.212148
v 3.958333 20.000000 626.212148
v 4.166667 20.000000 626.212148
v 4.375000 20.000000 626.212148
v 4.583333 20.000000 626.212148
v 4.791667 20.000000 626.212148
v 5.000000 20.000000 626.212148
v -5.000000 20.000000 634.909538
v -4.791667 20.000000 634.909538
v -4.583333 20.000000 634.909538
v -4.375000 20.000000 634.909538
v -4.166667 20.000000 634.909538
v -3.958333 20.000000 634.909538
v -3.750000 20.000000 634.909538
v -3.541667 20.000000 634.909538
v -3.333333 20.000000 634.909538
v -3.125000 20.000000 634.909538
v -2.916667 20.000000 634.909538
v -2.708333 20.000000 634.909538
v -2.500000 20.000000 634.909538
v -2.291667 20.000000 634.909538
v -2.083333 20.000000 634.909538
v -1.875000 20.000000 634.909538
v -1.666667 20.000000 634.909538
v -1.458333 20.000000 634.909538
v -1.250000 20.000000 634.909538
v -1.041667 20.000000 634.909538
v -0.833333 20.000000 634.909538
v -0.625000 20.000000 634.909538
v -0.416667 20.000000 634.909538
v -0.208333 20.000000 634.909538
v 0.000000 20.000000 634.909538
v 0.208333 20.000000 634.909538
v 0.416667 20.000000 634.909538
v 0.625000 20.000000 634.909538
v 0.833333 20.000000 634.909538
v 1.041667 20.000000 634.909538
v 1.250000 20.000000 634.909538
v 1.458333 20.000000 634.909538
v 1.666667 20.000000 634.909538
v 1.875000 20.000000 634.909538
v 2.083333 20.000000 634.909538
v 2.291667 20.000000 634.909538
v 2.500000 20.000000 634.909538
v 2.708333 20.000000 634.909538
v 2.916667 20.000000 634.909538
v 3.125000 20.000000 634.909538
v 3.333333 20.000000 634.909538
v 3.541667 20.000000 634.909538
v 3.750000 20.000000 634.909538
v 3.958333 20.000000 634.909538
v 4.166667 20.000000 634.909538
v 4.375000 20.000000 634.909538
v 4.583333 20.000000 634.909538
v 4.791667 20.000000 634.909538
v 5.000000 20.000000 634.909538
v -5.000000 20.000000 643.606929
v -4.791667 20.000000 643.606929
v -4.583333 20.000000 643.606929
v -4.375000 20.000000 643.606929
v -4.166667 20.000000 643.606929
v -3.958333 20.000000 643.606929
v -3.750000 20.000000 643.606929
v -3.541667 20.000000 643.606929
v -3.333333 20.000000 643.606929
v -3.125000 20.000000 643.606929
v -2.916667 20.000000 643.606929
v -2.708333 20.000000 643.606929
v -2.500000 20.000000 643.606929
v -2.291667 20.000000 643.606929
v -2.083333 20.000000 643.606929
v -1.875000 20.000000 643.606929
v -1.666667 20.000000 643.606929
v -1.458333 20.000000 643.606929
v -1.250000 20.000000 643.606929
v -1.041667 20.000000 643.606929
v -0.833333 20.000000 643.606929
v -0.625000 20.000000 643.606929
v -0.416667 20.000000 643.606929
v -0.208333 20.000000 643.606929
v 0.000000 20.000000 643.606929
v 0.208333 20.000000 643.606929
v 0.416667 20.000000 643.606929
v 0.625000 20.000000 643.606929
v 0.833333 20.000000 643.606929
v 1.041667 20.000000 643.606929
v 1.250000 20.000000 643.606929
v 1.458333 20.000000 643.606929
v 1.666667 20.000000 643.606929
v 1.875000 20.000000 643.606929
v 2.083333 20.000000 643.606929
v 2.291667 20.000000 643.606929
v 2.500000 20.000000 643.606929
v 2.708333 20.000000 643.606929
v 2.916667 20.000000 643.606929
v 3.125000 20.000000 643.606929
v 3.333333 20.000000 643.606929
v 3.541667 20.000000 643.606929
v 3.750000 20.000000 643.606929
v 3.958333 20.000000 643.606929
v 4.166667 20.000000 643.606929
v 4.375000 20.000000 643.606929
v 4.583333 20.000000 643.606929
v 4.791667 20.000000 643.606929
v 5.000000 20.000000 643.606929
v -5.000000 20.000000 652.304320
v -4.791667 20.000000 652.304320
v -4.583333 20.000000 652.304320
v -4.375000 20.000000 652.304320
v -4.166667 20.000000 652.304320
v -3.958333 20.000000 652.304320
v -3.750000 20.000000 652.304320
v -3.541667 20.000000 652.304320
v -3.333333 20.000000 652.304320
v -3.125000 20.000000 652.304320
v -2.916667 20.000000 652.304320
v -2.708333 20.000000 652.304320
v -2.500000 20.000000 652.304320
v -2.291667 20.000000 652.304320
v -2.083333 20.000000 652.304320
v -1.875000 20.000000 652.304320
v -1.666667 20.000000 652.304320
v -1.458333 20.000000 652.304320
v -1.250000 20.000000 652.304320
v -1.041667 20.000000 652.304320
v -0.833333 20.000000 652.304320
v -0.625000 20.000000 652.304320
v -0.416667 20.000000 652.304320
v -0.208333 20.000000 652.304320
v 0.000000 20.000000 652.304320
v 0.208333 20.000000 652.304320
v 0.416667 20.000000 652.304320
v 0.625000 20.000000 652.304320
v 0.833333 20.000000 652.304320
v 1.041667 20.000000 652.304320
v 1.250000 20.000000 652.304320
v 1.458333 20.000000 652.304320
v 1.666667 20.000000 652.304320
v 1.875000 20.000000 652.304320
v 2.083333 20.000000 652.304320
v 2.291667 20.000000 652.304320
v 2.500000 20.000000 652.304320
v 2.708333 20.000000 652.304320
v 2.916667 20.000000 652.304320
v 3.125000 20.000000 652.304320
v 3.333333 20.000000 652.304320
v 3.541667 20.000000 652.304320
v 3.750000 20.000000 652.304320
v 3.958333 20.000000 652.304320
v 4.166667 20.000000 652.304320
v 4.375000 20.000000 652.304320
v 4.583333 20.000000 652.304320
v 4.791667 20.000000 652.304320
v 5.000000 20.000000 652.304320
v -5.000000 20.000000 661.001711
v -4.791667 20.000000 661.001711
v -4.583333 20.000000 661.001711
v -4.375000 20.000000 661.001711
v -4.166667 20.000000 661.001711
v -3.958333 20.000000 661.001711
v -3.750000 20.000000 661.001711
v -3.541667 20.000000 661.001711
v -3.333333 20.000000 661.001711
v -3.125000 20.000000 661.001711
v -2.916667 20.000000 661.001711
v -2.708333 20.000000 661.001711
v -2.500000 20.000000 661.001711
v -2.291667 20.000000 661.001711
v -2.083333 20.000000 661.001711
v -1.875000 20.000000 661.001711
v -1.666667 20.000000 661.001711
v -1.458333 20.000000 661.001711
v -1.250000 20.000000 661.001711
v -1.041667 20.000000 661.001711
v -0.833333 20.000000 661.001711
v -0.625000 20.000000 661.001711
v -0.416667 20.000000 661.001711
v -0.208333 20.000000 661.001711
v 0.000000 20.000000 661.001711
v 0.208333 20.000000 661.001711
v 0.416667 20.000000 661.001711
v 0.625000 20.000000 661.001711
v 0.833333 20.000000 661.001711
v 1.041667 20.000000 661.001711
v 1.250000 20.000000 661.001711
v 1.458333 20.000000 661.001711
v 1.666667 20.000000 661.001711
v 1.875000 20.000000 661.001711
v 2.083333 20.000000 661.001711
v 2.291667 20.000000 661.001711
v 2.500000 20.000000 661.001711
v 2.708333 20.000000 661.001711
v 2.916667 20.000000 661.001711
v 3.125000 20.000000 661.001711
v 3.333333 20.000000 661.001711
v 3.541667 20.000000 661.001711
v 3.750000 20.000000 661.001711
v 3.958333 20.000000 661.001711
v 4.166667 20.000000 661.001711
v 4.375000 20.000000 661.001711
v 4.583333 20.000000 661.001711
v 4.791667 20.000000 661.001711
v 5.000000 20.000000 661.001711
v -5.000000 20.000000 669.699102
v -4.791667 20.000000 669.699102
v -4.583333 20.000000 669.699102
v -4.375000 20.000000 669.699102
v -4.166667 20.000000 669.699102
v -3.958333 20.000000 669.699102
v -3.750000 20.000000 669.699102
v -3.541667 20.000000 669.699102
v -3.333333 20.000000 669.699102
v -3.125000 20.000000 669.699102
v -2.916667 20.000000 669.699102
v -2.708333 20.000000 669.699102
v -2.500000 20.000000 669.699102
v -2.291667 20.000000 669.699102
v -2.083333 20.000000 669.699102
v -1.875000 20.000000 669.699102
v -1.666667 20.000000 669.699102
v -1.458333 20.000000 669.699102
v -1.250000 20.000000 669.699102
v -1.041667 20.000000 669.699102
v -0.833333 20.000000 669.699102
v -0.625000 20.000000 669.699102
v -0.416667 20.000000 669.699102
v -0.208333 20.000000 669.699102
v 0.000000 20.000000 669.699102
v 0.208333 20.000000 669.699102
v 0.416667 20.000000 669.699102
v 0.625000 20.000000 669.699102
v 0.833333 20.000000 669.699102
v 1.041667 20.000000 669.699102
v 1.250000 20.000000 669.699102
v 1.458333 20.000000 669.699102
v 1.666667 20.000000 669.699102
v 1.875000 20.000000 669.699102
v 2.083333 20.000000 669.699102
v 2.291667 20.000000 669.699102
v 2.500000 20.000000 669.699102
v 2.708333 20.000000 669.699102
v 2.916667 20.000000 669.699102
v 3.125000 20.000000 669.699102
v 3.333333 20.000000 669.699102
v 3.541667 20.000000 669.699102
v 3.750000 20.000000 669.699102
v 3.958333 20.000000 669.699102
v 4.166667 20.000000 669.699102
v 4.375000 20.000000 669.699102
v 4.583333 20.000000 669.699102
v 4.791667 20.000000 669.699102
v 5.000000 20.000000 669.699102
v -5.000000 20.000000 678.396493
v -4.791667 20.000000 678.396493
v -4.583333 20.000000 678.396493
v -4.375000 20.000000 678.396493
v -4.166667 20.000000 678.396493
v -3.958333 20.000000 678.396493
v -3.750000 20.000000 678.396493
v -3.541667 20.000000 678.396493
v -3.333333 20.000000 678.396493
v -3.125000 20.000000 678.396493
v -2.916667 20.000000 678.396493
v -2.708333 20.000000 678.396493
v -2.500000 20.000000 678.396493
v -2.291667 20.000000 678.396493
v -2.083333 20.000000 678.396493
v -1.875000 20.000000 678.396493
v -1.666667 20.000000 678.396493
v -1.458333 20.000000 678.396493
v -1.250000 20.000000 678.396493
v -1.041667 20.000000 678.396493
v -0.833333 20.000000 678.396493
v -0.625000 20.000000 678.396493
v -0.416667 20.000000 678.396493
v -0.208333 20.000000 678.396493
v 0.000000 20.000000 678.396493
v 0.208333 20.000000 678.396493
v 0.416667 20.000000 678.396493
v 0.625000 20.000000 678.396493
v 0.833333 20.000000 678.396493
v 1.041667 20.000000 678.396493
v 1.250000 20.000000 678.396493
v 1.458333 20.000000 678.396493
v 1.666667 20.000000 678.396493
v 1.875000 20.000000 678.396493
v 2.083333 20.000000 678.396493
v 2.291667 20.000000 678.396493
v 2.500000 20.000000 678.396493
v 2.708333 20.000000 678.396493
v 2.916667 20.000000 678.396493
v 3.125000 20.000000 678.396493
v 3.333333 20.000000 678.396493
v 3.541667 20.000000 678.396493
v 3.750000 20.000000 678.396493
v 3.958333 20.000000 678.396493
v 4.166667 20.000000 678.396493
v 4.375000 20.000000 678.396493
v 4.583333 20.000000 678.396493
v 4.791667 20.000000 678.396493
v 5.000000 20.000000 678.396493
v -5.000000 20.000000 687.093884
v -4.791667 20.000000 687.093884
v -4.583333 20.000000 687.093884
v -4.375000 20.000000 687.093884
v -4.166667 20.000000 687.093884
v -3.958333 20.000000 687.093884
v -3.750000 20.000000 687.093884
v -3.541667 20.000000 687.093884
v -3.333333 20.000000 687.093884
v -3.125000 20.000000 687.093884
v -2.916667 20.000000 687.093884
v -2.708333 20.000000 687.093884
v -2.500000 20.000000 687.093884
v -2.291667 20.000000 687.093884
v -2.083333 20.000000 687.093884
v -1.875000 20.000000 687.093884
v -1.666667 20.000000 687.093884
v -1.458333 20.000000 687.093884
v -1.250000 20.000000 687.093884
v -1.041667 20.000000 687.093884
v -0.833333 20.000000 687.093884
v -0.625000 20.000000 687.093884
v -0.416667 20.000000 687.093884
v -0.208333 20.000000 687.093884
v 0.000000 20.000000 687.093884
v 0.208333 20.000000 687.093884
v 0.416667 20.000000 687.093884
v 0.625000 20.000000 687.093884
v 0.833333 20.000000 687.093884
v 1.041667 20.000000 687.093884
v 1.250000 20.000000 687.093884
v 1.458333 20.000000 687.093884
v 1.666667 20.000000 687.093884
v 1.875000 20.000000 687.093884
v 2.083333 20.000000 687.093884
v 2.291667 20.000000 687.093884
v 2.500000 20.000000 687.093884
v 2.708333 20.000000 687.093884
v 2.916667 20.000000 687.093884
v 3.125000 20.000000 687.093884
v 3.333333 20.000000 687.093884
v 3.541667 20.000000 687.093884
v 3.750000 20.000000 687.093884
v 3.958333 20.000000 687.093884
v 4.166667 20.000000 687.093884
v 4.375000 20.000000 687.093884
v 4.583333 20.000000 687.093884
v 4.791667 20.000000 687.093884
v 5.000000 20.000000 687.093884
v -5.000000 20.000000 695.791275
v -4.791667 20.000000 695.791275
v -4.583333 20.000000 695.791275
v -4.375000 20.000000 695.791275
v -4.166667 20.000000 695.791275
v -3.958333 20.000000 695.791275
v -3.750000 20.000000 695.791275
v -3.541667 20.000000 695.791275
v -3.333333 20.000000 695.791275
v -3.125000 20.000000 695.791275
v -2.916667 20.000000 695.791275
v -2.708333 20.000000 695.791275
v -2.500000 20.000000 695.791275
v -2.291667 20.000000 695.791275
v -2.083333 20.000000 695.791275
v -1.875000 20.000000 695.791275
v -1.666667 20.000000 695.791275
v -1.458333 20.000000 695.791275
v -1.250000 20.000000 695.791275
v -1.041667 20.000000 695.791275
v -0.833333 20.000000 695.791275
v -0.625000 20.000000 695.791275
v -0.416667 20.000000 695.791275
v -0.208333 20.000000 695.791275
v 0.000000 20.000000 695.791275
v 0.208333 20.000000 695.791275
v 0.416667 20.000000 695.791275
v 0.625000 20.000000 695.791275
v 0.833333 20.000000 695.791275
v 1.041667 20.000000 695.791275
v 1.250000 20.000000 695.791275
v 1.458333 20.000000 695.791275
v 1.666667 20.000000 695.791275
v 1.875000 20.000000 695.791275
v 2.083333 20.000000 695.791275
v 2.291667 20.000000 695.791275
v 2.500000 20.000000 695.791275
v 2.708333 20.000000 695.791275
v 2.916667 20.000000 695.791275
v 3.125000 20.000000 695.791275
v 3.333333 20.000000 695.791275
v 3.541667 20.000000 695.791275
v 3.750000 20.000000 695.791275
v 3.958333 20.000000 695.791275
v 4.166667 20.000000 695.791275
v 4.375000 20.000000 695.791275
v 4.583333 20.000000 695.791275
v 4.791667 20.000000 695.791275
v 5.000000 20.000000 695.791275
v -5.000000 20.000000 704.488666
v -4.791667 20.000000 704.488666
v -4.583333 20.000000 704.488666
v -4.375000 20.000000 704.488666
v -4.166667 20.000000 704.488666
v -3.958333 20.000000 704.488666
v -3.750000 20.000000 704.488666
v -3.541667 20.000000 704.488666
v -3.333333 20.000000 704.488666
v -3.125000 20.000000 704.488666
v -2.916667 20.000000 704.488666
v -2.708333 20.000000 704.488666
v -2.500000 20.000000 704.488666
v -2.291667 20.000000 704.488666
v -2.083333 20.000000 704.488666
v -1.875000 20.000000 704.488666
v -1.666667 20.000000 704.488666
v -1.458333 20.000000 704.488666
v -1.250000 20.000000 704.488666
v -1.041667 20.000000 704.488666
v -0.833333 20.000000 704.488666
v -0.625000 20.000000 704.488666
v -0.416667 20.000000 704.488666
v -0.208333 20.000000 704.488666
v 0.000000 20.000000 704.488666
v 0.208333 20.000000 704.488666
v 0.416667 20.000000 704.488666
v 0.625000 20.000000 704.488666
v 0.833333 20.000000 704.488666
v 1.041667 20.000000 704.488666
v 1.250000 20.000000 704.488666
v 1.458333 20.000000 704.488666
v 1.666667 20.000000 704.488666
v 1.875000 20.000000 704.488666
v 2.083333 20.000000 704.488666
v 2.291667 20.000000 704.488666
v 2.500000 20.000000 704.488666
v 2.708333 20.000000 704.488666
v 2.916667 20.000000 704.488666
v 3.125000 20.000000 704.488666
v 3.333333 20.000000 704.488666
v 3.541667 20.000000 704.488666
v 3.750000 20.000000 704.488666
v 3.958333 20.000000 704.488666
v 4.166667 20.000000 704.488666
v 4.375000 20.000000 704.488666
v 4.583333 20.000000 704.488666
v 4.791667 20.000000 704.488666
v 5.000000 20.000000 704.488666
v -5.000000 20.000000 713.186057
v -4.791667 20.000000 713.186057
v -4.583333 20.000000 713.186057
v -4.375000 20.000000 713.186057
v -4.166667 20.000000 713.186057
v -3.958333 20.000000 713.186057
v -3.750000 20.000000 713.186057
v -3.541667 20.000000 713.186057
v -3.333333 20.000000 713.186057
v -3.125000 20.000000 713.186057
v -2.916667 20.000000 713.186057
v -2.708333 20.000000 713.186057
v -2.500000 20.000000 713.186057
v -2.291667 20.000000 713.186057
v -2.083333 20.000000 713.186057
v -1.875000 20.000000 713.186057
v -1.666667 20.000000 713.186057
v -1.458333 20.000000 713.186057
v -1.250000 20.000000 713.186057
v -1.041667 20.000000 713.186057
v -0.833333 20.000000 713.186057
v -0.625000 20.000000 713.186057
v -0.416667 20.000000 713.186057
v -0.208333 20.000000 713.186057
v 0.000000 20.000000 713.186057
v 0.208333 20.000000 713.186057
v 0.416667 20.000000 713.186057
v 0.625000 20.000000 713.186057
v 0.833333 20.000000 713.186057
v 1.041667 20.000000 713.186057
v 1.250000 20.000000 713.186057
v 1.458333 20.000000 713.186057
v 1.666667 20.000000 713.186057
v 1.875000 20.000000 713.186057
v 2.083333 20.000000 713.186057
v 2.291667 20.000000 713.186057
v 2.500000 20.000000 713.186057
v 2.708333 20.000000 713.186057
v 2.916667 20.000000 713.186057
v 3.125000 20.000000 713.186057
v 3.333333 20.000000 713.186057
v 3.541667 20.000000 713.186057
v 3.750000 20.000000 713.186057
v 3.958333 20.000000 713.186057
v 4.166667 20.000000 713.186057
v 4.375000 20.000000 713.186057
v 4.583333 20.000000 713.186057
v 4.791667 20.000000 713.186057
v 5.000000 20.000000 713.186057
v -5.000000 20.000000 721.883448
v -4.791667 20.000000 721.883448
v -4.583333 20.000000 721.883448
v -4.375000 20.000000 721.883448
v -4.166667 20.000000 721.883448
v -3.958333 20.000000 721.883448
v -3.750000 20.000000 721.883448
v -3.541667 20.000000 721.883448
v -3.333333 20.000000 721.883448
v -3.125000 20.000000 721.883448
v -2.916667 20.000000 721.883448
v -2.708333 20.000000 721.883448
v -2.500000 20.000000 721.883448
v -2.291667 20.000000 721.883448
v -2.083333 20.000000 721.883448
v -1.875000 20.000000 721.883448
v -1.666667 20.000000 721.883448
v -1.458333 20.000000 721.883448
v -1.250000 20.000000 721.883448
v -1.041667 20.000000 721.883448
v -0.833333 20.000000 721.883448
v -0.625000 20.000000 721.883448
v -0.416667 20.000000 721.883448
v -0.208333 20.000000 721.883448
v 0.000000 20.000000 721.883448
v 0.208333 20.000000 721.883448
v 0.416667 20.000000 721.883448
v 0.625000 20.000000 721.883448
v 0.833333 20.000000 721.883448
v 1.041667 20.000000 721.883448
v 1.250000 20.000000 721.883448
v 1.458333 20.000000 721.883448
v 1.666667 20.000000 721.883448
v 1.875000 20.000000 721.883448
v 2.083333 20.000000 721.883448
v 2.291667 20.000000 721.883448
v 2.500000 20.000000 721.883448
v 2.708333 20.000000 721.883448
v 2.916667 20.000000 721.883448
v 3.125000 20.000000 721.883448
v 3.333333 20.000000 721.883448
v 3.541667 20.000000 721.883448
v 3.750000 20.000000 721.883448
v 3.958333 20.000000 721.883448
v 4.166667 20.000000 721.883448
v 4.375000 20.000000 721.883448
v 4.583333 20.000000 721.883448
v 4.791667 20.000000 721.883448
v 5.000000 20.000000 721.883448
v -5.000000 20.000000 730.580839
v -4.791667 20.000000 730.580839
v -4.583333 20.000000 730.580839
v -4.375000 20.000000 730.580839
v -4.166667 20.000000 730.580839
v -3.958333 20.000000 730.580839
v -3.750000 20.000000 730.580839
v -3.541667 20.000000 730.580839
v -3.333333 20.000000 730.580839
v -3.125000 20.000000 730.580839
v -2.916667 20.000000 730.580839
v -2.708333 20.000000 730.580839
v -2.500000 20.000000 730.580839
v -2.291667 20.000000 730.580839
v -2.083333 20.000000 730.580839
v -1.875000 20.000000 730.580839
v -1.666667 20.000000 730.580839
v -1.458333 20.000000 730.580839
v -1.250000 20.000000 730.580839
v -1.041667 20.000000 730.580839
v -0.833333 20.000000 730.580839
v -0.625000 20.000000 730.580839
v -0.416667 20.000000 730.580839
v -0.208333 20.000000 730.580839
v 0.000000 20.000000 730.580839
v 0.208333 20.000000 730.580839
v 0.416667 20.000000 730.580839
v 0.625000 20.000000 730.580839
v 0.833333 20.000000 730.580839
v 1.041667 20.000000 730.580839
v 1.250000 20.000000 730.580839
v 1.458333 20.000000 730.580839
v 1.666667 20.000000 730.580839
v 1.875000 20.000000 730.580839
v 2.083333 20.000000 730.580839
v 2.291667 20.000000 730.580839
v 2.500000 20.000000 730.580839
v 2.708333 20.000000 730.580839
v 2.916667 20.000000 730.580839
v 3.125000 20.000000 730.580839
v 3.333333 20.000000 730.580839
v 3.541667 20.000000 730.580839
v 3.750000 20.000000 730.580839
v 3.958333 20.000000 730.580839
v 4.166667 20.000000 730.580839
v 4.375000 20.000000 730.580839
v 4.583333 20.000000 730.580839
v 4.791667 20.000000 730.580839
v 5.000000 20.000000 730.580839
v -5.000000 20.000000 739.278230
v -4.791667 20.000000 739.278230
v -4.583333 20.000000 739.278230
v -4.375000 20.000000 739.278230
v -4.166667 20.000000 739.278230
v -3.958333 20.000000 739.278230
v -3.750000 20.000000 739.278230
v -3.541667 20.000000 739.278230
v -3.333333 20.000000 739.278230
v -3.125000 20.000000 739.278230
v -2.916667 20.000000 739.278230
v -2.708333 20.000000 739.278230
v -2.500000 20.000000 739.278230
v -2.291667 20.000000 739.278230
v -2.083333 20.000000 739.278230
v -1.875000 20.000000 739.278230
v -1.666667 20.000000 739.278230
v -1.458333 20.000000 739.278230
v -1.250000 20.000000 739.278230
v -1.041667 20.000000 739.278230
v -0.833333 20.000000 739.278230
v -0.625000 20.000000 739.278230
v -0.416667 20.000000 739.278230
v -0.208333 20.000000 739.278230
v 0.000000 20.000000 739.278230
v 0.208333 20.000000 739.278230
v 0.416667 20.000000 739.278230
v 0.625000 20.000000 739.278230
v 0.833333 20.000000 739.278230
v 1.041667 20.000000 739.278230
v 1.250000 20.000000 739.278230
v 1.458333 20.000000 739.278230
v 1.666667 20.000000 739.278230
v 1.875000 20.000000 739.278230
v 2.083333 20.000000 739.278230
v 2.291667 20.000000 739.278230
v 2.500000 20.000000 739.278230
v 2.708333 20.000000 739.278230
v 2.916667 20.000000 739.278230
v 3.125000 20.000000 739.278230
v 3.333333 20.000000 739.278230
v 3.541667 20.000000 739.278230
v 3.750000 20.000000 739.278230
v 3.958333 20.000000 739.278230
v 4.166667 20.000000 739.278230
v 4.375000 20.000000 739.278230
v 4.583333 20.000000 739.278230
v 4.791667 20.000000 739.278230
v 5.000000 20.000000 739.278230
v -5.000000 20.000000 747.975621
v -4.791667 20.000000 747.975621
v -4.583333 20.000000 747.975621
v -4.375000 20.000000 747.975621
v -4.166667 20.000000 747.975621
v -3.958333 20.000000 747.975621
v -3.750000 20.000000 747.975621
v -3.541667 20.000000 747.975621
v -3.333333 20.000000 747.975621
v -3.125000 20.000000 747.975621
v -2.916667 20.000000 747.975621
v -2.708333 20.000000 747.975621
v -2.500000 20.000000 747.975621
v -2.291667 20.000000 747.975621
v -2.083333 20.000000 747.975621
v -1.875000 20.000000 747.975621
v -1.666667 20.000000 747.975621
v -1.458333 20.000000 747.975621
v -1.250000 20.000000 747.975621
v -1.041667 20.000000 747.975621
v -0.833333 20.000000 747.975621
v -0.625000 20.000000 747.975621
v -0.416667 20.000000 747.975621
v -0.208333 20.000000 747.975621
v 0.000000 20.000000 747.975621
v 0.208333 20.000000 747.975621
v 0.416667 20.000000 747.975621
v 0.625000 20.000000 747.975621
v 0.833333 20.000000 747.975621
v 1.041667 20.000000 747.975621
v 1.250000 20.000000 747.975621
v 1.458333 20.000000 747.975621
v 1.666667 20.000000 747.975621
v 1.875000 20.000000 747.975621
v 2.083333 20.000000 747.975621
v 2.291667 20.000000 747.975621
v 2.500000 20.000000 747.975621
v 2.708333 20.000000 747.975621
v 2.916667 20.000000 747.975621
v 3.125000 20.000000 747.975621
v 3.333333 20.000000 747.975621
v 3.541667 20.000000 747.975621
v 3.750000 20.000000 747.975621
v 3.958333 20.000000 747.975621
v 4.166667 20.000000 747.975621
v 4.375000 20.000000 747.975621
v 4.583333 20.000000 747.975621
v 4.791667 20.000000 747.975621
v 5.000000 20.000000 747.975621
v -5.000000 20.000000 756.673012
v -4.791667 20.000000 756.673012
v -4.583333 20.000000 756.673012
v -4.375000 20.000000 756.673012
v -4.166667 20.000000 756.673012
v -3.958333 20.000000 756.673012
v -3.750000 20.000000 756.673012
v -3.541667 20.000000 756.673012
v -3.333333 20.000000 756.673012
v -3.125000 20.000000 756.673012
v -2.916667 20.000000 756.673012
v -2.708333 20.000000 756.673012
v -2.500000 20.000000 756.673012
v -2.291667 20.000000 756.673012
v -2.083333 20.000000 756.673012
v -1.875000 20.000000 756.673012
v -1.666667 20.000000 756.673012
v -1.458333 20.000000 756.673012
v -1.250000 20.000000 756.673012
v -1.041667 20.000000 756.673012
v -0.833333 20.000000 756.673012
v -0.625000 20.000000 756.673012
v -0.416667 20.000000 756.673012
v -0.208333 20.000000 756.673012
v 0.000000 20.000000 756.673012
v 0.208333 20.000000 756.673012
v 0.416667 20.000000 756.673012
v 0.625000 20.000000 756.673012
v 0.833333 20.000000 756.673012
v 1.041667 20.000000 756.673012
v 1.250000 20.000000 756.673012
v 1.458333 20.000000 756.673012
v 1.666667 20.000000 756.673012
v 1.875000 20.000000 756.673012
v 2.083333 20.000000 756.673012
v 2.291667 20.000000 756.673012
v 2.500000 20.000000 756.673012
v 2.708333 20.000000 756.673012
v 2.916667 20.000000 756.673012
v 3.125000 20.000000 756.673012
v 3.333333 20.000000 756.673012
v 3.541667 20.000000 756.673012
v 3.750000 20.000000 756.673012
v 3.958333 20.000000 756.673012
v 4.166667 20.000000 756.673012
v 4.375000 20.000000 756.673012
v 4.583333 20.000000 756.673012
v 4.791667 20.000000 756.673012
v 5.000000 20.000000 756.673012
v -5.000000 20.000000 765.370403
v -4.791667 20.000000 765.370403
v -4.583333 20.000000 765.370403
v -4.375000 20.000000 765.370403
v -4.166667 20.000000 765.370403
v -3.958333 20.000000 765.370403
v -3.750000 20.000000 765.370403
v -3.541667 20.000000 765.370403
v -3.333333 20.000000 765.370403
v -3.125000 20.000000 765.370403
v -2.916667 20.000000 765.370403
v -2.708333 20.000000 765.370403
v -2.500000 20.000000 765.370403
v -2.291667 20.000000 765.370403
v -2.083333 20.000000 765.370403
v -1.875000 20.000000 765.370403
v -1.666667 20.000000 765.370403
v -1.458333 20.000000 765.370403
v -1.250000 20.000000 765.370403
v -1.041667 20.000000 765.370403
v -0.833333 20.000000 765.370403
v -0.625000 20.000000 765.370403
v -0.416667 20.000000 765.370403
v -0.208333 20.000000 765.370403
v 0.000000 20.000000 765.370403
v 0.208333 20.000000 765.370403
v 0.416667 20.000000 765.370403
v 0.625000 20.000000 765.370403
v 0.833333 20.000000 765.370403
v 1.041667 20.000000 765.370403
v 1.250000 20.000000 765.370403
v 1.458333 20.000000 765.370403
v 1.666667 20.000000 765.370403
v 1.875000 20.000000 765.370403
v 2.083333 20.000000 765.370403
v 2.291667 20.000000 765.370403
v 2.500000 20.000000 765.370403
v 2.708333 20.000000 765.370403
v 2.916667 20.000000 765.370403
v 3.125000 20.000000 765.370403
v 3.333333 20.000000 765.370403
v 3.541667 20.000000 765.370403
v 3.750000 20.000000 765.370403
v 3.958333 20.000000 765.370403
v 4.166667 20.000000 765.370403
v 4.375000 20.000000 765.370403
v 4.583333 20.000000 765.370403
v 4.791667 20.000000 765.370403
v 5.000000 20.000000 765.370403
v -5.000000 20.000000 774.067793
v -4.791667 20.000000 774.067793
v -4.583333 20.000000 774.067793
v -4.375000 20.000000 774.067793
v -4.166667 20.000000 774.067793
v -3.958333 20.000000 774.067793
v -3.750000 20.000000 774.067793
v -3.541667 20.000000 774.067793
v -3.333333 20.000000 774.067793
v -3.125000 20.000000 774.067793
v -2.916667 20.000000 774.067793
v -2.708333 20.000000 774.067793
v -2.500000 20.000000 774.067793
v -2.291667 20.000000 774.067793
v -2.083333 20.000000 774.067793
v -1.875000 20.000000 774.067793
v -1.666667 20.000000 774.067793
v -1.458333 20.000000 774.067793
v -1.250000 20.000000 774.067793
v -1.041667 20.000000 774.067793
v -0.833333 20.000000 774.067793
v -0.625000 20.000000 774.067793
v -0.416667 20.000000 774.067793
v -0.208333 20.000000 774.067793
v 0.000000 20.000000 774.067793
v 0.208333 20.000000 774.067793
v 0.416667 20.000000 774.067793
v 0.625000 20.000000 774.067793
v 0.833333 20.000000 774.067793
v 1.041667 20.000000 774.067793
v 1.250000 20.000000 774.067793
v 1.458333 20.000000 774.067793
v 1.666667 20.000000 774.067793
v 1.875000 20.000000 774.067793
v 2.083333 20.000000 774.067793
v 2.291667 20.000000 774.067793
v 2.500000 20.000000 774.067793
v 2.708333 20.000000 774.067793
v 2.916667 20.000000 774.067793
v 3.125000 20.000000 774.067793
v 3.333333 20.000000 774.067793
v 3.541667 20.000000 774.067793
v 3.750000 20.000000 774.067793
v 3.958333 20.000000 774.067793
v 4.166667 20.000000 774.067793
v 4.375000 20.000000 774.067793
v 4.583333 20.000000 774.067793
v 4.791667 20.000000 774.067793
v 5.000000 20.000000 774.067793
v -5.000000 20.000000 782.765184
v -4.791667 20.000000 782.765184
v -4.583333 20.000000 782.765184
v -4.375000 20.000000 782.765184
v -4.166667 20.000000 782.765184
v -3.958333 20.000000 782.765184
v -3.750000 20.000000 782.765184
v -3.541667 20.000000 782.765184
v -3.333333 20.000000 782.765184
v -3.125000 20.000000 782.765184
v -2.916667 20.000000 782.765184
v -2.708333 20.000000 782.765184
v -2.500000 20.000000 782.765184
v -2.291667 20.000000 782.765184
v -2.083333 20.000000 782.765184
v -1.875000 20.000000 782.765184
v -1.666667 20.000000 782.765184
v -1.458333 20.000000 782.765184
v -1.250000 20.000000 782.765184
v -1.041667 20.000000 782.765184
v -0.833333 20.000000 782.765184
v -0.625000 20.000000 782.765184
v -0.416667 20.000000 782.765184
v -0.208333 20.000000 782.765184
v 0.000000 20.000000 782.765184
v 0.208333 20.000000 782.765184
v 0.416667 20.000000 782.765184
v 0.625000 20.000000 782.765184
v 0.833333 20.000000 782.765184
v 1.041667 20.000000 782.765184
v 1.250000 20.000000 782.765184
v 1.458333 20.000000 782.765184
v 1.666667 20.000000 782.765184
v 1.875000 20.000000 782.765184
v 2.083333 20.000000 782.765184
v 2.291667 20.000000 782.765184
v 2.500000 20.000000 782.765184
v 2.708333 20.000000 782.765184
v 2.916667 20.000000 782.765184
v 3.125000 20.000000 782.765184
v 3.333333 20.000000 782.765184
v 3.541667 20.000000 782.765184
v 3.750000 20.000000 782.765184
v 3.958333 20.000000 782.765184
v 4.166667 20.000000 782.765184
v 4.375000 20.000000 782.765184
v 4.583333 20.000000 782.765184
v 4.791667 20.000000 782.765184
v 5.000000 20.000000 782.765184
v -5.000000 20.000000 791.462575
v -4.791667 20.000000 791.462575
v -4.583333 20.000000 791.462575
v -4.375000 20.000000 791.462575
v -4.166667 20.000000 791.462575
v -3.958333 20.000000 791.462575
v -3.750000 20.000000 791.462575
v -3.541667 20.000000 791.462575
v -3.333333 20.000000 791.462575
v -3.125000 20.000000 791.462575
v -2.916667 20.000000 791.462575
v -2.708333 20.000000 791.462575
v -2.500000 20.000000 791.462575
v -2.291667 20.000000 791.462575
v -2.083333 20.000000 791.462575
v -1.875000 20.000000 791.462575
v -1.666667 20.000000 791.462575
v -1.458333 20.000000 791.462575
v -1.250000 20.000000 791.462575
v -1.041667 20.000000 791.462575
v -0.833333 20.000000 791.462575
v -0.625000 20.000000 791.462575
v -0.416667 20.000000 791.462575
v -0.208333 20.000000 791.462575
v 0.000000 20.000000 791.462575
v 0.208333 20.000000 791.462575
v 0.416667 20.000000 791.462575
v 0.625000 20.000000 791.462575
v 0.833333 20.000000 791.462575
v 1.041667 20.000000 791.462575
v 1.250000 20.000000 791.462575
v 1.458333 20.000000 791.462575
v 1.666667 20.000000 791.462575
v 1.875000 20.000000 791.462575
v 2.083333 20.000000 791.462575
v 2.291667 20.000000 791.462575
v 2.500000 20.000000 791.462575
v 2.708333 20.000000 791.462575
v 2.916667 20.000000 791.462575
v 3.125000 20.000000 791.462575
v 3.333333 20.000000 791.462575
v 3.541667 20.000000 791.462575
v 3.750000 20.000000 791.462575
v 3.958333 20.000000 791.462575
v 4.166667 20.000000 791.462575
v 4.375000 20.000000 791.462575
v 4.583333 20.000000 791.462575
v 4.791667 20.000000 791.462575
v 5.000000 20.000000 791.462575
v -5.000000 20.000000 800.159966
v -4.791667 20.000000 800.159966
v -4.583333 20.000000 800.159966
v -4.375000 20.000000 800.159966
v -4.166667 20.000000 800.159966
v -3.958333 20.000000 800.159966
v -3.750000 20.000000 800.159966
v -3.541667 20.000000 800.159966
v -3.333333 20.000000 800.159966
v -3.125000 20.000000 800.159966
v -2.916667 20.000000 800.159966
v -2.708333 20.000000 800.159966
v -2.500000 20.000000 800.159966
v -2.291667 20.000000 800.159966
v -2.083333 20.000000 800.159966
v -1.875000 20.000000 800.159966
v -1.666667 20.000000 800.159966
v -1.458333 20.000000 800.159966
v -1.250000 20.000000 800.159966
v -1.041667 20.000000 800.159966
v -0.833333 20.000000 800.159966
v -0.625000 20.000000 800.159966
v -0.416667 20.000000 800.159966
v -0.208333 20.000000 800.159966
v 0.000000 20.000000 800.159966
v 0.208333 20.000000 800.159966
v 0.416667 20.000000 800.159966
v 0.625000 20.000000 800.159966
v 0.833333 20.000000 800.159966
v 1.041667 20.000000 800.159966
v 1.250000 20.000000 800.159966
v 1.458333 20.000000 800.159966
v 1.666667 20.000000 800.159966
v 1.875000 20.000000 800.159966
v 2.083333 20.000000 800.159966
v 2.291667 20.000000 800.159966
v 2.500000 20.000000 800.159966
v 2.708333 20.000000 800.159966
v 2.916667 20.000000 800.159966
v 3.125000 20.000000 800.159966
v 3.333333 20.000000 800.159966
v 3.541667 20.000000 800.159966
v 3.750000 20.000000 800.159966
v 3.958333 20.000000 800.159966
v 4.166667 20.000000 800.159966
v 4.375000 20.000000 800.159966
v 4.583333 20.000000 800.159966
v 4.791667 20.000000 800.159966
v 5.000000 20.000000 800.159966
v -5.000000 20.000000 808.857357
v -4.791667 20.000000 808.857357
v -4.583333 20.000000 808.857357
v -4.375000 20.000000 808.857357
v -4.166667 20.000000 808.857357
v -3.958333 20.000000 808.857357
v -3.750000 20.000000 808.857357
v -3.541667 20.000000 808.857357
v -3.333333 20.000000 808.857357
v -3.125000 20.000000 808.857357
v -2.916667 20.000000 808.857357
v -2.708333 20.000000 808.857357
v -2.500000 20.000000 808.857357
v -2.291667 20.000000 808.857357
v -2.083333 20.000000 808.857357
v -1.875000 20.000000 808.857357
v -1.666667 20.000000 808.857357
v -1.458333 20.000000 808.857357
v -1.250000 20.000000 808.857357
v -1.041667 20.000000 808.857357
v -0.833333 20.000000 808.857357
v -0.625000 20.000000 808.857357
v -0.416667 20.000000 808.857357
v -0.208333 20.000000 808.857357
v 0.000000 20.000000 808.857357
v 0.208333 20.000000 808.857357
v 0.416667 20.000000 808.857357
v 0.625000 20.000000 808.857357
v 0.833333 20.000000 808.857357
v 1.041667 20.000000 808.857357
v 1.250000 20.000000 808.857357
v 1.458333 20.000000 808.857357
v 1.666667 20.000000 808.857357
v 1.875000 20.000000 808.857357
v 2.083333 20.000000 808.857357
v 2.291667 20.000000 808.857357
v 2.500000 20.000000 808.857357
v 2.708333 20.000000 808.857357
v 2.916667 20.000000 808.857357
v 3.125000 20.000000 808.857357
v 3.333333 20.000000 808.857357
v 3.541667 20.000000 808.857357
v 3.750000 20.000000 808.857357
v 3.958333 20.000000 808.857357
v 4.166667 20.000000 808.857357
v 4.375000 20.000000 808.857357
v 4.583333 20.000000 808.857357
v 4.791667 20.000000 808.857357
v 5.000000 20.000000 808.857357
v -5.000000 20.000000 817.554748
v -4.791667 20.000000 817.554748
v -4.583333 20.000000 817.554748
v -4.375000 20.000000 817.554748
v -4.166667 20.000000 817.554748
v -3.958333 20.000000 817.554748
v -3.750000 20.000000 817.554748
v -3.541667 20.000000 817.554748
v -3.333333 20.000000 817.554748
v -3.125000 20.000000 817.554748
v -2.916667 20.000000 817.554748
v -2.708333 20.000000 817.554748
v -2.500000 20.000000 817.554748
v -2.291667 20.000000 817.554748
v -2.083333 20.000000 817.554748
v -1.875000 20.000000 817.554748
v -1.666667 20.000000 817.554748
v -1.458333 20.000000 817.554748
v -1.250000 20.000000 817.554748
v -1.041667 20.000000 817.554748
v -0.833333 20.000000 817.554748
v -0.625000 20.000000 817.554748
v -0.416667 20.000000 817.554748
v -0.208333 20.000000 817.554748
v 0.000000 20.000000 817.554748
v 0.208333 20.000000 817.554748
v 0.416667 20.000000 817.554748
v 0.625000 20.000000 817.554748
v 0.833333 20.000000 817.554748
v 1.041667 20.000000 817.554748
v 1.250000 20.000000 817.554748
v 1.458333 20.000000 817.554748
v 1.666667 20.000000 817.554748
v 1.875000 20.000000 817.554748
v 2.083333 20.000000 817.554748
v 2.291667 20.000000 817.554748
v 2.500000 20.000000 817.554748
v 2.708333 20.000000 817.554748
v 2.916667 20.000000 817.554748
v 3.125000 20.000000 817.554748
v 3.333333 20.000000 817.554748
v 3.541667 20.000000 817.554748
v 3.750000 20.000000 817.554748
v 3.958333 20.000000 817.554748
v 4.166667 20.000000 817.554748
v 4.375000 20.000000 817.554748
v 4.583333 20.000000 817.554748
v 4.791667 20.000000 817.554748
v 5.000000 20.000000 817.554748
v -5.000000 20.000000 826.252139
v -4.791667 20.000000 826.252139
v -4.583333 20.000000 826.252139
v -4.375000 20.000000 826.252139
v -4.166667 20.000000 826.252139
v -3.958333 20.000000 826.252139
v -3.750000 20.000000 826.252139
v -3.541667 20.000000 826.252139
v -3.333333 20.000000 826.252139
v -3.125000 20.000000 826.252139
v -2.916667 20.000000 826.252139
v -2.708333 20.000000 826.252139
v -2.500000 20.000000 826.252139
v -2.291667 20.000000 826.252139
v -2.083333 20.000000 826.252139
v -1.875000 20.000000 826.252139
v -1.666667 20.000000 826.252139
v -1.458333 20.000000 826.252139
v -1.250000 20.000000 826.252139
v -1.041667 20.000000 826.252139
v -0.833333 20.000000 826.252139
v -0.625000 20.000000 826.252139
v -0.416667 20.000000 826.252139
v -0.208333 20.000000 826.252139
v 0.000000 20.000000 826.252139
v 0.208333 20.000000 826.252139
v 0.416667 20.000000 826.252139
v 0.625000 20.000000 826.252139
v 0.833333 20.000000 826.252139
v 1.041667 20.000000 826.252139
v 1.250000 20.000000 826.252139
v 1.458333 20.000000 826.252139
v 1.666667 20.000000 826.252139
v 1.875000 20.000000 826.252139
v 2.083333 20.000000 826.252139
v 2.291667 20.000000 826.252139
v 2.500000 20.000000 826.252139
v 2.708333 20.000000 826.252139
v 2.916667 20.000000 826.252139
v 3.125000 20.000000 826.252139
v 3.333333 20.000000 826.252139
v 3.541667 20.000000 826.252139
v 3.750000 20.000000 826.252139
v 3.958333 20.000000 826.252139
v 4.166667 20.000000 826.252139
v 4.375000 20.000000 826.252139
v 4.583333 20.000000 826.252139
v 4.791667 20.000000 826.252139
v 5.000000 20.000000 826.252139
v -5.000000 20.000000 834.949530
v -4.791667 20.000000 834.949530
v -4.583333 20.000000 834.949530
v -4.375000 20.000000 834.949530
v -4.166667 20.000000 834.949530
v -3.958333 20.000000 834.949530
v -3.750000 20.000000 834.949530
v -3.541667 20.000000 834.949530
v -3.333333 20.000000 834.949530
v -3.125000 20.000000 834.949530
v -2.916667 20.000000 834.949530
v -2.708333 20.000000 834.949530
v -2.500000 20.000000 834.949530
v -2.291667 20.000000 834.949530
v -2.083333 20.000000 834.949530
v -1.875000 20.000000 834.949530
v -1.666667 20.000000 834.949530
v -1.458333 20.000000 834.949530
v -1.250000 20.000000 834.949530
v -1.041667 20.000000 834.949530
v -0.833333 20.000000 834.949530
v -0.625000 20.000000 834.949530
v -0.416667 20.000000 834.949530
v -0.208333 20.000000 834.949530
v 0.000000 20.000000 834.949530
v 0.208333 20.000000 834.949530
v 0.416667 20.000000 834.949530
v 0.625000 20.000000 834.949530
v 0.833333 20.000000 834.949530
v 1.041667 20.000000 834.949530
v 1.250000 20.000000 834.949530
v 1.458333 20.000000 834.949530
v 1.666667 20.000000 834.949530
v 1.875000 20.000000 834.949530
v 2.083333 20.000000 834.949530
v 2.291667 20.000000 834.949530
v 2.500000 20.000000 834.949530
v 2.708333 20.000000 834.949530
v 2.916667 20.000000 834.949530
v 3.125000 20.000000 834.949530
v 3.333333 20.000000 834.949530
v 3.541667 20.000000 834.949530
v 3.750000 20.000000 834.949530
v 3.958333 20.000000 834.949530
v 4.166667 20.000000 834.949530
v 4.375000 20.000000 834.949530
v 4.583333 20.000000 834.949530
v 4.791667 20.000000 834.949530
v 5.000000 20.000000 834.949530
v -5.000000 20.000000 843.646921
v -4.791667 20.000000 843.646921
v -4.583333 20.000000 843.646921
v -4.375000 20.000000 843.646921
v -4.166667 20.000000 843.646921
v -3.958333 20.000000 843.646921
v -3.750000 20.000000 843.646921
v -3.541667 20.000000 843.646921
v -3.333333 20.000000 843.646921
v -3.125000 20.000000 843.646921
v -2.916667 20.000000 843.646921
v -2.708333 20.000000 843.646921
v -2.500000 20.000000 843.646921
v -2.291667 20.000000 843.646921
v -2.083333 20.000000 843.646921
v -1.875000 20.000000 843.646921
v -1.666667 20.000000 843.646921
v -1.458333 20.000000 843.646921
v -1.250000 20.000000 843.646921
v -1.041667 20.000000 843.646921
v -0.833333 20.000000 843.646921
v -0.625000 20.000000 843.646921
v -0.416667 20.000000 843.646921
v -0.208333 20.000000 843.646921
v 0.000000 20.000000 843.646921
v 0.208333 20.000000 843.646921
v 0.416667 20.000000 843.646921
v 0.625000 20.000000 843.646921
v 0.833333 20.000000 843.646921
v 1.041667 20.000000 843.646921
v 1.250000 20.000000 843.646921
v 1.458333 20.000000 843.646921
v 1.666667 20.000000 843.646921
v 1.875000 20.000000 843.646921
v 2.083333 20.000000 843.646921
v 2.291667 20.000000 843.646921
v 2.500000 20.000000 843.646921
v 2.708333 20.000000 843.646921
v 2.916667 20.000000 843.646921
v 3.125000 20.000000 843.646921
v 3.333333 20.000000 843.646921
v 3.541667 20.000000 843.646921
v 3.750000 20.000000 843.646921
v 3.958333 20.000000 843.646921
v 4.166667 20.000000 843.646921
v 4.375000 20.000000 843.646921
v 4.583333 20.000000 843.646921
v 4.791667 20.000000 843.646921
v 5.000000 20.000000 843.646921
v -5.000000 20.000000 852.344312
v -4.791667 20.000000 852.344312
v -4.583333 20.000000 852.344312
v -4.375000 20.000000 852.344312
v -4.166667 20.000000 852.344312
v -3.958333 20.000000 852.344312
v -3.750000 20.000000 852.344312
v -3.541667 20.000000 852.344312
v -3.333333 20.000000 852.344312
v -3.125000 20.000000 852.344312
v -2.916667 20.000000 852.344312
v -2.708333 20.000000 852.344312
v -2.500000 20.000000 852.344312
v -2.291667 20.000000 852.344312
v -2.083333 20.000000 852.344312
v -1.875000 20.000000 852.344312
v -1.666667 20.000000 852.344312
v -1.458333 20.000000 852.344312
v -1.250000 20.000000 852.344312
v -1.041667 20.000000 852.344312
v -0.833333 20.000000 852.344312
v -0.625000 20.000000 852.344312
v -0.416667 20.000000 852.344312
v -0.208333 20.000000 852.344312
v 0.000000 20.000000 852.344312
v 0.208333 20.000000 852.344312
v 0.416667 20.000000 852.344312
v 0.625000 20.000000 852.344312
v 0.833333 20.000000 852.344312
v 1.041667 20.000000 852.344312
v 1.250000 20.000000 852.344312
v 1.458333 20.000000 852.344312
v 1.666667 20.000000 852.344312
v 1.875000 20.000000 852.344312
v 2.083333 20.000000 852.344312
v 2.291667 20.000000 852.344312
v 2.500000 20.000000 852.344312
v 2.708333 20.000000 852.344312
v 2.916667 20.000000 852.344312
v 3.125000 20.000000 852.344312
v 3.333333 20.000000 852.344312
v 3.541667 20.000000 852.344312
v 3.750000 20.000000 852.344312
v 3.958333 20.000000 852.344312
v 4.166667 20.000000 852.344312
v 4.375000 20.000000 852.344312
v 4.583333 20.000000 852.344312
v 4.791667 20.000000 852.344312
v 5.000000 20.000000 852.344312
v -5.000000 20.000000 861.041703
v -4.791667 20.000000 861.041703
v -4.583333 20.000000 861.041703
v -4.375000 20.000000 861.041703
v -4.166667 20.000000 861.041703
v -3.958333 20.000000 861.041703
v -3.750000 20.000000 861.041703
v -3.541667 20.000000 861.041703
v -3.333333 20.000000 861.041703
v -3.125000 20.000000 861.041703
v -2.916667 20.000000 861.041703
v -2.708333 20.000000 861.041703
v -2.500000 20.000000 861.041703
v -2.291667 20.000000 861.041703
v -2.083333 20.000000 861.041703
v -1.875000 20.000000 861.041703
v -1.666667 20.000000 861.041703
v -1.458333 20.000000 861.041703
v -1.250000 20.000000 861.041703
v -1.041667 20.000000 861.041703
v -0.833333 20.000000 861.041703
v -0.625000 20.000000 861.041703
v -0.416667 20.000000 861.041703
v -0.208333 20.000000 861.041703
v 0.000000 20.000000 861.041703
v 0.208333 20.000000 861.041703
v 0.416667 20.000000 861.041703
v 0.625000 20.000000 861.041703
v 0.833333 20.000000 861.041703
v 1.041667 20.000000 861.041703
v 1.250000 20.000000 861.041703
v 1.458333 20.000000 861.041703
v 1.666667 20.000000 861.041703
v 1.875000 20.000000 861.041703
v 2.083333 20.000000 861.041703
v 2.291667 20.000000 861.041703
v 2.500000 20.000000 861.041703
v 2.708333 20.000000 861.041703
v 2.916667 20.000000 861.041703
v 3.125000 20.000000 861.041703
v 3.333333 20.000000 861.041703
v 3.541667 20.000000 861.041703
v 3.750000 20.000000 861.041703
v 3.958333 20.000000 861.041703
v 4.166667 20.000000 861.041703
v 4.375000 20.000000 861.041703
v 4.583333 20.000000 861.041703
v 4.791667 20.000000 861.041703
v 5.000000 20.000000 861.041703
v -5.000000 20.000000 869.739094
v -4.791667 20.000000 869.739094
v -4.583333 20.000000 869.739094
v -4.375000 20.000000 869.739094
v -4.166667 20.000000 869.739094
v -3.958333 20.000000 869.739094
v -3.750000 20.000000 869.739094
v -3.541667 20.000000 869.739094
v -3.333333 20.000000 869.739094
v -3.125000 20.000000 869.739094
v -2.916667 20.000000 869.739094
v -2.708333 20.000000 869.739094
v -2.500000 20.000000 869.739094
v -2.291667 20.000000 869.739094
v -2.083333 20.000000 869.739094
v -1.875000 20.000000 869.739094
v -1.666667 20.000000 869.739094
v -1.458333 20.000000 869.739094
v -1.250000 20.000000 869.739094
v -1.041667 20.000000 869.739094
v -0.833333 20.000000 869.739094
v -0.625000 20.000000 869.739094
v -0.416667 20.000000 869.739094
v -0.208333 20.000000 869.739094
v 0.000000 20.000000 869.739094
v 0.208333 20.000000 869.739094
v 0.416667 20.000000 869.739094
v 0.625000 20.000000 869.739094
v 0.833333 20.000000 869.739094
v 1.041667 20.000000 869.739094
v 1.250000 20.000000 869.739094
v 1.458333 20.000000 869.739094
v 1.666667 20.000000 869.739094
v 1.875000 20.000000 869.739094
v 2.083333 20.000000 869.739094
v 2.291667 20.000000 869.739094
v 2.500000 20.000000 869.739094
v 2.708333 20.000000 869.739094
v 2.916667 20.000000 869.739094
v 3.125000 20.000000 869.739094
v 3.333333 20.000000 869.739094
v 3.541667 20.000000 869.739094
v 3.750000 20.000000 869.739094
v 3.958333 20.000000 869.739094
v 4.166667 20.000000 869.739094
v 4.375000 20.000000 869.739094
v 4.583333 20.000000 869.739094
v 4.791667 20.000000 869.739094
v 5.000000 20.000000 869.739094
v -5.000000 20.000000 878.436485
v -4.791667 20.000000 878.436485
v -4.583333 20.000000 878.436485
v -4.375000 20.000000 878.436485
v -4.166667 20.000000 878.436485
v -3.958333 20.000000 878.436485
v -3.750000 20.000000 878.436485
v -3.541667 20.000000 878.436485
v -3.333333 20.000000 878.436485
v -3.125000 20.000000 878.436485
v -2.916667 20.000000 878.436485
v -2.708333 20.000000 878.436485
v -2.500000 20.000000 878.436485
v -2.291667 20.000000 878.436485
v -2.083333 20.000000 878.436485
v -1.875000 20.000000 878.436485
v -1.666667 20.000000 878.436485
v -1.458333 20.000000 878.436485
v -1.250000 20.000000 878.436485
v -1.041667 20.000000 878.436485
v -0.833333 20.000000 878.436485
v -0.625000 20.000000 878.436485
v -0.416667 20.000000 878.436485
v -0.208333 20.000000 878.436485
v 0.000000 20.000000 878.436485
v 0.208333 20.000000 878.436485
v 0.416667 20.000000 878.436485
v 0.625000 20.000000 878.436485
v 0.833333 20.000000 878.436485
v 1.041667 20.000000 878.436485
v 1.250000 20.000000 878.436485
v 1.458333 20.000000 878.436485
v 1.666667 20.000000 878.436485
v 1.875000 20.000000 878.436485
v 2.083333 20.000000 878.436485
v 2.291667 20.000000 878.436485
v 2.500000 20.000000 878.436485
v 2.708333 20.000000 878.436485
v 2.916667 20.000000 878.436485
v 3.125000 20.000000 878.436485
v 3.333333 20.000000 878.436485
v 3.541667 20.000000 878.436485
v 3.750000 20.000000 878.436485
v 3.958333 20.000000 878.436485
v 4.166667 20.000000 878.436485
v 4.375000 20.000000 878.436485
v 4.583333 20.000000 878.436485
v 4.791667 20.000000 878.436485
v 5.000000 20.000000 878.436485
v -5.000000 20.000000 887.133876
v -4.791667 20.000000 887.133876
v -4.583333 20.000000 887.133876
v -4.375000 20.000000 887.133876
v -4.166667 20.000000 887.133876
v -3.958333 20.000000 887.133876
v -3.750000 20.000000 887.133876
v -3.541667 20.000000 887.133876
v -3.333333 20.000000 887.133876
v -3.125000 20.000000 887.133876
v -2.916667 20.000000 887.133876
v -2.708333 20.000000 887.133876
v -2.500000 20.000000 887.133876
v -2.291667 20.000000 887.133876
v -2.083333 20.000000 887.133876
v -1.875000 20.000000 887.133876
v -1.666667 20.000000 887.133876
v -1.458333 20.000000 887.133876
v -1.250000 20.000000 887.133876
v -1.041667 20.000000 887.133876
v -0.833333 20.000000 887.133876
v -0.625000 20.000000 887.133876
v -0.416667 20.000000 887.133876
v -0.208333 20.000000 887.133876
v 0.000000 20.000000 887.133876
v 0.208333 20.000000 887.133876
v 0.416667 20.000000 887.133876
v 0.625000 20.000000 887.133876
v 0.833333 20.000000 887.133876
v 1.041667 20.000000 887.133876
v 1.250000 20.000000 887.133876
v 1.458333 20.000000 887.133876
v 1.666667 20.000000 887.133876
v 1.875000 20.000000 887.133876
v 2.083333 20.000000 887.133876
v 2.291667 20.000000 887.133876
v 2.500000 20.000000 887.133876
v 2.708333 20.000000 887.133876
v 2.916667 20.000000 887.133876
v 3.125000 20.000000 887.133876
v 3.333333 20.000000 887.133876
v 3.541667 20.000000 887.133876
v 3.750000 20.000000 887.133876
v 3.958333 20.000000 887.133876
v 4.166667 20.000000 887.133876
v 4.375000 20.000000 887.133876
v 4.583333 20.000000 887.133876
v 4.791667 20.000000 887.133876
v 5.000000 20.000000 887.133876
v -5.000000 20.000000 895.831267
v -4.791667 20.000000 895.831267
v -4.583333 20.000000 895.831267
v -4.375000 20.000000 895.831267
v -4.166667 20.000000 895.831267
v -3.958333 20.000000 895.831267
v -3.750000 20.000000 895.831267
v -3.541667 20.000000 895.831267
v -3.333333 20.000000 895.831267
v -3.125000 20.000000 895.831267
v -2.916667 20.000000 895.831267
v -2.708333 20.000000 895.831267
v -2.500000 20.000000 895.831267
v -2.291667 20.000000 895.831267
v -2.083333 20.000000 895.831267
v -1.875000 20.000000 895.831267
v -1.666667 20.000000 895.831267
v -1.458333 20.000000 895.831267
v -1.250000 20.000000 895.831267
v -1.041667 20.000000 895.831267
v -0.833333 20.000000 895.831267
v -0.625000 20.000000 895.831267
v -0.416667 20.000000 895.831267
v -0.208333 20.000000 895.831267
v 0.000000 20.000000 895.831267
v 0.208333 20.000000 895.831267
v 0.416667 20.000000 895.831267
v 0.625000 20.000000 895.831267
v 0.833333 20.000000 895.831267
v 1.041667 20.000000 895.831267
v 1.250000 20.000000 895.831267
v 1.458333 20.000000 895.831267
v 1.666667 20.000000 895.831267
v 1.875000 20.000000 895.831267
v 2.083333 20.000000 895.831267
v 2.291667 20.000000 895.831267
v 2.500000 20.000000 895.831267
v 2.708333 20.000000 895.831267
v 2.916667 20.000000 895.831267
v 3.125000 20.000000 895.831267
v 3.333333 20.000000 895.831267
v 3.541667 20.000000 895.831267
v 3.750000 20.000000 895.831267
v 3.958333 20.000000 895.831267
v 4.166667 20.000000 895.831267
v 4.375000 20.000000 895.831267
v 4.583333 20.000000 895.831267
v 4.791667 20.000000 895.831267
v 5.000000 20.000000 895.831267
v -5.000000 20.000000 904.528658
v -4.791667 20.000000 904.528658
v -4.583333 20.000000 904.528658
v -4.375000 20.000000 904.528658
v -4.166667 20.000000 904.528658
v -3.958333 20.000000 904.528658
v -3.750000 20.000000 904.528658
v -3.541667 20.000000 904.528658
v -3.333333 20.000000 904.528658
v -3.125000 20.000000 904.528658
v -2.916667 20.000000 904.528658
v -2.708333 20.000000 904.528658
v -2.500000 20.000000 904.528658
v -2.291667 20.000000 904.528658
v -2.083333 20.000000 904.528658
v -1.875000 20.000000 904.528658
v -1.666667 20.000000 904.528658
v -1.458333 20.000000 904.528658
v -1.250000 20.000000 904.528658
v -1.041667 20.000000 904.528658
v -0.833333 20.000000 904.528658
v -0.625000 20.000000 904.528658
v -0.416667 20.000000 904.528658
v -0.208333 20.000000 904.528658
v 0.000000 20.000000 904.528658
v 0.208333 20.000000 904.528658
v 0.416667 20.000000 904.528658
v 0.625000 20.000000 904.528658
v 0.833333 20.000000 904.528658
v 1.041667 20.000000 904.528658
v 1.250000 20.000000 904.528658
v 1.458333 20.000000 904.528658
v 1.666667 20.000000 904.528658
v 1.875000 20.000000 904.528658
v 2.083333 20.000000 904.528658
v 2.291667 20.000000 904.528658
v 2.500000 20.000000 904.528658
v 2.708333 20.000000 904.528658
v 2.916667 20.000000 904.528658
v 3.125000 20.000000 904.528658
v 3.333333 20.000000 904.528658
v 3.541667 20.000000 904.528658
v 3.750000 20.000000 904.528658
v 3.958333 20.000000 904.528658
v 4.166667 20.000000 904.528658
v 4.375000 20.000000 904.528658
v 4.583333 20.000000 904.528658
v 4.791667 20.000000 904.528658
v 5.000000 20.000000 904.528658
v -5.000000 20.000000 913.226048
v -4.791667 20.000000 913.226048
v -4.583333 20.000000 913.226048
v -4.375000 20.000000 913.226048
v -4.166667 20.000000 913.226048
v -3.958333 20.000000 913.226048
v -3.750000 20.000000 913.226048
v -3.541667 20.000000 913.226048
v -3.333333 20.000000 913.226048
v -3.125000 20.000000 913.226048
v -2.916667 20.000000 913.226048
v -2.708333 20.000000 913.226048
v -2.500000 20.000000 913.226048
v -2.291667 20.000000 913.226048
v -2.083333 20.000000 913.226048
v -1.875000 20.000000 913.226048
v -1.666667 20.000000 913.226048
v -1.458333 20.000000 913.226048
v -1.250000 20.000000 913.226048
v -1.041667 20.000000 913.226048
v -0.833333 20.000000 913.226048
v -0.625000 20.000000 913.226048
v -0.416667 20.000000 913.226048
v -0.208333 20.000000 913.226048
v 0.000000 20.000000 913.226048
v 0.208333 20.000000 913.226048
v 0.416667 20.000000 913.226048
v 0.625000 20.000000 913.226048
v 0.833333 20.000000 913.226048
v 1.041667 20.000000 913.226048
v 1.250000 20.000000 913.226048
v 1.458333 20.000000 913.226048
v 1.666667 20.000000 913.226048
v 1.875000 20.000000 913.226048
v 2.083333 20.000000 913.226048
v 2.291667 20.000000 913.226048
v 2.500000 20.000000 913.226048
v 2.708333 20.000000 913.226048
v 2.916667 20.000000 913.226048
v 3.125000 20.000000 913.226048
v 3.333333 20.000000 913.226048
v 3.541667 20.000000 913.226048
v 3.750000 20.000000 913.226048
v 3.958333 20.000000 913.226048
v 4.166667 20.000000 913.226048
v 4.375000 20.000000 913.226048
v 4.583333 20.000000 913.226048
v 4.791667 20.000000 913.226048
v 5.000000 20.000000 913.226048
v -5.000000 20.000000 921.923439
v -4.791667 20.000000 921.923439
v -4.583333 20.000000 921.923439
v -4.375000 20.000000 921.923439
v -4.166667 20.000000 921.923439
v -3.958333 20.000000 921.923439
v -3.750000 20.000000 921.923439
v -3.541667 20.000000 921.923439
v -3.333333 20.000000 921.923439
v -3.125000 20.000000 921.923439
v -2.916667 20.000000 921.923439
v -2.708333 20.000000 921.923439
v -2.500000 20.000000 921.923439
v -2.291667 20.000000 921.923439
v -2.083333 20.000000 921.923439
v -1.875000 20.000000 921.923439
v -1.666667 20.000000 921.923439
v -1.458333 20.000000 921.923439
v -1.250000 20.000000 921.923439
v -1.041667 20.000000 921.923439
v -0.833333 20.000000 921.923439
v -0.625000 20.000000 921.923439
v -0.416667 20.000000 921.923439
v -0.208333 20.000000 921.923439
v 0.000000 20.000000 921.923439
v 0.208333 20.000000 921.923439
v 0.416667 20.000000 921.923439
v 0.625000 20.000000 921.923439
v 0.833333 20.000000 921.923439
v 1.041667 20.000000 921.923439
v 1.250000 20.000000 921.923439
v 1.458333 20.000000 921.923439
v 1.666667 20.000000 921.923439
v 1.875000 20.000000 921.923439
v 2.083333 20.000000 921.923439
v 2.291667 20.000000 921.923439
v 2.500000 20.000000 921.923439
v 2.708333 20.000000 921.923439
v 2.916667 20.000000 921.923439
v 3.125000 20.000000 921.923439
v 3.333333 20.000000 921.923439
v 3.541667 20.000000 921.923439
v 3.750000 20.000000 921.923439
v 3.958333 20.000000 921.923439
v 4.166667 20.000000 921.923439
v 4.375000 20.000000 921.923439
v 4.583333 20.000000 921.923439
v 4.791667 20.000000 921.923439
v 5.000000 20.000000 921.923439
v -5.000000 20.000000 930.620830
v -4.791667 20.000000 930.620830
v -4.583333 20.000000 930.620830
v -4.375000 20.000000 930.620830
v -4.166667 20.000000 930.620830
v -3.958333 20.000000 930.620830
v -3.750000 20.000000 930.620830
v -3.541667 20.000000 930.620830
v -3.333333 20.000000 930.620830
v -3.125000 20.000000 930.620830
v -2.916667 20.000000 930.620830
v -2.708333 20.000000 930.620830
v -2.500000 20.000000 930.620830
v -2.291667 20.000000 930.620830
v -2.083333 20.000000 930.620830
v -1.875000 20.000000 930.620830
v -1.666667 20.000000 930.620830
v -1.458333 20.000000 930.620830
v -1.250000 20.000000 930.620830
v -1.041667 20.000000 930.620830
v -0.833333 20.000000 930.620830
v -0.625000 20.000000 930.620830
v -0.416667 20.000000 930.620830
v -0.208333 20.000000 930.620830
v 0.000000 20.000000 930.620830
v 0.208333 20.000000 930.620830
v 0.416667 20.000000 930.620830
v 0.625000 20.000000 930.620830
v 0.833333 20.000000 930.620830
v 1.041667 20.000000 930.620830
v 1.250000 20.000000 930.620830
v 1.458333 20.000000 930.620830
v 1.666667 20.000000 930.620830
v 1.875000 20.000000 930.620830
v 2.083333 20.000000 930.620830
v 2.291667 20.000000 930.620830
v 2.500000 20.000000 930.620830
v 2.708333 20.000000 930.620830
v 2.916667 20.000000 930.620830
v 3.125000 20.000000 930.620830
v 3.333333 20.000000 930.620830
v 3.541667 20.000000 930.620830
v 3.750000 20.000000 930.620830
v 3.958333 20.000000 930.620830
v 4.166667 20.000000 930.620830
v 4.375000 20.000000 930.620830
v 4.583333 20.000000 930.620830
v 4.791667 20.000000 930.620830
v 5.000000 20.000000 930.620830
v -5.000000 20.000000 939.318221
v -4.791667 20.000000 939.318221
v -4.583333 20.000000 939.318221
v -4.375000 20.000000 939.318221
v -4.166667 20.000000 939.318221
v -3.958333 20.000000 939.318221
v -3.750000 20.000000 939.318221
v -3.541667 20.000000 939.318221
v -3.333333 20.000000 939.318221
v -3.125000 20.000000 939.318221
v -2.916667 20.000000 939.318221
v -2.708333 20.000000 939.318221
v -2.500000 20.000000 939.318221
v -2.291667 20.000000 939.318221
v -2.083333 20.000000 939.318221
v -1.875000 20.000000 939.318221
v -1.666667 20.000000 939.318221
v -1.458333 20.000000 939.318221
v -1.250000 20.000000 939.318221
v -1.041667 20.000000 939.318221
v -0.833333 20.000000 939.318221
v -0.625000 20.000000 939.318221
v -0.416667 20.000000 939.318221
v -0.208333 20.000000 939.318221
v 0.000000 20.000000 939.318221
v 0.208333 20.000000 939.318221
v 0.416667 20.000000 939.318221
v 0.625000 20.000000 939.318221
v 0.833333 20.000000 939.318221
v 1.041667 20.000000 939.318221
v 1.250000 20.000000 939.318221
v 1.458333 20.000000 939.318221
v 1.666667 20.000000 939.318221
v 1.875000 20.000000 939.318221
v 2.083333 20.000000 939.318221
v 2.291667 20.000000 939.318221
v 2.500000 20.000000 939.318221
v 2.708333 20.000000 939.318221
v 2.916667 20.000000 939.318221
v 3.125000 20.000000 939.318221
v 3.333333 20.000000 939.318221
v 3.541667 20.000000 939.318221
v 3.750000 20.000000 939.318221
v 3.958333 20.000000 939.318221
v 4.166667 20.000000 939.318221
v 4.375000 20.000000 939.318221
v 4.583333 20.000000 939.318221
v 4.791667 20.000000 939.318221
v 5.000000 20.000000 939.318221
v -5.000000 20.000000 948.015612
v -4.791667 20.000000 948.015612
v -4.583333 20.000000 948.015612
v -4.375000 20.000000 948.015612
v -4.166667 20.000000 948.015612
v -3.958333 20.000000 948.015612
v -3.750000 20.000000 948.015612
v -3.541667 20.000000 948.015612
v -3.333333 20.000000 948.015612
v -3.125000 20.000000 948.015612
v -2.916667 20.000000 948.015612
v -2.708333 20.000000 948.015612
v -2.500000 20.000000 948.015612
v -2.291667 20.000000 948.015612
v -2.083333 20.000000 948.015612
v -1.875000 20.000000 948.015612
v -1.666667 20.000000 948.015612
v -1.458333 20.000000 948.015612
v -1.250000 20.000000 948.015612
v -1.041667 20.000000 948.015612
v -0.833333 20.000000 948.015612
v -0.625000 20.000000 948.015612
v -0.416667 20.000000 948.015612
v -0.208333 20.000000 948.015612
v 0.000000 20.000000 948.015612
v 0.208333 20.000000 948.015612
v 0.416667 20.000000 948.015612
v 0.625000 20.000000 948.015612
v 0.833333 20.000000 948.015612
v 1.041667 20.000000 948.015612
v 1.250000 20.000000 948.015612
v 1.458333 20.000000 948.015612
v 1.666667 20.000000 948.015612
v 1.875000 20.000000 948.015612
v 2.083333 20.000000 948.015612
v 2.291667 20.000000 948.015612
v 2.500000 20.000000 948.015612
v 2.708333 20.000000 948.015612
v 2.916667 20.000000 948.015612
v 3.125000 20.000000 948.015612
v 3.333333 20.000000 948.015612
v 3.541667 20.000000 948.015612
v 3.750000 20.000000 948.015612
v 3.958333 20.000000 948.015612
v 4.166667 20.000000 948.015612
v 4.375000 20.000000 948.015612
v 4.583333 20.000000 948.015612
v 4.791667 20.000000 948.015612
v 5.000000 20.000000 948.015612
v -5.000000 20.000000 956.713003
v -4.791667 20.000000 956.713003
v -4.583333 20.000000 956.713003
v -4.375000 20.000000 956.713003
v -4.166667 20.000000 956.713003
v -3.958333 20.000000 956.713003
v -3.750000 20.000000 956.713003
v -3.541667 20.000000 956.713003
v -3.333333 20.000000 956.713003
v -3.125000 20.000000 956.713003
v -2.916667 20.000000 956.713003
v -2.708333 20.000000 956.713003
v -2.500000 20.000000 956.713003
v -2.291667 20.000000 956.713003
v -2.083333 20.000000 956.713003
v -1.875000 20.000000 956.713003
v -1.666667 20.000000 956.713003
v -1.458333 20.000000 956.713003
v -1.250000 20.000000 956.713003
v -1.041667 20.000000 956.713003
v -0.833333 20.000000 956.713003
v -0.625000 20.000000 956.713003
v -0.416667 20.000000 956.713003
v -0.208333 20.000000 956.713003
v 0.000000 20.000000 956.713003
v 0.208333 20.000000 956.713003
v 0.416667 20.000000 956.713003
v 0.625000 20.000000 956.713003
v 0.833333 20.000000 956.713003
v 1.041667 20.000000 956.713003
v 1.250000 20.000000 956.713003
v 1.458333 20.000000 956.713003
v 1.666667 20.000000 956.713003
v 1.875000 20.000000 956.713003
v 2.083333 20.000000 956.713003
v 2.291667 20.000000 956.713003
v 2.500000 20.000000 956.713003
v 2.708333 20.000000 956.713003
v 2.916667 20.000000 956.713003
v 3.125000 20.000000 956.713003
v 3.333333 20.000000 956.713003
v 3.541667 20.000000 956.713003
v 3.750000 20.000000 956.713003
v 3.958333 20.000000 956.713003
v 4.166667 20.000000 956.713003
v 4.375000 20.000000 956.713003
v 4.583333 20.000000 956.713003
v 4.791667 20.000000 956.713003
v 5.000000 20.000000 956.713003
v -5.000000 20.000000 965.410394
v -4.791667 20.000000 965.410394
v -4.583333 20.000000 965.410394
v -4.375000 20.000000 965.410394
v -4.166667 20.000000 965.410394
v -3.958333 20.000000 965.410394
v -3.750000 20.000000 965.410394
v -3.541667 20.000000 965.410394
v -3.333333 20.000000 965.410394
v -3.125000 20.000000 965.410394
v -2.916667 20.000000 965.410394
v -2.708333 20.000000 965.410394
v -2.500000 20.000000 965.410394
v -2.291667 20.000000 965.410394
v -2.083333 20.000000 965.410394
v -1.875000 20.000000 965.410394
v -1.666667 20.000000 965.410394
v -1.458333 20.000000 965.410394
v -1.250000 20.000000 965.410394
v -1.041667 20.000000 965.410394
v -0.833333 20.000000 965.410394
v -0.625000 20.000000 965.410394
v -0.416667 20.000000 965.410394
v -0.208333 20.000000 965.410394
v 0.000000 20.000000 965.410394
v 0.208333 20.000000 965.410394
v 0.416667 20.000000 965.410394
v 0.625000 20.000000 965.410394
v 0.833333 20.000000 965.410394
v 1.041667 20.000000 965.410394
v 1.250000 20.000000 965.410394
v 1.458333 20.000000 965.410394
v 1.666667 20.000000 965.410394
v 1.875000 20.000000 965.410394
v 2.083333 20.000000 965.410394
v 2.291667 20.000000 965.410394
v 2.500000 20.000000 965.410394
v 2.708333 20.000000 965.410394
v 2.916667 20.000000 965.410394
v 3.125000 20.000000 965.410394
v 3.333333 20.000000 965.410394
v 3.541667 20.000000 965.410394
v 3.750000 20.000000 965.410394
v 3.958333 20.000000 965.410394
v 4.166667 20.000000 965.410394
v 4.375000 20.000000 965.410394
v 4.583333 20.000000 965.410394
v 4.791667 20.000000 965.410394
v 5.000000 20.000000 965.410394
v -5.000000 20.000000 974.107785
v -4.791667 20.000000 974.107785
v -4.583333 20.000000 974.107785
v -4.375000 20.000000 974.107785
v -4.166667 20.000000 974.107785
v -3.958333 20.000000 974.107785
v -3.750000 20.000000 974.107785
v -3.541667 20.000000 974.107785
v -3.333333 20.000000 974.107785
v -3.125000 20.000000 974.107785
v -2.916667 20.000000 974.107785
v -2.708333 20.000000 974.107785
v -2.500000 20.000000 974.107785
v -2.291667 20.000000 974.107785
v -2.083333 20.000000 974.107785
v -1.875000 20.000000 974.107785
v -1.666667 20.000000 974.107785
v -1.458333 20.000000 974.107785
v -1.250000 20.000000 974.107785
v -1.041667 20.000000 974.107785
v -0.833333 20.000000 974.107785
v -0.625000 20.000000 974.107785
v -0.416667 20.000000 974.107785
v -0.208333 20.000000 974.107785
v 0.000000 20.000000 974.107785
v 0.208333 20.000000 974.107785
v 0.416667 20.000000 974.107785
v 0.625000 20.000000 974.107785
v 0.833333 20.000000 974.107785
v 1.041667 20.000000 974.107785
v 1.250000 20.000000 974.107785
v 1.458333 20.000000 974.107785
v 1.666667 20.000000 974.107785
v 1.875000 20.000000 974.107785
v 2.083333 20.000000 974.107785
v 2.291667 20.000000 974.107785
v 2.500000 20.000000 974.107785
v 2.708333 20.000000 974.107785
v 2.916667 20.000000 974.107785
v 3.125000 20.000000 974.107785
v 3.333333 20.000000 974.107785
v 3.541667 20.000000 974.107785
v 3.750000 20.000000 974.107785
v 3.958333 20.000000 974.107785
v 4.166667 20.000000 974.107785
v 4.375000 20.000000 974.107785
v 4.583333 20.000000 974.107785
v 4.791667 20.000000 974.107785
v 5.000000 20.000000 974.107785
v -5.000000 20.000000 982.805176
v -4.791667 20.000000 982.805176
v -4.583333 20.000000 982.805176
v -4.375000 20.000000 982.805176
v -4.166667 20.000000 982.805176
v -3.958333 20.000000 982.805176
v -3.750000 20.000000 982.805176
v -3.541667 20.000000 982.805176
v -3.333333 20.000000 982.805176
v -3.125000 20.000000 982.805176
v -2.916667 20.000000 982.805176
v -2.708333 20.000000 982.805176
v -2.500000 20.000000 982.805176
v -2.291667 20.000000 982.805176
v -2.083333 20.000000 982.805176
v -1.875000 20.000000 982.805176
v -1.666667 20.000000 982.805176
v -1.458333 20.000000 982.805176
v -1.250000 20.000000 982.805176
v -1.041667 20.000000 982.805176
v -0.833333 20.000000 982.805176
v -0.625000 20.000000 982.805176
v -0.416667 20.000000 982.805176
v -0.208333 20.000000 982.805176
v 0.000000 20.000000 982.805176
v 0.208333 20.000000 982.805176
v 0.416667 20.000000 982.805176
v 0.625000 20.000000 982.805176
v 0.833333 20.000000 982.805176
v 1.041667 20.000000 982.805176
v 1.250000 20.000000 982.805176
v 1.458333 20.000000 982.805176
v 1.666667 20.000000 982.805176
v 1.875000 20.000000 982.805176
v 2.083333 20.000000 982.805176
v 2.291667 20.000000 982.805176
v 2.500000 20.000000 982.805176
v 2.708333 20.000000 982.805176
v 2.916667 20.000000 982.805176
v 3.125000 20.000000 982.805176
v 3.333333 20.000000 982.805176
v 3.541667 20.000000 982.805176
v 3.750000 20.000000 982.805176
v 3.958333 20.000000 982.805176
v 4.166667 20.000000 982.805176
v 4.375000 20.000000 982.805176
v 4.583333 20.000000 982.805176
v 4.791667 20.000000 982.805176
v 5.000000 20.000000 982.805176
v -5.000000 20.000000 991.502567
v -4.791667 20.000000 991.502567
v -4.583333 20.000000 991.502567
v -4.375000 20.000000 991.502567
v -4.166667 20.000000 991.502567
v -3.958333 20.000000 991.502567
v -3.750000 20.000000 991.502567
v -3.541667 20.000000 991.502567
v -3.333333 20.000000 991.502567
v -3.125000 20.000000 991.502567
v -2.916667 20.000000 991.502567
v -2.708333 20.000000 991.502567
v -2.500000 20.000000 991.502567
v -2.291667 20.000000 991.502567
v -2.083333 20.000000 991.502567
v -1.875000 20.000000 991.502567
v -1.666667 20.000000 991.502567
v -1.458333 20.000000 991.502567
v -1.250000 20.000000 991.502567
v -1.041667 20.000000 991.502567
v -0.833333 20.000000 991.502567
v -0.625000 20.000000 991.502567
v -0.416667 20.000000 991.502567
v -0.208333 20.000000 991.502567
v 0.000000 20.000000 991.502567
v 0.208333 20.000000 991.502567
v 0.416667 20.000000 991.502567
v 0.625000 20.000000 991.502567
v 0.833333 20.000000 991.502567
v 1.041667 20.000000 991.502567
v 1.250000 20.000000 991.502567
v 1.458333 20.000000 991.502567
v 1.666667 20.000000 991.502567
v 1.875000 20.000000 991.502567
v 2.083333 20.000000 991.502567
v 2.291667 20.000000 991.502567
v 2.500000 20.000000 991.502567
v 2.708333 20.000000 991.502567
v 2.916667 20.000000 991.502567
v 3.125000 20.000000 991.502567
v 3.333333 20.000000 991.502567
v 3.541667 20.000000 991.502567
v 3.750000 20.000000 991.502567
v 3.958333 20.000000 991.502567
v 4.166667 20.000000 991.502567
v 4.375000 20.000000 991.502567
v 4.583333 20.000000 991.502567
v 4.791667 20.000000 991.502567
v 5.000000 20.000000 991.502567
v -5.000000 20.000000 1000.199958
v -4.791667 20.000000 1000.199958
v -4.583333 20.000000 1000.199958
v -4.375000 20.000000 1000.199958
v -4.166667 20.000000 1000.199958
v -3.958333 20.000000 1000.199958
v -3.750000 20.000000 1000.199958
v -3.541667 20.000000 1000.199958
v -3.333333 20.000000 1000.199958
v -3.125000 20.000000 1000.199958
v -2.916667 20.000000 1000.199958
v -2.708333 20.000000 1000.199958
v -2.500000 20.000000 1000.199958
v -2.291667 20.000000 1000.199958
v -2.083333 20.000000 1000.199958
v -1.875000 20.000000 1000.199958
v -1.666667 20.000000 1000.199958
v -1.458333 20.000000 1000.199958
v -1.250000 20.000000 1000.199958
v -1.041667 20.000000 1000.199958
v -0.833333 20.000000 1000.199958
v -0.625000 20.000000 1000.199958
v -0.416667 20.000000 1000.199958
v -0.208333 20.000000 1000.199958
v 0.000000 20.000000 1000.199958
v 0.208333 20.000000 1000.199958
v 0.416667 20.000000 1000.199958
v 0.625000 20.000000 1000.199958
v 0.833333 20.000000 1000.199958
v 1.041667 20.000000 1000.199958
v 1.250000 20.000000 1000.199958
v 1.458333 20.000000 1000.199958
v 1.666667 20.000000 1000.199958
v 1.875000 20.000000 1000.199958
v 2.083333 20.000000 1000.199958
v 2.291667 20.000000 1000.199958
v 2.500000 20.000000 1000.199958
v 2.708333 20.000000 1000.199958
v 2.916667 20.000000 1000.199958
v 3.125000 20.000000 1000.199958
v 3.333333 20.000000 1000.199958
v 3.541667 20.000000 1000.199958
v 3.750000 20.000000 1000.199958
v 3.958333 20.000000 1000.199958
v 4.166667 20.000000 1000.199958
v 4.375000 20.000000 1000.199958
v 4.583333 20.000000 1000.199958
v 4.791667 20.000000 1000.199958
v 5.000000 20.000000 1000.199958
v -5.000000 20.000000 1008.897349
v -4.791667 20.000000 1008.897349
v -4.583333 20.000000 1008.897349
v -4.375000 20.000000 1008.897349
v -4.166667 20.000000 1008.897349
v -3.958333 20.000000 1008.897349
v -3.750000 20.000000 1008.897349
v -3.541667 20.000000 1008.897349
v -3.333333 20.000000 1008.897349
v -3.125000 20.000000 1008.897349
v -2.916667 20.000000 1008.897349
v -2.708333 20.000000 1008.897349
v -2.500000 20.000000 1008.897349
v -2.291667 20.000000 1008.897349
v -2.083333 20.000000 1008.897349
v -1.875000 20.000000 1008.897349
v -1.666667 20.000000 1008.897349
v -1.458333 20.000000 1008.897349
v -1.250000 20.000000 1008.897349
v -1.041667 20.000000 1008.897349
v -0.833333 20.000000 1008.897349
v -0.625000 20.000000 1008.897349
v -0.416667 20.000000 1008.897349
v -0.208333 20.000000 1008.897349
v 0.000000 20.000000 1008.897349
v 0.208333 20.000000 1008.897349
v 0.416667 20.000000 1008.897349
v 0.625000 20.000000 1008.897349
v 0.833333 20.000000 1008.897349
v 1.041667 20.000000 1008.897349
v 1.250000 20.000000 1008.897349
v 1.458333 20.000000 1008.897349
v 1.666667 20.000000 1008.897349
v 1.875000 20.000000 1008.897349
v 2.083333 20.000000 1008.897349
v 2.291667 20.000000 1008.897349
v 2.500000 20.000000 1008.897349
v 2.708333 20.000000 1008.897349
v 2.916667 20.000000 1008.897349
v 3.125000 20.000000 1008.897349
v 3.333333 20.000000 1008.897349
v 3.541667 20.000000 1008.897349
v 3.750000 20.000000 1008.897349
v 3.958333 20.000000 1008.897349
v 4.166667 20.000000 1008.897349
v 4.375000 20.000000 1008.897349
v 4.583333 20.000000 1008.897349
v 4.791667 20.000000 1008.897349
v 5.000000 20.000000 1008.897349
v -5.000000 20.000000 1017.594740
v -4.791667 20.000000 1017.594740
v -4.583333 20.000000 1017.594740
v -4.375000 20.000000 1017.594740
v -4.166667 20.000000 1017.594740
v -3.958333 20.000000 1017.594740
v -3.750000 20.000000 1017.594740
v -3.541667 20.000000 1017.594740
v -3.333333 20.000000 1017.594740
v -3.125000 20.000000 1017.594740
v -2.916667 20.000000 1017.594740
v -2.708333 20.000000 1017.594740
v -2.500000 20.000000 1017.594740
v -2.291667 20.000000 1017.594740
v -2.083333 20.000000 1017.594740
v -1.875000 20.000000 1017.594740
v -1.666667 20.000000 1017.594740
v -1.458333 20.000000 1017.594740
v -1.250000 20.000000 1017.594740
v -1.041667 20.000000 1017.594740
v -0.833333 20.000000 1017.594740
v -0.625000 20.000000 1017.594740
v -0.416667 20.000000 1017.594740
v -0.208333 20.000000 1017.594740
v 0.000000 20.000000 1017.594740
v 0.208333 20.000000 1017.594740
v 0.416667 20.000000 1017.594740
v 0.625000 20.000000 1017.594740
v 0.833333 20.000000 1017.594740
v 1.041667 20.000000 1017.594740
v 1.250000 20.000000 1017.594740
v 1.458333 20.000000 1017.594740
v 1.666667 20.000000 1017.594740
v 1.875000 20.000000 1017.594740
v 2.083333 20.000000 1017.594740
v 2.291667 20.000000 1017.594740
v 2.500000 20.000000 1017.594740
v 2.708333 20.000000 1017.594740
v 2.916667 20.000000 1017.594740
v 3.125000 20.000000 1017.594740
v 3.333333 20.000000 1017.594740
v 3.541667 20.000000 1017.594740
v 3.750000 20.000000 1017.594740
v 3.958333 20.000000 1017.594740
v 4.166667 20.000000 1017.594740
v 4.375000 20.000000 1017.594740
v 4.583333 20.000000 1017.594740
v 4.791667 20.000000 1017.594740
v 5.000000 20.000000 1017.594740
v -5.000000 20.000000 1026.292131
v -4.791667 20.000000 1026.292131
v -4.583333 20.000000 1026.292131
v -4.375000 20.000000 1026.292131
v -4.166667 20.000000 1026.292131
v -3.958333 20.000000 1026.292131
v -3.750000 20.000000 1026.292131
v -3.541667 20.000000 1026.292131
v -3.333333 20.000000 1026.292131
v -3.125000 20.000000 1026.292131
v -2.916667 20.000000 1026.292131
v -2.708333 20.000000 1026.292131
v -2.500000 20.000000 1026.292131
v -2.291667 20.000000 1026.292131
v -2.083333 20.000000 1026.292131
v -1.875000 20.000000 1026.292131
v -1.666667 20.000000 1026.292131
v -1.458333 20.000000 1026.292131
v -1.250000 20.000000 1026.292131
v -1.041667 20.000000 1026.292131
v -0.833333 20.000000 1026.292131
v -0.625000 20.000000 1026.292131
v -0.416667 20.000000 1026.292131
v -0.208333 20.000000 1026.292131
v 0.000000 20.000000 1026.292131
v 0.208333 20.000000 1026.292131
v 0.416667 20.000000 1026.292131
v 0.625000 20.000000 1026.292131
v 0.833333 20.000000 1026.292131
v 1.041667 20.000000 1026.292131
v 1.250000 20.000000 1026.292131
v 1.458333 20.000000 1026.292131
v 1.666667 20.000000 1026.292131
v 1.875000 20.000000 1026.292131
v 2.083333 20.000000 1026.292131
v 2.291667 20.000000 1026.292131
v 2.500000 20.000000 1026.292131
v 2.708333 20.000000 1026.292131
v 2.916667 20.000000 1026.292131
v 3.125000 20.000000 1026.292131
v 3.333333 20.000000 1026.292131
v 3.541667 20.000000 1026.292131
v 3.750000 20.000000 1026.292131
v 3.958333 20.000000 1026.292131
v 4.166667 20.000000 1026.292131
v 4.375000 20.000000 1026.292131
v 4.583333 20.000000 1026.292131
v 4.791667 20.000000 1026.292131
v 5.000000 20.000000 1026.292131
v -5.000000 20.000000 1034.989522
v -4.791667 20.000000 1034.989522
v -4.583333 20.000000 1034.989522
v -4.375000 20.000000 1034.989522
v -4.166667 20.000000 1034.989522
v -3.958333 20.000000 1034.989522
v -3.750000 20.000000 1034.989522
v -3.541667 20.000000 1034.989522
v -3.333333 20.000000 1034.989522
v -3.125000 20.000000 1034.989522
v -2.916667 20.000000 1034.989522
v -2.708333 20.000000 1034.989522
v -2.500000 20.000000 1034.989522
v -2.291667 20.000000 1034.989522
v -2.083333 20.000000 1034.989522
v -1.875000 20.000000 1034.989522
v -1.666667 20.000000 1034.989522
v -1.458333 20.000000 1034.989522
v -1.250000 20.000000 1034.989522
v -1.041667 20.000000 1034.989522
v -0.833333 20.000000 1034.989522
v -0.625000 20.000000 1034.989522
v -0.416667 20.000000 1034.989522
v -0.208333 20.000000 1034.989522
v 0.000000 20.000000 1034.989522
v 0.208333 20.000000 1034.989522
v 0.416667 20.000000 1034.989522
v 0.625000 20.000000 1034.989522
v 0.833333 20.000000 1034.989522
v 1.041667 20.000000 1034.989522
v 1.250000 20.000000 1034.989522
v 1.458333 20.000000 1034.989522
v 1.666667 20.000000 1034.989522
v 1.875000 20.000000 1034.989522
v 2.083333 20.000000 1034.989522
v 2.291667 20.000000 1034.989522
v 2.500000 20.000000 1034.989522
v 2.708333 20.000000 1034.989522
v 2.916667 20.000000 1034.989522
v 3.125000 20.000000 1034.989522
v 3.333333 20.000000 1034.989522
v 3.541667 20.000000 1034.989522
v 3.750000 20.000000 1034.989522
v 3.958333 20.000000 1034.989522
v 4.166667 20.000000 1034.989522
v 4.375000 20.000000 1034.989522
v 4.583333 20.000000 1034.989522
v 4.791667 20.000000 1034.989522
v 5.000000 20.000000 1034.989522
v -5.000000 20.000000 1043.686913
v -4.791667 20.000000 1043.686913
v -4.583333 20.000000 1043.686913
v -4.375000 20.000000 1043.686913
v -4.166667 20.000000 1043.686913
v -3.958333 20.000000 1043.686913
v -3.750000 20.000000 1043.686913
v -3.541667 20.000000 1043.686913
v -3.333333 20.000000 1043.686913
v -3.125000 20.000000 1043.686913
v -2.916667 20.000000 1043.686913
v -2.708333 20.000000 1043.686913
v -2.500000 20.000000 1043.686913
v -2.291667 20.000000 1043.686913
v -2.083333 20.000000 1043.686913
v -1.875000 20.000000 1043.686913
v -1.666667 20.000000 1043.686913
v -1.458333 20.000000 1043.686913
v -1.250000 20.000000 1043.686913
v -1.041667 20.000000 1043.686913
v -0.833333 20.000000 1043.686913
v -0.625000 20.000000 1043.686913
v -0.416667 20.000000 1043.686913
v -0.208333 20.000000 1043.686913
v 0.000000 20.000000 1043.686913
v 0.208333 20.000000 1043.686913
v 0.416667 20.000000 1043.686913
v 0.625000 20.000000 1043.686913
v 0.833333 20.000000 1043.686913
v 1.041667 20.000000 1043.686913
v 1.250000 20.000000 1043.686913
v 1.458333 20.000000 1043.686913
v 1.666667 20.000000 1043.686913
v 1.875000 20.000000 1043.686913
v 2.083333 20.000000 1043.686913
v 2.291667 20.000000 1043.686913
v 2.500000 20.000000 1043.686913
v 2.708333 20.000000 1043.686913
v 2.916667 20.000000 1043.686913
v 3.125000 20.000000 1043.686913
v 3.333333 20.000000 1043.686913
v 3.541667 20.000000 1043.686913
v 3.750000 20.000000 1043.686913
v 3.958333 20.000000 1043.686913
v 4.166667 20.000000 1043.686913
v 4.375000 20.000000 1043.686913
v 4.583333 20.000000 1043.686913
v 4.791667 20.000000 1043.686913
v 5.000000 20.000000 1043.686913
v -5.000000 20.000000 1052.384304
v -4.791667 20.000000 1052.384304
v -4.583333 20.000000 1052.384304
v -4.375000 20.000000 1052.384304
v -4.166667 20.000000 1052.384304
v -3.958333 20.000000 1052.384304
v -3.750000 20.000000 1052.384304
v -3.541667 20.000000 1052.384304
v -3.333333 20.000000 1052.384304
v -3.125000 20.000000 1052.384304
v -2.916667 20.000000 1052.384304
v -2.708333 20.000000 1052.384304
v -2.500000 20.000000 1052.384304
v -2.291667 20.000000 1052.384304
v -2.083333 20.000000 1052.384304
v -1.875000 20.000000 1052.384304
v -1.666667 20.000000 1052.384304
v -1.458333 20.000000 1052.384304
v -1.250000 20.000000 1052.384304
v -1.041667 20.000000 1052.384304
v -0.833333 20.000000 1052.384304
v -0.625000 20.000000 1052.384304
v -0.416667 20.000000 1052.384304
v -0.208333 20.000000 1052.384304
v 0.000000 20.000000 1052.384304
v 0.208333 20.000000 1052.384304
v 0.416667 20.000000 1052.384304
v 0.625000 20.000000 1052.384304
v 0.833333 20.000000 1052.384304
v 1.041667 20.000000 1052.384304
v 1.250000 20.000000 1052.384304
v 1.458333 20.000000 1052.384304
v 1.666667 20.000000 1052.384304
v 1.875000 20.000000 1052.384304
v 2.083333 20.000000 1052.384304
v 2.291667 20.000000 1052.384304
v 2.500000 20.000000 1052.384304
v 2.708333 20.000000 1052.384304
v 2.916667 20.000000 1052.384304
v 3.125000 20.000000 1052.384304
v 3.333333 20.000000 1052.384304
v 3.541667 20.000000 1052.384304
v 3.750000 20.000000 1052.384304
v 3.958333 20.000000 1052.384304
v 4.166667 20.000000 1052.384304
v 4.375000 20.000000 1052.384304
v 4.583333 20.000000 1052.384304
v 4.791667 20.000000 1052.384304
v 5.000000 20.000000 1052.384304
v -5.000000 20.000000 1061.081694
v -4.791667 20.000000 1061.081694
v -4.583333 20.000000 1061.081694
v -4.375000 20.000000 1061.081694
v -4.166667 20.000000 1061.081694
v -3.958333 20.000000 1061.081694
v -3.750000 20.000000 1061.081694
v -3.541667 20.000000 1061.081694
v -3.333333 20.000000 1061.081694
v -3.125000 20.000000 1061.081694
v -2.916667 20.000000 1061.081694
v -2.708333 20.000000 1061.081694
v -2.500000 20.000000 1061.081694
v -2.291667 20.000000 1061.081694
v -2.083333 20.000000 1061.081694
v -1.875000 20.000000 1061.081694
v -1.666667 20.000000 1061.081694
v -1.458333 20.000000 1061.081694
v -1.250000 20.000000 1061.081694
v -1.041667 20.000000 1061.081694
v -0.833333 20.000000 1061.081694
v -0.625000 20.000000 1061.081694
v -0.416667 20.000000 1061.081694
v -0.208333 20.000000 1061.081694
v 0.000000 20.000000 1061.081694
v 0.208333 20.000000 1061.081694
v 0.416667 20.000000 1061.081694
v 0.625000 20.000000 1061.081694
v 0.833333 20.000000 1061.081694
v 1.041667 20.000000 1061.081694
v 1.250000 20.000000 1061.081694
v 1.458333 20.000000 1061.081694
v 1.666667 20.000000 1061.081694
v 1.875000 20.000000 1061.081694
v 2.083333 20.000000 1061.081694
v 2.291667 20.000000 1061.081694
v 2.500000 20.000000 1061.081694
v 2.708333 20.000000 1061.081694
v 2.916667 20.000000 1061.081694
v 3.125000 20.000000 1061.081694
v 3.333333 20.000000 1061.081694
v 3.541667 20.000000 1061.081694
v 3.750000 20.000000 1061.081694
v 3.958333 20.000000 1061.081694
v 4.166667 20.000000 1061.081694
v 4.375000 20.000000 1061.081694
v 4.583333 20.000000 1061.081694
v 4.791667 20.000000 1061.081694
v 5.000000 20.000000 1061.081694
v -5.000000 20.000000 1069.779085
v -4.791667 20.000000 1069.779085
v -4.583333 20.000000 1069.779085
v -4.375000 20.000000 1069.779085
v -4.166667 20.000000 1069.779085
v -3.958333 20.000000 1069.779085
v -3.750000 20.000000 1069.779085
v -3.541667 20.000000 1069.779085
v -3.333333 20.000000 1069.779085
v -3.125000 20.000000 1069.779085
v -2.916667 20.000000 1069.779085
v -2.708333 20.000000 1069.779085
v -2.500000 20.000000 1069.779085
v -2.291667 20.000000 1069.779085
v -2.083333 20.000000 1069.779085
v -1.875000 20.000000 1069.779085
v -1.666667 20.000000 1069.779085
v -1.458333 20.000000 1069.779085
v -1.250000 20.000000 1069.779085
v -1.041667 20.000000 1069.779085
v -0.833333 20.000000 1069.779085
v -0.625000 20.000000 1069.779085
v -0.416667 20.000000 1069.779085
v -0.208333 20.000000 1069.779085
v 0.000000 20.000000 1069.779085
v 0.208333 20.000000 1069.779085
v 0.416667 20.000000 1069.779085
v 0.625000 20.000000 1069.779085
v 0.833333 20.000000 1069.779085
v 1.041667 20.000000 1069.779085
v 1.250000 20.000000 1069.779085
v 1.458333 20.000000 1069.779085
v 1.666667 20.000000 1069.779085
v 1.875000 20.000000 1069.779085
v 2.083333 20.000000 1069.779085
v 2.291667 20.000000 1069.779085
v 2.500000 20.000000 1069.779085
v 2.708333 20.000000 1069.779085
v 2.916667 20.000000 1069.779085
v 3.125000 20.000000 1069.779085
v 3.333333 20.000000 1069.779085
v 3.541667 20.000000 1069.779085
v 3.750000 20.000000 1069.779085
v 3.958333 20.000000 1069.779085
v 4.166667 20.000000 1069.779085
v 4.375000 20.000000 1069.779085
v 4.583333 20.000000 1069.779085
v 4.791667 20.000000 1069.779085
v 5.000000 20.000000 1069.779085
v -5.000000 20.000000 1078.476476
v -4.791667 20.000000 1078.476476
v -4.583333 20.000000 1078.476476
v -4.375000 20.000000 1078.476476
v -4.166667 20.000000 1078.476476
v -3.958333 20.000000 1078.476476
v -3.750000 20.000000 1078.476476
v -3.541667 20.000000 1078.476476
v -3.333333 20.000000 1078.476476
v -3.125000 20.000000 1078.476476
v -2.916667 20.000000 1078.476476
v -2.708333 20.000000 1078.476476
v -2.500000 20.000000 1078.476476
v -2.291667 20.000000 1078.476476
v -2.083333 20.000000 1078.476476
v -1.875000 20.000000 1078.476476
v -1.666667 20.000000 1078.476476
v -1.458333 20.000000 1078.476476
v -1.250000 20.000000 1078.476476
v -1.041667 20.000000 1078.476476
v -0.833333 20.000000 1078.476476
v -0.625000 20.000000 1078.476476
v -0.416667 20.000000 1078.476476
v -0.208333 20.000000 1078.476476
v 0.000000 20.000000 1078.476476
v 0.208333 20.000000 1078.476476
v 0.416667 20.000000 1078.476476
v 0.625000 20.000000 1078.476476
v 0.833333 20.000000 1078.476476
v 1.041667 20.000000 1078.476476
v 1.250000 20.000000 1078.476476
v 1.458333 20.000000 1078.476476
v 1.666667 20.000000 1078.476476
v 1.875000 20.000000 1078.476476
v 2.083333 20.000000 1078.476476
v 2.291667 20.000000 1078.476476
v 2.500000 20.000000 1078.476476
v 2.708333 20.000000 1078.476476
v 2.916667 20.000000 1078.476476
v 3.125000 20.000000 1078.476476
v 3.333333 20.000000 1078.476476
v 3.541667 20.000000 1078.476476
v 3.750000 20.000000 1078.476476
v 3.958333 20.000000 1078.476476
v 4.166667 20.000000 1078.476476
v 4.375000 20.000000 1078.476476
v 4.583333 20.000000 1078.476476
v 4.791667 20.000000 1078.476476
v 5.000000 20.000000 1078.476476
v -5.000000 20.000000 1087.173867
v -4.791667 20.000000 1087.173867
v -4.583333 20.000000 1087.173867
v -4.375000 20.000000 1087.173867
v -4.166667 20.000000 1087.173867
v -3.958333 20.000000 1087.173867
v -3.750000 20.000000 1087.173867
v -3.541667 20.000000 1087.173867
v -3.333333 20.000000 1087.173867
v -3.125000 20.000000 1087.173867
v -2.916667 20.000000 1087.173867
v -2.708333 20.000000 1087.173867
v -2.500000 20.000000 1087.173867
v -2.291667 20.000000 1087.173867
v -2.083333 20.000000 1087.173867
v -1.875000 20.000000 1087.173867
v -1.666667 20.000000 1087.173867
v -1.458333 20.000000 1087.173867
v -1.250000 20.000000 1087.173867
v -1.041667 20.000000 1087.173867
v -0.833333 20.000000 1087.173867
v -0.625000 20.000000 1087.173867
v -0.416667 20.000000 1087.173867
v -0.208333 20.000000 1087.173867
v 0.000000 20.000000 1087.173867
v 0.208333 20.000000 1087.173867
v 0.416667 20.000000 1087.173867
v 0.625000 20.000000 1087.173867
v 0.833333 20.000000 1087.173867
v 1.041667 20.000000 1087.173867
v 1.250000 20.000000 1087.173867
v 1.458333 20.000000 1087.173867
v 1.666667 20.000000 1087.173867
v 1.875000 20.000000 1087.173867
v 2.083333 20.000000 1087.173867
v 2.291667 20.000000 1087.173867
v 2.500000 20.000000 1087.173867
v 2.708333 20.000000 1087.173867
v 2.916667 20.000000 1087.173867
v 3.125000 20.000000 1087.173867
v 3.333333 20.000000 1087.173867
v 3.541667 20.000000 1087.173867
v 3.750000 20.000000 1087.173867
v 3.958333 20.000000 1087.173867
v 4.166667 20.000000 1087.173867
v 4.375000 20.000000 1087.173867
v 4.583333 20.000000 1087.173867
v 4.791667 20.000000 1087.173867
v 5.000000 20.000000 1087.173867
v -5.000000 20.000000 1095.871258
v -4.791667 20.000000 1095.871258
v -4.583333 20.000000 1095.871258
v -4.375000 20.000000 1095.871258
v -4.166667 20.000000 1095.871258
v -3.958333 20.000000 1095.871258
v -3.750000 20.000000 1095.871258
v -3.541667 20.000000 1095.871258
v -3.333333 20.000000 1095.871258
v -3.125000 20.000000 1095.871258
v -2.916667 20.000000 1095.871258
v -2.708333 20.000000 1095.871258
v -2.500000 20.000000 1095.871258
v -2.291667 20.000000 1095.871258
v -2.083333 20.000000 1095.871258
v -1.875000 20.000000 1095.871258
v -1.666667 20.000000 1095.871258
v -1.458333 20.000000 1095.871258
v -1.250000 20.000000 1095.871258
v -1.041667 20.000000 1095.871258
v -0.833333 20.000000 1095.871258
v -0.625000 20.000000 1095.871258
v -0.416667 20.000000 1095.871258
v -0.208333 20.000000 1095.871258
v 0.000000 20.000000 1095.871258
v 0.208333 20.000000 1095.871258
v 0.416667 20.000000 1095.871258
v 0.625000 20.000000 1095.871258
v 0.833333 20.000000 1095.871258
v 1.041667 20.000000 1095.871258
v 1.250000 20.000000 1095.871258
v 1.458333 20.000000 1095.871258
v 1.666667 20.000000 1095.871258
v 1.875000 20.000000 1095.871258
v 2.083333 20.000000 1095.871258
v 2.291667 20.000000 1095.871258
v 2.500000 20.000000 1095.871258
v 2.708333 20.000000 1095.871258
v 2.916667 20.000000 1095.871258
v 3.125000 20.000000 1095.871258
v 3.333333 20.000000 1095.871258
v 3.541667 20.000000 1095.871258
v 3.750000 20.000000 1095.871258
v 3.958333 20.000000 1095.871258
v 4.166667 20.000000 1095.871258
v 4.375000 20.000000 1095.871258
v 4.583333 20.000000 1095.871258
v 4.791667 20.000000 1095.871258
v 5.000000 20.000000 1095.871258
v -5.000000 20.000000 1104.568649
v -4.791667 20.000000 1104.568649
v -4.583333 20.000000 1104.568649
v -4.375000 20.000000 1104.568649
v -4.166667 20.000000 1104.568649
v -3.958333 20.000000 1104.568649
v -3.750000 20.000000 1104.568649
v -3.541667 20.000000 1104.568649
v -3.333333 20.000000 1104.568649
v -3.125000 20.000000 1104.568649
v -2.916667 20.000000 1104.568649
v -2.708333 20.000000 1104.568649
v -2.500000 20.000000 1104.568649
v -2.291667 20.000000 1104.568649
v -2.083333 20.000000 1104.568649
v -1.875000 20.000000 1104.568649
v -1.666667 20.000000 1104.568649
v -1.458333 20.000000 1104.568649
v -1.250000 20.000000 1104.568649
v -1.041667 20.000000 1104.568649
v -0.833333 20.000000 1104.568649
v -0.625000 20.000000 1104.568649
v -0.416667 20.000000 1104.568649
v -0.208333 20.000000 1104.568649
v 0.000000 20.000000 1104.568649
v 0.208333 20.000000 1104.568649
v 0.416667 20.000000 1104.568649
v 0.625000 20.000000 1104.568649
v 0.833333 20.000000 1104.568649
v 1.041667 20.000000 1104.568649
v 1.250000 20.000000 1104.568649
v 1.458333 20.000000 1104.568649
v 1.666667 20.000000 1104.568649
v 1.875000 20.000000 1104.568649
v 2.083333 20.000000 1104.568649
v 2.291667 20.000000 1104.568649
v 2.500000 20.000000 1104.568649
v 2.708333 20.000000 1104.568649
v 2.916667 20.000000 1104.568649
v 3.125000 20.000000 1104.568649
v 3.333333 20.000000 1104.568649
v 3.541667 20.000000 1104.568649
v 3.750000 20.000000 1104.568649
v 3.958333 20.000000 1104.568649
v 4.166667 20.000000 1104.568649
v 4.375000 20.000000 1104.568649
v 4.583333 20.000000 1104.568649
v 4.791667 20.000000 1104.568649
v 5.000000 20.000000 1104.568649
v -5.000000 20.000000 1113.266040
v -4.791667 20.000000 1113.266040
v -4.583333 20.000000 1113.266040
v -4.375000 20.000000 1113.266040
v -4.166667 20.000000 1113.266040
v -3.958333 20.000000 1113.266040
v -3.750000 20.000000 1113.266040
v -3.541667 20.000000 1113.266040
v -3.333333 20.000000 1113.266040
v -3.125000 20.000000 1113.266040
v -2.916667 20.000000 1113.266040
v -2.708333 20.000000 1113.266040
v -2.500000 20.000000 1113.266040
v -2.291667 20.000000 1113.266040
v -2.083333 20.000000 1113.266040
v -1.875000 20.000000 1113.266040
v -1.666667 20.000000 1113.266040
v -1.458333 20.000000 1113.266040
v -1.250000 20.000000 1113.266040
v -1.041667 20.000000 1113.266040
v -0.833333 20.000000 1113.266040
v -0.625000 20.000000 1113.266040
v -0.416667 20.000000 1113.266040
v -0.208333 20.000000 1113.266040
v 0.000000 20.000000 1113.266040
v 0.208333 20.000000 1113.266040
v 0.416667 20.000000 1113.266040
v 0.625000 20.000000 1113.266040
v 0.833333 20.000000 1113.266040
v 1.041667 20.000000 1113.266040
v 1.250000 20.000000 1113.266040
v 1.458333 20.000000 1113.266040
v 1.666667 20.000000 1113.266040
v 1.875000 20.000000 1113.266040
v 2.083333 20.000000 1113.266040
v 2.291667 20.000000 1113.266040
v 2.500000 20.000000 1113.266040
v 2.708333 20.000000 1113.266040
v 2.916667 20.000000 1113.266040
v 3.125000 20.000000 1113.266040
v 3.333333 20.000000 1113.266040
v 3.541667 20.000000 1113.266040
v 3.750000 20.000000 1113.266040
v 3.958333 20.000000 1113.266040
v 4.166667 20.000000 1113.266040
v 4.375000 20.000000 1113.266040
v 4.583333 20.000000 1113.266040
v 4.791667 20.000000 1113.266040
v 5.000000 20.000000 1113.266040
f 6273 6322 6323
f 6273 6323 6274
f 18866 18867 18916
f 18866 18916 18915
f 6274 6323 6324
f 6274 6324 6275
f 18867 18868 18917
f 18867 18917 18916
f 6275 6324 6325
f 6275 6325 6276
f 18868 18869 18918
f 18868 18918 18917
f 6276 6325 6326
f 6276 6326 6277
f 18869 18870 18919
f 18869 18919 18918
f 6277 6326 6327
f 6277 6327 6278
f 18870 18871 18920
f 18870 18920 18919
f 6278 6327 6328
f 6278 6328 6279
f 18871 18872 18921
f 18871 18921 18920
f 6279 6328 6329
f 6279 6329 6280
f 18872 18873 18922
f 18872 18922 18921
f 6280 6329 6330
f 6280 6330 6281
f 18873 18874 18923
f 18873 18923 18922
f 6281 6330 6331
f 6281 6331 6282
f 18874 18875 18924
f 18874 18924 18923
f 6282 6331 6332
f 6282 6332 6283
f 18875 18876 18925
f 18875 18925 18924
f 6283 6332 6333
f 6283 6333 6284
f 18876 18877 18926
f 18876 18926 18925
f 6284 6333 6334
f 6284 6334 6285
f 18877 18878 18927
f 18877 18927 18926
f 6285 6334 6335
f 6285 6335 6286
f 18878 18879 18928
f 18878 18928 18927
f 6286 6335 6336
f 6286 6336 6287
f 18879 18880 18929
f 18879 18929 18928
f 6287 6336 6337
f 6287 6337 6288
f 18880 18881 18930
f 18880 18930 18929
f 6288 6337 6338
f 6288 6338 6289
f 18881 18882 18931
f 18881 18931 18930
f 6289 6338 6339
f 6289 6339 6290
f 18882 18883 18932
f 18882 18932 18931
f 6290 6339 6340
f 6290 6340 6291
f 18883 18884 18933
f 18883 18933 18932
f 6291 6340 6341
f 6291 6341 6292
f 18884 18885 18934
f 18884 18934 18933
f 6292 6341 6342
f 6292 6342 6293
f 18885 18886 18935
f 18885 18935 18934
f 6293 6342 6343
f 6293 6343 6294
f 18886 18887 18936
f 18886 18936 18935
f 6294 6343 6344
f 6294 6344 6295
f 18887 18888 18937
f 18887 18937 18936
f 6295 6344 6345
f 6295 6345 6296
f 18888 18889 18938
f 18888 18938 18937
f 6296 6345 6346
f 6296 6346 6297
f 18889 18890 18939
f 18889 18939 18938
f 6297 6346 6347
f 6297 6347 6298
f 18890 18891 18940
f 18890 18940 18939
f 6298 6347 6348
f 6298 6348 6299
f 18891 18892 18941
f 18891 18941 18940
f 6299 6348 6349
f 6299 6349 6300
f 18892 18893 18942
f 18892 18942 18941
f 6300 6349 6350
f 6300 6350 6301
f 18893 18894 18943
f 18893 18943 18942
f 6301 6350 6351
f 6301 6351 6302
f 18894 18895 18944
f 18894 18944 18943
f 6302 6351 6352
f 6302 6352 6303
f 18895 18896 18945
f 18895 18945 18944
f 6303 6352 6353
f 6303 6353 6304
f 18896 18897 18946
f 18896 18946 18945
f 6304 6353 6354
f 6304 6354 6305
f 18897 18898 18947
f 18897 18947 18946
f 6305 6354 6355
f 6305 6355 6306
f 18898 18899 18948
f 18898 18948 18947
f 6306 6355 6356
f 6306 6356 6307
f 18899 18900 18949
f 18899 18949 18948
f 6307 6356 6357
f 6307 6357 6308
f 18900 18901 18950
f 18900 18950 18949
f 6308 6357 6358
f 6308 6358 6309
f 18901 18902 18951
f 18901 18951 18950
f 6309 6358 6359
f 6309 6359 6310
f 18902 18903 18952
f 18902 18952 18951
f 6310 6359 6360
f 6310 6360 6311
f 18903 18904 18953
f 18903 18953 18952
f 6311 6360 6361
f 6311 6361 6312
f 18904 18905 18954
f 18904 18954 18953
f 6312 6361 6362
f 6312 6362 6313
f 18905 18906 18955
f 18905 18955 18954
f 6313 6362 6363
f 6313 6363 6314
f 18906 18907 18956
f 18906 18956 18955
f 6314 6363 6364
f 6314 6364 6315
f 18907 18908 18957
f 18907 18957 18956
f 6315 6364 6365
f 6315 6365 6316
f 18908 18909 18958
f 18908 18958 18957
f 6316 6365 6366
f 6316 6366 6317
f 18909 18910 18959
f 18909 18959 18958
f 6317 6366 6367
f 6317 6367 6318
f 18910 18911 18960
f 18910 18960 18959
f 6318 6367 6368
f 6318 6368 6319
f 18911 18912 18961
f 18911 18961 18960
f 6319 6368 6369
f 6319 6369 6320
f 18912 18913 18962
f 18912 18962 18961
f 6320 6369 6370
f 6320 6370 6321
f 18913 18914 18963
f 18913 18963 18962
f 6322 6371 6372
f 6322 6372 6323
f 18915 18916 18965
f 18915 18965 18964
f 6323 6372 6373
f 6323 6373 6324
f 18916 18917 18966
f 18916 18966 18965
f 6324 6373 6374
f 6324 6374 6325
f 18917 18918 18967
f 18917 18967 18966
f 6325 6374 6375
f 6325 6375 6326
f 18918 18919 18968
f 18918 18968 18967
f 6326 6375 6376
f 6326 6376 6327
f 18919 18920 18969
f 18919 18969 18968
f 6327 6376 6377
f 6327 6377 6328
f 18920 18921 18970
f 18920 18970 18969
f 6328 6377 6378
f 6328 6378 6329
f 18921 18922 18971
f 18921 18971 18970
f 6329 6378 6379
f 6329 6379 6330
f 18922 18923 18972
f 18922 18972 18971
f 6330 6379 6380
f 6330 6380 6331
f 18923 18924 18973
f 18923 18973 18972
f 6331 6380 6381
f 6331 6381 6332
f 18924 18925 18974
f 18924 18974 18973
f 6332 6381 6382
f 6332 6382 6333
f 18925 18926 18975
f 18925 18975 18974
f 6333 6382 6383
f 6333 6383 6334
f 18926 18927 18976
f 18926 18976 18975
f 6334 6383 6384
f 6334 6384 6335
f 18927 18928 18977
f 18927 18977 18976
f 6335 6384 6385
f 6335 6385 6336
f 18928 18929 18978
f 18928 18978 18977
f 6336 6385 6386
f 6336 6386 6337
f 18929 18930 18979
f 18929 18979 18978
f 6337 6386 6387
f 6337 6387 6338
f 18930 18931 18980
f 18930 18980 18979
f 6338 6387 6388
f 6338 6388 6339
f 18931 18932 18981
f 18931 18981 18980
f 6339 6388 6389
f 6339 6389 6340
f 18932 18933 18982
f 18932 18982 18981
f 6340 6389 6390
f 6340 6390 6341
f 18933 18934 18983
f 18933 18983 18982
f 6341 6390 6391
f 6341 6391 6342
f 18934 18935 18984
f 18934 18984 18983
f 6342 6391 6392
f 6342 6392 6343
f 18935 18936 18985
f 18935 18985 18984
f 6343 6392 6393
f 6343 6393 6344
f 18936 18937 18986
f 18936 18986 18985
f 6344 6393 6394
f 6344 6394 6345
f 18937 18938 18987
f 18937 18987 18986
f 6345 6394 6395
f 6345 6395 6346
f 18938 18939 18988
f 18938 18988 18987
f 6346 6395 6396
f 6346 6396 6347
f 18939 18940 18989
f 18939 18989 18988
f 6347 6396 6397
f 6347 6397 6348
f 18940 18941 18990
f 18940 18990 18989
f 6348 6397 6398
f 6348 6398 6349
f 18941 18942 18991
f 18941 18991 18990
f 6349 6398 6399
f 6349 6399 6350
f 18942 18943 18992
f 18942 18992 18991
f 6350 6399 6400
f 6350 6400 6351
f 18943 18944 18993
f 18943 18993 18992
f 6351 6400 6401
f 6351 6401 6352
f 18944 18945 18994
f 18944 18994 18993
f 6352 6401 6402
f 6352 6402 6353
f 18945 18946 18995
f 18945 18995 18994
f 6353 6402 6403
f 6353 6403 6354
f 18946 18947 18996
f 18946 18996 18995
f 6354 6403 6404
f 6354 6404 6355
f 18947 18948 18997
f 18947 18997 18996
f 6355 6404 6405
f 6355 6405 6356
f 18948 18949 18998
f 18948 18998 18997
f 6356 6405 6406
f 6356 6406 6357
f 18949 18950 18999
f 18949 18999 18998
f 6357 6406 6407
f 6357 6407 6358
f 18950 18951 19000
f 18950 19000 18999
f 6358 6407 6408
f 6358 6408 6359
f 18951 18952 19001
f 18951 19001 19000
f 6359 6408 6409
f 6359 6409 6360
f 18952 18953 19002
f 18952 19002 19001
f 6360 6409 6410
f 6360 6410 6361
f 18953 18954 19003
f 18953 19003 19002
f 6361 6410 6411
f 6361 6411 6362
f 18954 18955 19004
f 18954 19004 19003
f 6362 6411 6412
f 6362 6412 6363
f 18955 18956 19005
f 18955 19005 19004
f 6363 6412 6413
f 6363 6413 6364
f 18956 18957 19006
f 18956 19006 19005
f 6364 6413 6414
f 6364 6414 6365
f 18957 18958 19007
f 18957 19007 19006
f 6365 6414 6415
f 6365 6415 6366
f 18958 18959 19008
f 18958 19008 19007
f 6366 6415 6416
f 6366 6416 6367
f 18959 18960 19009
f 18959 19009 19008
f 6367 6416 6417
f 6367 6417 6368
f 18960 18961 19010
f 18960 19010 19009
f 6368 6417 6418
f 6368 6418 6369
f 18961 18962 19011
f 18961 19011 19010
f 6369 6418 6419
f 6369 6419 6370
f 18962 18963 19012
f 18962 19012 19011
f 6371 6420 6421
f 6371 6421 6372
f 18964 18965 19014
f 18964 19014 19013
f 6372 6421 6422
f 6372 6422 6373
f 18965 18966 19015
f 18965 19015 19014
f 6373 6422 6423
f 6373 6423 6374
f 18966 18967 19016
f 18966 19016 19015
f 6374 6423 6424
f 6374 6424 6375
f 18967 18968 19017
f 18967 19017 19016
f 6375 6424 6425
f 6375 6425 6376
f 18968 18969 19018
f 18968 19018 19017
f 6376 6425 6426
f 6376 6426 6377
f 18969 18970 19019
f 18969 19019 19018
f 6377 6426 6427
f 6377 6427 6378
f 18970 18971 19020
f 18970 19020 19019
f 6378 6427 6428
f 6378 6428 6379
f 18971 18972 19021
f 18971 19021 19020
f 6379 6428 6429
f 6379 6429 6380
f 18972 18973 19022
f 18972 19022 19021
f 6380 6429 6430
f 6380 6430 6381
f 18973 18974 19023
f 18973 19023 19022
f 6381 6430 6431
f 6381 6431 6382
f 18974 18975 19024
f 18974 19024 19023
f 6382 6431 6432
f 6382 6432 6383
f 18975 18976 19025
f 18975 19025 19024
f 6383 6432 6433
f 6383 6433 6384
f 18976 18977 19026
f 18976 19026 19025
f 6384 6433 6434
f 6384 6434 6385
f 18977 18978 19027
f 18977 19027 19026
f 6385 6434 6435
f 6385 6435 6386
f 18978 18979 19028
f 18978 19028 19027
f 6386 6435 6436
f 6386 6436 6387
f 18979 18980 19029
f 18979 19029 19028
f 6387 6436 6437
f 6387 6437 6388
f 18980 18981 19030
f 18980 19030 19029
f 6388 6437 6438
f 6388 6438 6389
f 18981 18982 19031
f 18981 19031 19030
f 6389 6438 6439
f 6389 6439 6390
f 18982 18983 19032
f 18982 19032 19031
f 6390 6439 6440
f 6390 6440 6391
f 18983 18984 19033
f 18983 19033 19032
f 6391 6440 6441
f 6391 6441 6392
f 18984 18985 19034
f 18984 19034 19033
f 6392 6441 6442
f 6392 6442 6393
f 18985 18986 19035
f 18985 19035 19034
f 6393 6442 6443
f 6393 6443 6394
f 18986 18987 19036
f 18986 19036 19035
f 6394 6443 6444
f 6394 6444 6395
f 18987 18988 19037
f 18987 19037 19036
f 6395 6444 6445
f 6395 6445 6396
f 18988 18989 19038
f 18988 19038 19037
f 6396 6445 6446
f 6396 6446 6397
f 18989 18990 19039
f 18989 19039 19038
f 6397 6446 6447
f 6397 6447 6398
f 18990 18991 19040
f 18990 19040 19039
f 6398 6447 6448
f 6398 6448 6399
f 18991 18992 19041
f 18991 19041 19040
f 6399 6448 6449
f 6399 6449 6400
f 18992 18993 19042
f 18992 19042 19041
f 6400 6449 6450
f 6400 6450 6401
f 18993 18994 19043
f 18993 19043 19042
f 6401 6450 6451
f 6401 6451 6402
f 18994 18995 19044
f 18994 19044 19043
f 6402 6451 6452
f 6402 6452 6403
f 18995 18996 19045
f 18995 19045 19044
f 6403 6452 6453
f 6403 6453 6404
f 18996 18997 19046
f 18996 19046 19045
f 6404 6453 6454
f 6404 6454 6405
f 18997 18998 19047
f 18997 19047 19046
f 6405 6454 6455
f 6405 6455 6406
f 18998 18999 19048
f 18998 19048 19047
f 6406 6455 6456
f 6406 6456 6407
f 18999 19000 19049
f 18999 19049 19048
f 6407 6456 6457
f 6407 6457 6408
f 19000 19001 19050
f 19000 19050 19049
f 6408 6457 6458
f 6408 6458 6409
f 19001 19002 19051
f 19001 19051 19050
f 6409 6458 6459
f 6409 6459 6410
f 19002 19003 19052
f 19002 19052 19051
f 6410 6459 6460
f 6410 6460 6411
f 19003 19004 19053
f 19003 19053 19052
f 6411 6460 6461
f 6411 6461 6412
f 19004 19005 19054
f 19004 19054 19053
f 6412 6461 6462
f 6412 6462 6413
f 19005 19006 19055
f 19005 19055 19054
f 6413 6462 6463
f 6413 6463 6414
f 19006 19007 19056
f 19006 19056 19055
f 6414 6463 6464
f 6414 6464 6415
f 19007 19008 19057
f 19007 19057 19056
f 6415 6464 6465
f 6415 6465 6416
f 19008 19009 19058
f 19008 19058 19057
f 6416 6465 6466
f 6416 6466 6417
f 19009 19010 19059
f 19009 19059 19058
f 6417 6466 6467
f 6417 6467 6418
f 19010 19011 19060
f 19010 19060 19059
f 6418 6467 6468
f 6418 6468 6419
f 19011 19012 19061
f 19011 19061 19060
f 6420 6469 6470
f 6420 6470 6421
f 19013 19014 19063
f 19013 19063 19062
f 6421 6470 6471
f 6421 6471 6422
f 19014 19015 19064
f 19014 19064 19063
f 6422 6471 6472
f 6422 6472 6423
f 19015 19016 19065
f 19015 19065 19064
f 6423 6472 6473
f 6423 6473 6424
f 19016 19017 19066
f 19016 19066 19065
f 6424 6473 6474
f 6424 6474 6425
f 19017 19018 19067
f 19017 19067 19066
f 6425 6474 6475
f 6425 6475 6426
f 19018 19019 19068
f 19018 19068 19067
f 6426 6475 6476
f 6426 6476 6427
f 19019 19020 19069
f 19019 19069 19068
f 6427 6476 6477
f 6427 6477 6428
f 19020 19021 19070
f 19020 19070 19069
f 6428 6477 6478
f 6428 6478 6429
f 19021 19022 19071
f 19021 19071 19070
f 6429 6478 6479
f 6429 6479 6430
f 19022 19023 19072
f 19022 19072 19071
f 6430 6479 6480
f 6430 6480 6431
f 19023 19024 19073
f 19023 19073 19072
f 6431 6480 6481
f 6431 6481 6432
f 19024 19025 19074
f 19024 19074 19073
f 6432 6481 6482
f 6432 6482 6433
f 19025 19026 19075
f 19025 19075 19074
f 6433 6482 6483
f 6433 6483 6434
f 19026 19027 19076
f 19026 19076 19075
f 6434 6483 6484
f 6434 6484 6435
f 19027 19028 19077
f 19027 19077 19076
f 6435 6484 6485
f 6435 6485 6436
f 19028 19029 19078
f 19028 19078 19077
f 6436 6485 6486
f 6436 6486 6437
f 19029 19030 19079
f 19029 19079 19078
f 6437 6486 6487
f 6437 6487 6438
f 19030 19031 19080
f 19030 19080 19079
f 6438 6487 6488
f 6438 6488 6439
f 19031 19032 19081
f 19031 19081 19080
f 6439 6488 6489
f 6439 6489 6440
f 19032 19033 19082
f 19032 19082 19081
f 6440 6489 6490
f 6440 6490 6441
f 19033 19034 19083
f 19033 19083 19082
f 6441 6490 6491
f 6441 6491 6442
f 19034 19035 19084
f 19034 19084 19083
f 6442 6491 6492
f 6442 6492 6443
f 19035 19036 19085
f 19035 19085 19084
f 6443 6492 6493
f 6443 6493 6444
f 19036 19037 19086
f 19036 19086 19085
f 6444 6493 6494
f 6444 6494 6445
f 19037 19038 19087
f 19037 19087 19086
f 6445 6494 6495
f 6445 6495 6446
f 19038 19039 19088
f 19038 19088 19087
f 6446 6495 6496
f 6446 6496 6447
f 19039 19040 19089
f 19039 19089 19088
f 6447 6496 6497
f 6447 6497 6448
f 19040 19041 19090
f 19040 19090 19089
f 6448 6497 6498
f 6448 6498 6449
f 19041 19042 19091
f 19041 19091 19090
f 6449 6498 6499
f 6449 6499 6450
f 19042 19043 19092
f 19042 19092 19091
f 6450 6499 6500
f 6450 6500 6451
f 19043 19044 19093
f 19043 19093 19092
f 6451 6500 6501
f 6451 6501 6452
f 19044 19045 19094
f 19044 19094 19093
f 6452 6501 6502
f 6452 6502 6453
f 19045 19046 19095
f 19045 19095 19094
f 6453 6502 6503
f 6453 6503 6454
f 19046 19047 19096
f 19046 19096 19095
f 6454 6503 6504
f 6454 6504 6455
f 19047 19048 19097
f 19047 19097 19096
f 6455 6504 6505
f 6455 6505 6456
f 19048 19049 19098
f 19048 19098 19097
f 6456 6505 6506
f 6456 6506 6457
f 19049 19050 19099
f 19049 19099 19098
f 6457 6506 6507
f 6457 6507 6458
f 19050 19051 19100
f 19050 19100 19099
f 6458 6507 6508
f 6458 6508 6459
f 19051 19052 19101
f 19051 19101 19100
f 6459 6508 6509
f 6459 6509 6460
f 19052 19053 19102
f 19052 19102 19101
f 6460 6509 6510
f 6460 6510 6461
f 19053 19054 19103
f 19053 19103 19102
f 6461 6510 6511
f 6461 6511 6462
f 19054 19055 19104
f 19054 19104 19103
f 6462 6511 6512
f 6462 6512 6463
f 19055 19056 19105
f 19055 19105 19104
f 6463 6512 6513
f 6463 6513 6464
f 19056 19057 19106
f 19056 19106 19105
f 6464 6513 6514
f 6464 6514 6465
f 19057 19058 19107
f 19057 19107 19106
f 6465 6514 6515
f 6465 6515 6466
f 19058 19059 19108
f 19058 19108 19107
f 6466 6515 6516
f 6466 6516 6467
f 19059 19060 19109
f 19059 19109 19108
f 6467 6516 6517
f 6467 6517 6468
f 19060 19061 19110
f 19060 19110 19109
f 6322 18915 18866
f 6322 18866 6273
f 6371 18964 18915
f 6371 18915 6322
f 6420 19013 18964
f 6420 18964 6371
f 6469 19062 19013
f 6469 19013 6420
f 6321 18914 18963
f 6321 18963 6370
f 6370 18963 19012
f 6370 19012 6419
f 6419 19012 19061
f 6419 19061 6468
f 6468 19061 19110
f 6468 19110 6517
