o JSONAkashi_475
v -5.000000 1166.766040 -1113.266040
v -4.791667 1166.766040 -1113.266040
v -4.583333 1166.766040 -1113.266040
v -4.375000 1166.766040 -1113.266040
v -4.166667 1166.766040 -1113.266040
v -3.958333 1166.766040 -1113.266040
v -3.750000 1166.766040 -1113.266040
v -3.541667 1166.766040 -1113.266040
v -3.333333 1166.766040 -1113.266040
v -3.125000 1166.766040 -1113.266040
v -2.916667 1166.766040 -1113.266040
v -2.708333 1166.766040 -1113.266040
v -2.500000 1166.766040 -1113.266040
v -2.291667 1166.766040 -1113.266040
v -2.083333 1166.766040 -1113.266040
v -1.875000 1166.766040 -1113.266040
v -1.666667 1166.766040 -1113.266040
v -1.458333 1166.766040 -1113.266040
v -1.250000 1166.766040 -1113.266040
v -1.041667 1166.766040 -1113.266040
v -0.833333 1166.766040 -1113.266040
v -0.625000 1166.766040 -1113.266040
v -0.416667 1166.766040 -1113.266040
v -0.208333 1166.766040 -1113.266040
v 0.000000 1166.766040 -1113.266040
v 0.208333 1166.766040 -1113.266040
v 0.416667 1166.766040 -1113.266040
v 0.625000 1166.766040 -1113.266040
v 0.833333 1166.766040 -1113.266040
v 1.041667 1166.766040 -1113.266040
v 1.250000 1166.766040 -1113.266040
v 1.458333 1166.766040 -1113.266040
v 1.666667 1166.766040 -1113.266040
v 1.875000 1166.766040 -1113.266040
v 2.083333 1166.766040 -1113.266040
v 2.291667 1166.766040 -1113.266040
v 2.500000 1166.766040 -1113.266040
v 2.708333 1166.766040 -1113.266040
v 2.916667 1166.766040 -1113.266040
v 3.125000 1166.766040 -1113.266040
v 3.333333 1166.766040 -1113.266040
v 3.541667 1166.766040 -1113.266040
v 3.750000 1166.766040 -1113.266040
v 3.958333 1166.766040 -1113.266040
v 4.166667 1166.766040 -1113.266040
v 4.375000 1166.766040 -1113.266040
v 4.583333 1166.766040 -1113.266040
v 4.791667 1166.766040 -1113.266040
v 5.000000 1166.766040 -1113.266040
v -5.000000 1158.068649 -1104.568649
v -4.791667 1158.068649 -1104.568649
v -4.583333 1158.068649 -1104.568649
v -4.375000 1158.068649 -1104.568649
v -4.166667 1158.068649 -1104.568649
v -3.958333 1158.068649 -1104.568649
v -3.750000 1158.068649 -1104.568649
v -3.541667 1158.068649 -1104.568649
v -3.333333 1158.068649 -1104.568649
v -3.125000 1158.068649 -1104.568649
v -2.916667 1158.068649 -1104.568649
v -2.708333 1158.068649 -1104.568649
v -2.500000 1158.068649 -1104.568649
v -2.291667 1158.068649 -1104.568649
v -2.083333 1158.068649 -1104.568649
v -1.875000 1158.068649 -1104.568649
v -1.666667 1158.068649 -1104.568649
v -1.458333 1158.068649 -1104.568649
v -1.250000 1158.068649 -1104.568649
v -1.041667 1158.068649 -1104.568649
v -0.833333 1158.068649 -1104.568649
v -0.625000 1158.068649 -1104.568649
v -0.416667 1158.068649 -1104.568649
v -0.208333 1158.068649 -1104.568649
v 0.000000 1158.068649 -1104.568649
v 0.208333 1158.068649 -1104.568649
v 0.416667 1158.068649 -1104.568649
v 0.625000 1158.068649 -1104.568649
v 0.833333 1158.068649 -1104.568649
v 1.041667 1158.068649 -1104.568649
v 1.250000 1158.068649 -1104.568649
v 1.458333 1158.068649 -1104.568649
v 1.666667 1158.068649 -1104.568649
v 1.875000 1158.068649 -1104.568649
v 2.083333 1158.068649 -1104.568649
v 2.291667 1158.068649 -1104.568649
v 2.500000 1158.068649 -1104.568649
v 2.708333 1158.068649 -1104.568649
v 2.916667 1158.068649 -1104.568649
v 3.125000 1158.068649 -1104.568649
v 3.333333 1158.068649 -1104.568649
v 3.541667 1158.068649 -1104.568649
v 3.750000 1158.068649 -1104.568649
v 3.958333 1158.068649 -1104.568649
v 4.166667 1158.068649 -1104.568649
v 4.375000 1158.068649 -1104.568649
v 4.583333 1158.068649 -1104.568649
v 4.791667 1158.068649 -1104.568649
v 5.000000 1158.068649 -1104.568649
v -5.000000 1149.371258 -1095.871258
v -4.791667 1149.371258 -1095.871258
v -4.583333 1149.371258 -1095.871258
v -4.375000 1149.371258 -1095.871258
v -4.166667 1149.371258 -1095.871258
v -3.958333 1149.371258 -1095.871258
v -3.750000 1149.371258 -1095.871258
v -3.541667 1149.371258 -1095.871258
v -3.333333 1149.371258 -1095.871258
v -3.125000 1149.371258 -1095.871258
v -2.916667 1149.371258 -1095.871258
v -2.708333 1149.371258 -1095.871258
v -2.500000 1149.371258 -1095.871258
v -2.291667 1149.371258 -1095.871258
v -2.083333 1149.371258 -1095.871258
v -1.875000 1149.371258 -1095.871258
v -1.666667 1149.371258 -1095.871258
v -1.458333 1149.371258 -1095.871258
v -1.250000 1149.371258 -1095.871258
v -1.041667 1149.371258 -1095.871258
v -0.833333 1149.371258 -1095.871258
v -0.625000 1149.371258 -1095.871258
v -0.416667 1149.371258 -1095.871258
v -0.208333 1149.371258 -1095.871258
v 0.000000 1149.371258 -1095.871258
v 0.208333 1149.371258 -1095.871258
v 0.416667 1149.371258 -1095.871258
v 0.625000 1149.371258 -1095.871258
v 0.833333 1149.371258 -1095.871258
v 1.041667 1149.371258 -1095.871258
v 1.250000 1149.371258 -1095.871258
v 1.458333 1149.371258 -1095.871258
v 1.666667 1149.371258 -1095.871258
v 1.875000 1149.371258 -1095.871258
v 2.083333 1149.371258 -1095.871258
v 2.291667 1149.371258 -1095.871258
v 2.500000 1149.371258 -1095.871258
v 2.708333 1149.371258 -1095.871258
v 2.916667 1149.371258 -1095.871258
v 3.125000 1149.371258 -1095.871258
v 3.333333 1149.371258 -1095.871258
v 3.541667 1149.371258 -1095.871258
v 3.750000 1149.371258 -1095.871258
v 3.958333 1149.371258 -1095.871258
v 4.166667 1149.371258 -1095.871258
v 4.375000 1149.371258 -1095.871258
v 4.583333 1149.371258 -1095.871258
v 4.791667 1149.371258 -1095.871258
v 5.000000 1149.371258 -1095.871258
v -5.000000 1140.673867 -1087.173867
v -4.791667 1140.673867 -1087.173867
v -4.583333 1140.673867 -1087.173867
v -4.375000 1140.673867 -1087.173867
v -4.166667 1140.673867 -1087.173867
v -3.958333 1140.673867 -1087.173867
v -3.750000 1140.673867 -1087.173867
v -3.541667 1140.673867 -1087.173867
v -3.333333 1140.673867 -1087.173867
v -3.125000 1140.673867 -1087.173867
v -2.916667 1140.673867 -1087.173867
v -2.708333 1140.673867 -1087.173867
v -2.500000 1140.673867 -1087.173867
v -2.291667 1140.673867 -1087.173867
v -2.083333 1140.673867 -1087.173867
v -1.875000 1140.673867 -1087.173867
v -1.666667 1140.673867 -1087.173867
v -1.458333 1140.673867 -1087.173867
v -1.250000 1140.673867 -1087.173867
v -1.041667 1140.673867 -1087.173867
v -0.833333 1140.673867 -1087.173867
v -0.625000 1140.673867 -1087.173867
v -0.416667 1140.673867 -1087.173867
v -0.208333 1140.673867 -1087.173867
v 0.000000 1140.673867 -1087.173867
v 0.208333 1140.673867 -1087.173867
v 0.416667 1140.673867 -1087.173867
v 0.625000 1140.673867 -1087.173867
v 0.833333 1140.673867 -1087.173867
v 1.041667 1140.673867 -1087.173867
v 1.250000 1140.673867 -1087.173867
v 1.458333 1140.673867 -1087.173867
v 1.666667 1140.673867 -1087.173867
v 1.875000 1140.673867 -1087.173867
v 2.083333 1140.673867 -1087.173867
v 2.291667 1140.673867 -1087.173867
v 2.500000 1140.673867 -1087.173867
v 2.708333 1140.673867 -1087.173867
v 2.916667 1140.673867 -1087.173867
v 3.125000 1140.673867 -1087.173867
v 3.333333 1140.673867 -1087.173867
v 3.541667 1140.673867 -1087.173867
v 3.750000 1140.673867 -1087.173867
v 3.958333 1140.673867 -1087.173867
v 4.166667 1140.673867 -1087.173867
v 4.375000 1140.673867 -1087.173867
v 4.583333 1140.673867 -1087.173867
v 4.791667 1140.673867 -1087.173867
v 5.000000 1140.673867 -1087.173867
v -5.000000 1131.976476 -1078.476476
v -4.791667 1131.976476 -1078.476476
v -4.583333 1131.976476 -1078.476476
v -4.375000 1131.976476 -1078.476476
v -4.166667 1131.976476 -1078.476476
v -3.958333 1131.976476 -1078.476476
v -3.750000 1131.976476 -1078.476476
v -3.541667 1131.976476 -1078.476476
v -3.333333 1131.976476 -1078.476476
v -3.125000 1131.976476 -1078.476476
v -2.916667 1131.976476 -1078.476476
v -2.708333 1131.976476 -1078.476476
v -2.500000 1131.976476 -1078.476476
v -2.291667 1131.976476 -1078.476476
v -2.083333 1131.976476 -1078.476476
v -1.875000 1131.976476 -1078.476476
v -1.666667 1131.976476 -1078.476476
v -1.458333 1131.976476 -1078.476476
v -1.250000 1131.976476 -1078.476476
v -1.041667 1131.976476 -1078.476476
v -0.833333 1131.976476 -1078.476476
v -0.625000 1131.976476 -1078.476476
v -0.416667 1131.976476 -1078.476476
v -0.208333 1131.976476 -1078.476476
v 0.000000 1131.976476 -1078.476476
v 0.208333 1131.976476 -1078.476476
v 0.416667 1131.976476 -1078.476476
v 0.625000 1131.976476 -1078.476476
v 0.833333 1131.976476 -1078.476476
v 1.041667 1131.976476 -1078.476476
v 1.250000 1131.976476 -1078.476476
v 1.458333 1131.976476 -1078.476476
v 1.666667 1131.976476 -1078.476476
v 1.875000 1131.976476 -1078.476476
v 2.083333 1131.976476 -1078.476476
v 2.291667 1131.976476 -1078.476476
v 2.500000 1131.976476 -1078.476476
v 2.708333 1131.976476 -1078.476476
v 2.916667 1131.976476 -1078.476476
v 3.125000 1131.976476 -1078.476476
v 3.333333 1131.976476 -1078.476476
v 3.541667 1131.976476 -1078.476476
v 3.750000 1131.976476 -1078.476476
v 3.958333 1131.976476 -1078.476476
v 4.166667 1131.976476 -1078.476476
v 4.375000 1131.976476 -1078.476476
v 4.583333 1131.976476 -1078.476476
v 4.791667 1131.976476 -1078.476476
v 5.000000 1131.976476 -1078.476476
v -5.000000 1123.279085 -1069.779085
v -4.791667 1123.279085 -1069.779085
v -4.583333 1123.279085 -1069.779085
v -4.375000 1123.279085 -1069.779085
v -4.166667 1123.279085 -1069.779085
v -3.958333 1123.279085 -1069.779085
v -3.750000 1123.279085 -1069.779085
v -3.541667 1123.279085 -1069.779085
v -3.333333 1123.279085 -1069.779085
v -3.125000 1123.279085 -1069.779085
v -2.916667 1123.279085 -1069.779085
v -2.708333 1123.279085 -1069.779085
v -2.500000 1123.279085 -1069.779085
v -2.291667 1123.279085 -1069.779085
v -2.083333 1123.279085 -1069.779085
v -1.875000 1123.279085 -1069.779085
v -1.666667 1123.279085 -1069.779085
v -1.458333 1123.279085 -1069.779085
v -1.250000 1123.279085 -1069.779085
v -1.041667 1123.279085 -1069.779085
v -0.833333 1123.279085 -1069.779085
v -0.625000 1123.279085 -1069.779085
v -0.416667 1123.279085 -1069.779085
v -0.208333 1123.279085 -1069.779085
v 0.000000 1123.279085 -1069.779085
v 0.208333 1123.279085 -1069.779085
v 0.416667 1123.279085 -1069.779085
v 0.625000 1123.279085 -1069.779085
v 0.833333 1123.279085 -1069.779085
v 1.041667 1123.279085 -1069.779085
v 1.250000 1123.279085 -1069.779085
v 1.458333 1123.279085 -1069.779085
v 1.666667 1123.279085 -1069.779085
v 1.875000 1123.279085 -1069.779085
v 2.083333 1123.279085 -1069.779085
v 2.291667 1123.279085 -1069.779085
v 2.500000 1123.279085 -1069.779085
v 2.708333 1123.279085 -1069.779085
v 2.916667 1123.279085 -1069.779085
v 3.125000 1123.279085 -1069.779085
v 3.333333 1123.279085 -1069.779085
v 3.541667 1123.279085 -1069.779085
v 3.750000 1123.279085 -1069.779085
v 3.958333 1123.279085 -1069.779085
v 4.166667 1123.279085 -1069.779085
v 4.375000 1123.279085 -1069.779085
v 4.583333 1123.279085 -1069.779085
v 4.791667 1123.279085 -1069.779085
v 5.000000 1123.279085 -1069.779085
v -5.000000 1114.581694 -1061.081694
v -4.791667 1114.581694 -1061.081694
v -4.583333 1114.581694 -1061.081694
v -4.375000 1114.581694 -1061.081694
v -4.166667 1114.581694 -1061.081694
v -3.958333 1114.581694 -1061.081694
v -3.750000 1114.581694 -1061.081694
v -3.541667 1114.581694 -1061.081694
v -3.333333 1114.581694 -1061.081694
v -3.125000 1114.581694 -1061.081694
v -2.916667 1114.581694 -1061.081694
v -2.708333 1114.581694 -1061.081694
v -2.500000 1114.581694 -1061.081694
v -2.291667 1114.581694 -1061.081694
v -2.083333 1114.581694 -1061.081694
v -1.875000 1114.581694 -1061.081694
v -1.666667 1114.581694 -1061.081694
v -1.458333 1114.581694 -1061.081694
v -1.250000 1114.581694 -1061.081694
v -1.041667 1114.581694 -1061.081694
v -0.833333 1114.581694 -1061.081694
v -0.625000 1114.581694 -1061.081694
v -0.416667 1114.581694 -1061.081694
v -0.208333 1114.581694 -1061.081694
v 0.000000 1114.581694 -1061.081694
v 0.208333 1114.581694 -1061.081694
v 0.416667 1114.581694 -1061.081694
v 0.625000 1114.581694 -1061.081694
v 0.833333 1114.581694 -1061.081694
v 1.041667 1114.581694 -1061.081694
v 1.250000 1114.581694 -1061.081694
v 1.458333 1114.581694 -1061.081694
v 1.666667 1114.581694 -1061.081694
v 1.875000 1114.581694 -1061.081694
v 2.083333 1114.581694 -1061.081694
v 2.291667 1114.581694 -1061.081694
v 2.500000 1114.581694 -1061.081694
v 2.708333 1114.581694 -1061.081694
v 2.916667 1114.581694 -1061.081694
v 3.125000 1114.581694 -1061.081694
v 3.333333 1114.581694 -1061.081694
v 3.541667 1114.581694 -1061.081694
v 3.750000 1114.581694 -1061.081694
v 3.958333 1114.581694 -1061.081694
v 4.166667 1114.581694 -1061.081694
v 4.375000 1114.581694 -1061.081694
v 4.583333 1114.581694 -1061.081694
v 4.791667 1114.581694 -1061.081694
v 5.000000 1114.581694 -1061.081694
v -5.000000 1105.884304 -1052.384304
v -4.791667 1105.884304 -1052.384304
v -4.583333 1105.884304 -1052.384304
v -4.375000 1105.884304 -1052.384304
v -4.166667 1105.884304 -1052.384304
v -3.958333 1105.884304 -1052.384304
v -3.750000 1105.884304 -1052.384304
v -3.541667 1105.884304 -1052.384304
v -3.333333 1105.884304 -1052.384304
v -3.125000 1105.884304 -1052.384304
v -2.916667 1105.884304 -1052.384304
v -2.708333 1105.884304 -1052.384304
v -2.500000 1105.884304 -1052.384304
v -2.291667 1105.884304 -1052.384304
v -2.083333 1105.884304 -1052.384304
v -1.875000 1105.884304 -1052.384304
v -1.666667 1105.884304 -1052.384304
v -1.458333 1105.884304 -1052.384304
v -1.250000 1105.884304 -1052.384304
v -1.041667 1105.884304 -1052.384304
v -0.833333 1105.884304 -1052.384304
v -0.625000 1105.884304 -1052.384304
v -0.416667 1105.884304 -1052.384304
v -0.208333 1105.884304 -1052.384304
v 0.000000 1105.884304 -1052.384304
v 0.208333 1105.884304 -1052.384304
v 0.416667 1105.884304 -1052.384304
v 0.625000 1105.884304 -1052.384304
v 0.833333 1105.884304 -1052.384304
v 1.041667 1105.884304 -1052.384304
v 1.250000 1105.884304 -1052.384304
v 1.458333 1105.884304 -1052.384304
v 1.666667 1105.884304 -1052.384304
v 1.875000 1105.884304 -1052.384304
v 2.083333 1105.884304 -1052.384304
v 2.291667 1105.884304 -1052.384304
v 2.500000 1105.884304 -1052.384304
v 2.708333 1105.884304 -1052.384304
v 2.916667 1105.884304 -1052.384304
v 3.125000 1105.884304 -1052.384304
v 3.333333 1105.884304 -1052.384304
v 3.541667 1105.884304 -1052.384304
v 3.750000 1105.884304 -1052.384304
v 3.958333 1105.884304 -1052.384304
v 4.166667 1105.884304 -1052.384304
v 4.375000 1105.884304 -1052.384304
v 4.583333 1105.884304 -1052.384304
v 4.791667 1105.884304 -1052.384304
v 5.000000 1105.884304 -1052.384304
v -5.000000 1097.186913 -1043.686913
v -4.791667 1097.186913 -1043.686913
v -4.583333 1097.186913 -1043.686913
v -4.375000 1097.186913 -1043.686913
v -4.166667 1097.186913 -1043.686913
v -3.958333 1097.186913 -1043.686913
v -3.750000 1097.186913 -1043.686913
v -3.541667 1097.186913 -1043.686913
v -3.333333 1097.186913 -1043.686913
v -3.125000 1097.186913 -1043.686913
v -2.916667 1097.186913 -1043.686913
v -2.708333 1097.186913 -1043.686913
v -2.500000 1097.186913 -1043.686913
v -2.291667 1097.186913 -1043.686913
v -2.083333 1097.186913 -1043.686913
v -1.875000 1097.186913 -1043.686913
v -1.666667 1097.186913 -1043.686913
v -1.458333 1097.186913 -1043.686913
v -1.250000 1097.186913 -1043.686913
v -1.041667 1097.186913 -1043.686913
v -0.833333 1097.186913 -1043.686913
v -0.625000 1097.186913 -1043.686913
v -0.416667 1097.186913 -1043.686913
v -0.208333 1097.186913 -1043.686913
v 0.000000 1097.186913 -1043.686913
v 0.208333 1097.186913 -1043.686913
v 0.416667 1097.186913 -1043.686913
v 0.625000 1097.186913 -1043.686913
v 0.833333 1097.186913 -1043.686913
v 1.041667 1097.186913 -1043.686913
v 1.250000 1097.186913 -1043.686913
v 1.458333 1097.186913 -1043.686913
v 1.666667 1097.186913 -1043.686913
v 1.875000 1097.186913 -1043.686913
v 2.083333 1097.186913 -1043.686913
v 2.291667 1097.186913 -1043.686913
v 2.500000 1097.186913 -1043.686913
v 2.708333 1097.186913 -1043.686913
v 2.916667 1097.186913 -1043.686913
v 3.125000 1097.186913 -1043.686913
v 3.333333 1097.186913 -1043.686913
v 3.541667 1097.186913 -1043.686913
v 3.750000 1097.186913 -1043.686913
v 3.958333 1097.186913 -1043.686913
v 4.166667 1097.186913 -1043.686913
v 4.375000 1097.186913 -1043.686913
v 4.583333 1097.186913 -1043.686913
v 4.791667 1097.186913 -1043.686913
v 5.000000 1097.186913 -1043.686913
v -5.000000 1088.489522 -1034.989522
v -4.791667 1088.489522 -1034.989522
v -4.583333 1088.489522 -1034.989522
v -4.375000 1088.489522 -1034.989522
v -4.166667 1088.489522 -1034.989522
v -3.958333 1088.489522 -1034.989522
v -3.750000 1088.489522 -1034.989522
v -3.541667 1088.489522 -1034.989522
v -3.333333 1088.489522 -1034.989522
v -3.125000 1088.489522 -1034.989522
v -2.916667 1088.489522 -1034.989522
v -2.708333 1088.489522 -1034.989522
v -2.500000 1088.489522 -1034.989522
v -2.291667 1088.489522 -1034.989522
v -2.083333 1088.489522 -1034.989522
v -1.875000 1088.489522 -1034.989522
v -1.666667 1088.489522 -1034.989522
v -1.458333 1088.489522 -1034.989522
v -1.250000 1088.489522 -1034.989522
v -1.041667 1088.489522 -1034.989522
v -0.833333 1088.489522 -1034.989522
v -0.625000 1088.489522 -1034.989522
v -0.416667 1088.489522 -1034.989522
v -0.208333 1088.489522 -1034.989522
v 0.000000 1088.489522 -1034.989522
v 0.208333 1088.489522 -1034.989522
v 0.416667 1088.489522 -1034.989522
v 0.625000 1088.489522 -1034.989522
v 0.833333 1088.489522 -1034.989522
v 1.041667 1088.489522 -1034.989522
v 1.250000 1088.489522 -1034.989522
v 1.458333 1088.489522 -1034.989522
v 1.666667 1088.489522 -1034.989522
v 1.875000 1088.489522 -1034.989522
v 2.083333 1088.489522 -1034.989522
v 2.291667 1088.489522 -1034.989522
v 2.500000 1088.489522 -1034.989522
v 2.708333 1088.489522 -1034.989522
v 2.916667 1088.489522 -1034.989522
v 3.125000 1088.489522 -1034.989522
v 3.333333 1088.489522 -1034.989522
v 3.541667 1088.489522 -1034.989522
v 3.750000 1088.489522 -1034.989522
v 3.958333 1088.489522 -1034.989522
v 4.166667 1088.489522 -1034.989522
v 4.375000 1088.489522 -1034.989522
v 4.583333 1088.489522 -1034.989522
v 4.791667 1088.489522 -1034.989522
v 5.000000 1088.489522 -1034.989522
v -5.000000 1079.792131 -1026.292131
v -4.791667 1079.792131 -1026.292131
v -4.583333 1079.792131 -1026.292131
v -4.375000 1079.792131 -1026.292131
v -4.166667 1079.792131 -1026.292131
v -3.958333 1079.792131 -1026.292131
v -3.750000 1079.792131 -1026.292131
v -3.541667 1079.792131 -1026.292131
v -3.333333 1079.792131 -1026.292131
v -3.125000 1079.792131 -1026.292131
v -2.916667 1079.792131 -1026.292131
v -2.708333 1079.792131 -1026.292131
v -2.500000 1079.792131 -1026.292131
v -2.291667 1079.792131 -1026.292131
v -2.083333 1079.792131 -1026.292131
v -1.875000 1079.792131 -1026.292131
v -1.666667 1079.792131 -1026.292131
v -1.458333 1079.792131 -1026.292131
v -1.250000 1079.792131 -1026.292131
v -1.041667 1079.792131 -1026.292131
v -0.833333 1079.792131 -1026.292131
v -0.625000 1079.792131 -1026.292131
v -0.416667 1079.792131 -1026.292131
v -0.208333 1079.792131 -1026.292131
v 0.000000 1079.792131 -1026.292131
v 0.208333 1079.792131 -1026.292131
v 0.416667 1079.792131 -1026.292131
v 0.625000 1079.792131 -1026.292131
v 0.833333 1079.792131 -1026.292131
v 1.041667 1079.792131 -1026.292131
v 1.250000 1079.792131 -1026.292131
v 1.458333 1079.792131 -1026.292131
v 1.666667 1079.792131 -1026.292131
v 1.875000 1079.792131 -1026.292131
v 2.083333 1079.792131 -1026.292131
v 2.291667 1079.792131 -1026.292131
v 2.500000 1079.792131 -1026.292131
v 2.708333 1079.792131 -1026.292131
v 2.916667 1079.792131 -1026.292131
v 3.125000 1079.792131 -1026.292131
v 3.333333 1079.792131 -1026.292131
v 3.541667 1079.792131 -1026.292131
v 3.750000 1079.792131 -1026.292131
v 3.958333 1079.792131 -1026.292131
v 4.166667 1079.792131 -1026.292131
v 4.375000 1079.792131 -1026.292131
v 4.583333 1079.792131 -1026.292131
v 4.791667 1079.792131 -1026.292131
v 5.000000 1079.792131 -1026.292131
v -5.000000 1071.094740 -1017.594740
v -4.791667 1071.094740 -1017.594740
v -4.583333 1071.094740 -1017.594740
v -4.375000 1071.094740 -1017.594740
v -4.166667 1071.094740 -1017.594740
v -3.958333 1071.094740 -1017.594740
v -3.750000 1071.094740 -1017.594740
v -3.541667 1071.094740 -1017.594740
v -3.333333 1071.094740 -1017.594740
v -3.125000 1071.094740 -1017.594740
v -2.916667 1071.094740 -1017.594740
v -2.708333 1071.094740 -1017.594740
v -2.500000 1071.094740 -1017.594740
v -2.291667 1071.094740 -1017.594740
v -2.083333 1071.094740 -1017.594740
v -1.875000 1071.094740 -1017.594740
v -1.666667 1071.094740 -1017.594740
v -1.458333 1071.094740 -1017.594740
v -1.250000 1071.094740 -1017.594740
v -1.041667 1071.094740 -1017.594740
v -0.833333 1071.094740 -1017.594740
v -0.625000 1071.094740 -1017.594740
v -0.416667 1071.094740 -1017.594740
v -0.208333 1071.094740 -1017.594740
v 0.000000 1071.094740 -1017.594740
v 0.208333 1071.094740 -1017.594740
v 0.416667 1071.094740 -1017.594740
v 0.625000 1071.094740 -1017.594740
v 0.833333 1071.094740 -1017.594740
v 1.041667 1071.094740 -1017.594740
v 1.250000 1071.094740 -1017.594740
v 1.458333 1071.094740 -1017.594740
v 1.666667 1071.094740 -1017.594740
v 1.875000 1071.094740 -1017.594740
v 2.083333 1071.094740 -1017.594740
v 2.291667 1071.094740 -1017.594740
v 2.500000 1071.094740 -1017.594740
v 2.708333 1071.094740 -1017.594740
v 2.916667 1071.094740 -1017.594740
v 3.125000 1071.094740 -1017.594740
v 3.333333 1071.094740 -1017.594740
v 3.541667 1071.094740 -1017.594740
v 3.750000 1071.094740 -1017.594740
v 3.958333 1071.094740 -1017.594740
v 4.166667 1071.094740 -1017.594740
v 4.375000 1071.094740 -1017.594740
v 4.583333 1071.094740 -1017.594740
v 4.791667 1071.094740 -1017.594740
v 5.000000 1071.094740 -1017.594740
v -5.000000 1062.397349 -1008.897349
v -4.791667 1062.397349 -1008.897349
v -4.583333 1062.397349 -1008.897349
v -4.375000 1062.397349 -1008.897349
v -4.166667 1062.397349 -1008.897349
v -3.958333 1062.397349 -1008.897349
v -3.750000 1062.397349 -1008.897349
v -3.541667 1062.397349 -1008.897349
v -3.333333 1062.397349 -1008.897349
v -3.125000 1062.397349 -1008.897349
v -2.916667 1062.397349 -1008.897349
v -2.708333 1062.397349 -1008.897349
v -2.500000 1062.397349 -1008.897349
v -2.291667 1062.397349 -1008.897349
v -2.083333 1062.397349 -1008.897349
v -1.875000 1062.397349 -1008.897349
v -1.666667 1062.397349 -1008.897349
v -1.458333 1062.397349 -1008.897349
v -1.250000 1062.397349 -1008.897349
v -1.041667 1062.397349 -1008.897349
v -0.833333 1062.397349 -1008.897349
v -0.625000 1062.397349 -1008.897349
v -0.416667 1062.397349 -1008.897349
v -0.208333 1062.397349 -1008.897349
v 0.000000 1062.397349 -1008.897349
v 0.208333 1062.397349 -1008.897349
v 0.416667 1062.397349 -1008.897349
v 0.625000 1062.397349 -1008.897349
v 0.833333 1062.397349 -1008.897349
v 1.041667 1062.397349 -1008.897349
v 1.250000 1062.397349 -1008.897349
v 1.458333 1062.397349 -1008.897349
v 1.666667 1062.397349 -1008.897349
v 1.875000 1062.397349 -1008.897349
v 2.083333 1062.397349 -1008.897349
v 2.291667 1062.397349 -1008.897349
v 2.500000 1062.397349 -1008.897349
v 2.708333 1062.397349 -1008.897349
v 2.916667 1062.397349 -1008.897349
v 3.125000 1062.397349 -1008.897349
v 3.333333 1062.397349 -1008.897349
v 3.541667 1062.397349 -1008.897349
v 3.750000 1062.397349 -1008.897349
v 3.958333 1062.397349 -1008.897349
v 4.166667 1062.397349 -1008.897349
v 4.375000 1062.397349 -1008.897349
v 4.583333 1062.397349 -1008.897349
v 4.791667 1062.397349 -1008.897349
v 5.000000 1062.397349 -1008.897349
v -5.000000 1053.699958 -1000.199958
v -4.791667 1053.699958 -1000.199958
v -4.583333 1053.699958 -1000.199958
v -4.375000 1053.699958 -1000.199958
v -4.166667 1053.699958 -1000.199958
v -3.958333 1053.699958 -1000.199958
v -3.750000 1053.699958 -1000.199958
v -3.541667 1053.699958 -1000.199958
v -3.333333 1053.699958 -1000.199958
v -3.125000 1053.699958 -1000.199958
v -2.916667 1053.699958 -1000.199958
v -2.708333 1053.699958 -1000.199958
v -2.500000 1053.699958 -1000.199958
v -2.291667 1053.699958 -1000.199958
v -2.083333 1053.699958 -1000.199958
v -1.875000 1053.699958 -1000.199958
v -1.666667 1053.699958 -1000.199958
v -1.458333 1053.699958 -1000.199958
v -1.250000 1053.699958 -1000.199958
v -1.041667 1053.699958 -1000.199958
v -0.833333 1053.699958 -1000.199958
v -0.625000 1053.699958 -1000.199958
v -0.416667 1053.699958 -1000.199958
v -0.208333 1053.699958 -1000.199958
v 0.000000 1053.699958 -1000.199958
v 0.208333 1053.699958 -1000.199958
v 0.416667 1053.699958 -1000.199958
v 0.625000 1053.699958 -1000.199958
v 0.833333 1053.699958 -1000.199958
v 1.041667 1053.699958 -1000.199958
v 1.250000 1053.699958 -1000.199958
v 1.458333 1053.699958 -1000.199958
v 1.666667 1053.699958 -1000.199958
v 1.875000 1053.699958 -1000.199958
v 2.083333 1053.699958 -1000.199958
v 2.291667 1053.699958 -1000.199958
v 2.500000 1053.699958 -1000.199958
v 2.708333 1053.699958 -1000.199958
v 2.916667 1053.699958 -1000.199958
v 3.125000 1053.699958 -1000.199958
v 3.333333 1053.699958 -1000.199958
v 3.541667 1053.699958 -1000.199958
v 3.750000 1053.699958 -1000.199958
v 3.958333 1053.699958 -1000.199958
v 4.166667 1053.699958 -1000.199958
v 4.375000 1053.699958 -1000.199958
v 4.583333 1053.699958 -1000.199958
v 4.791667 1053.699958 -1000.199958
v 5.000000 1053.699958 -1000.199958
v -5.000000 1045.002567 -991.502567
v -4.791667 1045.002567 -991.502567
v -4.583333 1045.002567 -991.502567
v -4.375000 1045.002567 -991.502567
v -4.166667 1045.002567 -991.502567
v -3.958333 1045.002567 -991.502567
v -3.750000 1045.002567 -991.502567
v -3.541667 1045.002567 -991.502567
v -3.333333 1045.002567 -991.502567
v -3.125000 1045.002567 -991.502567
v -2.916667 1045.002567 -991.502567
v -2.708333 1045.002567 -991.502567
v -2.500000 1045.002567 -991.502567
v -2.291667 1045.002567 -991.502567
v -2.083333 1045.002567 -991.502567
v -1.875000 1045.002567 -991.502567
v -1.666667 1045.002567 -991.502567
v -1.458333 1045.002567 -991.502567
v -1.250000 1045.002567 -991.502567
v -1.041667 1045.002567 -991.502567
v -0.833333 1045.002567 -991.502567
v -0.625000 1045.002567 -991.502567
v -0.416667 1045.002567 -991.502567
v -0.208333 1045.002567 -991.502567
v 0.000000 1045.002567 -991.502567
v 0.208333 1045.002567 -991.502567
v 0.416667 1045.002567 -991.502567
v 0.625000 1045.002567 -991.502567
v 0.833333 1045.002567 -991.502567
v 1.041667 1045.002567 -991.502567
v 1.250000 1045.002567 -991.502567
v 1.458333 1045.002567 -991.502567
v 1.666667 1045.002567 -991.502567
v 1.875000 1045.002567 -991.502567
v 2.083333 1045.002567 -991.502567
v 2.291667 1045.002567 -991.502567
v 2.500000 1045.002567 -991.502567
v 2.708333 1045.002567 -991.502567
v 2.916667 1045.002567 -991.502567
v 3.125000 1045.002567 -991.502567
v 3.333333 1045.002567 -991.502567
v 3.541667 1045.002567 -991.502567
v 3.750000 1045.002567 -991.502567
v 3.958333 1045.002567 -991.502567
v 4.166667 1045.002567 -991.502567
v 4.375000 1045.002567 -991.502567
v 4.583333 1045.002567 -991.502567
v 4.791667 1045.002567 -991.502567
v 5.000000 1045.002567 -991.502567
v -5.000000 1036.305176 -982.805176
v -4.791667 1036.305176 -982.805176
v -4.583333 1036.305176 -982.805176
v -4.375000 1036.305176 -982.805176
v -4.166667 1036.305176 -982.805176
v -3.958333 1036.305176 -982.805176
v -3.750000 1036.305176 -982.805176
v -3.541667 1036.305176 -982.805176
v -3.333333 1036.305176 -982.805176
v -3.125000 1036.305176 -982.805176
v -2.916667 1036.305176 -982.805176
v -2.708333 1036.305176 -982.805176
v -2.500000 1036.305176 -982.805176
v -2.291667 1036.305176 -982.805176
v -2.083333 1036.305176 -982.805176
v -1.875000 1036.305176 -982.805176
v -1.666667 1036.305176 -982.805176
v -1.458333 1036.305176 -982.805176
v -1.250000 1036.305176 -982.805176
v -1.041667 1036.305176 -982.805176
v -0.833333 1036.305176 -982.805176
v -0.625000 1036.305176 -982.805176
v -0.416667 1036.305176 -982.805176
v -0.208333 1036.305176 -982.805176
v 0.000000 1036.305176 -982.805176
v 0.208333 1036.305176 -982.805176
v 0.416667 1036.305176 -982.805176
v 0.625000 1036.305176 -982.805176
v 0.833333 1036.305176 -982.805176
v 1.041667 1036.305176 -982.805176
v 1.250000 1036.305176 -982.805176
v 1.458333 1036.305176 -982.805176
v 1.666667 1036.305176 -982.805176
v 1.875000 1036.305176 -982.805176
v 2.083333 1036.305176 -982.805176
v 2.291667 1036.305176 -982.805176
v 2.500000 1036.305176 -982.805176
v 2.708333 1036.305176 -982.805176
v 2.916667 1036.305176 -982.805176
v 3.125000 1036.305176 -982.805176
v 3.333333 1036.305176 -982.805176
v 3.541667 1036.305176 -982.805176
v 3.750000 1036.305176 -982.805176
v 3.958333 1036.305176 -982.805176
v 4.166667 1036.305176 -982.805176
v 4.375000 1036.305176 -982.805176
v 4.583333 1036.305176 -982.805176
v 4.791667 1036.305176 -982.805176
v 5.000000 1036.305176 -982.805176
v -5.000000 1027.607785 -974.107785
v -4.791667 1027.607785 -974.107785
v -4.583333 1027.607785 -974.107785
v -4.375000 1027.607785 -974.107785
v -4.166667 1027.607785 -974.107785
v -3.958333 1027.607785 -974.107785
v -3.750000 1027.607785 -974.107785
v -3.541667 1027.607785 -974.107785
v -3.333333 1027.607785 -974.107785
v -3.125000 1027.607785 -974.107785
v -2.916667 1027.607785 -974.107785
v -2.708333 1027.607785 -974.107785
v -2.500000 1027.607785 -974.107785
v -2.291667 1027.607785 -974.107785
v -2.083333 1027.607785 -974.107785
v -1.875000 1027.607785 -974.107785
v -1.666667 1027.607785 -974.107785
v -1.458333 1027.607785 -974.107785
v -1.250000 1027.607785 -974.107785
v -1.041667 1027.607785 -974.107785
v -0.833333 1027.607785 -974.107785
v -0.625000 1027.607785 -974.107785
v -0.416667 1027.607785 -974.107785
v -0.208333 1027.607785 -974.107785
v 0.000000 1027.607785 -974.107785
v 0.208333 1027.607785 -974.107785
v 0.416667 1027.607785 -974.107785
v 0.625000 1027.607785 -974.107785
v 0.833333 1027.607785 -974.107785
v 1.041667 1027.607785 -974.107785
v 1.250000 1027.607785 -974.107785
v 1.458333 1027.607785 -974.107785
v 1.666667 1027.607785 -974.107785
v 1.875000 1027.607785 -974.107785
v 2.083333 1027.607785 -974.107785
v 2.291667 1027.607785 -974.107785
v 2.500000 1027.607785 -974.107785
v 2.708333 1027.607785 -974.107785
v 2.916667 1027.607785 -974.107785
v 3.125000 1027.607785 -974.107785
v 3.333333 1027.607785 -974.107785
v 3.541667 1027.607785 -974.107785
v 3.750000 1027.607785 -974.107785
v 3.958333 1027.607785 -974.107785
v 4.166667 1027.607785 -974.107785
v 4.375000 1027.607785 -974.107785
v 4.583333 1027.607785 -974.107785
v 4.791667 1027.607785 -974.107785
v 5.000000 1027.607785 -974.107785
v -5.000000 1018.910394 -965.410394
v -4.791667 1018.910394 -965.410394
v -4.583333 1018.910394 -965.410394
v -4.375000 1018.910394 -965.410394
v -4.166667 1018.910394 -965.410394
v -3.958333 1018.910394 -965.410394
v -3.750000 1018.910394 -965.410394
v -3.541667 1018.910394 -965.410394
v -3.333333 1018.910394 -965.410394
v -3.125000 1018.910394 -965.410394
v -2.916667 1018.910394 -965.410394
v -2.708333 1018.910394 -965.410394
v -2.500000 1018.910394 -965.410394
v -2.291667 1018.910394 -965.410394
v -2.083333 1018.910394 -965.410394
v -1.875000 1018.910394 -965.410394
v -1.666667 1018.910394 -965.410394
v -1.458333 1018.910394 -965.410394
v -1.250000 1018.910394 -965.410394
v -1.041667 1018.910394 -965.410394
v -0.833333 1018.910394 -965.410394
v -0.625000 1018.910394 -965.410394
v -0.416667 1018.910394 -965.410394
v -0.208333 1018.910394 -965.410394
v 0.000000 1018.910394 -965.410394
v 0.208333 1018.910394 -965.410394
v 0.416667 1018.910394 -965.410394
v 0.625000 1018.910394 -965.410394
v 0.833333 1018.910394 -965.410394
v 1.041667 1018.910394 -965.410394
v 1.250000 1018.910394 -965.410394
v 1.458333 1018.910394 -965.410394
v 1.666667 1018.910394 -965.410394
v 1.875000 1018.910394 -965.410394
v 2.083333 1018.910394 -965.410394
v 2.291667 1018.910394 -965.410394
v 2.500000 1018.910394 -965.410394
v 2.708333 1018.910394 -965.410394
v 2.916667 1018.910394 -965.410394
v 3.125000 1018.910394 -965.410394
v 3.333333 1018.910394 -965.410394
v 3.541667 1018.910394 -965.410394
v 3.750000 1018.910394 -965.410394
v 3.958333 1018.910394 -965.410394
v 4.166667 1018.910394 -965.410394
v 4.375000 1018.910394 -965.410394
v 4.583333 1018.910394 -965.410394
v 4.791667 1018.910394 -965.410394
v 5.000000 1018.910394 -965.410394
v -5.000000 1010.213003 -956.713003
v -4.791667 1010.213003 -956.713003
v -4.583333 1010.213003 -956.713003
v -4.375000 1010.213003 -956.713003
v -4.166667 1010.213003 -956.713003
v -3.958333 1010.213003 -956.713003
v -3.750000 1010.213003 -956.713003
v -3.541667 1010.213003 -956.713003
v -3.333333 1010.213003 -956.713003
v -3.125000 1010.213003 -956.713003
v -2.916667 1010.213003 -956.713003
v -2.708333 1010.213003 -956.713003
v -2.500000 1010.213003 -956.713003
v -2.291667 1010.213003 -956.713003
v -2.083333 1010.213003 -956.713003
v -1.875000 1010.213003 -956.713003
v -1.666667 1010.213003 -956.713003
v -1.458333 1010.213003 -956.713003
v -1.250000 1010.213003 -956.713003
v -1.041667 1010.213003 -956.713003
v -0.833333 1010.213003 -956.713003
v -0.625000 1010.213003 -956.713003
v -0.416667 1010.213003 -956.713003
v -0.208333 1010.213003 -956.713003
v 0.000000 1010.213003 -956.713003
v 0.208333 1010.213003 -956.713003
v 0.416667 1010.213003 -956.713003
v 0.625000 1010.213003 -956.713003
v 0.833333 1010.213003 -956.713003
v 1.041667 1010.213003 -956.713003
v 1.250000 1010.213003 -956.713003
v 1.458333 1010.213003 -956.713003
v 1.666667 1010.213003 -956.713003
v 1.875000 1010.213003 -956.713003
v 2.083333 1010.213003 -956.713003
v 2.291667 1010.213003 -956.713003
v 2.500000 1010.213003 -956.713003
v 2.708333 1010.213003 -956.713003
v 2.916667 1010.213003 -956.713003
v 3.125000 1010.213003 -956.713003
v 3.333333 1010.213003 -956.713003
v 3.541667 1010.213003 -956.713003
v 3.750000 1010.213003 -956.713003
v 3.958333 1010.213003 -956.713003
v 4.166667 1010.213003 -956.713003
v 4.375000 1010.213003 -956.713003
v 4.583333 1010.213003 -956.713003
v 4.791667 1010.213003 -956.713003
v 5.000000 1010.213003 -956.713003
v -5.000000 1001.515612 -948.015612
v -4.791667 1001.515612 -948.015612
v -4.583333 1001.515612 -948.015612
v -4.375000 1001.515612 -948.015612
v -4.166667 1001.515612 -948.015612
v -3.958333 1001.515612 -948.015612
v -3.750000 1001.515612 -948.015612
v -3.541667 1001.515612 -948.015612
v -3.333333 1001.515612 -948.015612
v -3.125000 1001.515612 -948.015612
v -2.916667 1001.515612 -948.015612
v -2.708333 1001.515612 -948.015612
v -2.500000 1001.515612 -948.015612
v -2.291667 1001.515612 -948.015612
v -2.083333 1001.515612 -948.015612
v -1.875000 1001.515612 -948.015612
v -1.666667 1001.515612 -948.015612
v -1.458333 1001.515612 -948.015612
v -1.250000 1001.515612 -948.015612
v -1.041667 1001.515612 -948.015612
v -0.833333 1001.515612 -948.015612
v -0.625000 1001.515612 -948.015612
v -0.416667 1001.515612 -948.015612
v -0.208333 1001.515612 -948.015612
v 0.000000 1001.515612 -948.015612
v 0.208333 1001.515612 -948.015612
v 0.416667 1001.515612 -948.015612
v 0.625000 1001.515612 -948.015612
v 0.833333 1001.515612 -948.015612
v 1.041667 1001.515612 -948.015612
v 1.250000 1001.515612 -948.015612
v 1.458333 1001.515612 -948.015612
v 1.666667 1001.515612 -948.015612
v 1.875000 1001.515612 -948.015612
v 2.083333 1001.515612 -948.015612
v 2.291667 1001.515612 -948.015612
v 2.500000 1001.515612 -948.015612
v 2.708333 1001.515612 -948.015612
v 2.916667 1001.515612 -948.015612
v 3.125000 1001.515612 -948.015612
v 3.333333 1001.515612 -948.015612
v 3.541667 1001.515612 -948.015612
v 3.750000 1001.515612 -948.015612
v 3.958333 1001.515612 -948.015612
v 4.166667 1001.515612 -948.015612
v 4.375000 1001.515612 -948.015612
v 4.583333 1001.515612 -948.015612
v 4.791667 1001.515612 -948.015612
v 5.000000 1001.515612 -948.015612
v -5.000000 992.818221 -939.318221
v -4.791667 992.818221 -939.318221
v -4.583333 992.818221 -939.318221
v -4.375000 992.818221 -939.318221
v -4.166667 992.818221 -939.318221
v -3.958333 992.818221 -939.318221
v -3.750000 992.818221 -939.318221
v -3.541667 992.818221 -939.318221
v -3.333333 992.818221 -939.318221
v -3.125000 992.818221 -939.318221
v -2.916667 992.818221 -939.318221
v -2.708333 992.818221 -939.318221
v -2.500000 992.818221 -939.318221
v -2.291667 992.818221 -939.318221
v -2.083333 992.818221 -939.318221
v -1.875000 992.818221 -939.318221
v -1.666667 992.818221 -939.318221
v -1.458333 992.818221 -939.318221
v -1.250000 992.818221 -939.318221
v -1.041667 992.818221 -939.318221
v -0.833333 992.818221 -939.318221
v -0.625000 992.818221 -939.318221
v -0.416667 992.818221 -939.318221
v -0.208333 992.818221 -939.318221
v 0.000000 992.818221 -939.318221
v 0.208333 992.818221 -939.318221
v 0.416667 992.818221 -939.318221
v 0.625000 992.818221 -939.318221
v 0.833333 992.818221 -939.318221
v 1.041667 992.818221 -939.318221
v 1.250000 992.818221 -939.318221
v 1.458333 992.818221 -939.318221
v 1.666667 992.818221 -939.318221
v 1.875000 992.818221 -939.318221
v 2.083333 992.818221 -939.318221
v 2.291667 992.818221 -939.318221
v 2.500000 992.818221 -939.318221
v 2.708333 992.818221 -939.318221
v 2.916667 992.818221 -939.318221
v 3.125000 992.818221 -939.318221
v 3.333333 992.818221 -939.318221
v 3.541667 992.818221 -939.318221
v 3.750000 992.818221 -939.318221
v 3.958333 992.818221 -939.318221
v 4.166667 992.818221 -939.318221
v 4.375000 992.818221 -939.318221
v 4.583333 992.818221 -939.318221
v 4.791667 992.818221 -939.318221
v 5.000000 992.818221 -939.318221
v -5.000000 984.120830 -930.620830
v -4.791667 984.120830 -930.620830
v -4.583333 984.120830 -930.620830
v -4.375000 984.120830 -930.620830
v -4.166667 984.120830 -930.620830
v -3.958333 984.120830 -930.620830
v -3.750000 984.120830 -930.620830
v -3.541667 984.120830 -930.620830
v -3.333333 984.120830 -930.620830
v -3.125000 984.120830 -930.620830
v -2.916667 984.120830 -930.620830
v -2.708333 984.120830 -930.620830
v -2.500000 984.120830 -930.620830
v -2.291667 984.120830 -930.620830
v -2.083333 984.120830 -930.620830
v -1.875000 984.120830 -930.620830
v -1.666667 984.120830 -930.620830
v -1.458333 984.120830 -930.620830
v -1.250000 984.120830 -930.620830
v -1.041667 984.120830 -930.620830
v -0.833333 984.120830 -930.620830
v -0.625000 984.120830 -930.620830
v -0.416667 984.120830 -930.620830
v -0.208333 984.120830 -930.620830
v 0.000000 984.120830 -930.620830
v 0.208333 984.120830 -930.620830
v 0.416667 984.120830 -930.620830
v 0.625000 984.120830 -930.620830
v 0.833333 984.120830 -930.620830
v 1.041667 984.120830 -930.620830
v 1.250000 984.120830 -930.620830
v 1.458333 984.120830 -930.620830
v 1.666667 984.120830 -930.620830
v 1.875000 984.120830 -930.620830
v 2.083333 984.120830 -930.620830
v 2.291667 984.120830 -930.620830
v 2.500000 984.120830 -930.620830
v 2.708333 984.120830 -930.620830
v 2.916667 984.120830 -930.620830
v 3.125000 984.120830 -930.620830
v 3.333333 984.120830 -930.620830
v 3.541667 984.120830 -930.620830
v 3.750000 984.120830 -930.620830
v 3.958333 984.120830 -930.620830
v 4.166667 984.120830 -930.620830
v 4.375000 984.120830 -930.620830
v 4.583333 984.120830 -930.620830
v 4.791667 984.120830 -930.620830
v 5.000000 984.120830 -930.620830
v -5.000000 975.423439 -921.923439
v -4.791667 975.423439 -921.923439
v -4.583333 975.423439 -921.923439
v -4.375000 975.423439 -921.923439
v -4.166667 975.423439 -921.923439
v -3.958333 975.423439 -921.923439
v -3.750000 975.423439 -921.923439
v -3.541667 975.423439 -921.923439
v -3.333333 975.423439 -921.923439
v -3.125000 975.423439 -921.923439
v -2.916667 975.423439 -921.923439
v -2.708333 975.423439 -921.923439
v -2.500000 975.423439 -921.923439
v -2.291667 975.423439 -921.923439
v -2.083333 975.423439 -921.923439
v -1.875000 975.423439 -921.923439
v -1.666667 975.423439 -921.923439
v -1.458333 975.423439 -921.923439
v -1.250000 975.423439 -921.923439
v -1.041667 975.423439 -921.923439
v -0.833333 975.423439 -921.923439
v -0.625000 975.423439 -921.923439
v -0.416667 975.423439 -921.923439
v -0.208333 975.423439 -921.923439
v 0.000000 975.423439 -921.923439
v 0.208333 975.423439 -921.923439
v 0.416667 975.423439 -921.923439
v 0.625000 975.423439 -921.923439
v 0.833333 975.423439 -921.923439
v 1.041667 975.423439 -921.923439
v 1.250000 975.423439 -921.923439
v 1.458333 975.423439 -921.923439
v 1.666667 975.423439 -921.923439
v 1.875000 975.423439 -921.923439
v 2.083333 975.423439 -921.923439
v 2.291667 975.423439 -921.923439
v 2.500000 975.423439 -921.923439
v 2.708333 975.423439 -921.923439
v 2.916667 975.423439 -921.923439
v 3.125000 975.423439 -921.923439
v 3.333333 975.423439 -921.923439
v 3.541667 975.423439 -921.923439
v 3.750000 975.423439 -921.923439
v 3.958333 975.423439 -921.923439
v 4.166667 975.423439 -921.923439
v 4.375000 975.423439 -921.923439
v 4.583333 975.423439 -921.923439
v 4.791667 975.423439 -921.923439
v 5.000000 975.423439 -921.923439
v -5.000000 966.726048 -913.226048
v -4.791667 966.726048 -913.226048
v -4.583333 966.726048 -913.226048
v -4.375000 966.726048 -913.226048
v -4.166667 966.726048 -913.226048
v -3.958333 966.726048 -913.226048
v -3.750000 966.726048 -913.226048
v -3.541667 966.726048 -913.226048
v -3.333333 966.726048 -913.226048
v -3.125000 966.726048 -913.226048
v -2.916667 966.726048 -913.226048
v -2.708333 966.726048 -913.226048
v -2.500000 966.726048 -913.226048
v -2.291667 966.726048 -913.226048
v -2.083333 966.726048 -913.226048
v -1.875000 966.726048 -913.226048
v -1.666667 966.726048 -913.226048
v -1.458333 966.726048 -913.226048
v -1.250000 966.726048 -913.226048
v -1.041667 966.726048 -913.226048
v -0.833333 966.726048 -913.226048
v -0.625000 966.726048 -913.226048
v -0.416667 966.726048 -913.226048
v -0.208333 966.726048 -913.226048
v 0.000000 966.726048 -913.226048
v 0.208333 966.726048 -913.226048
v 0.416667 966.726048 -913.226048
v 0.625000 966.726048 -913.226048
v 0.833333 966.726048 -913.226048
v 1.041667 966.726048 -913.226048
v 1.250000 966.726048 -913.226048
v 1.458333 966.726048 -913.226048
v 1.666667 966.726048 -913.226048
v 1.875000 966.726048 -913.226048
v 2.083333 966.726048 -913.226048
v 2.291667 966.726048 -913.226048
v 2.500000 966.726048 -913.226048
v 2.708333 966.726048 -913.226048
v 2.916667 966.726048 -913.226048
v 3.125000 966.726048 -913.226048
v 3.333333 966.726048 -913.226048
v 3.541667 966.726048 -913.226048
v 3.750000 966.726048 -913.226048
v 3.958333 966.726048 -913.226048
v 4.166667 966.726048 -913.226048
v 4.375000 966.726048 -913.226048
v 4.583333 966.726048 -913.226048
v 4.791667 966.726048 -913.226048
v 5.000000 966.726048 -913.226048
v -5.000000 958.028658 -904.528658
v -4.791667 958.028658 -904.528658
v -4.583333 958.028658 -904.528658
v -4.375000 958.028658 -904.528658
v -4.166667 958.028658 -904.528658
v -3.958333 958.028658 -904.528658
v -3.750000 958.028658 -904.528658
v -3.541667 958.028658 -904.528658
v -3.333333 958.028658 -904.528658
v -3.125000 958.028658 -904.528658
v -2.916667 958.028658 -904.528658
v -2.708333 958.028658 -904.528658
v -2.500000 958.028658 -904.528658
v -2.291667 958.028658 -904.528658
v -2.083333 958.028658 -904.528658
v -1.875000 958.028658 -904.528658
v -1.666667 958.028658 -904.528658
v -1.458333 958.028658 -904.528658
v -1.250000 958.028658 -904.528658
v -1.041667 958.028658 -904.528658
v -0.833333 958.028658 -904.528658
v -0.625000 958.028658 -904.528658
v -0.416667 958.028658 -904.528658
v -0.208333 958.028658 -904.528658
v 0.000000 958.028658 -904.528658
v 0.208333 958.028658 -904.528658
v 0.416667 958.028658 -904.528658
v 0.625000 958.028658 -904.528658
v 0.833333 958.028658 -904.528658
v 1.041667 958.028658 -904.528658
v 1.250000 958.028658 -904.528658
v 1.458333 958.028658 -904.528658
v 1.666667 958.028658 -904.528658
v 1.875000 958.028658 -904.528658
v 2.083333 958.028658 -904.528658
v 2.291667 958.028658 -904.528658
v 2.500000 958.028658 -904.528658
v 2.708333 958.028658 -904.528658
v 2.916667 958.028658 -904.528658
v 3.125000 958.028658 -904.528658
v 3.333333 958.028658 -904.528658
v 3.541667 958.028658 -904.528658
v 3.750000 958.028658 -904.528658
v 3.958333 958.028658 -904.528658
v 4.166667 958.028658 -904.528658
v 4.375000 958.028658 -904.528658
v 4.583333 958.028658 -904.528658
v 4.791667 958.028658 -904.528658
v 5.000000 958.028658 -904.528658
v -5.000000 949.331267 -895.831267
v -4.791667 949.331267 -895.831267
v -4.583333 949.331267 -895.831267
v -4.375000 949.331267 -895.831267
v -4.166667 949.331267 -895.831267
v -3.958333 949.331267 -895.831267
v -3.750000 949.331267 -895.831267
v -3.541667 949.331267 -895.831267
v -3.333333 949.331267 -895.831267
v -3.125000 949.331267 -895.831267
v -2.916667 949.331267 -895.831267
v -2.708333 949.331267 -895.831267
v -2.500000 949.331267 -895.831267
v -2.291667 949.331267 -895.831267
v -2.083333 949.331267 -895.831267
v -1.875000 949.331267 -895.831267
v -1.666667 949.331267 -895.831267
v -1.458333 949.331267 -895.831267
v -1.250000 949.331267 -895.831267
v -1.041667 949.331267 -895.831267
v -0.833333 949.331267 -895.831267
v -0.625000 949.331267 -895.831267
v -0.416667 949.331267 -895.831267
v -0.208333 949.331267 -895.831267
v 0.000000 949.331267 -895.831267
v 0.208333 949.331267 -895.831267
v 0.416667 949.331267 -895.831267
v 0.625000 949.331267 -895.831267
v 0.833333 949.331267 -895.831267
v 1.041667 949.331267 -895.831267
v 1.250000 949.331267 -895.831267
v 1.458333 949.331267 -895.831267
v 1.666667 949.331267 -895.831267
v 1.875000 949.331267 -895.831267
v 2.083333 949.331267 -895.831267
v 2.291667 949.331267 -895.831267
v 2.500000 949.331267 -895.831267
v 2.708333 949.331267 -895.831267
v 2.916667 949.331267 -895.831267
v 3.125000 949.331267 -895.831267
v 3.333333 949.331267 -895.831267
v 3.541667 949.331267 -895.831267
v 3.750000 949.331267 -895.831267
v 3.958333 949.331267 -895.831267
v 4.166667 949.331267 -895.831267
v 4.375000 949.331267 -895.831267
v 4.583333 949.331267 -895.831267
v 4.791667 949.331267 -895.831267
v 5.000000 949.331267 -895.831267
v -5.000000 940.633876 -887.133876
v -4.791667 940.633876 -887.133876
v -4.583333 940.633876 -887.133876
v -4.375000 940.633876 -887.133876
v -4.166667 940.633876 -887.133876
v -3.958333 940.633876 -887.133876
v -3.750000 940.633876 -887.133876
v -3.541667 940.633876 -887.133876
v -3.333333 940.633876 -887.133876
v -3.125000 940.633876 -887.133876
v -2.916667 940.633876 -887.133876
v -2.708333 940.633876 -887.133876
v -2.500000 940.633876 -887.133876
v -2.291667 940.633876 -887.133876
v -2.083333 940.633876 -887.133876
v -1.875000 940.633876 -887.133876
v -1.666667 940.633876 -887.133876
v -1.458333 940.633876 -887.133876
v -1.250000 940.633876 -887.133876
v -1.041667 940.633876 -887.133876
v -0.833333 940.633876 -887.133876
v -0.625000 940.633876 -887.133876
v -0.416667 940.633876 -887.133876
v -0.208333 940.633876 -887.133876
v 0.000000 940.633876 -887.133876
v 0.208333 940.633876 -887.133876
v 0.416667 940.633876 -887.133876
v 0.625000 940.633876 -887.133876
v 0.833333 940.633876 -887.133876
v 1.041667 940.633876 -887.133876
v 1.250000 940.633876 -887.133876
v 1.458333 940.633876 -887.133876
v 1.666667 940.633876 -887.133876
v 1.875000 940.633876 -887.133876
v 2.083333 940.633876 -887.133876
v 2.291667 940.633876 -887.133876
v 2.500000 940.633876 -887.133876
v 2.708333 940.633876 -887.133876
v 2.916667 940.633876 -887.133876
v 3.125000 940.633876 -887.133876
v 3.333333 940.633876 -887.133876
v 3.541667 940.633876 -887.133876
v 3.750000 940.633876 -887.133876
v 3.958333 940.633876 -887.133876
v 4.166667 940.633876 -887.133876
v 4.375000 940.633876 -887.133876
v 4.583333 940.633876 -887.133876
v 4.791667 940.633876 -887.133876
v 5.000000 940.633876 -887.133876
v -5.000000 931.936485 -878.436485
v -4.791667 931.936485 -878.436485
v -4.583333 931.936485 -878.436485
v -4.375000 931.936485 -878.436485
v -4.166667 931.936485 -878.436485
v -3.958333 931.936485 -878.436485
v -3.750000 931.936485 -878.436485
v -3.541667 931.936485 -878.436485
v -3.333333 931.936485 -878.436485
v -3.125000 931.936485 -878.436485
v -2.916667 931.936485 -878.436485
v -2.708333 931.936485 -878.436485
v -2.500000 931.936485 -878.436485
v -2.291667 931.936485 -878.436485
v -2.083333 931.936485 -878.436485
v -1.875000 931.936485 -878.436485
v -1.666667 931.936485 -878.436485
v -1.458333 931.936485 -878.436485
v -1.250000 931.936485 -878.436485
v -1.041667 931.936485 -878.436485
v -0.833333 931.936485 -878.436485
v -0.625000 931.936485 -878.436485
v -0.416667 931.936485 -878.436485
v -0.208333 931.936485 -878.436485
v 0.000000 931.936485 -878.436485
v 0.208333 931.936485 -878.436485
v 0.416667 931.936485 -878.436485
v 0.625000 931.936485 -878.436485
v 0.833333 931.936485 -878.436485
v 1.041667 931.936485 -878.436485
v 1.250000 931.936485 -878.436485
v 1.458333 931.936485 -878.436485
v 1.666667 931.936485 -878.436485
v 1.875000 931.936485 -878.436485
v 2.083333 931.936485 -878.436485
v 2.291667 931.936485 -878.436485
v 2.500000 931.936485 -878.436485
v 2.708333 931.936485 -878.436485
v 2.916667 931.936485 -878.436485
v 3.125000 931.936485 -878.436485
v 3.333333 931.936485 -878.436485
v 3.541667 931.936485 -878.436485
v 3.750000 931.936485 -878.436485
v 3.958333 931.936485 -878.436485
v 4.166667 931.936485 -878.436485
v 4.375000 931.936485 -878.436485
v 4.583333 931.936485 -878.436485
v 4.791667 931.936485 -878.436485
v 5.000000 931.936485 -878.436485
v -5.000000 923.239094 -869.739094
v -4.791667 923.239094 -869.739094
v -4.583333 923.239094 -869.739094
v -4.375000 923.239094 -869.739094
v -4.166667 923.239094 -869.739094
v -3.958333 923.239094 -869.739094
v -3.750000 923.239094 -869.739094
v -3.541667 923.239094 -869.739094
v -3.333333 923.239094 -869.739094
v -3.125000 923.239094 -869.739094
v -2.916667 923.239094 -869.739094
v -2.708333 923.239094 -869.739094
v -2.500000 923.239094 -869.739094
v -2.291667 923.239094 -869.739094
v -2.083333 923.239094 -869.739094
v -1.875000 923.239094 -869.739094
v -1.666667 923.239094 -869.739094
v -1.458333 923.239094 -869.739094
v -1.250000 923.239094 -869.739094
v -1.041667 923.239094 -869.739094
v -0.833333 923.239094 -869.739094
v -0.625000 923.239094 -869.739094
v -0.416667 923.239094 -869.739094
v -0.208333 923.239094 -869.739094
v 0.000000 923.239094 -869.739094
v 0.208333 923.239094 -869.739094
v 0.416667 923.239094 -869.739094
v 0.625000 923.239094 -869.739094
v 0.833333 923.239094 -869.739094
v 1.041667 923.239094 -869.739094
v 1.250000 923.239094 -869.739094
v 1.458333 923.239094 -869.739094
v 1.666667 923.239094 -869.739094
v 1.875000 923.239094 -869.739094
v 2.083333 923.239094 -869.739094
v 2.291667 923.239094 -869.739094
v 2.500000 923.239094 -869.739094
v 2.708333 923.239094 -869.739094
v 2.916667 923.239094 -869.739094
v 3.125000 923.239094 -869.739094
v 3.333333 923.239094 -869.739094
v 3.541667 923.239094 -869.739094
v 3.750000 923.239094 -869.739094
v 3.958333 923.239094 -869.739094
v 4.166667 923.239094 -869.739094
v 4.375000 923.239094 -869.739094
v 4.583333 923.239094 -869.739094
v 4.791667 923.239094 -869.739094
v 5.000000 923.239094 -869.739094
v -5.000000 914.541703 -861.041703
v -4.791667 914.541703 -861.041703
v -4.583333 914.541703 -861.041703
v -4.375000 914.541703 -861.041703
v -4.166667 914.541703 -861.041703
v -3.958333 914.541703 -861.041703
v -3.750000 914.541703 -861.041703
v -3.541667 914.541703 -861.041703
v -3.333333 914.541703 -861.041703
v -3.125000 914.541703 -861.041703
v -2.916667 914.541703 -861.041703
v -2.708333 914.541703 -861.041703
v -2.500000 914.541703 -861.041703
v -2.291667 914.541703 -861.041703
v -2.083333 914.541703 -861.041703
v -1.875000 914.541703 -861.041703
v -1.666667 914.541703 -861.041703
v -1.458333 914.541703 -861.041703
v -1.250000 914.541703 -861.041703
v -1.041667 914.541703 -861.041703
v -0.833333 914.541703 -861.041703
v -0.625000 914.541703 -861.041703
v -0.416667 914.541703 -861.041703
v -0.208333 914.541703 -861.041703
v 0.000000 914.541703 -861.041703
v 0.208333 914.541703 -861.041703
v 0.416667 914.541703 -861.041703
v 0.625000 914.541703 -861.041703
v 0.833333 914.541703 -861.041703
v 1.041667 914.541703 -861.041703
v 1.250000 914.541703 -861.041703
v 1.458333 914.541703 -861.041703
v 1.666667 914.541703 -861.041703
v 1.875000 914.541703 -861.041703
v 2.083333 914.541703 -861.041703
v 2.291667 914.541703 -861.041703
v 2.500000 914.541703 -861.041703
v 2.708333 914.541703 -861.041703
v 2.916667 914.541703 -861.041703
v 3.125000 914.541703 -861.041703
v 3.333333 914.541703 -861.041703
v 3.541667 914.541703 -861.041703
v 3.750000 914.541703 -861.041703
v 3.958333 914.541703 -861.041703
v 4.166667 914.541703 -861.041703
v 4.375000 914.541703 -861.041703
v 4.583333 914.541703 -861.041703
v 4.791667 914.541703 -861.041703
v 5.000000 914.541703 -861.041703
v -5.000000 905.844312 -852.344312
v -4.791667 905.844312 -852.344312
v -4.583333 905.844312 -852.344312
v -4.375000 905.844312 -852.344312
v -4.166667 905.844312 -852.344312
v -3.958333 905.844312 -852.344312
v -3.750000 905.844312 -852.344312
v -3.541667 905.844312 -852.344312
v -3.333333 905.844312 -852.344312
v -3.125000 905.844312 -852.344312
v -2.916667 905.844312 -852.344312
v -2.708333 905.844312 -852.344312
v -2.500000 905.844312 -852.344312
v -2.291667 905.844312 -852.344312
v -2.083333 905.844312 -852.344312
v -1.875000 905.844312 -852.344312
v -1.666667 905.844312 -852.344312
v -1.458333 905.844312 -852.344312
v -1.250000 905.844312 -852.344312
v -1.041667 905.844312 -852.344312
v -0.833333 905.844312 -852.344312
v -0.625000 905.844312 -852.344312
v -0.416667 905.844312 -852.344312
v -0.208333 905.844312 -852.344312
v 0.000000 905.844312 -852.344312
v 0.208333 905.844312 -852.344312
v 0.416667 905.844312 -852.344312
v 0.625000 905.844312 -852.344312
v 0.833333 905.844312 -852.344312
v 1.041667 905.844312 -852.344312
v 1.250000 905.844312 -852.344312
v 1.458333 905.844312 -852.344312
v 1.666667 905.844312 -852.344312
v 1.875000 905.844312 -852.344312
v 2.083333 905.844312 -852.344312
v 2.291667 905.844312 -852.344312
v 2.500000 905.844312 -852.344312
v 2.708333 905.844312 -852.344312
v 2.916667 905.844312 -852.344312
v 3.125000 905.844312 -852.344312
v 3.333333 905.844312 -852.344312
v 3.541667 905.844312 -852.344312
v 3.750000 905.844312 -852.344312
v 3.958333 905.844312 -852.344312
v 4.166667 905.844312 -852.344312
v 4.375000 905.844312 -852.344312
v 4.583333 905.844312 -852.344312
v 4.791667 905.844312 -852.344312
v 5.000000 905.844312 -852.344312
v -5.000000 897.146921 -843.646921
v -4.791667 897.146921 -843.646921
v -4.583333 897.146921 -843.646921
v -4.375000 897.146921 -843.646921
v -4.166667 897.146921 -843.646921
v -3.958333 897.146921 -843.646921
v -3.750000 897.146921 -843.646921
v -3.541667 897.146921 -843.646921
v -3.333333 897.146921 -843.646921
v -3.125000 897.146921 -843.646921
v -2.916667 897.146921 -843.646921
v -2.708333 897.146921 -843.646921
v -2.500000 897.146921 -843.646921
v -2.291667 897.146921 -843.646921
v -2.083333 897.146921 -843.646921
v -1.875000 897.146921 -843.646921
v -1.666667 897.146921 -843.646921
v -1.458333 897.146921 -843.646921
v -1.250000 897.146921 -843.646921
v -1.041667 897.146921 -843.646921
v -0.833333 897.146921 -843.646921
v -0.625000 897.146921 -843.646921
v -0.416667 897.146921 -843.646921
v -0.208333 897.146921 -843.646921
v 0.000000 897.146921 -843.646921
v 0.208333 897.146921 -843.646921
v 0.416667 897.146921 -843.646921
v 0.625000 897.146921 -843.646921
v 0.833333 897.146921 -843.646921
v 1.041667 897.146921 -843.646921
v 1.250000 897.146921 -843.646921
v 1.458333 897.146921 -843.646921
v 1.666667 897.146921 -843.646921
v 1.875000 897.146921 -843.646921
v 2.083333 897.146921 -843.646921
v 2.291667 897.146921 -843.646921
v 2.500000 897.146921 -843.646921
v 2.708333 897.146921 -843.646921
v 2.916667 897.146921 -843.646921
v 3.125000 897.146921 -843.646921
v 3.333333 897.146921 -843.646921
v 3.541667 897.146921 -843.646921
v 3.750000 897.146921 -843.646921
v 3.958333 897.146921 -843.646921
v 4.166667 897.146921 -843.646921
v 4.375000 897.146921 -843.646921
v 4.583333 897.146921 -843.646921
v 4.791667 897.146921 -843.646921
v 5.000000 897.146921 -843.646921
v -5.000000 888.449530 -834.949530
v -4.791667 888.449530 -834.949530
v -4.583333 888.449530 -834.949530
v -4.375000 888.449530 -834.949530
v -4.166667 888.449530 -834.949530
v -3.958333 888.449530 -834.949530
v -3.750000 888.449530 -834.949530
v -3.541667 888.449530 -834.949530
v -3.333333 888.449530 -834.949530
v -3.125000 888.449530 -834.949530
v -2.916667 888.449530 -834.949530
v -2.708333 888.449530 -834.949530
v -2.500000 888.449530 -834.949530
v -2.291667 888.449530 -834.949530
v -2.083333 888.449530 -834.949530
v -1.875000 888.449530 -834.949530
v -1.666667 888.449530 -834.949530
v -1.458333 888.449530 -834.949530
v -1.250000 888.449530 -834.949530
v -1.041667 888.449530 -834.949530
v -0.833333 888.449530 -834.949530
v -0.625000 888.449530 -834.949530
v -0.416667 888.449530 -834.949530
v -0.208333 888.449530 -834.949530
v 0.000000 888.449530 -834.949530
v 0.208333 888.449530 -834.949530
v 0.416667 888.449530 -834.949530
v 0.625000 888.449530 -834.949530
v 0.833333 888.449530 -834.949530
v 1.041667 888.449530 -834.949530
v 1.250000 888.449530 -834.949530
v 1.458333 888.449530 -834.949530
v 1.666667 888.449530 -834.949530
v 1.875000 888.449530 -834.949530
v 2.083333 888.449530 -834.949530
v 2.291667 888.449530 -834.949530
v 2.500000 888.449530 -834.949530
v 2.708333 888.449530 -834.949530
v 2.916667 888.449530 -834.949530
v 3.125000 888.449530 -834.949530
v 3.333333 888.449530 -834.949530
v 3.541667 888.449530 -834.949530
v 3.750000 888.449530 -834.949530
v 3.958333 888.449530 -834.949530
v 4.166667 888.449530 -834.949530
v 4.375000 888.449530 -834.949530
v 4.583333 888.449530 -834.949530
v 4.791667 888.449530 -834.949530
v 5.000000 888.449530 -834.949530
v -5.000000 879.752139 -826.252139
v -4.791667 879.752139 -826.252139
v -4.583333 879.752139 -826.252139
v -4.375000 879.752139 -826.252139
v -4.166667 879.752139 -826.252139
v -3.958333 879.752139 -826.252139
v -3.750000 879.752139 -826.252139
v -3.541667 879.752139 -826.252139
v -3.333333 879.752139 -826.252139
v -3.125000 879.752139 -826.252139
v -2.916667 879.752139 -826.252139
v -2.708333 879.752139 -826.252139
v -2.500000 879.752139 -826.252139
v -2.291667 879.752139 -826.252139
v -2.083333 879.752139 -826.252139
v -1.875000 879.752139 -826.252139
v -1.666667 879.752139 -826.252139
v -1.458333 879.752139 -826.252139
v -1.250000 879.752139 -826.252139
v -1.041667 879.752139 -826.252139
v -0.833333 879.752139 -826.252139
v -0.625000 879.752139 -826.252139
v -0.416667 879.752139 -826.252139
v -0.208333 879.752139 -826.252139
v 0.000000 879.752139 -826.252139
v 0.208333 879.752139 -826.252139
v 0.416667 879.752139 -826.252139
v 0.625000 879.752139 -826.252139
v 0.833333 879.752139 -826.252139
v 1.041667 879.752139 -826.252139
v 1.250000 879.752139 -826.252139
v 1.458333 879.752139 -826.252139
v 1.666667 879.752139 -826.252139
v 1.875000 879.752139 -826.252139
v 2.083333 879.752139 -826.252139
v 2.291667 879.752139 -826.252139
v 2.500000 879.752139 -826.252139
v 2.708333 879.752139 -826.252139
v 2.916667 879.752139 -826.252139
v 3.125000 879.752139 -826.252139
v 3.333333 879.752139 -826.252139
v 3.541667 879.752139 -826.252139
v 3.750000 879.752139 -826.252139
v 3.958333 879.752139 -826.252139
v 4.166667 879.752139 -826.252139
v 4.375000 879.752139 -826.252139
v 4.583333 879.752139 -826.252139
v 4.791667 879.752139 -826.252139
v 5.000000 879.752139 -826.252139
v -5.000000 871.054748 -817.554748
v -4.791667 871.054748 -817.554748
v -4.583333 871.054748 -817.554748
v -4.375000 871.054748 -817.554748
v -4.166667 871.054748 -817.554748
v -3.958333 871.054748 -817.554748
v -3.750000 871.054748 -817.554748
v -3.541667 871.054748 -817.554748
v -3.333333 871.054748 -817.554748
v -3.125000 871.054748 -817.554748
v -2.916667 871.054748 -817.554748
v -2.708333 871.054748 -817.554748
v -2.500000 871.054748 -817.554748
v -2.291667 871.054748 -817.554748
v -2.083333 871.054748 -817.554748
v -1.875000 871.054748 -817.554748
v -1.666667 871.054748 -817.554748
v -1.458333 871.054748 -817.554748
v -1.250000 871.054748 -817.554748
v -1.041667 871.054748 -817.554748
v -0.833333 871.054748 -817.554748
v -0.625000 871.054748 -817.554748
v -0.416667 871.054748 -817.554748
v -0.208333 871.054748 -817.554748
v 0.000000 871.054748 -817.554748
v 0.208333 871.054748 -817.554748
v 0.416667 871.054748 -817.554748
v 0.625000 871.054748 -817.554748
v 0.833333 871.054748 -817.554748
v 1.041667 871.054748 -817.554748
v 1.250000 871.054748 -817.554748
v 1.458333 871.054748 -817.554748
v 1.666667 871.054748 -817.554748
v 1.875000 871.054748 -817.554748
v 2.083333 871.054748 -817.554748
v 2.291667 871.054748 -817.554748
v 2.500000 871.054748 -817.554748
v 2.708333 871.054748 -817.554748
v 2.916667 871.054748 -817.554748
v 3.125000 871.054748 -817.554748
v 3.333333 871.054748 -817.554748
v 3.541667 871.054748 -817.554748
v 3.750000 871.054748 -817.554748
v 3.958333 871.054748 -817.554748
v 4.166667 871.054748 -817.554748
v 4.375000 871.054748 -817.554748
v 4.583333 871.054748 -817.554748
v 4.791667 871.054748 -817.554748
v 5.000000 871.054748 -817.554748
v -5.000000 862.357357 -808.857357
v -4.791667 862.357357 -808.857357
v -4.583333 862.357357 -808.857357
v -4.375000 862.357357 -808.857357
v -4.166667 862.357357 -808.857357
v -3.958333 862.357357 -808.857357
v -3.750000 862.357357 -808.857357
v -3.541667 862.357357 -808.857357
v -3.333333 862.357357 -808.857357
v -3.125000 862.357357 -808.857357
v -2.916667 862.357357 -808.857357
v -2.708333 862.357357 -808.857357
v -2.500000 862.357357 -808.857357
v -2.291667 862.357357 -808.857357
v -2.083333 862.357357 -808.857357
v -1.875000 862.357357 -808.857357
v -1.666667 862.357357 -808.857357
v -1.458333 862.357357 -808.857357
v -1.250000 862.357357 -808.857357
v -1.041667 862.357357 -808.857357
v -0.833333 862.357357 -808.857357
v -0.625000 862.357357 -808.857357
v -0.416667 862.357357 -808.857357
v -0.208333 862.357357 -808.857357
v 0.000000 862.357357 -808.857357
v 0.208333 862.357357 -808.857357
v 0.416667 862.357357 -808.857357
v 0.625000 862.357357 -808.857357
v 0.833333 862.357357 -808.857357
v 1.041667 862.357357 -808.857357
v 1.250000 862.357357 -808.857357
v 1.458333 862.357357 -808.857357
v 1.666667 862.357357 -808.857357
v 1.875000 862.357357 -808.857357
v 2.083333 862.357357 -808.857357
v 2.291667 862.357357 -808.857357
v 2.500000 862.357357 -808.857357
v 2.708333 862.357357 -808.857357
v 2.916667 862.357357 -808.857357
v 3.125000 862.357357 -808.857357
v 3.333333 862.357357 -808.857357
v 3.541667 862.357357 -808.857357
v 3.750000 862.357357 -808.857357
v 3.958333 862.357357 -808.857357
v 4.166667 862.357357 -808.857357
v 4.375000 862.357357 -808.857357
v 4.583333 862.357357 -808.857357
v 4.791667 862.357357 -808.857357
v 5.000000 862.357357 -808.857357
v -5.000000 853.659966 -800.159966
v -4.791667 853.659966 -800.159966
v -4.583333 853.659966 -800.159966
v -4.375000 853.659966 -800.159966
v -4.166667 853.659966 -800.159966
v -3.958333 853.659966 -800.159966
v -3.750000 853.659966 -800.159966
v -3.541667 853.659966 -800.159966
v -3.333333 853.659966 -800.159966
v -3.125000 853.659966 -800.159966
v -2.916667 853.659966 -800.159966
v -2.708333 853.659966 -800.159966
v -2.500000 853.659966 -800.159966
v -2.291667 853.659966 -800.159966
v -2.083333 853.659966 -800.159966
v -1.875000 853.659966 -800.159966
v -1.666667 853.659966 -800.159966
v -1.458333 853.659966 -800.159966
v -1.250000 853.659966 -800.159966
v -1.041667 853.659966 -800.159966
v -0.833333 853.659966 -800.159966
v -0.625000 853.659966 -800.159966
v -0.416667 853.659966 -800.159966
v -0.208333 853.659966 -800.159966
v 0.000000 853.659966 -800.159966
v 0.208333 853.659966 -800.159966
v 0.416667 853.659966 -800.159966
v 0.625000 853.659966 -800.159966
v 0.833333 853.659966 -800.159966
v 1.041667 853.659966 -800.159966
v 1.250000 853.659966 -800.159966
v 1.458333 853.659966 -800.159966
v 1.666667 853.659966 -800.159966
v 1.875000 853.659966 -800.159966
v 2.083333 853.659966 -800.159966
v 2.291667 853.659966 -800.159966
v 2.500000 853.659966 -800.159966
v 2.708333 853.659966 -800.159966
v 2.916667 853.659966 -800.159966
v 3.125000 853.659966 -800.159966
v 3.333333 853.659966 -800.159966
v 3.541667 853.659966 -800.159966
v 3.750000 853.659966 -800.159966
v 3.958333 853.659966 -800.159966
v 4.166667 853.659966 -800.159966
v 4.375000 853.659966 -800.159966
v 4.583333 853.659966 -800.159966
v 4.791667 853.659966 -800.159966
v 5.000000 853.659966 -800.159966
v -5.000000 844.962575 -791.462575
v -4.791667 844.962575 -791.462575
v -4.583333 844.962575 -791.462575
v -4.375000 844.962575 -791.462575
v -4.166667 844.962575 -791.462575
v -3.958333 844.962575 -791.462575
v -3.750000 844.962575 -791.462575
v -3.541667 844.962575 -791.462575
v -3.333333 844.962575 -791.462575
v -3.125000 844.962575 -791.462575
v -2.916667 844.962575 -791.462575
v -2.708333 844.962575 -791.462575
v -2.500000 844.962575 -791.462575
v -2.291667 844.962575 -791.462575
v -2.083333 844.962575 -791.462575
v -1.875000 844.962575 -791.462575
v -1.666667 844.962575 -791.462575
v -1.458333 844.962575 -791.462575
v -1.250000 844.962575 -791.462575
v -1.041667 844.962575 -791.462575
v -0.833333 844.962575 -791.462575
v -0.625000 844.962575 -791.462575
v -0.416667 844.962575 -791.462575
v -0.208333 844.962575 -791.462575
v 0.000000 844.962575 -791.462575
v 0.208333 844.962575 -791.462575
v 0.416667 844.962575 -791.462575
v 0.625000 844.962575 -791.462575
v 0.833333 844.962575 -791.462575
v 1.041667 844.962575 -791.462575
v 1.250000 844.962575 -791.462575
v 1.458333 844.962575 -791.462575
v 1.666667 844.962575 -791.462575
v 1.875000 844.962575 -791.462575
v 2.083333 844.962575 -791.462575
v 2.291667 844.962575 -791.462575
v 2.500000 844.962575 -791.462575
v 2.708333 844.962575 -791.462575
v 2.916667 844.962575 -791.462575
v 3.125000 844.962575 -791.462575
v 3.333333 844.962575 -791.462575
v 3.541667 844.962575 -791.462575
v 3.750000 844.962575 -791.462575
v 3.958333 844.962575 -791.462575
v 4.166667 844.962575 -791.462575
v 4.375000 844.962575 -791.462575
v 4.583333 844.962575 -791.462575
v 4.791667 844.962575 -791.462575
v 5.000000 844.962575 -791.462575
v -5.000000 836.265184 -782.765184
v -4.791667 836.265184 -782.765184
v -4.583333 836.265184 -782.765184
v -4.375000 836.265184 -782.765184
v -4.166667 836.265184 -782.765184
v -3.958333 836.265184 -782.765184
v -3.750000 836.265184 -782.765184
v -3.541667 836.265184 -782.765184
v -3.333333 836.265184 -782.765184
v -3.125000 836.265184 -782.765184
v -2.916667 836.265184 -782.765184
v -2.708333 836.265184 -782.765184
v -2.500000 836.265184 -782.765184
v -2.291667 836.265184 -782.765184
v -2.083333 836.265184 -782.765184
v -1.875000 836.265184 -782.765184
v -1.666667 836.265184 -782.765184
v -1.458333 836.265184 -782.765184
v -1.250000 836.265184 -782.765184
v -1.041667 836.265184 -782.765184
v -0.833333 836.265184 -782.765184
v -0.625000 836.265184 -782.765184
v -0.416667 836.265184 -782.765184
v -0.208333 836.265184 -782.765184
v 0.000000 836.265184 -782.765184
v 0.208333 836.265184 -782.765184
v 0.416667 836.265184 -782.765184
v 0.625000 836.265184 -782.765184
v 0.833333 836.265184 -782.765184
v 1.041667 836.265184 -782.765184
v 1.250000 836.265184 -782.765184
v 1.458333 836.265184 -782.765184
v 1.666667 836.265184 -782.765184
v 1.875000 836.265184 -782.765184
v 2.083333 836.265184 -782.765184
v 2.291667 836.265184 -782.765184
v 2.500000 836.265184 -782.765184
v 2.708333 836.265184 -782.765184
v 2.916667 836.265184 -782.765184
v 3.125000 836.265184 -782.765184
v 3.333333 836.265184 -782.765184
v 3.541667 836.265184 -782.765184
v 3.750000 836.265184 -782.765184
v 3.958333 836.265184 -782.765184
v 4.166667 836.265184 -782.765184
v 4.375000 836.265184 -782.765184
v 4.583333 836.265184 -782.765184
v 4.791667 836.265184 -782.765184
v 5.000000 836.265184 -782.765184
v -5.000000 827.567793 -774.067793
v -4.791667 827.567793 -774.067793
v -4.583333 827.567793 -774.067793
v -4.375000 827.567793 -774.067793
v -4.166667 827.567793 -774.067793
v -3.958333 827.567793 -774.067793
v -3.750000 827.567793 -774.067793
v -3.541667 827.567793 -774.067793
v -3.333333 827.567793 -774.067793
v -3.125000 827.567793 -774.067793
v -2.916667 827.567793 -774.067793
v -2.708333 827.567793 -774.067793
v -2.500000 827.567793 -774.067793
v -2.291667 827.567793 -774.067793
v -2.083333 827.567793 -774.067793
v -1.875000 827.567793 -774.067793
v -1.666667 827.567793 -774.067793
v -1.458333 827.567793 -774.067793
v -1.250000 827.567793 -774.067793
v -1.041667 827.567793 -774.067793
v -0.833333 827.567793 -774.067793
v -0.625000 827.567793 -774.067793
v -0.416667 827.567793 -774.067793
v -0.208333 827.567793 -774.067793
v 0.000000 827.567793 -774.067793
v 0.208333 827.567793 -774.067793
v 0.416667 827.567793 -774.067793
v 0.625000 827.567793 -774.067793
v 0.833333 827.567793 -774.067793
v 1.041667 827.567793 -774.067793
v 1.250000 827.567793 -774.067793
v 1.458333 827.567793 -774.067793
v 1.666667 827.567793 -774.067793
v 1.875000 827.567793 -774.067793
v 2.083333 827.567793 -774.067793
v 2.291667 827.567793 -774.067793
v 2.500000 827.567793 -774.067793
v 2.708333 827.567793 -774.067793
v 2.916667 827.567793 -774.067793
v 3.125000 827.567793 -774.067793
v 3.333333 827.567793 -774.067793
v 3.541667 827.567793 -774.067793
v 3.750000 827.567793 -774.067793
v 3.958333 827.567793 -774.067793
v 4.166667 827.567793 -774.067793
v 4.375000 827.567793 -774.067793
v 4.583333 827.567793 -774.067793
v 4.791667 827.567793 -774.067793
v 5.000000 827.567793 -774.067793
v -5.000000 818.870403 -765.370403
v -4.791667 818.870403 -765.370403
v -4.583333 818.870403 -765.370403
v -4.375000 818.870403 -765.370403
v -4.166667 818.870403 -765.370403
v -3.958333 818.870403 -765.370403
v -3.750000 818.870403 -765.370403
v -3.541667 818.870403 -765.370403
v -3.333333 818.870403 -765.370403
v -3.125000 818.870403 -765.370403
v -2.916667 818.870403 -765.370403
v -2.708333 818.870403 -765.370403
v -2.500000 818.870403 -765.370403
v -2.291667 818.870403 -765.370403
v -2.083333 818.870403 -765.370403
v -1.875000 818.870403 -765.370403
v -1.666667 818.870403 -765.370403
v -1.458333 818.870403 -765.370403
v -1.250000 818.870403 -765.370403
v -1.041667 818.870403 -765.370403
v -0.833333 818.870403 -765.370403
v -0.625000 818.870403 -765.370403
v -0.416667 818.870403 -765.370403
v -0.208333 818.870403 -765.370403
v 0.000000 818.870403 -765.370403
v 0.208333 818.870403 -765.370403
v 0.416667 818.870403 -765.370403
v 0.625000 818.870403 -765.370403
v 0.833333 818.870403 -765.370403
v 1.041667 818.870403 -765.370403
v 1.250000 818.870403 -765.370403
v 1.458333 818.870403 -765.370403
v 1.666667 818.870403 -765.370403
v 1.875000 818.870403 -765.370403
v 2.083333 818.870403 -765.370403
v 2.291667 818.870403 -765.370403
v 2.500000 818.870403 -765.370403
v 2.708333 818.870403 -765.370403
v 2.916667 818.870403 -765.370403
v 3.125000 818.870403 -765.370403
v 3.333333 818.870403 -765.370403
v 3.541667 818.870403 -765.370403
v 3.750000 818.870403 -765.370403
v 3.958333 818.870403 -765.370403
v 4.166667 818.870403 -765.370403
v 4.375000 818.870403 -765.370403
v 4.583333 818.870403 -765.370403
v 4.791667 818.870403 -765.370403
v 5.000000 818.870403 -765.370403
v -5.000000 810.173012 -756.673012
v -4.791667 810.173012 -756.673012
v -4.583333 810.173012 -756.673012
v -4.375000 810.173012 -756.673012
v -4.166667 810.173012 -756.673012
v -3.958333 810.173012 -756.673012
v -3.750000 810.173012 -756.673012
v -3.541667 810.173012 -756.673012
v -3.333333 810.173012 -756.673012
v -3.125000 810.173012 -756.673012
v -2.916667 810.173012 -756.673012
v -2.708333 810.173012 -756.673012
v -2.500000 810.173012 -756.673012
v -2.291667 810.173012 -756.673012
v -2.083333 810.173012 -756.673012
v -1.875000 810.173012 -756.673012
v -1.666667 810.173012 -756.673012
v -1.458333 810.173012 -756.673012
v -1.250000 810.173012 -756.673012
v -1.041667 810.173012 -756.673012
v -0.833333 810.173012 -756.673012
v -0.625000 810.173012 -756.673012
v -0.416667 810.173012 -756.673012
v -0.208333 810.173012 -756.673012
v 0.000000 810.173012 -756.673012
v 0.208333 810.173012 -756.673012
v 0.416667 810.173012 -756.673012
v 0.625000 810.173012 -756.673012
v 0.833333 810.173012 -756.673012
v 1.041667 810.173012 -756.673012
v 1.250000 810.173012 -756.673012
v 1.458333 810.173012 -756.673012
v 1.666667 810.173012 -756.673012
v 1.875000 810.173012 -756.673012
v 2.083333 810.173012 -756.673012
v 2.291667 810.173012 -756.673012
v 2.500000 810.173012 -756.673012
v 2.708333 810.173012 -756.673012
v 2.916667 810.173012 -756.673012
v 3.125000 810.173012 -756.673012
v 3.333333 810.173012 -756.673012
v 3.541667 810.173012 -756.673012
v 3.750000 810.173012 -756.673012
v 3.958333 810.173012 -756.673012
v 4.166667 810.173012 -756.673012
v 4.375000 810.173012 -756.673012
v 4.583333 810.173012 -756.673012
v 4.791667 810.173012 -756.673012
v 5.000000 810.173012 -756.673012
v -5.000000 801.475621 -747.975621
v -4.791667 801.475621 -747.975621
v -4.583333 801.475621 -747.975621
v -4.375000 801.475621 -747.975621
v -4.166667 801.475621 -747.975621
v -3.958333 801.475621 -747.975621
v -3.750000 801.475621 -747.975621
v -3.541667 801.475621 -747.975621
v -3.333333 801.475621 -747.975621
v -3.125000 801.475621 -747.975621
v -2.916667 801.475621 -747.975621
v -2.708333 801.475621 -747.975621
v -2.500000 801.475621 -747.975621
v -2.291667 801.475621 -747.975621
v -2.083333 801.475621 -747.975621
v -1.875000 801.475621 -747.975621
v -1.666667 801.475621 -747.975621
v -1.458333 801.475621 -747.975621
v -1.250000 801.475621 -747.975621
v -1.041667 801.475621 -747.975621
v -0.833333 801.475621 -747.975621
v -0.625000 801.475621 -747.975621
v -0.416667 801.475621 -747.975621
v -0.208333 801.475621 -747.975621
v 0.000000 801.475621 -747.975621
v 0.208333 801.475621 -747.975621
v 0.416667 801.475621 -747.975621
v 0.625000 801.475621 -747.975621
v 0.833333 801.475621 -747.975621
v 1.041667 801.475621 -747.975621
v 1.250000 801.475621 -747.975621
v 1.458333 801.475621 -747.975621
v 1.666667 801.475621 -747.975621
v 1.875000 801.475621 -747.975621
v 2.083333 801.475621 -747.975621
v 2.291667 801.475621 -747.975621
v 2.500000 801.475621 -747.975621
v 2.708333 801.475621 -747.975621
v 2.916667 801.475621 -747.975621
v 3.125000 801.475621 -747.975621
v 3.333333 801.475621 -747.975621
v 3.541667 801.475621 -747.975621
v 3.750000 801.475621 -747.975621
v 3.958333 801.475621 -747.975621
v 4.166667 801.475621 -747.975621
v 4.375000 801.475621 -747.975621
v 4.583333 801.475621 -747.975621
v 4.791667 801.475621 -747.975621
v 5.000000 801.475621 -747.975621
v -5.000000 792.778230 -739.278230
v -4.791667 792.778230 -739.278230
v -4.583333 792.778230 -739.278230
v -4.375000 792.778230 -739.278230
v -4.166667 792.778230 -739.278230
v -3.958333 792.778230 -739.278230
v -3.750000 792.778230 -739.278230
v -3.541667 792.778230 -739.278230
v -3.333333 792.778230 -739.278230
v -3.125000 792.778230 -739.278230
v -2.916667 792.778230 -739.278230
v -2.708333 792.778230 -739.278230
v -2.500000 792.778230 -739.278230
v -2.291667 792.778230 -739.278230
v -2.083333 792.778230 -739.278230
v -1.875000 792.778230 -739.278230
v -1.666667 792.778230 -739.278230
v -1.458333 792.778230 -739.278230
v -1.250000 792.778230 -739.278230
v -1.041667 792.778230 -739.278230
v -0.833333 792.778230 -739.278230
v -0.625000 792.778230 -739.278230
v -0.416667 792.778230 -739.278230
v -0.208333 792.778230 -739.278230
v 0.000000 792.778230 -739.278230
v 0.208333 792.778230 -739.278230
v 0.416667 792.778230 -739.278230
v 0.625000 792.778230 -739.278230
v 0.833333 792.778230 -739.278230
v 1.041667 792.778230 -739.278230
v 1.250000 792.778230 -739.278230
v 1.458333 792.778230 -739.278230
v 1.666667 792.778230 -739.278230
v 1.875000 792.778230 -739.278230
v 2.083333 792.778230 -739.278230
v 2.291667 792.778230 -739.278230
v 2.500000 792.778230 -739.278230
v 2.708333 792.778230 -739.278230
v 2.916667 792.778230 -739.278230
v 3.125000 792.778230 -739.278230
v 3.333333 792.778230 -739.278230
v 3.541667 792.778230 -739.278230
v 3.750000 792.778230 -739.278230
v 3.958333 792.778230 -739.278230
v 4.166667 792.778230 -739.278230
v 4.375000 792.778230 -739.278230
v 4.583333 792.778230 -739.278230
v 4.791667 792.778230 -739.278230
v 5.000000 792.778230 -739.278230
v -5.000000 784.080839 -730.580839
v -4.791667 784.080839 -730.580839
v -4.583333 784.080839 -730.580839
v -4.375000 784.080839 -730.580839
v -4.166667 784.080839 -730.580839
v -3.958333 784.080839 -730.580839
v -3.750000 784.080839 -730.580839
v -3.541667 784.080839 -730.580839
v -3.333333 784.080839 -730.580839
v -3.125000 784.080839 -730.580839
v -2.916667 784.080839 -730.580839
v -2.708333 784.080839 -730.580839
v -2.500000 784.080839 -730.580839
v -2.291667 784.080839 -730.580839
v -2.083333 784.080839 -730.580839
v -1.875000 784.080839 -730.580839
v -1.666667 784.080839 -730.580839
v -1.458333 784.080839 -730.580839
v -1.250000 784.080839 -730.580839
v -1.041667 784.080839 -730.580839
v -0.833333 784.080839 -730.580839
v -0.625000 784.080839 -730.580839
v -0.416667 784.080839 -730.580839
v -0.208333 784.080839 -730.580839
v 0.000000 784.080839 -730.580839
v 0.208333 784.080839 -730.580839
v 0.416667 784.080839 -730.580839
v 0.625000 784.080839 -730.580839
v 0.833333 784.080839 -730.580839
v 1.041667 784.080839 -730.580839
v 1.250000 784.080839 -730.580839
v 1.458333 784.080839 -730.580839
v 1.666667 784.080839 -730.580839
v 1.875000 784.080839 -730.580839
v 2.083333 784.080839 -730.580839
v 2.291667 784.080839 -730.580839
v 2.500000 784.080839 -730.580839
v 2.708333 784.080839 -730.580839
v 2.916667 784.080839 -730.580839
v 3.125000 784.080839 -730.580839
v 3.333333 784.080839 -730.580839
v 3.541667 784.080839 -730.580839
v 3.750000 784.080839 -730.580839
v 3.958333 784.080839 -730.580839
v 4.166667 784.080839 -730.580839
v 4.375000 784.080839 -730.580839
v 4.583333 784.080839 -730.580839
v 4.791667 784.080839 -730.580839
v 5.000000 784.080839 -730.580839
v -5.000000 775.383448 -721.883448
v -4.791667 775.383448 -721.883448
v -4.583333 775.383448 -721.883448
v -4.375000 775.383448 -721.883448
v -4.166667 775.383448 -721.883448
v -3.958333 775.383448 -721.883448
v -3.750000 775.383448 -721.883448
v -3.541667 775.383448 -721.883448
v -3.333333 775.383448 -721.883448
v -3.125000 775.383448 -721.883448
v -2.916667 775.383448 -721.883448
v -2.708333 775.383448 -721.883448
v -2.500000 775.383448 -721.883448
v -2.291667 775.383448 -721.883448
v -2.083333 775.383448 -721.883448
v -1.875000 775.383448 -721.883448
v -1.666667 775.383448 -721.883448
v -1.458333 775.383448 -721.883448
v -1.250000 775.383448 -721.883448
v -1.041667 775.383448 -721.883448
v -0.833333 775.383448 -721.883448
v -0.625000 775.383448 -721.883448
v -0.416667 775.383448 -721.883448
v -0.208333 775.383448 -721.883448
v 0.000000 775.383448 -721.883448
v 0.208333 775.383448 -721.883448
v 0.416667 775.383448 -721.883448
v 0.625000 775.383448 -721.883448
v 0.833333 775.383448 -721.883448
v 1.041667 775.383448 -721.883448
v 1.250000 775.383448 -721.883448
v 1.458333 775.383448 -721.883448
v 1.666667 775.383448 -721.883448
v 1.875000 775.383448 -721.883448
v 2.083333 775.383448 -721.883448
v 2.291667 775.383448 -721.883448
v 2.500000 775.383448 -721.883448
v 2.708333 775.383448 -721.883448
v 2.916667 775.383448 -721.883448
v 3.125000 775.383448 -721.883448
v 3.333333 775.383448 -721.883448
v 3.541667 775.383448 -721.883448
v 3.750000 775.383448 -721.883448
v 3.958333 775.383448 -721.883448
v 4.166667 775.383448 -721.883448
v 4.375000 775.383448 -721.883448
v 4.583333 775.383448 -721.883448
v 4.791667 775.383448 -721.883448
v 5.000000 775.383448 -721.883448
v -5.000000 766.686057 -713.186057
v -4.791667 766.686057 -713.186057
v -4.583333 766.686057 -713.186057
v -4.375000 766.686057 -713.186057
v -4.166667 766.686057 -713.186057
v -3.958333 766.686057 -713.186057
v -3.750000 766.686057 -713.186057
v -3.541667 766.686057 -713.186057
v -3.333333 766.686057 -713.186057
v -3.125000 766.686057 -713.186057
v -2.916667 766.686057 -713.186057
v -2.708333 766.686057 -713.186057
v -2.500000 766.686057 -713.186057
v -2.291667 766.686057 -713.186057
v -2.083333 766.686057 -713.186057
v -1.875000 766.686057 -713.186057
v -1.666667 766.686057 -713.186057
v -1.458333 766.686057 -713.186057
v -1.250000 766.686057 -713.186057
v -1.041667 766.686057 -713.186057
v -0.833333 766.686057 -713.186057
v -0.625000 766.686057 -713.186057
v -0.416667 766.686057 -713.186057
v -0.208333 766.686057 -713.186057
v 0.000000 766.686057 -713.186057
v 0.208333 766.686057 -713.186057
v 0.416667 766.686057 -713.186057
v 0.625000 766.686057 -713.186057
v 0.833333 766.686057 -713.186057
v 1.041667 766.686057 -713.186057
v 1.250000 766.686057 -713.186057
v 1.458333 766.686057 -713.186057
v 1.666667 766.686057 -713.186057
v 1.875000 766.686057 -713.186057
v 2.083333 766.686057 -713.186057
v 2.291667 766.686057 -713.186057
v 2.500000 766.686057 -713.186057
v 2.708333 766.686057 -713.186057
v 2.916667 766.686057 -713.186057
v 3.125000 766.686057 -713.186057
v 3.333333 766.686057 -713.186057
v 3.541667 766.686057 -713.186057
v 3.750000 766.686057 -713.186057
v 3.958333 766.686057 -713.186057
v 4.166667 766.686057 -713.186057
v 4.375000 766.686057 -713.186057
v 4.583333 766.686057 -713.186057
v 4.791667 766.686057 -713.186057
v 5.000000 766.686057 -713.186057
v -5.000000 757.988666 -704.488666
v -4.791667 757.988666 -704.488666
v -4.583333 757.988666 -704.488666
v -4.375000 757.988666 -704.488666
v -4.166667 757.988666 -704.488666
v -3.958333 757.988666 -704.488666
v -3.750000 757.988666 -704.488666
v -3.541667 757.988666 -704.488666
v -3.333333 757.988666 -704.488666
v -3.125000 757.988666 -704.488666
v -2.916667 757.988666 -704.488666
v -2.708333 757.988666 -704.488666
v -2.500000 757.988666 -704.488666
v -2.291667 757.988666 -704.488666
v -2.083333 757.988666 -704.488666
v -1.875000 757.988666 -704.488666
v -1.666667 757.988666 -704.488666
v -1.458333 757.988666 -704.488666
v -1.250000 757.988666 -704.488666
v -1.041667 757.988666 -704.488666
v -0.833333 757.988666 -704.488666
v -0.625000 757.988666 -704.488666
v -0.416667 757.988666 -704.488666
v -0.208333 757.988666 -704.488666
v 0.000000 757.988666 -704.488666
v 0.208333 757.988666 -704.488666
v 0.416667 757.988666 -704.488666
v 0.625000 757.988666 -704.488666
v 0.833333 757.988666 -704.488666
v 1.041667 757.988666 -704.488666
v 1.250000 757.988666 -704.488666
v 1.458333 757.988666 -704.488666
v 1.666667 757.988666 -704.488666
v 1.875000 757.988666 -704.488666
v 2.083333 757.988666 -704.488666
v 2.291667 757.988666 -704.488666
v 2.500000 757.988666 -704.488666
v 2.708333 757.988666 -704.488666
v 2.916667 757.988666 -704.488666
v 3.125000 757.988666 -704.488666
v 3.333333 757.988666 -704.488666
v 3.541667 757.988666 -704.488666
v 3.750000 757.988666 -704.488666
v 3.958333 757.988666 -704.488666
v 4.166667 757.988666 -704.488666
v 4.375000 757.988666 -704.488666
v 4.583333 757.988666 -704.488666
v 4.791667 757.988666 -704.488666
v 5.000000 757.988666 -704.488666
v -5.000000 749.291275 -695.791275
v -4.791667 749.291275 -695.791275
v -4.583333 749.291275 -695.791275
v -4.375000 749.291275 -695.791275
v -4.166667 749.291275 -695.791275
v -3.958333 749.291275 -695.791275
v -3.750000 749.291275 -695.791275
v -3.541667 749.291275 -695.791275
v -3.333333 749.291275 -695.791275
v -3.125000 749.291275 -695.791275
v -2.916667 749.291275 -695.791275
v -2.708333 749.291275 -695.791275
v -2.500000 749.291275 -695.791275
v -2.291667 749.291275 -695.791275
v -2.083333 749.291275 -695.791275
v -1.875000 749.291275 -695.791275
v -1.666667 749.291275 -695.791275
v -1.458333 749.291275 -695.791275
v -1.250000 749.291275 -695.791275
v -1.041667 749.291275 -695.791275
v -0.833333 749.291275 -695.791275
v -0.625000 749.291275 -695.791275
v -0.416667 749.291275 -695.791275
v -0.208333 749.291275 -695.791275
v 0.000000 749.291275 -695.791275
v 0.208333 749.291275 -695.791275
v 0.416667 749.291275 -695.791275
v 0.625000 749.291275 -695.791275
v 0.833333 749.291275 -695.791275
v 1.041667 749.291275 -695.791275
v 1.250000 749.291275 -695.791275
v 1.458333 749.291275 -695.791275
v 1.666667 749.291275 -695.791275
v 1.875000 749.291275 -695.791275
v 2.083333 749.291275 -695.791275
v 2.291667 749.291275 -695.791275
v 2.500000 749.291275 -695.791275
v 2.708333 749.291275 -695.791275
v 2.916667 749.291275 -695.791275
v 3.125000 749.291275 -695.791275
v 3.333333 749.291275 -695.791275
v 3.541667 749.291275 -695.791275
v 3.750000 749.291275 -695.791275
v 3.958333 749.291275 -695.791275
v 4.166667 749.291275 -695.791275
v 4.375000 749.291275 -695.791275
v 4.583333 749.291275 -695.791275
v 4.791667 749.291275 -695.791275
v 5.000000 749.291275 -695.791275
v -5.000000 740.593884 -687.093884
v -4.791667 740.593884 -687.093884
v -4.583333 740.593884 -687.093884
v -4.375000 740.593884 -687.093884
v -4.166667 740.593884 -687.093884
v -3.958333 740.593884 -687.093884
v -3.750000 740.593884 -687.093884
v -3.541667 740.593884 -687.093884
v -3.333333 740.593884 -687.093884
v -3.125000 740.593884 -687.093884
v -2.916667 740.593884 -687.093884
v -2.708333 740.593884 -687.093884
v -2.500000 740.593884 -687.093884
v -2.291667 740.593884 -687.093884
v -2.083333 740.593884 -687.093884
v -1.875000 740.593884 -687.093884
v -1.666667 740.593884 -687.093884
v -1.458333 740.593884 -687.093884
v -1.250000 740.593884 -687.093884
v -1.041667 740.593884 -687.093884
v -0.833333 740.593884 -687.093884
v -0.625000 740.593884 -687.093884
v -0.416667 740.593884 -687.093884
v -0.208333 740.593884 -687.093884
v 0.000000 740.593884 -687.093884
v 0.208333 740.593884 -687.093884
v 0.416667 740.593884 -687.093884
v 0.625000 740.593884 -687.093884
v 0.833333 740.593884 -687.093884
v 1.041667 740.593884 -687.093884
v 1.250000 740.593884 -687.093884
v 1.458333 740.593884 -687.093884
v 1.666667 740.593884 -687.093884
v 1.875000 740.593884 -687.093884
v 2.083333 740.593884 -687.093884
v 2.291667 740.593884 -687.093884
v 2.500000 740.593884 -687.093884
v 2.708333 740.593884 -687.093884
v 2.916667 740.593884 -687.093884
v 3.125000 740.593884 -687.093884
v 3.333333 740.593884 -687.093884
v 3.541667 740.593884 -687.093884
v 3.750000 740.593884 -687.093884
v 3.958333 740.593884 -687.093884
v 4.166667 740.593884 -687.093884
v 4.375000 740.593884 -687.093884
v 4.583333 740.593884 -687.093884
v 4.791667 740.593884 -687.093884
v 5.000000 740.593884 -687.093884
v -5.000000 731.896493 -678.396493
v -4.791667 731.896493 -678.396493
v -4.583333 731.896493 -678.396493
v -4.375000 731.896493 -678.396493
v -4.166667 731.896493 -678.396493
v -3.958333 731.896493 -678.396493
v -3.750000 731.896493 -678.396493
v -3.541667 731.896493 -678.396493
v -3.333333 731.896493 -678.396493
v -3.125000 731.896493 -678.396493
v -2.916667 731.896493 -678.396493
v -2.708333 731.896493 -678.396493
v -2.500000 731.896493 -678.396493
v -2.291667 731.896493 -678.396493
v -2.083333 731.896493 -678.396493
v -1.875000 731.896493 -678.396493
v -1.666667 731.896493 -678.396493
v -1.458333 731.896493 -678.396493
v -1.250000 731.896493 -678.396493
v -1.041667 731.896493 -678.396493
v -0.833333 731.896493 -678.396493
v -0.625000 731.896493 -678.396493
v -0.416667 731.896493 -678.396493
v -0.208333 731.896493 -678.396493
v 0.000000 731.896493 -678.396493
v 0.208333 731.896493 -678.396493
v 0.416667 731.896493 -678.396493
v 0.625000 731.896493 -678.396493
v 0.833333 731.896493 -678.396493
v 1.041667 731.896493 -678.396493
v 1.250000 731.896493 -678.396493
v 1.458333 731.896493 -678.396493
v 1.666667 731.896493 -678.396493
v 1.875000 731.896493 -678.396493
v 2.083333 731.896493 -678.396493
v 2.291667 731.896493 -678.396493
v 2.500000 731.896493 -678.396493
v 2.708333 731.896493 -678.396493
v 2.916667 731.896493 -678.396493
v 3.125000 731.896493 -678.396493
v 3.333333 731.896493 -678.396493
v 3.541667 731.896493 -678.396493
v 3.750000 731.896493 -678.396493
v 3.958333 731.896493 -678.396493
v 4.166667 731.896493 -678.396493
v 4.375000 731.896493 -678.396493
v 4.583333 731.896493 -678.396493
v 4.791667 731.896493 -678.396493
v 5.000000 731.896493 -678.396493
v -5.000000 723.199102 -669.699102
v -4.791667 723.199102 -669.699102
v -4.583333 723.199102 -669.699102
v -4.375000 723.199102 -669.699102
v -4.166667 723.199102 -669.699102
v -3.958333 723.199102 -669.699102
v -3.750000 723.199102 -669.699102
v -3.541667 723.199102 -669.699102
v -3.333333 723.199102 -669.699102
v -3.125000 723.199102 -669.699102
v -2.916667 723.199102 -669.699102
v -2.708333 723.199102 -669.699102
v -2.500000 723.199102 -669.699102
v -2.291667 723.199102 -669.699102
v -2.083333 723.199102 -669.699102
v -1.875000 723.199102 -669.699102
v -1.666667 723.199102 -669.699102
v -1.458333 723.199102 -669.699102
v -1.250000 723.199102 -669.699102
v -1.041667 723.199102 -669.699102
v -0.833333 723.199102 -669.699102
v -0.625000 723.199102 -669.699102
v -0.416667 723.199102 -669.699102
v -0.208333 723.199102 -669.699102
v 0.000000 723.199102 -669.699102
v 0.208333 723.199102 -669.699102
v 0.416667 723.199102 -669.699102
v 0.625000 723.199102 -669.699102
v 0.833333 723.199102 -669.699102
v 1.041667 723.199102 -669.699102
v 1.250000 723.199102 -669.699102
v 1.458333 723.199102 -669.699102
v 1.666667 723.199102 -669.699102
v 1.875000 723.199102 -669.699102
v 2.083333 723.199102 -669.699102
v 2.291667 723.199102 -669.699102
v 2.500000 723.199102 -669.699102
v 2.708333 723.199102 -669.699102
v 2.916667 723.199102 -669.699102
v 3.125000 723.199102 -669.699102
v 3.333333 723.199102 -669.699102
v 3.541667 723.199102 -669.699102
v 3.750000 723.199102 -669.699102
v 3.958333 723.199102 -669.699102
v 4.166667 723.199102 -669.699102
v 4.375000 723.199102 -669.699102
v 4.583333 723.199102 -669.699102
v 4.791667 723.199102 -669.699102
v 5.000000 723.199102 -669.699102
v -5.000000 714.501711 -661.001711
v -4.791667 714.501711 -661.001711
v -4.583333 714.501711 -661.001711
v -4.375000 714.501711 -661.001711
v -4.166667 714.501711 -661.001711
v -3.958333 714.501711 -661.001711
v -3.750000 714.501711 -661.001711
v -3.541667 714.501711 -661.001711
v -3.333333 714.501711 -661.001711
v -3.125000 714.501711 -661.001711
v -2.916667 714.501711 -661.001711
v -2.708333 714.501711 -661.001711
v -2.500000 714.501711 -661.001711
v -2.291667 714.501711 -661.001711
v -2.083333 714.501711 -661.001711
v -1.875000 714.501711 -661.001711
v -1.666667 714.501711 -661.001711
v -1.458333 714.501711 -661.001711
v -1.250000 714.501711 -661.001711
v -1.041667 714.501711 -661.001711
v -0.833333 714.501711 -661.001711
v -0.625000 714.501711 -661.001711
v -0.416667 714.501711 -661.001711
v -0.208333 714.501711 -661.001711
v 0.000000 714.501711 -661.001711
v 0.208333 714.501711 -661.001711
v 0.416667 714.501711 -661.001711
v 0.625000 714.501711 -661.001711
v 0.833333 714.501711 -661.001711
v 1.041667 714.501711 -661.001711
v 1.250000 714.501711 -661.001711
v 1.458333 714.501711 -661.001711
v 1.666667 714.501711 -661.001711
v 1.875000 714.501711 -661.001711
v 2.083333 714.501711 -661.001711
v 2.291667 714.501711 -661.001711
v 2.500000 714.501711 -661.001711
v 2.708333 714.501711 -661.001711
v 2.916667 714.501711 -661.001711
v 3.125000 714.501711 -661.001711
v 3.333333 714.501711 -661.001711
v 3.541667 714.501711 -661.001711
v 3.750000 714.501711 -661.001711
v 3.958333 714.501711 -661.001711
v 4.166667 714.501711 -661.001711
v 4.375000 714.501711 -661.001711
v 4.583333 714.501711 -661.001711
v 4.791667 714.501711 -661.001711
v 5.000000 714.501711 -661.001711
v -5.000000 705.804320 -652.304320
v -4.791667 705.804320 -652.304320
v -4.583333 705.804320 -652.304320
v -4.375000 705.804320 -652.304320
v -4.166667 705.804320 -652.304320
v -3.958333 705.804320 -652.304320
v -3.750000 705.804320 -652.304320
v -3.541667 705.804320 -652.304320
v -3.333333 705.804320 -652.304320
v -3.125000 705.804320 -652.304320
v -2.916667 705.804320 -652.304320
v -2.708333 705.804320 -652.304320
v -2.500000 705.804320 -652.304320
v -2.291667 705.804320 -652.304320
v -2.083333 705.804320 -652.304320
v -1.875000 705.804320 -652.304320
v -1.666667 705.804320 -652.304320
v -1.458333 705.804320 -652.304320
v -1.250000 705.804320 -652.304320
v -1.041667 705.804320 -652.304320
v -0.833333 705.804320 -652.304320
v -0.625000 705.804320 -652.304320
v -0.416667 705.804320 -652.304320
v -0.208333 705.804320 -652.304320
v 0.000000 705.804320 -652.304320
v 0.208333 705.804320 -652.304320
v 0.416667 705.804320 -652.304320
v 0.625000 705.804320 -652.304320
v 0.833333 705.804320 -652.304320
v 1.041667 705.804320 -652.304320
v 1.250000 705.804320 -652.304320
v 1.458333 705.804320 -652.304320
v 1.666667 705.804320 -652.304320
v 1.875000 705.804320 -652.304320
v 2.083333 705.804320 -652.304320
v 2.291667 705.804320 -652.304320
v 2.500000 705.804320 -652.304320
v 2.708333 705.804320 -652.304320
v 2.916667 705.804320 -652.304320
v 3.125000 705.804320 -652.304320
v 3.333333 705.804320 -652.304320
v 3.541667 705.804320 -652.304320
v 3.750000 705.804320 -652.304320
v 3.958333 705.804320 -652.304320
v 4.166667 705.804320 -652.304320
v 4.375000 705.804320 -652.304320
v 4.583333 705.804320 -652.304320
v 4.791667 705.804320 -652.304320
v 5.000000 705.804320 -652.304320
v -5.000000 697.106929 -643.606929
v -4.791667 697.106929 -643.606929
v -4.583333 697.106929 -643.606929
v -4.375000 697.106929 -643.606929
v -4.166667 697.106929 -643.606929
v -3.958333 697.106929 -643.606929
v -3.750000 697.106929 -643.606929
v -3.541667 697.106929 -643.606929
v -3.333333 697.106929 -643.606929
v -3.125000 697.106929 -643.606929
v -2.916667 697.106929 -643.606929
v -2.708333 697.106929 -643.606929
v -2.500000 697.106929 -643.606929
v -2.291667 697.106929 -643.606929
v -2.083333 697.106929 -643.606929
v -1.875000 697.106929 -643.606929
v -1.666667 697.106929 -643.606929
v -1.458333 697.106929 -643.606929
v -1.250000 697.106929 -643.606929
v -1.041667 697.106929 -643.606929
v -0.833333 697.106929 -643.606929
v -0.625000 697.106929 -643.606929
v -0.416667 697.106929 -643.606929
v -0.208333 697.106929 -643.606929
v 0.000000 697.106929 -643.606929
v 0.208333 697.106929 -643.606929
v 0.416667 697.106929 -643.606929
v 0.625000 697.106929 -643.606929
v 0.833333 697.106929 -643.606929
v 1.041667 697.106929 -643.606929
v 1.250000 697.106929 -643.606929
v 1.458333 697.106929 -643.606929
v 1.666667 697.106929 -643.606929
v 1.875000 697.106929 -643.606929
v 2.083333 697.106929 -643.606929
v 2.291667 697.106929 -643.606929
v 2.500000 697.106929 -643.606929
v 2.708333 697.106929 -643.606929
v 2.916667 697.106929 -643.606929
v 3.125000 697.106929 -643.606929
v 3.333333 697.106929 -643.606929
v 3.541667 697.106929 -643.606929
v 3.750000 697.106929 -643.606929
v 3.958333 697.106929 -643.606929
v 4.166667 697.106929 -643.606929
v 4.375000 697.106929 -643.606929
v 4.583333 697.106929 -643.606929
v 4.791667 697.106929 -643.606929
v 5.000000 697.106929 -643.606929
v -5.000000 688.409538 -634.909538
v -4.791667 688.409538 -634.909538
v -4.583333 688.409538 -634.909538
v -4.375000 688.409538 -634.909538
v -4.166667 688.409538 -634.909538
v -3.958333 688.409538 -634.909538
v -3.750000 688.409538 -634.909538
v -3.541667 688.409538 -634.909538
v -3.333333 688.409538 -634.909538
v -3.125000 688.409538 -634.909538
v -2.916667 688.409538 -634.909538
v -2.708333 688.409538 -634.909538
v -2.500000 688.409538 -634.909538
v -2.291667 688.409538 -634.909538
v -2.083333 688.409538 -634.909538
v -1.875000 688.409538 -634.909538
v -1.666667 688.409538 -634.909538
v -1.458333 688.409538 -634.909538
v -1.250000 688.409538 -634.909538
v -1.041667 688.409538 -634.909538
v -0.833333 688.409538 -634.909538
v -0.625000 688.409538 -634.909538
v -0.416667 688.409538 -634.909538
v -0.208333 688.409538 -634.909538
v 0.000000 688.409538 -634.909538
v 0.208333 688.409538 -634.909538
v 0.416667 688.409538 -634.909538
v 0.625000 688.409538 -634.909538
v 0.833333 688.409538 -634.909538
v 1.041667 688.409538 -634.909538
v 1.250000 688.409538 -634.909538
v 1.458333 688.409538 -634.909538
v 1.666667 688.409538 -634.909538
v 1.875000 688.409538 -634.909538
v 2.083333 688.409538 -634.909538
v 2.291667 688.409538 -634.909538
v 2.500000 688.409538 -634.909538
v 2.708333 688.409538 -634.909538
v 2.916667 688.409538 -634.909538
v 3.125000 688.409538 -634.909538
v 3.333333 688.409538 -634.909538
v 3.541667 688.409538 -634.909538
v 3.750000 688.409538 -634.909538
v 3.958333 688.409538 -634.909538
v 4.166667 688.409538 -634.909538
v 4.375000 688.409538 -634.909538
v 4.583333 688.409538 -634.909538
v 4.791667 688.409538 -634.909538
v 5.000000 688.409538 -634.909538
v -5.000000 679.712148 -626.212148
v -4.791667 679.712148 -626.212148
v -4.583333 679.712148 -626.212148
v -4.375000 679.712148 -626.212148
v -4.166667 679.712148 -626.212148
v -3.958333 679.712148 -626.212148
v -3.750000 679.712148 -626.212148
v -3.541667 679.712148 -626.212148
v -3.333333 679.712148 -626.212148
v -3.125000 679.712148 -626.212148
v -2.916667 679.712148 -626.212148
v -2.708333 679.712148 -626.212148
v -2.500000 679.712148 -626.212148
v -2.291667 679.712148 -626.212148
v -2.083333 679.712148 -626.212148
v -1.875000 679.712148 -626.212148
v -1.666667 679.712148 -626.212148
v -1.458333 679.712148 -626.212148
v -1.250000 679.712148 -626.212148
v -1.041667 679.712148 -626.212148
v -0.833333 679.712148 -626.212148
v -0.625000 679.712148 -626.212148
v -0.416667 679.712148 -626.212148
v -0.208333 679.712148 -626.212148
v 0.000000 679.712148 -626.212148
v 0.208333 679.712148 -626.212148
v 0.416667 679.712148 -626.212148
v 0.625000 679.712148 -626.212148
v 0.833333 679.712148 -626.212148
v 1.041667 679.712148 -626.212148
v 1.250000 679.712148 -626.212148
v 1.458333 679.712148 -626.212148
v 1.666667 679.712148 -626.212148
v 1.875000 679.712148 -626.212148
v 2.083333 679.712148 -626.212148
v 2.291667 679.712148 -626.212148
v 2.500000 679.712148 -626.212148
v 2.708333 679.712148 -626.212148
v 2.916667 679.712148 -626.212148
v 3.125000 679.712148 -626.212148
v 3.333333 679.712148 -626.212148
v 3.541667 679.712148 -626.212148
v 3.750000 679.712148 -626.212148
v 3.958333 679.712148 -626.212148
v 4.166667 679.712148 -626.212148
v 4.375000 679.712148 -626.212148
v 4.583333 679.712148 -626.212148
v 4.791667 679.712148 -626.212148
v 5.000000 679.712148 -626.212148
v -5.000000 671.014757 -617.514757
v -4.791667 671.014757 -617.514757
v -4.583333 671.014757 -617.514757
v -4.375000 671.014757 -617.514757
v -4.166667 671.014757 -617.514757
v -3.958333 671.014757 -617.514757
v -3.750000 671.014757 -617.514757
v -3.541667 671.014757 -617.514757
v -3.333333 671.014757 -617.514757
v -3.125000 671.014757 -617.514757
v -2.916667 671.014757 -617.514757
v -2.708333 671.014757 -617.514757
v -2.500000 671.014757 -617.514757
v -2.291667 671.014757 -617.514757
v -2.083333 671.014757 -617.514757
v -1.875000 671.014757 -617.514757
v -1.666667 671.014757 -617.514757
v -1.458333 671.014757 -617.514757
v -1.250000 671.014757 -617.514757
v -1.041667 671.014757 -617.514757
v -0.833333 671.014757 -617.514757
v -0.625000 671.014757 -617.514757
v -0.416667 671.014757 -617.514757
v -0.208333 671.014757 -617.514757
v 0.000000 671.014757 -617.514757
v 0.208333 671.014757 -617.514757
v 0.416667 671.014757 -617.514757
v 0.625000 671.014757 -617.514757
v 0.833333 671.014757 -617.514757
v 1.041667 671.014757 -617.514757
v 1.250000 671.014757 -617.514757
v 1.458333 671.014757 -617.514757
v 1.666667 671.014757 -617.514757
v 1.875000 671.014757 -617.514757
v 2.083333 671.014757 -617.514757
v 2.291667 671.014757 -617.514757
v 2.500000 671.014757 -617.514757
v 2.708333 671.014757 -617.514757
v 2.916667 671.014757 -617.514757
v 3.125000 671.014757 -617.514757
v 3.333333 671.014757 -617.514757
v 3.541667 671.014757 -617.514757
v 3.750000 671.014757 -617.514757
v 3.958333 671.014757 -617.514757
v 4.166667 671.014757 -617.514757
v 4.375000 671.014757 -617.514757
v 4.583333 671.014757 -617.514757
v 4.791667 671.014757 -617.514757
v 5.000000 671.014757 -617.514757
v -5.000000 662.317366 -608.817366
v -4.791667 662.317366 -608.817366
v -4.583333 662.317366 -608.817366
v -4.375000 662.317366 -608.817366
v -4.166667 662.317366 -608.817366
v -3.958333 662.317366 -608.817366
v -3.750000 662.317366 -608.817366
v -3.541667 662.317366 -608.817366
v -3.333333 662.317366 -608.817366
v -3.125000 662.317366 -608.817366
v -2.916667 662.317366 -608.817366
v -2.708333 662.317366 -608.817366
v -2.500000 662.317366 -608.817366
v -2.291667 662.317366 -608.817366
v -2.083333 662.317366 -608.817366
v -1.875000 662.317366 -608.817366
v -1.666667 662.317366 -608.817366
v -1.458333 662.317366 -608.817366
v -1.250000 662.317366 -608.817366
v -1.041667 662.317366 -608.817366
v -0.833333 662.317366 -608.817366
v -0.625000 662.317366 -608.817366
v -0.416667 662.317366 -608.817366
v -0.208333 662.317366 -608.817366
v 0.000000 662.317366 -608.817366
v 0.208333 662.317366 -608.817366
v 0.416667 662.317366 -608.817366
v 0.625000 662.317366 -608.817366
v 0.833333 662.317366 -608.817366
v 1.041667 662.317366 -608.817366
v 1.250000 662.317366 -608.817366
v 1.458333 662.317366 -608.817366
v 1.666667 662.317366 -608.817366
v 1.875000 662.317366 -608.817366
v 2.083333 662.317366 -608.817366
v 2.291667 662.317366 -608.817366
v 2.500000 662.317366 -608.817366
v 2.708333 662.317366 -608.817366
v 2.916667 662.317366 -608.817366
v 3.125000 662.317366 -608.817366
v 3.333333 662.317366 -608.817366
v 3.541667 662.317366 -608.817366
v 3.750000 662.317366 -608.817366
v 3.958333 662.317366 -608.817366
v 4.166667 662.317366 -608.817366
v 4.375000 662.317366 -608.817366
v 4.583333 662.317366 -608.817366
v 4.791667 662.317366 -608.817366
v 5.000000 662.317366 -608.817366
v -5.000000 653.619975 -600.119975
v -4.791667 653.619975 -600.119975
v -4.583333 653.619975 -600.119975
v -4.375000 653.619975 -600.119975
v -4.166667 653.619975 -600.119975
v -3.958333 653.619975 -600.119975
v -3.750000 653.619975 -600.119975
v -3.541667 653.619975 -600.119975
v -3.333333 653.619975 -600.119975
v -3.125000 653.619975 -600.119975
v -2.916667 653.619975 -600.119975
v -2.708333 653.619975 -600.119975
v -2.500000 653.619975 -600.119975
v -2.291667 653.619975 -600.119975
v -2.083333 653.619975 -600.119975
v -1.875000 653.619975 -600.119975
v -1.666667 653.619975 -600.119975
v -1.458333 653.619975 -600.119975
v -1.250000 653.619975 -600.119975
v -1.041667 653.619975 -600.119975
v -0.833333 653.619975 -600.119975
v -0.625000 653.619975 -600.119975
v -0.416667 653.619975 -600.119975
v -0.208333 653.619975 -600.119975
v 0.000000 653.619975 -600.119975
v 0.208333 653.619975 -600.119975
v 0.416667 653.619975 -600.119975
v 0.625000 653.619975 -600.119975
v 0.833333 653.619975 -600.119975
v 1.041667 653.619975 -600.119975
v 1.250000 653.619975 -600.119975
v 1.458333 653.619975 -600.119975
v 1.666667 653.619975 -600.119975
v 1.875000 653.619975 -600.119975
v 2.083333 653.619975 -600.119975
v 2.291667 653.619975 -600.119975
v 2.500000 653.619975 -600.119975
v 2.708333 653.619975 -600.119975
v 2.916667 653.619975 -600.119975
v 3.125000 653.619975 -600.119975
v 3.333333 653.619975 -600.119975
v 3.541667 653.619975 -600.119975
v 3.750000 653.619975 -600.119975
v 3.958333 653.619975 -600.119975
v 4.166667 653.619975 -600.119975
v 4.375000 653.619975 -600.119975
v 4.583333 653.619975 -600.119975
v 4.791667 653.619975 -600.119975
v 5.000000 653.619975 -600.119975
v -5.000000 644.922584 -591.422584
v -4.791667 644.922584 -591.422584
v -4.583333 644.922584 -591.422584
v -4.375000 644.922584 -591.422584
v -4.166667 644.922584 -591.422584
v -3.958333 644.922584 -591.422584
v -3.750000 644.922584 -591.422584
v -3.541667 644.922584 -591.422584
v -3.333333 644.922584 -591.422584
v -3.125000 644.922584 -591.422584
v -2.916667 644.922584 -591.422584
v -2.708333 644.922584 -591.422584
v -2.500000 644.922584 -591.422584
v -2.291667 644.922584 -591.422584
v -2.083333 644.922584 -591.422584
v -1.875000 644.922584 -591.422584
v -1.666667 644.922584 -591.422584
v -1.458333 644.922584 -591.422584
v -1.250000 644.922584 -591.422584
v -1.041667 644.922584 -591.422584
v -0.833333 644.922584 -591.422584
v -0.625000 644.922584 -591.422584
v -0.416667 644.922584 -591.422584
v -0.208333 644.922584 -591.422584
v 0.000000 644.922584 -591.422584
v 0.208333 644.922584 -591.422584
v 0.416667 644.922584 -591.422584
v 0.625000 644.922584 -591.422584
v 0.833333 644.922584 -591.422584
v 1.041667 644.922584 -591.422584
v 1.250000 644.922584 -591.422584
v 1.458333 644.922584 -591.422584
v 1.666667 644.922584 -591.422584
v 1.875000 644.922584 -591.422584
v 2.083333 644.922584 -591.422584
v 2.291667 644.922584 -591.422584
v 2.500000 644.922584 -591.422584
v 2.708333 644.922584 -591.422584
v 2.916667 644.922584 -591.422584
v 3.125000 644.922584 -591.422584
v 3.333333 644.922584 -591.422584
v 3.541667 644.922584 -591.422584
v 3.750000 644.922584 -591.422584
v 3.958333 644.922584 -591.422584
v 4.166667 644.922584 -591.422584
v 4.375000 644.922584 -591.422584
v 4.583333 644.922584 -591.422584
v 4.791667 644.922584 -591.422584
v 5.000000 644.922584 -591.422584
v -5.000000 636.225193 -582.725193
v -4.791667 636.225193 -582.725193
v -4.583333 636.225193 -582.725193
v -4.375000 636.225193 -582.725193
v -4.166667 636.225193 -582.725193
v -3.958333 636.225193 -582.725193
v -3.750000 636.225193 -582.725193
v -3.541667 636.225193 -582.725193
v -3.333333 636.225193 -582.725193
v -3.125000 636.225193 -582.725193
v -2.916667 636.225193 -582.725193
v -2.708333 636.225193 -582.725193
v -2.500000 636.225193 -582.725193
v -2.291667 636.225193 -582.725193
v -2.083333 636.225193 -582.725193
v -1.875000 636.225193 -582.725193
v -1.666667 636.225193 -582.725193
v -1.458333 636.225193 -582.725193
v -1.250000 636.225193 -582.725193
v -1.041667 636.225193 -582.725193
v -0.833333 636.225193 -582.725193
v -0.625000 636.225193 -582.725193
v -0.416667 636.225193 -582.725193
v -0.208333 636.225193 -582.725193
v 0.000000 636.225193 -582.725193
v 0.208333 636.225193 -582.725193
v 0.416667 636.225193 -582.725193
v 0.625000 636.225193 -582.725193
v 0.833333 636.225193 -582.725193
v 1.041667 636.225193 -582.725193
v 1.250000 636.225193 -582.725193
v 1.458333 636.225193 -582.725193
v 1.666667 636.225193 -582.725193
v 1.875000 636.225193 -582.725193
v 2.083333 636.225193 -582.725193
v 2.291667 636.225193 -582.725193
v 2.500000 636.225193 -582.725193
v 2.708333 636.225193 -582.725193
v 2.916667 636.225193 -582.725193
v 3.125000 636.225193 -582.725193
v 3.333333 636.225193 -582.725193
v 3.541667 636.225193 -582.725193
v 3.750000 636.225193 -582.725193
v 3.958333 636.225193 -582.725193
v 4.166667 636.225193 -582.725193
v 4.375000 636.225193 -582.725193
v 4.583333 636.225193 -582.725193
v 4.791667 636.225193 -582.725193
v 5.000000 636.225193 -582.725193
v -5.000000 627.527802 -574.027802
v -4.791667 627.527802 -574.027802
v -4.583333 627.527802 -574.027802
v -4.375000 627.527802 -574.027802
v -4.166667 627.527802 -574.027802
v -3.958333 627.527802 -574.027802
v -3.750000 627.527802 -574.027802
v -3.541667 627.527802 -574.027802
v -3.333333 627.527802 -574.027802
v -3.125000 627.527802 -574.027802
v -2.916667 627.527802 -574.027802
v -2.708333 627.527802 -574.027802
v -2.500000 627.527802 -574.027802
v -2.291667 627.527802 -574.027802
v -2.083333 627.527802 -574.027802
v -1.875000 627.527802 -574.027802
v -1.666667 627.527802 -574.027802
v -1.458333 627.527802 -574.027802
v -1.250000 627.527802 -574.027802
v -1.041667 627.527802 -574.027802
v -0.833333 627.527802 -574.027802
v -0.625000 627.527802 -574.027802
v -0.416667 627.527802 -574.027802
v -0.208333 627.527802 -574.027802
v 0.000000 627.527802 -574.027802
v 0.208333 627.527802 -574.027802
v 0.416667 627.527802 -574.027802
v 0.625000 627.527802 -574.027802
v 0.833333 627.527802 -574.027802
v 1.041667 627.527802 -574.027802
v 1.250000 627.527802 -574.027802
v 1.458333 627.527802 -574.027802
v 1.666667 627.527802 -574.027802
v 1.875000 627.527802 -574.027802
v 2.083333 627.527802 -574.027802
v 2.291667 627.527802 -574.027802
v 2.500000 627.527802 -574.027802
v 2.708333 627.527802 -574.027802
v 2.916667 627.527802 -574.027802
v 3.125000 627.527802 -574.027802
v 3.333333 627.527802 -574.027802
v 3.541667 627.527802 -574.027802
v 3.750000 627.527802 -574.027802
v 3.958333 627.527802 -574.027802
v 4.166667 627.527802 -574.027802
v 4.375000 627.527802 -574.027802
v 4.583333 627.527802 -574.027802
v 4.791667 627.527802 -574.027802
v 5.000000 627.527802 -574.027802
v -5.000000 618.830411 -565.330411
v -4.791667 618.830411 -565.330411
v -4.583333 618.830411 -565.330411
v -4.375000 618.830411 -565.330411
v -4.166667 618.830411 -565.330411
v -3.958333 618.830411 -565.330411
v -3.750000 618.830411 -565.330411
v -3.541667 618.830411 -565.330411
v -3.333333 618.830411 -565.330411
v -3.125000 618.830411 -565.330411
v -2.916667 618.830411 -565.330411
v -2.708333 618.830411 -565.330411
v -2.500000 618.830411 -565.330411
v -2.291667 618.830411 -565.330411
v -2.083333 618.830411 -565.330411
v -1.875000 618.830411 -565.330411
v -1.666667 618.830411 -565.330411
v -1.458333 618.830411 -565.330411
v -1.250000 618.830411 -565.330411
v -1.041667 618.830411 -565.330411
v -0.833333 618.830411 -565.330411
v -0.625000 618.830411 -565.330411
v -0.416667 618.830411 -565.330411
v -0.208333 618.830411 -565.330411
v 0.000000 618.830411 -565.330411
v 0.208333 618.830411 -565.330411
v 0.416667 618.830411 -565.330411
v 0.625000 618.830411 -565.330411
v 0.833333 618.830411 -565.330411
v 1.041667 618.830411 -565.330411
v 1.250000 618.830411 -565.330411
v 1.458333 618.830411 -565.330411
v 1.666667 618.830411 -565.330411
v 1.875000 618.830411 -565.330411
v 2.083333 618.830411 -565.330411
v 2.291667 618.830411 -565.330411
v 2.500000 618.830411 -565.330411
v 2.708333 618.830411 -565.330411
v 2.916667 618.830411 -565.330411
v 3.125000 618.830411 -565.330411
v 3.333333 618.830411 -565.330411
v 3.541667 618.830411 -565.330411
v 3.750000 618.830411 -565.330411
v 3.958333 618.830411 -565.330411
v 4.166667 618.830411 -565.330411
v 4.375000 618.830411 -565.330411
v 4.583333 618.830411 -565.330411
v 4.791667 618.830411 -565.330411
v 5.000000 618.830411 -565.330411
v -5.000000 610.133020 -556.633020
v -4.791667 610.133020 -556.633020
v -4.583333 610.133020 -556.633020
v -4.375000 610.133020 -556.633020
v -4.166667 610.133020 -556.633020
v -3.958333 610.133020 -556.633020
v -3.750000 610.133020 -556.633020
v -3.541667 610.133020 -556.633020
v -3.333333 610.133020 -556.633020
v -3.125000 610.133020 -556.633020
v -2.916667 610.133020 -556.633020
v -2.708333 610.133020 -556.633020
v -2.500000 610.133020 -556.633020
v -2.291667 610.133020 -556.633020
v -2.083333 610.133020 -556.633020
v -1.875000 610.133020 -556.633020
v -1.666667 610.133020 -556.633020
v -1.458333 610.133020 -556.633020
v -1.250000 610.133020 -556.633020
v -1.041667 610.133020 -556.633020
v -0.833333 610.133020 -556.633020
v -0.625000 610.133020 -556.633020
v -0.416667 610.133020 -556.633020
v -0.208333 610.133020 -556.633020
v 0.000000 610.133020 -556.633020
v 0.208333 610.133020 -556.633020
v 0.416667 610.133020 -556.633020
v 0.625000 610.133020 -556.633020
v 0.833333 610.133020 -556.633020
v 1.041667 610.133020 -556.633020
v 1.250000 610.133020 -556.633020
v 1.458333 610.133020 -556.633020
v 1.666667 610.133020 -556.633020
v 1.875000 610.133020 -556.633020
v 2.083333 610.133020 -556.633020
v 2.291667 610.133020 -556.633020
v 2.500000 610.133020 -556.633020
v 2.708333 610.133020 -556.633020
v 2.916667 610.133020 -556.633020
v 3.125000 610.133020 -556.633020
v 3.333333 610.133020 -556.633020
v 3.541667 610.133020 -556.633020
v 3.750000 610.133020 -556.633020
v 3.958333 610.133020 -556.633020
v 4.166667 610.133020 -556.633020
v 4.375000 610.133020 -556.633020
v 4.583333 610.133020 -556.633020
v 4.791667 610.133020 -556.633020
v 5.000000 610.133020 -556.633020
v -5.000000 601.435629 -547.935629
v -4.791667 601.435629 -547.935629
v -4.583333 601.435629 -547.935629
v -4.375000 601.435629 -547.935629
v -4.166667 601.435629 -547.935629
v -3.958333 601.435629 -547.935629
v -3.750000 601.435629 -547.935629
v -3.541667 601.435629 -547.935629
v -3.333333 601.435629 -547.935629
v -3.125000 601.435629 -547.935629
v -2.916667 601.435629 -547.935629
v -2.708333 601.435629 -547.935629
v -2.500000 601.435629 -547.935629
v -2.291667 601.435629 -547.935629
v -2.083333 601.435629 -547.935629
v -1.875000 601.435629 -547.935629
v -1.666667 601.435629 -547.935629
v -1.458333 601.435629 -547.935629
v -1.250000 601.435629 -547.935629
v -1.041667 601.435629 -547.935629
v -0.833333 601.435629 -547.935629
v -0.625000 601.435629 -547.935629
v -0.416667 601.435629 -547.935629
v -0.208333 601.435629 -547.935629
v 0.000000 601.435629 -547.935629
v 0.208333 601.435629 -547.935629
v 0.416667 601.435629 -547.935629
v 0.625000 601.435629 -547.935629
v 0.833333 601.435629 -547.935629
v 1.041667 601.435629 -547.935629
v 1.250000 601.435629 -547.935629
v 1.458333 601.435629 -547.935629
v 1.666667 601.435629 -547.935629
v 1.875000 601.435629 -547.935629
v 2.083333 601.435629 -547.935629
v 2.291667 601.435629 -547.935629
v 2.500000 601.435629 -547.935629
v 2.708333 601.435629 -547.935629
v 2.916667 601.435629 -547.935629
v 3.125000 601.435629 -547.935629
v 3.333333 601.435629 -547.935629
v 3.541667 601.435629 -547.935629
v 3.750000 601.435629 -547.935629
v 3.958333 601.435629 -547.935629
v 4.166667 601.435629 -547.935629
v 4.375000 601.435629 -547.935629
v 4.583333 601.435629 -547.935629
v 4.791667 601.435629 -547.935629
v 5.000000 601.435629 -547.935629
v -5.000000 592.738238 -539.238238
v -4.791667 592.738238 -539.238238
v -4.583333 592.738238 -539.238238
v -4.375000 592.738238 -539.238238
v -4.166667 592.738238 -539.238238
v -3.958333 592.738238 -539.238238
v -3.750000 592.738238 -539.238238
v -3.541667 592.738238 -539.238238
v -3.333333 592.738238 -539.238238
v -3.125000 592.738238 -539.238238
v -2.916667 592.738238 -539.238238
v -2.708333 592.738238 -539.238238
v -2.500000 592.738238 -539.238238
v -2.291667 592.738238 -539.238238
v -2.083333 592.738238 -539.238238
v -1.875000 592.738238 -539.238238
v -1.666667 592.738238 -539.238238
v -1.458333 592.738238 -539.238238
v -1.250000 592.738238 -539.238238
v -1.041667 592.738238 -539.238238
v -0.833333 592.738238 -539.238238
v -0.625000 592.738238 -539.238238
v -0.416667 592.738238 -539.238238
v -0.208333 592.738238 -539.238238
v 0.000000 592.738238 -539.238238
v 0.208333 592.738238 -539.238238
v 0.416667 592.738238 -539.238238
v 0.625000 592.738238 -539.238238
v 0.833333 592.738238 -539.238238
v 1.041667 592.738238 -539.238238
v 1.250000 592.738238 -539.238238
v 1.458333 592.738238 -539.238238
v 1.666667 592.738238 -539.238238
v 1.875000 592.738238 -539.238238
v 2.083333 592.738238 -539.238238
v 2.291667 592.738238 -539.238238
v 2.500000 592.738238 -539.238238
v 2.708333 592.738238 -539.238238
v 2.916667 592.738238 -539.238238
v 3.125000 592.738238 -539.238238
v 3.333333 592.738238 -539.238238
v 3.541667 592.738238 -539.238238
v 3.750000 592.738238 -539.238238
v 3.958333 592.738238 -539.238238
v 4.166667 592.738238 -539.238238
v 4.375000 592.738238 -539.238238
v 4.583333 592.738238 -539.238238
v 4.791667 592.738238 -539.238238
v 5.000000 592.738238 -539.238238
v -5.000000 584.040847 -530.540847
v -4.791667 584.040847 -530.540847
v -4.583333 584.040847 -530.540847
v -4.375000 584.040847 -530.540847
v -4.166667 584.040847 -530.540847
v -3.958333 584.040847 -530.540847
v -3.750000 584.040847 -530.540847
v -3.541667 584.040847 -530.540847
v -3.333333 584.040847 -530.540847
v -3.125000 584.040847 -530.540847
v -2.916667 584.040847 -530.540847
v -2.708333 584.040847 -530.540847
v -2.500000 584.040847 -530.540847
v -2.291667 584.040847 -530.540847
v -2.083333 584.040847 -530.540847
v -1.875000 584.040847 -530.540847
v -1.666667 584.040847 -530.540847
v -1.458333 584.040847 -530.540847
v -1.250000 584.040847 -530.540847
v -1.041667 584.040847 -530.540847
v -0.833333 584.040847 -530.540847
v -0.625000 584.040847 -530.540847
v -0.416667 584.040847 -530.540847
v -0.208333 584.040847 -530.540847
v 0.000000 584.040847 -530.540847
v 0.208333 584.040847 -530.540847
v 0.416667 584.040847 -530.540847
v 0.625000 584.040847 -530.540847
v 0.833333 584.040847 -530.540847
v 1.041667 584.040847 -530.540847
v 1.250000 584.040847 -530.540847
v 1.458333 584.040847 -530.540847
v 1.666667 584.040847 -530.540847
v 1.875000 584.040847 -530.540847
v 2.083333 584.040847 -530.540847
v 2.291667 584.040847 -530.540847
v 2.500000 584.040847 -530.540847
v 2.708333 584.040847 -530.540847
v 2.916667 584.040847 -530.540847
v 3.125000 584.040847 -530.540847
v 3.333333 584.040847 -530.540847
v 3.541667 584.040847 -530.540847
v 3.750000 584.040847 -530.540847
v 3.958333 584.040847 -530.540847
v 4.166667 584.040847 -530.540847
v 4.375000 584.040847 -530.540847
v 4.583333 584.040847 -530.540847
v 4.791667 584.040847 -530.540847
v 5.000000 584.040847 -530.540847
v -5.000000 575.343456 -521.843456
v -4.791667 575.343456 -521.843456
v -4.583333 575.343456 -521.843456
v -4.375000 575.343456 -521.843456
v -4.166667 575.343456 -521.843456
v -3.958333 575.343456 -521.843456
v -3.750000 575.343456 -521.843456
v -3.541667 575.343456 -521.843456
v -3.333333 575.343456 -521.843456
v -3.125000 575.343456 -521.843456
v -2.916667 575.343456 -521.843456
v -2.708333 575.343456 -521.843456
v -2.500000 575.343456 -521.843456
v -2.291667 575.343456 -521.843456
v -2.083333 575.343456 -521.843456
v -1.875000 575.343456 -521.843456
v -1.666667 575.343456 -521.843456
v -1.458333 575.343456 -521.843456
v -1.250000 575.343456 -521.843456
v -1.041667 575.343456 -521.843456
v -0.833333 575.343456 -521.843456
v -0.625000 575.343456 -521.843456
v -0.416667 575.343456 -521.843456
v -0.208333 575.343456 -521.843456
v 0.000000 575.343456 -521.843456
v 0.208333 575.343456 -521.843456
v 0.416667 575.343456 -521.843456
v 0.625000 575.343456 -521.843456
v 0.833333 575.343456 -521.843456
v 1.041667 575.343456 -521.843456
v 1.250000 575.343456 -521.843456
v 1.458333 575.343456 -521.843456
v 1.666667 575.343456 -521.843456
v 1.875000 575.343456 -521.843456
v 2.083333 575.343456 -521.843456
v 2.291667 575.343456 -521.843456
v 2.500000 575.343456 -521.843456
v 2.708333 575.343456 -521.843456
v 2.916667 575.343456 -521.843456
v 3.125000 575.343456 -521.843456
v 3.333333 575.343456 -521.843456
v 3.541667 575.343456 -521.843456
v 3.750000 575.343456 -521.843456
v 3.958333 575.343456 -521.843456
v 4.166667 575.343456 -521.843456
v 4.375000 575.343456 -521.843456
v 4.583333 575.343456 -521.843456
v 4.791667 575.343456 -521.843456
v 5.000000 575.343456 -521.843456
v -5.000000 566.646065 -513.146065
v -4.791667 566.646065 -513.146065
v -4.583333 566.646065 -513.146065
v -4.375000 566.646065 -513.146065
v -4.166667 566.646065 -513.146065
v -3.958333 566.646065 -513.146065
v -3.750000 566.646065 -513.146065
v -3.541667 566.646065 -513.146065
v -3.333333 566.646065 -513.146065
v -3.125000 566.646065 -513.146065
v -2.916667 566.646065 -513.146065
v -2.708333 566.646065 -513.146065
v -2.500000 566.646065 -513.146065
v -2.291667 566.646065 -513.146065
v -2.083333 566.646065 -513.146065
v -1.875000 566.646065 -513.146065
v -1.666667 566.646065 -513.146065
v -1.458333 566.646065 -513.146065
v -1.250000 566.646065 -513.146065
v -1.041667 566.646065 -513.146065
v -0.833333 566.646065 -513.146065
v -0.625000 566.646065 -513.146065
v -0.416667 566.646065 -513.146065
v -0.208333 566.646065 -513.146065
v 0.000000 566.646065 -513.146065
v 0.208333 566.646065 -513.146065
v 0.416667 566.646065 -513.146065
v 0.625000 566.646065 -513.146065
v 0.833333 566.646065 -513.146065
v 1.041667 566.646065 -513.146065
v 1.250000 566.646065 -513.146065
v 1.458333 566.646065 -513.146065
v 1.666667 566.646065 -513.146065
v 1.875000 566.646065 -513.146065
v 2.083333 566.646065 -513.146065
v 2.291667 566.646065 -513.146065
v 2.500000 566.646065 -513.146065
v 2.708333 566.646065 -513.146065
v 2.916667 566.646065 -513.146065
v 3.125000 566.646065 -513.146065
v 3.333333 566.646065 -513.146065
v 3.541667 566.646065 -513.146065
v 3.750000 566.646065 -513.146065
v 3.958333 566.646065 -513.146065
v 4.166667 566.646065 -513.146065
v 4.375000 566.646065 -513.146065
v 4.583333 566.646065 -513.146065
v 4.791667 566.646065 -513.146065
v 5.000000 566.646065 -513.146065
v -5.000000 557.948674 -504.448674
v -4.791667 557.948674 -504.448674
v -4.583333 557.948674 -504.448674
v -4.375000 557.948674 -504.448674
v -4.166667 557.948674 -504.448674
v -3.958333 557.948674 -504.448674
v -3.750000 557.948674 -504.448674
v -3.541667 557.948674 -504.448674
v -3.333333 557.948674 -504.448674
v -3.125000 557.948674 -504.448674
v -2.916667 557.948674 -504.448674
v -2.708333 557.948674 -504.448674
v -2.500000 557.948674 -504.448674
v -2.291667 557.948674 -504.448674
v -2.083333 557.948674 -504.448674
v -1.875000 557.948674 -504.448674
v -1.666667 557.948674 -504.448674
v -1.458333 557.948674 -504.448674
v -1.250000 557.948674 -504.448674
v -1.041667 557.948674 -504.448674
v -0.833333 557.948674 -504.448674
v -0.625000 557.948674 -504.448674
v -0.416667 557.948674 -504.448674
v -0.208333 557.948674 -504.448674
v 0.000000 557.948674 -504.448674
v 0.208333 557.948674 -504.448674
v 0.416667 557.948674 -504.448674
v 0.625000 557.948674 -504.448674
v 0.833333 557.948674 -504.448674
v 1.041667 557.948674 -504.448674
v 1.250000 557.948674 -504.448674
v 1.458333 557.948674 -504.448674
v 1.666667 557.948674 -504.448674
v 1.875000 557.948674 -504.448674
v 2.083333 557.948674 -504.448674
v 2.291667 557.948674 -504.448674
v 2.500000 557.948674 -504.448674
v 2.708333 557.948674 -504.448674
v 2.916667 557.948674 -504.448674
v 3.125000 557.948674 -504.448674
v 3.333333 557.948674 -504.448674
v 3.541667 557.948674 -504.448674
v 3.750000 557.948674 -504.448674
v 3.958333 557.948674 -504.448674
v 4.166667 557.948674 -504.448674
v 4.375000 557.948674 -504.448674
v 4.583333 557.948674 -504.448674
v 4.791667 557.948674 -504.448674
v 5.000000 557.948674 -504.448674
v -5.000000 549.251283 -495.751283
v -4.791667 549.251283 -495.751283
v -4.583333 549.251283 -495.751283
v -4.375000 549.251283 -495.751283
v -4.166667 549.251283 -495.751283
v -3.958333 549.251283 -495.751283
v -3.750000 549.251283 -495.751283
v -3.541667 549.251283 -495.751283
v -3.333333 549.251283 -495.751283
v -3.125000 549.251283 -495.751283
v -2.916667 549.251283 -495.751283
v -2.708333 549.251283 -495.751283
v -2.500000 549.251283 -495.751283
v -2.291667 549.251283 -495.751283
v -2.083333 549.251283 -495.751283
v -1.875000 549.251283 -495.751283
v -1.666667 549.251283 -495.751283
v -1.458333 549.251283 -495.751283
v -1.250000 549.251283 -495.751283
v -1.041667 549.251283 -495.751283
v -0.833333 549.251283 -495.751283
v -0.625000 549.251283 -495.751283
v -0.416667 549.251283 -495.751283
v -0.208333 549.251283 -495.751283
v 0.000000 549.251283 -495.751283
v 0.208333 549.251283 -495.751283
v 0.416667 549.251283 -495.751283
v 0.625000 549.251283 -495.751283
v 0.833333 549.251283 -495.751283
v 1.041667 549.251283 -495.751283
v 1.250000 549.251283 -495.751283
v 1.458333 549.251283 -495.751283
v 1.666667 549.251283 -495.751283
v 1.875000 549.251283 -495.751283
v 2.083333 549.251283 -495.751283
v 2.291667 549.251283 -495.751283
v 2.500000 549.251283 -495.751283
v 2.708333 549.251283 -495.751283
v 2.916667 549.251283 -495.751283
v 3.125000 549.251283 -495.751283
v 3.333333 549.251283 -495.751283
v 3.541667 549.251283 -495.751283
v 3.750000 549.251283 -495.751283
v 3.958333 549.251283 -495.751283
v 4.166667 549.251283 -495.751283
v 4.375000 549.251283 -495.751283
v 4.583333 549.251283 -495.751283
v 4.791667 549.251283 -495.751283
v 5.000000 549.251283 -495.751283
v -5.000000 540.553893 -487.053893
v -4.791667 540.553893 -487.053893
v -4.583333 540.553893 -487.053893
v -4.375000 540.553893 -487.053893
v -4.166667 540.553893 -487.053893
v -3.958333 540.553893 -487.053893
v -3.750000 540.553893 -487.053893
v -3.541667 540.553893 -487.053893
v -3.333333 540.553893 -487.053893
v -3.125000 540.553893 -487.053893
v -2.916667 540.553893 -487.053893
v -2.708333 540.553893 -487.053893
v -2.500000 540.553893 -487.053893
v -2.291667 540.553893 -487.053893
v -2.083333 540.553893 -487.053893
v -1.875000 540.553893 -487.053893
v -1.666667 540.553893 -487.053893
v -1.458333 540.553893 -487.053893
v -1.250000 540.553893 -487.053893
v -1.041667 540.553893 -487.053893
v -0.833333 540.553893 -487.053893
v -0.625000 540.553893 -487.053893
v -0.416667 540.553893 -487.053893
v -0.208333 540.553893 -487.053893
v 0.000000 540.553893 -487.053893
v 0.208333 540.553893 -487.053893
v 0.416667 540.553893 -487.053893
v 0.625000 540.553893 -487.053893
v 0.833333 540.553893 -487.053893
v 1.041667 540.553893 -487.053893
v 1.250000 540.553893 -487.053893
v 1.458333 540.553893 -487.053893
v 1.666667 540.553893 -487.053893
v 1.875000 540.553893 -487.053893
v 2.083333 540.553893 -487.053893
v 2.291667 540.553893 -487.053893
v 2.500000 540.553893 -487.053893
v 2.708333 540.553893 -487.053893
v 2.916667 540.553893 -487.053893
v 3.125000 540.553893 -487.053893
v 3.333333 540.553893 -487.053893
v 3.541667 540.553893 -487.053893
v 3.750000 540.553893 -487.053893
v 3.958333 540.553893 -487.053893
v 4.166667 540.553893 -487.053893
v 4.375000 540.553893 -487.053893
v 4.583333 540.553893 -487.053893
v 4.791667 540.553893 -487.053893
v 5.000000 540.553893 -487.053893
v -5.000000 531.856502 -478.356502
v -4.791667 531.856502 -478.356502
v -4.583333 531.856502 -478.356502
v -4.375000 531.856502 -478.356502
v -4.166667 531.856502 -478.356502
v -3.958333 531.856502 -478.356502
v -3.750000 531.856502 -478.356502
v -3.541667 531.856502 -478.356502
v -3.333333 531.856502 -478.356502
v -3.125000 531.856502 -478.356502
v -2.916667 531.856502 -478.356502
v -2.708333 531.856502 -478.356502
v -2.500000 531.856502 -478.356502
v -2.291667 531.856502 -478.356502
v -2.083333 531.856502 -478.356502
v -1.875000 531.856502 -478.356502
v -1.666667 531.856502 -478.356502
v -1.458333 531.856502 -478.356502
v -1.250000 531.856502 -478.356502
v -1.041667 531.856502 -478.356502
v -0.833333 531.856502 -478.356502
v -0.625000 531.856502 -478.356502
v -0.416667 531.856502 -478.356502
v -0.208333 531.856502 -478.356502
v 0.000000 531.856502 -478.356502
v 0.208333 531.856502 -478.356502
v 0.416667 531.856502 -478.356502
v 0.625000 531.856502 -478.356502
v 0.833333 531.856502 -478.356502
v 1.041667 531.856502 -478.356502
v 1.250000 531.856502 -478.356502
v 1.458333 531.856502 -478.356502
v 1.666667 531.856502 -478.356502
v 1.875000 531.856502 -478.356502
v 2.083333 531.856502 -478.356502
v 2.291667 531.856502 -478.356502
v 2.500000 531.856502 -478.356502
v 2.708333 531.856502 -478.356502
v 2.916667 531.856502 -478.356502
v 3.125000 531.856502 -478.356502
v 3.333333 531.856502 -478.356502
v 3.541667 531.856502 -478.356502
v 3.750000 531.856502 -478.356502
v 3.958333 531.856502 -478.356502
v 4.166667 531.856502 -478.356502
v 4.375000 531.856502 -478.356502
v 4.583333 531.856502 -478.356502
v 4.791667 531.856502 -478.356502
v 5.000000 531.856502 -478.356502
v -5.000000 523.159111 -469.659111
v -4.791667 523.159111 -469.659111
v -4.583333 523.159111 -469.659111
v -4.375000 523.159111 -469.659111
v -4.166667 523.159111 -469.659111
v -3.958333 523.159111 -469.659111
v -3.750000 523.159111 -469.659111
v -3.541667 523.159111 -469.659111
v -3.333333 523.159111 -469.659111
v -3.125000 523.159111 -469.659111
v -2.916667 523.159111 -469.659111
v -2.708333 523.159111 -469.659111
v -2.500000 523.159111 -469.659111
v -2.291667 523.159111 -469.659111
v -2.083333 523.159111 -469.659111
v -1.875000 523.159111 -469.659111
v -1.666667 523.159111 -469.659111
v -1.458333 523.159111 -469.659111
v -1.250000 523.159111 -469.659111
v -1.041667 523.159111 -469.659111
v -0.833333 523.159111 -469.659111
v -0.625000 523.159111 -469.659111
v -0.416667 523.159111 -469.659111
v -0.208333 523.159111 -469.659111
v 0.000000 523.159111 -469.659111
v 0.208333 523.159111 -469.659111
v 0.416667 523.159111 -469.659111
v 0.625000 523.159111 -469.659111
v 0.833333 523.159111 -469.659111
v 1.041667 523.159111 -469.659111
v 1.250000 523.159111 -469.659111
v 1.458333 523.159111 -469.659111
v 1.666667 523.159111 -469.659111
v 1.875000 523.159111 -469.659111
v 2.083333 523.159111 -469.659111
v 2.291667 523.159111 -469.659111
v 2.500000 523.159111 -469.659111
v 2.708333 523.159111 -469.659111
v 2.916667 523.159111 -469.659111
v 3.125000 523.159111 -469.659111
v 3.333333 523.159111 -469.659111
v 3.541667 523.159111 -469.659111
v 3.750000 523.159111 -469.659111
v 3.958333 523.159111 -469.659111
v 4.166667 523.159111 -469.659111
v 4.375000 523.159111 -469.659111
v 4.583333 523.159111 -469.659111
v 4.791667 523.159111 -469.659111
v 5.000000 523.159111 -469.659111
v -5.000000 514.461720 -460.961720
v -4.791667 514.461720 -460.961720
v -4.583333 514.461720 -460.961720
v -4.375000 514.461720 -460.961720
v -4.166667 514.461720 -460.961720
v -3.958333 514.461720 -460.961720
v -3.750000 514.461720 -460.961720
v -3.541667 514.461720 -460.961720
v -3.333333 514.461720 -460.961720
v -3.125000 514.461720 -460.961720
v -2.916667 514.461720 -460.961720
v -2.708333 514.461720 -460.961720
v -2.500000 514.461720 -460.961720
v -2.291667 514.461720 -460.961720
v -2.083333 514.461720 -460.961720
v -1.875000 514.461720 -460.961720
v -1.666667 514.461720 -460.961720
v -1.458333 514.461720 -460.961720
v -1.250000 514.461720 -460.961720
v -1.041667 514.461720 -460.961720
v -0.833333 514.461720 -460.961720
v -0.625000 514.461720 -460.961720
v -0.416667 514.461720 -460.961720
v -0.208333 514.461720 -460.961720
v 0.000000 514.461720 -460.961720
v 0.208333 514.461720 -460.961720
v 0.416667 514.461720 -460.961720
v 0.625000 514.461720 -460.961720
v 0.833333 514.461720 -460.961720
v 1.041667 514.461720 -460.961720
v 1.250000 514.461720 -460.961720
v 1.458333 514.461720 -460.961720
v 1.666667 514.461720 -460.961720
v 1.875000 514.461720 -460.961720
v 2.083333 514.461720 -460.961720
v 2.291667 514.461720 -460.961720
v 2.500000 514.461720 -460.961720
v 2.708333 514.461720 -460.961720
v 2.916667 514.461720 -460.961720
v 3.125000 514.461720 -460.961720
v 3.333333 514.461720 -460.961720
v 3.541667 514.461720 -460.961720
v 3.750000 514.461720 -460.961720
v 3.958333 514.461720 -460.961720
v 4.166667 514.461720 -460.961720
v 4.375000 514.461720 -460.961720
v 4.583333 514.461720 -460.961720
v 4.791667 514.461720 -460.961720
v 5.000000 514.461720 -460.961720
v -5.000000 505.764329 -452.264329
v -4.791667 505.764329 -452.264329
v -4.583333 505.764329 -452.264329
v -4.375000 505.764329 -452.264329
v -4.166667 505.764329 -452.264329
v -3.958333 505.764329 -452.264329
v -3.750000 505.764329 -452.264329
v -3.541667 505.764329 -452.264329
v -3.333333 505.764329 -452.264329
v -3.125000 505.764329 -452.264329
v -2.916667 505.764329 -452.264329
v -2.708333 505.764329 -452.264329
v -2.500000 505.764329 -452.264329
v -2.291667 505.764329 -452.264329
v -2.083333 505.764329 -452.264329
v -1.875000 505.764329 -452.264329
v -1.666667 505.764329 -452.264329
v -1.458333 505.764329 -452.264329
v -1.250000 505.764329 -452.264329
v -1.041667 505.764329 -452.264329
v -0.833333 505.764329 -452.264329
v -0.625000 505.764329 -452.264329
v -0.416667 505.764329 -452.264329
v -0.208333 505.764329 -452.264329
v 0.000000 505.764329 -452.264329
v 0.208333 505.764329 -452.264329
v 0.416667 505.764329 -452.264329
v 0.625000 505.764329 -452.264329
v 0.833333 505.764329 -452.264329
v 1.041667 505.764329 -452.264329
v 1.250000 505.764329 -452.264329
v 1.458333 505.764329 -452.264329
v 1.666667 505.764329 -452.264329
v 1.875000 505.764329 -452.264329
v 2.083333 505.764329 -452.264329
v 2.291667 505.764329 -452.264329
v 2.500000 505.764329 -452.264329
v 2.708333 505.764329 -452.264329
v 2.916667 505.764329 -452.264329
v 3.125000 505.764329 -452.264329
v 3.333333 505.764329 -452.264329
v 3.541667 505.764329 -452.264329
v 3.750000 505.764329 -452.264329
v 3.958333 505.764329 -452.264329
v 4.166667 505.764329 -452.264329
v 4.375000 505.764329 -452.264329
v 4.583333 505.764329 -452.264329
v 4.791667 505.764329 -452.264329
v 5.000000 505.764329 -452.264329
v -5.000000 497.066938 -443.566938
v -4.791667 497.066938 -443.566938
v -4.583333 497.066938 -443.566938
v -4.375000 497.066938 -443.566938
v -4.166667 497.066938 -443.566938
v -3.958333 497.066938 -443.566938
v -3.750000 497.066938 -443.566938
v -3.541667 497.066938 -443.566938
v -3.333333 497.066938 -443.566938
v -3.125000 497.066938 -443.566938
v -2.916667 497.066938 -443.566938
v -2.708333 497.066938 -443.566938
v -2.500000 497.066938 -443.566938
v -2.291667 497.066938 -443.566938
v -2.083333 497.066938 -443.566938
v -1.875000 497.066938 -443.566938
v -1.666667 497.066938 -443.566938
v -1.458333 497.066938 -443.566938
v -1.250000 497.066938 -443.566938
v -1.041667 497.066938 -443.566938
v -0.833333 497.066938 -443.566938
v -0.625000 497.066938 -443.566938
v -0.416667 497.066938 -443.566938
v -0.208333 497.066938 -443.566938
v 0.000000 497.066938 -443.566938
v 0.208333 497.066938 -443.566938
v 0.416667 497.066938 -443.566938
v 0.625000 497.066938 -443.566938
v 0.833333 497.066938 -443.566938
v 1.041667 497.066938 -443.566938
v 1.250000 497.066938 -443.566938
v 1.458333 497.066938 -443.566938
v 1.666667 497.066938 -443.566938
v 1.875000 497.066938 -443.566938
v 2.083333 497.066938 -443.566938
v 2.291667 497.066938 -443.566938
v 2.500000 497.066938 -443.566938
v 2.708333 497.066938 -443.566938
v 2.916667 497.066938 -443.566938
v 3.125000 497.066938 -443.566938
v 3.333333 497.066938 -443.566938
v 3.541667 497.066938 -443.566938
v 3.750000 497.066938 -443.566938
v 3.958333 497.066938 -443.566938
v 4.166667 497.066938 -443.566938
v 4.375000 497.066938 -443.566938
v 4.583333 497.066938 -443.566938
v 4.791667 497.066938 -443.566938
v 5.000000 497.066938 -443.566938
v -5.000000 488.369547 -434.869547
v -4.791667 488.369547 -434.869547
v -4.583333 488.369547 -434.869547
v -4.375000 488.369547 -434.869547
v -4.166667 488.369547 -434.869547
v -3.958333 488.369547 -434.869547
v -3.750000 488.369547 -434.869547
v -3.541667 488.369547 -434.869547
v -3.333333 488.369547 -434.869547
v -3.125000 488.369547 -434.869547
v -2.916667 488.369547 -434.869547
v -2.708333 488.369547 -434.869547
v -2.500000 488.369547 -434.869547
v -2.291667 488.369547 -434.869547
v -2.083333 488.369547 -434.869547
v -1.875000 488.369547 -434.869547
v -1.666667 488.369547 -434.869547
v -1.458333 488.369547 -434.869547
v -1.250000 488.369547 -434.869547
v -1.041667 488.369547 -434.869547
v -0.833333 488.369547 -434.869547
v -0.625000 488.369547 -434.869547
v -0.416667 488.369547 -434.869547
v -0.208333 488.369547 -434.869547
v 0.000000 488.369547 -434.869547
v 0.208333 488.369547 -434.869547
v 0.416667 488.369547 -434.869547
v 0.625000 488.369547 -434.869547
v 0.833333 488.369547 -434.869547
v 1.041667 488.369547 -434.869547
v 1.250000 488.369547 -434.869547
v 1.458333 488.369547 -434.869547
v 1.666667 488.369547 -434.869547
v 1.875000 488.369547 -434.869547
v 2.083333 488.369547 -434.869547
v 2.291667 488.369547 -434.869547
v 2.500000 488.369547 -434.869547
v 2.708333 488.369547 -434.869547
v 2.916667 488.369547 -434.869547
v 3.125000 488.369547 -434.869547
v 3.333333 488.369547 -434.869547
v 3.541667 488.369547 -434.869547
v 3.750000 488.369547 -434.869547
v 3.958333 488.369547 -434.869547
v 4.166667 488.369547 -434.869547
v 4.375000 488.369547 -434.869547
v 4.583333 488.369547 -434.869547
v 4.791667 488.369547 -434.869547
v 5.000000 488.369547 -434.869547
v -5.000000 479.672156 -426.172156
v -4.791667 479.672156 -426.172156
v -4.583333 479.672156 -426.172156
v -4.375000 479.672156 -426.172156
v -4.166667 479.672156 -426.172156
v -3.958333 479.672156 -426.172156
v -3.750000 479.672156 -426.172156
v -3.541667 479.672156 -426.172156
v -3.333333 479.672156 -426.172156
v -3.125000 479.672156 -426.172156
v -2.916667 479.672156 -426.172156
v -2.708333 479.672156 -426.172156
v -2.500000 479.672156 -426.172156
v -2.291667 479.672156 -426.172156
v -2.083333 479.672156 -426.172156
v -1.875000 479.672156 -426.172156
v -1.666667 479.672156 -426.172156
v -1.458333 479.672156 -426.172156
v -1.250000 479.672156 -426.172156
v -1.041667 479.672156 -426.172156
v -0.833333 479.672156 -426.172156
v -0.625000 479.672156 -426.172156
v -0.416667 479.672156 -426.172156
v -0.208333 479.672156 -426.172156
v 0.000000 479.672156 -426.172156
v 0.208333 479.672156 -426.172156
v 0.416667 479.672156 -426.172156
v 0.625000 479.672156 -426.172156
v 0.833333 479.672156 -426.172156
v 1.041667 479.672156 -426.172156
v 1.250000 479.672156 -426.172156
v 1.458333 479.672156 -426.172156
v 1.666667 479.672156 -426.172156
v 1.875000 479.672156 -426.172156
v 2.083333 479.672156 -426.172156
v 2.291667 479.672156 -426.172156
v 2.500000 479.672156 -426.172156
v 2.708333 479.672156 -426.172156
v 2.916667 479.672156 -426.172156
v 3.125000 479.672156 -426.172156
v 3.333333 479.672156 -426.172156
v 3.541667 479.672156 -426.172156
v 3.750000 479.672156 -426.172156
v 3.958333 479.672156 -426.172156
v 4.166667 479.672156 -426.172156
v 4.375000 479.672156 -426.172156
v 4.583333 479.672156 -426.172156
v 4.791667 479.672156 -426.172156
v 5.000000 479.672156 -426.172156
v -5.000000 470.974765 -417.474765
v -4.791667 470.974765 -417.474765
v -4.583333 470.974765 -417.474765
v -4.375000 470.974765 -417.474765
v -4.166667 470.974765 -417.474765
v -3.958333 470.974765 -417.474765
v -3.750000 470.974765 -417.474765
v -3.541667 470.974765 -417.474765
v -3.333333 470.974765 -417.474765
v -3.125000 470.974765 -417.474765
v -2.916667 470.974765 -417.474765
v -2.708333 470.974765 -417.474765
v -2.500000 470.974765 -417.474765
v -2.291667 470.974765 -417.474765
v -2.083333 470.974765 -417.474765
v -1.875000 470.974765 -417.474765
v -1.666667 470.974765 -417.474765
v -1.458333 470.974765 -417.474765
v -1.250000 470.974765 -417.474765
v -1.041667 470.974765 -417.474765
v -0.833333 470.974765 -417.474765
v -0.625000 470.974765 -417.474765
v -0.416667 470.974765 -417.474765
v -0.208333 470.974765 -417.474765
v 0.000000 470.974765 -417.474765
v 0.208333 470.974765 -417.474765
v 0.416667 470.974765 -417.474765
v 0.625000 470.974765 -417.474765
v 0.833333 470.974765 -417.474765
v 1.041667 470.974765 -417.474765
v 1.250000 470.974765 -417.474765
v 1.458333 470.974765 -417.474765
v 1.666667 470.974765 -417.474765
v 1.875000 470.974765 -417.474765
v 2.083333 470.974765 -417.474765
v 2.291667 470.974765 -417.474765
v 2.500000 470.974765 -417.474765
v 2.708333 470.974765 -417.474765
v 2.916667 470.974765 -417.474765
v 3.125000 470.974765 -417.474765
v 3.333333 470.974765 -417.474765
v 3.541667 470.974765 -417.474765
v 3.750000 470.974765 -417.474765
v 3.958333 470.974765 -417.474765
v 4.166667 470.974765 -417.474765
v 4.375000 470.974765 -417.474765
v 4.583333 470.974765 -417.474765
v 4.791667 470.974765 -417.474765
v 5.000000 470.974765 -417.474765
v -5.000000 462.277374 -408.777374
v -4.791667 462.277374 -408.777374
v -4.583333 462.277374 -408.777374
v -4.375000 462.277374 -408.777374
v -4.166667 462.277374 -408.777374
v -3.958333 462.277374 -408.777374
v -3.750000 462.277374 -408.777374
v -3.541667 462.277374 -408.777374
v -3.333333 462.277374 -408.777374
v -3.125000 462.277374 -408.777374
v -2.916667 462.277374 -408.777374
v -2.708333 462.277374 -408.777374
v -2.500000 462.277374 -408.777374
v -2.291667 462.277374 -408.777374
v -2.083333 462.277374 -408.777374
v -1.875000 462.277374 -408.777374
v -1.666667 462.277374 -408.777374
v -1.458333 462.277374 -408.777374
v -1.250000 462.277374 -408.777374
v -1.041667 462.277374 -408.777374
v -0.833333 462.277374 -408.777374
v -0.625000 462.277374 -408.777374
v -0.416667 462.277374 -408.777374
v -0.208333 462.277374 -408.777374
v 0.000000 462.277374 -408.777374
v 0.208333 462.277374 -408.777374
v 0.416667 462.277374 -408.777374
v 0.625000 462.277374 -408.777374
v 0.833333 462.277374 -408.777374
v 1.041667 462.277374 -408.777374
v 1.250000 462.277374 -408.777374
v 1.458333 462.277374 -408.777374
v 1.666667 462.277374 -408.777374
v 1.875000 462.277374 -408.777374
v 2.083333 462.277374 -408.777374
v 2.291667 462.277374 -408.777374
v 2.500000 462.277374 -408.777374
v 2.708333 462.277374 -408.777374
v 2.916667 462.277374 -408.777374
v 3.125000 462.277374 -408.777374
v 3.333333 462.277374 -408.777374
v 3.541667 462.277374 -408.777374
v 3.750000 462.277374 -408.777374
v 3.958333 462.277374 -408.777374
v 4.166667 462.277374 -408.777374
v 4.375000 462.277374 -408.777374
v 4.583333 462.277374 -408.777374
v 4.791667 462.277374 -408.777374
v 5.000000 462.277374 -408.777374
v -5.000000 453.579983 -400.079983
v -4.791667 453.579983 -400.079983
v -4.583333 453.579983 -400.079983
v -4.375000 453.579983 -400.079983
v -4.166667 453.579983 -400.079983
v -3.958333 453.579983 -400.079983
v -3.750000 453.579983 -400.079983
v -3.541667 453.579983 -400.079983
v -3.333333 453.579983 -400.079983
v -3.125000 453.579983 -400.079983
v -2.916667 453.579983 -400.079983
v -2.708333 453.579983 -400.079983
v -2.500000 453.579983 -400.079983
v -2.291667 453.579983 -400.079983
v -2.083333 453.579983 -400.079983
v -1.875000 453.579983 -400.079983
v -1.666667 453.579983 -400.079983
v -1.458333 453.579983 -400.079983
v -1.250000 453.579983 -400.079983
v -1.041667 453.579983 -400.079983
v -0.833333 453.579983 -400.079983
v -0.625000 453.579983 -400.079983
v -0.416667 453.579983 -400.079983
v -0.208333 453.579983 -400.079983
v 0.000000 453.579983 -400.079983
v 0.208333 453.579983 -400.079983
v 0.416667 453.579983 -400.079983
v 0.625000 453.579983 -400.079983
v 0.833333 453.579983 -400.079983
v 1.041667 453.579983 -400.079983
v 1.250000 453.579983 -400.079983
v 1.458333 453.579983 -400.079983
v 1.666667 453.579983 -400.079983
v 1.875000 453.579983 -400.079983
v 2.083333 453.579983 -400.079983
v 2.291667 453.579983 -400.079983
v 2.500000 453.579983 -400.079983
v 2.708333 453.579983 -400.079983
v 2.916667 453.579983 -400.079983
v 3.125000 453.579983 -400.079983
v 3.333333 453.579983 -400.079983
v 3.541667 453.579983 -400.079983
v 3.750000 453.579983 -400.079983
v 3.958333 453.579983 -400.079983
v 4.166667 453.579983 -400.079983
v 4.375000 453.579983 -400.079983
v 4.583333 453.579983 -400.079983
v 4.791667 453.579983 -400.079983
v 5.000000 453.579983 -400.079983
v -5.000000 444.882592 -391.382592
v -4.791667 444.882592 -391.382592
v -4.583333 444.882592 -391.382592
v -4.375000 444.882592 -391.382592
v -4.166667 444.882592 -391.382592
v -3.958333 444.882592 -391.382592
v -3.750000 444.882592 -391.382592
v -3.541667 444.882592 -391.382592
v -3.333333 444.882592 -391.382592
v -3.125000 444.882592 -391.382592
v -2.916667 444.882592 -391.382592
v -2.708333 444.882592 -391.382592
v -2.500000 444.882592 -391.382592
v -2.291667 444.882592 -391.382592
v -2.083333 444.882592 -391.382592
v -1.875000 444.882592 -391.382592
v -1.666667 444.882592 -391.382592
v -1.458333 444.882592 -391.382592
v -1.250000 444.882592 -391.382592
v -1.041667 444.882592 -391.382592
v -0.833333 444.882592 -391.382592
v -0.625000 444.882592 -391.382592
v -0.416667 444.882592 -391.382592
v -0.208333 444.882592 -391.382592
v 0.000000 444.882592 -391.382592
v 0.208333 444.882592 -391.382592
v 0.416667 444.882592 -391.382592
v 0.625000 444.882592 -391.382592
v 0.833333 444.882592 -391.382592
v 1.041667 444.882592 -391.382592
v 1.250000 444.882592 -391.382592
v 1.458333 444.882592 -391.382592
v 1.666667 444.882592 -391.382592
v 1.875000 444.882592 -391.382592
v 2.083333 444.882592 -391.382592
v 2.291667 444.882592 -391.382592
v 2.500000 444.882592 -391.382592
v 2.708333 444.882592 -391.382592
v 2.916667 444.882592 -391.382592
v 3.125000 444.882592 -391.382592
v 3.333333 444.882592 -391.382592
v 3.541667 444.882592 -391.382592
v 3.750000 444.882592 -391.382592
v 3.958333 444.882592 -391.382592
v 4.166667 444.882592 -391.382592
v 4.375000 444.882592 -391.382592
v 4.583333 444.882592 -391.382592
v 4.791667 444.882592 -391.382592
v 5.000000 444.882592 -391.382592
v -5.000000 436.185201 -382.685201
v -4.791667 436.185201 -382.685201
v -4.583333 436.185201 -382.685201
v -4.375000 436.185201 -382.685201
v -4.166667 436.185201 -382.685201
v -3.958333 436.185201 -382.685201
v -3.750000 436.185201 -382.685201
v -3.541667 436.185201 -382.685201
v -3.333333 436.185201 -382.685201
v -3.125000 436.185201 -382.685201
v -2.916667 436.185201 -382.685201
v -2.708333 436.185201 -382.685201
v -2.500000 436.185201 -382.685201
v -2.291667 436.185201 -382.685201
v -2.083333 436.185201 -382.685201
v -1.875000 436.185201 -382.685201
v -1.666667 436.185201 -382.685201
v -1.458333 436.185201 -382.685201
v -1.250000 436.185201 -382.685201
v -1.041667 436.185201 -382.685201
v -0.833333 436.185201 -382.685201
v -0.625000 436.185201 -382.685201
v -0.416667 436.185201 -382.685201
v -0.208333 436.185201 -382.685201
v 0.000000 436.185201 -382.685201
v 0.208333 436.185201 -382.685201
v 0.416667 436.185201 -382.685201
v 0.625000 436.185201 -382.685201
v 0.833333 436.185201 -382.685201
v 1.041667 436.185201 -382.685201
v 1.250000 436.185201 -382.685201
v 1.458333 436.185201 -382.685201
v 1.666667 436.185201 -382.685201
v 1.875000 436.185201 -382.685201
v 2.083333 436.185201 -382.685201
v 2.291667 436.185201 -382.685201
v 2.500000 436.185201 -382.685201
v 2.708333 436.185201 -382.685201
v 2.916667 436.185201 -382.685201
v 3.125000 436.185201 -382.685201
v 3.333333 436.185201 -382.685201
v 3.541667 436.185201 -382.685201
v 3.750000 436.185201 -382.685201
v 3.958333 436.185201 -382.685201
v 4.166667 436.185201 -382.685201
v 4.375000 436.185201 -382.685201
v 4.583333 436.185201 -382.685201
v 4.791667 436.185201 -382.685201
v 5.000000 436.185201 -382.685201
v -5.000000 427.487810 -373.987810
v -4.791667 427.487810 -373.987810
v -4.583333 427.487810 -373.987810
v -4.375000 427.487810 -373.987810
v -4.166667 427.487810 -373.987810
v -3.958333 427.487810 -373.987810
v -3.750000 427.487810 -373.987810
v -3.541667 427.487810 -373.987810
v -3.333333 427.487810 -373.987810
v -3.125000 427.487810 -373.987810
v -2.916667 427.487810 -373.987810
v -2.708333 427.487810 -373.987810
v -2.500000 427.487810 -373.987810
v -2.291667 427.487810 -373.987810
v -2.083333 427.487810 -373.987810
v -1.875000 427.487810 -373.987810
v -1.666667 427.487810 -373.987810
v -1.458333 427.487810 -373.987810
v -1.250000 427.487810 -373.987810
v -1.041667 427.487810 -373.987810
v -0.833333 427.487810 -373.987810
v -0.625000 427.487810 -373.987810
v -0.416667 427.487810 -373.987810
v -0.208333 427.487810 -373.987810
v 0.000000 427.487810 -373.987810
v 0.208333 427.487810 -373.987810
v 0.416667 427.487810 -373.987810
v 0.625000 427.487810 -373.987810
v 0.833333 427.487810 -373.987810
v 1.041667 427.487810 -373.987810
v 1.250000 427.487810 -373.987810
v 1.458333 427.487810 -373.987810
v 1.666667 427.487810 -373.987810
v 1.875000 427.487810 -373.987810
v 2.083333 427.487810 -373.987810
v 2.291667 427.487810 -373.987810
v 2.500000 427.487810 -373.987810
v 2.708333 427.487810 -373.987810
v 2.916667 427.487810 -373.987810
v 3.125000 427.487810 -373.987810
v 3.333333 427.487810 -373.987810
v 3.541667 427.487810 -373.987810
v 3.750000 427.487810 -373.987810
v 3.958333 427.487810 -373.987810
v 4.166667 427.487810 -373.987810
v 4.375000 427.487810 -373.987810
v 4.583333 427.487810 -373.987810
v 4.791667 427.487810 -373.987810
v 5.000000 427.487810 -373.987810
v -5.000000 418.790419 -365.290419
v -4.791667 418.790419 -365.290419
v -4.583333 418.790419 -365.290419
v -4.375000 418.790419 -365.290419
v -4.166667 418.790419 -365.290419
v -3.958333 418.790419 -365.290419
v -3.750000 418.790419 -365.290419
v -3.541667 418.790419 -365.290419
v -3.333333 418.790419 -365.290419
v -3.125000 418.790419 -365.290419
v -2.916667 418.790419 -365.290419
v -2.708333 418.790419 -365.290419
v -2.500000 418.790419 -365.290419
v -2.291667 418.790419 -365.290419
v -2.083333 418.790419 -365.290419
v -1.875000 418.790419 -365.290419
v -1.666667 418.790419 -365.290419
v -1.458333 418.790419 -365.290419
v -1.250000 418.790419 -365.290419
v -1.041667 418.790419 -365.290419
v -0.833333 418.790419 -365.290419
v -0.625000 418.790419 -365.290419
v -0.416667 418.790419 -365.290419
v -0.208333 418.790419 -365.290419
v 0.000000 418.790419 -365.290419
v 0.208333 418.790419 -365.290419
v 0.416667 418.790419 -365.290419
v 0.625000 418.790419 -365.290419
v 0.833333 418.790419 -365.290419
v 1.041667 418.790419 -365.290419
v 1.250000 418.790419 -365.290419
v 1.458333 418.790419 -365.290419
v 1.666667 418.790419 -365.290419
v 1.875000 418.790419 -365.290419
v 2.083333 418.790419 -365.290419
v 2.291667 418.790419 -365.290419
v 2.500000 418.790419 -365.290419
v 2.708333 418.790419 -365.290419
v 2.916667 418.790419 -365.290419
v 3.125000 418.790419 -365.290419
v 3.333333 418.790419 -365.290419
v 3.541667 418.790419 -365.290419
v 3.750000 418.790419 -365.290419
v 3.958333 418.790419 -365.290419
v 4.166667 418.790419 -365.290419
v 4.375000 418.790419 -365.290419
v 4.583333 418.790419 -365.290419
v 4.791667 418.790419 -365.290419
v 5.000000 418.790419 -365.290419
v -5.000000 410.093028 -356.593028
v -4.791667 410.093028 -356.593028
v -4.583333 410.093028 -356.593028
v -4.375000 410.093028 -356.593028
v -4.166667 410.093028 -356.593028
v -3.958333 410.093028 -356.593028
v -3.750000 410.093028 -356.593028
v -3.541667 410.093028 -356.593028
v -3.333333 410.093028 -356.593028
v -3.125000 410.093028 -356.593028
v -2.916667 410.093028 -356.593028
v -2.708333 410.093028 -356.593028
v -2.500000 410.093028 -356.593028
v -2.291667 410.093028 -356.593028
v -2.083333 410.093028 -356.593028
v -1.875000 410.093028 -356.593028
v -1.666667 410.093028 -356.593028
v -1.458333 410.093028 -356.593028
v -1.250000 410.093028 -356.593028
v -1.041667 410.093028 -356.593028
v -0.833333 410.093028 -356.593028
v -0.625000 410.093028 -356.593028
v -0.416667 410.093028 -356.593028
v -0.208333 410.093028 -356.593028
v 0.000000 410.093028 -356.593028
v 0.208333 410.093028 -356.593028
v 0.416667 410.093028 -356.593028
v 0.625000 410.093028 -356.593028
v 0.833333 410.093028 -356.593028
v 1.041667 410.093028 -356.593028
v 1.250000 410.093028 -356.593028
v 1.458333 410.093028 -356.593028
v 1.666667 410.093028 -356.593028
v 1.875000 410.093028 -356.593028
v 2.083333 410.093028 -356.593028
v 2.291667 410.093028 -356.593028
v 2.500000 410.093028 -356.593028
v 2.708333 410.093028 -356.593028
v 2.916667 410.093028 -356.593028
v 3.125000 410.093028 -356.593028
v 3.333333 410.093028 -356.593028
v 3.541667 410.093028 -356.593028
v 3.750000 410.093028 -356.593028
v 3.958333 410.093028 -356.593028
v 4.166667 410.093028 -356.593028
v 4.375000 410.093028 -356.593028
v 4.583333 410.093028 -356.593028
v 4.791667 410.093028 -356.593028
v 5.000000 410.093028 -356.593028
v -5.000000 401.395638 -347.895638
v -4.791667 401.395638 -347.895638
v -4.583333 401.395638 -347.895638
v -4.375000 401.395638 -347.895638
v -4.166667 401.395638 -347.895638
v -3.958333 401.395638 -347.895638
v -3.750000 401.395638 -347.895638
v -3.541667 401.395638 -347.895638
v -3.333333 401.395638 -347.895638
v -3.125000 401.395638 -347.895638
v -2.916667 401.395638 -347.895638
v -2.708333 401.395638 -347.895638
v -2.500000 401.395638 -347.895638
v -2.291667 401.395638 -347.895638
v -2.083333 401.395638 -347.895638
v -1.875000 401.395638 -347.895638
v -1.666667 401.395638 -347.895638
v -1.458333 401.395638 -347.895638
v -1.250000 401.395638 -347.895638
v -1.041667 401.395638 -347.895638
v -0.833333 401.395638 -347.895638
v -0.625000 401.395638 -347.895638
v -0.416667 401.395638 -347.895638
v -0.208333 401.395638 -347.895638
v 0.000000 401.395638 -347.895638
v 0.208333 401.395638 -347.895638
v 0.416667 401.395638 -347.895638
v 0.625000 401.395638 -347.895638
v 0.833333 401.395638 -347.895638
v 1.041667 401.395638 -347.895638
v 1.250000 401.395638 -347.895638
v 1.458333 401.395638 -347.895638
v 1.666667 401.395638 -347.895638
v 1.875000 401.395638 -347.895638
v 2.083333 401.395638 -347.895638
v 2.291667 401.395638 -347.895638
v 2.500000 401.395638 -347.895638
v 2.708333 401.395638 -347.895638
v 2.916667 401.395638 -347.895638
v 3.125000 401.395638 -347.895638
v 3.333333 401.395638 -347.895638
v 3.541667 401.395638 -347.895638
v 3.750000 401.395638 -347.895638
v 3.958333 401.395638 -347.895638
v 4.166667 401.395638 -347.895638
v 4.375000 401.395638 -347.895638
v 4.583333 401.395638 -347.895638
v 4.791667 401.395638 -347.895638
v 5.000000 401.395638 -347.895638
v -5.000000 392.698247 -339.198247
v -4.791667 392.698247 -339.198247
v -4.583333 392.698247 -339.198247
v -4.375000 392.698247 -339.198247
v -4.166667 392.698247 -339.198247
v -3.958333 392.698247 -339.198247
v -3.750000 392.698247 -339.198247
v -3.541667 392.698247 -339.198247
v -3.333333 392.698247 -339.198247
v -3.125000 392.698247 -339.198247
v -2.916667 392.698247 -339.198247
v -2.708333 392.698247 -339.198247
v -2.500000 392.698247 -339.198247
v -2.291667 392.698247 -339.198247
v -2.083333 392.698247 -339.198247
v -1.875000 392.698247 -339.198247
v -1.666667 392.698247 -339.198247
v -1.458333 392.698247 -339.198247
v -1.250000 392.698247 -339.198247
v -1.041667 392.698247 -339.198247
v -0.833333 392.698247 -339.198247
v -0.625000 392.698247 -339.198247
v -0.416667 392.698247 -339.198247
v -0.208333 392.698247 -339.198247
v 0.000000 392.698247 -339.198247
v 0.208333 392.698247 -339.198247
v 0.416667 392.698247 -339.198247
v 0.625000 392.698247 -339.198247
v 0.833333 392.698247 -339.198247
v 1.041667 392.698247 -339.198247
v 1.250000 392.698247 -339.198247
v 1.458333 392.698247 -339.198247
v 1.666667 392.698247 -339.198247
v 1.875000 392.698247 -339.198247
v 2.083333 392.698247 -339.198247
v 2.291667 392.698247 -339.198247
v 2.500000 392.698247 -339.198247
v 2.708333 392.698247 -339.198247
v 2.916667 392.698247 -339.198247
v 3.125000 392.698247 -339.198247
v 3.333333 392.698247 -339.198247
v 3.541667 392.698247 -339.198247
v 3.750000 392.698247 -339.198247
v 3.958333 392.698247 -339.198247
v 4.166667 392.698247 -339.198247
v 4.375000 392.698247 -339.198247
v 4.583333 392.698247 -339.198247
v 4.791667 392.698247 -339.198247
v 5.000000 392.698247 -339.198247
v -5.000000 384.000856 -330.500856
v -4.791667 384.000856 -330.500856
v -4.583333 384.000856 -330.500856
v -4.375000 384.000856 -330.500856
v -4.166667 384.000856 -330.500856
v -3.958333 384.000856 -330.500856
v -3.750000 384.000856 -330.500856
v -3.541667 384.000856 -330.500856
v -3.333333 384.000856 -330.500856
v -3.125000 384.000856 -330.500856
v -2.916667 384.000856 -330.500856
v -2.708333 384.000856 -330.500856
v -2.500000 384.000856 -330.500856
v -2.291667 384.000856 -330.500856
v -2.083333 384.000856 -330.500856
v -1.875000 384.000856 -330.500856
v -1.666667 384.000856 -330.500856
v -1.458333 384.000856 -330.500856
v -1.250000 384.000856 -330.500856
v -1.041667 384.000856 -330.500856
v -0.833333 384.000856 -330.500856
v -0.625000 384.000856 -330.500856
v -0.416667 384.000856 -330.500856
v -0.208333 384.000856 -330.500856
v 0.000000 384.000856 -330.500856
v 0.208333 384.000856 -330.500856
v 0.416667 384.000856 -330.500856
v 0.625000 384.000856 -330.500856
v 0.833333 384.000856 -330.500856
v 1.041667 384.000856 -330.500856
v 1.250000 384.000856 -330.500856
v 1.458333 384.000856 -330.500856
v 1.666667 384.000856 -330.500856
v 1.875000 384.000856 -330.500856
v 2.083333 384.000856 -330.500856
v 2.291667 384.000856 -330.500856
v 2.500000 384.000856 -330.500856
v 2.708333 384.000856 -330.500856
v 2.916667 384.000856 -330.500856
v 3.125000 384.000856 -330.500856
v 3.333333 384.000856 -330.500856
v 3.541667 384.000856 -330.500856
v 3.750000 384.000856 -330.500856
v 3.958333 384.000856 -330.500856
v 4.166667 384.000856 -330.500856
v 4.375000 384.000856 -330.500856
v 4.583333 384.000856 -330.500856
v 4.791667 384.000856 -330.500856
v 5.000000 384.000856 -330.500856
v -5.000000 375.303465 -321.803465
v -4.791667 375.303465 -321.803465
v -4.583333 375.303465 -321.803465
v -4.375000 375.303465 -321.803465
v -4.166667 375.303465 -321.803465
v -3.958333 375.303465 -321.803465
v -3.750000 375.303465 -321.803465
v -3.541667 375.303465 -321.803465
v -3.333333 375.303465 -321.803465
v -3.125000 375.303465 -321.803465
v -2.916667 375.303465 -321.803465
v -2.708333 375.303465 -321.803465
v -2.500000 375.303465 -321.803465
v -2.291667 375.303465 -321.803465
v -2.083333 375.303465 -321.803465
v -1.875000 375.303465 -321.803465
v -1.666667 375.303465 -321.803465
v -1.458333 375.303465 -321.803465
v -1.250000 375.303465 -321.803465
v -1.041667 375.303465 -321.803465
v -0.833333 375.303465 -321.803465
v -0.625000 375.303465 -321.803465
v -0.416667 375.303465 -321.803465
v -0.208333 375.303465 -321.803465
v 0.000000 375.303465 -321.803465
v 0.208333 375.303465 -321.803465
v 0.416667 375.303465 -321.803465
v 0.625000 375.303465 -321.803465
v 0.833333 375.303465 -321.803465
v 1.041667 375.303465 -321.803465
v 1.250000 375.303465 -321.803465
v 1.458333 375.303465 -321.803465
v 1.666667 375.303465 -321.803465
v 1.875000 375.303465 -321.803465
v 2.083333 375.303465 -321.803465
v 2.291667 375.303465 -321.803465
v 2.500000 375.303465 -321.803465
v 2.708333 375.303465 -321.803465
v 2.916667 375.303465 -321.803465
v 3.125000 375.303465 -321.803465
v 3.333333 375.303465 -321.803465
v 3.541667 375.303465 -321.803465
v 3.750000 375.303465 -321.803465
v 3.958333 375.303465 -321.803465
v 4.166667 375.303465 -321.803465
v 4.375000 375.303465 -321.803465
v 4.583333 375.303465 -321.803465
v 4.791667 375.303465 -321.803465
v 5.000000 375.303465 -321.803465
v -5.000000 366.606074 -313.106074
v -4.791667 366.606074 -313.106074
v -4.583333 366.606074 -313.106074
v -4.375000 366.606074 -313.106074
v -4.166667 366.606074 -313.106074
v -3.958333 366.606074 -313.106074
v -3.750000 366.606074 -313.106074
v -3.541667 366.606074 -313.106074
v -3.333333 366.606074 -313.106074
v -3.125000 366.606074 -313.106074
v -2.916667 366.606074 -313.106074
v -2.708333 366.606074 -313.106074
v -2.500000 366.606074 -313.106074
v -2.291667 366.606074 -313.106074
v -2.083333 366.606074 -313.106074
v -1.875000 366.606074 -313.106074
v -1.666667 366.606074 -313.106074
v -1.458333 366.606074 -313.106074
v -1.250000 366.606074 -313.106074
v -1.041667 366.606074 -313.106074
v -0.833333 366.606074 -313.106074
v -0.625000 366.606074 -313.106074
v -0.416667 366.606074 -313.106074
v -0.208333 366.606074 -313.106074
v 0.000000 366.606074 -313.106074
v 0.208333 366.606074 -313.106074
v 0.416667 366.606074 -313.106074
v 0.625000 366.606074 -313.106074
v 0.833333 366.606074 -313.106074
v 1.041667 366.606074 -313.106074
v 1.250000 366.606074 -313.106074
v 1.458333 366.606074 -313.106074
v 1.666667 366.606074 -313.106074
v 1.875000 366.606074 -313.106074
v 2.083333 366.606074 -313.106074
v 2.291667 366.606074 -313.106074
v 2.500000 366.606074 -313.106074
v 2.708333 366.606074 -313.106074
v 2.916667 366.606074 -313.106074
v 3.125000 366.606074 -313.106074
v 3.333333 366.606074 -313.106074
v 3.541667 366.606074 -313.106074
v 3.750000 366.606074 -313.106074
v 3.958333 366.606074 -313.106074
v 4.166667 366.606074 -313.106074
v 4.375000 366.606074 -313.106074
v 4.583333 366.606074 -313.106074
v 4.791667 366.606074 -313.106074
v 5.000000 366.606074 -313.106074
v -5.000000 357.908683 -304.408683
v -4.791667 357.908683 -304.408683
v -4.583333 357.908683 -304.408683
v -4.375000 357.908683 -304.408683
v -4.166667 357.908683 -304.408683
v -3.958333 357.908683 -304.408683
v -3.750000 357.908683 -304.408683
v -3.541667 357.908683 -304.408683
v -3.333333 357.908683 -304.408683
v -3.125000 357.908683 -304.408683
v -2.916667 357.908683 -304.408683
v -2.708333 357.908683 -304.408683
v -2.500000 357.908683 -304.408683
v -2.291667 357.908683 -304.408683
v -2.083333 357.908683 -304.408683
v -1.875000 357.908683 -304.408683
v -1.666667 357.908683 -304.408683
v -1.458333 357.908683 -304.408683
v -1.250000 357.908683 -304.408683
v -1.041667 357.908683 -304.408683
v -0.833333 357.908683 -304.408683
v -0.625000 357.908683 -304.408683
v -0.416667 357.908683 -304.408683
v -0.208333 357.908683 -304.408683
v 0.000000 357.908683 -304.408683
v 0.208333 357.908683 -304.408683
v 0.416667 357.908683 -304.408683
v 0.625000 357.908683 -304.408683
v 0.833333 357.908683 -304.408683
v 1.041667 357.908683 -304.408683
v 1.250000 357.908683 -304.408683
v 1.458333 357.908683 -304.408683
v 1.666667 357.908683 -304.408683
v 1.875000 357.908683 -304.408683
v 2.083333 357.908683 -304.408683
v 2.291667 357.908683 -304.408683
v 2.500000 357.908683 -304.408683
v 2.708333 357.908683 -304.408683
v 2.916667 357.908683 -304.408683
v 3.125000 357.908683 -304.408683
v 3.333333 357.908683 -304.408683
v 3.541667 357.908683 -304.408683
v 3.750000 357.908683 -304.408683
v 3.958333 357.908683 -304.408683
v 4.166667 357.908683 -304.408683
v 4.375000 357.908683 -304.408683
v 4.583333 357.908683 -304.408683
v 4.791667 357.908683 -304.408683
v 5.000000 357.908683 -304.408683
v -5.000000 349.211292 -295.711292
v -4.791667 349.211292 -295.711292
v -4.583333 349.211292 -295.711292
v -4.375000 349.211292 -295.711292
v -4.166667 349.211292 -295.711292
v -3.958333 349.211292 -295.711292
v -3.750000 349.211292 -295.711292
v -3.541667 349.211292 -295.711292
v -3.333333 349.211292 -295.711292
v -3.125000 349.211292 -295.711292
v -2.916667 349.211292 -295.711292
v -2.708333 349.211292 -295.711292
v -2.500000 349.211292 -295.711292
v -2.291667 349.211292 -295.711292
v -2.083333 349.211292 -295.711292
v -1.875000 349.211292 -295.711292
v -1.666667 349.211292 -295.711292
v -1.458333 349.211292 -295.711292
v -1.250000 349.211292 -295.711292
v -1.041667 349.211292 -295.711292
v -0.833333 349.211292 -295.711292
v -0.625000 349.211292 -295.711292
v -0.416667 349.211292 -295.711292
v -0.208333 349.211292 -295.711292
v 0.000000 349.211292 -295.711292
v 0.208333 349.211292 -295.711292
v 0.416667 349.211292 -295.711292
v 0.625000 349.211292 -295.711292
v 0.833333 349.211292 -295.711292
v 1.041667 349.211292 -295.711292
v 1.250000 349.211292 -295.711292
v 1.458333 349.211292 -295.711292
v 1.666667 349.211292 -295.711292
v 1.875000 349.211292 -295.711292
v 2.083333 349.211292 -295.711292
v 2.291667 349.211292 -295.711292
v 2.500000 349.211292 -295.711292
v 2.708333 349.211292 -295.711292
v 2.916667 349.211292 -295.711292
v 3.125000 349.211292 -295.711292
v 3.333333 349.211292 -295.711292
v 3.541667 349.211292 -295.711292
v 3.750000 349.211292 -295.711292
v 3.958333 349.211292 -295.711292
v 4.166667 349.211292 -295.711292
v 4.375000 349.211292 -295.711292
v 4.583333 349.211292 -295.711292
v 4.791667 349.211292 -295.711292
v 5.000000 349.211292 -295.711292
v -5.000000 340.513901 -287.013901
v -4.791667 340.513901 -287.013901
v -4.583333 340.513901 -287.013901
v -4.375000 340.513901 -287.013901
v -4.166667 340.513901 -287.013901
v -3.958333 340.513901 -287.013901
v -3.750000 340.513901 -287.013901
v -3.541667 340.513901 -287.013901
v -3.333333 340.513901 -287.013901
v -3.125000 340.513901 -287.013901
v -2.916667 340.513901 -287.013901
v -2.708333 340.513901 -287.013901
v -2.500000 340.513901 -287.013901
v -2.291667 340.513901 -287.013901
v -2.083333 340.513901 -287.013901
v -1.875000 340.513901 -287.013901
v -1.666667 340.513901 -287.013901
v -1.458333 340.513901 -287.013901
v -1.250000 340.513901 -287.013901
v -1.041667 340.513901 -287.013901
v -0.833333 340.513901 -287.013901
v -0.625000 340.513901 -287.013901
v -0.416667 340.513901 -287.013901
v -0.208333 340.513901 -287.013901
v 0.000000 340.513901 -287.013901
v 0.208333 340.513901 -287.013901
v 0.416667 340.513901 -287.013901
v 0.625000 340.513901 -287.013901
v 0.833333 340.513901 -287.013901
v 1.041667 340.513901 -287.013901
v 1.250000 340.513901 -287.013901
v 1.458333 340.513901 -287.013901
v 1.666667 340.513901 -287.013901
v 1.875000 340.513901 -287.013901
v 2.083333 340.513901 -287.013901
v 2.291667 340.513901 -287.013901
v 2.500000 340.513901 -287.013901
v 2.708333 340.513901 -287.013901
v 2.916667 340.513901 -287.013901
v 3.125000 340.513901 -287.013901
v 3.333333 340.513901 -287.013901
v 3.541667 340.513901 -287.013901
v 3.750000 340.513901 -287.013901
v 3.958333 340.513901 -287.013901
v 4.166667 340.513901 -287.013901
v 4.375000 340.513901 -287.013901
v 4.583333 340.513901 -287.013901
v 4.791667 340.513901 -287.013901
v 5.000000 340.513901 -287.013901
v -5.000000 331.816510 -278.316510
v -4.791667 331.816510 -278.316510
v -4.583333 331.816510 -278.316510
v -4.375000 331.816510 -278.316510
v -4.166667 331.816510 -278.316510
v -3.958333 331.816510 -278.316510
v -3.750000 331.816510 -278.316510
v -3.541667 331.816510 -278.316510
v -3.333333 331.816510 -278.316510
v -3.125000 331.816510 -278.316510
v -2.916667 331.816510 -278.316510
v -2.708333 331.816510 -278.316510
v -2.500000 331.816510 -278.316510
v -2.291667 331.816510 -278.316510
v -2.083333 331.816510 -278.316510
v -1.875000 331.816510 -278.316510
v -1.666667 331.816510 -278.316510
v -1.458333 331.816510 -278.316510
v -1.250000 331.816510 -278.316510
v -1.041667 331.816510 -278.316510
v -0.833333 331.816510 -278.316510
v -0.625000 331.816510 -278.316510
v -0.416667 331.816510 -278.316510
v -0.208333 331.816510 -278.316510
v 0.000000 331.816510 -278.316510
v 0.208333 331.816510 -278.316510
v 0.416667 331.816510 -278.316510
v 0.625000 331.816510 -278.316510
v 0.833333 331.816510 -278.316510
v 1.041667 331.816510 -278.316510
v 1.250000 331.816510 -278.316510
v 1.458333 331.816510 -278.316510
v 1.666667 331.816510 -278.316510
v 1.875000 331.816510 -278.316510
v 2.083333 331.816510 -278.316510
v 2.291667 331.816510 -278.316510
v 2.500000 331.816510 -278.316510
v 2.708333 331.816510 -278.316510
v 2.916667 331.816510 -278.316510
v 3.125000 331.816510 -278.316510
v 3.333333 331.816510 -278.316510
v 3.541667 331.816510 -278.316510
v 3.750000 331.816510 -278.316510
v 3.958333 331.816510 -278.316510
v 4.166667 331.816510 -278.316510
v 4.375000 331.816510 -278.316510
v 4.583333 331.816510 -278.316510
v 4.791667 331.816510 -278.316510
v 5.000000 331.816510 -278.316510
v -5.000000 323.119119 -269.619119
v -4.791667 323.119119 -269.619119
v -4.583333 323.119119 -269.619119
v -4.375000 323.119119 -269.619119
v -4.166667 323.119119 -269.619119
v -3.958333 323.119119 -269.619119
v -3.750000 323.119119 -269.619119
v -3.541667 323.119119 -269.619119
v -3.333333 323.119119 -269.619119
v -3.125000 323.119119 -269.619119
v -2.916667 323.119119 -269.619119
v -2.708333 323.119119 -269.619119
v -2.500000 323.119119 -269.619119
v -2.291667 323.119119 -269.619119
v -2.083333 323.119119 -269.619119
v -1.875000 323.119119 -269.619119
v -1.666667 323.119119 -269.619119
v -1.458333 323.119119 -269.619119
v -1.250000 323.119119 -269.619119
v -1.041667 323.119119 -269.619119
v -0.833333 323.119119 -269.619119
v -0.625000 323.119119 -269.619119
v -0.416667 323.119119 -269.619119
v -0.208333 323.119119 -269.619119
v 0.000000 323.119119 -269.619119
v 0.208333 323.119119 -269.619119
v 0.416667 323.119119 -269.619119
v 0.625000 323.119119 -269.619119
v 0.833333 323.119119 -269.619119
v 1.041667 323.119119 -269.619119
v 1.250000 323.119119 -269.619119
v 1.458333 323.119119 -269.619119
v 1.666667 323.119119 -269.619119
v 1.875000 323.119119 -269.619119
v 2.083333 323.119119 -269.619119
v 2.291667 323.119119 -269.619119
v 2.500000 323.119119 -269.619119
v 2.708333 323.119119 -269.619119
v 2.916667 323.119119 -269.619119
v 3.125000 323.119119 -269.619119
v 3.333333 323.119119 -269.619119
v 3.541667 323.119119 -269.619119
v 3.750000 323.119119 -269.619119
v 3.958333 323.119119 -269.619119
v 4.166667 323.119119 -269.619119
v 4.375000 323.119119 -269.619119
v 4.583333 323.119119 -269.619119
v 4.791667 323.119119 -269.619119
v 5.000000 323.119119 -269.619119
v -5.000000 314.421728 -260.921728
v -4.791667 314.421728 -260.921728
v -4.583333 314.421728 -260.921728
v -4.375000 314.421728 -260.921728
v -4.166667 314.421728 -260.921728
v -3.958333 314.421728 -260.921728
v -3.750000 314.421728 -260.921728
v -3.541667 314.421728 -260.921728
v -3.333333 314.421728 -260.921728
v -3.125000 314.421728 -260.921728
v -2.916667 314.421728 -260.921728
v -2.708333 314.421728 -260.921728
v -2.500000 314.421728 -260.921728
v -2.291667 314.421728 -260.921728
v -2.083333 314.421728 -260.921728
v -1.875000 314.421728 -260.921728
v -1.666667 314.421728 -260.921728
v -1.458333 314.421728 -260.921728
v -1.250000 314.421728 -260.921728
v -1.041667 314.421728 -260.921728
v -0.833333 314.421728 -260.921728
v -0.625000 314.421728 -260.921728
v -0.416667 314.421728 -260.921728
v -0.208333 314.421728 -260.921728
v 0.000000 314.421728 -260.921728
v 0.208333 314.421728 -260.921728
v 0.416667 314.421728 -260.921728
v 0.625000 314.421728 -260.921728
v 0.833333 314.421728 -260.921728
v 1.041667 314.421728 -260.921728
v 1.250000 314.421728 -260.921728
v 1.458333 314.421728 -260.921728
v 1.666667 314.421728 -260.921728
v 1.875000 314.421728 -260.921728
v 2.083333 314.421728 -260.921728
v 2.291667 314.421728 -260.921728
v 2.500000 314.421728 -260.921728
v 2.708333 314.421728 -260.921728
v 2.916667 314.421728 -260.921728
v 3.125000 314.421728 -260.921728
v 3.333333 314.421728 -260.921728
v 3.541667 314.421728 -260.921728
v 3.750000 314.421728 -260.921728
v 3.958333 314.421728 -260.921728
v 4.166667 314.421728 -260.921728
v 4.375000 314.421728 -260.921728
v 4.583333 314.421728 -260.921728
v 4.791667 314.421728 -260.921728
v 5.000000 314.421728 -260.921728
v -5.000000 305.724337 -252.224337
v -4.791667 305.724337 -252.224337
v -4.583333 305.724337 -252.224337
v -4.375000 305.724337 -252.224337
v -4.166667 305.724337 -252.224337
v -3.958333 305.724337 -252.224337
v -3.750000 305.724337 -252.224337
v -3.541667 305.724337 -252.224337
v -3.333333 305.724337 -252.224337
v -3.125000 305.724337 -252.224337
v -2.916667 305.724337 -252.224337
v -2.708333 305.724337 -252.224337
v -2.500000 305.724337 -252.224337
v -2.291667 305.724337 -252.224337
v -2.083333 305.724337 -252.224337
v -1.875000 305.724337 -252.224337
v -1.666667 305.724337 -252.224337
v -1.458333 305.724337 -252.224337
v -1.250000 305.724337 -252.224337
v -1.041667 305.724337 -252.224337
v -0.833333 305.724337 -252.224337
v -0.625000 305.724337 -252.224337
v -0.416667 305.724337 -252.224337
v -0.208333 305.724337 -252.224337
v 0.000000 305.724337 -252.224337
v 0.208333 305.724337 -252.224337
v 0.416667 305.724337 -252.224337
v 0.625000 305.724337 -252.224337
v 0.833333 305.724337 -252.224337
v 1.041667 305.724337 -252.224337
v 1.250000 305.724337 -252.224337
v 1.458333 305.724337 -252.224337
v 1.666667 305.724337 -252.224337
v 1.875000 305.724337 -252.224337
v 2.083333 305.724337 -252.224337
v 2.291667 305.724337 -252.224337
v 2.500000 305.724337 -252.224337
v 2.708333 305.724337 -252.224337
v 2.916667 305.724337 -252.224337
v 3.125000 305.724337 -252.224337
v 3.333333 305.724337 -252.224337
v 3.541667 305.724337 -252.224337
v 3.750000 305.724337 -252.224337
v 3.958333 305.724337 -252.224337
v 4.166667 305.724337 -252.224337
v 4.375000 305.724337 -252.224337
v 4.583333 305.724337 -252.224337
v 4.791667 305.724337 -252.224337
v 5.000000 305.724337 -252.224337
v -5.000000 297.026946 -243.526946
v -4.791667 297.026946 -243.526946
v -4.583333 297.026946 -243.526946
v -4.375000 297.026946 -243.526946
v -4.166667 297.026946 -243.526946
v -3.958333 297.026946 -243.526946
v -3.750000 297.026946 -243.526946
v -3.541667 297.026946 -243.526946
v -3.333333 297.026946 -243.526946
v -3.125000 297.026946 -243.526946
v -2.916667 297.026946 -243.526946
v -2.708333 297.026946 -243.526946
v -2.500000 297.026946 -243.526946
v -2.291667 297.026946 -243.526946
v -2.083333 297.026946 -243.526946
v -1.875000 297.026946 -243.526946
v -1.666667 297.026946 -243.526946
v -1.458333 297.026946 -243.526946
v -1.250000 297.026946 -243.526946
v -1.041667 297.026946 -243.526946
v -0.833333 297.026946 -243.526946
v -0.625000 297.026946 -243.526946
v -0.416667 297.026946 -243.526946
v -0.208333 297.026946 -243.526946
v 0.000000 297.026946 -243.526946
v 0.208333 297.026946 -243.526946
v 0.416667 297.026946 -243.526946
v 0.625000 297.026946 -243.526946
v 0.833333 297.026946 -243.526946
v 1.041667 297.026946 -243.526946
v 1.250000 297.026946 -243.526946
v 1.458333 297.026946 -243.526946
v 1.666667 297.026946 -243.526946
v 1.875000 297.026946 -243.526946
v 2.083333 297.026946 -243.526946
v 2.291667 297.026946 -243.526946
v 2.500000 297.026946 -243.526946
v 2.708333 297.026946 -243.526946
v 2.916667 297.026946 -243.526946
v 3.125000 297.026946 -243.526946
v 3.333333 297.026946 -243.526946
v 3.541667 297.026946 -243.526946
v 3.750000 297.026946 -243.526946
v 3.958333 297.026946 -243.526946
v 4.166667 297.026946 -243.526946
v 4.375000 297.026946 -243.526946
v 4.583333 297.026946 -243.526946
v 4.791667 297.026946 -243.526946
v 5.000000 297.026946 -243.526946
v -5.000000 288.329555 -234.829555
v -4.791667 288.329555 -234.829555
v -4.583333 288.329555 -234.829555
v -4.375000 288.329555 -234.829555
v -4.166667 288.329555 -234.829555
v -3.958333 288.329555 -234.829555
v -3.750000 288.329555 -234.829555
v -3.541667 288.329555 -234.829555
v -3.333333 288.329555 -234.829555
v -3.125000 288.329555 -234.829555
v -2.916667 288.329555 -234.829555
v -2.708333 288.329555 -234.829555
v -2.500000 288.329555 -234.829555
v -2.291667 288.329555 -234.829555
v -2.083333 288.329555 -234.829555
v -1.875000 288.329555 -234.829555
v -1.666667 288.329555 -234.829555
v -1.458333 288.329555 -234.829555
v -1.250000 288.329555 -234.829555
v -1.041667 288.329555 -234.829555
v -0.833333 288.329555 -234.829555
v -0.625000 288.329555 -234.829555
v -0.416667 288.329555 -234.829555
v -0.208333 288.329555 -234.829555
v 0.000000 288.329555 -234.829555
v 0.208333 288.329555 -234.829555
v 0.416667 288.329555 -234.829555
v 0.625000 288.329555 -234.829555
v 0.833333 288.329555 -234.829555
v 1.041667 288.329555 -234.829555
v 1.250000 288.329555 -234.829555
v 1.458333 288.329555 -234.829555
v 1.666667 288.329555 -234.829555
v 1.875000 288.329555 -234.829555
v 2.083333 288.329555 -234.829555
v 2.291667 288.329555 -234.829555
v 2.500000 288.329555 -234.829555
v 2.708333 288.329555 -234.829555
v 2.916667 288.329555 -234.829555
v 3.125000 288.329555 -234.829555
v 3.333333 288.329555 -234.829555
v 3.541667 288.329555 -234.829555
v 3.750000 288.329555 -234.829555
v 3.958333 288.329555 -234.829555
v 4.166667 288.329555 -234.829555
v 4.375000 288.329555 -234.829555
v 4.583333 288.329555 -234.829555
v 4.791667 288.329555 -234.829555
v 5.000000 288.329555 -234.829555
v -5.000000 279.632164 -226.132164
v -4.791667 279.632164 -226.132164
v -4.583333 279.632164 -226.132164
v -4.375000 279.632164 -226.132164
v -4.166667 279.632164 -226.132164
v -3.958333 279.632164 -226.132164
v -3.750000 279.632164 -226.132164
v -3.541667 279.632164 -226.132164
v -3.333333 279.632164 -226.132164
v -3.125000 279.632164 -226.132164
v -2.916667 279.632164 -226.132164
v -2.708333 279.632164 -226.132164
v -2.500000 279.632164 -226.132164
v -2.291667 279.632164 -226.132164
v -2.083333 279.632164 -226.132164
v -1.875000 279.632164 -226.132164
v -1.666667 279.632164 -226.132164
v -1.458333 279.632164 -226.132164
v -1.250000 279.632164 -226.132164
v -1.041667 279.632164 -226.132164
v -0.833333 279.632164 -226.132164
v -0.625000 279.632164 -226.132164
v -0.416667 279.632164 -226.132164
v -0.208333 279.632164 -226.132164
v 0.000000 279.632164 -226.132164
v 0.208333 279.632164 -226.132164
v 0.416667 279.632164 -226.132164
v 0.625000 279.632164 -226.132164
v 0.833333 279.632164 -226.132164
v 1.041667 279.632164 -226.132164
v 1.250000 279.632164 -226.132164
v 1.458333 279.632164 -226.132164
v 1.666667 279.632164 -226.132164
v 1.875000 279.632164 -226.132164
v 2.083333 279.632164 -226.132164
v 2.291667 279.632164 -226.132164
v 2.500000 279.632164 -226.132164
v 2.708333 279.632164 -226.132164
v 2.916667 279.632164 -226.132164
v 3.125000 279.632164 -226.132164
v 3.333333 279.632164 -226.132164
v 3.541667 279.632164 -226.132164
v 3.750000 279.632164 -226.132164
v 3.958333 279.632164 -226.132164
v 4.166667 279.632164 -226.132164
v 4.375000 279.632164 -226.132164
v 4.583333 279.632164 -226.132164
v 4.791667 279.632164 -226.132164
v 5.000000 279.632164 -226.132164
v -5.000000 270.934773 -217.434773
v -4.791667 270.934773 -217.434773
v -4.583333 270.934773 -217.434773
v -4.375000 270.934773 -217.434773
v -4.166667 270.934773 -217.434773
v -3.958333 270.934773 -217.434773
v -3.750000 270.934773 -217.434773
v -3.541667 270.934773 -217.434773
v -3.333333 270.934773 -217.434773
v -3.125000 270.934773 -217.434773
v -2.916667 270.934773 -217.434773
v -2.708333 270.934773 -217.434773
v -2.500000 270.934773 -217.434773
v -2.291667 270.934773 -217.434773
v -2.083333 270.934773 -217.434773
v -1.875000 270.934773 -217.434773
v -1.666667 270.934773 -217.434773
v -1.458333 270.934773 -217.434773
v -1.250000 270.934773 -217.434773
v -1.041667 270.934773 -217.434773
v -0.833333 270.934773 -217.434773
v -0.625000 270.934773 -217.434773
v -0.416667 270.934773 -217.434773
v -0.208333 270.934773 -217.434773
v 0.000000 270.934773 -217.434773
v 0.208333 270.934773 -217.434773
v 0.416667 270.934773 -217.434773
v 0.625000 270.934773 -217.434773
v 0.833333 270.934773 -217.434773
v 1.041667 270.934773 -217.434773
v 1.250000 270.934773 -217.434773
v 1.458333 270.934773 -217.434773
v 1.666667 270.934773 -217.434773
v 1.875000 270.934773 -217.434773
v 2.083333 270.934773 -217.434773
v 2.291667 270.934773 -217.434773
v 2.500000 270.934773 -217.434773
v 2.708333 270.934773 -217.434773
v 2.916667 270.934773 -217.434773
v 3.125000 270.934773 -217.434773
v 3.333333 270.934773 -217.434773
v 3.541667 270.934773 -217.434773
v 3.750000 270.934773 -217.434773
v 3.958333 270.934773 -217.434773
v 4.166667 270.934773 -217.434773
v 4.375000 270.934773 -217.434773
v 4.583333 270.934773 -217.434773
v 4.791667 270.934773 -217.434773
v 5.000000 270.934773 -217.434773
v -5.000000 262.237383 -208.737383
v -4.791667 262.237383 -208.737383
v -4.583333 262.237383 -208.737383
v -4.375000 262.237383 -208.737383
v -4.166667 262.237383 -208.737383
v -3.958333 262.237383 -208.737383
v -3.750000 262.237383 -208.737383
v -3.541667 262.237383 -208.737383
v -3.333333 262.237383 -208.737383
v -3.125000 262.237383 -208.737383
v -2.916667 262.237383 -208.737383
v -2.708333 262.237383 -208.737383
v -2.500000 262.237383 -208.737383
v -2.291667 262.237383 -208.737383
v -2.083333 262.237383 -208.737383
v -1.875000 262.237383 -208.737383
v -1.666667 262.237383 -208.737383
v -1.458333 262.237383 -208.737383
v -1.250000 262.237383 -208.737383
v -1.041667 262.237383 -208.737383
v -0.833333 262.237383 -208.737383
v -0.625000 262.237383 -208.737383
v -0.416667 262.237383 -208.737383
v -0.208333 262.237383 -208.737383
v 0.000000 262.237383 -208.737383
v 0.208333 262.237383 -208.737383
v 0.416667 262.237383 -208.737383
v 0.625000 262.237383 -208.737383
v 0.833333 262.237383 -208.737383
v 1.041667 262.237383 -208.737383
v 1.250000 262.237383 -208.737383
v 1.458333 262.237383 -208.737383
v 1.666667 262.237383 -208.737383
v 1.875000 262.237383 -208.737383
v 2.083333 262.237383 -208.737383
v 2.291667 262.237383 -208.737383
v 2.500000 262.237383 -208.737383
v 2.708333 262.237383 -208.737383
v 2.916667 262.237383 -208.737383
v 3.125000 262.237383 -208.737383
v 3.333333 262.237383 -208.737383
v 3.541667 262.237383 -208.737383
v 3.750000 262.237383 -208.737383
v 3.958333 262.237383 -208.737383
v 4.166667 262.237383 -208.737383
v 4.375000 262.237383 -208.737383
v 4.583333 262.237383 -208.737383
v 4.791667 262.237383 -208.737383
v 5.000000 262.237383 -208.737383
v -5.000000 253.539992 -200.039992
v -4.791667 253.539992 -200.039992
v -4.583333 253.539992 -200.039992
v -4.375000 253.539992 -200.039992
v -4.166667 253.539992 -200.039992
v -3.958333 253.539992 -200.039992
v -3.750000 253.539992 -200.039992
v -3.541667 253.539992 -200.039992
v -3.333333 253.539992 -200.039992
v -3.125000 253.539992 -200.039992
v -2.916667 253.539992 -200.039992
v -2.708333 253.539992 -200.039992
v -2.500000 253.539992 -200.039992
v -2.291667 253.539992 -200.039992
v -2.083333 253.539992 -200.039992
v -1.875000 253.539992 -200.039992
v -1.666667 253.539992 -200.039992
v -1.458333 253.539992 -200.039992
v -1.250000 253.539992 -200.039992
v -1.041667 253.539992 -200.039992
v -0.833333 253.539992 -200.039992
v -0.625000 253.539992 -200.039992
v -0.416667 253.539992 -200.039992
v -0.208333 253.539992 -200.039992
v 0.000000 253.539992 -200.039992
v 0.208333 253.539992 -200.039992
v 0.416667 253.539992 -200.039992
v 0.625000 253.539992 -200.039992
v 0.833333 253.539992 -200.039992
v 1.041667 253.539992 -200.039992
v 1.250000 253.539992 -200.039992
v 1.458333 253.539992 -200.039992
v 1.666667 253.539992 -200.039992
v 1.875000 253.539992 -200.039992
v 2.083333 253.539992 -200.039992
v 2.291667 253.539992 -200.039992
v 2.500000 253.539992 -200.039992
v 2.708333 253.539992 -200.039992
v 2.916667 253.539992 -200.039992
v 3.125000 253.539992 -200.039992
v 3.333333 253.539992 -200.039992
v 3.541667 253.539992 -200.039992
v 3.750000 253.539992 -200.039992
v 3.958333 253.539992 -200.039992
v 4.166667 253.539992 -200.039992
v 4.375000 253.539992 -200.039992
v 4.583333 253.539992 -200.039992
v 4.791667 253.539992 -200.039992
v 5.000000 253.539992 -200.039992
v -5.000000 244.842601 -191.342601
v -4.791667 244.842601 -191.342601
v -4.583333 244.842601 -191.342601
v -4.375000 244.842601 -191.342601
v -4.166667 244.842601 -191.342601
v -3.958333 244.842601 -191.342601
v -3.750000 244.842601 -191.342601
v -3.541667 244.842601 -191.342601
v -3.333333 244.842601 -191.342601
v -3.125000 244.842601 -191.342601
v -2.916667 244.842601 -191.342601
v -2.708333 244.842601 -191.342601
v -2.500000 244.842601 -191.342601
v -2.291667 244.842601 -191.342601
v -2.083333 244.842601 -191.342601
v -1.875000 244.842601 -191.342601
v -1.666667 244.842601 -191.342601
v -1.458333 244.842601 -191.342601
v -1.250000 244.842601 -191.342601
v -1.041667 244.842601 -191.342601
v -0.833333 244.842601 -191.342601
v -0.625000 244.842601 -191.342601
v -0.416667 244.842601 -191.342601
v -0.208333 244.842601 -191.342601
v 0.000000 244.842601 -191.342601
v 0.208333 244.842601 -191.342601
v 0.416667 244.842601 -191.342601
v 0.625000 244.842601 -191.342601
v 0.833333 244.842601 -191.342601
v 1.041667 244.842601 -191.342601
v 1.250000 244.842601 -191.342601
v 1.458333 244.842601 -191.342601
v 1.666667 244.842601 -191.342601
v 1.875000 244.842601 -191.342601
v 2.083333 244.842601 -191.342601
v 2.291667 244.842601 -191.342601
v 2.500000 244.842601 -191.342601
v 2.708333 244.842601 -191.342601
v 2.916667 244.842601 -191.342601
v 3.125000 244.842601 -191.342601
v 3.333333 244.842601 -191.342601
v 3.541667 244.842601 -191.342601
v 3.750000 244.842601 -191.342601
v 3.958333 244.842601 -191.342601
v 4.166667 244.842601 -191.342601
v 4.375000 244.842601 -191.342601
v 4.583333 244.842601 -191.342601
v 4.791667 244.842601 -191.342601
v 5.000000 244.842601 -191.342601
v -5.000000 236.145210 -182.645210
v -4.791667 236.145210 -182.645210
v -4.583333 236.145210 -182.645210
v -4.375000 236.145210 -182.645210
v -4.166667 236.145210 -182.645210
v -3.958333 236.145210 -182.645210
v -3.750000 236.145210 -182.645210
v -3.541667 236.145210 -182.645210
v -3.333333 236.145210 -182.645210
v -3.125000 236.145210 -182.645210
v -2.916667 236.145210 -182.645210
v -2.708333 236.145210 -182.645210
v -2.500000 236.145210 -182.645210
v -2.291667 236.145210 -182.645210
v -2.083333 236.145210 -182.645210
v -1.875000 236.145210 -182.645210
v -1.666667 236.145210 -182.645210
v -1.458333 236.145210 -182.645210
v -1.250000 236.145210 -182.645210
v -1.041667 236.145210 -182.645210
v -0.833333 236.145210 -182.645210
v -0.625000 236.145210 -182.645210
v -0.416667 236.145210 -182.645210
v -0.208333 236.145210 -182.645210
v 0.000000 236.145210 -182.645210
v 0.208333 236.145210 -182.645210
v 0.416667 236.145210 -182.645210
v 0.625000 236.145210 -182.645210
v 0.833333 236.145210 -182.645210
v 1.041667 236.145210 -182.645210
v 1.250000 236.145210 -182.645210
v 1.458333 236.145210 -182.645210
v 1.666667 236.145210 -182.645210
v 1.875000 236.145210 -182.645210
v 2.083333 236.145210 -182.645210
v 2.291667 236.145210 -182.645210
v 2.500000 236.145210 -182.645210
v 2.708333 236.145210 -182.645210
v 2.916667 236.145210 -182.645210
v 3.125000 236.145210 -182.645210
v 3.333333 236.145210 -182.645210
v 3.541667 236.145210 -182.645210
v 3.750000 236.145210 -182.645210
v 3.958333 236.145210 -182.645210
v 4.166667 236.145210 -182.645210
v 4.375000 236.145210 -182.645210
v 4.583333 236.145210 -182.645210
v 4.791667 236.145210 -182.645210
v 5.000000 236.145210 -182.645210
v -5.000000 227.447819 -173.947819
v -4.791667 227.447819 -173.947819
v -4.583333 227.447819 -173.947819
v -4.375000 227.447819 -173.947819
v -4.166667 227.447819 -173.947819
v -3.958333 227.447819 -173.947819
v -3.750000 227.447819 -173.947819
v -3.541667 227.447819 -173.947819
v -3.333333 227.447819 -173.947819
v -3.125000 227.447819 -173.947819
v -2.916667 227.447819 -173.947819
v -2.708333 227.447819 -173.947819
v -2.500000 227.447819 -173.947819
v -2.291667 227.447819 -173.947819
v -2.083333 227.447819 -173.947819
v -1.875000 227.447819 -173.947819
v -1.666667 227.447819 -173.947819
v -1.458333 227.447819 -173.947819
v -1.250000 227.447819 -173.947819
v -1.041667 227.447819 -173.947819
v -0.833333 227.447819 -173.947819
v -0.625000 227.447819 -173.947819
v -0.416667 227.447819 -173.947819
v -0.208333 227.447819 -173.947819
v 0.000000 227.447819 -173.947819
v 0.208333 227.447819 -173.947819
v 0.416667 227.447819 -173.947819
v 0.625000 227.447819 -173.947819
v 0.833333 227.447819 -173.947819
v 1.041667 227.447819 -173.947819
v 1.250000 227.447819 -173.947819
v 1.458333 227.447819 -173.947819
v 1.666667 227.447819 -173.947819
v 1.875000 227.447819 -173.947819
v 2.083333 227.447819 -173.947819
v 2.291667 227.447819 -173.947819
v 2.500000 227.447819 -173.947819
v 2.708333 227.447819 -173.947819
v 2.916667 227.447819 -173.947819
v 3.125000 227.447819 -173.947819
v 3.333333 227.447819 -173.947819
v 3.541667 227.447819 -173.947819
v 3.750000 227.447819 -173.947819
v 3.958333 227.447819 -173.947819
v 4.166667 227.447819 -173.947819
v 4.375000 227.447819 -173.947819
v 4.583333 227.447819 -173.947819
v 4.791667 227.447819 -173.947819
v 5.000000 227.447819 -173.947819
v -5.000000 218.750428 -165.250428
v -4.791667 218.750428 -165.250428
v -4.583333 218.750428 -165.250428
v -4.375000 218.750428 -165.250428
v -4.166667 218.750428 -165.250428
v -3.958333 218.750428 -165.250428
v -3.750000 218.750428 -165.250428
v -3.541667 218.750428 -165.250428
v -3.333333 218.750428 -165.250428
v -3.125000 218.750428 -165.250428
v -2.916667 218.750428 -165.250428
v -2.708333 218.750428 -165.250428
v -2.500000 218.750428 -165.250428
v -2.291667 218.750428 -165.250428
v -2.083333 218.750428 -165.250428
v -1.875000 218.750428 -165.250428
v -1.666667 218.750428 -165.250428
v -1.458333 218.750428 -165.250428
v -1.250000 218.750428 -165.250428
v -1.041667 218.750428 -165.250428
v -0.833333 218.750428 -165.250428
v -0.625000 218.750428 -165.250428
v -0.416667 218.750428 -165.250428
v -0.208333 218.750428 -165.250428
v 0.000000 218.750428 -165.250428
v 0.208333 218.750428 -165.250428
v 0.416667 218.750428 -165.250428
v 0.625000 218.750428 -165.250428
v 0.833333 218.750428 -165.250428
v 1.041667 218.750428 -165.250428
v 1.250000 218.750428 -165.250428
v 1.458333 218.750428 -165.250428
v 1.666667 218.750428 -165.250428
v 1.875000 218.750428 -165.250428
v 2.083333 218.750428 -165.250428
v 2.291667 218.750428 -165.250428
v 2.500000 218.750428 -165.250428
v 2.708333 218.750428 -165.250428
v 2.916667 218.750428 -165.250428
v 3.125000 218.750428 -165.250428
v 3.333333 218.750428 -165.250428
v 3.541667 218.750428 -165.250428
v 3.750000 218.750428 -165.250428
v 3.958333 218.750428 -165.250428
v 4.166667 218.750428 -165.250428
v 4.375000 218.750428 -165.250428
v 4.583333 218.750428 -165.250428
v 4.791667 218.750428 -165.250428
v 5.000000 218.750428 -165.250428
v -5.000000 210.053037 -156.553037
v -4.791667 210.053037 -156.553037
v -4.583333 210.053037 -156.553037
v -4.375000 210.053037 -156.553037
v -4.166667 210.053037 -156.553037
v -3.958333 210.053037 -156.553037
v -3.750000 210.053037 -156.553037
v -3.541667 210.053037 -156.553037
v -3.333333 210.053037 -156.553037
v -3.125000 210.053037 -156.553037
v -2.916667 210.053037 -156.553037
v -2.708333 210.053037 -156.553037
v -2.500000 210.053037 -156.553037
v -2.291667 210.053037 -156.553037
v -2.083333 210.053037 -156.553037
v -1.875000 210.053037 -156.553037
v -1.666667 210.053037 -156.553037
v -1.458333 210.053037 -156.553037
v -1.250000 210.053037 -156.553037
v -1.041667 210.053037 -156.553037
v -0.833333 210.053037 -156.553037
v -0.625000 210.053037 -156.553037
v -0.416667 210.053037 -156.553037
v -0.208333 210.053037 -156.553037
v 0.000000 210.053037 -156.553037
v 0.208333 210.053037 -156.553037
v 0.416667 210.053037 -156.553037
v 0.625000 210.053037 -156.553037
v 0.833333 210.053037 -156.553037
v 1.041667 210.053037 -156.553037
v 1.250000 210.053037 -156.553037
v 1.458333 210.053037 -156.553037
v 1.666667 210.053037 -156.553037
v 1.875000 210.053037 -156.553037
v 2.083333 210.053037 -156.553037
v 2.291667 210.053037 -156.553037
v 2.500000 210.053037 -156.553037
v 2.708333 210.053037 -156.553037
v 2.916667 210.053037 -156.553037
v 3.125000 210.053037 -156.553037
v 3.333333 210.053037 -156.553037
v 3.541667 210.053037 -156.553037
v 3.750000 210.053037 -156.553037
v 3.958333 210.053037 -156.553037
v 4.166667 210.053037 -156.553037
v 4.375000 210.053037 -156.553037
v 4.583333 210.053037 -156.553037
v 4.791667 210.053037 -156.553037
v 5.000000 210.053037 -156.553037
v -5.000000 201.355646 -147.855646
v -4.791667 201.355646 -147.855646
v -4.583333 201.355646 -147.855646
v -4.375000 201.355646 -147.855646
v -4.166667 201.355646 -147.855646
v -3.958333 201.355646 -147.855646
v -3.750000 201.355646 -147.855646
v -3.541667 201.355646 -147.855646
v -3.333333 201.355646 -147.855646
v -3.125000 201.355646 -147.855646
v -2.916667 201.355646 -147.855646
v -2.708333 201.355646 -147.855646
v -2.500000 201.355646 -147.855646
v -2.291667 201.355646 -147.855646
v -2.083333 201.355646 -147.855646
v -1.875000 201.355646 -147.855646
v -1.666667 201.355646 -147.855646
v -1.458333 201.355646 -147.855646
v -1.250000 201.355646 -147.855646
v -1.041667 201.355646 -147.855646
v -0.833333 201.355646 -147.855646
v -0.625000 201.355646 -147.855646
v -0.416667 201.355646 -147.855646
v -0.208333 201.355646 -147.855646
v 0.000000 201.355646 -147.855646
v 0.208333 201.355646 -147.855646
v 0.416667 201.355646 -147.855646
v 0.625000 201.355646 -147.855646
v 0.833333 201.355646 -147.855646
v 1.041667 201.355646 -147.855646
v 1.250000 201.355646 -147.855646
v 1.458333 201.355646 -147.855646
v 1.666667 201.355646 -147.855646
v 1.875000 201.355646 -147.855646
v 2.083333 201.355646 -147.855646
v 2.291667 201.355646 -147.855646
v 2.500000 201.355646 -147.855646
v 2.708333 201.355646 -147.855646
v 2.916667 201.355646 -147.855646
v 3.125000 201.355646 -147.855646
v 3.333333 201.355646 -147.855646
v 3.541667 201.355646 -147.855646
v 3.750000 201.355646 -147.855646
v 3.958333 201.355646 -147.855646
v 4.166667 201.355646 -147.855646
v 4.375000 201.355646 -147.855646
v 4.583333 201.355646 -147.855646
v 4.791667 201.355646 -147.855646
v 5.000000 201.355646 -147.855646
v -5.000000 192.658255 -139.158255
v -4.791667 192.658255 -139.158255
v -4.583333 192.658255 -139.158255
v -4.375000 192.658255 -139.158255
v -4.166667 192.658255 -139.158255
v -3.958333 192.658255 -139.158255
v -3.750000 192.658255 -139.158255
v -3.541667 192.658255 -139.158255
v -3.333333 192.658255 -139.158255
v -3.125000 192.658255 -139.158255
v -2.916667 192.658255 -139.158255
v -2.708333 192.658255 -139.158255
v -2.500000 192.658255 -139.158255
v -2.291667 192.658255 -139.158255
v -2.083333 192.658255 -139.158255
v -1.875000 192.658255 -139.158255
v -1.666667 192.658255 -139.158255
v -1.458333 192.658255 -139.158255
v -1.250000 192.658255 -139.158255
v -1.041667 192.658255 -139.158255
v -0.833333 192.658255 -139.158255
v -0.625000 192.658255 -139.158255
v -0.416667 192.658255 -139.158255
v -0.208333 192.658255 -139.158255
v 0.000000 192.658255 -139.158255
v 0.208333 192.658255 -139.158255
v 0.416667 192.658255 -139.158255
v 0.625000 192.658255 -139.158255
v 0.833333 192.658255 -139.158255
v 1.041667 192.658255 -139.158255
v 1.250000 192.658255 -139.158255
v 1.458333 192.658255 -139.158255
v 1.666667 192.658255 -139.158255
v 1.875000 192.658255 -139.158255
v 2.083333 192.658255 -139.158255
v 2.291667 192.658255 -139.158255
v 2.500000 192.658255 -139.158255
v 2.708333 192.658255 -139.158255
v 2.916667 192.658255 -139.158255
v 3.125000 192.658255 -139.158255
v 3.333333 192.658255 -139.158255
v 3.541667 192.658255 -139.158255
v 3.750000 192.658255 -139.158255
v 3.958333 192.658255 -139.158255
v 4.166667 192.658255 -139.158255
v 4.375000 192.658255 -139.158255
v 4.583333 192.658255 -139.158255
v 4.791667 192.658255 -139.158255
v 5.000000 192.658255 -139.158255
v -5.000000 183.960864 -130.460864
v -4.791667 183.960864 -130.460864
v -4.583333 183.960864 -130.460864
v -4.375000 183.960864 -130.460864
v -4.166667 183.960864 -130.460864
v -3.958333 183.960864 -130.460864
v -3.750000 183.960864 -130.460864
v -3.541667 183.960864 -130.460864
v -3.333333 183.960864 -130.460864
v -3.125000 183.960864 -130.460864
v -2.916667 183.960864 -130.460864
v -2.708333 183.960864 -130.460864
v -2.500000 183.960864 -130.460864
v -2.291667 183.960864 -130.460864
v -2.083333 183.960864 -130.460864
v -1.875000 183.960864 -130.460864
v -1.666667 183.960864 -130.460864
v -1.458333 183.960864 -130.460864
v -1.250000 183.960864 -130.460864
v -1.041667 183.960864 -130.460864
v -0.833333 183.960864 -130.460864
v -0.625000 183.960864 -130.460864
v -0.416667 183.960864 -130.460864
v -0.208333 183.960864 -130.460864
v 0.000000 183.960864 -130.460864
v 0.208333 183.960864 -130.460864
v 0.416667 183.960864 -130.460864
v 0.625000 183.960864 -130.460864
v 0.833333 183.960864 -130.460864
v 1.041667 183.960864 -130.460864
v 1.250000 183.960864 -130.460864
v 1.458333 183.960864 -130.460864
v 1.666667 183.960864 -130.460864
v 1.875000 183.960864 -130.460864
v 2.083333 183.960864 -130.460864
v 2.291667 183.960864 -130.460864
v 2.500000 183.960864 -130.460864
v 2.708333 183.960864 -130.460864
v 2.916667 183.960864 -130.460864
v 3.125000 183.960864 -130.460864
v 3.333333 183.960864 -130.460864
v 3.541667 183.960864 -130.460864
v 3.750000 183.960864 -130.460864
v 3.958333 183.960864 -130.460864
v 4.166667 183.960864 -130.460864
v 4.375000 183.960864 -130.460864
v 4.583333 183.960864 -130.460864
v 4.791667 183.960864 -130.460864
v 5.000000 183.960864 -130.460864
v -5.000000 175.263473 -121.763473
v -4.791667 175.263473 -121.763473
v -4.583333 175.263473 -121.763473
v -4.375000 175.263473 -121.763473
v -4.166667 175.263473 -121.763473
v -3.958333 175.263473 -121.763473
v -3.750000 175.263473 -121.763473
v -3.541667 175.263473 -121.763473
v -3.333333 175.263473 -121.763473
v -3.125000 175.263473 -121.763473
v -2.916667 175.263473 -121.763473
v -2.708333 175.263473 -121.763473
v -2.500000 175.263473 -121.763473
v -2.291667 175.263473 -121.763473
v -2.083333 175.263473 -121.763473
v -1.875000 175.263473 -121.763473
v -1.666667 175.263473 -121.763473
v -1.458333 175.263473 -121.763473
v -1.250000 175.263473 -121.763473
v -1.041667 175.263473 -121.763473
v -0.833333 175.263473 -121.763473
v -0.625000 175.263473 -121.763473
v -0.416667 175.263473 -121.763473
v -0.208333 175.263473 -121.763473
v 0.000000 175.263473 -121.763473
v 0.208333 175.263473 -121.763473
v 0.416667 175.263473 -121.763473
v 0.625000 175.263473 -121.763473
v 0.833333 175.263473 -121.763473
v 1.041667 175.263473 -121.763473
v 1.250000 175.263473 -121.763473
v 1.458333 175.263473 -121.763473
v 1.666667 175.263473 -121.763473
v 1.875000 175.263473 -121.763473
v 2.083333 175.263473 -121.763473
v 2.291667 175.263473 -121.763473
v 2.500000 175.263473 -121.763473
v 2.708333 175.263473 -121.763473
v 2.916667 175.263473 -121.763473
v 3.125000 175.263473 -121.763473
v 3.333333 175.263473 -121.763473
v 3.541667 175.263473 -121.763473
v 3.750000 175.263473 -121.763473
v 3.958333 175.263473 -121.763473
v 4.166667 175.263473 -121.763473
v 4.375000 175.263473 -121.763473
v 4.583333 175.263473 -121.763473
v 4.791667 175.263473 -121.763473
v 5.000000 175.263473 -121.763473
v -5.000000 166.566082 -113.066082
v -4.791667 166.566082 -113.066082
v -4.583333 166.566082 -113.066082
v -4.375000 166.566082 -113.066082
v -4.166667 166.566082 -113.066082
v -3.958333 166.566082 -113.066082
v -3.750000 166.566082 -113.066082
v -3.541667 166.566082 -113.066082
v -3.333333 166.566082 -113.066082
v -3.125000 166.566082 -113.066082
v -2.916667 166.566082 -113.066082
v -2.708333 166.566082 -113.066082
v -2.500000 166.566082 -113.066082
v -2.291667 166.566082 -113.066082
v -2.083333 166.566082 -113.066082
v -1.875000 166.566082 -113.066082
v -1.666667 166.566082 -113.066082
v -1.458333 166.566082 -113.066082
v -1.250000 166.566082 -113.066082
v -1.041667 166.566082 -113.066082
v -0.833333 166.566082 -113.066082
v -0.625000 166.566082 -113.066082
v -0.416667 166.566082 -113.066082
v -0.208333 166.566082 -113.066082
v 0.000000 166.566082 -113.066082
v 0.208333 166.566082 -113.066082
v 0.416667 166.566082 -113.066082
v 0.625000 166.566082 -113.066082
v 0.833333 166.566082 -113.066082
v 1.041667 166.566082 -113.066082
v 1.250000 166.566082 -113.066082
v 1.458333 166.566082 -113.066082
v 1.666667 166.566082 -113.066082
v 1.875000 166.566082 -113.066082
v 2.083333 166.566082 -113.066082
v 2.291667 166.566082 -113.066082
v 2.500000 166.566082 -113.066082
v 2.708333 166.566082 -113.066082
v 2.916667 166.566082 -113.066082
v 3.125000 166.566082 -113.066082
v 3.333333 166.566082 -113.066082
v 3.541667 166.566082 -113.066082
v 3.750000 166.566082 -113.066082
v 3.958333 166.566082 -113.066082
v 4.166667 166.566082 -113.066082
v 4.375000 166.566082 -113.066082
v 4.583333 166.566082 -113.066082
v 4.791667 166.566082 -113.066082
v 5.000000 166.566082 -113.066082
v -5.000000 157.868691 -104.368691
v -4.791667 157.868691 -104.368691
v -4.583333 157.868691 -104.368691
v -4.375000 157.868691 -104.368691
v -4.166667 157.868691 -104.368691
v -3.958333 157.868691 -104.368691
v -3.750000 157.868691 -104.368691
v -3.541667 157.868691 -104.368691
v -3.333333 157.868691 -104.368691
v -3.125000 157.868691 -104.368691
v -2.916667 157.868691 -104.368691
v -2.708333 157.868691 -104.368691
v -2.500000 157.868691 -104.368691
v -2.291667 157.868691 -104.368691
v -2.083333 157.868691 -104.368691
v -1.875000 157.868691 -104.368691
v -1.666667 157.868691 -104.368691
v -1.458333 157.868691 -104.368691
v -1.250000 157.868691 -104.368691
v -1.041667 157.868691 -104.368691
v -0.833333 157.868691 -104.368691
v -0.625000 157.868691 -104.368691
v -0.416667 157.868691 -104.368691
v -0.208333 157.868691 -104.368691
v 0.000000 157.868691 -104.368691
v 0.208333 157.868691 -104.368691
v 0.416667 157.868691 -104.368691
v 0.625000 157.868691 -104.368691
v 0.833333 157.868691 -104.368691
v 1.041667 157.868691 -104.368691
v 1.250000 157.868691 -104.368691
v 1.458333 157.868691 -104.368691
v 1.666667 157.868691 -104.368691
v 1.875000 157.868691 -104.368691
v 2.083333 157.868691 -104.368691
v 2.291667 157.868691 -104.368691
v 2.500000 157.868691 -104.368691
v 2.708333 157.868691 -104.368691
v 2.916667 157.868691 -104.368691
v 3.125000 157.868691 -104.368691
v 3.333333 157.868691 -104.368691
v 3.541667 157.868691 -104.368691
v 3.750000 157.868691 -104.368691
v 3.958333 157.868691 -104.368691
v 4.166667 157.868691 -104.368691
v 4.375000 157.868691 -104.368691
v 4.583333 157.868691 -104.368691
v 4.791667 157.868691 -104.368691
v 5.000000 157.868691 -104.368691
v -5.000000 149.171300 -95.671300
v -4.791667 149.171300 -95.671300
v -4.583333 149.171300 -95.671300
v -4.375000 149.171300 -95.671300
v -4.166667 149.171300 -95.671300
v -3.958333 149.171300 -95.671300
v -3.750000 149.171300 -95.671300
v -3.541667 149.171300 -95.671300
v -3.333333 149.171300 -95.671300
v -3.125000 149.171300 -95.671300
v -2.916667 149.171300 -95.671300
v -2.708333 149.171300 -95.671300
v -2.500000 149.171300 -95.671300
v -2.291667 149.171300 -95.671300
v -2.083333 149.171300 -95.671300
v -1.875000 149.171300 -95.671300
v -1.666667 149.171300 -95.671300
v -1.458333 149.171300 -95.671300
v -1.250000 149.171300 -95.671300
v -1.041667 149.171300 -95.671300
v -0.833333 149.171300 -95.671300
v -0.625000 149.171300 -95.671300
v -0.416667 149.171300 -95.671300
v -0.208333 149.171300 -95.671300
v 0.000000 149.171300 -95.671300
v 0.208333 149.171300 -95.671300
v 0.416667 149.171300 -95.671300
v 0.625000 149.171300 -95.671300
v 0.833333 149.171300 -95.671300
v 1.041667 149.171300 -95.671300
v 1.250000 149.171300 -95.671300
v 1.458333 149.171300 -95.671300
v 1.666667 149.171300 -95.671300
v 1.875000 149.171300 -95.671300
v 2.083333 149.171300 -95.671300
v 2.291667 149.171300 -95.671300
v 2.500000 149.171300 -95.671300
v 2.708333 149.171300 -95.671300
v 2.916667 149.171300 -95.671300
v 3.125000 149.171300 -95.671300
v 3.333333 149.171300 -95.671300
v 3.541667 149.171300 -95.671300
v 3.750000 149.171300 -95.671300
v 3.958333 149.171300 -95.671300
v 4.166667 149.171300 -95.671300
v 4.375000 149.171300 -95.671300
v 4.583333 149.171300 -95.671300
v 4.791667 149.171300 -95.671300
v 5.000000 149.171300 -95.671300
v -5.000000 140.473909 -86.973909
v -4.791667 140.473909 -86.973909
v -4.583333 140.473909 -86.973909
v -4.375000 140.473909 -86.973909
v -4.166667 140.473909 -86.973909
v -3.958333 140.473909 -86.973909
v -3.750000 140.473909 -86.973909
v -3.541667 140.473909 -86.973909
v -3.333333 140.473909 -86.973909
v -3.125000 140.473909 -86.973909
v -2.916667 140.473909 -86.973909
v -2.708333 140.473909 -86.973909
v -2.500000 140.473909 -86.973909
v -2.291667 140.473909 -86.973909
v -2.083333 140.473909 -86.973909
v -1.875000 140.473909 -86.973909
v -1.666667 140.473909 -86.973909
v -1.458333 140.473909 -86.973909
v -1.250000 140.473909 -86.973909
v -1.041667 140.473909 -86.973909
v -0.833333 140.473909 -86.973909
v -0.625000 140.473909 -86.973909
v -0.416667 140.473909 -86.973909
v -0.208333 140.473909 -86.973909
v 0.000000 140.473909 -86.973909
v 0.208333 140.473909 -86.973909
v 0.416667 140.473909 -86.973909
v 0.625000 140.473909 -86.973909
v 0.833333 140.473909 -86.973909
v 1.041667 140.473909 -86.973909
v 1.250000 140.473909 -86.973909
v 1.458333 140.473909 -86.973909
v 1.666667 140.473909 -86.973909
v 1.875000 140.473909 -86.973909
v 2.083333 140.473909 -86.973909
v 2.291667 140.473909 -86.973909
v 2.500000 140.473909 -86.973909
v 2.708333 140.473909 -86.973909
v 2.916667 140.473909 -86.973909
v 3.125000 140.473909 -86.973909
v 3.333333 140.473909 -86.973909
v 3.541667 140.473909 -86.973909
v 3.750000 140.473909 -86.973909
v 3.958333 140.473909 -86.973909
v 4.166667 140.473909 -86.973909
v 4.375000 140.473909 -86.973909
v 4.583333 140.473909 -86.973909
v 4.791667 140.473909 -86.973909
v 5.000000 140.473909 -86.973909
v -5.000000 131.776518 -78.276518
v -4.791667 131.776518 -78.276518
v -4.583333 131.776518 -78.276518
v -4.375000 131.776518 -78.276518
v -4.166667 131.776518 -78.276518
v -3.958333 131.776518 -78.276518
v -3.750000 131.776518 -78.276518
v -3.541667 131.776518 -78.276518
v -3.333333 131.776518 -78.276518
v -3.125000 131.776518 -78.276518
v -2.916667 131.776518 -78.276518
v -2.708333 131.776518 -78.276518
v -2.500000 131.776518 -78.276518
v -2.291667 131.776518 -78.276518
v -2.083333 131.776518 -78.276518
v -1.875000 131.776518 -78.276518
v -1.666667 131.776518 -78.276518
v -1.458333 131.776518 -78.276518
v -1.250000 131.776518 -78.276518
v -1.041667 131.776518 -78.276518
v -0.833333 131.776518 -78.276518
v -0.625000 131.776518 -78.276518
v -0.416667 131.776518 -78.276518
v -0.208333 131.776518 -78.276518
v 0.000000 131.776518 -78.276518
v 0.208333 131.776518 -78.276518
v 0.416667 131.776518 -78.276518
v 0.625000 131.776518 -78.276518
v 0.833333 131.776518 -78.276518
v 1.041667 131.776518 -78.276518
v 1.250000 131.776518 -78.276518
v 1.458333 131.776518 -78.276518
v 1.666667 131.776518 -78.276518
v 1.875000 131.776518 -78.276518
v 2.083333 131.776518 -78.276518
v 2.291667 131.776518 -78.276518
v 2.500000 131.776518 -78.276518
v 2.708333 131.776518 -78.276518
v 2.916667 131.776518 -78.276518
v 3.125000 131.776518 -78.276518
v 3.333333 131.776518 -78.276518
v 3.541667 131.776518 -78.276518
v 3.750000 131.776518 -78.276518
v 3.958333 131.776518 -78.276518
v 4.166667 131.776518 -78.276518
v 4.375000 131.776518 -78.276518
v 4.583333 131.776518 -78.276518
v 4.791667 131.776518 -78.276518
v 5.000000 131.776518 -78.276518
v -5.000000 123.079128 -69.579128
v -4.791667 123.079128 -69.579128
v -4.583333 123.079128 -69.579128
v -4.375000 123.079128 -69.579128
v -4.166667 123.079128 -69.579128
v -3.958333 123.079128 -69.579128
v -3.750000 123.079128 -69.579128
v -3.541667 123.079128 -69.579128
v -3.333333 123.079128 -69.579128
v -3.125000 123.079128 -69.579128
v -2.916667 123.079128 -69.579128
v -2.708333 123.079128 -69.579128
v -2.500000 123.079128 -69.579128
v -2.291667 123.079128 -69.579128
v -2.083333 123.079128 -69.579128
v -1.875000 123.079128 -69.579128
v -1.666667 123.079128 -69.579128
v -1.458333 123.079128 -69.579128
v -1.250000 123.079128 -69.579128
v -1.041667 123.079128 -69.579128
v -0.833333 123.079128 -69.579128
v -0.625000 123.079128 -69.579128
v -0.416667 123.079128 -69.579128
v -0.208333 123.079128 -69.579128
v 0.000000 123.079128 -69.579128
v 0.208333 123.079128 -69.579128
v 0.416667 123.079128 -69.579128
v 0.625000 123.079128 -69.579128
v 0.833333 123.079128 -69.579128
v 1.041667 123.079128 -69.579128
v 1.250000 123.079128 -69.579128
v 1.458333 123.079128 -69.579128
v 1.666667 123.079128 -69.579128
v 1.875000 123.079128 -69.579128
v 2.083333 123.079128 -69.579128
v 2.291667 123.079128 -69.579128
v 2.500000 123.079128 -69.579128
v 2.708333 123.079128 -69.579128
v 2.916667 123.079128 -69.579128
v 3.125000 123.079128 -69.579128
v 3.333333 123.079128 -69.579128
v 3.541667 123.079128 -69.579128
v 3.750000 123.079128 -69.579128
v 3.958333 123.079128 -69.579128
v 4.166667 123.079128 -69.579128
v 4.375000 123.079128 -69.579128
v 4.583333 123.079128 -69.579128
v 4.791667 123.079128 -69.579128
v 5.000000 123.079128 -69.579128
v -5.000000 114.381737 -60.881737
v -4.791667 114.381737 -60.881737
v -4.583333 114.381737 -60.881737
v -4.375000 114.381737 -60.881737
v -4.166667 114.381737 -60.881737
v -3.958333 114.381737 -60.881737
v -3.750000 114.381737 -60.881737
v -3.541667 114.381737 -60.881737
v -3.333333 114.381737 -60.881737
v -3.125000 114.381737 -60.881737
v -2.916667 114.381737 -60.881737
v -2.708333 114.381737 -60.881737
v -2.500000 114.381737 -60.881737
v -2.291667 114.381737 -60.881737
v -2.083333 114.381737 -60.881737
v -1.875000 114.381737 -60.881737
v -1.666667 114.381737 -60.881737
v -1.458333 114.381737 -60.881737
v -1.250000 114.381737 -60.881737
v -1.041667 114.381737 -60.881737
v -0.833333 114.381737 -60.881737
v -0.625000 114.381737 -60.881737
v -0.416667 114.381737 -60.881737
v -0.208333 114.381737 -60.881737
v 0.000000 114.381737 -60.881737
v 0.208333 114.381737 -60.881737
v 0.416667 114.381737 -60.881737
v 0.625000 114.381737 -60.881737
v 0.833333 114.381737 -60.881737
v 1.041667 114.381737 -60.881737
v 1.250000 114.381737 -60.881737
v 1.458333 114.381737 -60.881737
v 1.666667 114.381737 -60.881737
v 1.875000 114.381737 -60.881737
v 2.083333 114.381737 -60.881737
v 2.291667 114.381737 -60.881737
v 2.500000 114.381737 -60.881737
v 2.708333 114.381737 -60.881737
v 2.916667 114.381737 -60.881737
v 3.125000 114.381737 -60.881737
v 3.333333 114.381737 -60.881737
v 3.541667 114.381737 -60.881737
v 3.750000 114.381737 -60.881737
v 3.958333 114.381737 -60.881737
v 4.166667 114.381737 -60.881737
v 4.375000 114.381737 -60.881737
v 4.583333 114.381737 -60.881737
v 4.791667 114.381737 -60.881737
v 5.000000 114.381737 -60.881737
v -5.000000 105.684346 -52.184346
v -4.791667 105.684346 -52.184346
v -4.583333 105.684346 -52.184346
v -4.375000 105.684346 -52.184346
v -4.166667 105.684346 -52.184346
v -3.958333 105.684346 -52.184346
v -3.750000 105.684346 -52.184346
v -3.541667 105.684346 -52.184346
v -3.333333 105.684346 -52.184346
v -3.125000 105.684346 -52.184346
v -2.916667 105.684346 -52.184346
v -2.708333 105.684346 -52.184346
v -2.500000 105.684346 -52.184346
v -2.291667 105.684346 -52.184346
v -2.083333 105.684346 -52.184346
v -1.875000 105.684346 -52.184346
v -1.666667 105.684346 -52.184346
v -1.458333 105.684346 -52.184346
v -1.250000 105.684346 -52.184346
v -1.041667 105.684346 -52.184346
v -0.833333 105.684346 -52.184346
v -0.625000 105.684346 -52.184346
v -0.416667 105.684346 -52.184346
v -0.208333 105.684346 -52.184346
v 0.000000 105.684346 -52.184346
v 0.208333 105.684346 -52.184346
v 0.416667 105.684346 -52.184346
v 0.625000 105.684346 -52.184346
v 0.833333 105.684346 -52.184346
v 1.041667 105.684346 -52.184346
v 1.250000 105.684346 -52.184346
v 1.458333 105.684346 -52.184346
v 1.666667 105.684346 -52.184346
v 1.875000 105.684346 -52.184346
v 2.083333 105.684346 -52.184346
v 2.291667 105.684346 -52.184346
v 2.500000 105.684346 -52.184346
v 2.708333 105.684346 -52.184346
v 2.916667 105.684346 -52.184346
v 3.125000 105.684346 -52.184346
v 3.333333 105.684346 -52.184346
v 3.541667 105.684346 -52.184346
v 3.750000 105.684346 -52.184346
v 3.958333 105.684346 -52.184346
v 4.166667 105.684346 -52.184346
v 4.375000 105.684346 -52.184346
v 4.583333 105.684346 -52.184346
v 4.791667 105.684346 -52.184346
v 5.000000 105.684346 -52.184346
v -5.000000 96.986955 -43.486955
v -4.791667 96.986955 -43.486955
v -4.583333 96.986955 -43.486955
v -4.375000 96.986955 -43.486955
v -4.166667 96.986955 -43.486955
v -3.958333 96.986955 -43.486955
v -3.750000 96.986955 -43.486955
v -3.541667 96.986955 -43.486955
v -3.333333 96.986955 -43.486955
v -3.125000 96.986955 -43.486955
v -2.916667 96.986955 -43.486955
v -2.708333 96.986955 -43.486955
v -2.500000 96.986955 -43.486955
v -2.291667 96.986955 -43.486955
v -2.083333 96.986955 -43.486955
v -1.875000 96.986955 -43.486955
v -1.666667 96.986955 -43.486955
v -1.458333 96.986955 -43.486955
v -1.250000 96.986955 -43.486955
v -1.041667 96.986955 -43.486955
v -0.833333 96.986955 -43.486955
v -0.625000 96.986955 -43.486955
v -0.416667 96.986955 -43.486955
v -0.208333 96.986955 -43.486955
v 0.000000 96.986955 -43.486955
v 0.208333 96.986955 -43.486955
v 0.416667 96.986955 -43.486955
v 0.625000 96.986955 -43.486955
v 0.833333 96.986955 -43.486955
v 1.041667 96.986955 -43.486955
v 1.250000 96.986955 -43.486955
v 1.458333 96.986955 -43.486955
v 1.666667 96.986955 -43.486955
v 1.875000 96.986955 -43.486955
v 2.083333 96.986955 -43.486955
v 2.291667 96.986955 -43.486955
v 2.500000 96.986955 -43.486955
v 2.708333 96.986955 -43.486955
v 2.916667 96.986955 -43.486955
v 3.125000 96.986955 -43.486955
v 3.333333 96.986955 -43.486955
v 3.541667 96.986955 -43.486955
v 3.750000 96.986955 -43.486955
v 3.958333 96.986955 -43.486955
v 4.166667 96.986955 -43.486955
v 4.375000 96.986955 -43.486955
v 4.583333 96.986955 -43.486955
v 4.791667 96.986955 -43.486955
v 5.000000 96.986955 -43.486955
v -5.000000 88.289564 -34.789564
v -4.791667 88.289564 -34.789564
v -4.583333 88.289564 -34.789564
v -4.375000 88.289564 -34.789564
v -4.166667 88.289564 -34.789564
v -3.958333 88.289564 -34.789564
v -3.750000 88.289564 -34.789564
v -3.541667 88.289564 -34.789564
v -3.333333 88.289564 -34.789564
v -3.125000 88.289564 -34.789564
v -2.916667 88.289564 -34.789564
v -2.708333 88.289564 -34.789564
v -2.500000 88.289564 -34.789564
v -2.291667 88.289564 -34.789564
v -2.083333 88.289564 -34.789564
v -1.875000 88.289564 -34.789564
v -1.666667 88.289564 -34.789564
v -1.458333 88.289564 -34.789564
v -1.250000 88.289564 -34.789564
v -1.041667 88.289564 -34.789564
v -0.833333 88.289564 -34.789564
v -0.625000 88.289564 -34.789564
v -0.416667 88.289564 -34.789564
v -0.208333 88.289564 -34.789564
v 0.000000 88.289564 -34.789564
v 0.208333 88.289564 -34.789564
v 0.416667 88.289564 -34.789564
v 0.625000 88.289564 -34.789564
v 0.833333 88.289564 -34.789564
v 1.041667 88.289564 -34.789564
v 1.250000 88.289564 -34.789564
v 1.458333 88.289564 -34.789564
v 1.666667 88.289564 -34.789564
v 1.875000 88.289564 -34.789564
v 2.083333 88.289564 -34.789564
v 2.291667 88.289564 -34.789564
v 2.500000 88.289564 -34.789564
v 2.708333 88.289564 -34.789564
v 2.916667 88.289564 -34.789564
v 3.125000 88.289564 -34.789564
v 3.333333 88.289564 -34.789564
v 3.541667 88.289564 -34.789564
v 3.750000 88.289564 -34.789564
v 3.958333 88.289564 -34.789564
v 4.166667 88.289564 -34.789564
v 4.375000 88.289564 -34.789564
v 4.583333 88.289564 -34.789564
v 4.791667 88.289564 -34.789564
v 5.000000 88.289564 -34.789564
v -5.000000 79.592173 -26.092173
v -4.791667 79.592173 -26.092173
v -4.583333 79.592173 -26.092173
v -4.375000 79.592173 -26.092173
v -4.166667 79.592173 -26.092173
v -3.958333 79.592173 -26.092173
v -3.750000 79.592173 -26.092173
v -3.541667 79.592173 -26.092173
v -3.333333 79.592173 -26.092173
v -3.125000 79.592173 -26.092173
v -2.916667 79.592173 -26.092173
v -2.708333 79.592173 -26.092173
v -2.500000 79.592173 -26.092173
v -2.291667 79.592173 -26.092173
v -2.083333 79.592173 -26.092173
v -1.875000 79.592173 -26.092173
v -1.666667 79.592173 -26.092173
v -1.458333 79.592173 -26.092173
v -1.250000 79.592173 -26.092173
v -1.041667 79.592173 -26.092173
v -0.833333 79.592173 -26.092173
v -0.625000 79.592173 -26.092173
v -0.416667 79.592173 -26.092173
v -0.208333 79.592173 -26.092173
v 0.000000 79.592173 -26.092173
v 0.208333 79.592173 -26.092173
v 0.416667 79.592173 -26.092173
v 0.625000 79.592173 -26.092173
v 0.833333 79.592173 -26.092173
v 1.041667 79.592173 -26.092173
v 1.250000 79.592173 -26.092173
v 1.458333 79.592173 -26.092173
v 1.666667 79.592173 -26.092173
v 1.875000 79.592173 -26.092173
v 2.083333 79.592173 -26.092173
v 2.291667 79.592173 -26.092173
v 2.500000 79.592173 -26.092173
v 2.708333 79.592173 -26.092173
v 2.916667 79.592173 -26.092173
v 3.125000 79.592173 -26.092173
v 3.333333 79.592173 -26.092173
v 3.541667 79.592173 -26.092173
v 3.750000 79.592173 -26.092173
v 3.958333 79.592173 -26.092173
v 4.166667 79.592173 -26.092173
v 4.375000 79.592173 -26.092173
v 4.583333 79.592173 -26.092173
v 4.791667 79.592173 -26.092173
v 5.000000 79.592173 -26.092173
v -5.000000 70.894782 -17.394782
v -4.791667 70.894782 -17.394782
v -4.583333 70.894782 -17.394782
v -4.375000 70.894782 -17.394782
v -4.166667 70.894782 -17.394782
v -3.958333 70.894782 -17.394782
v -3.750000 70.894782 -17.394782
v -3.541667 70.894782 -17.394782
v -3.333333 70.894782 -17.394782
v -3.125000 70.894782 -17.394782
v -2.916667 70.894782 -17.394782
v -2.708333 70.894782 -17.394782
v -2.500000 70.894782 -17.394782
v -2.291667 70.894782 -17.394782
v -2.083333 70.894782 -17.394782
v -1.875000 70.894782 -17.394782
v -1.666667 70.894782 -17.394782
v -1.458333 70.894782 -17.394782
v -1.250000 70.894782 -17.394782
v -1.041667 70.894782 -17.394782
v -0.833333 70.894782 -17.394782
v -0.625000 70.894782 -17.394782
v -0.416667 70.894782 -17.394782
v -0.208333 70.894782 -17.394782
v 0.000000 70.894782 -17.394782
v 0.208333 70.894782 -17.394782
v 0.416667 70.894782 -17.394782
v 0.625000 70.894782 -17.394782
v 0.833333 70.894782 -17.394782
v 1.041667 70.894782 -17.394782
v 1.250000 70.894782 -17.394782
v 1.458333 70.894782 -17.394782
v 1.666667 70.894782 -17.394782
v 1.875000 70.894782 -17.394782
v 2.083333 70.894782 -17.394782
v 2.291667 70.894782 -17.394782
v 2.500000 70.894782 -17.394782
v 2.708333 70.894782 -17.394782
v 2.916667 70.894782 -17.394782
v 3.125000 70.894782 -17.394782
v 3.333333 70.894782 -17.394782
v 3.541667 70.894782 -17.394782
v 3.750000 70.894782 -17.394782
v 3.958333 70.894782 -17.394782
v 4.166667 70.894782 -17.394782
v 4.375000 70.894782 -17.394782
v 4.583333 70.894782 -17.394782
v 4.791667 70.894782 -17.394782
v 5.000000 70.894782 -17.394782
v -5.000000 62.197391 -8.697391
v -4.791667 62.197391 -8.697391
v -4.583333 62.197391 -8.697391
v -4.375000 62.197391 -8.697391
v -4.166667 62.197391 -8.697391
v -3.958333 62.197391 -8.697391
v -3.750000 62.197391 -8.697391
v -3.541667 62.197391 -8.697391
v -3.333333 62.197391 -8.697391
v -3.125000 62.197391 -8.697391
v -2.916667 62.197391 -8.697391
v -2.708333 62.197391 -8.697391
v -2.500000 62.197391 -8.697391
v -2.291667 62.197391 -8.697391
v -2.083333 62.197391 -8.697391
v -1.875000 62.197391 -8.697391
v -1.666667 62.197391 -8.697391
v -1.458333 62.197391 -8.697391
v -1.250000 62.197391 -8.697391
v -1.041667 62.197391 -8.697391
v -0.833333 62.197391 -8.697391
v -0.625000 62.197391 -8.697391
v -0.416667 62.197391 -8.697391
v -0.208333 62.197391 -8.697391
v 0.000000 62.197391 -8.697391
v 0.208333 62.197391 -8.697391
v 0.416667 62.197391 -8.697391
v 0.625000 62.197391 -8.697391
v 0.833333 62.197391 -8.697391
v 1.041667 62.197391 -8.697391
v 1.250000 62.197391 -8.697391
v 1.458333 62.197391 -8.697391
v 1.666667 62.197391 -8.697391
v 1.875000 62.197391 -8.697391
v 2.083333 62.197391 -8.697391
v 2.291667 62.197391 -8.697391
v 2.500000 62.197391 -8.697391
v 2.708333 62.197391 -8.697391
v 2.916667 62.197391 -8.697391
v 3.125000 62.197391 -8.697391
v 3.333333 62.197391 -8.697391
v 3.541667 62.197391 -8.697391
v 3.750000 62.197391 -8.697391
v 3.958333 62.197391 -8.697391
v 4.166667 62.197391 -8.697391
v 4.375000 62.197391 -8.697391
v 4.583333 62.197391 -8.697391
v 4.791667 62.197391 -8.697391
v 5.000000 62.197391 -8.697391
v -5.000000 53.500000 0.000000
v -4.791667 53.500000 0.000000
v -4.583333 53.500000 0.000000
v -4.375000 53.500000 0.000000
v -4.166667 53.500000 0.000000
v -3.958333 53.500000 0.000000
v -3.750000 53.500000 0.000000
v -3.541667 53.500000 0.000000
v -3.333333 53.500000 0.000000
v -3.125000 53.500000 0.000000
v -2.916667 53.500000 0.000000
v -2.708333 53.500000 0.000000
v -2.500000 53.500000 0.000000
v -2.291667 53.500000 0.000000
v -2.083333 53.500000 0.000000
v -1.875000 53.500000 0.000000
v -1.666667 53.500000 0.000000
v -1.458333 53.500000 0.000000
v -1.250000 53.500000 0.000000
v -1.041667 53.500000 0.000000
v -0.833333 53.500000 0.000000
v -0.625000 53.500000 0.000000
v -0.416667 53.500000 0.000000
v -0.208333 53.500000 0.000000
v 0.000000 53.500000 0.000000
v 0.208333 53.500000 0.000000
v 0.416667 53.500000 0.000000
v 0.625000 53.500000 0.000000
v 0.833333 53.500000 0.000000
v 1.041667 53.500000 0.000000
v 1.250000 53.500000 0.000000
v 1.458333 53.500000 0.000000
v 1.666667 53.500000 0.000000
v 1.875000 53.500000 0.000000
v 2.083333 53.500000 0.000000
v 2.291667 53.500000 0.000000
v 2.500000 53.500000 0.000000
v 2.708333 53.500000 0.000000
v 2.916667 53.500000 0.000000
v 3.125000 53.500000 0.000000
v 3.333333 53.500000 0.000000
v 3.541667 53.500000 0.000000
v 3.750000 53.500000 0.000000
v 3.958333 53.500000 0.000000
v 4.166667 53.500000 0.000000
v 4.375000 53.500000 0.000000
v 4.583333 53.500000 0.000000
v 4.791667 53.500000 0.000000
v 5.000000 53.500000 0.000000
v -5.000000 44.802609 8.697391
v -4.791667 44.802609 8.697391
v -4.583333 44.802609 8.697391
v -4.375000 44.802609 8.697391
v -4.166667 44.802609 8.697391
v -3.958333 44.802609 8.697391
v -3.750000 44.802609 8.697391
v -3.541667 44.802609 8.697391
v -3.333333 44.802609 8.697391
v -3.125000 44.802609 8.697391
v -2.916667 44.802609 8.697391
v -2.708333 44.802609 8.697391
v -2.500000 44.802609 8.697391
v -2.291667 44.802609 8.697391
v -2.083333 44.802609 8.697391
v -1.875000 44.802609 8.697391
v -1.666667 44.802609 8.697391
v -1.458333 44.802609 8.697391
v -1.250000 44.802609 8.697391
v -1.041667 44.802609 8.697391
v -0.833333 44.802609 8.697391
v -0.625000 44.802609 8.697391
v -0.416667 44.802609 8.697391
v -0.208333 44.802609 8.697391
v 0.000000 44.802609 8.697391
v 0.208333 44.802609 8.697391
v 0.416667 44.802609 8.697391
v 0.625000 44.802609 8.697391
v 0.833333 44.802609 8.697391
v 1.041667 44.802609 8.697391
v 1.250000 44.802609 8.697391
v 1.458333 44.802609 8.697391
v 1.666667 44.802609 8.697391
v 1.875000 44.802609 8.697391
v 2.083333 44.802609 8.697391
v 2.291667 44.802609 8.697391
v 2.500000 44.802609 8.697391
v 2.708333 44.802609 8.697391
v 2.916667 44.802609 8.697391
v 3.125000 44.802609 8.697391
v 3.333333 44.802609 8.697391
v 3.541667 44.802609 8.697391
v 3.750000 44.802609 8.697391
v 3.958333 44.802609 8.697391
v 4.166667 44.802609 8.697391
v 4.375000 44.802609 8.697391
v 4.583333 44.802609 8.697391
v 4.791667 44.802609 8.697391
v 5.000000 44.802609 8.697391
v -5.000000 36.105218 17.394782
v -4.791667 36.105218 17.394782
v -4.583333 36.105218 17.394782
v -4.375000 36.105218 17.394782
v -4.166667 36.105218 17.394782
v -3.958333 36.105218 17.394782
v -3.750000 36.105218 17.394782
v -3.541667 36.105218 17.394782
v -3.333333 36.105218 17.394782
v -3.125000 36.105218 17.394782
v -2.916667 36.105218 17.394782
v -2.708333 36.105218 17.394782
v -2.500000 36.105218 17.394782
v -2.291667 36.105218 17.394782
v -2.083333 36.105218 17.394782
v -1.875000 36.105218 17.394782
v -1.666667 36.105218 17.394782
v -1.458333 36.105218 17.394782
v -1.250000 36.105218 17.394782
v -1.041667 36.105218 17.394782
v -0.833333 36.105218 17.394782
v -0.625000 36.105218 17.394782
v -0.416667 36.105218 17.394782
v -0.208333 36.105218 17.394782
v 0.000000 36.105218 17.394782
v 0.208333 36.105218 17.394782
v 0.416667 36.105218 17.394782
v 0.625000 36.105218 17.394782
v 0.833333 36.105218 17.394782
v 1.041667 36.105218 17.394782
v 1.250000 36.105218 17.394782
v 1.458333 36.105218 17.394782
v 1.666667 36.105218 17.394782
v 1.875000 36.105218 17.394782
v 2.083333 36.105218 17.394782
v 2.291667 36.105218 17.394782
v 2.500000 36.105218 17.394782
v 2.708333 36.105218 17.394782
v 2.916667 36.105218 17.394782
v 3.125000 36.105218 17.394782
v 3.333333 36.105218 17.394782
v 3.541667 36.105218 17.394782
v 3.750000 36.105218 17.394782
v 3.958333 36.105218 17.394782
v 4.166667 36.105218 17.394782
v 4.375000 36.105218 17.394782
v 4.583333 36.105218 17.394782
v 4.791667 36.105218 17.394782
v 5.000000 36.105218 17.394782
v -5.000000 27.407827 26.092173
v -4.791667 27.407827 26.092173
v -4.583333 27.407827 26.092173
v -4.375000 27.407827 26.092173
v -4.166667 27.407827 26.092173
v -3.958333 27.407827 26.092173
v -3.750000 27.407827 26.092173
v -3.541667 27.407827 26.092173
v -3.333333 27.407827 26.092173
v -3.125000 27.407827 26.092173
v -2.916667 27.407827 26.092173
v -2.708333 27.407827 26.092173
v -2.500000 27.407827 26.092173
v -2.291667 27.407827 26.092173
v -2.083333 27.407827 26.092173
v -1.875000 27.407827 26.092173
v -1.666667 27.407827 26.092173
v -1.458333 27.407827 26.092173
v -1.250000 27.407827 26.092173
v -1.041667 27.407827 26.092173
v -0.833333 27.407827 26.092173
v -0.625000 27.407827 26.092173
v -0.416667 27.407827 26.092173
v -0.208333 27.407827 26.092173
v 0.000000 27.407827 26.092173
v 0.208333 27.407827 26.092173
v 0.416667 27.407827 26.092173
v 0.625000 27.407827 26.092173
v 0.833333 27.407827 26.092173
v 1.041667 27.407827 26.092173
v 1.250000 27.407827 26.092173
v 1.458333 27.407827 26.092173
v 1.666667 27.407827 26.092173
v 1.875000 27.407827 26.092173
v 2.083333 27.407827 26.092173
v 2.291667 27.407827 26.092173
v 2.500000 27.407827 26.092173
v 2.708333 27.407827 26.092173
v 2.916667 27.407827 26.092173
v 3.125000 27.407827 26.092173
v 3.333333 27.407827 26.092173
v 3.541667 27.407827 26.092173
v 3.750000 27.407827 26.092173
v 3.958333 27.407827 26.092173
v 4.166667 27.407827 26.092173
v 4.375000 27.407827 26.092173
v 4.583333 27.407827 26.092173
v 4.791667 27.407827 26.092173
v 5.000000 27.407827 26.092173
v -5.000000 18.710436 34.789564
v -4.791667 18.710436 34.789564
v -4.583333 18.710436 34.789564
v -4.375000 18.710436 34.789564
v -4.166667 18.710436 34.789564
v -3.958333 18.710436 34.789564
v -3.750000 18.710436 34.789564
v -3.541667 18.710436 34.789564
v -3.333333 18.710436 34.789564
v -3.125000 18.710436 34.789564
v -2.916667 18.710436 34.789564
v -2.708333 18.710436 34.789564
v -2.500000 18.710436 34.789564
v -2.291667 18.710436 34.789564
v -2.083333 18.710436 34.789564
v -1.875000 18.710436 34.789564
v -1.666667 18.710436 34.789564
v -1.458333 18.710436 34.789564
v -1.250000 18.710436 34.789564
v -1.041667 18.710436 34.789564
v -0.833333 18.710436 34.789564
v -0.625000 18.710436 34.789564
v -0.416667 18.710436 34.789564
v -0.208333 18.710436 34.789564
v 0.000000 18.710436 34.789564
v 0.208333 18.710436 34.789564
v 0.416667 18.710436 34.789564
v 0.625000 18.710436 34.789564
v 0.833333 18.710436 34.789564
v 1.041667 18.710436 34.789564
v 1.250000 18.710436 34.789564
v 1.458333 18.710436 34.789564
v 1.666667 18.710436 34.789564
v 1.875000 18.710436 34.789564
v 2.083333 18.710436 34.789564
v 2.291667 18.710436 34.789564
v 2.500000 18.710436 34.789564
v 2.708333 18.710436 34.789564
v 2.916667 18.710436 34.789564
v 3.125000 18.710436 34.789564
v 3.333333 18.710436 34.789564
v 3.541667 18.710436 34.789564
v 3.750000 18.710436 34.789564
v 3.958333 18.710436 34.789564
v 4.166667 18.710436 34.789564
v 4.375000 18.710436 34.789564
v 4.583333 18.710436 34.789564
v 4.791667 18.710436 34.789564
v 5.000000 18.710436 34.789564
v -5.000000 10.013045 43.486955
v -4.791667 10.013045 43.486955
v -4.583333 10.013045 43.486955
v -4.375000 10.013045 43.486955
v -4.166667 10.013045 43.486955
v -3.958333 10.013045 43.486955
v -3.750000 10.013045 43.486955
v -3.541667 10.013045 43.486955
v -3.333333 10.013045 43.486955
v -3.125000 10.013045 43.486955
v -2.916667 10.013045 43.486955
v -2.708333 10.013045 43.486955
v -2.500000 10.013045 43.486955
v -2.291667 10.013045 43.486955
v -2.083333 10.013045 43.486955
v -1.875000 10.013045 43.486955
v -1.666667 10.013045 43.486955
v -1.458333 10.013045 43.486955
v -1.250000 10.013045 43.486955
v -1.041667 10.013045 43.486955
v -0.833333 10.013045 43.486955
v -0.625000 10.013045 43.486955
v -0.416667 10.013045 43.486955
v -0.208333 10.013045 43.486955
v 0.000000 10.013045 43.486955
v 0.208333 10.013045 43.486955
v 0.416667 10.013045 43.486955
v 0.625000 10.013045 43.486955
v 0.833333 10.013045 43.486955
v 1.041667 10.013045 43.486955
v 1.250000 10.013045 43.486955
v 1.458333 10.013045 43.486955
v 1.666667 10.013045 43.486955
v 1.875000 10.013045 43.486955
v 2.083333 10.013045 43.486955
v 2.291667 10.013045 43.486955
v 2.500000 10.013045 43.486955
v 2.708333 10.013045 43.486955
v 2.916667 10.013045 43.486955
v 3.125000 10.013045 43.486955
v 3.333333 10.013045 43.486955
v 3.541667 10.013045 43.486955
v 3.750000 10.013045 43.486955
v 3.958333 10.013045 43.486955
v 4.166667 10.013045 43.486955
v 4.375000 10.013045 43.486955
v 4.583333 10.013045 43.486955
v 4.791667 10.013045 43.486955
v 5.000000 10.013045 43.486955
v -5.000000 1.315654 52.184346
v -4.791667 1.315654 52.184346
v -4.583333 1.315654 52.184346
v -4.375000 1.315654 52.184346
v -4.166667 1.315654 52.184346
v -3.958333 1.315654 52.184346
v -3.750000 1.315654 52.184346
v -3.541667 1.315654 52.184346
v -3.333333 1.315654 52.184346
v -3.125000 1.315654 52.184346
v -2.916667 1.315654 52.184346
v -2.708333 1.315654 52.184346
v -2.500000 1.315654 52.184346
v -2.291667 1.315654 52.184346
v -2.083333 1.315654 52.184346
v -1.875000 1.315654 52.184346
v -1.666667 1.315654 52.184346
v -1.458333 1.315654 52.184346
v -1.250000 1.315654 52.184346
v -1.041667 1.315654 52.184346
v -0.833333 1.315654 52.184346
v -0.625000 1.315654 52.184346
v -0.416667 1.315654 52.184346
v -0.208333 1.315654 52.184346
v 0.000000 1.315654 52.184346
v 0.208333 1.315654 52.184346
v 0.416667 1.315654 52.184346
v 0.625000 1.315654 52.184346
v 0.833333 1.315654 52.184346
v 1.041667 1.315654 52.184346
v 1.250000 1.315654 52.184346
v 1.458333 1.315654 52.184346
v 1.666667 1.315654 52.184346
v 1.875000 1.315654 52.184346
v 2.083333 1.315654 52.184346
v 2.291667 1.315654 52.184346
v 2.500000 1.315654 52.184346
v 2.708333 1.315654 52.184346
v 2.916667 1.315654 52.184346
v 3.125000 1.315654 52.184346
v 3.333333 1.315654 52.184346
v 3.541667 1.315654 52.184346
v 3.750000 1.315654 52.184346
v 3.958333 1.315654 52.184346
v 4.166667 1.315654 52.184346
v 4.375000 1.315654 52.184346
v 4.583333 1.315654 52.184346
v 4.791667 1.315654 52.184346
v 5.000000 1.315654 52.184346
v -5.000000 -7.381737 60.881737
v -4.791667 -7.381737 60.881737
v -4.583333 -7.381737 60.881737
v -4.375000 -7.381737 60.881737
v -4.166667 -7.381737 60.881737
v -3.958333 -7.381737 60.881737
v -3.750000 -7.381737 60.881737
v -3.541667 -7.381737 60.881737
v -3.333333 -7.381737 60.881737
v -3.125000 -7.381737 60.881737
v -2.916667 -7.381737 60.881737
v -2.708333 -7.381737 60.881737
v -2.500000 -7.381737 60.881737
v -2.291667 -7.381737 60.881737
v -2.083333 -7.381737 60.881737
v -1.875000 -7.381737 60.881737
v -1.666667 -7.381737 60.881737
v -1.458333 -7.381737 60.881737
v -1.250000 -7.381737 60.881737
v -1.041667 -7.381737 60.881737
v -0.833333 -7.381737 60.881737
v -0.625000 -7.381737 60.881737
v -0.416667 -7.381737 60.881737
v -0.208333 -7.381737 60.881737
v 0.000000 -7.381737 60.881737
v 0.208333 -7.381737 60.881737
v 0.416667 -7.381737 60.881737
v 0.625000 -7.381737 60.881737
v 0.833333 -7.381737 60.881737
v 1.041667 -7.381737 60.881737
v 1.250000 -7.381737 60.881737
v 1.458333 -7.381737 60.881737
v 1.666667 -7.381737 60.881737
v 1.875000 -7.381737 60.881737
v 2.083333 -7.381737 60.881737
v 2.291667 -7.381737 60.881737
v 2.500000 -7.381737 60.881737
v 2.708333 -7.381737 60.881737
v 2.916667 -7.381737 60.881737
v 3.125000 -7.381737 60.881737
v 3.333333 -7.381737 60.881737
v 3.541667 -7.381737 60.881737
v 3.750000 -7.381737 60.881737
v 3.958333 -7.381737 60.881737
v 4.166667 -7.381737 60.881737
v 4.375000 -7.381737 60.881737
v 4.583333 -7.381737 60.881737
v 4.791667 -7.381737 60.881737
v 5.000000 -7.381737 60.881737
v -5.000000 -16.079128 69.579128
v -4.791667 -16.079128 69.579128
v -4.583333 -16.079128 69.579128
v -4.375000 -16.079128 69.579128
v -4.166667 -16.079128 69.579128
v -3.958333 -16.079128 69.579128
v -3.750000 -16.079128 69.579128
v -3.541667 -16.079128 69.579128
v -3.333333 -16.079128 69.579128
v -3.125000 -16.079128 69.579128
v -2.916667 -16.079128 69.579128
v -2.708333 -16.079128 69.579128
v -2.500000 -16.079128 69.579128
v -2.291667 -16.079128 69.579128
v -2.083333 -16.079128 69.579128
v -1.875000 -16.079128 69.579128
v -1.666667 -16.079128 69.579128
v -1.458333 -16.079128 69.579128
v -1.250000 -16.079128 69.579128
v -1.041667 -16.079128 69.579128
v -0.833333 -16.079128 69.579128
v -0.625000 -16.079128 69.579128
v -0.416667 -16.079128 69.579128
v -0.208333 -16.079128 69.579128
v 0.000000 -16.079128 69.579128
v 0.208333 -16.079128 69.579128
v 0.416667 -16.079128 69.579128
v 0.625000 -16.079128 69.579128
v 0.833333 -16.079128 69.579128
v 1.041667 -16.079128 69.579128
v 1.250000 -16.079128 69.579128
v 1.458333 -16.079128 69.579128
v 1.666667 -16.079128 69.579128
v 1.875000 -16.079128 69.579128
v 2.083333 -16.079128 69.579128
v 2.291667 -16.079128 69.579128
v 2.500000 -16.079128 69.579128
v 2.708333 -16.079128 69.579128
v 2.916667 -16.079128 69.579128
v 3.125000 -16.079128 69.579128
v 3.333333 -16.079128 69.579128
v 3.541667 -16.079128 69.579128
v 3.750000 -16.079128 69.579128
v 3.958333 -16.079128 69.579128
v 4.166667 -16.079128 69.579128
v 4.375000 -16.079128 69.579128
v 4.583333 -16.079128 69.579128
v 4.791667 -16.079128 69.579128
v 5.000000 -16.079128 69.579128
v -5.000000 -20.000000 78.276518
v -4.791667 -20.000000 78.276518
v -4.583333 -20.000000 78.276518
v -4.375000 -20.000000 78.276518
v -4.166667 -20.000000 78.276518
v -3.958333 -20.000000 78.276518
v -3.750000 -20.000000 78.276518
v -3.541667 -20.000000 78.276518
v -3.333333 -20.000000 78.276518
v -3.125000 -20.000000 78.276518
v -2.916667 -20.000000 78.276518
v -2.708333 -20.000000 78.276518
v -2.500000 -20.000000 78.276518
v -2.291667 -20.000000 78.276518
v -2.083333 -20.000000 78.276518
v -1.875000 -20.000000 78.276518
v -1.666667 -20.000000 78.276518
v -1.458333 -20.000000 78.276518
v -1.250000 -20.000000 78.276518
v -1.041667 -20.000000 78.276518
v -0.833333 -20.000000 78.276518
v -0.625000 -20.000000 78.276518
v -0.416667 -20.000000 78.276518
v -0.208333 -20.000000 78.276518
v 0.000000 -20.000000 78.276518
v 0.208333 -20.000000 78.276518
v 0.416667 -20.000000 78.276518
v 0.625000 -20.000000 78.276518
v 0.833333 -20.000000 78.276518
v 1.041667 -20.000000 78.276518
v 1.250000 -20.000000 78.276518
v 1.458333 -20.000000 78.276518
v 1.666667 -20.000000 78.276518
v 1.875000 -20.000000 78.276518
v 2.083333 -20.000000 78.276518
v 2.291667 -20.000000 78.276518
v 2.500000 -20.000000 78.276518
v 2.708333 -20.000000 78.276518
v 2.916667 -20.000000 78.276518
v 3.125000 -20.000000 78.276518
v 3.333333 -20.000000 78.276518
v 3.541667 -20.000000 78.276518
v 3.750000 -20.000000 78.276518
v 3.958333 -20.000000 78.276518
v 4.166667 -20.000000 78.276518
v 4.375000 -20.000000 78.276518
v 4.583333 -20.000000 78.276518
v 4.791667 -20.000000 78.276518
v 5.000000 -20.000000 78.276518
v -5.000000 -20.000000 86.973909
v -4.791667 -20.000000 86.973909
v -4.583333 -20.000000 86.973909
v -4.375000 -20.000000 86.973909
v -4.166667 -20.000000 86.973909
v -3.958333 -20.000000 86.973909
v -3.750000 -20.000000 86.973909
v -3.541667 -20.000000 86.973909
v -3.333333 -20.000000 86.973909
v -3.125000 -20.000000 86.973909
v -2.916667 -20.000000 86.973909
v -2.708333 -20.000000 86.973909
v -2.500000 -20.000000 86.973909
v -2.291667 -20.000000 86.973909
v -2.083333 -20.000000 86.973909
v -1.875000 -20.000000 86.973909
v -1.666667 -20.000000 86.973909
v -1.458333 -20.000000 86.973909
v -1.250000 -20.000000 86.973909
v -1.041667 -20.000000 86.973909
v -0.833333 -20.000000 86.973909
v -0.625000 -20.000000 86.973909
v -0.416667 -20.000000 86.973909
v -0.208333 -20.000000 86.973909
v 0.000000 -20.000000 86.973909
v 0.208333 -20.000000 86.973909
v 0.416667 -20.000000 86.973909
v 0.625000 -20.000000 86.973909
v 0.833333 -20.000000 86.973909
v 1.041667 -20.000000 86.973909
v 1.250000 -20.000000 86.973909
v 1.458333 -20.000000 86.973909
v 1.666667 -20.000000 86.973909
v 1.875000 -20.000000 86.973909
v 2.083333 -20.000000 86.973909
v 2.291667 -20.000000 86.973909
v 2.500000 -20.000000 86.973909
v 2.708333 -20.000000 86.973909
v 2.916667 -20.000000 86.973909
v 3.125000 -20.000000 86.973909
v 3.333333 -20.000000 86.973909
v 3.541667 -20.000000 86.973909
v 3.750000 -20.000000 86.973909
v 3.958333 -20.000000 86.973909
v 4.166667 -20.000000 86.973909
v 4.375000 -20.000000 86.973909
v 4.583333 -20.000000 86.973909
v 4.791667 -20.000000 86.973909
v 5.000000 -20.000000 86.973909
v -5.000000 -20.000000 95.671300
v -4.791667 -20.000000 95.671300
v -4.583333 -20.000000 95.671300
v -4.375000 -20.000000 95.671300
v -4.166667 -20.000000 95.671300
v -3.958333 -20.000000 95.671300
v -3.750000 -20.000000 95.671300
v -3.541667 -20.000000 95.671300
v -3.333333 -20.000000 95.671300
v -3.125000 -20.000000 95.671300
v -2.916667 -20.000000 95.671300
v -2.708333 -20.000000 95.671300
v -2.500000 -20.000000 95.671300
v -2.291667 -20.000000 95.671300
v -2.083333 -20.000000 95.671300
v -1.875000 -20.000000 95.671300
v -1.666667 -20.000000 95.671300
v -1.458333 -20.000000 95.671300
v -1.250000 -20.000000 95.671300
v -1.041667 -20.000000 95.671300
v -0.833333 -20.000000 95.671300
v -0.625000 -20.000000 95.671300
v -0.416667 -20.000000 95.671300
v -0.208333 -20.000000 95.671300
v 0.000000 -20.000000 95.671300
v 0.208333 -20.000000 95.671300
v 0.416667 -20.000000 95.671300
v 0.625000 -20.000000 95.671300
v 0.833333 -20.000000 95.671300
v 1.041667 -20.000000 95.671300
v 1.250000 -20.000000 95.671300
v 1.458333 -20.000000 95.671300
v 1.666667 -20.000000 95.671300
v 1.875000 -20.000000 95.671300
v 2.083333 -20.000000 95.671300
v 2.291667 -20.000000 95.671300
v 2.500000 -20.000000 95.671300
v 2.708333 -20.000000 95.671300
v 2.916667 -20.000000 95.671300
v 3.125000 -20.000000 95.671300
v 3.333333 -20.000000 95.671300
v 3.541667 -20.000000 95.671300
v 3.750000 -20.000000 95.671300
v 3.958333 -20.000000 95.671300
v 4.166667 -20.000000 95.671300
v 4.375000 -20.000000 95.671300
v 4.583333 -20.000000 95.671300
v 4.791667 -20.000000 95.671300
v 5.000000 -20.000000 95.671300
v -5.000000 -20.000000 104.368691
v -4.791667 -20.000000 104.368691
v -4.583333 -20.000000 104.368691
v -4.375000 -20.000000 104.368691
v -4.166667 -20.000000 104.368691
v -3.958333 -20.000000 104.368691
v -3.750000 -20.000000 104.368691
v -3.541667 -20.000000 104.368691
v -3.333333 -20.000000 104.368691
v -3.125000 -20.000000 104.368691
v -2.916667 -20.000000 104.368691
v -2.708333 -20.000000 104.368691
v -2.500000 -20.000000 104.368691
v -2.291667 -20.000000 104.368691
v -2.083333 -20.000000 104.368691
v -1.875000 -20.000000 104.368691
v -1.666667 -20.000000 104.368691
v -1.458333 -20.000000 104.368691
v -1.250000 -20.000000 104.368691
v -1.041667 -20.000000 104.368691
v -0.833333 -20.000000 104.368691
v -0.625000 -20.000000 104.368691
v -0.416667 -20.000000 104.368691
v -0.208333 -20.000000 104.368691
v 0.000000 -20.000000 104.368691
v 0.208333 -20.000000 104.368691
v 0.416667 -20.000000 104.368691
v 0.625000 -20.000000 104.368691
v 0.833333 -20.000000 104.368691
v 1.041667 -20.000000 104.368691
v 1.250000 -20.000000 104.368691
v 1.458333 -20.000000 104.368691
v 1.666667 -20.000000 104.368691
v 1.875000 -20.000000 104.368691
v 2.083333 -20.000000 104.368691
v 2.291667 -20.000000 104.368691
v 2.500000 -20.000000 104.368691
v 2.708333 -20.000000 104.368691
v 2.916667 -20.000000 104.368691
v 3.125000 -20.000000 104.368691
v 3.333333 -20.000000 104.368691
v 3.541667 -20.000000 104.368691
v 3.750000 -20.000000 104.368691
v 3.958333 -20.000000 104.368691
v 4.166667 -20.000000 104.368691
v 4.375000 -20.000000 104.368691
v 4.583333 -20.000000 104.368691
v 4.791667 -20.000000 104.368691
v 5.000000 -20.000000 104.368691
v -5.000000 -20.000000 113.066082
v -4.791667 -20.000000 113.066082
v -4.583333 -20.000000 113.066082
v -4.375000 -20.000000 113.066082
v -4.166667 -20.000000 113.066082
v -3.958333 -20.000000 113.066082
v -3.750000 -20.000000 113.066082
v -3.541667 -20.000000 113.066082
v -3.333333 -20.000000 113.066082
v -3.125000 -20.000000 113.066082
v -2.916667 -20.000000 113.066082
v -2.708333 -20.000000 113.066082
v -2.500000 -20.000000 113.066082
v -2.291667 -20.000000 113.066082
v -2.083333 -20.000000 113.066082
v -1.875000 -20.000000 113.066082
v -1.666667 -20.000000 113.066082
v -1.458333 -20.000000 113.066082
v -1.250000 -20.000000 113.066082
v -1.041667 -20.000000 113.066082
v -0.833333 -20.000000 113.066082
v -0.625000 -20.000000 113.066082
v -0.416667 -20.000000 113.066082
v -0.208333 -20.000000 113.066082
v 0.000000 -20.000000 113.066082
v 0.208333 -20.000000 113.066082
v 0.416667 -20.000000 113.066082
v 0.625000 -20.000000 113.066082
v 0.833333 -20.000000 113.066082
v 1.041667 -20.000000 113.066082
v 1.250000 -20.000000 113.066082
v 1.458333 -20.000000 113.066082
v 1.666667 -20.000000 113.066082
v 1.875000 -20.000000 113.066082
v 2.083333 -20.000000 113.066082
v 2.291667 -20.000000 113.066082
v 2.500000 -20.000000 113.066082
v 2.708333 -20.000000 113.066082
v 2.916667 -20.000000 113.066082
v 3.125000 -20.000000 113.066082
v 3.333333 -20.000000 113.066082
v 3.541667 -20.000000 113.066082
v 3.750000 -20.000000 113.066082
v 3.958333 -20.000000 113.066082
v 4.166667 -20.000000 113.066082
v 4.375000 -20.000000 113.066082
v 4.583333 -20.000000 113.066082
v 4.791667 -20.000000 113.066082
v 5.000000 -20.000000 113.066082
v -5.000000 -20.000000 121.763473
v -4.791667 -20.000000 121.763473
v -4.583333 -20.000000 121.763473
v -4.375000 -20.000000 121.763473
v -4.166667 -20.000000 121.763473
v -3.958333 -20.000000 121.763473
v -3.750000 -20.000000 121.763473
v -3.541667 -20.000000 121.763473
v -3.333333 -20.000000 121.763473
v -3.125000 -20.000000 121.763473
v -2.916667 -20.000000 121.763473
v -2.708333 -20.000000 121.763473
v -2.500000 -20.000000 121.763473
v -2.291667 -20.000000 121.763473
v -2.083333 -20.000000 121.763473
v -1.875000 -20.000000 121.763473
v -1.666667 -20.000000 121.763473
v -1.458333 -20.000000 121.763473
v -1.250000 -20.000000 121.763473
v -1.041667 -20.000000 121.763473
v -0.833333 -20.000000 121.763473
v -0.625000 -20.000000 121.763473
v -0.416667 -20.000000 121.763473
v -0.208333 -20.000000 121.763473
v 0.000000 -20.000000 121.763473
v 0.208333 -20.000000 121.763473
v 0.416667 -20.000000 121.763473
v 0.625000 -20.000000 121.763473
v 0.833333 -20.000000 121.763473
v 1.041667 -20.000000 121.763473
v 1.250000 -20.000000 121.763473
v 1.458333 -20.000000 121.763473
v 1.666667 -20.000000 121.763473
v 1.875000 -20.000000 121.763473
v 2.083333 -20.000000 121.763473
v 2.291667 -20.000000 121.763473
v 2.500000 -20.000000 121.763473
v 2.708333 -20.000000 121.763473
v 2.916667 -20.000000 121.763473
v 3.125000 -20.000000 121.763473
v 3.333333 -20.000000 121.763473
v 3.541667 -20.000000 121.763473
v 3.750000 -20.000000 121.763473
v 3.958333 -20.000000 121.763473
v 4.166667 -20.000000 121.763473
v 4.375000 -20.000000 121.763473
v 4.583333 -20.000000 121.763473
v 4.791667 -20.000000 121.763473
v 5.000000 -20.000000 121.763473
v -5.000000 -20.000000 130.460864
v -4.791667 -20.000000 130.460864
v -4.583333 -20.000000 130.460864
v -4.375000 -20.000000 130.460864
v -4.166667 -20.000000 130.460864
v -3.958333 -20.000000 130.460864
v -3.750000 -20.000000 130.460864
v -3.541667 -20.000000 130.460864
v -3.333333 -20.000000 130.460864
v -3.125000 -20.000000 130.460864
v -2.916667 -20.000000 130.460864
v -2.708333 -20.000000 130.460864
v -2.500000 -20.000000 130.460864
v -2.291667 -20.000000 130.460864
v -2.083333 -20.000000 130.460864
v -1.875000 -20.000000 130.460864
v -1.666667 -20.000000 130.460864
v -1.458333 -20.000000 130.460864
v -1.250000 -20.000000 130.460864
v -1.041667 -20.000000 130.460864
v -0.833333 -20.000000 130.460864
v -0.625000 -20.000000 130.460864
v -0.416667 -20.000000 130.460864
v -0.208333 -20.000000 130.460864
v 0.000000 -20.000000 130.460864
v 0.208333 -20.000000 130.460864
v 0.416667 -20.000000 130.460864
v 0.625000 -20.000000 130.460864
v 0.833333 -20.000000 130.460864
v 1.041667 -20.000000 130.460864
v 1.250000 -20.000000 130.460864
v 1.458333 -20.000000 130.460864
v 1.666667 -20.000000 130.460864
v 1.875000 -20.000000 130.460864
v 2.083333 -20.000000 130.460864
v 2.291667 -20.000000 130.460864
v 2.500000 -20.000000 130.460864
v 2.708333 -20.000000 130.460864
v 2.916667 -20.000000 130.460864
v 3.125000 -20.000000 130.460864
v 3.333333 -20.000000 130.460864
v 3.541667 -20.000000 130.460864
v 3.750000 -20.000000 130.460864
v 3.958333 -20.000000 130.460864
v 4.166667 -20.000000 130.460864
v 4.375000 -20.000000 130.460864
v 4.583333 -20.000000 130.460864
v 4.791667 -20.000000 130.460864
v 5.000000 -20.000000 130.460864
v -5.000000 -20.000000 139.158255
v -4.791667 -20.000000 139.158255
v -4.583333 -20.000000 139.158255
v -4.375000 -20.000000 139.158255
v -4.166667 -20.000000 139.158255
v -3.958333 -20.000000 139.158255
v -3.750000 -20.000000 139.158255
v -3.541667 -20.000000 139.158255
v -3.333333 -20.000000 139.158255
v -3.125000 -20.000000 139.158255
v -2.916667 -20.000000 139.158255
v -2.708333 -20.000000 139.158255
v -2.500000 -20.000000 139.158255
v -2.291667 -20.000000 139.158255
v -2.083333 -20.000000 139.158255
v -1.875000 -20.000000 139.158255
v -1.666667 -20.000000 139.158255
v -1.458333 -20.000000 139.158255
v -1.250000 -20.000000 139.158255
v -1.041667 -20.000000 139.158255
v -0.833333 -20.000000 139.158255
v -0.625000 -20.000000 139.158255
v -0.416667 -20.000000 139.158255
v -0.208333 -20.000000 139.158255
v 0.000000 -20.000000 139.158255
v 0.208333 -20.000000 139.158255
v 0.416667 -20.000000 139.158255
v 0.625000 -20.000000 139.158255
v 0.833333 -20.000000 139.158255
v 1.041667 -20.000000 139.158255
v 1.250000 -20.000000 139.158255
v 1.458333 -20.000000 139.158255
v 1.666667 -20.000000 139.158255
v 1.875000 -20.000000 139.158255
v 2.083333 -20.000000 139.158255
v 2.291667 -20.000000 139.158255
v 2.500000 -20.000000 139.158255
v 2.708333 -20.000000 139.158255
v 2.916667 -20.000000 139.158255
v 3.125000 -20.000000 139.158255
v 3.333333 -20.000000 139.158255
v 3.541667 -20.000000 139.158255
v 3.750000 -20.000000 139.158255
v 3.958333 -20.000000 139.158255
v 4.166667 -20.000000 139.158255
v 4.375000 -20.000000 139.158255
v 4.583333 -20.000000 139.158255
v 4.791667 -20.000000 139.158255
v 5.000000 -20.000000 139.158255
v -5.000000 -20.000000 147.855646
v -4.791667 -20.000000 147.855646
v -4.583333 -20.000000 147.855646
v -4.375000 -20.000000 147.855646
v -4.166667 -20.000000 147.855646
v -3.958333 -20.000000 147.855646
v -3.750000 -20.000000 147.855646
v -3.541667 -20.000000 147.855646
v -3.333333 -20.000000 147.855646
v -3.125000 -20.000000 147.855646
v -2.916667 -20.000000 147.855646
v -2.708333 -20.000000 147.855646
v -2.500000 -20.000000 147.855646
v -2.291667 -20.000000 147.855646
v -2.083333 -20.000000 147.855646
v -1.875000 -20.000000 147.855646
v -1.666667 -20.000000 147.855646
v -1.458333 -20.000000 147.855646
v -1.250000 -20.000000 147.855646
v -1.041667 -20.000000 147.855646
v -0.833333 -20.000000 147.855646
v -0.625000 -20.000000 147.855646
v -0.416667 -20.000000 147.855646
v -0.208333 -20.000000 147.855646
v 0.000000 -20.000000 147.855646
v 0.208333 -20.000000 147.855646
v 0.416667 -20.000000 147.855646
v 0.625000 -20.000000 147.855646
v 0.833333 -20.000000 147.855646
v 1.041667 -20.000000 147.855646
v 1.250000 -20.000000 147.855646
v 1.458333 -20.000000 147.855646
v 1.666667 -20.000000 147.855646
v 1.875000 -20.000000 147.855646
v 2.083333 -20.000000 147.855646
v 2.291667 -20.000000 147.855646
v 2.500000 -20.000000 147.855646
v 2.708333 -20.000000 147.855646
v 2.916667 -20.000000 147.855646
v 3.125000 -20.000000 147.855646
v 3.333333 -20.000000 147.855646
v 3.541667 -20.000000 147.855646
v 3.750000 -20.000000 147.855646
v 3.958333 -20.000000 147.855646
v 4.166667 -20.000000 147.855646
v 4.375000 -20.000000 147.855646
v 4.583333 -20.000000 147.855646
v 4.791667 -20.000000 147.855646
v 5.000000 -20.000000 147.855646
v -5.000000 -20.000000 156.553037
v -4.791667 -20.000000 156.553037
v -4.583333 -20.000000 156.553037
v -4.375000 -20.000000 156.553037
v -4.166667 -20.000000 156.553037
v -3.958333 -20.000000 156.553037
v -3.750000 -20.000000 156.553037
v -3.541667 -20.000000 156.553037
v -3.333333 -20.000000 156.553037
v -3.125000 -20.000000 156.553037
v -2.916667 -20.000000 156.553037
v -2.708333 -20.000000 156.553037
v -2.500000 -20.000000 156.553037
v -2.291667 -20.000000 156.553037
v -2.083333 -20.000000 156.553037
v -1.875000 -20.000000 156.553037
v -1.666667 -20.000000 156.553037
v -1.458333 -20.000000 156.553037
v -1.250000 -20.000000 156.553037
v -1.041667 -20.000000 156.553037
v -0.833333 -20.000000 156.553037
v -0.625000 -20.000000 156.553037
v -0.416667 -20.000000 156.553037
v -0.208333 -20.000000 156.553037
v 0.000000 -20.000000 156.553037
v 0.208333 -20.000000 156.553037
v 0.416667 -20.000000 156.553037
v 0.625000 -20.000000 156.553037
v 0.833333 -20.000000 156.553037
v 1.041667 -20.000000 156.553037
v 1.250000 -20.000000 156.553037
v 1.458333 -20.000000 156.553037
v 1.666667 -20.000000 156.553037
v 1.875000 -20.000000 156.553037
v 2.083333 -20.000000 156.553037
v 2.291667 -20.000000 156.553037
v 2.500000 -20.000000 156.553037
v 2.708333 -20.000000 156.553037
v 2.916667 -20.000000 156.553037
v 3.125000 -20.000000 156.553037
v 3.333333 -20.000000 156.553037
v 3.541667 -20.000000 156.553037
v 3.750000 -20.000000 156.553037
v 3.958333 -20.000000 156.553037
v 4.166667 -20.000000 156.553037
v 4.375000 -20.000000 156.553037
v 4.583333 -20.000000 156.553037
v 4.791667 -20.000000 156.553037
v 5.000000 -20.000000 156.553037
v -5.000000 -20.000000 165.250428
v -4.791667 -20.000000 165.250428
v -4.583333 -20.000000 165.250428
v -4.375000 -20.000000 165.250428
v -4.166667 -20.000000 165.250428
v -3.958333 -20.000000 165.250428
v -3.750000 -20.000000 165.250428
v -3.541667 -20.000000 165.250428
v -3.333333 -20.000000 165.250428
v -3.125000 -20.000000 165.250428
v -2.916667 -20.000000 165.250428
v -2.708333 -20.000000 165.250428
v -2.500000 -20.000000 165.250428
v -2.291667 -20.000000 165.250428
v -2.083333 -20.000000 165.250428
v -1.875000 -20.000000 165.250428
v -1.666667 -20.000000 165.250428
v -1.458333 -20.000000 165.250428
v -1.250000 -20.000000 165.250428
v -1.041667 -20.000000 165.250428
v -0.833333 -20.000000 165.250428
v -0.625000 -20.000000 165.250428
v -0.416667 -20.000000 165.250428
v -0.208333 -20.000000 165.250428
v 0.000000 -20.000000 165.250428
v 0.208333 -20.000000 165.250428
v 0.416667 -20.000000 165.250428
v 0.625000 -20.000000 165.250428
v 0.833333 -20.000000 165.250428
v 1.041667 -20.000000 165.250428
v 1.250000 -20.000000 165.250428
v 1.458333 -20.000000 165.250428
v 1.666667 -20.000000 165.250428
v 1.875000 -20.000000 165.250428
v 2.083333 -20.000000 165.250428
v 2.291667 -20.000000 165.250428
v 2.500000 -20.000000 165.250428
v 2.708333 -20.000000 165.250428
v 2.916667 -20.000000 165.250428
v 3.125000 -20.000000 165.250428
v 3.333333 -20.000000 165.250428
v 3.541667 -20.000000 165.250428
v 3.750000 -20.000000 165.250428
v 3.958333 -20.000000 165.250428
v 4.166667 -20.000000 165.250428
v 4.375000 -20.000000 165.250428
v 4.583333 -20.000000 165.250428
v 4.791667 -20.000000 165.250428
v 5.000000 -20.000000 165.250428
v -5.000000 -20.000000 173.947819
v -4.791667 -20.000000 173.947819
v -4.583333 -20.000000 173.947819
v -4.375000 -20.000000 173.947819
v -4.166667 -20.000000 173.947819
v -3.958333 -20.000000 173.947819
v -3.750000 -20.000000 173.947819
v -3.541667 -20.000000 173.947819
v -3.333333 -20.000000 173.947819
v -3.125000 -20.000000 173.947819
v -2.916667 -20.000000 173.947819
v -2.708333 -20.000000 173.947819
v -2.500000 -20.000000 173.947819
v -2.291667 -20.000000 173.947819
v -2.083333 -20.000000 173.947819
v -1.875000 -20.000000 173.947819
v -1.666667 -20.000000 173.947819
v -1.458333 -20.000000 173.947819
v -1.250000 -20.000000 173.947819
v -1.041667 -20.000000 173.947819
v -0.833333 -20.000000 173.947819
v -0.625000 -20.000000 173.947819
v -0.416667 -20.000000 173.947819
v -0.208333 -20.000000 173.947819
v 0.000000 -20.000000 173.947819
v 0.208333 -20.000000 173.947819
v 0.416667 -20.000000 173.947819
v 0.625000 -20.000000 173.947819
v 0.833333 -20.000000 173.947819
v 1.041667 -20.000000 173.947819
v 1.250000 -20.000000 173.947819
v 1.458333 -20.000000 173.947819
v 1.666667 -20.000000 173.947819
v 1.875000 -20.000000 173.947819
v 2.083333 -20.000000 173.947819
v 2.291667 -20.000000 173.947819
v 2.500000 -20.000000 173.947819
v 2.708333 -20.000000 173.947819
v 2.916667 -20.000000 173.947819
v 3.125000 -20.000000 173.947819
v 3.333333 -20.000000 173.947819
v 3.541667 -20.000000 173.947819
v 3.750000 -20.000000 173.947819
v 3.958333 -20.000000 173.947819
v 4.166667 -20.000000 173.947819
v 4.375000 -20.000000 173.947819
v 4.583333 -20.000000 173.947819
v 4.791667 -20.000000 173.947819
v 5.000000 -20.000000 173.947819
v -5.000000 -20.000000 182.645210
v -4.791667 -20.000000 182.645210
v -4.583333 -20.000000 182.645210
v -4.375000 -20.000000 182.645210
v -4.166667 -20.000000 182.645210
v -3.958333 -20.000000 182.645210
v -3.750000 -20.000000 182.645210
v -3.541667 -20.000000 182.645210
v -3.333333 -20.000000 182.645210
v -3.125000 -20.000000 182.645210
v -2.916667 -20.000000 182.645210
v -2.708333 -20.000000 182.645210
v -2.500000 -20.000000 182.645210
v -2.291667 -20.000000 182.645210
v -2.083333 -20.000000 182.645210
v -1.875000 -20.000000 182.645210
v -1.666667 -20.000000 182.645210
v -1.458333 -20.000000 182.645210
v -1.250000 -20.000000 182.645210
v -1.041667 -20.000000 182.645210
v -0.833333 -20.000000 182.645210
v -0.625000 -20.000000 182.645210
v -0.416667 -20.000000 182.645210
v -0.208333 -20.000000 182.645210
v 0.000000 -20.000000 182.645210
v 0.208333 -20.000000 182.645210
v 0.416667 -20.000000 182.645210
v 0.625000 -20.000000 182.645210
v 0.833333 -20.000000 182.645210
v 1.041667 -20.000000 182.645210
v 1.250000 -20.000000 182.645210
v 1.458333 -20.000000 182.645210
v 1.666667 -20.000000 182.645210
v 1.875000 -20.000000 182.645210
v 2.083333 -20.000000 182.645210
v 2.291667 -20.000000 182.645210
v 2.500000 -20.000000 182.645210
v 2.708333 -20.000000 182.645210
v 2.916667 -20.000000 182.645210
v 3.125000 -20.000000 182.645210
v 3.333333 -20.000000 182.645210
v 3.541667 -20.000000 182.645210
v 3.750000 -20.000000 182.645210
v 3.958333 -20.000000 182.645210
v 4.166667 -20.000000 182.645210
v 4.375000 -20.000000 182.645210
v 4.583333 -20.000000 182.645210
v 4.791667 -20.000000 182.645210
v 5.000000 -20.000000 182.645210
v -5.000000 -20.000000 191.342601
v -4.791667 -20.000000 191.342601
v -4.583333 -20.000000 191.342601
v -4.375000 -20.000000 191.342601
v -4.166667 -20.000000 191.342601
v -3.958333 -20.000000 191.342601
v -3.750000 -20.000000 191.342601
v -3.541667 -20.000000 191.342601
v -3.333333 -20.000000 191.342601
v -3.125000 -20.000000 191.342601
v -2.916667 -20.000000 191.342601
v -2.708333 -20.000000 191.342601
v -2.500000 -20.000000 191.342601
v -2.291667 -20.000000 191.342601
v -2.083333 -20.000000 191.342601
v -1.875000 -20.000000 191.342601
v -1.666667 -20.000000 191.342601
v -1.458333 -20.000000 191.342601
v -1.250000 -20.000000 191.342601
v -1.041667 -20.000000 191.342601
v -0.833333 -20.000000 191.342601
v -0.625000 -20.000000 191.342601
v -0.416667 -20.000000 191.342601
v -0.208333 -20.000000 191.342601
v 0.000000 -20.000000 191.342601
v 0.208333 -20.000000 191.342601
v 0.416667 -20.000000 191.342601
v 0.625000 -20.000000 191.342601
v 0.833333 -20.000000 191.342601
v 1.041667 -20.000000 191.342601
v 1.250000 -20.000000 191.342601
v 1.458333 -20.000000 191.342601
v 1.666667 -20.000000 191.342601
v 1.875000 -20.000000 191.342601
v 2.083333 -20.000000 191.342601
v 2.291667 -20.000000 191.342601
v 2.500000 -20.000000 191.342601
v 2.708333 -20.000000 191.342601
v 2.916667 -20.000000 191.342601
v 3.125000 -20.000000 191.342601
v 3.333333 -20.000000 191.342601
v 3.541667 -20.000000 191.342601
v 3.750000 -20.000000 191.342601
v 3.958333 -20.000000 191.342601
v 4.166667 -20.000000 191.342601
v 4.375000 -20.000000 191.342601
v 4.583333 -20.000000 191.342601
v 4.791667 -20.000000 191.342601
v 5.000000 -20.000000 191.342601
v -5.000000 -20.000000 200.039992
v -4.791667 -20.000000 200.039992
v -4.583333 -20.000000 200.039992
v -4.375000 -20.000000 200.039992
v -4.166667 -20.000000 200.039992
v -3.958333 -20.000000 200.039992
v -3.750000 -20.000000 200.039992
v -3.541667 -20.000000 200.039992
v -3.333333 -20.000000 200.039992
v -3.125000 -20.000000 200.039992
v -2.916667 -20.000000 200.039992
v -2.708333 -20.000000 200.039992
v -2.500000 -20.000000 200.039992
v -2.291667 -20.000000 200.039992
v -2.083333 -20.000000 200.039992
v -1.875000 -20.000000 200.039992
v -1.666667 -20.000000 200.039992
v -1.458333 -20.000000 200.039992
v -1.250000 -20.000000 200.039992
v -1.041667 -20.000000 200.039992
v -0.833333 -20.000000 200.039992
v -0.625000 -20.000000 200.039992
v -0.416667 -20.000000 200.039992
v -0.208333 -20.000000 200.039992
v 0.000000 -20.000000 200.039992
v 0.208333 -20.000000 200.039992
v 0.416667 -20.000000 200.039992
v 0.625000 -20.000000 200.039992
v 0.833333 -20.000000 200.039992
v 1.041667 -20.000000 200.039992
v 1.250000 -20.000000 200.039992
v 1.458333 -20.000000 200.039992
v 1.666667 -20.000000 200.039992
v 1.875000 -20.000000 200.039992
v 2.083333 -20.000000 200.039992
v 2.291667 -20.000000 200.039992
v 2.500000 -20.000000 200.039992
v 2.708333 -20.000000 200.039992
v 2.916667 -20.000000 200.039992
v 3.125000 -20.000000 200.039992
v 3.333333 -20.000000 200.039992
v 3.541667 -20.000000 200.039992
v 3.750000 -20.000000 200.039992
v 3.958333 -20.000000 200.039992
v 4.166667 -20.000000 200.039992
v 4.375000 -20.000000 200.039992
v 4.583333 -20.000000 200.039992
v 4.791667 -20.000000 200.039992
v 5.000000 -20.000000 200.039992
v -5.000000 -20.000000 208.737383
v -4.791667 -20.000000 208.737383
v -4.583333 -20.000000 208.737383
v -4.375000 -20.000000 208.737383
v -4.166667 -20.000000 208.737383
v -3.958333 -20.000000 208.737383
v -3.750000 -20.000000 208.737383
v -3.541667 -20.000000 208.737383
v -3.333333 -20.000000 208.737383
v -3.125000 -20.000000 208.737383
v -2.916667 -20.000000 208.737383
v -2.708333 -20.000000 208.737383
v -2.500000 -20.000000 208.737383
v -2.291667 -20.000000 208.737383
v -2.083333 -20.000000 208.737383
v -1.875000 -20.000000 208.737383
v -1.666667 -20.000000 208.737383
v -1.458333 -20.000000 208.737383
v -1.250000 -20.000000 208.737383
v -1.041667 -20.000000 208.737383
v -0.833333 -20.000000 208.737383
v -0.625000 -20.000000 208.737383
v -0.416667 -20.000000 208.737383
v -0.208333 -20.000000 208.737383
v 0.000000 -20.000000 208.737383
v 0.208333 -20.000000 208.737383
v 0.416667 -20.000000 208.737383
v 0.625000 -20.000000 208.737383
v 0.833333 -20.000000 208.737383
v 1.041667 -20.000000 208.737383
v 1.250000 -20.000000 208.737383
v 1.458333 -20.000000 208.737383
v 1.666667 -20.000000 208.737383
v 1.875000 -20.000000 208.737383
v 2.083333 -20.000000 208.737383
v 2.291667 -20.000000 208.737383
v 2.500000 -20.000000 208.737383
v 2.708333 -20.000000 208.737383
v 2.916667 -20.000000 208.737383
v 3.125000 -20.000000 208.737383
v 3.333333 -20.000000 208.737383
v 3.541667 -20.000000 208.737383
v 3.750000 -20.000000 208.737383
v 3.958333 -20.000000 208.737383
v 4.166667 -20.000000 208.737383
v 4.375000 -20.000000 208.737383
v 4.583333 -20.000000 208.737383
v 4.791667 -20.000000 208.737383
v 5.000000 -20.000000 208.737383
v -5.000000 -20.000000 217.434773
v -4.791667 -20.000000 217.434773
v -4.583333 -20.000000 217.434773
v -4.375000 -20.000000 217.434773
v -4.166667 -20.000000 217.434773
v -3.958333 -20.000000 217.434773
v -3.750000 -20.000000 217.434773
v -3.541667 -20.000000 217.434773
v -3.333333 -20.000000 217.434773
v -3.125000 -20.000000 217.434773
v -2.916667 -20.000000 217.434773
v -2.708333 -20.000000 217.434773
v -2.500000 -20.000000 217.434773
v -2.291667 -20.000000 217.434773
v -2.083333 -20.000000 217.434773
v -1.875000 -20.000000 217.434773
v -1.666667 -20.000000 217.434773
v -1.458333 -20.000000 217.434773
v -1.250000 -20.000000 217.434773
v -1.041667 -20.000000 217.434773
v -0.833333 -20.000000 217.434773
v -0.625000 -20.000000 217.434773
v -0.416667 -20.000000 217.434773
v -0.208333 -20.000000 217.434773
v 0.000000 -20.000000 217.434773
v 0.208333 -20.000000 217.434773
v 0.416667 -20.000000 217.434773
v 0.625000 -20.000000 217.434773
v 0.833333 -20.000000 217.434773
v 1.041667 -20.000000 217.434773
v 1.250000 -20.000000 217.434773
v 1.458333 -20.000000 217.434773
v 1.666667 -20.000000 217.434773
v 1.875000 -20.000000 217.434773
v 2.083333 -20.000000 217.434773
v 2.291667 -20.000000 217.434773
v 2.500000 -20.000000 217.434773
v 2.708333 -20.000000 217.434773
v 2.916667 -20.000000 217.434773
v 3.125000 -20.000000 217.434773
v 3.333333 -20.000000 217.434773
v 3.541667 -20.000000 217.434773
v 3.750000 -20.000000 217.434773
v 3.958333 -20.000000 217.434773
v 4.166667 -20.000000 217.434773
v 4.375000 -20.000000 217.434773
v 4.583333 -20.000000 217.434773
v 4.791667 -20.000000 217.434773
v 5.000000 -20.000000 217.434773
v -5.000000 -20.000000 226.132164
v -4.791667 -20.000000 226.132164
v -4.583333 -20.000000 226.132164
v -4.375000 -20.000000 226.132164
v -4.166667 -20.000000 226.132164
v -3.958333 -20.000000 226.132164
v -3.750000 -20.000000 226.132164
v -3.541667 -20.000000 226.132164
v -3.333333 -20.000000 226.132164
v -3.125000 -20.000000 226.132164
v -2.916667 -20.000000 226.132164
v -2.708333 -20.000000 226.132164
v -2.500000 -20.000000 226.132164
v -2.291667 -20.000000 226.132164
v -2.083333 -20.000000 226.132164
v -1.875000 -20.000000 226.132164
v -1.666667 -20.000000 226.132164
v -1.458333 -20.000000 226.132164
v -1.250000 -20.000000 226.132164
v -1.041667 -20.000000 226.132164
v -0.833333 -20.000000 226.132164
v -0.625000 -20.000000 226.132164
v -0.416667 -20.000000 226.132164
v -0.208333 -20.000000 226.132164
v 0.000000 -20.000000 226.132164
v 0.208333 -20.000000 226.132164
v 0.416667 -20.000000 226.132164
v 0.625000 -20.000000 226.132164
v 0.833333 -20.000000 226.132164
v 1.041667 -20.000000 226.132164
v 1.250000 -20.000000 226.132164
v 1.458333 -20.000000 226.132164
v 1.666667 -20.000000 226.132164
v 1.875000 -20.000000 226.132164
v 2.083333 -20.000000 226.132164
v 2.291667 -20.000000 226.132164
v 2.500000 -20.000000 226.132164
v 2.708333 -20.000000 226.132164
v 2.916667 -20.000000 226.132164
v 3.125000 -20.000000 226.132164
v 3.333333 -20.000000 226.132164
v 3.541667 -20.000000 226.132164
v 3.750000 -20.000000 226.132164
v 3.958333 -20.000000 226.132164
v 4.166667 -20.000000 226.132164
v 4.375000 -20.000000 226.132164
v 4.583333 -20.000000 226.132164
v 4.791667 -20.000000 226.132164
v 5.000000 -20.000000 226.132164
v -5.000000 -20.000000 234.829555
v -4.791667 -20.000000 234.829555
v -4.583333 -20.000000 234.829555
v -4.375000 -20.000000 234.829555
v -4.166667 -20.000000 234.829555
v -3.958333 -20.000000 234.829555
v -3.750000 -20.000000 234.829555
v -3.541667 -20.000000 234.829555
v -3.333333 -20.000000 234.829555
v -3.125000 -20.000000 234.829555
v -2.916667 -20.000000 234.829555
v -2.708333 -20.000000 234.829555
v -2.500000 -20.000000 234.829555
v -2.291667 -20.000000 234.829555
v -2.083333 -20.000000 234.829555
v -1.875000 -20.000000 234.829555
v -1.666667 -20.000000 234.829555
v -1.458333 -20.000000 234.829555
v -1.250000 -20.000000 234.829555
v -1.041667 -20.000000 234.829555
v -0.833333 -20.000000 234.829555
v -0.625000 -20.000000 234.829555
v -0.416667 -20.000000 234.829555
v -0.208333 -20.000000 234.829555
v 0.000000 -20.000000 234.829555
v 0.208333 -20.000000 234.829555
v 0.416667 -20.000000 234.829555
v 0.625000 -20.000000 234.829555
v 0.833333 -20.000000 234.829555
v 1.041667 -20.000000 234.829555
v 1.250000 -20.000000 234.829555
v 1.458333 -20.000000 234.829555
v 1.666667 -20.000000 234.829555
v 1.875000 -20.000000 234.829555
v 2.083333 -20.000000 234.829555
v 2.291667 -20.000000 234.829555
v 2.500000 -20.000000 234.829555
v 2.708333 -20.000000 234.829555
v 2.916667 -20.000000 234.829555
v 3.125000 -20.000000 234.829555
v 3.333333 -20.000000 234.829555
v 3.541667 -20.000000 234.829555
v 3.750000 -20.000000 234.829555
v 3.958333 -20.000000 234.829555
v 4.166667 -20.000000 234.829555
v 4.375000 -20.000000 234.829555
v 4.583333 -20.000000 234.829555
v 4.791667 -20.000000 234.829555
v 5.000000 -20.000000 234.829555
v -5.000000 -20.000000 243.526946
v -4.791667 -20.000000 243.526946
v -4.583333 -20.000000 243.526946
v -4.375000 -20.000000 243.526946
v -4.166667 -20.000000 243.526946
v -3.958333 -20.000000 243.526946
v -3.750000 -20.000000 243.526946
v -3.541667 -20.000000 243.526946
v -3.333333 -20.000000 243.526946
v -3.125000 -20.000000 243.526946
v -2.916667 -20.000000 243.526946
v -2.708333 -20.000000 243.526946
v -2.500000 -20.000000 243.526946
v -2.291667 -20.000000 243.526946
v -2.083333 -20.000000 243.526946
v -1.875000 -20.000000 243.526946
v -1.666667 -20.000000 243.526946
v -1.458333 -20.000000 243.526946
v -1.250000 -20.000000 243.526946
v -1.041667 -20.000000 243.526946
v -0.833333 -20.000000 243.526946
v -0.625000 -20.000000 243.526946
v -0.416667 -20.000000 243.526946
v -0.208333 -20.000000 243.526946
v 0.000000 -20.000000 243.526946
v 0.208333 -20.000000 243.526946
v 0.416667 -20.000000 243.526946
v 0.625000 -20.000000 243.526946
v 0.833333 -20.000000 243.526946
v 1.041667 -20.000000 243.526946
v 1.250000 -20.000000 243.526946
v 1.458333 -20.000000 243.526946
v 1.666667 -20.000000 243.526946
v 1.875000 -20.000000 243.526946
v 2.083333 -20.000000 243.526946
v 2.291667 -20.000000 243.526946
v 2.500000 -20.000000 243.526946
v 2.708333 -20.000000 243.526946
v 2.916667 -20.000000 243.526946
v 3.125000 -20.000000 243.526946
v 3.333333 -20.000000 243.526946
v 3.541667 -20.000000 243.526946
v 3.750000 -20.000000 243.526946
v 3.958333 -20.000000 243.526946
v 4.166667 -20.000000 243.526946
v 4.375000 -20.000000 243.526946
v 4.583333 -20.000000 243.526946
v 4.791667 -20.000000 243.526946
v 5.000000 -20.000000 243.526946
v -5.000000 -20.000000 252.224337
v -4.791667 -20.000000 252.224337
v -4.583333 -20.000000 252.224337
v -4.375000 -20.000000 252.224337
v -4.166667 -20.000000 252.224337
v -3.958333 -20.000000 252.224337
v -3.750000 -20.000000 252.224337
v -3.541667 -20.000000 252.224337
v -3.333333 -20.000000 252.224337
v -3.125000 -20.000000 252.224337
v -2.916667 -20.000000 252.224337
v -2.708333 -20.000000 252.224337
v -2.500000 -20.000000 252.224337
v -2.291667 -20.000000 252.224337
v -2.083333 -20.000000 252.224337
v -1.875000 -20.000000 252.224337
v -1.666667 -20.000000 252.224337
v -1.458333 -20.000000 252.224337
v -1.250000 -20.000000 252.224337
v -1.041667 -20.000000 252.224337
v -0.833333 -20.000000 252.224337
v -0.625000 -20.000000 252.224337
v -0.416667 -20.000000 252.224337
v -0.208333 -20.000000 252.224337
v 0.000000 -20.000000 252.224337
v 0.208333 -20.000000 252.224337
v 0.416667 -20.000000 252.224337
v 0.625000 -20.000000 252.224337
v 0.833333 -20.000000 252.224337
v 1.041667 -20.000000 252.224337
v 1.250000 -20.000000 252.224337
v 1.458333 -20.000000 252.224337
v 1.666667 -20.000000 252.224337
v 1.875000 -20.000000 252.224337
v 2.083333 -20.000000 252.224337
v 2.291667 -20.000000 252.224337
v 2.500000 -20.000000 252.224337
v 2.708333 -20.000000 252.224337
v 2.916667 -20.000000 252.224337
v 3.125000 -20.000000 252.224337
v 3.333333 -20.000000 252.224337
v 3.541667 -20.000000 252.224337
v 3.750000 -20.000000 252.224337
v 3.958333 -20.000000 252.224337
v 4.166667 -20.000000 252.224337
v 4.375000 -20.000000 252.224337
v 4.583333 -20.000000 252.224337
v 4.791667 -20.000000 252.224337
v 5.000000 -20.000000 252.224337
v -5.000000 -20.000000 260.921728
v -4.791667 -20.000000 260.921728
v -4.583333 -20.000000 260.921728
v -4.375000 -20.000000 260.921728
v -4.166667 -20.000000 260.921728
v -3.958333 -20.000000 260.921728
v -3.750000 -20.000000 260.921728
v -3.541667 -20.000000 260.921728
v -3.333333 -20.000000 260.921728
v -3.125000 -20.000000 260.921728
v -2.916667 -20.000000 260.921728
v -2.708333 -20.000000 260.921728
v -2.500000 -20.000000 260.921728
v -2.291667 -20.000000 260.921728
v -2.083333 -20.000000 260.921728
v -1.875000 -20.000000 260.921728
v -1.666667 -20.000000 260.921728
v -1.458333 -20.000000 260.921728
v -1.250000 -20.000000 260.921728
v -1.041667 -20.000000 260.921728
v -0.833333 -20.000000 260.921728
v -0.625000 -20.000000 260.921728
v -0.416667 -20.000000 260.921728
v -0.208333 -20.000000 260.921728
v 0.000000 -20.000000 260.921728
v 0.208333 -20.000000 260.921728
v 0.416667 -20.000000 260.921728
v 0.625000 -20.000000 260.921728
v 0.833333 -20.000000 260.921728
v 1.041667 -20.000000 260.921728
v 1.250000 -20.000000 260.921728
v 1.458333 -20.000000 260.921728
v 1.666667 -20.000000 260.921728
v 1.875000 -20.000000 260.921728
v 2.083333 -20.000000 260.921728
v 2.291667 -20.000000 260.921728
v 2.500000 -20.000000 260.921728
v 2.708333 -20.000000 260.921728
v 2.916667 -20.000000 260.921728
v 3.125000 -20.000000 260.921728
v 3.333333 -20.000000 260.921728
v 3.541667 -20.000000 260.921728
v 3.750000 -20.000000 260.921728
v 3.958333 -20.000000 260.921728
v 4.166667 -20.000000 260.921728
v 4.375000 -20.000000 260.921728
v 4.583333 -20.000000 260.921728
v 4.791667 -20.000000 260.921728
v 5.000000 -20.000000 260.921728
v -5.000000 -20.000000 269.619119
v -4.791667 -20.000000 269.619119
v -4.583333 -20.000000 269.619119
v -4.375000 -20.000000 269.619119
v -4.166667 -20.000000 269.619119
v -3.958333 -20.000000 269.619119
v -3.750000 -20.000000 269.619119
v -3.541667 -20.000000 269.619119
v -3.333333 -20.000000 269.619119
v -3.125000 -20.000000 269.619119
v -2.916667 -20.000000 269.619119
v -2.708333 -20.000000 269.619119
v -2.500000 -20.000000 269.619119
v -2.291667 -20.000000 269.619119
v -2.083333 -20.000000 269.619119
v -1.875000 -20.000000 269.619119
v -1.666667 -20.000000 269.619119
v -1.458333 -20.000000 269.619119
v -1.250000 -20.000000 269.619119
v -1.041667 -20.000000 269.619119
v -0.833333 -20.000000 269.619119
v -0.625000 -20.000000 269.619119
v -0.416667 -20.000000 269.619119
v -0.208333 -20.000000 269.619119
v 0.000000 -20.000000 269.619119
v 0.208333 -20.000000 269.619119
v 0.416667 -20.000000 269.619119
v 0.625000 -20.000000 269.619119
v 0.833333 -20.000000 269.619119
v 1.041667 -20.000000 269.619119
v 1.250000 -20.000000 269.619119
v 1.458333 -20.000000 269.619119
v 1.666667 -20.000000 269.619119
v 1.875000 -20.000000 269.619119
v 2.083333 -20.000000 269.619119
v 2.291667 -20.000000 269.619119
v 2.500000 -20.000000 269.619119
v 2.708333 -20.000000 269.619119
v 2.916667 -20.000000 269.619119
v 3.125000 -20.000000 269.619119
v 3.333333 -20.000000 269.619119
v 3.541667 -20.000000 269.619119
v 3.750000 -20.000000 269.619119
v 3.958333 -20.000000 269.619119
v 4.166667 -20.000000 269.619119
v 4.375000 -20.000000 269.619119
v 4.583333 -20.000000 269.619119
v 4.791667 -20.000000 269.619119
v 5.000000 -20.000000 269.619119
v -5.000000 -20.000000 278.316510
v -4.791667 -20.000000 278.316510
v -4.583333 -20.000000 278.316510
v -4.375000 -20.000000 278.316510
v -4.166667 -20.000000 278.316510
v -3.958333 -20.000000 278.316510
v -3.750000 -20.000000 278.316510
v -3.541667 -20.000000 278.316510
v -3.333333 -20.000000 278.316510
v -3.125000 -20.000000 278.316510
v -2.916667 -20.000000 278.316510
v -2.708333 -20.000000 278.316510
v -2.500000 -20.000000 278.316510
v -2.291667 -20.000000 278.316510
v -2.083333 -20.000000 278.316510
v -1.875000 -20.000000 278.316510
v -1.666667 -20.000000 278.316510
v -1.458333 -20.000000 278.316510
v -1.250000 -20.000000 278.316510
v -1.041667 -20.000000 278.316510
v -0.833333 -20.000000 278.316510
v -0.625000 -20.000000 278.316510
v -0.416667 -20.000000 278.316510
v -0.208333 -20.000000 278.316510
v 0.000000 -20.000000 278.316510
v 0.208333 -20.000000 278.316510
v 0.416667 -20.000000 278.316510
v 0.625000 -20.000000 278.316510
v 0.833333 -20.000000 278.316510
v 1.041667 -20.000000 278.316510
v 1.250000 -20.000000 278.316510
v 1.458333 -20.000000 278.316510
v 1.666667 -20.000000 278.316510
v 1.875000 -20.000000 278.316510
v 2.083333 -20.000000 278.316510
v 2.291667 -20.000000 278.316510
v 2.500000 -20.000000 278.316510
v 2.708333 -20.000000 278.316510
v 2.916667 -20.000000 278.316510
v 3.125000 -20.000000 278.316510
v 3.333333 -20.000000 278.316510
v 3.541667 -20.000000 278.316510
v 3.750000 -20.000000 278.316510
v 3.958333 -20.000000 278.316510
v 4.166667 -20.000000 278.316510
v 4.375000 -20.000000 278.316510
v 4.583333 -20.000000 278.316510
v 4.791667 -20.000000 278.316510
v 5.000000 -20.000000 278.316510
v -5.000000 -20.000000 287.013901
v -4.791667 -20.000000 287.013901
v -4.583333 -20.000000 287.013901
v -4.375000 -20.000000 287.013901
v -4.166667 -20.000000 287.013901
v -3.958333 -20.000000 287.013901
v -3.750000 -20.000000 287.013901
v -3.541667 -20.000000 287.013901
v -3.333333 -20.000000 287.013901
v -3.125000 -20.000000 287.013901
v -2.916667 -20.000000 287.013901
v -2.708333 -20.000000 287.013901
v -2.500000 -20.000000 287.013901
v -2.291667 -20.000000 287.013901
v -2.083333 -20.000000 287.013901
v -1.875000 -20.000000 287.013901
v -1.666667 -20.000000 287.013901
v -1.458333 -20.000000 287.013901
v -1.250000 -20.000000 287.013901
v -1.041667 -20.000000 287.013901
v -0.833333 -20.000000 287.013901
v -0.625000 -20.000000 287.013901
v -0.416667 -20.000000 287.013901
v -0.208333 -20.000000 287.013901
v 0.000000 -20.000000 287.013901
v 0.208333 -20.000000 287.013901
v 0.416667 -20.000000 287.013901
v 0.625000 -20.000000 287.013901
v 0.833333 -20.000000 287.013901
v 1.041667 -20.000000 287.013901
v 1.250000 -20.000000 287.013901
v 1.458333 -20.000000 287.013901
v 1.666667 -20.000000 287.013901
v 1.875000 -20.000000 287.013901
v 2.083333 -20.000000 287.013901
v 2.291667 -20.000000 287.013901
v 2.500000 -20.000000 287.013901
v 2.708333 -20.000000 287.013901
v 2.916667 -20.000000 287.013901
v 3.125000 -20.000000 287.013901
v 3.333333 -20.000000 287.013901
v 3.541667 -20.000000 287.013901
v 3.750000 -20.000000 287.013901
v 3.958333 -20.000000 287.013901
v 4.166667 -20.000000 287.013901
v 4.375000 -20.000000 287.013901
v 4.583333 -20.000000 287.013901
v 4.791667 -20.000000 287.013901
v 5.000000 -20.000000 287.013901
v -5.000000 -20.000000 295.711292
v -4.791667 -20.000000 295.711292
v -4.583333 -20.000000 295.711292
v -4.375000 -20.000000 295.711292
v -4.166667 -20.000000 295.711292
v -3.958333 -20.000000 295.711292
v -3.750000 -20.000000 295.711292
v -3.541667 -20.000000 295.711292
v -3.333333 -20.000000 295.711292
v -3.125000 -20.000000 295.711292
v -2.916667 -20.000000 295.711292
v -2.708333 -20.000000 295.711292
v -2.500000 -20.000000 295.711292
v -2.291667 -20.000000 295.711292
v -2.083333 -20.000000 295.711292
v -1.875000 -20.000000 295.711292
v -1.666667 -20.000000 295.711292
v -1.458333 -20.000000 295.711292
v -1.250000 -20.000000 295.711292
v -1.041667 -20.000000 295.711292
v -0.833333 -20.000000 295.711292
v -0.625000 -20.000000 295.711292
v -0.416667 -20.000000 295.711292
v -0.208333 -20.000000 295.711292
v 0.000000 -20.000000 295.711292
v 0.208333 -20.000000 295.711292
v 0.416667 -20.000000 295.711292
v 0.625000 -20.000000 295.711292
v 0.833333 -20.000000 295.711292
v 1.041667 -20.000000 295.711292
v 1.250000 -20.000000 295.711292
v 1.458333 -20.000000 295.711292
v 1.666667 -20.000000 295.711292
v 1.875000 -20.000000 295.711292
v 2.083333 -20.000000 295.711292
v 2.291667 -20.000000 295.711292
v 2.500000 -20.000000 295.711292
v 2.708333 -20.000000 295.711292
v 2.916667 -20.000000 295.711292
v 3.125000 -20.000000 295.711292
v 3.333333 -20.000000 295.711292
v 3.541667 -20.000000 295.711292
v 3.750000 -20.000000 295.711292
v 3.958333 -20.000000 295.711292
v 4.166667 -20.000000 295.711292
v 4.375000 -20.000000 295.711292
v 4.583333 -20.000000 295.711292
v 4.791667 -20.000000 295.711292
v 5.000000 -20.000000 295.711292
v -5.000000 -20.000000 304.408683
v -4.791667 -20.000000 304.408683
v -4.583333 -20.000000 304.408683
v -4.375000 -20.000000 304.408683
v -4.166667 -20.000000 304.408683
v -3.958333 -20.000000 304.408683
v -3.750000 -20.000000 304.408683
v -3.541667 -20.000000 304.408683
v -3.333333 -20.000000 304.408683
v -3.125000 -20.000000 304.408683
v -2.916667 -20.000000 304.408683
v -2.708333 -20.000000 304.408683
v -2.500000 -20.000000 304.408683
v -2.291667 -20.000000 304.408683
v -2.083333 -20.000000 304.408683
v -1.875000 -20.000000 304.408683
v -1.666667 -20.000000 304.408683
v -1.458333 -20.000000 304.408683
v -1.250000 -20.000000 304.408683
v -1.041667 -20.000000 304.408683
v -0.833333 -20.000000 304.408683
v -0.625000 -20.000000 304.408683
v -0.416667 -20.000000 304.408683
v -0.208333 -20.000000 304.408683
v 0.000000 -20.000000 304.408683
v 0.208333 -20.000000 304.408683
v 0.416667 -20.000000 304.408683
v 0.625000 -20.000000 304.408683
v 0.833333 -20.000000 304.408683
v 1.041667 -20.000000 304.408683
v 1.250000 -20.000000 304.408683
v 1.458333 -20.000000 304.408683
v 1.666667 -20.000000 304.408683
v 1.875000 -20.000000 304.408683
v 2.083333 -20.000000 304.408683
v 2.291667 -20.000000 304.408683
v 2.500000 -20.000000 304.408683
v 2.708333 -20.000000 304.408683
v 2.916667 -20.000000 304.408683
v 3.125000 -20.000000 304.408683
v 3.333333 -20.000000 304.408683
v 3.541667 -20.000000 304.408683
v 3.750000 -20.000000 304.408683
v 3.958333 -20.000000 304.408683
v 4.166667 -20.000000 304.408683
v 4.375000 -20.000000 304.408683
v 4.583333 -20.000000 304.408683
v 4.791667 -20.000000 304.408683
v 5.000000 -20.000000 304.408683
v -5.000000 -20.000000 313.106074
v -4.791667 -20.000000 313.106074
v -4.583333 -20.000000 313.106074
v -4.375000 -20.000000 313.106074
v -4.166667 -20.000000 313.106074
v -3.958333 -20.000000 313.106074
v -3.750000 -20.000000 313.106074
v -3.541667 -20.000000 313.106074
v -3.333333 -20.000000 313.106074
v -3.125000 -20.000000 313.106074
v -2.916667 -20.000000 313.106074
v -2.708333 -20.000000 313.106074
v -2.500000 -20.000000 313.106074
v -2.291667 -20.000000 313.106074
v -2.083333 -20.000000 313.106074
v -1.875000 -20.000000 313.106074
v -1.666667 -20.000000 313.106074
v -1.458333 -20.000000 313.106074
v -1.250000 -20.000000 313.106074
v -1.041667 -20.000000 313.106074
v -0.833333 -20.000000 313.106074
v -0.625000 -20.000000 313.106074
v -0.416667 -20.000000 313.106074
v -0.208333 -20.000000 313.106074
v 0.000000 -20.000000 313.106074
v 0.208333 -20.000000 313.106074
v 0.416667 -20.000000 313.106074
v 0.625000 -20.000000 313.106074
v 0.833333 -20.000000 313.106074
v 1.041667 -20.000000 313.106074
v 1.250000 -20.000000 313.106074
v 1.458333 -20.000000 313.106074
v 1.666667 -20.000000 313.106074
v 1.875000 -20.000000 313.106074
v 2.083333 -20.000000 313.106074
v 2.291667 -20.000000 313.106074
v 2.500000 -20.000000 313.106074
v 2.708333 -20.000000 313.106074
v 2.916667 -20.000000 313.106074
v 3.125000 -20.000000 313.106074
v 3.333333 -20.000000 313.106074
v 3.541667 -20.000000 313.106074
v 3.750000 -20.000000 313.106074
v 3.958333 -20.000000 313.106074
v 4.166667 -20.000000 313.106074
v 4.375000 -20.000000 313.106074
v 4.583333 -20.000000 313.106074
v 4.791667 -20.000000 313.106074
v 5.000000 -20.000000 313.106074
v -5.000000 -20.000000 321.803465
v -4.791667 -20.000000 321.803465
v -4.583333 -20.000000 321.803465
v -4.375000 -20.000000 321.803465
v -4.166667 -20.000000 321.803465
v -3.958333 -20.000000 321.803465
v -3.750000 -20.000000 321.803465
v -3.541667 -20.000000 321.803465
v -3.333333 -20.000000 321.803465
v -3.125000 -20.000000 321.803465
v -2.916667 -20.000000 321.803465
v -2.708333 -20.000000 321.803465
v -2.500000 -20.000000 321.803465
v -2.291667 -20.000000 321.803465
v -2.083333 -20.000000 321.803465
v -1.875000 -20.000000 321.803465
v -1.666667 -20.000000 321.803465
v -1.458333 -20.000000 321.803465
v -1.250000 -20.000000 321.803465
v -1.041667 -20.000000 321.803465
v -0.833333 -20.000000 321.803465
v -0.625000 -20.000000 321.803465
v -0.416667 -20.000000 321.803465
v -0.208333 -20.000000 321.803465
v 0.000000 -20.000000 321.803465
v 0.208333 -20.000000 321.803465
v 0.416667 -20.000000 321.803465
v 0.625000 -20.000000 321.803465
v 0.833333 -20.000000 321.803465
v 1.041667 -20.000000 321.803465
v 1.250000 -20.000000 321.803465
v 1.458333 -20.000000 321.803465
v 1.666667 -20.000000 321.803465
v 1.875000 -20.000000 321.803465
v 2.083333 -20.000000 321.803465
v 2.291667 -20.000000 321.803465
v 2.500000 -20.000000 321.803465
v 2.708333 -20.000000 321.803465
v 2.916667 -20.000000 321.803465
v 3.125000 -20.000000 321.803465
v 3.333333 -20.000000 321.803465
v 3.541667 -20.000000 321.803465
v 3.750000 -20.000000 321.803465
v 3.958333 -20.000000 321.803465
v 4.166667 -20.000000 321.803465
v 4.375000 -20.000000 321.803465
v 4.583333 -20.000000 321.803465
v 4.791667 -20.000000 321.803465
v 5.000000 -20.000000 321.803465
v -5.000000 -20.000000 330.500856
v -4.791667 -20.000000 330.500856
v -4.583333 -20.000000 330.500856
v -4.375000 -20.000000 330.500856
v -4.166667 -20.000000 330.500856
v -3.958333 -20.000000 330.500856
v -3.750000 -20.000000 330.500856
v -3.541667 -20.000000 330.500856
v -3.333333 -20.000000 330.500856
v -3.125000 -20.000000 330.500856
v -2.916667 -20.000000 330.500856
v -2.708333 -20.000000 330.500856
v -2.500000 -20.000000 330.500856
v -2.291667 -20.000000 330.500856
v -2.083333 -20.000000 330.500856
v -1.875000 -20.000000 330.500856
v -1.666667 -20.000000 330.500856
v -1.458333 -20.000000 330.500856
v -1.250000 -20.000000 330.500856
v -1.041667 -20.000000 330.500856
v -0.833333 -20.000000 330.500856
v -0.625000 -20.000000 330.500856
v -0.416667 -20.000000 330.500856
v -0.208333 -20.000000 330.500856
v 0.000000 -20.000000 330.500856
v 0.208333 -20.000000 330.500856
v 0.416667 -20.000000 330.500856
v 0.625000 -20.000000 330.500856
v 0.833333 -20.000000 330.500856
v 1.041667 -20.000000 330.500856
v 1.250000 -20.000000 330.500856
v 1.458333 -20.000000 330.500856
v 1.666667 -20.000000 330.500856
v 1.875000 -20.000000 330.500856
v 2.083333 -20.000000 330.500856
v 2.291667 -20.000000 330.500856
v 2.500000 -20.000000 330.500856
v 2.708333 -20.000000 330.500856
v 2.916667 -20.000000 330.500856
v 3.125000 -20.000000 330.500856
v 3.333333 -20.000000 330.500856
v 3.541667 -20.000000 330.500856
v 3.750000 -20.000000 330.500856
v 3.958333 -20.000000 330.500856
v 4.166667 -20.000000 330.500856
v 4.375000 -20.000000 330.500856
v 4.583333 -20.000000 330.500856
v 4.791667 -20.000000 330.500856
v 5.000000 -20.000000 330.500856
v -5.000000 -20.000000 339.198247
v -4.791667 -20.000000 339.198247
v -4.583333 -20.000000 339.198247
v -4.375000 -20.000000 339.198247
v -4.166667 -20.000000 339.198247
v -3.958333 -20.000000 339.198247
v -3.750000 -20.000000 339.198247
v -3.541667 -20.000000 339.198247
v -3.333333 -20.000000 339.198247
v -3.125000 -20.000000 339.198247
v -2.916667 -20.000000 339.198247
v -2.708333 -20.000000 339.198247
v -2.500000 -20.000000 339.198247
v -2.291667 -20.000000 339.198247
v -2.083333 -20.000000 339.198247
v -1.875000 -20.000000 339.198247
v -1.666667 -20.000000 339.198247
v -1.458333 -20.000000 339.198247
v -1.250000 -20.000000 339.198247
v -1.041667 -20.000000 339.198247
v -0.833333 -20.000000 339.198247
v -0.625000 -20.000000 339.198247
v -0.416667 -20.000000 339.198247
v -0.208333 -20.000000 339.198247
v 0.000000 -20.000000 339.198247
v 0.208333 -20.000000 339.198247
v 0.416667 -20.000000 339.198247
v 0.625000 -20.000000 339.198247
v 0.833333 -20.000000 339.198247
v 1.041667 -20.000000 339.198247
v 1.250000 -20.000000 339.198247
v 1.458333 -20.000000 339.198247
v 1.666667 -20.000000 339.198247
v 1.875000 -20.000000 339.198247
v 2.083333 -20.000000 339.198247
v 2.291667 -20.000000 339.198247
v 2.500000 -20.000000 339.198247
v 2.708333 -20.000000 339.198247
v 2.916667 -20.000000 339.198247
v 3.125000 -20.000000 339.198247
v 3.333333 -20.000000 339.198247
v 3.541667 -20.000000 339.198247
v 3.750000 -20.000000 339.198247
v 3.958333 -20.000000 339.198247
v 4.166667 -20.000000 339.198247
v 4.375000 -20.000000 339.198247
v 4.583333 -20.000000 339.198247
v 4.791667 -20.000000 339.198247
v 5.000000 -20.000000 339.198247
v -5.000000 -20.000000 347.895638
v -4.791667 -20.000000 347.895638
v -4.583333 -20.000000 347.895638
v -4.375000 -20.000000 347.895638
v -4.166667 -20.000000 347.895638
v -3.958333 -20.000000 347.895638
v -3.750000 -20.000000 347.895638
v -3.541667 -20.000000 347.895638
v -3.333333 -20.000000 347.895638
v -3.125000 -20.000000 347.895638
v -2.916667 -20.000000 347.895638
v -2.708333 -20.000000 347.895638
v -2.500000 -20.000000 347.895638
v -2.291667 -20.000000 347.895638
v -2.083333 -20.000000 347.895638
v -1.875000 -20.000000 347.895638
v -1.666667 -20.000000 347.895638
v -1.458333 -20.000000 347.895638
v -1.250000 -20.000000 347.895638
v -1.041667 -20.000000 347.895638
v -0.833333 -20.000000 347.895638
v -0.625000 -20.000000 347.895638
v -0.416667 -20.000000 347.895638
v -0.208333 -20.000000 347.895638
v 0.000000 -20.000000 347.895638
v 0.208333 -20.000000 347.895638
v 0.416667 -20.000000 347.895638
v 0.625000 -20.000000 347.895638
v 0.833333 -20.000000 347.895638
v 1.041667 -20.000000 347.895638
v 1.250000 -20.000000 347.895638
v 1.458333 -20.000000 347.895638
v 1.666667 -20.000000 347.895638
v 1.875000 -20.000000 347.895638
v 2.083333 -20.000000 347.895638
v 2.291667 -20.000000 347.895638
v 2.500000 -20.000000 347.895638
v 2.708333 -20.000000 347.895638
v 2.916667 -20.000000 347.895638
v 3.125000 -20.000000 347.895638
v 3.333333 -20.000000 347.895638
v 3.541667 -20.000000 347.895638
v 3.750000 -20.000000 347.895638
v 3.958333 -20.000000 347.895638
v 4.166667 -20.000000 347.895638
v 4.375000 -20.000000 347.895638
v 4.583333 -20.000000 347.895638
v 4.791667 -20.000000 347.895638
v 5.000000 -20.000000 347.895638
v -5.000000 -20.000000 356.593028
v -4.791667 -20.000000 356.593028
v -4.583333 -20.000000 356.593028
v -4.375000 -20.000000 356.593028
v -4.166667 -20.000000 356.593028
v -3.958333 -20.000000 356.593028
v -3.750000 -20.000000 356.593028
v -3.541667 -20.000000 356.593028
v -3.333333 -20.000000 356.593028
v -3.125000 -20.000000 356.593028
v -2.916667 -20.000000 356.593028
v -2.708333 -20.000000 356.593028
v -2.500000 -20.000000 356.593028
v -2.291667 -20.000000 356.593028
v -2.083333 -20.000000 356.593028
v -1.875000 -20.000000 356.593028
v -1.666667 -20.000000 356.593028
v -1.458333 -20.000000 356.593028
v -1.250000 -20.000000 356.593028
v -1.041667 -20.000000 356.593028
v -0.833333 -20.000000 356.593028
v -0.625000 -20.000000 356.593028
v -0.416667 -20.000000 356.593028
v -0.208333 -20.000000 356.593028
v 0.000000 -20.000000 356.593028
v 0.208333 -20.000000 356.593028
v 0.416667 -20.000000 356.593028
v 0.625000 -20.000000 356.593028
v 0.833333 -20.000000 356.593028
v 1.041667 -20.000000 356.593028
v 1.250000 -20.000000 356.593028
v 1.458333 -20.000000 356.593028
v 1.666667 -20.000000 356.593028
v 1.875000 -20.000000 356.593028
v 2.083333 -20.000000 356.593028
v 2.291667 -20.000000 356.593028
v 2.500000 -20.000000 356.593028
v 2.708333 -20.000000 356.593028
v 2.916667 -20.000000 356.593028
v 3.125000 -20.000000 356.593028
v 3.333333 -20.000000 356.593028
v 3.541667 -20.000000 356.593028
v 3.750000 -20.000000 356.593028
v 3.958333 -20.000000 356.593028
v 4.166667 -20.000000 356.593028
v 4.375000 -20.000000 356.593028
v 4.583333 -20.000000 356.593028
v 4.791667 -20.000000 356.593028
v 5.000000 -20.000000 356.593028
v -5.000000 -20.000000 365.290419
v -4.791667 -20.000000 365.290419
v -4.583333 -20.000000 365.290419
v -4.375000 -20.000000 365.290419
v -4.166667 -20.000000 365.290419
v -3.958333 -20.000000 365.290419
v -3.750000 -20.000000 365.290419
v -3.541667 -20.000000 365.290419
v -3.333333 -20.000000 365.290419
v -3.125000 -20.000000 365.290419
v -2.916667 -20.000000 365.290419
v -2.708333 -20.000000 365.290419
v -2.500000 -20.000000 365.290419
v -2.291667 -20.000000 365.290419
v -2.083333 -20.000000 365.290419
v -1.875000 -20.000000 365.290419
v -1.666667 -20.000000 365.290419
v -1.458333 -20.000000 365.290419
v -1.250000 -20.000000 365.290419
v -1.041667 -20.000000 365.290419
v -0.833333 -20.000000 365.290419
v -0.625000 -20.000000 365.290419
v -0.416667 -20.000000 365.290419
v -0.208333 -20.000000 365.290419
v 0.000000 -20.000000 365.290419
v 0.208333 -20.000000 365.290419
v 0.416667 -20.000000 365.290419
v 0.625000 -20.000000 365.290419
v 0.833333 -20.000000 365.290419
v 1.041667 -20.000000 365.290419
v 1.250000 -20.000000 365.290419
v 1.458333 -20.000000 365.290419
v 1.666667 -20.000000 365.290419
v 1.875000 -20.000000 365.290419
v 2.083333 -20.000000 365.290419
v 2.291667 -20.000000 365.290419
v 2.500000 -20.000000 365.290419
v 2.708333 -20.000000 365.290419
v 2.916667 -20.000000 365.290419
v 3.125000 -20.000000 365.290419
v 3.333333 -20.000000 365.290419
v 3.541667 -20.000000 365.290419
v 3.750000 -20.000000 365.290419
v 3.958333 -20.000000 365.290419
v 4.166667 -20.000000 365.290419
v 4.375000 -20.000000 365.290419
v 4.583333 -20.000000 365.290419
v 4.791667 -20.000000 365.290419
v 5.000000 -20.000000 365.290419
v -5.000000 -20.000000 373.987810
v -4.791667 -20.000000 373.987810
v -4.583333 -20.000000 373.987810
v -4.375000 -20.000000 373.987810
v -4.166667 -20.000000 373.987810
v -3.958333 -20.000000 373.987810
v -3.750000 -20.000000 373.987810
v -3.541667 -20.000000 373.987810
v -3.333333 -20.000000 373.987810
v -3.125000 -20.000000 373.987810
v -2.916667 -20.000000 373.987810
v -2.708333 -20.000000 373.987810
v -2.500000 -20.000000 373.987810
v -2.291667 -20.000000 373.987810
v -2.083333 -20.000000 373.987810
v -1.875000 -20.000000 373.987810
v -1.666667 -20.000000 373.987810
v -1.458333 -20.000000 373.987810
v -1.250000 -20.000000 373.987810
v -1.041667 -20.000000 373.987810
v -0.833333 -20.000000 373.987810
v -0.625000 -20.000000 373.987810
v -0.416667 -20.000000 373.987810
v -0.208333 -20.000000 373.987810
v 0.000000 -20.000000 373.987810
v 0.208333 -20.000000 373.987810
v 0.416667 -20.000000 373.987810
v 0.625000 -20.000000 373.987810
v 0.833333 -20.000000 373.987810
v 1.041667 -20.000000 373.987810
v 1.250000 -20.000000 373.987810
v 1.458333 -20.000000 373.987810
v 1.666667 -20.000000 373.987810
v 1.875000 -20.000000 373.987810
v 2.083333 -20.000000 373.987810
v 2.291667 -20.000000 373.987810
v 2.500000 -20.000000 373.987810
v 2.708333 -20.000000 373.987810
v 2.916667 -20.000000 373.987810
v 3.125000 -20.000000 373.987810
v 3.333333 -20.000000 373.987810
v 3.541667 -20.000000 373.987810
v 3.750000 -20.000000 373.987810
v 3.958333 -20.000000 373.987810
v 4.166667 -20.000000 373.987810
v 4.375000 -20.000000 373.987810
v 4.583333 -20.000000 373.987810
v 4.791667 -20.000000 373.987810
v 5.000000 -20.000000 373.987810
v -5.000000 -20.000000 382.685201
v -4.791667 -20.000000 382.685201
v -4.583333 -20.000000 382.685201
v -4.375000 -20.000000 382.685201
v -4.166667 -20.000000 382.685201
v -3.958333 -20.000000 382.685201
v -3.750000 -20.000000 382.685201
v -3.541667 -20.000000 382.685201
v -3.333333 -20.000000 382.685201
v -3.125000 -20.000000 382.685201
v -2.916667 -20.000000 382.685201
v -2.708333 -20.000000 382.685201
v -2.500000 -20.000000 382.685201
v -2.291667 -20.000000 382.685201
v -2.083333 -20.000000 382.685201
v -1.875000 -20.000000 382.685201
v -1.666667 -20.000000 382.685201
v -1.458333 -20.000000 382.685201
v -1.250000 -20.000000 382.685201
v -1.041667 -20.000000 382.685201
v -0.833333 -20.000000 382.685201
v -0.625000 -20.000000 382.685201
v -0.416667 -20.000000 382.685201
v -0.208333 -20.000000 382.685201
v 0.000000 -20.000000 382.685201
v 0.208333 -20.000000 382.685201
v 0.416667 -20.000000 382.685201
v 0.625000 -20.000000 382.685201
v 0.833333 -20.000000 382.685201
v 1.041667 -20.000000 382.685201
v 1.250000 -20.000000 382.685201
v 1.458333 -20.000000 382.685201
v 1.666667 -20.000000 382.685201
v 1.875000 -20.000000 382.685201
v 2.083333 -20.000000 382.685201
v 2.291667 -20.000000 382.685201
v 2.500000 -20.000000 382.685201
v 2.708333 -20.000000 382.685201
v 2.916667 -20.000000 382.685201
v 3.125000 -20.000000 382.685201
v 3.333333 -20.000000 382.685201
v 3.541667 -20.000000 382.685201
v 3.750000 -20.000000 382.685201
v 3.958333 -20.000000 382.685201
v 4.166667 -20.000000 382.685201
v 4.375000 -20.000000 382.685201
v 4.583333 -20.000000 382.685201
v 4.791667 -20.000000 382.685201
v 5.000000 -20.000000 382.685201
v -5.000000 -20.000000 391.382592
v -4.791667 -20.000000 391.382592
v -4.583333 -20.000000 391.382592
v -4.375000 -20.000000 391.382592
v -4.166667 -20.000000 391.382592
v -3.958333 -20.000000 391.382592
v -3.750000 -20.000000 391.382592
v -3.541667 -20.000000 391.382592
v -3.333333 -20.000000 391.382592
v -3.125000 -20.000000 391.382592
v -2.916667 -20.000000 391.382592
v -2.708333 -20.000000 391.382592
v -2.500000 -20.000000 391.382592
v -2.291667 -20.000000 391.382592
v -2.083333 -20.000000 391.382592
v -1.875000 -20.000000 391.382592
v -1.666667 -20.000000 391.382592
v -1.458333 -20.000000 391.382592
v -1.250000 -20.000000 391.382592
v -1.041667 -20.000000 391.382592
v -0.833333 -20.000000 391.382592
v -0.625000 -20.000000 391.382592
v -0.416667 -20.000000 391.382592
v -0.208333 -20.000000 391.382592
v 0.000000 -20.000000 391.382592
v 0.208333 -20.000000 391.382592
v 0.416667 -20.000000 391.382592
v 0.625000 -20.000000 391.382592
v 0.833333 -20.000000 391.382592
v 1.041667 -20.000000 391.382592
v 1.250000 -20.000000 391.382592
v 1.458333 -20.000000 391.382592
v 1.666667 -20.000000 391.382592
v 1.875000 -20.000000 391.382592
v 2.083333 -20.000000 391.382592
v 2.291667 -20.000000 391.382592
v 2.500000 -20.000000 391.382592
v 2.708333 -20.000000 391.382592
v 2.916667 -20.000000 391.382592
v 3.125000 -20.000000 391.382592
v 3.333333 -20.000000 391.382592
v 3.541667 -20.000000 391.382592
v 3.750000 -20.000000 391.382592
v 3.958333 -20.000000 391.382592
v 4.166667 -20.000000 391.382592
v 4.375000 -20.000000 391.382592
v 4.583333 -20.000000 391.382592
v 4.791667 -20.000000 391.382592
v 5.000000 -20.000000 391.382592
v -5.000000 -20.000000 400.079983
v -4.791667 -20.000000 400.079983
v -4.583333 -20.000000 400.079983
v -4.375000 -20.000000 400.079983
v -4.166667 -20.000000 400.079983
v -3.958333 -20.000000 400.079983
v -3.750000 -20.000000 400.079983
v -3.541667 -20.000000 400.079983
v -3.333333 -20.000000 400.079983
v -3.125000 -20.000000 400.079983
v -2.916667 -20.000000 400.079983
v -2.708333 -20.000000 400.079983
v -2.500000 -20.000000 400.079983
v -2.291667 -20.000000 400.079983
v -2.083333 -20.000000 400.079983
v -1.875000 -20.000000 400.079983
v -1.666667 -20.000000 400.079983
v -1.458333 -20.000000 400.079983
v -1.250000 -20.000000 400.079983
v -1.041667 -20.000000 400.079983
v -0.833333 -20.000000 400.079983
v -0.625000 -20.000000 400.079983
v -0.416667 -20.000000 400.079983
v -0.208333 -20.000000 400.079983
v 0.000000 -20.000000 400.079983
v 0.208333 -20.000000 400.079983
v 0.416667 -20.000000 400.079983
v 0.625000 -20.000000 400.079983
v 0.833333 -20.000000 400.079983
v 1.041667 -20.000000 400.079983
v 1.250000 -20.000000 400.079983
v 1.458333 -20.000000 400.079983
v 1.666667 -20.000000 400.079983
v 1.875000 -20.000000 400.079983
v 2.083333 -20.000000 400.079983
v 2.291667 -20.000000 400.079983
v 2.500000 -20.000000 400.079983
v 2.708333 -20.000000 400.079983
v 2.916667 -20.000000 400.079983
v 3.125000 -20.000000 400.079983
v 3.333333 -20.000000 400.079983
v 3.541667 -20.000000 400.079983
v 3.750000 -20.000000 400.079983
v 3.958333 -20.000000 400.079983
v 4.166667 -20.000000 400.079983
v 4.375000 -20.000000 400.079983
v 4.583333 -20.000000 400.079983
v 4.791667 -20.000000 400.079983
v 5.000000 -20.000000 400.079983
v -5.000000 -20.000000 408.777374
v -4.791667 -20.000000 408.777374
v -4.583333 -20.000000 408.777374
v -4.375000 -20.000000 408.777374
v -4.166667 -20.000000 408.777374
v -3.958333 -20.000000 408.777374
v -3.750000 -20.000000 408.777374
v -3.541667 -20.000000 408.777374
v -3.333333 -20.000000 408.777374
v -3.125000 -20.000000 408.777374
v -2.916667 -20.000000 408.777374
v -2.708333 -20.000000 408.777374
v -2.500000 -20.000000 408.777374
v -2.291667 -20.000000 408.777374
v -2.083333 -20.000000 408.777374
v -1.875000 -20.000000 408.777374
v -1.666667 -20.000000 408.777374
v -1.458333 -20.000000 408.777374
v -1.250000 -20.000000 408.777374
v -1.041667 -20.000000 408.777374
v -0.833333 -20.000000 408.777374
v -0.625000 -20.000000 408.777374
v -0.416667 -20.000000 408.777374
v -0.208333 -20.000000 408.777374
v 0.000000 -20.000000 408.777374
v 0.208333 -20.000000 408.777374
v 0.416667 -20.000000 408.777374
v 0.625000 -20.000000 408.777374
v 0.833333 -20.000000 408.777374
v 1.041667 -20.000000 408.777374
v 1.250000 -20.000000 408.777374
v 1.458333 -20.000000 408.777374
v 1.666667 -20.000000 408.777374
v 1.875000 -20.000000 408.777374
v 2.083333 -20.000000 408.777374
v 2.291667 -20.000000 408.777374
v 2.500000 -20.000000 408.777374
v 2.708333 -20.000000 408.777374
v 2.916667 -20.000000 408.777374
v 3.125000 -20.000000 408.777374
v 3.333333 -20.000000 408.777374
v 3.541667 -20.000000 408.777374
v 3.750000 -20.000000 408.777374
v 3.958333 -20.000000 408.777374
v 4.166667 -20.000000 408.777374
v 4.375000 -20.000000 408.777374
v 4.583333 -20.000000 408.777374
v 4.791667 -20.000000 408.777374
v 5.000000 -20.000000 408.777374
v -5.000000 -20.000000 417.474765
v -4.791667 -20.000000 417.474765
v -4.583333 -20.000000 417.474765
v -4.375000 -20.000000 417.474765
v -4.166667 -20.000000 417.474765
v -3.958333 -20.000000 417.474765
v -3.750000 -20.000000 417.474765
v -3.541667 -20.000000 417.474765
v -3.333333 -20.000000 417.474765
v -3.125000 -20.000000 417.474765
v -2.916667 -20.000000 417.474765
v -2.708333 -20.000000 417.474765
v -2.500000 -20.000000 417.474765
v -2.291667 -20.000000 417.474765
v -2.083333 -20.000000 417.474765
v -1.875000 -20.000000 417.474765
v -1.666667 -20.000000 417.474765
v -1.458333 -20.000000 417.474765
v -1.250000 -20.000000 417.474765
v -1.041667 -20.000000 417.474765
v -0.833333 -20.000000 417.474765
v -0.625000 -20.000000 417.474765
v -0.416667 -20.000000 417.474765
v -0.208333 -20.000000 417.474765
v 0.000000 -20.000000 417.474765
v 0.208333 -20.000000 417.474765
v 0.416667 -20.000000 417.474765
v 0.625000 -20.000000 417.474765
v 0.833333 -20.000000 417.474765
v 1.041667 -20.000000 417.474765
v 1.250000 -20.000000 417.474765
v 1.458333 -20.000000 417.474765
v 1.666667 -20.000000 417.474765
v 1.875000 -20.000000 417.474765
v 2.083333 -20.000000 417.474765
v 2.291667 -20.000000 417.474765
v 2.500000 -20.000000 417.474765
v 2.708333 -20.000000 417.474765
v 2.916667 -20.000000 417.474765
v 3.125000 -20.000000 417.474765
v 3.333333 -20.000000 417.474765
v 3.541667 -20.000000 417.474765
v 3.750000 -20.000000 417.474765
v 3.958333 -20.000000 417.474765
v 4.166667 -20.000000 417.474765
v 4.375000 -20.000000 417.474765
v 4.583333 -20.000000 417.474765
v 4.791667 -20.000000 417.474765
v 5.000000 -20.000000 417.474765
v -5.000000 -20.000000 426.172156
v -4.791667 -20.000000 426.172156
v -4.583333 -20.000000 426.172156
v -4.375000 -20.000000 426.172156
v -4.166667 -20.000000 426.172156
v -3.958333 -20.000000 426.172156
v -3.750000 -20.000000 426.172156
v -3.541667 -20.000000 426.172156
v -3.333333 -20.000000 426.172156
v -3.125000 -20.000000 426.172156
v -2.916667 -20.000000 426.172156
v -2.708333 -20.000000 426.172156
v -2.500000 -20.000000 426.172156
v -2.291667 -20.000000 426.172156
v -2.083333 -20.000000 426.172156
v -1.875000 -20.000000 426.172156
v -1.666667 -20.000000 426.172156
v -1.458333 -20.000000 426.172156
v -1.250000 -20.000000 426.172156
v -1.041667 -20.000000 426.172156
v -0.833333 -20.000000 426.172156
v -0.625000 -20.000000 426.172156
v -0.416667 -20.000000 426.172156
v -0.208333 -20.000000 426.172156
v 0.000000 -20.000000 426.172156
v 0.208333 -20.000000 426.172156
v 0.416667 -20.000000 426.172156
v 0.625000 -20.000000 426.172156
v 0.833333 -20.000000 426.172156
v 1.041667 -20.000000 426.172156
v 1.250000 -20.000000 426.172156
v 1.458333 -20.000000 426.172156
v 1.666667 -20.000000 426.172156
v 1.875000 -20.000000 426.172156
v 2.083333 -20.000000 426.172156
v 2.291667 -20.000000 426.172156
v 2.500000 -20.000000 426.172156
v 2.708333 -20.000000 426.172156
v 2.916667 -20.000000 426.172156
v 3.125000 -20.000000 426.172156
v 3.333333 -20.000000 426.172156
v 3.541667 -20.000000 426.172156
v 3.750000 -20.000000 426.172156
v 3.958333 -20.000000 426.172156
v 4.166667 -20.000000 426.172156
v 4.375000 -20.000000 426.172156
v 4.583333 -20.000000 426.172156
v 4.791667 -20.000000 426.172156
v 5.000000 -20.000000 426.172156
v -5.000000 -20.000000 434.869547
v -4.791667 -20.000000 434.869547
v -4.583333 -20.000000 434.869547
v -4.375000 -20.000000 434.869547
v -4.166667 -20.000000 434.869547
v -3.958333 -20.000000 434.869547
v -3.750000 -20.000000 434.869547
v -3.541667 -20.000000 434.869547
v -3.333333 -20.000000 434.869547
v -3.125000 -20.000000 434.869547
v -2.916667 -20.000000 434.869547
v -2.708333 -20.000000 434.869547
v -2.500000 -20.000000 434.869547
v -2.291667 -20.000000 434.869547
v -2.083333 -20.000000 434.869547
v -1.875000 -20.000000 434.869547
v -1.666667 -20.000000 434.869547
v -1.458333 -20.000000 434.869547
v -1.250000 -20.000000 434.869547
v -1.041667 -20.000000 434.869547
v -0.833333 -20.000000 434.869547
v -0.625000 -20.000000 434.869547
v -0.416667 -20.000000 434.869547
v -0.208333 -20.000000 434.869547
v 0.000000 -20.000000 434.869547
v 0.208333 -20.000000 434.869547
v 0.416667 -20.000000 434.869547
v 0.625000 -20.000000 434.869547
v 0.833333 -20.000000 434.869547
v 1.041667 -20.000000 434.869547
v 1.250000 -20.000000 434.869547
v 1.458333 -20.000000 434.869547
v 1.666667 -20.000000 434.869547
v 1.875000 -20.000000 434.869547
v 2.083333 -20.000000 434.869547
v 2.291667 -20.000000 434.869547
v 2.500000 -20.000000 434.869547
v 2.708333 -20.000000 434.869547
v 2.916667 -20.000000 434.869547
v 3.125000 -20.000000 434.869547
v 3.333333 -20.000000 434.869547
v 3.541667 -20.000000 434.869547
v 3.750000 -20.000000 434.869547
v 3.958333 -20.000000 434.869547
v 4.166667 -20.000000 434.869547
v 4.375000 -20.000000 434.869547
v 4.583333 -20.000000 434.869547
v 4.791667 -20.000000 434.869547
v 5.000000 -20.000000 434.869547
v -5.000000 -20.000000 443.566938
v -4.791667 -20.000000 443.566938
v -4.583333 -20.000000 443.566938
v -4.375000 -20.000000 443.566938
v -4.166667 -20.000000 443.566938
v -3.958333 -20.000000 443.566938
v -3.750000 -20.000000 443.566938
v -3.541667 -20.000000 443.566938
v -3.333333 -20.000000 443.566938
v -3.125000 -20.000000 443.566938
v -2.916667 -20.000000 443.566938
v -2.708333 -20.000000 443.566938
v -2.500000 -20.000000 443.566938
v -2.291667 -20.000000 443.566938
v -2.083333 -20.000000 443.566938
v -1.875000 -20.000000 443.566938
v -1.666667 -20.000000 443.566938
v -1.458333 -20.000000 443.566938
v -1.250000 -20.000000 443.566938
v -1.041667 -20.000000 443.566938
v -0.833333 -20.000000 443.566938
v -0.625000 -20.000000 443.566938
v -0.416667 -20.000000 443.566938
v -0.208333 -20.000000 443.566938
v 0.000000 -20.000000 443.566938
v 0.208333 -20.000000 443.566938
v 0.416667 -20.000000 443.566938
v 0.625000 -20.000000 443.566938
v 0.833333 -20.000000 443.566938
v 1.041667 -20.000000 443.566938
v 1.250000 -20.000000 443.566938
v 1.458333 -20.000000 443.566938
v 1.666667 -20.000000 443.566938
v 1.875000 -20.000000 443.566938
v 2.083333 -20.000000 443.566938
v 2.291667 -20.000000 443.566938
v 2.500000 -20.000000 443.566938
v 2.708333 -20.000000 443.566938
v 2.916667 -20.000000 443.566938
v 3.125000 -20.000000 443.566938
v 3.333333 -20.000000 443.566938
v 3.541667 -20.000000 443.566938
v 3.750000 -20.000000 443.566938
v 3.958333 -20.000000 443.566938
v 4.166667 -20.000000 443.566938
v 4.375000 -20.000000 443.566938
v 4.583333 -20.000000 443.566938
v 4.791667 -20.000000 443.566938
v 5.000000 -20.000000 443.566938
v -5.000000 -20.000000 452.264329
v -4.791667 -20.000000 452.264329
v -4.583333 -20.000000 452.264329
v -4.375000 -20.000000 452.264329
v -4.166667 -20.000000 452.264329
v -3.958333 -20.000000 452.264329
v -3.750000 -20.000000 452.264329
v -3.541667 -20.000000 452.264329
v -3.333333 -20.000000 452.264329
v -3.125000 -20.000000 452.264329
v -2.916667 -20.000000 452.264329
v -2.708333 -20.000000 452.264329
v -2.500000 -20.000000 452.264329
v -2.291667 -20.000000 452.264329
v -2.083333 -20.000000 452.264329
v -1.875000 -20.000000 452.264329
v -1.666667 -20.000000 452.264329
v -1.458333 -20.000000 452.264329
v -1.250000 -20.000000 452.264329
v -1.041667 -20.000000 452.264329
v -0.833333 -20.000000 452.264329
v -0.625000 -20.000000 452.264329
v -0.416667 -20.000000 452.264329
v -0.208333 -20.000000 452.264329
v 0.000000 -20.000000 452.264329
v 0.208333 -20.000000 452.264329
v 0.416667 -20.000000 452.264329
v 0.625000 -20.000000 452.264329
v 0.833333 -20.000000 452.264329
v 1.041667 -20.000000 452.264329
v 1.250000 -20.000000 452.264329
v 1.458333 -20.000000 452.264329
v 1.666667 -20.000000 452.264329
v 1.875000 -20.000000 452.264329
v 2.083333 -20.000000 452.264329
v 2.291667 -20.000000 452.264329
v 2.500000 -20.000000 452.264329
v 2.708333 -20.000000 452.264329
v 2.916667 -20.000000 452.264329
v 3.125000 -20.000000 452.264329
v 3.333333 -20.000000 452.264329
v 3.541667 -20.000000 452.264329
v 3.750000 -20.000000 452.264329
v 3.958333 -20.000000 452.264329
v 4.166667 -20.000000 452.264329
v 4.375000 -20.000000 452.264329
v 4.583333 -20.000000 452.264329
v 4.791667 -20.000000 452.264329
v 5.000000 -20.000000 452.264329
v -5.000000 -20.000000 460.961720
v -4.791667 -20.000000 460.961720
v -4.583333 -20.000000 460.961720
v -4.375000 -20.000000 460.961720
v -4.166667 -20.000000 460.961720
v -3.958333 -20.000000 460.961720
v -3.750000 -20.000000 460.961720
v -3.541667 -20.000000 460.961720
v -3.333333 -20.000000 460.961720
v -3.125000 -20.000000 460.961720
v -2.916667 -20.000000 460.961720
v -2.708333 -20.000000 460.961720
v -2.500000 -20.000000 460.961720
v -2.291667 -20.000000 460.961720
v -2.083333 -20.000000 460.961720
v -1.875000 -20.000000 460.961720
v -1.666667 -20.000000 460.961720
v -1.458333 -20.000000 460.961720
v -1.250000 -20.000000 460.961720
v -1.041667 -20.000000 460.961720
v -0.833333 -20.000000 460.961720
v -0.625000 -20.000000 460.961720
v -0.416667 -20.000000 460.961720
v -0.208333 -20.000000 460.961720
v 0.000000 -20.000000 460.961720
v 0.208333 -20.000000 460.961720
v 0.416667 -20.000000 460.961720
v 0.625000 -20.000000 460.961720
v 0.833333 -20.000000 460.961720
v 1.041667 -20.000000 460.961720
v 1.250000 -20.000000 460.961720
v 1.458333 -20.000000 460.961720
v 1.666667 -20.000000 460.961720
v 1.875000 -20.000000 460.961720
v 2.083333 -20.000000 460.961720
v 2.291667 -20.000000 460.961720
v 2.500000 -20.000000 460.961720
v 2.708333 -20.000000 460.961720
v 2.916667 -20.000000 460.961720
v 3.125000 -20.000000 460.961720
v 3.333333 -20.000000 460.961720
v 3.541667 -20.000000 460.961720
v 3.750000 -20.000000 460.961720
v 3.958333 -20.000000 460.961720
v 4.166667 -20.000000 460.961720
v 4.375000 -20.000000 460.961720
v 4.583333 -20.000000 460.961720
v 4.791667 -20.000000 460.961720
v 5.000000 -20.000000 460.961720
v -5.000000 -20.000000 469.659111
v -4.791667 -20.000000 469.659111
v -4.583333 -20.000000 469.659111
v -4.375000 -20.000000 469.659111
v -4.166667 -20.000000 469.659111
v -3.958333 -20.000000 469.659111
v -3.750000 -20.000000 469.659111
v -3.541667 -20.000000 469.659111
v -3.333333 -20.000000 469.659111
v -3.125000 -20.000000 469.659111
v -2.916667 -20.000000 469.659111
v -2.708333 -20.000000 469.659111
v -2.500000 -20.000000 469.659111
v -2.291667 -20.000000 469.659111
v -2.083333 -20.000000 469.659111
v -1.875000 -20.000000 469.659111
v -1.666667 -20.000000 469.659111
v -1.458333 -20.000000 469.659111
v -1.250000 -20.000000 469.659111
v -1.041667 -20.000000 469.659111
v -0.833333 -20.000000 469.659111
v -0.625000 -20.000000 469.659111
v -0.416667 -20.000000 469.659111
v -0.208333 -20.000000 469.659111
v 0.000000 -20.000000 469.659111
v 0.208333 -20.000000 469.659111
v 0.416667 -20.000000 469.659111
v 0.625000 -20.000000 469.659111
v 0.833333 -20.000000 469.659111
v 1.041667 -20.000000 469.659111
v 1.250000 -20.000000 469.659111
v 1.458333 -20.000000 469.659111
v 1.666667 -20.000000 469.659111
v 1.875000 -20.000000 469.659111
v 2.083333 -20.000000 469.659111
v 2.291667 -20.000000 469.659111
v 2.500000 -20.000000 469.659111
v 2.708333 -20.000000 469.659111
v 2.916667 -20.000000 469.659111
v 3.125000 -20.000000 469.659111
v 3.333333 -20.000000 469.659111
v 3.541667 -20.000000 469.659111
v 3.750000 -20.000000 469.659111
v 3.958333 -20.000000 469.659111
v 4.166667 -20.000000 469.659111
v 4.375000 -20.000000 469.659111
v 4.583333 -20.000000 469.659111
v 4.791667 -20.000000 469.659111
v 5.000000 -20.000000 469.659111
v -5.000000 -20.000000 478.356502
v -4.791667 -20.000000 478.356502
v -4.583333 -20.000000 478.356502
v -4.375000 -20.000000 478.356502
v -4.166667 -20.000000 478.356502
v -3.958333 -20.000000 478.356502
v -3.750000 -20.000000 478.356502
v -3.541667 -20.000000 478.356502
v -3.333333 -20.000000 478.356502
v -3.125000 -20.000000 478.356502
v -2.916667 -20.000000 478.356502
v -2.708333 -20.000000 478.356502
v -2.500000 -20.000000 478.356502
v -2.291667 -20.000000 478.356502
v -2.083333 -20.000000 478.356502
v -1.875000 -20.000000 478.356502
v -1.666667 -20.000000 478.356502
v -1.458333 -20.000000 478.356502
v -1.250000 -20.000000 478.356502
v -1.041667 -20.000000 478.356502
v -0.833333 -20.000000 478.356502
v -0.625000 -20.000000 478.356502
v -0.416667 -20.000000 478.356502
v -0.208333 -20.000000 478.356502
v 0.000000 -20.000000 478.356502
v 0.208333 -20.000000 478.356502
v 0.416667 -20.000000 478.356502
v 0.625000 -20.000000 478.356502
v 0.833333 -20.000000 478.356502
v 1.041667 -20.000000 478.356502
v 1.250000 -20.000000 478.356502
v 1.458333 -20.000000 478.356502
v 1.666667 -20.000000 478.356502
v 1.875000 -20.000000 478.356502
v 2.083333 -20.000000 478.356502
v 2.291667 -20.000000 478.356502
v 2.500000 -20.000000 478.356502
v 2.708333 -20.000000 478.356502
v 2.916667 -20.000000 478.356502
v 3.125000 -20.000000 478.356502
v 3.333333 -20.000000 478.356502
v 3.541667 -20.000000 478.356502
v 3.750000 -20.000000 478.356502
v 3.958333 -20.000000 478.356502
v 4.166667 -20.000000 478.356502
v 4.375000 -20.000000 478.356502
v 4.583333 -20.000000 478.356502
v 4.791667 -20.000000 478.356502
v 5.000000 -20.000000 478.356502
v -5.000000 -20.000000 487.053893
v -4.791667 -20.000000 487.053893
v -4.583333 -20.000000 487.053893
v -4.375000 -20.000000 487.053893
v -4.166667 -20.000000 487.053893
v -3.958333 -20.000000 487.053893
v -3.750000 -20.000000 487.053893
v -3.541667 -20.000000 487.053893
v -3.333333 -20.000000 487.053893
v -3.125000 -20.000000 487.053893
v -2.916667 -20.000000 487.053893
v -2.708333 -20.000000 487.053893
v -2.500000 -20.000000 487.053893
v -2.291667 -20.000000 487.053893
v -2.083333 -20.000000 487.053893
v -1.875000 -20.000000 487.053893
v -1.666667 -20.000000 487.053893
v -1.458333 -20.000000 487.053893
v -1.250000 -20.000000 487.053893
v -1.041667 -20.000000 487.053893
v -0.833333 -20.000000 487.053893
v -0.625000 -20.000000 487.053893
v -0.416667 -20.000000 487.053893
v -0.208333 -20.000000 487.053893
v 0.000000 -20.000000 487.053893
v 0.208333 -20.000000 487.053893
v 0.416667 -20.000000 487.053893
v 0.625000 -20.000000 487.053893
v 0.833333 -20.000000 487.053893
v 1.041667 -20.000000 487.053893
v 1.250000 -20.000000 487.053893
v 1.458333 -20.000000 487.053893
v 1.666667 -20.000000 487.053893
v 1.875000 -20.000000 487.053893
v 2.083333 -20.000000 487.053893
v 2.291667 -20.000000 487.053893
v 2.500000 -20.000000 487.053893
v 2.708333 -20.000000 487.053893
v 2.916667 -20.000000 487.053893
v 3.125000 -20.000000 487.053893
v 3.333333 -20.000000 487.053893
v 3.541667 -20.000000 487.053893
v 3.750000 -20.000000 487.053893
v 3.958333 -20.000000 487.053893
v 4.166667 -20.000000 487.053893
v 4.375000 -20.000000 487.053893
v 4.583333 -20.000000 487.053893
v 4.791667 -20.000000 487.053893
v 5.000000 -20.000000 487.053893
v -5.000000 -20.000000 495.751283
v -4.791667 -20.000000 495.751283
v -4.583333 -20.000000 495.751283
v -4.375000 -20.000000 495.751283
v -4.166667 -20.000000 495.751283
v -3.958333 -20.000000 495.751283
v -3.750000 -20.000000 495.751283
v -3.541667 -20.000000 495.751283
v -3.333333 -20.000000 495.751283
v -3.125000 -20.000000 495.751283
v -2.916667 -20.000000 495.751283
v -2.708333 -20.000000 495.751283
v -2.500000 -20.000000 495.751283
v -2.291667 -20.000000 495.751283
v -2.083333 -20.000000 495.751283
v -1.875000 -20.000000 495.751283
v -1.666667 -20.000000 495.751283
v -1.458333 -20.000000 495.751283
v -1.250000 -20.000000 495.751283
v -1.041667 -20.000000 495.751283
v -0.833333 -20.000000 495.751283
v -0.625000 -20.000000 495.751283
v -0.416667 -20.000000 495.751283
v -0.208333 -20.000000 495.751283
v 0.000000 -20.000000 495.751283
v 0.208333 -20.000000 495.751283
v 0.416667 -20.000000 495.751283
v 0.625000 -20.000000 495.751283
v 0.833333 -20.000000 495.751283
v 1.041667 -20.000000 495.751283
v 1.250000 -20.000000 495.751283
v 1.458333 -20.000000 495.751283
v 1.666667 -20.000000 495.751283
v 1.875000 -20.000000 495.751283
v 2.083333 -20.000000 495.751283
v 2.291667 -20.000000 495.751283
v 2.500000 -20.000000 495.751283
v 2.708333 -20.000000 495.751283
v 2.916667 -20.000000 495.751283
v 3.125000 -20.000000 495.751283
v 3.333333 -20.000000 495.751283
v 3.541667 -20.000000 495.751283
v 3.750000 -20.000000 495.751283
v 3.958333 -20.000000 495.751283
v 4.166667 -20.000000 495.751283
v 4.375000 -20.000000 495.751283
v 4.583333 -20.000000 495.751283
v 4.791667 -20.000000 495.751283
v 5.000000 -20.000000 495.751283
v -5.000000 -20.000000 504.448674
v -4.791667 -20.000000 504.448674
v -4.583333 -20.000000 504.448674
v -4.375000 -20.000000 504.448674
v -4.166667 -20.000000 504.448674
v -3.958333 -20.000000 504.448674
v -3.750000 -20.000000 504.448674
v -3.541667 -20.000000 504.448674
v -3.333333 -20.000000 504.448674
v -3.125000 -20.000000 504.448674
v -2.916667 -20.000000 504.448674
v -2.708333 -20.000000 504.448674
v -2.500000 -20.000000 504.448674
v -2.291667 -20.000000 504.448674
v -2.083333 -20.000000 504.448674
v -1.875000 -20.000000 504.448674
v -1.666667 -20.000000 504.448674
v -1.458333 -20.000000 504.448674
v -1.250000 -20.000000 504.448674
v -1.041667 -20.000000 504.448674
v -0.833333 -20.000000 504.448674
v -0.625000 -20.000000 504.448674
v -0.416667 -20.000000 504.448674
v -0.208333 -20.000000 504.448674
v 0.000000 -20.000000 504.448674
v 0.208333 -20.000000 504.448674
v 0.416667 -20.000000 504.448674
v 0.625000 -20.000000 504.448674
v 0.833333 -20.000000 504.448674
v 1.041667 -20.000000 504.448674
v 1.250000 -20.000000 504.448674
v 1.458333 -20.000000 504.448674
v 1.666667 -20.000000 504.448674
v 1.875000 -20.000000 504.448674
v 2.083333 -20.000000 504.448674
v 2.291667 -20.000000 504.448674
v 2.500000 -20.000000 504.448674
v 2.708333 -20.000000 504.448674
v 2.916667 -20.000000 504.448674
v 3.125000 -20.000000 504.448674
v 3.333333 -20.000000 504.448674
v 3.541667 -20.000000 504.448674
v 3.750000 -20.000000 504.448674
v 3.958333 -20.000000 504.448674
v 4.166667 -20.000000 504.448674
v 4.375000 -20.000000 504.448674
v 4.583333 -20.000000 504.448674
v 4.791667 -20.000000 504.448674
v 5.000000 -20.000000 504.448674
v -5.000000 -20.000000 513.146065
v -4.791667 -20.000000 513.146065
v -4.583333 -20.000000 513.146065
v -4.375000 -20.000000 513.146065
v -4.166667 -20.000000 513.146065
v -3.958333 -20.000000 513.146065
v -3.750000 -20.000000 513.146065
v -3.541667 -20.000000 513.146065
v -3.333333 -20.000000 513.146065
v -3.125000 -20.000000 513.146065
v -2.916667 -20.000000 513.146065
v -2.708333 -20.000000 513.146065
v -2.500000 -20.000000 513.146065
v -2.291667 -20.000000 513.146065
v -2.083333 -20.000000 513.146065
v -1.875000 -20.000000 513.146065
v -1.666667 -20.000000 513.146065
v -1.458333 -20.000000 513.146065
v -1.250000 -20.000000 513.146065
v -1.041667 -20.000000 513.146065
v -0.833333 -20.000000 513.146065
v -0.625000 -20.000000 513.146065
v -0.416667 -20.000000 513.146065
v -0.208333 -20.000000 513.146065
v 0.000000 -20.000000 513.146065
v 0.208333 -20.000000 513.146065
v 0.416667 -20.000000 513.146065
v 0.625000 -20.000000 513.146065
v 0.833333 -20.000000 513.146065
v 1.041667 -20.000000 513.146065
v 1.250000 -20.000000 513.146065
v 1.458333 -20.000000 513.146065
v 1.666667 -20.000000 513.146065
v 1.875000 -20.000000 513.146065
v 2.083333 -20.000000 513.146065
v 2.291667 -20.000000 513.146065
v 2.500000 -20.000000 513.146065
v 2.708333 -20.000000 513.146065
v 2.916667 -20.000000 513.146065
v 3.125000 -20.000000 513.146065
v 3.333333 -20.000000 513.146065
v 3.541667 -20.000000 513.146065
v 3.750000 -20.000000 513.146065
v 3.958333 -20.000000 513.146065
v 4.166667 -20.000000 513.146065
v 4.375000 -20.000000 513.146065
v 4.583333 -20.000000 513.146065
v 4.791667 -20.000000 513.146065
v 5.000000 -20.000000 513.146065
v -5.000000 -20.000000 521.843456
v -4.791667 -20.000000 521.843456
v -4.583333 -20.000000 521.843456
v -4.375000 -20.000000 521.843456
v -4.166667 -20.000000 521.843456
v -3.958333 -20.000000 521.843456
v -3.750000 -20.000000 521.843456
v -3.541667 -20.000000 521.843456
v -3.333333 -20.000000 521.843456
v -3.125000 -20.000000 521.843456
v -2.916667 -20.000000 521.843456
v -2.708333 -20.000000 521.843456
v -2.500000 -20.000000 521.843456
v -2.291667 -20.000000 521.843456
v -2.083333 -20.000000 521.843456
v -1.875000 -20.000000 521.843456
v -1.666667 -20.000000 521.843456
v -1.458333 -20.000000 521.843456
v -1.250000 -20.000000 521.843456
v -1.041667 -20.000000 521.843456
v -0.833333 -20.000000 521.843456
v -0.625000 -20.000000 521.843456
v -0.416667 -20.000000 521.843456
v -0.208333 -20.000000 521.843456
v 0.000000 -20.000000 521.843456
v 0.208333 -20.000000 521.843456
v 0.416667 -20.000000 521.843456
v 0.625000 -20.000000 521.843456
v 0.833333 -20.000000 521.843456
v 1.041667 -20.000000 521.843456
v 1.250000 -20.000000 521.843456
v 1.458333 -20.000000 521.843456
v 1.666667 -20.000000 521.843456
v 1.875000 -20.000000 521.843456
v 2.083333 -20.000000 521.843456
v 2.291667 -20.000000 521.843456
v 2.500000 -20.000000 521.843456
v 2.708333 -20.000000 521.843456
v 2.916667 -20.000000 521.843456
v 3.125000 -20.000000 521.843456
v 3.333333 -20.000000 521.843456
v 3.541667 -20.000000 521.843456
v 3.750000 -20.000000 521.843456
v 3.958333 -20.000000 521.843456
v 4.166667 -20.000000 521.843456
v 4.375000 -20.000000 521.843456
v 4.583333 -20.000000 521.843456
v 4.791667 -20.000000 521.843456
v 5.000000 -20.000000 521.843456
v -5.000000 -20.000000 530.540847
v -4.791667 -20.000000 530.540847
v -4.583333 -20.000000 530.540847
v -4.375000 -20.000000 530.540847
v -4.166667 -20.000000 530.540847
v -3.958333 -20.000000 530.540847
v -3.750000 -20.000000 530.540847
v -3.541667 -20.000000 530.540847
v -3.333333 -20.000000 530.540847
v -3.125000 -20.000000 530.540847
v -2.916667 -20.000000 530.540847
v -2.708333 -20.000000 530.540847
v -2.500000 -20.000000 530.540847
v -2.291667 -20.000000 530.540847
v -2.083333 -20.000000 530.540847
v -1.875000 -20.000000 530.540847
v -1.666667 -20.000000 530.540847
v -1.458333 -20.000000 530.540847
v -1.250000 -20.000000 530.540847
v -1.041667 -20.000000 530.540847
v -0.833333 -20.000000 530.540847
v -0.625000 -20.000000 530.540847
v -0.416667 -20.000000 530.540847
v -0.208333 -20.000000 530.540847
v 0.000000 -20.000000 530.540847
v 0.208333 -20.000000 530.540847
v 0.416667 -20.000000 530.540847
v 0.625000 -20.000000 530.540847
v 0.833333 -20.000000 530.540847
v 1.041667 -20.000000 530.540847
v 1.250000 -20.000000 530.540847
v 1.458333 -20.000000 530.540847
v 1.666667 -20.000000 530.540847
v 1.875000 -20.000000 530.540847
v 2.083333 -20.000000 530.540847
v 2.291667 -20.000000 530.540847
v 2.500000 -20.000000 530.540847
v 2.708333 -20.000000 530.540847
v 2.916667 -20.000000 530.540847
v 3.125000 -20.000000 530.540847
v 3.333333 -20.000000 530.540847
v 3.541667 -20.000000 530.540847
v 3.750000 -20.000000 530.540847
v 3.958333 -20.000000 530.540847
v 4.166667 -20.000000 530.540847
v 4.375000 -20.000000 530.540847
v 4.583333 -20.000000 530.540847
v 4.791667 -20.000000 530.540847
v 5.000000 -20.000000 530.540847
v -5.000000 -20.000000 539.238238
v -4.791667 -20.000000 539.238238
v -4.583333 -20.000000 539.238238
v -4.375000 -20.000000 539.238238
v -4.166667 -20.000000 539.238238
v -3.958333 -20.000000 539.238238
v -3.750000 -20.000000 539.238238
v -3.541667 -20.000000 539.238238
v -3.333333 -20.000000 539.238238
v -3.125000 -20.000000 539.238238
v -2.916667 -20.000000 539.238238
v -2.708333 -20.000000 539.238238
v -2.500000 -20.000000 539.238238
v -2.291667 -20.000000 539.238238
v -2.083333 -20.000000 539.238238
v -1.875000 -20.000000 539.238238
v -1.666667 -20.000000 539.238238
v -1.458333 -20.000000 539.238238
v -1.250000 -20.000000 539.238238
v -1.041667 -20.000000 539.238238
v -0.833333 -20.000000 539.238238
v -0.625000 -20.000000 539.238238
v -0.416667 -20.000000 539.238238
v -0.208333 -20.000000 539.238238
v 0.000000 -20.000000 539.238238
v 0.208333 -20.000000 539.238238
v 0.416667 -20.000000 539.238238
v 0.625000 -20.000000 539.238238
v 0.833333 -20.000000 539.238238
v 1.041667 -20.000000 539.238238
v 1.250000 -20.000000 539.238238
v 1.458333 -20.000000 539.238238
v 1.666667 -20.000000 539.238238
v 1.875000 -20.000000 539.238238
v 2.083333 -20.000000 539.238238
v 2.291667 -20.000000 539.238238
v 2.500000 -20.000000 539.238238
v 2.708333 -20.000000 539.238238
v 2.916667 -20.000000 539.238238
v 3.125000 -20.000000 539.238238
v 3.333333 -20.000000 539.238238
v 3.541667 -20.000000 539.238238
v 3.750000 -20.000000 539.238238
v 3.958333 -20.000000 539.238238
v 4.166667 -20.000000 539.238238
v 4.375000 -20.000000 539.238238
v 4.583333 -20.000000 539.238238
v 4.791667 -20.000000 539.238238
v 5.000000 -20.000000 539.238238
v -5.000000 -20.000000 547.935629
v -4.791667 -20.000000 547.935629
v -4.583333 -20.000000 547.935629
v -4.375000 -20.000000 547.935629
v -4.166667 -20.000000 547.935629
v -3.958333 -20.000000 547.935629
v -3.750000 -20.000000 547.935629
v -3.541667 -20.000000 547.935629
v -3.333333 -20.000000 547.935629
v -3.125000 -20.000000 547.935629
v -2.916667 -20.000000 547.935629
v -2.708333 -20.000000 547.935629
v -2.500000 -20.000000 547.935629
v -2.291667 -20.000000 547.935629
v -2.083333 -20.000000 547.935629
v -1.875000 -20.000000 547.935629
v -1.666667 -20.000000 547.935629
v -1.458333 -20.000000 547.935629
v -1.250000 -20.000000 547.935629
v -1.041667 -20.000000 547.935629
v -0.833333 -20.000000 547.935629
v -0.625000 -20.000000 547.935629
v -0.416667 -20.000000 547.935629
v -0.208333 -20.000000 547.935629
v 0.000000 -20.000000 547.935629
v 0.208333 -20.000000 547.935629
v 0.416667 -20.000000 547.935629
v 0.625000 -20.000000 547.935629
v 0.833333 -20.000000 547.935629
v 1.041667 -20.000000 547.935629
v 1.250000 -20.000000 547.935629
v 1.458333 -20.000000 547.935629
v 1.666667 -20.000000 547.935629
v 1.875000 -20.000000 547.935629
v 2.083333 -20.000000 547.935629
v 2.291667 -20.000000 547.935629
v 2.500000 -20.000000 547.935629
v 2.708333 -20.000000 547.935629
v 2.916667 -20.000000 547.935629
v 3.125000 -20.000000 547.935629
v 3.333333 -20.000000 547.935629
v 3.541667 -20.000000 547.935629
v 3.750000 -20.000000 547.935629
v 3.958333 -20.000000 547.935629
v 4.166667 -20.000000 547.935629
v 4.375000 -20.000000 547.935629
v 4.583333 -20.000000 547.935629
v 4.791667 -20.000000 547.935629
v 5.000000 -20.000000 547.935629
v -5.000000 -20.000000 556.633020
v -4.791667 -20.000000 556.633020
v -4.583333 -20.000000 556.633020
v -4.375000 -20.000000 556.633020
v -4.166667 -20.000000 556.633020
v -3.958333 -20.000000 556.633020
v -3.750000 -20.000000 556.633020
v -3.541667 -20.000000 556.633020
v -3.333333 -20.000000 556.633020
v -3.125000 -20.000000 556.633020
v -2.916667 -20.000000 556.633020
v -2.708333 -20.000000 556.633020
v -2.500000 -20.000000 556.633020
v -2.291667 -20.000000 556.633020
v -2.083333 -20.000000 556.633020
v -1.875000 -20.000000 556.633020
v -1.666667 -20.000000 556.633020
v -1.458333 -20.000000 556.633020
v -1.250000 -20.000000 556.633020
v -1.041667 -20.000000 556.633020
v -0.833333 -20.000000 556.633020
v -0.625000 -20.000000 556.633020
v -0.416667 -20.000000 556.633020
v -0.208333 -20.000000 556.633020
v 0.000000 -20.000000 556.633020
v 0.208333 -20.000000 556.633020
v 0.416667 -20.000000 556.633020
v 0.625000 -20.000000 556.633020
v 0.833333 -20.000000 556.633020
v 1.041667 -20.000000 556.633020
v 1.250000 -20.000000 556.633020
v 1.458333 -20.000000 556.633020
v 1.666667 -20.000000 556.633020
v 1.875000 -20.000000 556.633020
v 2.083333 -20.000000 556.633020
v 2.291667 -20.000000 556.633020
v 2.500000 -20.000000 556.633020
v 2.708333 -20.000000 556.633020
v 2.916667 -20.000000 556.633020
v 3.125000 -20.000000 556.633020
v 3.333333 -20.000000 556.633020
v 3.541667 -20.000000 556.633020
v 3.750000 -20.000000 556.633020
v 3.958333 -20.000000 556.633020
v 4.166667 -20.000000 556.633020
v 4.375000 -20.000000 556.633020
v 4.583333 -20.000000 556.633020
v 4.791667 -20.000000 556.633020
v 5.000000 -20.000000 556.633020
v -5.000000 -20.000000 565.330411
v -4.791667 -20.000000 565.330411
v -4.583333 -20.000000 565.330411
v -4.375000 -20.000000 565.330411
v -4.166667 -20.000000 565.330411
v -3.958333 -20.000000 565.330411
v -3.750000 -20.000000 565.330411
v -3.541667 -20.000000 565.330411
v -3.333333 -20.000000 565.330411
v -3.125000 -20.000000 565.330411
v -2.916667 -20.000000 565.330411
v -2.708333 -20.000000 565.330411
v -2.500000 -20.000000 565.330411
v -2.291667 -20.000000 565.330411
v -2.083333 -20.000000 565.330411
v -1.875000 -20.000000 565.330411
v -1.666667 -20.000000 565.330411
v -1.458333 -20.000000 565.330411
v -1.250000 -20.000000 565.330411
v -1.041667 -20.000000 565.330411
v -0.833333 -20.000000 565.330411
v -0.625000 -20.000000 565.330411
v -0.416667 -20.000000 565.330411
v -0.208333 -20.000000 565.330411
v 0.000000 -20.000000 565.330411
v 0.208333 -20.000000 565.330411
v 0.416667 -20.000000 565.330411
v 0.625000 -20.000000 565.330411
v 0.833333 -20.000000 565.330411
v 1.041667 -20.000000 565.330411
v 1.250000 -20.000000 565.330411
v 1.458333 -20.000000 565.330411
v 1.666667 -20.000000 565.330411
v 1.875000 -20.000000 565.330411
v 2.083333 -20.000000 565.330411
v 2.291667 -20.000000 565.330411
v 2.500000 -20.000000 565.330411
v 2.708333 -20.000000 565.330411
v 2.916667 -20.000000 565.330411
v 3.125000 -20.000000 565.330411
v 3.333333 -20.000000 565.330411
v 3.541667 -20.000000 565.330411
v 3.750000 -20.000000 565.330411
v 3.958333 -20.000000 565.330411
v 4.166667 -20.000000 565.330411
v 4.375000 -20.000000 565.330411
v 4.583333 -20.000000 565.330411
v 4.791667 -20.000000 565.330411
v 5.000000 -20.000000 565.330411
v -5.000000 -20.000000 574.027802
v -4.791667 -20.000000 574.027802
v -4.583333 -20.000000 574.027802
v -4.375000 -20.000000 574.027802
v -4.166667 -20.000000 574.027802
v -3.958333 -20.000000 574.027802
v -3.750000 -20.000000 574.027802
v -3.541667 -20.000000 574.027802
v -3.333333 -20.000000 574.027802
v -3.125000 -20.000000 574.027802
v -2.916667 -20.000000 574.027802
v -2.708333 -20.000000 574.027802
v -2.500000 -20.000000 574.027802
v -2.291667 -20.000000 574.027802
v -2.083333 -20.000000 574.027802
v -1.875000 -20.000000 574.027802
v -1.666667 -20.000000 574.027802
v -1.458333 -20.000000 574.027802
v -1.250000 -20.000000 574.027802
v -1.041667 -20.000000 574.027802
v -0.833333 -20.000000 574.027802
v -0.625000 -20.000000 574.027802
v -0.416667 -20.000000 574.027802
v -0.208333 -20.000000 574.027802
v 0.000000 -20.000000 574.027802
v 0.208333 -20.000000 574.027802
v 0.416667 -20.000000 574.027802
v 0.625000 -20.000000 574.027802
v 0.833333 -20.000000 574.027802
v 1.041667 -20.000000 574.027802
v 1.250000 -20.000000 574.027802
v 1.458333 -20.000000 574.027802
v 1.666667 -20.000000 574.027802
v 1.875000 -20.000000 574.027802
v 2.083333 -20.000000 574.027802
v 2.291667 -20.000000 574.027802
v 2.500000 -20.000000 574.027802
v 2.708333 -20.000000 574.027802
v 2.916667 -20.000000 574.027802
v 3.125000 -20.000000 574.027802
v 3.333333 -20.000000 574.027802
v 3.541667 -20.000000 574.027802
v 3.750000 -20.000000 574.027802
v 3.958333 -20.000000 574.027802
v 4.166667 -20.000000 574.027802
v 4.375000 -20.000000 574.027802
v 4.583333 -20.000000 574.027802
v 4.791667 -20.000000 574.027802
v 5.000000 -20.000000 574.027802
v -5.000000 -20.000000 582.725193
v -4.791667 -20.000000 582.725193
v -4.583333 -20.000000 582.725193
v -4.375000 -20.000000 582.725193
v -4.166667 -20.000000 582.725193
v -3.958333 -20.000000 582.725193
v -3.750000 -20.000000 582.725193
v -3.541667 -20.000000 582.725193
v -3.333333 -20.000000 582.725193
v -3.125000 -20.000000 582.725193
v -2.916667 -20.000000 582.725193
v -2.708333 -20.000000 582.725193
v -2.500000 -20.000000 582.725193
v -2.291667 -20.000000 582.725193
v -2.083333 -20.000000 582.725193
v -1.875000 -20.000000 582.725193
v -1.666667 -20.000000 582.725193
v -1.458333 -20.000000 582.725193
v -1.250000 -20.000000 582.725193
v -1.041667 -20.000000 582.725193
v -0.833333 -20.000000 582.725193
v -0.625000 -20.000000 582.725193
v -0.416667 -20.000000 582.725193
v -0.208333 -20.000000 582.725193
v 0.000000 -20.000000 582.725193
v 0.208333 -20.000000 582.725193
v 0.416667 -20.000000 582.725193
v 0.625000 -20.000000 582.725193
v 0.833333 -20.000000 582.725193
v 1.041667 -20.000000 582.725193
v 1.250000 -20.000000 582.725193
v 1.458333 -20.000000 582.725193
v 1.666667 -20.000000 582.725193
v 1.875000 -20.000000 582.725193
v 2.083333 -20.000000 582.725193
v 2.291667 -20.000000 582.725193
v 2.500000 -20.000000 582.725193
v 2.708333 -20.000000 582.725193
v 2.916667 -20.000000 582.725193
v 3.125000 -20.000000 582.725193
v 3.333333 -20.000000 582.725193
v 3.541667 -20.000000 582.725193
v 3.750000 -20.000000 582.725193
v 3.958333 -20.000000 582.725193
v 4.166667 -20.000000 582.725193
v 4.375000 -20.000000 582.725193
v 4.583333 -20.000000 582.725193
v 4.791667 -20.000000 582.725193
v 5.000000 -20.000000 582.725193
v -5.000000 -20.000000 591.422584
v -4.791667 -20.000000 591.422584
v -4.583333 -20.000000 591.422584
v -4.375000 -20.000000 591.422584
v -4.166667 -20.000000 591.422584
v -3.958333 -20.000000 591.422584
v -3.750000 -20.000000 591.422584
v -3.541667 -20.000000 591.422584
v -3.333333 -20.000000 591.422584
v -3.125000 -20.000000 591.422584
v -2.916667 -20.000000 591.422584
v -2.708333 -20.000000 591.422584
v -2.500000 -20.000000 591.422584
v -2.291667 -20.000000 591.422584
v -2.083333 -20.000000 591.422584
v -1.875000 -20.000000 591.422584
v -1.666667 -20.000000 591.422584
v -1.458333 -20.000000 591.422584
v -1.250000 -20.000000 591.422584
v -1.041667 -20.000000 591.422584
v -0.833333 -20.000000 591.422584
v -0.625000 -20.000000 591.422584
v -0.416667 -20.000000 591.422584
v -0.208333 -20.000000 591.422584
v 0.000000 -20.000000 591.422584
v 0.208333 -20.000000 591.422584
v 0.416667 -20.000000 591.422584
v 0.625000 -20.000000 591.422584
v 0.833333 -20.000000 591.422584
v 1.041667 -20.000000 591.422584
v 1.250000 -20.000000 591.422584
v 1.458333 -20.000000 591.422584
v 1.666667 -20.000000 591.422584
v 1.875000 -20.000000 591.422584
v 2.083333 -20.000000 591.422584
v 2.291667 -20.000000 591.422584
v 2.500000 -20.000000 591.422584
v 2.708333 -20.000000 591.422584
v 2.916667 -20.000000 591.422584
v 3.125000 -20.000000 591.422584
v 3.333333 -20.000000 591.422584
v 3.541667 -20.000000 591.422584
v 3.750000 -20.000000 591.422584
v 3.958333 -20.000000 591.422584
v 4.166667 -20.000000 591.422584
v 4.375000 -20.000000 591.422584
v 4.583333 -20.000000 591.422584
v 4.791667 -20.000000 591.422584
v 5.000000 -20.000000 591.422584
v -5.000000 -20.000000 600.119975
v -4.791667 -20.000000 600.119975
v -4.583333 -20.000000 600.119975
v -4.375000 -20.000000 600.119975
v -4.166667 -20.000000 600.119975
v -3.958333 -20.000000 600.119975
v -3.750000 -20.000000 600.119975
v -3.541667 -20.000000 600.119975
v -3.333333 -20.000000 600.119975
v -3.125000 -20.000000 600.119975
v -2.916667 -20.000000 600.119975
v -2.708333 -20.000000 600.119975
v -2.500000 -20.000000 600.119975
v -2.291667 -20.000000 600.119975
v -2.083333 -20.000000 600.119975
v -1.875000 -20.000000 600.119975
v -1.666667 -20.000000 600.119975
v -1.458333 -20.000000 600.119975
v -1.250000 -20.000000 600.119975
v -1.041667 -20.000000 600.119975
v -0.833333 -20.000000 600.119975
v -0.625000 -20.000000 600.119975
v -0.416667 -20.000000 600.119975
v -0.208333 -20.000000 600.119975
v 0.000000 -20.000000 600.119975
v 0.208333 -20.000000 600.119975
v 0.416667 -20.000000 600.119975
v 0.625000 -20.000000 600.119975
v 0.833333 -20.000000 600.119975
v 1.041667 -20.000000 600.119975
v 1.250000 -20.000000 600.119975
v 1.458333 -20.000000 600.119975
v 1.666667 -20.000000 600.119975
v 1.875000 -20.000000 600.119975
v 2.083333 -20.000000 600.119975
v 2.291667 -20.000000 600.119975
v 2.500000 -20.000000 600.119975
v 2.708333 -20.000000 600.119975
v 2.916667 -20.000000 600.119975
v 3.125000 -20.000000 600.119975
v 3.333333 -20.000000 600.119975
v 3.541667 -20.000000 600.119975
v 3.750000 -20.000000 600.119975
v 3.958333 -20.000000 600.119975
v 4.166667 -20.000000 600.119975
v 4.375000 -20.000000 600.119975
v 4.583333 -20.000000 600.119975
v 4.791667 -20.000000 600.119975
v 5.000000 -20.000000 600.119975
v -5.000000 -20.000000 608.817366
v -4.791667 -20.000000 608.817366
v -4.583333 -20.000000 608.817366
v -4.375000 -20.000000 608.817366
v -4.166667 -20.000000 608.817366
v -3.958333 -20.000000 608.817366
v -3.750000 -20.000000 608.817366
v -3.541667 -20.000000 608.817366
v -3.333333 -20.000000 608.817366
v -3.125000 -20.000000 608.817366
v -2.916667 -20.000000 608.817366
v -2.708333 -20.000000 608.817366
v -2.500000 -20.000000 608.817366
v -2.291667 -20.000000 608.817366
v -2.083333 -20.000000 608.817366
v -1.875000 -20.000000 608.817366
v -1.666667 -20.000000 608.817366
v -1.458333 -20.000000 608.817366
v -1.250000 -20.000000 608.817366
v -1.041667 -20.000000 608.817366
v -0.833333 -20.000000 608.817366
v -0.625000 -20.000000 608.817366
v -0.416667 -20.000000 608.817366
v -0.208333 -20.000000 608.817366
v 0.000000 -20.000000 608.817366
v 0.208333 -20.000000 608.817366
v 0.416667 -20.000000 608.817366
v 0.625000 -20.000000 608.817366
v 0.833333 -20.000000 608.817366
v 1.041667 -20.000000 608.817366
v 1.250000 -20.000000 608.817366
v 1.458333 -20.000000 608.817366
v 1.666667 -20.000000 608.817366
v 1.875000 -20.000000 608.817366
v 2.083333 -20.000000 608.817366
v 2.291667 -20.000000 608.817366
v 2.500000 -20.000000 608.817366
v 2.708333 -20.000000 608.817366
v 2.916667 -20.000000 608.817366
v 3.125000 -20.000000 608.817366
v 3.333333 -20.000000 608.817366
v 3.541667 -20.000000 608.817366
v 3.750000 -20.000000 608.817366
v 3.958333 -20.000000 608.817366
v 4.166667 -20.000000 608.817366
v 4.375000 -20.000000 608.817366
v 4.583333 -20.000000 608.817366
v 4.791667 -20.000000 608.817366
v 5.000000 -20.000000 608.817366
v -5.000000 -20.000000 617.514757
v -4.791667 -20.000000 617.514757
v -4.583333 -20.000000 617.514757
v -4.375000 -20.000000 617.514757
v -4.166667 -20.000000 617.514757
v -3.958333 -20.000000 617.514757
v -3.750000 -20.000000 617.514757
v -3.541667 -20.000000 617.514757
v -3.333333 -20.000000 617.514757
v -3.125000 -20.000000 617.514757
v -2.916667 -20.000000 617.514757
v -2.708333 -20.000000 617.514757
v -2.500000 -20.000000 617.514757
v -2.291667 -20.000000 617.514757
v -2.083333 -20.000000 617.514757
v -1.875000 -20.000000 617.514757
v -1.666667 -20.000000 617.514757
v -1.458333 -20.000000 617.514757
v -1.250000 -20.000000 617.514757
v -1.041667 -20.000000 617.514757
v -0.833333 -20.000000 617.514757
v -0.625000 -20.000000 617.514757
v -0.416667 -20.000000 617.514757
v -0.208333 -20.000000 617.514757
v 0.000000 -20.000000 617.514757
v 0.208333 -20.000000 617.514757
v 0.416667 -20.000000 617.514757
v 0.625000 -20.000000 617.514757
v 0.833333 -20.000000 617.514757
v 1.041667 -20.000000 617.514757
v 1.250000 -20.000000 617.514757
v 1.458333 -20.000000 617.514757
v 1.666667 -20.000000 617.514757
v 1.875000 -20.000000 617.514757
v 2.083333 -20.000000 617.514757
v 2.291667 -20.000000 617.514757
v 2.500000 -20.000000 617.514757
v 2.708333 -20.000000 617.514757
v 2.916667 -20.000000 617.514757
v 3.125000 -20.000000 617.514757
v 3.333333 -20.000000 617.514757
v 3.541667 -20.000000 617.514757
v 3.750000 -20.000000 617.514757
v 3.958333 -20.000000 617.514757
v 4.166667 -20.000000 617.514757
v 4.375000 -20.000000 617.514757
v 4.583333 -20.000000 617.514757
v 4.791667 -20.000000 617.514757
v 5.000000 -20.000000 617.514757
v -5.000000 -20.000000 626.212148
v -4.791667 -20.000000 626.212148
v -4.583333 -20.000000 626.212148
v -4.375000 -20.000000 626.212148
v -4.166667 -20.000000 626.212148
v -3.958333 -20.000000 626.212148
v -3.750000 -20.000000 626.212148
v -3.541667 -20.000000 626.212148
v -3.333333 -20.000000 626.212148
v -3.125000 -20.000000 626.212148
v -2.916667 -20.000000 626.212148
v -2.708333 -20.000000 626.212148
v -2.500000 -20.000000 626.212148
v -2.291667 -20.000000 626.212148
v -2.083333 -20.000000 626.212148
v -1.875000 -20.000000 626.212148
v -1.666667 -20.000000 626.212148
v -1.458333 -20.000000 626.212148
v -1.250000 -20.000000 626.212148
v -1.041667 -20.000000 626.212148
v -0.833333 -20.000000 626.212148
v -0.625000 -20.000000 626.212148
v -0.416667 -20.000000 626.212148
v -0.208333 -20.000000 626.212148
v 0.000000 -20.000000 626.212148
v 0.208333 -20.000000 626.212148
v 0.416667 -20.000000 626.212148
v 0.625000 -20.000000 626.212148
v 0.833333 -20.000000 626.212148
v 1.041667 -20.000000 626.212148
v 1.250000 -20.000000 626.212148
v 1.458333 -20.000000 626.212148
v 1.666667 -20.000000 626.212148
v 1.875000 -20.000000 626.212148
v 2.083333 -20.000000 626.212148
v 2.291667 -20.000000 626.212148
v 2.500000 -20.000000 626.212148
v 2.708333 -20.000000 626.212148
v 2.916667 -20.000000 626.212148
v 3.125000 -20.000000 626.212148
v 3.333333 -20.000000 626.212148
v 3.541667 -20.000000 626.212148
v 3.750000 -20.000000 626.212148
v 3.958333 -20.000000 626.212148
v 4.166667 -20.000000 626.212148
v 4.375000 -20.000000 626.212148
v 4.583333 -20.000000 626.212148
v 4.791667 -20.000000 626.212148
v 5.000000 -20.000000 626.212148
v -5.000000 -20.000000 634.909538
v -4.791667 -20.000000 634.909538
v -4.583333 -20.000000 634.909538
v -4.375000 -20.000000 634.909538
v -4.166667 -20.000000 634.909538
v -3.958333 -20.000000 634.909538
v -3.750000 -20.000000 634.909538
v -3.541667 -20.000000 634.909538
v -3.333333 -20.000000 634.909538
v -3.125000 -20.000000 634.909538
v -2.916667 -20.000000 634.909538
v -2.708333 -20.000000 634.909538
v -2.500000 -20.000000 634.909538
v -2.291667 -20.000000 634.909538
v -2.083333 -20.000000 634.909538
v -1.875000 -20.000000 634.909538
v -1.666667 -20.000000 634.909538
v -1.458333 -20.000000 634.909538
v -1.250000 -20.000000 634.909538
v -1.041667 -20.000000 634.909538
v -0.833333 -20.000000 634.909538
v -0.625000 -20.000000 634.909538
v -0.416667 -20.000000 634.909538
v -0.208333 -20.000000 634.909538
v 0.000000 -20.000000 634.909538
v 0.208333 -20.000000 634.909538
v 0.416667 -20.000000 634.909538
v 0.625000 -20.000000 634.909538
v 0.833333 -20.000000 634.909538
v 1.041667 -20.000000 634.909538
v 1.250000 -20.000000 634.909538
v 1.458333 -20.000000 634.909538
v 1.666667 -20.000000 634.909538
v 1.875000 -20.000000 634.909538
v 2.083333 -20.000000 634.909538
v 2.291667 -20.000000 634.909538
v 2.500000 -20.000000 634.909538
v 2.708333 -20.000000 634.909538
v 2.916667 -20.000000 634.909538
v 3.125000 -20.000000 634.909538
v 3.333333 -20.000000 634.909538
v 3.541667 -20.000000 634.909538
v 3.750000 -20.000000 634.909538
v 3.958333 -20.000000 634.909538
v 4.166667 -20.000000 634.909538
v 4.375000 -20.000000 634.909538
v 4.583333 -20.000000 634.909538
v 4.791667 -20.000000 634.909538
v 5.000000 -20.000000 634.909538
v -5.000000 -20.000000 643.606929
v -4.791667 -20.000000 643.606929
v -4.583333 -20.000000 643.606929
v -4.375000 -20.000000 643.606929
v -4.166667 -20.000000 643.606929
v -3.958333 -20.000000 643.606929
v -3.750000 -20.000000 643.606929
v -3.541667 -20.000000 643.606929
v -3.333333 -20.000000 643.606929
v -3.125000 -20.000000 643.606929
v -2.916667 -20.000000 643.606929
v -2.708333 -20.000000 643.606929
v -2.500000 -20.000000 643.606929
v -2.291667 -20.000000 643.606929
v -2.083333 -20.000000 643.606929
v -1.875000 -20.000000 643.606929
v -1.666667 -20.000000 643.606929
v -1.458333 -20.000000 643.606929
v -1.250000 -20.000000 643.606929
v -1.041667 -20.000000 643.606929
v -0.833333 -20.000000 643.606929
v -0.625000 -20.000000 643.606929
v -0.416667 -20.000000 643.606929
v -0.208333 -20.000000 643.606929
v 0.000000 -20.000000 643.606929
v 0.208333 -20.000000 643.606929
v 0.416667 -20.000000 643.606929
v 0.625000 -20.000000 643.606929
v 0.833333 -20.000000 643.606929
v 1.041667 -20.000000 643.606929
v 1.250000 -20.000000 643.606929
v 1.458333 -20.000000 643.606929
v 1.666667 -20.000000 643.606929
v 1.875000 -20.000000 643.606929
v 2.083333 -20.000000 643.606929
v 2.291667 -20.000000 643.606929
v 2.500000 -20.000000 643.606929
v 2.708333 -20.000000 643.606929
v 2.916667 -20.000000 643.606929
v 3.125000 -20.000000 643.606929
v 3.333333 -20.000000 643.606929
v 3.541667 -20.000000 643.606929
v 3.750000 -20.000000 643.606929
v 3.958333 -20.000000 643.606929
v 4.166667 -20.000000 643.606929
v 4.375000 -20.000000 643.606929
v 4.583333 -20.000000 643.606929
v 4.791667 -20.000000 643.606929
v 5.000000 -20.000000 643.606929
v -5.000000 -20.000000 652.304320
v -4.791667 -20.000000 652.304320
v -4.583333 -20.000000 652.304320
v -4.375000 -20.000000 652.304320
v -4.166667 -20.000000 652.304320
v -3.958333 -20.000000 652.304320
v -3.750000 -20.000000 652.304320
v -3.541667 -20.000000 652.304320
v -3.333333 -20.000000 652.304320
v -3.125000 -20.000000 652.304320
v -2.916667 -20.000000 652.304320
v -2.708333 -20.000000 652.304320
v -2.500000 -20.000000 652.304320
v -2.291667 -20.000000 652.304320
v -2.083333 -20.000000 652.304320
v -1.875000 -20.000000 652.304320
v -1.666667 -20.000000 652.304320
v -1.458333 -20.000000 652.304320
v -1.250000 -20.000000 652.304320
v -1.041667 -20.000000 652.304320
v -0.833333 -20.000000 652.304320
v -0.625000 -20.000000 652.304320
v -0.416667 -20.000000 652.304320
v -0.208333 -20.000000 652.304320
v 0.000000 -20.000000 652.304320
v 0.208333 -20.000000 652.304320
v 0.416667 -20.000000 652.304320
v 0.625000 -20.000000 652.304320
v 0.833333 -20.000000 652.304320
v 1.041667 -20.000000 652.304320
v 1.250000 -20.000000 652.304320
v 1.458333 -20.000000 652.304320
v 1.666667 -20.000000 652.304320
v 1.875000 -20.000000 652.304320
v 2.083333 -20.000000 652.304320
v 2.291667 -20.000000 652.304320
v 2.500000 -20.000000 652.304320
v 2.708333 -20.000000 652.304320
v 2.916667 -20.000000 652.304320
v 3.125000 -20.000000 652.304320
v 3.333333 -20.000000 652.304320
v 3.541667 -20.000000 652.304320
v 3.750000 -20.000000 652.304320
v 3.958333 -20.000000 652.304320
v 4.166667 -20.000000 652.304320
v 4.375000 -20.000000 652.304320
v 4.583333 -20.000000 652.304320
v 4.791667 -20.000000 652.304320
v 5.000000 -20.000000 652.304320
v -5.000000 -20.000000 661.001711
v -4.791667 -20.000000 661.001711
v -4.583333 -20.000000 661.001711
v -4.375000 -20.000000 661.001711
v -4.166667 -20.000000 661.001711
v -3.958333 -20.000000 661.001711
v -3.750000 -20.000000 661.001711
v -3.541667 -20.000000 661.001711
v -3.333333 -20.000000 661.001711
v -3.125000 -20.000000 661.001711
v -2.916667 -20.000000 661.001711
v -2.708333 -20.000000 661.001711
v -2.500000 -20.000000 661.001711
v -2.291667 -20.000000 661.001711
v -2.083333 -20.000000 661.001711
v -1.875000 -20.000000 661.001711
v -1.666667 -20.000000 661.001711
v -1.458333 -20.000000 661.001711
v -1.250000 -20.000000 661.001711
v -1.041667 -20.000000 661.001711
v -0.833333 -20.000000 661.001711
v -0.625000 -20.000000 661.001711
v -0.416667 -20.000000 661.001711
v -0.208333 -20.000000 661.001711
v 0.000000 -20.000000 661.001711
v 0.208333 -20.000000 661.001711
v 0.416667 -20.000000 661.001711
v 0.625000 -20.000000 661.001711
v 0.833333 -20.000000 661.001711
v 1.041667 -20.000000 661.001711
v 1.250000 -20.000000 661.001711
v 1.458333 -20.000000 661.001711
v 1.666667 -20.000000 661.001711
v 1.875000 -20.000000 661.001711
v 2.083333 -20.000000 661.001711
v 2.291667 -20.000000 661.001711
v 2.500000 -20.000000 661.001711
v 2.708333 -20.000000 661.001711
v 2.916667 -20.000000 661.001711
v 3.125000 -20.000000 661.001711
v 3.333333 -20.000000 661.001711
v 3.541667 -20.000000 661.001711
v 3.750000 -20.000000 661.001711
v 3.958333 -20.000000 661.001711
v 4.166667 -20.000000 661.001711
v 4.375000 -20.000000 661.001711
v 4.583333 -20.000000 661.001711
v 4.791667 -20.000000 661.001711
v 5.000000 -20.000000 661.001711
v -5.000000 -20.000000 669.699102
v -4.791667 -20.000000 669.699102
v -4.583333 -20.000000 669.699102
v -4.375000 -20.000000 669.699102
v -4.166667 -20.000000 669.699102
v -3.958333 -20.000000 669.699102
v -3.750000 -20.000000 669.699102
v -3.541667 -20.000000 669.699102
v -3.333333 -20.000000 669.699102
v -3.125000 -20.000000 669.699102
v -2.916667 -20.000000 669.699102
v -2.708333 -20.000000 669.699102
v -2.500000 -20.000000 669.699102
v -2.291667 -20.000000 669.699102
v -2.083333 -20.000000 669.699102
v -1.875000 -20.000000 669.699102
v -1.666667 -20.000000 669.699102
v -1.458333 -20.000000 669.699102
v -1.250000 -20.000000 669.699102
v -1.041667 -20.000000 669.699102
v -0.833333 -20.000000 669.699102
v -0.625000 -20.000000 669.699102
v -0.416667 -20.000000 669.699102
v -0.208333 -20.000000 669.699102
v 0.000000 -20.000000 669.699102
v 0.208333 -20.000000 669.699102
v 0.416667 -20.000000 669.699102
v 0.625000 -20.000000 669.699102
v 0.833333 -20.000000 669.699102
v 1.041667 -20.000000 669.699102
v 1.250000 -20.000000 669.699102
v 1.458333 -20.000000 669.699102
v 1.666667 -20.000000 669.699102
v 1.875000 -20.000000 669.699102
v 2.083333 -20.000000 669.699102
v 2.291667 -20.000000 669.699102
v 2.500000 -20.000000 669.699102
v 2.708333 -20.000000 669.699102
v 2.916667 -20.000000 669.699102
v 3.125000 -20.000000 669.699102
v 3.333333 -20.000000 669.699102
v 3.541667 -20.000000 669.699102
v 3.750000 -20.000000 669.699102
v 3.958333 -20.000000 669.699102
v 4.166667 -20.000000 669.699102
v 4.375000 -20.000000 669.699102
v 4.583333 -20.000000 669.699102
v 4.791667 -20.000000 669.699102
v 5.000000 -20.000000 669.699102
v -5.000000 -20.000000 678.396493
v -4.791667 -20.000000 678.396493
v -4.583333 -20.000000 678.396493
v -4.375000 -20.000000 678.396493
v -4.166667 -20.000000 678.396493
v -3.958333 -20.000000 678.396493
v -3.750000 -20.000000 678.396493
v -3.541667 -20.000000 678.396493
v -3.333333 -20.000000 678.396493
v -3.125000 -20.000000 678.396493
v -2.916667 -20.000000 678.396493
v -2.708333 -20.000000 678.396493
v -2.500000 -20.000000 678.396493
v -2.291667 -20.000000 678.396493
v -2.083333 -20.000000 678.396493
v -1.875000 -20.000000 678.396493
v -1.666667 -20.000000 678.396493
v -1.458333 -20.000000 678.396493
v -1.250000 -20.000000 678.396493
v -1.041667 -20.000000 678.396493
v -0.833333 -20.000000 678.396493
v -0.625000 -20.000000 678.396493
v -0.416667 -20.000000 678.396493
v -0.208333 -20.000000 678.396493
v 0.000000 -20.000000 678.396493
v 0.208333 -20.000000 678.396493
v 0.416667 -20.000000 678.396493
v 0.625000 -20.000000 678.396493
v 0.833333 -20.000000 678.396493
v 1.041667 -20.000000 678.396493
v 1.250000 -20.000000 678.396493
v 1.458333 -20.000000 678.396493
v 1.666667 -20.000000 678.396493
v 1.875000 -20.000000 678.396493
v 2.083333 -20.000000 678.396493
v 2.291667 -20.000000 678.396493
v 2.500000 -20.000000 678.396493
v 2.708333 -20.000000 678.396493
v 2.916667 -20.000000 678.396493
v 3.125000 -20.000000 678.396493
v 3.333333 -20.000000 678.396493
v 3.541667 -20.000000 678.396493
v 3.750000 -20.000000 678.396493
v 3.958333 -20.000000 678.396493
v 4.166667 -20.000000 678.396493
v 4.375000 -20.000000 678.396493
v 4.583333 -20.000000 678.396493
v 4.791667 -20.000000 678.396493
v 5.000000 -20.000000 678.396493
v -5.000000 -20.000000 687.093884
v -4.791667 -20.000000 687.093884
v -4.583333 -20.000000 687.093884
v -4.375000 -20.000000 687.093884
v -4.166667 -20.000000 687.093884
v -3.958333 -20.000000 687.093884
v -3.750000 -20.000000 687.093884
v -3.541667 -20.000000 687.093884
v -3.333333 -20.000000 687.093884
v -3.125000 -20.000000 687.093884
v -2.916667 -20.000000 687.093884
v -2.708333 -20.000000 687.093884
v -2.500000 -20.000000 687.093884
v -2.291667 -20.000000 687.093884
v -2.083333 -20.000000 687.093884
v -1.875000 -20.000000 687.093884
v -1.666667 -20.000000 687.093884
v -1.458333 -20.000000 687.093884
v -1.250000 -20.000000 687.093884
v -1.041667 -20.000000 687.093884
v -0.833333 -20.000000 687.093884
v -0.625000 -20.000000 687.093884
v -0.416667 -20.000000 687.093884
v -0.208333 -20.000000 687.093884
v 0.000000 -20.000000 687.093884
v 0.208333 -20.000000 687.093884
v 0.416667 -20.000000 687.093884
v 0.625000 -20.000000 687.093884
v 0.833333 -20.000000 687.093884
v 1.041667 -20.000000 687.093884
v 1.250000 -20.000000 687.093884
v 1.458333 -20.000000 687.093884
v 1.666667 -20.000000 687.093884
v 1.875000 -20.000000 687.093884
v 2.083333 -20.000000 687.093884
v 2.291667 -20.000000 687.093884
v 2.500000 -20.000000 687.093884
v 2.708333 -20.000000 687.093884
v 2.916667 -20.000000 687.093884
v 3.125000 -20.000000 687.093884
v 3.333333 -20.000000 687.093884
v 3.541667 -20.000000 687.093884
v 3.750000 -20.000000 687.093884
v 3.958333 -20.000000 687.093884
v 4.166667 -20.000000 687.093884
v 4.375000 -20.000000 687.093884
v 4.583333 -20.000000 687.093884
v 4.791667 -20.000000 687.093884
v 5.000000 -20.000000 687.093884
v -5.000000 -20.000000 695.791275
v -4.791667 -20.000000 695.791275
v -4.583333 -20.000000 695.791275
v -4.375000 -20.000000 695.791275
v -4.166667 -20.000000 695.791275
v -3.958333 -20.000000 695.791275
v -3.750000 -20.000000 695.791275
v -3.541667 -20.000000 695.791275
v -3.333333 -20.000000 695.791275
v -3.125000 -20.000000 695.791275
v -2.916667 -20.000000 695.791275
v -2.708333 -20.000000 695.791275
v -2.500000 -20.000000 695.791275
v -2.291667 -20.000000 695.791275
v -2.083333 -20.000000 695.791275
v -1.875000 -20.000000 695.791275
v -1.666667 -20.000000 695.791275
v -1.458333 -20.000000 695.791275
v -1.250000 -20.000000 695.791275
v -1.041667 -20.000000 695.791275
v -0.833333 -20.000000 695.791275
v -0.625000 -20.000000 695.791275
v -0.416667 -20.000000 695.791275
v -0.208333 -20.000000 695.791275
v 0.000000 -20.000000 695.791275
v 0.208333 -20.000000 695.791275
v 0.416667 -20.000000 695.791275
v 0.625000 -20.000000 695.791275
v 0.833333 -20.000000 695.791275
v 1.041667 -20.000000 695.791275
v 1.250000 -20.000000 695.791275
v 1.458333 -20.000000 695.791275
v 1.666667 -20.000000 695.791275
v 1.875000 -20.000000 695.791275
v 2.083333 -20.000000 695.791275
v 2.291667 -20.000000 695.791275
v 2.500000 -20.000000 695.791275
v 2.708333 -20.000000 695.791275
v 2.916667 -20.000000 695.791275
v 3.125000 -20.000000 695.791275
v 3.333333 -20.000000 695.791275
v 3.541667 -20.000000 695.791275
v 3.750000 -20.000000 695.791275
v 3.958333 -20.000000 695.791275
v 4.166667 -20.000000 695.791275
v 4.375000 -20.000000 695.791275
v 4.583333 -20.000000 695.791275
v 4.791667 -20.000000 695.791275
v 5.000000 -20.000000 695.791275
v -5.000000 -20.000000 704.488666
v -4.791667 -20.000000 704.488666
v -4.583333 -20.000000 704.488666
v -4.375000 -20.000000 704.488666
v -4.166667 -20.000000 704.488666
v -3.958333 -20.000000 704.488666
v -3.750000 -20.000000 704.488666
v -3.541667 -20.000000 704.488666
v -3.333333 -20.000000 704.488666
v -3.125000 -20.000000 704.488666
v -2.916667 -20.000000 704.488666
v -2.708333 -20.000000 704.488666
v -2.500000 -20.000000 704.488666
v -2.291667 -20.000000 704.488666
v -2.083333 -20.000000 704.488666
v -1.875000 -20.000000 704.488666
v -1.666667 -20.000000 704.488666
v -1.458333 -20.000000 704.488666
v -1.250000 -20.000000 704.488666
v -1.041667 -20.000000 704.488666
v -0.833333 -20.000000 704.488666
v -0.625000 -20.000000 704.488666
v -0.416667 -20.000000 704.488666
v -0.208333 -20.000000 704.488666
v 0.000000 -20.000000 704.488666
v 0.208333 -20.000000 704.488666
v 0.416667 -20.000000 704.488666
v 0.625000 -20.000000 704.488666
v 0.833333 -20.000000 704.488666
v 1.041667 -20.000000 704.488666
v 1.250000 -20.000000 704.488666
v 1.458333 -20.000000 704.488666
v 1.666667 -20.000000 704.488666
v 1.875000 -20.000000 704.488666
v 2.083333 -20.000000 704.488666
v 2.291667 -20.000000 704.488666
v 2.500000 -20.000000 704.488666
v 2.708333 -20.000000 704.488666
v 2.916667 -20.000000 704.488666
v 3.125000 -20.000000 704.488666
v 3.333333 -20.000000 704.488666
v 3.541667 -20.000000 704.488666
v 3.750000 -20.000000 704.488666
v 3.958333 -20.000000 704.488666
v 4.166667 -20.000000 704.488666
v 4.375000 -20.000000 704.488666
v 4.583333 -20.000000 704.488666
v 4.791667 -20.000000 704.488666
v 5.000000 -20.000000 704.488666
v -5.000000 -20.000000 713.186057
v -4.791667 -20.000000 713.186057
v -4.583333 -20.000000 713.186057
v -4.375000 -20.000000 713.186057
v -4.166667 -20.000000 713.186057
v -3.958333 -20.000000 713.186057
v -3.750000 -20.000000 713.186057
v -3.541667 -20.000000 713.186057
v -3.333333 -20.000000 713.186057
v -3.125000 -20.000000 713.186057
v -2.916667 -20.000000 713.186057
v -2.708333 -20.000000 713.186057
v -2.500000 -20.000000 713.186057
v -2.291667 -20.000000 713.186057
v -2.083333 -20.000000 713.186057
v -1.875000 -20.000000 713.186057
v -1.666667 -20.000000 713.186057
v -1.458333 -20.000000 713.186057
v -1.250000 -20.000000 713.186057
v -1.041667 -20.000000 713.186057
v -0.833333 -20.000000 713.186057
v -0.625000 -20.000000 713.186057
v -0.416667 -20.000000 713.186057
v -0.208333 -20.000000 713.186057
v 0.000000 -20.000000 713.186057
v 0.208333 -20.000000 713.186057
v 0.416667 -20.000000 713.186057
v 0.625000 -20.000000 713.186057
v 0.833333 -20.000000 713.186057
v 1.041667 -20.000000 713.186057
v 1.250000 -20.000000 713.186057
v 1.458333 -20.000000 713.186057
v 1.666667 -20.000000 713.186057
v 1.875000 -20.000000 713.186057
v 2.083333 -20.000000 713.186057
v 2.291667 -20.000000 713.186057
v 2.500000 -20.000000 713.186057
v 2.708333 -20.000000 713.186057
v 2.916667 -20.000000 713.186057
v 3.125000 -20.000000 713.186057
v 3.333333 -20.000000 713.186057
v 3.541667 -20.000000 713.186057
v 3.750000 -20.000000 713.186057
v 3.958333 -20.000000 713.186057
v 4.166667 -20.000000 713.186057
v 4.375000 -20.000000 713.186057
v 4.583333 -20.000000 713.186057
v 4.791667 -20.000000 713.186057
v 5.000000 -20.000000 713.186057
v -5.000000 -20.000000 721.883448
v -4.791667 -20.000000 721.883448
v -4.583333 -20.000000 721.883448
v -4.375000 -20.000000 721.883448
v -4.166667 -20.000000 721.883448
v -3.958333 -20.000000 721.883448
v -3.750000 -20.000000 721.883448
v -3.541667 -20.000000 721.883448
v -3.333333 -20.000000 721.883448
v -3.125000 -20.000000 721.883448
v -2.916667 -20.000000 721.883448
v -2.708333 -20.000000 721.883448
v -2.500000 -20.000000 721.883448
v -2.291667 -20.000000 721.883448
v -2.083333 -20.000000 721.883448
v -1.875000 -20.000000 721.883448
v -1.666667 -20.000000 721.883448
v -1.458333 -20.000000 721.883448
v -1.250000 -20.000000 721.883448
v -1.041667 -20.000000 721.883448
v -0.833333 -20.000000 721.883448
v -0.625000 -20.000000 721.883448
v -0.416667 -20.000000 721.883448
v -0.208333 -20.000000 721.883448
v 0.000000 -20.000000 721.883448
v 0.208333 -20.000000 721.883448
v 0.416667 -20.000000 721.883448
v 0.625000 -20.000000 721.883448
v 0.833333 -20.000000 721.883448
v 1.041667 -20.000000 721.883448
v 1.250000 -20.000000 721.883448
v 1.458333 -20.000000 721.883448
v 1.666667 -20.000000 721.883448
v 1.875000 -20.000000 721.883448
v 2.083333 -20.000000 721.883448
v 2.291667 -20.000000 721.883448
v 2.500000 -20.000000 721.883448
v 2.708333 -20.000000 721.883448
v 2.916667 -20.000000 721.883448
v 3.125000 -20.000000 721.883448
v 3.333333 -20.000000 721.883448
v 3.541667 -20.000000 721.883448
v 3.750000 -20.000000 721.883448
v 3.958333 -20.000000 721.883448
v 4.166667 -20.000000 721.883448
v 4.375000 -20.000000 721.883448
v 4.583333 -20.000000 721.883448
v 4.791667 -20.000000 721.883448
v 5.000000 -20.000000 721.883448
v -5.000000 -20.000000 730.580839
v -4.791667 -20.000000 730.580839
v -4.583333 -20.000000 730.580839
v -4.375000 -20.000000 730.580839
v -4.166667 -20.000000 730.580839
v -3.958333 -20.000000 730.580839
v -3.750000 -20.000000 730.580839
v -3.541667 -20.000000 730.580839
v -3.333333 -20.000000 730.580839
v -3.125000 -20.000000 730.580839
v -2.916667 -20.000000 730.580839
v -2.708333 -20.000000 730.580839
v -2.500000 -20.000000 730.580839
v -2.291667 -20.000000 730.580839
v -2.083333 -20.000000 730.580839
v -1.875000 -20.000000 730.580839
v -1.666667 -20.000000 730.580839
v -1.458333 -20.000000 730.580839
v -1.250000 -20.000000 730.580839
v -1.041667 -20.000000 730.580839
v -0.833333 -20.000000 730.580839
v -0.625000 -20.000000 730.580839
v -0.416667 -20.000000 730.580839
v -0.208333 -20.000000 730.580839
v 0.000000 -20.000000 730.580839
v 0.208333 -20.000000 730.580839
v 0.416667 -20.000000 730.580839
v 0.625000 -20.000000 730.580839
v 0.833333 -20.000000 730.580839
v 1.041667 -20.000000 730.580839
v 1.250000 -20.000000 730.580839
v 1.458333 -20.000000 730.580839
v 1.666667 -20.000000 730.580839
v 1.875000 -20.000000 730.580839
v 2.083333 -20.000000 730.580839
v 2.291667 -20.000000 730.580839
v 2.500000 -20.000000 730.580839
v 2.708333 -20.000000 730.580839
v 2.916667 -20.000000 730.580839
v 3.125000 -20.000000 730.580839
v 3.333333 -20.000000 730.580839
v 3.541667 -20.000000 730.580839
v 3.750000 -20.000000 730.580839
v 3.958333 -20.000000 730.580839
v 4.166667 -20.000000 730.580839
v 4.375000 -20.000000 730.580839
v 4.583333 -20.000000 730.580839
v 4.791667 -20.000000 730.580839
v 5.000000 -20.000000 730.580839
v -5.000000 -20.000000 739.278230
v -4.791667 -20.000000 739.278230
v -4.583333 -20.000000 739.278230
v -4.375000 -20.000000 739.278230
v -4.166667 -20.000000 739.278230
v -3.958333 -20.000000 739.278230
v -3.750000 -20.000000 739.278230
v -3.541667 -20.000000 739.278230
v -3.333333 -20.000000 739.278230
v -3.125000 -20.000000 739.278230
v -2.916667 -20.000000 739.278230
v -2.708333 -20.000000 739.278230
v -2.500000 -20.000000 739.278230
v -2.291667 -20.000000 739.278230
v -2.083333 -20.000000 739.278230
v -1.875000 -20.000000 739.278230
v -1.666667 -20.000000 739.278230
v -1.458333 -20.000000 739.278230
v -1.250000 -20.000000 739.278230
v -1.041667 -20.000000 739.278230
v -0.833333 -20.000000 739.278230
v -0.625000 -20.000000 739.278230
v -0.416667 -20.000000 739.278230
v -0.208333 -20.000000 739.278230
v 0.000000 -20.000000 739.278230
v 0.208333 -20.000000 739.278230
v 0.416667 -20.000000 739.278230
v 0.625000 -20.000000 739.278230
v 0.833333 -20.000000 739.278230
v 1.041667 -20.000000 739.278230
v 1.250000 -20.000000 739.278230
v 1.458333 -20.000000 739.278230
v 1.666667 -20.000000 739.278230
v 1.875000 -20.000000 739.278230
v 2.083333 -20.000000 739.278230
v 2.291667 -20.000000 739.278230
v 2.500000 -20.000000 739.278230
v 2.708333 -20.000000 739.278230
v 2.916667 -20.000000 739.278230
v 3.125000 -20.000000 739.278230
v 3.333333 -20.000000 739.278230
v 3.541667 -20.000000 739.278230
v 3.750000 -20.000000 739.278230
v 3.958333 -20.000000 739.278230
v 4.166667 -20.000000 739.278230
v 4.375000 -20.000000 739.278230
v 4.583333 -20.000000 739.278230
v 4.791667 -20.000000 739.278230
v 5.000000 -20.000000 739.278230
v -5.000000 -20.000000 747.975621
v -4.791667 -20.000000 747.975621
v -4.583333 -20.000000 747.975621
v -4.375000 -20.000000 747.975621
v -4.166667 -20.000000 747.975621
v -3.958333 -20.000000 747.975621
v -3.750000 -20.000000 747.975621
v -3.541667 -20.000000 747.975621
v -3.333333 -20.000000 747.975621
v -3.125000 -20.000000 747.975621
v -2.916667 -20.000000 747.975621
v -2.708333 -20.000000 747.975621
v -2.500000 -20.000000 747.975621
v -2.291667 -20.000000 747.975621
v -2.083333 -20.000000 747.975621
v -1.875000 -20.000000 747.975621
v -1.666667 -20.000000 747.975621
v -1.458333 -20.000000 747.975621
v -1.250000 -20.000000 747.975621
v -1.041667 -20.000000 747.975621
v -0.833333 -20.000000 747.975621
v -0.625000 -20.000000 747.975621
v -0.416667 -20.000000 747.975621
v -0.208333 -20.000000 747.975621
v 0.000000 -20.000000 747.975621
v 0.208333 -20.000000 747.975621
v 0.416667 -20.000000 747.975621
v 0.625000 -20.000000 747.975621
v 0.833333 -20.000000 747.975621
v 1.041667 -20.000000 747.975621
v 1.250000 -20.000000 747.975621
v 1.458333 -20.000000 747.975621
v 1.666667 -20.000000 747.975621
v 1.875000 -20.000000 747.975621
v 2.083333 -20.000000 747.975621
v 2.291667 -20.000000 747.975621
v 2.500000 -20.000000 747.975621
v 2.708333 -20.000000 747.975621
v 2.916667 -20.000000 747.975621
v 3.125000 -20.000000 747.975621
v 3.333333 -20.000000 747.975621
v 3.541667 -20.000000 747.975621
v 3.750000 -20.000000 747.975621
v 3.958333 -20.000000 747.975621
v 4.166667 -20.000000 747.975621
v 4.375000 -20.000000 747.975621
v 4.583333 -20.000000 747.975621
v 4.791667 -20.000000 747.975621
v 5.000000 -20.000000 747.975621
v -5.000000 -20.000000 756.673012
v -4.791667 -20.000000 756.673012
v -4.583333 -20.000000 756.673012
v -4.375000 -20.000000 756.673012
v -4.166667 -20.000000 756.673012
v -3.958333 -20.000000 756.673012
v -3.750000 -20.000000 756.673012
v -3.541667 -20.000000 756.673012
v -3.333333 -20.000000 756.673012
v -3.125000 -20.000000 756.673012
v -2.916667 -20.000000 756.673012
v -2.708333 -20.000000 756.673012
v -2.500000 -20.000000 756.673012
v -2.291667 -20.000000 756.673012
v -2.083333 -20.000000 756.673012
v -1.875000 -20.000000 756.673012
v -1.666667 -20.000000 756.673012
v -1.458333 -20.000000 756.673012
v -1.250000 -20.000000 756.673012
v -1.041667 -20.000000 756.673012
v -0.833333 -20.000000 756.673012
v -0.625000 -20.000000 756.673012
v -0.416667 -20.000000 756.673012
v -0.208333 -20.000000 756.673012
v 0.000000 -20.000000 756.673012
v 0.208333 -20.000000 756.673012
v 0.416667 -20.000000 756.673012
v 0.625000 -20.000000 756.673012
v 0.833333 -20.000000 756.673012
v 1.041667 -20.000000 756.673012
v 1.250000 -20.000000 756.673012
v 1.458333 -20.000000 756.673012
v 1.666667 -20.000000 756.673012
v 1.875000 -20.000000 756.673012
v 2.083333 -20.000000 756.673012
v 2.291667 -20.000000 756.673012
v 2.500000 -20.000000 756.673012
v 2.708333 -20.000000 756.673012
v 2.916667 -20.000000 756.673012
v 3.125000 -20.000000 756.673012
v 3.333333 -20.000000 756.673012
v 3.541667 -20.000000 756.673012
v 3.750000 -20.000000 756.673012
v 3.958333 -20.000000 756.673012
v 4.166667 -20.000000 756.673012
v 4.375000 -20.000000 756.673012
v 4.583333 -20.000000 756.673012
v 4.791667 -20.000000 756.673012
v 5.000000 -20.000000 756.673012
v -5.000000 -20.000000 765.370403
v -4.791667 -20.000000 765.370403
v -4.583333 -20.000000 765.370403
v -4.375000 -20.000000 765.370403
v -4.166667 -20.000000 765.370403
v -3.958333 -20.000000 765.370403
v -3.750000 -20.000000 765.370403
v -3.541667 -20.000000 765.370403
v -3.333333 -20.000000 765.370403
v -3.125000 -20.000000 765.370403
v -2.916667 -20.000000 765.370403
v -2.708333 -20.000000 765.370403
v -2.500000 -20.000000 765.370403
v -2.291667 -20.000000 765.370403
v -2.083333 -20.000000 765.370403
v -1.875000 -20.000000 765.370403
v -1.666667 -20.000000 765.370403
v -1.458333 -20.000000 765.370403
v -1.250000 -20.000000 765.370403
v -1.041667 -20.000000 765.370403
v -0.833333 -20.000000 765.370403
v -0.625000 -20.000000 765.370403
v -0.416667 -20.000000 765.370403
v -0.208333 -20.000000 765.370403
v 0.000000 -20.000000 765.370403
v 0.208333 -20.000000 765.370403
v 0.416667 -20.000000 765.370403
v 0.625000 -20.000000 765.370403
v 0.833333 -20.000000 765.370403
v 1.041667 -20.000000 765.370403
v 1.250000 -20.000000 765.370403
v 1.458333 -20.000000 765.370403
v 1.666667 -20.000000 765.370403
v 1.875000 -20.000000 765.370403
v 2.083333 -20.000000 765.370403
v 2.291667 -20.000000 765.370403
v 2.500000 -20.000000 765.370403
v 2.708333 -20.000000 765.370403
v 2.916667 -20.000000 765.370403
v 3.125000 -20.000000 765.370403
v 3.333333 -20.000000 765.370403
v 3.541667 -20.000000 765.370403
v 3.750000 -20.000000 765.370403
v 3.958333 -20.000000 765.370403
v 4.166667 -20.000000 765.370403
v 4.375000 -20.000000 765.370403
v 4.583333 -20.000000 765.370403
v 4.791667 -20.000000 765.370403
v 5.000000 -20.000000 765.370403
v -5.000000 -20.000000 774.067793
v -4.791667 -20.000000 774.067793
v -4.583333 -20.000000 774.067793
v -4.375000 -20.000000 774.067793
v -4.166667 -20.000000 774.067793
v -3.958333 -20.000000 774.067793
v -3.750000 -20.000000 774.067793
v -3.541667 -20.000000 774.067793
v -3.333333 -20.000000 774.067793
v -3.125000 -20.000000 774.067793
v -2.916667 -20.000000 774.067793
v -2.708333 -20.000000 774.067793
v -2.500000 -20.000000 774.067793
v -2.291667 -20.000000 774.067793
v -2.083333 -20.000000 774.067793
v -1.875000 -20.000000 774.067793
v -1.666667 -20.000000 774.067793
v -1.458333 -20.000000 774.067793
v -1.250000 -20.000000 774.067793
v -1.041667 -20.000000 774.067793
v -0.833333 -20.000000 774.067793
v -0.625000 -20.000000 774.067793
v -0.416667 -20.000000 774.067793
v -0.208333 -20.000000 774.067793
v 0.000000 -20.000000 774.067793
v 0.208333 -20.000000 774.067793
v 0.416667 -20.000000 774.067793
v 0.625000 -20.000000 774.067793
v 0.833333 -20.000000 774.067793
v 1.041667 -20.000000 774.067793
v 1.250000 -20.000000 774.067793
v 1.458333 -20.000000 774.067793
v 1.666667 -20.000000 774.067793
v 1.875000 -20.000000 774.067793
v 2.083333 -20.000000 774.067793
v 2.291667 -20.000000 774.067793
v 2.500000 -20.000000 774.067793
v 2.708333 -20.000000 774.067793
v 2.916667 -20.000000 774.067793
v 3.125000 -20.000000 774.067793
v 3.333333 -20.000000 774.067793
v 3.541667 -20.000000 774.067793
v 3.750000 -20.000000 774.067793
v 3.958333 -20.000000 774.067793
v 4.166667 -20.000000 774.067793
v 4.375000 -20.000000 774.067793
v 4.583333 -20.000000 774.067793
v 4.791667 -20.000000 774.067793
v 5.000000 -20.000000 774.067793
v -5.000000 -20.000000 782.765184
v -4.791667 -20.000000 782.765184
v -4.583333 -20.000000 782.765184
v -4.375000 -20.000000 782.765184
v -4.166667 -20.000000 782.765184
v -3.958333 -20.000000 782.765184
v -3.750000 -20.000000 782.765184
v -3.541667 -20.000000 782.765184
v -3.333333 -20.000000 782.765184
v -3.125000 -20.000000 782.765184
v -2.916667 -20.000000 782.765184
v -2.708333 -20.000000 782.765184
v -2.500000 -20.000000 782.765184
v -2.291667 -20.000000 782.765184
v -2.083333 -20.000000 782.765184
v -1.875000 -20.000000 782.765184
v -1.666667 -20.000000 782.765184
v -1.458333 -20.000000 782.765184
v -1.250000 -20.000000 782.765184
v -1.041667 -20.000000 782.765184
v -0.833333 -20.000000 782.765184
v -0.625000 -20.000000 782.765184
v -0.416667 -20.000000 782.765184
v -0.208333 -20.000000 782.765184
v 0.000000 -20.000000 782.765184
v 0.208333 -20.000000 782.765184
v 0.416667 -20.000000 782.765184
v 0.625000 -20.000000 782.765184
v 0.833333 -20.000000 782.765184
v 1.041667 -20.000000 782.765184
v 1.250000 -20.000000 782.765184
v 1.458333 -20.000000 782.765184
v 1.666667 -20.000000 782.765184
v 1.875000 -20.000000 782.765184
v 2.083333 -20.000000 782.765184
v 2.291667 -20.000000 782.765184
v 2.500000 -20.000000 782.765184
v 2.708333 -20.000000 782.765184
v 2.916667 -20.000000 782.765184
v 3.125000 -20.000000 782.765184
v 3.333333 -20.000000 782.765184
v 3.541667 -20.000000 782.765184
v 3.750000 -20.000000 782.765184
v 3.958333 -20.000000 782.765184
v 4.166667 -20.000000 782.765184
v 4.375000 -20.000000 782.765184
v 4.583333 -20.000000 782.765184
v 4.791667 -20.000000 782.765184
v 5.000000 -20.000000 782.765184
v -5.000000 -20.000000 791.462575
v -4.791667 -20.000000 791.462575
v -4.583333 -20.000000 791.462575
v -4.375000 -20.000000 791.462575
v -4.166667 -20.000000 791.462575
v -3.958333 -20.000000 791.462575
v -3.750000 -20.000000 791.462575
v -3.541667 -20.000000 791.462575
v -3.333333 -20.000000 791.462575
v -3.125000 -20.000000 791.462575
v -2.916667 -20.000000 791.462575
v -2.708333 -20.000000 791.462575
v -2.500000 -20.000000 791.462575
v -2.291667 -20.000000 791.462575
v -2.083333 -20.000000 791.462575
v -1.875000 -20.000000 791.462575
v -1.666667 -20.000000 791.462575
v -1.458333 -20.000000 791.462575
v -1.250000 -20.000000 791.462575
v -1.041667 -20.000000 791.462575
v -0.833333 -20.000000 791.462575
v -0.625000 -20.000000 791.462575
v -0.416667 -20.000000 791.462575
v -0.208333 -20.000000 791.462575
v 0.000000 -20.000000 791.462575
v 0.208333 -20.000000 791.462575
v 0.416667 -20.000000 791.462575
v 0.625000 -20.000000 791.462575
v 0.833333 -20.000000 791.462575
v 1.041667 -20.000000 791.462575
v 1.250000 -20.000000 791.462575
v 1.458333 -20.000000 791.462575
v 1.666667 -20.000000 791.462575
v 1.875000 -20.000000 791.462575
v 2.083333 -20.000000 791.462575
v 2.291667 -20.000000 791.462575
v 2.500000 -20.000000 791.462575
v 2.708333 -20.000000 791.462575
v 2.916667 -20.000000 791.462575
v 3.125000 -20.000000 791.462575
v 3.333333 -20.000000 791.462575
v 3.541667 -20.000000 791.462575
v 3.750000 -20.000000 791.462575
v 3.958333 -20.000000 791.462575
v 4.166667 -20.000000 791.462575
v 4.375000 -20.000000 791.462575
v 4.583333 -20.000000 791.462575
v 4.791667 -20.000000 791.462575
v 5.000000 -20.000000 791.462575
v -5.000000 -20.000000 800.159966
v -4.791667 -20.000000 800.159966
v -4.583333 -20.000000 800.159966
v -4.375000 -20.000000 800.159966
v -4.166667 -20.000000 800.159966
v -3.958333 -20.000000 800.159966
v -3.750000 -20.000000 800.159966
v -3.541667 -20.000000 800.159966
v -3.333333 -20.000000 800.159966
v -3.125000 -20.000000 800.159966
v -2.916667 -20.000000 800.159966
v -2.708333 -20.000000 800.159966
v -2.500000 -20.000000 800.159966
v -2.291667 -20.000000 800.159966
v -2.083333 -20.000000 800.159966
v -1.875000 -20.000000 800.159966
v -1.666667 -20.000000 800.159966
v -1.458333 -20.000000 800.159966
v -1.250000 -20.000000 800.159966
v -1.041667 -20.000000 800.159966
v -0.833333 -20.000000 800.159966
v -0.625000 -20.000000 800.159966
v -0.416667 -20.000000 800.159966
v -0.208333 -20.000000 800.159966
v 0.000000 -20.000000 800.159966
v 0.208333 -20.000000 800.159966
v 0.416667 -20.000000 800.159966
v 0.625000 -20.000000 800.159966
v 0.833333 -20.000000 800.159966
v 1.041667 -20.000000 800.159966
v 1.250000 -20.000000 800.159966
v 1.458333 -20.000000 800.159966
v 1.666667 -20.000000 800.159966
v 1.875000 -20.000000 800.159966
v 2.083333 -20.000000 800.159966
v 2.291667 -20.000000 800.159966
v 2.500000 -20.000000 800.159966
v 2.708333 -20.000000 800.159966
v 2.916667 -20.000000 800.159966
v 3.125000 -20.000000 800.159966
v 3.333333 -20.000000 800.159966
v 3.541667 -20.000000 800.159966
v 3.750000 -20.000000 800.159966
v 3.958333 -20.000000 800.159966
v 4.166667 -20.000000 800.159966
v 4.375000 -20.000000 800.159966
v 4.583333 -20.000000 800.159966
v 4.791667 -20.000000 800.159966
v 5.000000 -20.000000 800.159966
v -5.000000 -20.000000 808.857357
v -4.791667 -20.000000 808.857357
v -4.583333 -20.000000 808.857357
v -4.375000 -20.000000 808.857357
v -4.166667 -20.000000 808.857357
v -3.958333 -20.000000 808.857357
v -3.750000 -20.000000 808.857357
v -3.541667 -20.000000 808.857357
v -3.333333 -20.000000 808.857357
v -3.125000 -20.000000 808.857357
v -2.916667 -20.000000 808.857357
v -2.708333 -20.000000 808.857357
v -2.500000 -20.000000 808.857357
v -2.291667 -20.000000 808.857357
v -2.083333 -20.000000 808.857357
v -1.875000 -20.000000 808.857357
v -1.666667 -20.000000 808.857357
v -1.458333 -20.000000 808.857357
v -1.250000 -20.000000 808.857357
v -1.041667 -20.000000 808.857357
v -0.833333 -20.000000 808.857357
v -0.625000 -20.000000 808.857357
v -0.416667 -20.000000 808.857357
v -0.208333 -20.000000 808.857357
v 0.000000 -20.000000 808.857357
v 0.208333 -20.000000 808.857357
v 0.416667 -20.000000 808.857357
v 0.625000 -20.000000 808.857357
v 0.833333 -20.000000 808.857357
v 1.041667 -20.000000 808.857357
v 1.250000 -20.000000 808.857357
v 1.458333 -20.000000 808.857357
v 1.666667 -20.000000 808.857357
v 1.875000 -20.000000 808.857357
v 2.083333 -20.000000 808.857357
v 2.291667 -20.000000 808.857357
v 2.500000 -20.000000 808.857357
v 2.708333 -20.000000 808.857357
v 2.916667 -20.000000 808.857357
v 3.125000 -20.000000 808.857357
v 3.333333 -20.000000 808.857357
v 3.541667 -20.000000 808.857357
v 3.750000 -20.000000 808.857357
v 3.958333 -20.000000 808.857357
v 4.166667 -20.000000 808.857357
v 4.375000 -20.000000 808.857357
v 4.583333 -20.000000 808.857357
v 4.791667 -20.000000 808.857357
v 5.000000 -20.000000 808.857357
v -5.000000 -20.000000 817.554748
v -4.791667 -20.000000 817.554748
v -4.583333 -20.000000 817.554748
v -4.375000 -20.000000 817.554748
v -4.166667 -20.000000 817.554748
v -3.958333 -20.000000 817.554748
v -3.750000 -20.000000 817.554748
v -3.541667 -20.000000 817.554748
v -3.333333 -20.000000 817.554748
v -3.125000 -20.000000 817.554748
v -2.916667 -20.000000 817.554748
v -2.708333 -20.000000 817.554748
v -2.500000 -20.000000 817.554748
v -2.291667 -20.000000 817.554748
v -2.083333 -20.000000 817.554748
v -1.875000 -20.000000 817.554748
v -1.666667 -20.000000 817.554748
v -1.458333 -20.000000 817.554748
v -1.250000 -20.000000 817.554748
v -1.041667 -20.000000 817.554748
v -0.833333 -20.000000 817.554748
v -0.625000 -20.000000 817.554748
v -0.416667 -20.000000 817.554748
v -0.208333 -20.000000 817.554748
v 0.000000 -20.000000 817.554748
v 0.208333 -20.000000 817.554748
v 0.416667 -20.000000 817.554748
v 0.625000 -20.000000 817.554748
v 0.833333 -20.000000 817.554748
v 1.041667 -20.000000 817.554748
v 1.250000 -20.000000 817.554748
v 1.458333 -20.000000 817.554748
v 1.666667 -20.000000 817.554748
v 1.875000 -20.000000 817.554748
v 2.083333 -20.000000 817.554748
v 2.291667 -20.000000 817.554748
v 2.500000 -20.000000 817.554748
v 2.708333 -20.000000 817.554748
v 2.916667 -20.000000 817.554748
v 3.125000 -20.000000 817.554748
v 3.333333 -20.000000 817.554748
v 3.541667 -20.000000 817.554748
v 3.750000 -20.000000 817.554748
v 3.958333 -20.000000 817.554748
v 4.166667 -20.000000 817.554748
v 4.375000 -20.000000 817.554748
v 4.583333 -20.000000 817.554748
v 4.791667 -20.000000 817.554748
v 5.000000 -20.000000 817.554748
v -5.000000 -20.000000 826.252139
v -4.791667 -20.000000 826.252139
v -4.583333 -20.000000 826.252139
v -4.375000 -20.000000 826.252139
v -4.166667 -20.000000 826.252139
v -3.958333 -20.000000 826.252139
v -3.750000 -20.000000 826.252139
v -3.541667 -20.000000 826.252139
v -3.333333 -20.000000 826.252139
v -3.125000 -20.000000 826.252139
v -2.916667 -20.000000 826.252139
v -2.708333 -20.000000 826.252139
v -2.500000 -20.000000 826.252139
v -2.291667 -20.000000 826.252139
v -2.083333 -20.000000 826.252139
v -1.875000 -20.000000 826.252139
v -1.666667 -20.000000 826.252139
v -1.458333 -20.000000 826.252139
v -1.250000 -20.000000 826.252139
v -1.041667 -20.000000 826.252139
v -0.833333 -20.000000 826.252139
v -0.625000 -20.000000 826.252139
v -0.416667 -20.000000 826.252139
v -0.208333 -20.000000 826.252139
v 0.000000 -20.000000 826.252139
v 0.208333 -20.000000 826.252139
v 0.416667 -20.000000 826.252139
v 0.625000 -20.000000 826.252139
v 0.833333 -20.000000 826.252139
v 1.041667 -20.000000 826.252139
v 1.250000 -20.000000 826.252139
v 1.458333 -20.000000 826.252139
v 1.666667 -20.000000 826.252139
v 1.875000 -20.000000 826.252139
v 2.083333 -20.000000 826.252139
v 2.291667 -20.000000 826.252139
v 2.500000 -20.000000 826.252139
v 2.708333 -20.000000 826.252139
v 2.916667 -20.000000 826.252139
v 3.125000 -20.000000 826.252139
v 3.333333 -20.000000 826.252139
v 3.541667 -20.000000 826.252139
v 3.750000 -20.000000 826.252139
v 3.958333 -20.000000 826.252139
v 4.166667 -20.000000 826.252139
v 4.375000 -20.000000 826.252139
v 4.583333 -20.000000 826.252139
v 4.791667 -20.000000 826.252139
v 5.000000 -20.000000 826.252139
v -5.000000 -20.000000 834.949530
v -4.791667 -20.000000 834.949530
v -4.583333 -20.000000 834.949530
v -4.375000 -20.000000 834.949530
v -4.166667 -20.000000 834.949530
v -3.958333 -20.000000 834.949530
v -3.750000 -20.000000 834.949530
v -3.541667 -20.000000 834.949530
v -3.333333 -20.000000 834.949530
v -3.125000 -20.000000 834.949530
v -2.916667 -20.000000 834.949530
v -2.708333 -20.000000 834.949530
v -2.500000 -20.000000 834.949530
v -2.291667 -20.000000 834.949530
v -2.083333 -20.000000 834.949530
v -1.875000 -20.000000 834.949530
v -1.666667 -20.000000 834.949530
v -1.458333 -20.000000 834.949530
v -1.250000 -20.000000 834.949530
v -1.041667 -20.000000 834.949530
v -0.833333 -20.000000 834.949530
v -0.625000 -20.000000 834.949530
v -0.416667 -20.000000 834.949530
v -0.208333 -20.000000 834.949530
v 0.000000 -20.000000 834.949530
v 0.208333 -20.000000 834.949530
v 0.416667 -20.000000 834.949530
v 0.625000 -20.000000 834.949530
v 0.833333 -20.000000 834.949530
v 1.041667 -20.000000 834.949530
v 1.250000 -20.000000 834.949530
v 1.458333 -20.000000 834.949530
v 1.666667 -20.000000 834.949530
v 1.875000 -20.000000 834.949530
v 2.083333 -20.000000 834.949530
v 2.291667 -20.000000 834.949530
v 2.500000 -20.000000 834.949530
v 2.708333 -20.000000 834.949530
v 2.916667 -20.000000 834.949530
v 3.125000 -20.000000 834.949530
v 3.333333 -20.000000 834.949530
v 3.541667 -20.000000 834.949530
v 3.750000 -20.000000 834.949530
v 3.958333 -20.000000 834.949530
v 4.166667 -20.000000 834.949530
v 4.375000 -20.000000 834.949530
v 4.583333 -20.000000 834.949530
v 4.791667 -20.000000 834.949530
v 5.000000 -20.000000 834.949530
v -5.000000 -20.000000 843.646921
v -4.791667 -20.000000 843.646921
v -4.583333 -20.000000 843.646921
v -4.375000 -20.000000 843.646921
v -4.166667 -20.000000 843.646921
v -3.958333 -20.000000 843.646921
v -3.750000 -20.000000 843.646921
v -3.541667 -20.000000 843.646921
v -3.333333 -20.000000 843.646921
v -3.125000 -20.000000 843.646921
v -2.916667 -20.000000 843.646921
v -2.708333 -20.000000 843.646921
v -2.500000 -20.000000 843.646921
v -2.291667 -20.000000 843.646921
v -2.083333 -20.000000 843.646921
v -1.875000 -20.000000 843.646921
v -1.666667 -20.000000 843.646921
v -1.458333 -20.000000 843.646921
v -1.250000 -20.000000 843.646921
v -1.041667 -20.000000 843.646921
v -0.833333 -20.000000 843.646921
v -0.625000 -20.000000 843.646921
v -0.416667 -20.000000 843.646921
v -0.208333 -20.000000 843.646921
v 0.000000 -20.000000 843.646921
v 0.208333 -20.000000 843.646921
v 0.416667 -20.000000 843.646921
v 0.625000 -20.000000 843.646921
v 0.833333 -20.000000 843.646921
v 1.041667 -20.000000 843.646921
v 1.250000 -20.000000 843.646921
v 1.458333 -20.000000 843.646921
v 1.666667 -20.000000 843.646921
v 1.875000 -20.000000 843.646921
v 2.083333 -20.000000 843.646921
v 2.291667 -20.000000 843.646921
v 2.500000 -20.000000 843.646921
v 2.708333 -20.000000 843.646921
v 2.916667 -20.000000 843.646921
v 3.125000 -20.000000 843.646921
v 3.333333 -20.000000 843.646921
v 3.541667 -20.000000 843.646921
v 3.750000 -20.000000 843.646921
v 3.958333 -20.000000 843.646921
v 4.166667 -20.000000 843.646921
v 4.375000 -20.000000 843.646921
v 4.583333 -20.000000 843.646921
v 4.791667 -20.000000 843.646921
v 5.000000 -20.000000 843.646921
v -5.000000 -20.000000 852.344312
v -4.791667 -20.000000 852.344312
v -4.583333 -20.000000 852.344312
v -4.375000 -20.000000 852.344312
v -4.166667 -20.000000 852.344312
v -3.958333 -20.000000 852.344312
v -3.750000 -20.000000 852.344312
v -3.541667 -20.000000 852.344312
v -3.333333 -20.000000 852.344312
v -3.125000 -20.000000 852.344312
v -2.916667 -20.000000 852.344312
v -2.708333 -20.000000 852.344312
v -2.500000 -20.000000 852.344312
v -2.291667 -20.000000 852.344312
v -2.083333 -20.000000 852.344312
v -1.875000 -20.000000 852.344312
v -1.666667 -20.000000 852.344312
v -1.458333 -20.000000 852.344312
v -1.250000 -20.000000 852.344312
v -1.041667 -20.000000 852.344312
v -0.833333 -20.000000 852.344312
v -0.625000 -20.000000 852.344312
v -0.416667 -20.000000 852.344312
v -0.208333 -20.000000 852.344312
v 0.000000 -20.000000 852.344312
v 0.208333 -20.000000 852.344312
v 0.416667 -20.000000 852.344312
v 0.625000 -20.000000 852.344312
v 0.833333 -20.000000 852.344312
v 1.041667 -20.000000 852.344312
v 1.250000 -20.000000 852.344312
v 1.458333 -20.000000 852.344312
v 1.666667 -20.000000 852.344312
v 1.875000 -20.000000 852.344312
v 2.083333 -20.000000 852.344312
v 2.291667 -20.000000 852.344312
v 2.500000 -20.000000 852.344312
v 2.708333 -20.000000 852.344312
v 2.916667 -20.000000 852.344312
v 3.125000 -20.000000 852.344312
v 3.333333 -20.000000 852.344312
v 3.541667 -20.000000 852.344312
v 3.750000 -20.000000 852.344312
v 3.958333 -20.000000 852.344312
v 4.166667 -20.000000 852.344312
v 4.375000 -20.000000 852.344312
v 4.583333 -20.000000 852.344312
v 4.791667 -20.000000 852.344312
v 5.000000 -20.000000 852.344312
v -5.000000 -20.000000 861.041703
v -4.791667 -20.000000 861.041703
v -4.583333 -20.000000 861.041703
v -4.375000 -20.000000 861.041703
v -4.166667 -20.000000 861.041703
v -3.958333 -20.000000 861.041703
v -3.750000 -20.000000 861.041703
v -3.541667 -20.000000 861.041703
v -3.333333 -20.000000 861.041703
v -3.125000 -20.000000 861.041703
v -2.916667 -20.000000 861.041703
v -2.708333 -20.000000 861.041703
v -2.500000 -20.000000 861.041703
v -2.291667 -20.000000 861.041703
v -2.083333 -20.000000 861.041703
v -1.875000 -20.000000 861.041703
v -1.666667 -20.000000 861.041703
v -1.458333 -20.000000 861.041703
v -1.250000 -20.000000 861.041703
v -1.041667 -20.000000 861.041703
v -0.833333 -20.000000 861.041703
v -0.625000 -20.000000 861.041703
v -0.416667 -20.000000 861.041703
v -0.208333 -20.000000 861.041703
v 0.000000 -20.000000 861.041703
v 0.208333 -20.000000 861.041703
v 0.416667 -20.000000 861.041703
v 0.625000 -20.000000 861.041703
v 0.833333 -20.000000 861.041703
v 1.041667 -20.000000 861.041703
v 1.250000 -20.000000 861.041703
v 1.458333 -20.000000 861.041703
v 1.666667 -20.000000 861.041703
v 1.875000 -20.000000 861.041703
v 2.083333 -20.000000 861.041703
v 2.291667 -20.000000 861.041703
v 2.500000 -20.000000 861.041703
v 2.708333 -20.000000 861.041703
v 2.916667 -20.000000 861.041703
v 3.125000 -20.000000 861.041703
v 3.333333 -20.000000 861.041703
v 3.541667 -20.000000 861.041703
v 3.750000 -20.000000 861.041703
v 3.958333 -20.000000 861.041703
v 4.166667 -20.000000 861.041703
v 4.375000 -20.000000 861.041703
v 4.583333 -20.000000 861.041703
v 4.791667 -20.000000 861.041703
v 5.000000 -20.000000 861.041703
v -5.000000 -20.000000 869.739094
v -4.791667 -20.000000 869.739094
v -4.583333 -20.000000 869.739094
v -4.375000 -20.000000 869.739094
v -4.166667 -20.000000 869.739094
v -3.958333 -20.000000 869.739094
v -3.750000 -20.000000 869.739094
v -3.541667 -20.000000 869.739094
v -3.333333 -20.000000 869.739094
v -3.125000 -20.000000 869.739094
v -2.916667 -20.000000 869.739094
v -2.708333 -20.000000 869.739094
v -2.500000 -20.000000 869.739094
v -2.291667 -20.000000 869.739094
v -2.083333 -20.000000 869.739094
v -1.875000 -20.000000 869.739094
v -1.666667 -20.000000 869.739094
v -1.458333 -20.000000 869.739094
v -1.250000 -20.000000 869.739094
v -1.041667 -20.000000 869.739094
v -0.833333 -20.000000 869.739094
v -0.625000 -20.000000 869.739094
v -0.416667 -20.000000 869.739094
v -0.208333 -20.000000 869.739094
v 0.000000 -20.000000 869.739094
v 0.208333 -20.000000 869.739094
v 0.416667 -20.000000 869.739094
v 0.625000 -20.000000 869.739094
v 0.833333 -20.000000 869.739094
v 1.041667 -20.000000 869.739094
v 1.250000 -20.000000 869.739094
v 1.458333 -20.000000 869.739094
v 1.666667 -20.000000 869.739094
v 1.875000 -20.000000 869.739094
v 2.083333 -20.000000 869.739094
v 2.291667 -20.000000 869.739094
v 2.500000 -20.000000 869.739094
v 2.708333 -20.000000 869.739094
v 2.916667 -20.000000 869.739094
v 3.125000 -20.000000 869.739094
v 3.333333 -20.000000 869.739094
v 3.541667 -20.000000 869.739094
v 3.750000 -20.000000 869.739094
v 3.958333 -20.000000 869.739094
v 4.166667 -20.000000 869.739094
v 4.375000 -20.000000 869.739094
v 4.583333 -20.000000 869.739094
v 4.791667 -20.000000 869.739094
v 5.000000 -20.000000 869.739094
v -5.000000 -20.000000 878.436485
v -4.791667 -20.000000 878.436485
v -4.583333 -20.000000 878.436485
v -4.375000 -20.000000 878.436485
v -4.166667 -20.000000 878.436485
v -3.958333 -20.000000 878.436485
v -3.750000 -20.000000 878.436485
v -3.541667 -20.000000 878.436485
v -3.333333 -20.000000 878.436485
v -3.125000 -20.000000 878.436485
v -2.916667 -20.000000 878.436485
v -2.708333 -20.000000 878.436485
v -2.500000 -20.000000 878.436485
v -2.291667 -20.000000 878.436485
v -2.083333 -20.000000 878.436485
v -1.875000 -20.000000 878.436485
v -1.666667 -20.000000 878.436485
v -1.458333 -20.000000 878.436485
v -1.250000 -20.000000 878.436485
v -1.041667 -20.000000 878.436485
v -0.833333 -20.000000 878.436485
v -0.625000 -20.000000 878.436485
v -0.416667 -20.000000 878.436485
v -0.208333 -20.000000 878.436485
v 0.000000 -20.000000 878.436485
v 0.208333 -20.000000 878.436485
v 0.416667 -20.000000 878.436485
v 0.625000 -20.000000 878.436485
v 0.833333 -20.000000 878.436485
v 1.041667 -20.000000 878.436485
v 1.250000 -20.000000 878.436485
v 1.458333 -20.000000 878.436485
v 1.666667 -20.000000 878.436485
v 1.875000 -20.000000 878.436485
v 2.083333 -20.000000 878.436485
v 2.291667 -20.000000 878.436485
v 2.500000 -20.000000 878.436485
v 2.708333 -20.000000 878.436485
v 2.916667 -20.000000 878.436485
v 3.125000 -20.000000 878.436485
v 3.333333 -20.000000 878.436485
v 3.541667 -20.000000 878.436485
v 3.750000 -20.000000 878.436485
v 3.958333 -20.000000 878.436485
v 4.166667 -20.000000 878.436485
v 4.375000 -20.000000 878.436485
v 4.583333 -20.000000 878.436485
v 4.791667 -20.000000 878.436485
v 5.000000 -20.000000 878.436485
v -5.000000 -20.000000 887.133876
v -4.791667 -20.000000 887.133876
v -4.583333 -20.000000 887.133876
v -4.375000 -20.000000 887.133876
v -4.166667 -20.000000 887.133876
v -3.958333 -20.000000 887.133876
v -3.750000 -20.000000 887.133876
v -3.541667 -20.000000 887.133876
v -3.333333 -20.000000 887.133876
v -3.125000 -20.000000 887.133876
v -2.916667 -20.000000 887.133876
v -2.708333 -20.000000 887.133876
v -2.500000 -20.000000 887.133876
v -2.291667 -20.000000 887.133876
v -2.083333 -20.000000 887.133876
v -1.875000 -20.000000 887.133876
v -1.666667 -20.000000 887.133876
v -1.458333 -20.000000 887.133876
v -1.250000 -20.000000 887.133876
v -1.041667 -20.000000 887.133876
v -0.833333 -20.000000 887.133876
v -0.625000 -20.000000 887.133876
v -0.416667 -20.000000 887.133876
v -0.208333 -20.000000 887.133876
v 0.000000 -20.000000 887.133876
v 0.208333 -20.000000 887.133876
v 0.416667 -20.000000 887.133876
v 0.625000 -20.000000 887.133876
v 0.833333 -20.000000 887.133876
v 1.041667 -20.000000 887.133876
v 1.250000 -20.000000 887.133876
v 1.458333 -20.000000 887.133876
v 1.666667 -20.000000 887.133876
v 1.875000 -20.000000 887.133876
v 2.083333 -20.000000 887.133876
v 2.291667 -20.000000 887.133876
v 2.500000 -20.000000 887.133876
v 2.708333 -20.000000 887.133876
v 2.916667 -20.000000 887.133876
v 3.125000 -20.000000 887.133876
v 3.333333 -20.000000 887.133876
v 3.541667 -20.000000 887.133876
v 3.750000 -20.000000 887.133876
v 3.958333 -20.000000 887.133876
v 4.166667 -20.000000 887.133876
v 4.375000 -20.000000 887.133876
v 4.583333 -20.000000 887.133876
v 4.791667 -20.000000 887.133876
v 5.000000 -20.000000 887.133876
v -5.000000 -20.000000 895.831267
v -4.791667 -20.000000 895.831267
v -4.583333 -20.000000 895.831267
v -4.375000 -20.000000 895.831267
v -4.166667 -20.000000 895.831267
v -3.958333 -20.000000 895.831267
v -3.750000 -20.000000 895.831267
v -3.541667 -20.000000 895.831267
v -3.333333 -20.000000 895.831267
v -3.125000 -20.000000 895.831267
v -2.916667 -20.000000 895.831267
v -2.708333 -20.000000 895.831267
v -2.500000 -20.000000 895.831267
v -2.291667 -20.000000 895.831267
v -2.083333 -20.000000 895.831267
v -1.875000 -20.000000 895.831267
v -1.666667 -20.000000 895.831267
v -1.458333 -20.000000 895.831267
v -1.250000 -20.000000 895.831267
v -1.041667 -20.000000 895.831267
v -0.833333 -20.000000 895.831267
v -0.625000 -20.000000 895.831267
v -0.416667 -20.000000 895.831267
v -0.208333 -20.000000 895.831267
v 0.000000 -20.000000 895.831267
v 0.208333 -20.000000 895.831267
v 0.416667 -20.000000 895.831267
v 0.625000 -20.000000 895.831267
v 0.833333 -20.000000 895.831267
v 1.041667 -20.000000 895.831267
v 1.250000 -20.000000 895.831267
v 1.458333 -20.000000 895.831267
v 1.666667 -20.000000 895.831267
v 1.875000 -20.000000 895.831267
v 2.083333 -20.000000 895.831267
v 2.291667 -20.000000 895.831267
v 2.500000 -20.000000 895.831267
v 2.708333 -20.000000 895.831267
v 2.916667 -20.000000 895.831267
v 3.125000 -20.000000 895.831267
v 3.333333 -20.000000 895.831267
v 3.541667 -20.000000 895.831267
v 3.750000 -20.000000 895.831267
v 3.958333 -20.000000 895.831267
v 4.166667 -20.000000 895.831267
v 4.375000 -20.000000 895.831267
v 4.583333 -20.000000 895.831267
v 4.791667 -20.000000 895.831267
v 5.000000 -20.000000 895.831267
v -5.000000 -20.000000 904.528658
v -4.791667 -20.000000 904.528658
v -4.583333 -20.000000 904.528658
v -4.375000 -20.000000 904.528658
v -4.166667 -20.000000 904.528658
v -3.958333 -20.000000 904.528658
v -3.750000 -20.000000 904.528658
v -3.541667 -20.000000 904.528658
v -3.333333 -20.000000 904.528658
v -3.125000 -20.000000 904.528658
v -2.916667 -20.000000 904.528658
v -2.708333 -20.000000 904.528658
v -2.500000 -20.000000 904.528658
v -2.291667 -20.000000 904.528658
v -2.083333 -20.000000 904.528658
v -1.875000 -20.000000 904.528658
v -1.666667 -20.000000 904.528658
v -1.458333 -20.000000 904.528658
v -1.250000 -20.000000 904.528658
v -1.041667 -20.000000 904.528658
v -0.833333 -20.000000 904.528658
v -0.625000 -20.000000 904.528658
v -0.416667 -20.000000 904.528658
v -0.208333 -20.000000 904.528658
v 0.000000 -20.000000 904.528658
v 0.208333 -20.000000 904.528658
v 0.416667 -20.000000 904.528658
v 0.625000 -20.000000 904.528658
v 0.833333 -20.000000 904.528658
v 1.041667 -20.000000 904.528658
v 1.250000 -20.000000 904.528658
v 1.458333 -20.000000 904.528658
v 1.666667 -20.000000 904.528658
v 1.875000 -20.000000 904.528658
v 2.083333 -20.000000 904.528658
v 2.291667 -20.000000 904.528658
v 2.500000 -20.000000 904.528658
v 2.708333 -20.000000 904.528658
v 2.916667 -20.000000 904.528658
v 3.125000 -20.000000 904.528658
v 3.333333 -20.000000 904.528658
v 3.541667 -20.000000 904.528658
v 3.750000 -20.000000 904.528658
v 3.958333 -20.000000 904.528658
v 4.166667 -20.000000 904.528658
v 4.375000 -20.000000 904.528658
v 4.583333 -20.000000 904.528658
v 4.791667 -20.000000 904.528658
v 5.000000 -20.000000 904.528658
v -5.000000 -20.000000 913.226048
v -4.791667 -20.000000 913.226048
v -4.583333 -20.000000 913.226048
v -4.375000 -20.000000 913.226048
v -4.166667 -20.000000 913.226048
v -3.958333 -20.000000 913.226048
v -3.750000 -20.000000 913.226048
v -3.541667 -20.000000 913.226048
v -3.333333 -20.000000 913.226048
v -3.125000 -20.000000 913.226048
v -2.916667 -20.000000 913.226048
v -2.708333 -20.000000 913.226048
v -2.500000 -20.000000 913.226048
v -2.291667 -20.000000 913.226048
v -2.083333 -20.000000 913.226048
v -1.875000 -20.000000 913.226048
v -1.666667 -20.000000 913.226048
v -1.458333 -20.000000 913.226048
v -1.250000 -20.000000 913.226048
v -1.041667 -20.000000 913.226048
v -0.833333 -20.000000 913.226048
v -0.625000 -20.000000 913.226048
v -0.416667 -20.000000 913.226048
v -0.208333 -20.000000 913.226048
v 0.000000 -20.000000 913.226048
v 0.208333 -20.000000 913.226048
v 0.416667 -20.000000 913.226048
v 0.625000 -20.000000 913.226048
v 0.833333 -20.000000 913.226048
v 1.041667 -20.000000 913.226048
v 1.250000 -20.000000 913.226048
v 1.458333 -20.000000 913.226048
v 1.666667 -20.000000 913.226048
v 1.875000 -20.000000 913.226048
v 2.083333 -20.000000 913.226048
v 2.291667 -20.000000 913.226048
v 2.500000 -20.000000 913.226048
v 2.708333 -20.000000 913.226048
v 2.916667 -20.000000 913.226048
v 3.125000 -20.000000 913.226048
v 3.333333 -20.000000 913.226048
v 3.541667 -20.000000 913.226048
v 3.750000 -20.000000 913.226048
v 3.958333 -20.000000 913.226048
v 4.166667 -20.000000 913.226048
v 4.375000 -20.000000 913.226048
v 4.583333 -20.000000 913.226048
v 4.791667 -20.000000 913.226048
v 5.000000 -20.000000 913.226048
v -5.000000 -20.000000 921.923439
v -4.791667 -20.000000 921.923439
v -4.583333 -20.000000 921.923439
v -4.375000 -20.000000 921.923439
v -4.166667 -20.000000 921.923439
v -3.958333 -20.000000 921.923439
v -3.750000 -20.000000 921.923439
v -3.541667 -20.000000 921.923439
v -3.333333 -20.000000 921.923439
v -3.125000 -20.000000 921.923439
v -2.916667 -20.000000 921.923439
v -2.708333 -20.000000 921.923439
v -2.500000 -20.000000 921.923439
v -2.291667 -20.000000 921.923439
v -2.083333 -20.000000 921.923439
v -1.875000 -20.000000 921.923439
v -1.666667 -20.000000 921.923439
v -1.458333 -20.000000 921.923439
v -1.250000 -20.000000 921.923439
v -1.041667 -20.000000 921.923439
v -0.833333 -20.000000 921.923439
v -0.625000 -20.000000 921.923439
v -0.416667 -20.000000 921.923439
v -0.208333 -20.000000 921.923439
v 0.000000 -20.000000 921.923439
v 0.208333 -20.000000 921.923439
v 0.416667 -20.000000 921.923439
v 0.625000 -20.000000 921.923439
v 0.833333 -20.000000 921.923439
v 1.041667 -20.000000 921.923439
v 1.250000 -20.000000 921.923439
v 1.458333 -20.000000 921.923439
v 1.666667 -20.000000 921.923439
v 1.875000 -20.000000 921.923439
v 2.083333 -20.000000 921.923439
v 2.291667 -20.000000 921.923439
v 2.500000 -20.000000 921.923439
v 2.708333 -20.000000 921.923439
v 2.916667 -20.000000 921.923439
v 3.125000 -20.000000 921.923439
v 3.333333 -20.000000 921.923439
v 3.541667 -20.000000 921.923439
v 3.750000 -20.000000 921.923439
v 3.958333 -20.000000 921.923439
v 4.166667 -20.000000 921.923439
v 4.375000 -20.000000 921.923439
v 4.583333 -20.000000 921.923439
v 4.791667 -20.000000 921.923439
v 5.000000 -20.000000 921.923439
v -5.000000 -20.000000 930.620830
v -4.791667 -20.000000 930.620830
v -4.583333 -20.000000 930.620830
v -4.375000 -20.000000 930.620830
v -4.166667 -20.000000 930.620830
v -3.958333 -20.000000 930.620830
v -3.750000 -20.000000 930.620830
v -3.541667 -20.000000 930.620830
v -3.333333 -20.000000 930.620830
v -3.125000 -20.000000 930.620830
v -2.916667 -20.000000 930.620830
v -2.708333 -20.000000 930.620830
v -2.500000 -20.000000 930.620830
v -2.291667 -20.000000 930.620830
v -2.083333 -20.000000 930.620830
v -1.875000 -20.000000 930.620830
v -1.666667 -20.000000 930.620830
v -1.458333 -20.000000 930.620830
v -1.250000 -20.000000 930.620830
v -1.041667 -20.000000 930.620830
v -0.833333 -20.000000 930.620830
v -0.625000 -20.000000 930.620830
v -0.416667 -20.000000 930.620830
v -0.208333 -20.000000 930.620830
v 0.000000 -20.000000 930.620830
v 0.208333 -20.000000 930.620830
v 0.416667 -20.000000 930.620830
v 0.625000 -20.000000 930.620830
v 0.833333 -20.000000 930.620830
v 1.041667 -20.000000 930.620830
v 1.250000 -20.000000 930.620830
v 1.458333 -20.000000 930.620830
v 1.666667 -20.000000 930.620830
v 1.875000 -20.000000 930.620830
v 2.083333 -20.000000 930.620830
v 2.291667 -20.000000 930.620830
v 2.500000 -20.000000 930.620830
v 2.708333 -20.000000 930.620830
v 2.916667 -20.000000 930.620830
v 3.125000 -20.000000 930.620830
v 3.333333 -20.000000 930.620830
v 3.541667 -20.000000 930.620830
v 3.750000 -20.000000 930.620830
v 3.958333 -20.000000 930.620830
v 4.166667 -20.000000 930.620830
v 4.375000 -20.000000 930.620830
v 4.583333 -20.000000 930.620830
v 4.791667 -20.000000 930.620830
v 5.000000 -20.000000 930.620830
v -5.000000 -20.000000 939.318221
v -4.791667 -20.000000 939.318221
v -4.583333 -20.000000 939.318221
v -4.375000 -20.000000 939.318221
v -4.166667 -20.000000 939.318221
v -3.958333 -20.000000 939.318221
v -3.750000 -20.000000 939.318221
v -3.541667 -20.000000 939.318221
v -3.333333 -20.000000 939.318221
v -3.125000 -20.000000 939.318221
v -2.916667 -20.000000 939.318221
v -2.708333 -20.000000 939.318221
v -2.500000 -20.000000 939.318221
v -2.291667 -20.000000 939.318221
v -2.083333 -20.000000 939.318221
v -1.875000 -20.000000 939.318221
v -1.666667 -20.000000 939.318221
v -1.458333 -20.000000 939.318221
v -1.250000 -20.000000 939.318221
v -1.041667 -20.000000 939.318221
v -0.833333 -20.000000 939.318221
v -0.625000 -20.000000 939.318221
v -0.416667 -20.000000 939.318221
v -0.208333 -20.000000 939.318221
v 0.000000 -20.000000 939.318221
v 0.208333 -20.000000 939.318221
v 0.416667 -20.000000 939.318221
v 0.625000 -20.000000 939.318221
v 0.833333 -20.000000 939.318221
v 1.041667 -20.000000 939.318221
v 1.250000 -20.000000 939.318221
v 1.458333 -20.000000 939.318221
v 1.666667 -20.000000 939.318221
v 1.875000 -20.000000 939.318221
v 2.083333 -20.000000 939.318221
v 2.291667 -20.000000 939.318221
v 2.500000 -20.000000 939.318221
v 2.708333 -20.000000 939.318221
v 2.916667 -20.000000 939.318221
v 3.125000 -20.000000 939.318221
v 3.333333 -20.000000 939.318221
v 3.541667 -20.000000 939.318221
v 3.750000 -20.000000 939.318221
v 3.958333 -20.000000 939.318221
v 4.166667 -20.000000 939.318221
v 4.375000 -20.000000 939.318221
v 4.583333 -20.000000 939.318221
v 4.791667 -20.000000 939.318221
v 5.000000 -20.000000 939.318221
v -5.000000 -20.000000 948.015612
v -4.791667 -20.000000 948.015612
v -4.583333 -20.000000 948.015612
v -4.375000 -20.000000 948.015612
v -4.166667 -20.000000 948.015612
v -3.958333 -20.000000 948.015612
v -3.750000 -20.000000 948.015612
v -3.541667 -20.000000 948.015612
v -3.333333 -20.000000 948.015612
v -3.125000 -20.000000 948.015612
v -2.916667 -20.000000 948.015612
v -2.708333 -20.000000 948.015612
v -2.500000 -20.000000 948.015612
v -2.291667 -20.000000 948.015612
v -2.083333 -20.000000 948.015612
v -1.875000 -20.000000 948.015612
v -1.666667 -20.000000 948.015612
v -1.458333 -20.000000 948.015612
v -1.250000 -20.000000 948.015612
v -1.041667 -20.000000 948.015612
v -0.833333 -20.000000 948.015612
v -0.625000 -20.000000 948.015612
v -0.416667 -20.000000 948.015612
v -0.208333 -20.000000 948.015612
v 0.000000 -20.000000 948.015612
v 0.208333 -20.000000 948.015612
v 0.416667 -20.000000 948.015612
v 0.625000 -20.000000 948.015612
v 0.833333 -20.000000 948.015612
v 1.041667 -20.000000 948.015612
v 1.250000 -20.000000 948.015612
v 1.458333 -20.000000 948.015612
v 1.666667 -20.000000 948.015612
v 1.875000 -20.000000 948.015612
v 2.083333 -20.000000 948.015612
v 2.291667 -20.000000 948.015612
v 2.500000 -20.000000 948.015612
v 2.708333 -20.000000 948.015612
v 2.916667 -20.000000 948.015612
v 3.125000 -20.000000 948.015612
v 3.333333 -20.000000 948.015612
v 3.541667 -20.000000 948.015612
v 3.750000 -20.000000 948.015612
v 3.958333 -20.000000 948.015612
v 4.166667 -20.000000 948.015612
v 4.375000 -20.000000 948.015612
v 4.583333 -20.000000 948.015612
v 4.791667 -20.000000 948.015612
v 5.000000 -20.000000 948.015612
v -5.000000 -20.000000 956.713003
v -4.791667 -20.000000 956.713003
v -4.583333 -20.000000 956.713003
v -4.375000 -20.000000 956.713003
v -4.166667 -20.000000 956.713003
v -3.958333 -20.000000 956.713003
v -3.750000 -20.000000 956.713003
v -3.541667 -20.000000 956.713003
v -3.333333 -20.000000 956.713003
v -3.125000 -20.000000 956.713003
v -2.916667 -20.000000 956.713003
v -2.708333 -20.000000 956.713003
v -2.500000 -20.000000 956.713003
v -2.291667 -20.000000 956.713003
v -2.083333 -20.000000 956.713003
v -1.875000 -20.000000 956.713003
v -1.666667 -20.000000 956.713003
v -1.458333 -20.000000 956.713003
v -1.250000 -20.000000 956.713003
v -1.041667 -20.000000 956.713003
v -0.833333 -20.000000 956.713003
v -0.625000 -20.000000 956.713003
v -0.416667 -20.000000 956.713003
v -0.208333 -20.000000 956.713003
v 0.000000 -20.000000 956.713003
v 0.208333 -20.000000 956.713003
v 0.416667 -20.000000 956.713003
v 0.625000 -20.000000 956.713003
v 0.833333 -20.000000 956.713003
v 1.041667 -20.000000 956.713003
v 1.250000 -20.000000 956.713003
v 1.458333 -20.000000 956.713003
v 1.666667 -20.000000 956.713003
v 1.875000 -20.000000 956.713003
v 2.083333 -20.000000 956.713003
v 2.291667 -20.000000 956.713003
v 2.500000 -20.000000 956.713003
v 2.708333 -20.000000 956.713003
v 2.916667 -20.000000 956.713003
v 3.125000 -20.000000 956.713003
v 3.333333 -20.000000 956.713003
v 3.541667 -20.000000 956.713003
v 3.750000 -20.000000 956.713003
v 3.958333 -20.000000 956.713003
v 4.166667 -20.000000 956.713003
v 4.375000 -20.000000 956.713003
v 4.583333 -20.000000 956.713003
v 4.791667 -20.000000 956.713003
v 5.000000 -20.000000 956.713003
v -5.000000 -20.000000 965.410394
v -4.791667 -20.000000 965.410394
v -4.583333 -20.000000 965.410394
v -4.375000 -20.000000 965.410394
v -4.166667 -20.000000 965.410394
v -3.958333 -20.000000 965.410394
v -3.750000 -20.000000 965.410394
v -3.541667 -20.000000 965.410394
v -3.333333 -20.000000 965.410394
v -3.125000 -20.000000 965.410394
v -2.916667 -20.000000 965.410394
v -2.708333 -20.000000 965.410394
v -2.500000 -20.000000 965.410394
v -2.291667 -20.000000 965.410394
v -2.083333 -20.000000 965.410394
v -1.875000 -20.000000 965.410394
v -1.666667 -20.000000 965.410394
v -1.458333 -20.000000 965.410394
v -1.250000 -20.000000 965.410394
v -1.041667 -20.000000 965.410394
v -0.833333 -20.000000 965.410394
v -0.625000 -20.000000 965.410394
v -0.416667 -20.000000 965.410394
v -0.208333 -20.000000 965.410394
v 0.000000 -20.000000 965.410394
v 0.208333 -20.000000 965.410394
v 0.416667 -20.000000 965.410394
v 0.625000 -20.000000 965.410394
v 0.833333 -20.000000 965.410394
v 1.041667 -20.000000 965.410394
v 1.250000 -20.000000 965.410394
v 1.458333 -20.000000 965.410394
v 1.666667 -20.000000 965.410394
v 1.875000 -20.000000 965.410394
v 2.083333 -20.000000 965.410394
v 2.291667 -20.000000 965.410394
v 2.500000 -20.000000 965.410394
v 2.708333 -20.000000 965.410394
v 2.916667 -20.000000 965.410394
v 3.125000 -20.000000 965.410394
v 3.333333 -20.000000 965.410394
v 3.541667 -20.000000 965.410394
v 3.750000 -20.000000 965.410394
v 3.958333 -20.000000 965.410394
v 4.166667 -20.000000 965.410394
v 4.375000 -20.000000 965.410394
v 4.583333 -20.000000 965.410394
v 4.791667 -20.000000 965.410394
v 5.000000 -20.000000 965.410394
v -5.000000 -20.000000 974.107785
v -4.791667 -20.000000 974.107785
v -4.583333 -20.000000 974.107785
v -4.375000 -20.000000 974.107785
v -4.166667 -20.000000 974.107785
v -3.958333 -20.000000 974.107785
v -3.750000 -20.000000 974.107785
v -3.541667 -20.000000 974.107785
v -3.333333 -20.000000 974.107785
v -3.125000 -20.000000 974.107785
v -2.916667 -20.000000 974.107785
v -2.708333 -20.000000 974.107785
v -2.500000 -20.000000 974.107785
v -2.291667 -20.000000 974.107785
v -2.083333 -20.000000 974.107785
v -1.875000 -20.000000 974.107785
v -1.666667 -20.000000 974.107785
v -1.458333 -20.000000 974.107785
v -1.250000 -20.000000 974.107785
v -1.041667 -20.000000 974.107785
v -0.833333 -20.000000 974.107785
v -0.625000 -20.000000 974.107785
v -0.416667 -20.000000 974.107785
v -0.208333 -20.000000 974.107785
v 0.000000 -20.000000 974.107785
v 0.208333 -20.000000 974.107785
v 0.416667 -20.000000 974.107785
v 0.625000 -20.000000 974.107785
v 0.833333 -20.000000 974.107785
v 1.041667 -20.000000 974.107785
v 1.250000 -20.000000 974.107785
v 1.458333 -20.000000 974.107785
v 1.666667 -20.000000 974.107785
v 1.875000 -20.000000 974.107785
v 2.083333 -20.000000 974.107785
v 2.291667 -20.000000 974.107785
v 2.500000 -20.000000 974.107785
v 2.708333 -20.000000 974.107785
v 2.916667 -20.000000 974.107785
v 3.125000 -20.000000 974.107785
v 3.333333 -20.000000 974.107785
v 3.541667 -20.000000 974.107785
v 3.750000 -20.000000 974.107785
v 3.958333 -20.000000 974.107785
v 4.166667 -20.000000 974.107785
v 4.375000 -20.000000 974.107785
v 4.583333 -20.000000 974.107785
v 4.791667 -20.000000 974.107785
v 5.000000 -20.000000 974.107785
v -5.000000 -20.000000 982.805176
v -4.791667 -20.000000 982.805176
v -4.583333 -20.000000 982.805176
v -4.375000 -20.000000 982.805176
v -4.166667 -20.000000 982.805176
v -3.958333 -20.000000 982.805176
v -3.750000 -20.000000 982.805176
v -3.541667 -20.000000 982.805176
v -3.333333 -20.000000 982.805176
v -3.125000 -20.000000 982.805176
v -2.916667 -20.000000 982.805176
v -2.708333 -20.000000 982.805176
v -2.500000 -20.000000 982.805176
v -2.291667 -20.000000 982.805176
v -2.083333 -20.000000 982.805176
v -1.875000 -20.000000 982.805176
v -1.666667 -20.000000 982.805176
v -1.458333 -20.000000 982.805176
v -1.250000 -20.000000 982.805176
v -1.041667 -20.000000 982.805176
v -0.833333 -20.000000 982.805176
v -0.625000 -20.000000 982.805176
v -0.416667 -20.000000 982.805176
v -0.208333 -20.000000 982.805176
v 0.000000 -20.000000 982.805176
v 0.208333 -20.000000 982.805176
v 0.416667 -20.000000 982.805176
v 0.625000 -20.000000 982.805176
v 0.833333 -20.000000 982.805176
v 1.041667 -20.000000 982.805176
v 1.250000 -20.000000 982.805176
v 1.458333 -20.000000 982.805176
v 1.666667 -20.000000 982.805176
v 1.875000 -20.000000 982.805176
v 2.083333 -20.000000 982.805176
v 2.291667 -20.000000 982.805176
v 2.500000 -20.000000 982.805176
v 2.708333 -20.000000 982.805176
v 2.916667 -20.000000 982.805176
v 3.125000 -20.000000 982.805176
v 3.333333 -20.000000 982.805176
v 3.541667 -20.000000 982.805176
v 3.750000 -20.000000 982.805176
v 3.958333 -20.000000 982.805176
v 4.166667 -20.000000 982.805176
v 4.375000 -20.000000 982.805176
v 4.583333 -20.000000 982.805176
v 4.791667 -20.000000 982.805176
v 5.000000 -20.000000 982.805176
v -5.000000 -20.000000 991.502567
v -4.791667 -20.000000 991.502567
v -4.583333 -20.000000 991.502567
v -4.375000 -20.000000 991.502567
v -4.166667 -20.000000 991.502567
v -3.958333 -20.000000 991.502567
v -3.750000 -20.000000 991.502567
v -3.541667 -20.000000 991.502567
v -3.333333 -20.000000 991.502567
v -3.125000 -20.000000 991.502567
v -2.916667 -20.000000 991.502567
v -2.708333 -20.000000 991.502567
v -2.500000 -20.000000 991.502567
v -2.291667 -20.000000 991.502567
v -2.083333 -20.000000 991.502567
v -1.875000 -20.000000 991.502567
v -1.666667 -20.000000 991.502567
v -1.458333 -20.000000 991.502567
v -1.250000 -20.000000 991.502567
v -1.041667 -20.000000 991.502567
v -0.833333 -20.000000 991.502567
v -0.625000 -20.000000 991.502567
v -0.416667 -20.000000 991.502567
v -0.208333 -20.000000 991.502567
v 0.000000 -20.000000 991.502567
v 0.208333 -20.000000 991.502567
v 0.416667 -20.000000 991.502567
v 0.625000 -20.000000 991.502567
v 0.833333 -20.000000 991.502567
v 1.041667 -20.000000 991.502567
v 1.250000 -20.000000 991.502567
v 1.458333 -20.000000 991.502567
v 1.666667 -20.000000 991.502567
v 1.875000 -20.000000 991.502567
v 2.083333 -20.000000 991.502567
v 2.291667 -20.000000 991.502567
v 2.500000 -20.000000 991.502567
v 2.708333 -20.000000 991.502567
v 2.916667 -20.000000 991.502567
v 3.125000 -20.000000 991.502567
v 3.333333 -20.000000 991.502567
v 3.541667 -20.000000 991.502567
v 3.750000 -20.000000 991.502567
v 3.958333 -20.000000 991.502567
v 4.166667 -20.000000 991.502567
v 4.375000 -20.000000 991.502567
v 4.583333 -20.000000 991.502567
v 4.791667 -20.000000 991.502567
v 5.000000 -20.000000 991.502567
v -5.000000 -20.000000 1000.199958
v -4.791667 -20.000000 1000.199958
v -4.583333 -20.000000 1000.199958
v -4.375000 -20.000000 1000.199958
v -4.166667 -20.000000 1000.199958
v -3.958333 -20.000000 1000.199958
v -3.750000 -20.000000 1000.199958
v -3.541667 -20.000000 1000.199958
v -3.333333 -20.000000 1000.199958
v -3.125000 -20.000000 1000.199958
v -2.916667 -20.000000 1000.199958
v -2.708333 -20.000000 1000.199958
v -2.500000 -20.000000 1000.199958
v -2.291667 -20.000000 1000.199958
v -2.083333 -20.000000 1000.199958
v -1.875000 -20.000000 1000.199958
v -1.666667 -20.000000 1000.199958
v -1.458333 -20.000000 1000.199958
v -1.250000 -20.000000 1000.199958
v -1.041667 -20.000000 1000.199958
v -0.833333 -20.000000 1000.199958
v -0.625000 -20.000000 1000.199958
v -0.416667 -20.000000 1000.199958
v -0.208333 -20.000000 1000.199958
v 0.000000 -20.000000 1000.199958
v 0.208333 -20.000000 1000.199958
v 0.416667 -20.000000 1000.199958
v 0.625000 -20.000000 1000.199958
v 0.833333 -20.000000 1000.199958
v 1.041667 -20.000000 1000.199958
v 1.250000 -20.000000 1000.199958
v 1.458333 -20.000000 1000.199958
v 1.666667 -20.000000 1000.199958
v 1.875000 -20.000000 1000.199958
v 2.083333 -20.000000 1000.199958
v 2.291667 -20.000000 1000.199958
v 2.500000 -20.000000 1000.199958
v 2.708333 -20.000000 1000.199958
v 2.916667 -20.000000 1000.199958
v 3.125000 -20.000000 1000.199958
v 3.333333 -20.000000 1000.199958
v 3.541667 -20.000000 1000.199958
v 3.750000 -20.000000 1000.199958
v 3.958333 -20.000000 1000.199958
v 4.166667 -20.000000 1000.199958
v 4.375000 -20.000000 1000.199958
v 4.583333 -20.000000 1000.199958
v 4.791667 -20.000000 1000.199958
v 5.000000 -20.000000 1000.199958
v -5.000000 -20.000000 1008.897349
v -4.791667 -20.000000 1008.897349
v -4.583333 -20.000000 1008.897349
v -4.375000 -20.000000 1008.897349
v -4.166667 -20.000000 1008.897349
v -3.958333 -20.000000 1008.897349
v -3.750000 -20.000000 1008.897349
v -3.541667 -20.000000 1008.897349
v -3.333333 -20.000000 1008.897349
v -3.125000 -20.000000 1008.897349
v -2.916667 -20.000000 1008.897349
v -2.708333 -20.000000 1008.897349
v -2.500000 -20.000000 1008.897349
v -2.291667 -20.000000 1008.897349
v -2.083333 -20.000000 1008.897349
v -1.875000 -20.000000 1008.897349
v -1.666667 -20.000000 1008.897349
v -1.458333 -20.000000 1008.897349
v -1.250000 -20.000000 1008.897349
v -1.041667 -20.000000 1008.897349
v -0.833333 -20.000000 1008.897349
v -0.625000 -20.000000 1008.897349
v -0.416667 -20.000000 1008.897349
v -0.208333 -20.000000 1008.897349
v 0.000000 -20.000000 1008.897349
v 0.208333 -20.000000 1008.897349
v 0.416667 -20.000000 1008.897349
v 0.625000 -20.000000 1008.897349
v 0.833333 -20.000000 1008.897349
v 1.041667 -20.000000 1008.897349
v 1.250000 -20.000000 1008.897349
v 1.458333 -20.000000 1008.897349
v 1.666667 -20.000000 1008.897349
v 1.875000 -20.000000 1008.897349
v 2.083333 -20.000000 1008.897349
v 2.291667 -20.000000 1008.897349
v 2.500000 -20.000000 1008.897349
v 2.708333 -20.000000 1008.897349
v 2.916667 -20.000000 1008.897349
v 3.125000 -20.000000 1008.897349
v 3.333333 -20.000000 1008.897349
v 3.541667 -20.000000 1008.897349
v 3.750000 -20.000000 1008.897349
v 3.958333 -20.000000 1008.897349
v 4.166667 -20.000000 1008.897349
v 4.375000 -20.000000 1008.897349
v 4.583333 -20.000000 1008.897349
v 4.791667 -20.000000 1008.897349
v 5.000000 -20.000000 1008.897349
v -5.000000 -20.000000 1017.594740
v -4.791667 -20.000000 1017.594740
v -4.583333 -20.000000 1017.594740
v -4.375000 -20.000000 1017.594740
v -4.166667 -20.000000 1017.594740
v -3.958333 -20.000000 1017.594740
v -3.750000 -20.000000 1017.594740
v -3.541667 -20.000000 1017.594740
v -3.333333 -20.000000 1017.594740
v -3.125000 -20.000000 1017.594740
v -2.916667 -20.000000 1017.594740
v -2.708333 -20.000000 1017.594740
v -2.500000 -20.000000 1017.594740
v -2.291667 -20.000000 1017.594740
v -2.083333 -20.000000 1017.594740
v -1.875000 -20.000000 1017.594740
v -1.666667 -20.000000 1017.594740
v -1.458333 -20.000000 1017.594740
v -1.250000 -20.000000 1017.594740
v -1.041667 -20.000000 1017.594740
v -0.833333 -20.000000 1017.594740
v -0.625000 -20.000000 1017.594740
v -0.416667 -20.000000 1017.594740
v -0.208333 -20.000000 1017.594740
v 0.000000 -20.000000 1017.594740
v 0.208333 -20.000000 1017.594740
v 0.416667 -20.000000 1017.594740
v 0.625000 -20.000000 1017.594740
v 0.833333 -20.000000 1017.594740
v 1.041667 -20.000000 1017.594740
v 1.250000 -20.000000 1017.594740
v 1.458333 -20.000000 1017.594740
v 1.666667 -20.000000 1017.594740
v 1.875000 -20.000000 1017.594740
v 2.083333 -20.000000 1017.594740
v 2.291667 -20.000000 1017.594740
v 2.500000 -20.000000 1017.594740
v 2.708333 -20.000000 1017.594740
v 2.916667 -20.000000 1017.594740
v 3.125000 -20.000000 1017.594740
v 3.333333 -20.000000 1017.594740
v 3.541667 -20.000000 1017.594740
v 3.750000 -20.000000 1017.594740
v 3.958333 -20.000000 1017.594740
v 4.166667 -20.000000 1017.594740
v 4.375000 -20.000000 1017.594740
v 4.583333 -20.000000 1017.594740
v 4.791667 -20.000000 1017.594740
v 5.000000 -20.000000 1017.594740
v -5.000000 -20.000000 1026.292131
v -4.791667 -20.000000 1026.292131
v -4.583333 -20.000000 1026.292131
v -4.375000 -20.000000 1026.292131
v -4.166667 -20.000000 1026.292131
v -3.958333 -20.000000 1026.292131
v -3.750000 -20.000000 1026.292131
v -3.541667 -20.000000 1026.292131
v -3.333333 -20.000000 1026.292131
v -3.125000 -20.000000 1026.292131
v -2.916667 -20.000000 1026.292131
v -2.708333 -20.000000 1026.292131
v -2.500000 -20.000000 1026.292131
v -2.291667 -20.000000 1026.292131
v -2.083333 -20.000000 1026.292131
v -1.875000 -20.000000 1026.292131
v -1.666667 -20.000000 1026.292131
v -1.458333 -20.000000 1026.292131
v -1.250000 -20.000000 1026.292131
v -1.041667 -20.000000 1026.292131
v -0.833333 -20.000000 1026.292131
v -0.625000 -20.000000 1026.292131
v -0.416667 -20.000000 1026.292131
v -0.208333 -20.000000 1026.292131
v 0.000000 -20.000000 1026.292131
v 0.208333 -20.000000 1026.292131
v 0.416667 -20.000000 1026.292131
v 0.625000 -20.000000 1026.292131
v 0.833333 -20.000000 1026.292131
v 1.041667 -20.000000 1026.292131
v 1.250000 -20.000000 1026.292131
v 1.458333 -20.000000 1026.292131
v 1.666667 -20.000000 1026.292131
v 1.875000 -20.000000 1026.292131
v 2.083333 -20.000000 1026.292131
v 2.291667 -20.000000 1026.292131
v 2.500000 -20.000000 1026.292131
v 2.708333 -20.000000 1026.292131
v 2.916667 -20.000000 1026.292131
v 3.125000 -20.000000 1026.292131
v 3.333333 -20.000000 1026.292131
v 3.541667 -20.000000 1026.292131
v 3.750000 -20.000000 1026.292131
v 3.958333 -20.000000 1026.292131
v 4.166667 -20.000000 1026.292131
v 4.375000 -20.000000 1026.292131
v 4.583333 -20.000000 1026.292131
v 4.791667 -20.000000 1026.292131
v 5.000000 -20.000000 1026.292131
v -5.000000 -20.000000 1034.989522
v -4.791667 -20.000000 1034.989522
v -4.583333 -20.000000 1034.989522
v -4.375000 -20.000000 1034.989522
v -4.166667 -20.000000 1034.989522
v -3.958333 -20.000000 1034.989522
v -3.750000 -20.000000 1034.989522
v -3.541667 -20.000000 1034.989522
v -3.333333 -20.000000 1034.989522
v -3.125000 -20.000000 1034.989522
v -2.916667 -20.000000 1034.989522
v -2.708333 -20.000000 1034.989522
v -2.500000 -20.000000 1034.989522
v -2.291667 -20.000000 1034.989522
v -2.083333 -20.000000 1034.989522
v -1.875000 -20.000000 1034.989522
v -1.666667 -20.000000 1034.989522
v -1.458333 -20.000000 1034.989522
v -1.250000 -20.000000 1034.989522
v -1.041667 -20.000000 1034.989522
v -0.833333 -20.000000 1034.989522
v -0.625000 -20.000000 1034.989522
v -0.416667 -20.000000 1034.989522
v -0.208333 -20.000000 1034.989522
v 0.000000 -20.000000 1034.989522
v 0.208333 -20.000000 1034.989522
v 0.416667 -20.000000 1034.989522
v 0.625000 -20.000000 1034.989522
v 0.833333 -20.000000 1034.989522
v 1.041667 -20.000000 1034.989522
v 1.250000 -20.000000 1034.989522
v 1.458333 -20.000000 1034.989522
v 1.666667 -20.000000 1034.989522
v 1.875000 -20.000000 1034.989522
v 2.083333 -20.000000 1034.989522
v 2.291667 -20.000000 1034.989522
v 2.500000 -20.000000 1034.989522
v 2.708333 -20.000000 1034.989522
v 2.916667 -20.000000 1034.989522
v 3.125000 -20.000000 1034.989522
v 3.333333 -20.000000 1034.989522
v 3.541667 -20.000000 1034.989522
v 3.750000 -20.000000 1034.989522
v 3.958333 -20.000000 1034.989522
v 4.166667 -20.000000 1034.989522
v 4.375000 -20.000000 1034.989522
v 4.583333 -20.000000 1034.989522
v 4.791667 -20.000000 1034.989522
v 5.000000 -20.000000 1034.989522
v -5.000000 -20.000000 1043.686913
v -4.791667 -20.000000 1043.686913
v -4.583333 -20.000000 1043.686913
v -4.375000 -20.000000 1043.686913
v -4.166667 -20.000000 1043.686913
v -3.958333 -20.000000 1043.686913
v -3.750000 -20.000000 1043.686913
v -3.541667 -20.000000 1043.686913
v -3.333333 -20.000000 1043.686913
v -3.125000 -20.000000 1043.686913
v -2.916667 -20.000000 1043.686913
v -2.708333 -20.000000 1043.686913
v -2.500000 -20.000000 1043.686913
v -2.291667 -20.000000 1043.686913
v -2.083333 -20.000000 1043.686913
v -1.875000 -20.000000 1043.686913
v -1.666667 -20.000000 1043.686913
v -1.458333 -20.000000 1043.686913
v -1.250000 -20.000000 1043.686913
v -1.041667 -20.000000 1043.686913
v -0.833333 -20.000000 1043.686913
v -0.625000 -20.000000 1043.686913
v -0.416667 -20.000000 1043.686913
v -0.208333 -20.000000 1043.686913
v 0.000000 -20.000000 1043.686913
v 0.208333 -20.000000 1043.686913
v 0.416667 -20.000000 1043.686913
v 0.625000 -20.000000 1043.686913
v 0.833333 -20.000000 1043.686913
v 1.041667 -20.000000 1043.686913
v 1.250000 -20.000000 1043.686913
v 1.458333 -20.000000 1043.686913
v 1.666667 -20.000000 1043.686913
v 1.875000 -20.000000 1043.686913
v 2.083333 -20.000000 1043.686913
v 2.291667 -20.000000 1043.686913
v 2.500000 -20.000000 1043.686913
v 2.708333 -20.000000 1043.686913
v 2.916667 -20.000000 1043.686913
v 3.125000 -20.000000 1043.686913
v 3.333333 -20.000000 1043.686913
v 3.541667 -20.000000 1043.686913
v 3.750000 -20.000000 1043.686913
v 3.958333 -20.000000 1043.686913
v 4.166667 -20.000000 1043.686913
v 4.375000 -20.000000 1043.686913
v 4.583333 -20.000000 1043.686913
v 4.791667 -20.000000 1043.686913
v 5.000000 -20.000000 1043.686913
v -5.000000 -20.000000 1052.384304
v -4.791667 -20.000000 1052.384304
v -4.583333 -20.000000 1052.384304
v -4.375000 -20.000000 1052.384304
v -4.166667 -20.000000 1052.384304
v -3.958333 -20.000000 1052.384304
v -3.750000 -20.000000 1052.384304
v -3.541667 -20.000000 1052.384304
v -3.333333 -20.000000 1052.384304
v -3.125000 -20.000000 1052.384304
v -2.916667 -20.000000 1052.384304
v -2.708333 -20.000000 1052.384304
v -2.500000 -20.000000 1052.384304
v -2.291667 -20.000000 1052.384304
v -2.083333 -20.000000 1052.384304
v -1.875000 -20.000000 1052.384304
v -1.666667 -20.000000 1052.384304
v -1.458333 -20.000000 1052.384304
v -1.250000 -20.000000 1052.384304
v -1.041667 -20.000000 1052.384304
v -0.833333 -20.000000 1052.384304
v -0.625000 -20.000000 1052.384304
v -0.416667 -20.000000 1052.384304
v -0.208333 -20.000000 1052.384304
v 0.000000 -20.000000 1052.384304
v 0.208333 -20.000000 1052.384304
v 0.416667 -20.000000 1052.384304
v 0.625000 -20.000000 1052.384304
v 0.833333 -20.000000 1052.384304
v 1.041667 -20.000000 1052.384304
v 1.250000 -20.000000 1052.384304
v 1.458333 -20.000000 1052.384304
v 1.666667 -20.000000 1052.384304
v 1.875000 -20.000000 1052.384304
v 2.083333 -20.000000 1052.384304
v 2.291667 -20.000000 1052.384304
v 2.500000 -20.000000 1052.384304
v 2.708333 -20.000000 1052.384304
v 2.916667 -20.000000 1052.384304
v 3.125000 -20.000000 1052.384304
v 3.333333 -20.000000 1052.384304
v 3.541667 -20.000000 1052.384304
v 3.750000 -20.000000 1052.384304
v 3.958333 -20.000000 1052.384304
v 4.166667 -20.000000 1052.384304
v 4.375000 -20.000000 1052.384304
v 4.583333 -20.000000 1052.384304
v 4.791667 -20.000000 1052.384304
v 5.000000 -20.000000 1052.384304
v -5.000000 -20.000000 1061.081694
v -4.791667 -20.000000 1061.081694
v -4.583333 -20.000000 1061.081694
v -4.375000 -20.000000 1061.081694
v -4.166667 -20.000000 1061.081694
v -3.958333 -20.000000 1061.081694
v -3.750000 -20.000000 1061.081694
v -3.541667 -20.000000 1061.081694
v -3.333333 -20.000000 1061.081694
v -3.125000 -20.000000 1061.081694
v -2.916667 -20.000000 1061.081694
v -2.708333 -20.000000 1061.081694
v -2.500000 -20.000000 1061.081694
v -2.291667 -20.000000 1061.081694
v -2.083333 -20.000000 1061.081694
v -1.875000 -20.000000 1061.081694
v -1.666667 -20.000000 1061.081694
v -1.458333 -20.000000 1061.081694
v -1.250000 -20.000000 1061.081694
v -1.041667 -20.000000 1061.081694
v -0.833333 -20.000000 1061.081694
v -0.625000 -20.000000 1061.081694
v -0.416667 -20.000000 1061.081694
v -0.208333 -20.000000 1061.081694
v 0.000000 -20.000000 1061.081694
v 0.208333 -20.000000 1061.081694
v 0.416667 -20.000000 1061.081694
v 0.625000 -20.000000 1061.081694
v 0.833333 -20.000000 1061.081694
v 1.041667 -20.000000 1061.081694
v 1.250000 -20.000000 1061.081694
v 1.458333 -20.000000 1061.081694
v 1.666667 -20.000000 1061.081694
v 1.875000 -20.000000 1061.081694
v 2.083333 -20.000000 1061.081694
v 2.291667 -20.000000 1061.081694
v 2.500000 -20.000000 1061.081694
v 2.708333 -20.000000 1061.081694
v 2.916667 -20.000000 1061.081694
v 3.125000 -20.000000 1061.081694
v 3.333333 -20.000000 1061.081694
v 3.541667 -20.000000 1061.081694
v 3.750000 -20.000000 1061.081694
v 3.958333 -20.000000 1061.081694
v 4.166667 -20.000000 1061.081694
v 4.375000 -20.000000 1061.081694
v 4.583333 -20.000000 1061.081694
v 4.791667 -20.000000 1061.081694
v 5.000000 -20.000000 1061.081694
v -5.000000 -20.000000 1069.779085
v -4.791667 -20.000000 1069.779085
v -4.583333 -20.000000 1069.779085
v -4.375000 -20.000000 1069.779085
v -4.166667 -20.000000 1069.779085
v -3.958333 -20.000000 1069.779085
v -3.750000 -20.000000 1069.779085
v -3.541667 -20.000000 1069.779085
v -3.333333 -20.000000 1069.779085
v -3.125000 -20.000000 1069.779085
v -2.916667 -20.000000 1069.779085
v -2.708333 -20.000000 1069.779085
v -2.500000 -20.000000 1069.779085
v -2.291667 -20.000000 1069.779085
v -2.083333 -20.000000 1069.779085
v -1.875000 -20.000000 1069.779085
v -1.666667 -20.000000 1069.779085
v -1.458333 -20.000000 1069.779085
v -1.250000 -20.000000 1069.779085
v -1.041667 -20.000000 1069.779085
v -0.833333 -20.000000 1069.779085
v -0.625000 -20.000000 1069.779085
v -0.416667 -20.000000 1069.779085
v -0.208333 -20.000000 1069.779085
v 0.000000 -20.000000 1069.779085
v 0.208333 -20.000000 1069.779085
v 0.416667 -20.000000 1069.779085
v 0.625000 -20.000000 1069.779085
v 0.833333 -20.000000 1069.779085
v 1.041667 -20.000000 1069.779085
v 1.250000 -20.000000 1069.779085
v 1.458333 -20.000000 1069.779085
v 1.666667 -20.000000 1069.779085
v 1.875000 -20.000000 1069.779085
v 2.083333 -20.000000 1069.779085
v 2.291667 -20.000000 1069.779085
v 2.500000 -20.000000 1069.779085
v 2.708333 -20.000000 1069.779085
v 2.916667 -20.000000 1069.779085
v 3.125000 -20.000000 1069.779085
v 3.333333 -20.000000 1069.779085
v 3.541667 -20.000000 1069.779085
v 3.750000 -20.000000 1069.779085
v 3.958333 -20.000000 1069.779085
v 4.166667 -20.000000 1069.779085
v 4.375000 -20.000000 1069.779085
v 4.583333 -20.000000 1069.779085
v 4.791667 -20.000000 1069.779085
v 5.000000 -20.000000 1069.779085
v -5.000000 -20.000000 1078.476476
v -4.791667 -20.000000 1078.476476
v -4.583333 -20.000000 1078.476476
v -4.375000 -20.000000 1078.476476
v -4.166667 -20.000000 1078.476476
v -3.958333 -20.000000 1078.476476
v -3.750000 -20.000000 1078.476476
v -3.541667 -20.000000 1078.476476
v -3.333333 -20.000000 1078.476476
v -3.125000 -20.000000 1078.476476
v -2.916667 -20.000000 1078.476476
v -2.708333 -20.000000 1078.476476
v -2.500000 -20.000000 1078.476476
v -2.291667 -20.000000 1078.476476
v -2.083333 -20.000000 1078.476476
v -1.875000 -20.000000 1078.476476
v -1.666667 -20.000000 1078.476476
v -1.458333 -20.000000 1078.476476
v -1.250000 -20.000000 1078.476476
v -1.041667 -20.000000 1078.476476
v -0.833333 -20.000000 1078.476476
v -0.625000 -20.000000 1078.476476
v -0.416667 -20.000000 1078.476476
v -0.208333 -20.000000 1078.476476
v 0.000000 -20.000000 1078.476476
v 0.208333 -20.000000 1078.476476
v 0.416667 -20.000000 1078.476476
v 0.625000 -20.000000 1078.476476
v 0.833333 -20.000000 1078.476476
v 1.041667 -20.000000 1078.476476
v 1.250000 -20.000000 1078.476476
v 1.458333 -20.000000 1078.476476
v 1.666667 -20.000000 1078.476476
v 1.875000 -20.000000 1078.476476
v 2.083333 -20.000000 1078.476476
v 2.291667 -20.000000 1078.476476
v 2.500000 -20.000000 1078.476476
v 2.708333 -20.000000 1078.476476
v 2.916667 -20.000000 1078.476476
v 3.125000 -20.000000 1078.476476
v 3.333333 -20.000000 1078.476476
v 3.541667 -20.000000 1078.476476
v 3.750000 -20.000000 1078.476476
v 3.958333 -20.000000 1078.476476
v 4.166667 -20.000000 1078.476476
v 4.375000 -20.000000 1078.476476
v 4.583333 -20.000000 1078.476476
v 4.791667 -20.000000 1078.476476
v 5.000000 -20.000000 1078.476476
v -5.000000 -20.000000 1087.173867
v -4.791667 -20.000000 1087.173867
v -4.583333 -20.000000 1087.173867
v -4.375000 -20.000000 1087.173867
v -4.166667 -20.000000 1087.173867
v -3.958333 -20.000000 1087.173867
v -3.750000 -20.000000 1087.173867
v -3.541667 -20.000000 1087.173867
v -3.333333 -20.000000 1087.173867
v -3.125000 -20.000000 1087.173867
v -2.916667 -20.000000 1087.173867
v -2.708333 -20.000000 1087.173867
v -2.500000 -20.000000 1087.173867
v -2.291667 -20.000000 1087.173867
v -2.083333 -20.000000 1087.173867
v -1.875000 -20.000000 1087.173867
v -1.666667 -20.000000 1087.173867
v -1.458333 -20.000000 1087.173867
v -1.250000 -20.000000 1087.173867
v -1.041667 -20.000000 1087.173867
v -0.833333 -20.000000 1087.173867
v -0.625000 -20.000000 1087.173867
v -0.416667 -20.000000 1087.173867
v -0.208333 -20.000000 1087.173867
v 0.000000 -20.000000 1087.173867
v 0.208333 -20.000000 1087.173867
v 0.416667 -20.000000 1087.173867
v 0.625000 -20.000000 1087.173867
v 0.833333 -20.000000 1087.173867
v 1.041667 -20.000000 1087.173867
v 1.250000 -20.000000 1087.173867
v 1.458333 -20.000000 1087.173867
v 1.666667 -20.000000 1087.173867
v 1.875000 -20.000000 1087.173867
v 2.083333 -20.000000 1087.173867
v 2.291667 -20.000000 1087.173867
v 2.500000 -20.000000 1087.173867
v 2.708333 -20.000000 1087.173867
v 2.916667 -20.000000 1087.173867
v 3.125000 -20.000000 1087.173867
v 3.333333 -20.000000 1087.173867
v 3.541667 -20.000000 1087.173867
v 3.750000 -20.000000 1087.173867
v 3.958333 -20.000000 1087.173867
v 4.166667 -20.000000 1087.173867
v 4.375000 -20.000000 1087.173867
v 4.583333 -20.000000 1087.173867
v 4.791667 -20.000000 1087.173867
v 5.000000 -20.000000 1087.173867
v -5.000000 -20.000000 1095.871258
v -4.791667 -20.000000 1095.871258
v -4.583333 -20.000000 1095.871258
v -4.375000 -20.000000 1095.871258
v -4.166667 -20.000000 1095.871258
v -3.958333 -20.000000 1095.871258
v -3.750000 -20.000000 1095.871258
v -3.541667 -20.000000 1095.871258
v -3.333333 -20.000000 1095.871258
v -3.125000 -20.000000 1095.871258
v -2.916667 -20.000000 1095.871258
v -2.708333 -20.000000 1095.871258
v -2.500000 -20.000000 1095.871258
v -2.291667 -20.000000 1095.871258
v -2.083333 -20.000000 1095.871258
v -1.875000 -20.000000 1095.871258
v -1.666667 -20.000000 1095.871258
v -1.458333 -20.000000 1095.871258
v -1.250000 -20.000000 1095.871258
v -1.041667 -20.000000 1095.871258
v -0.833333 -20.000000 1095.871258
v -0.625000 -20.000000 1095.871258
v -0.416667 -20.000000 1095.871258
v -0.208333 -20.000000 1095.871258
v 0.000000 -20.000000 1095.871258
v 0.208333 -20.000000 1095.871258
v 0.416667 -20.000000 1095.871258
v 0.625000 -20.000000 1095.871258
v 0.833333 -20.000000 1095.871258
v 1.041667 -20.000000 1095.871258
v 1.250000 -20.000000 1095.871258
v 1.458333 -20.000000 1095.871258
v 1.666667 -20.000000 1095.871258
v 1.875000 -20.000000 1095.871258
v 2.083333 -20.000000 1095.871258
v 2.291667 -20.000000 1095.871258
v 2.500000 -20.000000 1095.871258
v 2.708333 -20.000000 1095.871258
v 2.916667 -20.000000 1095.871258
v 3.125000 -20.000000 1095.871258
v 3.333333 -20.000000 1095.871258
v 3.541667 -20.000000 1095.871258
v 3.750000 -20.000000 1095.871258
v 3.958333 -20.000000 1095.871258
v 4.166667 -20.000000 1095.871258
v 4.375000 -20.000000 1095.871258
v 4.583333 -20.000000 1095.871258
v 4.791667 -20.000000 1095.871258
v 5.000000 -20.000000 1095.871258
v -5.000000 -20.000000 1104.568649
v -4.791667 -20.000000 1104.568649
v -4.583333 -20.000000 1104.568649
v -4.375000 -20.000000 1104.568649
v -4.166667 -20.000000 1104.568649
v -3.958333 -20.000000 1104.568649
v -3.750000 -20.000000 1104.568649
v -3.541667 -20.000000 1104.568649
v -3.333333 -20.000000 1104.568649
v -3.125000 -20.000000 1104.568649
v -2.916667 -20.000000 1104.568649
v -2.708333 -20.000000 1104.568649
v -2.500000 -20.000000 1104.568649
v -2.291667 -20.000000 1104.568649
v -2.083333 -20.000000 1104.568649
v -1.875000 -20.000000 1104.568649
v -1.666667 -20.000000 1104.568649
v -1.458333 -20.000000 1104.568649
v -1.250000 -20.000000 1104.568649
v -1.041667 -20.000000 1104.568649
v -0.833333 -20.000000 1104.568649
v -0.625000 -20.000000 1104.568649
v -0.416667 -20.000000 1104.568649
v -0.208333 -20.000000 1104.568649
v 0.000000 -20.000000 1104.568649
v 0.208333 -20.000000 1104.568649
v 0.416667 -20.000000 1104.568649
v 0.625000 -20.000000 1104.568649
v 0.833333 -20.000000 1104.568649
v 1.041667 -20.000000 1104.568649
v 1.250000 -20.000000 1104.568649
v 1.458333 -20.000000 1104.568649
v 1.666667 -20.000000 1104.568649
v 1.875000 -20.000000 1104.568649
v 2.083333 -20.000000 1104.568649
v 2.291667 -20.000000 1104.568649
v 2.500000 -20.000000 1104.568649
v 2.708333 -20.000000 1104.568649
v 2.916667 -20.000000 1104.568649
v 3.125000 -20.000000 1104.568649
v 3.333333 -20.000000 1104.568649
v 3.541667 -20.000000 1104.568649
v 3.750000 -20.000000 1104.568649
v 3.958333 -20.000000 1104.568649
v 4.166667 -20.000000 1104.568649
v 4.375000 -20.000000 1104.568649
v 4.583333 -20.000000 1104.568649
v 4.791667 -20.000000 1104.568649
v 5.000000 -20.000000 1104.568649
v -5.000000 -20.000000 1113.266040
v -4.791667 -20.000000 1113.266040
v -4.583333 -20.000000 1113.266040
v -4.375000 -20.000000 1113.266040
v -4.166667 -20.000000 1113.266040
v -3.958333 -20.000000 1113.266040
v -3.750000 -20.000000 1113.266040
v -3.541667 -20.000000 1113.266040
v -3.333333 -20.000000 1113.266040
v -3.125000 -20.000000 1113.266040
v -2.916667 -20.000000 1113.266040
v -2.708333 -20.000000 1113.266040
v -2.500000 -20.000000 1113.266040
v -2.291667 -20.000000 1113.266040
v -2.083333 -20.000000 1113.266040
v -1.875000 -20.000000 1113.266040
v -1.666667 -20.000000 1113.266040
v -1.458333 -20.000000 1113.266040
v -1.250000 -20.000000 1113.266040
v -1.041667 -20.000000 1113.266040
v -0.833333 -20.000000 1113.266040
v -0.625000 -20.000000 1113.266040
v -0.416667 -20.000000 1113.266040
v -0.208333 -20.000000 1113.266040
v 0.000000 -20.000000 1113.266040
v 0.208333 -20.000000 1113.266040
v 0.416667 -20.000000 1113.266040
v 0.625000 -20.000000 1113.266040
v 0.833333 -20.000000 1113.266040
v 1.041667 -20.000000 1113.266040
v 1.250000 -20.000000 1113.266040
v 1.458333 -20.000000 1113.266040
v 1.666667 -20.000000 1113.266040
v 1.875000 -20.000000 1113.266040
v 2.083333 -20.000000 1113.266040
v 2.291667 -20.000000 1113.266040
v 2.500000 -20.000000 1113.266040
v 2.708333 -20.000000 1113.266040
v 2.916667 -20.000000 1113.266040
v 3.125000 -20.000000 1113.266040
v 3.333333 -20.000000 1113.266040
v 3.541667 -20.000000 1113.266040
v 3.750000 -20.000000 1113.266040
v 3.958333 -20.000000 1113.266040
v 4.166667 -20.000000 1113.266040
v 4.375000 -20.000000 1113.266040
v 4.583333 -20.000000 1113.266040
v 4.791667 -20.000000 1113.266040
v 5.000000 -20.000000 1113.266040
v -5.000000 20.000000 -1113.266040
v -4.791667 20.000000 -1113.266040
v -4.583333 20.000000 -1113.266040
v -4.375000 20.000000 -1113.266040
v -4.166667 20.000000 -1113.266040
v -3.958333 20.000000 -1113.266040
v -3.750000 20.000000 -1113.266040
v -3.541667 20.000000 -1113.266040
v -3.333333 20.000000 -1113.266040
v -3.125000 20.000000 -1113.266040
v -2.916667 20.000000 -1113.266040
v -2.708333 20.000000 -1113.266040
v -2.500000 20.000000 -1113.266040
v -2.291667 20.000000 -1113.266040
v -2.083333 20.000000 -1113.266040
v -1.875000 20.000000 -1113.266040
v -1.666667 20.000000 -1113.266040
v -1.458333 20.000000 -1113.266040
v -1.250000 20.000000 -1113.266040
v -1.041667 20.000000 -1113.266040
v -0.833333 20.000000 -1113.266040
v -0.625000 20.000000 -1113.266040
v -0.416667 20.000000 -1113.266040
v -0.208333 20.000000 -1113.266040
v 0.000000 20.000000 -1113.266040
v 0.208333 20.000000 -1113.266040
v 0.416667 20.000000 -1113.266040
v 0.625000 20.000000 -1113.266040
v 0.833333 20.000000 -1113.266040
v 1.041667 20.000000 -1113.266040
v 1.250000 20.000000 -1113.266040
v 1.458333 20.000000 -1113.266040
v 1.666667 20.000000 -1113.266040
v 1.875000 20.000000 -1113.266040
v 2.083333 20.000000 -1113.266040
v 2.291667 20.000000 -1113.266040
v 2.500000 20.000000 -1113.266040
v 2.708333 20.000000 -1113.266040
v 2.916667 20.000000 -1113.266040
v 3.125000 20.000000 -1113.266040
v 3.333333 20.000000 -1113.266040
v 3.541667 20.000000 -1113.266040
v 3.750000 20.000000 -1113.266040
v 3.958333 20.000000 -1113.266040
v 4.166667 20.000000 -1113.266040
v 4.375000 20.000000 -1113.266040
v 4.583333 20.000000 -1113.266040
v 4.791667 20.000000 -1113.266040
v 5.000000 20.000000 -1113.266040
v -5.000000 20.000000 -1104.568649
v -4.791667 20.000000 -1104.568649
v -4.583333 20.000000 -1104.568649
v -4.375000 20.000000 -1104.568649
v -4.166667 20.000000 -1104.568649
v -3.958333 20.000000 -1104.568649
v -3.750000 20.000000 -1104.568649
v -3.541667 20.000000 -1104.568649
v -3.333333 20.000000 -1104.568649
v -3.125000 20.000000 -1104.568649
v -2.916667 20.000000 -1104.568649
v -2.708333 20.000000 -1104.568649
v -2.500000 20.000000 -1104.568649
v -2.291667 20.000000 -1104.568649
v -2.083333 20.000000 -1104.568649
v -1.875000 20.000000 -1104.568649
v -1.666667 20.000000 -1104.568649
v -1.458333 20.000000 -1104.568649
v -1.250000 20.000000 -1104.568649
v -1.041667 20.000000 -1104.568649
v -0.833333 20.000000 -1104.568649
v -0.625000 20.000000 -1104.568649
v -0.416667 20.000000 -1104.568649
v -0.208333 20.000000 -1104.568649
v 0.000000 20.000000 -1104.568649
v 0.208333 20.000000 -1104.568649
v 0.416667 20.000000 -1104.568649
v 0.625000 20.000000 -1104.568649
v 0.833333 20.000000 -1104.568649
v 1.041667 20.000000 -1104.568649
v 1.250000 20.000000 -1104.568649
v 1.458333 20.000000 -1104.568649
v 1.666667 20.000000 -1104.568649
v 1.875000 20.000000 -1104.568649
v 2.083333 20.000000 -1104.568649
v 2.291667 20.000000 -1104.568649
v 2.500000 20.000000 -1104.568649
v 2.708333 20.000000 -1104.568649
v 2.916667 20.000000 -1104.568649
v 3.125000 20.000000 -1104.568649
v 3.333333 20.000000 -1104.568649
v 3.541667 20.000000 -1104.568649
v 3.750000 20.000000 -1104.568649
v 3.958333 20.000000 -1104.568649
v 4.166667 20.000000 -1104.568649
v 4.375000 20.000000 -1104.568649
v 4.583333 20.000000 -1104.568649
v 4.791667 20.000000 -1104.568649
v 5.000000 20.000000 -1104.568649
v -5.000000 20.000000 -1095.871258
v -4.791667 20.000000 -1095.871258
v -4.583333 20.000000 -1095.871258
v -4.375000 20.000000 -1095.871258
v -4.166667 20.000000 -1095.871258
v -3.958333 20.000000 -1095.871258
v -3.750000 20.000000 -1095.871258
v -3.541667 20.000000 -1095.871258
v -3.333333 20.000000 -1095.871258
v -3.125000 20.000000 -1095.871258
v -2.916667 20.000000 -1095.871258
v -2.708333 20.000000 -1095.871258
v -2.500000 20.000000 -1095.871258
v -2.291667 20.000000 -1095.871258
v -2.083333 20.000000 -1095.871258
v -1.875000 20.000000 -1095.871258
v -1.666667 20.000000 -1095.871258
v -1.458333 20.000000 -1095.871258
v -1.250000 20.000000 -1095.871258
v -1.041667 20.000000 -1095.871258
v -0.833333 20.000000 -1095.871258
v -0.625000 20.000000 -1095.871258
v -0.416667 20.000000 -1095.871258
v -0.208333 20.000000 -1095.871258
v 0.000000 20.000000 -1095.871258
v 0.208333 20.000000 -1095.871258
v 0.416667 20.000000 -1095.871258
v 0.625000 20.000000 -1095.871258
v 0.833333 20.000000 -1095.871258
v 1.041667 20.000000 -1095.871258
v 1.250000 20.000000 -1095.871258
v 1.458333 20.000000 -1095.871258
v 1.666667 20.000000 -1095.871258
v 1.875000 20.000000 -1095.871258
v 2.083333 20.000000 -1095.871258
v 2.291667 20.000000 -1095.871258
v 2.500000 20.000000 -1095.871258
v 2.708333 20.000000 -1095.871258
v 2.916667 20.000000 -1095.871258
v 3.125000 20.000000 -1095.871258
v 3.333333 20.000000 -1095.871258
v 3.541667 20.000000 -1095.871258
v 3.750000 20.000000 -1095.871258
v 3.958333 20.000000 -1095.871258
v 4.166667 20.000000 -1095.871258
v 4.375000 20.000000 -1095.871258
v 4.583333 20.000000 -1095.871258
v 4.791667 20.000000 -1095.871258
v 5.000000 20.000000 -1095.871258
v -5.000000 20.000000 -1087.173867
v -4.791667 20.000000 -1087.173867
v -4.583333 20.000000 -1087.173867
v -4.375000 20.000000 -1087.173867
v -4.166667 20.000000 -1087.173867
v -3.958333 20.000000 -1087.173867
v -3.750000 20.000000 -1087.173867
v -3.541667 20.000000 -1087.173867
v -3.333333 20.000000 -1087.173867
v -3.125000 20.000000 -1087.173867
v -2.916667 20.000000 -1087.173867
v -2.708333 20.000000 -1087.173867
v -2.500000 20.000000 -1087.173867
v -2.291667 20.000000 -1087.173867
v -2.083333 20.000000 -1087.173867
v -1.875000 20.000000 -1087.173867
v -1.666667 20.000000 -1087.173867
v -1.458333 20.000000 -1087.173867
v -1.250000 20.000000 -1087.173867
v -1.041667 20.000000 -1087.173867
v -0.833333 20.000000 -1087.173867
v -0.625000 20.000000 -1087.173867
v -0.416667 20.000000 -1087.173867
v -0.208333 20.000000 -1087.173867
v 0.000000 20.000000 -1087.173867
v 0.208333 20.000000 -1087.173867
v 0.416667 20.000000 -1087.173867
v 0.625000 20.000000 -1087.173867
v 0.833333 20.000000 -1087.173867
v 1.041667 20.000000 -1087.173867
v 1.250000 20.000000 -1087.173867
v 1.458333 20.000000 -1087.173867
v 1.666667 20.000000 -1087.173867
v 1.875000 20.000000 -1087.173867
v 2.083333 20.000000 -1087.173867
v 2.291667 20.000000 -1087.173867
v 2.500000 20.000000 -1087.173867
v 2.708333 20.000000 -1087.173867
v 2.916667 20.000000 -1087.173867
v 3.125000 20.000000 -1087.173867
v 3.333333 20.000000 -1087.173867
v 3.541667 20.000000 -1087.173867
v 3.750000 20.000000 -1087.173867
v 3.958333 20.000000 -1087.173867
v 4.166667 20.000000 -1087.173867
v 4.375000 20.000000 -1087.173867
v 4.583333 20.000000 -1087.173867
v 4.791667 20.000000 -1087.173867
v 5.000000 20.000000 -1087.173867
v -5.000000 20.000000 -1078.476476
v -4.791667 20.000000 -1078.476476
v -4.583333 20.000000 -1078.476476
v -4.375000 20.000000 -1078.476476
v -4.166667 20.000000 -1078.476476
v -3.958333 20.000000 -1078.476476
v -3.750000 20.000000 -1078.476476
v -3.541667 20.000000 -1078.476476
v -3.333333 20.000000 -1078.476476
v -3.125000 20.000000 -1078.476476
v -2.916667 20.000000 -1078.476476
v -2.708333 20.000000 -1078.476476
v -2.500000 20.000000 -1078.476476
v -2.291667 20.000000 -1078.476476
v -2.083333 20.000000 -1078.476476
v -1.875000 20.000000 -1078.476476
v -1.666667 20.000000 -1078.476476
v -1.458333 20.000000 -1078.476476
v -1.250000 20.000000 -1078.476476
v -1.041667 20.000000 -1078.476476
v -0.833333 20.000000 -1078.476476
v -0.625000 20.000000 -1078.476476
v -0.416667 20.000000 -1078.476476
v -0.208333 20.000000 -1078.476476
v 0.000000 20.000000 -1078.476476
v 0.208333 20.000000 -1078.476476
v 0.416667 20.000000 -1078.476476
v 0.625000 20.000000 -1078.476476
v 0.833333 20.000000 -1078.476476
v 1.041667 20.000000 -1078.476476
v 1.250000 20.000000 -1078.476476
v 1.458333 20.000000 -1078.476476
v 1.666667 20.000000 -1078.476476
v 1.875000 20.000000 -1078.476476
v 2.083333 20.000000 -1078.476476
v 2.291667 20.000000 -1078.476476
v 2.500000 20.000000 -1078.476476
v 2.708333 20.000000 -1078.476476
v 2.916667 20.000000 -1078.476476
v 3.125000 20.000000 -1078.476476
v 3.333333 20.000000 -1078.476476
v 3.541667 20.000000 -1078.476476
v 3.750000 20.000000 -1078.476476
v 3.958333 20.000000 -1078.476476
v 4.166667 20.000000 -1078.476476
v 4.375000 20.000000 -1078.476476
v 4.583333 20.000000 -1078.476476
v 4.791667 20.000000 -1078.476476
v 5.000000 20.000000 -1078.476476
v -5.000000 20.000000 -1069.779085
v -4.791667 20.000000 -1069.779085
v -4.583333 20.000000 -1069.779085
v -4.375000 20.000000 -1069.779085
v -4.166667 20.000000 -1069.779085
v -3.958333 20.000000 -1069.779085
v -3.750000 20.000000 -1069.779085
v -3.541667 20.000000 -1069.779085
v -3.333333 20.000000 -1069.779085
v -3.125000 20.000000 -1069.779085
v -2.916667 20.000000 -1069.779085
v -2.708333 20.000000 -1069.779085
v -2.500000 20.000000 -1069.779085
v -2.291667 20.000000 -1069.779085
v -2.083333 20.000000 -1069.779085
v -1.875000 20.000000 -1069.779085
v -1.666667 20.000000 -1069.779085
v -1.458333 20.000000 -1069.779085
v -1.250000 20.000000 -1069.779085
v -1.041667 20.000000 -1069.779085
v -0.833333 20.000000 -1069.779085
v -0.625000 20.000000 -1069.779085
v -0.416667 20.000000 -1069.779085
v -0.208333 20.000000 -1069.779085
v 0.000000 20.000000 -1069.779085
v 0.208333 20.000000 -1069.779085
v 0.416667 20.000000 -1069.779085
v 0.625000 20.000000 -1069.779085
v 0.833333 20.000000 -1069.779085
v 1.041667 20.000000 -1069.779085
v 1.250000 20.000000 -1069.779085
v 1.458333 20.000000 -1069.779085
v 1.666667 20.000000 -1069.779085
v 1.875000 20.000000 -1069.779085
v 2.083333 20.000000 -1069.779085
v 2.291667 20.000000 -1069.779085
v 2.500000 20.000000 -1069.779085
v 2.708333 20.000000 -1069.779085
v 2.916667 20.000000 -1069.779085
v 3.125000 20.000000 -1069.779085
v 3.333333 20.000000 -1069.779085
v 3.541667 20.000000 -1069.779085
v 3.750000 20.000000 -1069.779085
v 3.958333 20.000000 -1069.779085
v 4.166667 20.000000 -1069.779085
v 4.375000 20.000000 -1069.779085
v 4.583333 20.000000 -1069.779085
v 4.791667 20.000000 -1069.779085
v 5.000000 20.000000 -1069.779085
v -5.000000 20.000000 -1061.081694
v -4.791667 20.000000 -1061.081694
v -4.583333 20.000000 -1061.081694
v -4.375000 20.000000 -1061.081694
v -4.166667 20.000000 -1061.081694
v -3.958333 20.000000 -1061.081694
v -3.750000 20.000000 -1061.081694
v -3.541667 20.000000 -1061.081694
v -3.333333 20.000000 -1061.081694
v -3.125000 20.000000 -1061.081694
v -2.916667 20.000000 -1061.081694
v -2.708333 20.000000 -1061.081694
v -2.500000 20.000000 -1061.081694
v -2.291667 20.000000 -1061.081694
v -2.083333 20.000000 -1061.081694
v -1.875000 20.000000 -1061.081694
v -1.666667 20.000000 -1061.081694
v -1.458333 20.000000 -1061.081694
v -1.250000 20.000000 -1061.081694
v -1.041667 20.000000 -1061.081694
v -0.833333 20.000000 -1061.081694
v -0.625000 20.000000 -1061.081694
v -0.416667 20.000000 -1061.081694
v -0.208333 20.000000 -1061.081694
v 0.000000 20.000000 -1061.081694
v 0.208333 20.000000 -1061.081694
v 0.416667 20.000000 -1061.081694
v 0.625000 20.000000 -1061.081694
v 0.833333 20.000000 -1061.081694
v 1.041667 20.000000 -1061.081694
v 1.250000 20.000000 -1061.081694
v 1.458333 20.000000 -1061.081694
v 1.666667 20.000000 -1061.081694
v 1.875000 20.000000 -1061.081694
v 2.083333 20.000000 -1061.081694
v 2.291667 20.000000 -1061.081694
v 2.500000 20.000000 -1061.081694
v 2.708333 20.000000 -1061.081694
v 2.916667 20.000000 -1061.081694
v 3.125000 20.000000 -1061.081694
v 3.333333 20.000000 -1061.081694
v 3.541667 20.000000 -1061.081694
v 3.750000 20.000000 -1061.081694
v 3.958333 20.000000 -1061.081694
v 4.166667 20.000000 -1061.081694
v 4.375000 20.000000 -1061.081694
v 4.583333 20.000000 -1061.081694
v 4.791667 20.000000 -1061.081694
v 5.000000 20.000000 -1061.081694
v -5.000000 20.000000 -1052.384304
v -4.791667 20.000000 -1052.384304
v -4.583333 20.000000 -1052.384304
v -4.375000 20.000000 -1052.384304
v -4.166667 20.000000 -1052.384304
v -3.958333 20.000000 -1052.384304
v -3.750000 20.000000 -1052.384304
v -3.541667 20.000000 -1052.384304
v -3.333333 20.000000 -1052.384304
v -3.125000 20.000000 -1052.384304
v -2.916667 20.000000 -1052.384304
v -2.708333 20.000000 -1052.384304
v -2.500000 20.000000 -1052.384304
v -2.291667 20.000000 -1052.384304
v -2.083333 20.000000 -1052.384304
v -1.875000 20.000000 -1052.384304
v -1.666667 20.000000 -1052.384304
v -1.458333 20.000000 -1052.384304
v -1.250000 20.000000 -1052.384304
v -1.041667 20.000000 -1052.384304
v -0.833333 20.000000 -1052.384304
v -0.625000 20.000000 -1052.384304
v -0.416667 20.000000 -1052.384304
v -0.208333 20.000000 -1052.384304
v 0.000000 20.000000 -1052.384304
v 0.208333 20.000000 -1052.384304
v 0.416667 20.000000 -1052.384304
v 0.625000 20.000000 -1052.384304
v 0.833333 20.000000 -1052.384304
v 1.041667 20.000000 -1052.384304
v 1.250000 20.000000 -1052.384304
v 1.458333 20.000000 -1052.384304
v 1.666667 20.000000 -1052.384304
v 1.875000 20.000000 -1052.384304
v 2.083333 20.000000 -1052.384304
v 2.291667 20.000000 -1052.384304
v 2.500000 20.000000 -1052.384304
v 2.708333 20.000000 -1052.384304
v 2.916667 20.000000 -1052.384304
v 3.125000 20.000000 -1052.384304
v 3.333333 20.000000 -1052.384304
v 3.541667 20.000000 -1052.384304
v 3.750000 20.000000 -1052.384304
v 3.958333 20.000000 -1052.384304
v 4.166667 20.000000 -1052.384304
v 4.375000 20.000000 -1052.384304
v 4.583333 20.000000 -1052.384304
v 4.791667 20.000000 -1052.384304
v 5.000000 20.000000 -1052.384304
v -5.000000 20.000000 -1043.686913
v -4.791667 20.000000 -1043.686913
v -4.583333 20.000000 -1043.686913
v -4.375000 20.000000 -1043.686913
v -4.166667 20.000000 -1043.686913
v -3.958333 20.000000 -1043.686913
v -3.750000 20.000000 -1043.686913
v -3.541667 20.000000 -1043.686913
v -3.333333 20.000000 -1043.686913
v -3.125000 20.000000 -1043.686913
v -2.916667 20.000000 -1043.686913
v -2.708333 20.000000 -1043.686913
v -2.500000 20.000000 -1043.686913
v -2.291667 20.000000 -1043.686913
v -2.083333 20.000000 -1043.686913
v -1.875000 20.000000 -1043.686913
v -1.666667 20.000000 -1043.686913
v -1.458333 20.000000 -1043.686913
v -1.250000 20.000000 -1043.686913
v -1.041667 20.000000 -1043.686913
v -0.833333 20.000000 -1043.686913
v -0.625000 20.000000 -1043.686913
v -0.416667 20.000000 -1043.686913
v -0.208333 20.000000 -1043.686913
v 0.000000 20.000000 -1043.686913
v 0.208333 20.000000 -1043.686913
v 0.416667 20.000000 -1043.686913
v 0.625000 20.000000 -1043.686913
v 0.833333 20.000000 -1043.686913
v 1.041667 20.000000 -1043.686913
v 1.250000 20.000000 -1043.686913
v 1.458333 20.000000 -1043.686913
v 1.666667 20.000000 -1043.686913
v 1.875000 20.000000 -1043.686913
v 2.083333 20.000000 -1043.686913
v 2.291667 20.000000 -1043.686913
v 2.500000 20.000000 -1043.686913
v 2.708333 20.000000 -1043.686913
v 2.916667 20.000000 -1043.686913
v 3.125000 20.000000 -1043.686913
v 3.333333 20.000000 -1043.686913
v 3.541667 20.000000 -1043.686913
v 3.750000 20.000000 -1043.686913
v 3.958333 20.000000 -1043.686913
v 4.166667 20.000000 -1043.686913
v 4.375000 20.000000 -1043.686913
v 4.583333 20.000000 -1043.686913
v 4.791667 20.000000 -1043.686913
v 5.000000 20.000000 -1043.686913
v -5.000000 20.000000 -1034.989522
v -4.791667 20.000000 -1034.989522
v -4.583333 20.000000 -1034.989522
v -4.375000 20.000000 -1034.989522
v -4.166667 20.000000 -1034.989522
v -3.958333 20.000000 -1034.989522
v -3.750000 20.000000 -1034.989522
v -3.541667 20.000000 -1034.989522
v -3.333333 20.000000 -1034.989522
v -3.125000 20.000000 -1034.989522
v -2.916667 20.000000 -1034.989522
v -2.708333 20.000000 -1034.989522
v -2.500000 20.000000 -1034.989522
v -2.291667 20.000000 -1034.989522
v -2.083333 20.000000 -1034.989522
v -1.875000 20.000000 -1034.989522
v -1.666667 20.000000 -1034.989522
v -1.458333 20.000000 -1034.989522
v -1.250000 20.000000 -1034.989522
v -1.041667 20.000000 -1034.989522
v -0.833333 20.000000 -1034.989522
v -0.625000 20.000000 -1034.989522
v -0.416667 20.000000 -1034.989522
v -0.208333 20.000000 -1034.989522
v 0.000000 20.000000 -1034.989522
v 0.208333 20.000000 -1034.989522
v 0.416667 20.000000 -1034.989522
v 0.625000 20.000000 -1034.989522
v 0.833333 20.000000 -1034.989522
v 1.041667 20.000000 -1034.989522
v 1.250000 20.000000 -1034.989522
v 1.458333 20.000000 -1034.989522
v 1.666667 20.000000 -1034.989522
v 1.875000 20.000000 -1034.989522
v 2.083333 20.000000 -1034.989522
v 2.291667 20.000000 -1034.989522
v 2.500000 20.000000 -1034.989522
v 2.708333 20.000000 -1034.989522
v 2.916667 20.000000 -1034.989522
v 3.125000 20.000000 -1034.989522
v 3.333333 20.000000 -1034.989522
v 3.541667 20.000000 -1034.989522
v 3.750000 20.000000 -1034.989522
v 3.958333 20.000000 -1034.989522
v 4.166667 20.000000 -1034.989522
v 4.375000 20.000000 -1034.989522
v 4.583333 20.000000 -1034.989522
v 4.791667 20.000000 -1034.989522
v 5.000000 20.000000 -1034.989522
v -5.000000 20.000000 -1026.292131
v -4.791667 20.000000 -1026.292131
v -4.583333 20.000000 -1026.292131
v -4.375000 20.000000 -1026.292131
v -4.166667 20.000000 -1026.292131
v -3.958333 20.000000 -1026.292131
v -3.750000 20.000000 -1026.292131
v -3.541667 20.000000 -1026.292131
v -3.333333 20.000000 -1026.292131
v -3.125000 20.000000 -1026.292131
v -2.916667 20.000000 -1026.292131
v -2.708333 20.000000 -1026.292131
v -2.500000 20.000000 -1026.292131
v -2.291667 20.000000 -1026.292131
v -2.083333 20.000000 -1026.292131
v -1.875000 20.000000 -1026.292131
v -1.666667 20.000000 -1026.292131
v -1.458333 20.000000 -1026.292131
v -1.250000 20.000000 -1026.292131
v -1.041667 20.000000 -1026.292131
v -0.833333 20.000000 -1026.292131
v -0.625000 20.000000 -1026.292131
v -0.416667 20.000000 -1026.292131
v -0.208333 20.000000 -1026.292131
v 0.000000 20.000000 -1026.292131
v 0.208333 20.000000 -1026.292131
v 0.416667 20.000000 -1026.292131
v 0.625000 20.000000 -1026.292131
v 0.833333 20.000000 -1026.292131
v 1.041667 20.000000 -1026.292131
v 1.250000 20.000000 -1026.292131
v 1.458333 20.000000 -1026.292131
v 1.666667 20.000000 -1026.292131
v 1.875000 20.000000 -1026.292131
v 2.083333 20.000000 -1026.292131
v 2.291667 20.000000 -1026.292131
v 2.500000 20.000000 -1026.292131
v 2.708333 20.000000 -1026.292131
v 2.916667 20.000000 -1026.292131
v 3.125000 20.000000 -1026.292131
v 3.333333 20.000000 -1026.292131
v 3.541667 20.000000 -1026.292131
v 3.750000 20.000000 -1026.292131
v 3.958333 20.000000 -1026.292131
v 4.166667 20.000000 -1026.292131
v 4.375000 20.000000 -1026.292131
v 4.583333 20.000000 -1026.292131
v 4.791667 20.000000 -1026.292131
v 5.000000 20.000000 -1026.292131
v -5.000000 20.000000 -1017.594740
v -4.791667 20.000000 -1017.594740
v -4.583333 20.000000 -1017.594740
v -4.375000 20.000000 -1017.594740
v -4.166667 20.000000 -1017.594740
v -3.958333 20.000000 -1017.594740
v -3.750000 20.000000 -1017.594740
v -3.541667 20.000000 -1017.594740
v -3.333333 20.000000 -1017.594740
v -3.125000 20.000000 -1017.594740
v -2.916667 20.000000 -1017.594740
v -2.708333 20.000000 -1017.594740
v -2.500000 20.000000 -1017.594740
v -2.291667 20.000000 -1017.594740
v -2.083333 20.000000 -1017.594740
v -1.875000 20.000000 -1017.594740
v -1.666667 20.000000 -1017.594740
v -1.458333 20.000000 -1017.594740
v -1.250000 20.000000 -1017.594740
v -1.041667 20.000000 -1017.594740
v -0.833333 20.000000 -1017.594740
v -0.625000 20.000000 -1017.594740
v -0.416667 20.000000 -1017.594740
v -0.208333 20.000000 -1017.594740
v 0.000000 20.000000 -1017.594740
v 0.208333 20.000000 -1017.594740
v 0.416667 20.000000 -1017.594740
v 0.625000 20.000000 -1017.594740
v 0.833333 20.000000 -1017.594740
v 1.041667 20.000000 -1017.594740
v 1.250000 20.000000 -1017.594740
v 1.458333 20.000000 -1017.594740
v 1.666667 20.000000 -1017.594740
v 1.875000 20.000000 -1017.594740
v 2.083333 20.000000 -1017.594740
v 2.291667 20.000000 -1017.594740
v 2.500000 20.000000 -1017.594740
v 2.708333 20.000000 -1017.594740
v 2.916667 20.000000 -1017.594740
v 3.125000 20.000000 -1017.594740
v 3.333333 20.000000 -1017.594740
v 3.541667 20.000000 -1017.594740
v 3.750000 20.000000 -1017.594740
v 3.958333 20.000000 -1017.594740
v 4.166667 20.000000 -1017.594740
v 4.375000 20.000000 -1017.594740
v 4.583333 20.000000 -1017.594740
v 4.791667 20.000000 -1017.594740
v 5.000000 20.000000 -1017.594740
v -5.000000 20.000000 -1008.897349
v -4.791667 20.000000 -1008.897349
v -4.583333 20.000000 -1008.897349
v -4.375000 20.000000 -1008.897349
v -4.166667 20.000000 -1008.897349
v -3.958333 20.000000 -1008.897349
v -3.750000 20.000000 -1008.897349
v -3.541667 20.000000 -1008.897349
v -3.333333 20.000000 -1008.897349
v -3.125000 20.000000 -1008.897349
v -2.916667 20.000000 -1008.897349
v -2.708333 20.000000 -1008.897349
v -2.500000 20.000000 -1008.897349
v -2.291667 20.000000 -1008.897349
v -2.083333 20.000000 -1008.897349
v -1.875000 20.000000 -1008.897349
v -1.666667 20.000000 -1008.897349
v -1.458333 20.000000 -1008.897349
v -1.250000 20.000000 -1008.897349
v -1.041667 20.000000 -1008.897349
v -0.833333 20.000000 -1008.897349
v -0.625000 20.000000 -1008.897349
v -0.416667 20.000000 -1008.897349
v -0.208333 20.000000 -1008.897349
v 0.000000 20.000000 -1008.897349
v 0.208333 20.000000 -1008.897349
v 0.416667 20.000000 -1008.897349
v 0.625000 20.000000 -1008.897349
v 0.833333 20.000000 -1008.897349
v 1.041667 20.000000 -1008.897349
v 1.250000 20.000000 -1008.897349
v 1.458333 20.000000 -1008.897349
v 1.666667 20.000000 -1008.897349
v 1.875000 20.000000 -1008.897349
v 2.083333 20.000000 -1008.897349
v 2.291667 20.000000 -1008.897349
v 2.500000 20.000000 -1008.897349
v 2.708333 20.000000 -1008.897349
v 2.916667 20.000000 -1008.897349
v 3.125000 20.000000 -1008.897349
v 3.333333 20.000000 -1008.897349
v 3.541667 20.000000 -1008.897349
v 3.750000 20.000000 -1008.897349
v 3.958333 20.000000 -1008.897349
v 4.166667 20.000000 -1008.897349
v 4.375000 20.000000 -1008.897349
v 4.583333 20.000000 -1008.897349
v 4.791667 20.000000 -1008.897349
v 5.000000 20.000000 -1008.897349
v -5.000000 20.000000 -1000.199958
v -4.791667 20.000000 -1000.199958
v -4.583333 20.000000 -1000.199958
v -4.375000 20.000000 -1000.199958
v -4.166667 20.000000 -1000.199958
v -3.958333 20.000000 -1000.199958
v -3.750000 20.000000 -1000.199958
v -3.541667 20.000000 -1000.199958
v -3.333333 20.000000 -1000.199958
v -3.125000 20.000000 -1000.199958
v -2.916667 20.000000 -1000.199958
v -2.708333 20.000000 -1000.199958
v -2.500000 20.000000 -1000.199958
v -2.291667 20.000000 -1000.199958
v -2.083333 20.000000 -1000.199958
v -1.875000 20.000000 -1000.199958
v -1.666667 20.000000 -1000.199958
v -1.458333 20.000000 -1000.199958
v -1.250000 20.000000 -1000.199958
v -1.041667 20.000000 -1000.199958
v -0.833333 20.000000 -1000.199958
v -0.625000 20.000000 -1000.199958
v -0.416667 20.000000 -1000.199958
v -0.208333 20.000000 -1000.199958
v 0.000000 20.000000 -1000.199958
v 0.208333 20.000000 -1000.199958
v 0.416667 20.000000 -1000.199958
v 0.625000 20.000000 -1000.199958
v 0.833333 20.000000 -1000.199958
v 1.041667 20.000000 -1000.199958
v 1.250000 20.000000 -1000.199958
v 1.458333 20.000000 -1000.199958
v 1.666667 20.000000 -1000.199958
v 1.875000 20.000000 -1000.199958
v 2.083333 20.000000 -1000.199958
v 2.291667 20.000000 -1000.199958
v 2.500000 20.000000 -1000.199958
v 2.708333 20.000000 -1000.199958
v 2.916667 20.000000 -1000.199958
v 3.125000 20.000000 -1000.199958
v 3.333333 20.000000 -1000.199958
v 3.541667 20.000000 -1000.199958
v 3.750000 20.000000 -1000.199958
v 3.958333 20.000000 -1000.199958
v 4.166667 20.000000 -1000.199958
v 4.375000 20.000000 -1000.199958
v 4.583333 20.000000 -1000.199958
v 4.791667 20.000000 -1000.199958
v 5.000000 20.000000 -1000.199958
v -5.000000 20.000000 -991.502567
v -4.791667 20.000000 -991.502567
v -4.583333 20.000000 -991.502567
v -4.375000 20.000000 -991.502567
v -4.166667 20.000000 -991.502567
v -3.958333 20.000000 -991.502567
v -3.750000 20.000000 -991.502567
v -3.541667 20.000000 -991.502567
v -3.333333 20.000000 -991.502567
v -3.125000 20.000000 -991.502567
v -2.916667 20.000000 -991.502567
v -2.708333 20.000000 -991.502567
v -2.500000 20.000000 -991.502567
v -2.291667 20.000000 -991.502567
v -2.083333 20.000000 -991.502567
v -1.875000 20.000000 -991.502567
v -1.666667 20.000000 -991.502567
v -1.458333 20.000000 -991.502567
v -1.250000 20.000000 -991.502567
v -1.041667 20.000000 -991.502567
v -0.833333 20.000000 -991.502567
v -0.625000 20.000000 -991.502567
v -0.416667 20.000000 -991.502567
v -0.208333 20.000000 -991.502567
v 0.000000 20.000000 -991.502567
v 0.208333 20.000000 -991.502567
v 0.416667 20.000000 -991.502567
v 0.625000 20.000000 -991.502567
v 0.833333 20.000000 -991.502567
v 1.041667 20.000000 -991.502567
v 1.250000 20.000000 -991.502567
v 1.458333 20.000000 -991.502567
v 1.666667 20.000000 -991.502567
v 1.875000 20.000000 -991.502567
v 2.083333 20.000000 -991.502567
v 2.291667 20.000000 -991.502567
v 2.500000 20.000000 -991.502567
v 2.708333 20.000000 -991.502567
v 2.916667 20.000000 -991.502567
v 3.125000 20.000000 -991.502567
v 3.333333 20.000000 -991.502567
v 3.541667 20.000000 -991.502567
v 3.750000 20.000000 -991.502567
v 3.958333 20.000000 -991.502567
v 4.166667 20.000000 -991.502567
v 4.375000 20.000000 -991.502567
v 4.583333 20.000000 -991.502567
v 4.791667 20.000000 -991.502567
v 5.000000 20.000000 -991.502567
v -5.000000 20.000000 -982.805176
v -4.791667 20.000000 -982.805176
v -4.583333 20.000000 -982.805176
v -4.375000 20.000000 -982.805176
v -4.166667 20.000000 -982.805176
v -3.958333 20.000000 -982.805176
v -3.750000 20.000000 -982.805176
v -3.541667 20.000000 -982.805176
v -3.333333 20.000000 -982.805176
v -3.125000 20.000000 -982.805176
v -2.916667 20.000000 -982.805176
v -2.708333 20.000000 -982.805176
v -2.500000 20.000000 -982.805176
v -2.291667 20.000000 -982.805176
v -2.083333 20.000000 -982.805176
v -1.875000 20.000000 -982.805176
v -1.666667 20.000000 -982.805176
v -1.458333 20.000000 -982.805176
v -1.250000 20.000000 -982.805176
v -1.041667 20.000000 -982.805176
v -0.833333 20.000000 -982.805176
v -0.625000 20.000000 -982.805176
v -0.416667 20.000000 -982.805176
v -0.208333 20.000000 -982.805176
v 0.000000 20.000000 -982.805176
v 0.208333 20.000000 -982.805176
v 0.416667 20.000000 -982.805176
v 0.625000 20.000000 -982.805176
v 0.833333 20.000000 -982.805176
v 1.041667 20.000000 -982.805176
v 1.250000 20.000000 -982.805176
v 1.458333 20.000000 -982.805176
v 1.666667 20.000000 -982.805176
v 1.875000 20.000000 -982.805176
v 2.083333 20.000000 -982.805176
v 2.291667 20.000000 -982.805176
v 2.500000 20.000000 -982.805176
v 2.708333 20.000000 -982.805176
v 2.916667 20.000000 -982.805176
v 3.125000 20.000000 -982.805176
v 3.333333 20.000000 -982.805176
v 3.541667 20.000000 -982.805176
v 3.750000 20.000000 -982.805176
v 3.958333 20.000000 -982.805176
v 4.166667 20.000000 -982.805176
v 4.375000 20.000000 -982.805176
v 4.583333 20.000000 -982.805176
v 4.791667 20.000000 -982.805176
v 5.000000 20.000000 -982.805176
v -5.000000 20.000000 -974.107785
v -4.791667 20.000000 -974.107785
v -4.583333 20.000000 -974.107785
v -4.375000 20.000000 -974.107785
v -4.166667 20.000000 -974.107785
v -3.958333 20.000000 -974.107785
v -3.750000 20.000000 -974.107785
v -3.541667 20.000000 -974.107785
v -3.333333 20.000000 -974.107785
v -3.125000 20.000000 -974.107785
v -2.916667 20.000000 -974.107785
v -2.708333 20.000000 -974.107785
v -2.500000 20.000000 -974.107785
v -2.291667 20.000000 -974.107785
v -2.083333 20.000000 -974.107785
v -1.875000 20.000000 -974.107785
v -1.666667 20.000000 -974.107785
v -1.458333 20.000000 -974.107785
v -1.250000 20.000000 -974.107785
v -1.041667 20.000000 -974.107785
v -0.833333 20.000000 -974.107785
v -0.625000 20.000000 -974.107785
v -0.416667 20.000000 -974.107785
v -0.208333 20.000000 -974.107785
v 0.000000 20.000000 -974.107785
v 0.208333 20.000000 -974.107785
v 0.416667 20.000000 -974.107785
v 0.625000 20.000000 -974.107785
v 0.833333 20.000000 -974.107785
v 1.041667 20.000000 -974.107785
v 1.250000 20.000000 -974.107785
v 1.458333 20.000000 -974.107785
v 1.666667 20.000000 -974.107785
v 1.875000 20.000000 -974.107785
v 2.083333 20.000000 -974.107785
v 2.291667 20.000000 -974.107785
v 2.500000 20.000000 -974.107785
v 2.708333 20.000000 -974.107785
v 2.916667 20.000000 -974.107785
v 3.125000 20.000000 -974.107785
v 3.333333 20.000000 -974.107785
v 3.541667 20.000000 -974.107785
v 3.750000 20.000000 -974.107785
v 3.958333 20.000000 -974.107785
v 4.166667 20.000000 -974.107785
v 4.375000 20.000000 -974.107785
v 4.583333 20.000000 -974.107785
v 4.791667 20.000000 -974.107785
v 5.000000 20.000000 -974.107785
v -5.000000 20.000000 -965.410394
v -4.791667 20.000000 -965.410394
v -4.583333 20.000000 -965.410394
v -4.375000 20.000000 -965.410394
v -4.166667 20.000000 -965.410394
v -3.958333 20.000000 -965.410394
v -3.750000 20.000000 -965.410394
v -3.541667 20.000000 -965.410394
v -3.333333 20.000000 -965.410394
v -3.125000 20.000000 -965.410394
v -2.916667 20.000000 -965.410394
v -2.708333 20.000000 -965.410394
v -2.500000 20.000000 -965.410394
v -2.291667 20.000000 -965.410394
v -2.083333 20.000000 -965.410394
v -1.875000 20.000000 -965.410394
v -1.666667 20.000000 -965.410394
v -1.458333 20.000000 -965.410394
v -1.250000 20.000000 -965.410394
v -1.041667 20.000000 -965.410394
v -0.833333 20.000000 -965.410394
v -0.625000 20.000000 -965.410394
v -0.416667 20.000000 -965.410394
v -0.208333 20.000000 -965.410394
v 0.000000 20.000000 -965.410394
v 0.208333 20.000000 -965.410394
v 0.416667 20.000000 -965.410394
v 0.625000 20.000000 -965.410394
v 0.833333 20.000000 -965.410394
v 1.041667 20.000000 -965.410394
v 1.250000 20.000000 -965.410394
v 1.458333 20.000000 -965.410394
v 1.666667 20.000000 -965.410394
v 1.875000 20.000000 -965.410394
v 2.083333 20.000000 -965.410394
v 2.291667 20.000000 -965.410394
v 2.500000 20.000000 -965.410394
v 2.708333 20.000000 -965.410394
v 2.916667 20.000000 -965.410394
v 3.125000 20.000000 -965.410394
v 3.333333 20.000000 -965.410394
v 3.541667 20.000000 -965.410394
v 3.750000 20.000000 -965.410394
v 3.958333 20.000000 -965.410394
v 4.166667 20.000000 -965.410394
v 4.375000 20.000000 -965.410394
v 4.583333 20.000000 -965.410394
v 4.791667 20.000000 -965.410394
v 5.000000 20.000000 -965.410394
v -5.000000 20.000000 -956.713003
v -4.791667 20.000000 -956.713003
v -4.583333 20.000000 -956.713003
v -4.375000 20.000000 -956.713003
v -4.166667 20.000000 -956.713003
v -3.958333 20.000000 -956.713003
v -3.750000 20.000000 -956.713003
v -3.541667 20.000000 -956.713003
v -3.333333 20.000000 -956.713003
v -3.125000 20.000000 -956.713003
v -2.916667 20.000000 -956.713003
v -2.708333 20.000000 -956.713003
v -2.500000 20.000000 -956.713003
v -2.291667 20.000000 -956.713003
v -2.083333 20.000000 -956.713003
v -1.875000 20.000000 -956.713003
v -1.666667 20.000000 -956.713003
v -1.458333 20.000000 -956.713003
v -1.250000 20.000000 -956.713003
v -1.041667 20.000000 -956.713003
v -0.833333 20.000000 -956.713003
v -0.625000 20.000000 -956.713003
v -0.416667 20.000000 -956.713003
v -0.208333 20.000000 -956.713003
v 0.000000 20.000000 -956.713003
v 0.208333 20.000000 -956.713003
v 0.416667 20.000000 -956.713003
v 0.625000 20.000000 -956.713003
v 0.833333 20.000000 -956.713003
v 1.041667 20.000000 -956.713003
v 1.250000 20.000000 -956.713003
v 1.458333 20.000000 -956.713003
v 1.666667 20.000000 -956.713003
v 1.875000 20.000000 -956.713003
v 2.083333 20.000000 -956.713003
v 2.291667 20.000000 -956.713003
v 2.500000 20.000000 -956.713003
v 2.708333 20.000000 -956.713003
v 2.916667 20.000000 -956.713003
v 3.125000 20.000000 -956.713003
v 3.333333 20.000000 -956.713003
v 3.541667 20.000000 -956.713003
v 3.750000 20.000000 -956.713003
v 3.958333 20.000000 -956.713003
v 4.166667 20.000000 -956.713003
v 4.375000 20.000000 -956.713003
v 4.583333 20.000000 -956.713003
v 4.791667 20.000000 -956.713003
v 5.000000 20.000000 -956.713003
v -5.000000 20.000000 -948.015612
v -4.791667 20.000000 -948.015612
v -4.583333 20.000000 -948.015612
v -4.375000 20.000000 -948.015612
v -4.166667 20.000000 -948.015612
v -3.958333 20.000000 -948.015612
v -3.750000 20.000000 -948.015612
v -3.541667 20.000000 -948.015612
v -3.333333 20.000000 -948.015612
v -3.125000 20.000000 -948.015612
v -2.916667 20.000000 -948.015612
v -2.708333 20.000000 -948.015612
v -2.500000 20.000000 -948.015612
v -2.291667 20.000000 -948.015612
v -2.083333 20.000000 -948.015612
v -1.875000 20.000000 -948.015612
v -1.666667 20.000000 -948.015612
v -1.458333 20.000000 -948.015612
v -1.250000 20.000000 -948.015612
v -1.041667 20.000000 -948.015612
v -0.833333 20.000000 -948.015612
v -0.625000 20.000000 -948.015612
v -0.416667 20.000000 -948.015612
v -0.208333 20.000000 -948.015612
v 0.000000 20.000000 -948.015612
v 0.208333 20.000000 -948.015612
v 0.416667 20.000000 -948.015612
v 0.625000 20.000000 -948.015612
v 0.833333 20.000000 -948.015612
v 1.041667 20.000000 -948.015612
v 1.250000 20.000000 -948.015612
v 1.458333 20.000000 -948.015612
v 1.666667 20.000000 -948.015612
v 1.875000 20.000000 -948.015612
v 2.083333 20.000000 -948.015612
v 2.291667 20.000000 -948.015612
v 2.500000 20.000000 -948.015612
v 2.708333 20.000000 -948.015612
v 2.916667 20.000000 -948.015612
v 3.125000 20.000000 -948.015612
v 3.333333 20.000000 -948.015612
v 3.541667 20.000000 -948.015612
v 3.750000 20.000000 -948.015612
v 3.958333 20.000000 -948.015612
v 4.166667 20.000000 -948.015612
v 4.375000 20.000000 -948.015612
v 4.583333 20.000000 -948.015612
v 4.791667 20.000000 -948.015612
v 5.000000 20.000000 -948.015612
v -5.000000 20.000000 -939.318221
v -4.791667 20.000000 -939.318221
v -4.583333 20.000000 -939.318221
v -4.375000 20.000000 -939.318221
v -4.166667 20.000000 -939.318221
v -3.958333 20.000000 -939.318221
v -3.750000 20.000000 -939.318221
v -3.541667 20.000000 -939.318221
v -3.333333 20.000000 -939.318221
v -3.125000 20.000000 -939.318221
v -2.916667 20.000000 -939.318221
v -2.708333 20.000000 -939.318221
v -2.500000 20.000000 -939.318221
v -2.291667 20.000000 -939.318221
v -2.083333 20.000000 -939.318221
v -1.875000 20.000000 -939.318221
v -1.666667 20.000000 -939.318221
v -1.458333 20.000000 -939.318221
v -1.250000 20.000000 -939.318221
v -1.041667 20.000000 -939.318221
v -0.833333 20.000000 -939.318221
v -0.625000 20.000000 -939.318221
v -0.416667 20.000000 -939.318221
v -0.208333 20.000000 -939.318221
v 0.000000 20.000000 -939.318221
v 0.208333 20.000000 -939.318221
v 0.416667 20.000000 -939.318221
v 0.625000 20.000000 -939.318221
v 0.833333 20.000000 -939.318221
v 1.041667 20.000000 -939.318221
v 1.250000 20.000000 -939.318221
v 1.458333 20.000000 -939.318221
v 1.666667 20.000000 -939.318221
v 1.875000 20.000000 -939.318221
v 2.083333 20.000000 -939.318221
v 2.291667 20.000000 -939.318221
v 2.500000 20.000000 -939.318221
v 2.708333 20.000000 -939.318221
v 2.916667 20.000000 -939.318221
v 3.125000 20.000000 -939.318221
v 3.333333 20.000000 -939.318221
v 3.541667 20.000000 -939.318221
v 3.750000 20.000000 -939.318221
v 3.958333 20.000000 -939.318221
v 4.166667 20.000000 -939.318221
v 4.375000 20.000000 -939.318221
v 4.583333 20.000000 -939.318221
v 4.791667 20.000000 -939.318221
v 5.000000 20.000000 -939.318221
v -5.000000 20.000000 -930.620830
v -4.791667 20.000000 -930.620830
v -4.583333 20.000000 -930.620830
v -4.375000 20.000000 -930.620830
v -4.166667 20.000000 -930.620830
v -3.958333 20.000000 -930.620830
v -3.750000 20.000000 -930.620830
v -3.541667 20.000000 -930.620830
v -3.333333 20.000000 -930.620830
v -3.125000 20.000000 -930.620830
v -2.916667 20.000000 -930.620830
v -2.708333 20.000000 -930.620830
v -2.500000 20.000000 -930.620830
v -2.291667 20.000000 -930.620830
v -2.083333 20.000000 -930.620830
v -1.875000 20.000000 -930.620830
v -1.666667 20.000000 -930.620830
v -1.458333 20.000000 -930.620830
v -1.250000 20.000000 -930.620830
v -1.041667 20.000000 -930.620830
v -0.833333 20.000000 -930.620830
v -0.625000 20.000000 -930.620830
v -0.416667 20.000000 -930.620830
v -0.208333 20.000000 -930.620830
v 0.000000 20.000000 -930.620830
v 0.208333 20.000000 -930.620830
v 0.416667 20.000000 -930.620830
v 0.625000 20.000000 -930.620830
v 0.833333 20.000000 -930.620830
v 1.041667 20.000000 -930.620830
v 1.250000 20.000000 -930.620830
v 1.458333 20.000000 -930.620830
v 1.666667 20.000000 -930.620830
v 1.875000 20.000000 -930.620830
v 2.083333 20.000000 -930.620830
v 2.291667 20.000000 -930.620830
v 2.500000 20.000000 -930.620830
v 2.708333 20.000000 -930.620830
v 2.916667 20.000000 -930.620830
v 3.125000 20.000000 -930.620830
v 3.333333 20.000000 -930.620830
v 3.541667 20.000000 -930.620830
v 3.750000 20.000000 -930.620830
v 3.958333 20.000000 -930.620830
v 4.166667 20.000000 -930.620830
v 4.375000 20.000000 -930.620830
v 4.583333 20.000000 -930.620830
v 4.791667 20.000000 -930.620830
v 5.000000 20.000000 -930.620830
v -5.000000 20.000000 -921.923439
v -4.791667 20.000000 -921.923439
v -4.583333 20.000000 -921.923439
v -4.375000 20.000000 -921.923439
v -4.166667 20.000000 -921.923439
v -3.958333 20.000000 -921.923439
v -3.750000 20.000000 -921.923439
v -3.541667 20.000000 -921.923439
v -3.333333 20.000000 -921.923439
v -3.125000 20.000000 -921.923439
v -2.916667 20.000000 -921.923439
v -2.708333 20.000000 -921.923439
v -2.500000 20.000000 -921.923439
v -2.291667 20.000000 -921.923439
v -2.083333 20.000000 -921.923439
v -1.875000 20.000000 -921.923439
v -1.666667 20.000000 -921.923439
v -1.458333 20.000000 -921.923439
v -1.250000 20.000000 -921.923439
v -1.041667 20.000000 -921.923439
v -0.833333 20.000000 -921.923439
v -0.625000 20.000000 -921.923439
v -0.416667 20.000000 -921.923439
v -0.208333 20.000000 -921.923439
v 0.000000 20.000000 -921.923439
v 0.208333 20.000000 -921.923439
v 0.416667 20.000000 -921.923439
v 0.625000 20.000000 -921.923439
v 0.833333 20.000000 -921.923439
v 1.041667 20.000000 -921.923439
v 1.250000 20.000000 -921.923439
v 1.458333 20.000000 -921.923439
v 1.666667 20.000000 -921.923439
v 1.875000 20.000000 -921.923439
v 2.083333 20.000000 -921.923439
v 2.291667 20.000000 -921.923439
v 2.500000 20.000000 -921.923439
v 2.708333 20.000000 -921.923439
v 2.916667 20.000000 -921.923439
v 3.125000 20.000000 -921.923439
v 3.333333 20.000000 -921.923439
v 3.541667 20.000000 -921.923439
v 3.750000 20.000000 -921.923439
v 3.958333 20.000000 -921.923439
v 4.166667 20.000000 -921.923439
v 4.375000 20.000000 -921.923439
v 4.583333 20.000000 -921.923439
v 4.791667 20.000000 -921.923439
v 5.000000 20.000000 -921.923439
v -5.000000 20.000000 -913.226048
v -4.791667 20.000000 -913.226048
v -4.583333 20.000000 -913.226048
v -4.375000 20.000000 -913.226048
v -4.166667 20.000000 -913.226048
v -3.958333 20.000000 -913.226048
v -3.750000 20.000000 -913.226048
v -3.541667 20.000000 -913.226048
v -3.333333 20.000000 -913.226048
v -3.125000 20.000000 -913.226048
v -2.916667 20.000000 -913.226048
v -2.708333 20.000000 -913.226048
v -2.500000 20.000000 -913.226048
v -2.291667 20.000000 -913.226048
v -2.083333 20.000000 -913.226048
v -1.875000 20.000000 -913.226048
v -1.666667 20.000000 -913.226048
v -1.458333 20.000000 -913.226048
v -1.250000 20.000000 -913.226048
v -1.041667 20.000000 -913.226048
v -0.833333 20.000000 -913.226048
v -0.625000 20.000000 -913.226048
v -0.416667 20.000000 -913.226048
v -0.208333 20.000000 -913.226048
v 0.000000 20.000000 -913.226048
v 0.208333 20.000000 -913.226048
v 0.416667 20.000000 -913.226048
v 0.625000 20.000000 -913.226048
v 0.833333 20.000000 -913.226048
v 1.041667 20.000000 -913.226048
v 1.250000 20.000000 -913.226048
v 1.458333 20.000000 -913.226048
v 1.666667 20.000000 -913.226048
v 1.875000 20.000000 -913.226048
v 2.083333 20.000000 -913.226048
v 2.291667 20.000000 -913.226048
v 2.500000 20.000000 -913.226048
v 2.708333 20.000000 -913.226048
v 2.916667 20.000000 -913.226048
v 3.125000 20.000000 -913.226048
v 3.333333 20.000000 -913.226048
v 3.541667 20.000000 -913.226048
v 3.750000 20.000000 -913.226048
v 3.958333 20.000000 -913.226048
v 4.166667 20.000000 -913.226048
v 4.375000 20.000000 -913.226048
v 4.583333 20.000000 -913.226048
v 4.791667 20.000000 -913.226048
v 5.000000 20.000000 -913.226048
v -5.000000 20.000000 -904.528658
v -4.791667 20.000000 -904.528658
v -4.583333 20.000000 -904.528658
v -4.375000 20.000000 -904.528658
v -4.166667 20.000000 -904.528658
v -3.958333 20.000000 -904.528658
v -3.750000 20.000000 -904.528658
v -3.541667 20.000000 -904.528658
v -3.333333 20.000000 -904.528658
v -3.125000 20.000000 -904.528658
v -2.916667 20.000000 -904.528658
v -2.708333 20.000000 -904.528658
v -2.500000 20.000000 -904.528658
v -2.291667 20.000000 -904.528658
v -2.083333 20.000000 -904.528658
v -1.875000 20.000000 -904.528658
v -1.666667 20.000000 -904.528658
v -1.458333 20.000000 -904.528658
v -1.250000 20.000000 -904.528658
v -1.041667 20.000000 -904.528658
v -0.833333 20.000000 -904.528658
v -0.625000 20.000000 -904.528658
v -0.416667 20.000000 -904.528658
v -0.208333 20.000000 -904.528658
v 0.000000 20.000000 -904.528658
v 0.208333 20.000000 -904.528658
v 0.416667 20.000000 -904.528658
v 0.625000 20.000000 -904.528658
v 0.833333 20.000000 -904.528658
v 1.041667 20.000000 -904.528658
v 1.250000 20.000000 -904.528658
v 1.458333 20.000000 -904.528658
v 1.666667 20.000000 -904.528658
v 1.875000 20.000000 -904.528658
v 2.083333 20.000000 -904.528658
v 2.291667 20.000000 -904.528658
v 2.500000 20.000000 -904.528658
v 2.708333 20.000000 -904.528658
v 2.916667 20.000000 -904.528658
v 3.125000 20.000000 -904.528658
v 3.333333 20.000000 -904.528658
v 3.541667 20.000000 -904.528658
v 3.750000 20.000000 -904.528658
v 3.958333 20.000000 -904.528658
v 4.166667 20.000000 -904.528658
v 4.375000 20.000000 -904.528658
v 4.583333 20.000000 -904.528658
v 4.791667 20.000000 -904.528658
v 5.000000 20.000000 -904.528658
v -5.000000 20.000000 -895.831267
v -4.791667 20.000000 -895.831267
v -4.583333 20.000000 -895.831267
v -4.375000 20.000000 -895.831267
v -4.166667 20.000000 -895.831267
v -3.958333 20.000000 -895.831267
v -3.750000 20.000000 -895.831267
v -3.541667 20.000000 -895.831267
v -3.333333 20.000000 -895.831267
v -3.125000 20.000000 -895.831267
v -2.916667 20.000000 -895.831267
v -2.708333 20.000000 -895.831267
v -2.500000 20.000000 -895.831267
v -2.291667 20.000000 -895.831267
v -2.083333 20.000000 -895.831267
v -1.875000 20.000000 -895.831267
v -1.666667 20.000000 -895.831267
v -1.458333 20.000000 -895.831267
v -1.250000 20.000000 -895.831267
v -1.041667 20.000000 -895.831267
v -0.833333 20.000000 -895.831267
v -0.625000 20.000000 -895.831267
v -0.416667 20.000000 -895.831267
v -0.208333 20.000000 -895.831267
v 0.000000 20.000000 -895.831267
v 0.208333 20.000000 -895.831267
v 0.416667 20.000000 -895.831267
v 0.625000 20.000000 -895.831267
v 0.833333 20.000000 -895.831267
v 1.041667 20.000000 -895.831267
v 1.250000 20.000000 -895.831267
v 1.458333 20.000000 -895.831267
v 1.666667 20.000000 -895.831267
v 1.875000 20.000000 -895.831267
v 2.083333 20.000000 -895.831267
v 2.291667 20.000000 -895.831267
v 2.500000 20.000000 -895.831267
v 2.708333 20.000000 -895.831267
v 2.916667 20.000000 -895.831267
v 3.125000 20.000000 -895.831267
v 3.333333 20.000000 -895.831267
v 3.541667 20.000000 -895.831267
v 3.750000 20.000000 -895.831267
v 3.958333 20.000000 -895.831267
v 4.166667 20.000000 -895.831267
v 4.375000 20.000000 -895.831267
v 4.583333 20.000000 -895.831267
v 4.791667 20.000000 -895.831267
v 5.000000 20.000000 -895.831267
v -5.000000 20.000000 -887.133876
v -4.791667 20.000000 -887.133876
v -4.583333 20.000000 -887.133876
v -4.375000 20.000000 -887.133876
v -4.166667 20.000000 -887.133876
v -3.958333 20.000000 -887.133876
v -3.750000 20.000000 -887.133876
v -3.541667 20.000000 -887.133876
v -3.333333 20.000000 -887.133876
v -3.125000 20.000000 -887.133876
v -2.916667 20.000000 -887.133876
v -2.708333 20.000000 -887.133876
v -2.500000 20.000000 -887.133876
v -2.291667 20.000000 -887.133876
v -2.083333 20.000000 -887.133876
v -1.875000 20.000000 -887.133876
v -1.666667 20.000000 -887.133876
v -1.458333 20.000000 -887.133876
v -1.250000 20.000000 -887.133876
v -1.041667 20.000000 -887.133876
v -0.833333 20.000000 -887.133876
v -0.625000 20.000000 -887.133876
v -0.416667 20.000000 -887.133876
v -0.208333 20.000000 -887.133876
v 0.000000 20.000000 -887.133876
v 0.208333 20.000000 -887.133876
v 0.416667 20.000000 -887.133876
v 0.625000 20.000000 -887.133876
v 0.833333 20.000000 -887.133876
v 1.041667 20.000000 -887.133876
v 1.250000 20.000000 -887.133876
v 1.458333 20.000000 -887.133876
v 1.666667 20.000000 -887.133876
v 1.875000 20.000000 -887.133876
v 2.083333 20.000000 -887.133876
v 2.291667 20.000000 -887.133876
v 2.500000 20.000000 -887.133876
v 2.708333 20.000000 -887.133876
v 2.916667 20.000000 -887.133876
v 3.125000 20.000000 -887.133876
v 3.333333 20.000000 -887.133876
v 3.541667 20.000000 -887.133876
v 3.750000 20.000000 -887.133876
v 3.958333 20.000000 -887.133876
v 4.166667 20.000000 -887.133876
v 4.375000 20.000000 -887.133876
v 4.583333 20.000000 -887.133876
v 4.791667 20.000000 -887.133876
v 5.000000 20.000000 -887.133876
v -5.000000 20.000000 -878.436485
v -4.791667 20.000000 -878.436485
v -4.583333 20.000000 -878.436485
v -4.375000 20.000000 -878.436485
v -4.166667 20.000000 -878.436485
v -3.958333 20.000000 -878.436485
v -3.750000 20.000000 -878.436485
v -3.541667 20.000000 -878.436485
v -3.333333 20.000000 -878.436485
v -3.125000 20.000000 -878.436485
v -2.916667 20.000000 -878.436485
v -2.708333 20.000000 -878.436485
v -2.500000 20.000000 -878.436485
v -2.291667 20.000000 -878.436485
v -2.083333 20.000000 -878.436485
v -1.875000 20.000000 -878.436485
v -1.666667 20.000000 -878.436485
v -1.458333 20.000000 -878.436485
v -1.250000 20.000000 -878.436485
v -1.041667 20.000000 -878.436485
v -0.833333 20.000000 -878.436485
v -0.625000 20.000000 -878.436485
v -0.416667 20.000000 -878.436485
v -0.208333 20.000000 -878.436485
v 0.000000 20.000000 -878.436485
v 0.208333 20.000000 -878.436485
v 0.416667 20.000000 -878.436485
v 0.625000 20.000000 -878.436485
v 0.833333 20.000000 -878.436485
v 1.041667 20.000000 -878.436485
v 1.250000 20.000000 -878.436485
v 1.458333 20.000000 -878.436485
v 1.666667 20.000000 -878.436485
v 1.875000 20.000000 -878.436485
v 2.083333 20.000000 -878.436485
v 2.291667 20.000000 -878.436485
v 2.500000 20.000000 -878.436485
v 2.708333 20.000000 -878.436485
v 2.916667 20.000000 -878.436485
v 3.125000 20.000000 -878.436485
v 3.333333 20.000000 -878.436485
v 3.541667 20.000000 -878.436485
v 3.750000 20.000000 -878.436485
v 3.958333 20.000000 -878.436485
v 4.166667 20.000000 -878.436485
v 4.375000 20.000000 -878.436485
v 4.583333 20.000000 -878.436485
v 4.791667 20.000000 -878.436485
v 5.000000 20.000000 -878.436485
v -5.000000 20.000000 -869.739094
v -4.791667 20.000000 -869.739094
v -4.583333 20.000000 -869.739094
v -4.375000 20.000000 -869.739094
v -4.166667 20.000000 -869.739094
v -3.958333 20.000000 -869.739094
v -3.750000 20.000000 -869.739094
v -3.541667 20.000000 -869.739094
v -3.333333 20.000000 -869.739094
v -3.125000 20.000000 -869.739094
v -2.916667 20.000000 -869.739094
v -2.708333 20.000000 -869.739094
v -2.500000 20.000000 -869.739094
v -2.291667 20.000000 -869.739094
v -2.083333 20.000000 -869.739094
v -1.875000 20.000000 -869.739094
v -1.666667 20.000000 -869.739094
v -1.458333 20.000000 -869.739094
v -1.250000 20.000000 -869.739094
v -1.041667 20.000000 -869.739094
v -0.833333 20.000000 -869.739094
v -0.625000 20.000000 -869.739094
v -0.416667 20.000000 -869.739094
v -0.208333 20.000000 -869.739094
v 0.000000 20.000000 -869.739094
v 0.208333 20.000000 -869.739094
v 0.416667 20.000000 -869.739094
v 0.625000 20.000000 -869.739094
v 0.833333 20.000000 -869.739094
v 1.041667 20.000000 -869.739094
v 1.250000 20.000000 -869.739094
v 1.458333 20.000000 -869.739094
v 1.666667 20.000000 -869.739094
v 1.875000 20.000000 -869.739094
v 2.083333 20.000000 -869.739094
v 2.291667 20.000000 -869.739094
v 2.500000 20.000000 -869.739094
v 2.708333 20.000000 -869.739094
v 2.916667 20.000000 -869.739094
v 3.125000 20.000000 -869.739094
v 3.333333 20.000000 -869.739094
v 3.541667 20.000000 -869.739094
v 3.750000 20.000000 -869.739094
v 3.958333 20.000000 -869.739094
v 4.166667 20.000000 -869.739094
v 4.375000 20.000000 -869.739094
v 4.583333 20.000000 -869.739094
v 4.791667 20.000000 -869.739094
v 5.000000 20.000000 -869.739094
v -5.000000 20.000000 -861.041703
v -4.791667 20.000000 -861.041703
v -4.583333 20.000000 -861.041703
v -4.375000 20.000000 -861.041703
v -4.166667 20.000000 -861.041703
v -3.958333 20.000000 -861.041703
v -3.750000 20.000000 -861.041703
v -3.541667 20.000000 -861.041703
v -3.333333 20.000000 -861.041703
v -3.125000 20.000000 -861.041703
v -2.916667 20.000000 -861.041703
v -2.708333 20.000000 -861.041703
v -2.500000 20.000000 -861.041703
v -2.291667 20.000000 -861.041703
v -2.083333 20.000000 -861.041703
v -1.875000 20.000000 -861.041703
v -1.666667 20.000000 -861.041703
v -1.458333 20.000000 -861.041703
v -1.250000 20.000000 -861.041703
v -1.041667 20.000000 -861.041703
v -0.833333 20.000000 -861.041703
v -0.625000 20.000000 -861.041703
v -0.416667 20.000000 -861.041703
v -0.208333 20.000000 -861.041703
v 0.000000 20.000000 -861.041703
v 0.208333 20.000000 -861.041703
v 0.416667 20.000000 -861.041703
v 0.625000 20.000000 -861.041703
v 0.833333 20.000000 -861.041703
v 1.041667 20.000000 -861.041703
v 1.250000 20.000000 -861.041703
v 1.458333 20.000000 -861.041703
v 1.666667 20.000000 -861.041703
v 1.875000 20.000000 -861.041703
v 2.083333 20.000000 -861.041703
v 2.291667 20.000000 -861.041703
v 2.500000 20.000000 -861.041703
v 2.708333 20.000000 -861.041703
v 2.916667 20.000000 -861.041703
v 3.125000 20.000000 -861.041703
v 3.333333 20.000000 -861.041703
v 3.541667 20.000000 -861.041703
v 3.750000 20.000000 -861.041703
v 3.958333 20.000000 -861.041703
v 4.166667 20.000000 -861.041703
v 4.375000 20.000000 -861.041703
v 4.583333 20.000000 -861.041703
v 4.791667 20.000000 -861.041703
v 5.000000 20.000000 -861.041703
v -5.000000 20.000000 -852.344312
v -4.791667 20.000000 -852.344312
v -4.583333 20.000000 -852.344312
v -4.375000 20.000000 -852.344312
v -4.166667 20.000000 -852.344312
v -3.958333 20.000000 -852.344312
v -3.750000 20.000000 -852.344312
v -3.541667 20.000000 -852.344312
v -3.333333 20.000000 -852.344312
v -3.125000 20.000000 -852.344312
v -2.916667 20.000000 -852.344312
v -2.708333 20.000000 -852.344312
v -2.500000 20.000000 -852.344312
v -2.291667 20.000000 -852.344312
v -2.083333 20.000000 -852.344312
v -1.875000 20.000000 -852.344312
v -1.666667 20.000000 -852.344312
v -1.458333 20.000000 -852.344312
v -1.250000 20.000000 -852.344312
v -1.041667 20.000000 -852.344312
v -0.833333 20.000000 -852.344312
v -0.625000 20.000000 -852.344312
v -0.416667 20.000000 -852.344312
v -0.208333 20.000000 -852.344312
v 0.000000 20.000000 -852.344312
v 0.208333 20.000000 -852.344312
v 0.416667 20.000000 -852.344312
v 0.625000 20.000000 -852.344312
v 0.833333 20.000000 -852.344312
v 1.041667 20.000000 -852.344312
v 1.250000 20.000000 -852.344312
v 1.458333 20.000000 -852.344312
v 1.666667 20.000000 -852.344312
v 1.875000 20.000000 -852.344312
v 2.083333 20.000000 -852.344312
v 2.291667 20.000000 -852.344312
v 2.500000 20.000000 -852.344312
v 2.708333 20.000000 -852.344312
v 2.916667 20.000000 -852.344312
v 3.125000 20.000000 -852.344312
v 3.333333 20.000000 -852.344312
v 3.541667 20.000000 -852.344312
v 3.750000 20.000000 -852.344312
v 3.958333 20.000000 -852.344312
v 4.166667 20.000000 -852.344312
v 4.375000 20.000000 -852.344312
v 4.583333 20.000000 -852.344312
v 4.791667 20.000000 -852.344312
v 5.000000 20.000000 -852.344312
v -5.000000 20.000000 -843.646921
v -4.791667 20.000000 -843.646921
v -4.583333 20.000000 -843.646921
v -4.375000 20.000000 -843.646921
v -4.166667 20.000000 -843.646921
v -3.958333 20.000000 -843.646921
v -3.750000 20.000000 -843.646921
v -3.541667 20.000000 -843.646921
v -3.333333 20.000000 -843.646921
v -3.125000 20.000000 -843.646921
v -2.916667 20.000000 -843.646921
v -2.708333 20.000000 -843.646921
v -2.500000 20.000000 -843.646921
v -2.291667 20.000000 -843.646921
v -2.083333 20.000000 -843.646921
v -1.875000 20.000000 -843.646921
v -1.666667 20.000000 -843.646921
v -1.458333 20.000000 -843.646921
v -1.250000 20.000000 -843.646921
v -1.041667 20.000000 -843.646921
v -0.833333 20.000000 -843.646921
v -0.625000 20.000000 -843.646921
v -0.416667 20.000000 -843.646921
v -0.208333 20.000000 -843.646921
v 0.000000 20.000000 -843.646921
v 0.208333 20.000000 -843.646921
v 0.416667 20.000000 -843.646921
v 0.625000 20.000000 -843.646921
v 0.833333 20.000000 -843.646921
v 1.041667 20.000000 -843.646921
v 1.250000 20.000000 -843.646921
v 1.458333 20.000000 -843.646921
v 1.666667 20.000000 -843.646921
v 1.875000 20.000000 -843.646921
v 2.083333 20.000000 -843.646921
v 2.291667 20.000000 -843.646921
v 2.500000 20.000000 -843.646921
v 2.708333 20.000000 -843.646921
v 2.916667 20.000000 -843.646921
v 3.125000 20.000000 -843.646921
v 3.333333 20.000000 -843.646921
v 3.541667 20.000000 -843.646921
v 3.750000 20.000000 -843.646921
v 3.958333 20.000000 -843.646921
v 4.166667 20.000000 -843.646921
v 4.375000 20.000000 -843.646921
v 4.583333 20.000000 -843.646921
v 4.791667 20.000000 -843.646921
v 5.000000 20.000000 -843.646921
v -5.000000 20.000000 -834.949530
v -4.791667 20.000000 -834.949530
v -4.583333 20.000000 -834.949530
v -4.375000 20.000000 -834.949530
v -4.166667 20.000000 -834.949530
v -3.958333 20.000000 -834.949530
v -3.750000 20.000000 -834.949530
v -3.541667 20.000000 -834.949530
v -3.333333 20.000000 -834.949530
v -3.125000 20.000000 -834.949530
v -2.916667 20.000000 -834.949530
v -2.708333 20.000000 -834.949530
v -2.500000 20.000000 -834.949530
v -2.291667 20.000000 -834.949530
v -2.083333 20.000000 -834.949530
v -1.875000 20.000000 -834.949530
v -1.666667 20.000000 -834.949530
v -1.458333 20.000000 -834.949530
v -1.250000 20.000000 -834.949530
v -1.041667 20.000000 -834.949530
v -0.833333 20.000000 -834.949530
v -0.625000 20.000000 -834.949530
v -0.416667 20.000000 -834.949530
v -0.208333 20.000000 -834.949530
v 0.000000 20.000000 -834.949530
v 0.208333 20.000000 -834.949530
v 0.416667 20.000000 -834.949530
v 0.625000 20.000000 -834.949530
v 0.833333 20.000000 -834.949530
v 1.041667 20.000000 -834.949530
v 1.250000 20.000000 -834.949530
v 1.458333 20.000000 -834.949530
v 1.666667 20.000000 -834.949530
v 1.875000 20.000000 -834.949530
v 2.083333 20.000000 -834.949530
v 2.291667 20.000000 -834.949530
v 2.500000 20.000000 -834.949530
v 2.708333 20.000000 -834.949530
v 2.916667 20.000000 -834.949530
v 3.125000 20.000000 -834.949530
v 3.333333 20.000000 -834.949530
v 3.541667 20.000000 -834.949530
v 3.750000 20.000000 -834.949530
v 3.958333 20.000000 -834.949530
v 4.166667 20.000000 -834.949530
v 4.375000 20.000000 -834.949530
v 4.583333 20.000000 -834.949530
v 4.791667 20.000000 -834.949530
v 5.000000 20.000000 -834.949530
v -5.000000 20.000000 -826.252139
v -4.791667 20.000000 -826.252139
v -4.583333 20.000000 -826.252139
v -4.375000 20.000000 -826.252139
v -4.166667 20.000000 -826.252139
v -3.958333 20.000000 -826.252139
v -3.750000 20.000000 -826.252139
v -3.541667 20.000000 -826.252139
v -3.333333 20.000000 -826.252139
v -3.125000 20.000000 -826.252139
v -2.916667 20.000000 -826.252139
v -2.708333 20.000000 -826.252139
v -2.500000 20.000000 -826.252139
v -2.291667 20.000000 -826.252139
v -2.083333 20.000000 -826.252139
v -1.875000 20.000000 -826.252139
v -1.666667 20.000000 -826.252139
v -1.458333 20.000000 -826.252139
v -1.250000 20.000000 -826.252139
v -1.041667 20.000000 -826.252139
v -0.833333 20.000000 -826.252139
v -0.625000 20.000000 -826.252139
v -0.416667 20.000000 -826.252139
v -0.208333 20.000000 -826.252139
v 0.000000 20.000000 -826.252139
v 0.208333 20.000000 -826.252139
v 0.416667 20.000000 -826.252139
v 0.625000 20.000000 -826.252139
v 0.833333 20.000000 -826.252139
v 1.041667 20.000000 -826.252139
v 1.250000 20.000000 -826.252139
v 1.458333 20.000000 -826.252139
v 1.666667 20.000000 -826.252139
v 1.875000 20.000000 -826.252139
v 2.083333 20.000000 -826.252139
v 2.291667 20.000000 -826.252139
v 2.500000 20.000000 -826.252139
v 2.708333 20.000000 -826.252139
v 2.916667 20.000000 -826.252139
v 3.125000 20.000000 -826.252139
v 3.333333 20.000000 -826.252139
v 3.541667 20.000000 -826.252139
v 3.750000 20.000000 -826.252139
v 3.958333 20.000000 -826.252139
v 4.166667 20.000000 -826.252139
v 4.375000 20.000000 -826.252139
v 4.583333 20.000000 -826.252139
v 4.791667 20.000000 -826.252139
v 5.000000 20.000000 -826.252139
v -5.000000 20.000000 -817.554748
v -4.791667 20.000000 -817.554748
v -4.583333 20.000000 -817.554748
v -4.375000 20.000000 -817.554748
v -4.166667 20.000000 -817.554748
v -3.958333 20.000000 -817.554748
v -3.750000 20.000000 -817.554748
v -3.541667 20.000000 -817.554748
v -3.333333 20.000000 -817.554748
v -3.125000 20.000000 -817.554748
v -2.916667 20.000000 -817.554748
v -2.708333 20.000000 -817.554748
v -2.500000 20.000000 -817.554748
v -2.291667 20.000000 -817.554748
v -2.083333 20.000000 -817.554748
v -1.875000 20.000000 -817.554748
v -1.666667 20.000000 -817.554748
v -1.458333 20.000000 -817.554748
v -1.250000 20.000000 -817.554748
v -1.041667 20.000000 -817.554748
v -0.833333 20.000000 -817.554748
v -0.625000 20.000000 -817.554748
v -0.416667 20.000000 -817.554748
v -0.208333 20.000000 -817.554748
v 0.000000 20.000000 -817.554748
v 0.208333 20.000000 -817.554748
v 0.416667 20.000000 -817.554748
v 0.625000 20.000000 -817.554748
v 0.833333 20.000000 -817.554748
v 1.041667 20.000000 -817.554748
v 1.250000 20.000000 -817.554748
v 1.458333 20.000000 -817.554748
v 1.666667 20.000000 -817.554748
v 1.875000 20.000000 -817.554748
v 2.083333 20.000000 -817.554748
v 2.291667 20.000000 -817.554748
v 2.500000 20.000000 -817.554748
v 2.708333 20.000000 -817.554748
v 2.916667 20.000000 -817.554748
v 3.125000 20.000000 -817.554748
v 3.333333 20.000000 -817.554748
v 3.541667 20.000000 -817.554748
v 3.750000 20.000000 -817.554748
v 3.958333 20.000000 -817.554748
v 4.166667 20.000000 -817.554748
v 4.375000 20.000000 -817.554748
v 4.583333 20.000000 -817.554748
v 4.791667 20.000000 -817.554748
v 5.000000 20.000000 -817.554748
v -5.000000 20.000000 -808.857357
v -4.791667 20.000000 -808.857357
v -4.583333 20.000000 -808.857357
v -4.375000 20.000000 -808.857357
v -4.166667 20.000000 -808.857357
v -3.958333 20.000000 -808.857357
v -3.750000 20.000000 -808.857357
v -3.541667 20.000000 -808.857357
v -3.333333 20.000000 -808.857357
v -3.125000 20.000000 -808.857357
v -2.916667 20.000000 -808.857357
v -2.708333 20.000000 -808.857357
v -2.500000 20.000000 -808.857357
v -2.291667 20.000000 -808.857357
v -2.083333 20.000000 -808.857357
v -1.875000 20.000000 -808.857357
v -1.666667 20.000000 -808.857357
v -1.458333 20.000000 -808.857357
v -1.250000 20.000000 -808.857357
v -1.041667 20.000000 -808.857357
v -0.833333 20.000000 -808.857357
v -0.625000 20.000000 -808.857357
v -0.416667 20.000000 -808.857357
v -0.208333 20.000000 -808.857357
v 0.000000 20.000000 -808.857357
v 0.208333 20.000000 -808.857357
v 0.416667 20.000000 -808.857357
v 0.625000 20.000000 -808.857357
v 0.833333 20.000000 -808.857357
v 1.041667 20.000000 -808.857357
v 1.250000 20.000000 -808.857357
v 1.458333 20.000000 -808.857357
v 1.666667 20.000000 -808.857357
v 1.875000 20.000000 -808.857357
v 2.083333 20.000000 -808.857357
v 2.291667 20.000000 -808.857357
v 2.500000 20.000000 -808.857357
v 2.708333 20.000000 -808.857357
v 2.916667 20.000000 -808.857357
v 3.125000 20.000000 -808.857357
v 3.333333 20.000000 -808.857357
v 3.541667 20.000000 -808.857357
v 3.750000 20.000000 -808.857357
v 3.958333 20.000000 -808.857357
v 4.166667 20.000000 -808.857357
v 4.375000 20.000000 -808.857357
v 4.583333 20.000000 -808.857357
v 4.791667 20.000000 -808.857357
v 5.000000 20.000000 -808.857357
v -5.000000 20.000000 -800.159966
v -4.791667 20.000000 -800.159966
v -4.583333 20.000000 -800.159966
v -4.375000 20.000000 -800.159966
v -4.166667 20.000000 -800.159966
v -3.958333 20.000000 -800.159966
v -3.750000 20.000000 -800.159966
v -3.541667 20.000000 -800.159966
v -3.333333 20.000000 -800.159966
v -3.125000 20.000000 -800.159966
v -2.916667 20.000000 -800.159966
v -2.708333 20.000000 -800.159966
v -2.500000 20.000000 -800.159966
v -2.291667 20.000000 -800.159966
v -2.083333 20.000000 -800.159966
v -1.875000 20.000000 -800.159966
v -1.666667 20.000000 -800.159966
v -1.458333 20.000000 -800.159966
v -1.250000 20.000000 -800.159966
v -1.041667 20.000000 -800.159966
v -0.833333 20.000000 -800.159966
v -0.625000 20.000000 -800.159966
v -0.416667 20.000000 -800.159966
v -0.208333 20.000000 -800.159966
v 0.000000 20.000000 -800.159966
v 0.208333 20.000000 -800.159966
v 0.416667 20.000000 -800.159966
v 0.625000 20.000000 -800.159966
v 0.833333 20.000000 -800.159966
v 1.041667 20.000000 -800.159966
v 1.250000 20.000000 -800.159966
v 1.458333 20.000000 -800.159966
v 1.666667 20.000000 -800.159966
v 1.875000 20.000000 -800.159966
v 2.083333 20.000000 -800.159966
v 2.291667 20.000000 -800.159966
v 2.500000 20.000000 -800.159966
v 2.708333 20.000000 -800.159966
v 2.916667 20.000000 -800.159966
v 3.125000 20.000000 -800.159966
v 3.333333 20.000000 -800.159966
v 3.541667 20.000000 -800.159966
v 3.750000 20.000000 -800.159966
v 3.958333 20.000000 -800.159966
v 4.166667 20.000000 -800.159966
v 4.375000 20.000000 -800.159966
v 4.583333 20.000000 -800.159966
v 4.791667 20.000000 -800.159966
v 5.000000 20.000000 -800.159966
v -5.000000 20.000000 -791.462575
v -4.791667 20.000000 -791.462575
v -4.583333 20.000000 -791.462575
v -4.375000 20.000000 -791.462575
v -4.166667 20.000000 -791.462575
v -3.958333 20.000000 -791.462575
v -3.750000 20.000000 -791.462575
v -3.541667 20.000000 -791.462575
v -3.333333 20.000000 -791.462575
v -3.125000 20.000000 -791.462575
v -2.916667 20.000000 -791.462575
v -2.708333 20.000000 -791.462575
v -2.500000 20.000000 -791.462575
v -2.291667 20.000000 -791.462575
v -2.083333 20.000000 -791.462575
v -1.875000 20.000000 -791.462575
v -1.666667 20.000000 -791.462575
v -1.458333 20.000000 -791.462575
v -1.250000 20.000000 -791.462575
v -1.041667 20.000000 -791.462575
v -0.833333 20.000000 -791.462575
v -0.625000 20.000000 -791.462575
v -0.416667 20.000000 -791.462575
v -0.208333 20.000000 -791.462575
v 0.000000 20.000000 -791.462575
v 0.208333 20.000000 -791.462575
v 0.416667 20.000000 -791.462575
v 0.625000 20.000000 -791.462575
v 0.833333 20.000000 -791.462575
v 1.041667 20.000000 -791.462575
v 1.250000 20.000000 -791.462575
v 1.458333 20.000000 -791.462575
v 1.666667 20.000000 -791.462575
v 1.875000 20.000000 -791.462575
v 2.083333 20.000000 -791.462575
v 2.291667 20.000000 -791.462575
v 2.500000 20.000000 -791.462575
v 2.708333 20.000000 -791.462575
v 2.916667 20.000000 -791.462575
v 3.125000 20.000000 -791.462575
v 3.333333 20.000000 -791.462575
v 3.541667 20.000000 -791.462575
v 3.750000 20.000000 -791.462575
v 3.958333 20.000000 -791.462575
v 4.166667 20.000000 -791.462575
v 4.375000 20.000000 -791.462575
v 4.583333 20.000000 -791.462575
v 4.791667 20.000000 -791.462575
v 5.000000 20.000000 -791.462575
v -5.000000 20.000000 -782.765184
v -4.791667 20.000000 -782.765184
v -4.583333 20.000000 -782.765184
v -4.375000 20.000000 -782.765184
v -4.166667 20.000000 -782.765184
v -3.958333 20.000000 -782.765184
v -3.750000 20.000000 -782.765184
v -3.541667 20.000000 -782.765184
v -3.333333 20.000000 -782.765184
v -3.125000 20.000000 -782.765184
v -2.916667 20.000000 -782.765184
v -2.708333 20.000000 -782.765184
v -2.500000 20.000000 -782.765184
v -2.291667 20.000000 -782.765184
v -2.083333 20.000000 -782.765184
v -1.875000 20.000000 -782.765184
v -1.666667 20.000000 -782.765184
v -1.458333 20.000000 -782.765184
v -1.250000 20.000000 -782.765184
v -1.041667 20.000000 -782.765184
v -0.833333 20.000000 -782.765184
v -0.625000 20.000000 -782.765184
v -0.416667 20.000000 -782.765184
v -0.208333 20.000000 -782.765184
v 0.000000 20.000000 -782.765184
v 0.208333 20.000000 -782.765184
v 0.416667 20.000000 -782.765184
v 0.625000 20.000000 -782.765184
v 0.833333 20.000000 -782.765184
v 1.041667 20.000000 -782.765184
v 1.250000 20.000000 -782.765184
v 1.458333 20.000000 -782.765184
v 1.666667 20.000000 -782.765184
v 1.875000 20.000000 -782.765184
v 2.083333 20.000000 -782.765184
v 2.291667 20.000000 -782.765184
v 2.500000 20.000000 -782.765184
v 2.708333 20.000000 -782.765184
v 2.916667 20.000000 -782.765184
v 3.125000 20.000000 -782.765184
v 3.333333 20.000000 -782.765184
v 3.541667 20.000000 -782.765184
v 3.750000 20.000000 -782.765184
v 3.958333 20.000000 -782.765184
v 4.166667 20.000000 -782.765184
v 4.375000 20.000000 -782.765184
v 4.583333 20.000000 -782.765184
v 4.791667 20.000000 -782.765184
v 5.000000 20.000000 -782.765184
v -5.000000 20.000000 -774.067793
v -4.791667 20.000000 -774.067793
v -4.583333 20.000000 -774.067793
v -4.375000 20.000000 -774.067793
v -4.166667 20.000000 -774.067793
v -3.958333 20.000000 -774.067793
v -3.750000 20.000000 -774.067793
v -3.541667 20.000000 -774.067793
v -3.333333 20.000000 -774.067793
v -3.125000 20.000000 -774.067793
v -2.916667 20.000000 -774.067793
v -2.708333 20.000000 -774.067793
v -2.500000 20.000000 -774.067793
v -2.291667 20.000000 -774.067793
v -2.083333 20.000000 -774.067793
v -1.875000 20.000000 -774.067793
v -1.666667 20.000000 -774.067793
v -1.458333 20.000000 -774.067793
v -1.250000 20.000000 -774.067793
v -1.041667 20.000000 -774.067793
v -0.833333 20.000000 -774.067793
v -0.625000 20.000000 -774.067793
v -0.416667 20.000000 -774.067793
v -0.208333 20.000000 -774.067793
v 0.000000 20.000000 -774.067793
v 0.208333 20.000000 -774.067793
v 0.416667 20.000000 -774.067793
v 0.625000 20.000000 -774.067793
v 0.833333 20.000000 -774.067793
v 1.041667 20.000000 -774.067793
v 1.250000 20.000000 -774.067793
v 1.458333 20.000000 -774.067793
v 1.666667 20.000000 -774.067793
v 1.875000 20.000000 -774.067793
v 2.083333 20.000000 -774.067793
v 2.291667 20.000000 -774.067793
v 2.500000 20.000000 -774.067793
v 2.708333 20.000000 -774.067793
v 2.916667 20.000000 -774.067793
v 3.125000 20.000000 -774.067793
v 3.333333 20.000000 -774.067793
v 3.541667 20.000000 -774.067793
v 3.750000 20.000000 -774.067793
v 3.958333 20.000000 -774.067793
v 4.166667 20.000000 -774.067793
v 4.375000 20.000000 -774.067793
v 4.583333 20.000000 -774.067793
v 4.791667 20.000000 -774.067793
v 5.000000 20.000000 -774.067793
v -5.000000 20.000000 -765.370403
v -4.791667 20.000000 -765.370403
v -4.583333 20.000000 -765.370403
v -4.375000 20.000000 -765.370403
v -4.166667 20.000000 -765.370403
v -3.958333 20.000000 -765.370403
v -3.750000 20.000000 -765.370403
v -3.541667 20.000000 -765.370403
v -3.333333 20.000000 -765.370403
v -3.125000 20.000000 -765.370403
v -2.916667 20.000000 -765.370403
v -2.708333 20.000000 -765.370403
v -2.500000 20.000000 -765.370403
v -2.291667 20.000000 -765.370403
v -2.083333 20.000000 -765.370403
v -1.875000 20.000000 -765.370403
v -1.666667 20.000000 -765.370403
v -1.458333 20.000000 -765.370403
v -1.250000 20.000000 -765.370403
v -1.041667 20.000000 -765.370403
v -0.833333 20.000000 -765.370403
v -0.625000 20.000000 -765.370403
v -0.416667 20.000000 -765.370403
v -0.208333 20.000000 -765.370403
v 0.000000 20.000000 -765.370403
v 0.208333 20.000000 -765.370403
v 0.416667 20.000000 -765.370403
v 0.625000 20.000000 -765.370403
v 0.833333 20.000000 -765.370403
v 1.041667 20.000000 -765.370403
v 1.250000 20.000000 -765.370403
v 1.458333 20.000000 -765.370403
v 1.666667 20.000000 -765.370403
v 1.875000 20.000000 -765.370403
v 2.083333 20.000000 -765.370403
v 2.291667 20.000000 -765.370403
v 2.500000 20.000000 -765.370403
v 2.708333 20.000000 -765.370403
v 2.916667 20.000000 -765.370403
v 3.125000 20.000000 -765.370403
v 3.333333 20.000000 -765.370403
v 3.541667 20.000000 -765.370403
v 3.750000 20.000000 -765.370403
v 3.958333 20.000000 -765.370403
v 4.166667 20.000000 -765.370403
v 4.375000 20.000000 -765.370403
v 4.583333 20.000000 -765.370403
v 4.791667 20.000000 -765.370403
v 5.000000 20.000000 -765.370403
v -5.000000 20.000000 -756.673012
v -4.791667 20.000000 -756.673012
v -4.583333 20.000000 -756.673012
v -4.375000 20.000000 -756.673012
v -4.166667 20.000000 -756.673012
v -3.958333 20.000000 -756.673012
v -3.750000 20.000000 -756.673012
v -3.541667 20.000000 -756.673012
v -3.333333 20.000000 -756.673012
v -3.125000 20.000000 -756.673012
v -2.916667 20.000000 -756.673012
v -2.708333 20.000000 -756.673012
v -2.500000 20.000000 -756.673012
v -2.291667 20.000000 -756.673012
v -2.083333 20.000000 -756.673012
v -1.875000 20.000000 -756.673012
v -1.666667 20.000000 -756.673012
v -1.458333 20.000000 -756.673012
v -1.250000 20.000000 -756.673012
v -1.041667 20.000000 -756.673012
v -0.833333 20.000000 -756.673012
v -0.625000 20.000000 -756.673012
v -0.416667 20.000000 -756.673012
v -0.208333 20.000000 -756.673012
v 0.000000 20.000000 -756.673012
v 0.208333 20.000000 -756.673012
v 0.416667 20.000000 -756.673012
v 0.625000 20.000000 -756.673012
v 0.833333 20.000000 -756.673012
v 1.041667 20.000000 -756.673012
v 1.250000 20.000000 -756.673012
v 1.458333 20.000000 -756.673012
v 1.666667 20.000000 -756.673012
v 1.875000 20.000000 -756.673012
v 2.083333 20.000000 -756.673012
v 2.291667 20.000000 -756.673012
v 2.500000 20.000000 -756.673012
v 2.708333 20.000000 -756.673012
v 2.916667 20.000000 -756.673012
v 3.125000 20.000000 -756.673012
v 3.333333 20.000000 -756.673012
v 3.541667 20.000000 -756.673012
v 3.750000 20.000000 -756.673012
v 3.958333 20.000000 -756.673012
v 4.166667 20.000000 -756.673012
v 4.375000 20.000000 -756.673012
v 4.583333 20.000000 -756.673012
v 4.791667 20.000000 -756.673012
v 5.000000 20.000000 -756.673012
v -5.000000 20.000000 -747.975621
v -4.791667 20.000000 -747.975621
v -4.583333 20.000000 -747.975621
v -4.375000 20.000000 -747.975621
v -4.166667 20.000000 -747.975621
v -3.958333 20.000000 -747.975621
v -3.750000 20.000000 -747.975621
v -3.541667 20.000000 -747.975621
v -3.333333 20.000000 -747.975621
v -3.125000 20.000000 -747.975621
v -2.916667 20.000000 -747.975621
v -2.708333 20.000000 -747.975621
v -2.500000 20.000000 -747.975621
v -2.291667 20.000000 -747.975621
v -2.083333 20.000000 -747.975621
v -1.875000 20.000000 -747.975621
v -1.666667 20.000000 -747.975621
v -1.458333 20.000000 -747.975621
v -1.250000 20.000000 -747.975621
v -1.041667 20.000000 -747.975621
v -0.833333 20.000000 -747.975621
v -0.625000 20.000000 -747.975621
v -0.416667 20.000000 -747.975621
v -0.208333 20.000000 -747.975621
v 0.000000 20.000000 -747.975621
v 0.208333 20.000000 -747.975621
v 0.416667 20.000000 -747.975621
v 0.625000 20.000000 -747.975621
v 0.833333 20.000000 -747.975621
v 1.041667 20.000000 -747.975621
v 1.250000 20.000000 -747.975621
v 1.458333 20.000000 -747.975621
v 1.666667 20.000000 -747.975621
v 1.875000 20.000000 -747.975621
v 2.083333 20.000000 -747.975621
v 2.291667 20.000000 -747.975621
v 2.500000 20.000000 -747.975621
v 2.708333 20.000000 -747.975621
v 2.916667 20.000000 -747.975621
v 3.125000 20.000000 -747.975621
v 3.333333 20.000000 -747.975621
v 3.541667 20.000000 -747.975621
v 3.750000 20.000000 -747.975621
v 3.958333 20.000000 -747.975621
v 4.166667 20.000000 -747.975621
v 4.375000 20.000000 -747.975621
v 4.583333 20.000000 -747.975621
v 4.791667 20.000000 -747.975621
v 5.000000 20.000000 -747.975621
v -5.000000 20.000000 -739.278230
v -4.791667 20.000000 -739.278230
v -4.583333 20.000000 -739.278230
v -4.375000 20.000000 -739.278230
v -4.166667 20.000000 -739.278230
v -3.958333 20.000000 -739.278230
v -3.750000 20.000000 -739.278230
v -3.541667 20.000000 -739.278230
v -3.333333 20.000000 -739.278230
v -3.125000 20.000000 -739.278230
v -2.916667 20.000000 -739.278230
v -2.708333 20.000000 -739.278230
v -2.500000 20.000000 -739.278230
v -2.291667 20.000000 -739.278230
v -2.083333 20.000000 -739.278230
v -1.875000 20.000000 -739.278230
v -1.666667 20.000000 -739.278230
v -1.458333 20.000000 -739.278230
v -1.250000 20.000000 -739.278230
v -1.041667 20.000000 -739.278230
v -0.833333 20.000000 -739.278230
v -0.625000 20.000000 -739.278230
v -0.416667 20.000000 -739.278230
v -0.208333 20.000000 -739.278230
v 0.000000 20.000000 -739.278230
v 0.208333 20.000000 -739.278230
v 0.416667 20.000000 -739.278230
v 0.625000 20.000000 -739.278230
v 0.833333 20.000000 -739.278230
v 1.041667 20.000000 -739.278230
v 1.250000 20.000000 -739.278230
v 1.458333 20.000000 -739.278230
v 1.666667 20.000000 -739.278230
v 1.875000 20.000000 -739.278230
v 2.083333 20.000000 -739.278230
v 2.291667 20.000000 -739.278230
v 2.500000 20.000000 -739.278230
v 2.708333 20.000000 -739.278230
v 2.916667 20.000000 -739.278230
v 3.125000 20.000000 -739.278230
v 3.333333 20.000000 -739.278230
v 3.541667 20.000000 -739.278230
v 3.750000 20.000000 -739.278230
v 3.958333 20.000000 -739.278230
v 4.166667 20.000000 -739.278230
v 4.375000 20.000000 -739.278230
v 4.583333 20.000000 -739.278230
v 4.791667 20.000000 -739.278230
v 5.000000 20.000000 -739.278230
v -5.000000 20.000000 -730.580839
v -4.791667 20.000000 -730.580839
v -4.583333 20.000000 -730.580839
v -4.375000 20.000000 -730.580839
v -4.166667 20.000000 -730.580839
v -3.958333 20.000000 -730.580839
v -3.750000 20.000000 -730.580839
v -3.541667 20.000000 -730.580839
v -3.333333 20.000000 -730.580839
v -3.125000 20.000000 -730.580839
v -2.916667 20.000000 -730.580839
v -2.708333 20.000000 -730.580839
v -2.500000 20.000000 -730.580839
v -2.291667 20.000000 -730.580839
v -2.083333 20.000000 -730.580839
v -1.875000 20.000000 -730.580839
v -1.666667 20.000000 -730.580839
v -1.458333 20.000000 -730.580839
v -1.250000 20.000000 -730.580839
v -1.041667 20.000000 -730.580839
v -0.833333 20.000000 -730.580839
v -0.625000 20.000000 -730.580839
v -0.416667 20.000000 -730.580839
v -0.208333 20.000000 -730.580839
v 0.000000 20.000000 -730.580839
v 0.208333 20.000000 -730.580839
v 0.416667 20.000000 -730.580839
v 0.625000 20.000000 -730.580839
v 0.833333 20.000000 -730.580839
v 1.041667 20.000000 -730.580839
v 1.250000 20.000000 -730.580839
v 1.458333 20.000000 -730.580839
v 1.666667 20.000000 -730.580839
v 1.875000 20.000000 -730.580839
v 2.083333 20.000000 -730.580839
v 2.291667 20.000000 -730.580839
v 2.500000 20.000000 -730.580839
v 2.708333 20.000000 -730.580839
v 2.916667 20.000000 -730.580839
v 3.125000 20.000000 -730.580839
v 3.333333 20.000000 -730.580839
v 3.541667 20.000000 -730.580839
v 3.750000 20.000000 -730.580839
v 3.958333 20.000000 -730.580839
v 4.166667 20.000000 -730.580839
v 4.375000 20.000000 -730.580839
v 4.583333 20.000000 -730.580839
v 4.791667 20.000000 -730.580839
v 5.000000 20.000000 -730.580839
v -5.000000 20.000000 -721.883448
v -4.791667 20.000000 -721.883448
v -4.583333 20.000000 -721.883448
v -4.375000 20.000000 -721.883448
v -4.166667 20.000000 -721.883448
v -3.958333 20.000000 -721.883448
v -3.750000 20.000000 -721.883448
v -3.541667 20.000000 -721.883448
v -3.333333 20.000000 -721.883448
v -3.125000 20.000000 -721.883448
v -2.916667 20.000000 -721.883448
v -2.708333 20.000000 -721.883448
v -2.500000 20.000000 -721.883448
v -2.291667 20.000000 -721.883448
v -2.083333 20.000000 -721.883448
v -1.875000 20.000000 -721.883448
v -1.666667 20.000000 -721.883448
v -1.458333 20.000000 -721.883448
v -1.250000 20.000000 -721.883448
v -1.041667 20.000000 -721.883448
v -0.833333 20.000000 -721.883448
v -0.625000 20.000000 -721.883448
v -0.416667 20.000000 -721.883448
v -0.208333 20.000000 -721.883448
v 0.000000 20.000000 -721.883448
v 0.208333 20.000000 -721.883448
v 0.416667 20.000000 -721.883448
v 0.625000 20.000000 -721.883448
v 0.833333 20.000000 -721.883448
v 1.041667 20.000000 -721.883448
v 1.250000 20.000000 -721.883448
v 1.458333 20.000000 -721.883448
v 1.666667 20.000000 -721.883448
v 1.875000 20.000000 -721.883448
v 2.083333 20.000000 -721.883448
v 2.291667 20.000000 -721.883448
v 2.500000 20.000000 -721.883448
v 2.708333 20.000000 -721.883448
v 2.916667 20.000000 -721.883448
v 3.125000 20.000000 -721.883448
v 3.333333 20.000000 -721.883448
v 3.541667 20.000000 -721.883448
v 3.750000 20.000000 -721.883448
v 3.958333 20.000000 -721.883448
v 4.166667 20.000000 -721.883448
v 4.375000 20.000000 -721.883448
v 4.583333 20.000000 -721.883448
v 4.791667 20.000000 -721.883448
v 5.000000 20.000000 -721.883448
v -5.000000 20.000000 -713.186057
v -4.791667 20.000000 -713.186057
v -4.583333 20.000000 -713.186057
v -4.375000 20.000000 -713.186057
v -4.166667 20.000000 -713.186057
v -3.958333 20.000000 -713.186057
v -3.750000 20.000000 -713.186057
v -3.541667 20.000000 -713.186057
v -3.333333 20.000000 -713.186057
v -3.125000 20.000000 -713.186057
v -2.916667 20.000000 -713.186057
v -2.708333 20.000000 -713.186057
v -2.500000 20.000000 -713.186057
v -2.291667 20.000000 -713.186057
v -2.083333 20.000000 -713.186057
v -1.875000 20.000000 -713.186057
v -1.666667 20.000000 -713.186057
v -1.458333 20.000000 -713.186057
v -1.250000 20.000000 -713.186057
v -1.041667 20.000000 -713.186057
v -0.833333 20.000000 -713.186057
v -0.625000 20.000000 -713.186057
v -0.416667 20.000000 -713.186057
v -0.208333 20.000000 -713.186057
v 0.000000 20.000000 -713.186057
v 0.208333 20.000000 -713.186057
v 0.416667 20.000000 -713.186057
v 0.625000 20.000000 -713.186057
v 0.833333 20.000000 -713.186057
v 1.041667 20.000000 -713.186057
v 1.250000 20.000000 -713.186057
v 1.458333 20.000000 -713.186057
v 1.666667 20.000000 -713.186057
v 1.875000 20.000000 -713.186057
v 2.083333 20.000000 -713.186057
v 2.291667 20.000000 -713.186057
v 2.500000 20.000000 -713.186057
v 2.708333 20.000000 -713.186057
v 2.916667 20.000000 -713.186057
v 3.125000 20.000000 -713.186057
v 3.333333 20.000000 -713.186057
v 3.541667 20.000000 -713.186057
v 3.750000 20.000000 -713.186057
v 3.958333 20.000000 -713.186057
v 4.166667 20.000000 -713.186057
v 4.375000 20.000000 -713.186057
v 4.583333 20.000000 -713.186057
v 4.791667 20.000000 -713.186057
v 5.000000 20.000000 -713.186057
v -5.000000 20.000000 -704.488666
v -4.791667 20.000000 -704.488666
v -4.583333 20.000000 -704.488666
v -4.375000 20.000000 -704.488666
v -4.166667 20.000000 -704.488666
v -3.958333 20.000000 -704.488666
v -3.750000 20.000000 -704.488666
v -3.541667 20.000000 -704.488666
v -3.333333 20.000000 -704.488666
v -3.125000 20.000000 -704.488666
v -2.916667 20.000000 -704.488666
v -2.708333 20.000000 -704.488666
v -2.500000 20.000000 -704.488666
v -2.291667 20.000000 -704.488666
v -2.083333 20.000000 -704.488666
v -1.875000 20.000000 -704.488666
v -1.666667 20.000000 -704.488666
v -1.458333 20.000000 -704.488666
v -1.250000 20.000000 -704.488666
v -1.041667 20.000000 -704.488666
v -0.833333 20.000000 -704.488666
v -0.625000 20.000000 -704.488666
v -0.416667 20.000000 -704.488666
v -0.208333 20.000000 -704.488666
v 0.000000 20.000000 -704.488666
v 0.208333 20.000000 -704.488666
v 0.416667 20.000000 -704.488666
v 0.625000 20.000000 -704.488666
v 0.833333 20.000000 -704.488666
v 1.041667 20.000000 -704.488666
v 1.250000 20.000000 -704.488666
v 1.458333 20.000000 -704.488666
v 1.666667 20.000000 -704.488666
v 1.875000 20.000000 -704.488666
v 2.083333 20.000000 -704.488666
v 2.291667 20.000000 -704.488666
v 2.500000 20.000000 -704.488666
v 2.708333 20.000000 -704.488666
v 2.916667 20.000000 -704.488666
v 3.125000 20.000000 -704.488666
v 3.333333 20.000000 -704.488666
v 3.541667 20.000000 -704.488666
v 3.750000 20.000000 -704.488666
v 3.958333 20.000000 -704.488666
v 4.166667 20.000000 -704.488666
v 4.375000 20.000000 -704.488666
v 4.583333 20.000000 -704.488666
v 4.791667 20.000000 -704.488666
v 5.000000 20.000000 -704.488666
v -5.000000 20.000000 -695.791275
v -4.791667 20.000000 -695.791275
v -4.583333 20.000000 -695.791275
v -4.375000 20.000000 -695.791275
v -4.166667 20.000000 -695.791275
v -3.958333 20.000000 -695.791275
v -3.750000 20.000000 -695.791275
v -3.541667 20.000000 -695.791275
v -3.333333 20.000000 -695.791275
v -3.125000 20.000000 -695.791275
v -2.916667 20.000000 -695.791275
v -2.708333 20.000000 -695.791275
v -2.500000 20.000000 -695.791275
v -2.291667 20.000000 -695.791275
v -2.083333 20.000000 -695.791275
v -1.875000 20.000000 -695.791275
v -1.666667 20.000000 -695.791275
v -1.458333 20.000000 -695.791275
v -1.250000 20.000000 -695.791275
v -1.041667 20.000000 -695.791275
v -0.833333 20.000000 -695.791275
v -0.625000 20.000000 -695.791275
v -0.416667 20.000000 -695.791275
v -0.208333 20.000000 -695.791275
v 0.000000 20.000000 -695.791275
v 0.208333 20.000000 -695.791275
v 0.416667 20.000000 -695.791275
v 0.625000 20.000000 -695.791275
v 0.833333 20.000000 -695.791275
v 1.041667 20.000000 -695.791275
v 1.250000 20.000000 -695.791275
v 1.458333 20.000000 -695.791275
v 1.666667 20.000000 -695.791275
v 1.875000 20.000000 -695.791275
v 2.083333 20.000000 -695.791275
v 2.291667 20.000000 -695.791275
v 2.500000 20.000000 -695.791275
v 2.708333 20.000000 -695.791275
v 2.916667 20.000000 -695.791275
v 3.125000 20.000000 -695.791275
v 3.333333 20.000000 -695.791275
v 3.541667 20.000000 -695.791275
v 3.750000 20.000000 -695.791275
v 3.958333 20.000000 -695.791275
v 4.166667 20.000000 -695.791275
v 4.375000 20.000000 -695.791275
v 4.583333 20.000000 -695.791275
v 4.791667 20.000000 -695.791275
v 5.000000 20.000000 -695.791275
v -5.000000 20.000000 -687.093884
v -4.791667 20.000000 -687.093884
v -4.583333 20.000000 -687.093884
v -4.375000 20.000000 -687.093884
v -4.166667 20.000000 -687.093884
v -3.958333 20.000000 -687.093884
v -3.750000 20.000000 -687.093884
v -3.541667 20.000000 -687.093884
v -3.333333 20.000000 -687.093884
v -3.125000 20.000000 -687.093884
v -2.916667 20.000000 -687.093884
v -2.708333 20.000000 -687.093884
v -2.500000 20.000000 -687.093884
v -2.291667 20.000000 -687.093884
v -2.083333 20.000000 -687.093884
v -1.875000 20.000000 -687.093884
v -1.666667 20.000000 -687.093884
v -1.458333 20.000000 -687.093884
v -1.250000 20.000000 -687.093884
v -1.041667 20.000000 -687.093884
v -0.833333 20.000000 -687.093884
v -0.625000 20.000000 -687.093884
v -0.416667 20.000000 -687.093884
v -0.208333 20.000000 -687.093884
v 0.000000 20.000000 -687.093884
v 0.208333 20.000000 -687.093884
v 0.416667 20.000000 -687.093884
v 0.625000 20.000000 -687.093884
v 0.833333 20.000000 -687.093884
v 1.041667 20.000000 -687.093884
v 1.250000 20.000000 -687.093884
v 1.458333 20.000000 -687.093884
v 1.666667 20.000000 -687.093884
v 1.875000 20.000000 -687.093884
v 2.083333 20.000000 -687.093884
v 2.291667 20.000000 -687.093884
v 2.500000 20.000000 -687.093884
v 2.708333 20.000000 -687.093884
v 2.916667 20.000000 -687.093884
v 3.125000 20.000000 -687.093884
v 3.333333 20.000000 -687.093884
v 3.541667 20.000000 -687.093884
v 3.750000 20.000000 -687.093884
v 3.958333 20.000000 -687.093884
v 4.166667 20.000000 -687.093884
v 4.375000 20.000000 -687.093884
v 4.583333 20.000000 -687.093884
v 4.791667 20.000000 -687.093884
v 5.000000 20.000000 -687.093884
v -5.000000 20.000000 -678.396493
v -4.791667 20.000000 -678.396493
v -4.583333 20.000000 -678.396493
v -4.375000 20.000000 -678.396493
v -4.166667 20.000000 -678.396493
v -3.958333 20.000000 -678.396493
v -3.750000 20.000000 -678.396493
v -3.541667 20.000000 -678.396493
v -3.333333 20.000000 -678.396493
v -3.125000 20.000000 -678.396493
v -2.916667 20.000000 -678.396493
v -2.708333 20.000000 -678.396493
v -2.500000 20.000000 -678.396493
v -2.291667 20.000000 -678.396493
v -2.083333 20.000000 -678.396493
v -1.875000 20.000000 -678.396493
v -1.666667 20.000000 -678.396493
v -1.458333 20.000000 -678.396493
v -1.250000 20.000000 -678.396493
v -1.041667 20.000000 -678.396493
v -0.833333 20.000000 -678.396493
v -0.625000 20.000000 -678.396493
v -0.416667 20.000000 -678.396493
v -0.208333 20.000000 -678.396493
v 0.000000 20.000000 -678.396493
v 0.208333 20.000000 -678.396493
v 0.416667 20.000000 -678.396493
v 0.625000 20.000000 -678.396493
v 0.833333 20.000000 -678.396493
v 1.041667 20.000000 -678.396493
v 1.250000 20.000000 -678.396493
v 1.458333 20.000000 -678.396493
v 1.666667 20.000000 -678.396493
v 1.875000 20.000000 -678.396493
v 2.083333 20.000000 -678.396493
v 2.291667 20.000000 -678.396493
v 2.500000 20.000000 -678.396493
v 2.708333 20.000000 -678.396493
v 2.916667 20.000000 -678.396493
v 3.125000 20.000000 -678.396493
v 3.333333 20.000000 -678.396493
v 3.541667 20.000000 -678.396493
v 3.750000 20.000000 -678.396493
v 3.958333 20.000000 -678.396493
v 4.166667 20.000000 -678.396493
v 4.375000 20.000000 -678.396493
v 4.583333 20.000000 -678.396493
v 4.791667 20.000000 -678.396493
v 5.000000 20.000000 -678.396493
v -5.000000 20.000000 -669.699102
v -4.791667 20.000000 -669.699102
v -4.583333 20.000000 -669.699102
v -4.375000 20.000000 -669.699102
v -4.166667 20.000000 -669.699102
v -3.958333 20.000000 -669.699102
v -3.750000 20.000000 -669.699102
v -3.541667 20.000000 -669.699102
v -3.333333 20.000000 -669.699102
v -3.125000 20.000000 -669.699102
v -2.916667 20.000000 -669.699102
v -2.708333 20.000000 -669.699102
v -2.500000 20.000000 -669.699102
v -2.291667 20.000000 -669.699102
v -2.083333 20.000000 -669.699102
v -1.875000 20.000000 -669.699102
v -1.666667 20.000000 -669.699102
v -1.458333 20.000000 -669.699102
v -1.250000 20.000000 -669.699102
v -1.041667 20.000000 -669.699102
v -0.833333 20.000000 -669.699102
v -0.625000 20.000000 -669.699102
v -0.416667 20.000000 -669.699102
v -0.208333 20.000000 -669.699102
v 0.000000 20.000000 -669.699102
v 0.208333 20.000000 -669.699102
v 0.416667 20.000000 -669.699102
v 0.625000 20.000000 -669.699102
v 0.833333 20.000000 -669.699102
v 1.041667 20.000000 -669.699102
v 1.250000 20.000000 -669.699102
v 1.458333 20.000000 -669.699102
v 1.666667 20.000000 -669.699102
v 1.875000 20.000000 -669.699102
v 2.083333 20.000000 -669.699102
v 2.291667 20.000000 -669.699102
v 2.500000 20.000000 -669.699102
v 2.708333 20.000000 -669.699102
v 2.916667 20.000000 -669.699102
v 3.125000 20.000000 -669.699102
v 3.333333 20.000000 -669.699102
v 3.541667 20.000000 -669.699102
v 3.750000 20.000000 -669.699102
v 3.958333 20.000000 -669.699102
v 4.166667 20.000000 -669.699102
v 4.375000 20.000000 -669.699102
v 4.583333 20.000000 -669.699102
v 4.791667 20.000000 -669.699102
v 5.000000 20.000000 -669.699102
v -5.000000 20.000000 -661.001711
v -4.791667 20.000000 -661.001711
v -4.583333 20.000000 -661.001711
v -4.375000 20.000000 -661.001711
v -4.166667 20.000000 -661.001711
v -3.958333 20.000000 -661.001711
v -3.750000 20.000000 -661.001711
v -3.541667 20.000000 -661.001711
v -3.333333 20.000000 -661.001711
v -3.125000 20.000000 -661.001711
v -2.916667 20.000000 -661.001711
v -2.708333 20.000000 -661.001711
v -2.500000 20.000000 -661.001711
v -2.291667 20.000000 -661.001711
v -2.083333 20.000000 -661.001711
v -1.875000 20.000000 -661.001711
v -1.666667 20.000000 -661.001711
v -1.458333 20.000000 -661.001711
v -1.250000 20.000000 -661.001711
v -1.041667 20.000000 -661.001711
v -0.833333 20.000000 -661.001711
v -0.625000 20.000000 -661.001711
v -0.416667 20.000000 -661.001711
v -0.208333 20.000000 -661.001711
v 0.000000 20.000000 -661.001711
v 0.208333 20.000000 -661.001711
v 0.416667 20.000000 -661.001711
v 0.625000 20.000000 -661.001711
v 0.833333 20.000000 -661.001711
v 1.041667 20.000000 -661.001711
v 1.250000 20.000000 -661.001711
v 1.458333 20.000000 -661.001711
v 1.666667 20.000000 -661.001711
v 1.875000 20.000000 -661.001711
v 2.083333 20.000000 -661.001711
v 2.291667 20.000000 -661.001711
v 2.500000 20.000000 -661.001711
v 2.708333 20.000000 -661.001711
v 2.916667 20.000000 -661.001711
v 3.125000 20.000000 -661.001711
v 3.333333 20.000000 -661.001711
v 3.541667 20.000000 -661.001711
v 3.750000 20.000000 -661.001711
v 3.958333 20.000000 -661.001711
v 4.166667 20.000000 -661.001711
v 4.375000 20.000000 -661.001711
v 4.583333 20.000000 -661.001711
v 4.791667 20.000000 -661.001711
v 5.000000 20.000000 -661.001711
v -5.000000 20.000000 -652.304320
v -4.791667 20.000000 -652.304320
v -4.583333 20.000000 -652.304320
v -4.375000 20.000000 -652.304320
v -4.166667 20.000000 -652.304320
v -3.958333 20.000000 -652.304320
v -3.750000 20.000000 -652.304320
v -3.541667 20.000000 -652.304320
v -3.333333 20.000000 -652.304320
v -3.125000 20.000000 -652.304320
v -2.916667 20.000000 -652.304320
v -2.708333 20.000000 -652.304320
v -2.500000 20.000000 -652.304320
v -2.291667 20.000000 -652.304320
v -2.083333 20.000000 -652.304320
v -1.875000 20.000000 -652.304320
v -1.666667 20.000000 -652.304320
v -1.458333 20.000000 -652.304320
v -1.250000 20.000000 -652.304320
v -1.041667 20.000000 -652.304320
v -0.833333 20.000000 -652.304320
v -0.625000 20.000000 -652.304320
v -0.416667 20.000000 -652.304320
v -0.208333 20.000000 -652.304320
v 0.000000 20.000000 -652.304320
v 0.208333 20.000000 -652.304320
v 0.416667 20.000000 -652.304320
v 0.625000 20.000000 -652.304320
v 0.833333 20.000000 -652.304320
v 1.041667 20.000000 -652.304320
v 1.250000 20.000000 -652.304320
v 1.458333 20.000000 -652.304320
v 1.666667 20.000000 -652.304320
v 1.875000 20.000000 -652.304320
v 2.083333 20.000000 -652.304320
v 2.291667 20.000000 -652.304320
v 2.500000 20.000000 -652.304320
v 2.708333 20.000000 -652.304320
v 2.916667 20.000000 -652.304320
v 3.125000 20.000000 -652.304320
v 3.333333 20.000000 -652.304320
v 3.541667 20.000000 -652.304320
v 3.750000 20.000000 -652.304320
v 3.958333 20.000000 -652.304320
v 4.166667 20.000000 -652.304320
v 4.375000 20.000000 -652.304320
v 4.583333 20.000000 -652.304320
v 4.791667 20.000000 -652.304320
v 5.000000 20.000000 -652.304320
v -5.000000 20.000000 -643.606929
v -4.791667 20.000000 -643.606929
v -4.583333 20.000000 -643.606929
v -4.375000 20.000000 -643.606929
v -4.166667 20.000000 -643.606929
v -3.958333 20.000000 -643.606929
v -3.750000 20.000000 -643.606929
v -3.541667 20.000000 -643.606929
v -3.333333 20.000000 -643.606929
v -3.125000 20.000000 -643.606929
v -2.916667 20.000000 -643.606929
v -2.708333 20.000000 -643.606929
v -2.500000 20.000000 -643.606929
v -2.291667 20.000000 -643.606929
v -2.083333 20.000000 -643.606929
v -1.875000 20.000000 -643.606929
v -1.666667 20.000000 -643.606929
v -1.458333 20.000000 -643.606929
v -1.250000 20.000000 -643.606929
v -1.041667 20.000000 -643.606929
v -0.833333 20.000000 -643.606929
v -0.625000 20.000000 -643.606929
v -0.416667 20.000000 -643.606929
v -0.208333 20.000000 -643.606929
v 0.000000 20.000000 -643.606929
v 0.208333 20.000000 -643.606929
v 0.416667 20.000000 -643.606929
v 0.625000 20.000000 -643.606929
v 0.833333 20.000000 -643.606929
v 1.041667 20.000000 -643.606929
v 1.250000 20.000000 -643.606929
v 1.458333 20.000000 -643.606929
v 1.666667 20.000000 -643.606929
v 1.875000 20.000000 -643.606929
v 2.083333 20.000000 -643.606929
v 2.291667 20.000000 -643.606929
v 2.500000 20.000000 -643.606929
v 2.708333 20.000000 -643.606929
v 2.916667 20.000000 -643.606929
v 3.125000 20.000000 -643.606929
v 3.333333 20.000000 -643.606929
v 3.541667 20.000000 -643.606929
v 3.750000 20.000000 -643.606929
v 3.958333 20.000000 -643.606929
v 4.166667 20.000000 -643.606929
v 4.375000 20.000000 -643.606929
v 4.583333 20.000000 -643.606929
v 4.791667 20.000000 -643.606929
v 5.000000 20.000000 -643.606929
v -5.000000 20.000000 -634.909538
v -4.791667 20.000000 -634.909538
v -4.583333 20.000000 -634.909538
v -4.375000 20.000000 -634.909538
v -4.166667 20.000000 -634.909538
v -3.958333 20.000000 -634.909538
v -3.750000 20.000000 -634.909538
v -3.541667 20.000000 -634.909538
v -3.333333 20.000000 -634.909538
v -3.125000 20.000000 -634.909538
v -2.916667 20.000000 -634.909538
v -2.708333 20.000000 -634.909538
v -2.500000 20.000000 -634.909538
v -2.291667 20.000000 -634.909538
v -2.083333 20.000000 -634.909538
v -1.875000 20.000000 -634.909538
v -1.666667 20.000000 -634.909538
v -1.458333 20.000000 -634.909538
v -1.250000 20.000000 -634.909538
v -1.041667 20.000000 -634.909538
v -0.833333 20.000000 -634.909538
v -0.625000 20.000000 -634.909538
v -0.416667 20.000000 -634.909538
v -0.208333 20.000000 -634.909538
v 0.000000 20.000000 -634.909538
v 0.208333 20.000000 -634.909538
v 0.416667 20.000000 -634.909538
v 0.625000 20.000000 -634.909538
v 0.833333 20.000000 -634.909538
v 1.041667 20.000000 -634.909538
v 1.250000 20.000000 -634.909538
v 1.458333 20.000000 -634.909538
v 1.666667 20.000000 -634.909538
v 1.875000 20.000000 -634.909538
v 2.083333 20.000000 -634.909538
v 2.291667 20.000000 -634.909538
v 2.500000 20.000000 -634.909538
v 2.708333 20.000000 -634.909538
v 2.916667 20.000000 -634.909538
v 3.125000 20.000000 -634.909538
v 3.333333 20.000000 -634.909538
v 3.541667 20.000000 -634.909538
v 3.750000 20.000000 -634.909538
v 3.958333 20.000000 -634.909538
v 4.166667 20.000000 -634.909538
v 4.375000 20.000000 -634.909538
v 4.583333 20.000000 -634.909538
v 4.791667 20.000000 -634.909538
v 5.000000 20.000000 -634.909538
v -5.000000 20.000000 -626.212148
v -4.791667 20.000000 -626.212148
v -4.583333 20.000000 -626.212148
v -4.375000 20.000000 -626.212148
v -4.166667 20.000000 -626.212148
v -3.958333 20.000000 -626.212148
v -3.750000 20.000000 -626.212148
v -3.541667 20.000000 -626.212148
v -3.333333 20.000000 -626.212148
v -3.125000 20.000000 -626.212148
v -2.916667 20.000000 -626.212148
v -2.708333 20.000000 -626.212148
v -2.500000 20.000000 -626.212148
v -2.291667 20.000000 -626.212148
v -2.083333 20.000000 -626.212148
v -1.875000 20.000000 -626.212148
v -1.666667 20.000000 -626.212148
v -1.458333 20.000000 -626.212148
v -1.250000 20.000000 -626.212148
v -1.041667 20.000000 -626.212148
v -0.833333 20.000000 -626.212148
v -0.625000 20.000000 -626.212148
v -0.416667 20.000000 -626.212148
v -0.208333 20.000000 -626.212148
v 0.000000 20.000000 -626.212148
v 0.208333 20.000000 -626.212148
v 0.416667 20.000000 -626.212148
v 0.625000 20.000000 -626.212148
v 0.833333 20.000000 -626.212148
v 1.041667 20.000000 -626.212148
v 1.250000 20.000000 -626.212148
v 1.458333 20.000000 -626.212148
v 1.666667 20.000000 -626.212148
v 1.875000 20.000000 -626.212148
v 2.083333 20.000000 -626.212148
v 2.291667 20.000000 -626.212148
v 2.500000 20.000000 -626.212148
v 2.708333 20.000000 -626.212148
v 2.916667 20.000000 -626.212148
v 3.125000 20.000000 -626.212148
v 3.333333 20.000000 -626.212148
v 3.541667 20.000000 -626.212148
v 3.750000 20.000000 -626.212148
v 3.958333 20.000000 -626.212148
v 4.166667 20.000000 -626.212148
v 4.375000 20.000000 -626.212148
v 4.583333 20.000000 -626.212148
v 4.791667 20.000000 -626.212148
v 5.000000 20.000000 -626.212148
v -5.000000 20.000000 -617.514757
v -4.791667 20.000000 -617.514757
v -4.583333 20.000000 -617.514757
v -4.375000 20.000000 -617.514757
v -4.166667 20.000000 -617.514757
v -3.958333 20.000000 -617.514757
v -3.750000 20.000000 -617.514757
v -3.541667 20.000000 -617.514757
v -3.333333 20.000000 -617.514757
v -3.125000 20.000000 -617.514757
v -2.916667 20.000000 -617.514757
v -2.708333 20.000000 -617.514757
v -2.500000 20.000000 -617.514757
v -2.291667 20.000000 -617.514757
v -2.083333 20.000000 -617.514757
v -1.875000 20.000000 -617.514757
v -1.666667 20.000000 -617.514757
v -1.458333 20.000000 -617.514757
v -1.250000 20.000000 -617.514757
v -1.041667 20.000000 -617.514757
v -0.833333 20.000000 -617.514757
v -0.625000 20.000000 -617.514757
v -0.416667 20.000000 -617.514757
v -0.208333 20.000000 -617.514757
v 0.000000 20.000000 -617.514757
v 0.208333 20.000000 -617.514757
v 0.416667 20.000000 -617.514757
v 0.625000 20.000000 -617.514757
v 0.833333 20.000000 -617.514757
v 1.041667 20.000000 -617.514757
v 1.250000 20.000000 -617.514757
v 1.458333 20.000000 -617.514757
v 1.666667 20.000000 -617.514757
v 1.875000 20.000000 -617.514757
v 2.083333 20.000000 -617.514757
v 2.291667 20.000000 -617.514757
v 2.500000 20.000000 -617.514757
v 2.708333 20.000000 -617.514757
v 2.916667 20.000000 -617.514757
v 3.125000 20.000000 -617.514757
v 3.333333 20.000000 -617.514757
v 3.541667 20.000000 -617.514757
v 3.750000 20.000000 -617.514757
v 3.958333 20.000000 -617.514757
v 4.166667 20.000000 -617.514757
v 4.375000 20.000000 -617.514757
v 4.583333 20.000000 -617.514757
v 4.791667 20.000000 -617.514757
v 5.000000 20.000000 -617.514757
v -5.000000 20.000000 -608.817366
v -4.791667 20.000000 -608.817366
v -4.583333 20.000000 -608.817366
v -4.375000 20.000000 -608.817366
v -4.166667 20.000000 -608.817366
v -3.958333 20.000000 -608.817366
v -3.750000 20.000000 -608.817366
v -3.541667 20.000000 -608.817366
v -3.333333 20.000000 -608.817366
v -3.125000 20.000000 -608.817366
v -2.916667 20.000000 -608.817366
v -2.708333 20.000000 -608.817366
v -2.500000 20.000000 -608.817366
v -2.291667 20.000000 -608.817366
v -2.083333 20.000000 -608.817366
v -1.875000 20.000000 -608.817366
v -1.666667 20.000000 -608.817366
v -1.458333 20.000000 -608.817366
v -1.250000 20.000000 -608.817366
v -1.041667 20.000000 -608.817366
v -0.833333 20.000000 -608.817366
v -0.625000 20.000000 -608.817366
v -0.416667 20.000000 -608.817366
v -0.208333 20.000000 -608.817366
v 0.000000 20.000000 -608.817366
v 0.208333 20.000000 -608.817366
v 0.416667 20.000000 -608.817366
v 0.625000 20.000000 -608.817366
v 0.833333 20.000000 -608.817366
v 1.041667 20.000000 -608.817366
v 1.250000 20.000000 -608.817366
v 1.458333 20.000000 -608.817366
v 1.666667 20.000000 -608.817366
v 1.875000 20.000000 -608.817366
v 2.083333 20.000000 -608.817366
v 2.291667 20.000000 -608.817366
v 2.500000 20.000000 -608.817366
v 2.708333 20.000000 -608.817366
v 2.916667 20.000000 -608.817366
v 3.125000 20.000000 -608.817366
v 3.333333 20.000000 -608.817366
v 3.541667 20.000000 -608.817366
v 3.750000 20.000000 -608.817366
v 3.958333 20.000000 -608.817366
v 4.166667 20.000000 -608.817366
v 4.375000 20.000000 -608.817366
v 4.583333 20.000000 -608.817366
v 4.791667 20.000000 -608.817366
v 5.000000 20.000000 -608.817366
v -5.000000 20.000000 -600.119975
v -4.791667 20.000000 -600.119975
v -4.583333 20.000000 -600.119975
v -4.375000 20.000000 -600.119975
v -4.166667 20.000000 -600.119975
v -3.958333 20.000000 -600.119975
v -3.750000 20.000000 -600.119975
v -3.541667 20.000000 -600.119975
v -3.333333 20.000000 -600.119975
v -3.125000 20.000000 -600.119975
v -2.916667 20.000000 -600.119975
v -2.708333 20.000000 -600.119975
v -2.500000 20.000000 -600.119975
v -2.291667 20.000000 -600.119975
v -2.083333 20.000000 -600.119975
v -1.875000 20.000000 -600.119975
v -1.666667 20.000000 -600.119975
v -1.458333 20.000000 -600.119975
v -1.250000 20.000000 -600.119975
v -1.041667 20.000000 -600.119975
v -0.833333 20.000000 -600.119975
v -0.625000 20.000000 -600.119975
v -0.416667 20.000000 -600.119975
v -0.208333 20.000000 -600.119975
v 0.000000 20.000000 -600.119975
v 0.208333 20.000000 -600.119975
v 0.416667 20.000000 -600.119975
v 0.625000 20.000000 -600.119975
v 0.833333 20.000000 -600.119975
v 1.041667 20.000000 -600.119975
v 1.250000 20.000000 -600.119975
v 1.458333 20.000000 -600.119975
v 1.666667 20.000000 -600.119975
v 1.875000 20.000000 -600.119975
v 2.083333 20.000000 -600.119975
v 2.291667 20.000000 -600.119975
v 2.500000 20.000000 -600.119975
v 2.708333 20.000000 -600.119975
v 2.916667 20.000000 -600.119975
v 3.125000 20.000000 -600.119975
v 3.333333 20.000000 -600.119975
v 3.541667 20.000000 -600.119975
v 3.750000 20.000000 -600.119975
v 3.958333 20.000000 -600.119975
v 4.166667 20.000000 -600.119975
v 4.375000 20.000000 -600.119975
v 4.583333 20.000000 -600.119975
v 4.791667 20.000000 -600.119975
v 5.000000 20.000000 -600.119975
v -5.000000 20.000000 -591.422584
v -4.791667 20.000000 -591.422584
v -4.583333 20.000000 -591.422584
v -4.375000 20.000000 -591.422584
v -4.166667 20.000000 -591.422584
v -3.958333 20.000000 -591.422584
v -3.750000 20.000000 -591.422584
v -3.541667 20.000000 -591.422584
v -3.333333 20.000000 -591.422584
v -3.125000 20.000000 -591.422584
v -2.916667 20.000000 -591.422584
v -2.708333 20.000000 -591.422584
v -2.500000 20.000000 -591.422584
v -2.291667 20.000000 -591.422584
v -2.083333 20.000000 -591.422584
v -1.875000 20.000000 -591.422584
v -1.666667 20.000000 -591.422584
v -1.458333 20.000000 -591.422584
v -1.250000 20.000000 -591.422584
v -1.041667 20.000000 -591.422584
v -0.833333 20.000000 -591.422584
v -0.625000 20.000000 -591.422584
v -0.416667 20.000000 -591.422584
v -0.208333 20.000000 -591.422584
v 0.000000 20.000000 -591.422584
v 0.208333 20.000000 -591.422584
v 0.416667 20.000000 -591.422584
v 0.625000 20.000000 -591.422584
v 0.833333 20.000000 -591.422584
v 1.041667 20.000000 -591.422584
v 1.250000 20.000000 -591.422584
v 1.458333 20.000000 -591.422584
v 1.666667 20.000000 -591.422584
v 1.875000 20.000000 -591.422584
v 2.083333 20.000000 -591.422584
v 2.291667 20.000000 -591.422584
v 2.500000 20.000000 -591.422584
v 2.708333 20.000000 -591.422584
v 2.916667 20.000000 -591.422584
v 3.125000 20.000000 -591.422584
v 3.333333 20.000000 -591.422584
v 3.541667 20.000000 -591.422584
v 3.750000 20.000000 -591.422584
v 3.958333 20.000000 -591.422584
v 4.166667 20.000000 -591.422584
v 4.375000 20.000000 -591.422584
v 4.583333 20.000000 -591.422584
v 4.791667 20.000000 -591.422584
v 5.000000 20.000000 -591.422584
v -5.000000 20.000000 -582.725193
v -4.791667 20.000000 -582.725193
v -4.583333 20.000000 -582.725193
v -4.375000 20.000000 -582.725193
v -4.166667 20.000000 -582.725193
v -3.958333 20.000000 -582.725193
v -3.750000 20.000000 -582.725193
v -3.541667 20.000000 -582.725193
v -3.333333 20.000000 -582.725193
v -3.125000 20.000000 -582.725193
v -2.916667 20.000000 -582.725193
v -2.708333 20.000000 -582.725193
v -2.500000 20.000000 -582.725193
v -2.291667 20.000000 -582.725193
v -2.083333 20.000000 -582.725193
v -1.875000 20.000000 -582.725193
v -1.666667 20.000000 -582.725193
v -1.458333 20.000000 -582.725193
v -1.250000 20.000000 -582.725193
v -1.041667 20.000000 -582.725193
v -0.833333 20.000000 -582.725193
v -0.625000 20.000000 -582.725193
v -0.416667 20.000000 -582.725193
v -0.208333 20.000000 -582.725193
v 0.000000 20.000000 -582.725193
v 0.208333 20.000000 -582.725193
v 0.416667 20.000000 -582.725193
v 0.625000 20.000000 -582.725193
v 0.833333 20.000000 -582.725193
v 1.041667 20.000000 -582.725193
v 1.250000 20.000000 -582.725193
v 1.458333 20.000000 -582.725193
v 1.666667 20.000000 -582.725193
v 1.875000 20.000000 -582.725193
v 2.083333 20.000000 -582.725193
v 2.291667 20.000000 -582.725193
v 2.500000 20.000000 -582.725193
v 2.708333 20.000000 -582.725193
v 2.916667 20.000000 -582.725193
v 3.125000 20.000000 -582.725193
v 3.333333 20.000000 -582.725193
v 3.541667 20.000000 -582.725193
v 3.750000 20.000000 -582.725193
v 3.958333 20.000000 -582.725193
v 4.166667 20.000000 -582.725193
v 4.375000 20.000000 -582.725193
v 4.583333 20.000000 -582.725193
v 4.791667 20.000000 -582.725193
v 5.000000 20.000000 -582.725193
v -5.000000 20.000000 -574.027802
v -4.791667 20.000000 -574.027802
v -4.583333 20.000000 -574.027802
v -4.375000 20.000000 -574.027802
v -4.166667 20.000000 -574.027802
v -3.958333 20.000000 -574.027802
v -3.750000 20.000000 -574.027802
v -3.541667 20.000000 -574.027802
v -3.333333 20.000000 -574.027802
v -3.125000 20.000000 -574.027802
v -2.916667 20.000000 -574.027802
v -2.708333 20.000000 -574.027802
v -2.500000 20.000000 -574.027802
v -2.291667 20.000000 -574.027802
v -2.083333 20.000000 -574.027802
v -1.875000 20.000000 -574.027802
v -1.666667 20.000000 -574.027802
v -1.458333 20.000000 -574.027802
v -1.250000 20.000000 -574.027802
v -1.041667 20.000000 -574.027802
v -0.833333 20.000000 -574.027802
v -0.625000 20.000000 -574.027802
v -0.416667 20.000000 -574.027802
v -0.208333 20.000000 -574.027802
v 0.000000 20.000000 -574.027802
v 0.208333 20.000000 -574.027802
v 0.416667 20.000000 -574.027802
v 0.625000 20.000000 -574.027802
v 0.833333 20.000000 -574.027802
v 1.041667 20.000000 -574.027802
v 1.250000 20.000000 -574.027802
v 1.458333 20.000000 -574.027802
v 1.666667 20.000000 -574.027802
v 1.875000 20.000000 -574.027802
v 2.083333 20.000000 -574.027802
v 2.291667 20.000000 -574.027802
v 2.500000 20.000000 -574.027802
v 2.708333 20.000000 -574.027802
v 2.916667 20.000000 -574.027802
v 3.125000 20.000000 -574.027802
v 3.333333 20.000000 -574.027802
v 3.541667 20.000000 -574.027802
v 3.750000 20.000000 -574.027802
v 3.958333 20.000000 -574.027802
v 4.166667 20.000000 -574.027802
v 4.375000 20.000000 -574.027802
v 4.583333 20.000000 -574.027802
v 4.791667 20.000000 -574.027802
v 5.000000 20.000000 -574.027802
v -5.000000 20.000000 -565.330411
v -4.791667 20.000000 -565.330411
v -4.583333 20.000000 -565.330411
v -4.375000 20.000000 -565.330411
v -4.166667 20.000000 -565.330411
v -3.958333 20.000000 -565.330411
v -3.750000 20.000000 -565.330411
v -3.541667 20.000000 -565.330411
v -3.333333 20.000000 -565.330411
v -3.125000 20.000000 -565.330411
v -2.916667 20.000000 -565.330411
v -2.708333 20.000000 -565.330411
v -2.500000 20.000000 -565.330411
v -2.291667 20.000000 -565.330411
v -2.083333 20.000000 -565.330411
v -1.875000 20.000000 -565.330411
v -1.666667 20.000000 -565.330411
v -1.458333 20.000000 -565.330411
v -1.250000 20.000000 -565.330411
v -1.041667 20.000000 -565.330411
v -0.833333 20.000000 -565.330411
v -0.625000 20.000000 -565.330411
v -0.416667 20.000000 -565.330411
v -0.208333 20.000000 -565.330411
v 0.000000 20.000000 -565.330411
v 0.208333 20.000000 -565.330411
v 0.416667 20.000000 -565.330411
v 0.625000 20.000000 -565.330411
v 0.833333 20.000000 -565.330411
v 1.041667 20.000000 -565.330411
v 1.250000 20.000000 -565.330411
v 1.458333 20.000000 -565.330411
v 1.666667 20.000000 -565.330411
v 1.875000 20.000000 -565.330411
v 2.083333 20.000000 -565.330411
v 2.291667 20.000000 -565.330411
v 2.500000 20.000000 -565.330411
v 2.708333 20.000000 -565.330411
v 2.916667 20.000000 -565.330411
v 3.125000 20.000000 -565.330411
v 3.333333 20.000000 -565.330411
v 3.541667 20.000000 -565.330411
v 3.750000 20.000000 -565.330411
v 3.958333 20.000000 -565.330411
v 4.166667 20.000000 -565.330411
v 4.375000 20.000000 -565.330411
v 4.583333 20.000000 -565.330411
v 4.791667 20.000000 -565.330411
v 5.000000 20.000000 -565.330411
v -5.000000 20.000000 -556.633020
v -4.791667 20.000000 -556.633020
v -4.583333 20.000000 -556.633020
v -4.375000 20.000000 -556.633020
v -4.166667 20.000000 -556.633020
v -3.958333 20.000000 -556.633020
v -3.750000 20.000000 -556.633020
v -3.541667 20.000000 -556.633020
v -3.333333 20.000000 -556.633020
v -3.125000 20.000000 -556.633020
v -2.916667 20.000000 -556.633020
v -2.708333 20.000000 -556.633020
v -2.500000 20.000000 -556.633020
v -2.291667 20.000000 -556.633020
v -2.083333 20.000000 -556.633020
v -1.875000 20.000000 -556.633020
v -1.666667 20.000000 -556.633020
v -1.458333 20.000000 -556.633020
v -1.250000 20.000000 -556.633020
v -1.041667 20.000000 -556.633020
v -0.833333 20.000000 -556.633020
v -0.625000 20.000000 -556.633020
v -0.416667 20.000000 -556.633020
v -0.208333 20.000000 -556.633020
v 0.000000 20.000000 -556.633020
v 0.208333 20.000000 -556.633020
v 0.416667 20.000000 -556.633020
v 0.625000 20.000000 -556.633020
v 0.833333 20.000000 -556.633020
v 1.041667 20.000000 -556.633020
v 1.250000 20.000000 -556.633020
v 1.458333 20.000000 -556.633020
v 1.666667 20.000000 -556.633020
v 1.875000 20.000000 -556.633020
v 2.083333 20.000000 -556.633020
v 2.291667 20.000000 -556.633020
v 2.500000 20.000000 -556.633020
v 2.708333 20.000000 -556.633020
v 2.916667 20.000000 -556.633020
v 3.125000 20.000000 -556.633020
v 3.333333 20.000000 -556.633020
v 3.541667 20.000000 -556.633020
v 3.750000 20.000000 -556.633020
v 3.958333 20.000000 -556.633020
v 4.166667 20.000000 -556.633020
v 4.375000 20.000000 -556.633020
v 4.583333 20.000000 -556.633020
v 4.791667 20.000000 -556.633020
v 5.000000 20.000000 -556.633020
v -5.000000 20.000000 -547.935629
v -4.791667 20.000000 -547.935629
v -4.583333 20.000000 -547.935629
v -4.375000 20.000000 -547.935629
v -4.166667 20.000000 -547.935629
v -3.958333 20.000000 -547.935629
v -3.750000 20.000000 -547.935629
v -3.541667 20.000000 -547.935629
v -3.333333 20.000000 -547.935629
v -3.125000 20.000000 -547.935629
v -2.916667 20.000000 -547.935629
v -2.708333 20.000000 -547.935629
v -2.500000 20.000000 -547.935629
v -2.291667 20.000000 -547.935629
v -2.083333 20.000000 -547.935629
v -1.875000 20.000000 -547.935629
v -1.666667 20.000000 -547.935629
v -1.458333 20.000000 -547.935629
v -1.250000 20.000000 -547.935629
v -1.041667 20.000000 -547.935629
v -0.833333 20.000000 -547.935629
v -0.625000 20.000000 -547.935629
v -0.416667 20.000000 -547.935629
v -0.208333 20.000000 -547.935629
v 0.000000 20.000000 -547.935629
v 0.208333 20.000000 -547.935629
v 0.416667 20.000000 -547.935629
v 0.625000 20.000000 -547.935629
v 0.833333 20.000000 -547.935629
v 1.041667 20.000000 -547.935629
v 1.250000 20.000000 -547.935629
v 1.458333 20.000000 -547.935629
v 1.666667 20.000000 -547.935629
v 1.875000 20.000000 -547.935629
v 2.083333 20.000000 -547.935629
v 2.291667 20.000000 -547.935629
v 2.500000 20.000000 -547.935629
v 2.708333 20.000000 -547.935629
v 2.916667 20.000000 -547.935629
v 3.125000 20.000000 -547.935629
v 3.333333 20.000000 -547.935629
v 3.541667 20.000000 -547.935629
v 3.750000 20.000000 -547.935629
v 3.958333 20.000000 -547.935629
v 4.166667 20.000000 -547.935629
v 4.375000 20.000000 -547.935629
v 4.583333 20.000000 -547.935629
v 4.791667 20.000000 -547.935629
v 5.000000 20.000000 -547.935629
v -5.000000 20.000000 -539.238238
v -4.791667 20.000000 -539.238238
v -4.583333 20.000000 -539.238238
v -4.375000 20.000000 -539.238238
v -4.166667 20.000000 -539.238238
v -3.958333 20.000000 -539.238238
v -3.750000 20.000000 -539.238238
v -3.541667 20.000000 -539.238238
v -3.333333 20.000000 -539.238238
v -3.125000 20.000000 -539.238238
v -2.916667 20.000000 -539.238238
v -2.708333 20.000000 -539.238238
v -2.500000 20.000000 -539.238238
v -2.291667 20.000000 -539.238238
v -2.083333 20.000000 -539.238238
v -1.875000 20.000000 -539.238238
v -1.666667 20.000000 -539.238238
v -1.458333 20.000000 -539.238238
v -1.250000 20.000000 -539.238238
v -1.041667 20.000000 -539.238238
v -0.833333 20.000000 -539.238238
v -0.625000 20.000000 -539.238238
v -0.416667 20.000000 -539.238238
v -0.208333 20.000000 -539.238238
v 0.000000 20.000000 -539.238238
v 0.208333 20.000000 -539.238238
v 0.416667 20.000000 -539.238238
v 0.625000 20.000000 -539.238238
v 0.833333 20.000000 -539.238238
v 1.041667 20.000000 -539.238238
v 1.250000 20.000000 -539.238238
v 1.458333 20.000000 -539.238238
v 1.666667 20.000000 -539.238238
v 1.875000 20.000000 -539.238238
v 2.083333 20.000000 -539.238238
v 2.291667 20.000000 -539.238238
v 2.500000 20.000000 -539.238238
v 2.708333 20.000000 -539.238238
v 2.916667 20.000000 -539.238238
v 3.125000 20.000000 -539.238238
v 3.333333 20.000000 -539.238238
v 3.541667 20.000000 -539.238238
v 3.750000 20.000000 -539.238238
v 3.958333 20.000000 -539.238238
v 4.166667 20.000000 -539.238238
v 4.375000 20.000000 -539.238238
v 4.583333 20.000000 -539.238238
v 4.791667 20.000000 -539.238238
v 5.000000 20.000000 -539.238238
v -5.000000 20.000000 -530.540847
v -4.791667 20.000000 -530.540847
v -4.583333 20.000000 -530.540847
v -4.375000 20.000000 -530.540847
v -4.166667 20.000000 -530.540847
v -3.958333 20.000000 -530.540847
v -3.750000 20.000000 -530.540847
v -3.541667 20.000000 -530.540847
v -3.333333 20.000000 -530.540847
v -3.125000 20.000000 -530.540847
v -2.916667 20.000000 -530.540847
v -2.708333 20.000000 -530.540847
v -2.500000 20.000000 -530.540847
v -2.291667 20.000000 -530.540847
v -2.083333 20.000000 -530.540847
v -1.875000 20.000000 -530.540847
v -1.666667 20.000000 -530.540847
v -1.458333 20.000000 -530.540847
v -1.250000 20.000000 -530.540847
v -1.041667 20.000000 -530.540847
v -0.833333 20.000000 -530.540847
v -0.625000 20.000000 -530.540847
v -0.416667 20.000000 -530.540847
v -0.208333 20.000000 -530.540847
v 0.000000 20.000000 -530.540847
v 0.208333 20.000000 -530.540847
v 0.416667 20.000000 -530.540847
v 0.625000 20.000000 -530.540847
v 0.833333 20.000000 -530.540847
v 1.041667 20.000000 -530.540847
v 1.250000 20.000000 -530.540847
v 1.458333 20.000000 -530.540847
v 1.666667 20.000000 -530.540847
v 1.875000 20.000000 -530.540847
v 2.083333 20.000000 -530.540847
v 2.291667 20.000000 -530.540847
v 2.500000 20.000000 -530.540847
v 2.708333 20.000000 -530.540847
v 2.916667 20.000000 -530.540847
v 3.125000 20.000000 -530.540847
v 3.333333 20.000000 -530.540847
v 3.541667 20.000000 -530.540847
v 3.750000 20.000000 -530.540847
v 3.958333 20.000000 -530.540847
v 4.166667 20.000000 -530.540847
v 4.375000 20.000000 -530.540847
v 4.583333 20.000000 -530.540847
v 4.791667 20.000000 -530.540847
v 5.000000 20.000000 -530.540847
v -5.000000 20.000000 -521.843456
v -4.791667 20.000000 -521.843456
v -4.583333 20.000000 -521.843456
v -4.375000 20.000000 -521.843456
v -4.166667 20.000000 -521.843456
v -3.958333 20.000000 -521.843456
v -3.750000 20.000000 -521.843456
v -3.541667 20.000000 -521.843456
v -3.333333 20.000000 -521.843456
v -3.125000 20.000000 -521.843456
v -2.916667 20.000000 -521.843456
v -2.708333 20.000000 -521.843456
v -2.500000 20.000000 -521.843456
v -2.291667 20.000000 -521.843456
v -2.083333 20.000000 -521.843456
v -1.875000 20.000000 -521.843456
v -1.666667 20.000000 -521.843456
v -1.458333 20.000000 -521.843456
v -1.250000 20.000000 -521.843456
v -1.041667 20.000000 -521.843456
v -0.833333 20.000000 -521.843456
v -0.625000 20.000000 -521.843456
v -0.416667 20.000000 -521.843456
v -0.208333 20.000000 -521.843456
v 0.000000 20.000000 -521.843456
v 0.208333 20.000000 -521.843456
v 0.416667 20.000000 -521.843456
v 0.625000 20.000000 -521.843456
v 0.833333 20.000000 -521.843456
v 1.041667 20.000000 -521.843456
v 1.250000 20.000000 -521.843456
v 1.458333 20.000000 -521.843456
v 1.666667 20.000000 -521.843456
v 1.875000 20.000000 -521.843456
v 2.083333 20.000000 -521.843456
v 2.291667 20.000000 -521.843456
v 2.500000 20.000000 -521.843456
v 2.708333 20.000000 -521.843456
v 2.916667 20.000000 -521.843456
v 3.125000 20.000000 -521.843456
v 3.333333 20.000000 -521.843456
v 3.541667 20.000000 -521.843456
v 3.750000 20.000000 -521.843456
v 3.958333 20.000000 -521.843456
v 4.166667 20.000000 -521.843456
v 4.375000 20.000000 -521.843456
v 4.583333 20.000000 -521.843456
v 4.791667 20.000000 -521.843456
v 5.000000 20.000000 -521.843456
v -5.000000 20.000000 -513.146065
v -4.791667 20.000000 -513.146065
v -4.583333 20.000000 -513.146065
v -4.375000 20.000000 -513.146065
v -4.166667 20.000000 -513.146065
v -3.958333 20.000000 -513.146065
v -3.750000 20.000000 -513.146065
v -3.541667 20.000000 -513.146065
v -3.333333 20.000000 -513.146065
v -3.125000 20.000000 -513.146065
v -2.916667 20.000000 -513.146065
v -2.708333 20.000000 -513.146065
v -2.500000 20.000000 -513.146065
v -2.291667 20.000000 -513.146065
v -2.083333 20.000000 -513.146065
v -1.875000 20.000000 -513.146065
v -1.666667 20.000000 -513.146065
v -1.458333 20.000000 -513.146065
v -1.250000 20.000000 -513.146065
v -1.041667 20.000000 -513.146065
v -0.833333 20.000000 -513.146065
v -0.625000 20.000000 -513.146065
v -0.416667 20.000000 -513.146065
v -0.208333 20.000000 -513.146065
v 0.000000 20.000000 -513.146065
v 0.208333 20.000000 -513.146065
v 0.416667 20.000000 -513.146065
v 0.625000 20.000000 -513.146065
v 0.833333 20.000000 -513.146065
v 1.041667 20.000000 -513.146065
v 1.250000 20.000000 -513.146065
v 1.458333 20.000000 -513.146065
v 1.666667 20.000000 -513.146065
v 1.875000 20.000000 -513.146065
v 2.083333 20.000000 -513.146065
v 2.291667 20.000000 -513.146065
v 2.500000 20.000000 -513.146065
v 2.708333 20.000000 -513.146065
v 2.916667 20.000000 -513.146065
v 3.125000 20.000000 -513.146065
v 3.333333 20.000000 -513.146065
v 3.541667 20.000000 -513.146065
v 3.750000 20.000000 -513.146065
v 3.958333 20.000000 -513.146065
v 4.166667 20.000000 -513.146065
v 4.375000 20.000000 -513.146065
v 4.583333 20.000000 -513.146065
v 4.791667 20.000000 -513.146065
v 5.000000 20.000000 -513.146065
v -5.000000 20.000000 -504.448674
v -4.791667 20.000000 -504.448674
v -4.583333 20.000000 -504.448674
v -4.375000 20.000000 -504.448674
v -4.166667 20.000000 -504.448674
v -3.958333 20.000000 -504.448674
v -3.750000 20.000000 -504.448674
v -3.541667 20.000000 -504.448674
v -3.333333 20.000000 -504.448674
v -3.125000 20.000000 -504.448674
v -2.916667 20.000000 -504.448674
v -2.708333 20.000000 -504.448674
v -2.500000 20.000000 -504.448674
v -2.291667 20.000000 -504.448674
v -2.083333 20.000000 -504.448674
v -1.875000 20.000000 -504.448674
v -1.666667 20.000000 -504.448674
v -1.458333 20.000000 -504.448674
v -1.250000 20.000000 -504.448674
v -1.041667 20.000000 -504.448674
v -0.833333 20.000000 -504.448674
v -0.625000 20.000000 -504.448674
v -0.416667 20.000000 -504.448674
v -0.208333 20.000000 -504.448674
v 0.000000 20.000000 -504.448674
v 0.208333 20.000000 -504.448674
v 0.416667 20.000000 -504.448674
v 0.625000 20.000000 -504.448674
v 0.833333 20.000000 -504.448674
v 1.041667 20.000000 -504.448674
v 1.250000 20.000000 -504.448674
v 1.458333 20.000000 -504.448674
v 1.666667 20.000000 -504.448674
v 1.875000 20.000000 -504.448674
v 2.083333 20.000000 -504.448674
v 2.291667 20.000000 -504.448674
v 2.500000 20.000000 -504.448674
v 2.708333 20.000000 -504.448674
v 2.916667 20.000000 -504.448674
v 3.125000 20.000000 -504.448674
v 3.333333 20.000000 -504.448674
v 3.541667 20.000000 -504.448674
v 3.750000 20.000000 -504.448674
v 3.958333 20.000000 -504.448674
v 4.166667 20.000000 -504.448674
v 4.375000 20.000000 -504.448674
v 4.583333 20.000000 -504.448674
v 4.791667 20.000000 -504.448674
v 5.000000 20.000000 -504.448674
v -5.000000 20.000000 -495.751283
v -4.791667 20.000000 -495.751283
v -4.583333 20.000000 -495.751283
v -4.375000 20.000000 -495.751283
v -4.166667 20.000000 -495.751283
v -3.958333 20.000000 -495.751283
v -3.750000 20.000000 -495.751283
v -3.541667 20.000000 -495.751283
v -3.333333 20.000000 -495.751283
v -3.125000 20.000000 -495.751283
v -2.916667 20.000000 -495.751283
v -2.708333 20.000000 -495.751283
v -2.500000 20.000000 -495.751283
v -2.291667 20.000000 -495.751283
v -2.083333 20.000000 -495.751283
v -1.875000 20.000000 -495.751283
v -1.666667 20.000000 -495.751283
v -1.458333 20.000000 -495.751283
v -1.250000 20.000000 -495.751283
v -1.041667 20.000000 -495.751283
v -0.833333 20.000000 -495.751283
v -0.625000 20.000000 -495.751283
v -0.416667 20.000000 -495.751283
v -0.208333 20.000000 -495.751283
v 0.000000 20.000000 -495.751283
v 0.208333 20.000000 -495.751283
v 0.416667 20.000000 -495.751283
v 0.625000 20.000000 -495.751283
v 0.833333 20.000000 -495.751283
v 1.041667 20.000000 -495.751283
v 1.250000 20.000000 -495.751283
v 1.458333 20.000000 -495.751283
v 1.666667 20.000000 -495.751283
v 1.875000 20.000000 -495.751283
v 2.083333 20.000000 -495.751283
v 2.291667 20.000000 -495.751283
v 2.500000 20.000000 -495.751283
v 2.708333 20.000000 -495.751283
v 2.916667 20.000000 -495.751283
v 3.125000 20.000000 -495.751283
v 3.333333 20.000000 -495.751283
v 3.541667 20.000000 -495.751283
v 3.750000 20.000000 -495.751283
v 3.958333 20.000000 -495.751283
v 4.166667 20.000000 -495.751283
v 4.375000 20.000000 -495.751283
v 4.583333 20.000000 -495.751283
v 4.791667 20.000000 -495.751283
v 5.000000 20.000000 -495.751283
v -5.000000 20.000000 -487.053893
v -4.791667 20.000000 -487.053893
v -4.583333 20.000000 -487.053893
v -4.375000 20.000000 -487.053893
v -4.166667 20.000000 -487.053893
v -3.958333 20.000000 -487.053893
v -3.750000 20.000000 -487.053893
v -3.541667 20.000000 -487.053893
v -3.333333 20.000000 -487.053893
v -3.125000 20.000000 -487.053893
v -2.916667 20.000000 -487.053893
v -2.708333 20.000000 -487.053893
v -2.500000 20.000000 -487.053893
v -2.291667 20.000000 -487.053893
v -2.083333 20.000000 -487.053893
v -1.875000 20.000000 -487.053893
v -1.666667 20.000000 -487.053893
v -1.458333 20.000000 -487.053893
v -1.250000 20.000000 -487.053893
v -1.041667 20.000000 -487.053893
v -0.833333 20.000000 -487.053893
v -0.625000 20.000000 -487.053893
v -0.416667 20.000000 -487.053893
v -0.208333 20.000000 -487.053893
v 0.000000 20.000000 -487.053893
v 0.208333 20.000000 -487.053893
v 0.416667 20.000000 -487.053893
v 0.625000 20.000000 -487.053893
v 0.833333 20.000000 -487.053893
v 1.041667 20.000000 -487.053893
v 1.250000 20.000000 -487.053893
v 1.458333 20.000000 -487.053893
v 1.666667 20.000000 -487.053893
v 1.875000 20.000000 -487.053893
v 2.083333 20.000000 -487.053893
v 2.291667 20.000000 -487.053893
v 2.500000 20.000000 -487.053893
v 2.708333 20.000000 -487.053893
v 2.916667 20.000000 -487.053893
v 3.125000 20.000000 -487.053893
v 3.333333 20.000000 -487.053893
v 3.541667 20.000000 -487.053893
v 3.750000 20.000000 -487.053893
v 3.958333 20.000000 -487.053893
v 4.166667 20.000000 -487.053893
v 4.375000 20.000000 -487.053893
v 4.583333 20.000000 -487.053893
v 4.791667 20.000000 -487.053893
v 5.000000 20.000000 -487.053893
v -5.000000 20.000000 -478.356502
v -4.791667 20.000000 -478.356502
v -4.583333 20.000000 -478.356502
v -4.375000 20.000000 -478.356502
v -4.166667 20.000000 -478.356502
v -3.958333 20.000000 -478.356502
v -3.750000 20.000000 -478.356502
v -3.541667 20.000000 -478.356502
v -3.333333 20.000000 -478.356502
v -3.125000 20.000000 -478.356502
v -2.916667 20.000000 -478.356502
v -2.708333 20.000000 -478.356502
v -2.500000 20.000000 -478.356502
v -2.291667 20.000000 -478.356502
v -2.083333 20.000000 -478.356502
v -1.875000 20.000000 -478.356502
v -1.666667 20.000000 -478.356502
v -1.458333 20.000000 -478.356502
v -1.250000 20.000000 -478.356502
v -1.041667 20.000000 -478.356502
v -0.833333 20.000000 -478.356502
v -0.625000 20.000000 -478.356502
v -0.416667 20.000000 -478.356502
v -0.208333 20.000000 -478.356502
v 0.000000 20.000000 -478.356502
v 0.208333 20.000000 -478.356502
v 0.416667 20.000000 -478.356502
v 0.625000 20.000000 -478.356502
v 0.833333 20.000000 -478.356502
v 1.041667 20.000000 -478.356502
v 1.250000 20.000000 -478.356502
v 1.458333 20.000000 -478.356502
v 1.666667 20.000000 -478.356502
v 1.875000 20.000000 -478.356502
v 2.083333 20.000000 -478.356502
v 2.291667 20.000000 -478.356502
v 2.500000 20.000000 -478.356502
v 2.708333 20.000000 -478.356502
v 2.916667 20.000000 -478.356502
v 3.125000 20.000000 -478.356502
v 3.333333 20.000000 -478.356502
v 3.541667 20.000000 -478.356502
v 3.750000 20.000000 -478.356502
v 3.958333 20.000000 -478.356502
v 4.166667 20.000000 -478.356502
v 4.375000 20.000000 -478.356502
v 4.583333 20.000000 -478.356502
v 4.791667 20.000000 -478.356502
v 5.000000 20.000000 -478.356502
v -5.000000 20.000000 -469.659111
v -4.791667 20.000000 -469.659111
v -4.583333 20.000000 -469.659111
v -4.375000 20.000000 -469.659111
v -4.166667 20.000000 -469.659111
v -3.958333 20.000000 -469.659111
v -3.750000 20.000000 -469.659111
v -3.541667 20.000000 -469.659111
v -3.333333 20.000000 -469.659111
v -3.125000 20.000000 -469.659111
v -2.916667 20.000000 -469.659111
v -2.708333 20.000000 -469.659111
v -2.500000 20.000000 -469.659111
v -2.291667 20.000000 -469.659111
v -2.083333 20.000000 -469.659111
v -1.875000 20.000000 -469.659111
v -1.666667 20.000000 -469.659111
v -1.458333 20.000000 -469.659111
v -1.250000 20.000000 -469.659111
v -1.041667 20.000000 -469.659111
v -0.833333 20.000000 -469.659111
v -0.625000 20.000000 -469.659111
v -0.416667 20.000000 -469.659111
v -0.208333 20.000000 -469.659111
v 0.000000 20.000000 -469.659111
v 0.208333 20.000000 -469.659111
v 0.416667 20.000000 -469.659111
v 0.625000 20.000000 -469.659111
v 0.833333 20.000000 -469.659111
v 1.041667 20.000000 -469.659111
v 1.250000 20.000000 -469.659111
v 1.458333 20.000000 -469.659111
v 1.666667 20.000000 -469.659111
v 1.875000 20.000000 -469.659111
v 2.083333 20.000000 -469.659111
v 2.291667 20.000000 -469.659111
v 2.500000 20.000000 -469.659111
v 2.708333 20.000000 -469.659111
v 2.916667 20.000000 -469.659111
v 3.125000 20.000000 -469.659111
v 3.333333 20.000000 -469.659111
v 3.541667 20.000000 -469.659111
v 3.750000 20.000000 -469.659111
v 3.958333 20.000000 -469.659111
v 4.166667 20.000000 -469.659111
v 4.375000 20.000000 -469.659111
v 4.583333 20.000000 -469.659111
v 4.791667 20.000000 -469.659111
v 5.000000 20.000000 -469.659111
v -5.000000 20.000000 -460.961720
v -4.791667 20.000000 -460.961720
v -4.583333 20.000000 -460.961720
v -4.375000 20.000000 -460.961720
v -4.166667 20.000000 -460.961720
v -3.958333 20.000000 -460.961720
v -3.750000 20.000000 -460.961720
v -3.541667 20.000000 -460.961720
v -3.333333 20.000000 -460.961720
v -3.125000 20.000000 -460.961720
v -2.916667 20.000000 -460.961720
v -2.708333 20.000000 -460.961720
v -2.500000 20.000000 -460.961720
v -2.291667 20.000000 -460.961720
v -2.083333 20.000000 -460.961720
v -1.875000 20.000000 -460.961720
v -1.666667 20.000000 -460.961720
v -1.458333 20.000000 -460.961720
v -1.250000 20.000000 -460.961720
v -1.041667 20.000000 -460.961720
v -0.833333 20.000000 -460.961720
v -0.625000 20.000000 -460.961720
v -0.416667 20.000000 -460.961720
v -0.208333 20.000000 -460.961720
v 0.000000 20.000000 -460.961720
v 0.208333 20.000000 -460.961720
v 0.416667 20.000000 -460.961720
v 0.625000 20.000000 -460.961720
v 0.833333 20.000000 -460.961720
v 1.041667 20.000000 -460.961720
v 1.250000 20.000000 -460.961720
v 1.458333 20.000000 -460.961720
v 1.666667 20.000000 -460.961720
v 1.875000 20.000000 -460.961720
v 2.083333 20.000000 -460.961720
v 2.291667 20.000000 -460.961720
v 2.500000 20.000000 -460.961720
v 2.708333 20.000000 -460.961720
v 2.916667 20.000000 -460.961720
v 3.125000 20.000000 -460.961720
v 3.333333 20.000000 -460.961720
v 3.541667 20.000000 -460.961720
v 3.750000 20.000000 -460.961720
v 3.958333 20.000000 -460.961720
v 4.166667 20.000000 -460.961720
v 4.375000 20.000000 -460.961720
v 4.583333 20.000000 -460.961720
v 4.791667 20.000000 -460.961720
v 5.000000 20.000000 -460.961720
v -5.000000 20.000000 -452.264329
v -4.791667 20.000000 -452.264329
v -4.583333 20.000000 -452.264329
v -4.375000 20.000000 -452.264329
v -4.166667 20.000000 -452.264329
v -3.958333 20.000000 -452.264329
v -3.750000 20.000000 -452.264329
v -3.541667 20.000000 -452.264329
v -3.333333 20.000000 -452.264329
v -3.125000 20.000000 -452.264329
v -2.916667 20.000000 -452.264329
v -2.708333 20.000000 -452.264329
v -2.500000 20.000000 -452.264329
v -2.291667 20.000000 -452.264329
v -2.083333 20.000000 -452.264329
v -1.875000 20.000000 -452.264329
v -1.666667 20.000000 -452.264329
v -1.458333 20.000000 -452.264329
v -1.250000 20.000000 -452.264329
v -1.041667 20.000000 -452.264329
v -0.833333 20.000000 -452.264329
v -0.625000 20.000000 -452.264329
v -0.416667 20.000000 -452.264329
v -0.208333 20.000000 -452.264329
v 0.000000 20.000000 -452.264329
v 0.208333 20.000000 -452.264329
v 0.416667 20.000000 -452.264329
v 0.625000 20.000000 -452.264329
v 0.833333 20.000000 -452.264329
v 1.041667 20.000000 -452.264329
v 1.250000 20.000000 -452.264329
v 1.458333 20.000000 -452.264329
v 1.666667 20.000000 -452.264329
v 1.875000 20.000000 -452.264329
v 2.083333 20.000000 -452.264329
v 2.291667 20.000000 -452.264329
v 2.500000 20.000000 -452.264329
v 2.708333 20.000000 -452.264329
v 2.916667 20.000000 -452.264329
v 3.125000 20.000000 -452.264329
v 3.333333 20.000000 -452.264329
v 3.541667 20.000000 -452.264329
v 3.750000 20.000000 -452.264329
v 3.958333 20.000000 -452.264329
v 4.166667 20.000000 -452.264329
v 4.375000 20.000000 -452.264329
v 4.583333 20.000000 -452.264329
v 4.791667 20.000000 -452.264329
v 5.000000 20.000000 -452.264329
v -5.000000 20.000000 -443.566938
v -4.791667 20.000000 -443.566938
v -4.583333 20.000000 -443.566938
v -4.375000 20.000000 -443.566938
v -4.166667 20.000000 -443.566938
v -3.958333 20.000000 -443.566938
v -3.750000 20.000000 -443.566938
v -3.541667 20.000000 -443.566938
v -3.333333 20.000000 -443.566938
v -3.125000 20.000000 -443.566938
v -2.916667 20.000000 -443.566938
v -2.708333 20.000000 -443.566938
v -2.500000 20.000000 -443.566938
v -2.291667 20.000000 -443.566938
v -2.083333 20.000000 -443.566938
v -1.875000 20.000000 -443.566938
v -1.666667 20.000000 -443.566938
v -1.458333 20.000000 -443.566938
v -1.250000 20.000000 -443.566938
v -1.041667 20.000000 -443.566938
v -0.833333 20.000000 -443.566938
v -0.625000 20.000000 -443.566938
v -0.416667 20.000000 -443.566938
v -0.208333 20.000000 -443.566938
v 0.000000 20.000000 -443.566938
v 0.208333 20.000000 -443.566938
v 0.416667 20.000000 -443.566938
v 0.625000 20.000000 -443.566938
v 0.833333 20.000000 -443.566938
v 1.041667 20.000000 -443.566938
v 1.250000 20.000000 -443.566938
v 1.458333 20.000000 -443.566938
v 1.666667 20.000000 -443.566938
v 1.875000 20.000000 -443.566938
v 2.083333 20.000000 -443.566938
v 2.291667 20.000000 -443.566938
v 2.500000 20.000000 -443.566938
v 2.708333 20.000000 -443.566938
v 2.916667 20.000000 -443.566938
v 3.125000 20.000000 -443.566938
v 3.333333 20.000000 -443.566938
v 3.541667 20.000000 -443.566938
v 3.750000 20.000000 -443.566938
v 3.958333 20.000000 -443.566938
v 4.166667 20.000000 -443.566938
v 4.375000 20.000000 -443.566938
v 4.583333 20.000000 -443.566938
v 4.791667 20.000000 -443.566938
v 5.000000 20.000000 -443.566938
v -5.000000 20.000000 -434.869547
v -4.791667 20.000000 -434.869547
v -4.583333 20.000000 -434.869547
v -4.375000 20.000000 -434.869547
v -4.166667 20.000000 -434.869547
v -3.958333 20.000000 -434.869547
v -3.750000 20.000000 -434.869547
v -3.541667 20.000000 -434.869547
v -3.333333 20.000000 -434.869547
v -3.125000 20.000000 -434.869547
v -2.916667 20.000000 -434.869547
v -2.708333 20.000000 -434.869547
v -2.500000 20.000000 -434.869547
v -2.291667 20.000000 -434.869547
v -2.083333 20.000000 -434.869547
v -1.875000 20.000000 -434.869547
v -1.666667 20.000000 -434.869547
v -1.458333 20.000000 -434.869547
v -1.250000 20.000000 -434.869547
v -1.041667 20.000000 -434.869547
v -0.833333 20.000000 -434.869547
v -0.625000 20.000000 -434.869547
v -0.416667 20.000000 -434.869547
v -0.208333 20.000000 -434.869547
v 0.000000 20.000000 -434.869547
v 0.208333 20.000000 -434.869547
v 0.416667 20.000000 -434.869547
v 0.625000 20.000000 -434.869547
v 0.833333 20.000000 -434.869547
v 1.041667 20.000000 -434.869547
v 1.250000 20.000000 -434.869547
v 1.458333 20.000000 -434.869547
v 1.666667 20.000000 -434.869547
v 1.875000 20.000000 -434.869547
v 2.083333 20.000000 -434.869547
v 2.291667 20.000000 -434.869547
v 2.500000 20.000000 -434.869547
v 2.708333 20.000000 -434.869547
v 2.916667 20.000000 -434.869547
v 3.125000 20.000000 -434.869547
v 3.333333 20.000000 -434.869547
v 3.541667 20.000000 -434.869547
v 3.750000 20.000000 -434.869547
v 3.958333 20.000000 -434.869547
v 4.166667 20.000000 -434.869547
v 4.375000 20.000000 -434.869547
v 4.583333 20.000000 -434.869547
v 4.791667 20.000000 -434.869547
v 5.000000 20.000000 -434.869547
v -5.000000 20.000000 -426.172156
v -4.791667 20.000000 -426.172156
v -4.583333 20.000000 -426.172156
v -4.375000 20.000000 -426.172156
v -4.166667 20.000000 -426.172156
v -3.958333 20.000000 -426.172156
v -3.750000 20.000000 -426.172156
v -3.541667 20.000000 -426.172156
v -3.333333 20.000000 -426.172156
v -3.125000 20.000000 -426.172156
v -2.916667 20.000000 -426.172156
v -2.708333 20.000000 -426.172156
v -2.500000 20.000000 -426.172156
v -2.291667 20.000000 -426.172156
v -2.083333 20.000000 -426.172156
v -1.875000 20.000000 -426.172156
v -1.666667 20.000000 -426.172156
v -1.458333 20.000000 -426.172156
v -1.250000 20.000000 -426.172156
v -1.041667 20.000000 -426.172156
v -0.833333 20.000000 -426.172156
v -0.625000 20.000000 -426.172156
v -0.416667 20.000000 -426.172156
v -0.208333 20.000000 -426.172156
v 0.000000 20.000000 -426.172156
v 0.208333 20.000000 -426.172156
v 0.416667 20.000000 -426.172156
v 0.625000 20.000000 -426.172156
v 0.833333 20.000000 -426.172156
v 1.041667 20.000000 -426.172156
v 1.250000 20.000000 -426.172156
v 1.458333 20.000000 -426.172156
v 1.666667 20.000000 -426.172156
v 1.875000 20.000000 -426.172156
v 2.083333 20.000000 -426.172156
v 2.291667 20.000000 -426.172156
v 2.500000 20.000000 -426.172156
v 2.708333 20.000000 -426.172156
v 2.916667 20.000000 -426.172156
v 3.125000 20.000000 -426.172156
v 3.333333 20.000000 -426.172156
v 3.541667 20.000000 -426.172156
v 3.750000 20.000000 -426.172156
v 3.958333 20.000000 -426.172156
v 4.166667 20.000000 -426.172156
v 4.375000 20.000000 -426.172156
v 4.583333 20.000000 -426.172156
v 4.791667 20.000000 -426.172156
v 5.000000 20.000000 -426.172156
v -5.000000 20.000000 -417.474765
v -4.791667 20.000000 -417.474765
v -4.583333 20.000000 -417.474765
v -4.375000 20.000000 -417.474765
v -4.166667 20.000000 -417.474765
v -3.958333 20.000000 -417.474765
v -3.750000 20.000000 -417.474765
v -3.541667 20.000000 -417.474765
v -3.333333 20.000000 -417.474765
v -3.125000 20.000000 -417.474765
v -2.916667 20.000000 -417.474765
v -2.708333 20.000000 -417.474765
v -2.500000 20.000000 -417.474765
v -2.291667 20.000000 -417.474765
v -2.083333 20.000000 -417.474765
v -1.875000 20.000000 -417.474765
v -1.666667 20.000000 -417.474765
v -1.458333 20.000000 -417.474765
v -1.250000 20.000000 -417.474765
v -1.041667 20.000000 -417.474765
v -0.833333 20.000000 -417.474765
v -0.625000 20.000000 -417.474765
v -0.416667 20.000000 -417.474765
v -0.208333 20.000000 -417.474765
v 0.000000 20.000000 -417.474765
v 0.208333 20.000000 -417.474765
v 0.416667 20.000000 -417.474765
v 0.625000 20.000000 -417.474765
v 0.833333 20.000000 -417.474765
v 1.041667 20.000000 -417.474765
v 1.250000 20.000000 -417.474765
v 1.458333 20.000000 -417.474765
v 1.666667 20.000000 -417.474765
v 1.875000 20.000000 -417.474765
v 2.083333 20.000000 -417.474765
v 2.291667 20.000000 -417.474765
v 2.500000 20.000000 -417.474765
v 2.708333 20.000000 -417.474765
v 2.916667 20.000000 -417.474765
v 3.125000 20.000000 -417.474765
v 3.333333 20.000000 -417.474765
v 3.541667 20.000000 -417.474765
v 3.750000 20.000000 -417.474765
v 3.958333 20.000000 -417.474765
v 4.166667 20.000000 -417.474765
v 4.375000 20.000000 -417.474765
v 4.583333 20.000000 -417.474765
v 4.791667 20.000000 -417.474765
v 5.000000 20.000000 -417.474765
v -5.000000 20.000000 -408.777374
v -4.791667 20.000000 -408.777374
v -4.583333 20.000000 -408.777374
v -4.375000 20.000000 -408.777374
v -4.166667 20.000000 -408.777374
v -3.958333 20.000000 -408.777374
v -3.750000 20.000000 -408.777374
v -3.541667 20.000000 -408.777374
v -3.333333 20.000000 -408.777374
v -3.125000 20.000000 -408.777374
v -2.916667 20.000000 -408.777374
v -2.708333 20.000000 -408.777374
v -2.500000 20.000000 -408.777374
v -2.291667 20.000000 -408.777374
v -2.083333 20.000000 -408.777374
v -1.875000 20.000000 -408.777374
v -1.666667 20.000000 -408.777374
v -1.458333 20.000000 -408.777374
v -1.250000 20.000000 -408.777374
v -1.041667 20.000000 -408.777374
v -0.833333 20.000000 -408.777374
v -0.625000 20.000000 -408.777374
v -0.416667 20.000000 -408.777374
v -0.208333 20.000000 -408.777374
v 0.000000 20.000000 -408.777374
v 0.208333 20.000000 -408.777374
v 0.416667 20.000000 -408.777374
v 0.625000 20.000000 -408.777374
v 0.833333 20.000000 -408.777374
v 1.041667 20.000000 -408.777374
v 1.250000 20.000000 -408.777374
v 1.458333 20.000000 -408.777374
v 1.666667 20.000000 -408.777374
v 1.875000 20.000000 -408.777374
v 2.083333 20.000000 -408.777374
v 2.291667 20.000000 -408.777374
v 2.500000 20.000000 -408.777374
v 2.708333 20.000000 -408.777374
v 2.916667 20.000000 -408.777374
v 3.125000 20.000000 -408.777374
v 3.333333 20.000000 -408.777374
v 3.541667 20.000000 -408.777374
v 3.750000 20.000000 -408.777374
v 3.958333 20.000000 -408.777374
v 4.166667 20.000000 -408.777374
v 4.375000 20.000000 -408.777374
v 4.583333 20.000000 -408.777374
v 4.791667 20.000000 -408.777374
v 5.000000 20.000000 -408.777374
v -5.000000 20.000000 -400.079983
v -4.791667 20.000000 -400.079983
v -4.583333 20.000000 -400.079983
v -4.375000 20.000000 -400.079983
v -4.166667 20.000000 -400.079983
v -3.958333 20.000000 -400.079983
v -3.750000 20.000000 -400.079983
v -3.541667 20.000000 -400.079983
v -3.333333 20.000000 -400.079983
v -3.125000 20.000000 -400.079983
v -2.916667 20.000000 -400.079983
v -2.708333 20.000000 -400.079983
v -2.500000 20.000000 -400.079983
v -2.291667 20.000000 -400.079983
v -2.083333 20.000000 -400.079983
v -1.875000 20.000000 -400.079983
v -1.666667 20.000000 -400.079983
v -1.458333 20.000000 -400.079983
v -1.250000 20.000000 -400.079983
v -1.041667 20.000000 -400.079983
v -0.833333 20.000000 -400.079983
v -0.625000 20.000000 -400.079983
v -0.416667 20.000000 -400.079983
v -0.208333 20.000000 -400.079983
v 0.000000 20.000000 -400.079983
v 0.208333 20.000000 -400.079983
v 0.416667 20.000000 -400.079983
v 0.625000 20.000000 -400.079983
v 0.833333 20.000000 -400.079983
v 1.041667 20.000000 -400.079983
v 1.250000 20.000000 -400.079983
v 1.458333 20.000000 -400.079983
v 1.666667 20.000000 -400.079983
v 1.875000 20.000000 -400.079983
v 2.083333 20.000000 -400.079983
v 2.291667 20.000000 -400.079983
v 2.500000 20.000000 -400.079983
v 2.708333 20.000000 -400.079983
v 2.916667 20.000000 -400.079983
v 3.125000 20.000000 -400.079983
v 3.333333 20.000000 -400.079983
v 3.541667 20.000000 -400.079983
v 3.750000 20.000000 -400.079983
v 3.958333 20.000000 -400.079983
v 4.166667 20.000000 -400.079983
v 4.375000 20.000000 -400.079983
v 4.583333 20.000000 -400.079983
v 4.791667 20.000000 -400.079983
v 5.000000 20.000000 -400.079983
v -5.000000 20.000000 -391.382592
v -4.791667 20.000000 -391.382592
v -4.583333 20.000000 -391.382592
v -4.375000 20.000000 -391.382592
v -4.166667 20.000000 -391.382592
v -3.958333 20.000000 -391.382592
v -3.750000 20.000000 -391.382592
v -3.541667 20.000000 -391.382592
v -3.333333 20.000000 -391.382592
v -3.125000 20.000000 -391.382592
v -2.916667 20.000000 -391.382592
v -2.708333 20.000000 -391.382592
v -2.500000 20.000000 -391.382592
v -2.291667 20.000000 -391.382592
v -2.083333 20.000000 -391.382592
v -1.875000 20.000000 -391.382592
v -1.666667 20.000000 -391.382592
v -1.458333 20.000000 -391.382592
v -1.250000 20.000000 -391.382592
v -1.041667 20.000000 -391.382592
v -0.833333 20.000000 -391.382592
v -0.625000 20.000000 -391.382592
v -0.416667 20.000000 -391.382592
v -0.208333 20.000000 -391.382592
v 0.000000 20.000000 -391.382592
v 0.208333 20.000000 -391.382592
v 0.416667 20.000000 -391.382592
v 0.625000 20.000000 -391.382592
v 0.833333 20.000000 -391.382592
v 1.041667 20.000000 -391.382592
v 1.250000 20.000000 -391.382592
v 1.458333 20.000000 -391.382592
v 1.666667 20.000000 -391.382592
v 1.875000 20.000000 -391.382592
v 2.083333 20.000000 -391.382592
v 2.291667 20.000000 -391.382592
v 2.500000 20.000000 -391.382592
v 2.708333 20.000000 -391.382592
v 2.916667 20.000000 -391.382592
v 3.125000 20.000000 -391.382592
v 3.333333 20.000000 -391.382592
v 3.541667 20.000000 -391.382592
v 3.750000 20.000000 -391.382592
v 3.958333 20.000000 -391.382592
v 4.166667 20.000000 -391.382592
v 4.375000 20.000000 -391.382592
v 4.583333 20.000000 -391.382592
v 4.791667 20.000000 -391.382592
v 5.000000 20.000000 -391.382592
v -5.000000 20.000000 -382.685201
v -4.791667 20.000000 -382.685201
v -4.583333 20.000000 -382.685201
v -4.375000 20.000000 -382.685201
v -4.166667 20.000000 -382.685201
v -3.958333 20.000000 -382.685201
v -3.750000 20.000000 -382.685201
v -3.541667 20.000000 -382.685201
v -3.333333 20.000000 -382.685201
v -3.125000 20.000000 -382.685201
v -2.916667 20.000000 -382.685201
v -2.708333 20.000000 -382.685201
v -2.500000 20.000000 -382.685201
v -2.291667 20.000000 -382.685201
v -2.083333 20.000000 -382.685201
v -1.875000 20.000000 -382.685201
v -1.666667 20.000000 -382.685201
v -1.458333 20.000000 -382.685201
v -1.250000 20.000000 -382.685201
v -1.041667 20.000000 -382.685201
v -0.833333 20.000000 -382.685201
v -0.625000 20.000000 -382.685201
v -0.416667 20.000000 -382.685201
v -0.208333 20.000000 -382.685201
v 0.000000 20.000000 -382.685201
v 0.208333 20.000000 -382.685201
v 0.416667 20.000000 -382.685201
v 0.625000 20.000000 -382.685201
v 0.833333 20.000000 -382.685201
v 1.041667 20.000000 -382.685201
v 1.250000 20.000000 -382.685201
v 1.458333 20.000000 -382.685201
v 1.666667 20.000000 -382.685201
v 1.875000 20.000000 -382.685201
v 2.083333 20.000000 -382.685201
v 2.291667 20.000000 -382.685201
v 2.500000 20.000000 -382.685201
v 2.708333 20.000000 -382.685201
v 2.916667 20.000000 -382.685201
v 3.125000 20.000000 -382.685201
v 3.333333 20.000000 -382.685201
v 3.541667 20.000000 -382.685201
v 3.750000 20.000000 -382.685201
v 3.958333 20.000000 -382.685201
v 4.166667 20.000000 -382.685201
v 4.375000 20.000000 -382.685201
v 4.583333 20.000000 -382.685201
v 4.791667 20.000000 -382.685201
v 5.000000 20.000000 -382.685201
v -5.000000 20.000000 -373.987810
v -4.791667 20.000000 -373.987810
v -4.583333 20.000000 -373.987810
v -4.375000 20.000000 -373.987810
v -4.166667 20.000000 -373.987810
v -3.958333 20.000000 -373.987810
v -3.750000 20.000000 -373.987810
v -3.541667 20.000000 -373.987810
v -3.333333 20.000000 -373.987810
v -3.125000 20.000000 -373.987810
v -2.916667 20.000000 -373.987810
v -2.708333 20.000000 -373.987810
v -2.500000 20.000000 -373.987810
v -2.291667 20.000000 -373.987810
v -2.083333 20.000000 -373.987810
v -1.875000 20.000000 -373.987810
v -1.666667 20.000000 -373.987810
v -1.458333 20.000000 -373.987810
v -1.250000 20.000000 -373.987810
v -1.041667 20.000000 -373.987810
v -0.833333 20.000000 -373.987810
v -0.625000 20.000000 -373.987810
v -0.416667 20.000000 -373.987810
v -0.208333 20.000000 -373.987810
v 0.000000 20.000000 -373.987810
v 0.208333 20.000000 -373.987810
v 0.416667 20.000000 -373.987810
v 0.625000 20.000000 -373.987810
v 0.833333 20.000000 -373.987810
v 1.041667 20.000000 -373.987810
v 1.250000 20.000000 -373.987810
v 1.458333 20.000000 -373.987810
v 1.666667 20.000000 -373.987810
v 1.875000 20.000000 -373.987810
v 2.083333 20.000000 -373.987810
v 2.291667 20.000000 -373.987810
v 2.500000 20.000000 -373.987810
v 2.708333 20.000000 -373.987810
v 2.916667 20.000000 -373.987810
v 3.125000 20.000000 -373.987810
v 3.333333 20.000000 -373.987810
v 3.541667 20.000000 -373.987810
v 3.750000 20.000000 -373.987810
v 3.958333 20.000000 -373.987810
v 4.166667 20.000000 -373.987810
v 4.375000 20.000000 -373.987810
v 4.583333 20.000000 -373.987810
v 4.791667 20.000000 -373.987810
v 5.000000 20.000000 -373.987810
v -5.000000 20.000000 -365.290419
v -4.791667 20.000000 -365.290419
v -4.583333 20.000000 -365.290419
v -4.375000 20.000000 -365.290419
v -4.166667 20.000000 -365.290419
v -3.958333 20.000000 -365.290419
v -3.750000 20.000000 -365.290419
v -3.541667 20.000000 -365.290419
v -3.333333 20.000000 -365.290419
v -3.125000 20.000000 -365.290419
v -2.916667 20.000000 -365.290419
v -2.708333 20.000000 -365.290419
v -2.500000 20.000000 -365.290419
v -2.291667 20.000000 -365.290419
v -2.083333 20.000000 -365.290419
v -1.875000 20.000000 -365.290419
v -1.666667 20.000000 -365.290419
v -1.458333 20.000000 -365.290419
v -1.250000 20.000000 -365.290419
v -1.041667 20.000000 -365.290419
v -0.833333 20.000000 -365.290419
v -0.625000 20.000000 -365.290419
v -0.416667 20.000000 -365.290419
v -0.208333 20.000000 -365.290419
v 0.000000 20.000000 -365.290419
v 0.208333 20.000000 -365.290419
v 0.416667 20.000000 -365.290419
v 0.625000 20.000000 -365.290419
v 0.833333 20.000000 -365.290419
v 1.041667 20.000000 -365.290419
v 1.250000 20.000000 -365.290419
v 1.458333 20.000000 -365.290419
v 1.666667 20.000000 -365.290419
v 1.875000 20.000000 -365.290419
v 2.083333 20.000000 -365.290419
v 2.291667 20.000000 -365.290419
v 2.500000 20.000000 -365.290419
v 2.708333 20.000000 -365.290419
v 2.916667 20.000000 -365.290419
v 3.125000 20.000000 -365.290419
v 3.333333 20.000000 -365.290419
v 3.541667 20.000000 -365.290419
v 3.750000 20.000000 -365.290419
v 3.958333 20.000000 -365.290419
v 4.166667 20.000000 -365.290419
v 4.375000 20.000000 -365.290419
v 4.583333 20.000000 -365.290419
v 4.791667 20.000000 -365.290419
v 5.000000 20.000000 -365.290419
v -5.000000 20.000000 -356.593028
v -4.791667 20.000000 -356.593028
v -4.583333 20.000000 -356.593028
v -4.375000 20.000000 -356.593028
v -4.166667 20.000000 -356.593028
v -3.958333 20.000000 -356.593028
v -3.750000 20.000000 -356.593028
v -3.541667 20.000000 -356.593028
v -3.333333 20.000000 -356.593028
v -3.125000 20.000000 -356.593028
v -2.916667 20.000000 -356.593028
v -2.708333 20.000000 -356.593028
v -2.500000 20.000000 -356.593028
v -2.291667 20.000000 -356.593028
v -2.083333 20.000000 -356.593028
v -1.875000 20.000000 -356.593028
v -1.666667 20.000000 -356.593028
v -1.458333 20.000000 -356.593028
v -1.250000 20.000000 -356.593028
v -1.041667 20.000000 -356.593028
v -0.833333 20.000000 -356.593028
v -0.625000 20.000000 -356.593028
v -0.416667 20.000000 -356.593028
v -0.208333 20.000000 -356.593028
v 0.000000 20.000000 -356.593028
v 0.208333 20.000000 -356.593028
v 0.416667 20.000000 -356.593028
v 0.625000 20.000000 -356.593028
v 0.833333 20.000000 -356.593028
v 1.041667 20.000000 -356.593028
v 1.250000 20.000000 -356.593028
v 1.458333 20.000000 -356.593028
v 1.666667 20.000000 -356.593028
v 1.875000 20.000000 -356.593028
v 2.083333 20.000000 -356.593028
v 2.291667 20.000000 -356.593028
v 2.500000 20.000000 -356.593028
v 2.708333 20.000000 -356.593028
v 2.916667 20.000000 -356.593028
v 3.125000 20.000000 -356.593028
v 3.333333 20.000000 -356.593028
v 3.541667 20.000000 -356.593028
v 3.750000 20.000000 -356.593028
v 3.958333 20.000000 -356.593028
v 4.166667 20.000000 -356.593028
v 4.375000 20.000000 -356.593028
v 4.583333 20.000000 -356.593028
v 4.791667 20.000000 -356.593028
v 5.000000 20.000000 -356.593028
v -5.000000 20.000000 -347.895638
v -4.791667 20.000000 -347.895638
v -4.583333 20.000000 -347.895638
v -4.375000 20.000000 -347.895638
v -4.166667 20.000000 -347.895638
v -3.958333 20.000000 -347.895638
v -3.750000 20.000000 -347.895638
v -3.541667 20.000000 -347.895638
v -3.333333 20.000000 -347.895638
v -3.125000 20.000000 -347.895638
v -2.916667 20.000000 -347.895638
v -2.708333 20.000000 -347.895638
v -2.500000 20.000000 -347.895638
v -2.291667 20.000000 -347.895638
v -2.083333 20.000000 -347.895638
v -1.875000 20.000000 -347.895638
v -1.666667 20.000000 -347.895638
v -1.458333 20.000000 -347.895638
v -1.250000 20.000000 -347.895638
v -1.041667 20.000000 -347.895638
v -0.833333 20.000000 -347.895638
v -0.625000 20.000000 -347.895638
v -0.416667 20.000000 -347.895638
v -0.208333 20.000000 -347.895638
v 0.000000 20.000000 -347.895638
v 0.208333 20.000000 -347.895638
v 0.416667 20.000000 -347.895638
v 0.625000 20.000000 -347.895638
v 0.833333 20.000000 -347.895638
v 1.041667 20.000000 -347.895638
v 1.250000 20.000000 -347.895638
v 1.458333 20.000000 -347.895638
v 1.666667 20.000000 -347.895638
v 1.875000 20.000000 -347.895638
v 2.083333 20.000000 -347.895638
v 2.291667 20.000000 -347.895638
v 2.500000 20.000000 -347.895638
v 2.708333 20.000000 -347.895638
v 2.916667 20.000000 -347.895638
v 3.125000 20.000000 -347.895638
v 3.333333 20.000000 -347.895638
v 3.541667 20.000000 -347.895638
v 3.750000 20.000000 -347.895638
v 3.958333 20.000000 -347.895638
v 4.166667 20.000000 -347.895638
v 4.375000 20.000000 -347.895638
v 4.583333 20.000000 -347.895638
v 4.791667 20.000000 -347.895638
v 5.000000 20.000000 -347.895638
v -5.000000 20.000000 -339.198247
v -4.791667 20.000000 -339.198247
v -4.583333 20.000000 -339.198247
v -4.375000 20.000000 -339.198247
v -4.166667 20.000000 -339.198247
v -3.958333 20.000000 -339.198247
v -3.750000 20.000000 -339.198247
v -3.541667 20.000000 -339.198247
v -3.333333 20.000000 -339.198247
v -3.125000 20.000000 -339.198247
v -2.916667 20.000000 -339.198247
v -2.708333 20.000000 -339.198247
v -2.500000 20.000000 -339.198247
v -2.291667 20.000000 -339.198247
v -2.083333 20.000000 -339.198247
v -1.875000 20.000000 -339.198247
v -1.666667 20.000000 -339.198247
v -1.458333 20.000000 -339.198247
v -1.250000 20.000000 -339.198247
v -1.041667 20.000000 -339.198247
v -0.833333 20.000000 -339.198247
v -0.625000 20.000000 -339.198247
v -0.416667 20.000000 -339.198247
v -0.208333 20.000000 -339.198247
v 0.000000 20.000000 -339.198247
v 0.208333 20.000000 -339.198247
v 0.416667 20.000000 -339.198247
v 0.625000 20.000000 -339.198247
v 0.833333 20.000000 -339.198247
v 1.041667 20.000000 -339.198247
v 1.250000 20.000000 -339.198247
v 1.458333 20.000000 -339.198247
v 1.666667 20.000000 -339.198247
v 1.875000 20.000000 -339.198247
v 2.083333 20.000000 -339.198247
v 2.291667 20.000000 -339.198247
v 2.500000 20.000000 -339.198247
v 2.708333 20.000000 -339.198247
v 2.916667 20.000000 -339.198247
v 3.125000 20.000000 -339.198247
v 3.333333 20.000000 -339.198247
v 3.541667 20.000000 -339.198247
v 3.750000 20.000000 -339.198247
v 3.958333 20.000000 -339.198247
v 4.166667 20.000000 -339.198247
v 4.375000 20.000000 -339.198247
v 4.583333 20.000000 -339.198247
v 4.791667 20.000000 -339.198247
v 5.000000 20.000000 -339.198247
v -5.000000 20.000000 -330.500856
v -4.791667 20.000000 -330.500856
v -4.583333 20.000000 -330.500856
v -4.375000 20.000000 -330.500856
v -4.166667 20.000000 -330.500856
v -3.958333 20.000000 -330.500856
v -3.750000 20.000000 -330.500856
v -3.541667 20.000000 -330.500856
v -3.333333 20.000000 -330.500856
v -3.125000 20.000000 -330.500856
v -2.916667 20.000000 -330.500856
v -2.708333 20.000000 -330.500856
v -2.500000 20.000000 -330.500856
v -2.291667 20.000000 -330.500856
v -2.083333 20.000000 -330.500856
v -1.875000 20.000000 -330.500856
v -1.666667 20.000000 -330.500856
v -1.458333 20.000000 -330.500856
v -1.250000 20.000000 -330.500856
v -1.041667 20.000000 -330.500856
v -0.833333 20.000000 -330.500856
v -0.625000 20.000000 -330.500856
v -0.416667 20.000000 -330.500856
v -0.208333 20.000000 -330.500856
v 0.000000 20.000000 -330.500856
v 0.208333 20.000000 -330.500856
v 0.416667 20.000000 -330.500856
v 0.625000 20.000000 -330.500856
v 0.833333 20.000000 -330.500856
v 1.041667 20.000000 -330.500856
v 1.250000 20.000000 -330.500856
v 1.458333 20.000000 -330.500856
v 1.666667 20.000000 -330.500856
v 1.875000 20.000000 -330.500856
v 2.083333 20.000000 -330.500856
v 2.291667 20.000000 -330.500856
v 2.500000 20.000000 -330.500856
v 2.708333 20.000000 -330.500856
v 2.916667 20.000000 -330.500856
v 3.125000 20.000000 -330.500856
v 3.333333 20.000000 -330.500856
v 3.541667 20.000000 -330.500856
v 3.750000 20.000000 -330.500856
v 3.958333 20.000000 -330.500856
v 4.166667 20.000000 -330.500856
v 4.375000 20.000000 -330.500856
v 4.583333 20.000000 -330.500856
v 4.791667 20.000000 -330.500856
v 5.000000 20.000000 -330.500856
v -5.000000 20.000000 -321.803465
v -4.791667 20.000000 -321.803465
v -4.583333 20.000000 -321.803465
v -4.375000 20.000000 -321.803465
v -4.166667 20.000000 -321.803465
v -3.958333 20.000000 -321.803465
v -3.750000 20.000000 -321.803465
v -3.541667 20.000000 -321.803465
v -3.333333 20.000000 -321.803465
v -3.125000 20.000000 -321.803465
v -2.916667 20.000000 -321.803465
v -2.708333 20.000000 -321.803465
v -2.500000 20.000000 -321.803465
v -2.291667 20.000000 -321.803465
v -2.083333 20.000000 -321.803465
v -1.875000 20.000000 -321.803465
v -1.666667 20.000000 -321.803465
v -1.458333 20.000000 -321.803465
v -1.250000 20.000000 -321.803465
v -1.041667 20.000000 -321.803465
v -0.833333 20.000000 -321.803465
v -0.625000 20.000000 -321.803465
v -0.416667 20.000000 -321.803465
v -0.208333 20.000000 -321.803465
v 0.000000 20.000000 -321.803465
v 0.208333 20.000000 -321.803465
v 0.416667 20.000000 -321.803465
v 0.625000 20.000000 -321.803465
v 0.833333 20.000000 -321.803465
v 1.041667 20.000000 -321.803465
v 1.250000 20.000000 -321.803465
v 1.458333 20.000000 -321.803465
v 1.666667 20.000000 -321.803465
v 1.875000 20.000000 -321.803465
v 2.083333 20.000000 -321.803465
v 2.291667 20.000000 -321.803465
v 2.500000 20.000000 -321.803465
v 2.708333 20.000000 -321.803465
v 2.916667 20.000000 -321.803465
v 3.125000 20.000000 -321.803465
v 3.333333 20.000000 -321.803465
v 3.541667 20.000000 -321.803465
v 3.750000 20.000000 -321.803465
v 3.958333 20.000000 -321.803465
v 4.166667 20.000000 -321.803465
v 4.375000 20.000000 -321.803465
v 4.583333 20.000000 -321.803465
v 4.791667 20.000000 -321.803465
v 5.000000 20.000000 -321.803465
v -5.000000 20.000000 -313.106074
v -4.791667 20.000000 -313.106074
v -4.583333 20.000000 -313.106074
v -4.375000 20.000000 -313.106074
v -4.166667 20.000000 -313.106074
v -3.958333 20.000000 -313.106074
v -3.750000 20.000000 -313.106074
v -3.541667 20.000000 -313.106074
v -3.333333 20.000000 -313.106074
v -3.125000 20.000000 -313.106074
v -2.916667 20.000000 -313.106074
v -2.708333 20.000000 -313.106074
v -2.500000 20.000000 -313.106074
v -2.291667 20.000000 -313.106074
v -2.083333 20.000000 -313.106074
v -1.875000 20.000000 -313.106074
v -1.666667 20.000000 -313.106074
v -1.458333 20.000000 -313.106074
v -1.250000 20.000000 -313.106074
v -1.041667 20.000000 -313.106074
v -0.833333 20.000000 -313.106074
v -0.625000 20.000000 -313.106074
v -0.416667 20.000000 -313.106074
v -0.208333 20.000000 -313.106074
v 0.000000 20.000000 -313.106074
v 0.208333 20.000000 -313.106074
v 0.416667 20.000000 -313.106074
v 0.625000 20.000000 -313.106074
v 0.833333 20.000000 -313.106074
v 1.041667 20.000000 -313.106074
v 1.250000 20.000000 -313.106074
v 1.458333 20.000000 -313.106074
v 1.666667 20.000000 -313.106074
v 1.875000 20.000000 -313.106074
v 2.083333 20.000000 -313.106074
v 2.291667 20.000000 -313.106074
v 2.500000 20.000000 -313.106074
v 2.708333 20.000000 -313.106074
v 2.916667 20.000000 -313.106074
v 3.125000 20.000000 -313.106074
v 3.333333 20.000000 -313.106074
v 3.541667 20.000000 -313.106074
v 3.750000 20.000000 -313.106074
v 3.958333 20.000000 -313.106074
v 4.166667 20.000000 -313.106074
v 4.375000 20.000000 -313.106074
v 4.583333 20.000000 -313.106074
v 4.791667 20.000000 -313.106074
v 5.000000 20.000000 -313.106074
v -5.000000 20.000000 -304.408683
v -4.791667 20.000000 -304.408683
v -4.583333 20.000000 -304.408683
v -4.375000 20.000000 -304.408683
v -4.166667 20.000000 -304.408683
v -3.958333 20.000000 -304.408683
v -3.750000 20.000000 -304.408683
v -3.541667 20.000000 -304.408683
v -3.333333 20.000000 -304.408683
v -3.125000 20.000000 -304.408683
v -2.916667 20.000000 -304.408683
v -2.708333 20.000000 -304.408683
v -2.500000 20.000000 -304.408683
v -2.291667 20.000000 -304.408683
v -2.083333 20.000000 -304.408683
v -1.875000 20.000000 -304.408683
v -1.666667 20.000000 -304.408683
v -1.458333 20.000000 -304.408683
v -1.250000 20.000000 -304.408683
v -1.041667 20.000000 -304.408683
v -0.833333 20.000000 -304.408683
v -0.625000 20.000000 -304.408683
v -0.416667 20.000000 -304.408683
v -0.208333 20.000000 -304.408683
v 0.000000 20.000000 -304.408683
v 0.208333 20.000000 -304.408683
v 0.416667 20.000000 -304.408683
v 0.625000 20.000000 -304.408683
v 0.833333 20.000000 -304.408683
v 1.041667 20.000000 -304.408683
v 1.250000 20.000000 -304.408683
v 1.458333 20.000000 -304.408683
v 1.666667 20.000000 -304.408683
v 1.875000 20.000000 -304.408683
v 2.083333 20.000000 -304.408683
v 2.291667 20.000000 -304.408683
v 2.500000 20.000000 -304.408683
v 2.708333 20.000000 -304.408683
v 2.916667 20.000000 -304.408683
v 3.125000 20.000000 -304.408683
v 3.333333 20.000000 -304.408683
v 3.541667 20.000000 -304.408683
v 3.750000 20.000000 -304.408683
v 3.958333 20.000000 -304.408683
v 4.166667 20.000000 -304.408683
v 4.375000 20.000000 -304.408683
v 4.583333 20.000000 -304.408683
v 4.791667 20.000000 -304.408683
v 5.000000 20.000000 -304.408683
v -5.000000 20.000000 -295.711292
v -4.791667 20.000000 -295.711292
v -4.583333 20.000000 -295.711292
v -4.375000 20.000000 -295.711292
v -4.166667 20.000000 -295.711292
v -3.958333 20.000000 -295.711292
v -3.750000 20.000000 -295.711292
v -3.541667 20.000000 -295.711292
v -3.333333 20.000000 -295.711292
v -3.125000 20.000000 -295.711292
v -2.916667 20.000000 -295.711292
v -2.708333 20.000000 -295.711292
v -2.500000 20.000000 -295.711292
v -2.291667 20.000000 -295.711292
v -2.083333 20.000000 -295.711292
v -1.875000 20.000000 -295.711292
v -1.666667 20.000000 -295.711292
v -1.458333 20.000000 -295.711292
v -1.250000 20.000000 -295.711292
v -1.041667 20.000000 -295.711292
v -0.833333 20.000000 -295.711292
v -0.625000 20.000000 -295.711292
v -0.416667 20.000000 -295.711292
v -0.208333 20.000000 -295.711292
v 0.000000 20.000000 -295.711292
v 0.208333 20.000000 -295.711292
v 0.416667 20.000000 -295.711292
v 0.625000 20.000000 -295.711292
v 0.833333 20.000000 -295.711292
v 1.041667 20.000000 -295.711292
v 1.250000 20.000000 -295.711292
v 1.458333 20.000000 -295.711292
v 1.666667 20.000000 -295.711292
v 1.875000 20.000000 -295.711292
v 2.083333 20.000000 -295.711292
v 2.291667 20.000000 -295.711292
v 2.500000 20.000000 -295.711292
v 2.708333 20.000000 -295.711292
v 2.916667 20.000000 -295.711292
v 3.125000 20.000000 -295.711292
v 3.333333 20.000000 -295.711292
v 3.541667 20.000000 -295.711292
v 3.750000 20.000000 -295.711292
v 3.958333 20.000000 -295.711292
v 4.166667 20.000000 -295.711292
v 4.375000 20.000000 -295.711292
v 4.583333 20.000000 -295.711292
v 4.791667 20.000000 -295.711292
v 5.000000 20.000000 -295.711292
v -5.000000 20.000000 -287.013901
v -4.791667 20.000000 -287.013901
v -4.583333 20.000000 -287.013901
v -4.375000 20.000000 -287.013901
v -4.166667 20.000000 -287.013901
v -3.958333 20.000000 -287.013901
v -3.750000 20.000000 -287.013901
v -3.541667 20.000000 -287.013901
v -3.333333 20.000000 -287.013901
v -3.125000 20.000000 -287.013901
v -2.916667 20.000000 -287.013901
v -2.708333 20.000000 -287.013901
v -2.500000 20.000000 -287.013901
v -2.291667 20.000000 -287.013901
v -2.083333 20.000000 -287.013901
v -1.875000 20.000000 -287.013901
v -1.666667 20.000000 -287.013901
v -1.458333 20.000000 -287.013901
v -1.250000 20.000000 -287.013901
v -1.041667 20.000000 -287.013901
v -0.833333 20.000000 -287.013901
v -0.625000 20.000000 -287.013901
v -0.416667 20.000000 -287.013901
v -0.208333 20.000000 -287.013901
v 0.000000 20.000000 -287.013901
v 0.208333 20.000000 -287.013901
v 0.416667 20.000000 -287.013901
v 0.625000 20.000000 -287.013901
v 0.833333 20.000000 -287.013901
v 1.041667 20.000000 -287.013901
v 1.250000 20.000000 -287.013901
v 1.458333 20.000000 -287.013901
v 1.666667 20.000000 -287.013901
v 1.875000 20.000000 -287.013901
v 2.083333 20.000000 -287.013901
v 2.291667 20.000000 -287.013901
v 2.500000 20.000000 -287.013901
v 2.708333 20.000000 -287.013901
v 2.916667 20.000000 -287.013901
v 3.125000 20.000000 -287.013901
v 3.333333 20.000000 -287.013901
v 3.541667 20.000000 -287.013901
v 3.750000 20.000000 -287.013901
v 3.958333 20.000000 -287.013901
v 4.166667 20.000000 -287.013901
v 4.375000 20.000000 -287.013901
v 4.583333 20.000000 -287.013901
v 4.791667 20.000000 -287.013901
v 5.000000 20.000000 -287.013901
v -5.000000 20.000000 -278.316510
v -4.791667 20.000000 -278.316510
v -4.583333 20.000000 -278.316510
v -4.375000 20.000000 -278.316510
v -4.166667 20.000000 -278.316510
v -3.958333 20.000000 -278.316510
v -3.750000 20.000000 -278.316510
v -3.541667 20.000000 -278.316510
v -3.333333 20.000000 -278.316510
v -3.125000 20.000000 -278.316510
v -2.916667 20.000000 -278.316510
v -2.708333 20.000000 -278.316510
v -2.500000 20.000000 -278.316510
v -2.291667 20.000000 -278.316510
v -2.083333 20.000000 -278.316510
v -1.875000 20.000000 -278.316510
v -1.666667 20.000000 -278.316510
v -1.458333 20.000000 -278.316510
v -1.250000 20.000000 -278.316510
v -1.041667 20.000000 -278.316510
v -0.833333 20.000000 -278.316510
v -0.625000 20.000000 -278.316510
v -0.416667 20.000000 -278.316510
v -0.208333 20.000000 -278.316510
v 0.000000 20.000000 -278.316510
v 0.208333 20.000000 -278.316510
v 0.416667 20.000000 -278.316510
v 0.625000 20.000000 -278.316510
v 0.833333 20.000000 -278.316510
v 1.041667 20.000000 -278.316510
v 1.250000 20.000000 -278.316510
v 1.458333 20.000000 -278.316510
v 1.666667 20.000000 -278.316510
v 1.875000 20.000000 -278.316510
v 2.083333 20.000000 -278.316510
v 2.291667 20.000000 -278.316510
v 2.500000 20.000000 -278.316510
v 2.708333 20.000000 -278.316510
v 2.916667 20.000000 -278.316510
v 3.125000 20.000000 -278.316510
v 3.333333 20.000000 -278.316510
v 3.541667 20.000000 -278.316510
v 3.750000 20.000000 -278.316510
v 3.958333 20.000000 -278.316510
v 4.166667 20.000000 -278.316510
v 4.375000 20.000000 -278.316510
v 4.583333 20.000000 -278.316510
v 4.791667 20.000000 -278.316510
v 5.000000 20.000000 -278.316510
v -5.000000 20.000000 -269.619119
v -4.791667 20.000000 -269.619119
v -4.583333 20.000000 -269.619119
v -4.375000 20.000000 -269.619119
v -4.166667 20.000000 -269.619119
v -3.958333 20.000000 -269.619119
v -3.750000 20.000000 -269.619119
v -3.541667 20.000000 -269.619119
v -3.333333 20.000000 -269.619119
v -3.125000 20.000000 -269.619119
v -2.916667 20.000000 -269.619119
v -2.708333 20.000000 -269.619119
v -2.500000 20.000000 -269.619119
v -2.291667 20.000000 -269.619119
v -2.083333 20.000000 -269.619119
v -1.875000 20.000000 -269.619119
v -1.666667 20.000000 -269.619119
v -1.458333 20.000000 -269.619119
v -1.250000 20.000000 -269.619119
v -1.041667 20.000000 -269.619119
v -0.833333 20.000000 -269.619119
v -0.625000 20.000000 -269.619119
v -0.416667 20.000000 -269.619119
v -0.208333 20.000000 -269.619119
v 0.000000 20.000000 -269.619119
v 0.208333 20.000000 -269.619119
v 0.416667 20.000000 -269.619119
v 0.625000 20.000000 -269.619119
v 0.833333 20.000000 -269.619119
v 1.041667 20.000000 -269.619119
v 1.250000 20.000000 -269.619119
v 1.458333 20.000000 -269.619119
v 1.666667 20.000000 -269.619119
v 1.875000 20.000000 -269.619119
v 2.083333 20.000000 -269.619119
v 2.291667 20.000000 -269.619119
v 2.500000 20.000000 -269.619119
v 2.708333 20.000000 -269.619119
v 2.916667 20.000000 -269.619119
v 3.125000 20.000000 -269.619119
v 3.333333 20.000000 -269.619119
v 3.541667 20.000000 -269.619119
v 3.750000 20.000000 -269.619119
v 3.958333 20.000000 -269.619119
v 4.166667 20.000000 -269.619119
v 4.375000 20.000000 -269.619119
v 4.583333 20.000000 -269.619119
v 4.791667 20.000000 -269.619119
v 5.000000 20.000000 -269.619119
v -5.000000 20.000000 -260.921728
v -4.791667 20.000000 -260.921728
v -4.583333 20.000000 -260.921728
v -4.375000 20.000000 -260.921728
v -4.166667 20.000000 -260.921728
v -3.958333 20.000000 -260.921728
v -3.750000 20.000000 -260.921728
v -3.541667 20.000000 -260.921728
v -3.333333 20.000000 -260.921728
v -3.125000 20.000000 -260.921728
v -2.916667 20.000000 -260.921728
v -2.708333 20.000000 -260.921728
v -2.500000 20.000000 -260.921728
v -2.291667 20.000000 -260.921728
v -2.083333 20.000000 -260.921728
v -1.875000 20.000000 -260.921728
v -1.666667 20.000000 -260.921728
v -1.458333 20.000000 -260.921728
v -1.250000 20.000000 -260.921728
v -1.041667 20.000000 -260.921728
v -0.833333 20.000000 -260.921728
v -0.625000 20.000000 -260.921728
v -0.416667 20.000000 -260.921728
v -0.208333 20.000000 -260.921728
v 0.000000 20.000000 -260.921728
v 0.208333 20.000000 -260.921728
v 0.416667 20.000000 -260.921728
v 0.625000 20.000000 -260.921728
v 0.833333 20.000000 -260.921728
v 1.041667 20.000000 -260.921728
v 1.250000 20.000000 -260.921728
v 1.458333 20.000000 -260.921728
v 1.666667 20.000000 -260.921728
v 1.875000 20.000000 -260.921728
v 2.083333 20.000000 -260.921728
v 2.291667 20.000000 -260.921728
v 2.500000 20.000000 -260.921728
v 2.708333 20.000000 -260.921728
v 2.916667 20.000000 -260.921728
v 3.125000 20.000000 -260.921728
v 3.333333 20.000000 -260.921728
v 3.541667 20.000000 -260.921728
v 3.750000 20.000000 -260.921728
v 3.958333 20.000000 -260.921728
v 4.166667 20.000000 -260.921728
v 4.375000 20.000000 -260.921728
v 4.583333 20.000000 -260.921728
v 4.791667 20.000000 -260.921728
v 5.000000 20.000000 -260.921728
v -5.000000 20.000000 -252.224337
v -4.791667 20.000000 -252.224337
v -4.583333 20.000000 -252.224337
v -4.375000 20.000000 -252.224337
v -4.166667 20.000000 -252.224337
v -3.958333 20.000000 -252.224337
v -3.750000 20.000000 -252.224337
v -3.541667 20.000000 -252.224337
v -3.333333 20.000000 -252.224337
v -3.125000 20.000000 -252.224337
v -2.916667 20.000000 -252.224337
v -2.708333 20.000000 -252.224337
v -2.500000 20.000000 -252.224337
v -2.291667 20.000000 -252.224337
v -2.083333 20.000000 -252.224337
v -1.875000 20.000000 -252.224337
v -1.666667 20.000000 -252.224337
v -1.458333 20.000000 -252.224337
v -1.250000 20.000000 -252.224337
v -1.041667 20.000000 -252.224337
v -0.833333 20.000000 -252.224337
v -0.625000 20.000000 -252.224337
v -0.416667 20.000000 -252.224337
v -0.208333 20.000000 -252.224337
v 0.000000 20.000000 -252.224337
v 0.208333 20.000000 -252.224337
v 0.416667 20.000000 -252.224337
v 0.625000 20.000000 -252.224337
v 0.833333 20.000000 -252.224337
v 1.041667 20.000000 -252.224337
v 1.250000 20.000000 -252.224337
v 1.458333 20.000000 -252.224337
v 1.666667 20.000000 -252.224337
v 1.875000 20.000000 -252.224337
v 2.083333 20.000000 -252.224337
v 2.291667 20.000000 -252.224337
v 2.500000 20.000000 -252.224337
v 2.708333 20.000000 -252.224337
v 2.916667 20.000000 -252.224337
v 3.125000 20.000000 -252.224337
v 3.333333 20.000000 -252.224337
v 3.541667 20.000000 -252.224337
v 3.750000 20.000000 -252.224337
v 3.958333 20.000000 -252.224337
v 4.166667 20.000000 -252.224337
v 4.375000 20.000000 -252.224337
v 4.583333 20.000000 -252.224337
v 4.791667 20.000000 -252.224337
v 5.000000 20.000000 -252.224337
v -5.000000 20.000000 -243.526946
v -4.791667 20.000000 -243.526946
v -4.583333 20.000000 -243.526946
v -4.375000 20.000000 -243.526946
v -4.166667 20.000000 -243.526946
v -3.958333 20.000000 -243.526946
v -3.750000 20.000000 -243.526946
v -3.541667 20.000000 -243.526946
v -3.333333 20.000000 -243.526946
v -3.125000 20.000000 -243.526946
v -2.916667 20.000000 -243.526946
v -2.708333 20.000000 -243.526946
v -2.500000 20.000000 -243.526946
v -2.291667 20.000000 -243.526946
v -2.083333 20.000000 -243.526946
v -1.875000 20.000000 -243.526946
v -1.666667 20.000000 -243.526946
v -1.458333 20.000000 -243.526946
v -1.250000 20.000000 -243.526946
v -1.041667 20.000000 -243.526946
v -0.833333 20.000000 -243.526946
v -0.625000 20.000000 -243.526946
v -0.416667 20.000000 -243.526946
v -0.208333 20.000000 -243.526946
v 0.000000 20.000000 -243.526946
v 0.208333 20.000000 -243.526946
v 0.416667 20.000000 -243.526946
v 0.625000 20.000000 -243.526946
v 0.833333 20.000000 -243.526946
v 1.041667 20.000000 -243.526946
v 1.250000 20.000000 -243.526946
v 1.458333 20.000000 -243.526946
v 1.666667 20.000000 -243.526946
v 1.875000 20.000000 -243.526946
v 2.083333 20.000000 -243.526946
v 2.291667 20.000000 -243.526946
v 2.500000 20.000000 -243.526946
v 2.708333 20.000000 -243.526946
v 2.916667 20.000000 -243.526946
v 3.125000 20.000000 -243.526946
v 3.333333 20.000000 -243.526946
v 3.541667 20.000000 -243.526946
v 3.750000 20.000000 -243.526946
v 3.958333 20.000000 -243.526946
v 4.166667 20.000000 -243.526946
v 4.375000 20.000000 -243.526946
v 4.583333 20.000000 -243.526946
v 4.791667 20.000000 -243.526946
v 5.000000 20.000000 -243.526946
v -5.000000 20.000000 -234.829555
v -4.791667 20.000000 -234.829555
v -4.583333 20.000000 -234.829555
v -4.375000 20.000000 -234.829555
v -4.166667 20.000000 -234.829555
v -3.958333 20.000000 -234.829555
v -3.750000 20.000000 -234.829555
v -3.541667 20.000000 -234.829555
v -3.333333 20.000000 -234.829555
v -3.125000 20.000000 -234.829555
v -2.916667 20.000000 -234.829555
v -2.708333 20.000000 -234.829555
v -2.500000 20.000000 -234.829555
v -2.291667 20.000000 -234.829555
v -2.083333 20.000000 -234.829555
v -1.875000 20.000000 -234.829555
v -1.666667 20.000000 -234.829555
v -1.458333 20.000000 -234.829555
v -1.250000 20.000000 -234.829555
v -1.041667 20.000000 -234.829555
v -0.833333 20.000000 -234.829555
v -0.625000 20.000000 -234.829555
v -0.416667 20.000000 -234.829555
v -0.208333 20.000000 -234.829555
v 0.000000 20.000000 -234.829555
v 0.208333 20.000000 -234.829555
v 0.416667 20.000000 -234.829555
v 0.625000 20.000000 -234.829555
v 0.833333 20.000000 -234.829555
v 1.041667 20.000000 -234.829555
v 1.250000 20.000000 -234.829555
v 1.458333 20.000000 -234.829555
v 1.666667 20.000000 -234.829555
v 1.875000 20.000000 -234.829555
v 2.083333 20.000000 -234.829555
v 2.291667 20.000000 -234.829555
v 2.500000 20.000000 -234.829555
v 2.708333 20.000000 -234.829555
v 2.916667 20.000000 -234.829555
v 3.125000 20.000000 -234.829555
v 3.333333 20.000000 -234.829555
v 3.541667 20.000000 -234.829555
v 3.750000 20.000000 -234.829555
v 3.958333 20.000000 -234.829555
v 4.166667 20.000000 -234.829555
v 4.375000 20.000000 -234.829555
v 4.583333 20.000000 -234.829555
v 4.791667 20.000000 -234.829555
v 5.000000 20.000000 -234.829555
v -5.000000 20.000000 -226.132164
v -4.791667 20.000000 -226.132164
v -4.583333 20.000000 -226.132164
v -4.375000 20.000000 -226.132164
v -4.166667 20.000000 -226.132164
v -3.958333 20.000000 -226.132164
v -3.750000 20.000000 -226.132164
v -3.541667 20.000000 -226.132164
v -3.333333 20.000000 -226.132164
v -3.125000 20.000000 -226.132164
v -2.916667 20.000000 -226.132164
v -2.708333 20.000000 -226.132164
v -2.500000 20.000000 -226.132164
v -2.291667 20.000000 -226.132164
v -2.083333 20.000000 -226.132164
v -1.875000 20.000000 -226.132164
v -1.666667 20.000000 -226.132164
v -1.458333 20.000000 -226.132164
v -1.250000 20.000000 -226.132164
v -1.041667 20.000000 -226.132164
v -0.833333 20.000000 -226.132164
v -0.625000 20.000000 -226.132164
v -0.416667 20.000000 -226.132164
v -0.208333 20.000000 -226.132164
v 0.000000 20.000000 -226.132164
v 0.208333 20.000000 -226.132164
v 0.416667 20.000000 -226.132164
v 0.625000 20.000000 -226.132164
v 0.833333 20.000000 -226.132164
v 1.041667 20.000000 -226.132164
v 1.250000 20.000000 -226.132164
v 1.458333 20.000000 -226.132164
v 1.666667 20.000000 -226.132164
v 1.875000 20.000000 -226.132164
v 2.083333 20.000000 -226.132164
v 2.291667 20.000000 -226.132164
v 2.500000 20.000000 -226.132164
v 2.708333 20.000000 -226.132164
v 2.916667 20.000000 -226.132164
v 3.125000 20.000000 -226.132164
v 3.333333 20.000000 -226.132164
v 3.541667 20.000000 -226.132164
v 3.750000 20.000000 -226.132164
v 3.958333 20.000000 -226.132164
v 4.166667 20.000000 -226.132164
v 4.375000 20.000000 -226.132164
v 4.583333 20.000000 -226.132164
v 4.791667 20.000000 -226.132164
v 5.000000 20.000000 -226.132164
v -5.000000 20.000000 -217.434773
v -4.791667 20.000000 -217.434773
v -4.583333 20.000000 -217.434773
v -4.375000 20.000000 -217.434773
v -4.166667 20.000000 -217.434773
v -3.958333 20.000000 -217.434773
v -3.750000 20.000000 -217.434773
v -3.541667 20.000000 -217.434773
v -3.333333 20.000000 -217.434773
v -3.125000 20.000000 -217.434773
v -2.916667 20.000000 -217.434773
v -2.708333 20.000000 -217.434773
v -2.500000 20.000000 -217.434773
v -2.291667 20.000000 -217.434773
v -2.083333 20.000000 -217.434773
v -1.875000 20.000000 -217.434773
v -1.666667 20.000000 -217.434773
v -1.458333 20.000000 -217.434773
v -1.250000 20.000000 -217.434773
v -1.041667 20.000000 -217.434773
v -0.833333 20.000000 -217.434773
v -0.625000 20.000000 -217.434773
v -0.416667 20.000000 -217.434773
v -0.208333 20.000000 -217.434773
v 0.000000 20.000000 -217.434773
v 0.208333 20.000000 -217.434773
v 0.416667 20.000000 -217.434773
v 0.625000 20.000000 -217.434773
v 0.833333 20.000000 -217.434773
v 1.041667 20.000000 -217.434773
v 1.250000 20.000000 -217.434773
v 1.458333 20.000000 -217.434773
v 1.666667 20.000000 -217.434773
v 1.875000 20.000000 -217.434773
v 2.083333 20.000000 -217.434773
v 2.291667 20.000000 -217.434773
v 2.500000 20.000000 -217.434773
v 2.708333 20.000000 -217.434773
v 2.916667 20.000000 -217.434773
v 3.125000 20.000000 -217.434773
v 3.333333 20.000000 -217.434773
v 3.541667 20.000000 -217.434773
v 3.750000 20.000000 -217.434773
v 3.958333 20.000000 -217.434773
v 4.166667 20.000000 -217.434773
v 4.375000 20.000000 -217.434773
v 4.583333 20.000000 -217.434773
v 4.791667 20.000000 -217.434773
v 5.000000 20.000000 -217.434773
v -5.000000 20.000000 -208.737383
v -4.791667 20.000000 -208.737383
v -4.583333 20.000000 -208.737383
v -4.375000 20.000000 -208.737383
v -4.166667 20.000000 -208.737383
v -3.958333 20.000000 -208.737383
v -3.750000 20.000000 -208.737383
v -3.541667 20.000000 -208.737383
v -3.333333 20.000000 -208.737383
v -3.125000 20.000000 -208.737383
v -2.916667 20.000000 -208.737383
v -2.708333 20.000000 -208.737383
v -2.500000 20.000000 -208.737383
v -2.291667 20.000000 -208.737383
v -2.083333 20.000000 -208.737383
v -1.875000 20.000000 -208.737383
v -1.666667 20.000000 -208.737383
v -1.458333 20.000000 -208.737383
v -1.250000 20.000000 -208.737383
v -1.041667 20.000000 -208.737383
v -0.833333 20.000000 -208.737383
v -0.625000 20.000000 -208.737383
v -0.416667 20.000000 -208.737383
v -0.208333 20.000000 -208.737383
v 0.000000 20.000000 -208.737383
v 0.208333 20.000000 -208.737383
v 0.416667 20.000000 -208.737383
v 0.625000 20.000000 -208.737383
v 0.833333 20.000000 -208.737383
v 1.041667 20.000000 -208.737383
v 1.250000 20.000000 -208.737383
v 1.458333 20.000000 -208.737383
v 1.666667 20.000000 -208.737383
v 1.875000 20.000000 -208.737383
v 2.083333 20.000000 -208.737383
v 2.291667 20.000000 -208.737383
v 2.500000 20.000000 -208.737383
v 2.708333 20.000000 -208.737383
v 2.916667 20.000000 -208.737383
v 3.125000 20.000000 -208.737383
v 3.333333 20.000000 -208.737383
v 3.541667 20.000000 -208.737383
v 3.750000 20.000000 -208.737383
v 3.958333 20.000000 -208.737383
v 4.166667 20.000000 -208.737383
v 4.375000 20.000000 -208.737383
v 4.583333 20.000000 -208.737383
v 4.791667 20.000000 -208.737383
v 5.000000 20.000000 -208.737383
v -5.000000 20.000000 -200.039992
v -4.791667 20.000000 -200.039992
v -4.583333 20.000000 -200.039992
v -4.375000 20.000000 -200.039992
v -4.166667 20.000000 -200.039992
v -3.958333 20.000000 -200.039992
v -3.750000 20.000000 -200.039992
v -3.541667 20.000000 -200.039992
v -3.333333 20.000000 -200.039992
v -3.125000 20.000000 -200.039992
v -2.916667 20.000000 -200.039992
v -2.708333 20.000000 -200.039992
v -2.500000 20.000000 -200.039992
v -2.291667 20.000000 -200.039992
v -2.083333 20.000000 -200.039992
v -1.875000 20.000000 -200.039992
v -1.666667 20.000000 -200.039992
v -1.458333 20.000000 -200.039992
v -1.250000 20.000000 -200.039992
v -1.041667 20.000000 -200.039992
v -0.833333 20.000000 -200.039992
v -0.625000 20.000000 -200.039992
v -0.416667 20.000000 -200.039992
v -0.208333 20.000000 -200.039992
v 0.000000 20.000000 -200.039992
v 0.208333 20.000000 -200.039992
v 0.416667 20.000000 -200.039992
v 0.625000 20.000000 -200.039992
v 0.833333 20.000000 -200.039992
v 1.041667 20.000000 -200.039992
v 1.250000 20.000000 -200.039992
v 1.458333 20.000000 -200.039992
v 1.666667 20.000000 -200.039992
v 1.875000 20.000000 -200.039992
v 2.083333 20.000000 -200.039992
v 2.291667 20.000000 -200.039992
v 2.500000 20.000000 -200.039992
v 2.708333 20.000000 -200.039992
v 2.916667 20.000000 -200.039992
v 3.125000 20.000000 -200.039992
v 3.333333 20.000000 -200.039992
v 3.541667 20.000000 -200.039992
v 3.750000 20.000000 -200.039992
v 3.958333 20.000000 -200.039992
v 4.166667 20.000000 -200.039992
v 4.375000 20.000000 -200.039992
v 4.583333 20.000000 -200.039992
v 4.791667 20.000000 -200.039992
v 5.000000 20.000000 -200.039992
v -5.000000 20.000000 -191.342601
v -4.791667 20.000000 -191.342601
v -4.583333 20.000000 -191.342601
v -4.375000 20.000000 -191.342601
v -4.166667 20.000000 -191.342601
v -3.958333 20.000000 -191.342601
v -3.750000 20.000000 -191.342601
v -3.541667 20.000000 -191.342601
v -3.333333 20.000000 -191.342601
v -3.125000 20.000000 -191.342601
v -2.916667 20.000000 -191.342601
v -2.708333 20.000000 -191.342601
v -2.500000 20.000000 -191.342601
v -2.291667 20.000000 -191.342601
v -2.083333 20.000000 -191.342601
v -1.875000 20.000000 -191.342601
v -1.666667 20.000000 -191.342601
v -1.458333 20.000000 -191.342601
v -1.250000 20.000000 -191.342601
v -1.041667 20.000000 -191.342601
v -0.833333 20.000000 -191.342601
v -0.625000 20.000000 -191.342601
v -0.416667 20.000000 -191.342601
v -0.208333 20.000000 -191.342601
v 0.000000 20.000000 -191.342601
v 0.208333 20.000000 -191.342601
v 0.416667 20.000000 -191.342601
v 0.625000 20.000000 -191.342601
v 0.833333 20.000000 -191.342601
v 1.041667 20.000000 -191.342601
v 1.250000 20.000000 -191.342601
v 1.458333 20.000000 -191.342601
v 1.666667 20.000000 -191.342601
v 1.875000 20.000000 -191.342601
v 2.083333 20.000000 -191.342601
v 2.291667 20.000000 -191.342601
v 2.500000 20.000000 -191.342601
v 2.708333 20.000000 -191.342601
v 2.916667 20.000000 -191.342601
v 3.125000 20.000000 -191.342601
v 3.333333 20.000000 -191.342601
v 3.541667 20.000000 -191.342601
v 3.750000 20.000000 -191.342601
v 3.958333 20.000000 -191.342601
v 4.166667 20.000000 -191.342601
v 4.375000 20.000000 -191.342601
v 4.583333 20.000000 -191.342601
v 4.791667 20.000000 -191.342601
v 5.000000 20.000000 -191.342601
v -5.000000 20.000000 -182.645210
v -4.791667 20.000000 -182.645210
v -4.583333 20.000000 -182.645210
v -4.375000 20.000000 -182.645210
v -4.166667 20.000000 -182.645210
v -3.958333 20.000000 -182.645210
v -3.750000 20.000000 -182.645210
v -3.541667 20.000000 -182.645210
v -3.333333 20.000000 -182.645210
v -3.125000 20.000000 -182.645210
v -2.916667 20.000000 -182.645210
v -2.708333 20.000000 -182.645210
v -2.500000 20.000000 -182.645210
v -2.291667 20.000000 -182.645210
v -2.083333 20.000000 -182.645210
v -1.875000 20.000000 -182.645210
v -1.666667 20.000000 -182.645210
v -1.458333 20.000000 -182.645210
v -1.250000 20.000000 -182.645210
v -1.041667 20.000000 -182.645210
v -0.833333 20.000000 -182.645210
v -0.625000 20.000000 -182.645210
v -0.416667 20.000000 -182.645210
v -0.208333 20.000000 -182.645210
v 0.000000 20.000000 -182.645210
v 0.208333 20.000000 -182.645210
v 0.416667 20.000000 -182.645210
v 0.625000 20.000000 -182.645210
v 0.833333 20.000000 -182.645210
v 1.041667 20.000000 -182.645210
v 1.250000 20.000000 -182.645210
v 1.458333 20.000000 -182.645210
v 1.666667 20.000000 -182.645210
v 1.875000 20.000000 -182.645210
v 2.083333 20.000000 -182.645210
v 2.291667 20.000000 -182.645210
v 2.500000 20.000000 -182.645210
v 2.708333 20.000000 -182.645210
v 2.916667 20.000000 -182.645210
v 3.125000 20.000000 -182.645210
v 3.333333 20.000000 -182.645210
v 3.541667 20.000000 -182.645210
v 3.750000 20.000000 -182.645210
v 3.958333 20.000000 -182.645210
v 4.166667 20.000000 -182.645210
v 4.375000 20.000000 -182.645210
v 4.583333 20.000000 -182.645210
v 4.791667 20.000000 -182.645210
v 5.000000 20.000000 -182.645210
v -5.000000 20.000000 -173.947819
v -4.791667 20.000000 -173.947819
v -4.583333 20.000000 -173.947819
v -4.375000 20.000000 -173.947819
v -4.166667 20.000000 -173.947819
v -3.958333 20.000000 -173.947819
v -3.750000 20.000000 -173.947819
v -3.541667 20.000000 -173.947819
v -3.333333 20.000000 -173.947819
v -3.125000 20.000000 -173.947819
v -2.916667 20.000000 -173.947819
v -2.708333 20.000000 -173.947819
v -2.500000 20.000000 -173.947819
v -2.291667 20.000000 -173.947819
v -2.083333 20.000000 -173.947819
v -1.875000 20.000000 -173.947819
v -1.666667 20.000000 -173.947819
v -1.458333 20.000000 -173.947819
v -1.250000 20.000000 -173.947819
v -1.041667 20.000000 -173.947819
v -0.833333 20.000000 -173.947819
v -0.625000 20.000000 -173.947819
v -0.416667 20.000000 -173.947819
v -0.208333 20.000000 -173.947819
v 0.000000 20.000000 -173.947819
v 0.208333 20.000000 -173.947819
v 0.416667 20.000000 -173.947819
v 0.625000 20.000000 -173.947819
v 0.833333 20.000000 -173.947819
v 1.041667 20.000000 -173.947819
v 1.250000 20.000000 -173.947819
v 1.458333 20.000000 -173.947819
v 1.666667 20.000000 -173.947819
v 1.875000 20.000000 -173.947819
v 2.083333 20.000000 -173.947819
v 2.291667 20.000000 -173.947819
v 2.500000 20.000000 -173.947819
v 2.708333 20.000000 -173.947819
v 2.916667 20.000000 -173.947819
v 3.125000 20.000000 -173.947819
v 3.333333 20.000000 -173.947819
v 3.541667 20.000000 -173.947819
v 3.750000 20.000000 -173.947819
v 3.958333 20.000000 -173.947819
v 4.166667 20.000000 -173.947819
v 4.375000 20.000000 -173.947819
v 4.583333 20.000000 -173.947819
v 4.791667 20.000000 -173.947819
v 5.000000 20.000000 -173.947819
v -5.000000 20.000000 -165.250428
v -4.791667 20.000000 -165.250428
v -4.583333 20.000000 -165.250428
v -4.375000 20.000000 -165.250428
v -4.166667 20.000000 -165.250428
v -3.958333 20.000000 -165.250428
v -3.750000 20.000000 -165.250428
v -3.541667 20.000000 -165.250428
v -3.333333 20.000000 -165.250428
v -3.125000 20.000000 -165.250428
v -2.916667 20.000000 -165.250428
v -2.708333 20.000000 -165.250428
v -2.500000 20.000000 -165.250428
v -2.291667 20.000000 -165.250428
v -2.083333 20.000000 -165.250428
v -1.875000 20.000000 -165.250428
v -1.666667 20.000000 -165.250428
v -1.458333 20.000000 -165.250428
v -1.250000 20.000000 -165.250428
v -1.041667 20.000000 -165.250428
v -0.833333 20.000000 -165.250428
v -0.625000 20.000000 -165.250428
v -0.416667 20.000000 -165.250428
v -0.208333 20.000000 -165.250428
v 0.000000 20.000000 -165.250428
v 0.208333 20.000000 -165.250428
v 0.416667 20.000000 -165.250428
v 0.625000 20.000000 -165.250428
v 0.833333 20.000000 -165.250428
v 1.041667 20.000000 -165.250428
v 1.250000 20.000000 -165.250428
v 1.458333 20.000000 -165.250428
v 1.666667 20.000000 -165.250428
v 1.875000 20.000000 -165.250428
v 2.083333 20.000000 -165.250428
v 2.291667 20.000000 -165.250428
v 2.500000 20.000000 -165.250428
v 2.708333 20.000000 -165.250428
v 2.916667 20.000000 -165.250428
v 3.125000 20.000000 -165.250428
v 3.333333 20.000000 -165.250428
v 3.541667 20.000000 -165.250428
v 3.750000 20.000000 -165.250428
v 3.958333 20.000000 -165.250428
v 4.166667 20.000000 -165.250428
v 4.375000 20.000000 -165.250428
v 4.583333 20.000000 -165.250428
v 4.791667 20.000000 -165.250428
v 5.000000 20.000000 -165.250428
v -5.000000 20.000000 -156.553037
v -4.791667 20.000000 -156.553037
v -4.583333 20.000000 -156.553037
v -4.375000 20.000000 -156.553037
v -4.166667 20.000000 -156.553037
v -3.958333 20.000000 -156.553037
v -3.750000 20.000000 -156.553037
v -3.541667 20.000000 -156.553037
v -3.333333 20.000000 -156.553037
v -3.125000 20.000000 -156.553037
v -2.916667 20.000000 -156.553037
v -2.708333 20.000000 -156.553037
v -2.500000 20.000000 -156.553037
v -2.291667 20.000000 -156.553037
v -2.083333 20.000000 -156.553037
v -1.875000 20.000000 -156.553037
v -1.666667 20.000000 -156.553037
v -1.458333 20.000000 -156.553037
v -1.250000 20.000000 -156.553037
v -1.041667 20.000000 -156.553037
v -0.833333 20.000000 -156.553037
v -0.625000 20.000000 -156.553037
v -0.416667 20.000000 -156.553037
v -0.208333 20.000000 -156.553037
v 0.000000 20.000000 -156.553037
v 0.208333 20.000000 -156.553037
v 0.416667 20.000000 -156.553037
v 0.625000 20.000000 -156.553037
v 0.833333 20.000000 -156.553037
v 1.041667 20.000000 -156.553037
v 1.250000 20.000000 -156.553037
v 1.458333 20.000000 -156.553037
v 1.666667 20.000000 -156.553037
v 1.875000 20.000000 -156.553037
v 2.083333 20.000000 -156.553037
v 2.291667 20.000000 -156.553037
v 2.500000 20.000000 -156.553037
v 2.708333 20.000000 -156.553037
v 2.916667 20.000000 -156.553037
v 3.125000 20.000000 -156.553037
v 3.333333 20.000000 -156.553037
v 3.541667 20.000000 -156.553037
v 3.750000 20.000000 -156.553037
v 3.958333 20.000000 -156.553037
v 4.166667 20.000000 -156.553037
v 4.375000 20.000000 -156.553037
v 4.583333 20.000000 -156.553037
v 4.791667 20.000000 -156.553037
v 5.000000 20.000000 -156.553037
v -5.000000 20.000000 -147.855646
v -4.791667 20.000000 -147.855646
v -4.583333 20.000000 -147.855646
v -4.375000 20.000000 -147.855646
v -4.166667 20.000000 -147.855646
v -3.958333 20.000000 -147.855646
v -3.750000 20.000000 -147.855646
v -3.541667 20.000000 -147.855646
v -3.333333 20.000000 -147.855646
v -3.125000 20.000000 -147.855646
v -2.916667 20.000000 -147.855646
v -2.708333 20.000000 -147.855646
v -2.500000 20.000000 -147.855646
v -2.291667 20.000000 -147.855646
v -2.083333 20.000000 -147.855646
v -1.875000 20.000000 -147.855646
v -1.666667 20.000000 -147.855646
v -1.458333 20.000000 -147.855646
v -1.250000 20.000000 -147.855646
v -1.041667 20.000000 -147.855646
v -0.833333 20.000000 -147.855646
v -0.625000 20.000000 -147.855646
v -0.416667 20.000000 -147.855646
v -0.208333 20.000000 -147.855646
v 0.000000 20.000000 -147.855646
v 0.208333 20.000000 -147.855646
v 0.416667 20.000000 -147.855646
v 0.625000 20.000000 -147.855646
v 0.833333 20.000000 -147.855646
v 1.041667 20.000000 -147.855646
v 1.250000 20.000000 -147.855646
v 1.458333 20.000000 -147.855646
v 1.666667 20.000000 -147.855646
v 1.875000 20.000000 -147.855646
v 2.083333 20.000000 -147.855646
v 2.291667 20.000000 -147.855646
v 2.500000 20.000000 -147.855646
v 2.708333 20.000000 -147.855646
v 2.916667 20.000000 -147.855646
v 3.125000 20.000000 -147.855646
v 3.333333 20.000000 -147.855646
v 3.541667 20.000000 -147.855646
v 3.750000 20.000000 -147.855646
v 3.958333 20.000000 -147.855646
v 4.166667 20.000000 -147.855646
v 4.375000 20.000000 -147.855646
v 4.583333 20.000000 -147.855646
v 4.791667 20.000000 -147.855646
v 5.000000 20.000000 -147.855646
v -5.000000 20.000000 -139.158255
v -4.791667 20.000000 -139.158255
v -4.583333 20.000000 -139.158255
v -4.375000 20.000000 -139.158255
v -4.166667 20.000000 -139.158255
v -3.958333 20.000000 -139.158255
v -3.750000 20.000000 -139.158255
v -3.541667 20.000000 -139.158255
v -3.333333 20.000000 -139.158255
v -3.125000 20.000000 -139.158255
v -2.916667 20.000000 -139.158255
v -2.708333 20.000000 -139.158255
v -2.500000 20.000000 -139.158255
v -2.291667 20.000000 -139.158255
v -2.083333 20.000000 -139.158255
v -1.875000 20.000000 -139.158255
v -1.666667 20.000000 -139.158255
v -1.458333 20.000000 -139.158255
v -1.250000 20.000000 -139.158255
v -1.041667 20.000000 -139.158255
v -0.833333 20.000000 -139.158255
v -0.625000 20.000000 -139.158255
v -0.416667 20.000000 -139.158255
v -0.208333 20.000000 -139.158255
v 0.000000 20.000000 -139.158255
v 0.208333 20.000000 -139.158255
v 0.416667 20.000000 -139.158255
v 0.625000 20.000000 -139.158255
v 0.833333 20.000000 -139.158255
v 1.041667 20.000000 -139.158255
v 1.250000 20.000000 -139.158255
v 1.458333 20.000000 -139.158255
v 1.666667 20.000000 -139.158255
v 1.875000 20.000000 -139.158255
v 2.083333 20.000000 -139.158255
v 2.291667 20.000000 -139.158255
v 2.500000 20.000000 -139.158255
v 2.708333 20.000000 -139.158255
v 2.916667 20.000000 -139.158255
v 3.125000 20.000000 -139.158255
v 3.333333 20.000000 -139.158255
v 3.541667 20.000000 -139.158255
v 3.750000 20.000000 -139.158255
v 3.958333 20.000000 -139.158255
v 4.166667 20.000000 -139.158255
v 4.375000 20.000000 -139.158255
v 4.583333 20.000000 -139.158255
v 4.791667 20.000000 -139.158255
v 5.000000 20.000000 -139.158255
v -5.000000 20.000000 -130.460864
v -4.791667 20.000000 -130.460864
v -4.583333 20.000000 -130.460864
v -4.375000 20.000000 -130.460864
v -4.166667 20.000000 -130.460864
v -3.958333 20.000000 -130.460864
v -3.750000 20.000000 -130.460864
v -3.541667 20.000000 -130.460864
v -3.333333 20.000000 -130.460864
v -3.125000 20.000000 -130.460864
v -2.916667 20.000000 -130.460864
v -2.708333 20.000000 -130.460864
v -2.500000 20.000000 -130.460864
v -2.291667 20.000000 -130.460864
v -2.083333 20.000000 -130.460864
v -1.875000 20.000000 -130.460864
v -1.666667 20.000000 -130.460864
v -1.458333 20.000000 -130.460864
v -1.250000 20.000000 -130.460864
v -1.041667 20.000000 -130.460864
v -0.833333 20.000000 -130.460864
v -0.625000 20.000000 -130.460864
v -0.416667 20.000000 -130.460864
v -0.208333 20.000000 -130.460864
v 0.000000 20.000000 -130.460864
v 0.208333 20.000000 -130.460864
v 0.416667 20.000000 -130.460864
v 0.625000 20.000000 -130.460864
v 0.833333 20.000000 -130.460864
v 1.041667 20.000000 -130.460864
v 1.250000 20.000000 -130.460864
v 1.458333 20.000000 -130.460864
v 1.666667 20.000000 -130.460864
v 1.875000 20.000000 -130.460864
v 2.083333 20.000000 -130.460864
v 2.291667 20.000000 -130.460864
v 2.500000 20.000000 -130.460864
v 2.708333 20.000000 -130.460864
v 2.916667 20.000000 -130.460864
v 3.125000 20.000000 -130.460864
v 3.333333 20.000000 -130.460864
v 3.541667 20.000000 -130.460864
v 3.750000 20.000000 -130.460864
v 3.958333 20.000000 -130.460864
v 4.166667 20.000000 -130.460864
v 4.375000 20.000000 -130.460864
v 4.583333 20.000000 -130.460864
v 4.791667 20.000000 -130.460864
v 5.000000 20.000000 -130.460864
v -5.000000 20.000000 -121.763473
v -4.791667 20.000000 -121.763473
v -4.583333 20.000000 -121.763473
v -4.375000 20.000000 -121.763473
v -4.166667 20.000000 -121.763473
v -3.958333 20.000000 -121.763473
v -3.750000 20.000000 -121.763473
v -3.541667 20.000000 -121.763473
v -3.333333 20.000000 -121.763473
v -3.125000 20.000000 -121.763473
v -2.916667 20.000000 -121.763473
v -2.708333 20.000000 -121.763473
v -2.500000 20.000000 -121.763473
v -2.291667 20.000000 -121.763473
v -2.083333 20.000000 -121.763473
v -1.875000 20.000000 -121.763473
v -1.666667 20.000000 -121.763473
v -1.458333 20.000000 -121.763473
v -1.250000 20.000000 -121.763473
v -1.041667 20.000000 -121.763473
v -0.833333 20.000000 -121.763473
v -0.625000 20.000000 -121.763473
v -0.416667 20.000000 -121.763473
v -0.208333 20.000000 -121.763473
v 0.000000 20.000000 -121.763473
v 0.208333 20.000000 -121.763473
v 0.416667 20.000000 -121.763473
v 0.625000 20.000000 -121.763473
v 0.833333 20.000000 -121.763473
v 1.041667 20.000000 -121.763473
v 1.250000 20.000000 -121.763473
v 1.458333 20.000000 -121.763473
v 1.666667 20.000000 -121.763473
v 1.875000 20.000000 -121.763473
v 2.083333 20.000000 -121.763473
v 2.291667 20.000000 -121.763473
v 2.500000 20.000000 -121.763473
v 2.708333 20.000000 -121.763473
v 2.916667 20.000000 -121.763473
v 3.125000 20.000000 -121.763473
v 3.333333 20.000000 -121.763473
v 3.541667 20.000000 -121.763473
v 3.750000 20.000000 -121.763473
v 3.958333 20.000000 -121.763473
v 4.166667 20.000000 -121.763473
v 4.375000 20.000000 -121.763473
v 4.583333 20.000000 -121.763473
v 4.791667 20.000000 -121.763473
v 5.000000 20.000000 -121.763473
v -5.000000 20.000000 -113.066082
v -4.791667 20.000000 -113.066082
v -4.583333 20.000000 -113.066082
v -4.375000 20.000000 -113.066082
v -4.166667 20.000000 -113.066082
v -3.958333 20.000000 -113.066082
v -3.750000 20.000000 -113.066082
v -3.541667 20.000000 -113.066082
v -3.333333 20.000000 -113.066082
v -3.125000 20.000000 -113.066082
v -2.916667 20.000000 -113.066082
v -2.708333 20.000000 -113.066082
v -2.500000 20.000000 -113.066082
v -2.291667 20.000000 -113.066082
v -2.083333 20.000000 -113.066082
v -1.875000 20.000000 -113.066082
v -1.666667 20.000000 -113.066082
v -1.458333 20.000000 -113.066082
v -1.250000 20.000000 -113.066082
v -1.041667 20.000000 -113.066082
v -0.833333 20.000000 -113.066082
v -0.625000 20.000000 -113.066082
v -0.416667 20.000000 -113.066082
v -0.208333 20.000000 -113.066082
v 0.000000 20.000000 -113.066082
v 0.208333 20.000000 -113.066082
v 0.416667 20.000000 -113.066082
v 0.625000 20.000000 -113.066082
v 0.833333 20.000000 -113.066082
v 1.041667 20.000000 -113.066082
v 1.250000 20.000000 -113.066082
v 1.458333 20.000000 -113.066082
v 1.666667 20.000000 -113.066082
v 1.875000 20.000000 -113.066082
v 2.083333 20.000000 -113.066082
v 2.291667 20.000000 -113.066082
v 2.500000 20.000000 -113.066082
v 2.708333 20.000000 -113.066082
v 2.916667 20.000000 -113.066082
v 3.125000 20.000000 -113.066082
v 3.333333 20.000000 -113.066082
v 3.541667 20.000000 -113.066082
v 3.750000 20.000000 -113.066082
v 3.958333 20.000000 -113.066082
v 4.166667 20.000000 -113.066082
v 4.375000 20.000000 -113.066082
v 4.583333 20.000000 -113.066082
v 4.791667 20.000000 -113.066082
v 5.000000 20.000000 -113.066082
v -5.000000 20.000000 -104.368691
v -4.791667 20.000000 -104.368691
v -4.583333 20.000000 -104.368691
v -4.375000 20.000000 -104.368691
v -4.166667 20.000000 -104.368691
v -3.958333 20.000000 -104.368691
v -3.750000 20.000000 -104.368691
v -3.541667 20.000000 -104.368691
v -3.333333 20.000000 -104.368691
v -3.125000 20.000000 -104.368691
v -2.916667 20.000000 -104.368691
v -2.708333 20.000000 -104.368691
v -2.500000 20.000000 -104.368691
v -2.291667 20.000000 -104.368691
v -2.083333 20.000000 -104.368691
v -1.875000 20.000000 -104.368691
v -1.666667 20.000000 -104.368691
v -1.458333 20.000000 -104.368691
v -1.250000 20.000000 -104.368691
v -1.041667 20.000000 -104.368691
v -0.833333 20.000000 -104.368691
v -0.625000 20.000000 -104.368691
v -0.416667 20.000000 -104.368691
v -0.208333 20.000000 -104.368691
v 0.000000 20.000000 -104.368691
v 0.208333 20.000000 -104.368691
v 0.416667 20.000000 -104.368691
v 0.625000 20.000000 -104.368691
v 0.833333 20.000000 -104.368691
v 1.041667 20.000000 -104.368691
v 1.250000 20.000000 -104.368691
v 1.458333 20.000000 -104.368691
v 1.666667 20.000000 -104.368691
v 1.875000 20.000000 -104.368691
v 2.083333 20.000000 -104.368691
v 2.291667 20.000000 -104.368691
v 2.500000 20.000000 -104.368691
v 2.708333 20.000000 -104.368691
v 2.916667 20.000000 -104.368691
v 3.125000 20.000000 -104.368691
v 3.333333 20.000000 -104.368691
v 3.541667 20.000000 -104.368691
v 3.750000 20.000000 -104.368691
v 3.958333 20.000000 -104.368691
v 4.166667 20.000000 -104.368691
v 4.375000 20.000000 -104.368691
v 4.583333 20.000000 -104.368691
v 4.791667 20.000000 -104.368691
v 5.000000 20.000000 -104.368691
v -5.000000 20.000000 -95.671300
v -4.791667 20.000000 -95.671300
v -4.583333 20.000000 -95.671300
v -4.375000 20.000000 -95.671300
v -4.166667 20.000000 -95.671300
v -3.958333 20.000000 -95.671300
v -3.750000 20.000000 -95.671300
v -3.541667 20.000000 -95.671300
v -3.333333 20.000000 -95.671300
v -3.125000 20.000000 -95.671300
v -2.916667 20.000000 -95.671300
v -2.708333 20.000000 -95.671300
v -2.500000 20.000000 -95.671300
v -2.291667 20.000000 -95.671300
v -2.083333 20.000000 -95.671300
v -1.875000 20.000000 -95.671300
v -1.666667 20.000000 -95.671300
v -1.458333 20.000000 -95.671300
v -1.250000 20.000000 -95.671300
v -1.041667 20.000000 -95.671300
v -0.833333 20.000000 -95.671300
v -0.625000 20.000000 -95.671300
v -0.416667 20.000000 -95.671300
v -0.208333 20.000000 -95.671300
v 0.000000 20.000000 -95.671300
v 0.208333 20.000000 -95.671300
v 0.416667 20.000000 -95.671300
v 0.625000 20.000000 -95.671300
v 0.833333 20.000000 -95.671300
v 1.041667 20.000000 -95.671300
v 1.250000 20.000000 -95.671300
v 1.458333 20.000000 -95.671300
v 1.666667 20.000000 -95.671300
v 1.875000 20.000000 -95.671300
v 2.083333 20.000000 -95.671300
v 2.291667 20.000000 -95.671300
v 2.500000 20.000000 -95.671300
v 2.708333 20.000000 -95.671300
v 2.916667 20.000000 -95.671300
v 3.125000 20.000000 -95.671300
v 3.333333 20.000000 -95.671300
v 3.541667 20.000000 -95.671300
v 3.750000 20.000000 -95.671300
v 3.958333 20.000000 -95.671300
v 4.166667 20.000000 -95.671300
v 4.375000 20.000000 -95.671300
v 4.583333 20.000000 -95.671300
v 4.791667 20.000000 -95.671300
v 5.000000 20.000000 -95.671300
v -5.000000 20.000000 -86.973909
v -4.791667 20.000000 -86.973909
v -4.583333 20.000000 -86.973909
v -4.375000 20.000000 -86.973909
v -4.166667 20.000000 -86.973909
v -3.958333 20.000000 -86.973909
v -3.750000 20.000000 -86.973909
v -3.541667 20.000000 -86.973909
v -3.333333 20.000000 -86.973909
v -3.125000 20.000000 -86.973909
v -2.916667 20.000000 -86.973909
v -2.708333 20.000000 -86.973909
v -2.500000 20.000000 -86.973909
v -2.291667 20.000000 -86.973909
v -2.083333 20.000000 -86.973909
v -1.875000 20.000000 -86.973909
v -1.666667 20.000000 -86.973909
v -1.458333 20.000000 -86.973909
v -1.250000 20.000000 -86.973909
v -1.041667 20.000000 -86.973909
v -0.833333 20.000000 -86.973909
v -0.625000 20.000000 -86.973909
v -0.416667 20.000000 -86.973909
v -0.208333 20.000000 -86.973909
v 0.000000 20.000000 -86.973909
v 0.208333 20.000000 -86.973909
v 0.416667 20.000000 -86.973909
v 0.625000 20.000000 -86.973909
v 0.833333 20.000000 -86.973909
v 1.041667 20.000000 -86.973909
v 1.250000 20.000000 -86.973909
v 1.458333 20.000000 -86.973909
v 1.666667 20.000000 -86.973909
v 1.875000 20.000000 -86.973909
v 2.083333 20.000000 -86.973909
v 2.291667 20.000000 -86.973909
v 2.500000 20.000000 -86.973909
v 2.708333 20.000000 -86.973909
v 2.916667 20.000000 -86.973909
v 3.125000 20.000000 -86.973909
v 3.333333 20.000000 -86.973909
v 3.541667 20.000000 -86.973909
v 3.750000 20.000000 -86.973909
v 3.958333 20.000000 -86.973909
v 4.166667 20.000000 -86.973909
v 4.375000 20.000000 -86.973909
v 4.583333 20.000000 -86.973909
v 4.791667 20.000000 -86.973909
v 5.000000 20.000000 -86.973909
v -5.000000 20.000000 -78.276518
v -4.791667 20.000000 -78.276518
v -4.583333 20.000000 -78.276518
v -4.375000 20.000000 -78.276518
v -4.166667 20.000000 -78.276518
v -3.958333 20.000000 -78.276518
v -3.750000 20.000000 -78.276518
v -3.541667 20.000000 -78.276518
v -3.333333 20.000000 -78.276518
v -3.125000 20.000000 -78.276518
v -2.916667 20.000000 -78.276518
v -2.708333 20.000000 -78.276518
v -2.500000 20.000000 -78.276518
v -2.291667 20.000000 -78.276518
v -2.083333 20.000000 -78.276518
v -1.875000 20.000000 -78.276518
v -1.666667 20.000000 -78.276518
v -1.458333 20.000000 -78.276518
v -1.250000 20.000000 -78.276518
v -1.041667 20.000000 -78.276518
v -0.833333 20.000000 -78.276518
v -0.625000 20.000000 -78.276518
v -0.416667 20.000000 -78.276518
v -0.208333 20.000000 -78.276518
v 0.000000 20.000000 -78.276518
v 0.208333 20.000000 -78.276518
v 0.416667 20.000000 -78.276518
v 0.625000 20.000000 -78.276518
v 0.833333 20.000000 -78.276518
v 1.041667 20.000000 -78.276518
v 1.250000 20.000000 -78.276518
v 1.458333 20.000000 -78.276518
v 1.666667 20.000000 -78.276518
v 1.875000 20.000000 -78.276518
v 2.083333 20.000000 -78.276518
v 2.291667 20.000000 -78.276518
v 2.500000 20.000000 -78.276518
v 2.708333 20.000000 -78.276518
v 2.916667 20.000000 -78.276518
v 3.125000 20.000000 -78.276518
v 3.333333 20.000000 -78.276518
v 3.541667 20.000000 -78.276518
v 3.750000 20.000000 -78.276518
v 3.958333 20.000000 -78.276518
v 4.166667 20.000000 -78.276518
v 4.375000 20.000000 -78.276518
v 4.583333 20.000000 -78.276518
v 4.791667 20.000000 -78.276518
v 5.000000 20.000000 -78.276518
v -5.000000 20.000000 -69.579128
v -4.791667 20.000000 -69.579128
v -4.583333 20.000000 -69.579128
v -4.375000 20.000000 -69.579128
v -4.166667 20.000000 -69.579128
v -3.958333 20.000000 -69.579128
v -3.750000 20.000000 -69.579128
v -3.541667 20.000000 -69.579128
v -3.333333 20.000000 -69.579128
v -3.125000 20.000000 -69.579128
v -2.916667 20.000000 -69.579128
v -2.708333 20.000000 -69.579128
v -2.500000 20.000000 -69.579128
v -2.291667 20.000000 -69.579128
v -2.083333 20.000000 -69.579128
v -1.875000 20.000000 -69.579128
v -1.666667 20.000000 -69.579128
v -1.458333 20.000000 -69.579128
v -1.250000 20.000000 -69.579128
v -1.041667 20.000000 -69.579128
v -0.833333 20.000000 -69.579128
v -0.625000 20.000000 -69.579128
v -0.416667 20.000000 -69.579128
v -0.208333 20.000000 -69.579128
v 0.000000 20.000000 -69.579128
v 0.208333 20.000000 -69.579128
v 0.416667 20.000000 -69.579128
v 0.625000 20.000000 -69.579128
v 0.833333 20.000000 -69.579128
v 1.041667 20.000000 -69.579128
v 1.250000 20.000000 -69.579128
v 1.458333 20.000000 -69.579128
v 1.666667 20.000000 -69.579128
v 1.875000 20.000000 -69.579128
v 2.083333 20.000000 -69.579128
v 2.291667 20.000000 -69.579128
v 2.500000 20.000000 -69.579128
v 2.708333 20.000000 -69.579128
v 2.916667 20.000000 -69.579128
v 3.125000 20.000000 -69.579128
v 3.333333 20.000000 -69.579128
v 3.541667 20.000000 -69.579128
v 3.750000 20.000000 -69.579128
v 3.958333 20.000000 -69.579128
v 4.166667 20.000000 -69.579128
v 4.375000 20.000000 -69.579128
v 4.583333 20.000000 -69.579128
v 4.791667 20.000000 -69.579128
v 5.000000 20.000000 -69.579128
v -5.000000 20.000000 -60.881737
v -4.791667 20.000000 -60.881737
v -4.583333 20.000000 -60.881737
v -4.375000 20.000000 -60.881737
v -4.166667 20.000000 -60.881737
v -3.958333 20.000000 -60.881737
v -3.750000 20.000000 -60.881737
v -3.541667 20.000000 -60.881737
v -3.333333 20.000000 -60.881737
v -3.125000 20.000000 -60.881737
v -2.916667 20.000000 -60.881737
v -2.708333 20.000000 -60.881737
v -2.500000 20.000000 -60.881737
v -2.291667 20.000000 -60.881737
v -2.083333 20.000000 -60.881737
v -1.875000 20.000000 -60.881737
v -1.666667 20.000000 -60.881737
v -1.458333 20.000000 -60.881737
v -1.250000 20.000000 -60.881737
v -1.041667 20.000000 -60.881737
v -0.833333 20.000000 -60.881737
v -0.625000 20.000000 -60.881737
v -0.416667 20.000000 -60.881737
v -0.208333 20.000000 -60.881737
v 0.000000 20.000000 -60.881737
v 0.208333 20.000000 -60.881737
v 0.416667 20.000000 -60.881737
v 0.625000 20.000000 -60.881737
v 0.833333 20.000000 -60.881737
v 1.041667 20.000000 -60.881737
v 1.250000 20.000000 -60.881737
v 1.458333 20.000000 -60.881737
v 1.666667 20.000000 -60.881737
v 1.875000 20.000000 -60.881737
v 2.083333 20.000000 -60.881737
v 2.291667 20.000000 -60.881737
v 2.500000 20.000000 -60.881737
v 2.708333 20.000000 -60.881737
v 2.916667 20.000000 -60.881737
v 3.125000 20.000000 -60.881737
v 3.333333 20.000000 -60.881737
v 3.541667 20.000000 -60.881737
v 3.750000 20.000000 -60.881737
v 3.958333 20.000000 -60.881737
v 4.166667 20.000000 -60.881737
v 4.375000 20.000000 -60.881737
v 4.583333 20.000000 -60.881737
v 4.791667 20.000000 -60.881737
v 5.000000 20.000000 -60.881737
v -5.000000 20.000000 -52.184346
v -4.791667 20.000000 -52.184346
v -4.583333 20.000000 -52.184346
v -4.375000 20.000000 -52.184346
v -4.166667 20.000000 -52.184346
v -3.958333 20.000000 -52.184346
v -3.750000 20.000000 -52.184346
v -3.541667 20.000000 -52.184346
v -3.333333 20.000000 -52.184346
v -3.125000 20.000000 -52.184346
v -2.916667 20.000000 -52.184346
v -2.708333 20.000000 -52.184346
v -2.500000 20.000000 -52.184346
v -2.291667 20.000000 -52.184346
v -2.083333 20.000000 -52.184346
v -1.875000 20.000000 -52.184346
v -1.666667 20.000000 -52.184346
v -1.458333 20.000000 -52.184346
v -1.250000 20.000000 -52.184346
v -1.041667 20.000000 -52.184346
v -0.833333 20.000000 -52.184346
v -0.625000 20.000000 -52.184346
v -0.416667 20.000000 -52.184346
v -0.208333 20.000000 -52.184346
v 0.000000 20.000000 -52.184346
v 0.208333 20.000000 -52.184346
v 0.416667 20.000000 -52.184346
v 0.625000 20.000000 -52.184346
v 0.833333 20.000000 -52.184346
v 1.041667 20.000000 -52.184346
v 1.250000 20.000000 -52.184346
v 1.458333 20.000000 -52.184346
v 1.666667 20.000000 -52.184346
v 1.875000 20.000000 -52.184346
v 2.083333 20.000000 -52.184346
v 2.291667 20.000000 -52.184346
v 2.500000 20.000000 -52.184346
v 2.708333 20.000000 -52.184346
v 2.916667 20.000000 -52.184346
v 3.125000 20.000000 -52.184346
v 3.333333 20.000000 -52.184346
v 3.541667 20.000000 -52.184346
v 3.750000 20.000000 -52.184346
v 3.958333 20.000000 -52.184346
v 4.166667 20.000000 -52.184346
v 4.375000 20.000000 -52.184346
v 4.583333 20.000000 -52.184346
v 4.791667 20.000000 -52.184346
v 5.000000 20.000000 -52.184346
v -5.000000 20.000000 -43.486955
v -4.791667 20.000000 -43.486955
v -4.583333 20.000000 -43.486955
v -4.375000 20.000000 -43.486955
v -4.166667 20.000000 -43.486955
v -3.958333 20.000000 -43.486955
v -3.750000 20.000000 -43.486955
v -3.541667 20.000000 -43.486955
v -3.333333 20.000000 -43.486955
v -3.125000 20.000000 -43.486955
v -2.916667 20.000000 -43.486955
v -2.708333 20.000000 -43.486955
v -2.500000 20.000000 -43.486955
v -2.291667 20.000000 -43.486955
v -2.083333 20.000000 -43.486955
v -1.875000 20.000000 -43.486955
v -1.666667 20.000000 -43.486955
v -1.458333 20.000000 -43.486955
v -1.250000 20.000000 -43.486955
v -1.041667 20.000000 -43.486955
v -0.833333 20.000000 -43.486955
v -0.625000 20.000000 -43.486955
v -0.416667 20.000000 -43.486955
v -0.208333 20.000000 -43.486955
v 0.000000 20.000000 -43.486955
v 0.208333 20.000000 -43.486955
v 0.416667 20.000000 -43.486955
v 0.625000 20.000000 -43.486955
v 0.833333 20.000000 -43.486955
v 1.041667 20.000000 -43.486955
v 1.250000 20.000000 -43.486955
v 1.458333 20.000000 -43.486955
v 1.666667 20.000000 -43.486955
v 1.875000 20.000000 -43.486955
v 2.083333 20.000000 -43.486955
v 2.291667 20.000000 -43.486955
v 2.500000 20.000000 -43.486955
v 2.708333 20.000000 -43.486955
v 2.916667 20.000000 -43.486955
v 3.125000 20.000000 -43.486955
v 3.333333 20.000000 -43.486955
v 3.541667 20.000000 -43.486955
v 3.750000 20.000000 -43.486955
v 3.958333 20.000000 -43.486955
v 4.166667 20.000000 -43.486955
v 4.375000 20.000000 -43.486955
v 4.583333 20.000000 -43.486955
v 4.791667 20.000000 -43.486955
v 5.000000 20.000000 -43.486955
v -5.000000 20.000000 -34.789564
v -4.791667 20.000000 -34.789564
v -4.583333 20.000000 -34.789564
v -4.375000 20.000000 -34.789564
v -4.166667 20.000000 -34.789564
v -3.958333 20.000000 -34.789564
v -3.750000 20.000000 -34.789564
v -3.541667 20.000000 -34.789564
v -3.333333 20.000000 -34.789564
v -3.125000 20.000000 -34.789564
v -2.916667 20.000000 -34.789564
v -2.708333 20.000000 -34.789564
v -2.500000 20.000000 -34.789564
v -2.291667 20.000000 -34.789564
v -2.083333 20.000000 -34.789564
v -1.875000 20.000000 -34.789564
v -1.666667 20.000000 -34.789564
v -1.458333 20.000000 -34.789564
v -1.250000 20.000000 -34.789564
v -1.041667 20.000000 -34.789564
v -0.833333 20.000000 -34.789564
v -0.625000 20.000000 -34.789564
v -0.416667 20.000000 -34.789564
v -0.208333 20.000000 -34.789564
v 0.000000 20.000000 -34.789564
v 0.208333 20.000000 -34.789564
v 0.416667 20.000000 -34.789564
v 0.625000 20.000000 -34.789564
v 0.833333 20.000000 -34.789564
v 1.041667 20.000000 -34.789564
v 1.250000 20.000000 -34.789564
v 1.458333 20.000000 -34.789564
v 1.666667 20.000000 -34.789564
v 1.875000 20.000000 -34.789564
v 2.083333 20.000000 -34.789564
v 2.291667 20.000000 -34.789564
v 2.500000 20.000000 -34.789564
v 2.708333 20.000000 -34.789564
v 2.916667 20.000000 -34.789564
v 3.125000 20.000000 -34.789564
v 3.333333 20.000000 -34.789564
v 3.541667 20.000000 -34.789564
v 3.750000 20.000000 -34.789564
v 3.958333 20.000000 -34.789564
v 4.166667 20.000000 -34.789564
v 4.375000 20.000000 -34.789564
v 4.583333 20.000000 -34.789564
v 4.791667 20.000000 -34.789564
v 5.000000 20.000000 -34.789564
v -5.000000 20.000000 -26.092173
v -4.791667 20.000000 -26.092173
v -4.583333 20.000000 -26.092173
v -4.375000 20.000000 -26.092173
v -4.166667 20.000000 -26.092173
v -3.958333 20.000000 -26.092173
v -3.750000 20.000000 -26.092173
v -3.541667 20.000000 -26.092173
v -3.333333 20.000000 -26.092173
v -3.125000 20.000000 -26.092173
v -2.916667 20.000000 -26.092173
v -2.708333 20.000000 -26.092173
v -2.500000 20.000000 -26.092173
v -2.291667 20.000000 -26.092173
v -2.083333 20.000000 -26.092173
v -1.875000 20.000000 -26.092173
v -1.666667 20.000000 -26.092173
v -1.458333 20.000000 -26.092173
v -1.250000 20.000000 -26.092173
v -1.041667 20.000000 -26.092173
v -0.833333 20.000000 -26.092173
v -0.625000 20.000000 -26.092173
v -0.416667 20.000000 -26.092173
v -0.208333 20.000000 -26.092173
v 0.000000 20.000000 -26.092173
v 0.208333 20.000000 -26.092173
v 0.416667 20.000000 -26.092173
v 0.625000 20.000000 -26.092173
v 0.833333 20.000000 -26.092173
v 1.041667 20.000000 -26.092173
v 1.250000 20.000000 -26.092173
v 1.458333 20.000000 -26.092173
v 1.666667 20.000000 -26.092173
v 1.875000 20.000000 -26.092173
v 2.083333 20.000000 -26.092173
v 2.291667 20.000000 -26.092173
v 2.500000 20.000000 -26.092173
v 2.708333 20.000000 -26.092173
v 2.916667 20.000000 -26.092173
v 3.125000 20.000000 -26.092173
v 3.333333 20.000000 -26.092173
v 3.541667 20.000000 -26.092173
v 3.750000 20.000000 -26.092173
v 3.958333 20.000000 -26.092173
v 4.166667 20.000000 -26.092173
v 4.375000 20.000000 -26.092173
v 4.583333 20.000000 -26.092173
v 4.791667 20.000000 -26.092173
v 5.000000 20.000000 -26.092173
v -5.000000 20.000000 -17.394782
v -4.791667 20.000000 -17.394782
v -4.583333 20.000000 -17.394782
v -4.375000 20.000000 -17.394782
v -4.166667 20.000000 -17.394782
v -3.958333 20.000000 -17.394782
v -3.750000 20.000000 -17.394782
v -3.541667 20.000000 -17.394782
v -3.333333 20.000000 -17.394782
v -3.125000 20.000000 -17.394782
v -2.916667 20.000000 -17.394782
v -2.708333 20.000000 -17.394782
v -2.500000 20.000000 -17.394782
v -2.291667 20.000000 -17.394782
v -2.083333 20.000000 -17.394782
v -1.875000 20.000000 -17.394782
v -1.666667 20.000000 -17.394782
v -1.458333 20.000000 -17.394782
v -1.250000 20.000000 -17.394782
v -1.041667 20.000000 -17.394782
v -0.833333 20.000000 -17.394782
v -0.625000 20.000000 -17.394782
v -0.416667 20.000000 -17.394782
v -0.208333 20.000000 -17.394782
v 0.000000 20.000000 -17.394782
v 0.208333 20.000000 -17.394782
v 0.416667 20.000000 -17.394782
v 0.625000 20.000000 -17.394782
v 0.833333 20.000000 -17.394782
v 1.041667 20.000000 -17.394782
v 1.250000 20.000000 -17.394782
v 1.458333 20.000000 -17.394782
v 1.666667 20.000000 -17.394782
v 1.875000 20.000000 -17.394782
v 2.083333 20.000000 -17.394782
v 2.291667 20.000000 -17.394782
v 2.500000 20.000000 -17.394782
v 2.708333 20.000000 -17.394782
v 2.916667 20.000000 -17.394782
v 3.125000 20.000000 -17.394782
v 3.333333 20.000000 -17.394782
v 3.541667 20.000000 -17.394782
v 3.750000 20.000000 -17.394782
v 3.958333 20.000000 -17.394782
v 4.166667 20.000000 -17.394782
v 4.375000 20.000000 -17.394782
v 4.583333 20.000000 -17.394782
v 4.791667 20.000000 -17.394782
v 5.000000 20.000000 -17.394782
v -5.000000 20.000000 -8.697391
v -4.791667 20.000000 -8.697391
v -4.583333 20.000000 -8.697391
v -4.375000 20.000000 -8.697391
v -4.166667 20.000000 -8.697391
v -3.958333 20.000000 -8.697391
v -3.750000 20.000000 -8.697391
v -3.541667 20.000000 -8.697391
v -3.333333 20.000000 -8.697391
v -3.125000 20.000000 -8.697391
v -2.916667 20.000000 -8.697391
v -2.708333 20.000000 -8.697391
v -2.500000 20.000000 -8.697391
v -2.291667 20.000000 -8.697391
v -2.083333 20.000000 -8.697391
v -1.875000 20.000000 -8.697391
v -1.666667 20.000000 -8.697391
v -1.458333 20.000000 -8.697391
v -1.250000 20.000000 -8.697391
v -1.041667 20.000000 -8.697391
v -0.833333 20.000000 -8.697391
v -0.625000 20.000000 -8.697391
v -0.416667 20.000000 -8.697391
v -0.208333 20.000000 -8.697391
v 0.000000 20.000000 -8.697391
v 0.208333 20.000000 -8.697391
v 0.416667 20.000000 -8.697391
v 0.625000 20.000000 -8.697391
v 0.833333 20.000000 -8.697391
v 1.041667 20.000000 -8.697391
v 1.250000 20.000000 -8.697391
v 1.458333 20.000000 -8.697391
v 1.666667 20.000000 -8.697391
v 1.875000 20.000000 -8.697391
v 2.083333 20.000000 -8.697391
v 2.291667 20.000000 -8.697391
v 2.500000 20.000000 -8.697391
v 2.708333 20.000000 -8.697391
v 2.916667 20.000000 -8.697391
v 3.125000 20.000000 -8.697391
v 3.333333 20.000000 -8.697391
v 3.541667 20.000000 -8.697391
v 3.750000 20.000000 -8.697391
v 3.958333 20.000000 -8.697391
v 4.166667 20.000000 -8.697391
v 4.375000 20.000000 -8.697391
v 4.583333 20.000000 -8.697391
v 4.791667 20.000000 -8.697391
v 5.000000 20.000000 -8.697391
v -5.000000 20.000000 0.000000
v -4.791667 20.000000 0.000000
v -4.583333 20.000000 0.000000
v -4.375000 20.000000 0.000000
v -4.166667 20.000000 0.000000
v -3.958333 20.000000 0.000000
v -3.750000 20.000000 0.000000
v -3.541667 20.000000 0.000000
v -3.333333 20.000000 0.000000
v -3.125000 20.000000 0.000000
v -2.916667 20.000000 0.000000
v -2.708333 20.000000 0.000000
v -2.500000 20.000000 0.000000
v -2.291667 20.000000 0.000000
v -2.083333 20.000000 0.000000
v -1.875000 20.000000 0.000000
v -1.666667 20.000000 0.000000
v -1.458333 20.000000 0.000000
v -1.250000 20.000000 0.000000
v -1.041667 20.000000 0.000000
v -0.833333 20.000000 0.000000
v -0.625000 20.000000 0.000000
v -0.416667 20.000000 0.000000
v -0.208333 20.000000 0.000000
v 0.000000 20.000000 0.000000
v 0.208333 20.000000 0.000000
v 0.416667 20.000000 0.000000
v 0.625000 20.000000 0.000000
v 0.833333 20.000000 0.000000
v 1.041667 20.000000 0.000000
v 1.250000 20.000000 0.000000
v 1.458333 20.000000 0.000000
v 1.666667 20.000000 0.000000
v 1.875000 20.000000 0.000000
v 2.083333 20.000000 0.000000
v 2.291667 20.000000 0.000000
v 2.500000 20.000000 0.000000
v 2.708333 20.000000 0.000000
v 2.916667 20.000000 0.000000
v 3.125000 20.000000 0.000000
v 3.333333 20.000000 0.000000
v 3.541667 20.000000 0.000000
v 3.750000 20.000000 0.000000
v 3.958333 20.000000 0.000000
v 4.166667 20.000000 0.000000
v 4.375000 20.000000 0.000000
v 4.583333 20.000000 0.000000
v 4.791667 20.000000 0.000000
v 5.000000 20.000000 0.000000
v -5.000000 20.000000 8.697391
v -4.791667 20.000000 8.697391
v -4.583333 20.000000 8.697391
v -4.375000 20.000000 8.697391
v -4.166667 20.000000 8.697391
v -3.958333 20.000000 8.697391
v -3.750000 20.000000 8.697391
v -3.541667 20.000000 8.697391
v -3.333333 20.000000 8.697391
v -3.125000 20.000000 8.697391
v -2.916667 20.000000 8.697391
v -2.708333 20.000000 8.697391
v -2.500000 20.000000 8.697391
v -2.291667 20.000000 8.697391
v -2.083333 20.000000 8.697391
v -1.875000 20.000000 8.697391
v -1.666667 20.000000 8.697391
v -1.458333 20.000000 8.697391
v -1.250000 20.000000 8.697391
v -1.041667 20.000000 8.697391
v -0.833333 20.000000 8.697391
v -0.625000 20.000000 8.697391
v -0.416667 20.000000 8.697391
v -0.208333 20.000000 8.697391
v 0.000000 20.000000 8.697391
v 0.208333 20.000000 8.697391
v 0.416667 20.000000 8.697391
v 0.625000 20.000000 8.697391
v 0.833333 20.000000 8.697391
v 1.041667 20.000000 8.697391
v 1.250000 20.000000 8.697391
v 1.458333 20.000000 8.697391
v 1.666667 20.000000 8.697391
v 1.875000 20.000000 8.697391
v 2.083333 20.000000 8.697391
v 2.291667 20.000000 8.697391
v 2.500000 20.000000 8.697391
v 2.708333 20.000000 8.697391
v 2.916667 20.000000 8.697391
v 3.125000 20.000000 8.697391
v 3.333333 20.000000 8.697391
v 3.541667 20.000000 8.697391
v 3.750000 20.000000 8.697391
v 3.958333 20.000000 8.697391
v 4.166667 20.000000 8.697391
v 4.375000 20.000000 8.697391
v 4.583333 20.000000 8.697391
v 4.791667 20.000000 8.697391
v 5.000000 20.000000 8.697391
v -5.000000 20.000000 17.394782
v -4.791667 20.000000 17.394782
v -4.583333 20.000000 17.394782
v -4.375000 20.000000 17.394782
v -4.166667 20.000000 17.394782
v -3.958333 20.000000 17.394782
v -3.750000 20.000000 17.394782
v -3.541667 20.000000 17.394782
v -3.333333 20.000000 17.394782
v -3.125000 20.000000 17.394782
v -2.916667 20.000000 17.394782
v -2.708333 20.000000 17.394782
v -2.500000 20.000000 17.394782
v -2.291667 20.000000 17.394782
v -2.083333 20.000000 17.394782
v -1.875000 20.000000 17.394782
v -1.666667 20.000000 17.394782
v -1.458333 20.000000 17.394782
v -1.250000 20.000000 17.394782
v -1.041667 20.000000 17.394782
v -0.833333 20.000000 17.394782
v -0.625000 20.000000 17.394782
v -0.416667 20.000000 17.394782
v -0.208333 20.000000 17.394782
v 0.000000 20.000000 17.394782
v 0.208333 20.000000 17.394782
v 0.416667 20.000000 17.394782
v 0.625000 20.000000 17.394782
v 0.833333 20.000000 17.394782
v 1.041667 20.000000 17.394782
v 1.250000 20.000000 17.394782
v 1.458333 20.000000 17.394782
v 1.666667 20.000000 17.394782
v 1.875000 20.000000 17.394782
v 2.083333 20.000000 17.394782
v 2.291667 20.000000 17.394782
v 2.500000 20.000000 17.394782
v 2.708333 20.000000 17.394782
v 2.916667 20.000000 17.394782
v 3.125000 20.000000 17.394782
v 3.333333 20.000000 17.394782
v 3.541667 20.000000 17.394782
v 3.750000 20.000000 17.394782
v 3.958333 20.000000 17.394782
v 4.166667 20.000000 17.394782
v 4.375000 20.000000 17.394782
v 4.583333 20.000000 17.394782
v 4.791667 20.000000 17.394782
v 5.000000 20.000000 17.394782
v -5.000000 20.000000 26.092173
v -4.791667 20.000000 26.092173
v -4.583333 20.000000 26.092173
v -4.375000 20.000000 26.092173
v -4.166667 20.000000 26.092173
v -3.958333 20.000000 26.092173
v -3.750000 20.000000 26.092173
v -3.541667 20.000000 26.092173
v -3.333333 20.000000 26.092173
v -3.125000 20.000000 26.092173
v -2.916667 20.000000 26.092173
v -2.708333 20.000000 26.092173
v -2.500000 20.000000 26.092173
v -2.291667 20.000000 26.092173
v -2.083333 20.000000 26.092173
v -1.875000 20.000000 26.092173
v -1.666667 20.000000 26.092173
v -1.458333 20.000000 26.092173
v -1.250000 20.000000 26.092173
v -1.041667 20.000000 26.092173
v -0.833333 20.000000 26.092173
v -0.625000 20.000000 26.092173
v -0.416667 20.000000 26.092173
v -0.208333 20.000000 26.092173
v 0.000000 20.000000 26.092173
v 0.208333 20.000000 26.092173
v 0.416667 20.000000 26.092173
v 0.625000 20.000000 26.092173
v 0.833333 20.000000 26.092173
v 1.041667 20.000000 26.092173
v 1.250000 20.000000 26.092173
v 1.458333 20.000000 26.092173
v 1.666667 20.000000 26.092173
v 1.875000 20.000000 26.092173
v 2.083333 20.000000 26.092173
v 2.291667 20.000000 26.092173
v 2.500000 20.000000 26.092173
v 2.708333 20.000000 26.092173
v 2.916667 20.000000 26.092173
v 3.125000 20.000000 26.092173
v 3.333333 20.000000 26.092173
v 3.541667 20.000000 26.092173
v 3.750000 20.000000 26.092173
v 3.958333 20.000000 26.092173
v 4.166667 20.000000 26.092173
v 4.375000 20.000000 26.092173
v 4.583333 20.000000 26.092173
v 4.791667 20.000000 26.092173
v 5.000000 20.000000 26.092173
v -5.000000 20.000000 34.789564
v -4.791667 20.000000 34.789564
v -4.583333 20.000000 34.789564
v -4.375000 20.000000 34.789564
v -4.166667 20.000000 34.789564
v -3.958333 20.000000 34.789564
v -3.750000 20.000000 34.789564
v -3.541667 20.000000 34.789564
v -3.333333 20.000000 34.789564
v -3.125000 20.000000 34.789564
v -2.916667 20.000000 34.789564
v -2.708333 20.000000 34.789564
v -2.500000 20.000000 34.789564
v -2.291667 20.000000 34.789564
v -2.083333 20.000000 34.789564
v -1.875000 20.000000 34.789564
v -1.666667 20.000000 34.789564
v -1.458333 20.000000 34.789564
v -1.250000 20.000000 34.789564
v -1.041667 20.000000 34.789564
v -0.833333 20.000000 34.789564
v -0.625000 20.000000 34.789564
v -0.416667 20.000000 34.789564
v -0.208333 20.000000 34.789564
v 0.000000 20.000000 34.789564
v 0.208333 20.000000 34.789564
v 0.416667 20.000000 34.789564
v 0.625000 20.000000 34.789564
v 0.833333 20.000000 34.789564
v 1.041667 20.000000 34.789564
v 1.250000 20.000000 34.789564
v 1.458333 20.000000 34.789564
v 1.666667 20.000000 34.789564
v 1.875000 20.000000 34.789564
v 2.083333 20.000000 34.789564
v 2.291667 20.000000 34.789564
v 2.500000 20.000000 34.789564
v 2.708333 20.000000 34.789564
v 2.916667 20.000000 34.789564
v 3.125000 20.000000 34.789564
v 3.333333 20.000000 34.789564
v 3.541667 20.000000 34.789564
v 3.750000 20.000000 34.789564
v 3.958333 20.000000 34.789564
v 4.166667 20.000000 34.789564
v 4.375000 20.000000 34.789564
v 4.583333 20.000000 34.789564
v 4.791667 20.000000 34.789564
v 5.000000 20.000000 34.789564
v -5.000000 15.013045 43.486955
v -4.791667 15.013045 43.486955
v -4.583333 15.013045 43.486955
v -4.375000 15.013045 43.486955
v -4.166667 15.013045 43.486955
v -3.958333 15.013045 43.486955
v -3.750000 15.013045 43.486955
v -3.541667 15.013045 43.486955
v -3.333333 15.013045 43.486955
v -3.125000 15.013045 43.486955
v -2.916667 15.013045 43.486955
v -2.708333 15.013045 43.486955
v -2.500000 15.013045 43.486955
v -2.291667 15.013045 43.486955
v -2.083333 15.013045 43.486955
v -1.875000 15.013045 43.486955
v -1.666667 15.013045 43.486955
v -1.458333 15.013045 43.486955
v -1.250000 15.013045 43.486955
v -1.041667 15.013045 43.486955
v -0.833333 15.013045 43.486955
v -0.625000 15.013045 43.486955
v -0.416667 15.013045 43.486955
v -0.208333 15.013045 43.486955
v 0.000000 15.013045 43.486955
v 0.208333 15.013045 43.486955
v 0.416667 15.013045 43.486955
v 0.625000 15.013045 43.486955
v 0.833333 15.013045 43.486955
v 1.041667 15.013045 43.486955
v 1.250000 15.013045 43.486955
v 1.458333 15.013045 43.486955
v 1.666667 15.013045 43.486955
v 1.875000 15.013045 43.486955
v 2.083333 15.013045 43.486955
v 2.291667 15.013045 43.486955
v 2.500000 15.013045 43.486955
v 2.708333 15.013045 43.486955
v 2.916667 15.013045 43.486955
v 3.125000 15.013045 43.486955
v 3.333333 15.013045 43.486955
v 3.541667 15.013045 43.486955
v 3.750000 15.013045 43.486955
v 3.958333 15.013045 43.486955
v 4.166667 15.013045 43.486955
v 4.375000 15.013045 43.486955
v 4.583333 15.013045 43.486955
v 4.791667 15.013045 43.486955
v 5.000000 15.013045 43.486955
v -5.000000 6.315654 52.184346
v -4.791667 6.315654 52.184346
v -4.583333 6.315654 52.184346
v -4.375000 6.315654 52.184346
v -4.166667 6.315654 52.184346
v -3.958333 6.315654 52.184346
v -3.750000 6.315654 52.184346
v -3.541667 6.315654 52.184346
v -3.333333 6.315654 52.184346
v -3.125000 6.315654 52.184346
v -2.916667 6.315654 52.184346
v -2.708333 6.315654 52.184346
v -2.500000 6.315654 52.184346
v -2.291667 6.315654 52.184346
v -2.083333 6.315654 52.184346
v -1.875000 6.315654 52.184346
v -1.666667 6.315654 52.184346
v -1.458333 6.315654 52.184346
v -1.250000 6.315654 52.184346
v -1.041667 6.315654 52.184346
v -0.833333 6.315654 52.184346
v -0.625000 6.315654 52.184346
v -0.416667 6.315654 52.184346
v -0.208333 6.315654 52.184346
v 0.000000 6.315654 52.184346
v 0.208333 6.315654 52.184346
v 0.416667 6.315654 52.184346
v 0.625000 6.315654 52.184346
v 0.833333 6.315654 52.184346
v 1.041667 6.315654 52.184346
v 1.250000 6.315654 52.184346
v 1.458333 6.315654 52.184346
v 1.666667 6.315654 52.184346
v 1.875000 6.315654 52.184346
v 2.083333 6.315654 52.184346
v 2.291667 6.315654 52.184346
v 2.500000 6.315654 52.184346
v 2.708333 6.315654 52.184346
v 2.916667 6.315654 52.184346
v 3.125000 6.315654 52.184346
v 3.333333 6.315654 52.184346
v 3.541667 6.315654 52.184346
v 3.750000 6.315654 52.184346
v 3.958333 6.315654 52.184346
v 4.166667 6.315654 52.184346
v 4.375000 6.315654 52.184346
v 4.583333 6.315654 52.184346
v 4.791667 6.315654 52.184346
v 5.000000 6.315654 52.184346
v -5.000000 -2.381737 60.881737
v -4.791667 -2.381737 60.881737
v -4.583333 -2.381737 60.881737
v -4.375000 -2.381737 60.881737
v -4.166667 -2.381737 60.881737
v -3.958333 -2.381737 60.881737
v -3.750000 -2.381737 60.881737
v -3.541667 -2.381737 60.881737
v -3.333333 -2.381737 60.881737
v -3.125000 -2.381737 60.881737
v -2.916667 -2.381737 60.881737
v -2.708333 -2.381737 60.881737
v -2.500000 -2.381737 60.881737
v -2.291667 -2.381737 60.881737
v -2.083333 -2.381737 60.881737
v -1.875000 -2.381737 60.881737
v -1.666667 -2.381737 60.881737
v -1.458333 -2.381737 60.881737
v -1.250000 -2.381737 60.881737
v -1.041667 -2.381737 60.881737
v -0.833333 -2.381737 60.881737
v -0.625000 -2.381737 60.881737
v -0.416667 -2.381737 60.881737
v -0.208333 -2.381737 60.881737
v 0.000000 -2.381737 60.881737
v 0.208333 -2.381737 60.881737
v 0.416667 -2.381737 60.881737
v 0.625000 -2.381737 60.881737
v 0.833333 -2.381737 60.881737
v 1.041667 -2.381737 60.881737
v 1.250000 -2.381737 60.881737
v 1.458333 -2.381737 60.881737
v 1.666667 -2.381737 60.881737
v 1.875000 -2.381737 60.881737
v 2.083333 -2.381737 60.881737
v 2.291667 -2.381737 60.881737
v 2.500000 -2.381737 60.881737
v 2.708333 -2.381737 60.881737
v 2.916667 -2.381737 60.881737
v 3.125000 -2.381737 60.881737
v 3.333333 -2.381737 60.881737
v 3.541667 -2.381737 60.881737
v 3.750000 -2.381737 60.881737
v 3.958333 -2.381737 60.881737
v 4.166667 -2.381737 60.881737
v 4.375000 -2.381737 60.881737
v 4.583333 -2.381737 60.881737
v 4.791667 -2.381737 60.881737
v 5.000000 -2.381737 60.881737
v -5.000000 -11.079128 69.579128
v -4.791667 -11.079128 69.579128
v -4.583333 -11.079128 69.579128
v -4.375000 -11.079128 69.579128
v -4.166667 -11.079128 69.579128
v -3.958333 -11.079128 69.579128
v -3.750000 -11.079128 69.579128
v -3.541667 -11.079128 69.579128
v -3.333333 -11.079128 69.579128
v -3.125000 -11.079128 69.579128
v -2.916667 -11.079128 69.579128
v -2.708333 -11.079128 69.579128
v -2.500000 -11.079128 69.579128
v -2.291667 -11.079128 69.579128
v -2.083333 -11.079128 69.579128
v -1.875000 -11.079128 69.579128
v -1.666667 -11.079128 69.579128
v -1.458333 -11.079128 69.579128
v -1.250000 -11.079128 69.579128
v -1.041667 -11.079128 69.579128
v -0.833333 -11.079128 69.579128
v -0.625000 -11.079128 69.579128
v -0.416667 -11.079128 69.579128
v -0.208333 -11.079128 69.579128
v 0.000000 -11.079128 69.579128
v 0.208333 -11.079128 69.579128
v 0.416667 -11.079128 69.579128
v 0.625000 -11.079128 69.579128
v 0.833333 -11.079128 69.579128
v 1.041667 -11.079128 69.579128
v 1.250000 -11.079128 69.579128
v 1.458333 -11.079128 69.579128
v 1.666667 -11.079128 69.579128
v 1.875000 -11.079128 69.579128
v 2.083333 -11.079128 69.579128
v 2.291667 -11.079128 69.579128
v 2.500000 -11.079128 69.579128
v 2.708333 -11.079128 69.579128
v 2.916667 -11.079128 69.579128
v 3.125000 -11.079128 69.579128
v 3.333333 -11.079128 69.579128
v 3.541667 -11.079128 69.579128
v 3.750000 -11.079128 69.579128
v 3.958333 -11.079128 69.579128
v 4.166667 -11.079128 69.579128
v 4.375000 -11.079128 69.579128
v 4.583333 -11.079128 69.579128
v 4.791667 -11.079128 69.579128
v 5.000000 -11.079128 69.579128
v -5.000000 -19.776518 78.276518
v -4.791667 -19.776518 78.276518
v -4.583333 -19.776518 78.276518
v -4.375000 -19.776518 78.276518
v -4.166667 -19.776518 78.276518
v -3.958333 -19.776518 78.276518
v -3.750000 -19.776518 78.276518
v -3.541667 -19.776518 78.276518
v -3.333333 -19.776518 78.276518
v -3.125000 -19.776518 78.276518
v -2.916667 -19.776518 78.276518
v -2.708333 -19.776518 78.276518
v -2.500000 -19.776518 78.276518
v -2.291667 -19.776518 78.276518
v -2.083333 -19.776518 78.276518
v -1.875000 -19.776518 78.276518
v -1.666667 -19.776518 78.276518
v -1.458333 -19.776518 78.276518
v -1.250000 -19.776518 78.276518
v -1.041667 -19.776518 78.276518
v -0.833333 -19.776518 78.276518
v -0.625000 -19.776518 78.276518
v -0.416667 -19.776518 78.276518
v -0.208333 -19.776518 78.276518
v 0.000000 -19.776518 78.276518
v 0.208333 -19.776518 78.276518
v 0.416667 -19.776518 78.276518
v 0.625000 -19.776518 78.276518
v 0.833333 -19.776518 78.276518
v 1.041667 -19.776518 78.276518
v 1.250000 -19.776518 78.276518
v 1.458333 -19.776518 78.276518
v 1.666667 -19.776518 78.276518
v 1.875000 -19.776518 78.276518
v 2.083333 -19.776518 78.276518
v 2.291667 -19.776518 78.276518
v 2.500000 -19.776518 78.276518
v 2.708333 -19.776518 78.276518
v 2.916667 -19.776518 78.276518
v 3.125000 -19.776518 78.276518
v 3.333333 -19.776518 78.276518
v 3.541667 -19.776518 78.276518
v 3.750000 -19.776518 78.276518
v 3.958333 -19.776518 78.276518
v 4.166667 -19.776518 78.276518
v 4.375000 -19.776518 78.276518
v 4.583333 -19.776518 78.276518
v 4.791667 -19.776518 78.276518
v 5.000000 -19.776518 78.276518
v -5.000000 -28.473909 86.973909
v -4.791667 -28.473909 86.973909
v -4.583333 -28.473909 86.973909
v -4.375000 -28.473909 86.973909
v -4.166667 -28.473909 86.973909
v -3.958333 -28.473909 86.973909
v -3.750000 -28.473909 86.973909
v -3.541667 -28.473909 86.973909
v -3.333333 -28.473909 86.973909
v -3.125000 -28.473909 86.973909
v -2.916667 -28.473909 86.973909
v -2.708333 -28.473909 86.973909
v -2.500000 -28.473909 86.973909
v -2.291667 -28.473909 86.973909
v -2.083333 -28.473909 86.973909
v -1.875000 -28.473909 86.973909
v -1.666667 -28.473909 86.973909
v -1.458333 -28.473909 86.973909
v -1.250000 -28.473909 86.973909
v -1.041667 -28.473909 86.973909
v -0.833333 -28.473909 86.973909
v -0.625000 -28.473909 86.973909
v -0.416667 -28.473909 86.973909
v -0.208333 -28.473909 86.973909
v 0.000000 -28.473909 86.973909
v 0.208333 -28.473909 86.973909
v 0.416667 -28.473909 86.973909
v 0.625000 -28.473909 86.973909
v 0.833333 -28.473909 86.973909
v 1.041667 -28.473909 86.973909
v 1.250000 -28.473909 86.973909
v 1.458333 -28.473909 86.973909
v 1.666667 -28.473909 86.973909
v 1.875000 -28.473909 86.973909
v 2.083333 -28.473909 86.973909
v 2.291667 -28.473909 86.973909
v 2.500000 -28.473909 86.973909
v 2.708333 -28.473909 86.973909
v 2.916667 -28.473909 86.973909
v 3.125000 -28.473909 86.973909
v 3.333333 -28.473909 86.973909
v 3.541667 -28.473909 86.973909
v 3.750000 -28.473909 86.973909
v 3.958333 -28.473909 86.973909
v 4.166667 -28.473909 86.973909
v 4.375000 -28.473909 86.973909
v 4.583333 -28.473909 86.973909
v 4.791667 -28.473909 86.973909
v 5.000000 -28.473909 86.973909
v -5.000000 -37.171300 95.671300
v -4.791667 -37.171300 95.671300
v -4.583333 -37.171300 95.671300
v -4.375000 -37.171300 95.671300
v -4.166667 -37.171300 95.671300
v -3.958333 -37.171300 95.671300
v -3.750000 -37.171300 95.671300
v -3.541667 -37.171300 95.671300
v -3.333333 -37.171300 95.671300
v -3.125000 -37.171300 95.671300
v -2.916667 -37.171300 95.671300
v -2.708333 -37.171300 95.671300
v -2.500000 -37.171300 95.671300
v -2.291667 -37.171300 95.671300
v -2.083333 -37.171300 95.671300
v -1.875000 -37.171300 95.671300
v -1.666667 -37.171300 95.671300
v -1.458333 -37.171300 95.671300
v -1.250000 -37.171300 95.671300
v -1.041667 -37.171300 95.671300
v -0.833333 -37.171300 95.671300
v -0.625000 -37.171300 95.671300
v -0.416667 -37.171300 95.671300
v -0.208333 -37.171300 95.671300
v 0.000000 -37.171300 95.671300
v 0.208333 -37.171300 95.671300
v 0.416667 -37.171300 95.671300
v 0.625000 -37.171300 95.671300
v 0.833333 -37.171300 95.671300
v 1.041667 -37.171300 95.671300
v 1.250000 -37.171300 95.671300
v 1.458333 -37.171300 95.671300
v 1.666667 -37.171300 95.671300
v 1.875000 -37.171300 95.671300
v 2.083333 -37.171300 95.671300
v 2.291667 -37.171300 95.671300
v 2.500000 -37.171300 95.671300
v 2.708333 -37.171300 95.671300
v 2.916667 -37.171300 95.671300
v 3.125000 -37.171300 95.671300
v 3.333333 -37.171300 95.671300
v 3.541667 -37.171300 95.671300
v 3.750000 -37.171300 95.671300
v 3.958333 -37.171300 95.671300
v 4.166667 -37.171300 95.671300
v 4.375000 -37.171300 95.671300
v 4.583333 -37.171300 95.671300
v 4.791667 -37.171300 95.671300
v 5.000000 -37.171300 95.671300
v -5.000000 -45.868691 104.368691
v -4.791667 -45.868691 104.368691
v -4.583333 -45.868691 104.368691
v -4.375000 -45.868691 104.368691
v -4.166667 -45.868691 104.368691
v -3.958333 -45.868691 104.368691
v -3.750000 -45.868691 104.368691
v -3.541667 -45.868691 104.368691
v -3.333333 -45.868691 104.368691
v -3.125000 -45.868691 104.368691
v -2.916667 -45.868691 104.368691
v -2.708333 -45.868691 104.368691
v -2.500000 -45.868691 104.368691
v -2.291667 -45.868691 104.368691
v -2.083333 -45.868691 104.368691
v -1.875000 -45.868691 104.368691
v -1.666667 -45.868691 104.368691
v -1.458333 -45.868691 104.368691
v -1.250000 -45.868691 104.368691
v -1.041667 -45.868691 104.368691
v -0.833333 -45.868691 104.368691
v -0.625000 -45.868691 104.368691
v -0.416667 -45.868691 104.368691
v -0.208333 -45.868691 104.368691
v 0.000000 -45.868691 104.368691
v 0.208333 -45.868691 104.368691
v 0.416667 -45.868691 104.368691
v 0.625000 -45.868691 104.368691
v 0.833333 -45.868691 104.368691
v 1.041667 -45.868691 104.368691
v 1.250000 -45.868691 104.368691
v 1.458333 -45.868691 104.368691
v 1.666667 -45.868691 104.368691
v 1.875000 -45.868691 104.368691
v 2.083333 -45.868691 104.368691
v 2.291667 -45.868691 104.368691
v 2.500000 -45.868691 104.368691
v 2.708333 -45.868691 104.368691
v 2.916667 -45.868691 104.368691
v 3.125000 -45.868691 104.368691
v 3.333333 -45.868691 104.368691
v 3.541667 -45.868691 104.368691
v 3.750000 -45.868691 104.368691
v 3.958333 -45.868691 104.368691
v 4.166667 -45.868691 104.368691
v 4.375000 -45.868691 104.368691
v 4.583333 -45.868691 104.368691
v 4.791667 -45.868691 104.368691
v 5.000000 -45.868691 104.368691
v -5.000000 -54.566082 113.066082
v -4.791667 -54.566082 113.066082
v -4.583333 -54.566082 113.066082
v -4.375000 -54.566082 113.066082
v -4.166667 -54.566082 113.066082
v -3.958333 -54.566082 113.066082
v -3.750000 -54.566082 113.066082
v -3.541667 -54.566082 113.066082
v -3.333333 -54.566082 113.066082
v -3.125000 -54.566082 113.066082
v -2.916667 -54.566082 113.066082
v -2.708333 -54.566082 113.066082
v -2.500000 -54.566082 113.066082
v -2.291667 -54.566082 113.066082
v -2.083333 -54.566082 113.066082
v -1.875000 -54.566082 113.066082
v -1.666667 -54.566082 113.066082
v -1.458333 -54.566082 113.066082
v -1.250000 -54.566082 113.066082
v -1.041667 -54.566082 113.066082
v -0.833333 -54.566082 113.066082
v -0.625000 -54.566082 113.066082
v -0.416667 -54.566082 113.066082
v -0.208333 -54.566082 113.066082
v 0.000000 -54.566082 113.066082
v 0.208333 -54.566082 113.066082
v 0.416667 -54.566082 113.066082
v 0.625000 -54.566082 113.066082
v 0.833333 -54.566082 113.066082
v 1.041667 -54.566082 113.066082
v 1.250000 -54.566082 113.066082
v 1.458333 -54.566082 113.066082
v 1.666667 -54.566082 113.066082
v 1.875000 -54.566082 113.066082
v 2.083333 -54.566082 113.066082
v 2.291667 -54.566082 113.066082
v 2.500000 -54.566082 113.066082
v 2.708333 -54.566082 113.066082
v 2.916667 -54.566082 113.066082
v 3.125000 -54.566082 113.066082
v 3.333333 -54.566082 113.066082
v 3.541667 -54.566082 113.066082
v 3.750000 -54.566082 113.066082
v 3.958333 -54.566082 113.066082
v 4.166667 -54.566082 113.066082
v 4.375000 -54.566082 113.066082
v 4.583333 -54.566082 113.066082
v 4.791667 -54.566082 113.066082
v 5.000000 -54.566082 113.066082
v -5.000000 -63.263473 121.763473
v -4.791667 -63.263473 121.763473
v -4.583333 -63.263473 121.763473
v -4.375000 -63.263473 121.763473
v -4.166667 -63.263473 121.763473
v -3.958333 -63.263473 121.763473
v -3.750000 -63.263473 121.763473
v -3.541667 -63.263473 121.763473
v -3.333333 -63.263473 121.763473
v -3.125000 -63.263473 121.763473
v -2.916667 -63.263473 121.763473
v -2.708333 -63.263473 121.763473
v -2.500000 -63.263473 121.763473
v -2.291667 -63.263473 121.763473
v -2.083333 -63.263473 121.763473
v -1.875000 -63.263473 121.763473
v -1.666667 -63.263473 121.763473
v -1.458333 -63.263473 121.763473
v -1.250000 -63.263473 121.763473
v -1.041667 -63.263473 121.763473
v -0.833333 -63.263473 121.763473
v -0.625000 -63.263473 121.763473
v -0.416667 -63.263473 121.763473
v -0.208333 -63.263473 121.763473
v 0.000000 -63.263473 121.763473
v 0.208333 -63.263473 121.763473
v 0.416667 -63.263473 121.763473
v 0.625000 -63.263473 121.763473
v 0.833333 -63.263473 121.763473
v 1.041667 -63.263473 121.763473
v 1.250000 -63.263473 121.763473
v 1.458333 -63.263473 121.763473
v 1.666667 -63.263473 121.763473
v 1.875000 -63.263473 121.763473
v 2.083333 -63.263473 121.763473
v 2.291667 -63.263473 121.763473
v 2.500000 -63.263473 121.763473
v 2.708333 -63.263473 121.763473
v 2.916667 -63.263473 121.763473
v 3.125000 -63.263473 121.763473
v 3.333333 -63.263473 121.763473
v 3.541667 -63.263473 121.763473
v 3.750000 -63.263473 121.763473
v 3.958333 -63.263473 121.763473
v 4.166667 -63.263473 121.763473
v 4.375000 -63.263473 121.763473
v 4.583333 -63.263473 121.763473
v 4.791667 -63.263473 121.763473
v 5.000000 -63.263473 121.763473
v -5.000000 -71.960864 130.460864
v -4.791667 -71.960864 130.460864
v -4.583333 -71.960864 130.460864
v -4.375000 -71.960864 130.460864
v -4.166667 -71.960864 130.460864
v -3.958333 -71.960864 130.460864
v -3.750000 -71.960864 130.460864
v -3.541667 -71.960864 130.460864
v -3.333333 -71.960864 130.460864
v -3.125000 -71.960864 130.460864
v -2.916667 -71.960864 130.460864
v -2.708333 -71.960864 130.460864
v -2.500000 -71.960864 130.460864
v -2.291667 -71.960864 130.460864
v -2.083333 -71.960864 130.460864
v -1.875000 -71.960864 130.460864
v -1.666667 -71.960864 130.460864
v -1.458333 -71.960864 130.460864
v -1.250000 -71.960864 130.460864
v -1.041667 -71.960864 130.460864
v -0.833333 -71.960864 130.460864
v -0.625000 -71.960864 130.460864
v -0.416667 -71.960864 130.460864
v -0.208333 -71.960864 130.460864
v 0.000000 -71.960864 130.460864
v 0.208333 -71.960864 130.460864
v 0.416667 -71.960864 130.460864
v 0.625000 -71.960864 130.460864
v 0.833333 -71.960864 130.460864
v 1.041667 -71.960864 130.460864
v 1.250000 -71.960864 130.460864
v 1.458333 -71.960864 130.460864
v 1.666667 -71.960864 130.460864
v 1.875000 -71.960864 130.460864
v 2.083333 -71.960864 130.460864
v 2.291667 -71.960864 130.460864
v 2.500000 -71.960864 130.460864
v 2.708333 -71.960864 130.460864
v 2.916667 -71.960864 130.460864
v 3.125000 -71.960864 130.460864
v 3.333333 -71.960864 130.460864
v 3.541667 -71.960864 130.460864
v 3.750000 -71.960864 130.460864
v 3.958333 -71.960864 130.460864
v 4.166667 -71.960864 130.460864
v 4.375000 -71.960864 130.460864
v 4.583333 -71.960864 130.460864
v 4.791667 -71.960864 130.460864
v 5.000000 -71.960864 130.460864
v -5.000000 -80.658255 139.158255
v -4.791667 -80.658255 139.158255
v -4.583333 -80.658255 139.158255
v -4.375000 -80.658255 139.158255
v -4.166667 -80.658255 139.158255
v -3.958333 -80.658255 139.158255
v -3.750000 -80.658255 139.158255
v -3.541667 -80.658255 139.158255
v -3.333333 -80.658255 139.158255
v -3.125000 -80.658255 139.158255
v -2.916667 -80.658255 139.158255
v -2.708333 -80.658255 139.158255
v -2.500000 -80.658255 139.158255
v -2.291667 -80.658255 139.158255
v -2.083333 -80.658255 139.158255
v -1.875000 -80.658255 139.158255
v -1.666667 -80.658255 139.158255
v -1.458333 -80.658255 139.158255
v -1.250000 -80.658255 139.158255
v -1.041667 -80.658255 139.158255
v -0.833333 -80.658255 139.158255
v -0.625000 -80.658255 139.158255
v -0.416667 -80.658255 139.158255
v -0.208333 -80.658255 139.158255
v 0.000000 -80.658255 139.158255
v 0.208333 -80.658255 139.158255
v 0.416667 -80.658255 139.158255
v 0.625000 -80.658255 139.158255
v 0.833333 -80.658255 139.158255
v 1.041667 -80.658255 139.158255
v 1.250000 -80.658255 139.158255
v 1.458333 -80.658255 139.158255
v 1.666667 -80.658255 139.158255
v 1.875000 -80.658255 139.158255
v 2.083333 -80.658255 139.158255
v 2.291667 -80.658255 139.158255
v 2.500000 -80.658255 139.158255
v 2.708333 -80.658255 139.158255
v 2.916667 -80.658255 139.158255
v 3.125000 -80.658255 139.158255
v 3.333333 -80.658255 139.158255
v 3.541667 -80.658255 139.158255
v 3.750000 -80.658255 139.158255
v 3.958333 -80.658255 139.158255
v 4.166667 -80.658255 139.158255
v 4.375000 -80.658255 139.158255
v 4.583333 -80.658255 139.158255
v 4.791667 -80.658255 139.158255
v 5.000000 -80.658255 139.158255
v -5.000000 -89.355646 147.855646
v -4.791667 -89.355646 147.855646
v -4.583333 -89.355646 147.855646
v -4.375000 -89.355646 147.855646
v -4.166667 -89.355646 147.855646
v -3.958333 -89.355646 147.855646
v -3.750000 -89.355646 147.855646
v -3.541667 -89.355646 147.855646
v -3.333333 -89.355646 147.855646
v -3.125000 -89.355646 147.855646
v -2.916667 -89.355646 147.855646
v -2.708333 -89.355646 147.855646
v -2.500000 -89.355646 147.855646
v -2.291667 -89.355646 147.855646
v -2.083333 -89.355646 147.855646
v -1.875000 -89.355646 147.855646
v -1.666667 -89.355646 147.855646
v -1.458333 -89.355646 147.855646
v -1.250000 -89.355646 147.855646
v -1.041667 -89.355646 147.855646
v -0.833333 -89.355646 147.855646
v -0.625000 -89.355646 147.855646
v -0.416667 -89.355646 147.855646
v -0.208333 -89.355646 147.855646
v 0.000000 -89.355646 147.855646
v 0.208333 -89.355646 147.855646
v 0.416667 -89.355646 147.855646
v 0.625000 -89.355646 147.855646
v 0.833333 -89.355646 147.855646
v 1.041667 -89.355646 147.855646
v 1.250000 -89.355646 147.855646
v 1.458333 -89.355646 147.855646
v 1.666667 -89.355646 147.855646
v 1.875000 -89.355646 147.855646
v 2.083333 -89.355646 147.855646
v 2.291667 -89.355646 147.855646
v 2.500000 -89.355646 147.855646
v 2.708333 -89.355646 147.855646
v 2.916667 -89.355646 147.855646
v 3.125000 -89.355646 147.855646
v 3.333333 -89.355646 147.855646
v 3.541667 -89.355646 147.855646
v 3.750000 -89.355646 147.855646
v 3.958333 -89.355646 147.855646
v 4.166667 -89.355646 147.855646
v 4.375000 -89.355646 147.855646
v 4.583333 -89.355646 147.855646
v 4.791667 -89.355646 147.855646
v 5.000000 -89.355646 147.855646
v -5.000000 -98.053037 156.553037
v -4.791667 -98.053037 156.553037
v -4.583333 -98.053037 156.553037
v -4.375000 -98.053037 156.553037
v -4.166667 -98.053037 156.553037
v -3.958333 -98.053037 156.553037
v -3.750000 -98.053037 156.553037
v -3.541667 -98.053037 156.553037
v -3.333333 -98.053037 156.553037
v -3.125000 -98.053037 156.553037
v -2.916667 -98.053037 156.553037
v -2.708333 -98.053037 156.553037
v -2.500000 -98.053037 156.553037
v -2.291667 -98.053037 156.553037
v -2.083333 -98.053037 156.553037
v -1.875000 -98.053037 156.553037
v -1.666667 -98.053037 156.553037
v -1.458333 -98.053037 156.553037
v -1.250000 -98.053037 156.553037
v -1.041667 -98.053037 156.553037
v -0.833333 -98.053037 156.553037
v -0.625000 -98.053037 156.553037
v -0.416667 -98.053037 156.553037
v -0.208333 -98.053037 156.553037
v 0.000000 -98.053037 156.553037
v 0.208333 -98.053037 156.553037
v 0.416667 -98.053037 156.553037
v 0.625000 -98.053037 156.553037
v 0.833333 -98.053037 156.553037
v 1.041667 -98.053037 156.553037
v 1.250000 -98.053037 156.553037
v 1.458333 -98.053037 156.553037
v 1.666667 -98.053037 156.553037
v 1.875000 -98.053037 156.553037
v 2.083333 -98.053037 156.553037
v 2.291667 -98.053037 156.553037
v 2.500000 -98.053037 156.553037
v 2.708333 -98.053037 156.553037
v 2.916667 -98.053037 156.553037
v 3.125000 -98.053037 156.553037
v 3.333333 -98.053037 156.553037
v 3.541667 -98.053037 156.553037
v 3.750000 -98.053037 156.553037
v 3.958333 -98.053037 156.553037
v 4.166667 -98.053037 156.553037
v 4.375000 -98.053037 156.553037
v 4.583333 -98.053037 156.553037
v 4.791667 -98.053037 156.553037
v 5.000000 -98.053037 156.553037
v -5.000000 -106.750428 165.250428
v -4.791667 -106.750428 165.250428
v -4.583333 -106.750428 165.250428
v -4.375000 -106.750428 165.250428
v -4.166667 -106.750428 165.250428
v -3.958333 -106.750428 165.250428
v -3.750000 -106.750428 165.250428
v -3.541667 -106.750428 165.250428
v -3.333333 -106.750428 165.250428
v -3.125000 -106.750428 165.250428
v -2.916667 -106.750428 165.250428
v -2.708333 -106.750428 165.250428
v -2.500000 -106.750428 165.250428
v -2.291667 -106.750428 165.250428
v -2.083333 -106.750428 165.250428
v -1.875000 -106.750428 165.250428
v -1.666667 -106.750428 165.250428
v -1.458333 -106.750428 165.250428
v -1.250000 -106.750428 165.250428
v -1.041667 -106.750428 165.250428
v -0.833333 -106.750428 165.250428
v -0.625000 -106.750428 165.250428
v -0.416667 -106.750428 165.250428
v -0.208333 -106.750428 165.250428
v 0.000000 -106.750428 165.250428
v 0.208333 -106.750428 165.250428
v 0.416667 -106.750428 165.250428
v 0.625000 -106.750428 165.250428
v 0.833333 -106.750428 165.250428
v 1.041667 -106.750428 165.250428
v 1.250000 -106.750428 165.250428
v 1.458333 -106.750428 165.250428
v 1.666667 -106.750428 165.250428
v 1.875000 -106.750428 165.250428
v 2.083333 -106.750428 165.250428
v 2.291667 -106.750428 165.250428
v 2.500000 -106.750428 165.250428
v 2.708333 -106.750428 165.250428
v 2.916667 -106.750428 165.250428
v 3.125000 -106.750428 165.250428
v 3.333333 -106.750428 165.250428
v 3.541667 -106.750428 165.250428
v 3.750000 -106.750428 165.250428
v 3.958333 -106.750428 165.250428
v 4.166667 -106.750428 165.250428
v 4.375000 -106.750428 165.250428
v 4.583333 -106.750428 165.250428
v 4.791667 -106.750428 165.250428
v 5.000000 -106.750428 165.250428
v -5.000000 -115.447819 173.947819
v -4.791667 -115.447819 173.947819
v -4.583333 -115.447819 173.947819
v -4.375000 -115.447819 173.947819
v -4.166667 -115.447819 173.947819
v -3.958333 -115.447819 173.947819
v -3.750000 -115.447819 173.947819
v -3.541667 -115.447819 173.947819
v -3.333333 -115.447819 173.947819
v -3.125000 -115.447819 173.947819
v -2.916667 -115.447819 173.947819
v -2.708333 -115.447819 173.947819
v -2.500000 -115.447819 173.947819
v -2.291667 -115.447819 173.947819
v -2.083333 -115.447819 173.947819
v -1.875000 -115.447819 173.947819
v -1.666667 -115.447819 173.947819
v -1.458333 -115.447819 173.947819
v -1.250000 -115.447819 173.947819
v -1.041667 -115.447819 173.947819
v -0.833333 -115.447819 173.947819
v -0.625000 -115.447819 173.947819
v -0.416667 -115.447819 173.947819
v -0.208333 -115.447819 173.947819
v 0.000000 -115.447819 173.947819
v 0.208333 -115.447819 173.947819
v 0.416667 -115.447819 173.947819
v 0.625000 -115.447819 173.947819
v 0.833333 -115.447819 173.947819
v 1.041667 -115.447819 173.947819
v 1.250000 -115.447819 173.947819
v 1.458333 -115.447819 173.947819
v 1.666667 -115.447819 173.947819
v 1.875000 -115.447819 173.947819
v 2.083333 -115.447819 173.947819
v 2.291667 -115.447819 173.947819
v 2.500000 -115.447819 173.947819
v 2.708333 -115.447819 173.947819
v 2.916667 -115.447819 173.947819
v 3.125000 -115.447819 173.947819
v 3.333333 -115.447819 173.947819
v 3.541667 -115.447819 173.947819
v 3.750000 -115.447819 173.947819
v 3.958333 -115.447819 173.947819
v 4.166667 -115.447819 173.947819
v 4.375000 -115.447819 173.947819
v 4.583333 -115.447819 173.947819
v 4.791667 -115.447819 173.947819
v 5.000000 -115.447819 173.947819
v -5.000000 -124.145210 182.645210
v -4.791667 -124.145210 182.645210
v -4.583333 -124.145210 182.645210
v -4.375000 -124.145210 182.645210
v -4.166667 -124.145210 182.645210
v -3.958333 -124.145210 182.645210
v -3.750000 -124.145210 182.645210
v -3.541667 -124.145210 182.645210
v -3.333333 -124.145210 182.645210
v -3.125000 -124.145210 182.645210
v -2.916667 -124.145210 182.645210
v -2.708333 -124.145210 182.645210
v -2.500000 -124.145210 182.645210
v -2.291667 -124.145210 182.645210
v -2.083333 -124.145210 182.645210
v -1.875000 -124.145210 182.645210
v -1.666667 -124.145210 182.645210
v -1.458333 -124.145210 182.645210
v -1.250000 -124.145210 182.645210
v -1.041667 -124.145210 182.645210
v -0.833333 -124.145210 182.645210
v -0.625000 -124.145210 182.645210
v -0.416667 -124.145210 182.645210
v -0.208333 -124.145210 182.645210
v 0.000000 -124.145210 182.645210
v 0.208333 -124.145210 182.645210
v 0.416667 -124.145210 182.645210
v 0.625000 -124.145210 182.645210
v 0.833333 -124.145210 182.645210
v 1.041667 -124.145210 182.645210
v 1.250000 -124.145210 182.645210
v 1.458333 -124.145210 182.645210
v 1.666667 -124.145210 182.645210
v 1.875000 -124.145210 182.645210
v 2.083333 -124.145210 182.645210
v 2.291667 -124.145210 182.645210
v 2.500000 -124.145210 182.645210
v 2.708333 -124.145210 182.645210
v 2.916667 -124.145210 182.645210
v 3.125000 -124.145210 182.645210
v 3.333333 -124.145210 182.645210
v 3.541667 -124.145210 182.645210
v 3.750000 -124.145210 182.645210
v 3.958333 -124.145210 182.645210
v 4.166667 -124.145210 182.645210
v 4.375000 -124.145210 182.645210
v 4.583333 -124.145210 182.645210
v 4.791667 -124.145210 182.645210
v 5.000000 -124.145210 182.645210
v -5.000000 -132.842601 191.342601
v -4.791667 -132.842601 191.342601
v -4.583333 -132.842601 191.342601
v -4.375000 -132.842601 191.342601
v -4.166667 -132.842601 191.342601
v -3.958333 -132.842601 191.342601
v -3.750000 -132.842601 191.342601
v -3.541667 -132.842601 191.342601
v -3.333333 -132.842601 191.342601
v -3.125000 -132.842601 191.342601
v -2.916667 -132.842601 191.342601
v -2.708333 -132.842601 191.342601
v -2.500000 -132.842601 191.342601
v -2.291667 -132.842601 191.342601
v -2.083333 -132.842601 191.342601
v -1.875000 -132.842601 191.342601
v -1.666667 -132.842601 191.342601
v -1.458333 -132.842601 191.342601
v -1.250000 -132.842601 191.342601
v -1.041667 -132.842601 191.342601
v -0.833333 -132.842601 191.342601
v -0.625000 -132.842601 191.342601
v -0.416667 -132.842601 191.342601
v -0.208333 -132.842601 191.342601
v 0.000000 -132.842601 191.342601
v 0.208333 -132.842601 191.342601
v 0.416667 -132.842601 191.342601
v 0.625000 -132.842601 191.342601
v 0.833333 -132.842601 191.342601
v 1.041667 -132.842601 191.342601
v 1.250000 -132.842601 191.342601
v 1.458333 -132.842601 191.342601
v 1.666667 -132.842601 191.342601
v 1.875000 -132.842601 191.342601
v 2.083333 -132.842601 191.342601
v 2.291667 -132.842601 191.342601
v 2.500000 -132.842601 191.342601
v 2.708333 -132.842601 191.342601
v 2.916667 -132.842601 191.342601
v 3.125000 -132.842601 191.342601
v 3.333333 -132.842601 191.342601
v 3.541667 -132.842601 191.342601
v 3.750000 -132.842601 191.342601
v 3.958333 -132.842601 191.342601
v 4.166667 -132.842601 191.342601
v 4.375000 -132.842601 191.342601
v 4.583333 -132.842601 191.342601
v 4.791667 -132.842601 191.342601
v 5.000000 -132.842601 191.342601
v -5.000000 -141.539992 200.039992
v -4.791667 -141.539992 200.039992
v -4.583333 -141.539992 200.039992
v -4.375000 -141.539992 200.039992
v -4.166667 -141.539992 200.039992
v -3.958333 -141.539992 200.039992
v -3.750000 -141.539992 200.039992
v -3.541667 -141.539992 200.039992
v -3.333333 -141.539992 200.039992
v -3.125000 -141.539992 200.039992
v -2.916667 -141.539992 200.039992
v -2.708333 -141.539992 200.039992
v -2.500000 -141.539992 200.039992
v -2.291667 -141.539992 200.039992
v -2.083333 -141.539992 200.039992
v -1.875000 -141.539992 200.039992
v -1.666667 -141.539992 200.039992
v -1.458333 -141.539992 200.039992
v -1.250000 -141.539992 200.039992
v -1.041667 -141.539992 200.039992
v -0.833333 -141.539992 200.039992
v -0.625000 -141.539992 200.039992
v -0.416667 -141.539992 200.039992
v -0.208333 -141.539992 200.039992
v 0.000000 -141.539992 200.039992
v 0.208333 -141.539992 200.039992
v 0.416667 -141.539992 200.039992
v 0.625000 -141.539992 200.039992
v 0.833333 -141.539992 200.039992
v 1.041667 -141.539992 200.039992
v 1.250000 -141.539992 200.039992
v 1.458333 -141.539992 200.039992
v 1.666667 -141.539992 200.039992
v 1.875000 -141.539992 200.039992
v 2.083333 -141.539992 200.039992
v 2.291667 -141.539992 200.039992
v 2.500000 -141.539992 200.039992
v 2.708333 -141.539992 200.039992
v 2.916667 -141.539992 200.039992
v 3.125000 -141.539992 200.039992
v 3.333333 -141.539992 200.039992
v 3.541667 -141.539992 200.039992
v 3.750000 -141.539992 200.039992
v 3.958333 -141.539992 200.039992
v 4.166667 -141.539992 200.039992
v 4.375000 -141.539992 200.039992
v 4.583333 -141.539992 200.039992
v 4.791667 -141.539992 200.039992
v 5.000000 -141.539992 200.039992
v -5.000000 -150.237383 208.737383
v -4.791667 -150.237383 208.737383
v -4.583333 -150.237383 208.737383
v -4.375000 -150.237383 208.737383
v -4.166667 -150.237383 208.737383
v -3.958333 -150.237383 208.737383
v -3.750000 -150.237383 208.737383
v -3.541667 -150.237383 208.737383
v -3.333333 -150.237383 208.737383
v -3.125000 -150.237383 208.737383
v -2.916667 -150.237383 208.737383
v -2.708333 -150.237383 208.737383
v -2.500000 -150.237383 208.737383
v -2.291667 -150.237383 208.737383
v -2.083333 -150.237383 208.737383
v -1.875000 -150.237383 208.737383
v -1.666667 -150.237383 208.737383
v -1.458333 -150.237383 208.737383
v -1.250000 -150.237383 208.737383
v -1.041667 -150.237383 208.737383
v -0.833333 -150.237383 208.737383
v -0.625000 -150.237383 208.737383
v -0.416667 -150.237383 208.737383
v -0.208333 -150.237383 208.737383
v 0.000000 -150.237383 208.737383
v 0.208333 -150.237383 208.737383
v 0.416667 -150.237383 208.737383
v 0.625000 -150.237383 208.737383
v 0.833333 -150.237383 208.737383
v 1.041667 -150.237383 208.737383
v 1.250000 -150.237383 208.737383
v 1.458333 -150.237383 208.737383
v 1.666667 -150.237383 208.737383
v 1.875000 -150.237383 208.737383
v 2.083333 -150.237383 208.737383
v 2.291667 -150.237383 208.737383
v 2.500000 -150.237383 208.737383
v 2.708333 -150.237383 208.737383
v 2.916667 -150.237383 208.737383
v 3.125000 -150.237383 208.737383
v 3.333333 -150.237383 208.737383
v 3.541667 -150.237383 208.737383
v 3.750000 -150.237383 208.737383
v 3.958333 -150.237383 208.737383
v 4.166667 -150.237383 208.737383
v 4.375000 -150.237383 208.737383
v 4.583333 -150.237383 208.737383
v 4.791667 -150.237383 208.737383
v 5.000000 -150.237383 208.737383
v -5.000000 -158.934773 217.434773
v -4.791667 -158.934773 217.434773
v -4.583333 -158.934773 217.434773
v -4.375000 -158.934773 217.434773
v -4.166667 -158.934773 217.434773
v -3.958333 -158.934773 217.434773
v -3.750000 -158.934773 217.434773
v -3.541667 -158.934773 217.434773
v -3.333333 -158.934773 217.434773
v -3.125000 -158.934773 217.434773
v -2.916667 -158.934773 217.434773
v -2.708333 -158.934773 217.434773
v -2.500000 -158.934773 217.434773
v -2.291667 -158.934773 217.434773
v -2.083333 -158.934773 217.434773
v -1.875000 -158.934773 217.434773
v -1.666667 -158.934773 217.434773
v -1.458333 -158.934773 217.434773
v -1.250000 -158.934773 217.434773
v -1.041667 -158.934773 217.434773
v -0.833333 -158.934773 217.434773
v -0.625000 -158.934773 217.434773
v -0.416667 -158.934773 217.434773
v -0.208333 -158.934773 217.434773
v 0.000000 -158.934773 217.434773
v 0.208333 -158.934773 217.434773
v 0.416667 -158.934773 217.434773
v 0.625000 -158.934773 217.434773
v 0.833333 -158.934773 217.434773
v 1.041667 -158.934773 217.434773
v 1.250000 -158.934773 217.434773
v 1.458333 -158.934773 217.434773
v 1.666667 -158.934773 217.434773
v 1.875000 -158.934773 217.434773
v 2.083333 -158.934773 217.434773
v 2.291667 -158.934773 217.434773
v 2.500000 -158.934773 217.434773
v 2.708333 -158.934773 217.434773
v 2.916667 -158.934773 217.434773
v 3.125000 -158.934773 217.434773
v 3.333333 -158.934773 217.434773
v 3.541667 -158.934773 217.434773
v 3.750000 -158.934773 217.434773
v 3.958333 -158.934773 217.434773
v 4.166667 -158.934773 217.434773
v 4.375000 -158.934773 217.434773
v 4.583333 -158.934773 217.434773
v 4.791667 -158.934773 217.434773
v 5.000000 -158.934773 217.434773
v -5.000000 -167.632164 226.132164
v -4.791667 -167.632164 226.132164
v -4.583333 -167.632164 226.132164
v -4.375000 -167.632164 226.132164
v -4.166667 -167.632164 226.132164
v -3.958333 -167.632164 226.132164
v -3.750000 -167.632164 226.132164
v -3.541667 -167.632164 226.132164
v -3.333333 -167.632164 226.132164
v -3.125000 -167.632164 226.132164
v -2.916667 -167.632164 226.132164
v -2.708333 -167.632164 226.132164
v -2.500000 -167.632164 226.132164
v -2.291667 -167.632164 226.132164
v -2.083333 -167.632164 226.132164
v -1.875000 -167.632164 226.132164
v -1.666667 -167.632164 226.132164
v -1.458333 -167.632164 226.132164
v -1.250000 -167.632164 226.132164
v -1.041667 -167.632164 226.132164
v -0.833333 -167.632164 226.132164
v -0.625000 -167.632164 226.132164
v -0.416667 -167.632164 226.132164
v -0.208333 -167.632164 226.132164
v 0.000000 -167.632164 226.132164
v 0.208333 -167.632164 226.132164
v 0.416667 -167.632164 226.132164
v 0.625000 -167.632164 226.132164
v 0.833333 -167.632164 226.132164
v 1.041667 -167.632164 226.132164
v 1.250000 -167.632164 226.132164
v 1.458333 -167.632164 226.132164
v 1.666667 -167.632164 226.132164
v 1.875000 -167.632164 226.132164
v 2.083333 -167.632164 226.132164
v 2.291667 -167.632164 226.132164
v 2.500000 -167.632164 226.132164
v 2.708333 -167.632164 226.132164
v 2.916667 -167.632164 226.132164
v 3.125000 -167.632164 226.132164
v 3.333333 -167.632164 226.132164
v 3.541667 -167.632164 226.132164
v 3.750000 -167.632164 226.132164
v 3.958333 -167.632164 226.132164
v 4.166667 -167.632164 226.132164
v 4.375000 -167.632164 226.132164
v 4.583333 -167.632164 226.132164
v 4.791667 -167.632164 226.132164
v 5.000000 -167.632164 226.132164
v -5.000000 -176.329555 234.829555
v -4.791667 -176.329555 234.829555
v -4.583333 -176.329555 234.829555
v -4.375000 -176.329555 234.829555
v -4.166667 -176.329555 234.829555
v -3.958333 -176.329555 234.829555
v -3.750000 -176.329555 234.829555
v -3.541667 -176.329555 234.829555
v -3.333333 -176.329555 234.829555
v -3.125000 -176.329555 234.829555
v -2.916667 -176.329555 234.829555
v -2.708333 -176.329555 234.829555
v -2.500000 -176.329555 234.829555
v -2.291667 -176.329555 234.829555
v -2.083333 -176.329555 234.829555
v -1.875000 -176.329555 234.829555
v -1.666667 -176.329555 234.829555
v -1.458333 -176.329555 234.829555
v -1.250000 -176.329555 234.829555
v -1.041667 -176.329555 234.829555
v -0.833333 -176.329555 234.829555
v -0.625000 -176.329555 234.829555
v -0.416667 -176.329555 234.829555
v -0.208333 -176.329555 234.829555
v 0.000000 -176.329555 234.829555
v 0.208333 -176.329555 234.829555
v 0.416667 -176.329555 234.829555
v 0.625000 -176.329555 234.829555
v 0.833333 -176.329555 234.829555
v 1.041667 -176.329555 234.829555
v 1.250000 -176.329555 234.829555
v 1.458333 -176.329555 234.829555
v 1.666667 -176.329555 234.829555
v 1.875000 -176.329555 234.829555
v 2.083333 -176.329555 234.829555
v 2.291667 -176.329555 234.829555
v 2.500000 -176.329555 234.829555
v 2.708333 -176.329555 234.829555
v 2.916667 -176.329555 234.829555
v 3.125000 -176.329555 234.829555
v 3.333333 -176.329555 234.829555
v 3.541667 -176.329555 234.829555
v 3.750000 -176.329555 234.829555
v 3.958333 -176.329555 234.829555
v 4.166667 -176.329555 234.829555
v 4.375000 -176.329555 234.829555
v 4.583333 -176.329555 234.829555
v 4.791667 -176.329555 234.829555
v 5.000000 -176.329555 234.829555
v -5.000000 -185.026946 243.526946
v -4.791667 -185.026946 243.526946
v -4.583333 -185.026946 243.526946
v -4.375000 -185.026946 243.526946
v -4.166667 -185.026946 243.526946
v -3.958333 -185.026946 243.526946
v -3.750000 -185.026946 243.526946
v -3.541667 -185.026946 243.526946
v -3.333333 -185.026946 243.526946
v -3.125000 -185.026946 243.526946
v -2.916667 -185.026946 243.526946
v -2.708333 -185.026946 243.526946
v -2.500000 -185.026946 243.526946
v -2.291667 -185.026946 243.526946
v -2.083333 -185.026946 243.526946
v -1.875000 -185.026946 243.526946
v -1.666667 -185.026946 243.526946
v -1.458333 -185.026946 243.526946
v -1.250000 -185.026946 243.526946
v -1.041667 -185.026946 243.526946
v -0.833333 -185.026946 243.526946
v -0.625000 -185.026946 243.526946
v -0.416667 -185.026946 243.526946
v -0.208333 -185.026946 243.526946
v 0.000000 -185.026946 243.526946
v 0.208333 -185.026946 243.526946
v 0.416667 -185.026946 243.526946
v 0.625000 -185.026946 243.526946
v 0.833333 -185.026946 243.526946
v 1.041667 -185.026946 243.526946
v 1.250000 -185.026946 243.526946
v 1.458333 -185.026946 243.526946
v 1.666667 -185.026946 243.526946
v 1.875000 -185.026946 243.526946
v 2.083333 -185.026946 243.526946
v 2.291667 -185.026946 243.526946
v 2.500000 -185.026946 243.526946
v 2.708333 -185.026946 243.526946
v 2.916667 -185.026946 243.526946
v 3.125000 -185.026946 243.526946
v 3.333333 -185.026946 243.526946
v 3.541667 -185.026946 243.526946
v 3.750000 -185.026946 243.526946
v 3.958333 -185.026946 243.526946
v 4.166667 -185.026946 243.526946
v 4.375000 -185.026946 243.526946
v 4.583333 -185.026946 243.526946
v 4.791667 -185.026946 243.526946
v 5.000000 -185.026946 243.526946
v -5.000000 -193.724337 252.224337
v -4.791667 -193.724337 252.224337
v -4.583333 -193.724337 252.224337
v -4.375000 -193.724337 252.224337
v -4.166667 -193.724337 252.224337
v -3.958333 -193.724337 252.224337
v -3.750000 -193.724337 252.224337
v -3.541667 -193.724337 252.224337
v -3.333333 -193.724337 252.224337
v -3.125000 -193.724337 252.224337
v -2.916667 -193.724337 252.224337
v -2.708333 -193.724337 252.224337
v -2.500000 -193.724337 252.224337
v -2.291667 -193.724337 252.224337
v -2.083333 -193.724337 252.224337
v -1.875000 -193.724337 252.224337
v -1.666667 -193.724337 252.224337
v -1.458333 -193.724337 252.224337
v -1.250000 -193.724337 252.224337
v -1.041667 -193.724337 252.224337
v -0.833333 -193.724337 252.224337
v -0.625000 -193.724337 252.224337
v -0.416667 -193.724337 252.224337
v -0.208333 -193.724337 252.224337
v 0.000000 -193.724337 252.224337
v 0.208333 -193.724337 252.224337
v 0.416667 -193.724337 252.224337
v 0.625000 -193.724337 252.224337
v 0.833333 -193.724337 252.224337
v 1.041667 -193.724337 252.224337
v 1.250000 -193.724337 252.224337
v 1.458333 -193.724337 252.224337
v 1.666667 -193.724337 252.224337
v 1.875000 -193.724337 252.224337
v 2.083333 -193.724337 252.224337
v 2.291667 -193.724337 252.224337
v 2.500000 -193.724337 252.224337
v 2.708333 -193.724337 252.224337
v 2.916667 -193.724337 252.224337
v 3.125000 -193.724337 252.224337
v 3.333333 -193.724337 252.224337
v 3.541667 -193.724337 252.224337
v 3.750000 -193.724337 252.224337
v 3.958333 -193.724337 252.224337
v 4.166667 -193.724337 252.224337
v 4.375000 -193.724337 252.224337
v 4.583333 -193.724337 252.224337
v 4.791667 -193.724337 252.224337
v 5.000000 -193.724337 252.224337
v -5.000000 -202.421728 260.921728
v -4.791667 -202.421728 260.921728
v -4.583333 -202.421728 260.921728
v -4.375000 -202.421728 260.921728
v -4.166667 -202.421728 260.921728
v -3.958333 -202.421728 260.921728
v -3.750000 -202.421728 260.921728
v -3.541667 -202.421728 260.921728
v -3.333333 -202.421728 260.921728
v -3.125000 -202.421728 260.921728
v -2.916667 -202.421728 260.921728
v -2.708333 -202.421728 260.921728
v -2.500000 -202.421728 260.921728
v -2.291667 -202.421728 260.921728
v -2.083333 -202.421728 260.921728
v -1.875000 -202.421728 260.921728
v -1.666667 -202.421728 260.921728
v -1.458333 -202.421728 260.921728
v -1.250000 -202.421728 260.921728
v -1.041667 -202.421728 260.921728
v -0.833333 -202.421728 260.921728
v -0.625000 -202.421728 260.921728
v -0.416667 -202.421728 260.921728
v -0.208333 -202.421728 260.921728
v 0.000000 -202.421728 260.921728
v 0.208333 -202.421728 260.921728
v 0.416667 -202.421728 260.921728
v 0.625000 -202.421728 260.921728
v 0.833333 -202.421728 260.921728
v 1.041667 -202.421728 260.921728
v 1.250000 -202.421728 260.921728
v 1.458333 -202.421728 260.921728
v 1.666667 -202.421728 260.921728
v 1.875000 -202.421728 260.921728
v 2.083333 -202.421728 260.921728
v 2.291667 -202.421728 260.921728
v 2.500000 -202.421728 260.921728
v 2.708333 -202.421728 260.921728
v 2.916667 -202.421728 260.921728
v 3.125000 -202.421728 260.921728
v 3.333333 -202.421728 260.921728
v 3.541667 -202.421728 260.921728
v 3.750000 -202.421728 260.921728
v 3.958333 -202.421728 260.921728
v 4.166667 -202.421728 260.921728
v 4.375000 -202.421728 260.921728
v 4.583333 -202.421728 260.921728
v 4.791667 -202.421728 260.921728
v 5.000000 -202.421728 260.921728
v -5.000000 -211.119119 269.619119
v -4.791667 -211.119119 269.619119
v -4.583333 -211.119119 269.619119
v -4.375000 -211.119119 269.619119
v -4.166667 -211.119119 269.619119
v -3.958333 -211.119119 269.619119
v -3.750000 -211.119119 269.619119
v -3.541667 -211.119119 269.619119
v -3.333333 -211.119119 269.619119
v -3.125000 -211.119119 269.619119
v -2.916667 -211.119119 269.619119
v -2.708333 -211.119119 269.619119
v -2.500000 -211.119119 269.619119
v -2.291667 -211.119119 269.619119
v -2.083333 -211.119119 269.619119
v -1.875000 -211.119119 269.619119
v -1.666667 -211.119119 269.619119
v -1.458333 -211.119119 269.619119
v -1.250000 -211.119119 269.619119
v -1.041667 -211.119119 269.619119
v -0.833333 -211.119119 269.619119
v -0.625000 -211.119119 269.619119
v -0.416667 -211.119119 269.619119
v -0.208333 -211.119119 269.619119
v 0.000000 -211.119119 269.619119
v 0.208333 -211.119119 269.619119
v 0.416667 -211.119119 269.619119
v 0.625000 -211.119119 269.619119
v 0.833333 -211.119119 269.619119
v 1.041667 -211.119119 269.619119
v 1.250000 -211.119119 269.619119
v 1.458333 -211.119119 269.619119
v 1.666667 -211.119119 269.619119
v 1.875000 -211.119119 269.619119
v 2.083333 -211.119119 269.619119
v 2.291667 -211.119119 269.619119
v 2.500000 -211.119119 269.619119
v 2.708333 -211.119119 269.619119
v 2.916667 -211.119119 269.619119
v 3.125000 -211.119119 269.619119
v 3.333333 -211.119119 269.619119
v 3.541667 -211.119119 269.619119
v 3.750000 -211.119119 269.619119
v 3.958333 -211.119119 269.619119
v 4.166667 -211.119119 269.619119
v 4.375000 -211.119119 269.619119
v 4.583333 -211.119119 269.619119
v 4.791667 -211.119119 269.619119
v 5.000000 -211.119119 269.619119
v -5.000000 -219.816510 278.316510
v -4.791667 -219.816510 278.316510
v -4.583333 -219.816510 278.316510
v -4.375000 -219.816510 278.316510
v -4.166667 -219.816510 278.316510
v -3.958333 -219.816510 278.316510
v -3.750000 -219.816510 278.316510
v -3.541667 -219.816510 278.316510
v -3.333333 -219.816510 278.316510
v -3.125000 -219.816510 278.316510
v -2.916667 -219.816510 278.316510
v -2.708333 -219.816510 278.316510
v -2.500000 -219.816510 278.316510
v -2.291667 -219.816510 278.316510
v -2.083333 -219.816510 278.316510
v -1.875000 -219.816510 278.316510
v -1.666667 -219.816510 278.316510
v -1.458333 -219.816510 278.316510
v -1.250000 -219.816510 278.316510
v -1.041667 -219.816510 278.316510
v -0.833333 -219.816510 278.316510
v -0.625000 -219.816510 278.316510
v -0.416667 -219.816510 278.316510
v -0.208333 -219.816510 278.316510
v 0.000000 -219.816510 278.316510
v 0.208333 -219.816510 278.316510
v 0.416667 -219.816510 278.316510
v 0.625000 -219.816510 278.316510
v 0.833333 -219.816510 278.316510
v 1.041667 -219.816510 278.316510
v 1.250000 -219.816510 278.316510
v 1.458333 -219.816510 278.316510
v 1.666667 -219.816510 278.316510
v 1.875000 -219.816510 278.316510
v 2.083333 -219.816510 278.316510
v 2.291667 -219.816510 278.316510
v 2.500000 -219.816510 278.316510
v 2.708333 -219.816510 278.316510
v 2.916667 -219.816510 278.316510
v 3.125000 -219.816510 278.316510
v 3.333333 -219.816510 278.316510
v 3.541667 -219.816510 278.316510
v 3.750000 -219.816510 278.316510
v 3.958333 -219.816510 278.316510
v 4.166667 -219.816510 278.316510
v 4.375000 -219.816510 278.316510
v 4.583333 -219.816510 278.316510
v 4.791667 -219.816510 278.316510
v 5.000000 -219.816510 278.316510
v -5.000000 -228.513901 287.013901
v -4.791667 -228.513901 287.013901
v -4.583333 -228.513901 287.013901
v -4.375000 -228.513901 287.013901
v -4.166667 -228.513901 287.013901
v -3.958333 -228.513901 287.013901
v -3.750000 -228.513901 287.013901
v -3.541667 -228.513901 287.013901
v -3.333333 -228.513901 287.013901
v -3.125000 -228.513901 287.013901
v -2.916667 -228.513901 287.013901
v -2.708333 -228.513901 287.013901
v -2.500000 -228.513901 287.013901
v -2.291667 -228.513901 287.013901
v -2.083333 -228.513901 287.013901
v -1.875000 -228.513901 287.013901
v -1.666667 -228.513901 287.013901
v -1.458333 -228.513901 287.013901
v -1.250000 -228.513901 287.013901
v -1.041667 -228.513901 287.013901
v -0.833333 -228.513901 287.013901
v -0.625000 -228.513901 287.013901
v -0.416667 -228.513901 287.013901
v -0.208333 -228.513901 287.013901
v 0.000000 -228.513901 287.013901
v 0.208333 -228.513901 287.013901
v 0.416667 -228.513901 287.013901
v 0.625000 -228.513901 287.013901
v 0.833333 -228.513901 287.013901
v 1.041667 -228.513901 287.013901
v 1.250000 -228.513901 287.013901
v 1.458333 -228.513901 287.013901
v 1.666667 -228.513901 287.013901
v 1.875000 -228.513901 287.013901
v 2.083333 -228.513901 287.013901
v 2.291667 -228.513901 287.013901
v 2.500000 -228.513901 287.013901
v 2.708333 -228.513901 287.013901
v 2.916667 -228.513901 287.013901
v 3.125000 -228.513901 287.013901
v 3.333333 -228.513901 287.013901
v 3.541667 -228.513901 287.013901
v 3.750000 -228.513901 287.013901
v 3.958333 -228.513901 287.013901
v 4.166667 -228.513901 287.013901
v 4.375000 -228.513901 287.013901
v 4.583333 -228.513901 287.013901
v 4.791667 -228.513901 287.013901
v 5.000000 -228.513901 287.013901
v -5.000000 -237.211292 295.711292
v -4.791667 -237.211292 295.711292
v -4.583333 -237.211292 295.711292
v -4.375000 -237.211292 295.711292
v -4.166667 -237.211292 295.711292
v -3.958333 -237.211292 295.711292
v -3.750000 -237.211292 295.711292
v -3.541667 -237.211292 295.711292
v -3.333333 -237.211292 295.711292
v -3.125000 -237.211292 295.711292
v -2.916667 -237.211292 295.711292
v -2.708333 -237.211292 295.711292
v -2.500000 -237.211292 295.711292
v -2.291667 -237.211292 295.711292
v -2.083333 -237.211292 295.711292
v -1.875000 -237.211292 295.711292
v -1.666667 -237.211292 295.711292
v -1.458333 -237.211292 295.711292
v -1.250000 -237.211292 295.711292
v -1.041667 -237.211292 295.711292
v -0.833333 -237.211292 295.711292
v -0.625000 -237.211292 295.711292
v -0.416667 -237.211292 295.711292
v -0.208333 -237.211292 295.711292
v 0.000000 -237.211292 295.711292
v 0.208333 -237.211292 295.711292
v 0.416667 -237.211292 295.711292
v 0.625000 -237.211292 295.711292
v 0.833333 -237.211292 295.711292
v 1.041667 -237.211292 295.711292
v 1.250000 -237.211292 295.711292
v 1.458333 -237.211292 295.711292
v 1.666667 -237.211292 295.711292
v 1.875000 -237.211292 295.711292
v 2.083333 -237.211292 295.711292
v 2.291667 -237.211292 295.711292
v 2.500000 -237.211292 295.711292
v 2.708333 -237.211292 295.711292
v 2.916667 -237.211292 295.711292
v 3.125000 -237.211292 295.711292
v 3.333333 -237.211292 295.711292
v 3.541667 -237.211292 295.711292
v 3.750000 -237.211292 295.711292
v 3.958333 -237.211292 295.711292
v 4.166667 -237.211292 295.711292
v 4.375000 -237.211292 295.711292
v 4.583333 -237.211292 295.711292
v 4.791667 -237.211292 295.711292
v 5.000000 -237.211292 295.711292
v -5.000000 -245.908683 304.408683
v -4.791667 -245.908683 304.408683
v -4.583333 -245.908683 304.408683
v -4.375000 -245.908683 304.408683
v -4.166667 -245.908683 304.408683
v -3.958333 -245.908683 304.408683
v -3.750000 -245.908683 304.408683
v -3.541667 -245.908683 304.408683
v -3.333333 -245.908683 304.408683
v -3.125000 -245.908683 304.408683
v -2.916667 -245.908683 304.408683
v -2.708333 -245.908683 304.408683
v -2.500000 -245.908683 304.408683
v -2.291667 -245.908683 304.408683
v -2.083333 -245.908683 304.408683
v -1.875000 -245.908683 304.408683
v -1.666667 -245.908683 304.408683
v -1.458333 -245.908683 304.408683
v -1.250000 -245.908683 304.408683
v -1.041667 -245.908683 304.408683
v -0.833333 -245.908683 304.408683
v -0.625000 -245.908683 304.408683
v -0.416667 -245.908683 304.408683
v -0.208333 -245.908683 304.408683
v 0.000000 -245.908683 304.408683
v 0.208333 -245.908683 304.408683
v 0.416667 -245.908683 304.408683
v 0.625000 -245.908683 304.408683
v 0.833333 -245.908683 304.408683
v 1.041667 -245.908683 304.408683
v 1.250000 -245.908683 304.408683
v 1.458333 -245.908683 304.408683
v 1.666667 -245.908683 304.408683
v 1.875000 -245.908683 304.408683
v 2.083333 -245.908683 304.408683
v 2.291667 -245.908683 304.408683
v 2.500000 -245.908683 304.408683
v 2.708333 -245.908683 304.408683
v 2.916667 -245.908683 304.408683
v 3.125000 -245.908683 304.408683
v 3.333333 -245.908683 304.408683
v 3.541667 -245.908683 304.408683
v 3.750000 -245.908683 304.408683
v 3.958333 -245.908683 304.408683
v 4.166667 -245.908683 304.408683
v 4.375000 -245.908683 304.408683
v 4.583333 -245.908683 304.408683
v 4.791667 -245.908683 304.408683
v 5.000000 -245.908683 304.408683
v -5.000000 -254.606074 313.106074
v -4.791667 -254.606074 313.106074
v -4.583333 -254.606074 313.106074
v -4.375000 -254.606074 313.106074
v -4.166667 -254.606074 313.106074
v -3.958333 -254.606074 313.106074
v -3.750000 -254.606074 313.106074
v -3.541667 -254.606074 313.106074
v -3.333333 -254.606074 313.106074
v -3.125000 -254.606074 313.106074
v -2.916667 -254.606074 313.106074
v -2.708333 -254.606074 313.106074
v -2.500000 -254.606074 313.106074
v -2.291667 -254.606074 313.106074
v -2.083333 -254.606074 313.106074
v -1.875000 -254.606074 313.106074
v -1.666667 -254.606074 313.106074
v -1.458333 -254.606074 313.106074
v -1.250000 -254.606074 313.106074
v -1.041667 -254.606074 313.106074
v -0.833333 -254.606074 313.106074
v -0.625000 -254.606074 313.106074
v -0.416667 -254.606074 313.106074
v -0.208333 -254.606074 313.106074
v 0.000000 -254.606074 313.106074
v 0.208333 -254.606074 313.106074
v 0.416667 -254.606074 313.106074
v 0.625000 -254.606074 313.106074
v 0.833333 -254.606074 313.106074
v 1.041667 -254.606074 313.106074
v 1.250000 -254.606074 313.106074
v 1.458333 -254.606074 313.106074
v 1.666667 -254.606074 313.106074
v 1.875000 -254.606074 313.106074
v 2.083333 -254.606074 313.106074
v 2.291667 -254.606074 313.106074
v 2.500000 -254.606074 313.106074
v 2.708333 -254.606074 313.106074
v 2.916667 -254.606074 313.106074
v 3.125000 -254.606074 313.106074
v 3.333333 -254.606074 313.106074
v 3.541667 -254.606074 313.106074
v 3.750000 -254.606074 313.106074
v 3.958333 -254.606074 313.106074
v 4.166667 -254.606074 313.106074
v 4.375000 -254.606074 313.106074
v 4.583333 -254.606074 313.106074
v 4.791667 -254.606074 313.106074
v 5.000000 -254.606074 313.106074
v -5.000000 -263.303465 321.803465
v -4.791667 -263.303465 321.803465
v -4.583333 -263.303465 321.803465
v -4.375000 -263.303465 321.803465
v -4.166667 -263.303465 321.803465
v -3.958333 -263.303465 321.803465
v -3.750000 -263.303465 321.803465
v -3.541667 -263.303465 321.803465
v -3.333333 -263.303465 321.803465
v -3.125000 -263.303465 321.803465
v -2.916667 -263.303465 321.803465
v -2.708333 -263.303465 321.803465
v -2.500000 -263.303465 321.803465
v -2.291667 -263.303465 321.803465
v -2.083333 -263.303465 321.803465
v -1.875000 -263.303465 321.803465
v -1.666667 -263.303465 321.803465
v -1.458333 -263.303465 321.803465
v -1.250000 -263.303465 321.803465
v -1.041667 -263.303465 321.803465
v -0.833333 -263.303465 321.803465
v -0.625000 -263.303465 321.803465
v -0.416667 -263.303465 321.803465
v -0.208333 -263.303465 321.803465
v 0.000000 -263.303465 321.803465
v 0.208333 -263.303465 321.803465
v 0.416667 -263.303465 321.803465
v 0.625000 -263.303465 321.803465
v 0.833333 -263.303465 321.803465
v 1.041667 -263.303465 321.803465
v 1.250000 -263.303465 321.803465
v 1.458333 -263.303465 321.803465
v 1.666667 -263.303465 321.803465
v 1.875000 -263.303465 321.803465
v 2.083333 -263.303465 321.803465
v 2.291667 -263.303465 321.803465
v 2.500000 -263.303465 321.803465
v 2.708333 -263.303465 321.803465
v 2.916667 -263.303465 321.803465
v 3.125000 -263.303465 321.803465
v 3.333333 -263.303465 321.803465
v 3.541667 -263.303465 321.803465
v 3.750000 -263.303465 321.803465
v 3.958333 -263.303465 321.803465
v 4.166667 -263.303465 321.803465
v 4.375000 -263.303465 321.803465
v 4.583333 -263.303465 321.803465
v 4.791667 -263.303465 321.803465
v 5.000000 -263.303465 321.803465
v -5.000000 -272.000856 330.500856
v -4.791667 -272.000856 330.500856
v -4.583333 -272.000856 330.500856
v -4.375000 -272.000856 330.500856
v -4.166667 -272.000856 330.500856
v -3.958333 -272.000856 330.500856
v -3.750000 -272.000856 330.500856
v -3.541667 -272.000856 330.500856
v -3.333333 -272.000856 330.500856
v -3.125000 -272.000856 330.500856
v -2.916667 -272.000856 330.500856
v -2.708333 -272.000856 330.500856
v -2.500000 -272.000856 330.500856
v -2.291667 -272.000856 330.500856
v -2.083333 -272.000856 330.500856
v -1.875000 -272.000856 330.500856
v -1.666667 -272.000856 330.500856
v -1.458333 -272.000856 330.500856
v -1.250000 -272.000856 330.500856
v -1.041667 -272.000856 330.500856
v -0.833333 -272.000856 330.500856
v -0.625000 -272.000856 330.500856
v -0.416667 -272.000856 330.500856
v -0.208333 -272.000856 330.500856
v 0.000000 -272.000856 330.500856
v 0.208333 -272.000856 330.500856
v 0.416667 -272.000856 330.500856
v 0.625000 -272.000856 330.500856
v 0.833333 -272.000856 330.500856
v 1.041667 -272.000856 330.500856
v 1.250000 -272.000856 330.500856
v 1.458333 -272.000856 330.500856
v 1.666667 -272.000856 330.500856
v 1.875000 -272.000856 330.500856
v 2.083333 -272.000856 330.500856
v 2.291667 -272.000856 330.500856
v 2.500000 -272.000856 330.500856
v 2.708333 -272.000856 330.500856
v 2.916667 -272.000856 330.500856
v 3.125000 -272.000856 330.500856
v 3.333333 -272.000856 330.500856
v 3.541667 -272.000856 330.500856
v 3.750000 -272.000856 330.500856
v 3.958333 -272.000856 330.500856
v 4.166667 -272.000856 330.500856
v 4.375000 -272.000856 330.500856
v 4.583333 -272.000856 330.500856
v 4.791667 -272.000856 330.500856
v 5.000000 -272.000856 330.500856
v -5.000000 -280.698247 339.198247
v -4.791667 -280.698247 339.198247
v -4.583333 -280.698247 339.198247
v -4.375000 -280.698247 339.198247
v -4.166667 -280.698247 339.198247
v -3.958333 -280.698247 339.198247
v -3.750000 -280.698247 339.198247
v -3.541667 -280.698247 339.198247
v -3.333333 -280.698247 339.198247
v -3.125000 -280.698247 339.198247
v -2.916667 -280.698247 339.198247
v -2.708333 -280.698247 339.198247
v -2.500000 -280.698247 339.198247
v -2.291667 -280.698247 339.198247
v -2.083333 -280.698247 339.198247
v -1.875000 -280.698247 339.198247
v -1.666667 -280.698247 339.198247
v -1.458333 -280.698247 339.198247
v -1.250000 -280.698247 339.198247
v -1.041667 -280.698247 339.198247
v -0.833333 -280.698247 339.198247
v -0.625000 -280.698247 339.198247
v -0.416667 -280.698247 339.198247
v -0.208333 -280.698247 339.198247
v 0.000000 -280.698247 339.198247
v 0.208333 -280.698247 339.198247
v 0.416667 -280.698247 339.198247
v 0.625000 -280.698247 339.198247
v 0.833333 -280.698247 339.198247
v 1.041667 -280.698247 339.198247
v 1.250000 -280.698247 339.198247
v 1.458333 -280.698247 339.198247
v 1.666667 -280.698247 339.198247
v 1.875000 -280.698247 339.198247
v 2.083333 -280.698247 339.198247
v 2.291667 -280.698247 339.198247
v 2.500000 -280.698247 339.198247
v 2.708333 -280.698247 339.198247
v 2.916667 -280.698247 339.198247
v 3.125000 -280.698247 339.198247
v 3.333333 -280.698247 339.198247
v 3.541667 -280.698247 339.198247
v 3.750000 -280.698247 339.198247
v 3.958333 -280.698247 339.198247
v 4.166667 -280.698247 339.198247
v 4.375000 -280.698247 339.198247
v 4.583333 -280.698247 339.198247
v 4.791667 -280.698247 339.198247
v 5.000000 -280.698247 339.198247
v -5.000000 -289.395638 347.895638
v -4.791667 -289.395638 347.895638
v -4.583333 -289.395638 347.895638
v -4.375000 -289.395638 347.895638
v -4.166667 -289.395638 347.895638
v -3.958333 -289.395638 347.895638
v -3.750000 -289.395638 347.895638
v -3.541667 -289.395638 347.895638
v -3.333333 -289.395638 347.895638
v -3.125000 -289.395638 347.895638
v -2.916667 -289.395638 347.895638
v -2.708333 -289.395638 347.895638
v -2.500000 -289.395638 347.895638
v -2.291667 -289.395638 347.895638
v -2.083333 -289.395638 347.895638
v -1.875000 -289.395638 347.895638
v -1.666667 -289.395638 347.895638
v -1.458333 -289.395638 347.895638
v -1.250000 -289.395638 347.895638
v -1.041667 -289.395638 347.895638
v -0.833333 -289.395638 347.895638
v -0.625000 -289.395638 347.895638
v -0.416667 -289.395638 347.895638
v -0.208333 -289.395638 347.895638
v 0.000000 -289.395638 347.895638
v 0.208333 -289.395638 347.895638
v 0.416667 -289.395638 347.895638
v 0.625000 -289.395638 347.895638
v 0.833333 -289.395638 347.895638
v 1.041667 -289.395638 347.895638
v 1.250000 -289.395638 347.895638
v 1.458333 -289.395638 347.895638
v 1.666667 -289.395638 347.895638
v 1.875000 -289.395638 347.895638
v 2.083333 -289.395638 347.895638
v 2.291667 -289.395638 347.895638
v 2.500000 -289.395638 347.895638
v 2.708333 -289.395638 347.895638
v 2.916667 -289.395638 347.895638
v 3.125000 -289.395638 347.895638
v 3.333333 -289.395638 347.895638
v 3.541667 -289.395638 347.895638
v 3.750000 -289.395638 347.895638
v 3.958333 -289.395638 347.895638
v 4.166667 -289.395638 347.895638
v 4.375000 -289.395638 347.895638
v 4.583333 -289.395638 347.895638
v 4.791667 -289.395638 347.895638
v 5.000000 -289.395638 347.895638
v -5.000000 -298.093028 356.593028
v -4.791667 -298.093028 356.593028
v -4.583333 -298.093028 356.593028
v -4.375000 -298.093028 356.593028
v -4.166667 -298.093028 356.593028
v -3.958333 -298.093028 356.593028
v -3.750000 -298.093028 356.593028
v -3.541667 -298.093028 356.593028
v -3.333333 -298.093028 356.593028
v -3.125000 -298.093028 356.593028
v -2.916667 -298.093028 356.593028
v -2.708333 -298.093028 356.593028
v -2.500000 -298.093028 356.593028
v -2.291667 -298.093028 356.593028
v -2.083333 -298.093028 356.593028
v -1.875000 -298.093028 356.593028
v -1.666667 -298.093028 356.593028
v -1.458333 -298.093028 356.593028
v -1.250000 -298.093028 356.593028
v -1.041667 -298.093028 356.593028
v -0.833333 -298.093028 356.593028
v -0.625000 -298.093028 356.593028
v -0.416667 -298.093028 356.593028
v -0.208333 -298.093028 356.593028
v 0.000000 -298.093028 356.593028
v 0.208333 -298.093028 356.593028
v 0.416667 -298.093028 356.593028
v 0.625000 -298.093028 356.593028
v 0.833333 -298.093028 356.593028
v 1.041667 -298.093028 356.593028
v 1.250000 -298.093028 356.593028
v 1.458333 -298.093028 356.593028
v 1.666667 -298.093028 356.593028
v 1.875000 -298.093028 356.593028
v 2.083333 -298.093028 356.593028
v 2.291667 -298.093028 356.593028
v 2.500000 -298.093028 356.593028
v 2.708333 -298.093028 356.593028
v 2.916667 -298.093028 356.593028
v 3.125000 -298.093028 356.593028
v 3.333333 -298.093028 356.593028
v 3.541667 -298.093028 356.593028
v 3.750000 -298.093028 356.593028
v 3.958333 -298.093028 356.593028
v 4.166667 -298.093028 356.593028
v 4.375000 -298.093028 356.593028
v 4.583333 -298.093028 356.593028
v 4.791667 -298.093028 356.593028
v 5.000000 -298.093028 356.593028
v -5.000000 -306.790419 365.290419
v -4.791667 -306.790419 365.290419
v -4.583333 -306.790419 365.290419
v -4.375000 -306.790419 365.290419
v -4.166667 -306.790419 365.290419
v -3.958333 -306.790419 365.290419
v -3.750000 -306.790419 365.290419
v -3.541667 -306.790419 365.290419
v -3.333333 -306.790419 365.290419
v -3.125000 -306.790419 365.290419
v -2.916667 -306.790419 365.290419
v -2.708333 -306.790419 365.290419
v -2.500000 -306.790419 365.290419
v -2.291667 -306.790419 365.290419
v -2.083333 -306.790419 365.290419
v -1.875000 -306.790419 365.290419
v -1.666667 -306.790419 365.290419
v -1.458333 -306.790419 365.290419
v -1.250000 -306.790419 365.290419
v -1.041667 -306.790419 365.290419
v -0.833333 -306.790419 365.290419
v -0.625000 -306.790419 365.290419
v -0.416667 -306.790419 365.290419
v -0.208333 -306.790419 365.290419
v 0.000000 -306.790419 365.290419
v 0.208333 -306.790419 365.290419
v 0.416667 -306.790419 365.290419
v 0.625000 -306.790419 365.290419
v 0.833333 -306.790419 365.290419
v 1.041667 -306.790419 365.290419
v 1.250000 -306.790419 365.290419
v 1.458333 -306.790419 365.290419
v 1.666667 -306.790419 365.290419
v 1.875000 -306.790419 365.290419
v 2.083333 -306.790419 365.290419
v 2.291667 -306.790419 365.290419
v 2.500000 -306.790419 365.290419
v 2.708333 -306.790419 365.290419
v 2.916667 -306.790419 365.290419
v 3.125000 -306.790419 365.290419
v 3.333333 -306.790419 365.290419
v 3.541667 -306.790419 365.290419
v 3.750000 -306.790419 365.290419
v 3.958333 -306.790419 365.290419
v 4.166667 -306.790419 365.290419
v 4.375000 -306.790419 365.290419
v 4.583333 -306.790419 365.290419
v 4.791667 -306.790419 365.290419
v 5.000000 -306.790419 365.290419
v -5.000000 -315.487810 373.987810
v -4.791667 -315.487810 373.987810
v -4.583333 -315.487810 373.987810
v -4.375000 -315.487810 373.987810
v -4.166667 -315.487810 373.987810
v -3.958333 -315.487810 373.987810
v -3.750000 -315.487810 373.987810
v -3.541667 -315.487810 373.987810
v -3.333333 -315.487810 373.987810
v -3.125000 -315.487810 373.987810
v -2.916667 -315.487810 373.987810
v -2.708333 -315.487810 373.987810
v -2.500000 -315.487810 373.987810
v -2.291667 -315.487810 373.987810
v -2.083333 -315.487810 373.987810
v -1.875000 -315.487810 373.987810
v -1.666667 -315.487810 373.987810
v -1.458333 -315.487810 373.987810
v -1.250000 -315.487810 373.987810
v -1.041667 -315.487810 373.987810
v -0.833333 -315.487810 373.987810
v -0.625000 -315.487810 373.987810
v -0.416667 -315.487810 373.987810
v -0.208333 -315.487810 373.987810
v 0.000000 -315.487810 373.987810
v 0.208333 -315.487810 373.987810
v 0.416667 -315.487810 373.987810
v 0.625000 -315.487810 373.987810
v 0.833333 -315.487810 373.987810
v 1.041667 -315.487810 373.987810
v 1.250000 -315.487810 373.987810
v 1.458333 -315.487810 373.987810
v 1.666667 -315.487810 373.987810
v 1.875000 -315.487810 373.987810
v 2.083333 -315.487810 373.987810
v 2.291667 -315.487810 373.987810
v 2.500000 -315.487810 373.987810
v 2.708333 -315.487810 373.987810
v 2.916667 -315.487810 373.987810
v 3.125000 -315.487810 373.987810
v 3.333333 -315.487810 373.987810
v 3.541667 -315.487810 373.987810
v 3.750000 -315.487810 373.987810
v 3.958333 -315.487810 373.987810
v 4.166667 -315.487810 373.987810
v 4.375000 -315.487810 373.987810
v 4.583333 -315.487810 373.987810
v 4.791667 -315.487810 373.987810
v 5.000000 -315.487810 373.987810
v -5.000000 -324.185201 382.685201
v -4.791667 -324.185201 382.685201
v -4.583333 -324.185201 382.685201
v -4.375000 -324.185201 382.685201
v -4.166667 -324.185201 382.685201
v -3.958333 -324.185201 382.685201
v -3.750000 -324.185201 382.685201
v -3.541667 -324.185201 382.685201
v -3.333333 -324.185201 382.685201
v -3.125000 -324.185201 382.685201
v -2.916667 -324.185201 382.685201
v -2.708333 -324.185201 382.685201
v -2.500000 -324.185201 382.685201
v -2.291667 -324.185201 382.685201
v -2.083333 -324.185201 382.685201
v -1.875000 -324.185201 382.685201
v -1.666667 -324.185201 382.685201
v -1.458333 -324.185201 382.685201
v -1.250000 -324.185201 382.685201
v -1.041667 -324.185201 382.685201
v -0.833333 -324.185201 382.685201
v -0.625000 -324.185201 382.685201
v -0.416667 -324.185201 382.685201
v -0.208333 -324.185201 382.685201
v 0.000000 -324.185201 382.685201
v 0.208333 -324.185201 382.685201
v 0.416667 -324.185201 382.685201
v 0.625000 -324.185201 382.685201
v 0.833333 -324.185201 382.685201
v 1.041667 -324.185201 382.685201
v 1.250000 -324.185201 382.685201
v 1.458333 -324.185201 382.685201
v 1.666667 -324.185201 382.685201
v 1.875000 -324.185201 382.685201
v 2.083333 -324.185201 382.685201
v 2.291667 -324.185201 382.685201
v 2.500000 -324.185201 382.685201
v 2.708333 -324.185201 382.685201
v 2.916667 -324.185201 382.685201
v 3.125000 -324.185201 382.685201
v 3.333333 -324.185201 382.685201
v 3.541667 -324.185201 382.685201
v 3.750000 -324.185201 382.685201
v 3.958333 -324.185201 382.685201
v 4.166667 -324.185201 382.685201
v 4.375000 -324.185201 382.685201
v 4.583333 -324.185201 382.685201
v 4.791667 -324.185201 382.685201
v 5.000000 -324.185201 382.685201
v -5.000000 -332.882592 391.382592
v -4.791667 -332.882592 391.382592
v -4.583333 -332.882592 391.382592
v -4.375000 -332.882592 391.382592
v -4.166667 -332.882592 391.382592
v -3.958333 -332.882592 391.382592
v -3.750000 -332.882592 391.382592
v -3.541667 -332.882592 391.382592
v -3.333333 -332.882592 391.382592
v -3.125000 -332.882592 391.382592
v -2.916667 -332.882592 391.382592
v -2.708333 -332.882592 391.382592
v -2.500000 -332.882592 391.382592
v -2.291667 -332.882592 391.382592
v -2.083333 -332.882592 391.382592
v -1.875000 -332.882592 391.382592
v -1.666667 -332.882592 391.382592
v -1.458333 -332.882592 391.382592
v -1.250000 -332.882592 391.382592
v -1.041667 -332.882592 391.382592
v -0.833333 -332.882592 391.382592
v -0.625000 -332.882592 391.382592
v -0.416667 -332.882592 391.382592
v -0.208333 -332.882592 391.382592
v 0.000000 -332.882592 391.382592
v 0.208333 -332.882592 391.382592
v 0.416667 -332.882592 391.382592
v 0.625000 -332.882592 391.382592
v 0.833333 -332.882592 391.382592
v 1.041667 -332.882592 391.382592
v 1.250000 -332.882592 391.382592
v 1.458333 -332.882592 391.382592
v 1.666667 -332.882592 391.382592
v 1.875000 -332.882592 391.382592
v 2.083333 -332.882592 391.382592
v 2.291667 -332.882592 391.382592
v 2.500000 -332.882592 391.382592
v 2.708333 -332.882592 391.382592
v 2.916667 -332.882592 391.382592
v 3.125000 -332.882592 391.382592
v 3.333333 -332.882592 391.382592
v 3.541667 -332.882592 391.382592
v 3.750000 -332.882592 391.382592
v 3.958333 -332.882592 391.382592
v 4.166667 -332.882592 391.382592
v 4.375000 -332.882592 391.382592
v 4.583333 -332.882592 391.382592
v 4.791667 -332.882592 391.382592
v 5.000000 -332.882592 391.382592
v -5.000000 -341.579983 400.079983
v -4.791667 -341.579983 400.079983
v -4.583333 -341.579983 400.079983
v -4.375000 -341.579983 400.079983
v -4.166667 -341.579983 400.079983
v -3.958333 -341.579983 400.079983
v -3.750000 -341.579983 400.079983
v -3.541667 -341.579983 400.079983
v -3.333333 -341.579983 400.079983
v -3.125000 -341.579983 400.079983
v -2.916667 -341.579983 400.079983
v -2.708333 -341.579983 400.079983
v -2.500000 -341.579983 400.079983
v -2.291667 -341.579983 400.079983
v -2.083333 -341.579983 400.079983
v -1.875000 -341.579983 400.079983
v -1.666667 -341.579983 400.079983
v -1.458333 -341.579983 400.079983
v -1.250000 -341.579983 400.079983
v -1.041667 -341.579983 400.079983
v -0.833333 -341.579983 400.079983
v -0.625000 -341.579983 400.079983
v -0.416667 -341.579983 400.079983
v -0.208333 -341.579983 400.079983
v 0.000000 -341.579983 400.079983
v 0.208333 -341.579983 400.079983
v 0.416667 -341.579983 400.079983
v 0.625000 -341.579983 400.079983
v 0.833333 -341.579983 400.079983
v 1.041667 -341.579983 400.079983
v 1.250000 -341.579983 400.079983
v 1.458333 -341.579983 400.079983
v 1.666667 -341.579983 400.079983
v 1.875000 -341.579983 400.079983
v 2.083333 -341.579983 400.079983
v 2.291667 -341.579983 400.079983
v 2.500000 -341.579983 400.079983
v 2.708333 -341.579983 400.079983
v 2.916667 -341.579983 400.079983
v 3.125000 -341.579983 400.079983
v 3.333333 -341.579983 400.079983
v 3.541667 -341.579983 400.079983
v 3.750000 -341.579983 400.079983
v 3.958333 -341.579983 400.079983
v 4.166667 -341.579983 400.079983
v 4.375000 -341.579983 400.079983
v 4.583333 -341.579983 400.079983
v 4.791667 -341.579983 400.079983
v 5.000000 -341.579983 400.079983
v -5.000000 -350.277374 408.777374
v -4.791667 -350.277374 408.777374
v -4.583333 -350.277374 408.777374
v -4.375000 -350.277374 408.777374
v -4.166667 -350.277374 408.777374
v -3.958333 -350.277374 408.777374
v -3.750000 -350.277374 408.777374
v -3.541667 -350.277374 408.777374
v -3.333333 -350.277374 408.777374
v -3.125000 -350.277374 408.777374
v -2.916667 -350.277374 408.777374
v -2.708333 -350.277374 408.777374
v -2.500000 -350.277374 408.777374
v -2.291667 -350.277374 408.777374
v -2.083333 -350.277374 408.777374
v -1.875000 -350.277374 408.777374
v -1.666667 -350.277374 408.777374
v -1.458333 -350.277374 408.777374
v -1.250000 -350.277374 408.777374
v -1.041667 -350.277374 408.777374
v -0.833333 -350.277374 408.777374
v -0.625000 -350.277374 408.777374
v -0.416667 -350.277374 408.777374
v -0.208333 -350.277374 408.777374
v 0.000000 -350.277374 408.777374
v 0.208333 -350.277374 408.777374
v 0.416667 -350.277374 408.777374
v 0.625000 -350.277374 408.777374
v 0.833333 -350.277374 408.777374
v 1.041667 -350.277374 408.777374
v 1.250000 -350.277374 408.777374
v 1.458333 -350.277374 408.777374
v 1.666667 -350.277374 408.777374
v 1.875000 -350.277374 408.777374
v 2.083333 -350.277374 408.777374
v 2.291667 -350.277374 408.777374
v 2.500000 -350.277374 408.777374
v 2.708333 -350.277374 408.777374
v 2.916667 -350.277374 408.777374
v 3.125000 -350.277374 408.777374
v 3.333333 -350.277374 408.777374
v 3.541667 -350.277374 408.777374
v 3.750000 -350.277374 408.777374
v 3.958333 -350.277374 408.777374
v 4.166667 -350.277374 408.777374
v 4.375000 -350.277374 408.777374
v 4.583333 -350.277374 408.777374
v 4.791667 -350.277374 408.777374
v 5.000000 -350.277374 408.777374
v -5.000000 -358.974765 417.474765
v -4.791667 -358.974765 417.474765
v -4.583333 -358.974765 417.474765
v -4.375000 -358.974765 417.474765
v -4.166667 -358.974765 417.474765
v -3.958333 -358.974765 417.474765
v -3.750000 -358.974765 417.474765
v -3.541667 -358.974765 417.474765
v -3.333333 -358.974765 417.474765
v -3.125000 -358.974765 417.474765
v -2.916667 -358.974765 417.474765
v -2.708333 -358.974765 417.474765
v -2.500000 -358.974765 417.474765
v -2.291667 -358.974765 417.474765
v -2.083333 -358.974765 417.474765
v -1.875000 -358.974765 417.474765
v -1.666667 -358.974765 417.474765
v -1.458333 -358.974765 417.474765
v -1.250000 -358.974765 417.474765
v -1.041667 -358.974765 417.474765
v -0.833333 -358.974765 417.474765
v -0.625000 -358.974765 417.474765
v -0.416667 -358.974765 417.474765
v -0.208333 -358.974765 417.474765
v 0.000000 -358.974765 417.474765
v 0.208333 -358.974765 417.474765
v 0.416667 -358.974765 417.474765
v 0.625000 -358.974765 417.474765
v 0.833333 -358.974765 417.474765
v 1.041667 -358.974765 417.474765
v 1.250000 -358.974765 417.474765
v 1.458333 -358.974765 417.474765
v 1.666667 -358.974765 417.474765
v 1.875000 -358.974765 417.474765
v 2.083333 -358.974765 417.474765
v 2.291667 -358.974765 417.474765
v 2.500000 -358.974765 417.474765
v 2.708333 -358.974765 417.474765
v 2.916667 -358.974765 417.474765
v 3.125000 -358.974765 417.474765
v 3.333333 -358.974765 417.474765
v 3.541667 -358.974765 417.474765
v 3.750000 -358.974765 417.474765
v 3.958333 -358.974765 417.474765
v 4.166667 -358.974765 417.474765
v 4.375000 -358.974765 417.474765
v 4.583333 -358.974765 417.474765
v 4.791667 -358.974765 417.474765
v 5.000000 -358.974765 417.474765
v -5.000000 -367.672156 426.172156
v -4.791667 -367.672156 426.172156
v -4.583333 -367.672156 426.172156
v -4.375000 -367.672156 426.172156
v -4.166667 -367.672156 426.172156
v -3.958333 -367.672156 426.172156
v -3.750000 -367.672156 426.172156
v -3.541667 -367.672156 426.172156
v -3.333333 -367.672156 426.172156
v -3.125000 -367.672156 426.172156
v -2.916667 -367.672156 426.172156
v -2.708333 -367.672156 426.172156
v -2.500000 -367.672156 426.172156
v -2.291667 -367.672156 426.172156
v -2.083333 -367.672156 426.172156
v -1.875000 -367.672156 426.172156
v -1.666667 -367.672156 426.172156
v -1.458333 -367.672156 426.172156
v -1.250000 -367.672156 426.172156
v -1.041667 -367.672156 426.172156
v -0.833333 -367.672156 426.172156
v -0.625000 -367.672156 426.172156
v -0.416667 -367.672156 426.172156
v -0.208333 -367.672156 426.172156
v 0.000000 -367.672156 426.172156
v 0.208333 -367.672156 426.172156
v 0.416667 -367.672156 426.172156
v 0.625000 -367.672156 426.172156
v 0.833333 -367.672156 426.172156
v 1.041667 -367.672156 426.172156
v 1.250000 -367.672156 426.172156
v 1.458333 -367.672156 426.172156
v 1.666667 -367.672156 426.172156
v 1.875000 -367.672156 426.172156
v 2.083333 -367.672156 426.172156
v 2.291667 -367.672156 426.172156
v 2.500000 -367.672156 426.172156
v 2.708333 -367.672156 426.172156
v 2.916667 -367.672156 426.172156
v 3.125000 -367.672156 426.172156
v 3.333333 -367.672156 426.172156
v 3.541667 -367.672156 426.172156
v 3.750000 -367.672156 426.172156
v 3.958333 -367.672156 426.172156
v 4.166667 -367.672156 426.172156
v 4.375000 -367.672156 426.172156
v 4.583333 -367.672156 426.172156
v 4.791667 -367.672156 426.172156
v 5.000000 -367.672156 426.172156
v -5.000000 -376.369547 434.869547
v -4.791667 -376.369547 434.869547
v -4.583333 -376.369547 434.869547
v -4.375000 -376.369547 434.869547
v -4.166667 -376.369547 434.869547
v -3.958333 -376.369547 434.869547
v -3.750000 -376.369547 434.869547
v -3.541667 -376.369547 434.869547
v -3.333333 -376.369547 434.869547
v -3.125000 -376.369547 434.869547
v -2.916667 -376.369547 434.869547
v -2.708333 -376.369547 434.869547
v -2.500000 -376.369547 434.869547
v -2.291667 -376.369547 434.869547
v -2.083333 -376.369547 434.869547
v -1.875000 -376.369547 434.869547
v -1.666667 -376.369547 434.869547
v -1.458333 -376.369547 434.869547
v -1.250000 -376.369547 434.869547
v -1.041667 -376.369547 434.869547
v -0.833333 -376.369547 434.869547
v -0.625000 -376.369547 434.869547
v -0.416667 -376.369547 434.869547
v -0.208333 -376.369547 434.869547
v 0.000000 -376.369547 434.869547
v 0.208333 -376.369547 434.869547
v 0.416667 -376.369547 434.869547
v 0.625000 -376.369547 434.869547
v 0.833333 -376.369547 434.869547
v 1.041667 -376.369547 434.869547
v 1.250000 -376.369547 434.869547
v 1.458333 -376.369547 434.869547
v 1.666667 -376.369547 434.869547
v 1.875000 -376.369547 434.869547
v 2.083333 -376.369547 434.869547
v 2.291667 -376.369547 434.869547
v 2.500000 -376.369547 434.869547
v 2.708333 -376.369547 434.869547
v 2.916667 -376.369547 434.869547
v 3.125000 -376.369547 434.869547
v 3.333333 -376.369547 434.869547
v 3.541667 -376.369547 434.869547
v 3.750000 -376.369547 434.869547
v 3.958333 -376.369547 434.869547
v 4.166667 -376.369547 434.869547
v 4.375000 -376.369547 434.869547
v 4.583333 -376.369547 434.869547
v 4.791667 -376.369547 434.869547
v 5.000000 -376.369547 434.869547
v -5.000000 -385.066938 443.566938
v -4.791667 -385.066938 443.566938
v -4.583333 -385.066938 443.566938
v -4.375000 -385.066938 443.566938
v -4.166667 -385.066938 443.566938
v -3.958333 -385.066938 443.566938
v -3.750000 -385.066938 443.566938
v -3.541667 -385.066938 443.566938
v -3.333333 -385.066938 443.566938
v -3.125000 -385.066938 443.566938
v -2.916667 -385.066938 443.566938
v -2.708333 -385.066938 443.566938
v -2.500000 -385.066938 443.566938
v -2.291667 -385.066938 443.566938
v -2.083333 -385.066938 443.566938
v -1.875000 -385.066938 443.566938
v -1.666667 -385.066938 443.566938
v -1.458333 -385.066938 443.566938
v -1.250000 -385.066938 443.566938
v -1.041667 -385.066938 443.566938
v -0.833333 -385.066938 443.566938
v -0.625000 -385.066938 443.566938
v -0.416667 -385.066938 443.566938
v -0.208333 -385.066938 443.566938
v 0.000000 -385.066938 443.566938
v 0.208333 -385.066938 443.566938
v 0.416667 -385.066938 443.566938
v 0.625000 -385.066938 443.566938
v 0.833333 -385.066938 443.566938
v 1.041667 -385.066938 443.566938
v 1.250000 -385.066938 443.566938
v 1.458333 -385.066938 443.566938
v 1.666667 -385.066938 443.566938
v 1.875000 -385.066938 443.566938
v 2.083333 -385.066938 443.566938
v 2.291667 -385.066938 443.566938
v 2.500000 -385.066938 443.566938
v 2.708333 -385.066938 443.566938
v 2.916667 -385.066938 443.566938
v 3.125000 -385.066938 443.566938
v 3.333333 -385.066938 443.566938
v 3.541667 -385.066938 443.566938
v 3.750000 -385.066938 443.566938
v 3.958333 -385.066938 443.566938
v 4.166667 -385.066938 443.566938
v 4.375000 -385.066938 443.566938
v 4.583333 -385.066938 443.566938
v 4.791667 -385.066938 443.566938
v 5.000000 -385.066938 443.566938
v -5.000000 -393.764329 452.264329
v -4.791667 -393.764329 452.264329
v -4.583333 -393.764329 452.264329
v -4.375000 -393.764329 452.264329
v -4.166667 -393.764329 452.264329
v -3.958333 -393.764329 452.264329
v -3.750000 -393.764329 452.264329
v -3.541667 -393.764329 452.264329
v -3.333333 -393.764329 452.264329
v -3.125000 -393.764329 452.264329
v -2.916667 -393.764329 452.264329
v -2.708333 -393.764329 452.264329
v -2.500000 -393.764329 452.264329
v -2.291667 -393.764329 452.264329
v -2.083333 -393.764329 452.264329
v -1.875000 -393.764329 452.264329
v -1.666667 -393.764329 452.264329
v -1.458333 -393.764329 452.264329
v -1.250000 -393.764329 452.264329
v -1.041667 -393.764329 452.264329
v -0.833333 -393.764329 452.264329
v -0.625000 -393.764329 452.264329
v -0.416667 -393.764329 452.264329
v -0.208333 -393.764329 452.264329
v 0.000000 -393.764329 452.264329
v 0.208333 -393.764329 452.264329
v 0.416667 -393.764329 452.264329
v 0.625000 -393.764329 452.264329
v 0.833333 -393.764329 452.264329
v 1.041667 -393.764329 452.264329
v 1.250000 -393.764329 452.264329
v 1.458333 -393.764329 452.264329
v 1.666667 -393.764329 452.264329
v 1.875000 -393.764329 452.264329
v 2.083333 -393.764329 452.264329
v 2.291667 -393.764329 452.264329
v 2.500000 -393.764329 452.264329
v 2.708333 -393.764329 452.264329
v 2.916667 -393.764329 452.264329
v 3.125000 -393.764329 452.264329
v 3.333333 -393.764329 452.264329
v 3.541667 -393.764329 452.264329
v 3.750000 -393.764329 452.264329
v 3.958333 -393.764329 452.264329
v 4.166667 -393.764329 452.264329
v 4.375000 -393.764329 452.264329
v 4.583333 -393.764329 452.264329
v 4.791667 -393.764329 452.264329
v 5.000000 -393.764329 452.264329
v -5.000000 -402.461720 460.961720
v -4.791667 -402.461720 460.961720
v -4.583333 -402.461720 460.961720
v -4.375000 -402.461720 460.961720
v -4.166667 -402.461720 460.961720
v -3.958333 -402.461720 460.961720
v -3.750000 -402.461720 460.961720
v -3.541667 -402.461720 460.961720
v -3.333333 -402.461720 460.961720
v -3.125000 -402.461720 460.961720
v -2.916667 -402.461720 460.961720
v -2.708333 -402.461720 460.961720
v -2.500000 -402.461720 460.961720
v -2.291667 -402.461720 460.961720
v -2.083333 -402.461720 460.961720
v -1.875000 -402.461720 460.961720
v -1.666667 -402.461720 460.961720
v -1.458333 -402.461720 460.961720
v -1.250000 -402.461720 460.961720
v -1.041667 -402.461720 460.961720
v -0.833333 -402.461720 460.961720
v -0.625000 -402.461720 460.961720
v -0.416667 -402.461720 460.961720
v -0.208333 -402.461720 460.961720
v 0.000000 -402.461720 460.961720
v 0.208333 -402.461720 460.961720
v 0.416667 -402.461720 460.961720
v 0.625000 -402.461720 460.961720
v 0.833333 -402.461720 460.961720
v 1.041667 -402.461720 460.961720
v 1.250000 -402.461720 460.961720
v 1.458333 -402.461720 460.961720
v 1.666667 -402.461720 460.961720
v 1.875000 -402.461720 460.961720
v 2.083333 -402.461720 460.961720
v 2.291667 -402.461720 460.961720
v 2.500000 -402.461720 460.961720
v 2.708333 -402.461720 460.961720
v 2.916667 -402.461720 460.961720
v 3.125000 -402.461720 460.961720
v 3.333333 -402.461720 460.961720
v 3.541667 -402.461720 460.961720
v 3.750000 -402.461720 460.961720
v 3.958333 -402.461720 460.961720
v 4.166667 -402.461720 460.961720
v 4.375000 -402.461720 460.961720
v 4.583333 -402.461720 460.961720
v 4.791667 -402.461720 460.961720
v 5.000000 -402.461720 460.961720
v -5.000000 -411.159111 469.659111
v -4.791667 -411.159111 469.659111
v -4.583333 -411.159111 469.659111
v -4.375000 -411.159111 469.659111
v -4.166667 -411.159111 469.659111
v -3.958333 -411.159111 469.659111
v -3.750000 -411.159111 469.659111
v -3.541667 -411.159111 469.659111
v -3.333333 -411.159111 469.659111
v -3.125000 -411.159111 469.659111
v -2.916667 -411.159111 469.659111
v -2.708333 -411.159111 469.659111
v -2.500000 -411.159111 469.659111
v -2.291667 -411.159111 469.659111
v -2.083333 -411.159111 469.659111
v -1.875000 -411.159111 469.659111
v -1.666667 -411.159111 469.659111
v -1.458333 -411.159111 469.659111
v -1.250000 -411.159111 469.659111
v -1.041667 -411.159111 469.659111
v -0.833333 -411.159111 469.659111
v -0.625000 -411.159111 469.659111
v -0.416667 -411.159111 469.659111
v -0.208333 -411.159111 469.659111
v 0.000000 -411.159111 469.659111
v 0.208333 -411.159111 469.659111
v 0.416667 -411.159111 469.659111
v 0.625000 -411.159111 469.659111
v 0.833333 -411.159111 469.659111
v 1.041667 -411.159111 469.659111
v 1.250000 -411.159111 469.659111
v 1.458333 -411.159111 469.659111
v 1.666667 -411.159111 469.659111
v 1.875000 -411.159111 469.659111
v 2.083333 -411.159111 469.659111
v 2.291667 -411.159111 469.659111
v 2.500000 -411.159111 469.659111
v 2.708333 -411.159111 469.659111
v 2.916667 -411.159111 469.659111
v 3.125000 -411.159111 469.659111
v 3.333333 -411.159111 469.659111
v 3.541667 -411.159111 469.659111
v 3.750000 -411.159111 469.659111
v 3.958333 -411.159111 469.659111
v 4.166667 -411.159111 469.659111
v 4.375000 -411.159111 469.659111
v 4.583333 -411.159111 469.659111
v 4.791667 -411.159111 469.659111
v 5.000000 -411.159111 469.659111
v -5.000000 -419.856502 478.356502
v -4.791667 -419.856502 478.356502
v -4.583333 -419.856502 478.356502
v -4.375000 -419.856502 478.356502
v -4.166667 -419.856502 478.356502
v -3.958333 -419.856502 478.356502
v -3.750000 -419.856502 478.356502
v -3.541667 -419.856502 478.356502
v -3.333333 -419.856502 478.356502
v -3.125000 -419.856502 478.356502
v -2.916667 -419.856502 478.356502
v -2.708333 -419.856502 478.356502
v -2.500000 -419.856502 478.356502
v -2.291667 -419.856502 478.356502
v -2.083333 -419.856502 478.356502
v -1.875000 -419.856502 478.356502
v -1.666667 -419.856502 478.356502
v -1.458333 -419.856502 478.356502
v -1.250000 -419.856502 478.356502
v -1.041667 -419.856502 478.356502
v -0.833333 -419.856502 478.356502
v -0.625000 -419.856502 478.356502
v -0.416667 -419.856502 478.356502
v -0.208333 -419.856502 478.356502
v 0.000000 -419.856502 478.356502
v 0.208333 -419.856502 478.356502
v 0.416667 -419.856502 478.356502
v 0.625000 -419.856502 478.356502
v 0.833333 -419.856502 478.356502
v 1.041667 -419.856502 478.356502
v 1.250000 -419.856502 478.356502
v 1.458333 -419.856502 478.356502
v 1.666667 -419.856502 478.356502
v 1.875000 -419.856502 478.356502
v 2.083333 -419.856502 478.356502
v 2.291667 -419.856502 478.356502
v 2.500000 -419.856502 478.356502
v 2.708333 -419.856502 478.356502
v 2.916667 -419.856502 478.356502
v 3.125000 -419.856502 478.356502
v 3.333333 -419.856502 478.356502
v 3.541667 -419.856502 478.356502
v 3.750000 -419.856502 478.356502
v 3.958333 -419.856502 478.356502
v 4.166667 -419.856502 478.356502
v 4.375000 -419.856502 478.356502
v 4.583333 -419.856502 478.356502
v 4.791667 -419.856502 478.356502
v 5.000000 -419.856502 478.356502
v -5.000000 -428.553893 487.053893
v -4.791667 -428.553893 487.053893
v -4.583333 -428.553893 487.053893
v -4.375000 -428.553893 487.053893
v -4.166667 -428.553893 487.053893
v -3.958333 -428.553893 487.053893
v -3.750000 -428.553893 487.053893
v -3.541667 -428.553893 487.053893
v -3.333333 -428.553893 487.053893
v -3.125000 -428.553893 487.053893
v -2.916667 -428.553893 487.053893
v -2.708333 -428.553893 487.053893
v -2.500000 -428.553893 487.053893
v -2.291667 -428.553893 487.053893
v -2.083333 -428.553893 487.053893
v -1.875000 -428.553893 487.053893
v -1.666667 -428.553893 487.053893
v -1.458333 -428.553893 487.053893
v -1.250000 -428.553893 487.053893
v -1.041667 -428.553893 487.053893
v -0.833333 -428.553893 487.053893
v -0.625000 -428.553893 487.053893
v -0.416667 -428.553893 487.053893
v -0.208333 -428.553893 487.053893
v 0.000000 -428.553893 487.053893
v 0.208333 -428.553893 487.053893
v 0.416667 -428.553893 487.053893
v 0.625000 -428.553893 487.053893
v 0.833333 -428.553893 487.053893
v 1.041667 -428.553893 487.053893
v 1.250000 -428.553893 487.053893
v 1.458333 -428.553893 487.053893
v 1.666667 -428.553893 487.053893
v 1.875000 -428.553893 487.053893
v 2.083333 -428.553893 487.053893
v 2.291667 -428.553893 487.053893
v 2.500000 -428.553893 487.053893
v 2.708333 -428.553893 487.053893
v 2.916667 -428.553893 487.053893
v 3.125000 -428.553893 487.053893
v 3.333333 -428.553893 487.053893
v 3.541667 -428.553893 487.053893
v 3.750000 -428.553893 487.053893
v 3.958333 -428.553893 487.053893
v 4.166667 -428.553893 487.053893
v 4.375000 -428.553893 487.053893
v 4.583333 -428.553893 487.053893
v 4.791667 -428.553893 487.053893
v 5.000000 -428.553893 487.053893
v -5.000000 -437.251283 495.751283
v -4.791667 -437.251283 495.751283
v -4.583333 -437.251283 495.751283
v -4.375000 -437.251283 495.751283
v -4.166667 -437.251283 495.751283
v -3.958333 -437.251283 495.751283
v -3.750000 -437.251283 495.751283
v -3.541667 -437.251283 495.751283
v -3.333333 -437.251283 495.751283
v -3.125000 -437.251283 495.751283
v -2.916667 -437.251283 495.751283
v -2.708333 -437.251283 495.751283
v -2.500000 -437.251283 495.751283
v -2.291667 -437.251283 495.751283
v -2.083333 -437.251283 495.751283
v -1.875000 -437.251283 495.751283
v -1.666667 -437.251283 495.751283
v -1.458333 -437.251283 495.751283
v -1.250000 -437.251283 495.751283
v -1.041667 -437.251283 495.751283
v -0.833333 -437.251283 495.751283
v -0.625000 -437.251283 495.751283
v -0.416667 -437.251283 495.751283
v -0.208333 -437.251283 495.751283
v 0.000000 -437.251283 495.751283
v 0.208333 -437.251283 495.751283
v 0.416667 -437.251283 495.751283
v 0.625000 -437.251283 495.751283
v 0.833333 -437.251283 495.751283
v 1.041667 -437.251283 495.751283
v 1.250000 -437.251283 495.751283
v 1.458333 -437.251283 495.751283
v 1.666667 -437.251283 495.751283
v 1.875000 -437.251283 495.751283
v 2.083333 -437.251283 495.751283
v 2.291667 -437.251283 495.751283
v 2.500000 -437.251283 495.751283
v 2.708333 -437.251283 495.751283
v 2.916667 -437.251283 495.751283
v 3.125000 -437.251283 495.751283
v 3.333333 -437.251283 495.751283
v 3.541667 -437.251283 495.751283
v 3.750000 -437.251283 495.751283
v 3.958333 -437.251283 495.751283
v 4.166667 -437.251283 495.751283
v 4.375000 -437.251283 495.751283
v 4.583333 -437.251283 495.751283
v 4.791667 -437.251283 495.751283
v 5.000000 -437.251283 495.751283
v -5.000000 -445.948674 504.448674
v -4.791667 -445.948674 504.448674
v -4.583333 -445.948674 504.448674
v -4.375000 -445.948674 504.448674
v -4.166667 -445.948674 504.448674
v -3.958333 -445.948674 504.448674
v -3.750000 -445.948674 504.448674
v -3.541667 -445.948674 504.448674
v -3.333333 -445.948674 504.448674
v -3.125000 -445.948674 504.448674
v -2.916667 -445.948674 504.448674
v -2.708333 -445.948674 504.448674
v -2.500000 -445.948674 504.448674
v -2.291667 -445.948674 504.448674
v -2.083333 -445.948674 504.448674
v -1.875000 -445.948674 504.448674
v -1.666667 -445.948674 504.448674
v -1.458333 -445.948674 504.448674
v -1.250000 -445.948674 504.448674
v -1.041667 -445.948674 504.448674
v -0.833333 -445.948674 504.448674
v -0.625000 -445.948674 504.448674
v -0.416667 -445.948674 504.448674
v -0.208333 -445.948674 504.448674
v 0.000000 -445.948674 504.448674
v 0.208333 -445.948674 504.448674
v 0.416667 -445.948674 504.448674
v 0.625000 -445.948674 504.448674
v 0.833333 -445.948674 504.448674
v 1.041667 -445.948674 504.448674
v 1.250000 -445.948674 504.448674
v 1.458333 -445.948674 504.448674
v 1.666667 -445.948674 504.448674
v 1.875000 -445.948674 504.448674
v 2.083333 -445.948674 504.448674
v 2.291667 -445.948674 504.448674
v 2.500000 -445.948674 504.448674
v 2.708333 -445.948674 504.448674
v 2.916667 -445.948674 504.448674
v 3.125000 -445.948674 504.448674
v 3.333333 -445.948674 504.448674
v 3.541667 -445.948674 504.448674
v 3.750000 -445.948674 504.448674
v 3.958333 -445.948674 504.448674
v 4.166667 -445.948674 504.448674
v 4.375000 -445.948674 504.448674
v 4.583333 -445.948674 504.448674
v 4.791667 -445.948674 504.448674
v 5.000000 -445.948674 504.448674
v -5.000000 -454.646065 513.146065
v -4.791667 -454.646065 513.146065
v -4.583333 -454.646065 513.146065
v -4.375000 -454.646065 513.146065
v -4.166667 -454.646065 513.146065
v -3.958333 -454.646065 513.146065
v -3.750000 -454.646065 513.146065
v -3.541667 -454.646065 513.146065
v -3.333333 -454.646065 513.146065
v -3.125000 -454.646065 513.146065
v -2.916667 -454.646065 513.146065
v -2.708333 -454.646065 513.146065
v -2.500000 -454.646065 513.146065
v -2.291667 -454.646065 513.146065
v -2.083333 -454.646065 513.146065
v -1.875000 -454.646065 513.146065
v -1.666667 -454.646065 513.146065
v -1.458333 -454.646065 513.146065
v -1.250000 -454.646065 513.146065
v -1.041667 -454.646065 513.146065
v -0.833333 -454.646065 513.146065
v -0.625000 -454.646065 513.146065
v -0.416667 -454.646065 513.146065
v -0.208333 -454.646065 513.146065
v 0.000000 -454.646065 513.146065
v 0.208333 -454.646065 513.146065
v 0.416667 -454.646065 513.146065
v 0.625000 -454.646065 513.146065
v 0.833333 -454.646065 513.146065
v 1.041667 -454.646065 513.146065
v 1.250000 -454.646065 513.146065
v 1.458333 -454.646065 513.146065
v 1.666667 -454.646065 513.146065
v 1.875000 -454.646065 513.146065
v 2.083333 -454.646065 513.146065
v 2.291667 -454.646065 513.146065
v 2.500000 -454.646065 513.146065
v 2.708333 -454.646065 513.146065
v 2.916667 -454.646065 513.146065
v 3.125000 -454.646065 513.146065
v 3.333333 -454.646065 513.146065
v 3.541667 -454.646065 513.146065
v 3.750000 -454.646065 513.146065
v 3.958333 -454.646065 513.146065
v 4.166667 -454.646065 513.146065
v 4.375000 -454.646065 513.146065
v 4.583333 -454.646065 513.146065
v 4.791667 -454.646065 513.146065
v 5.000000 -454.646065 513.146065
v -5.000000 -463.343456 521.843456
v -4.791667 -463.343456 521.843456
v -4.583333 -463.343456 521.843456
v -4.375000 -463.343456 521.843456
v -4.166667 -463.343456 521.843456
v -3.958333 -463.343456 521.843456
v -3.750000 -463.343456 521.843456
v -3.541667 -463.343456 521.843456
v -3.333333 -463.343456 521.843456
v -3.125000 -463.343456 521.843456
v -2.916667 -463.343456 521.843456
v -2.708333 -463.343456 521.843456
v -2.500000 -463.343456 521.843456
v -2.291667 -463.343456 521.843456
v -2.083333 -463.343456 521.843456
v -1.875000 -463.343456 521.843456
v -1.666667 -463.343456 521.843456
v -1.458333 -463.343456 521.843456
v -1.250000 -463.343456 521.843456
v -1.041667 -463.343456 521.843456
v -0.833333 -463.343456 521.843456
v -0.625000 -463.343456 521.843456
v -0.416667 -463.343456 521.843456
v -0.208333 -463.343456 521.843456
v 0.000000 -463.343456 521.843456
v 0.208333 -463.343456 521.843456
v 0.416667 -463.343456 521.843456
v 0.625000 -463.343456 521.843456
v 0.833333 -463.343456 521.843456
v 1.041667 -463.343456 521.843456
v 1.250000 -463.343456 521.843456
v 1.458333 -463.343456 521.843456
v 1.666667 -463.343456 521.843456
v 1.875000 -463.343456 521.843456
v 2.083333 -463.343456 521.843456
v 2.291667 -463.343456 521.843456
v 2.500000 -463.343456 521.843456
v 2.708333 -463.343456 521.843456
v 2.916667 -463.343456 521.843456
v 3.125000 -463.343456 521.843456
v 3.333333 -463.343456 521.843456
v 3.541667 -463.343456 521.843456
v 3.750000 -463.343456 521.843456
v 3.958333 -463.343456 521.843456
v 4.166667 -463.343456 521.843456
v 4.375000 -463.343456 521.843456
v 4.583333 -463.343456 521.843456
v 4.791667 -463.343456 521.843456
v 5.000000 -463.343456 521.843456
v -5.000000 -472.040847 530.540847
v -4.791667 -472.040847 530.540847
v -4.583333 -472.040847 530.540847
v -4.375000 -472.040847 530.540847
v -4.166667 -472.040847 530.540847
v -3.958333 -472.040847 530.540847
v -3.750000 -472.040847 530.540847
v -3.541667 -472.040847 530.540847
v -3.333333 -472.040847 530.540847
v -3.125000 -472.040847 530.540847
v -2.916667 -472.040847 530.540847
v -2.708333 -472.040847 530.540847
v -2.500000 -472.040847 530.540847
v -2.291667 -472.040847 530.540847
v -2.083333 -472.040847 530.540847
v -1.875000 -472.040847 530.540847
v -1.666667 -472.040847 530.540847
v -1.458333 -472.040847 530.540847
v -1.250000 -472.040847 530.540847
v -1.041667 -472.040847 530.540847
v -0.833333 -472.040847 530.540847
v -0.625000 -472.040847 530.540847
v -0.416667 -472.040847 530.540847
v -0.208333 -472.040847 530.540847
v 0.000000 -472.040847 530.540847
v 0.208333 -472.040847 530.540847
v 0.416667 -472.040847 530.540847
v 0.625000 -472.040847 530.540847
v 0.833333 -472.040847 530.540847
v 1.041667 -472.040847 530.540847
v 1.250000 -472.040847 530.540847
v 1.458333 -472.040847 530.540847
v 1.666667 -472.040847 530.540847
v 1.875000 -472.040847 530.540847
v 2.083333 -472.040847 530.540847
v 2.291667 -472.040847 530.540847
v 2.500000 -472.040847 530.540847
v 2.708333 -472.040847 530.540847
v 2.916667 -472.040847 530.540847
v 3.125000 -472.040847 530.540847
v 3.333333 -472.040847 530.540847
v 3.541667 -472.040847 530.540847
v 3.750000 -472.040847 530.540847
v 3.958333 -472.040847 530.540847
v 4.166667 -472.040847 530.540847
v 4.375000 -472.040847 530.540847
v 4.583333 -472.040847 530.540847
v 4.791667 -472.040847 530.540847
v 5.000000 -472.040847 530.540847
v -5.000000 -480.738238 539.238238
v -4.791667 -480.738238 539.238238
v -4.583333 -480.738238 539.238238
v -4.375000 -480.738238 539.238238
v -4.166667 -480.738238 539.238238
v -3.958333 -480.738238 539.238238
v -3.750000 -480.738238 539.238238
v -3.541667 -480.738238 539.238238
v -3.333333 -480.738238 539.238238
v -3.125000 -480.738238 539.238238
v -2.916667 -480.738238 539.238238
v -2.708333 -480.738238 539.238238
v -2.500000 -480.738238 539.238238
v -2.291667 -480.738238 539.238238
v -2.083333 -480.738238 539.238238
v -1.875000 -480.738238 539.238238
v -1.666667 -480.738238 539.238238
v -1.458333 -480.738238 539.238238
v -1.250000 -480.738238 539.238238
v -1.041667 -480.738238 539.238238
v -0.833333 -480.738238 539.238238
v -0.625000 -480.738238 539.238238
v -0.416667 -480.738238 539.238238
v -0.208333 -480.738238 539.238238
v 0.000000 -480.738238 539.238238
v 0.208333 -480.738238 539.238238
v 0.416667 -480.738238 539.238238
v 0.625000 -480.738238 539.238238
v 0.833333 -480.738238 539.238238
v 1.041667 -480.738238 539.238238
v 1.250000 -480.738238 539.238238
v 1.458333 -480.738238 539.238238
v 1.666667 -480.738238 539.238238
v 1.875000 -480.738238 539.238238
v 2.083333 -480.738238 539.238238
v 2.291667 -480.738238 539.238238
v 2.500000 -480.738238 539.238238
v 2.708333 -480.738238 539.238238
v 2.916667 -480.738238 539.238238
v 3.125000 -480.738238 539.238238
v 3.333333 -480.738238 539.238238
v 3.541667 -480.738238 539.238238
v 3.750000 -480.738238 539.238238
v 3.958333 -480.738238 539.238238
v 4.166667 -480.738238 539.238238
v 4.375000 -480.738238 539.238238
v 4.583333 -480.738238 539.238238
v 4.791667 -480.738238 539.238238
v 5.000000 -480.738238 539.238238
v -5.000000 -489.435629 547.935629
v -4.791667 -489.435629 547.935629
v -4.583333 -489.435629 547.935629
v -4.375000 -489.435629 547.935629
v -4.166667 -489.435629 547.935629
v -3.958333 -489.435629 547.935629
v -3.750000 -489.435629 547.935629
v -3.541667 -489.435629 547.935629
v -3.333333 -489.435629 547.935629
v -3.125000 -489.435629 547.935629
v -2.916667 -489.435629 547.935629
v -2.708333 -489.435629 547.935629
v -2.500000 -489.435629 547.935629
v -2.291667 -489.435629 547.935629
v -2.083333 -489.435629 547.935629
v -1.875000 -489.435629 547.935629
v -1.666667 -489.435629 547.935629
v -1.458333 -489.435629 547.935629
v -1.250000 -489.435629 547.935629
v -1.041667 -489.435629 547.935629
v -0.833333 -489.435629 547.935629
v -0.625000 -489.435629 547.935629
v -0.416667 -489.435629 547.935629
v -0.208333 -489.435629 547.935629
v 0.000000 -489.435629 547.935629
v 0.208333 -489.435629 547.935629
v 0.416667 -489.435629 547.935629
v 0.625000 -489.435629 547.935629
v 0.833333 -489.435629 547.935629
v 1.041667 -489.435629 547.935629
v 1.250000 -489.435629 547.935629
v 1.458333 -489.435629 547.935629
v 1.666667 -489.435629 547.935629
v 1.875000 -489.435629 547.935629
v 2.083333 -489.435629 547.935629
v 2.291667 -489.435629 547.935629
v 2.500000 -489.435629 547.935629
v 2.708333 -489.435629 547.935629
v 2.916667 -489.435629 547.935629
v 3.125000 -489.435629 547.935629
v 3.333333 -489.435629 547.935629
v 3.541667 -489.435629 547.935629
v 3.750000 -489.435629 547.935629
v 3.958333 -489.435629 547.935629
v 4.166667 -489.435629 547.935629
v 4.375000 -489.435629 547.935629
v 4.583333 -489.435629 547.935629
v 4.791667 -489.435629 547.935629
v 5.000000 -489.435629 547.935629
v -5.000000 -498.133020 556.633020
v -4.791667 -498.133020 556.633020
v -4.583333 -498.133020 556.633020
v -4.375000 -498.133020 556.633020
v -4.166667 -498.133020 556.633020
v -3.958333 -498.133020 556.633020
v -3.750000 -498.133020 556.633020
v -3.541667 -498.133020 556.633020
v -3.333333 -498.133020 556.633020
v -3.125000 -498.133020 556.633020
v -2.916667 -498.133020 556.633020
v -2.708333 -498.133020 556.633020
v -2.500000 -498.133020 556.633020
v -2.291667 -498.133020 556.633020
v -2.083333 -498.133020 556.633020
v -1.875000 -498.133020 556.633020
v -1.666667 -498.133020 556.633020
v -1.458333 -498.133020 556.633020
v -1.250000 -498.133020 556.633020
v -1.041667 -498.133020 556.633020
v -0.833333 -498.133020 556.633020
v -0.625000 -498.133020 556.633020
v -0.416667 -498.133020 556.633020
v -0.208333 -498.133020 556.633020
v 0.000000 -498.133020 556.633020
v 0.208333 -498.133020 556.633020
v 0.416667 -498.133020 556.633020
v 0.625000 -498.133020 556.633020
v 0.833333 -498.133020 556.633020
v 1.041667 -498.133020 556.633020
v 1.250000 -498.133020 556.633020
v 1.458333 -498.133020 556.633020
v 1.666667 -498.133020 556.633020
v 1.875000 -498.133020 556.633020
v 2.083333 -498.133020 556.633020
v 2.291667 -498.133020 556.633020
v 2.500000 -498.133020 556.633020
v 2.708333 -498.133020 556.633020
v 2.916667 -498.133020 556.633020
v 3.125000 -498.133020 556.633020
v 3.333333 -498.133020 556.633020
v 3.541667 -498.133020 556.633020
v 3.750000 -498.133020 556.633020
v 3.958333 -498.133020 556.633020
v 4.166667 -498.133020 556.633020
v 4.375000 -498.133020 556.633020
v 4.583333 -498.133020 556.633020
v 4.791667 -498.133020 556.633020
v 5.000000 -498.133020 556.633020
v -5.000000 -506.830411 565.330411
v -4.791667 -506.830411 565.330411
v -4.583333 -506.830411 565.330411
v -4.375000 -506.830411 565.330411
v -4.166667 -506.830411 565.330411
v -3.958333 -506.830411 565.330411
v -3.750000 -506.830411 565.330411
v -3.541667 -506.830411 565.330411
v -3.333333 -506.830411 565.330411
v -3.125000 -506.830411 565.330411
v -2.916667 -506.830411 565.330411
v -2.708333 -506.830411 565.330411
v -2.500000 -506.830411 565.330411
v -2.291667 -506.830411 565.330411
v -2.083333 -506.830411 565.330411
v -1.875000 -506.830411 565.330411
v -1.666667 -506.830411 565.330411
v -1.458333 -506.830411 565.330411
v -1.250000 -506.830411 565.330411
v -1.041667 -506.830411 565.330411
v -0.833333 -506.830411 565.330411
v -0.625000 -506.830411 565.330411
v -0.416667 -506.830411 565.330411
v -0.208333 -506.830411 565.330411
v 0.000000 -506.830411 565.330411
v 0.208333 -506.830411 565.330411
v 0.416667 -506.830411 565.330411
v 0.625000 -506.830411 565.330411
v 0.833333 -506.830411 565.330411
v 1.041667 -506.830411 565.330411
v 1.250000 -506.830411 565.330411
v 1.458333 -506.830411 565.330411
v 1.666667 -506.830411 565.330411
v 1.875000 -506.830411 565.330411
v 2.083333 -506.830411 565.330411
v 2.291667 -506.830411 565.330411
v 2.500000 -506.830411 565.330411
v 2.708333 -506.830411 565.330411
v 2.916667 -506.830411 565.330411
v 3.125000 -506.830411 565.330411
v 3.333333 -506.830411 565.330411
v 3.541667 -506.830411 565.330411
v 3.750000 -506.830411 565.330411
v 3.958333 -506.830411 565.330411
v 4.166667 -506.830411 565.330411
v 4.375000 -506.830411 565.330411
v 4.583333 -506.830411 565.330411
v 4.791667 -506.830411 565.330411
v 5.000000 -506.830411 565.330411
v -5.000000 -515.527802 574.027802
v -4.791667 -515.527802 574.027802
v -4.583333 -515.527802 574.027802
v -4.375000 -515.527802 574.027802
v -4.166667 -515.527802 574.027802
v -3.958333 -515.527802 574.027802
v -3.750000 -515.527802 574.027802
v -3.541667 -515.527802 574.027802
v -3.333333 -515.527802 574.027802
v -3.125000 -515.527802 574.027802
v -2.916667 -515.527802 574.027802
v -2.708333 -515.527802 574.027802
v -2.500000 -515.527802 574.027802
v -2.291667 -515.527802 574.027802
v -2.083333 -515.527802 574.027802
v -1.875000 -515.527802 574.027802
v -1.666667 -515.527802 574.027802
v -1.458333 -515.527802 574.027802
v -1.250000 -515.527802 574.027802
v -1.041667 -515.527802 574.027802
v -0.833333 -515.527802 574.027802
v -0.625000 -515.527802 574.027802
v -0.416667 -515.527802 574.027802
v -0.208333 -515.527802 574.027802
v 0.000000 -515.527802 574.027802
v 0.208333 -515.527802 574.027802
v 0.416667 -515.527802 574.027802
v 0.625000 -515.527802 574.027802
v 0.833333 -515.527802 574.027802
v 1.041667 -515.527802 574.027802
v 1.250000 -515.527802 574.027802
v 1.458333 -515.527802 574.027802
v 1.666667 -515.527802 574.027802
v 1.875000 -515.527802 574.027802
v 2.083333 -515.527802 574.027802
v 2.291667 -515.527802 574.027802
v 2.500000 -515.527802 574.027802
v 2.708333 -515.527802 574.027802
v 2.916667 -515.527802 574.027802
v 3.125000 -515.527802 574.027802
v 3.333333 -515.527802 574.027802
v 3.541667 -515.527802 574.027802
v 3.750000 -515.527802 574.027802
v 3.958333 -515.527802 574.027802
v 4.166667 -515.527802 574.027802
v 4.375000 -515.527802 574.027802
v 4.583333 -515.527802 574.027802
v 4.791667 -515.527802 574.027802
v 5.000000 -515.527802 574.027802
v -5.000000 -524.225193 582.725193
v -4.791667 -524.225193 582.725193
v -4.583333 -524.225193 582.725193
v -4.375000 -524.225193 582.725193
v -4.166667 -524.225193 582.725193
v -3.958333 -524.225193 582.725193
v -3.750000 -524.225193 582.725193
v -3.541667 -524.225193 582.725193
v -3.333333 -524.225193 582.725193
v -3.125000 -524.225193 582.725193
v -2.916667 -524.225193 582.725193
v -2.708333 -524.225193 582.725193
v -2.500000 -524.225193 582.725193
v -2.291667 -524.225193 582.725193
v -2.083333 -524.225193 582.725193
v -1.875000 -524.225193 582.725193
v -1.666667 -524.225193 582.725193
v -1.458333 -524.225193 582.725193
v -1.250000 -524.225193 582.725193
v -1.041667 -524.225193 582.725193
v -0.833333 -524.225193 582.725193
v -0.625000 -524.225193 582.725193
v -0.416667 -524.225193 582.725193
v -0.208333 -524.225193 582.725193
v 0.000000 -524.225193 582.725193
v 0.208333 -524.225193 582.725193
v 0.416667 -524.225193 582.725193
v 0.625000 -524.225193 582.725193
v 0.833333 -524.225193 582.725193
v 1.041667 -524.225193 582.725193
v 1.250000 -524.225193 582.725193
v 1.458333 -524.225193 582.725193
v 1.666667 -524.225193 582.725193
v 1.875000 -524.225193 582.725193
v 2.083333 -524.225193 582.725193
v 2.291667 -524.225193 582.725193
v 2.500000 -524.225193 582.725193
v 2.708333 -524.225193 582.725193
v 2.916667 -524.225193 582.725193
v 3.125000 -524.225193 582.725193
v 3.333333 -524.225193 582.725193
v 3.541667 -524.225193 582.725193
v 3.750000 -524.225193 582.725193
v 3.958333 -524.225193 582.725193
v 4.166667 -524.225193 582.725193
v 4.375000 -524.225193 582.725193
v 4.583333 -524.225193 582.725193
v 4.791667 -524.225193 582.725193
v 5.000000 -524.225193 582.725193
v -5.000000 -532.922584 591.422584
v -4.791667 -532.922584 591.422584
v -4.583333 -532.922584 591.422584
v -4.375000 -532.922584 591.422584
v -4.166667 -532.922584 591.422584
v -3.958333 -532.922584 591.422584
v -3.750000 -532.922584 591.422584
v -3.541667 -532.922584 591.422584
v -3.333333 -532.922584 591.422584
v -3.125000 -532.922584 591.422584
v -2.916667 -532.922584 591.422584
v -2.708333 -532.922584 591.422584
v -2.500000 -532.922584 591.422584
v -2.291667 -532.922584 591.422584
v -2.083333 -532.922584 591.422584
v -1.875000 -532.922584 591.422584
v -1.666667 -532.922584 591.422584
v -1.458333 -532.922584 591.422584
v -1.250000 -532.922584 591.422584
v -1.041667 -532.922584 591.422584
v -0.833333 -532.922584 591.422584
v -0.625000 -532.922584 591.422584
v -0.416667 -532.922584 591.422584
v -0.208333 -532.922584 591.422584
v 0.000000 -532.922584 591.422584
v 0.208333 -532.922584 591.422584
v 0.416667 -532.922584 591.422584
v 0.625000 -532.922584 591.422584
v 0.833333 -532.922584 591.422584
v 1.041667 -532.922584 591.422584
v 1.250000 -532.922584 591.422584
v 1.458333 -532.922584 591.422584
v 1.666667 -532.922584 591.422584
v 1.875000 -532.922584 591.422584
v 2.083333 -532.922584 591.422584
v 2.291667 -532.922584 591.422584
v 2.500000 -532.922584 591.422584
v 2.708333 -532.922584 591.422584
v 2.916667 -532.922584 591.422584
v 3.125000 -532.922584 591.422584
v 3.333333 -532.922584 591.422584
v 3.541667 -532.922584 591.422584
v 3.750000 -532.922584 591.422584
v 3.958333 -532.922584 591.422584
v 4.166667 -532.922584 591.422584
v 4.375000 -532.922584 591.422584
v 4.583333 -532.922584 591.422584
v 4.791667 -532.922584 591.422584
v 5.000000 -532.922584 591.422584
v -5.000000 -541.619975 600.119975
v -4.791667 -541.619975 600.119975
v -4.583333 -541.619975 600.119975
v -4.375000 -541.619975 600.119975
v -4.166667 -541.619975 600.119975
v -3.958333 -541.619975 600.119975
v -3.750000 -541.619975 600.119975
v -3.541667 -541.619975 600.119975
v -3.333333 -541.619975 600.119975
v -3.125000 -541.619975 600.119975
v -2.916667 -541.619975 600.119975
v -2.708333 -541.619975 600.119975
v -2.500000 -541.619975 600.119975
v -2.291667 -541.619975 600.119975
v -2.083333 -541.619975 600.119975
v -1.875000 -541.619975 600.119975
v -1.666667 -541.619975 600.119975
v -1.458333 -541.619975 600.119975
v -1.250000 -541.619975 600.119975
v -1.041667 -541.619975 600.119975
v -0.833333 -541.619975 600.119975
v -0.625000 -541.619975 600.119975
v -0.416667 -541.619975 600.119975
v -0.208333 -541.619975 600.119975
v 0.000000 -541.619975 600.119975
v 0.208333 -541.619975 600.119975
v 0.416667 -541.619975 600.119975
v 0.625000 -541.619975 600.119975
v 0.833333 -541.619975 600.119975
v 1.041667 -541.619975 600.119975
v 1.250000 -541.619975 600.119975
v 1.458333 -541.619975 600.119975
v 1.666667 -541.619975 600.119975
v 1.875000 -541.619975 600.119975
v 2.083333 -541.619975 600.119975
v 2.291667 -541.619975 600.119975
v 2.500000 -541.619975 600.119975
v 2.708333 -541.619975 600.119975
v 2.916667 -541.619975 600.119975
v 3.125000 -541.619975 600.119975
v 3.333333 -541.619975 600.119975
v 3.541667 -541.619975 600.119975
v 3.750000 -541.619975 600.119975
v 3.958333 -541.619975 600.119975
v 4.166667 -541.619975 600.119975
v 4.375000 -541.619975 600.119975
v 4.583333 -541.619975 600.119975
v 4.791667 -541.619975 600.119975
v 5.000000 -541.619975 600.119975
v -5.000000 -550.317366 608.817366
v -4.791667 -550.317366 608.817366
v -4.583333 -550.317366 608.817366
v -4.375000 -550.317366 608.817366
v -4.166667 -550.317366 608.817366
v -3.958333 -550.317366 608.817366
v -3.750000 -550.317366 608.817366
v -3.541667 -550.317366 608.817366
v -3.333333 -550.317366 608.817366
v -3.125000 -550.317366 608.817366
v -2.916667 -550.317366 608.817366
v -2.708333 -550.317366 608.817366
v -2.500000 -550.317366 608.817366
v -2.291667 -550.317366 608.817366
v -2.083333 -550.317366 608.817366
v -1.875000 -550.317366 608.817366
v -1.666667 -550.317366 608.817366
v -1.458333 -550.317366 608.817366
v -1.250000 -550.317366 608.817366
v -1.041667 -550.317366 608.817366
v -0.833333 -550.317366 608.817366
v -0.625000 -550.317366 608.817366
v -0.416667 -550.317366 608.817366
v -0.208333 -550.317366 608.817366
v 0.000000 -550.317366 608.817366
v 0.208333 -550.317366 608.817366
v 0.416667 -550.317366 608.817366
v 0.625000 -550.317366 608.817366
v 0.833333 -550.317366 608.817366
v 1.041667 -550.317366 608.817366
v 1.250000 -550.317366 608.817366
v 1.458333 -550.317366 608.817366
v 1.666667 -550.317366 608.817366
v 1.875000 -550.317366 608.817366
v 2.083333 -550.317366 608.817366
v 2.291667 -550.317366 608.817366
v 2.500000 -550.317366 608.817366
v 2.708333 -550.317366 608.817366
v 2.916667 -550.317366 608.817366
v 3.125000 -550.317366 608.817366
v 3.333333 -550.317366 608.817366
v 3.541667 -550.317366 608.817366
v 3.750000 -550.317366 608.817366
v 3.958333 -550.317366 608.817366
v 4.166667 -550.317366 608.817366
v 4.375000 -550.317366 608.817366
v 4.583333 -550.317366 608.817366
v 4.791667 -550.317366 608.817366
v 5.000000 -550.317366 608.817366
v -5.000000 -559.014757 617.514757
v -4.791667 -559.014757 617.514757
v -4.583333 -559.014757 617.514757
v -4.375000 -559.014757 617.514757
v -4.166667 -559.014757 617.514757
v -3.958333 -559.014757 617.514757
v -3.750000 -559.014757 617.514757
v -3.541667 -559.014757 617.514757
v -3.333333 -559.014757 617.514757
v -3.125000 -559.014757 617.514757
v -2.916667 -559.014757 617.514757
v -2.708333 -559.014757 617.514757
v -2.500000 -559.014757 617.514757
v -2.291667 -559.014757 617.514757
v -2.083333 -559.014757 617.514757
v -1.875000 -559.014757 617.514757
v -1.666667 -559.014757 617.514757
v -1.458333 -559.014757 617.514757
v -1.250000 -559.014757 617.514757
v -1.041667 -559.014757 617.514757
v -0.833333 -559.014757 617.514757
v -0.625000 -559.014757 617.514757
v -0.416667 -559.014757 617.514757
v -0.208333 -559.014757 617.514757
v 0.000000 -559.014757 617.514757
v 0.208333 -559.014757 617.514757
v 0.416667 -559.014757 617.514757
v 0.625000 -559.014757 617.514757
v 0.833333 -559.014757 617.514757
v 1.041667 -559.014757 617.514757
v 1.250000 -559.014757 617.514757
v 1.458333 -559.014757 617.514757
v 1.666667 -559.014757 617.514757
v 1.875000 -559.014757 617.514757
v 2.083333 -559.014757 617.514757
v 2.291667 -559.014757 617.514757
v 2.500000 -559.014757 617.514757
v 2.708333 -559.014757 617.514757
v 2.916667 -559.014757 617.514757
v 3.125000 -559.014757 617.514757
v 3.333333 -559.014757 617.514757
v 3.541667 -559.014757 617.514757
v 3.750000 -559.014757 617.514757
v 3.958333 -559.014757 617.514757
v 4.166667 -559.014757 617.514757
v 4.375000 -559.014757 617.514757
v 4.583333 -559.014757 617.514757
v 4.791667 -559.014757 617.514757
v 5.000000 -559.014757 617.514757
v -5.000000 -567.712148 626.212148
v -4.791667 -567.712148 626.212148
v -4.583333 -567.712148 626.212148
v -4.375000 -567.712148 626.212148
v -4.166667 -567.712148 626.212148
v -3.958333 -567.712148 626.212148
v -3.750000 -567.712148 626.212148
v -3.541667 -567.712148 626.212148
v -3.333333 -567.712148 626.212148
v -3.125000 -567.712148 626.212148
v -2.916667 -567.712148 626.212148
v -2.708333 -567.712148 626.212148
v -2.500000 -567.712148 626.212148
v -2.291667 -567.712148 626.212148
v -2.083333 -567.712148 626.212148
v -1.875000 -567.712148 626.212148
v -1.666667 -567.712148 626.212148
v -1.458333 -567.712148 626.212148
v -1.250000 -567.712148 626.212148
v -1.041667 -567.712148 626.212148
v -0.833333 -567.712148 626.212148
v -0.625000 -567.712148 626.212148
v -0.416667 -567.712148 626.212148
v -0.208333 -567.712148 626.212148
v 0.000000 -567.712148 626.212148
v 0.208333 -567.712148 626.212148
v 0.416667 -567.712148 626.212148
v 0.625000 -567.712148 626.212148
v 0.833333 -567.712148 626.212148
v 1.041667 -567.712148 626.212148
v 1.250000 -567.712148 626.212148
v 1.458333 -567.712148 626.212148
v 1.666667 -567.712148 626.212148
v 1.875000 -567.712148 626.212148
v 2.083333 -567.712148 626.212148
v 2.291667 -567.712148 626.212148
v 2.500000 -567.712148 626.212148
v 2.708333 -567.712148 626.212148
v 2.916667 -567.712148 626.212148
v 3.125000 -567.712148 626.212148
v 3.333333 -567.712148 626.212148
v 3.541667 -567.712148 626.212148
v 3.750000 -567.712148 626.212148
v 3.958333 -567.712148 626.212148
v 4.166667 -567.712148 626.212148
v 4.375000 -567.712148 626.212148
v 4.583333 -567.712148 626.212148
v 4.791667 -567.712148 626.212148
v 5.000000 -567.712148 626.212148
v -5.000000 -576.409538 634.909538
v -4.791667 -576.409538 634.909538
v -4.583333 -576.409538 634.909538
v -4.375000 -576.409538 634.909538
v -4.166667 -576.409538 634.909538
v -3.958333 -576.409538 634.909538
v -3.750000 -576.409538 634.909538
v -3.541667 -576.409538 634.909538
v -3.333333 -576.409538 634.909538
v -3.125000 -576.409538 634.909538
v -2.916667 -576.409538 634.909538
v -2.708333 -576.409538 634.909538
v -2.500000 -576.409538 634.909538
v -2.291667 -576.409538 634.909538
v -2.083333 -576.409538 634.909538
v -1.875000 -576.409538 634.909538
v -1.666667 -576.409538 634.909538
v -1.458333 -576.409538 634.909538
v -1.250000 -576.409538 634.909538
v -1.041667 -576.409538 634.909538
v -0.833333 -576.409538 634.909538
v -0.625000 -576.409538 634.909538
v -0.416667 -576.409538 634.909538
v -0.208333 -576.409538 634.909538
v 0.000000 -576.409538 634.909538
v 0.208333 -576.409538 634.909538
v 0.416667 -576.409538 634.909538
v 0.625000 -576.409538 634.909538
v 0.833333 -576.409538 634.909538
v 1.041667 -576.409538 634.909538
v 1.250000 -576.409538 634.909538
v 1.458333 -576.409538 634.909538
v 1.666667 -576.409538 634.909538
v 1.875000 -576.409538 634.909538
v 2.083333 -576.409538 634.909538
v 2.291667 -576.409538 634.909538
v 2.500000 -576.409538 634.909538
v 2.708333 -576.409538 634.909538
v 2.916667 -576.409538 634.909538
v 3.125000 -576.409538 634.909538
v 3.333333 -576.409538 634.909538
v 3.541667 -576.409538 634.909538
v 3.750000 -576.409538 634.909538
v 3.958333 -576.409538 634.909538
v 4.166667 -576.409538 634.909538
v 4.375000 -576.409538 634.909538
v 4.583333 -576.409538 634.909538
v 4.791667 -576.409538 634.909538
v 5.000000 -576.409538 634.909538
v -5.000000 -585.106929 643.606929
v -4.791667 -585.106929 643.606929
v -4.583333 -585.106929 643.606929
v -4.375000 -585.106929 643.606929
v -4.166667 -585.106929 643.606929
v -3.958333 -585.106929 643.606929
v -3.750000 -585.106929 643.606929
v -3.541667 -585.106929 643.606929
v -3.333333 -585.106929 643.606929
v -3.125000 -585.106929 643.606929
v -2.916667 -585.106929 643.606929
v -2.708333 -585.106929 643.606929
v -2.500000 -585.106929 643.606929
v -2.291667 -585.106929 643.606929
v -2.083333 -585.106929 643.606929
v -1.875000 -585.106929 643.606929
v -1.666667 -585.106929 643.606929
v -1.458333 -585.106929 643.606929
v -1.250000 -585.106929 643.606929
v -1.041667 -585.106929 643.606929
v -0.833333 -585.106929 643.606929
v -0.625000 -585.106929 643.606929
v -0.416667 -585.106929 643.606929
v -0.208333 -585.106929 643.606929
v 0.000000 -585.106929 643.606929
v 0.208333 -585.106929 643.606929
v 0.416667 -585.106929 643.606929
v 0.625000 -585.106929 643.606929
v 0.833333 -585.106929 643.606929
v 1.041667 -585.106929 643.606929
v 1.250000 -585.106929 643.606929
v 1.458333 -585.106929 643.606929
v 1.666667 -585.106929 643.606929
v 1.875000 -585.106929 643.606929
v 2.083333 -585.106929 643.606929
v 2.291667 -585.106929 643.606929
v 2.500000 -585.106929 643.606929
v 2.708333 -585.106929 643.606929
v 2.916667 -585.106929 643.606929
v 3.125000 -585.106929 643.606929
v 3.333333 -585.106929 643.606929
v 3.541667 -585.106929 643.606929
v 3.750000 -585.106929 643.606929
v 3.958333 -585.106929 643.606929
v 4.166667 -585.106929 643.606929
v 4.375000 -585.106929 643.606929
v 4.583333 -585.106929 643.606929
v 4.791667 -585.106929 643.606929
v 5.000000 -585.106929 643.606929
v -5.000000 -593.804320 652.304320
v -4.791667 -593.804320 652.304320
v -4.583333 -593.804320 652.304320
v -4.375000 -593.804320 652.304320
v -4.166667 -593.804320 652.304320
v -3.958333 -593.804320 652.304320
v -3.750000 -593.804320 652.304320
v -3.541667 -593.804320 652.304320
v -3.333333 -593.804320 652.304320
v -3.125000 -593.804320 652.304320
v -2.916667 -593.804320 652.304320
v -2.708333 -593.804320 652.304320
v -2.500000 -593.804320 652.304320
v -2.291667 -593.804320 652.304320
v -2.083333 -593.804320 652.304320
v -1.875000 -593.804320 652.304320
v -1.666667 -593.804320 652.304320
v -1.458333 -593.804320 652.304320
v -1.250000 -593.804320 652.304320
v -1.041667 -593.804320 652.304320
v -0.833333 -593.804320 652.304320
v -0.625000 -593.804320 652.304320
v -0.416667 -593.804320 652.304320
v -0.208333 -593.804320 652.304320
v 0.000000 -593.804320 652.304320
v 0.208333 -593.804320 652.304320
v 0.416667 -593.804320 652.304320
v 0.625000 -593.804320 652.304320
v 0.833333 -593.804320 652.304320
v 1.041667 -593.804320 652.304320
v 1.250000 -593.804320 652.304320
v 1.458333 -593.804320 652.304320
v 1.666667 -593.804320 652.304320
v 1.875000 -593.804320 652.304320
v 2.083333 -593.804320 652.304320
v 2.291667 -593.804320 652.304320
v 2.500000 -593.804320 652.304320
v 2.708333 -593.804320 652.304320
v 2.916667 -593.804320 652.304320
v 3.125000 -593.804320 652.304320
v 3.333333 -593.804320 652.304320
v 3.541667 -593.804320 652.304320
v 3.750000 -593.804320 652.304320
v 3.958333 -593.804320 652.304320
v 4.166667 -593.804320 652.304320
v 4.375000 -593.804320 652.304320
v 4.583333 -593.804320 652.304320
v 4.791667 -593.804320 652.304320
v 5.000000 -593.804320 652.304320
v -5.000000 -602.501711 661.001711
v -4.791667 -602.501711 661.001711
v -4.583333 -602.501711 661.001711
v -4.375000 -602.501711 661.001711
v -4.166667 -602.501711 661.001711
v -3.958333 -602.501711 661.001711
v -3.750000 -602.501711 661.001711
v -3.541667 -602.501711 661.001711
v -3.333333 -602.501711 661.001711
v -3.125000 -602.501711 661.001711
v -2.916667 -602.501711 661.001711
v -2.708333 -602.501711 661.001711
v -2.500000 -602.501711 661.001711
v -2.291667 -602.501711 661.001711
v -2.083333 -602.501711 661.001711
v -1.875000 -602.501711 661.001711
v -1.666667 -602.501711 661.001711
v -1.458333 -602.501711 661.001711
v -1.250000 -602.501711 661.001711
v -1.041667 -602.501711 661.001711
v -0.833333 -602.501711 661.001711
v -0.625000 -602.501711 661.001711
v -0.416667 -602.501711 661.001711
v -0.208333 -602.501711 661.001711
v 0.000000 -602.501711 661.001711
v 0.208333 -602.501711 661.001711
v 0.416667 -602.501711 661.001711
v 0.625000 -602.501711 661.001711
v 0.833333 -602.501711 661.001711
v 1.041667 -602.501711 661.001711
v 1.250000 -602.501711 661.001711
v 1.458333 -602.501711 661.001711
v 1.666667 -602.501711 661.001711
v 1.875000 -602.501711 661.001711
v 2.083333 -602.501711 661.001711
v 2.291667 -602.501711 661.001711
v 2.500000 -602.501711 661.001711
v 2.708333 -602.501711 661.001711
v 2.916667 -602.501711 661.001711
v 3.125000 -602.501711 661.001711
v 3.333333 -602.501711 661.001711
v 3.541667 -602.501711 661.001711
v 3.750000 -602.501711 661.001711
v 3.958333 -602.501711 661.001711
v 4.166667 -602.501711 661.001711
v 4.375000 -602.501711 661.001711
v 4.583333 -602.501711 661.001711
v 4.791667 -602.501711 661.001711
v 5.000000 -602.501711 661.001711
v -5.000000 -611.199102 669.699102
v -4.791667 -611.199102 669.699102
v -4.583333 -611.199102 669.699102
v -4.375000 -611.199102 669.699102
v -4.166667 -611.199102 669.699102
v -3.958333 -611.199102 669.699102
v -3.750000 -611.199102 669.699102
v -3.541667 -611.199102 669.699102
v -3.333333 -611.199102 669.699102
v -3.125000 -611.199102 669.699102
v -2.916667 -611.199102 669.699102
v -2.708333 -611.199102 669.699102
v -2.500000 -611.199102 669.699102
v -2.291667 -611.199102 669.699102
v -2.083333 -611.199102 669.699102
v -1.875000 -611.199102 669.699102
v -1.666667 -611.199102 669.699102
v -1.458333 -611.199102 669.699102
v -1.250000 -611.199102 669.699102
v -1.041667 -611.199102 669.699102
v -0.833333 -611.199102 669.699102
v -0.625000 -611.199102 669.699102
v -0.416667 -611.199102 669.699102
v -0.208333 -611.199102 669.699102
v 0.000000 -611.199102 669.699102
v 0.208333 -611.199102 669.699102
v 0.416667 -611.199102 669.699102
v 0.625000 -611.199102 669.699102
v 0.833333 -611.199102 669.699102
v 1.041667 -611.199102 669.699102
v 1.250000 -611.199102 669.699102
v 1.458333 -611.199102 669.699102
v 1.666667 -611.199102 669.699102
v 1.875000 -611.199102 669.699102
v 2.083333 -611.199102 669.699102
v 2.291667 -611.199102 669.699102
v 2.500000 -611.199102 669.699102
v 2.708333 -611.199102 669.699102
v 2.916667 -611.199102 669.699102
v 3.125000 -611.199102 669.699102
v 3.333333 -611.199102 669.699102
v 3.541667 -611.199102 669.699102
v 3.750000 -611.199102 669.699102
v 3.958333 -611.199102 669.699102
v 4.166667 -611.199102 669.699102
v 4.375000 -611.199102 669.699102
v 4.583333 -611.199102 669.699102
v 4.791667 -611.199102 669.699102
v 5.000000 -611.199102 669.699102
v -5.000000 -619.896493 678.396493
v -4.791667 -619.896493 678.396493
v -4.583333 -619.896493 678.396493
v -4.375000 -619.896493 678.396493
v -4.166667 -619.896493 678.396493
v -3.958333 -619.896493 678.396493
v -3.750000 -619.896493 678.396493
v -3.541667 -619.896493 678.396493
v -3.333333 -619.896493 678.396493
v -3.125000 -619.896493 678.396493
v -2.916667 -619.896493 678.396493
v -2.708333 -619.896493 678.396493
v -2.500000 -619.896493 678.396493
v -2.291667 -619.896493 678.396493
v -2.083333 -619.896493 678.396493
v -1.875000 -619.896493 678.396493
v -1.666667 -619.896493 678.396493
v -1.458333 -619.896493 678.396493
v -1.250000 -619.896493 678.396493
v -1.041667 -619.896493 678.396493
v -0.833333 -619.896493 678.396493
v -0.625000 -619.896493 678.396493
v -0.416667 -619.896493 678.396493
v -0.208333 -619.896493 678.396493
v 0.000000 -619.896493 678.396493
v 0.208333 -619.896493 678.396493
v 0.416667 -619.896493 678.396493
v 0.625000 -619.896493 678.396493
v 0.833333 -619.896493 678.396493
v 1.041667 -619.896493 678.396493
v 1.250000 -619.896493 678.396493
v 1.458333 -619.896493 678.396493
v 1.666667 -619.896493 678.396493
v 1.875000 -619.896493 678.396493
v 2.083333 -619.896493 678.396493
v 2.291667 -619.896493 678.396493
v 2.500000 -619.896493 678.396493
v 2.708333 -619.896493 678.396493
v 2.916667 -619.896493 678.396493
v 3.125000 -619.896493 678.396493
v 3.333333 -619.896493 678.396493
v 3.541667 -619.896493 678.396493
v 3.750000 -619.896493 678.396493
v 3.958333 -619.896493 678.396493
v 4.166667 -619.896493 678.396493
v 4.375000 -619.896493 678.396493
v 4.583333 -619.896493 678.396493
v 4.791667 -619.896493 678.396493
v 5.000000 -619.896493 678.396493
v -5.000000 -628.593884 687.093884
v -4.791667 -628.593884 687.093884
v -4.583333 -628.593884 687.093884
v -4.375000 -628.593884 687.093884
v -4.166667 -628.593884 687.093884
v -3.958333 -628.593884 687.093884
v -3.750000 -628.593884 687.093884
v -3.541667 -628.593884 687.093884
v -3.333333 -628.593884 687.093884
v -3.125000 -628.593884 687.093884
v -2.916667 -628.593884 687.093884
v -2.708333 -628.593884 687.093884
v -2.500000 -628.593884 687.093884
v -2.291667 -628.593884 687.093884
v -2.083333 -628.593884 687.093884
v -1.875000 -628.593884 687.093884
v -1.666667 -628.593884 687.093884
v -1.458333 -628.593884 687.093884
v -1.250000 -628.593884 687.093884
v -1.041667 -628.593884 687.093884
v -0.833333 -628.593884 687.093884
v -0.625000 -628.593884 687.093884
v -0.416667 -628.593884 687.093884
v -0.208333 -628.593884 687.093884
v 0.000000 -628.593884 687.093884
v 0.208333 -628.593884 687.093884
v 0.416667 -628.593884 687.093884
v 0.625000 -628.593884 687.093884
v 0.833333 -628.593884 687.093884
v 1.041667 -628.593884 687.093884
v 1.250000 -628.593884 687.093884
v 1.458333 -628.593884 687.093884
v 1.666667 -628.593884 687.093884
v 1.875000 -628.593884 687.093884
v 2.083333 -628.593884 687.093884
v 2.291667 -628.593884 687.093884
v 2.500000 -628.593884 687.093884
v 2.708333 -628.593884 687.093884
v 2.916667 -628.593884 687.093884
v 3.125000 -628.593884 687.093884
v 3.333333 -628.593884 687.093884
v 3.541667 -628.593884 687.093884
v 3.750000 -628.593884 687.093884
v 3.958333 -628.593884 687.093884
v 4.166667 -628.593884 687.093884
v 4.375000 -628.593884 687.093884
v 4.583333 -628.593884 687.093884
v 4.791667 -628.593884 687.093884
v 5.000000 -628.593884 687.093884
v -5.000000 -637.291275 695.791275
v -4.791667 -637.291275 695.791275
v -4.583333 -637.291275 695.791275
v -4.375000 -637.291275 695.791275
v -4.166667 -637.291275 695.791275
v -3.958333 -637.291275 695.791275
v -3.750000 -637.291275 695.791275
v -3.541667 -637.291275 695.791275
v -3.333333 -637.291275 695.791275
v -3.125000 -637.291275 695.791275
v -2.916667 -637.291275 695.791275
v -2.708333 -637.291275 695.791275
v -2.500000 -637.291275 695.791275
v -2.291667 -637.291275 695.791275
v -2.083333 -637.291275 695.791275
v -1.875000 -637.291275 695.791275
v -1.666667 -637.291275 695.791275
v -1.458333 -637.291275 695.791275
v -1.250000 -637.291275 695.791275
v -1.041667 -637.291275 695.791275
v -0.833333 -637.291275 695.791275
v -0.625000 -637.291275 695.791275
v -0.416667 -637.291275 695.791275
v -0.208333 -637.291275 695.791275
v 0.000000 -637.291275 695.791275
v 0.208333 -637.291275 695.791275
v 0.416667 -637.291275 695.791275
v 0.625000 -637.291275 695.791275
v 0.833333 -637.291275 695.791275
v 1.041667 -637.291275 695.791275
v 1.250000 -637.291275 695.791275
v 1.458333 -637.291275 695.791275
v 1.666667 -637.291275 695.791275
v 1.875000 -637.291275 695.791275
v 2.083333 -637.291275 695.791275
v 2.291667 -637.291275 695.791275
v 2.500000 -637.291275 695.791275
v 2.708333 -637.291275 695.791275
v 2.916667 -637.291275 695.791275
v 3.125000 -637.291275 695.791275
v 3.333333 -637.291275 695.791275
v 3.541667 -637.291275 695.791275
v 3.750000 -637.291275 695.791275
v 3.958333 -637.291275 695.791275
v 4.166667 -637.291275 695.791275
v 4.375000 -637.291275 695.791275
v 4.583333 -637.291275 695.791275
v 4.791667 -637.291275 695.791275
v 5.000000 -637.291275 695.791275
v -5.000000 -645.988666 704.488666
v -4.791667 -645.988666 704.488666
v -4.583333 -645.988666 704.488666
v -4.375000 -645.988666 704.488666
v -4.166667 -645.988666 704.488666
v -3.958333 -645.988666 704.488666
v -3.750000 -645.988666 704.488666
v -3.541667 -645.988666 704.488666
v -3.333333 -645.988666 704.488666
v -3.125000 -645.988666 704.488666
v -2.916667 -645.988666 704.488666
v -2.708333 -645.988666 704.488666
v -2.500000 -645.988666 704.488666
v -2.291667 -645.988666 704.488666
v -2.083333 -645.988666 704.488666
v -1.875000 -645.988666 704.488666
v -1.666667 -645.988666 704.488666
v -1.458333 -645.988666 704.488666
v -1.250000 -645.988666 704.488666
v -1.041667 -645.988666 704.488666
v -0.833333 -645.988666 704.488666
v -0.625000 -645.988666 704.488666
v -0.416667 -645.988666 704.488666
v -0.208333 -645.988666 704.488666
v 0.000000 -645.988666 704.488666
v 0.208333 -645.988666 704.488666
v 0.416667 -645.988666 704.488666
v 0.625000 -645.988666 704.488666
v 0.833333 -645.988666 704.488666
v 1.041667 -645.988666 704.488666
v 1.250000 -645.988666 704.488666
v 1.458333 -645.988666 704.488666
v 1.666667 -645.988666 704.488666
v 1.875000 -645.988666 704.488666
v 2.083333 -645.988666 704.488666
v 2.291667 -645.988666 704.488666
v 2.500000 -645.988666 704.488666
v 2.708333 -645.988666 704.488666
v 2.916667 -645.988666 704.488666
v 3.125000 -645.988666 704.488666
v 3.333333 -645.988666 704.488666
v 3.541667 -645.988666 704.488666
v 3.750000 -645.988666 704.488666
v 3.958333 -645.988666 704.488666
v 4.166667 -645.988666 704.488666
v 4.375000 -645.988666 704.488666
v 4.583333 -645.988666 704.488666
v 4.791667 -645.988666 704.488666
v 5.000000 -645.988666 704.488666
v -5.000000 -654.686057 713.186057
v -4.791667 -654.686057 713.186057
v -4.583333 -654.686057 713.186057
v -4.375000 -654.686057 713.186057
v -4.166667 -654.686057 713.186057
v -3.958333 -654.686057 713.186057
v -3.750000 -654.686057 713.186057
v -3.541667 -654.686057 713.186057
v -3.333333 -654.686057 713.186057
v -3.125000 -654.686057 713.186057
v -2.916667 -654.686057 713.186057
v -2.708333 -654.686057 713.186057
v -2.500000 -654.686057 713.186057
v -2.291667 -654.686057 713.186057
v -2.083333 -654.686057 713.186057
v -1.875000 -654.686057 713.186057
v -1.666667 -654.686057 713.186057
v -1.458333 -654.686057 713.186057
v -1.250000 -654.686057 713.186057
v -1.041667 -654.686057 713.186057
v -0.833333 -654.686057 713.186057
v -0.625000 -654.686057 713.186057
v -0.416667 -654.686057 713.186057
v -0.208333 -654.686057 713.186057
v 0.000000 -654.686057 713.186057
v 0.208333 -654.686057 713.186057
v 0.416667 -654.686057 713.186057
v 0.625000 -654.686057 713.186057
v 0.833333 -654.686057 713.186057
v 1.041667 -654.686057 713.186057
v 1.250000 -654.686057 713.186057
v 1.458333 -654.686057 713.186057
v 1.666667 -654.686057 713.186057
v 1.875000 -654.686057 713.186057
v 2.083333 -654.686057 713.186057
v 2.291667 -654.686057 713.186057
v 2.500000 -654.686057 713.186057
v 2.708333 -654.686057 713.186057
v 2.916667 -654.686057 713.186057
v 3.125000 -654.686057 713.186057
v 3.333333 -654.686057 713.186057
v 3.541667 -654.686057 713.186057
v 3.750000 -654.686057 713.186057
v 3.958333 -654.686057 713.186057
v 4.166667 -654.686057 713.186057
v 4.375000 -654.686057 713.186057
v 4.583333 -654.686057 713.186057
v 4.791667 -654.686057 713.186057
v 5.000000 -654.686057 713.186057
v -5.000000 -663.383448 721.883448
v -4.791667 -663.383448 721.883448
v -4.583333 -663.383448 721.883448
v -4.375000 -663.383448 721.883448
v -4.166667 -663.383448 721.883448
v -3.958333 -663.383448 721.883448
v -3.750000 -663.383448 721.883448
v -3.541667 -663.383448 721.883448
v -3.333333 -663.383448 721.883448
v -3.125000 -663.383448 721.883448
v -2.916667 -663.383448 721.883448
v -2.708333 -663.383448 721.883448
v -2.500000 -663.383448 721.883448
v -2.291667 -663.383448 721.883448
v -2.083333 -663.383448 721.883448
v -1.875000 -663.383448 721.883448
v -1.666667 -663.383448 721.883448
v -1.458333 -663.383448 721.883448
v -1.250000 -663.383448 721.883448
v -1.041667 -663.383448 721.883448
v -0.833333 -663.383448 721.883448
v -0.625000 -663.383448 721.883448
v -0.416667 -663.383448 721.883448
v -0.208333 -663.383448 721.883448
v 0.000000 -663.383448 721.883448
v 0.208333 -663.383448 721.883448
v 0.416667 -663.383448 721.883448
v 0.625000 -663.383448 721.883448
v 0.833333 -663.383448 721.883448
v 1.041667 -663.383448 721.883448
v 1.250000 -663.383448 721.883448
v 1.458333 -663.383448 721.883448
v 1.666667 -663.383448 721.883448
v 1.875000 -663.383448 721.883448
v 2.083333 -663.383448 721.883448
v 2.291667 -663.383448 721.883448
v 2.500000 -663.383448 721.883448
v 2.708333 -663.383448 721.883448
v 2.916667 -663.383448 721.883448
v 3.125000 -663.383448 721.883448
v 3.333333 -663.383448 721.883448
v 3.541667 -663.383448 721.883448
v 3.750000 -663.383448 721.883448
v 3.958333 -663.383448 721.883448
v 4.166667 -663.383448 721.883448
v 4.375000 -663.383448 721.883448
v 4.583333 -663.383448 721.883448
v 4.791667 -663.383448 721.883448
v 5.000000 -663.383448 721.883448
v -5.000000 -672.080839 730.580839
v -4.791667 -672.080839 730.580839
v -4.583333 -672.080839 730.580839
v -4.375000 -672.080839 730.580839
v -4.166667 -672.080839 730.580839
v -3.958333 -672.080839 730.580839
v -3.750000 -672.080839 730.580839
v -3.541667 -672.080839 730.580839
v -3.333333 -672.080839 730.580839
v -3.125000 -672.080839 730.580839
v -2.916667 -672.080839 730.580839
v -2.708333 -672.080839 730.580839
v -2.500000 -672.080839 730.580839
v -2.291667 -672.080839 730.580839
v -2.083333 -672.080839 730.580839
v -1.875000 -672.080839 730.580839
v -1.666667 -672.080839 730.580839
v -1.458333 -672.080839 730.580839
v -1.250000 -672.080839 730.580839
v -1.041667 -672.080839 730.580839
v -0.833333 -672.080839 730.580839
v -0.625000 -672.080839 730.580839
v -0.416667 -672.080839 730.580839
v -0.208333 -672.080839 730.580839
v 0.000000 -672.080839 730.580839
v 0.208333 -672.080839 730.580839
v 0.416667 -672.080839 730.580839
v 0.625000 -672.080839 730.580839
v 0.833333 -672.080839 730.580839
v 1.041667 -672.080839 730.580839
v 1.250000 -672.080839 730.580839
v 1.458333 -672.080839 730.580839
v 1.666667 -672.080839 730.580839
v 1.875000 -672.080839 730.580839
v 2.083333 -672.080839 730.580839
v 2.291667 -672.080839 730.580839
v 2.500000 -672.080839 730.580839
v 2.708333 -672.080839 730.580839
v 2.916667 -672.080839 730.580839
v 3.125000 -672.080839 730.580839
v 3.333333 -672.080839 730.580839
v 3.541667 -672.080839 730.580839
v 3.750000 -672.080839 730.580839
v 3.958333 -672.080839 730.580839
v 4.166667 -672.080839 730.580839
v 4.375000 -672.080839 730.580839
v 4.583333 -672.080839 730.580839
v 4.791667 -672.080839 730.580839
v 5.000000 -672.080839 730.580839
v -5.000000 -680.778230 739.278230
v -4.791667 -680.778230 739.278230
v -4.583333 -680.778230 739.278230
v -4.375000 -680.778230 739.278230
v -4.166667 -680.778230 739.278230
v -3.958333 -680.778230 739.278230
v -3.750000 -680.778230 739.278230
v -3.541667 -680.778230 739.278230
v -3.333333 -680.778230 739.278230
v -3.125000 -680.778230 739.278230
v -2.916667 -680.778230 739.278230
v -2.708333 -680.778230 739.278230
v -2.500000 -680.778230 739.278230
v -2.291667 -680.778230 739.278230
v -2.083333 -680.778230 739.278230
v -1.875000 -680.778230 739.278230
v -1.666667 -680.778230 739.278230
v -1.458333 -680.778230 739.278230
v -1.250000 -680.778230 739.278230
v -1.041667 -680.778230 739.278230
v -0.833333 -680.778230 739.278230
v -0.625000 -680.778230 739.278230
v -0.416667 -680.778230 739.278230
v -0.208333 -680.778230 739.278230
v 0.000000 -680.778230 739.278230
v 0.208333 -680.778230 739.278230
v 0.416667 -680.778230 739.278230
v 0.625000 -680.778230 739.278230
v 0.833333 -680.778230 739.278230
v 1.041667 -680.778230 739.278230
v 1.250000 -680.778230 739.278230
v 1.458333 -680.778230 739.278230
v 1.666667 -680.778230 739.278230
v 1.875000 -680.778230 739.278230
v 2.083333 -680.778230 739.278230
v 2.291667 -680.778230 739.278230
v 2.500000 -680.778230 739.278230
v 2.708333 -680.778230 739.278230
v 2.916667 -680.778230 739.278230
v 3.125000 -680.778230 739.278230
v 3.333333 -680.778230 739.278230
v 3.541667 -680.778230 739.278230
v 3.750000 -680.778230 739.278230
v 3.958333 -680.778230 739.278230
v 4.166667 -680.778230 739.278230
v 4.375000 -680.778230 739.278230
v 4.583333 -680.778230 739.278230
v 4.791667 -680.778230 739.278230
v 5.000000 -680.778230 739.278230
v -5.000000 -689.475621 747.975621
v -4.791667 -689.475621 747.975621
v -4.583333 -689.475621 747.975621
v -4.375000 -689.475621 747.975621
v -4.166667 -689.475621 747.975621
v -3.958333 -689.475621 747.975621
v -3.750000 -689.475621 747.975621
v -3.541667 -689.475621 747.975621
v -3.333333 -689.475621 747.975621
v -3.125000 -689.475621 747.975621
v -2.916667 -689.475621 747.975621
v -2.708333 -689.475621 747.975621
v -2.500000 -689.475621 747.975621
v -2.291667 -689.475621 747.975621
v -2.083333 -689.475621 747.975621
v -1.875000 -689.475621 747.975621
v -1.666667 -689.475621 747.975621
v -1.458333 -689.475621 747.975621
v -1.250000 -689.475621 747.975621
v -1.041667 -689.475621 747.975621
v -0.833333 -689.475621 747.975621
v -0.625000 -689.475621 747.975621
v -0.416667 -689.475621 747.975621
v -0.208333 -689.475621 747.975621
v 0.000000 -689.475621 747.975621
v 0.208333 -689.475621 747.975621
v 0.416667 -689.475621 747.975621
v 0.625000 -689.475621 747.975621
v 0.833333 -689.475621 747.975621
v 1.041667 -689.475621 747.975621
v 1.250000 -689.475621 747.975621
v 1.458333 -689.475621 747.975621
v 1.666667 -689.475621 747.975621
v 1.875000 -689.475621 747.975621
v 2.083333 -689.475621 747.975621
v 2.291667 -689.475621 747.975621
v 2.500000 -689.475621 747.975621
v 2.708333 -689.475621 747.975621
v 2.916667 -689.475621 747.975621
v 3.125000 -689.475621 747.975621
v 3.333333 -689.475621 747.975621
v 3.541667 -689.475621 747.975621
v 3.750000 -689.475621 747.975621
v 3.958333 -689.475621 747.975621
v 4.166667 -689.475621 747.975621
v 4.375000 -689.475621 747.975621
v 4.583333 -689.475621 747.975621
v 4.791667 -689.475621 747.975621
v 5.000000 -689.475621 747.975621
v -5.000000 -698.173012 756.673012
v -4.791667 -698.173012 756.673012
v -4.583333 -698.173012 756.673012
v -4.375000 -698.173012 756.673012
v -4.166667 -698.173012 756.673012
v -3.958333 -698.173012 756.673012
v -3.750000 -698.173012 756.673012
v -3.541667 -698.173012 756.673012
v -3.333333 -698.173012 756.673012
v -3.125000 -698.173012 756.673012
v -2.916667 -698.173012 756.673012
v -2.708333 -698.173012 756.673012
v -2.500000 -698.173012 756.673012
v -2.291667 -698.173012 756.673012
v -2.083333 -698.173012 756.673012
v -1.875000 -698.173012 756.673012
v -1.666667 -698.173012 756.673012
v -1.458333 -698.173012 756.673012
v -1.250000 -698.173012 756.673012
v -1.041667 -698.173012 756.673012
v -0.833333 -698.173012 756.673012
v -0.625000 -698.173012 756.673012
v -0.416667 -698.173012 756.673012
v -0.208333 -698.173012 756.673012
v 0.000000 -698.173012 756.673012
v 0.208333 -698.173012 756.673012
v 0.416667 -698.173012 756.673012
v 0.625000 -698.173012 756.673012
v 0.833333 -698.173012 756.673012
v 1.041667 -698.173012 756.673012
v 1.250000 -698.173012 756.673012
v 1.458333 -698.173012 756.673012
v 1.666667 -698.173012 756.673012
v 1.875000 -698.173012 756.673012
v 2.083333 -698.173012 756.673012
v 2.291667 -698.173012 756.673012
v 2.500000 -698.173012 756.673012
v 2.708333 -698.173012 756.673012
v 2.916667 -698.173012 756.673012
v 3.125000 -698.173012 756.673012
v 3.333333 -698.173012 756.673012
v 3.541667 -698.173012 756.673012
v 3.750000 -698.173012 756.673012
v 3.958333 -698.173012 756.673012
v 4.166667 -698.173012 756.673012
v 4.375000 -698.173012 756.673012
v 4.583333 -698.173012 756.673012
v 4.791667 -698.173012 756.673012
v 5.000000 -698.173012 756.673012
v -5.000000 -706.870403 765.370403
v -4.791667 -706.870403 765.370403
v -4.583333 -706.870403 765.370403
v -4.375000 -706.870403 765.370403
v -4.166667 -706.870403 765.370403
v -3.958333 -706.870403 765.370403
v -3.750000 -706.870403 765.370403
v -3.541667 -706.870403 765.370403
v -3.333333 -706.870403 765.370403
v -3.125000 -706.870403 765.370403
v -2.916667 -706.870403 765.370403
v -2.708333 -706.870403 765.370403
v -2.500000 -706.870403 765.370403
v -2.291667 -706.870403 765.370403
v -2.083333 -706.870403 765.370403
v -1.875000 -706.870403 765.370403
v -1.666667 -706.870403 765.370403
v -1.458333 -706.870403 765.370403
v -1.250000 -706.870403 765.370403
v -1.041667 -706.870403 765.370403
v -0.833333 -706.870403 765.370403
v -0.625000 -706.870403 765.370403
v -0.416667 -706.870403 765.370403
v -0.208333 -706.870403 765.370403
v 0.000000 -706.870403 765.370403
v 0.208333 -706.870403 765.370403
v 0.416667 -706.870403 765.370403
v 0.625000 -706.870403 765.370403
v 0.833333 -706.870403 765.370403
v 1.041667 -706.870403 765.370403
v 1.250000 -706.870403 765.370403
v 1.458333 -706.870403 765.370403
v 1.666667 -706.870403 765.370403
v 1.875000 -706.870403 765.370403
v 2.083333 -706.870403 765.370403
v 2.291667 -706.870403 765.370403
v 2.500000 -706.870403 765.370403
v 2.708333 -706.870403 765.370403
v 2.916667 -706.870403 765.370403
v 3.125000 -706.870403 765.370403
v 3.333333 -706.870403 765.370403
v 3.541667 -706.870403 765.370403
v 3.750000 -706.870403 765.370403
v 3.958333 -706.870403 765.370403
v 4.166667 -706.870403 765.370403
v 4.375000 -706.870403 765.370403
v 4.583333 -706.870403 765.370403
v 4.791667 -706.870403 765.370403
v 5.000000 -706.870403 765.370403
v -5.000000 -715.567793 774.067793
v -4.791667 -715.567793 774.067793
v -4.583333 -715.567793 774.067793
v -4.375000 -715.567793 774.067793
v -4.166667 -715.567793 774.067793
v -3.958333 -715.567793 774.067793
v -3.750000 -715.567793 774.067793
v -3.541667 -715.567793 774.067793
v -3.333333 -715.567793 774.067793
v -3.125000 -715.567793 774.067793
v -2.916667 -715.567793 774.067793
v -2.708333 -715.567793 774.067793
v -2.500000 -715.567793 774.067793
v -2.291667 -715.567793 774.067793
v -2.083333 -715.567793 774.067793
v -1.875000 -715.567793 774.067793
v -1.666667 -715.567793 774.067793
v -1.458333 -715.567793 774.067793
v -1.250000 -715.567793 774.067793
v -1.041667 -715.567793 774.067793
v -0.833333 -715.567793 774.067793
v -0.625000 -715.567793 774.067793
v -0.416667 -715.567793 774.067793
v -0.208333 -715.567793 774.067793
v 0.000000 -715.567793 774.067793
v 0.208333 -715.567793 774.067793
v 0.416667 -715.567793 774.067793
v 0.625000 -715.567793 774.067793
v 0.833333 -715.567793 774.067793
v 1.041667 -715.567793 774.067793
v 1.250000 -715.567793 774.067793
v 1.458333 -715.567793 774.067793
v 1.666667 -715.567793 774.067793
v 1.875000 -715.567793 774.067793
v 2.083333 -715.567793 774.067793
v 2.291667 -715.567793 774.067793
v 2.500000 -715.567793 774.067793
v 2.708333 -715.567793 774.067793
v 2.916667 -715.567793 774.067793
v 3.125000 -715.567793 774.067793
v 3.333333 -715.567793 774.067793
v 3.541667 -715.567793 774.067793
v 3.750000 -715.567793 774.067793
v 3.958333 -715.567793 774.067793
v 4.166667 -715.567793 774.067793
v 4.375000 -715.567793 774.067793
v 4.583333 -715.567793 774.067793
v 4.791667 -715.567793 774.067793
v 5.000000 -715.567793 774.067793
v -5.000000 -724.265184 782.765184
v -4.791667 -724.265184 782.765184
v -4.583333 -724.265184 782.765184
v -4.375000 -724.265184 782.765184
v -4.166667 -724.265184 782.765184
v -3.958333 -724.265184 782.765184
v -3.750000 -724.265184 782.765184
v -3.541667 -724.265184 782.765184
v -3.333333 -724.265184 782.765184
v -3.125000 -724.265184 782.765184
v -2.916667 -724.265184 782.765184
v -2.708333 -724.265184 782.765184
v -2.500000 -724.265184 782.765184
v -2.291667 -724.265184 782.765184
v -2.083333 -724.265184 782.765184
v -1.875000 -724.265184 782.765184
v -1.666667 -724.265184 782.765184
v -1.458333 -724.265184 782.765184
v -1.250000 -724.265184 782.765184
v -1.041667 -724.265184 782.765184
v -0.833333 -724.265184 782.765184
v -0.625000 -724.265184 782.765184
v -0.416667 -724.265184 782.765184
v -0.208333 -724.265184 782.765184
v 0.000000 -724.265184 782.765184
v 0.208333 -724.265184 782.765184
v 0.416667 -724.265184 782.765184
v 0.625000 -724.265184 782.765184
v 0.833333 -724.265184 782.765184
v 1.041667 -724.265184 782.765184
v 1.250000 -724.265184 782.765184
v 1.458333 -724.265184 782.765184
v 1.666667 -724.265184 782.765184
v 1.875000 -724.265184 782.765184
v 2.083333 -724.265184 782.765184
v 2.291667 -724.265184 782.765184
v 2.500000 -724.265184 782.765184
v 2.708333 -724.265184 782.765184
v 2.916667 -724.265184 782.765184
v 3.125000 -724.265184 782.765184
v 3.333333 -724.265184 782.765184
v 3.541667 -724.265184 782.765184
v 3.750000 -724.265184 782.765184
v 3.958333 -724.265184 782.765184
v 4.166667 -724.265184 782.765184
v 4.375000 -724.265184 782.765184
v 4.583333 -724.265184 782.765184
v 4.791667 -724.265184 782.765184
v 5.000000 -724.265184 782.765184
v -5.000000 -732.962575 791.462575
v -4.791667 -732.962575 791.462575
v -4.583333 -732.962575 791.462575
v -4.375000 -732.962575 791.462575
v -4.166667 -732.962575 791.462575
v -3.958333 -732.962575 791.462575
v -3.750000 -732.962575 791.462575
v -3.541667 -732.962575 791.462575
v -3.333333 -732.962575 791.462575
v -3.125000 -732.962575 791.462575
v -2.916667 -732.962575 791.462575
v -2.708333 -732.962575 791.462575
v -2.500000 -732.962575 791.462575
v -2.291667 -732.962575 791.462575
v -2.083333 -732.962575 791.462575
v -1.875000 -732.962575 791.462575
v -1.666667 -732.962575 791.462575
v -1.458333 -732.962575 791.462575
v -1.250000 -732.962575 791.462575
v -1.041667 -732.962575 791.462575
v -0.833333 -732.962575 791.462575
v -0.625000 -732.962575 791.462575
v -0.416667 -732.962575 791.462575
v -0.208333 -732.962575 791.462575
v 0.000000 -732.962575 791.462575
v 0.208333 -732.962575 791.462575
v 0.416667 -732.962575 791.462575
v 0.625000 -732.962575 791.462575
v 0.833333 -732.962575 791.462575
v 1.041667 -732.962575 791.462575
v 1.250000 -732.962575 791.462575
v 1.458333 -732.962575 791.462575
v 1.666667 -732.962575 791.462575
v 1.875000 -732.962575 791.462575
v 2.083333 -732.962575 791.462575
v 2.291667 -732.962575 791.462575
v 2.500000 -732.962575 791.462575
v 2.708333 -732.962575 791.462575
v 2.916667 -732.962575 791.462575
v 3.125000 -732.962575 791.462575
v 3.333333 -732.962575 791.462575
v 3.541667 -732.962575 791.462575
v 3.750000 -732.962575 791.462575
v 3.958333 -732.962575 791.462575
v 4.166667 -732.962575 791.462575
v 4.375000 -732.962575 791.462575
v 4.583333 -732.962575 791.462575
v 4.791667 -732.962575 791.462575
v 5.000000 -732.962575 791.462575
v -5.000000 -741.659966 800.159966
v -4.791667 -741.659966 800.159966
v -4.583333 -741.659966 800.159966
v -4.375000 -741.659966 800.159966
v -4.166667 -741.659966 800.159966
v -3.958333 -741.659966 800.159966
v -3.750000 -741.659966 800.159966
v -3.541667 -741.659966 800.159966
v -3.333333 -741.659966 800.159966
v -3.125000 -741.659966 800.159966
v -2.916667 -741.659966 800.159966
v -2.708333 -741.659966 800.159966
v -2.500000 -741.659966 800.159966
v -2.291667 -741.659966 800.159966
v -2.083333 -741.659966 800.159966
v -1.875000 -741.659966 800.159966
v -1.666667 -741.659966 800.159966
v -1.458333 -741.659966 800.159966
v -1.250000 -741.659966 800.159966
v -1.041667 -741.659966 800.159966
v -0.833333 -741.659966 800.159966
v -0.625000 -741.659966 800.159966
v -0.416667 -741.659966 800.159966
v -0.208333 -741.659966 800.159966
v 0.000000 -741.659966 800.159966
v 0.208333 -741.659966 800.159966
v 0.416667 -741.659966 800.159966
v 0.625000 -741.659966 800.159966
v 0.833333 -741.659966 800.159966
v 1.041667 -741.659966 800.159966
v 1.250000 -741.659966 800.159966
v 1.458333 -741.659966 800.159966
v 1.666667 -741.659966 800.159966
v 1.875000 -741.659966 800.159966
v 2.083333 -741.659966 800.159966
v 2.291667 -741.659966 800.159966
v 2.500000 -741.659966 800.159966
v 2.708333 -741.659966 800.159966
v 2.916667 -741.659966 800.159966
v 3.125000 -741.659966 800.159966
v 3.333333 -741.659966 800.159966
v 3.541667 -741.659966 800.159966
v 3.750000 -741.659966 800.159966
v 3.958333 -741.659966 800.159966
v 4.166667 -741.659966 800.159966
v 4.375000 -741.659966 800.159966
v 4.583333 -741.659966 800.159966
v 4.791667 -741.659966 800.159966
v 5.000000 -741.659966 800.159966
v -5.000000 -750.357357 808.857357
v -4.791667 -750.357357 808.857357
v -4.583333 -750.357357 808.857357
v -4.375000 -750.357357 808.857357
v -4.166667 -750.357357 808.857357
v -3.958333 -750.357357 808.857357
v -3.750000 -750.357357 808.857357
v -3.541667 -750.357357 808.857357
v -3.333333 -750.357357 808.857357
v -3.125000 -750.357357 808.857357
v -2.916667 -750.357357 808.857357
v -2.708333 -750.357357 808.857357
v -2.500000 -750.357357 808.857357
v -2.291667 -750.357357 808.857357
v -2.083333 -750.357357 808.857357
v -1.875000 -750.357357 808.857357
v -1.666667 -750.357357 808.857357
v -1.458333 -750.357357 808.857357
v -1.250000 -750.357357 808.857357
v -1.041667 -750.357357 808.857357
v -0.833333 -750.357357 808.857357
v -0.625000 -750.357357 808.857357
v -0.416667 -750.357357 808.857357
v -0.208333 -750.357357 808.857357
v 0.000000 -750.357357 808.857357
v 0.208333 -750.357357 808.857357
v 0.416667 -750.357357 808.857357
v 0.625000 -750.357357 808.857357
v 0.833333 -750.357357 808.857357
v 1.041667 -750.357357 808.857357
v 1.250000 -750.357357 808.857357
v 1.458333 -750.357357 808.857357
v 1.666667 -750.357357 808.857357
v 1.875000 -750.357357 808.857357
v 2.083333 -750.357357 808.857357
v 2.291667 -750.357357 808.857357
v 2.500000 -750.357357 808.857357
v 2.708333 -750.357357 808.857357
v 2.916667 -750.357357 808.857357
v 3.125000 -750.357357 808.857357
v 3.333333 -750.357357 808.857357
v 3.541667 -750.357357 808.857357
v 3.750000 -750.357357 808.857357
v 3.958333 -750.357357 808.857357
v 4.166667 -750.357357 808.857357
v 4.375000 -750.357357 808.857357
v 4.583333 -750.357357 808.857357
v 4.791667 -750.357357 808.857357
v 5.000000 -750.357357 808.857357
v -5.000000 -759.054748 817.554748
v -4.791667 -759.054748 817.554748
v -4.583333 -759.054748 817.554748
v -4.375000 -759.054748 817.554748
v -4.166667 -759.054748 817.554748
v -3.958333 -759.054748 817.554748
v -3.750000 -759.054748 817.554748
v -3.541667 -759.054748 817.554748
v -3.333333 -759.054748 817.554748
v -3.125000 -759.054748 817.554748
v -2.916667 -759.054748 817.554748
v -2.708333 -759.054748 817.554748
v -2.500000 -759.054748 817.554748
v -2.291667 -759.054748 817.554748
v -2.083333 -759.054748 817.554748
v -1.875000 -759.054748 817.554748
v -1.666667 -759.054748 817.554748
v -1.458333 -759.054748 817.554748
v -1.250000 -759.054748 817.554748
v -1.041667 -759.054748 817.554748
v -0.833333 -759.054748 817.554748
v -0.625000 -759.054748 817.554748
v -0.416667 -759.054748 817.554748
v -0.208333 -759.054748 817.554748
v 0.000000 -759.054748 817.554748
v 0.208333 -759.054748 817.554748
v 0.416667 -759.054748 817.554748
v 0.625000 -759.054748 817.554748
v 0.833333 -759.054748 817.554748
v 1.041667 -759.054748 817.554748
v 1.250000 -759.054748 817.554748
v 1.458333 -759.054748 817.554748
v 1.666667 -759.054748 817.554748
v 1.875000 -759.054748 817.554748
v 2.083333 -759.054748 817.554748
v 2.291667 -759.054748 817.554748
v 2.500000 -759.054748 817.554748
v 2.708333 -759.054748 817.554748
v 2.916667 -759.054748 817.554748
v 3.125000 -759.054748 817.554748
v 3.333333 -759.054748 817.554748
v 3.541667 -759.054748 817.554748
v 3.750000 -759.054748 817.554748
v 3.958333 -759.054748 817.554748
v 4.166667 -759.054748 817.554748
v 4.375000 -759.054748 817.554748
v 4.583333 -759.054748 817.554748
v 4.791667 -759.054748 817.554748
v 5.000000 -759.054748 817.554748
v -5.000000 -767.752139 826.252139
v -4.791667 -767.752139 826.252139
v -4.583333 -767.752139 826.252139
v -4.375000 -767.752139 826.252139
v -4.166667 -767.752139 826.252139
v -3.958333 -767.752139 826.252139
v -3.750000 -767.752139 826.252139
v -3.541667 -767.752139 826.252139
v -3.333333 -767.752139 826.252139
v -3.125000 -767.752139 826.252139
v -2.916667 -767.752139 826.252139
v -2.708333 -767.752139 826.252139
v -2.500000 -767.752139 826.252139
v -2.291667 -767.752139 826.252139
v -2.083333 -767.752139 826.252139
v -1.875000 -767.752139 826.252139
v -1.666667 -767.752139 826.252139
v -1.458333 -767.752139 826.252139
v -1.250000 -767.752139 826.252139
v -1.041667 -767.752139 826.252139
v -0.833333 -767.752139 826.252139
v -0.625000 -767.752139 826.252139
v -0.416667 -767.752139 826.252139
v -0.208333 -767.752139 826.252139
v 0.000000 -767.752139 826.252139
v 0.208333 -767.752139 826.252139
v 0.416667 -767.752139 826.252139
v 0.625000 -767.752139 826.252139
v 0.833333 -767.752139 826.252139
v 1.041667 -767.752139 826.252139
v 1.250000 -767.752139 826.252139
v 1.458333 -767.752139 826.252139
v 1.666667 -767.752139 826.252139
v 1.875000 -767.752139 826.252139
v 2.083333 -767.752139 826.252139
v 2.291667 -767.752139 826.252139
v 2.500000 -767.752139 826.252139
v 2.708333 -767.752139 826.252139
v 2.916667 -767.752139 826.252139
v 3.125000 -767.752139 826.252139
v 3.333333 -767.752139 826.252139
v 3.541667 -767.752139 826.252139
v 3.750000 -767.752139 826.252139
v 3.958333 -767.752139 826.252139
v 4.166667 -767.752139 826.252139
v 4.375000 -767.752139 826.252139
v 4.583333 -767.752139 826.252139
v 4.791667 -767.752139 826.252139
v 5.000000 -767.752139 826.252139
v -5.000000 -776.449530 834.949530
v -4.791667 -776.449530 834.949530
v -4.583333 -776.449530 834.949530
v -4.375000 -776.449530 834.949530
v -4.166667 -776.449530 834.949530
v -3.958333 -776.449530 834.949530
v -3.750000 -776.449530 834.949530
v -3.541667 -776.449530 834.949530
v -3.333333 -776.449530 834.949530
v -3.125000 -776.449530 834.949530
v -2.916667 -776.449530 834.949530
v -2.708333 -776.449530 834.949530
v -2.500000 -776.449530 834.949530
v -2.291667 -776.449530 834.949530
v -2.083333 -776.449530 834.949530
v -1.875000 -776.449530 834.949530
v -1.666667 -776.449530 834.949530
v -1.458333 -776.449530 834.949530
v -1.250000 -776.449530 834.949530
v -1.041667 -776.449530 834.949530
v -0.833333 -776.449530 834.949530
v -0.625000 -776.449530 834.949530
v -0.416667 -776.449530 834.949530
v -0.208333 -776.449530 834.949530
v 0.000000 -776.449530 834.949530
v 0.208333 -776.449530 834.949530
v 0.416667 -776.449530 834.949530
v 0.625000 -776.449530 834.949530
v 0.833333 -776.449530 834.949530
v 1.041667 -776.449530 834.949530
v 1.250000 -776.449530 834.949530
v 1.458333 -776.449530 834.949530
v 1.666667 -776.449530 834.949530
v 1.875000 -776.449530 834.949530
v 2.083333 -776.449530 834.949530
v 2.291667 -776.449530 834.949530
v 2.500000 -776.449530 834.949530
v 2.708333 -776.449530 834.949530
v 2.916667 -776.449530 834.949530
v 3.125000 -776.449530 834.949530
v 3.333333 -776.449530 834.949530
v 3.541667 -776.449530 834.949530
v 3.750000 -776.449530 834.949530
v 3.958333 -776.449530 834.949530
v 4.166667 -776.449530 834.949530
v 4.375000 -776.449530 834.949530
v 4.583333 -776.449530 834.949530
v 4.791667 -776.449530 834.949530
v 5.000000 -776.449530 834.949530
v -5.000000 -785.146921 843.646921
v -4.791667 -785.146921 843.646921
v -4.583333 -785.146921 843.646921
v -4.375000 -785.146921 843.646921
v -4.166667 -785.146921 843.646921
v -3.958333 -785.146921 843.646921
v -3.750000 -785.146921 843.646921
v -3.541667 -785.146921 843.646921
v -3.333333 -785.146921 843.646921
v -3.125000 -785.146921 843.646921
v -2.916667 -785.146921 843.646921
v -2.708333 -785.146921 843.646921
v -2.500000 -785.146921 843.646921
v -2.291667 -785.146921 843.646921
v -2.083333 -785.146921 843.646921
v -1.875000 -785.146921 843.646921
v -1.666667 -785.146921 843.646921
v -1.458333 -785.146921 843.646921
v -1.250000 -785.146921 843.646921
v -1.041667 -785.146921 843.646921
v -0.833333 -785.146921 843.646921
v -0.625000 -785.146921 843.646921
v -0.416667 -785.146921 843.646921
v -0.208333 -785.146921 843.646921
v 0.000000 -785.146921 843.646921
v 0.208333 -785.146921 843.646921
v 0.416667 -785.146921 843.646921
v 0.625000 -785.146921 843.646921
v 0.833333 -785.146921 843.646921
v 1.041667 -785.146921 843.646921
v 1.250000 -785.146921 843.646921
v 1.458333 -785.146921 843.646921
v 1.666667 -785.146921 843.646921
v 1.875000 -785.146921 843.646921
v 2.083333 -785.146921 843.646921
v 2.291667 -785.146921 843.646921
v 2.500000 -785.146921 843.646921
v 2.708333 -785.146921 843.646921
v 2.916667 -785.146921 843.646921
v 3.125000 -785.146921 843.646921
v 3.333333 -785.146921 843.646921
v 3.541667 -785.146921 843.646921
v 3.750000 -785.146921 843.646921
v 3.958333 -785.146921 843.646921
v 4.166667 -785.146921 843.646921
v 4.375000 -785.146921 843.646921
v 4.583333 -785.146921 843.646921
v 4.791667 -785.146921 843.646921
v 5.000000 -785.146921 843.646921
v -5.000000 -793.844312 852.344312
v -4.791667 -793.844312 852.344312
v -4.583333 -793.844312 852.344312
v -4.375000 -793.844312 852.344312
v -4.166667 -793.844312 852.344312
v -3.958333 -793.844312 852.344312
v -3.750000 -793.844312 852.344312
v -3.541667 -793.844312 852.344312
v -3.333333 -793.844312 852.344312
v -3.125000 -793.844312 852.344312
v -2.916667 -793.844312 852.344312
v -2.708333 -793.844312 852.344312
v -2.500000 -793.844312 852.344312
v -2.291667 -793.844312 852.344312
v -2.083333 -793.844312 852.344312
v -1.875000 -793.844312 852.344312
v -1.666667 -793.844312 852.344312
v -1.458333 -793.844312 852.344312
v -1.250000 -793.844312 852.344312
v -1.041667 -793.844312 852.344312
v -0.833333 -793.844312 852.344312
v -0.625000 -793.844312 852.344312
v -0.416667 -793.844312 852.344312
v -0.208333 -793.844312 852.344312
v 0.000000 -793.844312 852.344312
v 0.208333 -793.844312 852.344312
v 0.416667 -793.844312 852.344312
v 0.625000 -793.844312 852.344312
v 0.833333 -793.844312 852.344312
v 1.041667 -793.844312 852.344312
v 1.250000 -793.844312 852.344312
v 1.458333 -793.844312 852.344312
v 1.666667 -793.844312 852.344312
v 1.875000 -793.844312 852.344312
v 2.083333 -793.844312 852.344312
v 2.291667 -793.844312 852.344312
v 2.500000 -793.844312 852.344312
v 2.708333 -793.844312 852.344312
v 2.916667 -793.844312 852.344312
v 3.125000 -793.844312 852.344312
v 3.333333 -793.844312 852.344312
v 3.541667 -793.844312 852.344312
v 3.750000 -793.844312 852.344312
v 3.958333 -793.844312 852.344312
v 4.166667 -793.844312 852.344312
v 4.375000 -793.844312 852.344312
v 4.583333 -793.844312 852.344312
v 4.791667 -793.844312 852.344312
v 5.000000 -793.844312 852.344312
v -5.000000 -802.541703 861.041703
v -4.791667 -802.541703 861.041703
v -4.583333 -802.541703 861.041703
v -4.375000 -802.541703 861.041703
v -4.166667 -802.541703 861.041703
v -3.958333 -802.541703 861.041703
v -3.750000 -802.541703 861.041703
v -3.541667 -802.541703 861.041703
v -3.333333 -802.541703 861.041703
v -3.125000 -802.541703 861.041703
v -2.916667 -802.541703 861.041703
v -2.708333 -802.541703 861.041703
v -2.500000 -802.541703 861.041703
v -2.291667 -802.541703 861.041703
v -2.083333 -802.541703 861.041703
v -1.875000 -802.541703 861.041703
v -1.666667 -802.541703 861.041703
v -1.458333 -802.541703 861.041703
v -1.250000 -802.541703 861.041703
v -1.041667 -802.541703 861.041703
v -0.833333 -802.541703 861.041703
v -0.625000 -802.541703 861.041703
v -0.416667 -802.541703 861.041703
v -0.208333 -802.541703 861.041703
v 0.000000 -802.541703 861.041703
v 0.208333 -802.541703 861.041703
v 0.416667 -802.541703 861.041703
v 0.625000 -802.541703 861.041703
v 0.833333 -802.541703 861.041703
v 1.041667 -802.541703 861.041703
v 1.250000 -802.541703 861.041703
v 1.458333 -802.541703 861.041703
v 1.666667 -802.541703 861.041703
v 1.875000 -802.541703 861.041703
v 2.083333 -802.541703 861.041703
v 2.291667 -802.541703 861.041703
v 2.500000 -802.541703 861.041703
v 2.708333 -802.541703 861.041703
v 2.916667 -802.541703 861.041703
v 3.125000 -802.541703 861.041703
v 3.333333 -802.541703 861.041703
v 3.541667 -802.541703 861.041703
v 3.750000 -802.541703 861.041703
v 3.958333 -802.541703 861.041703
v 4.166667 -802.541703 861.041703
v 4.375000 -802.541703 861.041703
v 4.583333 -802.541703 861.041703
v 4.791667 -802.541703 861.041703
v 5.000000 -802.541703 861.041703
v -5.000000 -811.239094 869.739094
v -4.791667 -811.239094 869.739094
v -4.583333 -811.239094 869.739094
v -4.375000 -811.239094 869.739094
v -4.166667 -811.239094 869.739094
v -3.958333 -811.239094 869.739094
v -3.750000 -811.239094 869.739094
v -3.541667 -811.239094 869.739094
v -3.333333 -811.239094 869.739094
v -3.125000 -811.239094 869.739094
v -2.916667 -811.239094 869.739094
v -2.708333 -811.239094 869.739094
v -2.500000 -811.239094 869.739094
v -2.291667 -811.239094 869.739094
v -2.083333 -811.239094 869.739094
v -1.875000 -811.239094 869.739094
v -1.666667 -811.239094 869.739094
v -1.458333 -811.239094 869.739094
v -1.250000 -811.239094 869.739094
v -1.041667 -811.239094 869.739094
v -0.833333 -811.239094 869.739094
v -0.625000 -811.239094 869.739094
v -0.416667 -811.239094 869.739094
v -0.208333 -811.239094 869.739094
v 0.000000 -811.239094 869.739094
v 0.208333 -811.239094 869.739094
v 0.416667 -811.239094 869.739094
v 0.625000 -811.239094 869.739094
v 0.833333 -811.239094 869.739094
v 1.041667 -811.239094 869.739094
v 1.250000 -811.239094 869.739094
v 1.458333 -811.239094 869.739094
v 1.666667 -811.239094 869.739094
v 1.875000 -811.239094 869.739094
v 2.083333 -811.239094 869.739094
v 2.291667 -811.239094 869.739094
v 2.500000 -811.239094 869.739094
v 2.708333 -811.239094 869.739094
v 2.916667 -811.239094 869.739094
v 3.125000 -811.239094 869.739094
v 3.333333 -811.239094 869.739094
v 3.541667 -811.239094 869.739094
v 3.750000 -811.239094 869.739094
v 3.958333 -811.239094 869.739094
v 4.166667 -811.239094 869.739094
v 4.375000 -811.239094 869.739094
v 4.583333 -811.239094 869.739094
v 4.791667 -811.239094 869.739094
v 5.000000 -811.239094 869.739094
v -5.000000 -819.936485 878.436485
v -4.791667 -819.936485 878.436485
v -4.583333 -819.936485 878.436485
v -4.375000 -819.936485 878.436485
v -4.166667 -819.936485 878.436485
v -3.958333 -819.936485 878.436485
v -3.750000 -819.936485 878.436485
v -3.541667 -819.936485 878.436485
v -3.333333 -819.936485 878.436485
v -3.125000 -819.936485 878.436485
v -2.916667 -819.936485 878.436485
v -2.708333 -819.936485 878.436485
v -2.500000 -819.936485 878.436485
v -2.291667 -819.936485 878.436485
v -2.083333 -819.936485 878.436485
v -1.875000 -819.936485 878.436485
v -1.666667 -819.936485 878.436485
v -1.458333 -819.936485 878.436485
v -1.250000 -819.936485 878.436485
v -1.041667 -819.936485 878.436485
v -0.833333 -819.936485 878.436485
v -0.625000 -819.936485 878.436485
v -0.416667 -819.936485 878.436485
v -0.208333 -819.936485 878.436485
v 0.000000 -819.936485 878.436485
v 0.208333 -819.936485 878.436485
v 0.416667 -819.936485 878.436485
v 0.625000 -819.936485 878.436485
v 0.833333 -819.936485 878.436485
v 1.041667 -819.936485 878.436485
v 1.250000 -819.936485 878.436485
v 1.458333 -819.936485 878.436485
v 1.666667 -819.936485 878.436485
v 1.875000 -819.936485 878.436485
v 2.083333 -819.936485 878.436485
v 2.291667 -819.936485 878.436485
v 2.500000 -819.936485 878.436485
v 2.708333 -819.936485 878.436485
v 2.916667 -819.936485 878.436485
v 3.125000 -819.936485 878.436485
v 3.333333 -819.936485 878.436485
v 3.541667 -819.936485 878.436485
v 3.750000 -819.936485 878.436485
v 3.958333 -819.936485 878.436485
v 4.166667 -819.936485 878.436485
v 4.375000 -819.936485 878.436485
v 4.583333 -819.936485 878.436485
v 4.791667 -819.936485 878.436485
v 5.000000 -819.936485 878.436485
v -5.000000 -828.633876 887.133876
v -4.791667 -828.633876 887.133876
v -4.583333 -828.633876 887.133876
v -4.375000 -828.633876 887.133876
v -4.166667 -828.633876 887.133876
v -3.958333 -828.633876 887.133876
v -3.750000 -828.633876 887.133876
v -3.541667 -828.633876 887.133876
v -3.333333 -828.633876 887.133876
v -3.125000 -828.633876 887.133876
v -2.916667 -828.633876 887.133876
v -2.708333 -828.633876 887.133876
v -2.500000 -828.633876 887.133876
v -2.291667 -828.633876 887.133876
v -2.083333 -828.633876 887.133876
v -1.875000 -828.633876 887.133876
v -1.666667 -828.633876 887.133876
v -1.458333 -828.633876 887.133876
v -1.250000 -828.633876 887.133876
v -1.041667 -828.633876 887.133876
v -0.833333 -828.633876 887.133876
v -0.625000 -828.633876 887.133876
v -0.416667 -828.633876 887.133876
v -0.208333 -828.633876 887.133876
v 0.000000 -828.633876 887.133876
v 0.208333 -828.633876 887.133876
v 0.416667 -828.633876 887.133876
v 0.625000 -828.633876 887.133876
v 0.833333 -828.633876 887.133876
v 1.041667 -828.633876 887.133876
v 1.250000 -828.633876 887.133876
v 1.458333 -828.633876 887.133876
v 1.666667 -828.633876 887.133876
v 1.875000 -828.633876 887.133876
v 2.083333 -828.633876 887.133876
v 2.291667 -828.633876 887.133876
v 2.500000 -828.633876 887.133876
v 2.708333 -828.633876 887.133876
v 2.916667 -828.633876 887.133876
v 3.125000 -828.633876 887.133876
v 3.333333 -828.633876 887.133876
v 3.541667 -828.633876 887.133876
v 3.750000 -828.633876 887.133876
v 3.958333 -828.633876 887.133876
v 4.166667 -828.633876 887.133876
v 4.375000 -828.633876 887.133876
v 4.583333 -828.633876 887.133876
v 4.791667 -828.633876 887.133876
v 5.000000 -828.633876 887.133876
v -5.000000 -837.331267 895.831267
v -4.791667 -837.331267 895.831267
v -4.583333 -837.331267 895.831267
v -4.375000 -837.331267 895.831267
v -4.166667 -837.331267 895.831267
v -3.958333 -837.331267 895.831267
v -3.750000 -837.331267 895.831267
v -3.541667 -837.331267 895.831267
v -3.333333 -837.331267 895.831267
v -3.125000 -837.331267 895.831267
v -2.916667 -837.331267 895.831267
v -2.708333 -837.331267 895.831267
v -2.500000 -837.331267 895.831267
v -2.291667 -837.331267 895.831267
v -2.083333 -837.331267 895.831267
v -1.875000 -837.331267 895.831267
v -1.666667 -837.331267 895.831267
v -1.458333 -837.331267 895.831267
v -1.250000 -837.331267 895.831267
v -1.041667 -837.331267 895.831267
v -0.833333 -837.331267 895.831267
v -0.625000 -837.331267 895.831267
v -0.416667 -837.331267 895.831267
v -0.208333 -837.331267 895.831267
v 0.000000 -837.331267 895.831267
v 0.208333 -837.331267 895.831267
v 0.416667 -837.331267 895.831267
v 0.625000 -837.331267 895.831267
v 0.833333 -837.331267 895.831267
v 1.041667 -837.331267 895.831267
v 1.250000 -837.331267 895.831267
v 1.458333 -837.331267 895.831267
v 1.666667 -837.331267 895.831267
v 1.875000 -837.331267 895.831267
v 2.083333 -837.331267 895.831267
v 2.291667 -837.331267 895.831267
v 2.500000 -837.331267 895.831267
v 2.708333 -837.331267 895.831267
v 2.916667 -837.331267 895.831267
v 3.125000 -837.331267 895.831267
v 3.333333 -837.331267 895.831267
v 3.541667 -837.331267 895.831267
v 3.750000 -837.331267 895.831267
v 3.958333 -837.331267 895.831267
v 4.166667 -837.331267 895.831267
v 4.375000 -837.331267 895.831267
v 4.583333 -837.331267 895.831267
v 4.791667 -837.331267 895.831267
v 5.000000 -837.331267 895.831267
v -5.000000 -846.028658 904.528658
v -4.791667 -846.028658 904.528658
v -4.583333 -846.028658 904.528658
v -4.375000 -846.028658 904.528658
v -4.166667 -846.028658 904.528658
v -3.958333 -846.028658 904.528658
v -3.750000 -846.028658 904.528658
v -3.541667 -846.028658 904.528658
v -3.333333 -846.028658 904.528658
v -3.125000 -846.028658 904.528658
v -2.916667 -846.028658 904.528658
v -2.708333 -846.028658 904.528658
v -2.500000 -846.028658 904.528658
v -2.291667 -846.028658 904.528658
v -2.083333 -846.028658 904.528658
v -1.875000 -846.028658 904.528658
v -1.666667 -846.028658 904.528658
v -1.458333 -846.028658 904.528658
v -1.250000 -846.028658 904.528658
v -1.041667 -846.028658 904.528658
v -0.833333 -846.028658 904.528658
v -0.625000 -846.028658 904.528658
v -0.416667 -846.028658 904.528658
v -0.208333 -846.028658 904.528658
v 0.000000 -846.028658 904.528658
v 0.208333 -846.028658 904.528658
v 0.416667 -846.028658 904.528658
v 0.625000 -846.028658 904.528658
v 0.833333 -846.028658 904.528658
v 1.041667 -846.028658 904.528658
v 1.250000 -846.028658 904.528658
v 1.458333 -846.028658 904.528658
v 1.666667 -846.028658 904.528658
v 1.875000 -846.028658 904.528658
v 2.083333 -846.028658 904.528658
v 2.291667 -846.028658 904.528658
v 2.500000 -846.028658 904.528658
v 2.708333 -846.028658 904.528658
v 2.916667 -846.028658 904.528658
v 3.125000 -846.028658 904.528658
v 3.333333 -846.028658 904.528658
v 3.541667 -846.028658 904.528658
v 3.750000 -846.028658 904.528658
v 3.958333 -846.028658 904.528658
v 4.166667 -846.028658 904.528658
v 4.375000 -846.028658 904.528658
v 4.583333 -846.028658 904.528658
v 4.791667 -846.028658 904.528658
v 5.000000 -846.028658 904.528658
v -5.000000 -854.726048 913.226048
v -4.791667 -854.726048 913.226048
v -4.583333 -854.726048 913.226048
v -4.375000 -854.726048 913.226048
v -4.166667 -854.726048 913.226048
v -3.958333 -854.726048 913.226048
v -3.750000 -854.726048 913.226048
v -3.541667 -854.726048 913.226048
v -3.333333 -854.726048 913.226048
v -3.125000 -854.726048 913.226048
v -2.916667 -854.726048 913.226048
v -2.708333 -854.726048 913.226048
v -2.500000 -854.726048 913.226048
v -2.291667 -854.726048 913.226048
v -2.083333 -854.726048 913.226048
v -1.875000 -854.726048 913.226048
v -1.666667 -854.726048 913.226048
v -1.458333 -854.726048 913.226048
v -1.250000 -854.726048 913.226048
v -1.041667 -854.726048 913.226048
v -0.833333 -854.726048 913.226048
v -0.625000 -854.726048 913.226048
v -0.416667 -854.726048 913.226048
v -0.208333 -854.726048 913.226048
v 0.000000 -854.726048 913.226048
v 0.208333 -854.726048 913.226048
v 0.416667 -854.726048 913.226048
v 0.625000 -854.726048 913.226048
v 0.833333 -854.726048 913.226048
v 1.041667 -854.726048 913.226048
v 1.250000 -854.726048 913.226048
v 1.458333 -854.726048 913.226048
v 1.666667 -854.726048 913.226048
v 1.875000 -854.726048 913.226048
v 2.083333 -854.726048 913.226048
v 2.291667 -854.726048 913.226048
v 2.500000 -854.726048 913.226048
v 2.708333 -854.726048 913.226048
v 2.916667 -854.726048 913.226048
v 3.125000 -854.726048 913.226048
v 3.333333 -854.726048 913.226048
v 3.541667 -854.726048 913.226048
v 3.750000 -854.726048 913.226048
v 3.958333 -854.726048 913.226048
v 4.166667 -854.726048 913.226048
v 4.375000 -854.726048 913.226048
v 4.583333 -854.726048 913.226048
v 4.791667 -854.726048 913.226048
v 5.000000 -854.726048 913.226048
v -5.000000 -863.423439 921.923439
v -4.791667 -863.423439 921.923439
v -4.583333 -863.423439 921.923439
v -4.375000 -863.423439 921.923439
v -4.166667 -863.423439 921.923439
v -3.958333 -863.423439 921.923439
v -3.750000 -863.423439 921.923439
v -3.541667 -863.423439 921.923439
v -3.333333 -863.423439 921.923439
v -3.125000 -863.423439 921.923439
v -2.916667 -863.423439 921.923439
v -2.708333 -863.423439 921.923439
v -2.500000 -863.423439 921.923439
v -2.291667 -863.423439 921.923439
v -2.083333 -863.423439 921.923439
v -1.875000 -863.423439 921.923439
v -1.666667 -863.423439 921.923439
v -1.458333 -863.423439 921.923439
v -1.250000 -863.423439 921.923439
v -1.041667 -863.423439 921.923439
v -0.833333 -863.423439 921.923439
v -0.625000 -863.423439 921.923439
v -0.416667 -863.423439 921.923439
v -0.208333 -863.423439 921.923439
v 0.000000 -863.423439 921.923439
v 0.208333 -863.423439 921.923439
v 0.416667 -863.423439 921.923439
v 0.625000 -863.423439 921.923439
v 0.833333 -863.423439 921.923439
v 1.041667 -863.423439 921.923439
v 1.250000 -863.423439 921.923439
v 1.458333 -863.423439 921.923439
v 1.666667 -863.423439 921.923439
v 1.875000 -863.423439 921.923439
v 2.083333 -863.423439 921.923439
v 2.291667 -863.423439 921.923439
v 2.500000 -863.423439 921.923439
v 2.708333 -863.423439 921.923439
v 2.916667 -863.423439 921.923439
v 3.125000 -863.423439 921.923439
v 3.333333 -863.423439 921.923439
v 3.541667 -863.423439 921.923439
v 3.750000 -863.423439 921.923439
v 3.958333 -863.423439 921.923439
v 4.166667 -863.423439 921.923439
v 4.375000 -863.423439 921.923439
v 4.583333 -863.423439 921.923439
v 4.791667 -863.423439 921.923439
v 5.000000 -863.423439 921.923439
v -5.000000 -872.120830 930.620830
v -4.791667 -872.120830 930.620830
v -4.583333 -872.120830 930.620830
v -4.375000 -872.120830 930.620830
v -4.166667 -872.120830 930.620830
v -3.958333 -872.120830 930.620830
v -3.750000 -872.120830 930.620830
v -3.541667 -872.120830 930.620830
v -3.333333 -872.120830 930.620830
v -3.125000 -872.120830 930.620830
v -2.916667 -872.120830 930.620830
v -2.708333 -872.120830 930.620830
v -2.500000 -872.120830 930.620830
v -2.291667 -872.120830 930.620830
v -2.083333 -872.120830 930.620830
v -1.875000 -872.120830 930.620830
v -1.666667 -872.120830 930.620830
v -1.458333 -872.120830 930.620830
v -1.250000 -872.120830 930.620830
v -1.041667 -872.120830 930.620830
v -0.833333 -872.120830 930.620830
v -0.625000 -872.120830 930.620830
v -0.416667 -872.120830 930.620830
v -0.208333 -872.120830 930.620830
v 0.000000 -872.120830 930.620830
v 0.208333 -872.120830 930.620830
v 0.416667 -872.120830 930.620830
v 0.625000 -872.120830 930.620830
v 0.833333 -872.120830 930.620830
v 1.041667 -872.120830 930.620830
v 1.250000 -872.120830 930.620830
v 1.458333 -872.120830 930.620830
v 1.666667 -872.120830 930.620830
v 1.875000 -872.120830 930.620830
v 2.083333 -872.120830 930.620830
v 2.291667 -872.120830 930.620830
v 2.500000 -872.120830 930.620830
v 2.708333 -872.120830 930.620830
v 2.916667 -872.120830 930.620830
v 3.125000 -872.120830 930.620830
v 3.333333 -872.120830 930.620830
v 3.541667 -872.120830 930.620830
v 3.750000 -872.120830 930.620830
v 3.958333 -872.120830 930.620830
v 4.166667 -872.120830 930.620830
v 4.375000 -872.120830 930.620830
v 4.583333 -872.120830 930.620830
v 4.791667 -872.120830 930.620830
v 5.000000 -872.120830 930.620830
v -5.000000 -880.818221 939.318221
v -4.791667 -880.818221 939.318221
v -4.583333 -880.818221 939.318221
v -4.375000 -880.818221 939.318221
v -4.166667 -880.818221 939.318221
v -3.958333 -880.818221 939.318221
v -3.750000 -880.818221 939.318221
v -3.541667 -880.818221 939.318221
v -3.333333 -880.818221 939.318221
v -3.125000 -880.818221 939.318221
v -2.916667 -880.818221 939.318221
v -2.708333 -880.818221 939.318221
v -2.500000 -880.818221 939.318221
v -2.291667 -880.818221 939.318221
v -2.083333 -880.818221 939.318221
v -1.875000 -880.818221 939.318221
v -1.666667 -880.818221 939.318221
v -1.458333 -880.818221 939.318221
v -1.250000 -880.818221 939.318221
v -1.041667 -880.818221 939.318221
v -0.833333 -880.818221 939.318221
v -0.625000 -880.818221 939.318221
v -0.416667 -880.818221 939.318221
v -0.208333 -880.818221 939.318221
v 0.000000 -880.818221 939.318221
v 0.208333 -880.818221 939.318221
v 0.416667 -880.818221 939.318221
v 0.625000 -880.818221 939.318221
v 0.833333 -880.818221 939.318221
v 1.041667 -880.818221 939.318221
v 1.250000 -880.818221 939.318221
v 1.458333 -880.818221 939.318221
v 1.666667 -880.818221 939.318221
v 1.875000 -880.818221 939.318221
v 2.083333 -880.818221 939.318221
v 2.291667 -880.818221 939.318221
v 2.500000 -880.818221 939.318221
v 2.708333 -880.818221 939.318221
v 2.916667 -880.818221 939.318221
v 3.125000 -880.818221 939.318221
v 3.333333 -880.818221 939.318221
v 3.541667 -880.818221 939.318221
v 3.750000 -880.818221 939.318221
v 3.958333 -880.818221 939.318221
v 4.166667 -880.818221 939.318221
v 4.375000 -880.818221 939.318221
v 4.583333 -880.818221 939.318221
v 4.791667 -880.818221 939.318221
v 5.000000 -880.818221 939.318221
v -5.000000 -889.515612 948.015612
v -4.791667 -889.515612 948.015612
v -4.583333 -889.515612 948.015612
v -4.375000 -889.515612 948.015612
v -4.166667 -889.515612 948.015612
v -3.958333 -889.515612 948.015612
v -3.750000 -889.515612 948.015612
v -3.541667 -889.515612 948.015612
v -3.333333 -889.515612 948.015612
v -3.125000 -889.515612 948.015612
v -2.916667 -889.515612 948.015612
v -2.708333 -889.515612 948.015612
v -2.500000 -889.515612 948.015612
v -2.291667 -889.515612 948.015612
v -2.083333 -889.515612 948.015612
v -1.875000 -889.515612 948.015612
v -1.666667 -889.515612 948.015612
v -1.458333 -889.515612 948.015612
v -1.250000 -889.515612 948.015612
v -1.041667 -889.515612 948.015612
v -0.833333 -889.515612 948.015612
v -0.625000 -889.515612 948.015612
v -0.416667 -889.515612 948.015612
v -0.208333 -889.515612 948.015612
v 0.000000 -889.515612 948.015612
v 0.208333 -889.515612 948.015612
v 0.416667 -889.515612 948.015612
v 0.625000 -889.515612 948.015612
v 0.833333 -889.515612 948.015612
v 1.041667 -889.515612 948.015612
v 1.250000 -889.515612 948.015612
v 1.458333 -889.515612 948.015612
v 1.666667 -889.515612 948.015612
v 1.875000 -889.515612 948.015612
v 2.083333 -889.515612 948.015612
v 2.291667 -889.515612 948.015612
v 2.500000 -889.515612 948.015612
v 2.708333 -889.515612 948.015612
v 2.916667 -889.515612 948.015612
v 3.125000 -889.515612 948.015612
v 3.333333 -889.515612 948.015612
v 3.541667 -889.515612 948.015612
v 3.750000 -889.515612 948.015612
v 3.958333 -889.515612 948.015612
v 4.166667 -889.515612 948.015612
v 4.375000 -889.515612 948.015612
v 4.583333 -889.515612 948.015612
v 4.791667 -889.515612 948.015612
v 5.000000 -889.515612 948.015612
v -5.000000 -898.213003 956.713003
v -4.791667 -898.213003 956.713003
v -4.583333 -898.213003 956.713003
v -4.375000 -898.213003 956.713003
v -4.166667 -898.213003 956.713003
v -3.958333 -898.213003 956.713003
v -3.750000 -898.213003 956.713003
v -3.541667 -898.213003 956.713003
v -3.333333 -898.213003 956.713003
v -3.125000 -898.213003 956.713003
v -2.916667 -898.213003 956.713003
v -2.708333 -898.213003 956.713003
v -2.500000 -898.213003 956.713003
v -2.291667 -898.213003 956.713003
v -2.083333 -898.213003 956.713003
v -1.875000 -898.213003 956.713003
v -1.666667 -898.213003 956.713003
v -1.458333 -898.213003 956.713003
v -1.250000 -898.213003 956.713003
v -1.041667 -898.213003 956.713003
v -0.833333 -898.213003 956.713003
v -0.625000 -898.213003 956.713003
v -0.416667 -898.213003 956.713003
v -0.208333 -898.213003 956.713003
v 0.000000 -898.213003 956.713003
v 0.208333 -898.213003 956.713003
v 0.416667 -898.213003 956.713003
v 0.625000 -898.213003 956.713003
v 0.833333 -898.213003 956.713003
v 1.041667 -898.213003 956.713003
v 1.250000 -898.213003 956.713003
v 1.458333 -898.213003 956.713003
v 1.666667 -898.213003 956.713003
v 1.875000 -898.213003 956.713003
v 2.083333 -898.213003 956.713003
v 2.291667 -898.213003 956.713003
v 2.500000 -898.213003 956.713003
v 2.708333 -898.213003 956.713003
v 2.916667 -898.213003 956.713003
v 3.125000 -898.213003 956.713003
v 3.333333 -898.213003 956.713003
v 3.541667 -898.213003 956.713003
v 3.750000 -898.213003 956.713003
v 3.958333 -898.213003 956.713003
v 4.166667 -898.213003 956.713003
v 4.375000 -898.213003 956.713003
v 4.583333 -898.213003 956.713003
v 4.791667 -898.213003 956.713003
v 5.000000 -898.213003 956.713003
v -5.000000 -906.910394 965.410394
v -4.791667 -906.910394 965.410394
v -4.583333 -906.910394 965.410394
v -4.375000 -906.910394 965.410394
v -4.166667 -906.910394 965.410394
v -3.958333 -906.910394 965.410394
v -3.750000 -906.910394 965.410394
v -3.541667 -906.910394 965.410394
v -3.333333 -906.910394 965.410394
v -3.125000 -906.910394 965.410394
v -2.916667 -906.910394 965.410394
v -2.708333 -906.910394 965.410394
v -2.500000 -906.910394 965.410394
v -2.291667 -906.910394 965.410394
v -2.083333 -906.910394 965.410394
v -1.875000 -906.910394 965.410394
v -1.666667 -906.910394 965.410394
v -1.458333 -906.910394 965.410394
v -1.250000 -906.910394 965.410394
v -1.041667 -906.910394 965.410394
v -0.833333 -906.910394 965.410394
v -0.625000 -906.910394 965.410394
v -0.416667 -906.910394 965.410394
v -0.208333 -906.910394 965.410394
v 0.000000 -906.910394 965.410394
v 0.208333 -906.910394 965.410394
v 0.416667 -906.910394 965.410394
v 0.625000 -906.910394 965.410394
v 0.833333 -906.910394 965.410394
v 1.041667 -906.910394 965.410394
v 1.250000 -906.910394 965.410394
v 1.458333 -906.910394 965.410394
v 1.666667 -906.910394 965.410394
v 1.875000 -906.910394 965.410394
v 2.083333 -906.910394 965.410394
v 2.291667 -906.910394 965.410394
v 2.500000 -906.910394 965.410394
v 2.708333 -906.910394 965.410394
v 2.916667 -906.910394 965.410394
v 3.125000 -906.910394 965.410394
v 3.333333 -906.910394 965.410394
v 3.541667 -906.910394 965.410394
v 3.750000 -906.910394 965.410394
v 3.958333 -906.910394 965.410394
v 4.166667 -906.910394 965.410394
v 4.375000 -906.910394 965.410394
v 4.583333 -906.910394 965.410394
v 4.791667 -906.910394 965.410394
v 5.000000 -906.910394 965.410394
v -5.000000 -915.607785 974.107785
v -4.791667 -915.607785 974.107785
v -4.583333 -915.607785 974.107785
v -4.375000 -915.607785 974.107785
v -4.166667 -915.607785 974.107785
v -3.958333 -915.607785 974.107785
v -3.750000 -915.607785 974.107785
v -3.541667 -915.607785 974.107785
v -3.333333 -915.607785 974.107785
v -3.125000 -915.607785 974.107785
v -2.916667 -915.607785 974.107785
v -2.708333 -915.607785 974.107785
v -2.500000 -915.607785 974.107785
v -2.291667 -915.607785 974.107785
v -2.083333 -915.607785 974.107785
v -1.875000 -915.607785 974.107785
v -1.666667 -915.607785 974.107785
v -1.458333 -915.607785 974.107785
v -1.250000 -915.607785 974.107785
v -1.041667 -915.607785 974.107785
v -0.833333 -915.607785 974.107785
v -0.625000 -915.607785 974.107785
v -0.416667 -915.607785 974.107785
v -0.208333 -915.607785 974.107785
v 0.000000 -915.607785 974.107785
v 0.208333 -915.607785 974.107785
v 0.416667 -915.607785 974.107785
v 0.625000 -915.607785 974.107785
v 0.833333 -915.607785 974.107785
v 1.041667 -915.607785 974.107785
v 1.250000 -915.607785 974.107785
v 1.458333 -915.607785 974.107785
v 1.666667 -915.607785 974.107785
v 1.875000 -915.607785 974.107785
v 2.083333 -915.607785 974.107785
v 2.291667 -915.607785 974.107785
v 2.500000 -915.607785 974.107785
v 2.708333 -915.607785 974.107785
v 2.916667 -915.607785 974.107785
v 3.125000 -915.607785 974.107785
v 3.333333 -915.607785 974.107785
v 3.541667 -915.607785 974.107785
v 3.750000 -915.607785 974.107785
v 3.958333 -915.607785 974.107785
v 4.166667 -915.607785 974.107785
v 4.375000 -915.607785 974.107785
v 4.583333 -915.607785 974.107785
v 4.791667 -915.607785 974.107785
v 5.000000 -915.607785 974.107785
v -5.000000 -924.305176 982.805176
v -4.791667 -924.305176 982.805176
v -4.583333 -924.305176 982.805176
v -4.375000 -924.305176 982.805176
v -4.166667 -924.305176 982.805176
v -3.958333 -924.305176 982.805176
v -3.750000 -924.305176 982.805176
v -3.541667 -924.305176 982.805176
v -3.333333 -924.305176 982.805176
v -3.125000 -924.305176 982.805176
v -2.916667 -924.305176 982.805176
v -2.708333 -924.305176 982.805176
v -2.500000 -924.305176 982.805176
v -2.291667 -924.305176 982.805176
v -2.083333 -924.305176 982.805176
v -1.875000 -924.305176 982.805176
v -1.666667 -924.305176 982.805176
v -1.458333 -924.305176 982.805176
v -1.250000 -924.305176 982.805176
v -1.041667 -924.305176 982.805176
v -0.833333 -924.305176 982.805176
v -0.625000 -924.305176 982.805176
v -0.416667 -924.305176 982.805176
v -0.208333 -924.305176 982.805176
v 0.000000 -924.305176 982.805176
v 0.208333 -924.305176 982.805176
v 0.416667 -924.305176 982.805176
v 0.625000 -924.305176 982.805176
v 0.833333 -924.305176 982.805176
v 1.041667 -924.305176 982.805176
v 1.250000 -924.305176 982.805176
v 1.458333 -924.305176 982.805176
v 1.666667 -924.305176 982.805176
v 1.875000 -924.305176 982.805176
v 2.083333 -924.305176 982.805176
v 2.291667 -924.305176 982.805176
v 2.500000 -924.305176 982.805176
v 2.708333 -924.305176 982.805176
v 2.916667 -924.305176 982.805176
v 3.125000 -924.305176 982.805176
v 3.333333 -924.305176 982.805176
v 3.541667 -924.305176 982.805176
v 3.750000 -924.305176 982.805176
v 3.958333 -924.305176 982.805176
v 4.166667 -924.305176 982.805176
v 4.375000 -924.305176 982.805176
v 4.583333 -924.305176 982.805176
v 4.791667 -924.305176 982.805176
v 5.000000 -924.305176 982.805176
v -5.000000 -933.002567 991.502567
v -4.791667 -933.002567 991.502567
v -4.583333 -933.002567 991.502567
v -4.375000 -933.002567 991.502567
v -4.166667 -933.002567 991.502567
v -3.958333 -933.002567 991.502567
v -3.750000 -933.002567 991.502567
v -3.541667 -933.002567 991.502567
v -3.333333 -933.002567 991.502567
v -3.125000 -933.002567 991.502567
v -2.916667 -933.002567 991.502567
v -2.708333 -933.002567 991.502567
v -2.500000 -933.002567 991.502567
v -2.291667 -933.002567 991.502567
v -2.083333 -933.002567 991.502567
v -1.875000 -933.002567 991.502567
v -1.666667 -933.002567 991.502567
v -1.458333 -933.002567 991.502567
v -1.250000 -933.002567 991.502567
v -1.041667 -933.002567 991.502567
v -0.833333 -933.002567 991.502567
v -0.625000 -933.002567 991.502567
v -0.416667 -933.002567 991.502567
v -0.208333 -933.002567 991.502567
v 0.000000 -933.002567 991.502567
v 0.208333 -933.002567 991.502567
v 0.416667 -933.002567 991.502567
v 0.625000 -933.002567 991.502567
v 0.833333 -933.002567 991.502567
v 1.041667 -933.002567 991.502567
v 1.250000 -933.002567 991.502567
v 1.458333 -933.002567 991.502567
v 1.666667 -933.002567 991.502567
v 1.875000 -933.002567 991.502567
v 2.083333 -933.002567 991.502567
v 2.291667 -933.002567 991.502567
v 2.500000 -933.002567 991.502567
v 2.708333 -933.002567 991.502567
v 2.916667 -933.002567 991.502567
v 3.125000 -933.002567 991.502567
v 3.333333 -933.002567 991.502567
v 3.541667 -933.002567 991.502567
v 3.750000 -933.002567 991.502567
v 3.958333 -933.002567 991.502567
v 4.166667 -933.002567 991.502567
v 4.375000 -933.002567 991.502567
v 4.583333 -933.002567 991.502567
v 4.791667 -933.002567 991.502567
v 5.000000 -933.002567 991.502567
v -5.000000 -941.699958 1000.199958
v -4.791667 -941.699958 1000.199958
v -4.583333 -941.699958 1000.199958
v -4.375000 -941.699958 1000.199958
v -4.166667 -941.699958 1000.199958
v -3.958333 -941.699958 1000.199958
v -3.750000 -941.699958 1000.199958
v -3.541667 -941.699958 1000.199958
v -3.333333 -941.699958 1000.199958
v -3.125000 -941.699958 1000.199958
v -2.916667 -941.699958 1000.199958
v -2.708333 -941.699958 1000.199958
v -2.500000 -941.699958 1000.199958
v -2.291667 -941.699958 1000.199958
v -2.083333 -941.699958 1000.199958
v -1.875000 -941.699958 1000.199958
v -1.666667 -941.699958 1000.199958
v -1.458333 -941.699958 1000.199958
v -1.250000 -941.699958 1000.199958
v -1.041667 -941.699958 1000.199958
v -0.833333 -941.699958 1000.199958
v -0.625000 -941.699958 1000.199958
v -0.416667 -941.699958 1000.199958
v -0.208333 -941.699958 1000.199958
v 0.000000 -941.699958 1000.199958
v 0.208333 -941.699958 1000.199958
v 0.416667 -941.699958 1000.199958
v 0.625000 -941.699958 1000.199958
v 0.833333 -941.699958 1000.199958
v 1.041667 -941.699958 1000.199958
v 1.250000 -941.699958 1000.199958
v 1.458333 -941.699958 1000.199958
v 1.666667 -941.699958 1000.199958
v 1.875000 -941.699958 1000.199958
v 2.083333 -941.699958 1000.199958
v 2.291667 -941.699958 1000.199958
v 2.500000 -941.699958 1000.199958
v 2.708333 -941.699958 1000.199958
v 2.916667 -941.699958 1000.199958
v 3.125000 -941.699958 1000.199958
v 3.333333 -941.699958 1000.199958
v 3.541667 -941.699958 1000.199958
v 3.750000 -941.699958 1000.199958
v 3.958333 -941.699958 1000.199958
v 4.166667 -941.699958 1000.199958
v 4.375000 -941.699958 1000.199958
v 4.583333 -941.699958 1000.199958
v 4.791667 -941.699958 1000.199958
v 5.000000 -941.699958 1000.199958
v -5.000000 -950.397349 1008.897349
v -4.791667 -950.397349 1008.897349
v -4.583333 -950.397349 1008.897349
v -4.375000 -950.397349 1008.897349
v -4.166667 -950.397349 1008.897349
v -3.958333 -950.397349 1008.897349
v -3.750000 -950.397349 1008.897349
v -3.541667 -950.397349 1008.897349
v -3.333333 -950.397349 1008.897349
v -3.125000 -950.397349 1008.897349
v -2.916667 -950.397349 1008.897349
v -2.708333 -950.397349 1008.897349
v -2.500000 -950.397349 1008.897349
v -2.291667 -950.397349 1008.897349
v -2.083333 -950.397349 1008.897349
v -1.875000 -950.397349 1008.897349
v -1.666667 -950.397349 1008.897349
v -1.458333 -950.397349 1008.897349
v -1.250000 -950.397349 1008.897349
v -1.041667 -950.397349 1008.897349
v -0.833333 -950.397349 1008.897349
v -0.625000 -950.397349 1008.897349
v -0.416667 -950.397349 1008.897349
v -0.208333 -950.397349 1008.897349
v 0.000000 -950.397349 1008.897349
v 0.208333 -950.397349 1008.897349
v 0.416667 -950.397349 1008.897349
v 0.625000 -950.397349 1008.897349
v 0.833333 -950.397349 1008.897349
v 1.041667 -950.397349 1008.897349
v 1.250000 -950.397349 1008.897349
v 1.458333 -950.397349 1008.897349
v 1.666667 -950.397349 1008.897349
v 1.875000 -950.397349 1008.897349
v 2.083333 -950.397349 1008.897349
v 2.291667 -950.397349 1008.897349
v 2.500000 -950.397349 1008.897349
v 2.708333 -950.397349 1008.897349
v 2.916667 -950.397349 1008.897349
v 3.125000 -950.397349 1008.897349
v 3.333333 -950.397349 1008.897349
v 3.541667 -950.397349 1008.897349
v 3.750000 -950.397349 1008.897349
v 3.958333 -950.397349 1008.897349
v 4.166667 -950.397349 1008.897349
v 4.375000 -950.397349 1008.897349
v 4.583333 -950.397349 1008.897349
v 4.791667 -950.397349 1008.897349
v 5.000000 -950.397349 1008.897349
v -5.000000 -959.094740 1017.594740
v -4.791667 -959.094740 1017.594740
v -4.583333 -959.094740 1017.594740
v -4.375000 -959.094740 1017.594740
v -4.166667 -959.094740 1017.594740
v -3.958333 -959.094740 1017.594740
v -3.750000 -959.094740 1017.594740
v -3.541667 -959.094740 1017.594740
v -3.333333 -959.094740 1017.594740
v -3.125000 -959.094740 1017.594740
v -2.916667 -959.094740 1017.594740
v -2.708333 -959.094740 1017.594740
v -2.500000 -959.094740 1017.594740
v -2.291667 -959.094740 1017.594740
v -2.083333 -959.094740 1017.594740
v -1.875000 -959.094740 1017.594740
v -1.666667 -959.094740 1017.594740
v -1.458333 -959.094740 1017.594740
v -1.250000 -959.094740 1017.594740
v -1.041667 -959.094740 1017.594740
v -0.833333 -959.094740 1017.594740
v -0.625000 -959.094740 1017.594740
v -0.416667 -959.094740 1017.594740
v -0.208333 -959.094740 1017.594740
v 0.000000 -959.094740 1017.594740
v 0.208333 -959.094740 1017.594740
v 0.416667 -959.094740 1017.594740
v 0.625000 -959.094740 1017.594740
v 0.833333 -959.094740 1017.594740
v 1.041667 -959.094740 1017.594740
v 1.250000 -959.094740 1017.594740
v 1.458333 -959.094740 1017.594740
v 1.666667 -959.094740 1017.594740
v 1.875000 -959.094740 1017.594740
v 2.083333 -959.094740 1017.594740
v 2.291667 -959.094740 1017.594740
v 2.500000 -959.094740 1017.594740
v 2.708333 -959.094740 1017.594740
v 2.916667 -959.094740 1017.594740
v 3.125000 -959.094740 1017.594740
v 3.333333 -959.094740 1017.594740
v 3.541667 -959.094740 1017.594740
v 3.750000 -959.094740 1017.594740
v 3.958333 -959.094740 1017.594740
v 4.166667 -959.094740 1017.594740
v 4.375000 -959.094740 1017.594740
v 4.583333 -959.094740 1017.594740
v 4.791667 -959.094740 1017.594740
v 5.000000 -959.094740 1017.594740
v -5.000000 -967.792131 1026.292131
v -4.791667 -967.792131 1026.292131
v -4.583333 -967.792131 1026.292131
v -4.375000 -967.792131 1026.292131
v -4.166667 -967.792131 1026.292131
v -3.958333 -967.792131 1026.292131
v -3.750000 -967.792131 1026.292131
v -3.541667 -967.792131 1026.292131
v -3.333333 -967.792131 1026.292131
v -3.125000 -967.792131 1026.292131
v -2.916667 -967.792131 1026.292131
v -2.708333 -967.792131 1026.292131
v -2.500000 -967.792131 1026.292131
v -2.291667 -967.792131 1026.292131
v -2.083333 -967.792131 1026.292131
v -1.875000 -967.792131 1026.292131
v -1.666667 -967.792131 1026.292131
v -1.458333 -967.792131 1026.292131
v -1.250000 -967.792131 1026.292131
v -1.041667 -967.792131 1026.292131
v -0.833333 -967.792131 1026.292131
v -0.625000 -967.792131 1026.292131
v -0.416667 -967.792131 1026.292131
v -0.208333 -967.792131 1026.292131
v 0.000000 -967.792131 1026.292131
v 0.208333 -967.792131 1026.292131
v 0.416667 -967.792131 1026.292131
v 0.625000 -967.792131 1026.292131
v 0.833333 -967.792131 1026.292131
v 1.041667 -967.792131 1026.292131
v 1.250000 -967.792131 1026.292131
v 1.458333 -967.792131 1026.292131
v 1.666667 -967.792131 1026.292131
v 1.875000 -967.792131 1026.292131
v 2.083333 -967.792131 1026.292131
v 2.291667 -967.792131 1026.292131
v 2.500000 -967.792131 1026.292131
v 2.708333 -967.792131 1026.292131
v 2.916667 -967.792131 1026.292131
v 3.125000 -967.792131 1026.292131
v 3.333333 -967.792131 1026.292131
v 3.541667 -967.792131 1026.292131
v 3.750000 -967.792131 1026.292131
v 3.958333 -967.792131 1026.292131
v 4.166667 -967.792131 1026.292131
v 4.375000 -967.792131 1026.292131
v 4.583333 -967.792131 1026.292131
v 4.791667 -967.792131 1026.292131
v 5.000000 -967.792131 1026.292131
v -5.000000 -976.489522 1034.989522
v -4.791667 -976.489522 1034.989522
v -4.583333 -976.489522 1034.989522
v -4.375000 -976.489522 1034.989522
v -4.166667 -976.489522 1034.989522
v -3.958333 -976.489522 1034.989522
v -3.750000 -976.489522 1034.989522
v -3.541667 -976.489522 1034.989522
v -3.333333 -976.489522 1034.989522
v -3.125000 -976.489522 1034.989522
v -2.916667 -976.489522 1034.989522
v -2.708333 -976.489522 1034.989522
v -2.500000 -976.489522 1034.989522
v -2.291667 -976.489522 1034.989522
v -2.083333 -976.489522 1034.989522
v -1.875000 -976.489522 1034.989522
v -1.666667 -976.489522 1034.989522
v -1.458333 -976.489522 1034.989522
v -1.250000 -976.489522 1034.989522
v -1.041667 -976.489522 1034.989522
v -0.833333 -976.489522 1034.989522
v -0.625000 -976.489522 1034.989522
v -0.416667 -976.489522 1034.989522
v -0.208333 -976.489522 1034.989522
v 0.000000 -976.489522 1034.989522
v 0.208333 -976.489522 1034.989522
v 0.416667 -976.489522 1034.989522
v 0.625000 -976.489522 1034.989522
v 0.833333 -976.489522 1034.989522
v 1.041667 -976.489522 1034.989522
v 1.250000 -976.489522 1034.989522
v 1.458333 -976.489522 1034.989522
v 1.666667 -976.489522 1034.989522
v 1.875000 -976.489522 1034.989522
v 2.083333 -976.489522 1034.989522
v 2.291667 -976.489522 1034.989522
v 2.500000 -976.489522 1034.989522
v 2.708333 -976.489522 1034.989522
v 2.916667 -976.489522 1034.989522
v 3.125000 -976.489522 1034.989522
v 3.333333 -976.489522 1034.989522
v 3.541667 -976.489522 1034.989522
v 3.750000 -976.489522 1034.989522
v 3.958333 -976.489522 1034.989522
v 4.166667 -976.489522 1034.989522
v 4.375000 -976.489522 1034.989522
v 4.583333 -976.489522 1034.989522
v 4.791667 -976.489522 1034.989522
v 5.000000 -976.489522 1034.989522
v -5.000000 -985.186913 1043.686913
v -4.791667 -985.186913 1043.686913
v -4.583333 -985.186913 1043.686913
v -4.375000 -985.186913 1043.686913
v -4.166667 -985.186913 1043.686913
v -3.958333 -985.186913 1043.686913
v -3.750000 -985.186913 1043.686913
v -3.541667 -985.186913 1043.686913
v -3.333333 -985.186913 1043.686913
v -3.125000 -985.186913 1043.686913
v -2.916667 -985.186913 1043.686913
v -2.708333 -985.186913 1043.686913
v -2.500000 -985.186913 1043.686913
v -2.291667 -985.186913 1043.686913
v -2.083333 -985.186913 1043.686913
v -1.875000 -985.186913 1043.686913
v -1.666667 -985.186913 1043.686913
v -1.458333 -985.186913 1043.686913
v -1.250000 -985.186913 1043.686913
v -1.041667 -985.186913 1043.686913
v -0.833333 -985.186913 1043.686913
v -0.625000 -985.186913 1043.686913
v -0.416667 -985.186913 1043.686913
v -0.208333 -985.186913 1043.686913
v 0.000000 -985.186913 1043.686913
v 0.208333 -985.186913 1043.686913
v 0.416667 -985.186913 1043.686913
v 0.625000 -985.186913 1043.686913
v 0.833333 -985.186913 1043.686913
v 1.041667 -985.186913 1043.686913
v 1.250000 -985.186913 1043.686913
v 1.458333 -985.186913 1043.686913
v 1.666667 -985.186913 1043.686913
v 1.875000 -985.186913 1043.686913
v 2.083333 -985.186913 1043.686913
v 2.291667 -985.186913 1043.686913
v 2.500000 -985.186913 1043.686913
v 2.708333 -985.186913 1043.686913
v 2.916667 -985.186913 1043.686913
v 3.125000 -985.186913 1043.686913
v 3.333333 -985.186913 1043.686913
v 3.541667 -985.186913 1043.686913
v 3.750000 -985.186913 1043.686913
v 3.958333 -985.186913 1043.686913
v 4.166667 -985.186913 1043.686913
v 4.375000 -985.186913 1043.686913
v 4.583333 -985.186913 1043.686913
v 4.791667 -985.186913 1043.686913
v 5.000000 -985.186913 1043.686913
v -5.000000 -993.884304 1052.384304
v -4.791667 -993.884304 1052.384304
v -4.583333 -993.884304 1052.384304
v -4.375000 -993.884304 1052.384304
v -4.166667 -993.884304 1052.384304
v -3.958333 -993.884304 1052.384304
v -3.750000 -993.884304 1052.384304
v -3.541667 -993.884304 1052.384304
v -3.333333 -993.884304 1052.384304
v -3.125000 -993.884304 1052.384304
v -2.916667 -993.884304 1052.384304
v -2.708333 -993.884304 1052.384304
v -2.500000 -993.884304 1052.384304
v -2.291667 -993.884304 1052.384304
v -2.083333 -993.884304 1052.384304
v -1.875000 -993.884304 1052.384304
v -1.666667 -993.884304 1052.384304
v -1.458333 -993.884304 1052.384304
v -1.250000 -993.884304 1052.384304
v -1.041667 -993.884304 1052.384304
v -0.833333 -993.884304 1052.384304
v -0.625000 -993.884304 1052.384304
v -0.416667 -993.884304 1052.384304
v -0.208333 -993.884304 1052.384304
v 0.000000 -993.884304 1052.384304
v 0.208333 -993.884304 1052.384304
v 0.416667 -993.884304 1052.384304
v 0.625000 -993.884304 1052.384304
v 0.833333 -993.884304 1052.384304
v 1.041667 -993.884304 1052.384304
v 1.250000 -993.884304 1052.384304
v 1.458333 -993.884304 1052.384304
v 1.666667 -993.884304 1052.384304
v 1.875000 -993.884304 1052.384304
v 2.083333 -993.884304 1052.384304
v 2.291667 -993.884304 1052.384304
v 2.500000 -993.884304 1052.384304
v 2.708333 -993.884304 1052.384304
v 2.916667 -993.884304 1052.384304
v 3.125000 -993.884304 1052.384304
v 3.333333 -993.884304 1052.384304
v 3.541667 -993.884304 1052.384304
v 3.750000 -993.884304 1052.384304
v 3.958333 -993.884304 1052.384304
v 4.166667 -993.884304 1052.384304
v 4.375000 -993.884304 1052.384304
v 4.583333 -993.884304 1052.384304
v 4.791667 -993.884304 1052.384304
v 5.000000 -993.884304 1052.384304
v -5.000000 -1002.581694 1061.081694
v -4.791667 -1002.581694 1061.081694
v -4.583333 -1002.581694 1061.081694
v -4.375000 -1002.581694 1061.081694
v -4.166667 -1002.581694 1061.081694
v -3.958333 -1002.581694 1061.081694
v -3.750000 -1002.581694 1061.081694
v -3.541667 -1002.581694 1061.081694
v -3.333333 -1002.581694 1061.081694
v -3.125000 -1002.581694 1061.081694
v -2.916667 -1002.581694 1061.081694
v -2.708333 -1002.581694 1061.081694
v -2.500000 -1002.581694 1061.081694
v -2.291667 -1002.581694 1061.081694
v -2.083333 -1002.581694 1061.081694
v -1.875000 -1002.581694 1061.081694
v -1.666667 -1002.581694 1061.081694
v -1.458333 -1002.581694 1061.081694
v -1.250000 -1002.581694 1061.081694
v -1.041667 -1002.581694 1061.081694
v -0.833333 -1002.581694 1061.081694
v -0.625000 -1002.581694 1061.081694
v -0.416667 -1002.581694 1061.081694
v -0.208333 -1002.581694 1061.081694
v 0.000000 -1002.581694 1061.081694
v 0.208333 -1002.581694 1061.081694
v 0.416667 -1002.581694 1061.081694
v 0.625000 -1002.581694 1061.081694
v 0.833333 -1002.581694 1061.081694
v 1.041667 -1002.581694 1061.081694
v 1.250000 -1002.581694 1061.081694
v 1.458333 -1002.581694 1061.081694
v 1.666667 -1002.581694 1061.081694
v 1.875000 -1002.581694 1061.081694
v 2.083333 -1002.581694 1061.081694
v 2.291667 -1002.581694 1061.081694
v 2.500000 -1002.581694 1061.081694
v 2.708333 -1002.581694 1061.081694
v 2.916667 -1002.581694 1061.081694
v 3.125000 -1002.581694 1061.081694
v 3.333333 -1002.581694 1061.081694
v 3.541667 -1002.581694 1061.081694
v 3.750000 -1002.581694 1061.081694
v 3.958333 -1002.581694 1061.081694
v 4.166667 -1002.581694 1061.081694
v 4.375000 -1002.581694 1061.081694
v 4.583333 -1002.581694 1061.081694
v 4.791667 -1002.581694 1061.081694
v 5.000000 -1002.581694 1061.081694
v -5.000000 -1011.279085 1069.779085
v -4.791667 -1011.279085 1069.779085
v -4.583333 -1011.279085 1069.779085
v -4.375000 -1011.279085 1069.779085
v -4.166667 -1011.279085 1069.779085
v -3.958333 -1011.279085 1069.779085
v -3.750000 -1011.279085 1069.779085
v -3.541667 -1011.279085 1069.779085
v -3.333333 -1011.279085 1069.779085
v -3.125000 -1011.279085 1069.779085
v -2.916667 -1011.279085 1069.779085
v -2.708333 -1011.279085 1069.779085
v -2.500000 -1011.279085 1069.779085
v -2.291667 -1011.279085 1069.779085
v -2.083333 -1011.279085 1069.779085
v -1.875000 -1011.279085 1069.779085
v -1.666667 -1011.279085 1069.779085
v -1.458333 -1011.279085 1069.779085
v -1.250000 -1011.279085 1069.779085
v -1.041667 -1011.279085 1069.779085
v -0.833333 -1011.279085 1069.779085
v -0.625000 -1011.279085 1069.779085
v -0.416667 -1011.279085 1069.779085
v -0.208333 -1011.279085 1069.779085
v 0.000000 -1011.279085 1069.779085
v 0.208333 -1011.279085 1069.779085
v 0.416667 -1011.279085 1069.779085
v 0.625000 -1011.279085 1069.779085
v 0.833333 -1011.279085 1069.779085
v 1.041667 -1011.279085 1069.779085
v 1.250000 -1011.279085 1069.779085
v 1.458333 -1011.279085 1069.779085
v 1.666667 -1011.279085 1069.779085
v 1.875000 -1011.279085 1069.779085
v 2.083333 -1011.279085 1069.779085
v 2.291667 -1011.279085 1069.779085
v 2.500000 -1011.279085 1069.779085
v 2.708333 -1011.279085 1069.779085
v 2.916667 -1011.279085 1069.779085
v 3.125000 -1011.279085 1069.779085
v 3.333333 -1011.279085 1069.779085
v 3.541667 -1011.279085 1069.779085
v 3.750000 -1011.279085 1069.779085
v 3.958333 -1011.279085 1069.779085
v 4.166667 -1011.279085 1069.779085
v 4.375000 -1011.279085 1069.779085
v 4.583333 -1011.279085 1069.779085
v 4.791667 -1011.279085 1069.779085
v 5.000000 -1011.279085 1069.779085
v -5.000000 -1019.976476 1078.476476
v -4.791667 -1019.976476 1078.476476
v -4.583333 -1019.976476 1078.476476
v -4.375000 -1019.976476 1078.476476
v -4.166667 -1019.976476 1078.476476
v -3.958333 -1019.976476 1078.476476
v -3.750000 -1019.976476 1078.476476
v -3.541667 -1019.976476 1078.476476
v -3.333333 -1019.976476 1078.476476
v -3.125000 -1019.976476 1078.476476
v -2.916667 -1019.976476 1078.476476
v -2.708333 -1019.976476 1078.476476
v -2.500000 -1019.976476 1078.476476
v -2.291667 -1019.976476 1078.476476
v -2.083333 -1019.976476 1078.476476
v -1.875000 -1019.976476 1078.476476
v -1.666667 -1019.976476 1078.476476
v -1.458333 -1019.976476 1078.476476
v -1.250000 -1019.976476 1078.476476
v -1.041667 -1019.976476 1078.476476
v -0.833333 -1019.976476 1078.476476
v -0.625000 -1019.976476 1078.476476
v -0.416667 -1019.976476 1078.476476
v -0.208333 -1019.976476 1078.476476
v 0.000000 -1019.976476 1078.476476
v 0.208333 -1019.976476 1078.476476
v 0.416667 -1019.976476 1078.476476
v 0.625000 -1019.976476 1078.476476
v 0.833333 -1019.976476 1078.476476
v 1.041667 -1019.976476 1078.476476
v 1.250000 -1019.976476 1078.476476
v 1.458333 -1019.976476 1078.476476
v 1.666667 -1019.976476 1078.476476
v 1.875000 -1019.976476 1078.476476
v 2.083333 -1019.976476 1078.476476
v 2.291667 -1019.976476 1078.476476
v 2.500000 -1019.976476 1078.476476
v 2.708333 -1019.976476 1078.476476
v 2.916667 -1019.976476 1078.476476
v 3.125000 -1019.976476 1078.476476
v 3.333333 -1019.976476 1078.476476
v 3.541667 -1019.976476 1078.476476
v 3.750000 -1019.976476 1078.476476
v 3.958333 -1019.976476 1078.476476
v 4.166667 -1019.976476 1078.476476
v 4.375000 -1019.976476 1078.476476
v 4.583333 -1019.976476 1078.476476
v 4.791667 -1019.976476 1078.476476
v 5.000000 -1019.976476 1078.476476
v -5.000000 -1028.673867 1087.173867
v -4.791667 -1028.673867 1087.173867
v -4.583333 -1028.673867 1087.173867
v -4.375000 -1028.673867 1087.173867
v -4.166667 -1028.673867 1087.173867
v -3.958333 -1028.673867 1087.173867
v -3.750000 -1028.673867 1087.173867
v -3.541667 -1028.673867 1087.173867
v -3.333333 -1028.673867 1087.173867
v -3.125000 -1028.673867 1087.173867
v -2.916667 -1028.673867 1087.173867
v -2.708333 -1028.673867 1087.173867
v -2.500000 -1028.673867 1087.173867
v -2.291667 -1028.673867 1087.173867
v -2.083333 -1028.673867 1087.173867
v -1.875000 -1028.673867 1087.173867
v -1.666667 -1028.673867 1087.173867
v -1.458333 -1028.673867 1087.173867
v -1.250000 -1028.673867 1087.173867
v -1.041667 -1028.673867 1087.173867
v -0.833333 -1028.673867 1087.173867
v -0.625000 -1028.673867 1087.173867
v -0.416667 -1028.673867 1087.173867
v -0.208333 -1028.673867 1087.173867
v 0.000000 -1028.673867 1087.173867
v 0.208333 -1028.673867 1087.173867
v 0.416667 -1028.673867 1087.173867
v 0.625000 -1028.673867 1087.173867
v 0.833333 -1028.673867 1087.173867
v 1.041667 -1028.673867 1087.173867
v 1.250000 -1028.673867 1087.173867
v 1.458333 -1028.673867 1087.173867
v 1.666667 -1028.673867 1087.173867
v 1.875000 -1028.673867 1087.173867
v 2.083333 -1028.673867 1087.173867
v 2.291667 -1028.673867 1087.173867
v 2.500000 -1028.673867 1087.173867
v 2.708333 -1028.673867 1087.173867
v 2.916667 -1028.673867 1087.173867
v 3.125000 -1028.673867 1087.173867
v 3.333333 -1028.673867 1087.173867
v 3.541667 -1028.673867 1087.173867
v 3.750000 -1028.673867 1087.173867
v 3.958333 -1028.673867 1087.173867
v 4.166667 -1028.673867 1087.173867
v 4.375000 -1028.673867 1087.173867
v 4.583333 -1028.673867 1087.173867
v 4.791667 -1028.673867 1087.173867
v 5.000000 -1028.673867 1087.173867
v -5.000000 -1037.371258 1095.871258
v -4.791667 -1037.371258 1095.871258
v -4.583333 -1037.371258 1095.871258
v -4.375000 -1037.371258 1095.871258
v -4.166667 -1037.371258 1095.871258
v -3.958333 -1037.371258 1095.871258
v -3.750000 -1037.371258 1095.871258
v -3.541667 -1037.371258 1095.871258
v -3.333333 -1037.371258 1095.871258
v -3.125000 -1037.371258 1095.871258
v -2.916667 -1037.371258 1095.871258
v -2.708333 -1037.371258 1095.871258
v -2.500000 -1037.371258 1095.871258
v -2.291667 -1037.371258 1095.871258
v -2.083333 -1037.371258 1095.871258
v -1.875000 -1037.371258 1095.871258
v -1.666667 -1037.371258 1095.871258
v -1.458333 -1037.371258 1095.871258
v -1.250000 -1037.371258 1095.871258
v -1.041667 -1037.371258 1095.871258
v -0.833333 -1037.371258 1095.871258
v -0.625000 -1037.371258 1095.871258
v -0.416667 -1037.371258 1095.871258
v -0.208333 -1037.371258 1095.871258
v 0.000000 -1037.371258 1095.871258
v 0.208333 -1037.371258 1095.871258
v 0.416667 -1037.371258 1095.871258
v 0.625000 -1037.371258 1095.871258
v 0.833333 -1037.371258 1095.871258
v 1.041667 -1037.371258 1095.871258
v 1.250000 -1037.371258 1095.871258
v 1.458333 -1037.371258 1095.871258
v 1.666667 -1037.371258 1095.871258
v 1.875000 -1037.371258 1095.871258
v 2.083333 -1037.371258 1095.871258
v 2.291667 -1037.371258 1095.871258
v 2.500000 -1037.371258 1095.871258
v 2.708333 -1037.371258 1095.871258
v 2.916667 -1037.371258 1095.871258
v 3.125000 -1037.371258 1095.871258
v 3.333333 -1037.371258 1095.871258
v 3.541667 -1037.371258 1095.871258
v 3.750000 -1037.371258 1095.871258
v 3.958333 -1037.371258 1095.871258
v 4.166667 -1037.371258 1095.871258
v 4.375000 -1037.371258 1095.871258
v 4.583333 -1037.371258 1095.871258
v 4.791667 -1037.371258 1095.871258
v 5.000000 -1037.371258 1095.871258
v -5.000000 -1046.068649 1104.568649
v -4.791667 -1046.068649 1104.568649
v -4.583333 -1046.068649 1104.568649
v -4.375000 -1046.068649 1104.568649
v -4.166667 -1046.068649 1104.568649
v -3.958333 -1046.068649 1104.568649
v -3.750000 -1046.068649 1104.568649
v -3.541667 -1046.068649 1104.568649
v -3.333333 -1046.068649 1104.568649
v -3.125000 -1046.068649 1104.568649
v -2.916667 -1046.068649 1104.568649
v -2.708333 -1046.068649 1104.568649
v -2.500000 -1046.068649 1104.568649
v -2.291667 -1046.068649 1104.568649
v -2.083333 -1046.068649 1104.568649
v -1.875000 -1046.068649 1104.568649
v -1.666667 -1046.068649 1104.568649
v -1.458333 -1046.068649 1104.568649
v -1.250000 -1046.068649 1104.568649
v -1.041667 -1046.068649 1104.568649
v -0.833333 -1046.068649 1104.568649
v -0.625000 -1046.068649 1104.568649
v -0.416667 -1046.068649 1104.568649
v -0.208333 -1046.068649 1104.568649
v 0.000000 -1046.068649 1104.568649
v 0.208333 -1046.068649 1104.568649
v 0.416667 -1046.068649 1104.568649
v 0.625000 -1046.068649 1104.568649
v 0.833333 -1046.068649 1104.568649
v 1.041667 -1046.068649 1104.568649
v 1.250000 -1046.068649 1104.568649
v 1.458333 -1046.068649 1104.568649
v 1.666667 -1046.068649 1104.568649
v 1.875000 -1046.068649 1104.568649
v 2.083333 -1046.068649 1104.568649
v 2.291667 -1046.068649 1104.568649
v 2.500000 -1046.068649 1104.568649
v 2.708333 -1046.068649 1104.568649
v 2.916667 -1046.068649 1104.568649
v 3.125000 -1046.068649 1104.568649
v 3.333333 -1046.068649 1104.568649
v 3.541667 -1046.068649 1104.568649
v 3.750000 -1046.068649 1104.568649
v 3.958333 -1046.068649 1104.568649
v 4.166667 -1046.068649 1104.568649
v 4.375000 -1046.068649 1104.568649
v 4.583333 -1046.068649 1104.568649
v 4.791667 -1046.068649 1104.568649
v 5.000000 -1046.068649 1104.568649
v -5.000000 -1054.766040 1113.266040
v -4.791667 -1054.766040 1113.266040
v -4.583333 -1054.766040 1113.266040
v -4.375000 -1054.766040 1113.266040
v -4.166667 -1054.766040 1113.266040
v -3.958333 -1054.766040 1113.266040
v -3.750000 -1054.766040 1113.266040
v -3.541667 -1054.766040 1113.266040
v -3.333333 -1054.766040 1113.266040
v -3.125000 -1054.766040 1113.266040
v -2.916667 -1054.766040 1113.266040
v -2.708333 -1054.766040 1113.266040
v -2.500000 -1054.766040 1113.266040
v -2.291667 -1054.766040 1113.266040
v -2.083333 -1054.766040 1113.266040
v -1.875000 -1054.766040 1113.266040
v -1.666667 -1054.766040 1113.266040
v -1.458333 -1054.766040 1113.266040
v -1.250000 -1054.766040 1113.266040
v -1.041667 -1054.766040 1113.266040
v -0.833333 -1054.766040 1113.266040
v -0.625000 -1054.766040 1113.266040
v -0.416667 -1054.766040 1113.266040
v -0.208333 -1054.766040 1113.266040
v 0.000000 -1054.766040 1113.266040
v 0.208333 -1054.766040 1113.266040
v 0.416667 -1054.766040 1113.266040
v 0.625000 -1054.766040 1113.266040
v 0.833333 -1054.766040 1113.266040
v 1.041667 -1054.766040 1113.266040
v 1.250000 -1054.766040 1113.266040
v 1.458333 -1054.766040 1113.266040
v 1.666667 -1054.766040 1113.266040
v 1.875000 -1054.766040 1113.266040
v 2.083333 -1054.766040 1113.266040
v 2.291667 -1054.766040 1113.266040
v 2.500000 -1054.766040 1113.266040
v 2.708333 -1054.766040 1113.266040
v 2.916667 -1054.766040 1113.266040
v 3.125000 -1054.766040 1113.266040
v 3.333333 -1054.766040 1113.266040
v 3.541667 -1054.766040 1113.266040
v 3.750000 -1054.766040 1113.266040
v 3.958333 -1054.766040 1113.266040
v 4.166667 -1054.766040 1113.266040
v 4.375000 -1054.766040 1113.266040
v 4.583333 -1054.766040 1113.266040
v 4.791667 -1054.766040 1113.266040
v 5.000000 -1054.766040 1113.266040
f 6469 6518 6519
f 6469 6519 6470
f 19062 19063 19112
f 19062 19112 19111
f 6470 6519 6520
f 6470 6520 6471
f 19063 19064 19113
f 19063 19113 19112
f 6471 6520 6521
f 6471 6521 6472
f 19064 19065 19114
f 19064 19114 19113
f 6472 6521 6522
f 6472 6522 6473
f 19065 19066 19115
f 19065 19115 19114
f 6473 6522 6523
f 6473 6523 6474
f 19066 19067 19116
f 19066 19116 19115
f 6474 6523 6524
f 6474 6524 6475
f 19067 19068 19117
f 19067 19117 19116
f 6475 6524 6525
f 6475 6525 6476
f 19068 19069 19118
f 19068 19118 19117
f 6476 6525 6526
f 6476 6526 6477
f 19069 19070 19119
f 19069 19119 19118
f 6477 6526 6527
f 6477 6527 6478
f 19070 19071 19120
f 19070 19120 19119
f 6478 6527 6528
f 6478 6528 6479
f 19071 19072 19121
f 19071 19121 19120
f 6479 6528 6529
f 6479 6529 6480
f 19072 19073 19122
f 19072 19122 19121
f 6480 6529 6530
f 6480 6530 6481
f 19073 19074 19123
f 19073 19123 19122
f 6481 6530 6531
f 6481 6531 6482
f 19074 19075 19124
f 19074 19124 19123
f 6482 6531 6532
f 6482 6532 6483
f 19075 19076 19125
f 19075 19125 19124
f 6483 6532 6533
f 6483 6533 6484
f 19076 19077 19126
f 19076 19126 19125
f 6484 6533 6534
f 6484 6534 6485
f 19077 19078 19127
f 19077 19127 19126
f 6485 6534 6535
f 6485 6535 6486
f 19078 19079 19128
f 19078 19128 19127
f 6486 6535 6536
f 6486 6536 6487
f 19079 19080 19129
f 19079 19129 19128
f 6487 6536 6537
f 6487 6537 6488
f 19080 19081 19130
f 19080 19130 19129
f 6488 6537 6538
f 6488 6538 6489
f 19081 19082 19131
f 19081 19131 19130
f 6489 6538 6539
f 6489 6539 6490
f 19082 19083 19132
f 19082 19132 19131
f 6490 6539 6540
f 6490 6540 6491
f 19083 19084 19133
f 19083 19133 19132
f 6491 6540 6541
f 6491 6541 6492
f 19084 19085 19134
f 19084 19134 19133
f 6492 6541 6542
f 6492 6542 6493
f 19085 19086 19135
f 19085 19135 19134
f 6493 6542 6543
f 6493 6543 6494
f 19086 19087 19136
f 19086 19136 19135
f 6494 6543 6544
f 6494 6544 6495
f 19087 19088 19137
f 19087 19137 19136
f 6495 6544 6545
f 6495 6545 6496
f 19088 19089 19138
f 19088 19138 19137
f 6496 6545 6546
f 6496 6546 6497
f 19089 19090 19139
f 19089 19139 19138
f 6497 6546 6547
f 6497 6547 6498
f 19090 19091 19140
f 19090 19140 19139
f 6498 6547 6548
f 6498 6548 6499
f 19091 19092 19141
f 19091 19141 19140
f 6499 6548 6549
f 6499 6549 6500
f 19092 19093 19142
f 19092 19142 19141
f 6500 6549 6550
f 6500 6550 6501
f 19093 19094 19143
f 19093 19143 19142
f 6501 6550 6551
f 6501 6551 6502
f 19094 19095 19144
f 19094 19144 19143
f 6502 6551 6552
f 6502 6552 6503
f 19095 19096 19145
f 19095 19145 19144
f 6503 6552 6553
f 6503 6553 6504
f 19096 19097 19146
f 19096 19146 19145
f 6504 6553 6554
f 6504 6554 6505
f 19097 19098 19147
f 19097 19147 19146
f 6505 6554 6555
f 6505 6555 6506
f 19098 19099 19148
f 19098 19148 19147
f 6506 6555 6556
f 6506 6556 6507
f 19099 19100 19149
f 19099 19149 19148
f 6507 6556 6557
f 6507 6557 6508
f 19100 19101 19150
f 19100 19150 19149
f 6508 6557 6558
f 6508 6558 6509
f 19101 19102 19151
f 19101 19151 19150
f 6509 6558 6559
f 6509 6559 6510
f 19102 19103 19152
f 19102 19152 19151
f 6510 6559 6560
f 6510 6560 6511
f 19103 19104 19153
f 19103 19153 19152
f 6511 6560 6561
f 6511 6561 6512
f 19104 19105 19154
f 19104 19154 19153
f 6512 6561 6562
f 6512 6562 6513
f 19105 19106 19155
f 19105 19155 19154
f 6513 6562 6563
f 6513 6563 6514
f 19106 19107 19156
f 19106 19156 19155
f 6514 6563 6564
f 6514 6564 6515
f 19107 19108 19157
f 19107 19157 19156
f 6515 6564 6565
f 6515 6565 6516
f 19108 19109 19158
f 19108 19158 19157
f 6516 6565 6566
f 6516 6566 6517
f 19109 19110 19159
f 19109 19159 19158
f 6518 6567 6568
f 6518 6568 6519
f 19111 19112 19161
f 19111 19161 19160
f 6519 6568 6569
f 6519 6569 6520
f 19112 19113 19162
f 19112 19162 19161
f 6520 6569 6570
f 6520 6570 6521
f 19113 19114 19163
f 19113 19163 19162
f 6521 6570 6571
f 6521 6571 6522
f 19114 19115 19164
f 19114 19164 19163
f 6522 6571 6572
f 6522 6572 6523
f 19115 19116 19165
f 19115 19165 19164
f 6523 6572 6573
f 6523 6573 6524
f 19116 19117 19166
f 19116 19166 19165
f 6524 6573 6574
f 6524 6574 6525
f 19117 19118 19167
f 19117 19167 19166
f 6525 6574 6575
f 6525 6575 6526
f 19118 19119 19168
f 19118 19168 19167
f 6526 6575 6576
f 6526 6576 6527
f 19119 19120 19169
f 19119 19169 19168
f 6527 6576 6577
f 6527 6577 6528
f 19120 19121 19170
f 19120 19170 19169
f 6528 6577 6578
f 6528 6578 6529
f 19121 19122 19171
f 19121 19171 19170
f 6529 6578 6579
f 6529 6579 6530
f 19122 19123 19172
f 19122 19172 19171
f 6530 6579 6580
f 6530 6580 6531
f 19123 19124 19173
f 19123 19173 19172
f 6531 6580 6581
f 6531 6581 6532
f 19124 19125 19174
f 19124 19174 19173
f 6532 6581 6582
f 6532 6582 6533
f 19125 19126 19175
f 19125 19175 19174
f 6533 6582 6583
f 6533 6583 6534
f 19126 19127 19176
f 19126 19176 19175
f 6534 6583 6584
f 6534 6584 6535
f 19127 19128 19177
f 19127 19177 19176
f 6535 6584 6585
f 6535 6585 6536
f 19128 19129 19178
f 19128 19178 19177
f 6536 6585 6586
f 6536 6586 6537
f 19129 19130 19179
f 19129 19179 19178
f 6537 6586 6587
f 6537 6587 6538
f 19130 19131 19180
f 19130 19180 19179
f 6538 6587 6588
f 6538 6588 6539
f 19131 19132 19181
f 19131 19181 19180
f 6539 6588 6589
f 6539 6589 6540
f 19132 19133 19182
f 19132 19182 19181
f 6540 6589 6590
f 6540 6590 6541
f 19133 19134 19183
f 19133 19183 19182
f 6541 6590 6591
f 6541 6591 6542
f 19134 19135 19184
f 19134 19184 19183
f 6542 6591 6592
f 6542 6592 6543
f 19135 19136 19185
f 19135 19185 19184
f 6543 6592 6593
f 6543 6593 6544
f 19136 19137 19186
f 19136 19186 19185
f 6544 6593 6594
f 6544 6594 6545
f 19137 19138 19187
f 19137 19187 19186
f 6545 6594 6595
f 6545 6595 6546
f 19138 19139 19188
f 19138 19188 19187
f 6546 6595 6596
f 6546 6596 6547
f 19139 19140 19189
f 19139 19189 19188
f 6547 6596 6597
f 6547 6597 6548
f 19140 19141 19190
f 19140 19190 19189
f 6548 6597 6598
f 6548 6598 6549
f 19141 19142 19191
f 19141 19191 19190
f 6549 6598 6599
f 6549 6599 6550
f 19142 19143 19192
f 19142 19192 19191
f 6550 6599 6600
f 6550 6600 6551
f 19143 19144 19193
f 19143 19193 19192
f 6551 6600 6601
f 6551 6601 6552
f 19144 19145 19194
f 19144 19194 19193
f 6552 6601 6602
f 6552 6602 6553
f 19145 19146 19195
f 19145 19195 19194
f 6553 6602 6603
f 6553 6603 6554
f 19146 19147 19196
f 19146 19196 19195
f 6554 6603 6604
f 6554 6604 6555
f 19147 19148 19197
f 19147 19197 19196
f 6555 6604 6605
f 6555 6605 6556
f 19148 19149 19198
f 19148 19198 19197
f 6556 6605 6606
f 6556 6606 6557
f 19149 19150 19199
f 19149 19199 19198
f 6557 6606 6607
f 6557 6607 6558
f 19150 19151 19200
f 19150 19200 19199
f 6558 6607 6608
f 6558 6608 6559
f 19151 19152 19201
f 19151 19201 19200
f 6559 6608 6609
f 6559 6609 6560
f 19152 19153 19202
f 19152 19202 19201
f 6560 6609 6610
f 6560 6610 6561
f 19153 19154 19203
f 19153 19203 19202
f 6561 6610 6611
f 6561 6611 6562
f 19154 19155 19204
f 19154 19204 19203
f 6562 6611 6612
f 6562 6612 6563
f 19155 19156 19205
f 19155 19205 19204
f 6563 6612 6613
f 6563 6613 6564
f 19156 19157 19206
f 19156 19206 19205
f 6564 6613 6614
f 6564 6614 6565
f 19157 19158 19207
f 19157 19207 19206
f 6565 6614 6615
f 6565 6615 6566
f 19158 19159 19208
f 19158 19208 19207
f 6567 6616 6617
f 6567 6617 6568
f 19160 19161 19210
f 19160 19210 19209
f 6568 6617 6618
f 6568 6618 6569
f 19161 19162 19211
f 19161 19211 19210
f 6569 6618 6619
f 6569 6619 6570
f 19162 19163 19212
f 19162 19212 19211
f 6570 6619 6620
f 6570 6620 6571
f 19163 19164 19213
f 19163 19213 19212
f 6571 6620 6621
f 6571 6621 6572
f 19164 19165 19214
f 19164 19214 19213
f 6572 6621 6622
f 6572 6622 6573
f 19165 19166 19215
f 19165 19215 19214
f 6573 6622 6623
f 6573 6623 6574
f 19166 19167 19216
f 19166 19216 19215
f 6574 6623 6624
f 6574 6624 6575
f 19167 19168 19217
f 19167 19217 19216
f 6575 6624 6625
f 6575 6625 6576
f 19168 19169 19218
f 19168 19218 19217
f 6576 6625 6626
f 6576 6626 6577
f 19169 19170 19219
f 19169 19219 19218
f 6577 6626 6627
f 6577 6627 6578
f 19170 19171 19220
f 19170 19220 19219
f 6578 6627 6628
f 6578 6628 6579
f 19171 19172 19221
f 19171 19221 19220
f 6579 6628 6629
f 6579 6629 6580
f 19172 19173 19222
f 19172 19222 19221
f 6580 6629 6630
f 6580 6630 6581
f 19173 19174 19223
f 19173 19223 19222
f 6581 6630 6631
f 6581 6631 6582
f 19174 19175 19224
f 19174 19224 19223
f 6582 6631 6632
f 6582 6632 6583
f 19175 19176 19225
f 19175 19225 19224
f 6583 6632 6633
f 6583 6633 6584
f 19176 19177 19226
f 19176 19226 19225
f 6584 6633 6634
f 6584 6634 6585
f 19177 19178 19227
f 19177 19227 19226
f 6585 6634 6635
f 6585 6635 6586
f 19178 19179 19228
f 19178 19228 19227
f 6586 6635 6636
f 6586 6636 6587
f 19179 19180 19229
f 19179 19229 19228
f 6587 6636 6637
f 6587 6637 6588
f 19180 19181 19230
f 19180 19230 19229
f 6588 6637 6638
f 6588 6638 6589
f 19181 19182 19231
f 19181 19231 19230
f 6589 6638 6639
f 6589 6639 6590
f 19182 19183 19232
f 19182 19232 19231
f 6590 6639 6640
f 6590 6640 6591
f 19183 19184 19233
f 19183 19233 19232
f 6591 6640 6641
f 6591 6641 6592
f 19184 19185 19234
f 19184 19234 19233
f 6592 6641 6642
f 6592 6642 6593
f 19185 19186 19235
f 19185 19235 19234
f 6593 6642 6643
f 6593 6643 6594
f 19186 19187 19236
f 19186 19236 19235
f 6594 6643 6644
f 6594 6644 6595
f 19187 19188 19237
f 19187 19237 19236
f 6595 6644 6645
f 6595 6645 6596
f 19188 19189 19238
f 19188 19238 19237
f 6596 6645 6646
f 6596 6646 6597
f 19189 19190 19239
f 19189 19239 19238
f 6597 6646 6647
f 6597 6647 6598
f 19190 19191 19240
f 19190 19240 19239
f 6598 6647 6648
f 6598 6648 6599
f 19191 19192 19241
f 19191 19241 19240
f 6599 6648 6649
f 6599 6649 6600
f 19192 19193 19242
f 19192 19242 19241
f 6600 6649 6650
f 6600 6650 6601
f 19193 19194 19243
f 19193 19243 19242
f 6601 6650 6651
f 6601 6651 6602
f 19194 19195 19244
f 19194 19244 19243
f 6602 6651 6652
f 6602 6652 6603
f 19195 19196 19245
f 19195 19245 19244
f 6603 6652 6653
f 6603 6653 6604
f 19196 19197 19246
f 19196 19246 19245
f 6604 6653 6654
f 6604 6654 6605
f 19197 19198 19247
f 19197 19247 19246
f 6605 6654 6655
f 6605 6655 6606
f 19198 19199 19248
f 19198 19248 19247
f 6606 6655 6656
f 6606 6656 6607
f 19199 19200 19249
f 19199 19249 19248
f 6607 6656 6657
f 6607 6657 6608
f 19200 19201 19250
f 19200 19250 19249
f 6608 6657 6658
f 6608 6658 6609
f 19201 19202 19251
f 19201 19251 19250
f 6609 6658 6659
f 6609 6659 6610
f 19202 19203 19252
f 19202 19252 19251
f 6610 6659 6660
f 6610 6660 6611
f 19203 19204 19253
f 19203 19253 19252
f 6611 6660 6661
f 6611 6661 6612
f 19204 19205 19254
f 19204 19254 19253
f 6612 6661 6662
f 6612 6662 6613
f 19205 19206 19255
f 19205 19255 19254
f 6613 6662 6663
f 6613 6663 6614
f 19206 19207 19256
f 19206 19256 19255
f 6614 6663 6664
f 6614 6664 6615
f 19207 19208 19257
f 19207 19257 19256
f 6616 6665 6666
f 6616 6666 6617
f 19209 19210 19259
f 19209 19259 19258
f 6617 6666 6667
f 6617 6667 6618
f 19210 19211 19260
f 19210 19260 19259
f 6618 6667 6668
f 6618 6668 6619
f 19211 19212 19261
f 19211 19261 19260
f 6619 6668 6669
f 6619 6669 6620
f 19212 19213 19262
f 19212 19262 19261
f 6620 6669 6670
f 6620 6670 6621
f 19213 19214 19263
f 19213 19263 19262
f 6621 6670 6671
f 6621 6671 6622
f 19214 19215 19264
f 19214 19264 19263
f 6622 6671 6672
f 6622 6672 6623
f 19215 19216 19265
f 19215 19265 19264
f 6623 6672 6673
f 6623 6673 6624
f 19216 19217 19266
f 19216 19266 19265
f 6624 6673 6674
f 6624 6674 6625
f 19217 19218 19267
f 19217 19267 19266
f 6625 6674 6675
f 6625 6675 6626
f 19218 19219 19268
f 19218 19268 19267
f 6626 6675 6676
f 6626 6676 6627
f 19219 19220 19269
f 19219 19269 19268
f 6627 6676 6677
f 6627 6677 6628
f 19220 19221 19270
f 19220 19270 19269
f 6628 6677 6678
f 6628 6678 6629
f 19221 19222 19271
f 19221 19271 19270
f 6629 6678 6679
f 6629 6679 6630
f 19222 19223 19272
f 19222 19272 19271
f 6630 6679 6680
f 6630 6680 6631
f 19223 19224 19273
f 19223 19273 19272
f 6631 6680 6681
f 6631 6681 6632
f 19224 19225 19274
f 19224 19274 19273
f 6632 6681 6682
f 6632 6682 6633
f 19225 19226 19275
f 19225 19275 19274
f 6633 6682 6683
f 6633 6683 6634
f 19226 19227 19276
f 19226 19276 19275
f 6634 6683 6684
f 6634 6684 6635
f 19227 19228 19277
f 19227 19277 19276
f 6635 6684 6685
f 6635 6685 6636
f 19228 19229 19278
f 19228 19278 19277
f 6636 6685 6686
f 6636 6686 6637
f 19229 19230 19279
f 19229 19279 19278
f 6637 6686 6687
f 6637 6687 6638
f 19230 19231 19280
f 19230 19280 19279
f 6638 6687 6688
f 6638 6688 6639
f 19231 19232 19281
f 19231 19281 19280
f 6639 6688 6689
f 6639 6689 6640
f 19232 19233 19282
f 19232 19282 19281
f 6640 6689 6690
f 6640 6690 6641
f 19233 19234 19283
f 19233 19283 19282
f 6641 6690 6691
f 6641 6691 6642
f 19234 19235 19284
f 19234 19284 19283
f 6642 6691 6692
f 6642 6692 6643
f 19235 19236 19285
f 19235 19285 19284
f 6643 6692 6693
f 6643 6693 6644
f 19236 19237 19286
f 19236 19286 19285
f 6644 6693 6694
f 6644 6694 6645
f 19237 19238 19287
f 19237 19287 19286
f 6645 6694 6695
f 6645 6695 6646
f 19238 19239 19288
f 19238 19288 19287
f 6646 6695 6696
f 6646 6696 6647
f 19239 19240 19289
f 19239 19289 19288
f 6647 6696 6697
f 6647 6697 6648
f 19240 19241 19290
f 19240 19290 19289
f 6648 6697 6698
f 6648 6698 6649
f 19241 19242 19291
f 19241 19291 19290
f 6649 6698 6699
f 6649 6699 6650
f 19242 19243 19292
f 19242 19292 19291
f 6650 6699 6700
f 6650 6700 6651
f 19243 19244 19293
f 19243 19293 19292
f 6651 6700 6701
f 6651 6701 6652
f 19244 19245 19294
f 19244 19294 19293
f 6652 6701 6702
f 6652 6702 6653
f 19245 19246 19295
f 19245 19295 19294
f 6653 6702 6703
f 6653 6703 6654
f 19246 19247 19296
f 19246 19296 19295
f 6654 6703 6704
f 6654 6704 6655
f 19247 19248 19297
f 19247 19297 19296
f 6655 6704 6705
f 6655 6705 6656
f 19248 19249 19298
f 19248 19298 19297
f 6656 6705 6706
f 6656 6706 6657
f 19249 19250 19299
f 19249 19299 19298
f 6657 6706 6707
f 6657 6707 6658
f 19250 19251 19300
f 19250 19300 19299
f 6658 6707 6708
f 6658 6708 6659
f 19251 19252 19301
f 19251 19301 19300
f 6659 6708 6709
f 6659 6709 6660
f 19252 19253 19302
f 19252 19302 19301
f 6660 6709 6710
f 6660 6710 6661
f 19253 19254 19303
f 19253 19303 19302
f 6661 6710 6711
f 6661 6711 6662
f 19254 19255 19304
f 19254 19304 19303
f 6662 6711 6712
f 6662 6712 6663
f 19255 19256 19305
f 19255 19305 19304
f 6663 6712 6713
f 6663 6713 6664
f 19256 19257 19306
f 19256 19306 19305
f 6665 6714 6715
f 6665 6715 6666
f 19258 19259 19308
f 19258 19308 19307
f 6666 6715 6716
f 6666 6716 6667
f 19259 19260 19309
f 19259 19309 19308
f 6667 6716 6717
f 6667 6717 6668
f 19260 19261 19310
f 19260 19310 19309
f 6668 6717 6718
f 6668 6718 6669
f 19261 19262 19311
f 19261 19311 19310
f 6669 6718 6719
f 6669 6719 6670
f 19262 19263 19312
f 19262 19312 19311
f 6670 6719 6720
f 6670 6720 6671
f 19263 19264 19313
f 19263 19313 19312
f 6671 6720 6721
f 6671 6721 6672
f 19264 19265 19314
f 19264 19314 19313
f 6672 6721 6722
f 6672 6722 6673
f 19265 19266 19315
f 19265 19315 19314
f 6673 6722 6723
f 6673 6723 6674
f 19266 19267 19316
f 19266 19316 19315
f 6674 6723 6724
f 6674 6724 6675
f 19267 19268 19317
f 19267 19317 19316
f 6675 6724 6725
f 6675 6725 6676
f 19268 19269 19318
f 19268 19318 19317
f 6676 6725 6726
f 6676 6726 6677
f 19269 19270 19319
f 19269 19319 19318
f 6677 6726 6727
f 6677 6727 6678
f 19270 19271 19320
f 19270 19320 19319
f 6678 6727 6728
f 6678 6728 6679
f 19271 19272 19321
f 19271 19321 19320
f 6679 6728 6729
f 6679 6729 6680
f 19272 19273 19322
f 19272 19322 19321
f 6680 6729 6730
f 6680 6730 6681
f 19273 19274 19323
f 19273 19323 19322
f 6681 6730 6731
f 6681 6731 6682
f 19274 19275 19324
f 19274 19324 19323
f 6682 6731 6732
f 6682 6732 6683
f 19275 19276 19325
f 19275 19325 19324
f 6683 6732 6733
f 6683 6733 6684
f 19276 19277 19326
f 19276 19326 19325
f 6684 6733 6734
f 6684 6734 6685
f 19277 19278 19327
f 19277 19327 19326
f 6685 6734 6735
f 6685 6735 6686
f 19278 19279 19328
f 19278 19328 19327
f 6686 6735 6736
f 6686 6736 6687
f 19279 19280 19329
f 19279 19329 19328
f 6687 6736 6737
f 6687 6737 6688
f 19280 19281 19330
f 19280 19330 19329
f 6688 6737 6738
f 6688 6738 6689
f 19281 19282 19331
f 19281 19331 19330
f 6689 6738 6739
f 6689 6739 6690
f 19282 19283 19332
f 19282 19332 19331
f 6690 6739 6740
f 6690 6740 6691
f 19283 19284 19333
f 19283 19333 19332
f 6691 6740 6741
f 6691 6741 6692
f 19284 19285 19334
f 19284 19334 19333
f 6692 6741 6742
f 6692 6742 6693
f 19285 19286 19335
f 19285 19335 19334
f 6693 6742 6743
f 6693 6743 6694
f 19286 19287 19336
f 19286 19336 19335
f 6694 6743 6744
f 6694 6744 6695
f 19287 19288 19337
f 19287 19337 19336
f 6695 6744 6745
f 6695 6745 6696
f 19288 19289 19338
f 19288 19338 19337
f 6696 6745 6746
f 6696 6746 6697
f 19289 19290 19339
f 19289 19339 19338
f 6697 6746 6747
f 6697 6747 6698
f 19290 19291 19340
f 19290 19340 19339
f 6698 6747 6748
f 6698 6748 6699
f 19291 19292 19341
f 19291 19341 19340
f 6699 6748 6749
f 6699 6749 6700
f 19292 19293 19342
f 19292 19342 19341
f 6700 6749 6750
f 6700 6750 6701
f 19293 19294 19343
f 19293 19343 19342
f 6701 6750 6751
f 6701 6751 6702
f 19294 19295 19344
f 19294 19344 19343
f 6702 6751 6752
f 6702 6752 6703
f 19295 19296 19345
f 19295 19345 19344
f 6703 6752 6753
f 6703 6753 6704
f 19296 19297 19346
f 19296 19346 19345
f 6704 6753 6754
f 6704 6754 6705
f 19297 19298 19347
f 19297 19347 19346
f 6705 6754 6755
f 6705 6755 6706
f 19298 19299 19348
f 19298 19348 19347
f 6706 6755 6756
f 6706 6756 6707
f 19299 19300 19349
f 19299 19349 19348
f 6707 6756 6757
f 6707 6757 6708
f 19300 19301 19350
f 19300 19350 19349
f 6708 6757 6758
f 6708 6758 6709
f 19301 19302 19351
f 19301 19351 19350
f 6709 6758 6759
f 6709 6759 6710
f 19302 19303 19352
f 19302 19352 19351
f 6710 6759 6760
f 6710 6760 6711
f 19303 19304 19353
f 19303 19353 19352
f 6711 6760 6761
f 6711 6761 6712
f 19304 19305 19354
f 19304 19354 19353
f 6712 6761 6762
f 6712 6762 6713
f 19305 19306 19355
f 19305 19355 19354
f 6518 19111 19062
f 6518 19062 6469
f 6567 19160 19111
f 6567 19111 6518
f 6616 19209 19160
f 6616 19160 6567
f 6665 19258 19209
f 6665 19209 6616
f 6714 19307 19258
f 6714 19258 6665
f 6517 19110 19159
f 6517 19159 6566
f 6566 19159 19208
f 6566 19208 6615
f 6615 19208 19257
f 6615 19257 6664
f 6664 19257 19306
f 6664 19306 6713
f 6713 19306 19355
f 6713 19355 6762
