o [4B] 3D Diagram - S2-03 Group C_118
v 51.837712 -20.000000 94.137558
v 51.837712 -19.090909 94.137558
v 51.837712 -19.090909 94.425039
v 51.837712 -20.000000 94.425039
v 52.125193 -20.000000 94.137558
v 52.125193 -20.000000 94.425039
v 52.125193 -19.090909 94.137558
v 51.837712 -19.090909 94.712519
v 51.837712 -20.000000 94.712519
v 52.125193 -20.000000 94.712519
v 51.837712 -19.090909 95.000000
v 51.837712 -20.000000 95.000000
v 52.125193 -20.000000 95.000000
v 51.837712 -19.090909 95.287481
v 51.837712 -20.000000 95.287481
v 52.125193 -20.000000 95.287481
v 51.837712 -19.090909 95.574961
v 51.837712 -20.000000 95.574961
v 52.125193 -20.000000 95.574961
v 51.837712 -19.090909 95.862442
v 51.837712 -20.000000 95.862442
v 52.125193 -20.000000 95.862442
v 52.125193 -19.090909 95.862442
v 51.837712 -18.181818 94.137558
v 51.837712 -18.181818 94.425039
v 52.125193 -18.181818 94.137558
v 51.837712 -18.181818 94.712519
v 51.837712 -18.181818 95.000000
v 51.837712 -18.181818 95.287481
v 51.837712 -18.181818 95.574961
v 51.837712 -18.181818 95.862442
v 52.125193 -18.181818 95.862442
v 51.837712 -17.272727 94.137558
v 51.837712 -17.272727 94.425039
v 52.125193 -17.272727 94.137558
v 51.837712 -17.272727 94.712519
v 51.837712 -17.272727 95.000000
v 51.837712 -17.272727 95.287481
v 51.837712 -17.272727 95.574961
v 51.837712 -17.272727 95.862442
v 52.125193 -17.272727 95.862442
v 51.837712 -16.363636 94.137558
v 51.837712 -16.363636 94.425039
v 52.125193 -16.363636 94.137558
v 51.837712 -16.363636 94.712519
v 51.837712 -16.363636 95.000000
v 51.837712 -16.363636 95.287481
v 51.837712 -16.363636 95.574961
v 51.837712 -16.363636 95.862442
v 52.125193 -16.363636 95.862442
v 51.837712 -15.454545 94.137558
v 51.837712 -15.454545 94.425039
v 52.125193 -15.454545 94.137558
v 51.837712 -15.454545 94.712519
v 51.837712 -15.454545 95.000000
v 51.837712 -15.454545 95.287481
v 51.837712 -15.454545 95.574961
v 51.837712 -15.454545 95.862442
v 52.125193 -15.454545 95.862442
v 51.837712 -14.545455 94.137558
v 51.837712 -14.545455 94.425039
v 52.125193 -14.545455 94.137558
v 51.837712 -14.545455 94.712519
v 51.837712 -14.545455 95.000000
v 51.837712 -14.545455 95.287481
v 51.837712 -14.545455 95.574961
v 51.837712 -14.545455 95.862442
v 52.125193 -14.545455 95.862442
v 51.837712 -13.636364 94.137558
v 51.837712 -13.636364 94.425039
v 52.125193 -13.636364 94.137558
v 51.837712 -13.636364 94.712519
v 51.837712 -13.636364 95.000000
v 51.837712 -13.636364 95.287481
v 51.837712 -13.636364 95.574961
v 51.837712 -13.636364 95.862442
v 52.125193 -13.636364 95.862442
v 51.837712 -12.727273 94.137558
v 51.837712 -12.727273 94.425039
v 52.125193 -12.727273 94.137558
v 51.837712 -12.727273 94.712519
v 51.837712 -12.727273 95.000000
v 51.837712 -12.727273 95.287481
v 51.837712 -12.727273 95.574961
v 51.837712 -12.727273 95.862442
v 52.125193 -12.727273 95.862442
v 51.837712 -11.818182 94.137558
v 51.837712 -11.818182 94.425039
v 52.125193 -11.818182 94.137558
v 51.837712 -11.818182 94.712519
v 51.837712 -11.818182 95.000000
v 51.837712 -11.818182 95.287481
v 51.837712 -11.818182 95.574961
v 51.837712 -11.818182 95.862442
v 52.125193 -11.818182 95.862442
v 51.837712 -10.909091 94.137558
v 51.837712 -10.909091 94.425039
v 52.125193 -10.909091 94.137558
v 51.837712 -10.909091 94.712519
v 51.837712 -10.909091 95.000000
v 51.837712 -10.909091 95.287481
v 51.837712 -10.909091 95.574961
v 51.837712 -10.909091 95.862442
v 52.125193 -10.909091 95.862442
v 51.837712 -10.000000 94.137558
v 51.837712 -10.000000 94.425039
v 52.125193 -10.000000 94.137558
v 51.837712 -10.000000 94.712519
v 51.837712 -10.000000 95.000000
v 51.837712 -10.000000 95.287481
v 51.837712 -10.000000 95.574961
v 51.837712 -10.000000 95.862442
v 52.125193 -10.000000 95.862442
v 51.837712 -9.090909 94.137558
v 51.837712 -9.090909 94.425039
v 52.125193 -9.090909 94.137558
v 51.837712 -9.090909 94.712519
v 51.837712 -9.090909 95.000000
v 51.837712 -9.090909 95.287481
v 51.837712 -9.090909 95.574961
v 51.837712 -9.090909 95.862442
v 52.125193 -9.090909 95.862442
v 51.837712 -8.181818 94.137558
v 51.837712 -8.181818 94.425039
v 52.125193 -8.181818 94.137558
v 51.837712 -8.181818 94.712519
v 51.837712 -8.181818 95.000000
v 51.837712 -8.181818 95.287481
v 51.837712 -8.181818 95.574961
v 51.837712 -8.181818 95.862442
v 52.125193 -8.181818 95.862442
v 51.837712 -7.272727 94.137558
v 51.837712 -7.272727 94.425039
v 52.125193 -7.272727 94.137558
v 51.837712 -7.272727 94.712519
v 51.837712 -7.272727 95.000000
v 51.837712 -7.272727 95.287481
v 51.837712 -7.272727 95.574961
v 51.837712 -7.272727 95.862442
v 52.125193 -7.272727 95.862442
v 51.837712 -6.363636 94.137558
v 51.837712 -6.363636 94.425039
v 52.125193 -6.363636 94.137558
v 51.837712 -6.363636 94.712519
v 51.837712 -6.363636 95.000000
v 51.837712 -6.363636 95.287481
v 51.837712 -6.363636 95.574961
v 51.837712 -6.363636 95.862442
v 52.125193 -6.363636 95.862442
v 51.837712 -5.454545 94.137558
v 51.837712 -5.454545 94.425039
v 52.125193 -5.454545 94.137558
v 51.837712 -5.454545 94.712519
v 51.837712 -5.454545 95.000000
v 51.837712 -5.454545 95.287481
v 51.837712 -5.454545 95.574961
v 51.837712 -5.454545 95.862442
v 52.125193 -5.454545 95.862442
v 51.837712 -4.545455 94.137558
v 51.837712 -4.545455 94.425039
v 52.125193 -4.545455 94.137558
v 51.837712 -4.545455 94.712519
v 51.837712 -4.545455 95.000000
v 51.837712 -4.545455 95.287481
v 51.837712 -4.545455 95.574961
v 51.837712 -4.545455 95.862442
v 52.125193 -4.545455 95.862442
v 51.837712 -3.636364 94.137558
v 51.837712 -3.636364 94.425039
v 52.125193 -3.636364 94.137558
v 51.837712 -3.636364 94.712519
v 51.837712 -3.636364 95.000000
v 51.837712 -3.636364 95.287481
v 51.837712 -3.636364 95.574961
v 51.837712 -3.636364 95.862442
v 52.125193 -3.636364 95.862442
v 51.837712 -2.727273 94.137558
v 51.837712 -2.727273 94.425039
v 52.125193 -2.727273 94.137558
v 51.837712 -2.727273 94.712519
v 51.837712 -2.727273 95.000000
v 51.837712 -2.727273 95.287481
v 51.837712 -2.727273 95.574961
v 51.837712 -2.727273 95.862442
v 52.125193 -2.727273 95.862442
v 51.837712 -1.818182 94.137558
v 51.837712 -1.818182 94.425039
v 52.125193 -1.818182 94.137558
v 51.837712 -1.818182 94.712519
v 51.837712 -1.818182 95.000000
v 51.837712 -1.818182 95.287481
v 51.837712 -1.818182 95.574961
v 51.837712 -1.818182 95.862442
v 52.125193 -1.818182 95.862442
v 51.837712 -0.909091 94.137558
v 51.837712 -0.909091 94.425039
v 52.125193 -0.909091 94.137558
v 51.837712 -0.909091 94.712519
v 51.837712 -0.909091 95.000000
v 51.837712 -0.909091 95.287481
v 51.837712 -0.909091 95.574961
v 51.837712 -0.909091 95.862442
v 52.125193 -0.909091 95.862442
v 51.837712 0.000000 94.137558
v 51.837712 0.000000 94.425039
v 52.125193 0.000000 94.425039
v 52.125193 0.000000 94.137558
v 51.837712 0.000000 94.712519
v 52.125193 0.000000 94.712519
v 51.837712 0.000000 95.000000
v 52.125193 0.000000 95.000000
v 51.837712 0.000000 95.287481
v 52.125193 0.000000 95.287481
v 51.837712 0.000000 95.574961
v 52.125193 0.000000 95.574961
v 51.837712 0.000000 95.862442
v 52.125193 0.000000 95.862442
v 52.125193 -20.000000 93.275116
v 52.125193 -19.090909 93.275116
v 52.125193 -19.090909 93.562597
v 52.125193 -20.000000 93.562597
v 52.412674 -20.000000 93.275116
v 52.412674 -20.000000 93.562597
v 52.412674 -19.090909 93.275116
v 52.125193 -19.090909 93.850077
v 52.125193 -20.000000 93.850077
v 52.412674 -20.000000 93.850077
v 52.412674 -20.000000 94.137558
v 52.412674 -20.000000 94.425039
v 52.412674 -20.000000 94.712519
v 52.412674 -20.000000 95.000000
v 52.412674 -20.000000 95.287481
v 52.412674 -20.000000 95.574961
v 52.412674 -20.000000 95.862442
v 52.125193 -19.090909 96.149923
v 52.125193 -20.000000 96.149923
v 52.412674 -20.000000 96.149923
v 52.125193 -19.090909 96.437403
v 52.125193 -20.000000 96.437403
v 52.412674 -20.000000 96.437403
v 52.125193 -19.090909 96.724884
v 52.125193 -20.000000 96.724884
v 52.412674 -20.000000 96.724884
v 52.412674 -19.090909 96.724884
v 52.125193 -18.181818 93.275116
v 52.125193 -18.181818 93.562597
v 52.412674 -18.181818 93.275116
v 52.125193 -18.181818 93.850077
v 52.125193 -18.181818 96.149923
v 52.125193 -18.181818 96.437403
v 52.125193 -18.181818 96.724884
v 52.412674 -18.181818 96.724884
v 52.125193 -17.272727 93.275116
v 52.125193 -17.272727 93.562597
v 52.412674 -17.272727 93.275116
v 52.125193 -17.272727 93.850077
v 52.125193 -17.272727 96.149923
v 52.125193 -17.272727 96.437403
v 52.125193 -17.272727 96.724884
v 52.412674 -17.272727 96.724884
v 52.125193 -16.363636 93.275116
v 52.125193 -16.363636 93.562597
v 52.412674 -16.363636 93.275116
v 52.125193 -16.363636 93.850077
v 52.125193 -16.363636 96.149923
v 52.125193 -16.363636 96.437403
v 52.125193 -16.363636 96.724884
v 52.412674 -16.363636 96.724884
v 52.125193 -15.454545 93.275116
v 52.125193 -15.454545 93.562597
v 52.412674 -15.454545 93.275116
v 52.125193 -15.454545 93.850077
v 52.125193 -15.454545 96.149923
v 52.125193 -15.454545 96.437403
v 52.125193 -15.454545 96.724884
v 52.412674 -15.454545 96.724884
v 52.125193 -14.545455 93.275116
v 52.125193 -14.545455 93.562597
v 52.412674 -14.545455 93.275116
v 52.125193 -14.545455 93.850077
v 52.125193 -14.545455 96.149923
v 52.125193 -14.545455 96.437403
v 52.125193 -14.545455 96.724884
v 52.412674 -14.545455 96.724884
v 52.125193 -13.636364 93.275116
v 52.125193 -13.636364 93.562597
v 52.412674 -13.636364 93.275116
v 52.125193 -13.636364 93.850077
v 52.125193 -13.636364 96.149923
v 52.125193 -13.636364 96.437403
v 52.125193 -13.636364 96.724884
v 52.412674 -13.636364 96.724884
v 52.125193 -12.727273 93.275116
v 52.125193 -12.727273 93.562597
v 52.412674 -12.727273 93.275116
v 52.125193 -12.727273 93.850077
v 52.125193 -12.727273 96.149923
v 52.125193 -12.727273 96.437403
v 52.125193 -12.727273 96.724884
v 52.412674 -12.727273 96.724884
v 52.125193 -11.818182 93.275116
v 52.125193 -11.818182 93.562597
v 52.412674 -11.818182 93.275116
v 52.125193 -11.818182 93.850077
v 52.125193 -11.818182 96.149923
v 52.125193 -11.818182 96.437403
v 52.125193 -11.818182 96.724884
v 52.412674 -11.818182 96.724884
v 52.125193 -10.909091 93.275116
v 52.125193 -10.909091 93.562597
v 52.412674 -10.909091 93.275116
v 52.125193 -10.909091 93.850077
v 52.125193 -10.909091 96.149923
v 52.125193 -10.909091 96.437403
v 52.125193 -10.909091 96.724884
v 52.412674 -10.909091 96.724884
v 52.125193 -10.000000 93.275116
v 52.125193 -10.000000 93.562597
v 52.412674 -10.000000 93.275116
v 52.125193 -10.000000 93.850077
v 52.125193 -10.000000 96.149923
v 52.125193 -10.000000 96.437403
v 52.125193 -10.000000 96.724884
v 52.412674 -10.000000 96.724884
v 52.125193 -9.090909 93.275116
v 52.125193 -9.090909 93.562597
v 52.412674 -9.090909 93.275116
v 52.125193 -9.090909 93.850077
v 52.125193 -9.090909 96.149923
v 52.125193 -9.090909 96.437403
v 52.125193 -9.090909 96.724884
v 52.412674 -9.090909 96.724884
v 52.125193 -8.181818 93.275116
v 52.125193 -8.181818 93.562597
v 52.412674 -8.181818 93.275116
v 52.125193 -8.181818 93.850077
v 52.125193 -8.181818 96.149923
v 52.125193 -8.181818 96.437403
v 52.125193 -8.181818 96.724884
v 52.412674 -8.181818 96.724884
v 52.125193 -7.272727 93.275116
v 52.125193 -7.272727 93.562597
v 52.412674 -7.272727 93.275116
v 52.125193 -7.272727 93.850077
v 52.125193 -7.272727 96.149923
v 52.125193 -7.272727 96.437403
v 52.125193 -7.272727 96.724884
v 52.412674 -7.272727 96.724884
v 52.125193 -6.363636 93.275116
v 52.125193 -6.363636 93.562597
v 52.412674 -6.363636 93.275116
v 52.125193 -6.363636 93.850077
v 52.125193 -6.363636 96.149923
v 52.125193 -6.363636 96.437403
v 52.125193 -6.363636 96.724884
v 52.412674 -6.363636 96.724884
v 52.125193 -5.454545 93.275116
v 52.125193 -5.454545 93.562597
v 52.412674 -5.454545 93.275116
v 52.125193 -5.454545 93.850077
v 52.125193 -5.454545 96.149923
v 52.125193 -5.454545 96.437403
v 52.125193 -5.454545 96.724884
v 52.412674 -5.454545 96.724884
v 52.125193 -4.545455 93.275116
v 52.125193 -4.545455 93.562597
v 52.412674 -4.545455 93.275116
v 52.125193 -4.545455 93.850077
v 52.125193 -4.545455 96.149923
v 52.125193 -4.545455 96.437403
v 52.125193 -4.545455 96.724884
v 52.412674 -4.545455 96.724884
v 52.125193 -3.636364 93.275116
v 52.125193 -3.636364 93.562597
v 52.412674 -3.636364 93.275116
v 52.125193 -3.636364 93.850077
v 52.125193 -3.636364 96.149923
v 52.125193 -3.636364 96.437403
v 52.125193 -3.636364 96.724884
v 52.412674 -3.636364 96.724884
v 52.125193 -2.727273 93.275116
v 52.125193 -2.727273 93.562597
v 52.412674 -2.727273 93.275116
v 52.125193 -2.727273 93.850077
v 52.125193 -2.727273 96.149923
v 52.125193 -2.727273 96.437403
v 52.125193 -2.727273 96.724884
v 52.412674 -2.727273 96.724884
v 52.125193 -1.818182 93.275116
v 52.125193 -1.818182 93.562597
v 52.412674 -1.818182 93.275116
v 52.125193 -1.818182 93.850077
v 52.125193 -1.818182 96.149923
v 52.125193 -1.818182 96.437403
v 52.125193 -1.818182 96.724884
v 52.412674 -1.818182 96.724884
v 52.125193 -0.909091 93.275116
v 52.125193 -0.909091 93.562597
v 52.412674 -0.909091 93.275116
v 52.125193 -0.909091 93.850077
v 52.125193 -0.909091 96.149923
v 52.125193 -0.909091 96.437403
v 52.125193 -0.909091 96.724884
v 52.412674 -0.909091 96.724884
v 52.125193 0.000000 93.275116
v 52.125193 0.000000 93.562597
v 52.412674 0.000000 93.562597
v 52.412674 0.000000 93.275116
v 52.125193 0.000000 93.850077
v 52.412674 0.000000 93.850077
v 52.412674 0.000000 94.137558
v 52.412674 0.000000 94.425039
v 52.412674 0.000000 94.712519
v 52.412674 0.000000 95.000000
v 52.412674 0.000000 95.287481
v 52.412674 0.000000 95.574961
v 52.412674 0.000000 95.862442
v 52.125193 0.000000 96.149923
v 52.412674 0.000000 96.149923
v 52.125193 0.000000 96.437403
v 52.412674 0.000000 96.437403
v 52.125193 0.000000 96.724884
v 52.412674 0.000000 96.724884
v 52.412674 -20.000000 92.987635
v 52.412674 -19.090909 92.987635
v 52.700154 -20.000000 92.987635
v 52.700154 -20.000000 93.275116
v 52.700154 -19.090909 92.987635
v 52.700154 -20.000000 93.562597
v 52.700154 -20.000000 93.850077
v 52.700154 -20.000000 94.137558
v 52.700154 -20.000000 94.425039
v 52.700154 -20.000000 94.712519
v 52.700154 -20.000000 95.000000
v 52.700154 -20.000000 95.287481
v 52.700154 -20.000000 95.574961
v 52.700154 -20.000000 95.862442
v 52.700154 -20.000000 96.149923
v 52.700154 -20.000000 96.437403
v 52.700154 -20.000000 96.724884
v 52.412674 -19.090909 97.012365
v 52.412674 -20.000000 97.012365
v 52.700154 -20.000000 97.012365
v 52.700154 -19.090909 97.012365
v 52.412674 -18.181818 92.987635
v 52.700154 -18.181818 92.987635
v 52.412674 -18.181818 97.012365
v 52.700154 -18.181818 97.012365
v 52.412674 -17.272727 92.987635
v 52.700154 -17.272727 92.987635
v 52.412674 -17.272727 97.012365
v 52.700154 -17.272727 97.012365
v 52.412674 -16.363636 92.987635
v 52.700154 -16.363636 92.987635
v 52.412674 -16.363636 97.012365
v 52.700154 -16.363636 97.012365
v 52.412674 -15.454545 92.987635
v 52.700154 -15.454545 92.987635
v 52.412674 -15.454545 97.012365
v 52.700154 -15.454545 97.012365
v 52.412674 -14.545455 92.987635
v 52.700154 -14.545455 92.987635
v 52.412674 -14.545455 97.012365
v 52.700154 -14.545455 97.012365
v 52.412674 -13.636364 92.987635
v 52.700154 -13.636364 92.987635
v 52.412674 -13.636364 97.012365
v 52.700154 -13.636364 97.012365
v 52.412674 -12.727273 92.987635
v 52.700154 -12.727273 92.987635
v 52.412674 -12.727273 97.012365
v 52.700154 -12.727273 97.012365
v 52.412674 -11.818182 92.987635
v 52.700154 -11.818182 92.987635
v 52.412674 -11.818182 97.012365
v 52.700154 -11.818182 97.012365
v 52.412674 -10.909091 92.987635
v 52.700154 -10.909091 92.987635
v 52.412674 -10.909091 97.012365
v 52.700154 -10.909091 97.012365
v 52.412674 -10.000000 92.987635
v 52.700154 -10.000000 92.987635
v 52.412674 -10.000000 97.012365
v 52.700154 -10.000000 97.012365
v 52.412674 -9.090909 92.987635
v 52.700154 -9.090909 92.987635
v 52.412674 -9.090909 97.012365
v 52.700154 -9.090909 97.012365
v 52.412674 -8.181818 92.987635
v 52.700154 -8.181818 92.987635
v 52.412674 -8.181818 97.012365
v 52.700154 -8.181818 97.012365
v 52.412674 -7.272727 92.987635
v 52.700154 -7.272727 92.987635
v 52.412674 -7.272727 97.012365
v 52.700154 -7.272727 97.012365
v 52.412674 -6.363636 92.987635
v 52.700154 -6.363636 92.987635
v 52.412674 -6.363636 97.012365
v 52.700154 -6.363636 97.012365
v 52.412674 -5.454545 92.987635
v 52.700154 -5.454545 92.987635
v 52.412674 -5.454545 97.012365
v 52.700154 -5.454545 97.012365
v 52.412674 -4.545455 92.987635
v 52.700154 -4.545455 92.987635
v 52.412674 -4.545455 97.012365
v 52.700154 -4.545455 97.012365
v 52.412674 -3.636364 92.987635
v 52.700154 -3.636364 92.987635
v 52.412674 -3.636364 97.012365
v 52.700154 -3.636364 97.012365
v 52.412674 -2.727273 92.987635
v 52.700154 -2.727273 92.987635
v 52.412674 -2.727273 97.012365
v 52.700154 -2.727273 97.012365
v 52.412674 -1.818182 92.987635
v 52.700154 -1.818182 92.987635
v 52.412674 -1.818182 97.012365
v 52.700154 -1.818182 97.012365
v 52.412674 -0.909091 92.987635
v 52.700154 -0.909091 92.987635
v 52.412674 -0.909091 97.012365
v 52.700154 -0.909091 97.012365
v 52.412674 0.000000 92.987635
v 52.700154 0.000000 93.275116
v 52.700154 0.000000 92.987635
v 52.700154 0.000000 93.562597
v 52.700154 0.000000 93.850077
v 52.700154 0.000000 94.137558
v 52.700154 0.000000 94.425039
v 52.700154 0.000000 94.712519
v 52.700154 0.000000 95.000000
v 52.700154 0.000000 95.287481
v 52.700154 0.000000 95.574961
v 52.700154 0.000000 95.862442
v 52.700154 0.000000 96.149923
v 52.700154 0.000000 96.437403
v 52.700154 0.000000 96.724884
v 52.412674 0.000000 97.012365
v 52.700154 0.000000 97.012365
v 52.700154 -20.000000 92.700154
v 52.700154 -19.090909 92.700154
v 52.987635 -20.000000 92.700154
v 52.987635 -20.000000 92.987635
v 52.987635 -19.090909 92.700154
v 52.987635 -20.000000 93.275116
v 52.987635 -20.000000 93.562597
v 52.987635 -20.000000 93.850077
v 52.987635 -20.000000 94.137558
v 52.987635 -20.000000 94.425039
v 52.987635 -20.000000 94.712519
v 52.987635 -20.000000 95.000000
v 52.987635 -20.000000 95.287481
v 52.987635 -20.000000 95.574961
v 52.987635 -20.000000 95.862442
v 52.987635 -20.000000 96.149923
v 52.987635 -20.000000 96.437403
v 52.987635 -20.000000 96.724884
v 52.987635 -20.000000 97.012365
v 52.700154 -19.090909 97.299846
v 52.700154 -20.000000 97.299846
v 52.987635 -20.000000 97.299846
v 52.987635 -19.090909 97.299846
v 52.700154 -18.181818 92.700154
v 52.987635 -18.181818 92.700154
v 52.700154 -18.181818 97.299846
v 52.987635 -18.181818 97.299846
v 52.700154 -17.272727 92.700154
v 52.987635 -17.272727 92.700154
v 52.700154 -17.272727 97.299846
v 52.987635 -17.272727 97.299846
v 52.700154 -16.363636 92.700154
v 52.987635 -16.363636 92.700154
v 52.700154 -16.363636 97.299846
v 52.987635 -16.363636 97.299846
v 52.700154 -15.454545 92.700154
v 52.987635 -15.454545 92.700154
v 52.700154 -15.454545 97.299846
v 52.987635 -15.454545 97.299846
v 52.700154 -14.545455 92.700154
v 52.987635 -14.545455 92.700154
v 52.700154 -14.545455 97.299846
v 52.987635 -14.545455 97.299846
v 52.700154 -13.636364 92.700154
v 52.987635 -13.636364 92.700154
v 52.700154 -13.636364 97.299846
v 52.987635 -13.636364 97.299846
v 52.700154 -12.727273 92.700154
v 52.987635 -12.727273 92.700154
v 52.700154 -12.727273 97.299846
v 52.987635 -12.727273 97.299846
v 52.700154 -11.818182 92.700154
v 52.987635 -11.818182 92.700154
v 52.700154 -11.818182 97.299846
v 52.987635 -11.818182 97.299846
v 52.700154 -10.909091 92.700154
v 52.987635 -10.909091 92.700154
v 52.700154 -10.909091 97.299846
v 52.987635 -10.909091 97.299846
v 52.700154 -10.000000 92.700154
v 52.987635 -10.000000 92.700154
v 52.700154 -10.000000 97.299846
v 52.987635 -10.000000 97.299846
v 52.700154 -9.090909 92.700154
v 52.987635 -9.090909 92.700154
v 52.700154 -9.090909 97.299846
v 52.987635 -9.090909 97.299846
v 52.700154 -8.181818 92.700154
v 52.987635 -8.181818 92.700154
v 52.700154 -8.181818 97.299846
v 52.987635 -8.181818 97.299846
v 52.700154 -7.272727 92.700154
v 52.987635 -7.272727 92.700154
v 52.700154 -7.272727 97.299846
v 52.987635 -7.272727 97.299846
v 52.700154 -6.363636 92.700154
v 52.987635 -6.363636 92.700154
v 52.700154 -6.363636 97.299846
v 52.987635 -6.363636 97.299846
v 52.700154 -5.454545 92.700154
v 52.987635 -5.454545 92.700154
v 52.700154 -5.454545 97.299846
v 52.987635 -5.454545 97.299846
v 52.700154 -4.545455 92.700154
v 52.987635 -4.545455 92.700154
v 52.700154 -4.545455 97.299846
v 52.987635 -4.545455 97.299846
v 52.700154 -3.636364 92.700154
v 52.987635 -3.636364 92.700154
v 52.700154 -3.636364 97.299846
v 52.987635 -3.636364 97.299846
v 52.700154 -2.727273 92.700154
v 52.987635 -2.727273 92.700154
v 52.700154 -2.727273 97.299846
v 52.987635 -2.727273 97.299846
v 52.700154 -1.818182 92.700154
v 52.987635 -1.818182 92.700154
v 52.700154 -1.818182 97.299846
v 52.987635 -1.818182 97.299846
v 52.700154 -0.909091 92.700154
v 52.987635 -0.909091 92.700154
v 52.700154 -0.909091 97.299846
v 52.987635 -0.909091 97.299846
v 52.700154 0.000000 92.700154
v 52.987635 0.000000 92.987635
v 52.987635 0.000000 92.700154
v 52.987635 0.000000 93.275116
v 52.987635 0.000000 93.562597
v 52.987635 0.000000 93.850077
v 52.987635 0.000000 94.137558
v 52.987635 0.000000 94.425039
v 52.987635 0.000000 94.712519
v 52.987635 0.000000 95.000000
v 52.987635 0.000000 95.287481
v 52.987635 0.000000 95.574961
v 52.987635 0.000000 95.862442
v 52.987635 0.000000 96.149923
v 52.987635 0.000000 96.437403
v 52.987635 0.000000 96.724884
v 52.987635 0.000000 97.012365
v 52.700154 0.000000 97.299846
v 52.987635 0.000000 97.299846
v 52.987635 -20.000000 92.412674
v 52.987635 -19.090909 92.412674
v 53.275116 -20.000000 92.412674
v 53.275116 -20.000000 92.700154
v 53.275116 -19.090909 92.412674
v 53.275116 -20.000000 92.987635
v 53.275116 -20.000000 93.275116
v 53.275116 -20.000000 93.562597
v 53.275116 -20.000000 93.850077
v 53.275116 -20.000000 94.137558
v 53.275116 -20.000000 94.425039
v 53.275116 -20.000000 94.712519
v 53.275116 -20.000000 95.000000
v 53.275116 -20.000000 95.287481
v 53.275116 -20.000000 95.574961
v 53.275116 -20.000000 95.862442
v 53.275116 -20.000000 96.149923
v 53.275116 -20.000000 96.437403
v 53.275116 -20.000000 96.724884
v 53.275116 -20.000000 97.012365
v 53.275116 -20.000000 97.299846
v 52.987635 -19.090909 97.587326
v 52.987635 -20.000000 97.587326
v 53.275116 -20.000000 97.587326
v 53.275116 -19.090909 97.587326
v 52.987635 -18.181818 92.412674
v 53.275116 -18.181818 92.412674
v 52.987635 -18.181818 97.587326
v 53.275116 -18.181818 97.587326
v 52.987635 -17.272727 92.412674
v 53.275116 -17.272727 92.412674
v 52.987635 -17.272727 97.587326
v 53.275116 -17.272727 97.587326
v 52.987635 -16.363636 92.412674
v 53.275116 -16.363636 92.412674
v 52.987635 -16.363636 97.587326
v 53.275116 -16.363636 97.587326
v 52.987635 -15.454545 92.412674
v 53.275116 -15.454545 92.412674
v 52.987635 -15.454545 97.587326
v 53.275116 -15.454545 97.587326
v 52.987635 -14.545455 92.412674
v 53.275116 -14.545455 92.412674
v 52.987635 -14.545455 97.587326
v 53.275116 -14.545455 97.587326
v 52.987635 -13.636364 92.412674
v 53.275116 -13.636364 92.412674
v 52.987635 -13.636364 97.587326
v 53.275116 -13.636364 97.587326
v 52.987635 -12.727273 92.412674
v 53.275116 -12.727273 92.412674
v 52.987635 -12.727273 97.587326
v 53.275116 -12.727273 97.587326
v 52.987635 -11.818182 92.412674
v 53.275116 -11.818182 92.412674
v 52.987635 -11.818182 97.587326
v 53.275116 -11.818182 97.587326
v 52.987635 -10.909091 92.412674
v 53.275116 -10.909091 92.412674
v 52.987635 -10.909091 97.587326
v 53.275116 -10.909091 97.587326
v 52.987635 -10.000000 92.412674
v 53.275116 -10.000000 92.412674
v 52.987635 -10.000000 97.587326
v 53.275116 -10.000000 97.587326
v 52.987635 -9.090909 92.412674
v 53.275116 -9.090909 92.412674
v 52.987635 -9.090909 97.587326
v 53.275116 -9.090909 97.587326
v 52.987635 -8.181818 92.412674
v 53.275116 -8.181818 92.412674
v 52.987635 -8.181818 97.587326
v 53.275116 -8.181818 97.587326
v 52.987635 -7.272727 92.412674
v 53.275116 -7.272727 92.412674
v 52.987635 -7.272727 97.587326
v 53.275116 -7.272727 97.587326
v 52.987635 -6.363636 92.412674
v 53.275116 -6.363636 92.412674
v 52.987635 -6.363636 97.587326
v 53.275116 -6.363636 97.587326
v 52.987635 -5.454545 92.412674
v 53.275116 -5.454545 92.412674
v 52.987635 -5.454545 97.587326
v 53.275116 -5.454545 97.587326
v 52.987635 -4.545455 92.412674
v 53.275116 -4.545455 92.412674
v 52.987635 -4.545455 97.587326
v 53.275116 -4.545455 97.587326
v 52.987635 -3.636364 92.412674
v 53.275116 -3.636364 92.412674
v 52.987635 -3.636364 97.587326
v 53.275116 -3.636364 97.587326
v 52.987635 -2.727273 92.412674
v 53.275116 -2.727273 92.412674
v 52.987635 -2.727273 97.587326
v 53.275116 -2.727273 97.587326
v 52.987635 -1.818182 92.412674
v 53.275116 -1.818182 92.412674
v 52.987635 -1.818182 97.587326
v 53.275116 -1.818182 97.587326
v 52.987635 -0.909091 92.412674
v 53.275116 -0.909091 92.412674
v 52.987635 -0.909091 97.587326
v 53.275116 -0.909091 97.587326
v 52.987635 0.000000 92.412674
v 53.275116 0.000000 92.700154
v 53.275116 0.000000 92.412674
v 53.275116 0.000000 92.987635
v 53.275116 0.000000 93.275116
v 53.275116 0.000000 93.562597
v 53.275116 0.000000 93.850077
v 53.275116 0.000000 94.137558
v 53.275116 0.000000 94.425039
v 53.275116 0.000000 94.712519
v 53.275116 0.000000 95.000000
v 53.275116 0.000000 95.287481
v 53.275116 0.000000 95.574961
v 53.275116 0.000000 95.862442
v 53.275116 0.000000 96.149923
v 53.275116 0.000000 96.437403
v 53.275116 0.000000 96.724884
v 53.275116 0.000000 97.012365
v 53.275116 0.000000 97.299846
v 52.987635 0.000000 97.587326
v 53.275116 0.000000 97.587326
v 53.275116 -20.000000 92.125193
v 53.275116 -19.090909 92.125193
v 53.562597 -20.000000 92.125193
v 53.562597 -20.000000 92.412674
v 53.562597 -19.090909 92.125193
v 53.562597 -20.000000 92.700154
v 53.562597 -20.000000 92.987635
v 53.562597 -20.000000 93.275116
v 53.562597 -20.000000 93.562597
v 53.562597 -20.000000 93.850077
v 53.562597 -20.000000 94.137558
v 53.562597 -20.000000 94.425039
v 53.562597 -20.000000 94.712519
v 53.562597 -20.000000 95.000000
v 53.562597 -20.000000 95.287481
v 53.562597 -20.000000 95.574961
v 53.562597 -20.000000 95.862442
v 53.562597 -20.000000 96.149923
v 53.562597 -20.000000 96.437403
v 53.562597 -20.000000 96.724884
v 53.562597 -20.000000 97.012365
v 53.562597 -20.000000 97.299846
v 53.562597 -20.000000 97.587326
v 53.275116 -19.090909 97.874807
v 53.275116 -20.000000 97.874807
v 53.562597 -20.000000 97.874807
v 53.562597 -19.090909 97.874807
v 53.275116 -18.181818 92.125193
v 53.562597 -18.181818 92.125193
v 53.275116 -18.181818 97.874807
v 53.562597 -18.181818 97.874807
v 53.275116 -17.272727 92.125193
v 53.562597 -17.272727 92.125193
v 53.275116 -17.272727 97.874807
v 53.562597 -17.272727 97.874807
v 53.275116 -16.363636 92.125193
v 53.562597 -16.363636 92.125193
v 53.275116 -16.363636 97.874807
v 53.562597 -16.363636 97.874807
v 53.275116 -15.454545 92.125193
v 53.562597 -15.454545 92.125193
v 53.275116 -15.454545 97.874807
v 53.562597 -15.454545 97.874807
v 53.275116 -14.545455 92.125193
v 53.562597 -14.545455 92.125193
v 53.275116 -14.545455 97.874807
v 53.562597 -14.545455 97.874807
v 53.275116 -13.636364 92.125193
v 53.562597 -13.636364 92.125193
v 53.275116 -13.636364 97.874807
v 53.562597 -13.636364 97.874807
v 53.275116 -12.727273 92.125193
v 53.562597 -12.727273 92.125193
v 53.275116 -12.727273 97.874807
v 53.562597 -12.727273 97.874807
v 53.275116 -11.818182 92.125193
v 53.562597 -11.818182 92.125193
v 53.275116 -11.818182 97.874807
v 53.562597 -11.818182 97.874807
v 53.275116 -10.909091 92.125193
v 53.562597 -10.909091 92.125193
v 53.275116 -10.909091 97.874807
v 53.562597 -10.909091 97.874807
v 53.275116 -10.000000 92.125193
v 53.562597 -10.000000 92.125193
v 53.275116 -10.000000 97.874807
v 53.562597 -10.000000 97.874807
v 53.275116 -9.090909 92.125193
v 53.562597 -9.090909 92.125193
v 53.275116 -9.090909 97.874807
v 53.562597 -9.090909 97.874807
v 53.275116 -8.181818 92.125193
v 53.562597 -8.181818 92.125193
v 53.275116 -8.181818 97.874807
v 53.562597 -8.181818 97.874807
v 53.275116 -7.272727 92.125193
v 53.562597 -7.272727 92.125193
v 53.275116 -7.272727 97.874807
v 53.562597 -7.272727 97.874807
v 53.275116 -6.363636 92.125193
v 53.562597 -6.363636 92.125193
v 53.275116 -6.363636 97.874807
v 53.562597 -6.363636 97.874807
v 53.275116 -5.454545 92.125193
v 53.562597 -5.454545 92.125193
v 53.275116 -5.454545 97.874807
v 53.562597 -5.454545 97.874807
v 53.275116 -4.545455 92.125193
v 53.562597 -4.545455 92.125193
v 53.275116 -4.545455 97.874807
v 53.562597 -4.545455 97.874807
v 53.275116 -3.636364 92.125193
v 53.562597 -3.636364 92.125193
v 53.275116 -3.636364 97.874807
v 53.562597 -3.636364 97.874807
v 53.275116 -2.727273 92.125193
v 53.562597 -2.727273 92.125193
v 53.275116 -2.727273 97.874807
v 53.562597 -2.727273 97.874807
v 53.275116 -1.818182 92.125193
v 53.562597 -1.818182 92.125193
v 53.275116 -1.818182 97.874807
v 53.562597 -1.818182 97.874807
v 53.275116 -0.909091 92.125193
v 53.562597 -0.909091 92.125193
v 53.275116 -0.909091 97.874807
v 53.562597 -0.909091 97.874807
v 53.275116 0.000000 92.125193
v 53.562597 0.000000 92.412674
v 53.562597 0.000000 92.125193
v 53.562597 0.000000 92.700154
v 53.562597 0.000000 92.987635
v 53.562597 0.000000 93.275116
v 53.562597 0.000000 93.562597
v 53.562597 0.000000 93.850077
v 53.562597 0.000000 94.137558
v 53.562597 0.000000 94.425039
v 53.562597 0.000000 94.712519
v 53.562597 0.000000 95.000000
v 53.562597 0.000000 95.287481
v 53.562597 0.000000 95.574961
v 53.562597 0.000000 95.862442
v 53.562597 0.000000 96.149923
v 53.562597 0.000000 96.437403
v 53.562597 0.000000 96.724884
v 53.562597 0.000000 97.012365
v 53.562597 0.000000 97.299846
v 53.562597 0.000000 97.587326
v 53.275116 0.000000 97.874807
v 53.562597 0.000000 97.874807
v 53.850077 -20.000000 92.125193
v 53.850077 -20.000000 92.412674
v 53.850077 -19.090909 92.125193
v 53.850077 -20.000000 92.700154
v 53.850077 -20.000000 92.987635
v 53.850077 -20.000000 93.275116
v 53.850077 -20.000000 93.562597
v 53.850077 -20.000000 93.850077
v 53.850077 -20.000000 94.137558
v 53.850077 -20.000000 94.425039
v 53.850077 -20.000000 94.712519
v 53.850077 -20.000000 95.000000
v 53.850077 -20.000000 95.287481
v 53.850077 -20.000000 95.574961
v 53.850077 -20.000000 95.862442
v 53.850077 -20.000000 96.149923
v 53.850077 -20.000000 96.437403
v 53.850077 -20.000000 96.724884
v 53.850077 -20.000000 97.012365
v 53.850077 -20.000000 97.299846
v 53.850077 -20.000000 97.587326
v 53.850077 -20.000000 97.874807
v 53.850077 -19.090909 97.874807
v 53.850077 -18.181818 92.125193
v 53.850077 -18.181818 97.874807
v 53.850077 -17.272727 92.125193
v 53.850077 -17.272727 97.874807
v 53.850077 -16.363636 92.125193
v 53.850077 -16.363636 97.874807
v 53.850077 -15.454545 92.125193
v 53.850077 -15.454545 97.874807
v 53.850077 -14.545455 92.125193
v 53.850077 -14.545455 97.874807
v 53.850077 -13.636364 92.125193
v 53.850077 -13.636364 97.874807
v 53.850077 -12.727273 92.125193
v 53.850077 -12.727273 97.874807
v 53.850077 -11.818182 92.125193
v 53.850077 -11.818182 97.874807
v 53.850077 -10.909091 92.125193
v 53.850077 -10.909091 97.874807
v 53.850077 -10.000000 92.125193
v 53.850077 -10.000000 97.874807
v 53.850077 -9.090909 92.125193
v 53.850077 -9.090909 97.874807
v 53.850077 -8.181818 92.125193
v 53.850077 -8.181818 97.874807
v 53.850077 -7.272727 92.125193
v 53.850077 -7.272727 97.874807
v 53.850077 -6.363636 92.125193
v 53.850077 -6.363636 97.874807
v 53.850077 -5.454545 92.125193
v 53.850077 -5.454545 97.874807
v 53.850077 -4.545455 92.125193
v 53.850077 -4.545455 97.874807
v 53.850077 -3.636364 92.125193
v 53.850077 -3.636364 97.874807
v 53.850077 -2.727273 92.125193
v 53.850077 -2.727273 97.874807
v 53.850077 -1.818182 92.125193
v 53.850077 -1.818182 97.874807
v 53.850077 -0.909091 92.125193
v 53.850077 -0.909091 97.874807
v 53.850077 0.000000 92.412674
v 53.850077 0.000000 92.125193
v 53.850077 0.000000 92.700154
v 53.850077 0.000000 92.987635
v 53.850077 0.000000 93.275116
v 53.850077 0.000000 93.562597
v 53.850077 0.000000 93.850077
v 53.850077 0.000000 94.137558
v 53.850077 0.000000 94.425039
v 53.850077 0.000000 94.712519
v 53.850077 0.000000 95.000000
v 53.850077 0.000000 95.287481
v 53.850077 0.000000 95.574961
v 53.850077 0.000000 95.862442
v 53.850077 0.000000 96.149923
v 53.850077 0.000000 96.437403
v 53.850077 0.000000 96.724884
v 53.850077 0.000000 97.012365
v 53.850077 0.000000 97.299846
v 53.850077 0.000000 97.587326
v 53.850077 0.000000 97.874807
v 54.137558 -20.000000 92.125193
v 54.137558 -20.000000 92.412674
v 54.137558 -19.090909 92.125193
v 54.137558 -20.000000 92.700154
v 54.137558 -20.000000 92.987635
v 54.137558 -20.000000 93.275116
v 54.137558 -20.000000 93.562597
v 54.137558 -20.000000 93.850077
v 54.137558 -20.000000 94.137558
v 54.137558 -20.000000 94.425039
v 54.137558 -20.000000 94.712519
v 54.137558 -20.000000 95.000000
v 54.137558 -20.000000 95.287481
v 54.137558 -20.000000 95.574961
v 54.137558 -20.000000 95.862442
v 54.137558 -20.000000 96.149923
v 54.137558 -20.000000 96.437403
v 54.137558 -20.000000 96.724884
v 54.137558 -20.000000 97.012365
v 54.137558 -20.000000 97.299846
v 54.137558 -20.000000 97.587326
v 54.137558 -20.000000 97.874807
v 54.137558 -19.090909 97.874807
v 54.137558 -18.181818 92.125193
v 54.137558 -18.181818 97.874807
v 54.137558 -17.272727 92.125193
v 54.137558 -17.272727 97.874807
v 54.137558 -16.363636 92.125193
v 54.137558 -16.363636 97.874807
v 54.137558 -15.454545 92.125193
v 54.137558 -15.454545 97.874807
v 54.137558 -14.545455 92.125193
v 54.137558 -14.545455 97.874807
v 54.137558 -13.636364 92.125193
v 54.137558 -13.636364 97.874807
v 54.137558 -12.727273 92.125193
v 54.137558 -12.727273 97.874807
v 54.137558 -11.818182 92.125193
v 54.137558 -11.818182 97.874807
v 54.137558 -10.909091 92.125193
v 54.137558 -10.909091 97.874807
v 54.137558 -10.000000 92.125193
v 54.137558 -10.000000 97.874807
v 54.137558 -9.090909 92.125193
v 54.137558 -9.090909 97.874807
v 54.137558 -8.181818 92.125193
v 54.137558 -8.181818 97.874807
v 54.137558 -7.272727 92.125193
v 54.137558 -7.272727 97.874807
v 54.137558 -6.363636 92.125193
v 54.137558 -6.363636 97.874807
v 54.137558 -5.454545 92.125193
v 54.137558 -5.454545 97.874807
v 54.137558 -4.545455 92.125193
v 54.137558 -4.545455 97.874807
v 54.137558 -3.636364 92.125193
v 54.137558 -3.636364 97.874807
v 54.137558 -2.727273 92.125193
v 54.137558 -2.727273 97.874807
v 54.137558 -1.818182 92.125193
v 54.137558 -1.818182 97.874807
v 54.137558 -0.909091 92.125193
v 54.137558 -0.909091 97.874807
v 54.137558 0.000000 92.412674
v 54.137558 0.000000 92.125193
v 54.137558 0.000000 92.700154
v 54.137558 0.000000 92.987635
v 54.137558 0.000000 93.275116
v 54.137558 0.000000 93.562597
v 54.137558 0.000000 93.850077
v 54.137558 0.000000 94.137558
v 54.137558 0.000000 94.425039
v 54.137558 0.000000 94.712519
v 54.137558 0.000000 95.000000
v 54.137558 0.000000 95.287481
v 54.137558 0.000000 95.574961
v 54.137558 0.000000 95.862442
v 54.137558 0.000000 96.149923
v 54.137558 0.000000 96.437403
v 54.137558 0.000000 96.724884
v 54.137558 0.000000 97.012365
v 54.137558 0.000000 97.299846
v 54.137558 0.000000 97.587326
v 54.137558 0.000000 97.874807
v 54.137558 -20.000000 91.837712
v 54.137558 -19.090909 91.837712
v 54.425039 -20.000000 91.837712
v 54.425039 -20.000000 92.125193
v 54.425039 -19.090909 91.837712
v 54.425039 -20.000000 92.412674
v 54.425039 -20.000000 92.700154
v 54.425039 -20.000000 92.987635
v 54.425039 -20.000000 93.275116
v 54.425039 -20.000000 93.562597
v 54.425039 -20.000000 93.850077
v 54.425039 -20.000000 94.137558
v 54.425039 -20.000000 94.425039
v 54.425039 -20.000000 94.712519
v 54.425039 -20.000000 95.000000
v 54.425039 -20.000000 95.287481
v 54.425039 -20.000000 95.574961
v 54.425039 -20.000000 95.862442
v 54.425039 -20.000000 96.149923
v 54.425039 -20.000000 96.437403
v 54.425039 -20.000000 96.724884
v 54.425039 -20.000000 97.012365
v 54.425039 -20.000000 97.299846
v 54.425039 -20.000000 97.587326
v 54.425039 -20.000000 97.874807
v 54.137558 -19.090909 98.162288
v 54.137558 -20.000000 98.162288
v 54.425039 -20.000000 98.162288
v 54.425039 -19.090909 98.162288
v 54.137558 -18.181818 91.837712
v 54.425039 -18.181818 91.837712
v 54.137558 -18.181818 98.162288
v 54.425039 -18.181818 98.162288
v 54.137558 -17.272727 91.837712
v 54.425039 -17.272727 91.837712
v 54.137558 -17.272727 98.162288
v 54.425039 -17.272727 98.162288
v 54.137558 -16.363636 91.837712
v 54.425039 -16.363636 91.837712
v 54.137558 -16.363636 98.162288
v 54.425039 -16.363636 98.162288
v 54.137558 -15.454545 91.837712
v 54.425039 -15.454545 91.837712
v 54.137558 -15.454545 98.162288
v 54.425039 -15.454545 98.162288
v 54.137558 -14.545455 91.837712
v 54.425039 -14.545455 91.837712
v 54.137558 -14.545455 98.162288
v 54.425039 -14.545455 98.162288
v 54.137558 -13.636364 91.837712
v 54.425039 -13.636364 91.837712
v 54.137558 -13.636364 98.162288
v 54.425039 -13.636364 98.162288
v 54.137558 -12.727273 91.837712
v 54.425039 -12.727273 91.837712
v 54.137558 -12.727273 98.162288
v 54.425039 -12.727273 98.162288
v 54.137558 -11.818182 91.837712
v 54.425039 -11.818182 91.837712
v 54.137558 -11.818182 98.162288
v 54.425039 -11.818182 98.162288
v 54.137558 -10.909091 91.837712
v 54.425039 -10.909091 91.837712
v 54.137558 -10.909091 98.162288
v 54.425039 -10.909091 98.162288
v 54.137558 -10.000000 91.837712
v 54.425039 -10.000000 91.837712
v 54.137558 -10.000000 98.162288
v 54.425039 -10.000000 98.162288
v 54.137558 -9.090909 91.837712
v 54.425039 -9.090909 91.837712
v 54.137558 -9.090909 98.162288
v 54.425039 -9.090909 98.162288
v 54.137558 -8.181818 91.837712
v 54.425039 -8.181818 91.837712
v 54.137558 -8.181818 98.162288
v 54.425039 -8.181818 98.162288
v 54.137558 -7.272727 91.837712
v 54.425039 -7.272727 91.837712
v 54.137558 -7.272727 98.162288
v 54.425039 -7.272727 98.162288
v 54.137558 -6.363636 91.837712
v 54.425039 -6.363636 91.837712
v 54.137558 -6.363636 98.162288
v 54.425039 -6.363636 98.162288
v 54.137558 -5.454545 91.837712
v 54.425039 -5.454545 91.837712
v 54.137558 -5.454545 98.162288
v 54.425039 -5.454545 98.162288
v 54.137558 -4.545455 91.837712
v 54.425039 -4.545455 91.837712
v 54.137558 -4.545455 98.162288
v 54.425039 -4.545455 98.162288
v 54.137558 -3.636364 91.837712
v 54.425039 -3.636364 91.837712
v 54.137558 -3.636364 98.162288
v 54.425039 -3.636364 98.162288
v 54.137558 -2.727273 91.837712
v 54.425039 -2.727273 91.837712
v 54.137558 -2.727273 98.162288
v 54.425039 -2.727273 98.162288
v 54.137558 -1.818182 91.837712
v 54.425039 -1.818182 91.837712
v 54.137558 -1.818182 98.162288
v 54.425039 -1.818182 98.162288
v 54.137558 -0.909091 91.837712
v 54.425039 -0.909091 91.837712
v 54.137558 -0.909091 98.162288
v 54.425039 -0.909091 98.162288
v 54.137558 0.000000 91.837712
v 54.425039 0.000000 92.125193
v 54.425039 0.000000 91.837712
v 54.425039 0.000000 92.412674
v 54.425039 0.000000 92.700154
v 54.425039 0.000000 92.987635
v 54.425039 0.000000 93.275116
v 54.425039 0.000000 93.562597
v 54.425039 0.000000 93.850077
v 54.425039 0.000000 94.137558
v 54.425039 0.000000 94.425039
v 54.425039 0.000000 94.712519
v 54.425039 0.000000 95.000000
v 54.425039 0.000000 95.287481
v 54.425039 0.000000 95.574961
v 54.425039 0.000000 95.862442
v 54.425039 0.000000 96.149923
v 54.425039 0.000000 96.437403
v 54.425039 0.000000 96.724884
v 54.425039 0.000000 97.012365
v 54.425039 0.000000 97.299846
v 54.425039 0.000000 97.587326
v 54.425039 0.000000 97.874807
v 54.137558 0.000000 98.162288
v 54.425039 0.000000 98.162288
v 54.712519 -20.000000 91.837712
v 54.712519 -20.000000 92.125193
v 54.712519 -19.090909 91.837712
v 54.712519 -20.000000 92.412674
v 54.712519 -20.000000 92.700154
v 54.712519 -20.000000 92.987635
v 54.712519 -20.000000 93.275116
v 54.712519 -20.000000 93.562597
v 54.712519 -20.000000 93.850077
v 54.712519 -20.000000 94.137558
v 54.712519 -20.000000 94.425039
v 54.712519 -20.000000 94.712519
v 54.712519 -20.000000 95.000000
v 54.712519 -20.000000 95.287481
v 54.712519 -20.000000 95.574961
v 54.712519 -20.000000 95.862442
v 54.712519 -20.000000 96.149923
v 54.712519 -20.000000 96.437403
v 54.712519 -20.000000 96.724884
v 54.712519 -20.000000 97.012365
v 54.712519 -20.000000 97.299846
v 54.712519 -20.000000 97.587326
v 54.712519 -20.000000 97.874807
v 54.712519 -20.000000 98.162288
v 54.712519 -19.090909 98.162288
v 54.712519 -18.181818 91.837712
v 54.712519 -18.181818 98.162288
v 54.712519 -17.272727 91.837712
v 54.712519 -17.272727 98.162288
v 54.712519 -16.363636 91.837712
v 54.712519 -16.363636 98.162288
v 54.712519 -15.454545 91.837712
v 54.712519 -15.454545 98.162288
v 54.712519 -14.545455 91.837712
v 54.712519 -14.545455 98.162288
v 54.712519 -13.636364 91.837712
v 54.712519 -13.636364 98.162288
v 54.712519 -12.727273 91.837712
v 54.712519 -12.727273 98.162288
v 54.712519 -11.818182 91.837712
v 54.712519 -11.818182 98.162288
v 54.712519 -10.909091 91.837712
v 54.712519 -10.909091 98.162288
v 54.712519 -10.000000 91.837712
v 54.712519 -10.000000 98.162288
v 54.712519 -9.090909 91.837712
v 54.712519 -9.090909 98.162288
v 54.712519 -8.181818 91.837712
v 54.712519 -8.181818 98.162288
v 54.712519 -7.272727 91.837712
v 54.712519 -7.272727 98.162288
v 54.712519 -6.363636 91.837712
v 54.712519 -6.363636 98.162288
v 54.712519 -5.454545 91.837712
v 54.712519 -5.454545 98.162288
v 54.712519 -4.545455 91.837712
v 54.712519 -4.545455 98.162288
v 54.712519 -3.636364 91.837712
v 54.712519 -3.636364 98.162288
v 54.712519 -2.727273 91.837712
v 54.712519 -2.727273 98.162288
v 54.712519 -1.818182 91.837712
v 54.712519 -1.818182 98.162288
v 54.712519 -0.909091 91.837712
v 54.712519 -0.909091 98.162288
v 54.712519 0.000000 92.125193
v 54.712519 0.000000 91.837712
v 54.712519 0.000000 92.412674
v 54.712519 0.000000 92.700154
v 54.712519 0.000000 92.987635
v 54.712519 0.000000 93.275116
v 54.712519 0.000000 93.562597
v 54.712519 0.000000 93.850077
v 54.712519 0.000000 94.137558
v 54.712519 0.000000 94.425039
v 54.712519 0.000000 94.712519
v 54.712519 0.000000 95.000000
v 54.712519 0.000000 95.287481
v 54.712519 0.000000 95.574961
v 54.712519 0.000000 95.862442
v 54.712519 0.000000 96.149923
v 54.712519 0.000000 96.437403
v 54.712519 0.000000 96.724884
v 54.712519 0.000000 97.012365
v 54.712519 0.000000 97.299846
v 54.712519 0.000000 97.587326
v 54.712519 0.000000 97.874807
v 54.712519 0.000000 98.162288
v 55.000000 -20.000000 91.837712
v 55.000000 -20.000000 92.125193
v 55.000000 -19.090909 91.837712
v 55.000000 -20.000000 92.412674
v 55.000000 -20.000000 92.700154
v 55.000000 -20.000000 92.987635
v 55.000000 -20.000000 93.275116
v 55.000000 -20.000000 93.562597
v 55.000000 -20.000000 93.850077
v 55.000000 -20.000000 94.137558
v 55.000000 -20.000000 94.425039
v 55.000000 -20.000000 94.712519
v 55.000000 -20.000000 95.000000
v 55.000000 -20.000000 95.287481
v 55.000000 -20.000000 95.574961
v 55.000000 -20.000000 95.862442
v 55.000000 -20.000000 96.149923
v 55.000000 -20.000000 96.437403
v 55.000000 -20.000000 96.724884
v 55.000000 -20.000000 97.012365
v 55.000000 -20.000000 97.299846
v 55.000000 -20.000000 97.587326
v 55.000000 -20.000000 97.874807
v 55.000000 -20.000000 98.162288
v 55.000000 -19.090909 98.162288
v 55.000000 -18.181818 91.837712
v 55.000000 -18.181818 98.162288
v 55.000000 -17.272727 91.837712
v 55.000000 -17.272727 98.162288
v 55.000000 -16.363636 91.837712
v 55.000000 -16.363636 98.162288
v 55.000000 -15.454545 91.837712
v 55.000000 -15.454545 98.162288
v 55.000000 -14.545455 91.837712
v 55.000000 -14.545455 98.162288
v 55.000000 -13.636364 91.837712
v 55.000000 -13.636364 98.162288
v 55.000000 -12.727273 91.837712
v 55.000000 -12.727273 98.162288
v 55.000000 -11.818182 91.837712
v 55.000000 -11.818182 98.162288
v 55.000000 -10.909091 91.837712
v 55.000000 -10.909091 98.162288
v 55.000000 -10.000000 91.837712
v 55.000000 -10.000000 98.162288
v 55.000000 -9.090909 91.837712
v 55.000000 -9.090909 98.162288
v 55.000000 -8.181818 91.837712
v 55.000000 -8.181818 98.162288
v 55.000000 -7.272727 91.837712
v 55.000000 -7.272727 98.162288
v 55.000000 -6.363636 91.837712
v 55.000000 -6.363636 98.162288
v 55.000000 -5.454545 91.837712
v 55.000000 -5.454545 98.162288
v 55.000000 -4.545455 91.837712
v 55.000000 -4.545455 98.162288
v 55.000000 -3.636364 91.837712
v 55.000000 -3.636364 98.162288
v 55.000000 -2.727273 91.837712
v 55.000000 -2.727273 98.162288
v 55.000000 -1.818182 91.837712
v 55.000000 -1.818182 98.162288
v 55.000000 -0.909091 91.837712
v 55.000000 -0.909091 98.162288
v 55.000000 0.000000 92.125193
v 55.000000 0.000000 91.837712
v 55.000000 0.000000 92.412674
v 55.000000 0.000000 92.700154
v 55.000000 0.000000 92.987635
v 55.000000 0.000000 93.275116
v 55.000000 0.000000 93.562597
v 55.000000 0.000000 93.850077
v 55.000000 0.000000 94.137558
v 55.000000 0.000000 94.425039
v 55.000000 0.000000 94.712519
v 55.000000 0.000000 95.000000
v 55.000000 0.000000 95.287481
v 55.000000 0.000000 95.574961
v 55.000000 0.000000 95.862442
v 55.000000 0.000000 96.149923
v 55.000000 0.000000 96.437403
v 55.000000 0.000000 96.724884
v 55.000000 0.000000 97.012365
v 55.000000 0.000000 97.299846
v 55.000000 0.000000 97.587326
v 55.000000 0.000000 97.874807
v 55.000000 0.000000 98.162288
v 55.287481 -20.000000 91.837712
v 55.287481 -20.000000 92.125193
v 55.287481 -19.090909 91.837712
v 55.287481 -20.000000 92.412674
v 55.287481 -20.000000 92.700154
v 55.287481 -20.000000 92.987635
v 55.287481 -20.000000 93.275116
v 55.287481 -20.000000 93.562597
v 55.287481 -20.000000 93.850077
v 55.287481 -20.000000 94.137558
v 55.287481 -20.000000 94.425039
v 55.287481 -20.000000 94.712519
v 55.287481 -20.000000 95.000000
v 55.287481 -20.000000 95.287481
v 55.287481 -20.000000 95.574961
v 55.287481 -20.000000 95.862442
v 55.287481 -20.000000 96.149923
v 55.287481 -20.000000 96.437403
v 55.287481 -20.000000 96.724884
v 55.287481 -20.000000 97.012365
v 55.287481 -20.000000 97.299846
v 55.287481 -20.000000 97.587326
v 55.287481 -20.000000 97.874807
v 55.287481 -20.000000 98.162288
v 55.287481 -19.090909 98.162288
v 55.287481 -18.181818 91.837712
v 55.287481 -18.181818 98.162288
v 55.287481 -17.272727 91.837712
v 55.287481 -17.272727 98.162288
v 55.287481 -16.363636 91.837712
v 55.287481 -16.363636 98.162288
v 55.287481 -15.454545 91.837712
v 55.287481 -15.454545 98.162288
v 55.287481 -14.545455 91.837712
v 55.287481 -14.545455 98.162288
v 55.287481 -13.636364 91.837712
v 55.287481 -13.636364 98.162288
v 55.287481 -12.727273 91.837712
v 55.287481 -12.727273 98.162288
v 55.287481 -11.818182 91.837712
v 55.287481 -11.818182 98.162288
v 55.287481 -10.909091 91.837712
v 55.287481 -10.909091 98.162288
v 55.287481 -10.000000 91.837712
v 55.287481 -10.000000 98.162288
v 55.287481 -9.090909 91.837712
v 55.287481 -9.090909 98.162288
v 55.287481 -8.181818 91.837712
v 55.287481 -8.181818 98.162288
v 55.287481 -7.272727 91.837712
v 55.287481 -7.272727 98.162288
v 55.287481 -6.363636 91.837712
v 55.287481 -6.363636 98.162288
v 55.287481 -5.454545 91.837712
v 55.287481 -5.454545 98.162288
v 55.287481 -4.545455 91.837712
v 55.287481 -4.545455 98.162288
v 55.287481 -3.636364 91.837712
v 55.287481 -3.636364 98.162288
v 55.287481 -2.727273 91.837712
v 55.287481 -2.727273 98.162288
v 55.287481 -1.818182 91.837712
v 55.287481 -1.818182 98.162288
v 55.287481 -0.909091 91.837712
v 55.287481 -0.909091 98.162288
v 55.287481 0.000000 92.125193
v 55.287481 0.000000 91.837712
v 55.287481 0.000000 92.412674
v 55.287481 0.000000 92.700154
v 55.287481 0.000000 92.987635
v 55.287481 0.000000 93.275116
v 55.287481 0.000000 93.562597
v 55.287481 0.000000 93.850077
v 55.287481 0.000000 94.137558
v 55.287481 0.000000 94.425039
v 55.287481 0.000000 94.712519
v 55.287481 0.000000 95.000000
v 55.287481 0.000000 95.287481
v 55.287481 0.000000 95.574961
v 55.287481 0.000000 95.862442
v 55.287481 0.000000 96.149923
v 55.287481 0.000000 96.437403
v 55.287481 0.000000 96.724884
v 55.287481 0.000000 97.012365
v 55.287481 0.000000 97.299846
v 55.287481 0.000000 97.587326
v 55.287481 0.000000 97.874807
v 55.287481 0.000000 98.162288
v 55.574961 -20.000000 91.837712
v 55.574961 -20.000000 92.125193
v 55.574961 -19.090909 91.837712
v 55.574961 -20.000000 92.412674
v 55.574961 -20.000000 92.700154
v 55.574961 -20.000000 92.987635
v 55.574961 -20.000000 93.275116
v 55.574961 -20.000000 93.562597
v 55.574961 -20.000000 93.850077
v 55.574961 -20.000000 94.137558
v 55.574961 -20.000000 94.425039
v 55.574961 -20.000000 94.712519
v 55.574961 -20.000000 95.000000
v 55.574961 -20.000000 95.287481
v 55.574961 -20.000000 95.574961
v 55.574961 -20.000000 95.862442
v 55.574961 -20.000000 96.149923
v 55.574961 -20.000000 96.437403
v 55.574961 -20.000000 96.724884
v 55.574961 -20.000000 97.012365
v 55.574961 -20.000000 97.299846
v 55.574961 -20.000000 97.587326
v 55.574961 -20.000000 97.874807
v 55.574961 -20.000000 98.162288
v 55.574961 -19.090909 98.162288
v 55.574961 -18.181818 91.837712
v 55.574961 -18.181818 98.162288
v 55.574961 -17.272727 91.837712
v 55.574961 -17.272727 98.162288
v 55.574961 -16.363636 91.837712
v 55.574961 -16.363636 98.162288
v 55.574961 -15.454545 91.837712
v 55.574961 -15.454545 98.162288
v 55.574961 -14.545455 91.837712
v 55.574961 -14.545455 98.162288
v 55.574961 -13.636364 91.837712
v 55.574961 -13.636364 98.162288
v 55.574961 -12.727273 91.837712
v 55.574961 -12.727273 98.162288
v 55.574961 -11.818182 91.837712
v 55.574961 -11.818182 98.162288
v 55.574961 -10.909091 91.837712
v 55.574961 -10.909091 98.162288
v 55.574961 -10.000000 91.837712
v 55.574961 -10.000000 98.162288
v 55.574961 -9.090909 91.837712
v 55.574961 -9.090909 98.162288
v 55.574961 -8.181818 91.837712
v 55.574961 -8.181818 98.162288
v 55.574961 -7.272727 91.837712
v 55.574961 -7.272727 98.162288
v 55.574961 -6.363636 91.837712
v 55.574961 -6.363636 98.162288
v 55.574961 -5.454545 91.837712
v 55.574961 -5.454545 98.162288
v 55.574961 -4.545455 91.837712
v 55.574961 -4.545455 98.162288
v 55.574961 -3.636364 91.837712
v 55.574961 -3.636364 98.162288
v 55.574961 -2.727273 91.837712
v 55.574961 -2.727273 98.162288
v 55.574961 -1.818182 91.837712
v 55.574961 -1.818182 98.162288
v 55.574961 -0.909091 91.837712
v 55.574961 -0.909091 98.162288
v 55.574961 0.000000 92.125193
v 55.574961 0.000000 91.837712
v 55.574961 0.000000 92.412674
v 55.574961 0.000000 92.700154
v 55.574961 0.000000 92.987635
v 55.574961 0.000000 93.275116
v 55.574961 0.000000 93.562597
v 55.574961 0.000000 93.850077
v 55.574961 0.000000 94.137558
v 55.574961 0.000000 94.425039
v 55.574961 0.000000 94.712519
v 55.574961 0.000000 95.000000
v 55.574961 0.000000 95.287481
v 55.574961 0.000000 95.574961
v 55.574961 0.000000 95.862442
v 55.574961 0.000000 96.149923
v 55.574961 0.000000 96.437403
v 55.574961 0.000000 96.724884
v 55.574961 0.000000 97.012365
v 55.574961 0.000000 97.299846
v 55.574961 0.000000 97.587326
v 55.574961 0.000000 97.874807
v 55.574961 0.000000 98.162288
v 55.862442 -20.000000 91.837712
v 55.862442 -20.000000 92.125193
v 55.862442 -19.090909 92.125193
v 55.862442 -19.090909 91.837712
v 55.862442 -20.000000 92.412674
v 55.862442 -20.000000 92.700154
v 55.862442 -20.000000 92.987635
v 55.862442 -20.000000 93.275116
v 55.862442 -20.000000 93.562597
v 55.862442 -20.000000 93.850077
v 55.862442 -20.000000 94.137558
v 55.862442 -20.000000 94.425039
v 55.862442 -20.000000 94.712519
v 55.862442 -20.000000 95.000000
v 55.862442 -20.000000 95.287481
v 55.862442 -20.000000 95.574961
v 55.862442 -20.000000 95.862442
v 55.862442 -20.000000 96.149923
v 55.862442 -20.000000 96.437403
v 55.862442 -20.000000 96.724884
v 55.862442 -20.000000 97.012365
v 55.862442 -20.000000 97.299846
v 55.862442 -20.000000 97.587326
v 55.862442 -20.000000 97.874807
v 55.862442 -20.000000 98.162288
v 55.862442 -19.090909 98.162288
v 55.862442 -19.090909 97.874807
v 55.862442 -18.181818 92.125193
v 55.862442 -18.181818 91.837712
v 55.862442 -18.181818 98.162288
v 55.862442 -18.181818 97.874807
v 55.862442 -17.272727 92.125193
v 55.862442 -17.272727 91.837712
v 55.862442 -17.272727 98.162288
v 55.862442 -17.272727 97.874807
v 55.862442 -16.363636 92.125193
v 55.862442 -16.363636 91.837712
v 55.862442 -16.363636 98.162288
v 55.862442 -16.363636 97.874807
v 55.862442 -15.454545 92.125193
v 55.862442 -15.454545 91.837712
v 55.862442 -15.454545 98.162288
v 55.862442 -15.454545 97.874807
v 55.862442 -14.545455 92.125193
v 55.862442 -14.545455 91.837712
v 55.862442 -14.545455 98.162288
v 55.862442 -14.545455 97.874807
v 55.862442 -13.636364 92.125193
v 55.862442 -13.636364 91.837712
v 55.862442 -13.636364 98.162288
v 55.862442 -13.636364 97.874807
v 55.862442 -12.727273 92.125193
v 55.862442 -12.727273 91.837712
v 55.862442 -12.727273 98.162288
v 55.862442 -12.727273 97.874807
v 55.862442 -11.818182 92.125193
v 55.862442 -11.818182 91.837712
v 55.862442 -11.818182 98.162288
v 55.862442 -11.818182 97.874807
v 55.862442 -10.909091 92.125193
v 55.862442 -10.909091 91.837712
v 55.862442 -10.909091 98.162288
v 55.862442 -10.909091 97.874807
v 55.862442 -10.000000 92.125193
v 55.862442 -10.000000 91.837712
v 55.862442 -10.000000 98.162288
v 55.862442 -10.000000 97.874807
v 55.862442 -9.090909 92.125193
v 55.862442 -9.090909 91.837712
v 55.862442 -9.090909 98.162288
v 55.862442 -9.090909 97.874807
v 55.862442 -8.181818 92.125193
v 55.862442 -8.181818 91.837712
v 55.862442 -8.181818 98.162288
v 55.862442 -8.181818 97.874807
v 55.862442 -7.272727 92.125193
v 55.862442 -7.272727 91.837712
v 55.862442 -7.272727 98.162288
v 55.862442 -7.272727 97.874807
v 55.862442 -6.363636 92.125193
v 55.862442 -6.363636 91.837712
v 55.862442 -6.363636 98.162288
v 55.862442 -6.363636 97.874807
v 55.862442 -5.454545 92.125193
v 55.862442 -5.454545 91.837712
v 55.862442 -5.454545 98.162288
v 55.862442 -5.454545 97.874807
v 55.862442 -4.545455 92.125193
v 55.862442 -4.545455 91.837712
v 55.862442 -4.545455 98.162288
v 55.862442 -4.545455 97.874807
v 55.862442 -3.636364 92.125193
v 55.862442 -3.636364 91.837712
v 55.862442 -3.636364 98.162288
v 55.862442 -3.636364 97.874807
v 55.862442 -2.727273 92.125193
v 55.862442 -2.727273 91.837712
v 55.862442 -2.727273 98.162288
v 55.862442 -2.727273 97.874807
v 55.862442 -1.818182 92.125193
v 55.862442 -1.818182 91.837712
v 55.862442 -1.818182 98.162288
v 55.862442 -1.818182 97.874807
v 55.862442 -0.909091 92.125193
v 55.862442 -0.909091 91.837712
v 55.862442 -0.909091 98.162288
v 55.862442 -0.909091 97.874807
v 55.862442 0.000000 92.125193
v 55.862442 0.000000 91.837712
v 55.862442 0.000000 92.412674
v 55.862442 0.000000 92.700154
v 55.862442 0.000000 92.987635
v 55.862442 0.000000 93.275116
v 55.862442 0.000000 93.562597
v 55.862442 0.000000 93.850077
v 55.862442 0.000000 94.137558
v 55.862442 0.000000 94.425039
v 55.862442 0.000000 94.712519
v 55.862442 0.000000 95.000000
v 55.862442 0.000000 95.287481
v 55.862442 0.000000 95.574961
v 55.862442 0.000000 95.862442
v 55.862442 0.000000 96.149923
v 55.862442 0.000000 96.437403
v 55.862442 0.000000 96.724884
v 55.862442 0.000000 97.012365
v 55.862442 0.000000 97.299846
v 55.862442 0.000000 97.587326
v 55.862442 0.000000 97.874807
v 55.862442 0.000000 98.162288
v 56.149923 -20.000000 92.125193
v 56.149923 -20.000000 92.412674
v 56.149923 -19.090909 92.125193
v 56.149923 -20.000000 92.700154
v 56.149923 -20.000000 92.987635
v 56.149923 -20.000000 93.275116
v 56.149923 -20.000000 93.562597
v 56.149923 -20.000000 93.850077
v 56.149923 -20.000000 94.137558
v 56.149923 -20.000000 94.425039
v 56.149923 -20.000000 94.712519
v 56.149923 -20.000000 95.000000
v 56.149923 -20.000000 95.287481
v 56.149923 -20.000000 95.574961
v 56.149923 -20.000000 95.862442
v 56.149923 -20.000000 96.149923
v 56.149923 -20.000000 96.437403
v 56.149923 -20.000000 96.724884
v 56.149923 -20.000000 97.012365
v 56.149923 -20.000000 97.299846
v 56.149923 -20.000000 97.587326
v 56.149923 -20.000000 97.874807
v 56.149923 -19.090909 97.874807
v 56.149923 -18.181818 92.125193
v 56.149923 -18.181818 97.874807
v 56.149923 -17.272727 92.125193
v 56.149923 -17.272727 97.874807
v 56.149923 -16.363636 92.125193
v 56.149923 -16.363636 97.874807
v 56.149923 -15.454545 92.125193
v 56.149923 -15.454545 97.874807
v 56.149923 -14.545455 92.125193
v 56.149923 -14.545455 97.874807
v 56.149923 -13.636364 92.125193
v 56.149923 -13.636364 97.874807
v 56.149923 -12.727273 92.125193
v 56.149923 -12.727273 97.874807
v 56.149923 -11.818182 92.125193
v 56.149923 -11.818182 97.874807
v 56.149923 -10.909091 92.125193
v 56.149923 -10.909091 97.874807
v 56.149923 -10.000000 92.125193
v 56.149923 -10.000000 97.874807
v 56.149923 -9.090909 92.125193
v 56.149923 -9.090909 97.874807
v 56.149923 -8.181818 92.125193
v 56.149923 -8.181818 97.874807
v 56.149923 -7.272727 92.125193
v 56.149923 -7.272727 97.874807
v 56.149923 -6.363636 92.125193
v 56.149923 -6.363636 97.874807
v 56.149923 -5.454545 92.125193
v 56.149923 -5.454545 97.874807
v 56.149923 -4.545455 92.125193
v 56.149923 -4.545455 97.874807
v 56.149923 -3.636364 92.125193
v 56.149923 -3.636364 97.874807
v 56.149923 -2.727273 92.125193
v 56.149923 -2.727273 97.874807
v 56.149923 -1.818182 92.125193
v 56.149923 -1.818182 97.874807
v 56.149923 -0.909091 92.125193
v 56.149923 -0.909091 97.874807
v 56.149923 0.000000 92.412674
v 56.149923 0.000000 92.125193
v 56.149923 0.000000 92.700154
v 56.149923 0.000000 92.987635
v 56.149923 0.000000 93.275116
v 56.149923 0.000000 93.562597
v 56.149923 0.000000 93.850077
v 56.149923 0.000000 94.137558
v 56.149923 0.000000 94.425039
v 56.149923 0.000000 94.712519
v 56.149923 0.000000 95.000000
v 56.149923 0.000000 95.287481
v 56.149923 0.000000 95.574961
v 56.149923 0.000000 95.862442
v 56.149923 0.000000 96.149923
v 56.149923 0.000000 96.437403
v 56.149923 0.000000 96.724884
v 56.149923 0.000000 97.012365
v 56.149923 0.000000 97.299846
v 56.149923 0.000000 97.587326
v 56.149923 0.000000 97.874807
v 56.437403 -20.000000 92.125193
v 56.437403 -20.000000 92.412674
v 56.437403 -19.090909 92.125193
v 56.437403 -20.000000 92.700154
v 56.437403 -20.000000 92.987635
v 56.437403 -20.000000 93.275116
v 56.437403 -20.000000 93.562597
v 56.437403 -20.000000 93.850077
v 56.437403 -20.000000 94.137558
v 56.437403 -20.000000 94.425039
v 56.437403 -20.000000 94.712519
v 56.437403 -20.000000 95.000000
v 56.437403 -20.000000 95.287481
v 56.437403 -20.000000 95.574961
v 56.437403 -20.000000 95.862442
v 56.437403 -20.000000 96.149923
v 56.437403 -20.000000 96.437403
v 56.437403 -20.000000 96.724884
v 56.437403 -20.000000 97.012365
v 56.437403 -20.000000 97.299846
v 56.437403 -20.000000 97.587326
v 56.437403 -20.000000 97.874807
v 56.437403 -19.090909 97.874807
v 56.437403 -18.181818 92.125193
v 56.437403 -18.181818 97.874807
v 56.437403 -17.272727 92.125193
v 56.437403 -17.272727 97.874807
v 56.437403 -16.363636 92.125193
v 56.437403 -16.363636 97.874807
v 56.437403 -15.454545 92.125193
v 56.437403 -15.454545 97.874807
v 56.437403 -14.545455 92.125193
v 56.437403 -14.545455 97.874807
v 56.437403 -13.636364 92.125193
v 56.437403 -13.636364 97.874807
v 56.437403 -12.727273 92.125193
v 56.437403 -12.727273 97.874807
v 56.437403 -11.818182 92.125193
v 56.437403 -11.818182 97.874807
v 56.437403 -10.909091 92.125193
v 56.437403 -10.909091 97.874807
v 56.437403 -10.000000 92.125193
v 56.437403 -10.000000 97.874807
v 56.437403 -9.090909 92.125193
v 56.437403 -9.090909 97.874807
v 56.437403 -8.181818 92.125193
v 56.437403 -8.181818 97.874807
v 56.437403 -7.272727 92.125193
v 56.437403 -7.272727 97.874807
v 56.437403 -6.363636 92.125193
v 56.437403 -6.363636 97.874807
v 56.437403 -5.454545 92.125193
v 56.437403 -5.454545 97.874807
v 56.437403 -4.545455 92.125193
v 56.437403 -4.545455 97.874807
v 56.437403 -3.636364 92.125193
v 56.437403 -3.636364 97.874807
v 56.437403 -2.727273 92.125193
v 56.437403 -2.727273 97.874807
v 56.437403 -1.818182 92.125193
v 56.437403 -1.818182 97.874807
v 56.437403 -0.909091 92.125193
v 56.437403 -0.909091 97.874807
v 56.437403 0.000000 92.412674
v 56.437403 0.000000 92.125193
v 56.437403 0.000000 92.700154
v 56.437403 0.000000 92.987635
v 56.437403 0.000000 93.275116
v 56.437403 0.000000 93.562597
v 56.437403 0.000000 93.850077
v 56.437403 0.000000 94.137558
v 56.437403 0.000000 94.425039
v 56.437403 0.000000 94.712519
v 56.437403 0.000000 95.000000
v 56.437403 0.000000 95.287481
v 56.437403 0.000000 95.574961
v 56.437403 0.000000 95.862442
v 56.437403 0.000000 96.149923
v 56.437403 0.000000 96.437403
v 56.437403 0.000000 96.724884
v 56.437403 0.000000 97.012365
v 56.437403 0.000000 97.299846
v 56.437403 0.000000 97.587326
v 56.437403 0.000000 97.874807
v 56.724884 -20.000000 92.125193
v 56.724884 -20.000000 92.412674
v 56.724884 -19.090909 92.412674
v 56.724884 -19.090909 92.125193
v 56.724884 -20.000000 92.700154
v 56.724884 -20.000000 92.987635
v 56.724884 -20.000000 93.275116
v 56.724884 -20.000000 93.562597
v 56.724884 -20.000000 93.850077
v 56.724884 -20.000000 94.137558
v 56.724884 -20.000000 94.425039
v 56.724884 -20.000000 94.712519
v 56.724884 -20.000000 95.000000
v 56.724884 -20.000000 95.287481
v 56.724884 -20.000000 95.574961
v 56.724884 -20.000000 95.862442
v 56.724884 -20.000000 96.149923
v 56.724884 -20.000000 96.437403
v 56.724884 -20.000000 96.724884
v 56.724884 -20.000000 97.012365
v 56.724884 -20.000000 97.299846
v 56.724884 -20.000000 97.587326
v 56.724884 -20.000000 97.874807
v 56.724884 -19.090909 97.874807
v 56.724884 -19.090909 97.587326
v 56.724884 -18.181818 92.412674
v 56.724884 -18.181818 92.125193
v 56.724884 -18.181818 97.874807
v 56.724884 -18.181818 97.587326
v 56.724884 -17.272727 92.412674
v 56.724884 -17.272727 92.125193
v 56.724884 -17.272727 97.874807
v 56.724884 -17.272727 97.587326
v 56.724884 -16.363636 92.412674
v 56.724884 -16.363636 92.125193
v 56.724884 -16.363636 97.874807
v 56.724884 -16.363636 97.587326
v 56.724884 -15.454545 92.412674
v 56.724884 -15.454545 92.125193
v 56.724884 -15.454545 97.874807
v 56.724884 -15.454545 97.587326
v 56.724884 -14.545455 92.412674
v 56.724884 -14.545455 92.125193
v 56.724884 -14.545455 97.874807
v 56.724884 -14.545455 97.587326
v 56.724884 -13.636364 92.412674
v 56.724884 -13.636364 92.125193
v 56.724884 -13.636364 97.874807
v 56.724884 -13.636364 97.587326
v 56.724884 -12.727273 92.412674
v 56.724884 -12.727273 92.125193
v 56.724884 -12.727273 97.874807
v 56.724884 -12.727273 97.587326
v 56.724884 -11.818182 92.412674
v 56.724884 -11.818182 92.125193
v 56.724884 -11.818182 97.874807
v 56.724884 -11.818182 97.587326
v 56.724884 -10.909091 92.412674
v 56.724884 -10.909091 92.125193
v 56.724884 -10.909091 97.874807
v 56.724884 -10.909091 97.587326
v 56.724884 -10.000000 92.412674
v 56.724884 -10.000000 92.125193
v 56.724884 -10.000000 97.874807
v 56.724884 -10.000000 97.587326
v 56.724884 -9.090909 92.412674
v 56.724884 -9.090909 92.125193
v 56.724884 -9.090909 97.874807
v 56.724884 -9.090909 97.587326
v 56.724884 -8.181818 92.412674
v 56.724884 -8.181818 92.125193
v 56.724884 -8.181818 97.874807
v 56.724884 -8.181818 97.587326
v 56.724884 -7.272727 92.412674
v 56.724884 -7.272727 92.125193
v 56.724884 -7.272727 97.874807
v 56.724884 -7.272727 97.587326
v 56.724884 -6.363636 92.412674
v 56.724884 -6.363636 92.125193
v 56.724884 -6.363636 97.874807
v 56.724884 -6.363636 97.587326
v 56.724884 -5.454545 92.412674
v 56.724884 -5.454545 92.125193
v 56.724884 -5.454545 97.874807
v 56.724884 -5.454545 97.587326
v 56.724884 -4.545455 92.412674
v 56.724884 -4.545455 92.125193
v 56.724884 -4.545455 97.874807
v 56.724884 -4.545455 97.587326
v 56.724884 -3.636364 92.412674
v 56.724884 -3.636364 92.125193
v 56.724884 -3.636364 97.874807
v 56.724884 -3.636364 97.587326
v 56.724884 -2.727273 92.412674
v 56.724884 -2.727273 92.125193
v 56.724884 -2.727273 97.874807
v 56.724884 -2.727273 97.587326
v 56.724884 -1.818182 92.412674
v 56.724884 -1.818182 92.125193
v 56.724884 -1.818182 97.874807
v 56.724884 -1.818182 97.587326
v 56.724884 -0.909091 92.412674
v 56.724884 -0.909091 92.125193
v 56.724884 -0.909091 97.874807
v 56.724884 -0.909091 97.587326
v 56.724884 0.000000 92.412674
v 56.724884 0.000000 92.125193
v 56.724884 0.000000 92.700154
v 56.724884 0.000000 92.987635
v 56.724884 0.000000 93.275116
v 56.724884 0.000000 93.562597
v 56.724884 0.000000 93.850077
v 56.724884 0.000000 94.137558
v 56.724884 0.000000 94.425039
v 56.724884 0.000000 94.712519
v 56.724884 0.000000 95.000000
v 56.724884 0.000000 95.287481
v 56.724884 0.000000 95.574961
v 56.724884 0.000000 95.862442
v 56.724884 0.000000 96.149923
v 56.724884 0.000000 96.437403
v 56.724884 0.000000 96.724884
v 56.724884 0.000000 97.012365
v 56.724884 0.000000 97.299846
v 56.724884 0.000000 97.587326
v 56.724884 0.000000 97.874807
v 57.012365 -20.000000 92.412674
v 57.012365 -20.000000 92.700154
v 57.012365 -19.090909 92.700154
v 57.012365 -19.090909 92.412674
v 57.012365 -20.000000 92.987635
v 57.012365 -20.000000 93.275116
v 57.012365 -20.000000 93.562597
v 57.012365 -20.000000 93.850077
v 57.012365 -20.000000 94.137558
v 57.012365 -20.000000 94.425039
v 57.012365 -20.000000 94.712519
v 57.012365 -20.000000 95.000000
v 57.012365 -20.000000 95.287481
v 57.012365 -20.000000 95.574961
v 57.012365 -20.000000 95.862442
v 57.012365 -20.000000 96.149923
v 57.012365 -20.000000 96.437403
v 57.012365 -20.000000 96.724884
v 57.012365 -20.000000 97.012365
v 57.012365 -20.000000 97.299846
v 57.012365 -20.000000 97.587326
v 57.012365 -19.090909 97.587326
v 57.012365 -19.090909 97.299846
v 57.012365 -18.181818 92.700154
v 57.012365 -18.181818 92.412674
v 57.012365 -18.181818 97.587326
v 57.012365 -18.181818 97.299846
v 57.012365 -17.272727 92.700154
v 57.012365 -17.272727 92.412674
v 57.012365 -17.272727 97.587326
v 57.012365 -17.272727 97.299846
v 57.012365 -16.363636 92.700154
v 57.012365 -16.363636 92.412674
v 57.012365 -16.363636 97.587326
v 57.012365 -16.363636 97.299846
v 57.012365 -15.454545 92.700154
v 57.012365 -15.454545 92.412674
v 57.012365 -15.454545 97.587326
v 57.012365 -15.454545 97.299846
v 57.012365 -14.545455 92.700154
v 57.012365 -14.545455 92.412674
v 57.012365 -14.545455 97.587326
v 57.012365 -14.545455 97.299846
v 57.012365 -13.636364 92.700154
v 57.012365 -13.636364 92.412674
v 57.012365 -13.636364 97.587326
v 57.012365 -13.636364 97.299846
v 57.012365 -12.727273 92.700154
v 57.012365 -12.727273 92.412674
v 57.012365 -12.727273 97.587326
v 57.012365 -12.727273 97.299846
v 57.012365 -11.818182 92.700154
v 57.012365 -11.818182 92.412674
v 57.012365 -11.818182 97.587326
v 57.012365 -11.818182 97.299846
v 57.012365 -10.909091 92.700154
v 57.012365 -10.909091 92.412674
v 57.012365 -10.909091 97.587326
v 57.012365 -10.909091 97.299846
v 57.012365 -10.000000 92.700154
v 57.012365 -10.000000 92.412674
v 57.012365 -10.000000 97.587326
v 57.012365 -10.000000 97.299846
v 57.012365 -9.090909 92.700154
v 57.012365 -9.090909 92.412674
v 57.012365 -9.090909 97.587326
v 57.012365 -9.090909 97.299846
v 57.012365 -8.181818 92.700154
v 57.012365 -8.181818 92.412674
v 57.012365 -8.181818 97.587326
v 57.012365 -8.181818 97.299846
v 57.012365 -7.272727 92.700154
v 57.012365 -7.272727 92.412674
v 57.012365 -7.272727 97.587326
v 57.012365 -7.272727 97.299846
v 57.012365 -6.363636 92.700154
v 57.012365 -6.363636 92.412674
v 57.012365 -6.363636 97.587326
v 57.012365 -6.363636 97.299846
v 57.012365 -5.454545 92.700154
v 57.012365 -5.454545 92.412674
v 57.012365 -5.454545 97.587326
v 57.012365 -5.454545 97.299846
v 57.012365 -4.545455 92.700154
v 57.012365 -4.545455 92.412674
v 57.012365 -4.545455 97.587326
v 57.012365 -4.545455 97.299846
v 57.012365 -3.636364 92.700154
v 57.012365 -3.636364 92.412674
v 57.012365 -3.636364 97.587326
v 57.012365 -3.636364 97.299846
v 57.012365 -2.727273 92.700154
v 57.012365 -2.727273 92.412674
v 57.012365 -2.727273 97.587326
v 57.012365 -2.727273 97.299846
v 57.012365 -1.818182 92.700154
v 57.012365 -1.818182 92.412674
v 57.012365 -1.818182 97.587326
v 57.012365 -1.818182 97.299846
v 57.012365 -0.909091 92.700154
v 57.012365 -0.909091 92.412674
v 57.012365 -0.909091 97.587326
v 57.012365 -0.909091 97.299846
v 57.012365 0.000000 92.700154
v 57.012365 0.000000 92.412674
v 57.012365 0.000000 92.987635
v 57.012365 0.000000 93.275116
v 57.012365 0.000000 93.562597
v 57.012365 0.000000 93.850077
v 57.012365 0.000000 94.137558
v 57.012365 0.000000 94.425039
v 57.012365 0.000000 94.712519
v 57.012365 0.000000 95.000000
v 57.012365 0.000000 95.287481
v 57.012365 0.000000 95.574961
v 57.012365 0.000000 95.862442
v 57.012365 0.000000 96.149923
v 57.012365 0.000000 96.437403
v 57.012365 0.000000 96.724884
v 57.012365 0.000000 97.012365
v 57.012365 0.000000 97.299846
v 57.012365 0.000000 97.587326
v 57.299846 -20.000000 92.700154
v 57.299846 -20.000000 92.987635
v 57.299846 -19.090909 92.987635
v 57.299846 -19.090909 92.700154
v 57.299846 -20.000000 93.275116
v 57.299846 -20.000000 93.562597
v 57.299846 -20.000000 93.850077
v 57.299846 -20.000000 94.137558
v 57.299846 -20.000000 94.425039
v 57.299846 -20.000000 94.712519
v 57.299846 -20.000000 95.000000
v 57.299846 -20.000000 95.287481
v 57.299846 -20.000000 95.574961
v 57.299846 -20.000000 95.862442
v 57.299846 -20.000000 96.149923
v 57.299846 -20.000000 96.437403
v 57.299846 -20.000000 96.724884
v 57.299846 -20.000000 97.012365
v 57.299846 -20.000000 97.299846
v 57.299846 -19.090909 97.299846
v 57.299846 -19.090909 97.012365
v 57.299846 -18.181818 92.987635
v 57.299846 -18.181818 92.700154
v 57.299846 -18.181818 97.299846
v 57.299846 -18.181818 97.012365
v 57.299846 -17.272727 92.987635
v 57.299846 -17.272727 92.700154
v 57.299846 -17.272727 97.299846
v 57.299846 -17.272727 97.012365
v 57.299846 -16.363636 92.987635
v 57.299846 -16.363636 92.700154
v 57.299846 -16.363636 97.299846
v 57.299846 -16.363636 97.012365
v 57.299846 -15.454545 92.987635
v 57.299846 -15.454545 92.700154
v 57.299846 -15.454545 97.299846
v 57.299846 -15.454545 97.012365
v 57.299846 -14.545455 92.987635
v 57.299846 -14.545455 92.700154
v 57.299846 -14.545455 97.299846
v 57.299846 -14.545455 97.012365
v 57.299846 -13.636364 92.987635
v 57.299846 -13.636364 92.700154
v 57.299846 -13.636364 97.299846
v 57.299846 -13.636364 97.012365
v 57.299846 -12.727273 92.987635
v 57.299846 -12.727273 92.700154
v 57.299846 -12.727273 97.299846
v 57.299846 -12.727273 97.012365
v 57.299846 -11.818182 92.987635
v 57.299846 -11.818182 92.700154
v 57.299846 -11.818182 97.299846
v 57.299846 -11.818182 97.012365
v 57.299846 -10.909091 92.987635
v 57.299846 -10.909091 92.700154
v 57.299846 -10.909091 97.299846
v 57.299846 -10.909091 97.012365
v 57.299846 -10.000000 92.987635
v 57.299846 -10.000000 92.700154
v 57.299846 -10.000000 97.299846
v 57.299846 -10.000000 97.012365
v 57.299846 -9.090909 92.987635
v 57.299846 -9.090909 92.700154
v 57.299846 -9.090909 97.299846
v 57.299846 -9.090909 97.012365
v 57.299846 -8.181818 92.987635
v 57.299846 -8.181818 92.700154
v 57.299846 -8.181818 97.299846
v 57.299846 -8.181818 97.012365
v 57.299846 -7.272727 92.987635
v 57.299846 -7.272727 92.700154
v 57.299846 -7.272727 97.299846
v 57.299846 -7.272727 97.012365
v 57.299846 -6.363636 92.987635
v 57.299846 -6.363636 92.700154
v 57.299846 -6.363636 97.299846
v 57.299846 -6.363636 97.012365
v 57.299846 -5.454545 92.987635
v 57.299846 -5.454545 92.700154
v 57.299846 -5.454545 97.299846
v 57.299846 -5.454545 97.012365
v 57.299846 -4.545455 92.987635
v 57.299846 -4.545455 92.700154
v 57.299846 -4.545455 97.299846
v 57.299846 -4.545455 97.012365
v 57.299846 -3.636364 92.987635
v 57.299846 -3.636364 92.700154
v 57.299846 -3.636364 97.299846
v 57.299846 -3.636364 97.012365
v 57.299846 -2.727273 92.987635
v 57.299846 -2.727273 92.700154
v 57.299846 -2.727273 97.299846
v 57.299846 -2.727273 97.012365
v 57.299846 -1.818182 92.987635
v 57.299846 -1.818182 92.700154
v 57.299846 -1.818182 97.299846
v 57.299846 -1.818182 97.012365
v 57.299846 -0.909091 92.987635
v 57.299846 -0.909091 92.700154
v 57.299846 -0.909091 97.299846
v 57.299846 -0.909091 97.012365
v 57.299846 0.000000 92.987635
v 57.299846 0.000000 92.700154
v 57.299846 0.000000 93.275116
v 57.299846 0.000000 93.562597
v 57.299846 0.000000 93.850077
v 57.299846 0.000000 94.137558
v 57.299846 0.000000 94.425039
v 57.299846 0.000000 94.712519
v 57.299846 0.000000 95.000000
v 57.299846 0.000000 95.287481
v 57.299846 0.000000 95.574961
v 57.299846 0.000000 95.862442
v 57.299846 0.000000 96.149923
v 57.299846 0.000000 96.437403
v 57.299846 0.000000 96.724884
v 57.299846 0.000000 97.012365
v 57.299846 0.000000 97.299846
v 57.587326 -20.000000 92.987635
v 57.587326 -20.000000 93.275116
v 57.587326 -19.090909 93.275116
v 57.587326 -19.090909 92.987635
v 57.587326 -20.000000 93.562597
v 57.587326 -20.000000 93.850077
v 57.587326 -20.000000 94.137558
v 57.587326 -20.000000 94.425039
v 57.587326 -20.000000 94.712519
v 57.587326 -20.000000 95.000000
v 57.587326 -20.000000 95.287481
v 57.587326 -20.000000 95.574961
v 57.587326 -20.000000 95.862442
v 57.587326 -20.000000 96.149923
v 57.587326 -20.000000 96.437403
v 57.587326 -20.000000 96.724884
v 57.587326 -20.000000 97.012365
v 57.587326 -19.090909 97.012365
v 57.587326 -19.090909 96.724884
v 57.587326 -18.181818 93.275116
v 57.587326 -18.181818 92.987635
v 57.587326 -18.181818 97.012365
v 57.587326 -18.181818 96.724884
v 57.587326 -17.272727 93.275116
v 57.587326 -17.272727 92.987635
v 57.587326 -17.272727 97.012365
v 57.587326 -17.272727 96.724884
v 57.587326 -16.363636 93.275116
v 57.587326 -16.363636 92.987635
v 57.587326 -16.363636 97.012365
v 57.587326 -16.363636 96.724884
v 57.587326 -15.454545 93.275116
v 57.587326 -15.454545 92.987635
v 57.587326 -15.454545 97.012365
v 57.587326 -15.454545 96.724884
v 57.587326 -14.545455 93.275116
v 57.587326 -14.545455 92.987635
v 57.587326 -14.545455 97.012365
v 57.587326 -14.545455 96.724884
v 57.587326 -13.636364 93.275116
v 57.587326 -13.636364 92.987635
v 57.587326 -13.636364 97.012365
v 57.587326 -13.636364 96.724884
v 57.587326 -12.727273 93.275116
v 57.587326 -12.727273 92.987635
v 57.587326 -12.727273 97.012365
v 57.587326 -12.727273 96.724884
v 57.587326 -11.818182 93.275116
v 57.587326 -11.818182 92.987635
v 57.587326 -11.818182 97.012365
v 57.587326 -11.818182 96.724884
v 57.587326 -10.909091 93.275116
v 57.587326 -10.909091 92.987635
v 57.587326 -10.909091 97.012365
v 57.587326 -10.909091 96.724884
v 57.587326 -10.000000 93.275116
v 57.587326 -10.000000 92.987635
v 57.587326 -10.000000 97.012365
v 57.587326 -10.000000 96.724884
v 57.587326 -9.090909 93.275116
v 57.587326 -9.090909 92.987635
v 57.587326 -9.090909 97.012365
v 57.587326 -9.090909 96.724884
v 57.587326 -8.181818 93.275116
v 57.587326 -8.181818 92.987635
v 57.587326 -8.181818 97.012365
v 57.587326 -8.181818 96.724884
v 57.587326 -7.272727 93.275116
v 57.587326 -7.272727 92.987635
v 57.587326 -7.272727 97.012365
v 57.587326 -7.272727 96.724884
v 57.587326 -6.363636 93.275116
v 57.587326 -6.363636 92.987635
v 57.587326 -6.363636 97.012365
v 57.587326 -6.363636 96.724884
v 57.587326 -5.454545 93.275116
v 57.587326 -5.454545 92.987635
v 57.587326 -5.454545 97.012365
v 57.587326 -5.454545 96.724884
v 57.587326 -4.545455 93.275116
v 57.587326 -4.545455 92.987635
v 57.587326 -4.545455 97.012365
v 57.587326 -4.545455 96.724884
v 57.587326 -3.636364 93.275116
v 57.587326 -3.636364 92.987635
v 57.587326 -3.636364 97.012365
v 57.587326 -3.636364 96.724884
v 57.587326 -2.727273 93.275116
v 57.587326 -2.727273 92.987635
v 57.587326 -2.727273 97.012365
v 57.587326 -2.727273 96.724884
v 57.587326 -1.818182 93.275116
v 57.587326 -1.818182 92.987635
v 57.587326 -1.818182 97.012365
v 57.587326 -1.818182 96.724884
v 57.587326 -0.909091 93.275116
v 57.587326 -0.909091 92.987635
v 57.587326 -0.909091 97.012365
v 57.587326 -0.909091 96.724884
v 57.587326 0.000000 93.275116
v 57.587326 0.000000 92.987635
v 57.587326 0.000000 93.562597
v 57.587326 0.000000 93.850077
v 57.587326 0.000000 94.137558
v 57.587326 0.000000 94.425039
v 57.587326 0.000000 94.712519
v 57.587326 0.000000 95.000000
v 57.587326 0.000000 95.287481
v 57.587326 0.000000 95.574961
v 57.587326 0.000000 95.862442
v 57.587326 0.000000 96.149923
v 57.587326 0.000000 96.437403
v 57.587326 0.000000 96.724884
v 57.587326 0.000000 97.012365
v 57.874807 -20.000000 93.275116
v 57.874807 -20.000000 93.562597
v 57.874807 -19.090909 93.562597
v 57.874807 -19.090909 93.275116
v 57.874807 -20.000000 93.850077
v 57.874807 -19.090909 93.850077
v 57.874807 -20.000000 94.137558
v 57.874807 -19.090909 94.137558
v 57.874807 -20.000000 94.425039
v 57.874807 -20.000000 94.712519
v 57.874807 -20.000000 95.000000
v 57.874807 -20.000000 95.287481
v 57.874807 -20.000000 95.574961
v 57.874807 -20.000000 95.862442
v 57.874807 -20.000000 96.149923
v 57.874807 -19.090909 96.149923
v 57.874807 -19.090909 95.862442
v 57.874807 -20.000000 96.437403
v 57.874807 -19.090909 96.437403
v 57.874807 -20.000000 96.724884
v 57.874807 -19.090909 96.724884
v 57.874807 -18.181818 93.562597
v 57.874807 -18.181818 93.275116
v 57.874807 -18.181818 93.850077
v 57.874807 -18.181818 94.137558
v 57.874807 -18.181818 96.149923
v 57.874807 -18.181818 95.862442
v 57.874807 -18.181818 96.437403
v 57.874807 -18.181818 96.724884
v 57.874807 -17.272727 93.562597
v 57.874807 -17.272727 93.275116
v 57.874807 -17.272727 93.850077
v 57.874807 -17.272727 94.137558
v 57.874807 -17.272727 96.149923
v 57.874807 -17.272727 95.862442
v 57.874807 -17.272727 96.437403
v 57.874807 -17.272727 96.724884
v 57.874807 -16.363636 93.562597
v 57.874807 -16.363636 93.275116
v 57.874807 -16.363636 93.850077
v 57.874807 -16.363636 94.137558
v 57.874807 -16.363636 96.149923
v 57.874807 -16.363636 95.862442
v 57.874807 -16.363636 96.437403
v 57.874807 -16.363636 96.724884
v 57.874807 -15.454545 93.562597
v 57.874807 -15.454545 93.275116
v 57.874807 -15.454545 93.850077
v 57.874807 -15.454545 94.137558
v 57.874807 -15.454545 96.149923
v 57.874807 -15.454545 95.862442
v 57.874807 -15.454545 96.437403
v 57.874807 -15.454545 96.724884
v 57.874807 -14.545455 93.562597
v 57.874807 -14.545455 93.275116
v 57.874807 -14.545455 93.850077
v 57.874807 -14.545455 94.137558
v 57.874807 -14.545455 96.149923
v 57.874807 -14.545455 95.862442
v 57.874807 -14.545455 96.437403
v 57.874807 -14.545455 96.724884
v 57.874807 -13.636364 93.562597
v 57.874807 -13.636364 93.275116
v 57.874807 -13.636364 93.850077
v 57.874807 -13.636364 94.137558
v 57.874807 -13.636364 96.149923
v 57.874807 -13.636364 95.862442
v 57.874807 -13.636364 96.437403
v 57.874807 -13.636364 96.724884
v 57.874807 -12.727273 93.562597
v 57.874807 -12.727273 93.275116
v 57.874807 -12.727273 93.850077
v 57.874807 -12.727273 94.137558
v 57.874807 -12.727273 96.149923
v 57.874807 -12.727273 95.862442
v 57.874807 -12.727273 96.437403
v 57.874807 -12.727273 96.724884
v 57.874807 -11.818182 93.562597
v 57.874807 -11.818182 93.275116
v 57.874807 -11.818182 93.850077
v 57.874807 -11.818182 94.137558
v 57.874807 -11.818182 96.149923
v 57.874807 -11.818182 95.862442
v 57.874807 -11.818182 96.437403
v 57.874807 -11.818182 96.724884
v 57.874807 -10.909091 93.562597
v 57.874807 -10.909091 93.275116
v 57.874807 -10.909091 93.850077
v 57.874807 -10.909091 94.137558
v 57.874807 -10.909091 96.149923
v 57.874807 -10.909091 95.862442
v 57.874807 -10.909091 96.437403
v 57.874807 -10.909091 96.724884
v 57.874807 -10.000000 93.562597
v 57.874807 -10.000000 93.275116
v 57.874807 -10.000000 93.850077
v 57.874807 -10.000000 94.137558
v 57.874807 -10.000000 96.149923
v 57.874807 -10.000000 95.862442
v 57.874807 -10.000000 96.437403
v 57.874807 -10.000000 96.724884
v 57.874807 -9.090909 93.562597
v 57.874807 -9.090909 93.275116
v 57.874807 -9.090909 93.850077
v 57.874807 -9.090909 94.137558
v 57.874807 -9.090909 96.149923
v 57.874807 -9.090909 95.862442
v 57.874807 -9.090909 96.437403
v 57.874807 -9.090909 96.724884
v 57.874807 -8.181818 93.562597
v 57.874807 -8.181818 93.275116
v 57.874807 -8.181818 93.850077
v 57.874807 -8.181818 94.137558
v 57.874807 -8.181818 96.149923
v 57.874807 -8.181818 95.862442
v 57.874807 -8.181818 96.437403
v 57.874807 -8.181818 96.724884
v 57.874807 -7.272727 93.562597
v 57.874807 -7.272727 93.275116
v 57.874807 -7.272727 93.850077
v 57.874807 -7.272727 94.137558
v 57.874807 -7.272727 96.149923
v 57.874807 -7.272727 95.862442
v 57.874807 -7.272727 96.437403
v 57.874807 -7.272727 96.724884
v 57.874807 -6.363636 93.562597
v 57.874807 -6.363636 93.275116
v 57.874807 -6.363636 93.850077
v 57.874807 -6.363636 94.137558
v 57.874807 -6.363636 96.149923
v 57.874807 -6.363636 95.862442
v 57.874807 -6.363636 96.437403
v 57.874807 -6.363636 96.724884
v 57.874807 -5.454545 93.562597
v 57.874807 -5.454545 93.275116
v 57.874807 -5.454545 93.850077
v 57.874807 -5.454545 94.137558
v 57.874807 -5.454545 96.149923
v 57.874807 -5.454545 95.862442
v 57.874807 -5.454545 96.437403
v 57.874807 -5.454545 96.724884
v 57.874807 -4.545455 93.562597
v 57.874807 -4.545455 93.275116
v 57.874807 -4.545455 93.850077
v 57.874807 -4.545455 94.137558
v 57.874807 -4.545455 96.149923
v 57.874807 -4.545455 95.862442
v 57.874807 -4.545455 96.437403
v 57.874807 -4.545455 96.724884
v 57.874807 -3.636364 93.562597
v 57.874807 -3.636364 93.275116
v 57.874807 -3.636364 93.850077
v 57.874807 -3.636364 94.137558
v 57.874807 -3.636364 96.149923
v 57.874807 -3.636364 95.862442
v 57.874807 -3.636364 96.437403
v 57.874807 -3.636364 96.724884
v 57.874807 -2.727273 93.562597
v 57.874807 -2.727273 93.275116
v 57.874807 -2.727273 93.850077
v 57.874807 -2.727273 94.137558
v 57.874807 -2.727273 96.149923
v 57.874807 -2.727273 95.862442
v 57.874807 -2.727273 96.437403
v 57.874807 -2.727273 96.724884
v 57.874807 -1.818182 93.562597
v 57.874807 -1.818182 93.275116
v 57.874807 -1.818182 93.850077
v 57.874807 -1.818182 94.137558
v 57.874807 -1.818182 96.149923
v 57.874807 -1.818182 95.862442
v 57.874807 -1.818182 96.437403
v 57.874807 -1.818182 96.724884
v 57.874807 -0.909091 93.562597
v 57.874807 -0.909091 93.275116
v 57.874807 -0.909091 93.850077
v 57.874807 -0.909091 94.137558
v 57.874807 -0.909091 96.149923
v 57.874807 -0.909091 95.862442
v 57.874807 -0.909091 96.437403
v 57.874807 -0.909091 96.724884
v 57.874807 0.000000 93.562597
v 57.874807 0.000000 93.275116
v 57.874807 0.000000 93.850077
v 57.874807 0.000000 94.137558
v 57.874807 0.000000 94.425039
v 57.874807 0.000000 94.712519
v 57.874807 0.000000 95.000000
v 57.874807 0.000000 95.287481
v 57.874807 0.000000 95.574961
v 57.874807 0.000000 95.862442
v 57.874807 0.000000 96.149923
v 57.874807 0.000000 96.437403
v 57.874807 0.000000 96.724884
v 58.162288 -20.000000 94.137558
v 58.162288 -20.000000 94.425039
v 58.162288 -19.090909 94.425039
v 58.162288 -19.090909 94.137558
v 58.162288 -20.000000 94.712519
v 58.162288 -19.090909 94.712519
v 58.162288 -20.000000 95.000000
v 58.162288 -19.090909 95.000000
v 58.162288 -20.000000 95.287481
v 58.162288 -19.090909 95.287481
v 58.162288 -20.000000 95.574961
v 58.162288 -19.090909 95.574961
v 58.162288 -20.000000 95.862442
v 58.162288 -19.090909 95.862442
v 58.162288 -18.181818 94.425039
v 58.162288 -18.181818 94.137558
v 58.162288 -18.181818 94.712519
v 58.162288 -18.181818 95.000000
v 58.162288 -18.181818 95.287481
v 58.162288 -18.181818 95.574961
v 58.162288 -18.181818 95.862442
v 58.162288 -17.272727 94.425039
v 58.162288 -17.272727 94.137558
v 58.162288 -17.272727 94.712519
v 58.162288 -17.272727 95.000000
v 58.162288 -17.272727 95.287481
v 58.162288 -17.272727 95.574961
v 58.162288 -17.272727 95.862442
v 58.162288 -16.363636 94.425039
v 58.162288 -16.363636 94.137558
v 58.162288 -16.363636 94.712519
v 58.162288 -16.363636 95.000000
v 58.162288 -16.363636 95.287481
v 58.162288 -16.363636 95.574961
v 58.162288 -16.363636 95.862442
v 58.162288 -15.454545 94.425039
v 58.162288 -15.454545 94.137558
v 58.162288 -15.454545 94.712519
v 58.162288 -15.454545 95.000000
v 58.162288 -15.454545 95.287481
v 58.162288 -15.454545 95.574961
v 58.162288 -15.454545 95.862442
v 58.162288 -14.545455 94.425039
v 58.162288 -14.545455 94.137558
v 58.162288 -14.545455 94.712519
v 58.162288 -14.545455 95.000000
v 58.162288 -14.545455 95.287481
v 58.162288 -14.545455 95.574961
v 58.162288 -14.545455 95.862442
v 58.162288 -13.636364 94.425039
v 58.162288 -13.636364 94.137558
v 58.162288 -13.636364 94.712519
v 58.162288 -13.636364 95.000000
v 58.162288 -13.636364 95.287481
v 58.162288 -13.636364 95.574961
v 58.162288 -13.636364 95.862442
v 58.162288 -12.727273 94.425039
v 58.162288 -12.727273 94.137558
v 58.162288 -12.727273 94.712519
v 58.162288 -12.727273 95.000000
v 58.162288 -12.727273 95.287481
v 58.162288 -12.727273 95.574961
v 58.162288 -12.727273 95.862442
v 58.162288 -11.818182 94.425039
v 58.162288 -11.818182 94.137558
v 58.162288 -11.818182 94.712519
v 58.162288 -11.818182 95.000000
v 58.162288 -11.818182 95.287481
v 58.162288 -11.818182 95.574961
v 58.162288 -11.818182 95.862442
v 58.162288 -10.909091 94.425039
v 58.162288 -10.909091 94.137558
v 58.162288 -10.909091 94.712519
v 58.162288 -10.909091 95.000000
v 58.162288 -10.909091 95.287481
v 58.162288 -10.909091 95.574961
v 58.162288 -10.909091 95.862442
v 58.162288 -10.000000 94.425039
v 58.162288 -10.000000 94.137558
v 58.162288 -10.000000 94.712519
v 58.162288 -10.000000 95.000000
v 58.162288 -10.000000 95.287481
v 58.162288 -10.000000 95.574961
v 58.162288 -10.000000 95.862442
v 58.162288 -9.090909 94.425039
v 58.162288 -9.090909 94.137558
v 58.162288 -9.090909 94.712519
v 58.162288 -9.090909 95.000000
v 58.162288 -9.090909 95.287481
v 58.162288 -9.090909 95.574961
v 58.162288 -9.090909 95.862442
v 58.162288 -8.181818 94.425039
v 58.162288 -8.181818 94.137558
v 58.162288 -8.181818 94.712519
v 58.162288 -8.181818 95.000000
v 58.162288 -8.181818 95.287481
v 58.162288 -8.181818 95.574961
v 58.162288 -8.181818 95.862442
v 58.162288 -7.272727 94.425039
v 58.162288 -7.272727 94.137558
v 58.162288 -7.272727 94.712519
v 58.162288 -7.272727 95.000000
v 58.162288 -7.272727 95.287481
v 58.162288 -7.272727 95.574961
v 58.162288 -7.272727 95.862442
v 58.162288 -6.363636 94.425039
v 58.162288 -6.363636 94.137558
v 58.162288 -6.363636 94.712519
v 58.162288 -6.363636 95.000000
v 58.162288 -6.363636 95.287481
v 58.162288 -6.363636 95.574961
v 58.162288 -6.363636 95.862442
v 58.162288 -5.454545 94.425039
v 58.162288 -5.454545 94.137558
v 58.162288 -5.454545 94.712519
v 58.162288 -5.454545 95.000000
v 58.162288 -5.454545 95.287481
v 58.162288 -5.454545 95.574961
v 58.162288 -5.454545 95.862442
v 58.162288 -4.545455 94.425039
v 58.162288 -4.545455 94.137558
v 58.162288 -4.545455 94.712519
v 58.162288 -4.545455 95.000000
v 58.162288 -4.545455 95.287481
v 58.162288 -4.545455 95.574961
v 58.162288 -4.545455 95.862442
v 58.162288 -3.636364 94.425039
v 58.162288 -3.636364 94.137558
v 58.162288 -3.636364 94.712519
v 58.162288 -3.636364 95.000000
v 58.162288 -3.636364 95.287481
v 58.162288 -3.636364 95.574961
v 58.162288 -3.636364 95.862442
v 58.162288 -2.727273 94.425039
v 58.162288 -2.727273 94.137558
v 58.162288 -2.727273 94.712519
v 58.162288 -2.727273 95.000000
v 58.162288 -2.727273 95.287481
v 58.162288 -2.727273 95.574961
v 58.162288 -2.727273 95.862442
v 58.162288 -1.818182 94.425039
v 58.162288 -1.818182 94.137558
v 58.162288 -1.818182 94.712519
v 58.162288 -1.818182 95.000000
v 58.162288 -1.818182 95.287481
v 58.162288 -1.818182 95.574961
v 58.162288 -1.818182 95.862442
v 58.162288 -0.909091 94.425039
v 58.162288 -0.909091 94.137558
v 58.162288 -0.909091 94.712519
v 58.162288 -0.909091 95.000000
v 58.162288 -0.909091 95.287481
v 58.162288 -0.909091 95.574961
v 58.162288 -0.909091 95.862442
v 58.162288 0.000000 94.425039
v 58.162288 0.000000 94.137558
v 58.162288 0.000000 94.712519
v 58.162288 0.000000 95.000000
v 58.162288 0.000000 95.287481
v 58.162288 0.000000 95.574961
v 58.162288 0.000000 95.862442
f 1 2 3
f 1 3 4
f 1 5 6
f 1 6 4
f 1 2 7
f 1 7 5
f 4 3 8
f 4 8 9
f 4 6 10
f 4 10 9
f 9 8 11
f 9 11 12
f 9 10 13
f 9 13 12
f 12 11 14
f 12 14 15
f 12 13 16
f 12 16 15
f 15 14 17
f 15 17 18
f 15 16 19
f 15 19 18
f 18 17 20
f 18 20 21
f 18 19 22
f 18 22 21
f 21 22 23
f 21 23 20
f 2 24 25
f 2 25 3
f 2 24 26
f 2 26 7
f 3 25 27
f 3 27 8
f 8 27 28
f 8 28 11
f 11 28 29
f 11 29 14
f 14 29 30
f 14 30 17
f 17 30 31
f 17 31 20
f 20 23 32
f 20 32 31
f 24 33 34
f 24 34 25
f 24 33 35
f 24 35 26
f 25 34 36
f 25 36 27
f 27 36 37
f 27 37 28
f 28 37 38
f 28 38 29
f 29 38 39
f 29 39 30
f 30 39 40
f 30 40 31
f 31 32 41
f 31 41 40
f 33 42 43
f 33 43 34
f 33 42 44
f 33 44 35
f 34 43 45
f 34 45 36
f 36 45 46
f 36 46 37
f 37 46 47
f 37 47 38
f 38 47 48
f 38 48 39
f 39 48 49
f 39 49 40
f 40 41 50
f 40 50 49
f 42 51 52
f 42 52 43
f 42 51 53
f 42 53 44
f 43 52 54
f 43 54 45
f 45 54 55
f 45 55 46
f 46 55 56
f 46 56 47
f 47 56 57
f 47 57 48
f 48 57 58
f 48 58 49
f 49 50 59
f 49 59 58
f 51 60 61
f 51 61 52
f 51 60 62
f 51 62 53
f 52 61 63
f 52 63 54
f 54 63 64
f 54 64 55
f 55 64 65
f 55 65 56
f 56 65 66
f 56 66 57
f 57 66 67
f 57 67 58
f 58 59 68
f 58 68 67
f 60 69 70
f 60 70 61
f 60 69 71
f 60 71 62
f 61 70 72
f 61 72 63
f 63 72 73
f 63 73 64
f 64 73 74
f 64 74 65
f 65 74 75
f 65 75 66
f 66 75 76
f 66 76 67
f 67 68 77
f 67 77 76
f 69 78 79
f 69 79 70
f 69 78 80
f 69 80 71
f 70 79 81
f 70 81 72
f 72 81 82
f 72 82 73
f 73 82 83
f 73 83 74
f 74 83 84
f 74 84 75
f 75 84 85
f 75 85 76
f 76 77 86
f 76 86 85
f 78 87 88
f 78 88 79
f 78 87 89
f 78 89 80
f 79 88 90
f 79 90 81
f 81 90 91
f 81 91 82
f 82 91 92
f 82 92 83
f 83 92 93
f 83 93 84
f 84 93 94
f 84 94 85
f 85 86 95
f 85 95 94
f 87 96 97
f 87 97 88
f 87 96 98
f 87 98 89
f 88 97 99
f 88 99 90
f 90 99 100
f 90 100 91
f 91 100 101
f 91 101 92
f 92 101 102
f 92 102 93
f 93 102 103
f 93 103 94
f 94 95 104
f 94 104 103
f 96 105 106
f 96 106 97
f 96 105 107
f 96 107 98
f 97 106 108
f 97 108 99
f 99 108 109
f 99 109 100
f 100 109 110
f 100 110 101
f 101 110 111
f 101 111 102
f 102 111 112
f 102 112 103
f 103 104 113
f 103 113 112
f 105 114 115
f 105 115 106
f 105 114 116
f 105 116 107
f 106 115 117
f 106 117 108
f 108 117 118
f 108 118 109
f 109 118 119
f 109 119 110
f 110 119 120
f 110 120 111
f 111 120 121
f 111 121 112
f 112 113 122
f 112 122 121
f 114 123 124
f 114 124 115
f 114 123 125
f 114 125 116
f 115 124 126
f 115 126 117
f 117 126 127
f 117 127 118
f 118 127 128
f 118 128 119
f 119 128 129
f 119 129 120
f 120 129 130
f 120 130 121
f 121 122 131
f 121 131 130
f 123 132 133
f 123 133 124
f 123 132 134
f 123 134 125
f 124 133 135
f 124 135 126
f 126 135 136
f 126 136 127
f 127 136 137
f 127 137 128
f 128 137 138
f 128 138 129
f 129 138 139
f 129 139 130
f 130 131 140
f 130 140 139
f 132 141 142
f 132 142 133
f 132 141 143
f 132 143 134
f 133 142 144
f 133 144 135
f 135 144 145
f 135 145 136
f 136 145 146
f 136 146 137
f 137 146 147
f 137 147 138
f 138 147 148
f 138 148 139
f 139 140 149
f 139 149 148
f 141 150 151
f 141 151 142
f 141 150 152
f 141 152 143
f 142 151 153
f 142 153 144
f 144 153 154
f 144 154 145
f 145 154 155
f 145 155 146
f 146 155 156
f 146 156 147
f 147 156 157
f 147 157 148
f 148 149 158
f 148 158 157
f 150 159 160
f 150 160 151
f 150 159 161
f 150 161 152
f 151 160 162
f 151 162 153
f 153 162 163
f 153 163 154
f 154 163 164
f 154 164 155
f 155 164 165
f 155 165 156
f 156 165 166
f 156 166 157
f 157 158 167
f 157 167 166
f 159 168 169
f 159 169 160
f 159 168 170
f 159 170 161
f 160 169 171
f 160 171 162
f 162 171 172
f 162 172 163
f 163 172 173
f 163 173 164
f 164 173 174
f 164 174 165
f 165 174 175
f 165 175 166
f 166 167 176
f 166 176 175
f 168 177 178
f 168 178 169
f 168 177 179
f 168 179 170
f 169 178 180
f 169 180 171
f 171 180 181
f 171 181 172
f 172 181 182
f 172 182 173
f 173 182 183
f 173 183 174
f 174 183 184
f 174 184 175
f 175 176 185
f 175 185 184
f 177 186 187
f 177 187 178
f 177 186 188
f 177 188 179
f 178 187 189
f 178 189 180
f 180 189 190
f 180 190 181
f 181 190 191
f 181 191 182
f 182 191 192
f 182 192 183
f 183 192 193
f 183 193 184
f 184 185 194
f 184 194 193
f 186 195 196
f 186 196 187
f 186 195 197
f 186 197 188
f 187 196 198
f 187 198 189
f 189 198 199
f 189 199 190
f 190 199 200
f 190 200 191
f 191 200 201
f 191 201 192
f 192 201 202
f 192 202 193
f 193 194 203
f 193 203 202
f 195 204 205
f 195 205 196
f 204 205 206
f 204 206 207
f 195 204 207
f 195 207 197
f 196 205 208
f 196 208 198
f 205 208 209
f 205 209 206
f 198 208 210
f 198 210 199
f 208 210 211
f 208 211 209
f 199 210 212
f 199 212 200
f 210 212 213
f 210 213 211
f 200 212 214
f 200 214 201
f 212 214 215
f 212 215 213
f 201 214 216
f 201 216 202
f 214 216 217
f 214 217 215
f 202 203 217
f 202 217 216
f 218 219 220
f 218 220 221
f 218 222 223
f 218 223 221
f 218 219 224
f 218 224 222
f 221 220 225
f 221 225 226
f 221 223 227
f 221 227 226
f 226 225 7
f 226 7 5
f 226 227 228
f 226 228 5
f 5 228 229
f 5 229 6
f 6 229 230
f 6 230 10
f 10 230 231
f 10 231 13
f 13 231 232
f 13 232 16
f 16 232 233
f 16 233 19
f 19 233 234
f 19 234 22
f 22 23 235
f 22 235 236
f 22 234 237
f 22 237 236
f 236 235 238
f 236 238 239
f 236 237 240
f 236 240 239
f 239 238 241
f 239 241 242
f 239 240 243
f 239 243 242
f 242 243 244
f 242 244 241
f 219 245 246
f 219 246 220
f 219 245 247
f 219 247 224
f 220 246 248
f 220 248 225
f 225 248 26
f 225 26 7
f 23 32 249
f 23 249 235
f 235 249 250
f 235 250 238
f 238 250 251
f 238 251 241
f 241 244 252
f 241 252 251
f 245 253 254
f 245 254 246
f 245 253 255
f 245 255 247
f 246 254 256
f 246 256 248
f 248 256 35
f 248 35 26
f 32 41 257
f 32 257 249
f 249 257 258
f 249 258 250
f 250 258 259
f 250 259 251
f 251 252 260
f 251 260 259
f 253 261 262
f 253 262 254
f 253 261 263
f 253 263 255
f 254 262 264
f 254 264 256
f 256 264 44
f 256 44 35
f 41 50 265
f 41 265 257
f 257 265 266
f 257 266 258
f 258 266 267
f 258 267 259
f 259 260 268
f 259 268 267
f 261 269 270
f 261 270 262
f 261 269 271
f 261 271 263
f 262 270 272
f 262 272 264
f 264 272 53
f 264 53 44
f 50 59 273
f 50 273 265
f 265 273 274
f 265 274 266
f 266 274 275
f 266 275 267
f 267 268 276
f 267 276 275
f 269 277 278
f 269 278 270
f 269 277 279
f 269 279 271
f 270 278 280
f 270 280 272
f 272 280 62
f 272 62 53
f 59 68 281
f 59 281 273
f 273 281 282
f 273 282 274
f 274 282 283
f 274 283 275
f 275 276 284
f 275 284 283
f 277 285 286
f 277 286 278
f 277 285 287
f 277 287 279
f 278 286 288
f 278 288 280
f 280 288 71
f 280 71 62
f 68 77 289
f 68 289 281
f 281 289 290
f 281 290 282
f 282 290 291
f 282 291 283
f 283 284 292
f 283 292 291
f 285 293 294
f 285 294 286
f 285 293 295
f 285 295 287
f 286 294 296
f 286 296 288
f 288 296 80
f 288 80 71
f 77 86 297
f 77 297 289
f 289 297 298
f 289 298 290
f 290 298 299
f 290 299 291
f 291 292 300
f 291 300 299
f 293 301 302
f 293 302 294
f 293 301 303
f 293 303 295
f 294 302 304
f 294 304 296
f 296 304 89
f 296 89 80
f 86 95 305
f 86 305 297
f 297 305 306
f 297 306 298
f 298 306 307
f 298 307 299
f 299 300 308
f 299 308 307
f 301 309 310
f 301 310 302
f 301 309 311
f 301 311 303
f 302 310 312
f 302 312 304
f 304 312 98
f 304 98 89
f 95 104 313
f 95 313 305
f 305 313 314
f 305 314 306
f 306 314 315
f 306 315 307
f 307 308 316
f 307 316 315
f 309 317 318
f 309 318 310
f 309 317 319
f 309 319 311
f 310 318 320
f 310 320 312
f 312 320 107
f 312 107 98
f 104 113 321
f 104 321 313
f 313 321 322
f 313 322 314
f 314 322 323
f 314 323 315
f 315 316 324
f 315 324 323
f 317 325 326
f 317 326 318
f 317 325 327
f 317 327 319
f 318 326 328
f 318 328 320
f 320 328 116
f 320 116 107
f 113 122 329
f 113 329 321
f 321 329 330
f 321 330 322
f 322 330 331
f 322 331 323
f 323 324 332
f 323 332 331
f 325 333 334
f 325 334 326
f 325 333 335
f 325 335 327
f 326 334 336
f 326 336 328
f 328 336 125
f 328 125 116
f 122 131 337
f 122 337 329
f 329 337 338
f 329 338 330
f 330 338 339
f 330 339 331
f 331 332 340
f 331 340 339
f 333 341 342
f 333 342 334
f 333 341 343
f 333 343 335
f 334 342 344
f 334 344 336
f 336 344 134
f 336 134 125
f 131 140 345
f 131 345 337
f 337 345 346
f 337 346 338
f 338 346 347
f 338 347 339
f 339 340 348
f 339 348 347
f 341 349 350
f 341 350 342
f 341 349 351
f 341 351 343
f 342 350 352
f 342 352 344
f 344 352 143
f 344 143 134
f 140 149 353
f 140 353 345
f 345 353 354
f 345 354 346
f 346 354 355
f 346 355 347
f 347 348 356
f 347 356 355
f 349 357 358
f 349 358 350
f 349 357 359
f 349 359 351
f 350 358 360
f 350 360 352
f 352 360 152
f 352 152 143
f 149 158 361
f 149 361 353
f 353 361 362
f 353 362 354
f 354 362 363
f 354 363 355
f 355 356 364
f 355 364 363
f 357 365 366
f 357 366 358
f 357 365 367
f 357 367 359
f 358 366 368
f 358 368 360
f 360 368 161
f 360 161 152
f 158 167 369
f 158 369 361
f 361 369 370
f 361 370 362
f 362 370 371
f 362 371 363
f 363 364 372
f 363 372 371
f 365 373 374
f 365 374 366
f 365 373 375
f 365 375 367
f 366 374 376
f 366 376 368
f 368 376 170
f 368 170 161
f 167 176 377
f 167 377 369
f 369 377 378
f 369 378 370
f 370 378 379
f 370 379 371
f 371 372 380
f 371 380 379
f 373 381 382
f 373 382 374
f 373 381 383
f 373 383 375
f 374 382 384
f 374 384 376
f 376 384 179
f 376 179 170
f 176 185 385
f 176 385 377
f 377 385 386
f 377 386 378
f 378 386 387
f 378 387 379
f 379 380 388
f 379 388 387
f 381 389 390
f 381 390 382
f 381 389 391
f 381 391 383
f 382 390 392
f 382 392 384
f 384 392 188
f 384 188 179
f 185 194 393
f 185 393 385
f 385 393 394
f 385 394 386
f 386 394 395
f 386 395 387
f 387 388 396
f 387 396 395
f 389 397 398
f 389 398 390
f 389 397 399
f 389 399 391
f 390 398 400
f 390 400 392
f 392 400 197
f 392 197 188
f 194 203 401
f 194 401 393
f 393 401 402
f 393 402 394
f 394 402 403
f 394 403 395
f 395 396 404
f 395 404 403
f 397 405 406
f 397 406 398
f 405 406 407
f 405 407 408
f 397 405 408
f 397 408 399
f 398 406 409
f 398 409 400
f 406 409 410
f 406 410 407
f 400 409 207
f 400 207 197
f 409 207 411
f 409 411 410
f 207 206 412
f 207 412 411
f 206 209 413
f 206 413 412
f 209 211 414
f 209 414 413
f 211 213 415
f 211 415 414
f 213 215 416
f 213 416 415
f 215 217 417
f 215 417 416
f 203 217 418
f 203 418 401
f 217 418 419
f 217 419 417
f 401 418 420
f 401 420 402
f 418 420 421
f 418 421 419
f 402 420 422
f 402 422 403
f 420 422 423
f 420 423 421
f 403 404 423
f 403 423 422
f 424 425 224
f 424 224 222
f 424 426 427
f 424 427 222
f 424 425 428
f 424 428 426
f 222 427 429
f 222 429 223
f 223 429 430
f 223 430 227
f 227 430 431
f 227 431 228
f 228 431 432
f 228 432 229
f 229 432 433
f 229 433 230
f 230 433 434
f 230 434 231
f 231 434 435
f 231 435 232
f 232 435 436
f 232 436 233
f 233 436 437
f 233 437 234
f 234 437 438
f 234 438 237
f 237 438 439
f 237 439 240
f 240 439 440
f 240 440 243
f 243 244 441
f 243 441 442
f 243 440 443
f 243 443 442
f 442 443 444
f 442 444 441
f 425 445 247
f 425 247 224
f 425 445 446
f 425 446 428
f 244 252 447
f 244 447 441
f 441 444 448
f 441 448 447
f 445 449 255
f 445 255 247
f 445 449 450
f 445 450 446
f 252 260 451
f 252 451 447
f 447 448 452
f 447 452 451
f 449 453 263
f 449 263 255
f 449 453 454
f 449 454 450
f 260 268 455
f 260 455 451
f 451 452 456
f 451 456 455
f 453 457 271
f 453 271 263
f 453 457 458
f 453 458 454
f 268 276 459
f 268 459 455
f 455 456 460
f 455 460 459
f 457 461 279
f 457 279 271
f 457 461 462
f 457 462 458
f 276 284 463
f 276 463 459
f 459 460 464
f 459 464 463
f 461 465 287
f 461 287 279
f 461 465 466
f 461 466 462
f 284 292 467
f 284 467 463
f 463 464 468
f 463 468 467
f 465 469 295
f 465 295 287
f 465 469 470
f 465 470 466
f 292 300 471
f 292 471 467
f 467 468 472
f 467 472 471
f 469 473 303
f 469 303 295
f 469 473 474
f 469 474 470
f 300 308 475
f 300 475 471
f 471 472 476
f 471 476 475
f 473 477 311
f 473 311 303
f 473 477 478
f 473 478 474
f 308 316 479
f 308 479 475
f 475 476 480
f 475 480 479
f 477 481 319
f 477 319 311
f 477 481 482
f 477 482 478
f 316 324 483
f 316 483 479
f 479 480 484
f 479 484 483
f 481 485 327
f 481 327 319
f 481 485 486
f 481 486 482
f 324 332 487
f 324 487 483
f 483 484 488
f 483 488 487
f 485 489 335
f 485 335 327
f 485 489 490
f 485 490 486
f 332 340 491
f 332 491 487
f 487 488 492
f 487 492 491
f 489 493 343
f 489 343 335
f 489 493 494
f 489 494 490
f 340 348 495
f 340 495 491
f 491 492 496
f 491 496 495
f 493 497 351
f 493 351 343
f 493 497 498
f 493 498 494
f 348 356 499
f 348 499 495
f 495 496 500
f 495 500 499
f 497 501 359
f 497 359 351
f 497 501 502
f 497 502 498
f 356 364 503
f 356 503 499
f 499 500 504
f 499 504 503
f 501 505 367
f 501 367 359
f 501 505 506
f 501 506 502
f 364 372 507
f 364 507 503
f 503 504 508
f 503 508 507
f 505 509 375
f 505 375 367
f 505 509 510
f 505 510 506
f 372 380 511
f 372 511 507
f 507 508 512
f 507 512 511
f 509 513 383
f 509 383 375
f 509 513 514
f 509 514 510
f 380 388 515
f 380 515 511
f 511 512 516
f 511 516 515
f 513 517 391
f 513 391 383
f 513 517 518
f 513 518 514
f 388 396 519
f 388 519 515
f 515 516 520
f 515 520 519
f 517 521 399
f 517 399 391
f 517 521 522
f 517 522 518
f 396 404 523
f 396 523 519
f 519 520 524
f 519 524 523
f 521 525 408
f 521 408 399
f 525 408 526
f 525 526 527
f 521 525 527
f 521 527 522
f 408 407 528
f 408 528 526
f 407 410 529
f 407 529 528
f 410 411 530
f 410 530 529
f 411 412 531
f 411 531 530
f 412 413 532
f 412 532 531
f 413 414 533
f 413 533 532
f 414 415 534
f 414 534 533
f 415 416 535
f 415 535 534
f 416 417 536
f 416 536 535
f 417 419 537
f 417 537 536
f 419 421 538
f 419 538 537
f 421 423 539
f 421 539 538
f 404 423 540
f 404 540 523
f 423 540 541
f 423 541 539
f 523 524 541
f 523 541 540
f 542 543 428
f 542 428 426
f 542 544 545
f 542 545 426
f 542 543 546
f 542 546 544
f 426 545 547
f 426 547 427
f 427 547 548
f 427 548 429
f 429 548 549
f 429 549 430
f 430 549 550
f 430 550 431
f 431 550 551
f 431 551 432
f 432 551 552
f 432 552 433
f 433 552 553
f 433 553 434
f 434 553 554
f 434 554 435
f 435 554 555
f 435 555 436
f 436 555 556
f 436 556 437
f 437 556 557
f 437 557 438
f 438 557 558
f 438 558 439
f 439 558 559
f 439 559 440
f 440 559 560
f 440 560 443
f 443 444 561
f 443 561 562
f 443 560 563
f 443 563 562
f 562 563 564
f 562 564 561
f 543 565 446
f 543 446 428
f 543 565 566
f 543 566 546
f 444 448 567
f 444 567 561
f 561 564 568
f 561 568 567
f 565 569 450
f 565 450 446
f 565 569 570
f 565 570 566
f 448 452 571
f 448 571 567
f 567 568 572
f 567 572 571
f 569 573 454
f 569 454 450
f 569 573 574
f 569 574 570
f 452 456 575
f 452 575 571
f 571 572 576
f 571 576 575
f 573 577 458
f 573 458 454
f 573 577 578
f 573 578 574
f 456 460 579
f 456 579 575
f 575 576 580
f 575 580 579
f 577 581 462
f 577 462 458
f 577 581 582
f 577 582 578
f 460 464 583
f 460 583 579
f 579 580 584
f 579 584 583
f 581 585 466
f 581 466 462
f 581 585 586
f 581 586 582
f 464 468 587
f 464 587 583
f 583 584 588
f 583 588 587
f 585 589 470
f 585 470 466
f 585 589 590
f 585 590 586
f 468 472 591
f 468 591 587
f 587 588 592
f 587 592 591
f 589 593 474
f 589 474 470
f 589 593 594
f 589 594 590
f 472 476 595
f 472 595 591
f 591 592 596
f 591 596 595
f 593 597 478
f 593 478 474
f 593 597 598
f 593 598 594
f 476 480 599
f 476 599 595
f 595 596 600
f 595 600 599
f 597 601 482
f 597 482 478
f 597 601 602
f 597 602 598
f 480 484 603
f 480 603 599
f 599 600 604
f 599 604 603
f 601 605 486
f 601 486 482
f 601 605 606
f 601 606 602
f 484 488 607
f 484 607 603
f 603 604 608
f 603 608 607
f 605 609 490
f 605 490 486
f 605 609 610
f 605 610 606
f 488 492 611
f 488 611 607
f 607 608 612
f 607 612 611
f 609 613 494
f 609 494 490
f 609 613 614
f 609 614 610
f 492 496 615
f 492 615 611
f 611 612 616
f 611 616 615
f 613 617 498
f 613 498 494
f 613 617 618
f 613 618 614
f 496 500 619
f 496 619 615
f 615 616 620
f 615 620 619
f 617 621 502
f 617 502 498
f 617 621 622
f 617 622 618
f 500 504 623
f 500 623 619
f 619 620 624
f 619 624 623
f 621 625 506
f 621 506 502
f 621 625 626
f 621 626 622
f 504 508 627
f 504 627 623
f 623 624 628
f 623 628 627
f 625 629 510
f 625 510 506
f 625 629 630
f 625 630 626
f 508 512 631
f 508 631 627
f 627 628 632
f 627 632 631
f 629 633 514
f 629 514 510
f 629 633 634
f 629 634 630
f 512 516 635
f 512 635 631
f 631 632 636
f 631 636 635
f 633 637 518
f 633 518 514
f 633 637 638
f 633 638 634
f 516 520 639
f 516 639 635
f 635 636 640
f 635 640 639
f 637 641 522
f 637 522 518
f 637 641 642
f 637 642 638
f 520 524 643
f 520 643 639
f 639 640 644
f 639 644 643
f 641 645 527
f 641 527 522
f 645 527 646
f 645 646 647
f 641 645 647
f 641 647 642
f 527 526 648
f 527 648 646
f 526 528 649
f 526 649 648
f 528 529 650
f 528 650 649
f 529 530 651
f 529 651 650
f 530 531 652
f 530 652 651
f 531 532 653
f 531 653 652
f 532 533 654
f 532 654 653
f 533 534 655
f 533 655 654
f 534 535 656
f 534 656 655
f 535 536 657
f 535 657 656
f 536 537 658
f 536 658 657
f 537 538 659
f 537 659 658
f 538 539 660
f 538 660 659
f 539 541 661
f 539 661 660
f 524 541 662
f 524 662 643
f 541 662 663
f 541 663 661
f 643 644 663
f 643 663 662
f 664 665 546
f 664 546 544
f 664 666 667
f 664 667 544
f 664 665 668
f 664 668 666
f 544 667 669
f 544 669 545
f 545 669 670
f 545 670 547
f 547 670 671
f 547 671 548
f 548 671 672
f 548 672 549
f 549 672 673
f 549 673 550
f 550 673 674
f 550 674 551
f 551 674 675
f 551 675 552
f 552 675 676
f 552 676 553
f 553 676 677
f 553 677 554
f 554 677 678
f 554 678 555
f 555 678 679
f 555 679 556
f 556 679 680
f 556 680 557
f 557 680 681
f 557 681 558
f 558 681 682
f 558 682 559
f 559 682 683
f 559 683 560
f 560 683 684
f 560 684 563
f 563 564 685
f 563 685 686
f 563 684 687
f 563 687 686
f 686 687 688
f 686 688 685
f 665 689 566
f 665 566 546
f 665 689 690
f 665 690 668
f 564 568 691
f 564 691 685
f 685 688 692
f 685 692 691
f 689 693 570
f 689 570 566
f 689 693 694
f 689 694 690
f 568 572 695
f 568 695 691
f 691 692 696
f 691 696 695
f 693 697 574
f 693 574 570
f 693 697 698
f 693 698 694
f 572 576 699
f 572 699 695
f 695 696 700
f 695 700 699
f 697 701 578
f 697 578 574
f 697 701 702
f 697 702 698
f 576 580 703
f 576 703 699
f 699 700 704
f 699 704 703
f 701 705 582
f 701 582 578
f 701 705 706
f 701 706 702
f 580 584 707
f 580 707 703
f 703 704 708
f 703 708 707
f 705 709 586
f 705 586 582
f 705 709 710
f 705 710 706
f 584 588 711
f 584 711 707
f 707 708 712
f 707 712 711
f 709 713 590
f 709 590 586
f 709 713 714
f 709 714 710
f 588 592 715
f 588 715 711
f 711 712 716
f 711 716 715
f 713 717 594
f 713 594 590
f 713 717 718
f 713 718 714
f 592 596 719
f 592 719 715
f 715 716 720
f 715 720 719
f 717 721 598
f 717 598 594
f 717 721 722
f 717 722 718
f 596 600 723
f 596 723 719
f 719 720 724
f 719 724 723
f 721 725 602
f 721 602 598
f 721 725 726
f 721 726 722
f 600 604 727
f 600 727 723
f 723 724 728
f 723 728 727
f 725 729 606
f 725 606 602
f 725 729 730
f 725 730 726
f 604 608 731
f 604 731 727
f 727 728 732
f 727 732 731
f 729 733 610
f 729 610 606
f 729 733 734
f 729 734 730
f 608 612 735
f 608 735 731
f 731 732 736
f 731 736 735
f 733 737 614
f 733 614 610
f 733 737 738
f 733 738 734
f 612 616 739
f 612 739 735
f 735 736 740
f 735 740 739
f 737 741 618
f 737 618 614
f 737 741 742
f 737 742 738
f 616 620 743
f 616 743 739
f 739 740 744
f 739 744 743
f 741 745 622
f 741 622 618
f 741 745 746
f 741 746 742
f 620 624 747
f 620 747 743
f 743 744 748
f 743 748 747
f 745 749 626
f 745 626 622
f 745 749 750
f 745 750 746
f 624 628 751
f 624 751 747
f 747 748 752
f 747 752 751
f 749 753 630
f 749 630 626
f 749 753 754
f 749 754 750
f 628 632 755
f 628 755 751
f 751 752 756
f 751 756 755
f 753 757 634
f 753 634 630
f 753 757 758
f 753 758 754
f 632 636 759
f 632 759 755
f 755 756 760
f 755 760 759
f 757 761 638
f 757 638 634
f 757 761 762
f 757 762 758
f 636 640 763
f 636 763 759
f 759 760 764
f 759 764 763
f 761 765 642
f 761 642 638
f 761 765 766
f 761 766 762
f 640 644 767
f 640 767 763
f 763 764 768
f 763 768 767
f 765 769 647
f 765 647 642
f 769 647 770
f 769 770 771
f 765 769 771
f 765 771 766
f 647 646 772
f 647 772 770
f 646 648 773
f 646 773 772
f 648 649 774
f 648 774 773
f 649 650 775
f 649 775 774
f 650 651 776
f 650 776 775
f 651 652 777
f 651 777 776
f 652 653 778
f 652 778 777
f 653 654 779
f 653 779 778
f 654 655 780
f 654 780 779
f 655 656 781
f 655 781 780
f 656 657 782
f 656 782 781
f 657 658 783
f 657 783 782
f 658 659 784
f 658 784 783
f 659 660 785
f 659 785 784
f 660 661 786
f 660 786 785
f 661 663 787
f 661 787 786
f 644 663 788
f 644 788 767
f 663 788 789
f 663 789 787
f 767 768 789
f 767 789 788
f 790 791 668
f 790 668 666
f 790 792 793
f 790 793 666
f 790 791 794
f 790 794 792
f 666 793 795
f 666 795 667
f 667 795 796
f 667 796 669
f 669 796 797
f 669 797 670
f 670 797 798
f 670 798 671
f 671 798 799
f 671 799 672
f 672 799 800
f 672 800 673
f 673 800 801
f 673 801 674
f 674 801 802
f 674 802 675
f 675 802 803
f 675 803 676
f 676 803 804
f 676 804 677
f 677 804 805
f 677 805 678
f 678 805 806
f 678 806 679
f 679 806 807
f 679 807 680
f 680 807 808
f 680 808 681
f 681 808 809
f 681 809 682
f 682 809 810
f 682 810 683
f 683 810 811
f 683 811 684
f 684 811 812
f 684 812 687
f 687 688 813
f 687 813 814
f 687 812 815
f 687 815 814
f 814 815 816
f 814 816 813
f 791 817 690
f 791 690 668
f 791 817 818
f 791 818 794
f 688 692 819
f 688 819 813
f 813 816 820
f 813 820 819
f 817 821 694
f 817 694 690
f 817 821 822
f 817 822 818
f 692 696 823
f 692 823 819
f 819 820 824
f 819 824 823
f 821 825 698
f 821 698 694
f 821 825 826
f 821 826 822
f 696 700 827
f 696 827 823
f 823 824 828
f 823 828 827
f 825 829 702
f 825 702 698
f 825 829 830
f 825 830 826
f 700 704 831
f 700 831 827
f 827 828 832
f 827 832 831
f 829 833 706
f 829 706 702
f 829 833 834
f 829 834 830
f 704 708 835
f 704 835 831
f 831 832 836
f 831 836 835
f 833 837 710
f 833 710 706
f 833 837 838
f 833 838 834
f 708 712 839
f 708 839 835
f 835 836 840
f 835 840 839
f 837 841 714
f 837 714 710
f 837 841 842
f 837 842 838
f 712 716 843
f 712 843 839
f 839 840 844
f 839 844 843
f 841 845 718
f 841 718 714
f 841 845 846
f 841 846 842
f 716 720 847
f 716 847 843
f 843 844 848
f 843 848 847
f 845 849 722
f 845 722 718
f 845 849 850
f 845 850 846
f 720 724 851
f 720 851 847
f 847 848 852
f 847 852 851
f 849 853 726
f 849 726 722
f 849 853 854
f 849 854 850
f 724 728 855
f 724 855 851
f 851 852 856
f 851 856 855
f 853 857 730
f 853 730 726
f 853 857 858
f 853 858 854
f 728 732 859
f 728 859 855
f 855 856 860
f 855 860 859
f 857 861 734
f 857 734 730
f 857 861 862
f 857 862 858
f 732 736 863
f 732 863 859
f 859 860 864
f 859 864 863
f 861 865 738
f 861 738 734
f 861 865 866
f 861 866 862
f 736 740 867
f 736 867 863
f 863 864 868
f 863 868 867
f 865 869 742
f 865 742 738
f 865 869 870
f 865 870 866
f 740 744 871
f 740 871 867
f 867 868 872
f 867 872 871
f 869 873 746
f 869 746 742
f 869 873 874
f 869 874 870
f 744 748 875
f 744 875 871
f 871 872 876
f 871 876 875
f 873 877 750
f 873 750 746
f 873 877 878
f 873 878 874
f 748 752 879
f 748 879 875
f 875 876 880
f 875 880 879
f 877 881 754
f 877 754 750
f 877 881 882
f 877 882 878
f 752 756 883
f 752 883 879
f 879 880 884
f 879 884 883
f 881 885 758
f 881 758 754
f 881 885 886
f 881 886 882
f 756 760 887
f 756 887 883
f 883 884 888
f 883 888 887
f 885 889 762
f 885 762 758
f 885 889 890
f 885 890 886
f 760 764 891
f 760 891 887
f 887 888 892
f 887 892 891
f 889 893 766
f 889 766 762
f 889 893 894
f 889 894 890
f 764 768 895
f 764 895 891
f 891 892 896
f 891 896 895
f 893 897 771
f 893 771 766
f 897 771 898
f 897 898 899
f 893 897 899
f 893 899 894
f 771 770 900
f 771 900 898
f 770 772 901
f 770 901 900
f 772 773 902
f 772 902 901
f 773 774 903
f 773 903 902
f 774 775 904
f 774 904 903
f 775 776 905
f 775 905 904
f 776 777 906
f 776 906 905
f 777 778 907
f 777 907 906
f 778 779 908
f 778 908 907
f 779 780 909
f 779 909 908
f 780 781 910
f 780 910 909
f 781 782 911
f 781 911 910
f 782 783 912
f 782 912 911
f 783 784 913
f 783 913 912
f 784 785 914
f 784 914 913
f 785 786 915
f 785 915 914
f 786 787 916
f 786 916 915
f 787 789 917
f 787 917 916
f 768 789 918
f 768 918 895
f 789 918 919
f 789 919 917
f 895 896 919
f 895 919 918
f 792 920 921
f 792 921 793
f 792 794 922
f 792 922 920
f 793 921 923
f 793 923 795
f 795 923 924
f 795 924 796
f 796 924 925
f 796 925 797
f 797 925 926
f 797 926 798
f 798 926 927
f 798 927 799
f 799 927 928
f 799 928 800
f 800 928 929
f 800 929 801
f 801 929 930
f 801 930 802
f 802 930 931
f 802 931 803
f 803 931 932
f 803 932 804
f 804 932 933
f 804 933 805
f 805 933 934
f 805 934 806
f 806 934 935
f 806 935 807
f 807 935 936
f 807 936 808
f 808 936 937
f 808 937 809
f 809 937 938
f 809 938 810
f 810 938 939
f 810 939 811
f 811 939 940
f 811 940 812
f 812 940 941
f 812 941 815
f 815 941 942
f 815 942 816
f 794 818 943
f 794 943 922
f 816 942 944
f 816 944 820
f 818 822 945
f 818 945 943
f 820 944 946
f 820 946 824
f 822 826 947
f 822 947 945
f 824 946 948
f 824 948 828
f 826 830 949
f 826 949 947
f 828 948 950
f 828 950 832
f 830 834 951
f 830 951 949
f 832 950 952
f 832 952 836
f 834 838 953
f 834 953 951
f 836 952 954
f 836 954 840
f 838 842 955
f 838 955 953
f 840 954 956
f 840 956 844
f 842 846 957
f 842 957 955
f 844 956 958
f 844 958 848
f 846 850 959
f 846 959 957
f 848 958 960
f 848 960 852
f 850 854 961
f 850 961 959
f 852 960 962
f 852 962 856
f 854 858 963
f 854 963 961
f 856 962 964
f 856 964 860
f 858 862 965
f 858 965 963
f 860 964 966
f 860 966 864
f 862 866 967
f 862 967 965
f 864 966 968
f 864 968 868
f 866 870 969
f 866 969 967
f 868 968 970
f 868 970 872
f 870 874 971
f 870 971 969
f 872 970 972
f 872 972 876
f 874 878 973
f 874 973 971
f 876 972 974
f 876 974 880
f 878 882 975
f 878 975 973
f 880 974 976
f 880 976 884
f 882 886 977
f 882 977 975
f 884 976 978
f 884 978 888
f 886 890 979
f 886 979 977
f 888 978 980
f 888 980 892
f 890 894 981
f 890 981 979
f 892 980 982
f 892 982 896
f 899 898 983
f 899 983 984
f 894 899 984
f 894 984 981
f 898 900 985
f 898 985 983
f 900 901 986
f 900 986 985
f 901 902 987
f 901 987 986
f 902 903 988
f 902 988 987
f 903 904 989
f 903 989 988
f 904 905 990
f 904 990 989
f 905 906 991
f 905 991 990
f 906 907 992
f 906 992 991
f 907 908 993
f 907 993 992
f 908 909 994
f 908 994 993
f 909 910 995
f 909 995 994
f 910 911 996
f 910 996 995
f 911 912 997
f 911 997 996
f 912 913 998
f 912 998 997
f 913 914 999
f 913 999 998
f 914 915 1000
f 914 1000 999
f 915 916 1001
f 915 1001 1000
f 916 917 1002
f 916 1002 1001
f 917 919 1003
f 917 1003 1002
f 896 982 1003
f 896 1003 919
f 920 1004 1005
f 920 1005 921
f 920 922 1006
f 920 1006 1004
f 921 1005 1007
f 921 1007 923
f 923 1007 1008
f 923 1008 924
f 924 1008 1009
f 924 1009 925
f 925 1009 1010
f 925 1010 926
f 926 1010 1011
f 926 1011 927
f 927 1011 1012
f 927 1012 928
f 928 1012 1013
f 928 1013 929
f 929 1013 1014
f 929 1014 930
f 930 1014 1015
f 930 1015 931
f 931 1015 1016
f 931 1016 932
f 932 1016 1017
f 932 1017 933
f 933 1017 1018
f 933 1018 934
f 934 1018 1019
f 934 1019 935
f 935 1019 1020
f 935 1020 936
f 936 1020 1021
f 936 1021 937
f 937 1021 1022
f 937 1022 938
f 938 1022 1023
f 938 1023 939
f 939 1023 1024
f 939 1024 940
f 940 1024 1025
f 940 1025 941
f 941 1025 1026
f 941 1026 942
f 922 943 1027
f 922 1027 1006
f 942 1026 1028
f 942 1028 944
f 943 945 1029
f 943 1029 1027
f 944 1028 1030
f 944 1030 946
f 945 947 1031
f 945 1031 1029
f 946 1030 1032
f 946 1032 948
f 947 949 1033
f 947 1033 1031
f 948 1032 1034
f 948 1034 950
f 949 951 1035
f 949 1035 1033
f 950 1034 1036
f 950 1036 952
f 951 953 1037
f 951 1037 1035
f 952 1036 1038
f 952 1038 954
f 953 955 1039
f 953 1039 1037
f 954 1038 1040
f 954 1040 956
f 955 957 1041
f 955 1041 1039
f 956 1040 1042
f 956 1042 958
f 957 959 1043
f 957 1043 1041
f 958 1042 1044
f 958 1044 960
f 959 961 1045
f 959 1045 1043
f 960 1044 1046
f 960 1046 962
f 961 963 1047
f 961 1047 1045
f 962 1046 1048
f 962 1048 964
f 963 965 1049
f 963 1049 1047
f 964 1048 1050
f 964 1050 966
f 965 967 1051
f 965 1051 1049
f 966 1050 1052
f 966 1052 968
f 967 969 1053
f 967 1053 1051
f 968 1052 1054
f 968 1054 970
f 969 971 1055
f 969 1055 1053
f 970 1054 1056
f 970 1056 972
f 971 973 1057
f 971 1057 1055
f 972 1056 1058
f 972 1058 974
f 973 975 1059
f 973 1059 1057
f 974 1058 1060
f 974 1060 976
f 975 977 1061
f 975 1061 1059
f 976 1060 1062
f 976 1062 978
f 977 979 1063
f 977 1063 1061
f 978 1062 1064
f 978 1064 980
f 979 981 1065
f 979 1065 1063
f 980 1064 1066
f 980 1066 982
f 984 983 1067
f 984 1067 1068
f 981 984 1068
f 981 1068 1065
f 983 985 1069
f 983 1069 1067
f 985 986 1070
f 985 1070 1069
f 986 987 1071
f 986 1071 1070
f 987 988 1072
f 987 1072 1071
f 988 989 1073
f 988 1073 1072
f 989 990 1074
f 989 1074 1073
f 990 991 1075
f 990 1075 1074
f 991 992 1076
f 991 1076 1075
f 992 993 1077
f 992 1077 1076
f 993 994 1078
f 993 1078 1077
f 994 995 1079
f 994 1079 1078
f 995 996 1080
f 995 1080 1079
f 996 997 1081
f 996 1081 1080
f 997 998 1082
f 997 1082 1081
f 998 999 1083
f 998 1083 1082
f 999 1000 1084
f 999 1084 1083
f 1000 1001 1085
f 1000 1085 1084
f 1001 1002 1086
f 1001 1086 1085
f 1002 1003 1087
f 1002 1087 1086
f 982 1066 1087
f 982 1087 1003
f 1088 1089 1006
f 1088 1006 1004
f 1088 1090 1091
f 1088 1091 1004
f 1088 1089 1092
f 1088 1092 1090
f 1004 1091 1093
f 1004 1093 1005
f 1005 1093 1094
f 1005 1094 1007
f 1007 1094 1095
f 1007 1095 1008
f 1008 1095 1096
f 1008 1096 1009
f 1009 1096 1097
f 1009 1097 1010
f 1010 1097 1098
f 1010 1098 1011
f 1011 1098 1099
f 1011 1099 1012
f 1012 1099 1100
f 1012 1100 1013
f 1013 1100 1101
f 1013 1101 1014
f 1014 1101 1102
f 1014 1102 1015
f 1015 1102 1103
f 1015 1103 1016
f 1016 1103 1104
f 1016 1104 1017
f 1017 1104 1105
f 1017 1105 1018
f 1018 1105 1106
f 1018 1106 1019
f 1019 1106 1107
f 1019 1107 1020
f 1020 1107 1108
f 1020 1108 1021
f 1021 1108 1109
f 1021 1109 1022
f 1022 1109 1110
f 1022 1110 1023
f 1023 1110 1111
f 1023 1111 1024
f 1024 1111 1112
f 1024 1112 1025
f 1025 1026 1113
f 1025 1113 1114
f 1025 1112 1115
f 1025 1115 1114
f 1114 1115 1116
f 1114 1116 1113
f 1089 1117 1027
f 1089 1027 1006
f 1089 1117 1118
f 1089 1118 1092
f 1026 1028 1119
f 1026 1119 1113
f 1113 1116 1120
f 1113 1120 1119
f 1117 1121 1029
f 1117 1029 1027
f 1117 1121 1122
f 1117 1122 1118
f 1028 1030 1123
f 1028 1123 1119
f 1119 1120 1124
f 1119 1124 1123
f 1121 1125 1031
f 1121 1031 1029
f 1121 1125 1126
f 1121 1126 1122
f 1030 1032 1127
f 1030 1127 1123
f 1123 1124 1128
f 1123 1128 1127
f 1125 1129 1033
f 1125 1033 1031
f 1125 1129 1130
f 1125 1130 1126
f 1032 1034 1131
f 1032 1131 1127
f 1127 1128 1132
f 1127 1132 1131
f 1129 1133 1035
f 1129 1035 1033
f 1129 1133 1134
f 1129 1134 1130
f 1034 1036 1135
f 1034 1135 1131
f 1131 1132 1136
f 1131 1136 1135
f 1133 1137 1037
f 1133 1037 1035
f 1133 1137 1138
f 1133 1138 1134
f 1036 1038 1139
f 1036 1139 1135
f 1135 1136 1140
f 1135 1140 1139
f 1137 1141 1039
f 1137 1039 1037
f 1137 1141 1142
f 1137 1142 1138
f 1038 1040 1143
f 1038 1143 1139
f 1139 1140 1144
f 1139 1144 1143
f 1141 1145 1041
f 1141 1041 1039
f 1141 1145 1146
f 1141 1146 1142
f 1040 1042 1147
f 1040 1147 1143
f 1143 1144 1148
f 1143 1148 1147
f 1145 1149 1043
f 1145 1043 1041
f 1145 1149 1150
f 1145 1150 1146
f 1042 1044 1151
f 1042 1151 1147
f 1147 1148 1152
f 1147 1152 1151
f 1149 1153 1045
f 1149 1045 1043
f 1149 1153 1154
f 1149 1154 1150
f 1044 1046 1155
f 1044 1155 1151
f 1151 1152 1156
f 1151 1156 1155
f 1153 1157 1047
f 1153 1047 1045
f 1153 1157 1158
f 1153 1158 1154
f 1046 1048 1159
f 1046 1159 1155
f 1155 1156 1160
f 1155 1160 1159
f 1157 1161 1049
f 1157 1049 1047
f 1157 1161 1162
f 1157 1162 1158
f 1048 1050 1163
f 1048 1163 1159
f 1159 1160 1164
f 1159 1164 1163
f 1161 1165 1051
f 1161 1051 1049
f 1161 1165 1166
f 1161 1166 1162
f 1050 1052 1167
f 1050 1167 1163
f 1163 1164 1168
f 1163 1168 1167
f 1165 1169 1053
f 1165 1053 1051
f 1165 1169 1170
f 1165 1170 1166
f 1052 1054 1171
f 1052 1171 1167
f 1167 1168 1172
f 1167 1172 1171
f 1169 1173 1055
f 1169 1055 1053
f 1169 1173 1174
f 1169 1174 1170
f 1054 1056 1175
f 1054 1175 1171
f 1171 1172 1176
f 1171 1176 1175
f 1173 1177 1057
f 1173 1057 1055
f 1173 1177 1178
f 1173 1178 1174
f 1056 1058 1179
f 1056 1179 1175
f 1175 1176 1180
f 1175 1180 1179
f 1177 1181 1059
f 1177 1059 1057
f 1177 1181 1182
f 1177 1182 1178
f 1058 1060 1183
f 1058 1183 1179
f 1179 1180 1184
f 1179 1184 1183
f 1181 1185 1061
f 1181 1061 1059
f 1181 1185 1186
f 1181 1186 1182
f 1060 1062 1187
f 1060 1187 1183
f 1183 1184 1188
f 1183 1188 1187
f 1185 1189 1063
f 1185 1063 1061
f 1185 1189 1190
f 1185 1190 1186
f 1062 1064 1191
f 1062 1191 1187
f 1187 1188 1192
f 1187 1192 1191
f 1189 1193 1065
f 1189 1065 1063
f 1189 1193 1194
f 1189 1194 1190
f 1064 1066 1195
f 1064 1195 1191
f 1191 1192 1196
f 1191 1196 1195
f 1193 1197 1068
f 1193 1068 1065
f 1197 1068 1198
f 1197 1198 1199
f 1193 1197 1199
f 1193 1199 1194
f 1068 1067 1200
f 1068 1200 1198
f 1067 1069 1201
f 1067 1201 1200
f 1069 1070 1202
f 1069 1202 1201
f 1070 1071 1203
f 1070 1203 1202
f 1071 1072 1204
f 1071 1204 1203
f 1072 1073 1205
f 1072 1205 1204
f 1073 1074 1206
f 1073 1206 1205
f 1074 1075 1207
f 1074 1207 1206
f 1075 1076 1208
f 1075 1208 1207
f 1076 1077 1209
f 1076 1209 1208
f 1077 1078 1210
f 1077 1210 1209
f 1078 1079 1211
f 1078 1211 1210
f 1079 1080 1212
f 1079 1212 1211
f 1080 1081 1213
f 1080 1213 1212
f 1081 1082 1214
f 1081 1214 1213
f 1082 1083 1215
f 1082 1215 1214
f 1083 1084 1216
f 1083 1216 1215
f 1084 1085 1217
f 1084 1217 1216
f 1085 1086 1218
f 1085 1218 1217
f 1086 1087 1219
f 1086 1219 1218
f 1066 1087 1220
f 1066 1220 1195
f 1087 1220 1221
f 1087 1221 1219
f 1195 1196 1221
f 1195 1221 1220
f 1090 1222 1223
f 1090 1223 1091
f 1090 1092 1224
f 1090 1224 1222
f 1091 1223 1225
f 1091 1225 1093
f 1093 1225 1226
f 1093 1226 1094
f 1094 1226 1227
f 1094 1227 1095
f 1095 1227 1228
f 1095 1228 1096
f 1096 1228 1229
f 1096 1229 1097
f 1097 1229 1230
f 1097 1230 1098
f 1098 1230 1231
f 1098 1231 1099
f 1099 1231 1232
f 1099 1232 1100
f 1100 1232 1233
f 1100 1233 1101
f 1101 1233 1234
f 1101 1234 1102
f 1102 1234 1235
f 1102 1235 1103
f 1103 1235 1236
f 1103 1236 1104
f 1104 1236 1237
f 1104 1237 1105
f 1105 1237 1238
f 1105 1238 1106
f 1106 1238 1239
f 1106 1239 1107
f 1107 1239 1240
f 1107 1240 1108
f 1108 1240 1241
f 1108 1241 1109
f 1109 1241 1242
f 1109 1242 1110
f 1110 1242 1243
f 1110 1243 1111
f 1111 1243 1244
f 1111 1244 1112
f 1112 1244 1245
f 1112 1245 1115
f 1115 1245 1246
f 1115 1246 1116
f 1092 1118 1247
f 1092 1247 1224
f 1116 1246 1248
f 1116 1248 1120
f 1118 1122 1249
f 1118 1249 1247
f 1120 1248 1250
f 1120 1250 1124
f 1122 1126 1251
f 1122 1251 1249
f 1124 1250 1252
f 1124 1252 1128
f 1126 1130 1253
f 1126 1253 1251
f 1128 1252 1254
f 1128 1254 1132
f 1130 1134 1255
f 1130 1255 1253
f 1132 1254 1256
f 1132 1256 1136
f 1134 1138 1257
f 1134 1257 1255
f 1136 1256 1258
f 1136 1258 1140
f 1138 1142 1259
f 1138 1259 1257
f 1140 1258 1260
f 1140 1260 1144
f 1142 1146 1261
f 1142 1261 1259
f 1144 1260 1262
f 1144 1262 1148
f 1146 1150 1263
f 1146 1263 1261
f 1148 1262 1264
f 1148 1264 1152
f 1150 1154 1265
f 1150 1265 1263
f 1152 1264 1266
f 1152 1266 1156
f 1154 1158 1267
f 1154 1267 1265
f 1156 1266 1268
f 1156 1268 1160
f 1158 1162 1269
f 1158 1269 1267
f 1160 1268 1270
f 1160 1270 1164
f 1162 1166 1271
f 1162 1271 1269
f 1164 1270 1272
f 1164 1272 1168
f 1166 1170 1273
f 1166 1273 1271
f 1168 1272 1274
f 1168 1274 1172
f 1170 1174 1275
f 1170 1275 1273
f 1172 1274 1276
f 1172 1276 1176
f 1174 1178 1277
f 1174 1277 1275
f 1176 1276 1278
f 1176 1278 1180
f 1178 1182 1279
f 1178 1279 1277
f 1180 1278 1280
f 1180 1280 1184
f 1182 1186 1281
f 1182 1281 1279
f 1184 1280 1282
f 1184 1282 1188
f 1186 1190 1283
f 1186 1283 1281
f 1188 1282 1284
f 1188 1284 1192
f 1190 1194 1285
f 1190 1285 1283
f 1192 1284 1286
f 1192 1286 1196
f 1199 1198 1287
f 1199 1287 1288
f 1194 1199 1288
f 1194 1288 1285
f 1198 1200 1289
f 1198 1289 1287
f 1200 1201 1290
f 1200 1290 1289
f 1201 1202 1291
f 1201 1291 1290
f 1202 1203 1292
f 1202 1292 1291
f 1203 1204 1293
f 1203 1293 1292
f 1204 1205 1294
f 1204 1294 1293
f 1205 1206 1295
f 1205 1295 1294
f 1206 1207 1296
f 1206 1296 1295
f 1207 1208 1297
f 1207 1297 1296
f 1208 1209 1298
f 1208 1298 1297
f 1209 1210 1299
f 1209 1299 1298
f 1210 1211 1300
f 1210 1300 1299
f 1211 1212 1301
f 1211 1301 1300
f 1212 1213 1302
f 1212 1302 1301
f 1213 1214 1303
f 1213 1303 1302
f 1214 1215 1304
f 1214 1304 1303
f 1215 1216 1305
f 1215 1305 1304
f 1216 1217 1306
f 1216 1306 1305
f 1217 1218 1307
f 1217 1307 1306
f 1218 1219 1308
f 1218 1308 1307
f 1219 1221 1309
f 1219 1309 1308
f 1196 1286 1309
f 1196 1309 1221
f 1222 1310 1311
f 1222 1311 1223
f 1222 1224 1312
f 1222 1312 1310
f 1223 1311 1313
f 1223 1313 1225
f 1225 1313 1314
f 1225 1314 1226
f 1226 1314 1315
f 1226 1315 1227
f 1227 1315 1316
f 1227 1316 1228
f 1228 1316 1317
f 1228 1317 1229
f 1229 1317 1318
f 1229 1318 1230
f 1230 1318 1319
f 1230 1319 1231
f 1231 1319 1320
f 1231 1320 1232
f 1232 1320 1321
f 1232 1321 1233
f 1233 1321 1322
f 1233 1322 1234
f 1234 1322 1323
f 1234 1323 1235
f 1235 1323 1324
f 1235 1324 1236
f 1236 1324 1325
f 1236 1325 1237
f 1237 1325 1326
f 1237 1326 1238
f 1238 1326 1327
f 1238 1327 1239
f 1239 1327 1328
f 1239 1328 1240
f 1240 1328 1329
f 1240 1329 1241
f 1241 1329 1330
f 1241 1330 1242
f 1242 1330 1331
f 1242 1331 1243
f 1243 1331 1332
f 1243 1332 1244
f 1244 1332 1333
f 1244 1333 1245
f 1245 1333 1334
f 1245 1334 1246
f 1224 1247 1335
f 1224 1335 1312
f 1246 1334 1336
f 1246 1336 1248
f 1247 1249 1337
f 1247 1337 1335
f 1248 1336 1338
f 1248 1338 1250
f 1249 1251 1339
f 1249 1339 1337
f 1250 1338 1340
f 1250 1340 1252
f 1251 1253 1341
f 1251 1341 1339
f 1252 1340 1342
f 1252 1342 1254
f 1253 1255 1343
f 1253 1343 1341
f 1254 1342 1344
f 1254 1344 1256
f 1255 1257 1345
f 1255 1345 1343
f 1256 1344 1346
f 1256 1346 1258
f 1257 1259 1347
f 1257 1347 1345
f 1258 1346 1348
f 1258 1348 1260
f 1259 1261 1349
f 1259 1349 1347
f 1260 1348 1350
f 1260 1350 1262
f 1261 1263 1351
f 1261 1351 1349
f 1262 1350 1352
f 1262 1352 1264
f 1263 1265 1353
f 1263 1353 1351
f 1264 1352 1354
f 1264 1354 1266
f 1265 1267 1355
f 1265 1355 1353
f 1266 1354 1356
f 1266 1356 1268
f 1267 1269 1357
f 1267 1357 1355
f 1268 1356 1358
f 1268 1358 1270
f 1269 1271 1359
f 1269 1359 1357
f 1270 1358 1360
f 1270 1360 1272
f 1271 1273 1361
f 1271 1361 1359
f 1272 1360 1362
f 1272 1362 1274
f 1273 1275 1363
f 1273 1363 1361
f 1274 1362 1364
f 1274 1364 1276
f 1275 1277 1365
f 1275 1365 1363
f 1276 1364 1366
f 1276 1366 1278
f 1277 1279 1367
f 1277 1367 1365
f 1278 1366 1368
f 1278 1368 1280
f 1279 1281 1369
f 1279 1369 1367
f 1280 1368 1370
f 1280 1370 1282
f 1281 1283 1371
f 1281 1371 1369
f 1282 1370 1372
f 1282 1372 1284
f 1283 1285 1373
f 1283 1373 1371
f 1284 1372 1374
f 1284 1374 1286
f 1288 1287 1375
f 1288 1375 1376
f 1285 1288 1376
f 1285 1376 1373
f 1287 1289 1377
f 1287 1377 1375
f 1289 1290 1378
f 1289 1378 1377
f 1290 1291 1379
f 1290 1379 1378
f 1291 1292 1380
f 1291 1380 1379
f 1292 1293 1381
f 1292 1381 1380
f 1293 1294 1382
f 1293 1382 1381
f 1294 1295 1383
f 1294 1383 1382
f 1295 1296 1384
f 1295 1384 1383
f 1296 1297 1385
f 1296 1385 1384
f 1297 1298 1386
f 1297 1386 1385
f 1298 1299 1387
f 1298 1387 1386
f 1299 1300 1388
f 1299 1388 1387
f 1300 1301 1389
f 1300 1389 1388
f 1301 1302 1390
f 1301 1390 1389
f 1302 1303 1391
f 1302 1391 1390
f 1303 1304 1392
f 1303 1392 1391
f 1304 1305 1393
f 1304 1393 1392
f 1305 1306 1394
f 1305 1394 1393
f 1306 1307 1395
f 1306 1395 1394
f 1307 1308 1396
f 1307 1396 1395
f 1308 1309 1397
f 1308 1397 1396
f 1286 1374 1397
f 1286 1397 1309
f 1310 1398 1399
f 1310 1399 1311
f 1310 1312 1400
f 1310 1400 1398
f 1311 1399 1401
f 1311 1401 1313
f 1313 1401 1402
f 1313 1402 1314
f 1314 1402 1403
f 1314 1403 1315
f 1315 1403 1404
f 1315 1404 1316
f 1316 1404 1405
f 1316 1405 1317
f 1317 1405 1406
f 1317 1406 1318
f 1318 1406 1407
f 1318 1407 1319
f 1319 1407 1408
f 1319 1408 1320
f 1320 1408 1409
f 1320 1409 1321
f 1321 1409 1410
f 1321 1410 1322
f 1322 1410 1411
f 1322 1411 1323
f 1323 1411 1412
f 1323 1412 1324
f 1324 1412 1413
f 1324 1413 1325
f 1325 1413 1414
f 1325 1414 1326
f 1326 1414 1415
f 1326 1415 1327
f 1327 1415 1416
f 1327 1416 1328
f 1328 1416 1417
f 1328 1417 1329
f 1329 1417 1418
f 1329 1418 1330
f 1330 1418 1419
f 1330 1419 1331
f 1331 1419 1420
f 1331 1420 1332
f 1332 1420 1421
f 1332 1421 1333
f 1333 1421 1422
f 1333 1422 1334
f 1312 1335 1423
f 1312 1423 1400
f 1334 1422 1424
f 1334 1424 1336
f 1335 1337 1425
f 1335 1425 1423
f 1336 1424 1426
f 1336 1426 1338
f 1337 1339 1427
f 1337 1427 1425
f 1338 1426 1428
f 1338 1428 1340
f 1339 1341 1429
f 1339 1429 1427
f 1340 1428 1430
f 1340 1430 1342
f 1341 1343 1431
f 1341 1431 1429
f 1342 1430 1432
f 1342 1432 1344
f 1343 1345 1433
f 1343 1433 1431
f 1344 1432 1434
f 1344 1434 1346
f 1345 1347 1435
f 1345 1435 1433
f 1346 1434 1436
f 1346 1436 1348
f 1347 1349 1437
f 1347 1437 1435
f 1348 1436 1438
f 1348 1438 1350
f 1349 1351 1439
f 1349 1439 1437
f 1350 1438 1440
f 1350 1440 1352
f 1351 1353 1441
f 1351 1441 1439
f 1352 1440 1442
f 1352 1442 1354
f 1353 1355 1443
f 1353 1443 1441
f 1354 1442 1444
f 1354 1444 1356
f 1355 1357 1445
f 1355 1445 1443
f 1356 1444 1446
f 1356 1446 1358
f 1357 1359 1447
f 1357 1447 1445
f 1358 1446 1448
f 1358 1448 1360
f 1359 1361 1449
f 1359 1449 1447
f 1360 1448 1450
f 1360 1450 1362
f 1361 1363 1451
f 1361 1451 1449
f 1362 1450 1452
f 1362 1452 1364
f 1363 1365 1453
f 1363 1453 1451
f 1364 1452 1454
f 1364 1454 1366
f 1365 1367 1455
f 1365 1455 1453
f 1366 1454 1456
f 1366 1456 1368
f 1367 1369 1457
f 1367 1457 1455
f 1368 1456 1458
f 1368 1458 1370
f 1369 1371 1459
f 1369 1459 1457
f 1370 1458 1460
f 1370 1460 1372
f 1371 1373 1461
f 1371 1461 1459
f 1372 1460 1462
f 1372 1462 1374
f 1376 1375 1463
f 1376 1463 1464
f 1373 1376 1464
f 1373 1464 1461
f 1375 1377 1465
f 1375 1465 1463
f 1377 1378 1466
f 1377 1466 1465
f 1378 1379 1467
f 1378 1467 1466
f 1379 1380 1468
f 1379 1468 1467
f 1380 1381 1469
f 1380 1469 1468
f 1381 1382 1470
f 1381 1470 1469
f 1382 1383 1471
f 1382 1471 1470
f 1383 1384 1472
f 1383 1472 1471
f 1384 1385 1473
f 1384 1473 1472
f 1385 1386 1474
f 1385 1474 1473
f 1386 1387 1475
f 1386 1475 1474
f 1387 1388 1476
f 1387 1476 1475
f 1388 1389 1477
f 1388 1477 1476
f 1389 1390 1478
f 1389 1478 1477
f 1390 1391 1479
f 1390 1479 1478
f 1391 1392 1480
f 1391 1480 1479
f 1392 1393 1481
f 1392 1481 1480
f 1393 1394 1482
f 1393 1482 1481
f 1394 1395 1483
f 1394 1483 1482
f 1395 1396 1484
f 1395 1484 1483
f 1396 1397 1485
f 1396 1485 1484
f 1374 1462 1485
f 1374 1485 1397
f 1398 1486 1487
f 1398 1487 1399
f 1398 1400 1488
f 1398 1488 1486
f 1399 1487 1489
f 1399 1489 1401
f 1401 1489 1490
f 1401 1490 1402
f 1402 1490 1491
f 1402 1491 1403
f 1403 1491 1492
f 1403 1492 1404
f 1404 1492 1493
f 1404 1493 1405
f 1405 1493 1494
f 1405 1494 1406
f 1406 1494 1495
f 1406 1495 1407
f 1407 1495 1496
f 1407 1496 1408
f 1408 1496 1497
f 1408 1497 1409
f 1409 1497 1498
f 1409 1498 1410
f 1410 1498 1499
f 1410 1499 1411
f 1411 1499 1500
f 1411 1500 1412
f 1412 1500 1501
f 1412 1501 1413
f 1413 1501 1502
f 1413 1502 1414
f 1414 1502 1503
f 1414 1503 1415
f 1415 1503 1504
f 1415 1504 1416
f 1416 1504 1505
f 1416 1505 1417
f 1417 1505 1506
f 1417 1506 1418
f 1418 1506 1507
f 1418 1507 1419
f 1419 1507 1508
f 1419 1508 1420
f 1420 1508 1509
f 1420 1509 1421
f 1421 1509 1510
f 1421 1510 1422
f 1400 1423 1511
f 1400 1511 1488
f 1422 1510 1512
f 1422 1512 1424
f 1423 1425 1513
f 1423 1513 1511
f 1424 1512 1514
f 1424 1514 1426
f 1425 1427 1515
f 1425 1515 1513
f 1426 1514 1516
f 1426 1516 1428
f 1427 1429 1517
f 1427 1517 1515
f 1428 1516 1518
f 1428 1518 1430
f 1429 1431 1519
f 1429 1519 1517
f 1430 1518 1520
f 1430 1520 1432
f 1431 1433 1521
f 1431 1521 1519
f 1432 1520 1522
f 1432 1522 1434
f 1433 1435 1523
f 1433 1523 1521
f 1434 1522 1524
f 1434 1524 1436
f 1435 1437 1525
f 1435 1525 1523
f 1436 1524 1526
f 1436 1526 1438
f 1437 1439 1527
f 1437 1527 1525
f 1438 1526 1528
f 1438 1528 1440
f 1439 1441 1529
f 1439 1529 1527
f 1440 1528 1530
f 1440 1530 1442
f 1441 1443 1531
f 1441 1531 1529
f 1442 1530 1532
f 1442 1532 1444
f 1443 1445 1533
f 1443 1533 1531
f 1444 1532 1534
f 1444 1534 1446
f 1445 1447 1535
f 1445 1535 1533
f 1446 1534 1536
f 1446 1536 1448
f 1447 1449 1537
f 1447 1537 1535
f 1448 1536 1538
f 1448 1538 1450
f 1449 1451 1539
f 1449 1539 1537
f 1450 1538 1540
f 1450 1540 1452
f 1451 1453 1541
f 1451 1541 1539
f 1452 1540 1542
f 1452 1542 1454
f 1453 1455 1543
f 1453 1543 1541
f 1454 1542 1544
f 1454 1544 1456
f 1455 1457 1545
f 1455 1545 1543
f 1456 1544 1546
f 1456 1546 1458
f 1457 1459 1547
f 1457 1547 1545
f 1458 1546 1548
f 1458 1548 1460
f 1459 1461 1549
f 1459 1549 1547
f 1460 1548 1550
f 1460 1550 1462
f 1464 1463 1551
f 1464 1551 1552
f 1461 1464 1552
f 1461 1552 1549
f 1463 1465 1553
f 1463 1553 1551
f 1465 1466 1554
f 1465 1554 1553
f 1466 1467 1555
f 1466 1555 1554
f 1467 1468 1556
f 1467 1556 1555
f 1468 1469 1557
f 1468 1557 1556
f 1469 1470 1558
f 1469 1558 1557
f 1470 1471 1559
f 1470 1559 1558
f 1471 1472 1560
f 1471 1560 1559
f 1472 1473 1561
f 1472 1561 1560
f 1473 1474 1562
f 1473 1562 1561
f 1474 1475 1563
f 1474 1563 1562
f 1475 1476 1564
f 1475 1564 1563
f 1476 1477 1565
f 1476 1565 1564
f 1477 1478 1566
f 1477 1566 1565
f 1478 1479 1567
f 1478 1567 1566
f 1479 1480 1568
f 1479 1568 1567
f 1480 1481 1569
f 1480 1569 1568
f 1481 1482 1570
f 1481 1570 1569
f 1482 1483 1571
f 1482 1571 1570
f 1483 1484 1572
f 1483 1572 1571
f 1484 1485 1573
f 1484 1573 1572
f 1462 1550 1573
f 1462 1573 1485
f 1574 1575 1576
f 1574 1576 1577
f 1486 1574 1575
f 1486 1575 1487
f 1486 1488 1577
f 1486 1577 1574
f 1487 1575 1578
f 1487 1578 1489
f 1489 1578 1579
f 1489 1579 1490
f 1490 1579 1580
f 1490 1580 1491
f 1491 1580 1581
f 1491 1581 1492
f 1492 1581 1582
f 1492 1582 1493
f 1493 1582 1583
f 1493 1583 1494
f 1494 1583 1584
f 1494 1584 1495
f 1495 1584 1585
f 1495 1585 1496
f 1496 1585 1586
f 1496 1586 1497
f 1497 1586 1587
f 1497 1587 1498
f 1498 1587 1588
f 1498 1588 1499
f 1499 1588 1589
f 1499 1589 1500
f 1500 1589 1590
f 1500 1590 1501
f 1501 1590 1591
f 1501 1591 1502
f 1502 1591 1592
f 1502 1592 1503
f 1503 1592 1593
f 1503 1593 1504
f 1504 1593 1594
f 1504 1594 1505
f 1505 1594 1595
f 1505 1595 1506
f 1506 1595 1596
f 1506 1596 1507
f 1507 1596 1597
f 1507 1597 1508
f 1597 1598 1599
f 1597 1599 1600
f 1508 1597 1598
f 1508 1598 1509
f 1509 1598 1599
f 1509 1599 1510
f 1577 1576 1601
f 1577 1601 1602
f 1488 1511 1602
f 1488 1602 1577
f 1600 1599 1603
f 1600 1603 1604
f 1510 1599 1603
f 1510 1603 1512
f 1602 1601 1605
f 1602 1605 1606
f 1511 1513 1606
f 1511 1606 1602
f 1604 1603 1607
f 1604 1607 1608
f 1512 1603 1607
f 1512 1607 1514
f 1606 1605 1609
f 1606 1609 1610
f 1513 1515 1610
f 1513 1610 1606
f 1608 1607 1611
f 1608 1611 1612
f 1514 1607 1611
f 1514 1611 1516
f 1610 1609 1613
f 1610 1613 1614
f 1515 1517 1614
f 1515 1614 1610
f 1612 1611 1615
f 1612 1615 1616
f 1516 1611 1615
f 1516 1615 1518
f 1614 1613 1617
f 1614 1617 1618
f 1517 1519 1618
f 1517 1618 1614
f 1616 1615 1619
f 1616 1619 1620
f 1518 1615 1619
f 1518 1619 1520
f 1618 1617 1621
f 1618 1621 1622
f 1519 1521 1622
f 1519 1622 1618
f 1620 1619 1623
f 1620 1623 1624
f 1520 1619 1623
f 1520 1623 1522
f 1622 1621 1625
f 1622 1625 1626
f 1521 1523 1626
f 1521 1626 1622
f 1624 1623 1627
f 1624 1627 1628
f 1522 1623 1627
f 1522 1627 1524
f 1626 1625 1629
f 1626 1629 1630
f 1523 1525 1630
f 1523 1630 1626
f 1628 1627 1631
f 1628 1631 1632
f 1524 1627 1631
f 1524 1631 1526
f 1630 1629 1633
f 1630 1633 1634
f 1525 1527 1634
f 1525 1634 1630
f 1632 1631 1635
f 1632 1635 1636
f 1526 1631 1635
f 1526 1635 1528
f 1634 1633 1637
f 1634 1637 1638
f 1527 1529 1638
f 1527 1638 1634
f 1636 1635 1639
f 1636 1639 1640
f 1528 1635 1639
f 1528 1639 1530
f 1638 1637 1641
f 1638 1641 1642
f 1529 1531 1642
f 1529 1642 1638
f 1640 1639 1643
f 1640 1643 1644
f 1530 1639 1643
f 1530 1643 1532
f 1642 1641 1645
f 1642 1645 1646
f 1531 1533 1646
f 1531 1646 1642
f 1644 1643 1647
f 1644 1647 1648
f 1532 1643 1647
f 1532 1647 1534
f 1646 1645 1649
f 1646 1649 1650
f 1533 1535 1650
f 1533 1650 1646
f 1648 1647 1651
f 1648 1651 1652
f 1534 1647 1651
f 1534 1651 1536
f 1650 1649 1653
f 1650 1653 1654
f 1535 1537 1654
f 1535 1654 1650
f 1652 1651 1655
f 1652 1655 1656
f 1536 1651 1655
f 1536 1655 1538
f 1654 1653 1657
f 1654 1657 1658
f 1537 1539 1658
f 1537 1658 1654
f 1656 1655 1659
f 1656 1659 1660
f 1538 1655 1659
f 1538 1659 1540
f 1658 1657 1661
f 1658 1661 1662
f 1539 1541 1662
f 1539 1662 1658
f 1660 1659 1663
f 1660 1663 1664
f 1540 1659 1663
f 1540 1663 1542
f 1662 1661 1665
f 1662 1665 1666
f 1541 1543 1666
f 1541 1666 1662
f 1664 1663 1667
f 1664 1667 1668
f 1542 1663 1667
f 1542 1667 1544
f 1666 1665 1669
f 1666 1669 1670
f 1543 1545 1670
f 1543 1670 1666
f 1668 1667 1671
f 1668 1671 1672
f 1544 1667 1671
f 1544 1671 1546
f 1670 1669 1673
f 1670 1673 1674
f 1545 1547 1674
f 1545 1674 1670
f 1672 1671 1675
f 1672 1675 1676
f 1546 1671 1675
f 1546 1675 1548
f 1674 1673 1677
f 1674 1677 1678
f 1547 1549 1678
f 1547 1678 1674
f 1676 1675 1679
f 1676 1679 1680
f 1548 1675 1679
f 1548 1679 1550
f 1678 1677 1681
f 1678 1681 1682
f 1552 1551 1681
f 1552 1681 1682
f 1549 1552 1682
f 1549 1682 1678
f 1551 1553 1683
f 1551 1683 1681
f 1553 1554 1684
f 1553 1684 1683
f 1554 1555 1685
f 1554 1685 1684
f 1555 1556 1686
f 1555 1686 1685
f 1556 1557 1687
f 1556 1687 1686
f 1557 1558 1688
f 1557 1688 1687
f 1558 1559 1689
f 1558 1689 1688
f 1559 1560 1690
f 1559 1690 1689
f 1560 1561 1691
f 1560 1691 1690
f 1561 1562 1692
f 1561 1692 1691
f 1562 1563 1693
f 1562 1693 1692
f 1563 1564 1694
f 1563 1694 1693
f 1564 1565 1695
f 1564 1695 1694
f 1565 1566 1696
f 1565 1696 1695
f 1566 1567 1697
f 1566 1697 1696
f 1567 1568 1698
f 1567 1698 1697
f 1568 1569 1699
f 1568 1699 1698
f 1569 1570 1700
f 1569 1700 1699
f 1570 1571 1701
f 1570 1701 1700
f 1571 1572 1702
f 1571 1702 1701
f 1680 1679 1703
f 1680 1703 1702
f 1572 1573 1703
f 1572 1703 1702
f 1550 1679 1703
f 1550 1703 1573
f 1575 1704 1705
f 1575 1705 1578
f 1575 1576 1706
f 1575 1706 1704
f 1578 1705 1707
f 1578 1707 1579
f 1579 1707 1708
f 1579 1708 1580
f 1580 1708 1709
f 1580 1709 1581
f 1581 1709 1710
f 1581 1710 1582
f 1582 1710 1711
f 1582 1711 1583
f 1583 1711 1712
f 1583 1712 1584
f 1584 1712 1713
f 1584 1713 1585
f 1585 1713 1714
f 1585 1714 1586
f 1586 1714 1715
f 1586 1715 1587
f 1587 1715 1716
f 1587 1716 1588
f 1588 1716 1717
f 1588 1717 1589
f 1589 1717 1718
f 1589 1718 1590
f 1590 1718 1719
f 1590 1719 1591
f 1591 1719 1720
f 1591 1720 1592
f 1592 1720 1721
f 1592 1721 1593
f 1593 1721 1722
f 1593 1722 1594
f 1594 1722 1723
f 1594 1723 1595
f 1595 1723 1724
f 1595 1724 1596
f 1596 1724 1725
f 1596 1725 1597
f 1597 1725 1726
f 1597 1726 1600
f 1576 1601 1727
f 1576 1727 1706
f 1600 1726 1728
f 1600 1728 1604
f 1601 1605 1729
f 1601 1729 1727
f 1604 1728 1730
f 1604 1730 1608
f 1605 1609 1731
f 1605 1731 1729
f 1608 1730 1732
f 1608 1732 1612
f 1609 1613 1733
f 1609 1733 1731
f 1612 1732 1734
f 1612 1734 1616
f 1613 1617 1735
f 1613 1735 1733
f 1616 1734 1736
f 1616 1736 1620
f 1617 1621 1737
f 1617 1737 1735
f 1620 1736 1738
f 1620 1738 1624
f 1621 1625 1739
f 1621 1739 1737
f 1624 1738 1740
f 1624 1740 1628
f 1625 1629 1741
f 1625 1741 1739
f 1628 1740 1742
f 1628 1742 1632
f 1629 1633 1743
f 1629 1743 1741
f 1632 1742 1744
f 1632 1744 1636
f 1633 1637 1745
f 1633 1745 1743
f 1636 1744 1746
f 1636 1746 1640
f 1637 1641 1747
f 1637 1747 1745
f 1640 1746 1748
f 1640 1748 1644
f 1641 1645 1749
f 1641 1749 1747
f 1644 1748 1750
f 1644 1750 1648
f 1645 1649 1751
f 1645 1751 1749
f 1648 1750 1752
f 1648 1752 1652
f 1649 1653 1753
f 1649 1753 1751
f 1652 1752 1754
f 1652 1754 1656
f 1653 1657 1755
f 1653 1755 1753
f 1656 1754 1756
f 1656 1756 1660
f 1657 1661 1757
f 1657 1757 1755
f 1660 1756 1758
f 1660 1758 1664
f 1661 1665 1759
f 1661 1759 1757
f 1664 1758 1760
f 1664 1760 1668
f 1665 1669 1761
f 1665 1761 1759
f 1668 1760 1762
f 1668 1762 1672
f 1669 1673 1763
f 1669 1763 1761
f 1672 1762 1764
f 1672 1764 1676
f 1673 1677 1765
f 1673 1765 1763
f 1676 1764 1766
f 1676 1766 1680
f 1681 1683 1767
f 1681 1767 1768
f 1677 1681 1768
f 1677 1768 1765
f 1683 1684 1769
f 1683 1769 1767
f 1684 1685 1770
f 1684 1770 1769
f 1685 1686 1771
f 1685 1771 1770
f 1686 1687 1772
f 1686 1772 1771
f 1687 1688 1773
f 1687 1773 1772
f 1688 1689 1774
f 1688 1774 1773
f 1689 1690 1775
f 1689 1775 1774
f 1690 1691 1776
f 1690 1776 1775
f 1691 1692 1777
f 1691 1777 1776
f 1692 1693 1778
f 1692 1778 1777
f 1693 1694 1779
f 1693 1779 1778
f 1694 1695 1780
f 1694 1780 1779
f 1695 1696 1781
f 1695 1781 1780
f 1696 1697 1782
f 1696 1782 1781
f 1697 1698 1783
f 1697 1783 1782
f 1698 1699 1784
f 1698 1784 1783
f 1699 1700 1785
f 1699 1785 1784
f 1700 1701 1786
f 1700 1786 1785
f 1701 1702 1787
f 1701 1787 1786
f 1680 1766 1787
f 1680 1787 1702
f 1704 1788 1789
f 1704 1789 1705
f 1704 1706 1790
f 1704 1790 1788
f 1705 1789 1791
f 1705 1791 1707
f 1707 1791 1792
f 1707 1792 1708
f 1708 1792 1793
f 1708 1793 1709
f 1709 1793 1794
f 1709 1794 1710
f 1710 1794 1795
f 1710 1795 1711
f 1711 1795 1796
f 1711 1796 1712
f 1712 1796 1797
f 1712 1797 1713
f 1713 1797 1798
f 1713 1798 1714
f 1714 1798 1799
f 1714 1799 1715
f 1715 1799 1800
f 1715 1800 1716
f 1716 1800 1801
f 1716 1801 1717
f 1717 1801 1802
f 1717 1802 1718
f 1718 1802 1803
f 1718 1803 1719
f 1719 1803 1804
f 1719 1804 1720
f 1720 1804 1805
f 1720 1805 1721
f 1721 1805 1806
f 1721 1806 1722
f 1722 1806 1807
f 1722 1807 1723
f 1723 1807 1808
f 1723 1808 1724
f 1724 1808 1809
f 1724 1809 1725
f 1725 1809 1810
f 1725 1810 1726
f 1706 1727 1811
f 1706 1811 1790
f 1726 1810 1812
f 1726 1812 1728
f 1727 1729 1813
f 1727 1813 1811
f 1728 1812 1814
f 1728 1814 1730
f 1729 1731 1815
f 1729 1815 1813
f 1730 1814 1816
f 1730 1816 1732
f 1731 1733 1817
f 1731 1817 1815
f 1732 1816 1818
f 1732 1818 1734
f 1733 1735 1819
f 1733 1819 1817
f 1734 1818 1820
f 1734 1820 1736
f 1735 1737 1821
f 1735 1821 1819
f 1736 1820 1822
f 1736 1822 1738
f 1737 1739 1823
f 1737 1823 1821
f 1738 1822 1824
f 1738 1824 1740
f 1739 1741 1825
f 1739 1825 1823
f 1740 1824 1826
f 1740 1826 1742
f 1741 1743 1827
f 1741 1827 1825
f 1742 1826 1828
f 1742 1828 1744
f 1743 1745 1829
f 1743 1829 1827
f 1744 1828 1830
f 1744 1830 1746
f 1745 1747 1831
f 1745 1831 1829
f 1746 1830 1832
f 1746 1832 1748
f 1747 1749 1833
f 1747 1833 1831
f 1748 1832 1834
f 1748 1834 1750
f 1749 1751 1835
f 1749 1835 1833
f 1750 1834 1836
f 1750 1836 1752
f 1751 1753 1837
f 1751 1837 1835
f 1752 1836 1838
f 1752 1838 1754
f 1753 1755 1839
f 1753 1839 1837
f 1754 1838 1840
f 1754 1840 1756
f 1755 1757 1841
f 1755 1841 1839
f 1756 1840 1842
f 1756 1842 1758
f 1757 1759 1843
f 1757 1843 1841
f 1758 1842 1844
f 1758 1844 1760
f 1759 1761 1845
f 1759 1845 1843
f 1760 1844 1846
f 1760 1846 1762
f 1761 1763 1847
f 1761 1847 1845
f 1762 1846 1848
f 1762 1848 1764
f 1763 1765 1849
f 1763 1849 1847
f 1764 1848 1850
f 1764 1850 1766
f 1768 1767 1851
f 1768 1851 1852
f 1765 1768 1852
f 1765 1852 1849
f 1767 1769 1853
f 1767 1853 1851
f 1769 1770 1854
f 1769 1854 1853
f 1770 1771 1855
f 1770 1855 1854
f 1771 1772 1856
f 1771 1856 1855
f 1772 1773 1857
f 1772 1857 1856
f 1773 1774 1858
f 1773 1858 1857
f 1774 1775 1859
f 1774 1859 1858
f 1775 1776 1860
f 1775 1860 1859
f 1776 1777 1861
f 1776 1861 1860
f 1777 1778 1862
f 1777 1862 1861
f 1778 1779 1863
f 1778 1863 1862
f 1779 1780 1864
f 1779 1864 1863
f 1780 1781 1865
f 1780 1865 1864
f 1781 1782 1866
f 1781 1866 1865
f 1782 1783 1867
f 1782 1867 1866
f 1783 1784 1868
f 1783 1868 1867
f 1784 1785 1869
f 1784 1869 1868
f 1785 1786 1870
f 1785 1870 1869
f 1786 1787 1871
f 1786 1871 1870
f 1766 1850 1871
f 1766 1871 1787
f 1872 1873 1874
f 1872 1874 1875
f 1788 1872 1873
f 1788 1873 1789
f 1788 1790 1875
f 1788 1875 1872
f 1789 1873 1876
f 1789 1876 1791
f 1791 1876 1877
f 1791 1877 1792
f 1792 1877 1878
f 1792 1878 1793
f 1793 1878 1879
f 1793 1879 1794
f 1794 1879 1880
f 1794 1880 1795
f 1795 1880 1881
f 1795 1881 1796
f 1796 1881 1882
f 1796 1882 1797
f 1797 1882 1883
f 1797 1883 1798
f 1798 1883 1884
f 1798 1884 1799
f 1799 1884 1885
f 1799 1885 1800
f 1800 1885 1886
f 1800 1886 1801
f 1801 1886 1887
f 1801 1887 1802
f 1802 1887 1888
f 1802 1888 1803
f 1803 1888 1889
f 1803 1889 1804
f 1804 1889 1890
f 1804 1890 1805
f 1805 1890 1891
f 1805 1891 1806
f 1806 1891 1892
f 1806 1892 1807
f 1807 1892 1893
f 1807 1893 1808
f 1893 1894 1895
f 1893 1895 1896
f 1808 1893 1894
f 1808 1894 1809
f 1809 1894 1895
f 1809 1895 1810
f 1875 1874 1897
f 1875 1897 1898
f 1790 1811 1898
f 1790 1898 1875
f 1896 1895 1899
f 1896 1899 1900
f 1810 1895 1899
f 1810 1899 1812
f 1898 1897 1901
f 1898 1901 1902
f 1811 1813 1902
f 1811 1902 1898
f 1900 1899 1903
f 1900 1903 1904
f 1812 1899 1903
f 1812 1903 1814
f 1902 1901 1905
f 1902 1905 1906
f 1813 1815 1906
f 1813 1906 1902
f 1904 1903 1907
f 1904 1907 1908
f 1814 1903 1907
f 1814 1907 1816
f 1906 1905 1909
f 1906 1909 1910
f 1815 1817 1910
f 1815 1910 1906
f 1908 1907 1911
f 1908 1911 1912
f 1816 1907 1911
f 1816 1911 1818
f 1910 1909 1913
f 1910 1913 1914
f 1817 1819 1914
f 1817 1914 1910
f 1912 1911 1915
f 1912 1915 1916
f 1818 1911 1915
f 1818 1915 1820
f 1914 1913 1917
f 1914 1917 1918
f 1819 1821 1918
f 1819 1918 1914
f 1916 1915 1919
f 1916 1919 1920
f 1820 1915 1919
f 1820 1919 1822
f 1918 1917 1921
f 1918 1921 1922
f 1821 1823 1922
f 1821 1922 1918
f 1920 1919 1923
f 1920 1923 1924
f 1822 1919 1923
f 1822 1923 1824
f 1922 1921 1925
f 1922 1925 1926
f 1823 1825 1926
f 1823 1926 1922
f 1924 1923 1927
f 1924 1927 1928
f 1824 1923 1927
f 1824 1927 1826
f 1926 1925 1929
f 1926 1929 1930
f 1825 1827 1930
f 1825 1930 1926
f 1928 1927 1931
f 1928 1931 1932
f 1826 1927 1931
f 1826 1931 1828
f 1930 1929 1933
f 1930 1933 1934
f 1827 1829 1934
f 1827 1934 1930
f 1932 1931 1935
f 1932 1935 1936
f 1828 1931 1935
f 1828 1935 1830
f 1934 1933 1937
f 1934 1937 1938
f 1829 1831 1938
f 1829 1938 1934
f 1936 1935 1939
f 1936 1939 1940
f 1830 1935 1939
f 1830 1939 1832
f 1938 1937 1941
f 1938 1941 1942
f 1831 1833 1942
f 1831 1942 1938
f 1940 1939 1943
f 1940 1943 1944
f 1832 1939 1943
f 1832 1943 1834
f 1942 1941 1945
f 1942 1945 1946
f 1833 1835 1946
f 1833 1946 1942
f 1944 1943 1947
f 1944 1947 1948
f 1834 1943 1947
f 1834 1947 1836
f 1946 1945 1949
f 1946 1949 1950
f 1835 1837 1950
f 1835 1950 1946
f 1948 1947 1951
f 1948 1951 1952
f 1836 1947 1951
f 1836 1951 1838
f 1950 1949 1953
f 1950 1953 1954
f 1837 1839 1954
f 1837 1954 1950
f 1952 1951 1955
f 1952 1955 1956
f 1838 1951 1955
f 1838 1955 1840
f 1954 1953 1957
f 1954 1957 1958
f 1839 1841 1958
f 1839 1958 1954
f 1956 1955 1959
f 1956 1959 1960
f 1840 1955 1959
f 1840 1959 1842
f 1958 1957 1961
f 1958 1961 1962
f 1841 1843 1962
f 1841 1962 1958
f 1960 1959 1963
f 1960 1963 1964
f 1842 1959 1963
f 1842 1963 1844
f 1962 1961 1965
f 1962 1965 1966
f 1843 1845 1966
f 1843 1966 1962
f 1964 1963 1967
f 1964 1967 1968
f 1844 1963 1967
f 1844 1967 1846
f 1966 1965 1969
f 1966 1969 1970
f 1845 1847 1970
f 1845 1970 1966
f 1968 1967 1971
f 1968 1971 1972
f 1846 1967 1971
f 1846 1971 1848
f 1970 1969 1973
f 1970 1973 1974
f 1847 1849 1974
f 1847 1974 1970
f 1972 1971 1975
f 1972 1975 1976
f 1848 1971 1975
f 1848 1975 1850
f 1974 1973 1977
f 1974 1977 1978
f 1852 1851 1977
f 1852 1977 1978
f 1849 1852 1978
f 1849 1978 1974
f 1851 1853 1979
f 1851 1979 1977
f 1853 1854 1980
f 1853 1980 1979
f 1854 1855 1981
f 1854 1981 1980
f 1855 1856 1982
f 1855 1982 1981
f 1856 1857 1983
f 1856 1983 1982
f 1857 1858 1984
f 1857 1984 1983
f 1858 1859 1985
f 1858 1985 1984
f 1859 1860 1986
f 1859 1986 1985
f 1860 1861 1987
f 1860 1987 1986
f 1861 1862 1988
f 1861 1988 1987
f 1862 1863 1989
f 1862 1989 1988
f 1863 1864 1990
f 1863 1990 1989
f 1864 1865 1991
f 1864 1991 1990
f 1865 1866 1992
f 1865 1992 1991
f 1866 1867 1993
f 1866 1993 1992
f 1867 1868 1994
f 1867 1994 1993
f 1868 1869 1995
f 1868 1995 1994
f 1869 1870 1996
f 1869 1996 1995
f 1976 1975 1997
f 1976 1997 1996
f 1870 1871 1997
f 1870 1997 1996
f 1850 1975 1997
f 1850 1997 1871
f 1998 1999 2000
f 1998 2000 2001
f 1873 1998 1999
f 1873 1999 1876
f 1873 1874 2001
f 1873 2001 1998
f 1876 1999 2002
f 1876 2002 1877
f 1877 2002 2003
f 1877 2003 1878
f 1878 2003 2004
f 1878 2004 1879
f 1879 2004 2005
f 1879 2005 1880
f 1880 2005 2006
f 1880 2006 1881
f 1881 2006 2007
f 1881 2007 1882
f 1882 2007 2008
f 1882 2008 1883
f 1883 2008 2009
f 1883 2009 1884
f 1884 2009 2010
f 1884 2010 1885
f 1885 2010 2011
f 1885 2011 1886
f 1886 2011 2012
f 1886 2012 1887
f 1887 2012 2013
f 1887 2013 1888
f 1888 2013 2014
f 1888 2014 1889
f 1889 2014 2015
f 1889 2015 1890
f 1890 2015 2016
f 1890 2016 1891
f 1891 2016 2017
f 1891 2017 1892
f 2017 2018 2019
f 2017 2019 2020
f 1892 2017 2018
f 1892 2018 1893
f 1893 2018 2019
f 1893 2019 1896
f 2001 2000 2021
f 2001 2021 2022
f 1874 1897 2022
f 1874 2022 2001
f 2020 2019 2023
f 2020 2023 2024
f 1896 2019 2023
f 1896 2023 1900
f 2022 2021 2025
f 2022 2025 2026
f 1897 1901 2026
f 1897 2026 2022
f 2024 2023 2027
f 2024 2027 2028
f 1900 2023 2027
f 1900 2027 1904
f 2026 2025 2029
f 2026 2029 2030
f 1901 1905 2030
f 1901 2030 2026
f 2028 2027 2031
f 2028 2031 2032
f 1904 2027 2031
f 1904 2031 1908
f 2030 2029 2033
f 2030 2033 2034
f 1905 1909 2034
f 1905 2034 2030
f 2032 2031 2035
f 2032 2035 2036
f 1908 2031 2035
f 1908 2035 1912
f 2034 2033 2037
f 2034 2037 2038
f 1909 1913 2038
f 1909 2038 2034
f 2036 2035 2039
f 2036 2039 2040
f 1912 2035 2039
f 1912 2039 1916
f 2038 2037 2041
f 2038 2041 2042
f 1913 1917 2042
f 1913 2042 2038
f 2040 2039 2043
f 2040 2043 2044
f 1916 2039 2043
f 1916 2043 1920
f 2042 2041 2045
f 2042 2045 2046
f 1917 1921 2046
f 1917 2046 2042
f 2044 2043 2047
f 2044 2047 2048
f 1920 2043 2047
f 1920 2047 1924
f 2046 2045 2049
f 2046 2049 2050
f 1921 1925 2050
f 1921 2050 2046
f 2048 2047 2051
f 2048 2051 2052
f 1924 2047 2051
f 1924 2051 1928
f 2050 2049 2053
f 2050 2053 2054
f 1925 1929 2054
f 1925 2054 2050
f 2052 2051 2055
f 2052 2055 2056
f 1928 2051 2055
f 1928 2055 1932
f 2054 2053 2057
f 2054 2057 2058
f 1929 1933 2058
f 1929 2058 2054
f 2056 2055 2059
f 2056 2059 2060
f 1932 2055 2059
f 1932 2059 1936
f 2058 2057 2061
f 2058 2061 2062
f 1933 1937 2062
f 1933 2062 2058
f 2060 2059 2063
f 2060 2063 2064
f 1936 2059 2063
f 1936 2063 1940
f 2062 2061 2065
f 2062 2065 2066
f 1937 1941 2066
f 1937 2066 2062
f 2064 2063 2067
f 2064 2067 2068
f 1940 2063 2067
f 1940 2067 1944
f 2066 2065 2069
f 2066 2069 2070
f 1941 1945 2070
f 1941 2070 2066
f 2068 2067 2071
f 2068 2071 2072
f 1944 2067 2071
f 1944 2071 1948
f 2070 2069 2073
f 2070 2073 2074
f 1945 1949 2074
f 1945 2074 2070
f 2072 2071 2075
f 2072 2075 2076
f 1948 2071 2075
f 1948 2075 1952
f 2074 2073 2077
f 2074 2077 2078
f 1949 1953 2078
f 1949 2078 2074
f 2076 2075 2079
f 2076 2079 2080
f 1952 2075 2079
f 1952 2079 1956
f 2078 2077 2081
f 2078 2081 2082
f 1953 1957 2082
f 1953 2082 2078
f 2080 2079 2083
f 2080 2083 2084
f 1956 2079 2083
f 1956 2083 1960
f 2082 2081 2085
f 2082 2085 2086
f 1957 1961 2086
f 1957 2086 2082
f 2084 2083 2087
f 2084 2087 2088
f 1960 2083 2087
f 1960 2087 1964
f 2086 2085 2089
f 2086 2089 2090
f 1961 1965 2090
f 1961 2090 2086
f 2088 2087 2091
f 2088 2091 2092
f 1964 2087 2091
f 1964 2091 1968
f 2090 2089 2093
f 2090 2093 2094
f 1965 1969 2094
f 1965 2094 2090
f 2092 2091 2095
f 2092 2095 2096
f 1968 2091 2095
f 1968 2095 1972
f 2094 2093 2097
f 2094 2097 2098
f 1969 1973 2098
f 1969 2098 2094
f 2096 2095 2099
f 2096 2099 2100
f 1972 2095 2099
f 1972 2099 1976
f 2098 2097 2101
f 2098 2101 2102
f 1977 1979 2101
f 1977 2101 2102
f 1973 1977 2102
f 1973 2102 2098
f 1979 1980 2103
f 1979 2103 2101
f 1980 1981 2104
f 1980 2104 2103
f 1981 1982 2105
f 1981 2105 2104
f 1982 1983 2106
f 1982 2106 2105
f 1983 1984 2107
f 1983 2107 2106
f 1984 1985 2108
f 1984 2108 2107
f 1985 1986 2109
f 1985 2109 2108
f 1986 1987 2110
f 1986 2110 2109
f 1987 1988 2111
f 1987 2111 2110
f 1988 1989 2112
f 1988 2112 2111
f 1989 1990 2113
f 1989 2113 2112
f 1990 1991 2114
f 1990 2114 2113
f 1991 1992 2115
f 1991 2115 2114
f 1992 1993 2116
f 1992 2116 2115
f 1993 1994 2117
f 1993 2117 2116
f 1994 1995 2118
f 1994 2118 2117
f 2100 2099 2119
f 2100 2119 2118
f 1995 1996 2119
f 1995 2119 2118
f 1976 2099 2119
f 1976 2119 1996
f 2120 2121 2122
f 2120 2122 2123
f 1999 2120 2121
f 1999 2121 2002
f 1999 2000 2123
f 1999 2123 2120
f 2002 2121 2124
f 2002 2124 2003
f 2003 2124 2125
f 2003 2125 2004
f 2004 2125 2126
f 2004 2126 2005
f 2005 2126 2127
f 2005 2127 2006
f 2006 2127 2128
f 2006 2128 2007
f 2007 2128 2129
f 2007 2129 2008
f 2008 2129 2130
f 2008 2130 2009
f 2009 2130 2131
f 2009 2131 2010
f 2010 2131 2132
f 2010 2132 2011
f 2011 2132 2133
f 2011 2133 2012
f 2012 2133 2134
f 2012 2134 2013
f 2013 2134 2135
f 2013 2135 2014
f 2014 2135 2136
f 2014 2136 2015
f 2015 2136 2137
f 2015 2137 2016
f 2137 2138 2139
f 2137 2139 2140
f 2016 2137 2138
f 2016 2138 2017
f 2017 2138 2139
f 2017 2139 2020
f 2123 2122 2141
f 2123 2141 2142
f 2000 2021 2142
f 2000 2142 2123
f 2140 2139 2143
f 2140 2143 2144
f 2020 2139 2143
f 2020 2143 2024
f 2142 2141 2145
f 2142 2145 2146
f 2021 2025 2146
f 2021 2146 2142
f 2144 2143 2147
f 2144 2147 2148
f 2024 2143 2147
f 2024 2147 2028
f 2146 2145 2149
f 2146 2149 2150
f 2025 2029 2150
f 2025 2150 2146
f 2148 2147 2151
f 2148 2151 2152
f 2028 2147 2151
f 2028 2151 2032
f 2150 2149 2153
f 2150 2153 2154
f 2029 2033 2154
f 2029 2154 2150
f 2152 2151 2155
f 2152 2155 2156
f 2032 2151 2155
f 2032 2155 2036
f 2154 2153 2157
f 2154 2157 2158
f 2033 2037 2158
f 2033 2158 2154
f 2156 2155 2159
f 2156 2159 2160
f 2036 2155 2159
f 2036 2159 2040
f 2158 2157 2161
f 2158 2161 2162
f 2037 2041 2162
f 2037 2162 2158
f 2160 2159 2163
f 2160 2163 2164
f 2040 2159 2163
f 2040 2163 2044
f 2162 2161 2165
f 2162 2165 2166
f 2041 2045 2166
f 2041 2166 2162
f 2164 2163 2167
f 2164 2167 2168
f 2044 2163 2167
f 2044 2167 2048
f 2166 2165 2169
f 2166 2169 2170
f 2045 2049 2170
f 2045 2170 2166
f 2168 2167 2171
f 2168 2171 2172
f 2048 2167 2171
f 2048 2171 2052
f 2170 2169 2173
f 2170 2173 2174
f 2049 2053 2174
f 2049 2174 2170
f 2172 2171 2175
f 2172 2175 2176
f 2052 2171 2175
f 2052 2175 2056
f 2174 2173 2177
f 2174 2177 2178
f 2053 2057 2178
f 2053 2178 2174
f 2176 2175 2179
f 2176 2179 2180
f 2056 2175 2179
f 2056 2179 2060
f 2178 2177 2181
f 2178 2181 2182
f 2057 2061 2182
f 2057 2182 2178
f 2180 2179 2183
f 2180 2183 2184
f 2060 2179 2183
f 2060 2183 2064
f 2182 2181 2185
f 2182 2185 2186
f 2061 2065 2186
f 2061 2186 2182
f 2184 2183 2187
f 2184 2187 2188
f 2064 2183 2187
f 2064 2187 2068
f 2186 2185 2189
f 2186 2189 2190
f 2065 2069 2190
f 2065 2190 2186
f 2188 2187 2191
f 2188 2191 2192
f 2068 2187 2191
f 2068 2191 2072
f 2190 2189 2193
f 2190 2193 2194
f 2069 2073 2194
f 2069 2194 2190
f 2192 2191 2195
f 2192 2195 2196
f 2072 2191 2195
f 2072 2195 2076
f 2194 2193 2197
f 2194 2197 2198
f 2073 2077 2198
f 2073 2198 2194
f 2196 2195 2199
f 2196 2199 2200
f 2076 2195 2199
f 2076 2199 2080
f 2198 2197 2201
f 2198 2201 2202
f 2077 2081 2202
f 2077 2202 2198
f 2200 2199 2203
f 2200 2203 2204
f 2080 2199 2203
f 2080 2203 2084
f 2202 2201 2205
f 2202 2205 2206
f 2081 2085 2206
f 2081 2206 2202
f 2204 2203 2207
f 2204 2207 2208
f 2084 2203 2207
f 2084 2207 2088
f 2206 2205 2209
f 2206 2209 2210
f 2085 2089 2210
f 2085 2210 2206
f 2208 2207 2211
f 2208 2211 2212
f 2088 2207 2211
f 2088 2211 2092
f 2210 2209 2213
f 2210 2213 2214
f 2089 2093 2214
f 2089 2214 2210
f 2212 2211 2215
f 2212 2215 2216
f 2092 2211 2215
f 2092 2215 2096
f 2214 2213 2217
f 2214 2217 2218
f 2093 2097 2218
f 2093 2218 2214
f 2216 2215 2219
f 2216 2219 2220
f 2096 2215 2219
f 2096 2219 2100
f 2218 2217 2221
f 2218 2221 2222
f 2101 2103 2221
f 2101 2221 2222
f 2097 2101 2222
f 2097 2222 2218
f 2103 2104 2223
f 2103 2223 2221
f 2104 2105 2224
f 2104 2224 2223
f 2105 2106 2225
f 2105 2225 2224
f 2106 2107 2226
f 2106 2226 2225
f 2107 2108 2227
f 2107 2227 2226
f 2108 2109 2228
f 2108 2228 2227
f 2109 2110 2229
f 2109 2229 2228
f 2110 2111 2230
f 2110 2230 2229
f 2111 2112 2231
f 2111 2231 2230
f 2112 2113 2232
f 2112 2232 2231
f 2113 2114 2233
f 2113 2233 2232
f 2114 2115 2234
f 2114 2234 2233
f 2115 2116 2235
f 2115 2235 2234
f 2116 2117 2236
f 2116 2236 2235
f 2220 2219 2237
f 2220 2237 2236
f 2117 2118 2237
f 2117 2237 2236
f 2100 2219 2237
f 2100 2237 2118
f 2238 2239 2240
f 2238 2240 2241
f 2121 2238 2239
f 2121 2239 2124
f 2121 2122 2241
f 2121 2241 2238
f 2124 2239 2242
f 2124 2242 2125
f 2125 2242 2243
f 2125 2243 2126
f 2126 2243 2244
f 2126 2244 2127
f 2127 2244 2245
f 2127 2245 2128
f 2128 2245 2246
f 2128 2246 2129
f 2129 2246 2247
f 2129 2247 2130
f 2130 2247 2248
f 2130 2248 2131
f 2131 2248 2249
f 2131 2249 2132
f 2132 2249 2250
f 2132 2250 2133
f 2133 2250 2251
f 2133 2251 2134
f 2134 2251 2252
f 2134 2252 2135
f 2135 2252 2253
f 2135 2253 2136
f 2253 2254 2255
f 2253 2255 2256
f 2136 2253 2254
f 2136 2254 2137
f 2137 2254 2255
f 2137 2255 2140
f 2241 2240 2257
f 2241 2257 2258
f 2122 2141 2258
f 2122 2258 2241
f 2256 2255 2259
f 2256 2259 2260
f 2140 2255 2259
f 2140 2259 2144
f 2258 2257 2261
f 2258 2261 2262
f 2141 2145 2262
f 2141 2262 2258
f 2260 2259 2263
f 2260 2263 2264
f 2144 2259 2263
f 2144 2263 2148
f 2262 2261 2265
f 2262 2265 2266
f 2145 2149 2266
f 2145 2266 2262
f 2264 2263 2267
f 2264 2267 2268
f 2148 2263 2267
f 2148 2267 2152
f 2266 2265 2269
f 2266 2269 2270
f 2149 2153 2270
f 2149 2270 2266
f 2268 2267 2271
f 2268 2271 2272
f 2152 2267 2271
f 2152 2271 2156
f 2270 2269 2273
f 2270 2273 2274
f 2153 2157 2274
f 2153 2274 2270
f 2272 2271 2275
f 2272 2275 2276
f 2156 2271 2275
f 2156 2275 2160
f 2274 2273 2277
f 2274 2277 2278
f 2157 2161 2278
f 2157 2278 2274
f 2276 2275 2279
f 2276 2279 2280
f 2160 2275 2279
f 2160 2279 2164
f 2278 2277 2281
f 2278 2281 2282
f 2161 2165 2282
f 2161 2282 2278
f 2280 2279 2283
f 2280 2283 2284
f 2164 2279 2283
f 2164 2283 2168
f 2282 2281 2285
f 2282 2285 2286
f 2165 2169 2286
f 2165 2286 2282
f 2284 2283 2287
f 2284 2287 2288
f 2168 2283 2287
f 2168 2287 2172
f 2286 2285 2289
f 2286 2289 2290
f 2169 2173 2290
f 2169 2290 2286
f 2288 2287 2291
f 2288 2291 2292
f 2172 2287 2291
f 2172 2291 2176
f 2290 2289 2293
f 2290 2293 2294
f 2173 2177 2294
f 2173 2294 2290
f 2292 2291 2295
f 2292 2295 2296
f 2176 2291 2295
f 2176 2295 2180
f 2294 2293 2297
f 2294 2297 2298
f 2177 2181 2298
f 2177 2298 2294
f 2296 2295 2299
f 2296 2299 2300
f 2180 2295 2299
f 2180 2299 2184
f 2298 2297 2301
f 2298 2301 2302
f 2181 2185 2302
f 2181 2302 2298
f 2300 2299 2303
f 2300 2303 2304
f 2184 2299 2303
f 2184 2303 2188
f 2302 2301 2305
f 2302 2305 2306
f 2185 2189 2306
f 2185 2306 2302
f 2304 2303 2307
f 2304 2307 2308
f 2188 2303 2307
f 2188 2307 2192
f 2306 2305 2309
f 2306 2309 2310
f 2189 2193 2310
f 2189 2310 2306
f 2308 2307 2311
f 2308 2311 2312
f 2192 2307 2311
f 2192 2311 2196
f 2310 2309 2313
f 2310 2313 2314
f 2193 2197 2314
f 2193 2314 2310
f 2312 2311 2315
f 2312 2315 2316
f 2196 2311 2315
f 2196 2315 2200
f 2314 2313 2317
f 2314 2317 2318
f 2197 2201 2318
f 2197 2318 2314
f 2316 2315 2319
f 2316 2319 2320
f 2200 2315 2319
f 2200 2319 2204
f 2318 2317 2321
f 2318 2321 2322
f 2201 2205 2322
f 2201 2322 2318
f 2320 2319 2323
f 2320 2323 2324
f 2204 2319 2323
f 2204 2323 2208
f 2322 2321 2325
f 2322 2325 2326
f 2205 2209 2326
f 2205 2326 2322
f 2324 2323 2327
f 2324 2327 2328
f 2208 2323 2327
f 2208 2327 2212
f 2326 2325 2329
f 2326 2329 2330
f 2209 2213 2330
f 2209 2330 2326
f 2328 2327 2331
f 2328 2331 2332
f 2212 2327 2331
f 2212 2331 2216
f 2330 2329 2333
f 2330 2333 2334
f 2213 2217 2334
f 2213 2334 2330
f 2332 2331 2335
f 2332 2335 2336
f 2216 2331 2335
f 2216 2335 2220
f 2334 2333 2337
f 2334 2337 2338
f 2221 2223 2337
f 2221 2337 2338
f 2217 2221 2338
f 2217 2338 2334
f 2223 2224 2339
f 2223 2339 2337
f 2224 2225 2340
f 2224 2340 2339
f 2225 2226 2341
f 2225 2341 2340
f 2226 2227 2342
f 2226 2342 2341
f 2227 2228 2343
f 2227 2343 2342
f 2228 2229 2344
f 2228 2344 2343
f 2229 2230 2345
f 2229 2345 2344
f 2230 2231 2346
f 2230 2346 2345
f 2231 2232 2347
f 2231 2347 2346
f 2232 2233 2348
f 2232 2348 2347
f 2233 2234 2349
f 2233 2349 2348
f 2234 2235 2350
f 2234 2350 2349
f 2336 2335 2351
f 2336 2351 2350
f 2235 2236 2351
f 2235 2351 2350
f 2220 2335 2351
f 2220 2351 2236
f 2352 2353 2354
f 2352 2354 2355
f 2239 2352 2353
f 2239 2353 2242
f 2239 2240 2355
f 2239 2355 2352
f 2353 2356 2357
f 2353 2357 2354
f 2242 2353 2356
f 2242 2356 2243
f 2356 2358 2359
f 2356 2359 2357
f 2243 2356 2358
f 2243 2358 2244
f 2244 2358 2360
f 2244 2360 2245
f 2245 2360 2361
f 2245 2361 2246
f 2246 2361 2362
f 2246 2362 2247
f 2247 2362 2363
f 2247 2363 2248
f 2248 2363 2364
f 2248 2364 2249
f 2249 2364 2365
f 2249 2365 2250
f 2365 2366 2367
f 2365 2367 2368
f 2250 2365 2366
f 2250 2366 2251
f 2366 2369 2370
f 2366 2370 2367
f 2251 2366 2369
f 2251 2369 2252
f 2369 2371 2372
f 2369 2372 2370
f 2252 2369 2371
f 2252 2371 2253
f 2253 2371 2372
f 2253 2372 2256
f 2355 2354 2373
f 2355 2373 2374
f 2240 2257 2374
f 2240 2374 2355
f 2354 2357 2375
f 2354 2375 2373
f 2357 2359 2376
f 2357 2376 2375
f 2368 2367 2377
f 2368 2377 2378
f 2367 2370 2379
f 2367 2379 2377
f 2370 2372 2380
f 2370 2380 2379
f 2256 2372 2380
f 2256 2380 2260
f 2374 2373 2381
f 2374 2381 2382
f 2257 2261 2382
f 2257 2382 2374
f 2373 2375 2383
f 2373 2383 2381
f 2375 2376 2384
f 2375 2384 2383
f 2378 2377 2385
f 2378 2385 2386
f 2377 2379 2387
f 2377 2387 2385
f 2379 2380 2388
f 2379 2388 2387
f 2260 2380 2388
f 2260 2388 2264
f 2382 2381 2389
f 2382 2389 2390
f 2261 2265 2390
f 2261 2390 2382
f 2381 2383 2391
f 2381 2391 2389
f 2383 2384 2392
f 2383 2392 2391
f 2386 2385 2393
f 2386 2393 2394
f 2385 2387 2395
f 2385 2395 2393
f 2387 2388 2396
f 2387 2396 2395
f 2264 2388 2396
f 2264 2396 2268
f 2390 2389 2397
f 2390 2397 2398
f 2265 2269 2398
f 2265 2398 2390
f 2389 2391 2399
f 2389 2399 2397
f 2391 2392 2400
f 2391 2400 2399
f 2394 2393 2401
f 2394 2401 2402
f 2393 2395 2403
f 2393 2403 2401
f 2395 2396 2404
f 2395 2404 2403
f 2268 2396 2404
f 2268 2404 2272
f 2398 2397 2405
f 2398 2405 2406
f 2269 2273 2406
f 2269 2406 2398
f 2397 2399 2407
f 2397 2407 2405
f 2399 2400 2408
f 2399 2408 2407
f 2402 2401 2409
f 2402 2409 2410
f 2401 2403 2411
f 2401 2411 2409
f 2403 2404 2412
f 2403 2412 2411
f 2272 2404 2412
f 2272 2412 2276
f 2406 2405 2413
f 2406 2413 2414
f 2273 2277 2414
f 2273 2414 2406
f 2405 2407 2415
f 2405 2415 2413
f 2407 2408 2416
f 2407 2416 2415
f 2410 2409 2417
f 2410 2417 2418
f 2409 2411 2419
f 2409 2419 2417
f 2411 2412 2420
f 2411 2420 2419
f 2276 2412 2420
f 2276 2420 2280
f 2414 2413 2421
f 2414 2421 2422
f 2277 2281 2422
f 2277 2422 2414
f 2413 2415 2423
f 2413 2423 2421
f 2415 2416 2424
f 2415 2424 2423
f 2418 2417 2425
f 2418 2425 2426
f 2417 2419 2427
f 2417 2427 2425
f 2419 2420 2428
f 2419 2428 2427
f 2280 2420 2428
f 2280 2428 2284
f 2422 2421 2429
f 2422 2429 2430
f 2281 2285 2430
f 2281 2430 2422
f 2421 2423 2431
f 2421 2431 2429
f 2423 2424 2432
f 2423 2432 2431
f 2426 2425 2433
f 2426 2433 2434
f 2425 2427 2435
f 2425 2435 2433
f 2427 2428 2436
f 2427 2436 2435
f 2284 2428 2436
f 2284 2436 2288
f 2430 2429 2437
f 2430 2437 2438
f 2285 2289 2438
f 2285 2438 2430
f 2429 2431 2439
f 2429 2439 2437
f 2431 2432 2440
f 2431 2440 2439
f 2434 2433 2441
f 2434 2441 2442
f 2433 2435 2443
f 2433 2443 2441
f 2435 2436 2444
f 2435 2444 2443
f 2288 2436 2444
f 2288 2444 2292
f 2438 2437 2445
f 2438 2445 2446
f 2289 2293 2446
f 2289 2446 2438
f 2437 2439 2447
f 2437 2447 2445
f 2439 2440 2448
f 2439 2448 2447
f 2442 2441 2449
f 2442 2449 2450
f 2441 2443 2451
f 2441 2451 2449
f 2443 2444 2452
f 2443 2452 2451
f 2292 2444 2452
f 2292 2452 2296
f 2446 2445 2453
f 2446 2453 2454
f 2293 2297 2454
f 2293 2454 2446
f 2445 2447 2455
f 2445 2455 2453
f 2447 2448 2456
f 2447 2456 2455
f 2450 2449 2457
f 2450 2457 2458
f 2449 2451 2459
f 2449 2459 2457
f 2451 2452 2460
f 2451 2460 2459
f 2296 2452 2460
f 2296 2460 2300
f 2454 2453 2461
f 2454 2461 2462
f 2297 2301 2462
f 2297 2462 2454
f 2453 2455 2463
f 2453 2463 2461
f 2455 2456 2464
f 2455 2464 2463
f 2458 2457 2465
f 2458 2465 2466
f 2457 2459 2467
f 2457 2467 2465
f 2459 2460 2468
f 2459 2468 2467
f 2300 2460 2468
f 2300 2468 2304
f 2462 2461 2469
f 2462 2469 2470
f 2301 2305 2470
f 2301 2470 2462
f 2461 2463 2471
f 2461 2471 2469
f 2463 2464 2472
f 2463 2472 2471
f 2466 2465 2473
f 2466 2473 2474
f 2465 2467 2475
f 2465 2475 2473
f 2467 2468 2476
f 2467 2476 2475
f 2304 2468 2476
f 2304 2476 2308
f 2470 2469 2477
f 2470 2477 2478
f 2305 2309 2478
f 2305 2478 2470
f 2469 2471 2479
f 2469 2479 2477
f 2471 2472 2480
f 2471 2480 2479
f 2474 2473 2481
f 2474 2481 2482
f 2473 2475 2483
f 2473 2483 2481
f 2475 2476 2484
f 2475 2484 2483
f 2308 2476 2484
f 2308 2484 2312
f 2478 2477 2485
f 2478 2485 2486
f 2309 2313 2486
f 2309 2486 2478
f 2477 2479 2487
f 2477 2487 2485
f 2479 2480 2488
f 2479 2488 2487
f 2482 2481 2489
f 2482 2489 2490
f 2481 2483 2491
f 2481 2491 2489
f 2483 2484 2492
f 2483 2492 2491
f 2312 2484 2492
f 2312 2492 2316
f 2486 2485 2493
f 2486 2493 2494
f 2313 2317 2494
f 2313 2494 2486
f 2485 2487 2495
f 2485 2495 2493
f 2487 2488 2496
f 2487 2496 2495
f 2490 2489 2497
f 2490 2497 2498
f 2489 2491 2499
f 2489 2499 2497
f 2491 2492 2500
f 2491 2500 2499
f 2316 2492 2500
f 2316 2500 2320
f 2494 2493 2501
f 2494 2501 2502
f 2317 2321 2502
f 2317 2502 2494
f 2493 2495 2503
f 2493 2503 2501
f 2495 2496 2504
f 2495 2504 2503
f 2498 2497 2505
f 2498 2505 2506
f 2497 2499 2507
f 2497 2507 2505
f 2499 2500 2508
f 2499 2508 2507
f 2320 2500 2508
f 2320 2508 2324
f 2502 2501 2509
f 2502 2509 2510
f 2321 2325 2510
f 2321 2510 2502
f 2501 2503 2511
f 2501 2511 2509
f 2503 2504 2512
f 2503 2512 2511
f 2506 2505 2513
f 2506 2513 2514
f 2505 2507 2515
f 2505 2515 2513
f 2507 2508 2516
f 2507 2516 2515
f 2324 2508 2516
f 2324 2516 2328
f 2510 2509 2517
f 2510 2517 2518
f 2325 2329 2518
f 2325 2518 2510
f 2509 2511 2519
f 2509 2519 2517
f 2511 2512 2520
f 2511 2520 2519
f 2514 2513 2521
f 2514 2521 2522
f 2513 2515 2523
f 2513 2523 2521
f 2515 2516 2524
f 2515 2524 2523
f 2328 2516 2524
f 2328 2524 2332
f 2518 2517 2525
f 2518 2525 2526
f 2329 2333 2526
f 2329 2526 2518
f 2517 2519 2527
f 2517 2527 2525
f 2519 2520 2528
f 2519 2528 2527
f 2522 2521 2529
f 2522 2529 2530
f 2521 2523 2531
f 2521 2531 2529
f 2523 2524 2532
f 2523 2532 2531
f 2332 2524 2532
f 2332 2532 2336
f 2526 2525 2533
f 2526 2533 2534
f 2337 2339 2533
f 2337 2533 2534
f 2333 2337 2534
f 2333 2534 2526
f 2525 2527 2535
f 2525 2535 2533
f 2339 2340 2535
f 2339 2535 2533
f 2527 2528 2536
f 2527 2536 2535
f 2340 2341 2536
f 2340 2536 2535
f 2341 2342 2537
f 2341 2537 2536
f 2342 2343 2538
f 2342 2538 2537
f 2343 2344 2539
f 2343 2539 2538
f 2344 2345 2540
f 2344 2540 2539
f 2345 2346 2541
f 2345 2541 2540
f 2346 2347 2542
f 2346 2542 2541
f 2530 2529 2543
f 2530 2543 2542
f 2347 2348 2543
f 2347 2543 2542
f 2529 2531 2544
f 2529 2544 2543
f 2348 2349 2544
f 2348 2544 2543
f 2531 2532 2545
f 2531 2545 2544
f 2349 2350 2545
f 2349 2545 2544
f 2336 2532 2545
f 2336 2545 2350
f 2546 2547 2548
f 2546 2548 2549
f 2358 2546 2547
f 2358 2547 2360
f 2358 2359 2549
f 2358 2549 2546
f 2547 2550 2551
f 2547 2551 2548
f 2360 2547 2550
f 2360 2550 2361
f 2550 2552 2553
f 2550 2553 2551
f 2361 2550 2552
f 2361 2552 2362
f 2552 2554 2555
f 2552 2555 2553
f 2362 2552 2554
f 2362 2554 2363
f 2554 2556 2557
f 2554 2557 2555
f 2363 2554 2556
f 2363 2556 2364
f 2556 2558 2559
f 2556 2559 2557
f 2364 2556 2558
f 2364 2558 2365
f 2365 2558 2559
f 2365 2559 2368
f 2549 2548 2560
f 2549 2560 2561
f 2359 2376 2561
f 2359 2561 2549
f 2548 2551 2562
f 2548 2562 2560
f 2551 2553 2563
f 2551 2563 2562
f 2553 2555 2564
f 2553 2564 2563
f 2555 2557 2565
f 2555 2565 2564
f 2557 2559 2566
f 2557 2566 2565
f 2368 2559 2566
f 2368 2566 2378
f 2561 2560 2567
f 2561 2567 2568
f 2376 2384 2568
f 2376 2568 2561
f 2560 2562 2569
f 2560 2569 2567
f 2562 2563 2570
f 2562 2570 2569
f 2563 2564 2571
f 2563 2571 2570
f 2564 2565 2572
f 2564 2572 2571
f 2565 2566 2573
f 2565 2573 2572
f 2378 2566 2573
f 2378 2573 2386
f 2568 2567 2574
f 2568 2574 2575
f 2384 2392 2575
f 2384 2575 2568
f 2567 2569 2576
f 2567 2576 2574
f 2569 2570 2577
f 2569 2577 2576
f 2570 2571 2578
f 2570 2578 2577
f 2571 2572 2579
f 2571 2579 2578
f 2572 2573 2580
f 2572 2580 2579
f 2386 2573 2580
f 2386 2580 2394
f 2575 2574 2581
f 2575 2581 2582
f 2392 2400 2582
f 2392 2582 2575
f 2574 2576 2583
f 2574 2583 2581
f 2576 2577 2584
f 2576 2584 2583
f 2577 2578 2585
f 2577 2585 2584
f 2578 2579 2586
f 2578 2586 2585
f 2579 2580 2587
f 2579 2587 2586
f 2394 2580 2587
f 2394 2587 2402
f 2582 2581 2588
f 2582 2588 2589
f 2400 2408 2589
f 2400 2589 2582
f 2581 2583 2590
f 2581 2590 2588
f 2583 2584 2591
f 2583 2591 2590
f 2584 2585 2592
f 2584 2592 2591
f 2585 2586 2593
f 2585 2593 2592
f 2586 2587 2594
f 2586 2594 2593
f 2402 2587 2594
f 2402 2594 2410
f 2589 2588 2595
f 2589 2595 2596
f 2408 2416 2596
f 2408 2596 2589
f 2588 2590 2597
f 2588 2597 2595
f 2590 2591 2598
f 2590 2598 2597
f 2591 2592 2599
f 2591 2599 2598
f 2592 2593 2600
f 2592 2600 2599
f 2593 2594 2601
f 2593 2601 2600
f 2410 2594 2601
f 2410 2601 2418
f 2596 2595 2602
f 2596 2602 2603
f 2416 2424 2603
f 2416 2603 2596
f 2595 2597 2604
f 2595 2604 2602
f 2597 2598 2605
f 2597 2605 2604
f 2598 2599 2606
f 2598 2606 2605
f 2599 2600 2607
f 2599 2607 2606
f 2600 2601 2608
f 2600 2608 2607
f 2418 2601 2608
f 2418 2608 2426
f 2603 2602 2609
f 2603 2609 2610
f 2424 2432 2610
f 2424 2610 2603
f 2602 2604 2611
f 2602 2611 2609
f 2604 2605 2612
f 2604 2612 2611
f 2605 2606 2613
f 2605 2613 2612
f 2606 2607 2614
f 2606 2614 2613
f 2607 2608 2615
f 2607 2615 2614
f 2426 2608 2615
f 2426 2615 2434
f 2610 2609 2616
f 2610 2616 2617
f 2432 2440 2617
f 2432 2617 2610
f 2609 2611 2618
f 2609 2618 2616
f 2611 2612 2619
f 2611 2619 2618
f 2612 2613 2620
f 2612 2620 2619
f 2613 2614 2621
f 2613 2621 2620
f 2614 2615 2622
f 2614 2622 2621
f 2434 2615 2622
f 2434 2622 2442
f 2617 2616 2623
f 2617 2623 2624
f 2440 2448 2624
f 2440 2624 2617
f 2616 2618 2625
f 2616 2625 2623
f 2618 2619 2626
f 2618 2626 2625
f 2619 2620 2627
f 2619 2627 2626
f 2620 2621 2628
f 2620 2628 2627
f 2621 2622 2629
f 2621 2629 2628
f 2442 2622 2629
f 2442 2629 2450
f 2624 2623 2630
f 2624 2630 2631
f 2448 2456 2631
f 2448 2631 2624
f 2623 2625 2632
f 2623 2632 2630
f 2625 2626 2633
f 2625 2633 2632
f 2626 2627 2634
f 2626 2634 2633
f 2627 2628 2635
f 2627 2635 2634
f 2628 2629 2636
f 2628 2636 2635
f 2450 2629 2636
f 2450 2636 2458
f 2631 2630 2637
f 2631 2637 2638
f 2456 2464 2638
f 2456 2638 2631
f 2630 2632 2639
f 2630 2639 2637
f 2632 2633 2640
f 2632 2640 2639
f 2633 2634 2641
f 2633 2641 2640
f 2634 2635 2642
f 2634 2642 2641
f 2635 2636 2643
f 2635 2643 2642
f 2458 2636 2643
f 2458 2643 2466
f 2638 2637 2644
f 2638 2644 2645
f 2464 2472 2645
f 2464 2645 2638
f 2637 2639 2646
f 2637 2646 2644
f 2639 2640 2647
f 2639 2647 2646
f 2640 2641 2648
f 2640 2648 2647
f 2641 2642 2649
f 2641 2649 2648
f 2642 2643 2650
f 2642 2650 2649
f 2466 2643 2650
f 2466 2650 2474
f 2645 2644 2651
f 2645 2651 2652
f 2472 2480 2652
f 2472 2652 2645
f 2644 2646 2653
f 2644 2653 2651
f 2646 2647 2654
f 2646 2654 2653
f 2647 2648 2655
f 2647 2655 2654
f 2648 2649 2656
f 2648 2656 2655
f 2649 2650 2657
f 2649 2657 2656
f 2474 2650 2657
f 2474 2657 2482
f 2652 2651 2658
f 2652 2658 2659
f 2480 2488 2659
f 2480 2659 2652
f 2651 2653 2660
f 2651 2660 2658
f 2653 2654 2661
f 2653 2661 2660
f 2654 2655 2662
f 2654 2662 2661
f 2655 2656 2663
f 2655 2663 2662
f 2656 2657 2664
f 2656 2664 2663
f 2482 2657 2664
f 2482 2664 2490
f 2659 2658 2665
f 2659 2665 2666
f 2488 2496 2666
f 2488 2666 2659
f 2658 2660 2667
f 2658 2667 2665
f 2660 2661 2668
f 2660 2668 2667
f 2661 2662 2669
f 2661 2669 2668
f 2662 2663 2670
f 2662 2670 2669
f 2663 2664 2671
f 2663 2671 2670
f 2490 2664 2671
f 2490 2671 2498
f 2666 2665 2672
f 2666 2672 2673
f 2496 2504 2673
f 2496 2673 2666
f 2665 2667 2674
f 2665 2674 2672
f 2667 2668 2675
f 2667 2675 2674
f 2668 2669 2676
f 2668 2676 2675
f 2669 2670 2677
f 2669 2677 2676
f 2670 2671 2678
f 2670 2678 2677
f 2498 2671 2678
f 2498 2678 2506
f 2673 2672 2679
f 2673 2679 2680
f 2504 2512 2680
f 2504 2680 2673
f 2672 2674 2681
f 2672 2681 2679
f 2674 2675 2682
f 2674 2682 2681
f 2675 2676 2683
f 2675 2683 2682
f 2676 2677 2684
f 2676 2684 2683
f 2677 2678 2685
f 2677 2685 2684
f 2506 2678 2685
f 2506 2685 2514
f 2680 2679 2686
f 2680 2686 2687
f 2512 2520 2687
f 2512 2687 2680
f 2679 2681 2688
f 2679 2688 2686
f 2681 2682 2689
f 2681 2689 2688
f 2682 2683 2690
f 2682 2690 2689
f 2683 2684 2691
f 2683 2691 2690
f 2684 2685 2692
f 2684 2692 2691
f 2514 2685 2692
f 2514 2692 2522
f 2687 2686 2693
f 2687 2693 2694
f 2520 2528 2694
f 2520 2694 2687
f 2686 2688 2695
f 2686 2695 2693
f 2688 2689 2696
f 2688 2696 2695
f 2689 2690 2697
f 2689 2697 2696
f 2690 2691 2698
f 2690 2698 2697
f 2691 2692 2699
f 2691 2699 2698
f 2522 2692 2699
f 2522 2699 2530
f 2694 2693 2700
f 2694 2700 2701
f 2536 2537 2700
f 2536 2700 2701
f 2528 2536 2701
f 2528 2701 2694
f 2693 2695 2702
f 2693 2702 2700
f 2537 2538 2702
f 2537 2702 2700
f 2695 2696 2703
f 2695 2703 2702
f 2538 2539 2703
f 2538 2703 2702
f 2696 2697 2704
f 2696 2704 2703
f 2539 2540 2704
f 2539 2704 2703
f 2697 2698 2705
f 2697 2705 2704
f 2540 2541 2705
f 2540 2705 2704
f 2698 2699 2706
f 2698 2706 2705
f 2541 2542 2706
f 2541 2706 2705
f 2530 2699 2706
f 2530 2706 2542
