o [4B] 3D Diagram - S2-10 Group F_249
v 2.599990 3.852628 0.000000
v 2.599990 3.894734 0.000000
v 2.599990 3.894734 0.263158
v 2.599990 3.852628 0.263158
v 2.642096 3.852628 0.000000
v 2.642096 3.852628 0.263158
v 2.642096 3.894734 0.000000
v 2.599990 3.894734 0.526316
v 2.599990 3.852628 0.526316
v 2.642096 3.852628 0.526316
v 2.599990 3.894734 0.789474
v 2.599990 3.852628 0.789474
v 2.642096 3.852628 0.789474
v 2.599990 3.894734 1.052632
v 2.599990 3.852628 1.052632
v 2.642096 3.852628 1.052632
v 2.599990 3.894734 1.315789
v 2.599990 3.852628 1.315789
v 2.642096 3.852628 1.315789
v 2.599990 3.894734 1.578947
v 2.599990 3.852628 1.578947
v 2.642096 3.852628 1.578947
v 2.599990 3.894734 1.842105
v 2.599990 3.852628 1.842105
v 2.642096 3.852628 1.842105
v 2.599990 3.894734 2.105263
v 2.599990 3.852628 2.105263
v 2.642096 3.852628 2.105263
v 2.599990 3.894734 2.368421
v 2.599990 3.852628 2.368421
v 2.642096 3.852628 2.368421
v 2.599990 3.894734 2.631579
v 2.599990 3.852628 2.631579
v 2.642096 3.852628 2.631579
v 2.599990 3.894734 2.894737
v 2.599990 3.852628 2.894737
v 2.642096 3.852628 2.894737
v 2.599990 3.894734 3.157895
v 2.599990 3.852628 3.157895
v 2.642096 3.852628 3.157895
v 2.599990 3.894734 3.421053
v 2.599990 3.852628 3.421053
v 2.642096 3.852628 3.421053
v 2.599990 3.894734 3.684211
v 2.599990 3.852628 3.684211
v 2.642096 3.852628 3.684211
v 2.599990 3.894734 3.947368
v 2.599990 3.852628 3.947368
v 2.642096 3.852628 3.947368
v 2.599990 3.894734 4.210526
v 2.599990 3.852628 4.210526
v 2.642096 3.852628 4.210526
v 2.599990 3.894734 4.473684
v 2.599990 3.852628 4.473684
v 2.642096 3.852628 4.473684
v 2.599990 3.894734 4.736842
v 2.599990 3.852628 4.736842
v 2.642096 3.852628 4.736842
v 2.599990 3.894734 5.000000
v 2.599990 3.852628 5.000000
v 2.642096 3.852628 5.000000
v 2.642096 3.894734 5.000000
v 2.599990 3.936841 0.000000
v 2.599990 3.936841 0.263158
v 2.642096 3.936841 0.000000
v 2.599990 3.936841 0.526316
v 2.599990 3.936841 0.789474
v 2.599990 3.936841 1.052632
v 2.599990 3.936841 1.315789
v 2.599990 3.936841 1.578947
v 2.599990 3.936841 1.842105
v 2.599990 3.936841 2.105263
v 2.599990 3.936841 2.368421
v 2.599990 3.936841 2.631579
v 2.599990 3.936841 2.894737
v 2.599990 3.936841 3.157895
v 2.599990 3.936841 3.421053
v 2.599990 3.936841 3.684211
v 2.599990 3.936841 3.947368
v 2.599990 3.936841 4.210526
v 2.599990 3.936841 4.473684
v 2.599990 3.936841 4.736842
v 2.599990 3.936841 5.000000
v 2.642096 3.936841 5.000000
v 2.599990 3.978947 0.000000
v 2.599990 3.978947 0.263158
v 2.642096 3.978947 0.000000
v 2.599990 3.978947 0.526316
v 2.599990 3.978947 0.789474
v 2.599990 3.978947 1.052632
v 2.599990 3.978947 1.315789
v 2.599990 3.978947 1.578947
v 2.599990 3.978947 1.842105
v 2.599990 3.978947 2.105263
v 2.599990 3.978947 2.368421
v 2.599990 3.978947 2.631579
v 2.599990 3.978947 2.894737
v 2.599990 3.978947 3.157895
v 2.599990 3.978947 3.421053
v 2.599990 3.978947 3.684211
v 2.599990 3.978947 3.947368
v 2.599990 3.978947 4.210526
v 2.599990 3.978947 4.473684
v 2.599990 3.978947 4.736842
v 2.599990 3.978947 5.000000
v 2.642096 3.978947 5.000000
v 2.599990 4.021053 0.000000
v 2.599990 4.021053 0.263158
v 2.642096 4.021053 0.000000
v 2.599990 4.021053 0.526316
v 2.599990 4.021053 0.789474
v 2.599990 4.021053 1.052632
v 2.599990 4.021053 1.315789
v 2.599990 4.021053 1.578947
v 2.599990 4.021053 1.842105
v 2.599990 4.021053 2.105263
v 2.599990 4.021053 2.368421
v 2.599990 4.021053 2.631579
v 2.599990 4.021053 2.894737
v 2.599990 4.021053 3.157895
v 2.599990 4.021053 3.421053
v 2.599990 4.021053 3.684211
v 2.599990 4.021053 3.947368
v 2.599990 4.021053 4.210526
v 2.599990 4.021053 4.473684
v 2.599990 4.021053 4.736842
v 2.599990 4.021053 5.000000
v 2.642096 4.021053 5.000000
v 2.599990 4.063159 0.000000
v 2.599990 4.063159 0.263158
v 2.642096 4.063159 0.000000
v 2.599990 4.063159 0.526316
v 2.599990 4.063159 0.789474
v 2.599990 4.063159 1.052632
v 2.599990 4.063159 1.315789
v 2.599990 4.063159 1.578947
v 2.599990 4.063159 1.842105
v 2.599990 4.063159 2.105263
v 2.599990 4.063159 2.368421
v 2.599990 4.063159 2.631579
v 2.599990 4.063159 2.894737
v 2.599990 4.063159 3.157895
v 2.599990 4.063159 3.421053
v 2.599990 4.063159 3.684211
v 2.599990 4.063159 3.947368
v 2.599990 4.063159 4.210526
v 2.599990 4.063159 4.473684
v 2.599990 4.063159 4.736842
v 2.599990 4.063159 5.000000
v 2.642096 4.063159 5.000000
v 2.599990 4.105266 0.000000
v 2.599990 4.105266 0.263158
v 2.642096 4.105266 0.000000
v 2.599990 4.105266 0.526316
v 2.599990 4.105266 0.789474
v 2.599990 4.105266 1.052632
v 2.599990 4.105266 1.315789
v 2.599990 4.105266 1.578947
v 2.599990 4.105266 1.842105
v 2.599990 4.105266 2.105263
v 2.599990 4.105266 2.368421
v 2.599990 4.105266 2.631579
v 2.599990 4.105266 2.894737
v 2.599990 4.105266 3.157895
v 2.599990 4.105266 3.421053
v 2.599990 4.105266 3.684211
v 2.599990 4.105266 3.947368
v 2.599990 4.105266 4.210526
v 2.599990 4.105266 4.473684
v 2.599990 4.105266 4.736842
v 2.599990 4.105266 5.000000
v 2.642096 4.105266 5.000000
v 2.599990 4.147372 0.000000
v 2.599990 4.147372 0.263158
v 2.642096 4.147372 0.263158
v 2.642096 4.147372 0.000000
v 2.599990 4.147372 0.526316
v 2.642096 4.147372 0.526316
v 2.599990 4.147372 0.789474
v 2.642096 4.147372 0.789474
v 2.599990 4.147372 1.052632
v 2.642096 4.147372 1.052632
v 2.599990 4.147372 1.315789
v 2.642096 4.147372 1.315789
v 2.599990 4.147372 1.578947
v 2.642096 4.147372 1.578947
v 2.599990 4.147372 1.842105
v 2.642096 4.147372 1.842105
v 2.599990 4.147372 2.105263
v 2.642096 4.147372 2.105263
v 2.599990 4.147372 2.368421
v 2.642096 4.147372 2.368421
v 2.599990 4.147372 2.631579
v 2.642096 4.147372 2.631579
v 2.599990 4.147372 2.894737
v 2.642096 4.147372 2.894737
v 2.599990 4.147372 3.157895
v 2.642096 4.147372 3.157895
v 2.599990 4.147372 3.421053
v 2.642096 4.147372 3.421053
v 2.599990 4.147372 3.684211
v 2.642096 4.147372 3.684211
v 2.599990 4.147372 3.947368
v 2.642096 4.147372 3.947368
v 2.599990 4.147372 4.210526
v 2.642096 4.147372 4.210526
v 2.599990 4.147372 4.473684
v 2.642096 4.147372 4.473684
v 2.599990 4.147372 4.736842
v 2.642096 4.147372 4.736842
v 2.599990 4.147372 5.000000
v 2.642096 4.147372 5.000000
v 2.642096 3.768415 0.000000
v 2.642096 3.810522 0.000000
v 2.642096 3.810522 0.263158
v 2.642096 3.768415 0.263158
v 2.684203 3.768415 0.000000
v 2.684203 3.768415 0.263158
v 2.684203 3.810522 0.000000
v 2.642096 3.810522 0.526316
v 2.642096 3.768415 0.526316
v 2.684203 3.768415 0.526316
v 2.642096 3.810522 0.789474
v 2.642096 3.768415 0.789474
v 2.684203 3.768415 0.789474
v 2.642096 3.810522 1.052632
v 2.642096 3.768415 1.052632
v 2.684203 3.768415 1.052632
v 2.642096 3.810522 1.315789
v 2.642096 3.768415 1.315789
v 2.684203 3.768415 1.315789
v 2.642096 3.810522 1.578947
v 2.642096 3.768415 1.578947
v 2.684203 3.768415 1.578947
v 2.642096 3.810522 1.842105
v 2.642096 3.768415 1.842105
v 2.684203 3.768415 1.842105
v 2.642096 3.810522 2.105263
v 2.642096 3.768415 2.105263
v 2.684203 3.768415 2.105263
v 2.642096 3.810522 2.368421
v 2.642096 3.768415 2.368421
v 2.684203 3.768415 2.368421
v 2.642096 3.810522 2.631579
v 2.642096 3.768415 2.631579
v 2.684203 3.768415 2.631579
v 2.642096 3.810522 2.894737
v 2.642096 3.768415 2.894737
v 2.684203 3.768415 2.894737
v 2.642096 3.810522 3.157895
v 2.642096 3.768415 3.157895
v 2.684203 3.768415 3.157895
v 2.642096 3.810522 3.421053
v 2.642096 3.768415 3.421053
v 2.684203 3.768415 3.421053
v 2.642096 3.810522 3.684211
v 2.642096 3.768415 3.684211
v 2.684203 3.768415 3.684211
v 2.642096 3.810522 3.947368
v 2.642096 3.768415 3.947368
v 2.684203 3.768415 3.947368
v 2.642096 3.810522 4.210526
v 2.642096 3.768415 4.210526
v 2.684203 3.768415 4.210526
v 2.642096 3.810522 4.473684
v 2.642096 3.768415 4.473684
v 2.684203 3.768415 4.473684
v 2.642096 3.810522 4.736842
v 2.642096 3.768415 4.736842
v 2.684203 3.768415 4.736842
v 2.642096 3.810522 5.000000
v 2.642096 3.768415 5.000000
v 2.684203 3.768415 5.000000
v 2.684203 3.810522 5.000000
v 2.684203 3.852628 0.000000
v 2.684203 3.852628 5.000000
v 2.684203 3.894734 0.000000
v 2.684203 3.894734 5.000000
v 2.684203 3.936841 0.000000
v 2.684203 3.936841 5.000000
v 2.684203 3.978947 0.000000
v 2.684203 3.978947 5.000000
v 2.684203 4.021053 0.000000
v 2.684203 4.021053 5.000000
v 2.684203 4.063159 0.000000
v 2.684203 4.063159 5.000000
v 2.684203 4.105266 0.000000
v 2.684203 4.105266 5.000000
v 2.684203 4.147372 0.000000
v 2.684203 4.147372 5.000000
v 2.642096 4.189478 0.000000
v 2.642096 4.189478 0.263158
v 2.684203 4.189478 0.000000
v 2.642096 4.189478 0.526316
v 2.642096 4.189478 0.789474
v 2.642096 4.189478 1.052632
v 2.642096 4.189478 1.315789
v 2.642096 4.189478 1.578947
v 2.642096 4.189478 1.842105
v 2.642096 4.189478 2.105263
v 2.642096 4.189478 2.368421
v 2.642096 4.189478 2.631579
v 2.642096 4.189478 2.894737
v 2.642096 4.189478 3.157895
v 2.642096 4.189478 3.421053
v 2.642096 4.189478 3.684211
v 2.642096 4.189478 3.947368
v 2.642096 4.189478 4.210526
v 2.642096 4.189478 4.473684
v 2.642096 4.189478 4.736842
v 2.642096 4.189478 5.000000
v 2.684203 4.189478 5.000000
v 2.642096 4.231585 0.000000
v 2.642096 4.231585 0.263158
v 2.684203 4.231585 0.263158
v 2.684203 4.231585 0.000000
v 2.642096 4.231585 0.526316
v 2.684203 4.231585 0.526316
v 2.642096 4.231585 0.789474
v 2.684203 4.231585 0.789474
v 2.642096 4.231585 1.052632
v 2.684203 4.231585 1.052632
v 2.642096 4.231585 1.315789
v 2.684203 4.231585 1.315789
v 2.642096 4.231585 1.578947
v 2.684203 4.231585 1.578947
v 2.642096 4.231585 1.842105
v 2.684203 4.231585 1.842105
v 2.642096 4.231585 2.105263
v 2.684203 4.231585 2.105263
v 2.642096 4.231585 2.368421
v 2.684203 4.231585 2.368421
v 2.642096 4.231585 2.631579
v 2.684203 4.231585 2.631579
v 2.642096 4.231585 2.894737
v 2.684203 4.231585 2.894737
v 2.642096 4.231585 3.157895
v 2.684203 4.231585 3.157895
v 2.642096 4.231585 3.421053
v 2.684203 4.231585 3.421053
v 2.642096 4.231585 3.684211
v 2.684203 4.231585 3.684211
v 2.642096 4.231585 3.947368
v 2.684203 4.231585 3.947368
v 2.642096 4.231585 4.210526
v 2.684203 4.231585 4.210526
v 2.642096 4.231585 4.473684
v 2.684203 4.231585 4.473684
v 2.642096 4.231585 4.736842
v 2.684203 4.231585 4.736842
v 2.642096 4.231585 5.000000
v 2.684203 4.231585 5.000000
v 2.684203 3.726309 0.000000
v 2.684203 3.726309 0.263158
v 2.726309 3.726309 0.000000
v 2.726309 3.726309 0.263158
v 2.726309 3.768415 0.000000
v 2.684203 3.726309 0.526316
v 2.726309 3.726309 0.526316
v 2.684203 3.726309 0.789474
v 2.726309 3.726309 0.789474
v 2.684203 3.726309 1.052632
v 2.726309 3.726309 1.052632
v 2.684203 3.726309 1.315789
v 2.726309 3.726309 1.315789
v 2.684203 3.726309 1.578947
v 2.726309 3.726309 1.578947
v 2.684203 3.726309 1.842105
v 2.726309 3.726309 1.842105
v 2.684203 3.726309 2.105263
v 2.726309 3.726309 2.105263
v 2.684203 3.726309 2.368421
v 2.726309 3.726309 2.368421
v 2.684203 3.726309 2.631579
v 2.726309 3.726309 2.631579
v 2.684203 3.726309 2.894737
v 2.726309 3.726309 2.894737
v 2.684203 3.726309 3.157895
v 2.726309 3.726309 3.157895
v 2.684203 3.726309 3.421053
v 2.726309 3.726309 3.421053
v 2.684203 3.726309 3.684211
v 2.726309 3.726309 3.684211
v 2.684203 3.726309 3.947368
v 2.726309 3.726309 3.947368
v 2.684203 3.726309 4.210526
v 2.726309 3.726309 4.210526
v 2.684203 3.726309 4.473684
v 2.726309 3.726309 4.473684
v 2.684203 3.726309 4.736842
v 2.726309 3.726309 4.736842
v 2.684203 3.726309 5.000000
v 2.726309 3.726309 5.000000
v 2.726309 3.768415 5.000000
v 2.726309 3.810522 0.000000
v 2.726309 3.810522 5.000000
v 2.726309 3.852628 0.000000
v 2.726309 3.852628 5.000000
v 2.726309 3.894734 0.000000
v 2.726309 3.894734 5.000000
v 2.726309 3.936841 0.000000
v 2.726309 3.936841 5.000000
v 2.726309 3.978947 0.000000
v 2.726309 3.978947 5.000000
v 2.726309 4.021053 0.000000
v 2.726309 4.021053 5.000000
v 2.726309 4.063159 0.000000
v 2.726309 4.063159 5.000000
v 2.726309 4.105266 0.000000
v 2.726309 4.105266 5.000000
v 2.726309 4.147372 0.000000
v 2.726309 4.147372 5.000000
v 2.726309 4.189478 0.000000
v 2.726309 4.189478 5.000000
v 2.726309 4.231585 0.000000
v 2.726309 4.231585 5.000000
v 2.684203 4.273691 0.000000
v 2.684203 4.273691 0.263158
v 2.726309 4.273691 0.263158
v 2.726309 4.273691 0.000000
v 2.684203 4.273691 0.526316
v 2.726309 4.273691 0.526316
v 2.684203 4.273691 0.789474
v 2.726309 4.273691 0.789474
v 2.684203 4.273691 1.052632
v 2.726309 4.273691 1.052632
v 2.684203 4.273691 1.315789
v 2.726309 4.273691 1.315789
v 2.684203 4.273691 1.578947
v 2.726309 4.273691 1.578947
v 2.684203 4.273691 1.842105
v 2.726309 4.273691 1.842105
v 2.684203 4.273691 2.105263
v 2.726309 4.273691 2.105263
v 2.684203 4.273691 2.368421
v 2.726309 4.273691 2.368421
v 2.684203 4.273691 2.631579
v 2.726309 4.273691 2.631579
v 2.684203 4.273691 2.894737
v 2.726309 4.273691 2.894737
v 2.684203 4.273691 3.157895
v 2.726309 4.273691 3.157895
v 2.684203 4.273691 3.421053
v 2.726309 4.273691 3.421053
v 2.684203 4.273691 3.684211
v 2.726309 4.273691 3.684211
v 2.684203 4.273691 3.947368
v 2.726309 4.273691 3.947368
v 2.684203 4.273691 4.210526
v 2.726309 4.273691 4.210526
v 2.684203 4.273691 4.473684
v 2.726309 4.273691 4.473684
v 2.684203 4.273691 4.736842
v 2.726309 4.273691 4.736842
v 2.684203 4.273691 5.000000
v 2.726309 4.273691 5.000000
v 2.726309 3.684203 0.000000
v 2.726309 3.684203 0.263158
v 2.768415 3.684203 0.000000
v 2.768415 3.684203 0.263158
v 2.768415 3.726309 0.000000
v 2.726309 3.684203 0.526316
v 2.768415 3.684203 0.526316
v 2.726309 3.684203 0.789474
v 2.768415 3.684203 0.789474
v 2.726309 3.684203 1.052632
v 2.768415 3.684203 1.052632
v 2.726309 3.684203 1.315789
v 2.768415 3.684203 1.315789
v 2.726309 3.684203 1.578947
v 2.768415 3.684203 1.578947
v 2.726309 3.684203 1.842105
v 2.768415 3.684203 1.842105
v 2.726309 3.684203 2.105263
v 2.768415 3.684203 2.105263
v 2.726309 3.684203 2.368421
v 2.768415 3.684203 2.368421
v 2.726309 3.684203 2.631579
v 2.768415 3.684203 2.631579
v 2.726309 3.684203 2.894737
v 2.768415 3.684203 2.894737
v 2.726309 3.684203 3.157895
v 2.768415 3.684203 3.157895
v 2.726309 3.684203 3.421053
v 2.768415 3.684203 3.421053
v 2.726309 3.684203 3.684211
v 2.768415 3.684203 3.684211
v 2.726309 3.684203 3.947368
v 2.768415 3.684203 3.947368
v 2.726309 3.684203 4.210526
v 2.768415 3.684203 4.210526
v 2.726309 3.684203 4.473684
v 2.768415 3.684203 4.473684
v 2.726309 3.684203 4.736842
v 2.768415 3.684203 4.736842
v 2.726309 3.684203 5.000000
v 2.768415 3.684203 5.000000
v 2.768415 3.726309 5.000000
v 2.768415 3.768415 0.000000
v 2.768415 3.768415 5.000000
v 2.768415 3.810522 0.000000
v 2.768415 3.810522 5.000000
v 2.768415 3.852628 0.000000
v 2.768415 3.852628 5.000000
v 2.768415 3.894734 0.000000
v 2.768415 3.894734 5.000000
v 2.768415 3.936841 0.000000
v 2.768415 3.936841 5.000000
v 2.768415 3.978947 0.000000
v 2.768415 3.978947 5.000000
v 2.768415 4.021053 0.000000
v 2.768415 4.021053 5.000000
v 2.768415 4.063159 0.000000
v 2.768415 4.063159 5.000000
v 2.768415 4.105266 0.000000
v 2.768415 4.105266 5.000000
v 2.768415 4.147372 0.000000
v 2.768415 4.147372 5.000000
v 2.768415 4.189478 0.000000
v 2.768415 4.189478 5.000000
v 2.768415 4.231585 0.000000
v 2.768415 4.231585 5.000000
v 2.768415 4.273691 0.000000
v 2.768415 4.273691 5.000000
v 2.726309 4.315797 0.000000
v 2.726309 4.315797 0.263158
v 2.768415 4.315797 0.263158
v 2.768415 4.315797 0.000000
v 2.726309 4.315797 0.526316
v 2.768415 4.315797 0.526316
v 2.726309 4.315797 0.789474
v 2.768415 4.315797 0.789474
v 2.726309 4.315797 1.052632
v 2.768415 4.315797 1.052632
v 2.726309 4.315797 1.315789
v 2.768415 4.315797 1.315789
v 2.726309 4.315797 1.578947
v 2.768415 4.315797 1.578947
v 2.726309 4.315797 1.842105
v 2.768415 4.315797 1.842105
v 2.726309 4.315797 2.105263
v 2.768415 4.315797 2.105263
v 2.726309 4.315797 2.368421
v 2.768415 4.315797 2.368421
v 2.726309 4.315797 2.631579
v 2.768415 4.315797 2.631579
v 2.726309 4.315797 2.894737
v 2.768415 4.315797 2.894737
v 2.726309 4.315797 3.157895
v 2.768415 4.315797 3.157895
v 2.726309 4.315797 3.421053
v 2.768415 4.315797 3.421053
v 2.726309 4.315797 3.684211
v 2.768415 4.315797 3.684211
v 2.726309 4.315797 3.947368
v 2.768415 4.315797 3.947368
v 2.726309 4.315797 4.210526
v 2.768415 4.315797 4.210526
v 2.726309 4.315797 4.473684
v 2.768415 4.315797 4.473684
v 2.726309 4.315797 4.736842
v 2.768415 4.315797 4.736842
v 2.726309 4.315797 5.000000
v 2.768415 4.315797 5.000000
v 2.768415 3.642096 0.000000
v 2.768415 3.642096 0.263158
v 2.810522 3.642096 0.000000
v 2.810522 3.642096 0.263158
v 2.810522 3.684203 0.000000
v 2.768415 3.642096 0.526316
v 2.810522 3.642096 0.526316
v 2.768415 3.642096 0.789474
v 2.810522 3.642096 0.789474
v 2.768415 3.642096 1.052632
v 2.810522 3.642096 1.052632
v 2.768415 3.642096 1.315789
v 2.810522 3.642096 1.315789
v 2.768415 3.642096 1.578947
v 2.810522 3.642096 1.578947
v 2.768415 3.642096 1.842105
v 2.810522 3.642096 1.842105
v 2.768415 3.642096 2.105263
v 2.810522 3.642096 2.105263
v 2.768415 3.642096 2.368421
v 2.810522 3.642096 2.368421
v 2.768415 3.642096 2.631579
v 2.810522 3.642096 2.631579
v 2.768415 3.642096 2.894737
v 2.810522 3.642096 2.894737
v 2.768415 3.642096 3.157895
v 2.810522 3.642096 3.157895
v 2.768415 3.642096 3.421053
v 2.810522 3.642096 3.421053
v 2.768415 3.642096 3.684211
v 2.810522 3.642096 3.684211
v 2.768415 3.642096 3.947368
v 2.810522 3.642096 3.947368
v 2.768415 3.642096 4.210526
v 2.810522 3.642096 4.210526
v 2.768415 3.642096 4.473684
v 2.810522 3.642096 4.473684
v 2.768415 3.642096 4.736842
v 2.810522 3.642096 4.736842
v 2.768415 3.642096 5.000000
v 2.810522 3.642096 5.000000
v 2.810522 3.684203 5.000000
v 2.810522 3.726309 0.000000
v 2.810522 3.726309 5.000000
v 2.810522 3.768415 0.000000
v 2.810522 3.768415 5.000000
v 2.810522 3.810522 0.000000
v 2.810522 3.810522 5.000000
v 2.810522 3.852628 0.000000
v 2.810522 3.852628 5.000000
v 2.810522 3.894734 0.000000
v 2.810522 3.894734 5.000000
v 2.810522 3.936841 0.000000
v 2.810522 3.936841 5.000000
v 2.810522 3.978947 0.000000
v 2.810522 3.978947 5.000000
v 2.810522 4.021053 0.000000
v 2.810522 4.021053 5.000000
v 2.810522 4.063159 0.000000
v 2.810522 4.063159 5.000000
v 2.810522 4.105266 0.000000
v 2.810522 4.105266 5.000000
v 2.810522 4.147372 0.000000
v 2.810522 4.147372 5.000000
v 2.810522 4.189478 0.000000
v 2.810522 4.189478 5.000000
v 2.810522 4.231585 0.000000
v 2.810522 4.231585 5.000000
v 2.810522 4.273691 0.000000
v 2.810522 4.273691 5.000000
v 2.810522 4.315797 0.000000
v 2.810522 4.315797 5.000000
v 2.768415 4.357904 0.000000
v 2.768415 4.357904 0.263158
v 2.810522 4.357904 0.263158
v 2.810522 4.357904 0.000000
v 2.768415 4.357904 0.526316
v 2.810522 4.357904 0.526316
v 2.768415 4.357904 0.789474
v 2.810522 4.357904 0.789474
v 2.768415 4.357904 1.052632
v 2.810522 4.357904 1.052632
v 2.768415 4.357904 1.315789
v 2.810522 4.357904 1.315789
v 2.768415 4.357904 1.578947
v 2.810522 4.357904 1.578947
v 2.768415 4.357904 1.842105
v 2.810522 4.357904 1.842105
v 2.768415 4.357904 2.105263
v 2.810522 4.357904 2.105263
v 2.768415 4.357904 2.368421
v 2.810522 4.357904 2.368421
v 2.768415 4.357904 2.631579
v 2.810522 4.357904 2.631579
v 2.768415 4.357904 2.894737
v 2.810522 4.357904 2.894737
v 2.768415 4.357904 3.157895
v 2.810522 4.357904 3.157895
v 2.768415 4.357904 3.421053
v 2.810522 4.357904 3.421053
v 2.768415 4.357904 3.684211
v 2.810522 4.357904 3.684211
v 2.768415 4.357904 3.947368
v 2.810522 4.357904 3.947368
v 2.768415 4.357904 4.210526
v 2.810522 4.357904 4.210526
v 2.768415 4.357904 4.473684
v 2.810522 4.357904 4.473684
v 2.768415 4.357904 4.736842
v 2.810522 4.357904 4.736842
v 2.768415 4.357904 5.000000
v 2.810522 4.357904 5.000000
v 2.852628 3.642096 0.000000
v 2.852628 3.642096 0.263158
v 2.852628 3.684203 0.000000
v 2.852628 3.642096 0.526316
v 2.852628 3.642096 0.789474
v 2.852628 3.642096 1.052632
v 2.852628 3.642096 1.315789
v 2.852628 3.642096 1.578947
v 2.852628 3.642096 1.842105
v 2.852628 3.642096 2.105263
v 2.852628 3.642096 2.368421
v 2.852628 3.642096 2.631579
v 2.852628 3.642096 2.894737
v 2.852628 3.642096 3.157895
v 2.852628 3.642096 3.421053
v 2.852628 3.642096 3.684211
v 2.852628 3.642096 3.947368
v 2.852628 3.642096 4.210526
v 2.852628 3.642096 4.473684
v 2.852628 3.642096 4.736842
v 2.852628 3.642096 5.000000
v 2.852628 3.684203 5.000000
v 2.852628 3.726309 0.000000
v 2.852628 3.726309 5.000000
v 2.852628 3.768415 0.000000
v 2.852628 3.768415 5.000000
v 2.852628 3.810522 0.000000
v 2.852628 3.810522 5.000000
v 2.852628 3.852628 0.000000
v 2.852628 3.852628 5.000000
v 2.852628 3.894734 0.000000
v 2.852628 3.894734 5.000000
v 2.852628 3.936841 0.000000
v 2.852628 3.936841 5.000000
v 2.852628 3.978947 0.000000
v 2.852628 3.978947 5.000000
v 2.852628 4.021053 0.000000
v 2.852628 4.021053 5.000000
v 2.852628 4.063159 0.000000
v 2.852628 4.063159 5.000000
v 2.852628 4.105266 0.000000
v 2.852628 4.105266 5.000000
v 2.852628 4.147372 0.000000
v 2.852628 4.147372 5.000000
v 2.852628 4.189478 0.000000
v 2.852628 4.189478 5.000000
v 2.852628 4.231585 0.000000
v 2.852628 4.231585 5.000000
v 2.852628 4.273691 0.000000
v 2.852628 4.273691 5.000000
v 2.852628 4.315797 0.000000
v 2.852628 4.315797 5.000000
v 2.852628 4.357904 0.263158
v 2.852628 4.357904 0.000000
v 2.852628 4.357904 0.526316
v 2.852628 4.357904 0.789474
v 2.852628 4.357904 1.052632
v 2.852628 4.357904 1.315789
v 2.852628 4.357904 1.578947
v 2.852628 4.357904 1.842105
v 2.852628 4.357904 2.105263
v 2.852628 4.357904 2.368421
v 2.852628 4.357904 2.631579
v 2.852628 4.357904 2.894737
v 2.852628 4.357904 3.157895
v 2.852628 4.357904 3.421053
v 2.852628 4.357904 3.684211
v 2.852628 4.357904 3.947368
v 2.852628 4.357904 4.210526
v 2.852628 4.357904 4.473684
v 2.852628 4.357904 4.736842
v 2.852628 4.357904 5.000000
v 2.852628 3.599990 0.000000
v 2.852628 3.599990 0.263158
v 2.894734 3.599990 0.000000
v 2.894734 3.599990 0.263158
v 2.894734 3.642096 0.000000
v 2.852628 3.599990 0.526316
v 2.894734 3.599990 0.526316
v 2.852628 3.599990 0.789474
v 2.894734 3.599990 0.789474
v 2.852628 3.599990 1.052632
v 2.894734 3.599990 1.052632
v 2.852628 3.599990 1.315789
v 2.894734 3.599990 1.315789
v 2.852628 3.599990 1.578947
v 2.894734 3.599990 1.578947
v 2.852628 3.599990 1.842105
v 2.894734 3.599990 1.842105
v 2.852628 3.599990 2.105263
v 2.894734 3.599990 2.105263
v 2.852628 3.599990 2.368421
v 2.894734 3.599990 2.368421
v 2.852628 3.599990 2.631579
v 2.894734 3.599990 2.631579
v 2.852628 3.599990 2.894737
v 2.894734 3.599990 2.894737
v 2.852628 3.599990 3.157895
v 2.894734 3.599990 3.157895
v 2.852628 3.599990 3.421053
v 2.894734 3.599990 3.421053
v 2.852628 3.599990 3.684211
v 2.894734 3.599990 3.684211
v 2.852628 3.599990 3.947368
v 2.894734 3.599990 3.947368
v 2.852628 3.599990 4.210526
v 2.894734 3.599990 4.210526
v 2.852628 3.599990 4.473684
v 2.894734 3.599990 4.473684
v 2.852628 3.599990 4.736842
v 2.894734 3.599990 4.736842
v 2.852628 3.599990 5.000000
v 2.894734 3.599990 5.000000
v 2.894734 3.642096 5.000000
v 2.894734 3.684203 0.000000
v 2.894734 3.684203 5.000000
v 2.894734 3.726309 0.000000
v 2.894734 3.726309 5.000000
v 2.894734 3.768415 0.000000
v 2.894734 3.768415 5.000000
v 2.894734 3.810522 0.000000
v 2.894734 3.810522 5.000000
v 2.894734 3.852628 0.000000
v 2.894734 3.852628 5.000000
v 2.894734 3.894734 0.000000
v 2.894734 3.894734 5.000000
v 2.894734 3.936841 0.000000
v 2.894734 3.936841 5.000000
v 2.894734 3.978947 0.000000
v 2.894734 3.978947 5.000000
v 2.894734 4.021053 0.000000
v 2.894734 4.021053 5.000000
v 2.894734 4.063159 0.000000
v 2.894734 4.063159 5.000000
v 2.894734 4.105266 0.000000
v 2.894734 4.105266 5.000000
v 2.894734 4.147372 0.000000
v 2.894734 4.147372 5.000000
v 2.894734 4.189478 0.000000
v 2.894734 4.189478 5.000000
v 2.894734 4.231585 0.000000
v 2.894734 4.231585 5.000000
v 2.894734 4.273691 0.000000
v 2.894734 4.273691 5.000000
v 2.894734 4.315797 0.000000
v 2.894734 4.315797 5.000000
v 2.894734 4.357904 0.000000
v 2.894734 4.357904 5.000000
v 2.852628 4.400010 0.000000
v 2.852628 4.400010 0.263158
v 2.894734 4.400010 0.263158
v 2.894734 4.400010 0.000000
v 2.852628 4.400010 0.526316
v 2.894734 4.400010 0.526316
v 2.852628 4.400010 0.789474
v 2.894734 4.400010 0.789474
v 2.852628 4.400010 1.052632
v 2.894734 4.400010 1.052632
v 2.852628 4.400010 1.315789
v 2.894734 4.400010 1.315789
v 2.852628 4.400010 1.578947
v 2.894734 4.400010 1.578947
v 2.852628 4.400010 1.842105
v 2.894734 4.400010 1.842105
v 2.852628 4.400010 2.105263
v 2.894734 4.400010 2.105263
v 2.852628 4.400010 2.368421
v 2.894734 4.400010 2.368421
v 2.852628 4.400010 2.631579
v 2.894734 4.400010 2.631579
v 2.852628 4.400010 2.894737
v 2.894734 4.400010 2.894737
v 2.852628 4.400010 3.157895
v 2.894734 4.400010 3.157895
v 2.852628 4.400010 3.421053
v 2.894734 4.400010 3.421053
v 2.852628 4.400010 3.684211
v 2.894734 4.400010 3.684211
v 2.852628 4.400010 3.947368
v 2.894734 4.400010 3.947368
v 2.852628 4.400010 4.210526
v 2.894734 4.400010 4.210526
v 2.852628 4.400010 4.473684
v 2.894734 4.400010 4.473684
v 2.852628 4.400010 4.736842
v 2.894734 4.400010 4.736842
v 2.852628 4.400010 5.000000
v 2.894734 4.400010 5.000000
v 2.936841 3.599990 0.000000
v 2.936841 3.599990 0.263158
v 2.936841 3.642096 0.000000
v 2.936841 3.599990 0.526316
v 2.936841 3.599990 0.789474
v 2.936841 3.599990 1.052632
v 2.936841 3.599990 1.315789
v 2.936841 3.599990 1.578947
v 2.936841 3.599990 1.842105
v 2.936841 3.599990 2.105263
v 2.936841 3.599990 2.368421
v 2.936841 3.599990 2.631579
v 2.936841 3.599990 2.894737
v 2.936841 3.599990 3.157895
v 2.936841 3.599990 3.421053
v 2.936841 3.599990 3.684211
v 2.936841 3.599990 3.947368
v 2.936841 3.599990 4.210526
v 2.936841 3.599990 4.473684
v 2.936841 3.599990 4.736842
v 2.936841 3.599990 5.000000
v 2.936841 3.642096 5.000000
v 2.936841 3.684203 0.000000
v 2.936841 3.684203 5.000000
v 2.936841 3.726309 0.000000
v 2.936841 3.726309 5.000000
v 2.936841 3.768415 0.000000
v 2.936841 3.768415 5.000000
v 2.936841 3.810522 0.000000
v 2.936841 3.810522 5.000000
v 2.936841 3.852628 0.000000
v 2.936841 3.852628 5.000000
v 2.936841 3.894734 0.000000
v 2.936841 3.894734 5.000000
v 2.936841 3.936841 0.000000
v 2.936841 3.936841 5.000000
v 2.936841 3.978947 0.000000
v 2.936841 3.978947 5.000000
v 2.936841 4.021053 0.000000
v 2.936841 4.021053 5.000000
v 2.936841 4.063159 0.000000
v 2.936841 4.063159 5.000000
v 2.936841 4.105266 0.000000
v 2.936841 4.105266 5.000000
v 2.936841 4.147372 0.000000
v 2.936841 4.147372 5.000000
v 2.936841 4.189478 0.000000
v 2.936841 4.189478 5.000000
v 2.936841 4.231585 0.000000
v 2.936841 4.231585 5.000000
v 2.936841 4.273691 0.000000
v 2.936841 4.273691 5.000000
v 2.936841 4.315797 0.000000
v 2.936841 4.315797 5.000000
v 2.936841 4.357904 0.000000
v 2.936841 4.357904 5.000000
v 2.936841 4.400010 0.263158
v 2.936841 4.400010 0.000000
v 2.936841 4.400010 0.526316
v 2.936841 4.400010 0.789474
v 2.936841 4.400010 1.052632
v 2.936841 4.400010 1.315789
v 2.936841 4.400010 1.578947
v 2.936841 4.400010 1.842105
v 2.936841 4.400010 2.105263
v 2.936841 4.400010 2.368421
v 2.936841 4.400010 2.631579
v 2.936841 4.400010 2.894737
v 2.936841 4.400010 3.157895
v 2.936841 4.400010 3.421053
v 2.936841 4.400010 3.684211
v 2.936841 4.400010 3.947368
v 2.936841 4.400010 4.210526
v 2.936841 4.400010 4.473684
v 2.936841 4.400010 4.736842
v 2.936841 4.400010 5.000000
v 2.978947 3.599990 0.000000
v 2.978947 3.599990 0.263158
v 2.978947 3.642096 0.000000
v 2.978947 3.599990 0.526316
v 2.978947 3.599990 0.789474
v 2.978947 3.599990 1.052632
v 2.978947 3.599990 1.315789
v 2.978947 3.599990 1.578947
v 2.978947 3.599990 1.842105
v 2.978947 3.599990 2.105263
v 2.978947 3.599990 2.368421
v 2.978947 3.599990 2.631579
v 2.978947 3.599990 2.894737
v 2.978947 3.599990 3.157895
v 2.978947 3.599990 3.421053
v 2.978947 3.599990 3.684211
v 2.978947 3.599990 3.947368
v 2.978947 3.599990 4.210526
v 2.978947 3.599990 4.473684
v 2.978947 3.599990 4.736842
v 2.978947 3.599990 5.000000
v 2.978947 3.642096 5.000000
v 2.978947 3.684203 0.000000
v 2.978947 3.684203 5.000000
v 2.978947 3.726309 0.000000
v 2.978947 3.726309 5.000000
v 2.978947 3.768415 0.000000
v 2.978947 3.768415 5.000000
v 2.978947 3.810522 0.000000
v 2.978947 3.810522 5.000000
v 2.978947 3.852628 0.000000
v 2.978947 3.852628 5.000000
v 2.978947 3.894734 0.000000
v 2.978947 3.894734 5.000000
v 2.978947 3.936841 0.000000
v 2.978947 3.936841 5.000000
v 2.978947 3.978947 0.000000
v 2.978947 3.978947 5.000000
v 2.978947 4.021053 0.000000
v 2.978947 4.021053 5.000000
v 2.978947 4.063159 0.000000
v 2.978947 4.063159 5.000000
v 2.978947 4.105266 0.000000
v 2.978947 4.105266 5.000000
v 2.978947 4.147372 0.000000
v 2.978947 4.147372 5.000000
v 2.978947 4.189478 0.000000
v 2.978947 4.189478 5.000000
v 2.978947 4.231585 0.000000
v 2.978947 4.231585 5.000000
v 2.978947 4.273691 0.000000
v 2.978947 4.273691 5.000000
v 2.978947 4.315797 0.000000
v 2.978947 4.315797 5.000000
v 2.978947 4.357904 0.000000
v 2.978947 4.357904 5.000000
v 2.978947 4.400010 0.263158
v 2.978947 4.400010 0.000000
v 2.978947 4.400010 0.526316
v 2.978947 4.400010 0.789474
v 2.978947 4.400010 1.052632
v 2.978947 4.400010 1.315789
v 2.978947 4.400010 1.578947
v 2.978947 4.400010 1.842105
v 2.978947 4.400010 2.105263
v 2.978947 4.400010 2.368421
v 2.978947 4.400010 2.631579
v 2.978947 4.400010 2.894737
v 2.978947 4.400010 3.157895
v 2.978947 4.400010 3.421053
v 2.978947 4.400010 3.684211
v 2.978947 4.400010 3.947368
v 2.978947 4.400010 4.210526
v 2.978947 4.400010 4.473684
v 2.978947 4.400010 4.736842
v 2.978947 4.400010 5.000000
v 3.021053 3.599990 0.000000
v 3.021053 3.599990 0.263158
v 3.021053 3.642096 0.000000
v 3.021053 3.599990 0.526316
v 3.021053 3.599990 0.789474
v 3.021053 3.599990 1.052632
v 3.021053 3.599990 1.315789
v 3.021053 3.599990 1.578947
v 3.021053 3.599990 1.842105
v 3.021053 3.599990 2.105263
v 3.021053 3.599990 2.368421
v 3.021053 3.599990 2.631579
v 3.021053 3.599990 2.894737
v 3.021053 3.599990 3.157895
v 3.021053 3.599990 3.421053
v 3.021053 3.599990 3.684211
v 3.021053 3.599990 3.947368
v 3.021053 3.599990 4.210526
v 3.021053 3.599990 4.473684
v 3.021053 3.599990 4.736842
v 3.021053 3.599990 5.000000
v 3.021053 3.642096 5.000000
v 3.021053 3.684203 0.000000
v 3.021053 3.684203 5.000000
v 3.021053 3.726309 0.000000
v 3.021053 3.726309 5.000000
v 3.021053 3.768415 0.000000
v 3.021053 3.768415 5.000000
v 3.021053 3.810522 0.000000
v 3.021053 3.810522 5.000000
v 3.021053 3.852628 0.000000
v 3.021053 3.852628 5.000000
v 3.021053 3.894734 0.000000
v 3.021053 3.894734 5.000000
v 3.021053 3.936841 0.000000
v 3.021053 3.936841 5.000000
v 3.021053 3.978947 0.000000
v 3.021053 3.978947 5.000000
v 3.021053 4.021053 0.000000
v 3.021053 4.021053 5.000000
v 3.021053 4.063159 0.000000
v 3.021053 4.063159 5.000000
v 3.021053 4.105266 0.000000
v 3.021053 4.105266 5.000000
v 3.021053 4.147372 0.000000
v 3.021053 4.147372 5.000000
v 3.021053 4.189478 0.000000
v 3.021053 4.189478 5.000000
v 3.021053 4.231585 0.000000
v 3.021053 4.231585 5.000000
v 3.021053 4.273691 0.000000
v 3.021053 4.273691 5.000000
v 3.021053 4.315797 0.000000
v 3.021053 4.315797 5.000000
v 3.021053 4.357904 0.000000
v 3.021053 4.357904 5.000000
v 3.021053 4.400010 0.263158
v 3.021053 4.400010 0.000000
v 3.021053 4.400010 0.526316
v 3.021053 4.400010 0.789474
v 3.021053 4.400010 1.052632
v 3.021053 4.400010 1.315789
v 3.021053 4.400010 1.578947
v 3.021053 4.400010 1.842105
v 3.021053 4.400010 2.105263
v 3.021053 4.400010 2.368421
v 3.021053 4.400010 2.631579
v 3.021053 4.400010 2.894737
v 3.021053 4.400010 3.157895
v 3.021053 4.400010 3.421053
v 3.021053 4.400010 3.684211
v 3.021053 4.400010 3.947368
v 3.021053 4.400010 4.210526
v 3.021053 4.400010 4.473684
v 3.021053 4.400010 4.736842
v 3.021053 4.400010 5.000000
v 3.063159 3.599990 0.000000
v 3.063159 3.599990 0.263158
v 3.063159 3.642096 0.000000
v 3.063159 3.599990 0.526316
v 3.063159 3.599990 0.789474
v 3.063159 3.599990 1.052632
v 3.063159 3.599990 1.315789
v 3.063159 3.599990 1.578947
v 3.063159 3.599990 1.842105
v 3.063159 3.599990 2.105263
v 3.063159 3.599990 2.368421
v 3.063159 3.599990 2.631579
v 3.063159 3.599990 2.894737
v 3.063159 3.599990 3.157895
v 3.063159 3.599990 3.421053
v 3.063159 3.599990 3.684211
v 3.063159 3.599990 3.947368
v 3.063159 3.599990 4.210526
v 3.063159 3.599990 4.473684
v 3.063159 3.599990 4.736842
v 3.063159 3.599990 5.000000
v 3.063159 3.642096 5.000000
v 3.063159 3.684203 0.000000
v 3.063159 3.684203 5.000000
v 3.063159 3.726309 0.000000
v 3.063159 3.726309 5.000000
v 3.063159 3.768415 0.000000
v 3.063159 3.768415 5.000000
v 3.063159 3.810522 0.000000
v 3.063159 3.810522 5.000000
v 3.063159 3.852628 0.000000
v 3.063159 3.852628 5.000000
v 3.063159 3.894734 0.000000
v 3.063159 3.894734 5.000000
v 3.063159 3.936841 0.000000
v 3.063159 3.936841 5.000000
v 3.063159 3.978947 0.000000
v 3.063159 3.978947 5.000000
v 3.063159 4.021053 0.000000
v 3.063159 4.021053 5.000000
v 3.063159 4.063159 0.000000
v 3.063159 4.063159 5.000000
v 3.063159 4.105266 0.000000
v 3.063159 4.105266 5.000000
v 3.063159 4.147372 0.000000
v 3.063159 4.147372 5.000000
v 3.063159 4.189478 0.000000
v 3.063159 4.189478 5.000000
v 3.063159 4.231585 0.000000
v 3.063159 4.231585 5.000000
v 3.063159 4.273691 0.000000
v 3.063159 4.273691 5.000000
v 3.063159 4.315797 0.000000
v 3.063159 4.315797 5.000000
v 3.063159 4.357904 0.000000
v 3.063159 4.357904 5.000000
v 3.063159 4.400010 0.263158
v 3.063159 4.400010 0.000000
v 3.063159 4.400010 0.526316
v 3.063159 4.400010 0.789474
v 3.063159 4.400010 1.052632
v 3.063159 4.400010 1.315789
v 3.063159 4.400010 1.578947
v 3.063159 4.400010 1.842105
v 3.063159 4.400010 2.105263
v 3.063159 4.400010 2.368421
v 3.063159 4.400010 2.631579
v 3.063159 4.400010 2.894737
v 3.063159 4.400010 3.157895
v 3.063159 4.400010 3.421053
v 3.063159 4.400010 3.684211
v 3.063159 4.400010 3.947368
v 3.063159 4.400010 4.210526
v 3.063159 4.400010 4.473684
v 3.063159 4.400010 4.736842
v 3.063159 4.400010 5.000000
v 3.105266 3.599990 0.000000
v 3.105266 3.599990 0.263158
v 3.105266 3.642096 0.000000
v 3.105266 3.599990 0.526316
v 3.105266 3.599990 0.789474
v 3.105266 3.599990 1.052632
v 3.105266 3.599990 1.315789
v 3.105266 3.599990 1.578947
v 3.105266 3.599990 1.842105
v 3.105266 3.599990 2.105263
v 3.105266 3.599990 2.368421
v 3.105266 3.599990 2.631579
v 3.105266 3.599990 2.894737
v 3.105266 3.599990 3.157895
v 3.105266 3.599990 3.421053
v 3.105266 3.599990 3.684211
v 3.105266 3.599990 3.947368
v 3.105266 3.599990 4.210526
v 3.105266 3.599990 4.473684
v 3.105266 3.599990 4.736842
v 3.105266 3.599990 5.000000
v 3.105266 3.642096 5.000000
v 3.105266 3.684203 0.000000
v 3.105266 3.684203 5.000000
v 3.105266 3.726309 0.000000
v 3.105266 3.726309 5.000000
v 3.105266 3.768415 0.000000
v 3.105266 3.768415 5.000000
v 3.105266 3.810522 0.000000
v 3.105266 3.810522 5.000000
v 3.105266 3.852628 0.000000
v 3.105266 3.852628 5.000000
v 3.105266 3.894734 0.000000
v 3.105266 3.894734 5.000000
v 3.105266 3.936841 0.000000
v 3.105266 3.936841 5.000000
v 3.105266 3.978947 0.000000
v 3.105266 3.978947 5.000000
v 3.105266 4.021053 0.000000
v 3.105266 4.021053 5.000000
v 3.105266 4.063159 0.000000
v 3.105266 4.063159 5.000000
v 3.105266 4.105266 0.000000
v 3.105266 4.105266 5.000000
v 3.105266 4.147372 0.000000
v 3.105266 4.147372 5.000000
v 3.105266 4.189478 0.000000
v 3.105266 4.189478 5.000000
v 3.105266 4.231585 0.000000
v 3.105266 4.231585 5.000000
v 3.105266 4.273691 0.000000
v 3.105266 4.273691 5.000000
v 3.105266 4.315797 0.000000
v 3.105266 4.315797 5.000000
v 3.105266 4.357904 0.000000
v 3.105266 4.357904 5.000000
v 3.105266 4.400010 0.263158
v 3.105266 4.400010 0.000000
v 3.105266 4.400010 0.526316
v 3.105266 4.400010 0.789474
v 3.105266 4.400010 1.052632
v 3.105266 4.400010 1.315789
v 3.105266 4.400010 1.578947
v 3.105266 4.400010 1.842105
v 3.105266 4.400010 2.105263
v 3.105266 4.400010 2.368421
v 3.105266 4.400010 2.631579
v 3.105266 4.400010 2.894737
v 3.105266 4.400010 3.157895
v 3.105266 4.400010 3.421053
v 3.105266 4.400010 3.684211
v 3.105266 4.400010 3.947368
v 3.105266 4.400010 4.210526
v 3.105266 4.400010 4.473684
v 3.105266 4.400010 4.736842
v 3.105266 4.400010 5.000000
v 3.147372 3.599990 0.000000
v 3.147372 3.599990 0.263158
v 3.147372 3.642096 0.263158
v 3.147372 3.642096 0.000000
v 3.147372 3.599990 0.526316
v 3.147372 3.642096 0.526316
v 3.147372 3.599990 0.789474
v 3.147372 3.642096 0.789474
v 3.147372 3.599990 1.052632
v 3.147372 3.642096 1.052632
v 3.147372 3.599990 1.315789
v 3.147372 3.642096 1.315789
v 3.147372 3.599990 1.578947
v 3.147372 3.642096 1.578947
v 3.147372 3.599990 1.842105
v 3.147372 3.642096 1.842105
v 3.147372 3.599990 2.105263
v 3.147372 3.642096 2.105263
v 3.147372 3.599990 2.368421
v 3.147372 3.642096 2.368421
v 3.147372 3.599990 2.631579
v 3.147372 3.642096 2.631579
v 3.147372 3.599990 2.894737
v 3.147372 3.642096 2.894737
v 3.147372 3.599990 3.157895
v 3.147372 3.642096 3.157895
v 3.147372 3.599990 3.421053
v 3.147372 3.642096 3.421053
v 3.147372 3.599990 3.684211
v 3.147372 3.642096 3.684211
v 3.147372 3.599990 3.947368
v 3.147372 3.642096 3.947368
v 3.147372 3.599990 4.210526
v 3.147372 3.642096 4.210526
v 3.147372 3.599990 4.473684
v 3.147372 3.642096 4.473684
v 3.147372 3.599990 4.736842
v 3.147372 3.642096 4.736842
v 3.147372 3.599990 5.000000
v 3.147372 3.642096 5.000000
v 3.147372 3.684203 0.000000
v 3.147372 3.684203 5.000000
v 3.147372 3.726309 0.000000
v 3.147372 3.726309 5.000000
v 3.147372 3.768415 0.000000
v 3.147372 3.768415 5.000000
v 3.147372 3.810522 0.000000
v 3.147372 3.810522 5.000000
v 3.147372 3.852628 0.000000
v 3.147372 3.852628 5.000000
v 3.147372 3.894734 0.000000
v 3.147372 3.894734 5.000000
v 3.147372 3.936841 0.000000
v 3.147372 3.936841 5.000000
v 3.147372 3.978947 0.000000
v 3.147372 3.978947 5.000000
v 3.147372 4.021053 0.000000
v 3.147372 4.021053 5.000000
v 3.147372 4.063159 0.000000
v 3.147372 4.063159 5.000000
v 3.147372 4.105266 0.000000
v 3.147372 4.105266 5.000000
v 3.147372 4.147372 0.000000
v 3.147372 4.147372 5.000000
v 3.147372 4.189478 0.000000
v 3.147372 4.189478 5.000000
v 3.147372 4.231585 0.000000
v 3.147372 4.231585 5.000000
v 3.147372 4.273691 0.000000
v 3.147372 4.273691 5.000000
v 3.147372 4.315797 0.000000
v 3.147372 4.315797 5.000000
v 3.147372 4.357904 0.000000
v 3.147372 4.357904 5.000000
v 3.147372 4.357904 0.263158
v 3.147372 4.400010 0.263158
v 3.147372 4.400010 0.000000
v 3.147372 4.357904 0.526316
v 3.147372 4.400010 0.526316
v 3.147372 4.357904 0.789474
v 3.147372 4.400010 0.789474
v 3.147372 4.357904 1.052632
v 3.147372 4.400010 1.052632
v 3.147372 4.357904 1.315789
v 3.147372 4.400010 1.315789
v 3.147372 4.357904 1.578947
v 3.147372 4.400010 1.578947
v 3.147372 4.357904 1.842105
v 3.147372 4.400010 1.842105
v 3.147372 4.357904 2.105263
v 3.147372 4.400010 2.105263
v 3.147372 4.357904 2.368421
v 3.147372 4.400010 2.368421
v 3.147372 4.357904 2.631579
v 3.147372 4.400010 2.631579
v 3.147372 4.357904 2.894737
v 3.147372 4.400010 2.894737
v 3.147372 4.357904 3.157895
v 3.147372 4.400010 3.157895
v 3.147372 4.357904 3.421053
v 3.147372 4.400010 3.421053
v 3.147372 4.357904 3.684211
v 3.147372 4.400010 3.684211
v 3.147372 4.357904 3.947368
v 3.147372 4.400010 3.947368
v 3.147372 4.357904 4.210526
v 3.147372 4.400010 4.210526
v 3.147372 4.357904 4.473684
v 3.147372 4.400010 4.473684
v 3.147372 4.357904 4.736842
v 3.147372 4.400010 4.736842
v 3.147372 4.400010 5.000000
v 3.189478 3.642096 0.000000
v 3.189478 3.642096 0.263158
v 3.189478 3.684203 0.000000
v 3.189478 3.642096 0.526316
v 3.189478 3.642096 0.789474
v 3.189478 3.642096 1.052632
v 3.189478 3.642096 1.315789
v 3.189478 3.642096 1.578947
v 3.189478 3.642096 1.842105
v 3.189478 3.642096 2.105263
v 3.189478 3.642096 2.368421
v 3.189478 3.642096 2.631579
v 3.189478 3.642096 2.894737
v 3.189478 3.642096 3.157895
v 3.189478 3.642096 3.421053
v 3.189478 3.642096 3.684211
v 3.189478 3.642096 3.947368
v 3.189478 3.642096 4.210526
v 3.189478 3.642096 4.473684
v 3.189478 3.642096 4.736842
v 3.189478 3.642096 5.000000
v 3.189478 3.684203 5.000000
v 3.189478 3.726309 0.000000
v 3.189478 3.726309 5.000000
v 3.189478 3.768415 0.000000
v 3.189478 3.768415 5.000000
v 3.189478 3.810522 0.000000
v 3.189478 3.810522 5.000000
v 3.189478 3.852628 0.000000
v 3.189478 3.852628 5.000000
v 3.189478 3.894734 0.000000
v 3.189478 3.894734 5.000000
v 3.189478 3.936841 0.000000
v 3.189478 3.936841 5.000000
v 3.189478 3.978947 0.000000
v 3.189478 3.978947 5.000000
v 3.189478 4.021053 0.000000
v 3.189478 4.021053 5.000000
v 3.189478 4.063159 0.000000
v 3.189478 4.063159 5.000000
v 3.189478 4.105266 0.000000
v 3.189478 4.105266 5.000000
v 3.189478 4.147372 0.000000
v 3.189478 4.147372 5.000000
v 3.189478 4.189478 0.000000
v 3.189478 4.189478 5.000000
v 3.189478 4.231585 0.000000
v 3.189478 4.231585 5.000000
v 3.189478 4.273691 0.000000
v 3.189478 4.273691 5.000000
v 3.189478 4.315797 0.000000
v 3.189478 4.315797 5.000000
v 3.189478 4.357904 0.263158
v 3.189478 4.357904 0.000000
v 3.189478 4.357904 0.526316
v 3.189478 4.357904 0.789474
v 3.189478 4.357904 1.052632
v 3.189478 4.357904 1.315789
v 3.189478 4.357904 1.578947
v 3.189478 4.357904 1.842105
v 3.189478 4.357904 2.105263
v 3.189478 4.357904 2.368421
v 3.189478 4.357904 2.631579
v 3.189478 4.357904 2.894737
v 3.189478 4.357904 3.157895
v 3.189478 4.357904 3.421053
v 3.189478 4.357904 3.684211
v 3.189478 4.357904 3.947368
v 3.189478 4.357904 4.210526
v 3.189478 4.357904 4.473684
v 3.189478 4.357904 4.736842
v 3.189478 4.357904 5.000000
v 3.231585 3.642096 0.000000
v 3.231585 3.642096 0.263158
v 3.231585 3.684203 0.263158
v 3.231585 3.684203 0.000000
v 3.231585 3.642096 0.526316
v 3.231585 3.684203 0.526316
v 3.231585 3.642096 0.789474
v 3.231585 3.684203 0.789474
v 3.231585 3.642096 1.052632
v 3.231585 3.684203 1.052632
v 3.231585 3.642096 1.315789
v 3.231585 3.684203 1.315789
v 3.231585 3.642096 1.578947
v 3.231585 3.684203 1.578947
v 3.231585 3.642096 1.842105
v 3.231585 3.684203 1.842105
v 3.231585 3.642096 2.105263
v 3.231585 3.684203 2.105263
v 3.231585 3.642096 2.368421
v 3.231585 3.684203 2.368421
v 3.231585 3.642096 2.631579
v 3.231585 3.684203 2.631579
v 3.231585 3.642096 2.894737
v 3.231585 3.684203 2.894737
v 3.231585 3.642096 3.157895
v 3.231585 3.684203 3.157895
v 3.231585 3.642096 3.421053
v 3.231585 3.684203 3.421053
v 3.231585 3.642096 3.684211
v 3.231585 3.684203 3.684211
v 3.231585 3.642096 3.947368
v 3.231585 3.684203 3.947368
v 3.231585 3.642096 4.210526
v 3.231585 3.684203 4.210526
v 3.231585 3.642096 4.473684
v 3.231585 3.684203 4.473684
v 3.231585 3.642096 4.736842
v 3.231585 3.684203 4.736842
v 3.231585 3.642096 5.000000
v 3.231585 3.684203 5.000000
v 3.231585 3.726309 0.000000
v 3.231585 3.726309 5.000000
v 3.231585 3.768415 0.000000
v 3.231585 3.768415 5.000000
v 3.231585 3.810522 0.000000
v 3.231585 3.810522 5.000000
v 3.231585 3.852628 0.000000
v 3.231585 3.852628 5.000000
v 3.231585 3.894734 0.000000
v 3.231585 3.894734 5.000000
v 3.231585 3.936841 0.000000
v 3.231585 3.936841 5.000000
v 3.231585 3.978947 0.000000
v 3.231585 3.978947 5.000000
v 3.231585 4.021053 0.000000
v 3.231585 4.021053 5.000000
v 3.231585 4.063159 0.000000
v 3.231585 4.063159 5.000000
v 3.231585 4.105266 0.000000
v 3.231585 4.105266 5.000000
v 3.231585 4.147372 0.000000
v 3.231585 4.147372 5.000000
v 3.231585 4.189478 0.000000
v 3.231585 4.189478 5.000000
v 3.231585 4.231585 0.000000
v 3.231585 4.231585 5.000000
v 3.231585 4.273691 0.000000
v 3.231585 4.273691 5.000000
v 3.231585 4.315797 0.000000
v 3.231585 4.315797 5.000000
v 3.231585 4.315797 0.263158
v 3.231585 4.357904 0.263158
v 3.231585 4.357904 0.000000
v 3.231585 4.315797 0.526316
v 3.231585 4.357904 0.526316
v 3.231585 4.315797 0.789474
v 3.231585 4.357904 0.789474
v 3.231585 4.315797 1.052632
v 3.231585 4.357904 1.052632
v 3.231585 4.315797 1.315789
v 3.231585 4.357904 1.315789
v 3.231585 4.315797 1.578947
v 3.231585 4.357904 1.578947
v 3.231585 4.315797 1.842105
v 3.231585 4.357904 1.842105
v 3.231585 4.315797 2.105263
v 3.231585 4.357904 2.105263
v 3.231585 4.315797 2.368421
v 3.231585 4.357904 2.368421
v 3.231585 4.315797 2.631579
v 3.231585 4.357904 2.631579
v 3.231585 4.315797 2.894737
v 3.231585 4.357904 2.894737
v 3.231585 4.315797 3.157895
v 3.231585 4.357904 3.157895
v 3.231585 4.315797 3.421053
v 3.231585 4.357904 3.421053
v 3.231585 4.315797 3.684211
v 3.231585 4.357904 3.684211
v 3.231585 4.315797 3.947368
v 3.231585 4.357904 3.947368
v 3.231585 4.315797 4.210526
v 3.231585 4.357904 4.210526
v 3.231585 4.315797 4.473684
v 3.231585 4.357904 4.473684
v 3.231585 4.315797 4.736842
v 3.231585 4.357904 4.736842
v 3.231585 4.357904 5.000000
v 3.273691 3.684203 0.000000
v 3.273691 3.684203 0.263158
v 3.273691 3.726309 0.263158
v 3.273691 3.726309 0.000000
v 3.273691 3.684203 0.526316
v 3.273691 3.726309 0.526316
v 3.273691 3.684203 0.789474
v 3.273691 3.726309 0.789474
v 3.273691 3.684203 1.052632
v 3.273691 3.726309 1.052632
v 3.273691 3.684203 1.315789
v 3.273691 3.726309 1.315789
v 3.273691 3.684203 1.578947
v 3.273691 3.726309 1.578947
v 3.273691 3.684203 1.842105
v 3.273691 3.726309 1.842105
v 3.273691 3.684203 2.105263
v 3.273691 3.726309 2.105263
v 3.273691 3.684203 2.368421
v 3.273691 3.726309 2.368421
v 3.273691 3.684203 2.631579
v 3.273691 3.726309 2.631579
v 3.273691 3.684203 2.894737
v 3.273691 3.726309 2.894737
v 3.273691 3.684203 3.157895
v 3.273691 3.726309 3.157895
v 3.273691 3.684203 3.421053
v 3.273691 3.726309 3.421053
v 3.273691 3.684203 3.684211
v 3.273691 3.726309 3.684211
v 3.273691 3.684203 3.947368
v 3.273691 3.726309 3.947368
v 3.273691 3.684203 4.210526
v 3.273691 3.726309 4.210526
v 3.273691 3.684203 4.473684
v 3.273691 3.726309 4.473684
v 3.273691 3.684203 4.736842
v 3.273691 3.726309 4.736842
v 3.273691 3.684203 5.000000
v 3.273691 3.726309 5.000000
v 3.273691 3.768415 0.000000
v 3.273691 3.768415 5.000000
v 3.273691 3.810522 0.000000
v 3.273691 3.810522 5.000000
v 3.273691 3.852628 0.000000
v 3.273691 3.852628 5.000000
v 3.273691 3.894734 0.000000
v 3.273691 3.894734 5.000000
v 3.273691 3.936841 0.000000
v 3.273691 3.936841 5.000000
v 3.273691 3.978947 0.000000
v 3.273691 3.978947 5.000000
v 3.273691 4.021053 0.000000
v 3.273691 4.021053 5.000000
v 3.273691 4.063159 0.000000
v 3.273691 4.063159 5.000000
v 3.273691 4.105266 0.000000
v 3.273691 4.105266 5.000000
v 3.273691 4.147372 0.000000
v 3.273691 4.147372 5.000000
v 3.273691 4.189478 0.000000
v 3.273691 4.189478 5.000000
v 3.273691 4.231585 0.000000
v 3.273691 4.231585 5.000000
v 3.273691 4.273691 0.000000
v 3.273691 4.273691 5.000000
v 3.273691 4.273691 0.263158
v 3.273691 4.315797 0.263158
v 3.273691 4.315797 0.000000
v 3.273691 4.273691 0.526316
v 3.273691 4.315797 0.526316
v 3.273691 4.273691 0.789474
v 3.273691 4.315797 0.789474
v 3.273691 4.273691 1.052632
v 3.273691 4.315797 1.052632
v 3.273691 4.273691 1.315789
v 3.273691 4.315797 1.315789
v 3.273691 4.273691 1.578947
v 3.273691 4.315797 1.578947
v 3.273691 4.273691 1.842105
v 3.273691 4.315797 1.842105
v 3.273691 4.273691 2.105263
v 3.273691 4.315797 2.105263
v 3.273691 4.273691 2.368421
v 3.273691 4.315797 2.368421
v 3.273691 4.273691 2.631579
v 3.273691 4.315797 2.631579
v 3.273691 4.273691 2.894737
v 3.273691 4.315797 2.894737
v 3.273691 4.273691 3.157895
v 3.273691 4.315797 3.157895
v 3.273691 4.273691 3.421053
v 3.273691 4.315797 3.421053
v 3.273691 4.273691 3.684211
v 3.273691 4.315797 3.684211
v 3.273691 4.273691 3.947368
v 3.273691 4.315797 3.947368
v 3.273691 4.273691 4.210526
v 3.273691 4.315797 4.210526
v 3.273691 4.273691 4.473684
v 3.273691 4.315797 4.473684
v 3.273691 4.273691 4.736842
v 3.273691 4.315797 4.736842
v 3.273691 4.315797 5.000000
v 3.315797 3.726309 0.000000
v 3.315797 3.726309 0.263158
v 3.315797 3.768415 0.263158
v 3.315797 3.768415 0.000000
v 3.315797 3.726309 0.526316
v 3.315797 3.768415 0.526316
v 3.315797 3.726309 0.789474
v 3.315797 3.768415 0.789474
v 3.315797 3.726309 1.052632
v 3.315797 3.768415 1.052632
v 3.315797 3.726309 1.315789
v 3.315797 3.768415 1.315789
v 3.315797 3.726309 1.578947
v 3.315797 3.768415 1.578947
v 3.315797 3.726309 1.842105
v 3.315797 3.768415 1.842105
v 3.315797 3.726309 2.105263
v 3.315797 3.768415 2.105263
v 3.315797 3.726309 2.368421
v 3.315797 3.768415 2.368421
v 3.315797 3.726309 2.631579
v 3.315797 3.768415 2.631579
v 3.315797 3.726309 2.894737
v 3.315797 3.768415 2.894737
v 3.315797 3.726309 3.157895
v 3.315797 3.768415 3.157895
v 3.315797 3.726309 3.421053
v 3.315797 3.768415 3.421053
v 3.315797 3.726309 3.684211
v 3.315797 3.768415 3.684211
v 3.315797 3.726309 3.947368
v 3.315797 3.768415 3.947368
v 3.315797 3.726309 4.210526
v 3.315797 3.768415 4.210526
v 3.315797 3.726309 4.473684
v 3.315797 3.768415 4.473684
v 3.315797 3.726309 4.736842
v 3.315797 3.768415 4.736842
v 3.315797 3.726309 5.000000
v 3.315797 3.768415 5.000000
v 3.315797 3.810522 0.000000
v 3.315797 3.810522 5.000000
v 3.315797 3.852628 0.000000
v 3.315797 3.852628 5.000000
v 3.315797 3.894734 0.000000
v 3.315797 3.894734 5.000000
v 3.315797 3.936841 0.000000
v 3.315797 3.936841 5.000000
v 3.315797 3.978947 0.000000
v 3.315797 3.978947 5.000000
v 3.315797 4.021053 0.000000
v 3.315797 4.021053 5.000000
v 3.315797 4.063159 0.000000
v 3.315797 4.063159 5.000000
v 3.315797 4.105266 0.000000
v 3.315797 4.105266 5.000000
v 3.315797 4.147372 0.000000
v 3.315797 4.147372 5.000000
v 3.315797 4.189478 0.000000
v 3.315797 4.189478 5.000000
v 3.315797 4.231585 0.000000
v 3.315797 4.231585 5.000000
v 3.315797 4.231585 0.263158
v 3.315797 4.273691 0.263158
v 3.315797 4.273691 0.000000
v 3.315797 4.231585 0.526316
v 3.315797 4.273691 0.526316
v 3.315797 4.231585 0.789474
v 3.315797 4.273691 0.789474
v 3.315797 4.231585 1.052632
v 3.315797 4.273691 1.052632
v 3.315797 4.231585 1.315789
v 3.315797 4.273691 1.315789
v 3.315797 4.231585 1.578947
v 3.315797 4.273691 1.578947
v 3.315797 4.231585 1.842105
v 3.315797 4.273691 1.842105
v 3.315797 4.231585 2.105263
v 3.315797 4.273691 2.105263
v 3.315797 4.231585 2.368421
v 3.315797 4.273691 2.368421
v 3.315797 4.231585 2.631579
v 3.315797 4.273691 2.631579
v 3.315797 4.231585 2.894737
v 3.315797 4.273691 2.894737
v 3.315797 4.231585 3.157895
v 3.315797 4.273691 3.157895
v 3.315797 4.231585 3.421053
v 3.315797 4.273691 3.421053
v 3.315797 4.231585 3.684211
v 3.315797 4.273691 3.684211
v 3.315797 4.231585 3.947368
v 3.315797 4.273691 3.947368
v 3.315797 4.231585 4.210526
v 3.315797 4.273691 4.210526
v 3.315797 4.231585 4.473684
v 3.315797 4.273691 4.473684
v 3.315797 4.231585 4.736842
v 3.315797 4.273691 4.736842
v 3.315797 4.273691 5.000000
v 3.357904 3.768415 0.000000
v 3.357904 3.768415 0.263158
v 3.357904 3.810522 0.263158
v 3.357904 3.810522 0.000000
v 3.357904 3.768415 0.526316
v 3.357904 3.810522 0.526316
v 3.357904 3.768415 0.789474
v 3.357904 3.810522 0.789474
v 3.357904 3.768415 1.052632
v 3.357904 3.810522 1.052632
v 3.357904 3.768415 1.315789
v 3.357904 3.810522 1.315789
v 3.357904 3.768415 1.578947
v 3.357904 3.810522 1.578947
v 3.357904 3.768415 1.842105
v 3.357904 3.810522 1.842105
v 3.357904 3.768415 2.105263
v 3.357904 3.810522 2.105263
v 3.357904 3.768415 2.368421
v 3.357904 3.810522 2.368421
v 3.357904 3.768415 2.631579
v 3.357904 3.810522 2.631579
v 3.357904 3.768415 2.894737
v 3.357904 3.810522 2.894737
v 3.357904 3.768415 3.157895
v 3.357904 3.810522 3.157895
v 3.357904 3.768415 3.421053
v 3.357904 3.810522 3.421053
v 3.357904 3.768415 3.684211
v 3.357904 3.810522 3.684211
v 3.357904 3.768415 3.947368
v 3.357904 3.810522 3.947368
v 3.357904 3.768415 4.210526
v 3.357904 3.810522 4.210526
v 3.357904 3.768415 4.473684
v 3.357904 3.810522 4.473684
v 3.357904 3.768415 4.736842
v 3.357904 3.810522 4.736842
v 3.357904 3.768415 5.000000
v 3.357904 3.810522 5.000000
v 3.357904 3.852628 0.263158
v 3.357904 3.852628 0.000000
v 3.357904 3.852628 0.526316
v 3.357904 3.852628 0.789474
v 3.357904 3.852628 1.052632
v 3.357904 3.852628 1.315789
v 3.357904 3.852628 1.578947
v 3.357904 3.852628 1.842105
v 3.357904 3.852628 2.105263
v 3.357904 3.852628 2.368421
v 3.357904 3.852628 2.631579
v 3.357904 3.852628 2.894737
v 3.357904 3.852628 3.157895
v 3.357904 3.852628 3.421053
v 3.357904 3.852628 3.684211
v 3.357904 3.852628 3.947368
v 3.357904 3.852628 4.210526
v 3.357904 3.852628 4.473684
v 3.357904 3.852628 4.736842
v 3.357904 3.852628 5.000000
v 3.357904 3.894734 0.000000
v 3.357904 3.894734 5.000000
v 3.357904 3.936841 0.000000
v 3.357904 3.936841 5.000000
v 3.357904 3.978947 0.000000
v 3.357904 3.978947 5.000000
v 3.357904 4.021053 0.000000
v 3.357904 4.021053 5.000000
v 3.357904 4.063159 0.000000
v 3.357904 4.063159 5.000000
v 3.357904 4.105266 0.000000
v 3.357904 4.105266 5.000000
v 3.357904 4.147372 0.000000
v 3.357904 4.147372 5.000000
v 3.357904 4.147372 0.263158
v 3.357904 4.189478 0.263158
v 3.357904 4.189478 0.000000
v 3.357904 4.147372 0.526316
v 3.357904 4.189478 0.526316
v 3.357904 4.147372 0.789474
v 3.357904 4.189478 0.789474
v 3.357904 4.147372 1.052632
v 3.357904 4.189478 1.052632
v 3.357904 4.147372 1.315789
v 3.357904 4.189478 1.315789
v 3.357904 4.147372 1.578947
v 3.357904 4.189478 1.578947
v 3.357904 4.147372 1.842105
v 3.357904 4.189478 1.842105
v 3.357904 4.147372 2.105263
v 3.357904 4.189478 2.105263
v 3.357904 4.147372 2.368421
v 3.357904 4.189478 2.368421
v 3.357904 4.147372 2.631579
v 3.357904 4.189478 2.631579
v 3.357904 4.147372 2.894737
v 3.357904 4.189478 2.894737
v 3.357904 4.147372 3.157895
v 3.357904 4.189478 3.157895
v 3.357904 4.147372 3.421053
v 3.357904 4.189478 3.421053
v 3.357904 4.147372 3.684211
v 3.357904 4.189478 3.684211
v 3.357904 4.147372 3.947368
v 3.357904 4.189478 3.947368
v 3.357904 4.147372 4.210526
v 3.357904 4.189478 4.210526
v 3.357904 4.147372 4.473684
v 3.357904 4.189478 4.473684
v 3.357904 4.147372 4.736842
v 3.357904 4.189478 4.736842
v 3.357904 4.189478 5.000000
v 3.357904 4.231585 0.263158
v 3.357904 4.231585 0.000000
v 3.357904 4.231585 0.526316
v 3.357904 4.231585 0.789474
v 3.357904 4.231585 1.052632
v 3.357904 4.231585 1.315789
v 3.357904 4.231585 1.578947
v 3.357904 4.231585 1.842105
v 3.357904 4.231585 2.105263
v 3.357904 4.231585 2.368421
v 3.357904 4.231585 2.631579
v 3.357904 4.231585 2.894737
v 3.357904 4.231585 3.157895
v 3.357904 4.231585 3.421053
v 3.357904 4.231585 3.684211
v 3.357904 4.231585 3.947368
v 3.357904 4.231585 4.210526
v 3.357904 4.231585 4.473684
v 3.357904 4.231585 4.736842
v 3.357904 4.231585 5.000000
v 3.400010 3.852628 0.000000
v 3.400010 3.852628 0.263158
v 3.400010 3.894734 0.263158
v 3.400010 3.894734 0.000000
v 3.400010 3.852628 0.526316
v 3.400010 3.894734 0.526316
v 3.400010 3.852628 0.789474
v 3.400010 3.894734 0.789474
v 3.400010 3.852628 1.052632
v 3.400010 3.894734 1.052632
v 3.400010 3.852628 1.315789
v 3.400010 3.894734 1.315789
v 3.400010 3.852628 1.578947
v 3.400010 3.894734 1.578947
v 3.400010 3.852628 1.842105
v 3.400010 3.894734 1.842105
v 3.400010 3.852628 2.105263
v 3.400010 3.894734 2.105263
v 3.400010 3.852628 2.368421
v 3.400010 3.894734 2.368421
v 3.400010 3.852628 2.631579
v 3.400010 3.894734 2.631579
v 3.400010 3.852628 2.894737
v 3.400010 3.894734 2.894737
v 3.400010 3.852628 3.157895
v 3.400010 3.894734 3.157895
v 3.400010 3.852628 3.421053
v 3.400010 3.894734 3.421053
v 3.400010 3.852628 3.684211
v 3.400010 3.894734 3.684211
v 3.400010 3.852628 3.947368
v 3.400010 3.894734 3.947368
v 3.400010 3.852628 4.210526
v 3.400010 3.894734 4.210526
v 3.400010 3.852628 4.473684
v 3.400010 3.894734 4.473684
v 3.400010 3.852628 4.736842
v 3.400010 3.894734 4.736842
v 3.400010 3.852628 5.000000
v 3.400010 3.894734 5.000000
v 3.400010 3.936841 0.263158
v 3.400010 3.936841 0.000000
v 3.400010 3.936841 0.526316
v 3.400010 3.936841 0.789474
v 3.400010 3.936841 1.052632
v 3.400010 3.936841 1.315789
v 3.400010 3.936841 1.578947
v 3.400010 3.936841 1.842105
v 3.400010 3.936841 2.105263
v 3.400010 3.936841 2.368421
v 3.400010 3.936841 2.631579
v 3.400010 3.936841 2.894737
v 3.400010 3.936841 3.157895
v 3.400010 3.936841 3.421053
v 3.400010 3.936841 3.684211
v 3.400010 3.936841 3.947368
v 3.400010 3.936841 4.210526
v 3.400010 3.936841 4.473684
v 3.400010 3.936841 4.736842
v 3.400010 3.936841 5.000000
v 3.400010 3.978947 0.263158
v 3.400010 3.978947 0.000000
v 3.400010 3.978947 0.526316
v 3.400010 3.978947 0.789474
v 3.400010 3.978947 1.052632
v 3.400010 3.978947 1.315789
v 3.400010 3.978947 1.578947
v 3.400010 3.978947 1.842105
v 3.400010 3.978947 2.105263
v 3.400010 3.978947 2.368421
v 3.400010 3.978947 2.631579
v 3.400010 3.978947 2.894737
v 3.400010 3.978947 3.157895
v 3.400010 3.978947 3.421053
v 3.400010 3.978947 3.684211
v 3.400010 3.978947 3.947368
v 3.400010 3.978947 4.210526
v 3.400010 3.978947 4.473684
v 3.400010 3.978947 4.736842
v 3.400010 3.978947 5.000000
v 3.400010 4.021053 0.263158
v 3.400010 4.021053 0.000000
v 3.400010 4.021053 0.526316
v 3.400010 4.021053 0.789474
v 3.400010 4.021053 1.052632
v 3.400010 4.021053 1.315789
v 3.400010 4.021053 1.578947
v 3.400010 4.021053 1.842105
v 3.400010 4.021053 2.105263
v 3.400010 4.021053 2.368421
v 3.400010 4.021053 2.631579
v 3.400010 4.021053 2.894737
v 3.400010 4.021053 3.157895
v 3.400010 4.021053 3.421053
v 3.400010 4.021053 3.684211
v 3.400010 4.021053 3.947368
v 3.400010 4.021053 4.210526
v 3.400010 4.021053 4.473684
v 3.400010 4.021053 4.736842
v 3.400010 4.021053 5.000000
v 3.400010 4.063159 0.263158
v 3.400010 4.063159 0.000000
v 3.400010 4.063159 0.526316
v 3.400010 4.063159 0.789474
v 3.400010 4.063159 1.052632
v 3.400010 4.063159 1.315789
v 3.400010 4.063159 1.578947
v 3.400010 4.063159 1.842105
v 3.400010 4.063159 2.105263
v 3.400010 4.063159 2.368421
v 3.400010 4.063159 2.631579
v 3.400010 4.063159 2.894737
v 3.400010 4.063159 3.157895
v 3.400010 4.063159 3.421053
v 3.400010 4.063159 3.684211
v 3.400010 4.063159 3.947368
v 3.400010 4.063159 4.210526
v 3.400010 4.063159 4.473684
v 3.400010 4.063159 4.736842
v 3.400010 4.063159 5.000000
v 3.400010 4.105266 0.263158
v 3.400010 4.105266 0.000000
v 3.400010 4.105266 0.526316
v 3.400010 4.105266 0.789474
v 3.400010 4.105266 1.052632
v 3.400010 4.105266 1.315789
v 3.400010 4.105266 1.578947
v 3.400010 4.105266 1.842105
v 3.400010 4.105266 2.105263
v 3.400010 4.105266 2.368421
v 3.400010 4.105266 2.631579
v 3.400010 4.105266 2.894737
v 3.400010 4.105266 3.157895
v 3.400010 4.105266 3.421053
v 3.400010 4.105266 3.684211
v 3.400010 4.105266 3.947368
v 3.400010 4.105266 4.210526
v 3.400010 4.105266 4.473684
v 3.400010 4.105266 4.736842
v 3.400010 4.105266 5.000000
v 3.400010 4.147372 0.263158
v 3.400010 4.147372 0.000000
v 3.400010 4.147372 0.526316
v 3.400010 4.147372 0.789474
v 3.400010 4.147372 1.052632
v 3.400010 4.147372 1.315789
v 3.400010 4.147372 1.578947
v 3.400010 4.147372 1.842105
v 3.400010 4.147372 2.105263
v 3.400010 4.147372 2.368421
v 3.400010 4.147372 2.631579
v 3.400010 4.147372 2.894737
v 3.400010 4.147372 3.157895
v 3.400010 4.147372 3.421053
v 3.400010 4.147372 3.684211
v 3.400010 4.147372 3.947368
v 3.400010 4.147372 4.210526
v 3.400010 4.147372 4.473684
v 3.400010 4.147372 4.736842
v 3.400010 4.147372 5.000000
f 1 2 3
f 1 3 4
f 1 5 6
f 1 6 4
f 1 2 7
f 1 7 5
f 4 3 8
f 4 8 9
f 4 6 10
f 4 10 9
f 9 8 11
f 9 11 12
f 9 10 13
f 9 13 12
f 12 11 14
f 12 14 15
f 12 13 16
f 12 16 15
f 15 14 17
f 15 17 18
f 15 16 19
f 15 19 18
f 18 17 20
f 18 20 21
f 18 19 22
f 18 22 21
f 21 20 23
f 21 23 24
f 21 22 25
f 21 25 24
f 24 23 26
f 24 26 27
f 24 25 28
f 24 28 27
f 27 26 29
f 27 29 30
f 27 28 31
f 27 31 30
f 30 29 32
f 30 32 33
f 30 31 34
f 30 34 33
f 33 32 35
f 33 35 36
f 33 34 37
f 33 37 36
f 36 35 38
f 36 38 39
f 36 37 40
f 36 40 39
f 39 38 41
f 39 41 42
f 39 40 43
f 39 43 42
f 42 41 44
f 42 44 45
f 42 43 46
f 42 46 45
f 45 44 47
f 45 47 48
f 45 46 49
f 45 49 48
f 48 47 50
f 48 50 51
f 48 49 52
f 48 52 51
f 51 50 53
f 51 53 54
f 51 52 55
f 51 55 54
f 54 53 56
f 54 56 57
f 54 55 58
f 54 58 57
f 57 56 59
f 57 59 60
f 57 58 61
f 57 61 60
f 60 61 62
f 60 62 59
f 2 63 64
f 2 64 3
f 2 63 65
f 2 65 7
f 3 64 66
f 3 66 8
f 8 66 67
f 8 67 11
f 11 67 68
f 11 68 14
f 14 68 69
f 14 69 17
f 17 69 70
f 17 70 20
f 20 70 71
f 20 71 23
f 23 71 72
f 23 72 26
f 26 72 73
f 26 73 29
f 29 73 74
f 29 74 32
f 32 74 75
f 32 75 35
f 35 75 76
f 35 76 38
f 38 76 77
f 38 77 41
f 41 77 78
f 41 78 44
f 44 78 79
f 44 79 47
f 47 79 80
f 47 80 50
f 50 80 81
f 50 81 53
f 53 81 82
f 53 82 56
f 56 82 83
f 56 83 59
f 59 62 84
f 59 84 83
f 63 85 86
f 63 86 64
f 63 85 87
f 63 87 65
f 64 86 88
f 64 88 66
f 66 88 89
f 66 89 67
f 67 89 90
f 67 90 68
f 68 90 91
f 68 91 69
f 69 91 92
f 69 92 70
f 70 92 93
f 70 93 71
f 71 93 94
f 71 94 72
f 72 94 95
f 72 95 73
f 73 95 96
f 73 96 74
f 74 96 97
f 74 97 75
f 75 97 98
f 75 98 76
f 76 98 99
f 76 99 77
f 77 99 100
f 77 100 78
f 78 100 101
f 78 101 79
f 79 101 102
f 79 102 80
f 80 102 103
f 80 103 81
f 81 103 104
f 81 104 82
f 82 104 105
f 82 105 83
f 83 84 106
f 83 106 105
f 85 107 108
f 85 108 86
f 85 107 109
f 85 109 87
f 86 108 110
f 86 110 88
f 88 110 111
f 88 111 89
f 89 111 112
f 89 112 90
f 90 112 113
f 90 113 91
f 91 113 114
f 91 114 92
f 92 114 115
f 92 115 93
f 93 115 116
f 93 116 94
f 94 116 117
f 94 117 95
f 95 117 118
f 95 118 96
f 96 118 119
f 96 119 97
f 97 119 120
f 97 120 98
f 98 120 121
f 98 121 99
f 99 121 122
f 99 122 100
f 100 122 123
f 100 123 101
f 101 123 124
f 101 124 102
f 102 124 125
f 102 125 103
f 103 125 126
f 103 126 104
f 104 126 127
f 104 127 105
f 105 106 128
f 105 128 127
f 107 129 130
f 107 130 108
f 107 129 131
f 107 131 109
f 108 130 132
f 108 132 110
f 110 132 133
f 110 133 111
f 111 133 134
f 111 134 112
f 112 134 135
f 112 135 113
f 113 135 136
f 113 136 114
f 114 136 137
f 114 137 115
f 115 137 138
f 115 138 116
f 116 138 139
f 116 139 117
f 117 139 140
f 117 140 118
f 118 140 141
f 118 141 119
f 119 141 142
f 119 142 120
f 120 142 143
f 120 143 121
f 121 143 144
f 121 144 122
f 122 144 145
f 122 145 123
f 123 145 146
f 123 146 124
f 124 146 147
f 124 147 125
f 125 147 148
f 125 148 126
f 126 148 149
f 126 149 127
f 127 128 150
f 127 150 149
f 129 151 152
f 129 152 130
f 129 151 153
f 129 153 131
f 130 152 154
f 130 154 132
f 132 154 155
f 132 155 133
f 133 155 156
f 133 156 134
f 134 156 157
f 134 157 135
f 135 157 158
f 135 158 136
f 136 158 159
f 136 159 137
f 137 159 160
f 137 160 138
f 138 160 161
f 138 161 139
f 139 161 162
f 139 162 140
f 140 162 163
f 140 163 141
f 141 163 164
f 141 164 142
f 142 164 165
f 142 165 143
f 143 165 166
f 143 166 144
f 144 166 167
f 144 167 145
f 145 167 168
f 145 168 146
f 146 168 169
f 146 169 147
f 147 169 170
f 147 170 148
f 148 170 171
f 148 171 149
f 149 150 172
f 149 172 171
f 151 173 174
f 151 174 152
f 173 174 175
f 173 175 176
f 151 173 176
f 151 176 153
f 152 174 177
f 152 177 154
f 174 177 178
f 174 178 175
f 154 177 179
f 154 179 155
f 177 179 180
f 177 180 178
f 155 179 181
f 155 181 156
f 179 181 182
f 179 182 180
f 156 181 183
f 156 183 157
f 181 183 184
f 181 184 182
f 157 183 185
f 157 185 158
f 183 185 186
f 183 186 184
f 158 185 187
f 158 187 159
f 185 187 188
f 185 188 186
f 159 187 189
f 159 189 160
f 187 189 190
f 187 190 188
f 160 189 191
f 160 191 161
f 189 191 192
f 189 192 190
f 161 191 193
f 161 193 162
f 191 193 194
f 191 194 192
f 162 193 195
f 162 195 163
f 193 195 196
f 193 196 194
f 163 195 197
f 163 197 164
f 195 197 198
f 195 198 196
f 164 197 199
f 164 199 165
f 197 199 200
f 197 200 198
f 165 199 201
f 165 201 166
f 199 201 202
f 199 202 200
f 166 201 203
f 166 203 167
f 201 203 204
f 201 204 202
f 167 203 205
f 167 205 168
f 203 205 206
f 203 206 204
f 168 205 207
f 168 207 169
f 205 207 208
f 205 208 206
f 169 207 209
f 169 209 170
f 207 209 210
f 207 210 208
f 170 209 211
f 170 211 171
f 209 211 212
f 209 212 210
f 171 172 212
f 171 212 211
f 213 214 215
f 213 215 216
f 213 217 218
f 213 218 216
f 213 214 219
f 213 219 217
f 216 215 220
f 216 220 221
f 216 218 222
f 216 222 221
f 221 220 223
f 221 223 224
f 221 222 225
f 221 225 224
f 224 223 226
f 224 226 227
f 224 225 228
f 224 228 227
f 227 226 229
f 227 229 230
f 227 228 231
f 227 231 230
f 230 229 232
f 230 232 233
f 230 231 234
f 230 234 233
f 233 232 235
f 233 235 236
f 233 234 237
f 233 237 236
f 236 235 238
f 236 238 239
f 236 237 240
f 236 240 239
f 239 238 241
f 239 241 242
f 239 240 243
f 239 243 242
f 242 241 244
f 242 244 245
f 242 243 246
f 242 246 245
f 245 244 247
f 245 247 248
f 245 246 249
f 245 249 248
f 248 247 250
f 248 250 251
f 248 249 252
f 248 252 251
f 251 250 253
f 251 253 254
f 251 252 255
f 251 255 254
f 254 253 256
f 254 256 257
f 254 255 258
f 254 258 257
f 257 256 259
f 257 259 260
f 257 258 261
f 257 261 260
f 260 259 262
f 260 262 263
f 260 261 264
f 260 264 263
f 263 262 265
f 263 265 266
f 263 264 267
f 263 267 266
f 266 265 268
f 266 268 269
f 266 267 270
f 266 270 269
f 269 268 271
f 269 271 272
f 269 270 273
f 269 273 272
f 272 273 274
f 272 274 271
f 214 5 6
f 214 6 215
f 214 5 275
f 214 275 219
f 215 6 10
f 215 10 220
f 220 10 13
f 220 13 223
f 223 13 16
f 223 16 226
f 226 16 19
f 226 19 229
f 229 19 22
f 229 22 232
f 232 22 25
f 232 25 235
f 235 25 28
f 235 28 238
f 238 28 31
f 238 31 241
f 241 31 34
f 241 34 244
f 244 34 37
f 244 37 247
f 247 37 40
f 247 40 250
f 250 40 43
f 250 43 253
f 253 43 46
f 253 46 256
f 256 46 49
f 256 49 259
f 259 49 52
f 259 52 262
f 262 52 55
f 262 55 265
f 265 55 58
f 265 58 268
f 268 58 61
f 268 61 271
f 271 274 276
f 271 276 61
f 5 7 277
f 5 277 275
f 61 276 278
f 61 278 62
f 7 65 279
f 7 279 277
f 62 278 280
f 62 280 84
f 65 87 281
f 65 281 279
f 84 280 282
f 84 282 106
f 87 109 283
f 87 283 281
f 106 282 284
f 106 284 128
f 109 131 285
f 109 285 283
f 128 284 286
f 128 286 150
f 131 153 287
f 131 287 285
f 150 286 288
f 150 288 172
f 153 176 289
f 153 289 287
f 172 288 290
f 172 290 212
f 176 291 292
f 176 292 175
f 176 291 293
f 176 293 289
f 175 292 294
f 175 294 178
f 178 294 295
f 178 295 180
f 180 295 296
f 180 296 182
f 182 296 297
f 182 297 184
f 184 297 298
f 184 298 186
f 186 298 299
f 186 299 188
f 188 299 300
f 188 300 190
f 190 300 301
f 190 301 192
f 192 301 302
f 192 302 194
f 194 302 303
f 194 303 196
f 196 303 304
f 196 304 198
f 198 304 305
f 198 305 200
f 200 305 306
f 200 306 202
f 202 306 307
f 202 307 204
f 204 307 308
f 204 308 206
f 206 308 309
f 206 309 208
f 208 309 310
f 208 310 210
f 210 310 311
f 210 311 212
f 212 290 312
f 212 312 311
f 291 313 314
f 291 314 292
f 313 314 315
f 313 315 316
f 291 313 316
f 291 316 293
f 292 314 317
f 292 317 294
f 314 317 318
f 314 318 315
f 294 317 319
f 294 319 295
f 317 319 320
f 317 320 318
f 295 319 321
f 295 321 296
f 319 321 322
f 319 322 320
f 296 321 323
f 296 323 297
f 321 323 324
f 321 324 322
f 297 323 325
f 297 325 298
f 323 325 326
f 323 326 324
f 298 325 327
f 298 327 299
f 325 327 328
f 325 328 326
f 299 327 329
f 299 329 300
f 327 329 330
f 327 330 328
f 300 329 331
f 300 331 301
f 329 331 332
f 329 332 330
f 301 331 333
f 301 333 302
f 331 333 334
f 331 334 332
f 302 333 335
f 302 335 303
f 333 335 336
f 333 336 334
f 303 335 337
f 303 337 304
f 335 337 338
f 335 338 336
f 304 337 339
f 304 339 305
f 337 339 340
f 337 340 338
f 305 339 341
f 305 341 306
f 339 341 342
f 339 342 340
f 306 341 343
f 306 343 307
f 341 343 344
f 341 344 342
f 307 343 345
f 307 345 308
f 343 345 346
f 343 346 344
f 308 345 347
f 308 347 309
f 345 347 348
f 345 348 346
f 309 347 349
f 309 349 310
f 347 349 350
f 347 350 348
f 310 349 351
f 310 351 311
f 349 351 352
f 349 352 350
f 311 312 352
f 311 352 351
f 353 217 218
f 353 218 354
f 353 355 356
f 353 356 354
f 353 217 357
f 353 357 355
f 354 218 222
f 354 222 358
f 354 356 359
f 354 359 358
f 358 222 225
f 358 225 360
f 358 359 361
f 358 361 360
f 360 225 228
f 360 228 362
f 360 361 363
f 360 363 362
f 362 228 231
f 362 231 364
f 362 363 365
f 362 365 364
f 364 231 234
f 364 234 366
f 364 365 367
f 364 367 366
f 366 234 237
f 366 237 368
f 366 367 369
f 366 369 368
f 368 237 240
f 368 240 370
f 368 369 371
f 368 371 370
f 370 240 243
f 370 243 372
f 370 371 373
f 370 373 372
f 372 243 246
f 372 246 374
f 372 373 375
f 372 375 374
f 374 246 249
f 374 249 376
f 374 375 377
f 374 377 376
f 376 249 252
f 376 252 378
f 376 377 379
f 376 379 378
f 378 252 255
f 378 255 380
f 378 379 381
f 378 381 380
f 380 255 258
f 380 258 382
f 380 381 383
f 380 383 382
f 382 258 261
f 382 261 384
f 382 383 385
f 382 385 384
f 384 261 264
f 384 264 386
f 384 385 387
f 384 387 386
f 386 264 267
f 386 267 388
f 386 387 389
f 386 389 388
f 388 267 270
f 388 270 390
f 388 389 391
f 388 391 390
f 390 270 273
f 390 273 392
f 390 391 393
f 390 393 392
f 392 393 394
f 392 394 273
f 217 219 395
f 217 395 357
f 273 394 396
f 273 396 274
f 219 275 397
f 219 397 395
f 274 396 398
f 274 398 276
f 275 277 399
f 275 399 397
f 276 398 400
f 276 400 278
f 277 279 401
f 277 401 399
f 278 400 402
f 278 402 280
f 279 281 403
f 279 403 401
f 280 402 404
f 280 404 282
f 281 283 405
f 281 405 403
f 282 404 406
f 282 406 284
f 283 285 407
f 283 407 405
f 284 406 408
f 284 408 286
f 285 287 409
f 285 409 407
f 286 408 410
f 286 410 288
f 287 289 411
f 287 411 409
f 288 410 412
f 288 412 290
f 289 293 413
f 289 413 411
f 290 412 414
f 290 414 312
f 293 316 415
f 293 415 413
f 312 414 416
f 312 416 352
f 316 417 418
f 316 418 315
f 417 418 419
f 417 419 420
f 316 417 420
f 316 420 415
f 315 418 421
f 315 421 318
f 418 421 422
f 418 422 419
f 318 421 423
f 318 423 320
f 421 423 424
f 421 424 422
f 320 423 425
f 320 425 322
f 423 425 426
f 423 426 424
f 322 425 427
f 322 427 324
f 425 427 428
f 425 428 426
f 324 427 429
f 324 429 326
f 427 429 430
f 427 430 428
f 326 429 431
f 326 431 328
f 429 431 432
f 429 432 430
f 328 431 433
f 328 433 330
f 431 433 434
f 431 434 432
f 330 433 435
f 330 435 332
f 433 435 436
f 433 436 434
f 332 435 437
f 332 437 334
f 435 437 438
f 435 438 436
f 334 437 439
f 334 439 336
f 437 439 440
f 437 440 438
f 336 439 441
f 336 441 338
f 439 441 442
f 439 442 440
f 338 441 443
f 338 443 340
f 441 443 444
f 441 444 442
f 340 443 445
f 340 445 342
f 443 445 446
f 443 446 444
f 342 445 447
f 342 447 344
f 445 447 448
f 445 448 446
f 344 447 449
f 344 449 346
f 447 449 450
f 447 450 448
f 346 449 451
f 346 451 348
f 449 451 452
f 449 452 450
f 348 451 453
f 348 453 350
f 451 453 454
f 451 454 452
f 350 453 455
f 350 455 352
f 453 455 456
f 453 456 454
f 352 416 456
f 352 456 455
f 457 355 356
f 457 356 458
f 457 459 460
f 457 460 458
f 457 355 461
f 457 461 459
f 458 356 359
f 458 359 462
f 458 460 463
f 458 463 462
f 462 359 361
f 462 361 464
f 462 463 465
f 462 465 464
f 464 361 363
f 464 363 466
f 464 465 467
f 464 467 466
f 466 363 365
f 466 365 468
f 466 467 469
f 466 469 468
f 468 365 367
f 468 367 470
f 468 469 471
f 468 471 470
f 470 367 369
f 470 369 472
f 470 471 473
f 470 473 472
f 472 369 371
f 472 371 474
f 472 473 475
f 472 475 474
f 474 371 373
f 474 373 476
f 474 475 477
f 474 477 476
f 476 373 375
f 476 375 478
f 476 477 479
f 476 479 478
f 478 375 377
f 478 377 480
f 478 479 481
f 478 481 480
f 480 377 379
f 480 379 482
f 480 481 483
f 480 483 482
f 482 379 381
f 482 381 484
f 482 483 485
f 482 485 484
f 484 381 383
f 484 383 486
f 484 485 487
f 484 487 486
f 486 383 385
f 486 385 488
f 486 487 489
f 486 489 488
f 488 385 387
f 488 387 490
f 488 489 491
f 488 491 490
f 490 387 389
f 490 389 492
f 490 491 493
f 490 493 492
f 492 389 391
f 492 391 494
f 492 493 495
f 492 495 494
f 494 391 393
f 494 393 496
f 494 495 497
f 494 497 496
f 496 497 498
f 496 498 393
f 355 357 499
f 355 499 461
f 393 498 500
f 393 500 394
f 357 395 501
f 357 501 499
f 394 500 502
f 394 502 396
f 395 397 503
f 395 503 501
f 396 502 504
f 396 504 398
f 397 399 505
f 397 505 503
f 398 504 506
f 398 506 400
f 399 401 507
f 399 507 505
f 400 506 508
f 400 508 402
f 401 403 509
f 401 509 507
f 402 508 510
f 402 510 404
f 403 405 511
f 403 511 509
f 404 510 512
f 404 512 406
f 405 407 513
f 405 513 511
f 406 512 514
f 406 514 408
f 407 409 515
f 407 515 513
f 408 514 516
f 408 516 410
f 409 411 517
f 409 517 515
f 410 516 518
f 410 518 412
f 411 413 519
f 411 519 517
f 412 518 520
f 412 520 414
f 413 415 521
f 413 521 519
f 414 520 522
f 414 522 416
f 415 420 523
f 415 523 521
f 416 522 524
f 416 524 456
f 420 525 526
f 420 526 419
f 525 526 527
f 525 527 528
f 420 525 528
f 420 528 523
f 419 526 529
f 419 529 422
f 526 529 530
f 526 530 527
f 422 529 531
f 422 531 424
f 529 531 532
f 529 532 530
f 424 531 533
f 424 533 426
f 531 533 534
f 531 534 532
f 426 533 535
f 426 535 428
f 533 535 536
f 533 536 534
f 428 535 537
f 428 537 430
f 535 537 538
f 535 538 536
f 430 537 539
f 430 539 432
f 537 539 540
f 537 540 538
f 432 539 541
f 432 541 434
f 539 541 542
f 539 542 540
f 434 541 543
f 434 543 436
f 541 543 544
f 541 544 542
f 436 543 545
f 436 545 438
f 543 545 546
f 543 546 544
f 438 545 547
f 438 547 440
f 545 547 548
f 545 548 546
f 440 547 549
f 440 549 442
f 547 549 550
f 547 550 548
f 442 549 551
f 442 551 444
f 549 551 552
f 549 552 550
f 444 551 553
f 444 553 446
f 551 553 554
f 551 554 552
f 446 553 555
f 446 555 448
f 553 555 556
f 553 556 554
f 448 555 557
f 448 557 450
f 555 557 558
f 555 558 556
f 450 557 559
f 450 559 452
f 557 559 560
f 557 560 558
f 452 559 561
f 452 561 454
f 559 561 562
f 559 562 560
f 454 561 563
f 454 563 456
f 561 563 564
f 561 564 562
f 456 524 564
f 456 564 563
f 565 459 460
f 565 460 566
f 565 567 568
f 565 568 566
f 565 459 569
f 565 569 567
f 566 460 463
f 566 463 570
f 566 568 571
f 566 571 570
f 570 463 465
f 570 465 572
f 570 571 573
f 570 573 572
f 572 465 467
f 572 467 574
f 572 573 575
f 572 575 574
f 574 467 469
f 574 469 576
f 574 575 577
f 574 577 576
f 576 469 471
f 576 471 578
f 576 577 579
f 576 579 578
f 578 471 473
f 578 473 580
f 578 579 581
f 578 581 580
f 580 473 475
f 580 475 582
f 580 581 583
f 580 583 582
f 582 475 477
f 582 477 584
f 582 583 585
f 582 585 584
f 584 477 479
f 584 479 586
f 584 585 587
f 584 587 586
f 586 479 481
f 586 481 588
f 586 587 589
f 586 589 588
f 588 481 483
f 588 483 590
f 588 589 591
f 588 591 590
f 590 483 485
f 590 485 592
f 590 591 593
f 590 593 592
f 592 485 487
f 592 487 594
f 592 593 595
f 592 595 594
f 594 487 489
f 594 489 596
f 594 595 597
f 594 597 596
f 596 489 491
f 596 491 598
f 596 597 599
f 596 599 598
f 598 491 493
f 598 493 600
f 598 599 601
f 598 601 600
f 600 493 495
f 600 495 602
f 600 601 603
f 600 603 602
f 602 495 497
f 602 497 604
f 602 603 605
f 602 605 604
f 604 605 606
f 604 606 497
f 459 461 607
f 459 607 569
f 497 606 608
f 497 608 498
f 461 499 609
f 461 609 607
f 498 608 610
f 498 610 500
f 499 501 611
f 499 611 609
f 500 610 612
f 500 612 502
f 501 503 613
f 501 613 611
f 502 612 614
f 502 614 504
f 503 505 615
f 503 615 613
f 504 614 616
f 504 616 506
f 505 507 617
f 505 617 615
f 506 616 618
f 506 618 508
f 507 509 619
f 507 619 617
f 508 618 620
f 508 620 510
f 509 511 621
f 509 621 619
f 510 620 622
f 510 622 512
f 511 513 623
f 511 623 621
f 512 622 624
f 512 624 514
f 513 515 625
f 513 625 623
f 514 624 626
f 514 626 516
f 515 517 627
f 515 627 625
f 516 626 628
f 516 628 518
f 517 519 629
f 517 629 627
f 518 628 630
f 518 630 520
f 519 521 631
f 519 631 629
f 520 630 632
f 520 632 522
f 521 523 633
f 521 633 631
f 522 632 634
f 522 634 524
f 523 528 635
f 523 635 633
f 524 634 636
f 524 636 564
f 528 637 638
f 528 638 527
f 637 638 639
f 637 639 640
f 528 637 640
f 528 640 635
f 527 638 641
f 527 641 530
f 638 641 642
f 638 642 639
f 530 641 643
f 530 643 532
f 641 643 644
f 641 644 642
f 532 643 645
f 532 645 534
f 643 645 646
f 643 646 644
f 534 645 647
f 534 647 536
f 645 647 648
f 645 648 646
f 536 647 649
f 536 649 538
f 647 649 650
f 647 650 648
f 538 649 651
f 538 651 540
f 649 651 652
f 649 652 650
f 540 651 653
f 540 653 542
f 651 653 654
f 651 654 652
f 542 653 655
f 542 655 544
f 653 655 656
f 653 656 654
f 544 655 657
f 544 657 546
f 655 657 658
f 655 658 656
f 546 657 659
f 546 659 548
f 657 659 660
f 657 660 658
f 548 659 661
f 548 661 550
f 659 661 662
f 659 662 660
f 550 661 663
f 550 663 552
f 661 663 664
f 661 664 662
f 552 663 665
f 552 665 554
f 663 665 666
f 663 666 664
f 554 665 667
f 554 667 556
f 665 667 668
f 665 668 666
f 556 667 669
f 556 669 558
f 667 669 670
f 667 670 668
f 558 669 671
f 558 671 560
f 669 671 672
f 669 672 670
f 560 671 673
f 560 673 562
f 671 673 674
f 671 674 672
f 562 673 675
f 562 675 564
f 673 675 676
f 673 676 674
f 564 636 676
f 564 676 675
f 567 677 678
f 567 678 568
f 567 569 679
f 567 679 677
f 568 678 680
f 568 680 571
f 571 680 681
f 571 681 573
f 573 681 682
f 573 682 575
f 575 682 683
f 575 683 577
f 577 683 684
f 577 684 579
f 579 684 685
f 579 685 581
f 581 685 686
f 581 686 583
f 583 686 687
f 583 687 585
f 585 687 688
f 585 688 587
f 587 688 689
f 587 689 589
f 589 689 690
f 589 690 591
f 591 690 691
f 591 691 593
f 593 691 692
f 593 692 595
f 595 692 693
f 595 693 597
f 597 693 694
f 597 694 599
f 599 694 695
f 599 695 601
f 601 695 696
f 601 696 603
f 603 696 697
f 603 697 605
f 605 697 698
f 605 698 606
f 569 607 699
f 569 699 679
f 606 698 700
f 606 700 608
f 607 609 701
f 607 701 699
f 608 700 702
f 608 702 610
f 609 611 703
f 609 703 701
f 610 702 704
f 610 704 612
f 611 613 705
f 611 705 703
f 612 704 706
f 612 706 614
f 613 615 707
f 613 707 705
f 614 706 708
f 614 708 616
f 615 617 709
f 615 709 707
f 616 708 710
f 616 710 618
f 617 619 711
f 617 711 709
f 618 710 712
f 618 712 620
f 619 621 713
f 619 713 711
f 620 712 714
f 620 714 622
f 621 623 715
f 621 715 713
f 622 714 716
f 622 716 624
f 623 625 717
f 623 717 715
f 624 716 718
f 624 718 626
f 625 627 719
f 625 719 717
f 626 718 720
f 626 720 628
f 627 629 721
f 627 721 719
f 628 720 722
f 628 722 630
f 629 631 723
f 629 723 721
f 630 722 724
f 630 724 632
f 631 633 725
f 631 725 723
f 632 724 726
f 632 726 634
f 633 635 727
f 633 727 725
f 634 726 728
f 634 728 636
f 640 639 729
f 640 729 730
f 635 640 730
f 635 730 727
f 639 642 731
f 639 731 729
f 642 644 732
f 642 732 731
f 644 646 733
f 644 733 732
f 646 648 734
f 646 734 733
f 648 650 735
f 648 735 734
f 650 652 736
f 650 736 735
f 652 654 737
f 652 737 736
f 654 656 738
f 654 738 737
f 656 658 739
f 656 739 738
f 658 660 740
f 658 740 739
f 660 662 741
f 660 741 740
f 662 664 742
f 662 742 741
f 664 666 743
f 664 743 742
f 666 668 744
f 666 744 743
f 668 670 745
f 668 745 744
f 670 672 746
f 670 746 745
f 672 674 747
f 672 747 746
f 674 676 748
f 674 748 747
f 636 728 748
f 636 748 676
f 749 677 678
f 749 678 750
f 749 751 752
f 749 752 750
f 749 677 753
f 749 753 751
f 750 678 680
f 750 680 754
f 750 752 755
f 750 755 754
f 754 680 681
f 754 681 756
f 754 755 757
f 754 757 756
f 756 681 682
f 756 682 758
f 756 757 759
f 756 759 758
f 758 682 683
f 758 683 760
f 758 759 761
f 758 761 760
f 760 683 684
f 760 684 762
f 760 761 763
f 760 763 762
f 762 684 685
f 762 685 764
f 762 763 765
f 762 765 764
f 764 685 686
f 764 686 766
f 764 765 767
f 764 767 766
f 766 686 687
f 766 687 768
f 766 767 769
f 766 769 768
f 768 687 688
f 768 688 770
f 768 769 771
f 768 771 770
f 770 688 689
f 770 689 772
f 770 771 773
f 770 773 772
f 772 689 690
f 772 690 774
f 772 773 775
f 772 775 774
f 774 690 691
f 774 691 776
f 774 775 777
f 774 777 776
f 776 691 692
f 776 692 778
f 776 777 779
f 776 779 778
f 778 692 693
f 778 693 780
f 778 779 781
f 778 781 780
f 780 693 694
f 780 694 782
f 780 781 783
f 780 783 782
f 782 694 695
f 782 695 784
f 782 783 785
f 782 785 784
f 784 695 696
f 784 696 786
f 784 785 787
f 784 787 786
f 786 696 697
f 786 697 788
f 786 787 789
f 786 789 788
f 788 789 790
f 788 790 697
f 677 679 791
f 677 791 753
f 697 790 792
f 697 792 698
f 679 699 793
f 679 793 791
f 698 792 794
f 698 794 700
f 699 701 795
f 699 795 793
f 700 794 796
f 700 796 702
f 701 703 797
f 701 797 795
f 702 796 798
f 702 798 704
f 703 705 799
f 703 799 797
f 704 798 800
f 704 800 706
f 705 707 801
f 705 801 799
f 706 800 802
f 706 802 708
f 707 709 803
f 707 803 801
f 708 802 804
f 708 804 710
f 709 711 805
f 709 805 803
f 710 804 806
f 710 806 712
f 711 713 807
f 711 807 805
f 712 806 808
f 712 808 714
f 713 715 809
f 713 809 807
f 714 808 810
f 714 810 716
f 715 717 811
f 715 811 809
f 716 810 812
f 716 812 718
f 717 719 813
f 717 813 811
f 718 812 814
f 718 814 720
f 719 721 815
f 719 815 813
f 720 814 816
f 720 816 722
f 721 723 817
f 721 817 815
f 722 816 818
f 722 818 724
f 723 725 819
f 723 819 817
f 724 818 820
f 724 820 726
f 725 727 821
f 725 821 819
f 726 820 822
f 726 822 728
f 727 730 823
f 727 823 821
f 728 822 824
f 728 824 748
f 730 825 826
f 730 826 729
f 825 826 827
f 825 827 828
f 730 825 828
f 730 828 823
f 729 826 829
f 729 829 731
f 826 829 830
f 826 830 827
f 731 829 831
f 731 831 732
f 829 831 832
f 829 832 830
f 732 831 833
f 732 833 733
f 831 833 834
f 831 834 832
f 733 833 835
f 733 835 734
f 833 835 836
f 833 836 834
f 734 835 837
f 734 837 735
f 835 837 838
f 835 838 836
f 735 837 839
f 735 839 736
f 837 839 840
f 837 840 838
f 736 839 841
f 736 841 737
f 839 841 842
f 839 842 840
f 737 841 843
f 737 843 738
f 841 843 844
f 841 844 842
f 738 843 845
f 738 845 739
f 843 845 846
f 843 846 844
f 739 845 847
f 739 847 740
f 845 847 848
f 845 848 846
f 740 847 849
f 740 849 741
f 847 849 850
f 847 850 848
f 741 849 851
f 741 851 742
f 849 851 852
f 849 852 850
f 742 851 853
f 742 853 743
f 851 853 854
f 851 854 852
f 743 853 855
f 743 855 744
f 853 855 856
f 853 856 854
f 744 855 857
f 744 857 745
f 855 857 858
f 855 858 856
f 745 857 859
f 745 859 746
f 857 859 860
f 857 860 858
f 746 859 861
f 746 861 747
f 859 861 862
f 859 862 860
f 747 861 863
f 747 863 748
f 861 863 864
f 861 864 862
f 748 824 864
f 748 864 863
f 751 865 866
f 751 866 752
f 751 753 867
f 751 867 865
f 752 866 868
f 752 868 755
f 755 868 869
f 755 869 757
f 757 869 870
f 757 870 759
f 759 870 871
f 759 871 761
f 761 871 872
f 761 872 763
f 763 872 873
f 763 873 765
f 765 873 874
f 765 874 767
f 767 874 875
f 767 875 769
f 769 875 876
f 769 876 771
f 771 876 877
f 771 877 773
f 773 877 878
f 773 878 775
f 775 878 879
f 775 879 777
f 777 879 880
f 777 880 779
f 779 880 881
f 779 881 781
f 781 881 882
f 781 882 783
f 783 882 883
f 783 883 785
f 785 883 884
f 785 884 787
f 787 884 885
f 787 885 789
f 789 885 886
f 789 886 790
f 753 791 887
f 753 887 867
f 790 886 888
f 790 888 792
f 791 793 889
f 791 889 887
f 792 888 890
f 792 890 794
f 793 795 891
f 793 891 889
f 794 890 892
f 794 892 796
f 795 797 893
f 795 893 891
f 796 892 894
f 796 894 798
f 797 799 895
f 797 895 893
f 798 894 896
f 798 896 800
f 799 801 897
f 799 897 895
f 800 896 898
f 800 898 802
f 801 803 899
f 801 899 897
f 802 898 900
f 802 900 804
f 803 805 901
f 803 901 899
f 804 900 902
f 804 902 806
f 805 807 903
f 805 903 901
f 806 902 904
f 806 904 808
f 807 809 905
f 807 905 903
f 808 904 906
f 808 906 810
f 809 811 907
f 809 907 905
f 810 906 908
f 810 908 812
f 811 813 909
f 811 909 907
f 812 908 910
f 812 910 814
f 813 815 911
f 813 911 909
f 814 910 912
f 814 912 816
f 815 817 913
f 815 913 911
f 816 912 914
f 816 914 818
f 817 819 915
f 817 915 913
f 818 914 916
f 818 916 820
f 819 821 917
f 819 917 915
f 820 916 918
f 820 918 822
f 821 823 919
f 821 919 917
f 822 918 920
f 822 920 824
f 828 827 921
f 828 921 922
f 823 828 922
f 823 922 919
f 827 830 923
f 827 923 921
f 830 832 924
f 830 924 923
f 832 834 925
f 832 925 924
f 834 836 926
f 834 926 925
f 836 838 927
f 836 927 926
f 838 840 928
f 838 928 927
f 840 842 929
f 840 929 928
f 842 844 930
f 842 930 929
f 844 846 931
f 844 931 930
f 846 848 932
f 846 932 931
f 848 850 933
f 848 933 932
f 850 852 934
f 850 934 933
f 852 854 935
f 852 935 934
f 854 856 936
f 854 936 935
f 856 858 937
f 856 937 936
f 858 860 938
f 858 938 937
f 860 862 939
f 860 939 938
f 862 864 940
f 862 940 939
f 824 920 940
f 824 940 864
f 865 941 942
f 865 942 866
f 865 867 943
f 865 943 941
f 866 942 944
f 866 944 868
f 868 944 945
f 868 945 869
f 869 945 946
f 869 946 870
f 870 946 947
f 870 947 871
f 871 947 948
f 871 948 872
f 872 948 949
f 872 949 873
f 873 949 950
f 873 950 874
f 874 950 951
f 874 951 875
f 875 951 952
f 875 952 876
f 876 952 953
f 876 953 877
f 877 953 954
f 877 954 878
f 878 954 955
f 878 955 879
f 879 955 956
f 879 956 880
f 880 956 957
f 880 957 881
f 881 957 958
f 881 958 882
f 882 958 959
f 882 959 883
f 883 959 960
f 883 960 884
f 884 960 961
f 884 961 885
f 885 961 962
f 885 962 886
f 867 887 963
f 867 963 943
f 886 962 964
f 886 964 888
f 887 889 965
f 887 965 963
f 888 964 966
f 888 966 890
f 889 891 967
f 889 967 965
f 890 966 968
f 890 968 892
f 891 893 969
f 891 969 967
f 892 968 970
f 892 970 894
f 893 895 971
f 893 971 969
f 894 970 972
f 894 972 896
f 895 897 973
f 895 973 971
f 896 972 974
f 896 974 898
f 897 899 975
f 897 975 973
f 898 974 976
f 898 976 900
f 899 901 977
f 899 977 975
f 900 976 978
f 900 978 902
f 901 903 979
f 901 979 977
f 902 978 980
f 902 980 904
f 903 905 981
f 903 981 979
f 904 980 982
f 904 982 906
f 905 907 983
f 905 983 981
f 906 982 984
f 906 984 908
f 907 909 985
f 907 985 983
f 908 984 986
f 908 986 910
f 909 911 987
f 909 987 985
f 910 986 988
f 910 988 912
f 911 913 989
f 911 989 987
f 912 988 990
f 912 990 914
f 913 915 991
f 913 991 989
f 914 990 992
f 914 992 916
f 915 917 993
f 915 993 991
f 916 992 994
f 916 994 918
f 917 919 995
f 917 995 993
f 918 994 996
f 918 996 920
f 922 921 997
f 922 997 998
f 919 922 998
f 919 998 995
f 921 923 999
f 921 999 997
f 923 924 1000
f 923 1000 999
f 924 925 1001
f 924 1001 1000
f 925 926 1002
f 925 1002 1001
f 926 927 1003
f 926 1003 1002
f 927 928 1004
f 927 1004 1003
f 928 929 1005
f 928 1005 1004
f 929 930 1006
f 929 1006 1005
f 930 931 1007
f 930 1007 1006
f 931 932 1008
f 931 1008 1007
f 932 933 1009
f 932 1009 1008
f 933 934 1010
f 933 1010 1009
f 934 935 1011
f 934 1011 1010
f 935 936 1012
f 935 1012 1011
f 936 937 1013
f 936 1013 1012
f 937 938 1014
f 937 1014 1013
f 938 939 1015
f 938 1015 1014
f 939 940 1016
f 939 1016 1015
f 920 996 1016
f 920 1016 940
f 941 1017 1018
f 941 1018 942
f 941 943 1019
f 941 1019 1017
f 942 1018 1020
f 942 1020 944
f 944 1020 1021
f 944 1021 945
f 945 1021 1022
f 945 1022 946
f 946 1022 1023
f 946 1023 947
f 947 1023 1024
f 947 1024 948
f 948 1024 1025
f 948 1025 949
f 949 1025 1026
f 949 1026 950
f 950 1026 1027
f 950 1027 951
f 951 1027 1028
f 951 1028 952
f 952 1028 1029
f 952 1029 953
f 953 1029 1030
f 953 1030 954
f 954 1030 1031
f 954 1031 955
f 955 1031 1032
f 955 1032 956
f 956 1032 1033
f 956 1033 957
f 957 1033 1034
f 957 1034 958
f 958 1034 1035
f 958 1035 959
f 959 1035 1036
f 959 1036 960
f 960 1036 1037
f 960 1037 961
f 961 1037 1038
f 961 1038 962
f 943 963 1039
f 943 1039 1019
f 962 1038 1040
f 962 1040 964
f 963 965 1041
f 963 1041 1039
f 964 1040 1042
f 964 1042 966
f 965 967 1043
f 965 1043 1041
f 966 1042 1044
f 966 1044 968
f 967 969 1045
f 967 1045 1043
f 968 1044 1046
f 968 1046 970
f 969 971 1047
f 969 1047 1045
f 970 1046 1048
f 970 1048 972
f 971 973 1049
f 971 1049 1047
f 972 1048 1050
f 972 1050 974
f 973 975 1051
f 973 1051 1049
f 974 1050 1052
f 974 1052 976
f 975 977 1053
f 975 1053 1051
f 976 1052 1054
f 976 1054 978
f 977 979 1055
f 977 1055 1053
f 978 1054 1056
f 978 1056 980
f 979 981 1057
f 979 1057 1055
f 980 1056 1058
f 980 1058 982
f 981 983 1059
f 981 1059 1057
f 982 1058 1060
f 982 1060 984
f 983 985 1061
f 983 1061 1059
f 984 1060 1062
f 984 1062 986
f 985 987 1063
f 985 1063 1061
f 986 1062 1064
f 986 1064 988
f 987 989 1065
f 987 1065 1063
f 988 1064 1066
f 988 1066 990
f 989 991 1067
f 989 1067 1065
f 990 1066 1068
f 990 1068 992
f 991 993 1069
f 991 1069 1067
f 992 1068 1070
f 992 1070 994
f 993 995 1071
f 993 1071 1069
f 994 1070 1072
f 994 1072 996
f 998 997 1073
f 998 1073 1074
f 995 998 1074
f 995 1074 1071
f 997 999 1075
f 997 1075 1073
f 999 1000 1076
f 999 1076 1075
f 1000 1001 1077
f 1000 1077 1076
f 1001 1002 1078
f 1001 1078 1077
f 1002 1003 1079
f 1002 1079 1078
f 1003 1004 1080
f 1003 1080 1079
f 1004 1005 1081
f 1004 1081 1080
f 1005 1006 1082
f 1005 1082 1081
f 1006 1007 1083
f 1006 1083 1082
f 1007 1008 1084
f 1007 1084 1083
f 1008 1009 1085
f 1008 1085 1084
f 1009 1010 1086
f 1009 1086 1085
f 1010 1011 1087
f 1010 1087 1086
f 1011 1012 1088
f 1011 1088 1087
f 1012 1013 1089
f 1012 1089 1088
f 1013 1014 1090
f 1013 1090 1089
f 1014 1015 1091
f 1014 1091 1090
f 1015 1016 1092
f 1015 1092 1091
f 996 1072 1092
f 996 1092 1016
f 1017 1093 1094
f 1017 1094 1018
f 1017 1019 1095
f 1017 1095 1093
f 1018 1094 1096
f 1018 1096 1020
f 1020 1096 1097
f 1020 1097 1021
f 1021 1097 1098
f 1021 1098 1022
f 1022 1098 1099
f 1022 1099 1023
f 1023 1099 1100
f 1023 1100 1024
f 1024 1100 1101
f 1024 1101 1025
f 1025 1101 1102
f 1025 1102 1026
f 1026 1102 1103
f 1026 1103 1027
f 1027 1103 1104
f 1027 1104 1028
f 1028 1104 1105
f 1028 1105 1029
f 1029 1105 1106
f 1029 1106 1030
f 1030 1106 1107
f 1030 1107 1031
f 1031 1107 1108
f 1031 1108 1032
f 1032 1108 1109
f 1032 1109 1033
f 1033 1109 1110
f 1033 1110 1034
f 1034 1110 1111
f 1034 1111 1035
f 1035 1111 1112
f 1035 1112 1036
f 1036 1112 1113
f 1036 1113 1037
f 1037 1113 1114
f 1037 1114 1038
f 1019 1039 1115
f 1019 1115 1095
f 1038 1114 1116
f 1038 1116 1040
f 1039 1041 1117
f 1039 1117 1115
f 1040 1116 1118
f 1040 1118 1042
f 1041 1043 1119
f 1041 1119 1117
f 1042 1118 1120
f 1042 1120 1044
f 1043 1045 1121
f 1043 1121 1119
f 1044 1120 1122
f 1044 1122 1046
f 1045 1047 1123
f 1045 1123 1121
f 1046 1122 1124
f 1046 1124 1048
f 1047 1049 1125
f 1047 1125 1123
f 1048 1124 1126
f 1048 1126 1050
f 1049 1051 1127
f 1049 1127 1125
f 1050 1126 1128
f 1050 1128 1052
f 1051 1053 1129
f 1051 1129 1127
f 1052 1128 1130
f 1052 1130 1054
f 1053 1055 1131
f 1053 1131 1129
f 1054 1130 1132
f 1054 1132 1056
f 1055 1057 1133
f 1055 1133 1131
f 1056 1132 1134
f 1056 1134 1058
f 1057 1059 1135
f 1057 1135 1133
f 1058 1134 1136
f 1058 1136 1060
f 1059 1061 1137
f 1059 1137 1135
f 1060 1136 1138
f 1060 1138 1062
f 1061 1063 1139
f 1061 1139 1137
f 1062 1138 1140
f 1062 1140 1064
f 1063 1065 1141
f 1063 1141 1139
f 1064 1140 1142
f 1064 1142 1066
f 1065 1067 1143
f 1065 1143 1141
f 1066 1142 1144
f 1066 1144 1068
f 1067 1069 1145
f 1067 1145 1143
f 1068 1144 1146
f 1068 1146 1070
f 1069 1071 1147
f 1069 1147 1145
f 1070 1146 1148
f 1070 1148 1072
f 1074 1073 1149
f 1074 1149 1150
f 1071 1074 1150
f 1071 1150 1147
f 1073 1075 1151
f 1073 1151 1149
f 1075 1076 1152
f 1075 1152 1151
f 1076 1077 1153
f 1076 1153 1152
f 1077 1078 1154
f 1077 1154 1153
f 1078 1079 1155
f 1078 1155 1154
f 1079 1080 1156
f 1079 1156 1155
f 1080 1081 1157
f 1080 1157 1156
f 1081 1082 1158
f 1081 1158 1157
f 1082 1083 1159
f 1082 1159 1158
f 1083 1084 1160
f 1083 1160 1159
f 1084 1085 1161
f 1084 1161 1160
f 1085 1086 1162
f 1085 1162 1161
f 1086 1087 1163
f 1086 1163 1162
f 1087 1088 1164
f 1087 1164 1163
f 1088 1089 1165
f 1088 1165 1164
f 1089 1090 1166
f 1089 1166 1165
f 1090 1091 1167
f 1090 1167 1166
f 1091 1092 1168
f 1091 1168 1167
f 1072 1148 1168
f 1072 1168 1092
f 1093 1169 1170
f 1093 1170 1094
f 1093 1095 1171
f 1093 1171 1169
f 1094 1170 1172
f 1094 1172 1096
f 1096 1172 1173
f 1096 1173 1097
f 1097 1173 1174
f 1097 1174 1098
f 1098 1174 1175
f 1098 1175 1099
f 1099 1175 1176
f 1099 1176 1100
f 1100 1176 1177
f 1100 1177 1101
f 1101 1177 1178
f 1101 1178 1102
f 1102 1178 1179
f 1102 1179 1103
f 1103 1179 1180
f 1103 1180 1104
f 1104 1180 1181
f 1104 1181 1105
f 1105 1181 1182
f 1105 1182 1106
f 1106 1182 1183
f 1106 1183 1107
f 1107 1183 1184
f 1107 1184 1108
f 1108 1184 1185
f 1108 1185 1109
f 1109 1185 1186
f 1109 1186 1110
f 1110 1186 1187
f 1110 1187 1111
f 1111 1187 1188
f 1111 1188 1112
f 1112 1188 1189
f 1112 1189 1113
f 1113 1189 1190
f 1113 1190 1114
f 1095 1115 1191
f 1095 1191 1171
f 1114 1190 1192
f 1114 1192 1116
f 1115 1117 1193
f 1115 1193 1191
f 1116 1192 1194
f 1116 1194 1118
f 1117 1119 1195
f 1117 1195 1193
f 1118 1194 1196
f 1118 1196 1120
f 1119 1121 1197
f 1119 1197 1195
f 1120 1196 1198
f 1120 1198 1122
f 1121 1123 1199
f 1121 1199 1197
f 1122 1198 1200
f 1122 1200 1124
f 1123 1125 1201
f 1123 1201 1199
f 1124 1200 1202
f 1124 1202 1126
f 1125 1127 1203
f 1125 1203 1201
f 1126 1202 1204
f 1126 1204 1128
f 1127 1129 1205
f 1127 1205 1203
f 1128 1204 1206
f 1128 1206 1130
f 1129 1131 1207
f 1129 1207 1205
f 1130 1206 1208
f 1130 1208 1132
f 1131 1133 1209
f 1131 1209 1207
f 1132 1208 1210
f 1132 1210 1134
f 1133 1135 1211
f 1133 1211 1209
f 1134 1210 1212
f 1134 1212 1136
f 1135 1137 1213
f 1135 1213 1211
f 1136 1212 1214
f 1136 1214 1138
f 1137 1139 1215
f 1137 1215 1213
f 1138 1214 1216
f 1138 1216 1140
f 1139 1141 1217
f 1139 1217 1215
f 1140 1216 1218
f 1140 1218 1142
f 1141 1143 1219
f 1141 1219 1217
f 1142 1218 1220
f 1142 1220 1144
f 1143 1145 1221
f 1143 1221 1219
f 1144 1220 1222
f 1144 1222 1146
f 1145 1147 1223
f 1145 1223 1221
f 1146 1222 1224
f 1146 1224 1148
f 1150 1149 1225
f 1150 1225 1226
f 1147 1150 1226
f 1147 1226 1223
f 1149 1151 1227
f 1149 1227 1225
f 1151 1152 1228
f 1151 1228 1227
f 1152 1153 1229
f 1152 1229 1228
f 1153 1154 1230
f 1153 1230 1229
f 1154 1155 1231
f 1154 1231 1230
f 1155 1156 1232
f 1155 1232 1231
f 1156 1157 1233
f 1156 1233 1232
f 1157 1158 1234
f 1157 1234 1233
f 1158 1159 1235
f 1158 1235 1234
f 1159 1160 1236
f 1159 1236 1235
f 1160 1161 1237
f 1160 1237 1236
f 1161 1162 1238
f 1161 1238 1237
f 1162 1163 1239
f 1162 1239 1238
f 1163 1164 1240
f 1163 1240 1239
f 1164 1165 1241
f 1164 1241 1240
f 1165 1166 1242
f 1165 1242 1241
f 1166 1167 1243
f 1166 1243 1242
f 1167 1168 1244
f 1167 1244 1243
f 1148 1224 1244
f 1148 1244 1168
f 1245 1246 1247
f 1245 1247 1248
f 1169 1245 1246
f 1169 1246 1170
f 1169 1171 1248
f 1169 1248 1245
f 1246 1249 1250
f 1246 1250 1247
f 1170 1246 1249
f 1170 1249 1172
f 1249 1251 1252
f 1249 1252 1250
f 1172 1249 1251
f 1172 1251 1173
f 1251 1253 1254
f 1251 1254 1252
f 1173 1251 1253
f 1173 1253 1174
f 1253 1255 1256
f 1253 1256 1254
f 1174 1253 1255
f 1174 1255 1175
f 1255 1257 1258
f 1255 1258 1256
f 1175 1255 1257
f 1175 1257 1176
f 1257 1259 1260
f 1257 1260 1258
f 1176 1257 1259
f 1176 1259 1177
f 1259 1261 1262
f 1259 1262 1260
f 1177 1259 1261
f 1177 1261 1178
f 1261 1263 1264
f 1261 1264 1262
f 1178 1261 1263
f 1178 1263 1179
f 1263 1265 1266
f 1263 1266 1264
f 1179 1263 1265
f 1179 1265 1180
f 1265 1267 1268
f 1265 1268 1266
f 1180 1265 1267
f 1180 1267 1181
f 1267 1269 1270
f 1267 1270 1268
f 1181 1267 1269
f 1181 1269 1182
f 1269 1271 1272
f 1269 1272 1270
f 1182 1269 1271
f 1182 1271 1183
f 1271 1273 1274
f 1271 1274 1272
f 1183 1271 1273
f 1183 1273 1184
f 1273 1275 1276
f 1273 1276 1274
f 1184 1273 1275
f 1184 1275 1185
f 1275 1277 1278
f 1275 1278 1276
f 1185 1275 1277
f 1185 1277 1186
f 1277 1279 1280
f 1277 1280 1278
f 1186 1277 1279
f 1186 1279 1187
f 1279 1281 1282
f 1279 1282 1280
f 1187 1279 1281
f 1187 1281 1188
f 1281 1283 1284
f 1281 1284 1282
f 1188 1281 1283
f 1188 1283 1189
f 1189 1283 1284
f 1189 1284 1190
f 1171 1191 1285
f 1171 1285 1248
f 1190 1284 1286
f 1190 1286 1192
f 1191 1193 1287
f 1191 1287 1285
f 1192 1286 1288
f 1192 1288 1194
f 1193 1195 1289
f 1193 1289 1287
f 1194 1288 1290
f 1194 1290 1196
f 1195 1197 1291
f 1195 1291 1289
f 1196 1290 1292
f 1196 1292 1198
f 1197 1199 1293
f 1197 1293 1291
f 1198 1292 1294
f 1198 1294 1200
f 1199 1201 1295
f 1199 1295 1293
f 1200 1294 1296
f 1200 1296 1202
f 1201 1203 1297
f 1201 1297 1295
f 1202 1296 1298
f 1202 1298 1204
f 1203 1205 1299
f 1203 1299 1297
f 1204 1298 1300
f 1204 1300 1206
f 1205 1207 1301
f 1205 1301 1299
f 1206 1300 1302
f 1206 1302 1208
f 1207 1209 1303
f 1207 1303 1301
f 1208 1302 1304
f 1208 1304 1210
f 1209 1211 1305
f 1209 1305 1303
f 1210 1304 1306
f 1210 1306 1212
f 1211 1213 1307
f 1211 1307 1305
f 1212 1306 1308
f 1212 1308 1214
f 1213 1215 1309
f 1213 1309 1307
f 1214 1308 1310
f 1214 1310 1216
f 1215 1217 1311
f 1215 1311 1309
f 1216 1310 1312
f 1216 1312 1218
f 1217 1219 1313
f 1217 1313 1311
f 1218 1312 1314
f 1218 1314 1220
f 1219 1221 1315
f 1219 1315 1313
f 1220 1314 1316
f 1220 1316 1222
f 1221 1223 1317
f 1221 1317 1315
f 1222 1316 1318
f 1222 1318 1224
f 1317 1319 1320
f 1317 1320 1321
f 1226 1225 1320
f 1226 1320 1321
f 1223 1226 1321
f 1223 1321 1317
f 1319 1322 1323
f 1319 1323 1320
f 1225 1227 1323
f 1225 1323 1320
f 1322 1324 1325
f 1322 1325 1323
f 1227 1228 1325
f 1227 1325 1323
f 1324 1326 1327
f 1324 1327 1325
f 1228 1229 1327
f 1228 1327 1325
f 1326 1328 1329
f 1326 1329 1327
f 1229 1230 1329
f 1229 1329 1327
f 1328 1330 1331
f 1328 1331 1329
f 1230 1231 1331
f 1230 1331 1329
f 1330 1332 1333
f 1330 1333 1331
f 1231 1232 1333
f 1231 1333 1331
f 1332 1334 1335
f 1332 1335 1333
f 1232 1233 1335
f 1232 1335 1333
f 1334 1336 1337
f 1334 1337 1335
f 1233 1234 1337
f 1233 1337 1335
f 1336 1338 1339
f 1336 1339 1337
f 1234 1235 1339
f 1234 1339 1337
f 1338 1340 1341
f 1338 1341 1339
f 1235 1236 1341
f 1235 1341 1339
f 1340 1342 1343
f 1340 1343 1341
f 1236 1237 1343
f 1236 1343 1341
f 1342 1344 1345
f 1342 1345 1343
f 1237 1238 1345
f 1237 1345 1343
f 1344 1346 1347
f 1344 1347 1345
f 1238 1239 1347
f 1238 1347 1345
f 1346 1348 1349
f 1346 1349 1347
f 1239 1240 1349
f 1239 1349 1347
f 1348 1350 1351
f 1348 1351 1349
f 1240 1241 1351
f 1240 1351 1349
f 1350 1352 1353
f 1350 1353 1351
f 1241 1242 1353
f 1241 1353 1351
f 1352 1354 1355
f 1352 1355 1353
f 1242 1243 1355
f 1242 1355 1353
f 1354 1318 1356
f 1354 1356 1355
f 1243 1244 1356
f 1243 1356 1355
f 1224 1318 1356
f 1224 1356 1244
f 1248 1357 1358
f 1248 1358 1247
f 1248 1285 1359
f 1248 1359 1357
f 1247 1358 1360
f 1247 1360 1250
f 1250 1360 1361
f 1250 1361 1252
f 1252 1361 1362
f 1252 1362 1254
f 1254 1362 1363
f 1254 1363 1256
f 1256 1363 1364
f 1256 1364 1258
f 1258 1364 1365
f 1258 1365 1260
f 1260 1365 1366
f 1260 1366 1262
f 1262 1366 1367
f 1262 1367 1264
f 1264 1367 1368
f 1264 1368 1266
f 1266 1368 1369
f 1266 1369 1268
f 1268 1369 1370
f 1268 1370 1270
f 1270 1370 1371
f 1270 1371 1272
f 1272 1371 1372
f 1272 1372 1274
f 1274 1372 1373
f 1274 1373 1276
f 1276 1373 1374
f 1276 1374 1278
f 1278 1374 1375
f 1278 1375 1280
f 1280 1375 1376
f 1280 1376 1282
f 1282 1376 1377
f 1282 1377 1284
f 1284 1377 1378
f 1284 1378 1286
f 1285 1287 1379
f 1285 1379 1359
f 1286 1378 1380
f 1286 1380 1288
f 1287 1289 1381
f 1287 1381 1379
f 1288 1380 1382
f 1288 1382 1290
f 1289 1291 1383
f 1289 1383 1381
f 1290 1382 1384
f 1290 1384 1292
f 1291 1293 1385
f 1291 1385 1383
f 1292 1384 1386
f 1292 1386 1294
f 1293 1295 1387
f 1293 1387 1385
f 1294 1386 1388
f 1294 1388 1296
f 1295 1297 1389
f 1295 1389 1387
f 1296 1388 1390
f 1296 1390 1298
f 1297 1299 1391
f 1297 1391 1389
f 1298 1390 1392
f 1298 1392 1300
f 1299 1301 1393
f 1299 1393 1391
f 1300 1392 1394
f 1300 1394 1302
f 1301 1303 1395
f 1301 1395 1393
f 1302 1394 1396
f 1302 1396 1304
f 1303 1305 1397
f 1303 1397 1395
f 1304 1396 1398
f 1304 1398 1306
f 1305 1307 1399
f 1305 1399 1397
f 1306 1398 1400
f 1306 1400 1308
f 1307 1309 1401
f 1307 1401 1399
f 1308 1400 1402
f 1308 1402 1310
f 1309 1311 1403
f 1309 1403 1401
f 1310 1402 1404
f 1310 1404 1312
f 1311 1313 1405
f 1311 1405 1403
f 1312 1404 1406
f 1312 1406 1314
f 1313 1315 1407
f 1313 1407 1405
f 1314 1406 1408
f 1314 1408 1316
f 1317 1319 1409
f 1317 1409 1410
f 1315 1317 1410
f 1315 1410 1407
f 1319 1322 1411
f 1319 1411 1409
f 1322 1324 1412
f 1322 1412 1411
f 1324 1326 1413
f 1324 1413 1412
f 1326 1328 1414
f 1326 1414 1413
f 1328 1330 1415
f 1328 1415 1414
f 1330 1332 1416
f 1330 1416 1415
f 1332 1334 1417
f 1332 1417 1416
f 1334 1336 1418
f 1334 1418 1417
f 1336 1338 1419
f 1336 1419 1418
f 1338 1340 1420
f 1338 1420 1419
f 1340 1342 1421
f 1340 1421 1420
f 1342 1344 1422
f 1342 1422 1421
f 1344 1346 1423
f 1344 1423 1422
f 1346 1348 1424
f 1346 1424 1423
f 1348 1350 1425
f 1348 1425 1424
f 1350 1352 1426
f 1350 1426 1425
f 1352 1354 1427
f 1352 1427 1426
f 1354 1318 1428
f 1354 1428 1427
f 1316 1408 1428
f 1316 1428 1318
f 1429 1430 1431
f 1429 1431 1432
f 1357 1429 1430
f 1357 1430 1358
f 1357 1359 1432
f 1357 1432 1429
f 1430 1433 1434
f 1430 1434 1431
f 1358 1430 1433
f 1358 1433 1360
f 1433 1435 1436
f 1433 1436 1434
f 1360 1433 1435
f 1360 1435 1361
f 1435 1437 1438
f 1435 1438 1436
f 1361 1435 1437
f 1361 1437 1362
f 1437 1439 1440
f 1437 1440 1438
f 1362 1437 1439
f 1362 1439 1363
f 1439 1441 1442
f 1439 1442 1440
f 1363 1439 1441
f 1363 1441 1364
f 1441 1443 1444
f 1441 1444 1442
f 1364 1441 1443
f 1364 1443 1365
f 1443 1445 1446
f 1443 1446 1444
f 1365 1443 1445
f 1365 1445 1366
f 1445 1447 1448
f 1445 1448 1446
f 1366 1445 1447
f 1366 1447 1367
f 1447 1449 1450
f 1447 1450 1448
f 1367 1447 1449
f 1367 1449 1368
f 1449 1451 1452
f 1449 1452 1450
f 1368 1449 1451
f 1368 1451 1369
f 1451 1453 1454
f 1451 1454 1452
f 1369 1451 1453
f 1369 1453 1370
f 1453 1455 1456
f 1453 1456 1454
f 1370 1453 1455
f 1370 1455 1371
f 1455 1457 1458
f 1455 1458 1456
f 1371 1455 1457
f 1371 1457 1372
f 1457 1459 1460
f 1457 1460 1458
f 1372 1457 1459
f 1372 1459 1373
f 1459 1461 1462
f 1459 1462 1460
f 1373 1459 1461
f 1373 1461 1374
f 1461 1463 1464
f 1461 1464 1462
f 1374 1461 1463
f 1374 1463 1375
f 1463 1465 1466
f 1463 1466 1464
f 1375 1463 1465
f 1375 1465 1376
f 1465 1467 1468
f 1465 1468 1466
f 1376 1465 1467
f 1376 1467 1377
f 1377 1467 1468
f 1377 1468 1378
f 1359 1379 1469
f 1359 1469 1432
f 1378 1468 1470
f 1378 1470 1380
f 1379 1381 1471
f 1379 1471 1469
f 1380 1470 1472
f 1380 1472 1382
f 1381 1383 1473
f 1381 1473 1471
f 1382 1472 1474
f 1382 1474 1384
f 1383 1385 1475
f 1383 1475 1473
f 1384 1474 1476
f 1384 1476 1386
f 1385 1387 1477
f 1385 1477 1475
f 1386 1476 1478
f 1386 1478 1388
f 1387 1389 1479
f 1387 1479 1477
f 1388 1478 1480
f 1388 1480 1390
f 1389 1391 1481
f 1389 1481 1479
f 1390 1480 1482
f 1390 1482 1392
f 1391 1393 1483
f 1391 1483 1481
f 1392 1482 1484
f 1392 1484 1394
f 1393 1395 1485
f 1393 1485 1483
f 1394 1484 1486
f 1394 1486 1396
f 1395 1397 1487
f 1395 1487 1485
f 1396 1486 1488
f 1396 1488 1398
f 1397 1399 1489
f 1397 1489 1487
f 1398 1488 1490
f 1398 1490 1400
f 1399 1401 1491
f 1399 1491 1489
f 1400 1490 1492
f 1400 1492 1402
f 1401 1403 1493
f 1401 1493 1491
f 1402 1492 1494
f 1402 1494 1404
f 1403 1405 1495
f 1403 1495 1493
f 1404 1494 1496
f 1404 1496 1406
f 1405 1407 1497
f 1405 1497 1495
f 1406 1496 1498
f 1406 1498 1408
f 1497 1499 1500
f 1497 1500 1501
f 1410 1409 1500
f 1410 1500 1501
f 1407 1410 1501
f 1407 1501 1497
f 1499 1502 1503
f 1499 1503 1500
f 1409 1411 1503
f 1409 1503 1500
f 1502 1504 1505
f 1502 1505 1503
f 1411 1412 1505
f 1411 1505 1503
f 1504 1506 1507
f 1504 1507 1505
f 1412 1413 1507
f 1412 1507 1505
f 1506 1508 1509
f 1506 1509 1507
f 1413 1414 1509
f 1413 1509 1507
f 1508 1510 1511
f 1508 1511 1509
f 1414 1415 1511
f 1414 1511 1509
f 1510 1512 1513
f 1510 1513 1511
f 1415 1416 1513
f 1415 1513 1511
f 1512 1514 1515
f 1512 1515 1513
f 1416 1417 1515
f 1416 1515 1513
f 1514 1516 1517
f 1514 1517 1515
f 1417 1418 1517
f 1417 1517 1515
f 1516 1518 1519
f 1516 1519 1517
f 1418 1419 1519
f 1418 1519 1517
f 1518 1520 1521
f 1518 1521 1519
f 1419 1420 1521
f 1419 1521 1519
f 1520 1522 1523
f 1520 1523 1521
f 1420 1421 1523
f 1420 1523 1521
f 1522 1524 1525
f 1522 1525 1523
f 1421 1422 1525
f 1421 1525 1523
f 1524 1526 1527
f 1524 1527 1525
f 1422 1423 1527
f 1422 1527 1525
f 1526 1528 1529
f 1526 1529 1527
f 1423 1424 1529
f 1423 1529 1527
f 1528 1530 1531
f 1528 1531 1529
f 1424 1425 1531
f 1424 1531 1529
f 1530 1532 1533
f 1530 1533 1531
f 1425 1426 1533
f 1425 1533 1531
f 1532 1534 1535
f 1532 1535 1533
f 1426 1427 1535
f 1426 1535 1533
f 1534 1498 1536
f 1534 1536 1535
f 1427 1428 1536
f 1427 1536 1535
f 1408 1498 1536
f 1408 1536 1428
f 1537 1538 1539
f 1537 1539 1540
f 1432 1537 1538
f 1432 1538 1431
f 1432 1469 1540
f 1432 1540 1537
f 1538 1541 1542
f 1538 1542 1539
f 1431 1538 1541
f 1431 1541 1434
f 1541 1543 1544
f 1541 1544 1542
f 1434 1541 1543
f 1434 1543 1436
f 1543 1545 1546
f 1543 1546 1544
f 1436 1543 1545
f 1436 1545 1438
f 1545 1547 1548
f 1545 1548 1546
f 1438 1545 1547
f 1438 1547 1440
f 1547 1549 1550
f 1547 1550 1548
f 1440 1547 1549
f 1440 1549 1442
f 1549 1551 1552
f 1549 1552 1550
f 1442 1549 1551
f 1442 1551 1444
f 1551 1553 1554
f 1551 1554 1552
f 1444 1551 1553
f 1444 1553 1446
f 1553 1555 1556
f 1553 1556 1554
f 1446 1553 1555
f 1446 1555 1448
f 1555 1557 1558
f 1555 1558 1556
f 1448 1555 1557
f 1448 1557 1450
f 1557 1559 1560
f 1557 1560 1558
f 1450 1557 1559
f 1450 1559 1452
f 1559 1561 1562
f 1559 1562 1560
f 1452 1559 1561
f 1452 1561 1454
f 1561 1563 1564
f 1561 1564 1562
f 1454 1561 1563
f 1454 1563 1456
f 1563 1565 1566
f 1563 1566 1564
f 1456 1563 1565
f 1456 1565 1458
f 1565 1567 1568
f 1565 1568 1566
f 1458 1565 1567
f 1458 1567 1460
f 1567 1569 1570
f 1567 1570 1568
f 1460 1567 1569
f 1460 1569 1462
f 1569 1571 1572
f 1569 1572 1570
f 1462 1569 1571
f 1462 1571 1464
f 1571 1573 1574
f 1571 1574 1572
f 1464 1571 1573
f 1464 1573 1466
f 1573 1575 1576
f 1573 1576 1574
f 1466 1573 1575
f 1466 1575 1468
f 1468 1575 1576
f 1468 1576 1470
f 1469 1471 1577
f 1469 1577 1540
f 1470 1576 1578
f 1470 1578 1472
f 1471 1473 1579
f 1471 1579 1577
f 1472 1578 1580
f 1472 1580 1474
f 1473 1475 1581
f 1473 1581 1579
f 1474 1580 1582
f 1474 1582 1476
f 1475 1477 1583
f 1475 1583 1581
f 1476 1582 1584
f 1476 1584 1478
f 1477 1479 1585
f 1477 1585 1583
f 1478 1584 1586
f 1478 1586 1480
f 1479 1481 1587
f 1479 1587 1585
f 1480 1586 1588
f 1480 1588 1482
f 1481 1483 1589
f 1481 1589 1587
f 1482 1588 1590
f 1482 1590 1484
f 1483 1485 1591
f 1483 1591 1589
f 1484 1590 1592
f 1484 1592 1486
f 1485 1487 1593
f 1485 1593 1591
f 1486 1592 1594
f 1486 1594 1488
f 1487 1489 1595
f 1487 1595 1593
f 1488 1594 1596
f 1488 1596 1490
f 1489 1491 1597
f 1489 1597 1595
f 1490 1596 1598
f 1490 1598 1492
f 1491 1493 1599
f 1491 1599 1597
f 1492 1598 1600
f 1492 1600 1494
f 1493 1495 1601
f 1493 1601 1599
f 1494 1600 1602
f 1494 1602 1496
f 1601 1603 1604
f 1601 1604 1605
f 1497 1499 1604
f 1497 1604 1605
f 1495 1497 1605
f 1495 1605 1601
f 1603 1606 1607
f 1603 1607 1604
f 1499 1502 1607
f 1499 1607 1604
f 1606 1608 1609
f 1606 1609 1607
f 1502 1504 1609
f 1502 1609 1607
f 1608 1610 1611
f 1608 1611 1609
f 1504 1506 1611
f 1504 1611 1609
f 1610 1612 1613
f 1610 1613 1611
f 1506 1508 1613
f 1506 1613 1611
f 1612 1614 1615
f 1612 1615 1613
f 1508 1510 1615
f 1508 1615 1613
f 1614 1616 1617
f 1614 1617 1615
f 1510 1512 1617
f 1510 1617 1615
f 1616 1618 1619
f 1616 1619 1617
f 1512 1514 1619
f 1512 1619 1617
f 1618 1620 1621
f 1618 1621 1619
f 1514 1516 1621
f 1514 1621 1619
f 1620 1622 1623
f 1620 1623 1621
f 1516 1518 1623
f 1516 1623 1621
f 1622 1624 1625
f 1622 1625 1623
f 1518 1520 1625
f 1518 1625 1623
f 1624 1626 1627
f 1624 1627 1625
f 1520 1522 1627
f 1520 1627 1625
f 1626 1628 1629
f 1626 1629 1627
f 1522 1524 1629
f 1522 1629 1627
f 1628 1630 1631
f 1628 1631 1629
f 1524 1526 1631
f 1524 1631 1629
f 1630 1632 1633
f 1630 1633 1631
f 1526 1528 1633
f 1526 1633 1631
f 1632 1634 1635
f 1632 1635 1633
f 1528 1530 1635
f 1528 1635 1633
f 1634 1636 1637
f 1634 1637 1635
f 1530 1532 1637
f 1530 1637 1635
f 1636 1638 1639
f 1636 1639 1637
f 1532 1534 1639
f 1532 1639 1637
f 1638 1602 1640
f 1638 1640 1639
f 1534 1498 1640
f 1534 1640 1639
f 1496 1602 1640
f 1496 1640 1498
f 1641 1642 1643
f 1641 1643 1644
f 1540 1641 1642
f 1540 1642 1539
f 1540 1577 1644
f 1540 1644 1641
f 1642 1645 1646
f 1642 1646 1643
f 1539 1642 1645
f 1539 1645 1542
f 1645 1647 1648
f 1645 1648 1646
f 1542 1645 1647
f 1542 1647 1544
f 1647 1649 1650
f 1647 1650 1648
f 1544 1647 1649
f 1544 1649 1546
f 1649 1651 1652
f 1649 1652 1650
f 1546 1649 1651
f 1546 1651 1548
f 1651 1653 1654
f 1651 1654 1652
f 1548 1651 1653
f 1548 1653 1550
f 1653 1655 1656
f 1653 1656 1654
f 1550 1653 1655
f 1550 1655 1552
f 1655 1657 1658
f 1655 1658 1656
f 1552 1655 1657
f 1552 1657 1554
f 1657 1659 1660
f 1657 1660 1658
f 1554 1657 1659
f 1554 1659 1556
f 1659 1661 1662
f 1659 1662 1660
f 1556 1659 1661
f 1556 1661 1558
f 1661 1663 1664
f 1661 1664 1662
f 1558 1661 1663
f 1558 1663 1560
f 1663 1665 1666
f 1663 1666 1664
f 1560 1663 1665
f 1560 1665 1562
f 1665 1667 1668
f 1665 1668 1666
f 1562 1665 1667
f 1562 1667 1564
f 1667 1669 1670
f 1667 1670 1668
f 1564 1667 1669
f 1564 1669 1566
f 1669 1671 1672
f 1669 1672 1670
f 1566 1669 1671
f 1566 1671 1568
f 1671 1673 1674
f 1671 1674 1672
f 1568 1671 1673
f 1568 1673 1570
f 1673 1675 1676
f 1673 1676 1674
f 1570 1673 1675
f 1570 1675 1572
f 1675 1677 1678
f 1675 1678 1676
f 1572 1675 1677
f 1572 1677 1574
f 1677 1679 1680
f 1677 1680 1678
f 1574 1677 1679
f 1574 1679 1576
f 1576 1679 1680
f 1576 1680 1578
f 1577 1579 1681
f 1577 1681 1644
f 1578 1680 1682
f 1578 1682 1580
f 1579 1581 1683
f 1579 1683 1681
f 1580 1682 1684
f 1580 1684 1582
f 1581 1583 1685
f 1581 1685 1683
f 1582 1684 1686
f 1582 1686 1584
f 1583 1585 1687
f 1583 1687 1685
f 1584 1686 1688
f 1584 1688 1586
f 1585 1587 1689
f 1585 1689 1687
f 1586 1688 1690
f 1586 1690 1588
f 1587 1589 1691
f 1587 1691 1689
f 1588 1690 1692
f 1588 1692 1590
f 1589 1591 1693
f 1589 1693 1691
f 1590 1692 1694
f 1590 1694 1592
f 1591 1593 1695
f 1591 1695 1693
f 1592 1694 1696
f 1592 1696 1594
f 1593 1595 1697
f 1593 1697 1695
f 1594 1696 1698
f 1594 1698 1596
f 1595 1597 1699
f 1595 1699 1697
f 1596 1698 1700
f 1596 1700 1598
f 1597 1599 1701
f 1597 1701 1699
f 1598 1700 1702
f 1598 1702 1600
f 1701 1703 1704
f 1701 1704 1705
f 1601 1603 1704
f 1601 1704 1705
f 1599 1601 1705
f 1599 1705 1701
f 1703 1706 1707
f 1703 1707 1704
f 1603 1606 1707
f 1603 1707 1704
f 1706 1708 1709
f 1706 1709 1707
f 1606 1608 1709
f 1606 1709 1707
f 1708 1710 1711
f 1708 1711 1709
f 1608 1610 1711
f 1608 1711 1709
f 1710 1712 1713
f 1710 1713 1711
f 1610 1612 1713
f 1610 1713 1711
f 1712 1714 1715
f 1712 1715 1713
f 1612 1614 1715
f 1612 1715 1713
f 1714 1716 1717
f 1714 1717 1715
f 1614 1616 1717
f 1614 1717 1715
f 1716 1718 1719
f 1716 1719 1717
f 1616 1618 1719
f 1616 1719 1717
f 1718 1720 1721
f 1718 1721 1719
f 1618 1620 1721
f 1618 1721 1719
f 1720 1722 1723
f 1720 1723 1721
f 1620 1622 1723
f 1620 1723 1721
f 1722 1724 1725
f 1722 1725 1723
f 1622 1624 1725
f 1622 1725 1723
f 1724 1726 1727
f 1724 1727 1725
f 1624 1626 1727
f 1624 1727 1725
f 1726 1728 1729
f 1726 1729 1727
f 1626 1628 1729
f 1626 1729 1727
f 1728 1730 1731
f 1728 1731 1729
f 1628 1630 1731
f 1628 1731 1729
f 1730 1732 1733
f 1730 1733 1731
f 1630 1632 1733
f 1630 1733 1731
f 1732 1734 1735
f 1732 1735 1733
f 1632 1634 1735
f 1632 1735 1733
f 1734 1736 1737
f 1734 1737 1735
f 1634 1636 1737
f 1634 1737 1735
f 1736 1738 1739
f 1736 1739 1737
f 1636 1638 1739
f 1636 1739 1737
f 1738 1702 1740
f 1738 1740 1739
f 1638 1602 1740
f 1638 1740 1739
f 1600 1702 1740
f 1600 1740 1602
f 1741 1742 1743
f 1741 1743 1744
f 1644 1741 1742
f 1644 1742 1643
f 1644 1681 1744
f 1644 1744 1741
f 1742 1745 1746
f 1742 1746 1743
f 1643 1742 1745
f 1643 1745 1646
f 1745 1747 1748
f 1745 1748 1746
f 1646 1745 1747
f 1646 1747 1648
f 1747 1749 1750
f 1747 1750 1748
f 1648 1747 1749
f 1648 1749 1650
f 1749 1751 1752
f 1749 1752 1750
f 1650 1749 1751
f 1650 1751 1652
f 1751 1753 1754
f 1751 1754 1752
f 1652 1751 1753
f 1652 1753 1654
f 1753 1755 1756
f 1753 1756 1754
f 1654 1753 1755
f 1654 1755 1656
f 1755 1757 1758
f 1755 1758 1756
f 1656 1755 1757
f 1656 1757 1658
f 1757 1759 1760
f 1757 1760 1758
f 1658 1757 1759
f 1658 1759 1660
f 1759 1761 1762
f 1759 1762 1760
f 1660 1759 1761
f 1660 1761 1662
f 1761 1763 1764
f 1761 1764 1762
f 1662 1761 1763
f 1662 1763 1664
f 1763 1765 1766
f 1763 1766 1764
f 1664 1763 1765
f 1664 1765 1666
f 1765 1767 1768
f 1765 1768 1766
f 1666 1765 1767
f 1666 1767 1668
f 1767 1769 1770
f 1767 1770 1768
f 1668 1767 1769
f 1668 1769 1670
f 1769 1771 1772
f 1769 1772 1770
f 1670 1769 1771
f 1670 1771 1672
f 1771 1773 1774
f 1771 1774 1772
f 1672 1771 1773
f 1672 1773 1674
f 1773 1775 1776
f 1773 1776 1774
f 1674 1773 1775
f 1674 1775 1676
f 1775 1777 1778
f 1775 1778 1776
f 1676 1775 1777
f 1676 1777 1678
f 1777 1779 1780
f 1777 1780 1778
f 1678 1777 1779
f 1678 1779 1680
f 1680 1779 1780
f 1680 1780 1682
f 1744 1743 1781
f 1744 1781 1782
f 1681 1683 1782
f 1681 1782 1744
f 1743 1746 1783
f 1743 1783 1781
f 1746 1748 1784
f 1746 1784 1783
f 1748 1750 1785
f 1748 1785 1784
f 1750 1752 1786
f 1750 1786 1785
f 1752 1754 1787
f 1752 1787 1786
f 1754 1756 1788
f 1754 1788 1787
f 1756 1758 1789
f 1756 1789 1788
f 1758 1760 1790
f 1758 1790 1789
f 1760 1762 1791
f 1760 1791 1790
f 1762 1764 1792
f 1762 1792 1791
f 1764 1766 1793
f 1764 1793 1792
f 1766 1768 1794
f 1766 1794 1793
f 1768 1770 1795
f 1768 1795 1794
f 1770 1772 1796
f 1770 1796 1795
f 1772 1774 1797
f 1772 1797 1796
f 1774 1776 1798
f 1774 1798 1797
f 1776 1778 1799
f 1776 1799 1798
f 1778 1780 1800
f 1778 1800 1799
f 1682 1780 1800
f 1682 1800 1684
f 1683 1685 1801
f 1683 1801 1782
f 1684 1800 1802
f 1684 1802 1686
f 1685 1687 1803
f 1685 1803 1801
f 1686 1802 1804
f 1686 1804 1688
f 1687 1689 1805
f 1687 1805 1803
f 1688 1804 1806
f 1688 1806 1690
f 1689 1691 1807
f 1689 1807 1805
f 1690 1806 1808
f 1690 1808 1692
f 1691 1693 1809
f 1691 1809 1807
f 1692 1808 1810
f 1692 1810 1694
f 1693 1695 1811
f 1693 1811 1809
f 1694 1810 1812
f 1694 1812 1696
f 1695 1697 1813
f 1695 1813 1811
f 1696 1812 1814
f 1696 1814 1698
f 1813 1815 1816
f 1813 1816 1817
f 1697 1699 1817
f 1697 1817 1813
f 1815 1818 1819
f 1815 1819 1816
f 1818 1820 1821
f 1818 1821 1819
f 1820 1822 1823
f 1820 1823 1821
f 1822 1824 1825
f 1822 1825 1823
f 1824 1826 1827
f 1824 1827 1825
f 1826 1828 1829
f 1826 1829 1827
f 1828 1830 1831
f 1828 1831 1829
f 1830 1832 1833
f 1830 1833 1831
f 1832 1834 1835
f 1832 1835 1833
f 1834 1836 1837
f 1834 1837 1835
f 1836 1838 1839
f 1836 1839 1837
f 1838 1840 1841
f 1838 1841 1839
f 1840 1842 1843
f 1840 1843 1841
f 1842 1844 1845
f 1842 1845 1843
f 1844 1846 1847
f 1844 1847 1845
f 1846 1848 1849
f 1846 1849 1847
f 1848 1850 1851
f 1848 1851 1849
f 1850 1814 1852
f 1850 1852 1851
f 1698 1814 1852
f 1698 1852 1700
f 1817 1816 1853
f 1817 1853 1854
f 1701 1703 1853
f 1701 1853 1854
f 1699 1701 1854
f 1699 1854 1817
f 1816 1819 1855
f 1816 1855 1853
f 1703 1706 1855
f 1703 1855 1853
f 1819 1821 1856
f 1819 1856 1855
f 1706 1708 1856
f 1706 1856 1855
f 1821 1823 1857
f 1821 1857 1856
f 1708 1710 1857
f 1708 1857 1856
f 1823 1825 1858
f 1823 1858 1857
f 1710 1712 1858
f 1710 1858 1857
f 1825 1827 1859
f 1825 1859 1858
f 1712 1714 1859
f 1712 1859 1858
f 1827 1829 1860
f 1827 1860 1859
f 1714 1716 1860
f 1714 1860 1859
f 1829 1831 1861
f 1829 1861 1860
f 1716 1718 1861
f 1716 1861 1860
f 1831 1833 1862
f 1831 1862 1861
f 1718 1720 1862
f 1718 1862 1861
f 1833 1835 1863
f 1833 1863 1862
f 1720 1722 1863
f 1720 1863 1862
f 1835 1837 1864
f 1835 1864 1863
f 1722 1724 1864
f 1722 1864 1863
f 1837 1839 1865
f 1837 1865 1864
f 1724 1726 1865
f 1724 1865 1864
f 1839 1841 1866
f 1839 1866 1865
f 1726 1728 1866
f 1726 1866 1865
f 1841 1843 1867
f 1841 1867 1866
f 1728 1730 1867
f 1728 1867 1866
f 1843 1845 1868
f 1843 1868 1867
f 1730 1732 1868
f 1730 1868 1867
f 1845 1847 1869
f 1845 1869 1868
f 1732 1734 1869
f 1732 1869 1868
f 1847 1849 1870
f 1847 1870 1869
f 1734 1736 1870
f 1734 1870 1869
f 1849 1851 1871
f 1849 1871 1870
f 1736 1738 1871
f 1736 1871 1870
f 1851 1852 1872
f 1851 1872 1871
f 1738 1702 1872
f 1738 1872 1871
f 1700 1852 1872
f 1700 1872 1702
f 1873 1874 1875
f 1873 1875 1876
f 1782 1873 1874
f 1782 1874 1781
f 1782 1801 1876
f 1782 1876 1873
f 1874 1877 1878
f 1874 1878 1875
f 1781 1874 1877
f 1781 1877 1783
f 1877 1879 1880
f 1877 1880 1878
f 1783 1877 1879
f 1783 1879 1784
f 1879 1881 1882
f 1879 1882 1880
f 1784 1879 1881
f 1784 1881 1785
f 1881 1883 1884
f 1881 1884 1882
f 1785 1881 1883
f 1785 1883 1786
f 1883 1885 1886
f 1883 1886 1884
f 1786 1883 1885
f 1786 1885 1787
f 1885 1887 1888
f 1885 1888 1886
f 1787 1885 1887
f 1787 1887 1788
f 1887 1889 1890
f 1887 1890 1888
f 1788 1887 1889
f 1788 1889 1789
f 1889 1891 1892
f 1889 1892 1890
f 1789 1889 1891
f 1789 1891 1790
f 1891 1893 1894
f 1891 1894 1892
f 1790 1891 1893
f 1790 1893 1791
f 1893 1895 1896
f 1893 1896 1894
f 1791 1893 1895
f 1791 1895 1792
f 1895 1897 1898
f 1895 1898 1896
f 1792 1895 1897
f 1792 1897 1793
f 1897 1899 1900
f 1897 1900 1898
f 1793 1897 1899
f 1793 1899 1794
f 1899 1901 1902
f 1899 1902 1900
f 1794 1899 1901
f 1794 1901 1795
f 1901 1903 1904
f 1901 1904 1902
f 1795 1901 1903
f 1795 1903 1796
f 1903 1905 1906
f 1903 1906 1904
f 1796 1903 1905
f 1796 1905 1797
f 1905 1907 1908
f 1905 1908 1906
f 1797 1905 1907
f 1797 1907 1798
f 1907 1909 1910
f 1907 1910 1908
f 1798 1907 1909
f 1798 1909 1799
f 1909 1911 1912
f 1909 1912 1910
f 1799 1909 1911
f 1799 1911 1800
f 1800 1911 1912
f 1800 1912 1802
f 1876 1875 1913
f 1876 1913 1914
f 1801 1803 1914
f 1801 1914 1876
f 1875 1878 1915
f 1875 1915 1913
f 1878 1880 1916
f 1878 1916 1915
f 1880 1882 1917
f 1880 1917 1916
f 1882 1884 1918
f 1882 1918 1917
f 1884 1886 1919
f 1884 1919 1918
f 1886 1888 1920
f 1886 1920 1919
f 1888 1890 1921
f 1888 1921 1920
f 1890 1892 1922
f 1890 1922 1921
f 1892 1894 1923
f 1892 1923 1922
f 1894 1896 1924
f 1894 1924 1923
f 1896 1898 1925
f 1896 1925 1924
f 1898 1900 1926
f 1898 1926 1925
f 1900 1902 1927
f 1900 1927 1926
f 1902 1904 1928
f 1902 1928 1927
f 1904 1906 1929
f 1904 1929 1928
f 1906 1908 1930
f 1906 1930 1929
f 1908 1910 1931
f 1908 1931 1930
f 1910 1912 1932
f 1910 1932 1931
f 1802 1912 1932
f 1802 1932 1804
f 1914 1913 1933
f 1914 1933 1934
f 1803 1805 1934
f 1803 1934 1914
f 1913 1915 1935
f 1913 1935 1933
f 1915 1916 1936
f 1915 1936 1935
f 1916 1917 1937
f 1916 1937 1936
f 1917 1918 1938
f 1917 1938 1937
f 1918 1919 1939
f 1918 1939 1938
f 1919 1920 1940
f 1919 1940 1939
f 1920 1921 1941
f 1920 1941 1940
f 1921 1922 1942
f 1921 1942 1941
f 1922 1923 1943
f 1922 1943 1942
f 1923 1924 1944
f 1923 1944 1943
f 1924 1925 1945
f 1924 1945 1944
f 1925 1926 1946
f 1925 1946 1945
f 1926 1927 1947
f 1926 1947 1946
f 1927 1928 1948
f 1927 1948 1947
f 1928 1929 1949
f 1928 1949 1948
f 1929 1930 1950
f 1929 1950 1949
f 1930 1931 1951
f 1930 1951 1950
f 1931 1932 1952
f 1931 1952 1951
f 1804 1932 1952
f 1804 1952 1806
f 1934 1933 1953
f 1934 1953 1954
f 1805 1807 1954
f 1805 1954 1934
f 1933 1935 1955
f 1933 1955 1953
f 1935 1936 1956
f 1935 1956 1955
f 1936 1937 1957
f 1936 1957 1956
f 1937 1938 1958
f 1937 1958 1957
f 1938 1939 1959
f 1938 1959 1958
f 1939 1940 1960
f 1939 1960 1959
f 1940 1941 1961
f 1940 1961 1960
f 1941 1942 1962
f 1941 1962 1961
f 1942 1943 1963
f 1942 1963 1962
f 1943 1944 1964
f 1943 1964 1963
f 1944 1945 1965
f 1944 1965 1964
f 1945 1946 1966
f 1945 1966 1965
f 1946 1947 1967
f 1946 1967 1966
f 1947 1948 1968
f 1947 1968 1967
f 1948 1949 1969
f 1948 1969 1968
f 1949 1950 1970
f 1949 1970 1969
f 1950 1951 1971
f 1950 1971 1970
f 1951 1952 1972
f 1951 1972 1971
f 1806 1952 1972
f 1806 1972 1808
f 1954 1953 1973
f 1954 1973 1974
f 1807 1809 1974
f 1807 1974 1954
f 1953 1955 1975
f 1953 1975 1973
f 1955 1956 1976
f 1955 1976 1975
f 1956 1957 1977
f 1956 1977 1976
f 1957 1958 1978
f 1957 1978 1977
f 1958 1959 1979
f 1958 1979 1978
f 1959 1960 1980
f 1959 1980 1979
f 1960 1961 1981
f 1960 1981 1980
f 1961 1962 1982
f 1961 1982 1981
f 1962 1963 1983
f 1962 1983 1982
f 1963 1964 1984
f 1963 1984 1983
f 1964 1965 1985
f 1964 1985 1984
f 1965 1966 1986
f 1965 1986 1985
f 1966 1967 1987
f 1966 1987 1986
f 1967 1968 1988
f 1967 1988 1987
f 1968 1969 1989
f 1968 1989 1988
f 1969 1970 1990
f 1969 1990 1989
f 1970 1971 1991
f 1970 1991 1990
f 1971 1972 1992
f 1971 1992 1991
f 1808 1972 1992
f 1808 1992 1810
f 1974 1973 1993
f 1974 1993 1994
f 1809 1811 1994
f 1809 1994 1974
f 1973 1975 1995
f 1973 1995 1993
f 1975 1976 1996
f 1975 1996 1995
f 1976 1977 1997
f 1976 1997 1996
f 1977 1978 1998
f 1977 1998 1997
f 1978 1979 1999
f 1978 1999 1998
f 1979 1980 2000
f 1979 2000 1999
f 1980 1981 2001
f 1980 2001 2000
f 1981 1982 2002
f 1981 2002 2001
f 1982 1983 2003
f 1982 2003 2002
f 1983 1984 2004
f 1983 2004 2003
f 1984 1985 2005
f 1984 2005 2004
f 1985 1986 2006
f 1985 2006 2005
f 1986 1987 2007
f 1986 2007 2006
f 1987 1988 2008
f 1987 2008 2007
f 1988 1989 2009
f 1988 2009 2008
f 1989 1990 2010
f 1989 2010 2009
f 1990 1991 2011
f 1990 2011 2010
f 1991 1992 2012
f 1991 2012 2011
f 1810 1992 2012
f 1810 2012 1812
f 1994 1993 2013
f 1994 2013 2014
f 1813 1815 2013
f 1813 2013 2014
f 1811 1813 2014
f 1811 2014 1994
f 1993 1995 2015
f 1993 2015 2013
f 1815 1818 2015
f 1815 2015 2013
f 1995 1996 2016
f 1995 2016 2015
f 1818 1820 2016
f 1818 2016 2015
f 1996 1997 2017
f 1996 2017 2016
f 1820 1822 2017
f 1820 2017 2016
f 1997 1998 2018
f 1997 2018 2017
f 1822 1824 2018
f 1822 2018 2017
f 1998 1999 2019
f 1998 2019 2018
f 1824 1826 2019
f 1824 2019 2018
f 1999 2000 2020
f 1999 2020 2019
f 1826 1828 2020
f 1826 2020 2019
f 2000 2001 2021
f 2000 2021 2020
f 1828 1830 2021
f 1828 2021 2020
f 2001 2002 2022
f 2001 2022 2021
f 1830 1832 2022
f 1830 2022 2021
f 2002 2003 2023
f 2002 2023 2022
f 1832 1834 2023
f 1832 2023 2022
f 2003 2004 2024
f 2003 2024 2023
f 1834 1836 2024
f 1834 2024 2023
f 2004 2005 2025
f 2004 2025 2024
f 1836 1838 2025
f 1836 2025 2024
f 2005 2006 2026
f 2005 2026 2025
f 1838 1840 2026
f 1838 2026 2025
f 2006 2007 2027
f 2006 2027 2026
f 1840 1842 2027
f 1840 2027 2026
f 2007 2008 2028
f 2007 2028 2027
f 1842 1844 2028
f 1842 2028 2027
f 2008 2009 2029
f 2008 2029 2028
f 1844 1846 2029
f 1844 2029 2028
f 2009 2010 2030
f 2009 2030 2029
f 1846 1848 2030
f 1846 2030 2029
f 2010 2011 2031
f 2010 2031 2030
f 1848 1850 2031
f 1848 2031 2030
f 2011 2012 2032
f 2011 2032 2031
f 1850 1814 2032
f 1850 2032 2031
f 1812 2012 2032
f 1812 2032 1814
