o [4B] 3D Diagram - S2-03 Group B_120
v -36.826842 2.000000 -600.141769
v -36.101562 2.000000 -587.727847
v -35.376283 2.000000 -575.445432
v -34.651003 2.000000 -563.294525
v -33.925723 2.000000 -551.275126
v -33.200444 2.000000 -539.387234
v -32.475164 2.000000 -527.630850
v -31.749885 2.000000 -516.005973
v -31.024605 2.000000 -504.512604
v -30.299325 2.000000 -493.150743
v -29.574046 2.000000 -481.920389
v -28.848766 2.000000 -470.821543
v -28.123487 2.000000 -459.854205
v -27.398207 2.000000 -449.018374
v -26.672927 2.000000 -438.314051
v -25.947648 2.000000 -427.741235
v -25.222368 2.000000 -417.299927
v -24.497089 2.000000 -406.990127
v -23.771809 2.000000 -396.811834
v -23.046529 2.000000 -386.765049
v -22.321250 2.000000 -376.849772
v -21.595970 2.000000 -367.066002
v -20.870691 2.000000 -357.413740
v -20.145411 2.000000 -347.892985
v -19.420131 2.000000 -338.503738
v -18.694852 2.000000 -329.245999
v -17.969572 2.000000 -320.119768
v -17.244293 2.000000 -311.125043
v -16.519013 2.000000 -302.261827
v -15.793733 2.000000 -293.530118
v -15.068454 2.000000 -284.929917
v -14.343174 2.000000 -276.461224
v -13.617895 2.000000 -268.124038
v -12.892615 2.000000 -259.918359
v -12.167335 2.000000 -251.844189
v -11.442056 2.000000 -243.901526
v -10.716776 2.000000 -236.090370
v -9.991497 2.000000 -228.410723
v -9.266217 2.000000 -220.862582
v -8.540937 2.000000 -213.445950
v -7.815658 2.000000 -206.160825
v -7.090378 2.000000 -199.007208
v -6.365099 2.000000 -191.985098
v -5.639819 2.000000 -185.094496
v -4.914539 2.000000 -178.335402
v -4.189260 2.000000 -171.707815
v -3.463980 2.000000 -165.211736
v -2.738701 2.000000 -158.847164
v -2.013421 2.000000 -152.614100
v -1.288141 2.000000 -146.512544
v -0.562862 2.000000 -140.542495
v 0.162418 2.000000 -134.703954
v 0.887698 2.000000 -128.996921
v 1.612977 2.000000 -123.421395
v 2.338257 2.000000 -117.977377
v 3.063536 2.000000 -112.664866
v 3.788816 2.000000 -107.483863
v 4.514096 2.000000 -102.434368
v 5.239375 2.000000 -97.516380
v 5.964655 2.000000 -92.729900
v 6.689934 2.000000 -88.074928
v 7.415214 2.000000 -83.551463
v 8.140494 2.000000 -79.159506
v 8.865773 2.000000 -74.899057
v 9.591053 2.000000 -70.770115
v 10.316332 2.000000 -66.772680
v 11.041612 2.000000 -62.906754
v 11.766892 2.000000 -59.172335
v 12.492171 2.000000 -55.569423
v 13.217451 2.000000 -52.098020
v 13.942730 2.000000 -48.758123
v 14.668010 2.000000 -45.549735
v 15.393290 2.000000 -42.472854
v 16.118569 2.000000 -39.527481
v 16.843849 2.000000 -36.713615
v 17.569128 2.000000 -34.031257
v 18.294408 2.000000 -31.480407
v 19.019688 2.000000 -29.061064
v 19.744967 2.000000 -26.773229
v 20.470247 2.000000 -24.616901
v 21.195526 2.000000 -22.592081
v 21.920806 2.000000 -20.698769
v 22.646086 2.000000 -18.936964
v 23.371365 2.000000 -17.306667
v 24.096645 2.000000 -15.807878
v 24.821924 2.000000 -14.440596
v 25.547204 2.000000 -13.204822
v 26.272484 2.000000 -12.100556
v 26.997763 2.000000 -11.127797
v 27.723043 2.000000 -10.286545
v 28.448322 2.000000 -9.576802
v 29.173602 2.000000 -8.998566
v 29.898882 2.000000 -8.551837
v 30.624161 2.000000 -8.236617
v 31.349441 2.000000 -8.052903
v 32.074720 2.000000 -8.000698
v 32.800000 2.000000 -8.080000
v -36.826842 2.507591 -597.225045
v -36.101562 2.507591 -584.811122
v -35.376283 2.507591 -572.528708
v -34.651003 2.507591 -560.377801
v -33.925723 2.507591 -548.358401
v -33.200444 2.507591 -536.470509
v -32.475164 2.507591 -524.714125
v -31.749885 2.507591 -513.089249
v -31.024605 2.507591 -501.595880
v -30.299325 2.507591 -490.234018
v -29.574046 2.507591 -479.003665
v -28.848766 2.507591 -467.904819
v -28.123487 2.507591 -456.937480
v -27.398207 2.507591 -446.101650
v -26.672927 2.507591 -435.397326
v -25.947648 2.507591 -424.824511
v -25.222368 2.507591 -414.383203
v -24.497089 2.507591 -404.073403
v -23.771809 2.507591 -393.895110
v -23.046529 2.507591 -383.848325
v -22.321250 2.507591 -373.933048
v -21.595970 2.507591 -364.149278
v -20.870691 2.507591 -354.497016
v -20.145411 2.507591 -344.976261
v -19.420131 2.507591 -335.587014
v -18.694852 2.507591 -326.329275
v -17.969572 2.507591 -317.203043
v -17.244293 2.507591 -308.208319
v -16.519013 2.507591 -299.345103
v -15.793733 2.507591 -290.613394
v -15.068454 2.507591 -282.013193
v -14.343174 2.507591 -273.544499
v -13.617895 2.507591 -265.207313
v -12.892615 2.507591 -257.001635
v -12.167335 2.507591 -248.927464
v -11.442056 2.507591 -240.984801
v -10.716776 2.507591 -233.173646
v -9.991497 2.507591 -225.493998
v -9.266217 2.507591 -217.945858
v -8.540937 2.507591 -210.529225
v -7.815658 2.507591 -203.244101
v -7.090378 2.507591 -196.090483
v -6.365099 2.507591 -189.068374
v -5.639819 2.507591 -182.177772
v -4.914539 2.507591 -175.418677
v -4.189260 2.507591 -168.791090
v -3.463980 2.507591 -162.295011
v -2.738701 2.507591 -155.930440
v -2.013421 2.507591 -149.697376
v -1.288141 2.507591 -143.595820
v -0.562862 2.507591 -137.625771
v 0.162418 2.507591 -131.787230
v 0.887698 2.507591 -126.080196
v 1.612977 2.507591 -120.504671
v 2.338257 2.507591 -115.060652
v 3.063536 2.507591 -109.748142
v 3.788816 2.507591 -104.567139
v 4.514096 2.507591 -99.517644
v 5.239375 2.507591 -94.599656
v 5.964655 2.507591 -89.813176
v 6.689934 2.507591 -85.158204
v 7.415214 2.507591 -80.634739
v 8.140494 2.507591 -76.242782
v 8.865773 2.507591 -71.982332
v 9.591053 2.507591 -67.853390
v 10.316332 2.507591 -63.855956
v 11.041612 2.507591 -59.990029
v 11.766892 2.507591 -56.255610
v 12.492171 2.507591 -52.652699
v 13.217451 2.507591 -49.181295
v 13.942730 2.507591 -45.841399
v 14.668010 2.507591 -42.633011
v 15.393290 2.507591 -39.556130
v 16.118569 2.507591 -36.610756
v 16.843849 2.507591 -33.796891
v 17.569128 2.507591 -31.114533
v 18.294408 2.507591 -28.563682
v 19.019688 2.507591 -26.144340
v 19.744967 2.507591 -23.856504
v 20.470247 2.507591 -21.700177
v 21.195526 2.507591 -19.675357
v 21.920806 2.507591 -17.782045
v 22.646086 2.507591 -16.020240
v 23.371365 2.507591 -14.389943
v 24.096645 2.507591 -12.891154
v 24.821924 2.507591 -11.523872
v 25.547204 2.507591 -10.288098
v 26.272484 2.507591 -9.183831
v 26.997763 2.507591 -8.211072
v 27.723043 2.507591 -7.369821
v 28.448322 2.507591 -6.660077
v 29.173602 2.507591 -6.081841
v 29.898882 2.507591 -5.635113
v 30.624161 2.507591 -5.319892
v 31.349441 2.507591 -5.136179
v 32.074720 2.507591 -5.083974
v 32.800000 2.507591 -5.163276
v -36.826842 3.015183 -594.565969
v -36.101562 3.015183 -582.152047
v -35.376283 3.015183 -569.869632
v -34.651003 3.015183 -557.718725
v -33.925723 3.015183 -545.699326
v -33.200444 3.015183 -533.811434
v -32.475164 3.015183 -522.055050
v -31.749885 3.015183 -510.430173
v -31.024605 3.015183 -498.936805
v -30.299325 3.015183 -487.574943
v -29.574046 3.015183 -476.344590
v -28.848766 3.015183 -465.245744
v -28.123487 3.015183 -454.278405
v -27.398207 3.015183 -443.442574
v -26.672927 3.015183 -432.738251
v -25.947648 3.015183 -422.165436
v -25.222368 3.015183 -411.724128
v -24.497089 3.015183 -401.414327
v -23.771809 3.015183 -391.236035
v -23.046529 3.015183 -381.189250
v -22.321250 3.015183 -371.273972
v -21.595970 3.015183 -361.490203
v -20.870691 3.015183 -351.837940
v -20.145411 3.015183 -342.317186
v -19.420131 3.015183 -332.927939
v -18.694852 3.015183 -323.670200
v -17.969572 3.015183 -314.543968
v -17.244293 3.015183 -305.549244
v -16.519013 3.015183 -296.686027
v -15.793733 3.015183 -287.954319
v -15.068454 3.015183 -279.354118
v -14.343174 3.015183 -270.885424
v -13.617895 3.015183 -262.548238
v -12.892615 3.015183 -254.342560
v -12.167335 3.015183 -246.268389
v -11.442056 3.015183 -238.325726
v -10.716776 3.015183 -230.514571
v -9.991497 3.015183 -222.834923
v -9.266217 3.015183 -215.286783
v -8.540937 3.015183 -207.870150
v -7.815658 3.015183 -200.585025
v -7.090378 3.015183 -193.431408
v -6.365099 3.015183 -186.409298
v -5.639819 3.015183 -179.518696
v -4.914539 3.015183 -172.759602
v -4.189260 3.015183 -166.132015
v -3.463980 3.015183 -159.635936
v -2.738701 3.015183 -153.271364
v -2.013421 3.015183 -147.038301
v -1.288141 3.015183 -140.936744
v -0.562862 3.015183 -134.966696
v 0.162418 3.015183 -129.128155
v 0.887698 3.015183 -123.421121
v 1.612977 3.015183 -117.845595
v 2.338257 3.015183 -112.401577
v 3.063536 3.015183 -107.089067
v 3.788816 3.015183 -101.908064
v 4.514096 3.015183 -96.858569
v 5.239375 3.015183 -91.940581
v 5.964655 3.015183 -87.154101
v 6.689934 3.015183 -82.499128
v 7.415214 3.015183 -77.975664
v 8.140494 3.015183 -73.583707
v 8.865773 3.015183 -69.323257
v 9.591053 3.015183 -65.194315
v 10.316332 3.015183 -61.196881
v 11.041612 3.015183 -57.330954
v 11.766892 3.015183 -53.596535
v 12.492171 3.015183 -49.993624
v 13.217451 3.015183 -46.522220
v 13.942730 3.015183 -43.182324
v 14.668010 3.015183 -39.973935
v 15.393290 3.015183 -36.897054
v 16.118569 3.015183 -33.951681
v 16.843849 3.015183 -31.137815
v 17.569128 3.015183 -28.455457
v 18.294408 3.015183 -25.904607
v 19.019688 3.015183 -23.485264
v 19.744967 3.015183 -21.197429
v 20.470247 3.015183 -19.041102
v 21.195526 3.015183 -17.016282
v 21.920806 3.015183 -15.122969
v 22.646086 3.015183 -13.361165
v 23.371365 3.015183 -11.730868
v 24.096645 3.015183 -10.232078
v 24.821924 3.015183 -8.864797
v 25.547204 3.015183 -7.629022
v 26.272484 3.015183 -6.524756
v 26.997763 3.015183 -5.551997
v 27.723043 3.015183 -4.710746
v 28.448322 3.015183 -4.001002
v 29.173602 3.015183 -3.422766
v 29.898882 3.015183 -2.976038
v 30.624161 3.015183 -2.660817
v 31.349441 3.015183 -2.477104
v 32.074720 3.015183 -2.424898
v 32.800000 3.015183 -2.504200
v -36.826842 3.522774 -592.164543
v -36.101562 3.522774 -579.750621
v -35.376283 3.522774 -567.468206
v -34.651003 3.522774 -555.317299
v -33.925723 3.522774 -543.297900
v -33.200444 3.522774 -531.410008
v -32.475164 3.522774 -519.653624
v -31.749885 3.522774 -508.028747
v -31.024605 3.522774 -496.535378
v -30.299325 3.522774 -485.173517
v -29.574046 3.522774 -473.943163
v -28.848766 3.522774 -462.844317
v -28.123487 3.522774 -451.876979
v -27.398207 3.522774 -441.041148
v -26.672927 3.522774 -430.336825
v -25.947648 3.522774 -419.764010
v -25.222368 3.522774 -409.322702
v -24.497089 3.522774 -399.012901
v -23.771809 3.522774 -388.834609
v -23.046529 3.522774 -378.787824
v -22.321250 3.522774 -368.872546
v -21.595970 3.522774 -359.088776
v -20.870691 3.522774 -349.436514
v -20.145411 3.522774 -339.915760
v -19.420131 3.522774 -330.526513
v -18.694852 3.522774 -321.268773
v -17.969572 3.522774 -312.142542
v -17.244293 3.522774 -303.147818
v -16.519013 3.522774 -294.284601
v -15.793733 3.522774 -285.552893
v -15.068454 3.522774 -276.952691
v -14.343174 3.522774 -268.483998
v -13.617895 3.522774 -260.146812
v -12.892615 3.522774 -251.941134
v -12.167335 3.522774 -243.866963
v -11.442056 3.522774 -235.924300
v -10.716776 3.522774 -228.113145
v -9.991497 3.522774 -220.433497
v -9.266217 3.522774 -212.885357
v -8.540937 3.522774 -205.468724
v -7.815658 3.522774 -198.183599
v -7.090378 3.522774 -191.029982
v -6.365099 3.522774 -184.007872
v -5.639819 3.522774 -177.117270
v -4.914539 3.522774 -170.358176
v -4.189260 3.522774 -163.730589
v -3.463980 3.522774 -157.234510
v -2.738701 3.522774 -150.869938
v -2.013421 3.522774 -144.636874
v -1.288141 3.522774 -138.535318
v -0.562862 3.522774 -132.565270
v 0.162418 3.522774 -126.726728
v 0.887698 3.522774 -121.019695
v 1.612977 3.522774 -115.444169
v 2.338257 3.522774 -110.000151
v 3.063536 3.522774 -104.687641
v 3.788816 3.522774 -99.506638
v 4.514096 3.522774 -94.457142
v 5.239375 3.522774 -89.539155
v 5.964655 3.522774 -84.752675
v 6.689934 3.522774 -80.097702
v 7.415214 3.522774 -75.574238
v 8.140494 3.522774 -71.182280
v 8.865773 3.522774 -66.921831
v 9.591053 3.522774 -62.792889
v 10.316332 3.522774 -58.795455
v 11.041612 3.522774 -54.929528
v 11.766892 3.522774 -51.195109
v 12.492171 3.522774 -47.592198
v 13.217451 3.522774 -44.120794
v 13.942730 3.522774 -40.780898
v 14.668010 3.522774 -37.572509
v 15.393290 3.522774 -34.495628
v 16.118569 3.522774 -31.550255
v 16.843849 3.522774 -28.736389
v 17.569128 3.522774 -26.054031
v 18.294408 3.522774 -23.503181
v 19.019688 3.522774 -21.083838
v 19.744967 3.522774 -18.796003
v 20.470247 3.522774 -16.639675
v 21.195526 3.522774 -14.614856
v 21.920806 3.522774 -12.721543
v 22.646086 3.522774 -10.959739
v 23.371365 3.522774 -9.329442
v 24.096645 3.522774 -7.830652
v 24.821924 3.522774 -6.463370
v 25.547204 3.522774 -5.227596
v 26.272484 3.522774 -4.123330
v 26.997763 3.522774 -3.150571
v 27.723043 3.522774 -2.309320
v 28.448322 3.522774 -1.599576
v 29.173602 3.522774 -1.021340
v 29.898882 3.522774 -0.574612
v 30.624161 3.522774 -0.259391
v 31.349441 3.522774 -0.075678
v 32.074720 3.522774 -0.023472
v 32.800000 3.522774 -0.102774
v -36.826842 4.030366 -590.020766
v -36.101562 4.030366 -577.606844
v -35.376283 4.030366 -565.324429
v -34.651003 4.030366 -553.173522
v -33.925723 4.030366 -541.154123
v -33.200444 4.030366 -529.266231
v -32.475164 4.030366 -517.509847
v -31.749885 4.030366 -505.884970
v -31.024605 4.030366 -494.391601
v -30.299325 4.030366 -483.029740
v -29.574046 4.030366 -471.799386
v -28.848766 4.030366 -460.700540
v -28.123487 4.030366 -449.733202
v -27.398207 4.030366 -438.897371
v -26.672927 4.030366 -428.193048
v -25.947648 4.030366 -417.620232
v -25.222368 4.030366 -407.178925
v -24.497089 4.030366 -396.869124
v -23.771809 4.030366 -386.690832
v -23.046529 4.030366 -376.644047
v -22.321250 4.030366 -366.728769
v -21.595970 4.030366 -356.944999
v -20.870691 4.030366 -347.292737
v -20.145411 4.030366 -337.771983
v -19.420131 4.030366 -328.382736
v -18.694852 4.030366 -319.124996
v -17.969572 4.030366 -309.998765
v -17.244293 4.030366 -301.004041
v -16.519013 4.030366 -292.140824
v -15.793733 4.030366 -283.409116
v -15.068454 4.030366 -274.808914
v -14.343174 4.030366 -266.340221
v -13.617895 4.030366 -258.003035
v -12.892615 4.030366 -249.797357
v -12.167335 4.030366 -241.723186
v -11.442056 4.030366 -233.780523
v -10.716776 4.030366 -225.969368
v -9.991497 4.030366 -218.289720
v -9.266217 4.030366 -210.741580
v -8.540937 4.030366 -203.324947
v -7.815658 4.030366 -196.039822
v -7.090378 4.030366 -188.886205
v -6.365099 4.030366 -181.864095
v -5.639819 4.030366 -174.973493
v -4.914539 4.030366 -168.214399
v -4.189260 4.030366 -161.586812
v -3.463980 4.030366 -155.090733
v -2.738701 4.030366 -148.726161
v -2.013421 4.030366 -142.493097
v -1.288141 4.030366 -136.391541
v -0.562862 4.030366 -130.421493
v 0.162418 4.030366 -124.582951
v 0.887698 4.030366 -118.875918
v 1.612977 4.030366 -113.300392
v 2.338257 4.030366 -107.856374
v 3.063536 4.030366 -102.543864
v 3.788816 4.030366 -97.362861
v 4.514096 4.030366 -92.313365
v 5.239375 4.030366 -87.395378
v 5.964655 4.030366 -82.608898
v 6.689934 4.030366 -77.953925
v 7.415214 4.030366 -73.430461
v 8.140494 4.030366 -69.038503
v 8.865773 4.030366 -64.778054
v 9.591053 4.030366 -60.649112
v 10.316332 4.030366 -56.651678
v 11.041612 4.030366 -52.785751
v 11.766892 4.030366 -49.051332
v 12.492171 4.030366 -45.448421
v 13.217451 4.030366 -41.977017
v 13.942730 4.030366 -38.637121
v 14.668010 4.030366 -35.428732
v 15.393290 4.030366 -32.351851
v 16.118569 4.030366 -29.406478
v 16.843849 4.030366 -26.592612
v 17.569128 4.030366 -23.910254
v 18.294408 4.030366 -21.359404
v 19.019688 4.030366 -18.940061
v 19.744967 4.030366 -16.652226
v 20.470247 4.030366 -14.495898
v 21.195526 4.030366 -12.471079
v 21.920806 4.030366 -10.577766
v 22.646086 4.030366 -8.815962
v 23.371365 4.030366 -7.185665
v 24.096645 4.030366 -5.686875
v 24.821924 4.030366 -4.319593
v 25.547204 4.030366 -3.083819
v 26.272484 4.030366 -1.979553
v 26.997763 4.030366 -1.006794
v 27.723043 4.030366 -0.165543
v 28.448322 4.030366 0.544201
v 29.173602 4.030366 1.122437
v 29.898882 4.030366 1.569165
v 30.624161 4.030366 1.884386
v 31.349441 4.030366 2.068099
v 32.074720 4.030366 2.120305
v 32.800000 4.030366 2.041003
v -36.826842 4.537957 -588.134638
v -36.101562 4.537957 -575.720716
v -35.376283 4.537957 -563.438301
v -34.651003 4.537957 -551.287394
v -33.925723 4.537957 -539.267995
v -33.200444 4.537957 -527.380103
v -32.475164 4.537957 -515.623719
v -31.749885 4.537957 -503.998842
v -31.024605 4.537957 -492.505474
v -30.299325 4.537957 -481.143612
v -29.574046 4.537957 -469.913259
v -28.848766 4.537957 -458.814413
v -28.123487 4.537957 -447.847074
v -27.398207 4.537957 -437.011243
v -26.672927 4.537957 -426.306920
v -25.947648 4.537957 -415.734105
v -25.222368 4.537957 -405.292797
v -24.497089 4.537957 -394.982996
v -23.771809 4.537957 -384.804704
v -23.046529 4.537957 -374.757919
v -22.321250 4.537957 -364.842641
v -21.595970 4.537957 -355.058871
v -20.870691 4.537957 -345.406609
v -20.145411 4.537957 -335.885855
v -19.420131 4.537957 -326.496608
v -18.694852 4.537957 -317.238869
v -17.969572 4.537957 -308.112637
v -17.244293 4.537957 -299.117913
v -16.519013 4.537957 -290.254696
v -15.793733 4.537957 -281.522988
v -15.068454 4.537957 -272.922787
v -14.343174 4.537957 -264.454093
v -13.617895 4.537957 -256.116907
v -12.892615 4.537957 -247.911229
v -12.167335 4.537957 -239.837058
v -11.442056 4.537957 -231.894395
v -10.716776 4.537957 -224.083240
v -9.991497 4.537957 -216.403592
v -9.266217 4.537957 -208.855452
v -8.540937 4.537957 -201.438819
v -7.815658 4.537957 -194.153694
v -7.090378 4.537957 -187.000077
v -6.365099 4.537957 -179.977967
v -5.639819 4.537957 -173.087365
v -4.914539 4.537957 -166.328271
v -4.189260 4.537957 -159.700684
v -3.463980 4.537957 -153.204605
v -2.738701 4.537957 -146.840033
v -2.013421 4.537957 -140.606970
v -1.288141 4.537957 -134.505413
v -0.562862 4.537957 -128.535365
v 0.162418 4.537957 -122.696824
v 0.887698 4.537957 -116.989790
v 1.612977 4.537957 -111.414264
v 2.338257 4.537957 -105.970246
v 3.063536 4.537957 -100.657736
v 3.788816 4.537957 -95.476733
v 4.514096 4.537957 -90.427238
v 5.239375 4.537957 -85.509250
v 5.964655 4.537957 -80.722770
v 6.689934 4.537957 -76.067797
v 7.415214 4.537957 -71.544333
v 8.140494 4.537957 -67.152376
v 8.865773 4.537957 -62.891926
v 9.591053 4.537957 -58.762984
v 10.316332 4.537957 -54.765550
v 11.041612 4.537957 -50.899623
v 11.766892 4.537957 -47.165204
v 12.492171 4.537957 -43.562293
v 13.217451 4.537957 -40.090889
v 13.942730 4.537957 -36.750993
v 14.668010 4.537957 -33.542604
v 15.393290 4.537957 -30.465723
v 16.118569 4.537957 -27.520350
v 16.843849 4.537957 -24.706484
v 17.569128 4.537957 -22.024126
v 18.294408 4.537957 -19.473276
v 19.019688 4.537957 -17.053933
v 19.744967 4.537957 -14.766098
v 20.470247 4.537957 -12.609771
v 21.195526 4.537957 -10.584951
v 21.920806 4.537957 -8.691638
v 22.646086 4.537957 -6.929834
v 23.371365 4.537957 -5.299537
v 24.096645 4.537957 -3.800747
v 24.821924 4.537957 -2.433466
v 25.547204 4.537957 -1.197691
v 26.272484 4.537957 -0.093425
v 26.997763 4.537957 0.879334
v 27.723043 4.537957 1.720585
v 28.448322 4.537957 2.430329
v 29.173602 4.537957 3.008565
v 29.898882 4.537957 3.455293
v 30.624161 4.537957 3.770514
v 31.349441 4.537957 3.954227
v 32.074720 4.537957 4.006433
v 32.800000 4.537957 3.927131
v -36.826842 5.045549 -586.506160
v -36.101562 5.045549 -574.092237
v -35.376283 5.045549 -561.809823
v -34.651003 5.045549 -549.658916
v -33.925723 5.045549 -537.639516
v -33.200444 5.045549 -525.751624
v -32.475164 5.045549 -513.995240
v -31.749885 5.045549 -502.370364
v -31.024605 5.045549 -490.876995
v -30.299325 5.045549 -479.515133
v -29.574046 5.045549 -468.284780
v -28.848766 5.045549 -457.185934
v -28.123487 5.045549 -446.218595
v -27.398207 5.045549 -435.382765
v -26.672927 5.045549 -424.678441
v -25.947648 5.045549 -414.105626
v -25.222368 5.045549 -403.664318
v -24.497089 5.045549 -393.354518
v -23.771809 5.045549 -383.176225
v -23.046529 5.045549 -373.129440
v -22.321250 5.045549 -363.214163
v -21.595970 5.045549 -353.430393
v -20.870691 5.045549 -343.778131
v -20.145411 5.045549 -334.257376
v -19.420131 5.045549 -324.868129
v -18.694852 5.045549 -315.610390
v -17.969572 5.045549 -306.484158
v -17.244293 5.045549 -297.489434
v -16.519013 5.045549 -288.626218
v -15.793733 5.045549 -279.894509
v -15.068454 5.045549 -271.294308
v -14.343174 5.045549 -262.825614
v -13.617895 5.045549 -254.488428
v -12.892615 5.045549 -246.282750
v -12.167335 5.045549 -238.208579
v -11.442056 5.045549 -230.265916
v -10.716776 5.045549 -222.454761
v -9.991497 5.045549 -214.775113
v -9.266217 5.045549 -207.226973
v -8.540937 5.045549 -199.810340
v -7.815658 5.045549 -192.525216
v -7.090378 5.045549 -185.371598
v -6.365099 5.045549 -178.349489
v -5.639819 5.045549 -171.458887
v -4.914539 5.045549 -164.699792
v -4.189260 5.045549 -158.072205
v -3.463980 5.045549 -151.576126
v -2.738701 5.045549 -145.211555
v -2.013421 5.045549 -138.978491
v -1.288141 5.045549 -132.876934
v -0.562862 5.045549 -126.906886
v 0.162418 5.045549 -121.068345
v 0.887698 5.045549 -115.361311
v 1.612977 5.045549 -109.785786
v 2.338257 5.045549 -104.341767
v 3.063536 5.045549 -99.029257
v 3.788816 5.045549 -93.848254
v 4.514096 5.045549 -88.798759
v 5.239375 5.045549 -83.880771
v 5.964655 5.045549 -79.094291
v 6.689934 5.045549 -74.439319
v 7.415214 5.045549 -69.915854
v 8.140494 5.045549 -65.523897
v 8.865773 5.045549 -61.263447
v 9.591053 5.045549 -57.134505
v 10.316332 5.045549 -53.137071
v 11.041612 5.045549 -49.271144
v 11.766892 5.045549 -45.536725
v 12.492171 5.045549 -41.933814
v 13.217451 5.045549 -38.462410
v 13.942730 5.045549 -35.122514
v 14.668010 5.045549 -31.914126
v 15.393290 5.045549 -28.837245
v 16.118569 5.045549 -25.891871
v 16.843849 5.045549 -23.078006
v 17.569128 5.045549 -20.395648
v 18.294408 5.045549 -17.844797
v 19.019688 5.045549 -15.425455
v 19.744967 5.045549 -13.137619
v 20.470247 5.045549 -10.981292
v 21.195526 5.045549 -8.956472
v 21.920806 5.045549 -7.063160
v 22.646086 5.045549 -5.301355
v 23.371365 5.045549 -3.671058
v 24.096645 5.045549 -2.172269
v 24.821924 5.045549 -0.804987
v 25.547204 5.045549 0.430787
v 26.272484 5.045549 1.535054
v 26.997763 5.045549 2.507813
v 27.723043 5.045549 3.349064
v 28.448322 5.045549 4.058808
v 29.173602 5.045549 4.637044
v 29.898882 5.045549 5.083772
v 30.624161 5.045549 5.398993
v 31.349441 5.045549 5.582706
v 32.074720 5.045549 5.634911
v 32.800000 5.045549 5.555609
v -36.826842 5.553140 -585.135330
v -36.101562 5.553140 -572.721408
v -35.376283 5.553140 -560.438993
v -34.651003 5.553140 -548.288086
v -33.925723 5.553140 -536.268687
v -33.200444 5.553140 -524.380795
v -32.475164 5.553140 -512.624411
v -31.749885 5.553140 -500.999534
v -31.024605 5.553140 -489.506165
v -30.299325 5.553140 -478.144304
v -29.574046 5.553140 -466.913950
v -28.848766 5.553140 -455.815104
v -28.123487 5.553140 -444.847766
v -27.398207 5.553140 -434.011935
v -26.672927 5.553140 -423.307612
v -25.947648 5.553140 -412.734796
v -25.222368 5.553140 -402.293488
v -24.497089 5.553140 -391.983688
v -23.771809 5.553140 -381.805395
v -23.046529 5.553140 -371.758610
v -22.321250 5.553140 -361.843333
v -21.595970 5.553140 -352.059563
v -20.870691 5.553140 -342.407301
v -20.145411 5.553140 -332.886546
v -19.420131 5.553140 -323.497299
v -18.694852 5.553140 -314.239560
v -17.969572 5.553140 -305.113328
v -17.244293 5.553140 -296.118604
v -16.519013 5.553140 -287.255388
v -15.793733 5.553140 -278.523679
v -15.068454 5.553140 -269.923478
v -14.343174 5.553140 -261.454785
v -13.617895 5.553140 -253.117599
v -12.892615 5.553140 -244.911920
v -12.167335 5.553140 -236.837750
v -11.442056 5.553140 -228.895087
v -10.716776 5.553140 -221.083931
v -9.991497 5.553140 -213.404283
v -9.266217 5.553140 -205.856143
v -8.540937 5.553140 -198.439511
v -7.815658 5.553140 -191.154386
v -7.090378 5.553140 -184.000769
v -6.365099 5.553140 -176.978659
v -5.639819 5.553140 -170.088057
v -4.914539 5.553140 -163.328962
v -4.189260 5.553140 -156.701376
v -3.463980 5.553140 -150.205297
v -2.738701 5.553140 -143.840725
v -2.013421 5.553140 -137.607661
v -1.288141 5.553140 -131.506105
v -0.562862 5.553140 -125.536056
v 0.162418 5.553140 -119.697515
v 0.887698 5.553140 -113.990482
v 1.612977 5.553140 -108.414956
v 2.338257 5.553140 -102.970938
v 3.063536 5.553140 -97.658427
v 3.788816 5.553140 -92.477424
v 4.514096 5.553140 -87.427929
v 5.239375 5.553140 -82.509941
v 5.964655 5.553140 -77.723461
v 6.689934 5.553140 -73.068489
v 7.415214 5.553140 -68.545024
v 8.140494 5.553140 -64.153067
v 8.865773 5.553140 -59.892618
v 9.591053 5.553140 -55.763676
v 10.316332 5.553140 -51.766241
v 11.041612 5.553140 -47.900315
v 11.766892 5.553140 -44.165896
v 12.492171 5.553140 -40.562984
v 13.217451 5.553140 -37.091581
v 13.942730 5.553140 -33.751684
v 14.668010 5.553140 -30.543296
v 15.393290 5.553140 -27.466415
v 16.118569 5.553140 -24.521042
v 16.843849 5.553140 -21.707176
v 17.569128 5.553140 -19.024818
v 18.294408 5.553140 -16.473968
v 19.019688 5.553140 -14.054625
v 19.744967 5.553140 -11.766790
v 20.470247 5.553140 -9.610462
v 21.195526 5.553140 -7.585642
v 21.920806 5.553140 -5.692330
v 22.646086 5.553140 -3.930525
v 23.371365 5.553140 -2.300228
v 24.096645 5.553140 -0.801439
v 24.821924 5.553140 0.565843
v 25.547204 5.553140 1.801617
v 26.272484 5.553140 2.905883
v 26.997763 5.553140 3.878642
v 27.723043 5.553140 4.719894
v 28.448322 5.553140 5.429637
v 29.173602 5.553140 6.007873
v 29.898882 5.553140 6.454602
v 30.624161 5.553140 6.769822
v 31.349441 5.553140 6.953536
v 32.074720 5.553140 7.005741
v 32.800000 5.553140 6.926439
v -36.826842 6.060732 -584.022149
v -36.101562 6.060732 -571.608227
v -35.376283 6.060732 -559.325812
v -34.651003 6.060732 -547.174905
v -33.925723 6.060732 -535.155506
v -33.200444 6.060732 -523.267614
v -32.475164 6.060732 -511.511230
v -31.749885 6.060732 -499.886353
v -31.024605 6.060732 -488.392985
v -30.299325 6.060732 -477.031123
v -29.574046 6.060732 -465.800770
v -28.848766 6.060732 -454.701924
v -28.123487 6.060732 -443.734585
v -27.398207 6.060732 -432.898754
v -26.672927 6.060732 -422.194431
v -25.947648 6.060732 -411.621616
v -25.222368 6.060732 -401.180308
v -24.497089 6.060732 -390.870507
v -23.771809 6.060732 -380.692215
v -23.046529 6.060732 -370.645430
v -22.321250 6.060732 -360.730152
v -21.595970 6.060732 -350.946383
v -20.870691 6.060732 -341.294120
v -20.145411 6.060732 -331.773366
v -19.420131 6.060732 -322.384119
v -18.694852 6.060732 -313.126380
v -17.969572 6.060732 -304.000148
v -17.244293 6.060732 -295.005424
v -16.519013 6.060732 -286.142208
v -15.793733 6.060732 -277.410499
v -15.068454 6.060732 -268.810298
v -14.343174 6.060732 -260.341604
v -13.617895 6.060732 -252.004418
v -12.892615 6.060732 -243.798740
v -12.167335 6.060732 -235.724569
v -11.442056 6.060732 -227.781906
v -10.716776 6.060732 -219.970751
v -9.991497 6.060732 -212.291103
v -9.266217 6.060732 -204.742963
v -8.540937 6.060732 -197.326330
v -7.815658 6.060732 -190.041205
v -7.090378 6.060732 -182.887588
v -6.365099 6.060732 -175.865478
v -5.639819 6.060732 -168.974876
v -4.914539 6.060732 -162.215782
v -4.189260 6.060732 -155.588195
v -3.463980 6.060732 -149.092116
v -2.738701 6.060732 -142.727544
v -2.013421 6.060732 -136.494481
v -1.288141 6.060732 -130.392924
v -0.562862 6.060732 -124.422876
v 0.162418 6.060732 -118.584335
v 0.887698 6.060732 -112.877301
v 1.612977 6.060732 -107.301775
v 2.338257 6.060732 -101.857757
v 3.063536 6.060732 -96.545247
v 3.788816 6.060732 -91.364244
v 4.514096 6.060732 -86.314749
v 5.239375 6.060732 -81.396761
v 5.964655 6.060732 -76.610281
v 6.689934 6.060732 -71.955308
v 7.415214 6.060732 -67.431844
v 8.140494 6.060732 -63.039887
v 8.865773 6.060732 -58.779437
v 9.591053 6.060732 -54.650495
v 10.316332 6.060732 -50.653061
v 11.041612 6.060732 -46.787134
v 11.766892 6.060732 -43.052715
v 12.492171 6.060732 -39.449804
v 13.217451 6.060732 -35.978400
v 13.942730 6.060732 -32.638504
v 14.668010 6.060732 -29.430115
v 15.393290 6.060732 -26.353234
v 16.118569 6.060732 -23.407861
v 16.843849 6.060732 -20.593995
v 17.569128 6.060732 -17.911637
v 18.294408 6.060732 -15.360787
v 19.019688 6.060732 -12.941444
v 19.744967 6.060732 -10.653609
v 20.470247 6.060732 -8.497282
v 21.195526 6.060732 -6.472462
v 21.920806 6.060732 -4.579149
v 22.646086 6.060732 -2.817345
v 23.371365 6.060732 -1.187048
v 24.096645 6.060732 0.311742
v 24.821924 6.060732 1.679023
v 25.547204 6.060732 2.914798
v 26.272484 6.060732 4.019064
v 26.997763 6.060732 4.991823
v 27.723043 6.060732 5.833074
v 28.448322 6.060732 6.542818
v 29.173602 6.060732 7.121054
v 29.898882 6.060732 7.567782
v 30.624161 6.060732 7.883003
v 31.349441 6.060732 8.066716
v 32.074720 6.060732 8.118922
v 32.800000 6.060732 8.039620
v -36.826842 6.568323 -583.166618
v -36.101562 6.568323 -570.752696
v -35.376283 6.568323 -558.470281
v -34.651003 6.568323 -546.319374
v -33.925723 6.568323 -534.299975
v -33.200444 6.568323 -522.412083
v -32.475164 6.568323 -510.655699
v -31.749885 6.568323 -499.030822
v -31.024605 6.568323 -487.537453
v -30.299325 6.568323 -476.175592
v -29.574046 6.568323 -464.945238
v -28.848766 6.568323 -453.846392
v -28.123487 6.568323 -442.879054
v -27.398207 6.568323 -432.043223
v -26.672927 6.568323 -421.338900
v -25.947648 6.568323 -410.766084
v -25.222368 6.568323 -400.324776
v -24.497089 6.568323 -390.014976
v -23.771809 6.568323 -379.836683
v -23.046529 6.568323 -369.789898
v -22.321250 6.568323 -359.874621
v -21.595970 6.568323 -350.090851
v -20.870691 6.568323 -340.438589
v -20.145411 6.568323 -330.917834
v -19.420131 6.568323 -321.528587
v -18.694852 6.568323 -312.270848
v -17.969572 6.568323 -303.144617
v -17.244293 6.568323 -294.149892
v -16.519013 6.568323 -285.286676
v -15.793733 6.568323 -276.554967
v -15.068454 6.568323 -267.954766
v -14.343174 6.568323 -259.486073
v -13.617895 6.568323 -251.148887
v -12.892615 6.568323 -242.943208
v -12.167335 6.568323 -234.869038
v -11.442056 6.568323 -226.926375
v -10.716776 6.568323 -219.115219
v -9.991497 6.568323 -211.435572
v -9.266217 6.568323 -203.887431
v -8.540937 6.568323 -196.470799
v -7.815658 6.568323 -189.185674
v -7.090378 6.568323 -182.032057
v -6.365099 6.568323 -175.009947
v -5.639819 6.568323 -168.119345
v -4.914539 6.568323 -161.360251
v -4.189260 6.568323 -154.732664
v -3.463980 6.568323 -148.236585
v -2.738701 6.568323 -141.872013
v -2.013421 6.568323 -135.638949
v -1.288141 6.568323 -129.537393
v -0.562862 6.568323 -123.567344
v 0.162418 6.568323 -117.728803
v 0.887698 6.568323 -112.021770
v 1.612977 6.568323 -106.446244
v 2.338257 6.568323 -101.002226
v 3.063536 6.568323 -95.689715
v 3.788816 6.568323 -90.508712
v 4.514096 6.568323 -85.459217
v 5.239375 6.568323 -80.541229
v 5.964655 6.568323 -75.754749
v 6.689934 6.568323 -71.099777
v 7.415214 6.568323 -66.576312
v 8.140494 6.568323 -62.184355
v 8.865773 6.568323 -57.923906
v 9.591053 6.568323 -53.794964
v 10.316332 6.568323 -49.797529
v 11.041612 6.568323 -45.931603
v 11.766892 6.568323 -42.197184
v 12.492171 6.568323 -38.594272
v 13.217451 6.568323 -35.122869
v 13.942730 6.568323 -31.782972
v 14.668010 6.568323 -28.574584
v 15.393290 6.568323 -25.497703
v 16.118569 6.568323 -22.552330
v 16.843849 6.568323 -19.738464
v 17.569128 6.568323 -17.056106
v 18.294408 6.568323 -14.505256
v 19.019688 6.568323 -12.085913
v 19.744967 6.568323 -9.798078
v 20.470247 6.568323 -7.641750
v 21.195526 6.568323 -5.616930
v 21.920806 6.568323 -3.723618
v 22.646086 6.568323 -1.961813
v 23.371365 6.568323 -0.331516
v 24.096645 6.568323 1.167273
v 24.821924 6.568323 2.534555
v 25.547204 6.568323 3.770329
v 26.272484 6.568323 4.874595
v 26.997763 6.568323 5.847354
v 27.723043 6.568323 6.688606
v 28.448322 6.568323 7.398349
v 29.173602 6.568323 7.976585
v 29.898882 6.568323 8.423314
v 30.624161 6.568323 8.738534
v 31.349441 6.568323 8.922248
v 32.074720 6.568323 8.974453
v 32.800000 6.568323 8.895151
v -36.826842 7.075915 -582.568736
v -36.101562 7.075915 -570.154813
v -35.376283 7.075915 -557.872399
v -34.651003 7.075915 -545.721492
v -33.925723 7.075915 -533.702092
v -33.200444 7.075915 -521.814200
v -32.475164 7.075915 -510.057816
v -31.749885 7.075915 -498.432940
v -31.024605 7.075915 -486.939571
v -30.299325 7.075915 -475.577710
v -29.574046 7.075915 -464.347356
v -28.848766 7.075915 -453.248510
v -28.123487 7.075915 -442.281171
v -27.398207 7.075915 -431.445341
v -26.672927 7.075915 -420.741017
v -25.947648 7.075915 -410.168202
v -25.222368 7.075915 -399.726894
v -24.497089 7.075915 -389.417094
v -23.771809 7.075915 -379.238801
v -23.046529 7.075915 -369.192016
v -22.321250 7.075915 -359.276739
v -21.595970 7.075915 -349.492969
v -20.870691 7.075915 -339.840707
v -20.145411 7.075915 -330.319952
v -19.420131 7.075915 -320.930705
v -18.694852 7.075915 -311.672966
v -17.969572 7.075915 -302.546734
v -17.244293 7.075915 -293.552010
v -16.519013 7.075915 -284.688794
v -15.793733 7.075915 -275.957085
v -15.068454 7.075915 -267.356884
v -14.343174 7.075915 -258.888190
v -13.617895 7.075915 -250.551004
v -12.892615 7.075915 -242.345326
v -12.167335 7.075915 -234.271155
v -11.442056 7.075915 -226.328492
v -10.716776 7.075915 -218.517337
v -9.991497 7.075915 -210.837689
v -9.266217 7.075915 -203.289549
v -8.540937 7.075915 -195.872917
v -7.815658 7.075915 -188.587792
v -7.090378 7.075915 -181.434174
v -6.365099 7.075915 -174.412065
v -5.639819 7.075915 -167.521463
v -4.914539 7.075915 -160.762368
v -4.189260 7.075915 -154.134781
v -3.463980 7.075915 -147.638702
v -2.738701 7.075915 -141.274131
v -2.013421 7.075915 -135.041067
v -1.288141 7.075915 -128.939511
v -0.562862 7.075915 -122.969462
v 0.162418 7.075915 -117.130921
v 0.887698 7.075915 -111.423887
v 1.612977 7.075915 -105.848362
v 2.338257 7.075915 -100.404344
v 3.063536 7.075915 -95.091833
v 3.788816 7.075915 -89.910830
v 4.514096 7.075915 -84.861335
v 5.239375 7.075915 -79.943347
v 5.964655 7.075915 -75.156867
v 6.689934 7.075915 -70.501895
v 7.415214 7.075915 -65.978430
v 8.140494 7.075915 -61.586473
v 8.865773 7.075915 -57.326023
v 9.591053 7.075915 -53.197081
v 10.316332 7.075915 -49.199647
v 11.041612 7.075915 -45.333720
v 11.766892 7.075915 -41.599301
v 12.492171 7.075915 -37.996390
v 13.217451 7.075915 -34.524986
v 13.942730 7.075915 -31.185090
v 14.668010 7.075915 -27.976702
v 15.393290 7.075915 -24.899821
v 16.118569 7.075915 -21.954447
v 16.843849 7.075915 -19.140582
v 17.569128 7.075915 -16.458224
v 18.294408 7.075915 -13.907373
v 19.019688 7.075915 -11.488031
v 19.744967 7.075915 -9.200195
v 20.470247 7.075915 -7.043868
v 21.195526 7.075915 -5.019048
v 21.920806 7.075915 -3.125736
v 22.646086 7.075915 -1.363931
v 23.371365 7.075915 0.266366
v 24.096645 7.075915 1.765155
v 24.821924 7.075915 3.132437
v 25.547204 7.075915 4.368211
v 26.272484 7.075915 5.472478
v 26.997763 7.075915 6.445237
v 27.723043 7.075915 7.286488
v 28.448322 7.075915 7.996232
v 29.173602 7.075915 8.574468
v 29.898882 7.075915 9.021196
v 30.624161 7.075915 9.336417
v 31.349441 7.075915 9.520130
v 32.074720 7.075915 9.572335
v 32.800000 7.075915 9.493033
v -36.826842 7.583506 -582.228502
v -36.101562 7.583506 -569.814580
v -35.376283 7.583506 -557.532166
v -34.651003 7.583506 -545.381258
v -33.925723 7.583506 -533.361859
v -33.200444 7.583506 -521.473967
v -32.475164 7.583506 -509.717583
v -31.749885 7.583506 -498.092707
v -31.024605 7.583506 -486.599338
v -30.299325 7.583506 -475.237476
v -29.574046 7.583506 -464.007123
v -28.848766 7.583506 -452.908277
v -28.123487 7.583506 -441.940938
v -27.398207 7.583506 -431.105107
v -26.672927 7.583506 -420.400784
v -25.947648 7.583506 -409.827969
v -25.222368 7.583506 -399.386661
v -24.497089 7.583506 -389.076860
v -23.771809 7.583506 -378.898568
v -23.046529 7.583506 -368.851783
v -22.321250 7.583506 -358.936505
v -21.595970 7.583506 -349.152736
v -20.870691 7.583506 -339.500473
v -20.145411 7.583506 -329.979719
v -19.420131 7.583506 -320.590472
v -18.694852 7.583506 -311.332733
v -17.969572 7.583506 -302.206501
v -17.244293 7.583506 -293.211777
v -16.519013 7.583506 -284.348561
v -15.793733 7.583506 -275.616852
v -15.068454 7.583506 -267.016651
v -14.343174 7.583506 -258.547957
v -13.617895 7.583506 -250.210771
v -12.892615 7.583506 -242.005093
v -12.167335 7.583506 -233.930922
v -11.442056 7.583506 -225.988259
v -10.716776 7.583506 -218.177104
v -9.991497 7.583506 -210.497456
v -9.266217 7.583506 -202.949316
v -8.540937 7.583506 -195.532683
v -7.815658 7.583506 -188.247558
v -7.090378 7.583506 -181.093941
v -6.365099 7.583506 -174.071831
v -5.639819 7.583506 -167.181229
v -4.914539 7.583506 -160.422135
v -4.189260 7.583506 -153.794548
v -3.463980 7.583506 -147.298469
v -2.738701 7.583506 -140.933898
v -2.013421 7.583506 -134.700834
v -1.288141 7.583506 -128.599277
v -0.562862 7.583506 -122.629229
v 0.162418 7.583506 -116.790688
v 0.887698 7.583506 -111.083654
v 1.612977 7.583506 -105.508128
v 2.338257 7.583506 -100.064110
v 3.063536 7.583506 -94.751600
v 3.788816 7.583506 -89.570597
v 4.514096 7.583506 -84.521102
v 5.239375 7.583506 -79.603114
v 5.964655 7.583506 -74.816634
v 6.689934 7.583506 -70.161662
v 7.415214 7.583506 -65.638197
v 8.140494 7.583506 -61.246240
v 8.865773 7.583506 -56.985790
v 9.591053 7.583506 -52.856848
v 10.316332 7.583506 -48.859414
v 11.041612 7.583506 -44.993487
v 11.766892 7.583506 -41.259068
v 12.492171 7.583506 -37.656157
v 13.217451 7.583506 -34.184753
v 13.942730 7.583506 -30.844857
v 14.668010 7.583506 -27.636468
v 15.393290 7.583506 -24.559587
v 16.118569 7.583506 -21.614214
v 16.843849 7.583506 -18.800349
v 17.569128 7.583506 -16.117991
v 18.294408 7.583506 -13.567140
v 19.019688 7.583506 -11.147797
v 19.744967 7.583506 -8.859962
v 20.470247 7.583506 -6.703635
v 21.195526 7.583506 -4.678815
v 21.920806 7.583506 -2.785503
v 22.646086 7.583506 -1.023698
v 23.371365 7.583506 0.606599
v 24.096645 7.583506 2.105389
v 24.821924 7.583506 3.472670
v 25.547204 7.583506 4.708444
v 26.272484 7.583506 5.812711
v 26.997763 7.583506 6.785470
v 27.723043 7.583506 7.626721
v 28.448322 7.583506 8.336465
v 29.173602 7.583506 8.914701
v 29.898882 7.583506 9.361429
v 30.624161 7.583506 9.676650
v 31.349441 7.583506 9.860363
v 32.074720 7.583506 9.912569
v 32.800000 7.583506 9.833267
v -36.826842 8.091098 -582.145918
v -36.101562 8.091098 -569.731996
v -35.376283 8.091098 -557.449581
v -34.651003 8.091098 -545.298674
v -33.925723 8.091098 -533.279275
v -33.200444 8.091098 -521.391383
v -32.475164 8.091098 -509.634999
v -31.749885 8.091098 -498.010122
v -31.024605 8.091098 -486.516754
v -30.299325 8.091098 -475.154892
v -29.574046 8.091098 -463.924539
v -28.848766 8.091098 -452.825693
v -28.123487 8.091098 -441.858354
v -27.398207 8.091098 -431.022523
v -26.672927 8.091098 -420.318200
v -25.947648 8.091098 -409.745385
v -25.222368 8.091098 -399.304077
v -24.497089 8.091098 -388.994276
v -23.771809 8.091098 -378.815984
v -23.046529 8.091098 -368.769199
v -22.321250 8.091098 -358.853921
v -21.595970 8.091098 -349.070152
v -20.870691 8.091098 -339.417889
v -20.145411 8.091098 -329.897135
v -19.420131 8.091098 -320.507888
v -18.694852 8.091098 -311.250149
v -17.969572 8.091098 -302.123917
v -17.244293 8.091098 -293.129193
v -16.519013 8.091098 -284.265976
v -15.793733 8.091098 -275.534268
v -15.068454 8.091098 -266.934067
v -14.343174 8.091098 -258.465373
v -13.617895 8.091098 -250.128187
v -12.892615 8.091098 -241.922509
v -12.167335 8.091098 -233.848338
v -11.442056 8.091098 -225.905675
v -10.716776 8.091098 -218.094520
v -9.991497 8.091098 -210.414872
v -9.266217 8.091098 -202.866732
v -8.540937 8.091098 -195.450099
v -7.815658 8.091098 -188.164974
v -7.090378 8.091098 -181.011357
v -6.365099 8.091098 -173.989247
v -5.639819 8.091098 -167.098645
v -4.914539 8.091098 -160.339551
v -4.189260 8.091098 -153.711964
v -3.463980 8.091098 -147.215885
v -2.738701 8.091098 -140.851313
v -2.013421 8.091098 -134.618250
v -1.288141 8.091098 -128.516693
v -0.562862 8.091098 -122.546645
v 0.162418 8.091098 -116.708104
v 0.887698 8.091098 -111.001070
v 1.612977 8.091098 -105.425544
v 2.338257 8.091098 -99.981526
v 3.063536 8.091098 -94.669016
v 3.788816 8.091098 -89.488013
v 4.514096 8.091098 -84.438518
v 5.239375 8.091098 -79.520530
v 5.964655 8.091098 -74.734050
v 6.689934 8.091098 -70.079077
v 7.415214 8.091098 -65.555613
v 8.140494 8.091098 -61.163656
v 8.865773 8.091098 -56.903206
v 9.591053 8.091098 -52.774264
v 10.316332 8.091098 -48.776830
v 11.041612 8.091098 -44.910903
v 11.766892 8.091098 -41.176484
v 12.492171 8.091098 -37.573573
v 13.217451 8.091098 -34.102169
v 13.942730 8.091098 -30.762273
v 14.668010 8.091098 -27.553884
v 15.393290 8.091098 -24.477003
v 16.118569 8.091098 -21.531630
v 16.843849 8.091098 -18.717764
v 17.569128 8.091098 -16.035406
v 18.294408 8.091098 -13.484556
v 19.019688 8.091098 -11.065213
v 19.744967 8.091098 -8.777378
v 20.470247 8.091098 -6.621051
v 21.195526 8.091098 -4.596231
v 21.920806 8.091098 -2.702918
v 22.646086 8.091098 -0.941114
v 23.371365 8.091098 0.689183
v 24.096645 8.091098 2.187973
v 24.821924 8.091098 3.555254
v 25.547204 8.091098 4.791029
v 26.272484 8.091098 5.895295
v 26.997763 8.091098 6.868054
v 27.723043 8.091098 7.709305
v 28.448322 8.091098 8.419049
v 29.173602 8.091098 8.997285
v 29.898882 8.091098 9.444013
v 30.624161 8.091098 9.759234
v 31.349441 8.091098 9.942947
v 32.074720 8.091098 9.995153
v 32.800000 8.091098 9.915851
v -36.826842 8.598689 -582.320983
v -36.101562 8.598689 -569.907061
v -35.376283 8.598689 -557.624646
v -34.651003 8.598689 -545.473739
v -33.925723 8.598689 -533.454340
v -33.200444 8.598689 -521.566448
v -32.475164 8.598689 -509.810064
v -31.749885 8.598689 -498.185187
v -31.024605 8.598689 -486.691819
v -30.299325 8.598689 -475.329957
v -29.574046 8.598689 -464.099604
v -28.848766 8.598689 -453.000758
v -28.123487 8.598689 -442.033419
v -27.398207 8.598689 -431.197588
v -26.672927 8.598689 -420.493265
v -25.947648 8.598689 -409.920450
v -25.222368 8.598689 -399.479142
v -24.497089 8.598689 -389.169341
v -23.771809 8.598689 -378.991049
v -23.046529 8.598689 -368.944264
v -22.321250 8.598689 -359.028986
v -21.595970 8.598689 -349.245217
v -20.870691 8.598689 -339.592954
v -20.145411 8.598689 -330.072200
v -19.420131 8.598689 -320.682953
v -18.694852 8.598689 -311.425214
v -17.969572 8.598689 -302.298982
v -17.244293 8.598689 -293.304258
v -16.519013 8.598689 -284.441042
v -15.793733 8.598689 -275.709333
v -15.068454 8.598689 -267.109132
v -14.343174 8.598689 -258.640438
v -13.617895 8.598689 -250.303252
v -12.892615 8.598689 -242.097574
v -12.167335 8.598689 -234.023403
v -11.442056 8.598689 -226.080740
v -10.716776 8.598689 -218.269585
v -9.991497 8.598689 -210.589937
v -9.266217 8.598689 -203.041797
v -8.540937 8.598689 -195.625164
v -7.815658 8.598689 -188.340039
v -7.090378 8.598689 -181.186422
v -6.365099 8.598689 -174.164312
v -5.639819 8.598689 -167.273710
v -4.914539 8.598689 -160.514616
v -4.189260 8.598689 -153.887029
v -3.463980 8.598689 -147.390950
v -2.738701 8.598689 -141.026379
v -2.013421 8.598689 -134.793315
v -1.288141 8.598689 -128.691758
v -0.562862 8.598689 -122.721710
v 0.162418 8.598689 -116.883169
v 0.887698 8.598689 -111.176135
v 1.612977 8.598689 -105.600609
v 2.338257 8.598689 -100.156591
v 3.063536 8.598689 -94.844081
v 3.788816 8.598689 -89.663078
v 4.514096 8.598689 -84.613583
v 5.239375 8.598689 -79.695595
v 5.964655 8.598689 -74.909115
v 6.689934 8.598689 -70.254142
v 7.415214 8.598689 -65.730678
v 8.140494 8.598689 -61.338721
v 8.865773 8.598689 -57.078271
v 9.591053 8.598689 -52.949329
v 10.316332 8.598689 -48.951895
v 11.041612 8.598689 -45.085968
v 11.766892 8.598689 -41.351549
v 12.492171 8.598689 -37.748638
v 13.217451 8.598689 -34.277234
v 13.942730 8.598689 -30.937338
v 14.668010 8.598689 -27.728949
v 15.393290 8.598689 -24.652068
v 16.118569 8.598689 -21.706695
v 16.843849 8.598689 -18.892830
v 17.569128 8.598689 -16.210471
v 18.294408 8.598689 -13.659621
v 19.019688 8.598689 -11.240278
v 19.744967 8.598689 -8.952443
v 20.470247 8.598689 -6.796116
v 21.195526 8.598689 -4.771296
v 21.920806 8.598689 -2.877983
v 22.646086 8.598689 -1.116179
v 23.371365 8.598689 0.514118
v 24.096645 8.598689 2.012908
v 24.821924 8.598689 3.380189
v 25.547204 8.598689 4.615963
v 26.272484 8.598689 5.720230
v 26.997763 8.598689 6.692989
v 27.723043 8.598689 7.534240
v 28.448322 8.598689 8.243984
v 29.173602 8.598689 8.822220
v 29.898882 8.598689 9.268948
v 30.624161 8.598689 9.584169
v 31.349441 8.598689 9.767882
v 32.074720 8.598689 9.820088
v 32.800000 8.598689 9.740786
v -36.826842 9.106281 -582.753698
v -36.101562 9.106281 -570.339775
v -35.376283 9.106281 -558.057361
v -34.651003 9.106281 -545.906454
v -33.925723 9.106281 -533.887054
v -33.200444 9.106281 -521.999162
v -32.475164 9.106281 -510.242778
v -31.749885 9.106281 -498.617902
v -31.024605 9.106281 -487.124533
v -30.299325 9.106281 -475.762671
v -29.574046 9.106281 -464.532318
v -28.848766 9.106281 -453.433472
v -28.123487 9.106281 -442.466133
v -27.398207 9.106281 -431.630303
v -26.672927 9.106281 -420.925979
v -25.947648 9.106281 -410.353164
v -25.222368 9.106281 -399.911856
v -24.497089 9.106281 -389.602056
v -23.771809 9.106281 -379.423763
v -23.046529 9.106281 -369.376978
v -22.321250 9.106281 -359.461700
v -21.595970 9.106281 -349.677931
v -20.870691 9.106281 -340.025669
v -20.145411 9.106281 -330.504914
v -19.420131 9.106281 -321.115667
v -18.694852 9.106281 -311.857928
v -17.969572 9.106281 -302.731696
v -17.244293 9.106281 -293.736972
v -16.519013 9.106281 -284.873756
v -15.793733 9.106281 -276.142047
v -15.068454 9.106281 -267.541846
v -14.343174 9.106281 -259.073152
v -13.617895 9.106281 -250.735966
v -12.892615 9.106281 -242.530288
v -12.167335 9.106281 -234.456117
v -11.442056 9.106281 -226.513454
v -10.716776 9.106281 -218.702299
v -9.991497 9.106281 -211.022651
v -9.266217 9.106281 -203.474511
v -8.540937 9.106281 -196.057878
v -7.815658 9.106281 -188.772754
v -7.090378 9.106281 -181.619136
v -6.365099 9.106281 -174.597027
v -5.639819 9.106281 -167.706425
v -4.914539 9.106281 -160.947330
v -4.189260 9.106281 -154.319743
v -3.463980 9.106281 -147.823664
v -2.738701 9.106281 -141.459093
v -2.013421 9.106281 -135.226029
v -1.288141 9.106281 -129.124472
v -0.562862 9.106281 -123.154424
v 0.162418 9.106281 -117.315883
v 0.887698 9.106281 -111.608849
v 1.612977 9.106281 -106.033324
v 2.338257 9.106281 -100.589305
v 3.063536 9.106281 -95.276795
v 3.788816 9.106281 -90.095792
v 4.514096 9.106281 -85.046297
v 5.239375 9.106281 -80.128309
v 5.964655 9.106281 -75.341829
v 6.689934 9.106281 -70.686857
v 7.415214 9.106281 -66.163392
v 8.140494 9.106281 -61.771435
v 8.865773 9.106281 -57.510985
v 9.591053 9.106281 -53.382043
v 10.316332 9.106281 -49.384609
v 11.041612 9.106281 -45.518682
v 11.766892 9.106281 -41.784263
v 12.492171 9.106281 -38.181352
v 13.217451 9.106281 -34.709948
v 13.942730 9.106281 -31.370052
v 14.668010 9.106281 -28.161663
v 15.393290 9.106281 -25.084783
v 16.118569 9.106281 -22.139409
v 16.843849 9.106281 -19.325544
v 17.569128 9.106281 -16.643186
v 18.294408 9.106281 -14.092335
v 19.019688 9.106281 -11.672992
v 19.744967 9.106281 -9.385157
v 20.470247 9.106281 -7.228830
v 21.195526 9.106281 -5.204010
v 21.920806 9.106281 -3.310698
v 22.646086 9.106281 -1.548893
v 23.371365 9.106281 0.081404
v 24.096645 9.106281 1.580193
v 24.821924 9.106281 2.947475
v 25.547204 9.106281 4.183249
v 26.272484 9.106281 5.287516
v 26.997763 9.106281 6.260275
v 27.723043 9.106281 7.101526
v 28.448322 9.106281 7.811270
v 29.173602 9.106281 8.389506
v 29.898882 9.106281 8.836234
v 30.624161 9.106281 9.151455
v 31.349441 9.106281 9.335168
v 32.074720 9.106281 9.387374
v 32.800000 9.106281 9.308071
v -36.826842 9.613872 -583.444061
v -36.101562 9.613872 -571.030139
v -35.376283 9.613872 -558.747724
v -34.651003 9.613872 -546.596817
v -33.925723 9.613872 -534.577417
v -33.200444 9.613872 -522.689526
v -32.475164 9.613872 -510.933141
v -31.749885 9.613872 -499.308265
v -31.024605 9.613872 -487.814896
v -30.299325 9.613872 -476.453035
v -29.574046 9.613872 -465.222681
v -28.848766 9.613872 -454.123835
v -28.123487 9.613872 -443.156497
v -27.398207 9.613872 -432.320666
v -26.672927 9.613872 -421.616343
v -25.947648 9.613872 -411.043527
v -25.222368 9.613872 -400.602219
v -24.497089 9.613872 -390.292419
v -23.771809 9.613872 -380.114126
v -23.046529 9.613872 -370.067341
v -22.321250 9.613872 -360.152064
v -21.595970 9.613872 -350.368294
v -20.870691 9.613872 -340.716032
v -20.145411 9.613872 -331.195277
v -19.420131 9.613872 -321.806030
v -18.694852 9.613872 -312.548291
v -17.969572 9.613872 -303.422059
v -17.244293 9.613872 -294.427335
v -16.519013 9.613872 -285.564119
v -15.793733 9.613872 -276.832410
v -15.068454 9.613872 -268.232209
v -14.343174 9.613872 -259.763515
v -13.617895 9.613872 -251.426330
v -12.892615 9.613872 -243.220651
v -12.167335 9.613872 -235.146481
v -11.442056 9.613872 -227.203818
v -10.716776 9.613872 -219.392662
v -9.991497 9.613872 -211.713014
v -9.266217 9.613872 -204.164874
v -8.540937 9.613872 -196.748242
v -7.815658 9.613872 -189.463117
v -7.090378 9.613872 -182.309499
v -6.365099 9.613872 -175.287390
v -5.639819 9.613872 -168.396788
v -4.914539 9.613872 -161.637693
v -4.189260 9.613872 -155.010107
v -3.463980 9.613872 -148.514027
v -2.738701 9.613872 -142.149456
v -2.013421 9.613872 -135.916392
v -1.288141 9.613872 -129.814836
v -0.562862 9.613872 -123.844787
v 0.162418 9.613872 -118.006246
v 0.887698 9.613872 -112.299213
v 1.612977 9.613872 -106.723687
v 2.338257 9.613872 -101.279669
v 3.063536 9.613872 -95.967158
v 3.788816 9.613872 -90.786155
v 4.514096 9.613872 -85.736660
v 5.239375 9.613872 -80.818672
v 5.964655 9.613872 -76.032192
v 6.689934 9.613872 -71.377220
v 7.415214 9.613872 -66.853755
v 8.140494 9.613872 -62.461798
v 8.865773 9.613872 -58.201348
v 9.591053 9.613872 -54.072407
v 10.316332 9.613872 -50.074972
v 11.041612 9.613872 -46.209046
v 11.766892 9.613872 -42.474627
v 12.492171 9.613872 -38.871715
v 13.217451 9.613872 -35.400311
v 13.942730 9.613872 -32.060415
v 14.668010 9.613872 -28.852027
v 15.393290 9.613872 -25.775146
v 16.118569 9.613872 -22.829773
v 16.843849 9.613872 -20.015907
v 17.569128 9.613872 -17.333549
v 18.294408 9.613872 -14.782699
v 19.019688 9.613872 -12.363356
v 19.744967 9.613872 -10.075521
v 20.470247 9.613872 -7.919193
v 21.195526 9.613872 -5.894373
v 21.920806 9.613872 -4.001061
v 22.646086 9.613872 -2.239256
v 23.371365 9.613872 -0.608959
v 24.096645 9.613872 0.889830
v 24.821924 9.613872 2.257112
v 25.547204 9.613872 3.492886
v 26.272484 9.613872 4.597153
v 26.997763 9.613872 5.569911
v 27.723043 9.613872 6.411163
v 28.448322 9.613872 7.120906
v 29.173602 9.613872 7.699142
v 29.898882 9.613872 8.145871
v 30.624161 9.613872 8.461092
v 31.349441 9.613872 8.644805
v 32.074720 9.613872 8.697010
v 32.800000 9.613872 8.617708
v -36.826842 10.121464 -584.392073
v -36.101562 10.121464 -571.978151
v -35.376283 10.121464 -559.695736
v -34.651003 10.121464 -547.544829
v -33.925723 10.121464 -535.525430
v -33.200444 10.121464 -523.637538
v -32.475164 10.121464 -511.881154
v -31.749885 10.121464 -500.256277
v -31.024605 10.121464 -488.762908
v -30.299325 10.121464 -477.401047
v -29.574046 10.121464 -466.170693
v -28.848766 10.121464 -455.071847
v -28.123487 10.121464 -444.104509
v -27.398207 10.121464 -433.268678
v -26.672927 10.121464 -422.564355
v -25.947648 10.121464 -411.991539
v -25.222368 10.121464 -401.550232
v -24.497089 10.121464 -391.240431
v -23.771809 10.121464 -381.062139
v -23.046529 10.121464 -371.015354
v -22.321250 10.121464 -361.100076
v -21.595970 10.121464 -351.316306
v -20.870691 10.121464 -341.664044
v -20.145411 10.121464 -332.143290
v -19.420131 10.121464 -322.754043
v -18.694852 10.121464 -313.496303
v -17.969572 10.121464 -304.370072
v -17.244293 10.121464 -295.375348
v -16.519013 10.121464 -286.512131
v -15.793733 10.121464 -277.780423
v -15.068454 10.121464 -269.180221
v -14.343174 10.121464 -260.711528
v -13.617895 10.121464 -252.374342
v -12.892615 10.121464 -244.168664
v -12.167335 10.121464 -236.094493
v -11.442056 10.121464 -228.151830
v -10.716776 10.121464 -220.340675
v -9.991497 10.121464 -212.661027
v -9.266217 10.121464 -205.112887
v -8.540937 10.121464 -197.696254
v -7.815658 10.121464 -190.411129
v -7.090378 10.121464 -183.257512
v -6.365099 10.121464 -176.235402
v -5.639819 10.121464 -169.344800
v -4.914539 10.121464 -162.585706
v -4.189260 10.121464 -155.958119
v -3.463980 10.121464 -149.462040
v -2.738701 10.121464 -143.097468
v -2.013421 10.121464 -136.864404
v -1.288141 10.121464 -130.762848
v -0.562862 10.121464 -124.792799
v 0.162418 10.121464 -118.954258
v 0.887698 10.121464 -113.247225
v 1.612977 10.121464 -107.671699
v 2.338257 10.121464 -102.227681
v 3.063536 10.121464 -96.915171
v 3.788816 10.121464 -91.734168
v 4.514096 10.121464 -86.684672
v 5.239375 10.121464 -81.766685
v 5.964655 10.121464 -76.980205
v 6.689934 10.121464 -72.325232
v 7.415214 10.121464 -67.801768
v 8.140494 10.121464 -63.409810
v 8.865773 10.121464 -59.149361
v 9.591053 10.121464 -55.020419
v 10.316332 10.121464 -51.022985
v 11.041612 10.121464 -47.157058
v 11.766892 10.121464 -43.422639
v 12.492171 10.121464 -39.819728
v 13.217451 10.121464 -36.348324
v 13.942730 10.121464 -33.008428
v 14.668010 10.121464 -29.800039
v 15.393290 10.121464 -26.723158
v 16.118569 10.121464 -23.777785
v 16.843849 10.121464 -20.963919
v 17.569128 10.121464 -18.281561
v 18.294408 10.121464 -15.730711
v 19.019688 10.121464 -13.311368
v 19.744967 10.121464 -11.023533
v 20.470247 10.121464 -8.867205
v 21.195526 10.121464 -6.842386
v 21.920806 10.121464 -4.949073
v 22.646086 10.121464 -3.187269
v 23.371365 10.121464 -1.556972
v 24.096645 10.121464 -0.058182
v 24.821924 10.121464 1.309100
v 25.547204 10.121464 2.544874
v 26.272484 10.121464 3.649140
v 26.997763 10.121464 4.621899
v 27.723043 10.121464 5.463150
v 28.448322 10.121464 6.172894
v 29.173602 10.121464 6.751130
v 29.898882 10.121464 7.197858
v 30.624161 10.121464 7.513079
v 31.349441 10.121464 7.696792
v 32.074720 10.121464 7.748998
v 32.800000 10.121464 7.669696
v -36.826842 10.629055 -585.597735
v -36.101562 10.629055 -573.183812
v -35.376283 10.629055 -560.901398
v -34.651003 10.629055 -548.750491
v -33.925723 10.629055 -536.731091
v -33.200444 10.629055 -524.843199
v -32.475164 10.629055 -513.086815
v -31.749885 10.629055 -501.461939
v -31.024605 10.629055 -489.968570
v -30.299325 10.629055 -478.606709
v -29.574046 10.629055 -467.376355
v -28.848766 10.629055 -456.277509
v -28.123487 10.629055 -445.310170
v -27.398207 10.629055 -434.474340
v -26.672927 10.629055 -423.770016
v -25.947648 10.629055 -413.197201
v -25.222368 10.629055 -402.755893
v -24.497089 10.629055 -392.446093
v -23.771809 10.629055 -382.267800
v -23.046529 10.629055 -372.221015
v -22.321250 10.629055 -362.305738
v -21.595970 10.629055 -352.521968
v -20.870691 10.629055 -342.869706
v -20.145411 10.629055 -333.348951
v -19.420131 10.629055 -323.959704
v -18.694852 10.629055 -314.701965
v -17.969572 10.629055 -305.575733
v -17.244293 10.629055 -296.581009
v -16.519013 10.629055 -287.717793
v -15.793733 10.629055 -278.986084
v -15.068454 10.629055 -270.385883
v -14.343174 10.629055 -261.917189
v -13.617895 10.629055 -253.580003
v -12.892615 10.629055 -245.374325
v -12.167335 10.629055 -237.300154
v -11.442056 10.629055 -229.357491
v -10.716776 10.629055 -221.546336
v -9.991497 10.629055 -213.866688
v -9.266217 10.629055 -206.318548
v -8.540937 10.629055 -198.901916
v -7.815658 10.629055 -191.616791
v -7.090378 10.629055 -184.463173
v -6.365099 10.629055 -177.441064
v -5.639819 10.629055 -170.550462
v -4.914539 10.629055 -163.791367
v -4.189260 10.629055 -157.163780
v -3.463980 10.629055 -150.667701
v -2.738701 10.629055 -144.303130
v -2.013421 10.629055 -138.070066
v -1.288141 10.629055 -131.968510
v -0.562862 10.629055 -125.998461
v 0.162418 10.629055 -120.159920
v 0.887698 10.629055 -114.452887
v 1.612977 10.629055 -108.877361
v 2.338257 10.629055 -103.433343
v 3.063536 10.629055 -98.120832
v 3.788816 10.629055 -92.939829
v 4.514096 10.629055 -87.890334
v 5.239375 10.629055 -82.972346
v 5.964655 10.629055 -78.185866
v 6.689934 10.629055 -73.530894
v 7.415214 10.629055 -69.007429
v 8.140494 10.629055 -64.615472
v 8.865773 10.629055 -60.355022
v 9.591053 10.629055 -56.226080
v 10.316332 10.629055 -52.228646
v 11.041612 10.629055 -48.362720
v 11.766892 10.629055 -44.628300
v 12.492171 10.629055 -41.025389
v 13.217451 10.629055 -37.553985
v 13.942730 10.629055 -34.214089
v 14.668010 10.629055 -31.005701
v 15.393290 10.629055 -27.928820
v 16.118569 10.629055 -24.983446
v 16.843849 10.629055 -22.169581
v 17.569128 10.629055 -19.487223
v 18.294408 10.629055 -16.936372
v 19.019688 10.629055 -14.517030
v 19.744967 10.629055 -12.229194
v 20.470247 10.629055 -10.072867
v 21.195526 10.629055 -8.048047
v 21.920806 10.629055 -6.154735
v 22.646086 10.629055 -4.392930
v 23.371365 10.629055 -2.762633
v 24.096645 10.629055 -1.263844
v 24.821924 10.629055 0.103438
v 25.547204 10.629055 1.339212
v 26.272484 10.629055 2.443479
v 26.997763 10.629055 3.416238
v 27.723043 10.629055 4.257489
v 28.448322 10.629055 4.967233
v 29.173602 10.629055 5.545469
v 29.898882 10.629055 5.992197
v 30.624161 10.629055 6.307418
v 31.349441 10.629055 6.491131
v 32.074720 10.629055 6.543336
v 32.800000 10.629055 6.464034
v -36.826842 11.136647 -587.061045
v -36.101562 11.136647 -574.647123
v -35.376283 11.136647 -562.364708
v -34.651003 11.136647 -550.213801
v -33.925723 11.136647 -538.194402
v -33.200444 11.136647 -526.306510
v -32.475164 11.136647 -514.550126
v -31.749885 11.136647 -502.925249
v -31.024605 11.136647 -491.431880
v -30.299325 11.136647 -480.070019
v -29.574046 11.136647 -468.839666
v -28.848766 11.136647 -457.740819
v -28.123487 11.136647 -446.773481
v -27.398207 11.136647 -435.937650
v -26.672927 11.136647 -425.233327
v -25.947648 11.136647 -414.660512
v -25.222368 11.136647 -404.219204
v -24.497089 11.136647 -393.909403
v -23.771809 11.136647 -383.731111
v -23.046529 11.136647 -373.684326
v -22.321250 11.136647 -363.769048
v -21.595970 11.136647 -353.985278
v -20.870691 11.136647 -344.333016
v -20.145411 11.136647 -334.812262
v -19.420131 11.136647 -325.423015
v -18.694852 11.136647 -316.165276
v -17.969572 11.136647 -307.039044
v -17.244293 11.136647 -298.044320
v -16.519013 11.136647 -289.181103
v -15.793733 11.136647 -280.449395
v -15.068454 11.136647 -271.849193
v -14.343174 11.136647 -263.380500
v -13.617895 11.136647 -255.043314
v -12.892615 11.136647 -246.837636
v -12.167335 11.136647 -238.763465
v -11.442056 11.136647 -230.820802
v -10.716776 11.136647 -223.009647
v -9.991497 11.136647 -215.329999
v -9.266217 11.136647 -207.781859
v -8.540937 11.136647 -200.365226
v -7.815658 11.136647 -193.080101
v -7.090378 11.136647 -185.926484
v -6.365099 11.136647 -178.904374
v -5.639819 11.136647 -172.013772
v -4.914539 11.136647 -165.254678
v -4.189260 11.136647 -158.627091
v -3.463980 11.136647 -152.131012
v -2.738701 11.136647 -145.766440
v -2.013421 11.136647 -139.533377
v -1.288141 11.136647 -133.431820
v -0.562862 11.136647 -127.461772
v 0.162418 11.136647 -121.623231
v 0.887698 11.136647 -115.916197
v 1.612977 11.136647 -110.340671
v 2.338257 11.136647 -104.896653
v 3.063536 11.136647 -99.584143
v 3.788816 11.136647 -94.403140
v 4.514096 11.136647 -89.353644
v 5.239375 11.136647 -84.435657
v 5.964655 11.136647 -79.649177
v 6.689934 11.136647 -74.994204
v 7.415214 11.136647 -70.470740
v 8.140494 11.136647 -66.078782
v 8.865773 11.136647 -61.818333
v 9.591053 11.136647 -57.689391
v 10.316332 11.136647 -53.691957
v 11.041612 11.136647 -49.826030
v 11.766892 11.136647 -46.091611
v 12.492171 11.136647 -42.488700
v 13.217451 11.136647 -39.017296
v 13.942730 11.136647 -35.677400
v 14.668010 11.136647 -32.469011
v 15.393290 11.136647 -29.392130
v 16.118569 11.136647 -26.446757
v 16.843849 11.136647 -23.632891
v 17.569128 11.136647 -20.950533
v 18.294408 11.136647 -18.399683
v 19.019688 11.136647 -15.980340
v 19.744967 11.136647 -13.692505
v 20.470247 11.136647 -11.536178
v 21.195526 11.136647 -9.511358
v 21.920806 11.136647 -7.618045
v 22.646086 11.136647 -5.856241
v 23.371365 11.136647 -4.225944
v 24.096645 11.136647 -2.727154
v 24.821924 11.136647 -1.359873
v 25.547204 11.136647 -0.124098
v 26.272484 11.136647 0.980168
v 26.997763 11.136647 1.952927
v 27.723043 11.136647 2.794178
v 28.448322 11.136647 3.503922
v 29.173602 11.136647 4.082158
v 29.898882 11.136647 4.528886
v 30.624161 11.136647 4.844107
v 31.349441 11.136647 5.027820
v 32.074720 11.136647 5.080026
v 32.800000 11.136647 5.000724
v -36.826842 11.644238 -588.782005
v -36.101562 11.644238 -576.368083
v -35.376283 11.644238 -564.085668
v -34.651003 11.644238 -551.934761
v -33.925723 11.644238 -539.915362
v -33.200444 11.644238 -528.027470
v -32.475164 11.644238 -516.271086
v -31.749885 11.644238 -504.646209
v -31.024605 11.644238 -493.152840
v -30.299325 11.644238 -481.790979
v -29.574046 11.644238 -470.560625
v -28.848766 11.644238 -459.461779
v -28.123487 11.644238 -448.494441
v -27.398207 11.644238 -437.658610
v -26.672927 11.644238 -426.954287
v -25.947648 11.644238 -416.381471
v -25.222368 11.644238 -405.940163
v -24.497089 11.644238 -395.630363
v -23.771809 11.644238 -385.452070
v -23.046529 11.644238 -375.405285
v -22.321250 11.644238 -365.490008
v -21.595970 11.644238 -355.706238
v -20.870691 11.644238 -346.053976
v -20.145411 11.644238 -336.533221
v -19.420131 11.644238 -327.143975
v -18.694852 11.644238 -317.886235
v -17.969572 11.644238 -308.760004
v -17.244293 11.644238 -299.765280
v -16.519013 11.644238 -290.902063
v -15.793733 11.644238 -282.170354
v -15.068454 11.644238 -273.570153
v -14.343174 11.644238 -265.101460
v -13.617895 11.644238 -256.764274
v -12.892615 11.644238 -248.558595
v -12.167335 11.644238 -240.484425
v -11.442056 11.644238 -232.541762
v -10.716776 11.644238 -224.730606
v -9.991497 11.644238 -217.050959
v -9.266217 11.644238 -209.502818
v -8.540937 11.644238 -202.086186
v -7.815658 11.644238 -194.801061
v -7.090378 11.644238 -187.647444
v -6.365099 11.644238 -180.625334
v -5.639819 11.644238 -173.734732
v -4.914539 11.644238 -166.975638
v -4.189260 11.644238 -160.348051
v -3.463980 11.644238 -153.851972
v -2.738701 11.644238 -147.487400
v -2.013421 11.644238 -141.254336
v -1.288141 11.644238 -135.152780
v -0.562862 11.644238 -129.182731
v 0.162418 11.644238 -123.344190
v 0.887698 11.644238 -117.637157
v 1.612977 11.644238 -112.061631
v 2.338257 11.644238 -106.617613
v 3.063536 11.644238 -101.305102
v 3.788816 11.644238 -96.124099
v 4.514096 11.644238 -91.074604
v 5.239375 11.644238 -86.156617
v 5.964655 11.644238 -81.370137
v 6.689934 11.644238 -76.715164
v 7.415214 11.644238 -72.191699
v 8.140494 11.644238 -67.799742
v 8.865773 11.644238 -63.539293
v 9.591053 11.644238 -59.410351
v 10.316332 11.644238 -55.412916
v 11.041612 11.644238 -51.546990
v 11.766892 11.644238 -47.812571
v 12.492171 11.644238 -44.209659
v 13.217451 11.644238 -40.738256
v 13.942730 11.644238 -37.398359
v 14.668010 11.644238 -34.189971
v 15.393290 11.644238 -31.113090
v 16.118569 11.644238 -28.167717
v 16.843849 11.644238 -25.353851
v 17.569128 11.644238 -22.671493
v 18.294408 11.644238 -20.120643
v 19.019688 11.644238 -17.701300
v 19.744967 11.644238 -15.413465
v 20.470247 11.644238 -13.257137
v 21.195526 11.644238 -11.232317
v 21.920806 11.644238 -9.339005
v 22.646086 11.644238 -7.577200
v 23.371365 11.644238 -5.946903
v 24.096645 11.644238 -4.448114
v 24.821924 11.644238 -3.080832
v 25.547204 11.644238 -1.845058
v 26.272484 11.644238 -0.740792
v 26.997763 11.644238 0.231967
v 27.723043 11.644238 1.073219
v 28.448322 11.644238 1.782962
v 29.173602 11.644238 2.361198
v 29.898882 11.644238 2.807927
v 30.624161 11.644238 3.123147
v 31.349441 11.644238 3.306861
v 32.074720 11.644238 3.359066
v 32.800000 11.644238 3.279764
v -36.826842 12.151830 -590.760614
v -36.101562 12.151830 -578.346692
v -35.376283 12.151830 -566.064277
v -34.651003 12.151830 -553.913370
v -33.925723 12.151830 -541.893970
v -33.200444 12.151830 -530.006079
v -32.475164 12.151830 -518.249695
v -31.749885 12.151830 -506.624818
v -31.024605 12.151830 -495.131449
v -30.299325 12.151830 -483.769588
v -29.574046 12.151830 -472.539234
v -28.848766 12.151830 -461.440388
v -28.123487 12.151830 -450.473050
v -27.398207 12.151830 -439.637219
v -26.672927 12.151830 -428.932896
v -25.947648 12.151830 -418.360080
v -25.222368 12.151830 -407.918772
v -24.497089 12.151830 -397.608972
v -23.771809 12.151830 -387.430679
v -23.046529 12.151830 -377.383894
v -22.321250 12.151830 -367.468617
v -21.595970 12.151830 -357.684847
v -20.870691 12.151830 -348.032585
v -20.145411 12.151830 -338.511830
v -19.420131 12.151830 -329.122583
v -18.694852 12.151830 -319.864844
v -17.969572 12.151830 -310.738612
v -17.244293 12.151830 -301.743888
v -16.519013 12.151830 -292.880672
v -15.793733 12.151830 -284.148963
v -15.068454 12.151830 -275.548762
v -14.343174 12.151830 -267.080069
v -13.617895 12.151830 -258.742883
v -12.892615 12.151830 -250.537204
v -12.167335 12.151830 -242.463034
v -11.442056 12.151830 -234.520371
v -10.716776 12.151830 -226.709215
v -9.991497 12.151830 -219.029567
v -9.266217 12.151830 -211.481427
v -8.540937 12.151830 -204.064795
v -7.815658 12.151830 -196.779670
v -7.090378 12.151830 -189.626053
v -6.365099 12.151830 -182.603943
v -5.639819 12.151830 -175.713341
v -4.914539 12.151830 -168.954246
v -4.189260 12.151830 -162.326660
v -3.463980 12.151830 -155.830581
v -2.738701 12.151830 -149.466009
v -2.013421 12.151830 -143.232945
v -1.288141 12.151830 -137.131389
v -0.562862 12.151830 -131.161340
v 0.162418 12.151830 -125.322799
v 0.887698 12.151830 -119.615766
v 1.612977 12.151830 -114.040240
v 2.338257 12.151830 -108.596222
v 3.063536 12.151830 -103.283711
v 3.788816 12.151830 -98.102708
v 4.514096 12.151830 -93.053213
v 5.239375 12.151830 -88.135225
v 5.964655 12.151830 -83.348745
v 6.689934 12.151830 -78.693773
v 7.415214 12.151830 -74.170308
v 8.140494 12.151830 -69.778351
v 8.865773 12.151830 -65.517902
v 9.591053 12.151830 -61.388960
v 10.316332 12.151830 -57.391525
v 11.041612 12.151830 -53.525599
v 11.766892 12.151830 -49.791180
v 12.492171 12.151830 -46.188268
v 13.217451 12.151830 -42.716864
v 13.942730 12.151830 -39.376968
v 14.668010 12.151830 -36.168580
v 15.393290 12.151830 -33.091699
v 16.118569 12.151830 -30.146326
v 16.843849 12.151830 -27.332460
v 17.569128 12.151830 -24.650102
v 18.294408 12.151830 -22.099252
v 19.019688 12.151830 -19.679909
v 19.744967 12.151830 -17.392074
v 20.470247 12.151830 -15.235746
v 21.195526 12.151830 -13.210926
v 21.920806 12.151830 -11.317614
v 22.646086 12.151830 -9.555809
v 23.371365 12.151830 -7.925512
v 24.096645 12.151830 -6.426723
v 24.821924 12.151830 -5.059441
v 25.547204 12.151830 -3.823667
v 26.272484 12.151830 -2.719400
v 26.997763 12.151830 -1.746642
v 27.723043 12.151830 -0.905390
v 28.448322 12.151830 -0.195647
v 29.173602 12.151830 0.382589
v 29.898882 12.151830 0.829318
v 30.624161 12.151830 1.144539
v 31.349441 12.151830 1.328252
v 32.074720 12.151830 1.380457
v 32.800000 12.151830 1.301155
v -36.826842 12.659421 -592.996872
v -36.101562 12.659421 -580.582950
v -35.376283 12.659421 -568.300535
v -34.651003 12.659421 -556.149628
v -33.925723 12.659421 -544.130228
v -33.200444 12.659421 -532.242337
v -32.475164 12.659421 -520.485952
v -31.749885 12.659421 -508.861076
v -31.024605 12.659421 -497.367707
v -30.299325 12.659421 -486.005846
v -29.574046 12.659421 -474.775492
v -28.848766 12.659421 -463.676646
v -28.123487 12.659421 -452.709308
v -27.398207 12.659421 -441.873477
v -26.672927 12.659421 -431.169154
v -25.947648 12.659421 -420.596338
v -25.222368 12.659421 -410.155030
v -24.497089 12.659421 -399.845230
v -23.771809 12.659421 -389.666937
v -23.046529 12.659421 -379.620152
v -22.321250 12.659421 -369.704875
v -21.595970 12.659421 -359.921105
v -20.870691 12.659421 -350.268843
v -20.145411 12.659421 -340.748088
v -19.420131 12.659421 -331.358841
v -18.694852 12.659421 -322.101102
v -17.969572 12.659421 -312.974870
v -17.244293 12.659421 -303.980146
v -16.519013 12.659421 -295.116930
v -15.793733 12.659421 -286.385221
v -15.068454 12.659421 -277.785020
v -14.343174 12.659421 -269.316326
v -13.617895 12.659421 -260.979141
v -12.892615 12.659421 -252.773462
v -12.167335 12.659421 -244.699292
v -11.442056 12.659421 -236.756629
v -10.716776 12.659421 -228.945473
v -9.991497 12.659421 -221.265825
v -9.266217 12.659421 -213.717685
v -8.540937 12.659421 -206.301053
v -7.815658 12.659421 -199.015928
v -7.090378 12.659421 -191.862311
v -6.365099 12.659421 -184.840201
v -5.639819 12.659421 -177.949599
v -4.914539 12.659421 -171.190504
v -4.189260 12.659421 -164.562918
v -3.463980 12.659421 -158.066838
v -2.738701 12.659421 -151.702267
v -2.013421 12.659421 -145.469203
v -1.288141 12.659421 -139.367647
v -0.562862 12.659421 -133.397598
v 0.162418 12.659421 -127.559057
v 0.887698 12.659421 -121.852024
v 1.612977 12.659421 -116.276498
v 2.338257 12.659421 -110.832480
v 3.063536 12.659421 -105.519969
v 3.788816 12.659421 -100.338966
v 4.514096 12.659421 -95.289471
v 5.239375 12.659421 -90.371483
v 5.964655 12.659421 -85.585003
v 6.689934 12.659421 -80.930031
v 7.415214 12.659421 -76.406566
v 8.140494 12.659421 -72.014609
v 8.865773 12.659421 -67.754159
v 9.591053 12.659421 -63.625218
v 10.316332 12.659421 -59.627783
v 11.041612 12.659421 -55.761857
v 11.766892 12.659421 -52.027438
v 12.492171 12.659421 -48.424526
v 13.217451 12.659421 -44.953122
v 13.942730 12.659421 -41.613226
v 14.668010 12.659421 -38.404838
v 15.393290 12.659421 -35.327957
v 16.118569 12.659421 -32.382584
v 16.843849 12.659421 -29.568718
v 17.569128 12.659421 -26.886360
v 18.294408 12.659421 -24.335510
v 19.019688 12.659421 -21.916167
v 19.744967 12.659421 -19.628332
v 20.470247 12.659421 -17.472004
v 21.195526 12.659421 -15.447184
v 21.920806 12.659421 -13.553872
v 22.646086 12.659421 -11.792067
v 23.371365 12.659421 -10.161770
v 24.096645 12.659421 -8.662981
v 24.821924 12.659421 -7.295699
v 25.547204 12.659421 -6.059925
v 26.272484 12.659421 -4.955658
v 26.997763 12.659421 -3.982900
v 27.723043 12.659421 -3.141648
v 28.448322 12.659421 -2.431905
v 29.173602 12.659421 -1.853669
v 29.898882 12.659421 -1.406940
v 30.624161 12.659421 -1.091719
v 31.349441 12.659421 -0.908006
v 32.074720 12.659421 -0.855801
v 32.800000 12.659421 -0.935103
v -36.826842 13.167013 -595.490779
v -36.101562 13.167013 -583.076857
v -35.376283 13.167013 -570.794442
v -34.651003 13.167013 -558.643535
v -33.925723 13.167013 -546.624136
v -33.200444 13.167013 -534.736244
v -32.475164 13.167013 -522.979860
v -31.749885 13.167013 -511.354983
v -31.024605 13.167013 -499.861614
v -30.299325 13.167013 -488.499753
v -29.574046 13.167013 -477.269399
v -28.848766 13.167013 -466.170553
v -28.123487 13.167013 -455.203215
v -27.398207 13.167013 -444.367384
v -26.672927 13.167013 -433.663061
v -25.947648 13.167013 -423.090245
v -25.222368 13.167013 -412.648937
v -24.497089 13.167013 -402.339137
v -23.771809 13.167013 -392.160844
v -23.046529 13.167013 -382.114059
v -22.321250 13.167013 -372.198782
v -21.595970 13.167013 -362.415012
v -20.870691 13.167013 -352.762750
v -20.145411 13.167013 -343.241995
v -19.420131 13.167013 -333.852748
v -18.694852 13.167013 -324.595009
v -17.969572 13.167013 -315.468777
v -17.244293 13.167013 -306.474053
v -16.519013 13.167013 -297.610837
v -15.793733 13.167013 -288.879128
v -15.068454 13.167013 -280.278927
v -14.343174 13.167013 -271.810234
v -13.617895 13.167013 -263.473048
v -12.892615 13.167013 -255.267369
v -12.167335 13.167013 -247.193199
v -11.442056 13.167013 -239.250536
v -10.716776 13.167013 -231.439380
v -9.991497 13.167013 -223.759732
v -9.266217 13.167013 -216.211592
v -8.540937 13.167013 -208.794960
v -7.815658 13.167013 -201.509835
v -7.090378 13.167013 -194.356218
v -6.365099 13.167013 -187.334108
v -5.639819 13.167013 -180.443506
v -4.914539 13.167013 -173.684411
v -4.189260 13.167013 -167.056825
v -3.463980 13.167013 -160.560746
v -2.738701 13.167013 -154.196174
v -2.013421 13.167013 -147.963110
v -1.288141 13.167013 -141.861554
v -0.562862 13.167013 -135.891505
v 0.162418 13.167013 -130.052964
v 0.887698 13.167013 -124.345931
v 1.612977 13.167013 -118.770405
v 2.338257 13.167013 -113.326387
v 3.063536 13.167013 -108.013876
v 3.788816 13.167013 -102.832873
v 4.514096 13.167013 -97.783378
v 5.239375 13.167013 -92.865390
v 5.964655 13.167013 -88.078910
v 6.689934 13.167013 -83.423938
v 7.415214 13.167013 -78.900473
v 8.140494 13.167013 -74.508516
v 8.865773 13.167013 -70.248067
v 9.591053 13.167013 -66.119125
v 10.316332 13.167013 -62.121690
v 11.041612 13.167013 -58.255764
v 11.766892 13.167013 -54.521345
v 12.492171 13.167013 -50.918433
v 13.217451 13.167013 -47.447030
v 13.942730 13.167013 -44.107133
v 14.668010 13.167013 -40.898745
v 15.393290 13.167013 -37.821864
v 16.118569 13.167013 -34.876491
v 16.843849 13.167013 -32.062625
v 17.569128 13.167013 -29.380267
v 18.294408 13.167013 -26.829417
v 19.019688 13.167013 -24.410074
v 19.744967 13.167013 -22.122239
v 20.470247 13.167013 -19.965911
v 21.195526 13.167013 -17.941091
v 21.920806 13.167013 -16.047779
v 22.646086 13.167013 -14.285974
v 23.371365 13.167013 -12.655677
v 24.096645 13.167013 -11.156888
v 24.821924 13.167013 -9.789606
v 25.547204 13.167013 -8.553832
v 26.272484 13.167013 -7.449565
v 26.997763 13.167013 -6.476807
v 27.723043 13.167013 -5.635555
v 28.448322 13.167013 -4.925812
v 29.173602 13.167013 -4.347576
v 29.898882 13.167013 -3.900847
v 30.624161 13.167013 -3.585627
v 31.349441 13.167013 -3.401913
v 32.074720 13.167013 -3.349708
v 32.800000 13.167013 -3.429010
v -36.826842 13.674604 -598.242335
v -36.101562 13.674604 -585.828413
v -35.376283 13.674604 -573.545998
v -34.651003 13.674604 -561.395091
v -33.925723 13.674604 -549.375692
v -33.200444 13.674604 -537.487800
v -32.475164 13.674604 -525.731416
v -31.749885 13.674604 -514.106539
v -31.024605 13.674604 -502.613170
v -30.299325 13.674604 -491.251309
v -29.574046 13.674604 -480.020955
v -28.848766 13.674604 -468.922109
v -28.123487 13.674604 -457.954771
v -27.398207 13.674604 -447.118940
v -26.672927 13.674604 -436.414617
v -25.947648 13.674604 -425.841801
v -25.222368 13.674604 -415.400493
v -24.497089 13.674604 -405.090693
v -23.771809 13.674604 -394.912400
v -23.046529 13.674604 -384.865615
v -22.321250 13.674604 -374.950338
v -21.595970 13.674604 -365.166568
v -20.870691 13.674604 -355.514306
v -20.145411 13.674604 -345.993552
v -19.420131 13.674604 -336.604305
v -18.694852 13.674604 -327.346565
v -17.969572 13.674604 -318.220334
v -17.244293 13.674604 -309.225610
v -16.519013 13.674604 -300.362393
v -15.793733 13.674604 -291.630684
v -15.068454 13.674604 -283.030483
v -14.343174 13.674604 -274.561790
v -13.617895 13.674604 -266.224604
v -12.892615 13.674604 -258.018926
v -12.167335 13.674604 -249.944755
v -11.442056 13.674604 -242.002092
v -10.716776 13.674604 -234.190936
v -9.991497 13.674604 -226.511289
v -9.266217 13.674604 -218.963148
v -8.540937 13.674604 -211.546516
v -7.815658 13.674604 -204.261391
v -7.090378 13.674604 -197.107774
v -6.365099 13.674604 -190.085664
v -5.639819 13.674604 -183.195062
v -4.914539 13.674604 -176.435968
v -4.189260 13.674604 -169.808381
v -3.463980 13.674604 -163.312302
v -2.738701 13.674604 -156.947730
v -2.013421 13.674604 -150.714666
v -1.288141 13.674604 -144.613110
v -0.562862 13.674604 -138.643061
v 0.162418 13.674604 -132.804520
v 0.887698 13.674604 -127.097487
v 1.612977 13.674604 -121.521961
v 2.338257 13.674604 -116.077943
v 3.063536 13.674604 -110.765432
v 3.788816 13.674604 -105.584430
v 4.514096 13.674604 -100.534934
v 5.239375 13.674604 -95.616947
v 5.964655 13.674604 -90.830467
v 6.689934 13.674604 -86.175494
v 7.415214 13.674604 -81.652029
v 8.140494 13.674604 -77.260072
v 8.865773 13.674604 -72.999623
v 9.591053 13.674604 -68.870681
v 10.316332 13.674604 -64.873247
v 11.041612 13.674604 -61.007320
v 11.766892 13.674604 -57.272901
v 12.492171 13.674604 -53.669989
v 13.217451 13.674604 -50.198586
v 13.942730 13.674604 -46.858690
v 14.668010 13.674604 -43.650301
v 15.393290 13.674604 -40.573420
v 16.118569 13.674604 -37.628047
v 16.843849 13.674604 -34.814181
v 17.569128 13.674604 -32.131823
v 18.294408 13.674604 -29.580973
v 19.019688 13.674604 -27.161630
v 19.744967 13.674604 -24.873795
v 20.470247 13.674604 -22.717467
v 21.195526 13.674604 -20.692647
v 21.920806 13.674604 -18.799335
v 22.646086 13.674604 -17.037531
v 23.371365 13.674604 -15.407234
v 24.096645 13.674604 -13.908444
v 24.821924 13.674604 -12.541162
v 25.547204 13.674604 -11.305388
v 26.272484 13.674604 -10.201122
v 26.997763 13.674604 -9.228363
v 27.723043 13.674604 -8.387112
v 28.448322 13.674604 -7.677368
v 29.173602 13.674604 -7.099132
v 29.898882 13.674604 -6.652403
v 30.624161 13.674604 -6.337183
v 31.349441 13.674604 -6.153470
v 32.074720 13.674604 -6.101264
v 32.800000 13.674604 -6.180566
v -36.826842 14.182196 -601.251540
v -36.101562 14.182196 -588.837618
v -35.376283 14.182196 -576.555203
v -34.651003 14.182196 -564.404296
v -33.925723 14.182196 -552.384897
v -33.200444 14.182196 -540.497005
v -32.475164 14.182196 -528.740621
v -31.749885 14.182196 -517.115744
v -31.024605 14.182196 -505.622376
v -30.299325 14.182196 -494.260514
v -29.574046 14.182196 -483.030161
v -28.848766 14.182196 -471.931315
v -28.123487 14.182196 -460.963976
v -27.398207 14.182196 -450.128145
v -26.672927 14.182196 -439.423822
v -25.947648 14.182196 -428.851007
v -25.222368 14.182196 -418.409699
v -24.497089 14.182196 -408.099898
v -23.771809 14.182196 -397.921606
v -23.046529 14.182196 -387.874821
v -22.321250 14.182196 -377.959543
v -21.595970 14.182196 -368.175774
v -20.870691 14.182196 -358.523511
v -20.145411 14.182196 -349.002757
v -19.420131 14.182196 -339.613510
v -18.694852 14.182196 -330.355771
v -17.969572 14.182196 -321.229539
v -17.244293 14.182196 -312.234815
v -16.519013 14.182196 -303.371599
v -15.793733 14.182196 -294.639890
v -15.068454 14.182196 -286.039689
v -14.343174 14.182196 -277.570995
v -13.617895 14.182196 -269.233809
v -12.892615 14.182196 -261.028131
v -12.167335 14.182196 -252.953960
v -11.442056 14.182196 -245.011297
v -10.716776 14.182196 -237.200142
v -9.991497 14.182196 -229.520494
v -9.266217 14.182196 -221.972354
v -8.540937 14.182196 -214.555721
v -7.815658 14.182196 -207.270596
v -7.090378 14.182196 -200.116979
v -6.365099 14.182196 -193.094869
v -5.639819 14.182196 -186.204267
v -4.914539 14.182196 -179.445173
v -4.189260 14.182196 -172.817586
v -3.463980 14.182196 -166.321507
v -2.738701 14.182196 -159.956936
v -2.013421 14.182196 -153.723872
v -1.288141 14.182196 -147.622315
v -0.562862 14.182196 -141.652267
v 0.162418 14.182196 -135.813726
v 0.887698 14.182196 -130.106692
v 1.612977 14.182196 -124.531166
v 2.338257 14.182196 -119.087148
v 3.063536 14.182196 -113.774638
v 3.788816 14.182196 -108.593635
v 4.514096 14.182196 -103.544140
v 5.239375 14.182196 -98.626152
v 5.964655 14.182196 -93.839672
v 6.689934 14.182196 -89.184700
v 7.415214 14.182196 -84.661235
v 8.140494 14.182196 -80.269278
v 8.865773 14.182196 -76.008828
v 9.591053 14.182196 -71.879886
v 10.316332 14.182196 -67.882452
v 11.041612 14.182196 -64.016525
v 11.766892 14.182196 -60.282106
v 12.492171 14.182196 -56.679195
v 13.217451 14.182196 -53.207791
v 13.942730 14.182196 -49.867895
v 14.668010 14.182196 -46.659506
v 15.393290 14.182196 -43.582625
v 16.118569 14.182196 -40.637252
v 16.843849 14.182196 -37.823387
v 17.569128 14.182196 -35.141028
v 18.294408 14.182196 -32.590178
v 19.019688 14.182196 -30.170835
v 19.744967 14.182196 -27.883000
v 20.470247 14.182196 -25.726673
v 21.195526 14.182196 -23.701853
v 21.920806 14.182196 -21.808540
v 22.646086 14.182196 -20.046736
v 23.371365 14.182196 -18.416439
v 24.096645 14.182196 -16.917649
v 24.821924 14.182196 -15.550368
v 25.547204 14.182196 -14.314594
v 26.272484 14.182196 -13.210327
v 26.997763 14.182196 -12.237568
v 27.723043 14.182196 -11.396317
v 28.448322 14.182196 -10.686573
v 29.173602 14.182196 -10.108337
v 29.898882 14.182196 -9.661609
v 30.624161 14.182196 -9.346388
v 31.349441 14.182196 -9.162675
v 32.074720 14.182196 -9.110469
v 32.800000 14.182196 -9.189771
v -36.826842 14.689787 -604.518395
v -36.101562 14.689787 -592.104473
v -35.376283 14.689787 -579.822058
v -34.651003 14.689787 -567.671151
v -33.925723 14.689787 -555.651751
v -33.200444 14.689787 -543.763860
v -32.475164 14.689787 -532.007475
v -31.749885 14.689787 -520.382599
v -31.024605 14.689787 -508.889230
v -30.299325 14.689787 -497.527369
v -29.574046 14.689787 -486.297015
v -28.848766 14.689787 -475.198169
v -28.123487 14.689787 -464.230831
v -27.398207 14.689787 -453.395000
v -26.672927 14.689787 -442.690677
v -25.947648 14.689787 -432.117861
v -25.222368 14.689787 -421.676553
v -24.497089 14.689787 -411.366753
v -23.771809 14.689787 -401.188460
v -23.046529 14.689787 -391.141675
v -22.321250 14.689787 -381.226398
v -21.595970 14.689787 -371.442628
v -20.870691 14.689787 -361.790366
v -20.145411 14.689787 -352.269611
v -19.420131 14.689787 -342.880364
v -18.694852 14.689787 -333.622625
v -17.969572 14.689787 -324.496393
v -17.244293 14.689787 -315.501669
v -16.519013 14.689787 -306.638453
v -15.793733 14.689787 -297.906744
v -15.068454 14.689787 -289.306543
v -14.343174 14.689787 -280.837849
v -13.617895 14.689787 -272.500664
v -12.892615 14.689787 -264.294985
v -12.167335 14.689787 -256.220815
v -11.442056 14.689787 -248.278152
v -10.716776 14.689787 -240.466996
v -9.991497 14.689787 -232.787348
v -9.266217 14.689787 -225.239208
v -8.540937 14.689787 -217.822576
v -7.815658 14.689787 -210.537451
v -7.090378 14.689787 -203.383834
v -6.365099 14.689787 -196.361724
v -5.639819 14.689787 -189.471122
v -4.914539 14.689787 -182.712027
v -4.189260 14.689787 -176.084441
v -3.463980 14.689787 -169.588361
v -2.738701 14.689787 -163.223790
v -2.013421 14.689787 -156.990726
v -1.288141 14.689787 -150.889170
v -0.562862 14.689787 -144.919121
v 0.162418 14.689787 -139.080580
v 0.887698 14.689787 -133.373547
v 1.612977 14.689787 -127.798021
v 2.338257 14.689787 -122.354003
v 3.063536 14.689787 -117.041492
v 3.788816 14.689787 -111.860489
v 4.514096 14.689787 -106.810994
v 5.239375 14.689787 -101.893006
v 5.964655 14.689787 -97.106526
v 6.689934 14.689787 -92.451554
v 7.415214 14.689787 -87.928089
v 8.140494 14.689787 -83.536132
v 8.865773 14.689787 -79.275682
v 9.591053 14.689787 -75.146741
v 10.316332 14.689787 -71.149306
v 11.041612 14.689787 -67.283380
v 11.766892 14.689787 -63.548961
v 12.492171 14.689787 -59.946049
v 13.217451 14.689787 -56.474645
v 13.942730 14.689787 -53.134749
v 14.668010 14.689787 -49.926361
v 15.393290 14.689787 -46.849480
v 16.118569 14.689787 -43.904107
v 16.843849 14.689787 -41.090241
v 17.569128 14.689787 -38.407883
v 18.294408 14.689787 -35.857033
v 19.019688 14.689787 -33.437690
v 19.744967 14.689787 -31.149855
v 20.470247 14.689787 -28.993527
v 21.195526 14.689787 -26.968707
v 21.920806 14.689787 -25.075395
v 22.646086 14.689787 -23.313590
v 23.371365 14.689787 -21.683293
v 24.096645 14.689787 -20.184504
v 24.821924 14.689787 -18.817222
v 25.547204 14.689787 -17.581448
v 26.272484 14.689787 -16.477181
v 26.997763 14.689787 -15.504423
v 27.723043 14.689787 -14.663171
v 28.448322 14.689787 -13.953428
v 29.173602 14.689787 -13.375192
v 29.898882 14.689787 -12.928463
v 30.624161 14.689787 -12.613242
v 31.349441 14.689787 -12.429529
v 32.074720 14.689787 -12.377324
v 32.800000 14.689787 -12.456626
v -36.826842 15.197379 -608.042898
v -36.101562 15.197379 -595.628976
v -35.376283 15.197379 -583.346561
v -34.651003 15.197379 -571.195654
v -33.925723 15.197379 -559.176255
v -33.200444 15.197379 -547.288363
v -32.475164 15.197379 -535.531979
v -31.749885 15.197379 -523.907102
v -31.024605 15.197379 -512.413734
v -30.299325 15.197379 -501.051872
v -29.574046 15.197379 -489.821519
v -28.848766 15.197379 -478.722673
v -28.123487 15.197379 -467.755334
v -27.398207 15.197379 -456.919503
v -26.672927 15.197379 -446.215180
v -25.947648 15.197379 -435.642365
v -25.222368 15.197379 -425.201057
v -24.497089 15.197379 -414.891256
v -23.771809 15.197379 -404.712964
v -23.046529 15.197379 -394.666179
v -22.321250 15.197379 -384.750901
v -21.595970 15.197379 -374.967132
v -20.870691 15.197379 -365.314869
v -20.145411 15.197379 -355.794115
v -19.420131 15.197379 -346.404868
v -18.694852 15.197379 -337.147129
v -17.969572 15.197379 -328.020897
v -17.244293 15.197379 -319.026173
v -16.519013 15.197379 -310.162956
v -15.793733 15.197379 -301.431248
v -15.068454 15.197379 -292.831047
v -14.343174 15.197379 -284.362353
v -13.617895 15.197379 -276.025167
v -12.892615 15.197379 -267.819489
v -12.167335 15.197379 -259.745318
v -11.442056 15.197379 -251.802655
v -10.716776 15.197379 -243.991500
v -9.991497 15.197379 -236.311852
v -9.266217 15.197379 -228.763712
v -8.540937 15.197379 -221.347079
v -7.815658 15.197379 -214.061954
v -7.090378 15.197379 -206.908337
v -6.365099 15.197379 -199.886227
v -5.639819 15.197379 -192.995625
v -4.914539 15.197379 -186.236531
v -4.189260 15.197379 -179.608944
v -3.463980 15.197379 -173.112865
v -2.738701 15.197379 -166.748293
v -2.013421 15.197379 -160.515230
v -1.288141 15.197379 -154.413673
v -0.562862 15.197379 -148.443625
v 0.162418 15.197379 -142.605084
v 0.887698 15.197379 -136.898050
v 1.612977 15.197379 -131.322524
v 2.338257 15.197379 -125.878506
v 3.063536 15.197379 -120.565996
v 3.788816 15.197379 -115.384993
v 4.514096 15.197379 -110.335498
v 5.239375 15.197379 -105.417510
v 5.964655 15.197379 -100.631030
v 6.689934 15.197379 -95.976057
v 7.415214 15.197379 -91.452593
v 8.140494 15.197379 -87.060636
v 8.865773 15.197379 -82.800186
v 9.591053 15.197379 -78.671244
v 10.316332 15.197379 -74.673810
v 11.041612 15.197379 -70.807883
v 11.766892 15.197379 -67.073464
v 12.492171 15.197379 -63.470553
v 13.217451 15.197379 -59.999149
v 13.942730 15.197379 -56.659253
v 14.668010 15.197379 -53.450864
v 15.393290 15.197379 -50.373983
v 16.118569 15.197379 -47.428610
v 16.843849 15.197379 -44.614744
v 17.569128 15.197379 -41.932386
v 18.294408 15.197379 -39.381536
v 19.019688 15.197379 -36.962193
v 19.744967 15.197379 -34.674358
v 20.470247 15.197379 -32.518031
v 21.195526 15.197379 -30.493211
v 21.920806 15.197379 -28.599898
v 22.646086 15.197379 -26.838094
v 23.371365 15.197379 -25.207797
v 24.096645 15.197379 -23.709007
v 24.821924 15.197379 -22.341726
v 25.547204 15.197379 -21.105951
v 26.272484 15.197379 -20.001685
v 26.997763 15.197379 -19.028926
v 27.723043 15.197379 -18.187675
v 28.448322 15.197379 -17.477931
v 29.173602 15.197379 -16.899695
v 29.898882 15.197379 -16.452967
v 30.624161 15.197379 -16.137746
v 31.349441 15.197379 -15.954033
v 32.074720 15.197379 -15.901827
v 32.800000 15.197379 -15.981129
v -36.826842 15.704970 -611.825051
v -36.101562 15.704970 -599.411129
v -35.376283 15.704970 -587.128714
v -34.651003 15.704970 -574.977807
v -33.925723 15.704970 -562.958408
v -33.200444 15.704970 -551.070516
v -32.475164 15.704970 -539.314132
v -31.749885 15.704970 -527.689255
v -31.024605 15.704970 -516.195886
v -30.299325 15.704970 -504.834025
v -29.574046 15.704970 -493.603671
v -28.848766 15.704970 -482.504825
v -28.123487 15.704970 -471.537487
v -27.398207 15.704970 -460.701656
v -26.672927 15.704970 -449.997333
v -25.947648 15.704970 -439.424517
v -25.222368 15.704970 -428.983209
v -24.497089 15.704970 -418.673409
v -23.771809 15.704970 -408.495116
v -23.046529 15.704970 -398.448331
v -22.321250 15.704970 -388.533054
v -21.595970 15.704970 -378.749284
v -20.870691 15.704970 -369.097022
v -20.145411 15.704970 -359.576267
v -19.420131 15.704970 -350.187021
v -18.694852 15.704970 -340.929281
v -17.969572 15.704970 -331.803050
v -17.244293 15.704970 -322.808326
v -16.519013 15.704970 -313.945109
v -15.793733 15.704970 -305.213400
v -15.068454 15.704970 -296.613199
v -14.343174 15.704970 -288.144506
v -13.617895 15.704970 -279.807320
v -12.892615 15.704970 -271.601641
v -12.167335 15.704970 -263.527471
v -11.442056 15.704970 -255.584808
v -10.716776 15.704970 -247.773652
v -9.991497 15.704970 -240.094005
v -9.266217 15.704970 -232.545864
v -8.540937 15.704970 -225.129232
v -7.815658 15.704970 -217.844107
v -7.090378 15.704970 -210.690490
v -6.365099 15.704970 -203.668380
v -5.639819 15.704970 -196.777778
v -4.914539 15.704970 -190.018684
v -4.189260 15.704970 -183.391097
v -3.463980 15.704970 -176.895018
v -2.738701 15.704970 -170.530446
v -2.013421 15.704970 -164.297382
v -1.288141 15.704970 -158.195826
v -0.562862 15.704970 -152.225777
v 0.162418 15.704970 -146.387236
v 0.887698 15.704970 -140.680203
v 1.612977 15.704970 -135.104677
v 2.338257 15.704970 -129.660659
v 3.063536 15.704970 -124.348148
v 3.788816 15.704970 -119.167145
v 4.514096 15.704970 -114.117650
v 5.239375 15.704970 -109.199663
v 5.964655 15.704970 -104.413183
v 6.689934 15.704970 -99.758210
v 7.415214 15.704970 -95.234745
v 8.140494 15.704970 -90.842788
v 8.865773 15.704970 -86.582339
v 9.591053 15.704970 -82.453397
v 10.316332 15.704970 -78.455962
v 11.041612 15.704970 -74.590036
v 11.766892 15.704970 -70.855617
v 12.492171 15.704970 -67.252705
v 13.217451 15.704970 -63.781302
v 13.942730 15.704970 -60.441405
v 14.668010 15.704970 -57.233017
v 15.393290 15.704970 -54.156136
v 16.118569 15.704970 -51.210763
v 16.843849 15.704970 -48.396897
v 17.569128 15.704970 -45.714539
v 18.294408 15.704970 -43.163689
v 19.019688 15.704970 -40.744346
v 19.744967 15.704970 -38.456511
v 20.470247 15.704970 -36.300183
v 21.195526 15.704970 -34.275363
v 21.920806 15.704970 -32.382051
v 22.646086 15.704970 -30.620246
v 23.371365 15.704970 -28.989949
v 24.096645 15.704970 -27.491160
v 24.821924 15.704970 -26.123878
v 25.547204 15.704970 -24.888104
v 26.272484 15.704970 -23.783838
v 26.997763 15.704970 -22.811079
v 27.723043 15.704970 -21.969827
v 28.448322 15.704970 -21.260084
v 29.173602 15.704970 -20.681848
v 29.898882 15.704970 -20.235119
v 30.624161 15.704970 -19.919899
v 31.349441 15.704970 -19.736185
v 32.074720 15.704970 -19.683980
v 32.800000 15.704970 -19.763282
v -36.826842 16.212562 -615.864853
v -36.101562 16.212562 -603.450931
v -35.376283 16.212562 -591.168516
v -34.651003 16.212562 -579.017609
v -33.925723 16.212562 -566.998209
v -33.200444 16.212562 -555.110318
v -32.475164 16.212562 -543.353933
v -31.749885 16.212562 -531.729057
v -31.024605 16.212562 -520.235688
v -30.299325 16.212562 -508.873827
v -29.574046 16.212562 -497.643473
v -28.848766 16.212562 -486.544627
v -28.123487 16.212562 -475.577289
v -27.398207 16.212562 -464.741458
v -26.672927 16.212562 -454.037135
v -25.947648 16.212562 -443.464319
v -25.222368 16.212562 -433.023011
v -24.497089 16.212562 -422.713211
v -23.771809 16.212562 -412.534918
v -23.046529 16.212562 -402.488133
v -22.321250 16.212562 -392.572856
v -21.595970 16.212562 -382.789086
v -20.870691 16.212562 -373.136824
v -20.145411 16.212562 -363.616069
v -19.420131 16.212562 -354.226822
v -18.694852 16.212562 -344.969083
v -17.969572 16.212562 -335.842851
v -17.244293 16.212562 -326.848127
v -16.519013 16.212562 -317.984911
v -15.793733 16.212562 -309.253202
v -15.068454 16.212562 -300.653001
v -14.343174 16.212562 -292.184307
v -13.617895 16.212562 -283.847122
v -12.892615 16.212562 -275.641443
v -12.167335 16.212562 -267.567273
v -11.442056 16.212562 -259.624610
v -10.716776 16.212562 -251.813454
v -9.991497 16.212562 -244.133806
v -9.266217 16.212562 -236.585666
v -8.540937 16.212562 -229.169034
v -7.815658 16.212562 -221.883909
v -7.090378 16.212562 -214.730291
v -6.365099 16.212562 -207.708182
v -5.639819 16.212562 -200.817580
v -4.914539 16.212562 -194.058485
v -4.189260 16.212562 -187.430899
v -3.463980 16.212562 -180.934819
v -2.738701 16.212562 -174.570248
v -2.013421 16.212562 -168.337184
v -1.288141 16.212562 -162.235628
v -0.562862 16.212562 -156.265579
v 0.162418 16.212562 -150.427038
v 0.887698 16.212562 -144.720005
v 1.612977 16.212562 -139.144479
v 2.338257 16.212562 -133.700461
v 3.063536 16.212562 -128.387950
v 3.788816 16.212562 -123.206947
v 4.514096 16.212562 -118.157452
v 5.239375 16.212562 -113.239464
v 5.964655 16.212562 -108.452984
v 6.689934 16.212562 -103.798012
v 7.415214 16.212562 -99.274547
v 8.140494 16.212562 -94.882590
v 8.865773 16.212562 -90.622140
v 9.591053 16.212562 -86.493199
v 10.316332 16.212562 -82.495764
v 11.041612 16.212562 -78.629838
v 11.766892 16.212562 -74.895419
v 12.492171 16.212562 -71.292507
v 13.217451 16.212562 -67.821103
v 13.942730 16.212562 -64.481207
v 14.668010 16.212562 -61.272819
v 15.393290 16.212562 -58.195938
v 16.118569 16.212562 -55.250565
v 16.843849 16.212562 -52.436699
v 17.569128 16.212562 -49.754341
v 18.294408 16.212562 -47.203490
v 19.019688 16.212562 -44.784148
v 19.744967 16.212562 -42.496313
v 20.470247 16.212562 -40.339985
v 21.195526 16.212562 -38.315165
v 21.920806 16.212562 -36.421853
v 22.646086 16.212562 -34.660048
v 23.371365 16.212562 -33.029751
v 24.096645 16.212562 -31.530962
v 24.821924 16.212562 -30.163680
v 25.547204 16.212562 -28.927906
v 26.272484 16.212562 -27.823639
v 26.997763 16.212562 -26.850880
v 27.723043 16.212562 -26.009629
v 28.448322 16.212562 -25.299886
v 29.173602 16.212562 -24.721650
v 29.898882 16.212562 -24.274921
v 30.624161 16.212562 -23.959700
v 31.349441 16.212562 -23.775987
v 32.074720 16.212562 -23.723782
v 32.800000 16.212562 -23.803084
v -36.826842 16.720153 -620.162304
v -36.101562 16.720153 -607.748381
v -35.376283 16.720153 -595.465967
v -34.651003 16.720153 -583.315060
v -33.925723 16.720153 -571.295660
v -33.200444 16.720153 -559.407768
v -32.475164 16.720153 -547.651384
v -31.749885 16.720153 -536.026508
v -31.024605 16.720153 -524.533139
v -30.299325 16.720153 -513.171278
v -29.574046 16.720153 -501.940924
v -28.848766 16.720153 -490.842078
v -28.123487 16.720153 -479.874739
v -27.398207 16.720153 -469.038909
v -26.672927 16.720153 -458.334585
v -25.947648 16.720153 -447.761770
v -25.222368 16.720153 -437.320462
v -24.497089 16.720153 -427.010662
v -23.771809 16.720153 -416.832369
v -23.046529 16.720153 -406.785584
v -22.321250 16.720153 -396.870307
v -21.595970 16.720153 -387.086537
v -20.870691 16.720153 -377.434275
v -20.145411 16.720153 -367.913520
v -19.420131 16.720153 -358.524273
v -18.694852 16.720153 -349.266534
v -17.969572 16.720153 -340.140302
v -17.244293 16.720153 -331.145578
v -16.519013 16.720153 -322.282362
v -15.793733 16.720153 -313.550653
v -15.068454 16.720153 -304.950452
v -14.343174 16.720153 -296.481758
v -13.617895 16.720153 -288.144572
v -12.892615 16.720153 -279.938894
v -12.167335 16.720153 -271.864723
v -11.442056 16.720153 -263.922060
v -10.716776 16.720153 -256.110905
v -9.991497 16.720153 -248.431257
v -9.266217 16.720153 -240.883117
v -8.540937 16.720153 -233.466485
v -7.815658 16.720153 -226.181360
v -7.090378 16.720153 -219.027742
v -6.365099 16.720153 -212.005633
v -5.639819 16.720153 -205.115031
v -4.914539 16.720153 -198.355936
v -4.189260 16.720153 -191.728349
v -3.463980 16.720153 -185.232270
v -2.738701 16.720153 -178.867699
v -2.013421 16.720153 -172.634635
v -1.288141 16.720153 -166.533079
v -0.562862 16.720153 -160.563030
v 0.162418 16.720153 -154.724489
v 0.887698 16.720153 -149.017455
v 1.612977 16.720153 -143.441930
v 2.338257 16.720153 -137.997912
v 3.063536 16.720153 -132.685401
v 3.788816 16.720153 -127.504398
v 4.514096 16.720153 -122.454903
v 5.239375 16.720153 -117.536915
v 5.964655 16.720153 -112.750435
v 6.689934 16.720153 -108.095463
v 7.415214 16.720153 -103.571998
v 8.140494 16.720153 -99.180041
v 8.865773 16.720153 -94.919591
v 9.591053 16.720153 -90.790649
v 10.316332 16.720153 -86.793215
v 11.041612 16.720153 -82.927288
v 11.766892 16.720153 -79.192869
v 12.492171 16.720153 -75.589958
v 13.217451 16.720153 -72.118554
v 13.942730 16.720153 -68.778658
v 14.668010 16.720153 -65.570270
v 15.393290 16.720153 -62.493389
v 16.118569 16.720153 -59.548015
v 16.843849 16.720153 -56.734150
v 17.569128 16.720153 -54.051792
v 18.294408 16.720153 -51.500941
v 19.019688 16.720153 -49.081599
v 19.744967 16.720153 -46.793763
v 20.470247 16.720153 -44.637436
v 21.195526 16.720153 -42.612616
v 21.920806 16.720153 -40.719304
v 22.646086 16.720153 -38.957499
v 23.371365 16.720153 -37.327202
v 24.096645 16.720153 -35.828413
v 24.821924 16.720153 -34.461131
v 25.547204 16.720153 -33.225357
v 26.272484 16.720153 -32.121090
v 26.997763 16.720153 -31.148331
v 27.723043 16.720153 -30.307080
v 28.448322 16.720153 -29.597336
v 29.173602 16.720153 -29.019100
v 29.898882 16.720153 -28.572372
v 30.624161 16.720153 -28.257151
v 31.349441 16.720153 -28.073438
v 32.074720 16.720153 -28.021233
v 32.800000 16.720153 -28.100535
v -36.826842 17.227745 -624.717404
v -36.101562 17.227745 -612.303481
v -35.376283 17.227745 -600.021067
v -34.651003 17.227745 -587.870160
v -33.925723 17.227745 -575.850760
v -33.200444 17.227745 -563.962868
v -32.475164 17.227745 -552.206484
v -31.749885 17.227745 -540.581608
v -31.024605 17.227745 -529.088239
v -30.299325 17.227745 -517.726378
v -29.574046 17.227745 -506.496024
v -28.848766 17.227745 -495.397178
v -28.123487 17.227745 -484.429839
v -27.398207 17.227745 -473.594009
v -26.672927 17.227745 -462.889685
v -25.947648 17.227745 -452.316870
v -25.222368 17.227745 -441.875562
v -24.497089 17.227745 -431.565762
v -23.771809 17.227745 -421.387469
v -23.046529 17.227745 -411.340684
v -22.321250 17.227745 -401.425407
v -21.595970 17.227745 -391.641637
v -20.870691 17.227745 -381.989375
v -20.145411 17.227745 -372.468620
v -19.420131 17.227745 -363.079373
v -18.694852 17.227745 -353.821634
v -17.969572 17.227745 -344.695402
v -17.244293 17.227745 -335.700678
v -16.519013 17.227745 -326.837462
v -15.793733 17.227745 -318.105753
v -15.068454 17.227745 -309.505552
v -14.343174 17.227745 -301.036858
v -13.617895 17.227745 -292.699672
v -12.892615 17.227745 -284.493994
v -12.167335 17.227745 -276.419823
v -11.442056 17.227745 -268.477160
v -10.716776 17.227745 -260.666005
v -9.991497 17.227745 -252.986357
v -9.266217 17.227745 -245.438217
v -8.540937 17.227745 -238.021585
v -7.815658 17.227745 -230.736460
v -7.090378 17.227745 -223.582842
v -6.365099 17.227745 -216.560733
v -5.639819 17.227745 -209.670131
v -4.914539 17.227745 -202.911036
v -4.189260 17.227745 -196.283449
v -3.463980 17.227745 -189.787370
v -2.738701 17.227745 -183.422799
v -2.013421 17.227745 -177.189735
v -1.288141 17.227745 -171.088179
v -0.562862 17.227745 -165.118130
v 0.162418 17.227745 -159.279589
v 0.887698 17.227745 -153.572555
v 1.612977 17.227745 -147.997030
v 2.338257 17.227745 -142.553012
v 3.063536 17.227745 -137.240501
v 3.788816 17.227745 -132.059498
v 4.514096 17.227745 -127.010003
v 5.239375 17.227745 -122.092015
v 5.964655 17.227745 -117.305535
v 6.689934 17.227745 -112.650563
v 7.415214 17.227745 -108.127098
v 8.140494 17.227745 -103.735141
v 8.865773 17.227745 -99.474691
v 9.591053 17.227745 -95.345749
v 10.316332 17.227745 -91.348315
v 11.041612 17.227745 -87.482388
v 11.766892 17.227745 -83.747969
v 12.492171 17.227745 -80.145058
v 13.217451 17.227745 -76.673654
v 13.942730 17.227745 -73.333758
v 14.668010 17.227745 -70.125370
v 15.393290 17.227745 -67.048489
v 16.118569 17.227745 -64.103115
v 16.843849 17.227745 -61.289250
v 17.569128 17.227745 -58.606892
v 18.294408 17.227745 -56.056041
v 19.019688 17.227745 -53.636699
v 19.744967 17.227745 -51.348863
v 20.470247 17.227745 -49.192536
v 21.195526 17.227745 -47.167716
v 21.920806 17.227745 -45.274404
v 22.646086 17.227745 -43.512599
v 23.371365 17.227745 -41.882302
v 24.096645 17.227745 -40.383513
v 24.821924 17.227745 -39.016231
v 25.547204 17.227745 -37.780457
v 26.272484 17.227745 -36.676190
v 26.997763 17.227745 -35.703431
v 27.723043 17.227745 -34.862180
v 28.448322 17.227745 -34.152436
v 29.173602 17.227745 -33.574200
v 29.898882 17.227745 -33.127472
v 30.624161 17.227745 -32.812251
v 31.349441 17.227745 -32.628538
v 32.074720 17.227745 -32.576333
v 32.800000 17.227745 -32.655635
v -36.826842 17.735336 -629.530153
v -36.101562 17.735336 -617.116231
v -35.376283 17.735336 -604.833816
v -34.651003 17.735336 -592.682909
v -33.925723 17.735336 -580.663509
v -33.200444 17.735336 -568.775618
v -32.475164 17.735336 -557.019233
v -31.749885 17.735336 -545.394357
v -31.024605 17.735336 -533.900988
v -30.299325 17.735336 -522.539127
v -29.574046 17.735336 -511.308773
v -28.848766 17.735336 -500.209927
v -28.123487 17.735336 -489.242589
v -27.398207 17.735336 -478.406758
v -26.672927 17.735336 -467.702435
v -25.947648 17.735336 -457.129619
v -25.222368 17.735336 -446.688311
v -24.497089 17.735336 -436.378511
v -23.771809 17.735336 -426.200218
v -23.046529 17.735336 -416.153433
v -22.321250 17.735336 -406.238156
v -21.595970 17.735336 -396.454386
v -20.870691 17.735336 -386.802124
v -20.145411 17.735336 -377.281369
v -19.420131 17.735336 -367.892122
v -18.694852 17.735336 -358.634383
v -17.969572 17.735336 -349.508151
v -17.244293 17.735336 -340.513427
v -16.519013 17.735336 -331.650211
v -15.793733 17.735336 -322.918502
v -15.068454 17.735336 -314.318301
v -14.343174 17.735336 -305.849607
v -13.617895 17.735336 -297.512422
v -12.892615 17.735336 -289.306743
v -12.167335 17.735336 -281.232573
v -11.442056 17.735336 -273.289910
v -10.716776 17.735336 -265.478754
v -9.991497 17.735336 -257.799106
v -9.266217 17.735336 -250.250966
v -8.540937 17.735336 -242.834334
v -7.815658 17.735336 -235.549209
v -7.090378 17.735336 -228.395591
v -6.365099 17.735336 -221.373482
v -5.639819 17.735336 -214.482880
v -4.914539 17.735336 -207.723785
v -4.189260 17.735336 -201.096199
v -3.463980 17.735336 -194.600119
v -2.738701 17.735336 -188.235548
v -2.013421 17.735336 -182.002484
v -1.288141 17.735336 -175.900928
v -0.562862 17.735336 -169.930879
v 0.162418 17.735336 -164.092338
v 0.887698 17.735336 -158.385305
v 1.612977 17.735336 -152.809779
v 2.338257 17.735336 -147.365761
v 3.063536 17.735336 -142.053250
v 3.788816 17.735336 -136.872247
v 4.514096 17.735336 -131.822752
v 5.239375 17.735336 -126.904764
v 5.964655 17.735336 -122.118284
v 6.689934 17.735336 -117.463312
v 7.415214 17.735336 -112.939847
v 8.140494 17.735336 -108.547890
v 8.865773 17.735336 -104.287440
v 9.591053 17.735336 -100.158499
v 10.316332 17.735336 -96.161064
v 11.041612 17.735336 -92.295138
v 11.766892 17.735336 -88.560719
v 12.492171 17.735336 -84.957807
v 13.217451 17.735336 -81.486403
v 13.942730 17.735336 -78.146507
v 14.668010 17.735336 -74.938119
v 15.393290 17.735336 -71.861238
v 16.118569 17.735336 -68.915865
v 16.843849 17.735336 -66.101999
v 17.569128 17.735336 -63.419641
v 18.294408 17.735336 -60.868790
v 19.019688 17.735336 -58.449448
v 19.744967 17.735336 -56.161613
v 20.470247 17.735336 -54.005285
v 21.195526 17.735336 -51.980465
v 21.920806 17.735336 -50.087153
v 22.646086 17.735336 -48.325348
v 23.371365 17.735336 -46.695051
v 24.096645 17.735336 -45.196262
v 24.821924 17.735336 -43.828980
v 25.547204 17.735336 -42.593206
v 26.272484 17.735336 -41.488939
v 26.997763 17.735336 -40.516180
v 27.723043 17.735336 -39.674929
v 28.448322 17.735336 -38.965186
v 29.173602 17.735336 -38.386950
v 29.898882 17.735336 -37.940221
v 30.624161 17.735336 -37.625000
v 31.349441 17.735336 -37.441287
v 32.074720 17.735336 -37.389082
v 32.800000 17.735336 -37.468384
v -36.826842 18.242928 -634.600551
v -36.101562 18.242928 -622.186629
v -35.376283 18.242928 -609.904214
v -34.651003 18.242928 -597.753307
v -33.925723 18.242928 -585.733908
v -33.200444 18.242928 -573.846016
v -32.475164 18.242928 -562.089632
v -31.749885 18.242928 -550.464755
v -31.024605 18.242928 -538.971386
v -30.299325 18.242928 -527.609525
v -29.574046 18.242928 -516.379171
v -28.848766 18.242928 -505.280325
v -28.123487 18.242928 -494.312987
v -27.398207 18.242928 -483.477156
v -26.672927 18.242928 -472.772833
v -25.947648 18.242928 -462.200017
v -25.222368 18.242928 -451.758709
v -24.497089 18.242928 -441.448909
v -23.771809 18.242928 -431.270616
v -23.046529 18.242928 -421.223831
v -22.321250 18.242928 -411.308554
v -21.595970 18.242928 -401.524784
v -20.870691 18.242928 -391.872522
v -20.145411 18.242928 -382.351767
v -19.420131 18.242928 -372.962521
v -18.694852 18.242928 -363.704781
v -17.969572 18.242928 -354.578550
v -17.244293 18.242928 -345.583826
v -16.519013 18.242928 -336.720609
v -15.793733 18.242928 -327.988900
v -15.068454 18.242928 -319.388699
v -14.343174 18.242928 -310.920006
v -13.617895 18.242928 -302.582820
v -12.892615 18.242928 -294.377141
v -12.167335 18.242928 -286.302971
v -11.442056 18.242928 -278.360308
v -10.716776 18.242928 -270.549152
v -9.991497 18.242928 -262.869505
v -9.266217 18.242928 -255.321364
v -8.540937 18.242928 -247.904732
v -7.815658 18.242928 -240.619607
v -7.090378 18.242928 -233.465990
v -6.365099 18.242928 -226.443880
v -5.639819 18.242928 -219.553278
v -4.914539 18.242928 -212.794184
v -4.189260 18.242928 -206.166597
v -3.463980 18.242928 -199.670518
v -2.738701 18.242928 -193.305946
v -2.013421 18.242928 -187.072882
v -1.288141 18.242928 -180.971326
v -0.562862 18.242928 -175.001277
v 0.162418 18.242928 -169.162736
v 0.887698 18.242928 -163.455703
v 1.612977 18.242928 -157.880177
v 2.338257 18.242928 -152.436159
v 3.063536 18.242928 -147.123648
v 3.788816 18.242928 -141.942645
v 4.514096 18.242928 -136.893150
v 5.239375 18.242928 -131.975163
v 5.964655 18.242928 -127.188683
v 6.689934 18.242928 -122.533710
v 7.415214 18.242928 -118.010245
v 8.140494 18.242928 -113.618288
v 8.865773 18.242928 -109.357839
v 9.591053 18.242928 -105.228897
v 10.316332 18.242928 -101.231462
v 11.041612 18.242928 -97.365536
v 11.766892 18.242928 -93.631117
v 12.492171 18.242928 -90.028205
v 13.217451 18.242928 -86.556802
v 13.942730 18.242928 -83.216905
v 14.668010 18.242928 -80.008517
v 15.393290 18.242928 -76.931636
v 16.118569 18.242928 -73.986263
v 16.843849 18.242928 -71.172397
v 17.569128 18.242928 -68.490039
v 18.294408 18.242928 -65.939189
v 19.019688 18.242928 -63.519846
v 19.744967 18.242928 -61.232011
v 20.470247 18.242928 -59.075683
v 21.195526 18.242928 -57.050863
v 21.920806 18.242928 -55.157551
v 22.646086 18.242928 -53.395746
v 23.371365 18.242928 -51.765449
v 24.096645 18.242928 -50.266660
v 24.821924 18.242928 -48.899378
v 25.547204 18.242928 -47.663604
v 26.272484 18.242928 -46.559338
v 26.997763 18.242928 -45.586579
v 27.723043 18.242928 -44.745327
v 28.448322 18.242928 -44.035584
v 29.173602 18.242928 -43.457348
v 29.898882 18.242928 -43.010619
v 30.624161 18.242928 -42.695399
v 31.349441 18.242928 -42.511685
v 32.074720 18.242928 -42.459480
v 32.800000 18.242928 -42.538782
v -36.826842 18.750519 -639.928598
v -36.101562 18.750519 -627.514676
v -35.376283 18.750519 -615.232261
v -34.651003 18.750519 -603.081354
v -33.925723 18.750519 -591.061955
v -33.200444 18.750519 -579.174063
v -32.475164 18.750519 -567.417679
v -31.749885 18.750519 -555.792802
v -31.024605 18.750519 -544.299434
v -30.299325 18.750519 -532.937572
v -29.574046 18.750519 -521.707219
v -28.848766 18.750519 -510.608373
v -28.123487 18.750519 -499.641034
v -27.398207 18.750519 -488.805203
v -26.672927 18.750519 -478.100880
v -25.947648 18.750519 -467.528065
v -25.222368 18.750519 -457.086757
v -24.497089 18.750519 -446.776956
v -23.771809 18.750519 -436.598664
v -23.046529 18.750519 -426.551879
v -22.321250 18.750519 -416.636601
v -21.595970 18.750519 -406.852832
v -20.870691 18.750519 -397.200569
v -20.145411 18.750519 -387.679815
v -19.420131 18.750519 -378.290568
v -18.694852 18.750519 -369.032829
v -17.969572 18.750519 -359.906597
v -17.244293 18.750519 -350.911873
v -16.519013 18.750519 -342.048656
v -15.793733 18.750519 -333.316948
v -15.068454 18.750519 -324.716747
v -14.343174 18.750519 -316.248053
v -13.617895 18.750519 -307.910867
v -12.892615 18.750519 -299.705189
v -12.167335 18.750519 -291.631018
v -11.442056 18.750519 -283.688355
v -10.716776 18.750519 -275.877200
v -9.991497 18.750519 -268.197552
v -9.266217 18.750519 -260.649412
v -8.540937 18.750519 -253.232779
v -7.815658 18.750519 -245.947654
v -7.090378 18.750519 -238.794037
v -6.365099 18.750519 -231.771927
v -5.639819 18.750519 -224.881325
v -4.914539 18.750519 -218.122231
v -4.189260 18.750519 -211.494644
v -3.463980 18.750519 -204.998565
v -2.738701 18.750519 -198.633993
v -2.013421 18.750519 -192.400930
v -1.288141 18.750519 -186.299373
v -0.562862 18.750519 -180.329325
v 0.162418 18.750519 -174.490784
v 0.887698 18.750519 -168.783750
v 1.612977 18.750519 -163.208224
v 2.338257 18.750519 -157.764206
v 3.063536 18.750519 -152.451696
v 3.788816 18.750519 -147.270693
v 4.514096 18.750519 -142.221198
v 5.239375 18.750519 -137.303210
v 5.964655 18.750519 -132.516730
v 6.689934 18.750519 -127.861757
v 7.415214 18.750519 -123.338293
v 8.140494 18.750519 -118.946336
v 8.865773 18.750519 -114.685886
v 9.591053 18.750519 -110.556944
v 10.316332 18.750519 -106.559510
v 11.041612 18.750519 -102.693583
v 11.766892 18.750519 -98.959164
v 12.492171 18.750519 -95.356253
v 13.217451 18.750519 -91.884849
v 13.942730 18.750519 -88.544953
v 14.668010 18.750519 -85.336564
v 15.393290 18.750519 -82.259683
v 16.118569 18.750519 -79.314310
v 16.843849 18.750519 -76.500444
v 17.569128 18.750519 -73.818086
v 18.294408 18.750519 -71.267236
v 19.019688 18.750519 -68.847893
v 19.744967 18.750519 -66.560058
v 20.470247 18.750519 -64.403731
v 21.195526 18.750519 -62.378911
v 21.920806 18.750519 -60.485598
v 22.646086 18.750519 -58.723794
v 23.371365 18.750519 -57.093497
v 24.096645 18.750519 -55.594707
v 24.821924 18.750519 -54.227426
v 25.547204 18.750519 -52.991651
v 26.272484 18.750519 -51.887385
v 26.997763 18.750519 -50.914626
v 27.723043 18.750519 -50.073375
v 28.448322 18.750519 -49.363631
v 29.173602 18.750519 -48.785395
v 29.898882 18.750519 -48.338667
v 30.624161 18.750519 -48.023446
v 31.349441 18.750519 -47.839733
v 32.074720 18.750519 -47.787527
v 32.800000 18.750519 -47.866829
v -36.826842 19.258110 -645.514295
v -36.101562 19.258110 -633.100373
v -35.376283 19.258110 -620.817958
v -34.651003 19.258110 -608.667051
v -33.925723 19.258110 -596.647651
v -33.200444 19.258110 -584.759760
v -32.475164 19.258110 -573.003375
v -31.749885 19.258110 -561.378499
v -31.024605 19.258110 -549.885130
v -30.299325 19.258110 -538.523269
v -29.574046 19.258110 -527.292915
v -28.848766 19.258110 -516.194069
v -28.123487 19.258110 -505.226731
v -27.398207 19.258110 -494.390900
v -26.672927 19.258110 -483.686577
v -25.947648 19.258110 -473.113761
v -25.222368 19.258110 -462.672453
v -24.497089 19.258110 -452.362653
v -23.771809 19.258110 -442.184360
v -23.046529 19.258110 -432.137575
v -22.321250 19.258110 -422.222298
v -21.595970 19.258110 -412.438528
v -20.870691 19.258110 -402.786266
v -20.145411 19.258110 -393.265511
v -19.420131 19.258110 -383.876264
v -18.694852 19.258110 -374.618525
v -17.969572 19.258110 -365.492293
v -17.244293 19.258110 -356.497569
v -16.519013 19.258110 -347.634353
v -15.793733 19.258110 -338.902644
v -15.068454 19.258110 -330.302443
v -14.343174 19.258110 -321.833749
v -13.617895 19.258110 -313.496564
v -12.892615 19.258110 -305.290885
v -12.167335 19.258110 -297.216715
v -11.442056 19.258110 -289.274052
v -10.716776 19.258110 -281.462896
v -9.991497 19.258110 -273.783248
v -9.266217 19.258110 -266.235108
v -8.540937 19.258110 -258.818476
v -7.815658 19.258110 -251.533351
v -7.090378 19.258110 -244.379733
v -6.365099 19.258110 -237.357624
v -5.639819 19.258110 -230.467022
v -4.914539 19.258110 -223.707927
v -4.189260 19.258110 -217.080341
v -3.463980 19.258110 -210.584261
v -2.738701 19.258110 -204.219690
v -2.013421 19.258110 -197.986626
v -1.288141 19.258110 -191.885070
v -0.562862 19.258110 -185.915021
v 0.162418 19.258110 -180.076480
v 0.887698 19.258110 -174.369447
v 1.612977 19.258110 -168.793921
v 2.338257 19.258110 -163.349903
v 3.063536 19.258110 -158.037392
v 3.788816 19.258110 -152.856389
v 4.514096 19.258110 -147.806894
v 5.239375 19.258110 -142.888906
v 5.964655 19.258110 -138.102426
v 6.689934 19.258110 -133.447454
v 7.415214 19.258110 -128.923989
v 8.140494 19.258110 -124.532032
v 8.865773 19.258110 -120.271582
v 9.591053 19.258110 -116.142641
v 10.316332 19.258110 -112.145206
v 11.041612 19.258110 -108.279280
v 11.766892 19.258110 -104.544861
v 12.492171 19.258110 -100.941949
v 13.217451 19.258110 -97.470545
v 13.942730 19.258110 -94.130649
v 14.668010 19.258110 -90.922261
v 15.393290 19.258110 -87.845380
v 16.118569 19.258110 -84.900007
v 16.843849 19.258110 -82.086141
v 17.569128 19.258110 -79.403783
v 18.294408 19.258110 -76.852933
v 19.019688 19.258110 -74.433590
v 19.744967 19.258110 -72.145755
v 20.470247 19.258110 -69.989427
v 21.195526 19.258110 -67.964607
v 21.920806 19.258110 -66.071295
v 22.646086 19.258110 -64.309490
v 23.371365 19.258110 -62.679193
v 24.096645 19.258110 -61.180404
v 24.821924 19.258110 -59.813122
v 25.547204 19.258110 -58.577348
v 26.272484 19.258110 -57.473081
v 26.997763 19.258110 -56.500323
v 27.723043 19.258110 -55.659071
v 28.448322 19.258110 -54.949328
v 29.173602 19.258110 -54.371092
v 29.898882 19.258110 -53.924363
v 30.624161 19.258110 -53.609142
v 31.349441 19.258110 -53.425429
v 32.074720 19.258110 -53.373224
v 32.800000 19.258110 -53.452526
v -36.826842 19.765702 -651.357640
v -36.101562 19.765702 -638.943718
v -35.376283 19.765702 -626.661303
v -34.651003 19.765702 -614.510396
v -33.925723 19.765702 -602.490997
v -33.200444 19.765702 -590.603105
v -32.475164 19.765702 -578.846721
v -31.749885 19.765702 -567.221844
v -31.024605 19.765702 -555.728476
v -30.299325 19.765702 -544.366614
v -29.574046 19.765702 -533.136261
v -28.848766 19.765702 -522.037415
v -28.123487 19.765702 -511.070076
v -27.398207 19.765702 -500.234245
v -26.672927 19.765702 -489.529922
v -25.947648 19.765702 -478.957107
v -25.222368 19.765702 -468.515799
v -24.497089 19.765702 -458.205998
v -23.771809 19.765702 -448.027706
v -23.046529 19.765702 -437.980921
v -22.321250 19.765702 -428.065643
v -21.595970 19.765702 -418.281874
v -20.870691 19.765702 -408.629611
v -20.145411 19.765702 -399.108857
v -19.420131 19.765702 -389.719610
v -18.694852 19.765702 -380.461871
v -17.969572 19.765702 -371.335639
v -17.244293 19.765702 -362.340915
v -16.519013 19.765702 -353.477699
v -15.793733 19.765702 -344.745990
v -15.068454 19.765702 -336.145789
v -14.343174 19.765702 -327.677095
v -13.617895 19.765702 -319.339909
v -12.892615 19.765702 -311.134231
v -12.167335 19.765702 -303.060060
v -11.442056 19.765702 -295.117397
v -10.716776 19.765702 -287.306242
v -9.991497 19.765702 -279.626594
v -9.266217 19.765702 -272.078454
v -8.540937 19.765702 -264.661821
v -7.815658 19.765702 -257.376696
v -7.090378 19.765702 -250.223079
v -6.365099 19.765702 -243.200969
v -5.639819 19.765702 -236.310367
v -4.914539 19.765702 -229.551273
v -4.189260 19.765702 -222.923686
v -3.463980 19.765702 -216.427607
v -2.738701 19.765702 -210.063036
v -2.013421 19.765702 -203.829972
v -1.288141 19.765702 -197.728415
v -0.562862 19.765702 -191.758367
v 0.162418 19.765702 -185.919826
v 0.887698 19.765702 -180.212792
v 1.612977 19.765702 -174.637266
v 2.338257 19.765702 -169.193248
v 3.063536 19.765702 -163.880738
v 3.788816 19.765702 -158.699735
v 4.514096 19.765702 -153.650240
v 5.239375 19.765702 -148.732252
v 5.964655 19.765702 -143.945772
v 6.689934 19.765702 -139.290799
v 7.415214 19.765702 -134.767335
v 8.140494 19.765702 -130.375378
v 8.865773 19.765702 -126.114928
v 9.591053 19.765702 -121.985986
v 10.316332 19.765702 -117.988552
v 11.041612 19.765702 -114.122625
v 11.766892 19.765702 -110.388206
v 12.492171 19.765702 -106.785295
v 13.217451 19.765702 -103.313891
v 13.942730 19.765702 -99.973995
v 14.668010 19.765702 -96.765606
v 15.393290 19.765702 -93.688725
v 16.118569 19.765702 -90.743352
v 16.843849 19.765702 -87.929487
v 17.569128 19.765702 -85.247128
v 18.294408 19.765702 -82.696278
v 19.019688 19.765702 -80.276935
v 19.744967 19.765702 -77.989100
v 20.470247 19.765702 -75.832773
v 21.195526 19.765702 -73.807953
v 21.920806 19.765702 -71.914640
v 22.646086 19.765702 -70.152836
v 23.371365 19.765702 -68.522539
v 24.096645 19.765702 -67.023749
v 24.821924 19.765702 -65.656468
v 25.547204 19.765702 -64.420693
v 26.272484 19.765702 -63.316427
v 26.997763 19.765702 -62.343668
v 27.723043 19.765702 -61.502417
v 28.448322 19.765702 -60.792673
v 29.173602 19.765702 -60.214437
v 29.898882 19.765702 -59.767709
v 30.624161 19.765702 -59.452488
v 31.349441 19.765702 -59.268775
v 32.074720 19.765702 -59.216569
v 32.800000 19.765702 -59.295871
v -36.826842 20.273293 -657.458635
v -36.101562 20.273293 -645.044713
v -35.376283 20.273293 -632.762298
v -34.651003 20.273293 -620.611391
v -33.925723 20.273293 -608.591992
v -33.200444 20.273293 -596.704100
v -32.475164 20.273293 -584.947716
v -31.749885 20.273293 -573.322839
v -31.024605 20.273293 -561.829470
v -30.299325 20.273293 -550.467609
v -29.574046 20.273293 -539.237255
v -28.848766 20.273293 -528.138409
v -28.123487 20.273293 -517.171071
v -27.398207 20.273293 -506.335240
v -26.672927 20.273293 -495.630917
v -25.947648 20.273293 -485.058101
v -25.222368 20.273293 -474.616793
v -24.497089 20.273293 -464.306993
v -23.771809 20.273293 -454.128700
v -23.046529 20.273293 -444.081915
v -22.321250 20.273293 -434.166638
v -21.595970 20.273293 -424.382868
v -20.870691 20.273293 -414.730606
v -20.145411 20.273293 -405.209852
v -19.420131 20.273293 -395.820605
v -18.694852 20.273293 -386.562865
v -17.969572 20.273293 -377.436634
v -17.244293 20.273293 -368.441910
v -16.519013 20.273293 -359.578693
v -15.793733 20.273293 -350.846984
v -15.068454 20.273293 -342.246783
v -14.343174 20.273293 -333.778090
v -13.617895 20.273293 -325.440904
v -12.892615 20.273293 -317.235226
v -12.167335 20.273293 -309.161055
v -11.442056 20.273293 -301.218392
v -10.716776 20.273293 -293.407236
v -9.991497 20.273293 -285.727589
v -9.266217 20.273293 -278.179448
v -8.540937 20.273293 -270.762816
v -7.815658 20.273293 -263.477691
v -7.090378 20.273293 -256.324074
v -6.365099 20.273293 -249.301964
v -5.639819 20.273293 -242.411362
v -4.914539 20.273293 -235.652268
v -4.189260 20.273293 -229.024681
v -3.463980 20.273293 -222.528602
v -2.738701 20.273293 -216.164030
v -2.013421 20.273293 -209.930966
v -1.288141 20.273293 -203.829410
v -0.562862 20.273293 -197.859361
v 0.162418 20.273293 -192.020820
v 0.887698 20.273293 -186.313787
v 1.612977 20.273293 -180.738261
v 2.338257 20.273293 -175.294243
v 3.063536 20.273293 -169.981732
v 3.788816 20.273293 -164.800730
v 4.514096 20.273293 -159.751234
v 5.239375 20.273293 -154.833247
v 5.964655 20.273293 -150.046767
v 6.689934 20.273293 -145.391794
v 7.415214 20.273293 -140.868329
v 8.140494 20.273293 -136.476372
v 8.865773 20.273293 -132.215923
v 9.591053 20.273293 -128.086981
v 10.316332 20.273293 -124.089547
v 11.041612 20.273293 -120.223620
v 11.766892 20.273293 -116.489201
v 12.492171 20.273293 -112.886289
v 13.217451 20.273293 -109.414886
v 13.942730 20.273293 -106.074990
v 14.668010 20.273293 -102.866601
v 15.393290 20.273293 -99.789720
v 16.118569 20.273293 -96.844347
v 16.843849 20.273293 -94.030481
v 17.569128 20.273293 -91.348123
v 18.294408 20.273293 -88.797273
v 19.019688 20.273293 -86.377930
v 19.744967 20.273293 -84.090095
v 20.470247 20.273293 -81.933767
v 21.195526 20.273293 -79.908947
v 21.920806 20.273293 -78.015635
v 22.646086 20.273293 -76.253831
v 23.371365 20.273293 -74.623534
v 24.096645 20.273293 -73.124744
v 24.821924 20.273293 -71.757462
v 25.547204 20.273293 -70.521688
v 26.272484 20.273293 -69.417422
v 26.997763 20.273293 -68.444663
v 27.723043 20.273293 -67.603412
v 28.448322 20.273293 -66.893668
v 29.173602 20.273293 -66.315432
v 29.898882 20.273293 -65.868703
v 30.624161 20.273293 -65.553483
v 31.349441 20.273293 -65.369770
v 32.074720 20.273293 -65.317564
v 32.800000 20.273293 -65.396866
v -36.826842 20.780885 -663.817279
v -36.101562 20.780885 -651.403357
v -35.376283 20.780885 -639.120942
v -34.651003 20.780885 -626.970035
v -33.925723 20.780885 -614.950635
v -33.200444 20.780885 -603.062744
v -32.475164 20.780885 -591.306360
v -31.749885 20.780885 -579.681483
v -31.024605 20.780885 -568.188114
v -30.299325 20.780885 -556.826253
v -29.574046 20.780885 -545.595899
v -28.848766 20.780885 -534.497053
v -28.123487 20.780885 -523.529715
v -27.398207 20.780885 -512.693884
v -26.672927 20.780885 -501.989561
v -25.947648 20.780885 -491.416745
v -25.222368 20.780885 -480.975437
v -24.497089 20.780885 -470.665637
v -23.771809 20.780885 -460.487344
v -23.046529 20.780885 -450.440559
v -22.321250 20.780885 -440.525282
v -21.595970 20.780885 -430.741512
v -20.870691 20.780885 -421.089250
v -20.145411 20.780885 -411.568495
v -19.420131 20.780885 -402.179248
v -18.694852 20.780885 -392.921509
v -17.969572 20.780885 -383.795277
v -17.244293 20.780885 -374.800553
v -16.519013 20.780885 -365.937337
v -15.793733 20.780885 -357.205628
v -15.068454 20.780885 -348.605427
v -14.343174 20.780885 -340.136734
v -13.617895 20.780885 -331.799548
v -12.892615 20.780885 -323.593869
v -12.167335 20.780885 -315.519699
v -11.442056 20.780885 -307.577036
v -10.716776 20.780885 -299.765880
v -9.991497 20.780885 -292.086232
v -9.266217 20.780885 -284.538092
v -8.540937 20.780885 -277.121460
v -7.815658 20.780885 -269.836335
v -7.090378 20.780885 -262.682718
v -6.365099 20.780885 -255.660608
v -5.639819 20.780885 -248.770006
v -4.914539 20.780885 -242.010911
v -4.189260 20.780885 -235.383325
v -3.463980 20.780885 -228.887246
v -2.738701 20.780885 -222.522674
v -2.013421 20.780885 -216.289610
v -1.288141 20.780885 -210.188054
v -0.562862 20.780885 -204.218005
v 0.162418 20.780885 -198.379464
v 0.887698 20.780885 -192.672431
v 1.612977 20.780885 -187.096905
v 2.338257 20.780885 -181.652887
v 3.063536 20.780885 -176.340376
v 3.788816 20.780885 -171.159373
v 4.514096 20.780885 -166.109878
v 5.239375 20.780885 -161.191890
v 5.964655 20.780885 -156.405410
v 6.689934 20.780885 -151.750438
v 7.415214 20.780885 -147.226973
v 8.140494 20.780885 -142.835016
v 8.865773 20.780885 -138.574567
v 9.591053 20.780885 -134.445625
v 10.316332 20.780885 -130.448190
v 11.041612 20.780885 -126.582264
v 11.766892 20.780885 -122.847845
v 12.492171 20.780885 -119.244933
v 13.217451 20.780885 -115.773530
v 13.942730 20.780885 -112.433633
v 14.668010 20.780885 -109.225245
v 15.393290 20.780885 -106.148364
v 16.118569 20.780885 -103.202991
v 16.843849 20.780885 -100.389125
v 17.569128 20.780885 -97.706767
v 18.294408 20.780885 -95.155917
v 19.019688 20.780885 -92.736574
v 19.744967 20.780885 -90.448739
v 20.470247 20.780885 -88.292411
v 21.195526 20.780885 -86.267591
v 21.920806 20.780885 -84.374279
v 22.646086 20.780885 -82.612474
v 23.371365 20.780885 -80.982177
v 24.096645 20.780885 -79.483388
v 24.821924 20.780885 -78.116106
v 25.547204 20.780885 -76.880332
v 26.272484 20.780885 -75.776065
v 26.997763 20.780885 -74.803307
v 27.723043 20.780885 -73.962055
v 28.448322 20.780885 -73.252312
v 29.173602 20.780885 -72.674076
v 29.898882 20.780885 -72.227347
v 30.624161 20.780885 -71.912126
v 31.349441 20.780885 -71.728413
v 32.074720 20.780885 -71.676208
v 32.800000 20.780885 -71.755510
v -36.826842 21.288476 -670.433572
v -36.101562 21.288476 -658.019650
v -35.376283 21.288476 -645.737235
v -34.651003 21.288476 -633.586328
v -33.925723 21.288476 -621.566928
v -33.200444 21.288476 -609.679037
v -32.475164 21.288476 -597.922652
v -31.749885 21.288476 -586.297776
v -31.024605 21.288476 -574.804407
v -30.299325 21.288476 -563.442546
v -29.574046 21.288476 -552.212192
v -28.848766 21.288476 -541.113346
v -28.123487 21.288476 -530.146008
v -27.398207 21.288476 -519.310177
v -26.672927 21.288476 -508.605854
v -25.947648 21.288476 -498.033038
v -25.222368 21.288476 -487.591730
v -24.497089 21.288476 -477.281930
v -23.771809 21.288476 -467.103637
v -23.046529 21.288476 -457.056852
v -22.321250 21.288476 -447.141575
v -21.595970 21.288476 -437.357805
v -20.870691 21.288476 -427.705543
v -20.145411 21.288476 -418.184788
v -19.420131 21.288476 -408.795541
v -18.694852 21.288476 -399.537802
v -17.969572 21.288476 -390.411570
v -17.244293 21.288476 -381.416846
v -16.519013 21.288476 -372.553630
v -15.793733 21.288476 -363.821921
v -15.068454 21.288476 -355.221720
v -14.343174 21.288476 -346.753026
v -13.617895 21.288476 -338.415841
v -12.892615 21.288476 -330.210162
v -12.167335 21.288476 -322.135992
v -11.442056 21.288476 -314.193329
v -10.716776 21.288476 -306.382173
v -9.991497 21.288476 -298.702525
v -9.266217 21.288476 -291.154385
v -8.540937 21.288476 -283.737753
v -7.815658 21.288476 -276.452628
v -7.090378 21.288476 -269.299010
v -6.365099 21.288476 -262.276901
v -5.639819 21.288476 -255.386299
v -4.914539 21.288476 -248.627204
v -4.189260 21.288476 -241.999618
v -3.463980 21.288476 -235.503538
v -2.738701 21.288476 -229.138967
v -2.013421 21.288476 -222.905903
v -1.288141 21.288476 -216.804347
v -0.562862 21.288476 -210.834298
v 0.162418 21.288476 -204.995757
v 0.887698 21.288476 -199.288724
v 1.612977 21.288476 -193.713198
v 2.338257 21.288476 -188.269180
v 3.063536 21.288476 -182.956669
v 3.788816 21.288476 -177.775666
v 4.514096 21.288476 -172.726171
v 5.239375 21.288476 -167.808183
v 5.964655 21.288476 -163.021703
v 6.689934 21.288476 -158.366731
v 7.415214 21.288476 -153.843266
v 8.140494 21.288476 -149.451309
v 8.865773 21.288476 -145.190859
v 9.591053 21.288476 -141.061918
v 10.316332 21.288476 -137.064483
v 11.041612 21.288476 -133.198557
v 11.766892 21.288476 -129.464138
v 12.492171 21.288476 -125.861226
v 13.217451 21.288476 -122.389822
v 13.942730 21.288476 -119.049926
v 14.668010 21.288476 -115.841538
v 15.393290 21.288476 -112.764657
v 16.118569 21.288476 -109.819284
v 16.843849 21.288476 -107.005418
v 17.569128 21.288476 -104.323060
v 18.294408 21.288476 -101.772210
v 19.019688 21.288476 -99.352867
v 19.744967 21.288476 -97.065032
v 20.470247 21.288476 -94.908704
v 21.195526 21.288476 -92.883884
v 21.920806 21.288476 -90.990572
v 22.646086 21.288476 -89.228767
v 23.371365 21.288476 -87.598470
v 24.096645 21.288476 -86.099681
v 24.821924 21.288476 -84.732399
v 25.547204 21.288476 -83.496625
v 26.272484 21.288476 -82.392358
v 26.997763 21.288476 -81.419600
v 27.723043 21.288476 -80.578348
v 28.448322 21.288476 -79.868605
v 29.173602 21.288476 -79.290369
v 29.898882 21.288476 -78.843640
v 30.624161 21.288476 -78.528419
v 31.349441 21.288476 -78.344706
v 32.074720 21.288476 -78.292501
v 32.800000 21.288476 -78.371803
v -36.826842 21.796068 -677.307514
v -36.101562 21.796068 -664.893592
v -35.376283 21.796068 -652.611177
v -34.651003 21.796068 -640.460270
v -33.925723 21.796068 -628.440870
v -33.200444 21.796068 -616.552979
v -32.475164 21.796068 -604.796594
v -31.749885 21.796068 -593.171718
v -31.024605 21.796068 -581.678349
v -30.299325 21.796068 -570.316488
v -29.574046 21.796068 -559.086134
v -28.848766 21.796068 -547.987288
v -28.123487 21.796068 -537.019950
v -27.398207 21.796068 -526.184119
v -26.672927 21.796068 -515.479796
v -25.947648 21.796068 -504.906980
v -25.222368 21.796068 -494.465672
v -24.497089 21.796068 -484.155872
v -23.771809 21.796068 -473.977579
v -23.046529 21.796068 -463.930794
v -22.321250 21.796068 -454.015517
v -21.595970 21.796068 -444.231747
v -20.870691 21.796068 -434.579485
v -20.145411 21.796068 -425.058730
v -19.420131 21.796068 -415.669483
v -18.694852 21.796068 -406.411744
v -17.969572 21.796068 -397.285512
v -17.244293 21.796068 -388.290788
v -16.519013 21.796068 -379.427572
v -15.793733 21.796068 -370.695863
v -15.068454 21.796068 -362.095662
v -14.343174 21.796068 -353.626969
v -13.617895 21.796068 -345.289783
v -12.892615 21.796068 -337.084104
v -12.167335 21.796068 -329.009934
v -11.442056 21.796068 -321.067271
v -10.716776 21.796068 -313.256115
v -9.991497 21.796068 -305.576467
v -9.266217 21.796068 -298.028327
v -8.540937 21.796068 -290.611695
v -7.815658 21.796068 -283.326570
v -7.090378 21.796068 -276.172953
v -6.365099 21.796068 -269.150843
v -5.639819 21.796068 -262.260241
v -4.914539 21.796068 -255.501146
v -4.189260 21.796068 -248.873560
v -3.463980 21.796068 -242.377480
v -2.738701 21.796068 -236.012909
v -2.013421 21.796068 -229.779845
v -1.288141 21.796068 -223.678289
v -0.562862 21.796068 -217.708240
v 0.162418 21.796068 -211.869699
v 0.887698 21.796068 -206.162666
v 1.612977 21.796068 -200.587140
v 2.338257 21.796068 -195.143122
v 3.063536 21.796068 -189.830611
v 3.788816 21.796068 -184.649608
v 4.514096 21.796068 -179.600113
v 5.239375 21.796068 -174.682125
v 5.964655 21.796068 -169.895645
v 6.689934 21.796068 -165.240673
v 7.415214 21.796068 -160.717208
v 8.140494 21.796068 -156.325251
v 8.865773 21.796068 -152.064801
v 9.591053 21.796068 -147.935860
v 10.316332 21.796068 -143.938425
v 11.041612 21.796068 -140.072499
v 11.766892 21.796068 -136.338080
v 12.492171 21.796068 -132.735168
v 13.217451 21.796068 -129.263764
v 13.942730 21.796068 -125.923868
v 14.668010 21.796068 -122.715480
v 15.393290 21.796068 -119.638599
v 16.118569 21.796068 -116.693226
v 16.843849 21.796068 -113.879360
v 17.569128 21.796068 -111.197002
v 18.294408 21.796068 -108.646152
v 19.019688 21.796068 -106.226809
v 19.744967 21.796068 -103.938974
v 20.470247 21.796068 -101.782646
v 21.195526 21.796068 -99.757826
v 21.920806 21.796068 -97.864514
v 22.646086 21.796068 -96.102709
v 23.371365 21.796068 -94.472412
v 24.096645 21.796068 -92.973623
v 24.821924 21.796068 -91.606341
v 25.547204 21.796068 -90.370567
v 26.272484 21.796068 -89.266300
v 26.997763 21.796068 -88.293542
v 27.723043 21.796068 -87.452290
v 28.448322 21.796068 -86.742547
v 29.173602 21.796068 -86.164311
v 29.898882 21.796068 -85.717582
v 30.624161 21.796068 -85.402361
v 31.349441 21.796068 -85.218648
v 32.074720 21.796068 -85.166443
v 32.800000 21.796068 -85.245745
v -36.826842 22.303659 -684.439105
v -36.101562 22.303659 -672.025183
v -35.376283 22.303659 -659.742768
v -34.651003 22.303659 -647.591861
v -33.925723 22.303659 -635.572462
v -33.200444 22.303659 -623.684570
v -32.475164 22.303659 -611.928186
v -31.749885 22.303659 -600.303309
v -31.024605 22.303659 -588.809940
v -30.299325 22.303659 -577.448079
v -29.574046 22.303659 -566.217725
v -28.848766 22.303659 -555.118879
v -28.123487 22.303659 -544.151541
v -27.398207 22.303659 -533.315710
v -26.672927 22.303659 -522.611387
v -25.947648 22.303659 -512.038571
v -25.222368 22.303659 -501.597263
v -24.497089 22.303659 -491.287463
v -23.771809 22.303659 -481.109170
v -23.046529 22.303659 -471.062385
v -22.321250 22.303659 -461.147108
v -21.595970 22.303659 -451.363338
v -20.870691 22.303659 -441.711076
v -20.145411 22.303659 -432.190321
v -19.420131 22.303659 -422.801075
v -18.694852 22.303659 -413.543335
v -17.969572 22.303659 -404.417104
v -17.244293 22.303659 -395.422380
v -16.519013 22.303659 -386.559163
v -15.793733 22.303659 -377.827454
v -15.068454 22.303659 -369.227253
v -14.343174 22.303659 -360.758560
v -13.617895 22.303659 -352.421374
v -12.892615 22.303659 -344.215695
v -12.167335 22.303659 -336.141525
v -11.442056 22.303659 -328.198862
v -10.716776 22.303659 -320.387706
v -9.991497 22.303659 -312.708059
v -9.266217 22.303659 -305.159918
v -8.540937 22.303659 -297.743286
v -7.815658 22.303659 -290.458161
v -7.090378 22.303659 -283.304544
v -6.365099 22.303659 -276.282434
v -5.639819 22.303659 -269.391832
v -4.914539 22.303659 -262.632738
v -4.189260 22.303659 -256.005151
v -3.463980 22.303659 -249.509072
v -2.738701 22.303659 -243.144500
v -2.013421 22.303659 -236.911436
v -1.288141 22.303659 -230.809880
v -0.562862 22.303659 -224.839831
v 0.162418 22.303659 -219.001290
v 0.887698 22.303659 -213.294257
v 1.612977 22.303659 -207.718731
v 2.338257 22.303659 -202.274713
v 3.063536 22.303659 -196.962202
v 3.788816 22.303659 -191.781199
v 4.514096 22.303659 -186.731704
v 5.239375 22.303659 -181.813717
v 5.964655 22.303659 -177.027237
v 6.689934 22.303659 -172.372264
v 7.415214 22.303659 -167.848799
v 8.140494 22.303659 -163.456842
v 8.865773 22.303659 -159.196393
v 9.591053 22.303659 -155.067451
v 10.316332 22.303659 -151.070016
v 11.041612 22.303659 -147.204090
v 11.766892 22.303659 -143.469671
v 12.492171 22.303659 -139.866759
v 13.217451 22.303659 -136.395356
v 13.942730 22.303659 -133.055459
v 14.668010 22.303659 -129.847071
v 15.393290 22.303659 -126.770190
v 16.118569 22.303659 -123.824817
v 16.843849 22.303659 -121.010951
v 17.569128 22.303659 -118.328593
v 18.294408 22.303659 -115.777743
v 19.019688 22.303659 -113.358400
v 19.744967 22.303659 -111.070565
v 20.470247 22.303659 -108.914237
v 21.195526 22.303659 -106.889417
v 21.920806 22.303659 -104.996105
v 22.646086 22.303659 -103.234300
v 23.371365 22.303659 -101.604003
v 24.096645 22.303659 -100.105214
v 24.821924 22.303659 -98.737932
v 25.547204 22.303659 -97.502158
v 26.272484 22.303659 -96.397892
v 26.997763 22.303659 -95.425133
v 27.723043 22.303659 -94.583881
v 28.448322 22.303659 -93.874138
v 29.173602 22.303659 -93.295902
v 29.898882 22.303659 -92.849173
v 30.624161 22.303659 -92.533953
v 31.349441 22.303659 -92.350239
v 32.074720 22.303659 -92.298034
v 32.800000 22.303659 -92.377336
v -36.826842 22.811251 -691.828345
v -36.101562 22.811251 -679.414423
v -35.376283 22.811251 -667.132008
v -34.651003 22.811251 -654.981101
v -33.925723 22.811251 -642.961702
v -33.200444 22.811251 -631.073810
v -32.475164 22.811251 -619.317426
v -31.749885 22.811251 -607.692549
v -31.024605 22.811251 -596.199180
v -30.299325 22.811251 -584.837319
v -29.574046 22.811251 -573.606965
v -28.848766 22.811251 -562.508119
v -28.123487 22.811251 -551.540781
v -27.398207 22.811251 -540.704950
v -26.672927 22.811251 -530.000627
v -25.947648 22.811251 -519.427812
v -25.222368 22.811251 -508.986504
v -24.497089 22.811251 -498.676703
v -23.771809 22.811251 -488.498411
v -23.046529 22.811251 -478.451626
v -22.321250 22.811251 -468.536348
v -21.595970 22.811251 -458.752578
v -20.870691 22.811251 -449.100316
v -20.145411 22.811251 -439.579562
v -19.420131 22.811251 -430.190315
v -18.694852 22.811251 -420.932576
v -17.969572 22.811251 -411.806344
v -17.244293 22.811251 -402.811620
v -16.519013 22.811251 -393.948403
v -15.793733 22.811251 -385.216695
v -15.068454 22.811251 -376.616493
v -14.343174 22.811251 -368.147800
v -13.617895 22.811251 -359.810614
v -12.892615 22.811251 -351.604936
v -12.167335 22.811251 -343.530765
v -11.442056 22.811251 -335.588102
v -10.716776 22.811251 -327.776947
v -9.991497 22.811251 -320.097299
v -9.266217 22.811251 -312.549159
v -8.540937 22.811251 -305.132526
v -7.815658 22.811251 -297.847401
v -7.090378 22.811251 -290.693784
v -6.365099 22.811251 -283.671674
v -5.639819 22.811251 -276.781072
v -4.914539 22.811251 -270.021978
v -4.189260 22.811251 -263.394391
v -3.463980 22.811251 -256.898312
v -2.738701 22.811251 -250.533740
v -2.013421 22.811251 -244.300676
v -1.288141 22.811251 -238.199120
v -0.562862 22.811251 -232.229072
v 0.162418 22.811251 -226.390531
v 0.887698 22.811251 -220.683497
v 1.612977 22.811251 -215.107971
v 2.338257 22.811251 -209.663953
v 3.063536 22.811251 -204.351443
v 3.788816 22.811251 -199.170440
v 4.514096 22.811251 -194.120944
v 5.239375 22.811251 -189.202957
v 5.964655 22.811251 -184.416477
v 6.689934 22.811251 -179.761504
v 7.415214 22.811251 -175.238040
v 8.140494 22.811251 -170.846082
v 8.865773 22.811251 -166.585633
v 9.591053 22.811251 -162.456691
v 10.316332 22.811251 -158.459257
v 11.041612 22.811251 -154.593330
v 11.766892 22.811251 -150.858911
v 12.492171 22.811251 -147.256000
v 13.217451 22.811251 -143.784596
v 13.942730 22.811251 -140.444700
v 14.668010 22.811251 -137.236311
v 15.393290 22.811251 -134.159430
v 16.118569 22.811251 -131.214057
v 16.843849 22.811251 -128.400191
v 17.569128 22.811251 -125.717833
v 18.294408 22.811251 -123.166983
v 19.019688 22.811251 -120.747640
v 19.744967 22.811251 -118.459805
v 20.470247 22.811251 -116.303478
v 21.195526 22.811251 -114.278658
v 21.920806 22.811251 -112.385345
v 22.646086 22.811251 -110.623541
v 23.371365 22.811251 -108.993244
v 24.096645 22.811251 -107.494454
v 24.821924 22.811251 -106.127173
v 25.547204 22.811251 -104.891398
v 26.272484 22.811251 -103.787132
v 26.997763 22.811251 -102.814373
v 27.723043 22.811251 -101.973122
v 28.448322 22.811251 -101.263378
v 29.173602 22.811251 -100.685142
v 29.898882 22.811251 -100.238414
v 30.624161 22.811251 -99.923193
v 31.349441 22.811251 -99.739480
v 32.074720 22.811251 -99.687274
v 32.800000 22.811251 -99.766576
v -36.826842 23.318842 -699.475235
v -36.101562 23.318842 -687.061312
v -35.376283 23.318842 -674.778898
v -34.651003 23.318842 -662.627991
v -33.925723 23.318842 -650.608591
v -33.200444 23.318842 -638.720699
v -32.475164 23.318842 -626.964315
v -31.749885 23.318842 -615.339439
v -31.024605 23.318842 -603.846070
v -30.299325 23.318842 -592.484209
v -29.574046 23.318842 -581.253855
v -28.848766 23.318842 -570.155009
v -28.123487 23.318842 -559.187670
v -27.398207 23.318842 -548.351840
v -26.672927 23.318842 -537.647516
v -25.947648 23.318842 -527.074701
v -25.222368 23.318842 -516.633393
v -24.497089 23.318842 -506.323593
v -23.771809 23.318842 -496.145300
v -23.046529 23.318842 -486.098515
v -22.321250 23.318842 -476.183238
v -21.595970 23.318842 -466.399468
v -20.870691 23.318842 -456.747206
v -20.145411 23.318842 -447.226451
v -19.420131 23.318842 -437.837204
v -18.694852 23.318842 -428.579465
v -17.969572 23.318842 -419.453233
v -17.244293 23.318842 -410.458509
v -16.519013 23.318842 -401.595293
v -15.793733 23.318842 -392.863584
v -15.068454 23.318842 -384.263383
v -14.343174 23.318842 -375.794689
v -13.617895 23.318842 -367.457503
v -12.892615 23.318842 -359.251825
v -12.167335 23.318842 -351.177654
v -11.442056 23.318842 -343.234991
v -10.716776 23.318842 -335.423836
v -9.991497 23.318842 -327.744188
v -9.266217 23.318842 -320.196048
v -8.540937 23.318842 -312.779416
v -7.815658 23.318842 -305.494291
v -7.090378 23.318842 -298.340673
v -6.365099 23.318842 -291.318564
v -5.639819 23.318842 -284.427962
v -4.914539 23.318842 -277.668867
v -4.189260 23.318842 -271.041280
v -3.463980 23.318842 -264.545201
v -2.738701 23.318842 -258.180630
v -2.013421 23.318842 -251.947566
v -1.288141 23.318842 -245.846010
v -0.562862 23.318842 -239.875961
v 0.162418 23.318842 -234.037420
v 0.887698 23.318842 -228.330386
v 1.612977 23.318842 -222.754861
v 2.338257 23.318842 -217.310843
v 3.063536 23.318842 -211.998332
v 3.788816 23.318842 -206.817329
v 4.514096 23.318842 -201.767834
v 5.239375 23.318842 -196.849846
v 5.964655 23.318842 -192.063366
v 6.689934 23.318842 -187.408394
v 7.415214 23.318842 -182.884929
v 8.140494 23.318842 -178.492972
v 8.865773 23.318842 -174.232522
v 9.591053 23.318842 -170.103580
v 10.316332 23.318842 -166.106146
v 11.041612 23.318842 -162.240219
v 11.766892 23.318842 -158.505800
v 12.492171 23.318842 -154.902889
v 13.217451 23.318842 -151.431485
v 13.942730 23.318842 -148.091589
v 14.668010 23.318842 -144.883201
v 15.393290 23.318842 -141.806320
v 16.118569 23.318842 -138.860946
v 16.843849 23.318842 -136.047081
v 17.569128 23.318842 -133.364723
v 18.294408 23.318842 -130.813872
v 19.019688 23.318842 -128.394530
v 19.744967 23.318842 -126.106694
v 20.470247 23.318842 -123.950367
v 21.195526 23.318842 -121.925547
v 21.920806 23.318842 -120.032235
v 22.646086 23.318842 -118.270430
v 23.371365 23.318842 -116.640133
v 24.096645 23.318842 -115.141344
v 24.821924 23.318842 -113.774062
v 25.547204 23.318842 -112.538288
v 26.272484 23.318842 -111.434021
v 26.997763 23.318842 -110.461262
v 27.723043 23.318842 -109.620011
v 28.448322 23.318842 -108.910267
v 29.173602 23.318842 -108.332031
v 29.898882 23.318842 -107.885303
v 30.624161 23.318842 -107.570082
v 31.349441 23.318842 -107.386369
v 32.074720 23.318842 -107.334164
v 32.800000 23.318842 -107.413466
v -36.826842 23.826434 -707.379773
v -36.101562 23.826434 -694.965851
v -35.376283 23.826434 -682.683436
v -34.651003 23.826434 -670.532529
v -33.925723 23.826434 -658.513130
v -33.200444 23.826434 -646.625238
v -32.475164 23.826434 -634.868854
v -31.749885 23.826434 -623.243977
v -31.024605 23.826434 -611.750608
v -30.299325 23.826434 -600.388747
v -29.574046 23.826434 -589.158393
v -28.848766 23.826434 -578.059547
v -28.123487 23.826434 -567.092209
v -27.398207 23.826434 -556.256378
v -26.672927 23.826434 -545.552055
v -25.947648 23.826434 -534.979239
v -25.222368 23.826434 -524.537932
v -24.497089 23.826434 -514.228131
v -23.771809 23.826434 -504.049839
v -23.046529 23.826434 -494.003054
v -22.321250 23.826434 -484.087776
v -21.595970 23.826434 -474.304006
v -20.870691 23.826434 -464.651744
v -20.145411 23.826434 -455.130990
v -19.420131 23.826434 -445.741743
v -18.694852 23.826434 -436.484003
v -17.969572 23.826434 -427.357772
v -17.244293 23.826434 -418.363048
v -16.519013 23.826434 -409.499831
v -15.793733 23.826434 -400.768123
v -15.068454 23.826434 -392.167921
v -14.343174 23.826434 -383.699228
v -13.617895 23.826434 -375.362042
v -12.892615 23.826434 -367.156364
v -12.167335 23.826434 -359.082193
v -11.442056 23.826434 -351.139530
v -10.716776 23.826434 -343.328375
v -9.991497 23.826434 -335.648727
v -9.266217 23.826434 -328.100587
v -8.540937 23.826434 -320.683954
v -7.815658 23.826434 -313.398829
v -7.090378 23.826434 -306.245212
v -6.365099 23.826434 -299.223102
v -5.639819 23.826434 -292.332500
v -4.914539 23.826434 -285.573406
v -4.189260 23.826434 -278.945819
v -3.463980 23.826434 -272.449740
v -2.738701 23.826434 -266.085168
v -2.013421 23.826434 -259.852104
v -1.288141 23.826434 -253.750548
v -0.562862 23.826434 -247.780499
v 0.162418 23.826434 -241.941958
v 0.887698 23.826434 -236.234925
v 1.612977 23.826434 -230.659399
v 2.338257 23.826434 -225.215381
v 3.063536 23.826434 -219.902871
v 3.788816 23.826434 -214.721868
v 4.514096 23.826434 -209.672372
v 5.239375 23.826434 -204.754385
v 5.964655 23.826434 -199.967905
v 6.689934 23.826434 -195.312932
v 7.415214 23.826434 -190.789467
v 8.140494 23.826434 -186.397510
v 8.865773 23.826434 -182.137061
v 9.591053 23.826434 -178.008119
v 10.316332 23.826434 -174.010685
v 11.041612 23.826434 -170.144758
v 11.766892 23.826434 -166.410339
v 12.492171 23.826434 -162.807428
v 13.217451 23.826434 -159.336024
v 13.942730 23.826434 -155.996128
v 14.668010 23.826434 -152.787739
v 15.393290 23.826434 -149.710858
v 16.118569 23.826434 -146.765485
v 16.843849 23.826434 -143.951619
v 17.569128 23.826434 -141.269261
v 18.294408 23.826434 -138.718411
v 19.019688 23.826434 -136.299068
v 19.744967 23.826434 -134.011233
v 20.470247 23.826434 -131.854905
v 21.195526 23.826434 -129.830086
v 21.920806 23.826434 -127.936773
v 22.646086 23.826434 -126.174969
v 23.371365 23.826434 -124.544672
v 24.096645 23.826434 -123.045882
v 24.821924 23.826434 -121.678600
v 25.547204 23.826434 -120.442826
v 26.272484 23.826434 -119.338560
v 26.997763 23.826434 -118.365801
v 27.723043 23.826434 -117.524550
v 28.448322 23.826434 -116.814806
v 29.173602 23.826434 -116.236570
v 29.898882 23.826434 -115.789842
v 30.624161 23.826434 -115.474621
v 31.349441 23.826434 -115.290908
v 32.074720 23.826434 -115.238702
v 32.800000 23.826434 -115.318004
v -36.826842 24.334025 -715.541961
v -36.101562 24.334025 -703.128039
v -35.376283 24.334025 -690.845624
v -34.651003 24.334025 -678.694717
v -33.925723 24.334025 -666.675317
v -33.200444 24.334025 -654.787426
v -32.475164 24.334025 -643.031041
v -31.749885 24.334025 -631.406165
v -31.024605 24.334025 -619.912796
v -30.299325 24.334025 -608.550935
v -29.574046 24.334025 -597.320581
v -28.848766 24.334025 -586.221735
v -28.123487 24.334025 -575.254397
v -27.398207 24.334025 -564.418566
v -26.672927 24.334025 -553.714243
v -25.947648 24.334025 -543.141427
v -25.222368 24.334025 -532.700119
v -24.497089 24.334025 -522.390319
v -23.771809 24.334025 -512.212026
v -23.046529 24.334025 -502.165241
v -22.321250 24.334025 -492.249964
v -21.595970 24.334025 -482.466194
v -20.870691 24.334025 -472.813932
v -20.145411 24.334025 -463.293177
v -19.420131 24.334025 -453.903930
v -18.694852 24.334025 -444.646191
v -17.969572 24.334025 -435.519959
v -17.244293 24.334025 -426.525235
v -16.519013 24.334025 -417.662019
v -15.793733 24.334025 -408.930310
v -15.068454 24.334025 -400.330109
v -14.343174 24.334025 -391.861415
v -13.617895 24.334025 -383.524230
v -12.892615 24.334025 -375.318551
v -12.167335 24.334025 -367.244381
v -11.442056 24.334025 -359.301718
v -10.716776 24.334025 -351.490562
v -9.991497 24.334025 -343.810914
v -9.266217 24.334025 -336.262774
v -8.540937 24.334025 -328.846142
v -7.815658 24.334025 -321.561017
v -7.090378 24.334025 -314.407399
v -6.365099 24.334025 -307.385290
v -5.639819 24.334025 -300.494688
v -4.914539 24.334025 -293.735593
v -4.189260 24.334025 -287.108007
v -3.463980 24.334025 -280.611927
v -2.738701 24.334025 -274.247356
v -2.013421 24.334025 -268.014292
v -1.288141 24.334025 -261.912736
v -0.562862 24.334025 -255.942687
v 0.162418 24.334025 -250.104146
v 0.887698 24.334025 -244.397113
v 1.612977 24.334025 -238.821587
v 2.338257 24.334025 -233.377569
v 3.063536 24.334025 -228.065058
v 3.788816 24.334025 -222.884055
v 4.514096 24.334025 -217.834560
v 5.239375 24.334025 -212.916572
v 5.964655 24.334025 -208.130092
v 6.689934 24.334025 -203.475120
v 7.415214 24.334025 -198.951655
v 8.140494 24.334025 -194.559698
v 8.865773 24.334025 -190.299248
v 9.591053 24.334025 -186.170307
v 10.316332 24.334025 -182.172872
v 11.041612 24.334025 -178.306946
v 11.766892 24.334025 -174.572527
v 12.492171 24.334025 -170.969615
v 13.217451 24.334025 -167.498211
v 13.942730 24.334025 -164.158315
v 14.668010 24.334025 -160.949927
v 15.393290 24.334025 -157.873046
v 16.118569 24.334025 -154.927673
v 16.843849 24.334025 -152.113807
v 17.569128 24.334025 -149.431449
v 18.294408 24.334025 -146.880598
v 19.019688 24.334025 -144.461256
v 19.744967 24.334025 -142.173421
v 20.470247 24.334025 -140.017093
v 21.195526 24.334025 -137.992273
v 21.920806 24.334025 -136.098961
v 22.646086 24.334025 -134.337156
v 23.371365 24.334025 -132.706859
v 24.096645 24.334025 -131.208070
v 24.821924 24.334025 -129.840788
v 25.547204 24.334025 -128.605014
v 26.272484 24.334025 -127.500747
v 26.997763 24.334025 -126.527988
v 27.723043 24.334025 -125.686737
v 28.448322 24.334025 -124.976994
v 29.173602 24.334025 -124.398758
v 29.898882 24.334025 -123.952029
v 30.624161 24.334025 -123.636808
v 31.349441 24.334025 -123.453095
v 32.074720 24.334025 -123.400890
v 32.800000 24.334025 -123.480192
v -36.826842 24.841617 -723.961798
v -36.101562 24.841617 -711.547875
v -35.376283 24.841617 -699.265461
v -34.651003 24.841617 -687.114554
v -33.925723 24.841617 -675.095154
v -33.200444 24.841617 -663.207262
v -32.475164 24.841617 -651.450878
v -31.749885 24.841617 -639.826002
v -31.024605 24.841617 -628.332633
v -30.299325 24.841617 -616.970771
v -29.574046 24.841617 -605.740418
v -28.848766 24.841617 -594.641572
v -28.123487 24.841617 -583.674233
v -27.398207 24.841617 -572.838402
v -26.672927 24.841617 -562.134079
v -25.947648 24.841617 -551.561264
v -25.222368 24.841617 -541.119956
v -24.497089 24.841617 -530.810156
v -23.771809 24.841617 -520.631863
v -23.046529 24.841617 -510.585078
v -22.321250 24.841617 -500.669800
v -21.595970 24.841617 -490.886031
v -20.870691 24.841617 -481.233768
v -20.145411 24.841617 -471.713014
v -19.420131 24.841617 -462.323767
v -18.694852 24.841617 -453.066028
v -17.969572 24.841617 -443.939796
v -17.244293 24.841617 -434.945072
v -16.519013 24.841617 -426.081856
v -15.793733 24.841617 -417.350147
v -15.068454 24.841617 -408.749946
v -14.343174 24.841617 -400.281252
v -13.617895 24.841617 -391.944066
v -12.892615 24.841617 -383.738388
v -12.167335 24.841617 -375.664217
v -11.442056 24.841617 -367.721554
v -10.716776 24.841617 -359.910399
v -9.991497 24.841617 -352.230751
v -9.266217 24.841617 -344.682611
v -8.540937 24.841617 -337.265978
v -7.815658 24.841617 -329.980853
v -7.090378 24.841617 -322.827236
v -6.365099 24.841617 -315.805127
v -5.639819 24.841617 -308.914525
v -4.914539 24.841617 -302.155430
v -4.189260 24.841617 -295.527843
v -3.463980 24.841617 -289.031764
v -2.738701 24.841617 -282.667193
v -2.013421 24.841617 -276.434129
v -1.288141 24.841617 -270.332572
v -0.562862 24.841617 -264.362524
v 0.162418 24.841617 -258.523983
v 0.887698 24.841617 -252.816949
v 1.612977 24.841617 -247.241424
v 2.338257 24.841617 -241.797405
v 3.063536 24.841617 -236.484895
v 3.788816 24.841617 -231.303892
v 4.514096 24.841617 -226.254397
v 5.239375 24.841617 -221.336409
v 5.964655 24.841617 -216.549929
v 6.689934 24.841617 -211.894957
v 7.415214 24.841617 -207.371492
v 8.140494 24.841617 -202.979535
v 8.865773 24.841617 -198.719085
v 9.591053 24.841617 -194.590143
v 10.316332 24.841617 -190.592709
v 11.041612 24.841617 -186.726782
v 11.766892 24.841617 -182.992363
v 12.492171 24.841617 -179.389452
v 13.217451 24.841617 -175.918048
v 13.942730 24.841617 -172.578152
v 14.668010 24.841617 -169.369763
v 15.393290 24.841617 -166.292883
v 16.118569 24.841617 -163.347509
v 16.843849 24.841617 -160.533644
v 17.569128 24.841617 -157.851286
v 18.294408 24.841617 -155.300435
v 19.019688 24.841617 -152.881092
v 19.744967 24.841617 -150.593257
v 20.470247 24.841617 -148.436930
v 21.195526 24.841617 -146.412110
v 21.920806 24.841617 -144.518798
v 22.646086 24.841617 -142.756993
v 23.371365 24.841617 -141.126696
v 24.096645 24.841617 -139.627907
v 24.821924 24.841617 -138.260625
v 25.547204 24.841617 -137.024851
v 26.272484 24.841617 -135.920584
v 26.997763 24.841617 -134.947825
v 27.723043 24.841617 -134.106574
v 28.448322 24.841617 -133.396830
v 29.173602 24.841617 -132.818594
v 29.898882 24.841617 -132.371866
v 30.624161 24.841617 -132.056645
v 31.349441 24.841617 -131.872932
v 32.074720 24.841617 -131.820726
v 32.800000 24.841617 -131.900029
v -36.826842 25.349208 -732.639283
v -36.101562 25.349208 -720.225361
v -35.376283 25.349208 -707.942946
v -34.651003 25.349208 -695.792039
v -33.925723 25.349208 -683.772640
v -33.200444 25.349208 -671.884748
v -32.475164 25.349208 -660.128364
v -31.749885 25.349208 -648.503487
v -31.024605 25.349208 -637.010119
v -30.299325 25.349208 -625.648257
v -29.574046 25.349208 -614.417904
v -28.848766 25.349208 -603.319058
v -28.123487 25.349208 -592.351719
v -27.398207 25.349208 -581.515888
v -26.672927 25.349208 -570.811565
v -25.947648 25.349208 -560.238750
v -25.222368 25.349208 -549.797442
v -24.497089 25.349208 -539.487641
v -23.771809 25.349208 -529.309349
v -23.046529 25.349208 -519.262564
v -22.321250 25.349208 -509.347286
v -21.595970 25.349208 -499.563517
v -20.870691 25.349208 -489.911254
v -20.145411 25.349208 -480.390500
v -19.420131 25.349208 -471.001253
v -18.694852 25.349208 -461.743514
v -17.969572 25.349208 -452.617282
v -17.244293 25.349208 -443.622558
v -16.519013 25.349208 -434.759341
v -15.793733 25.349208 -426.027633
v -15.068454 25.349208 -417.427432
v -14.343174 25.349208 -408.958738
v -13.617895 25.349208 -400.621552
v -12.892615 25.349208 -392.415874
v -12.167335 25.349208 -384.341703
v -11.442056 25.349208 -376.399040
v -10.716776 25.349208 -368.587885
v -9.991497 25.349208 -360.908237
v -9.266217 25.349208 -353.360097
v -8.540937 25.349208 -345.943464
v -7.815658 25.349208 -338.658339
v -7.090378 25.349208 -331.504722
v -6.365099 25.349208 -324.482612
v -5.639819 25.349208 -317.592010
v -4.914539 25.349208 -310.832916
v -4.189260 25.349208 -304.205329
v -3.463980 25.349208 -297.709250
v -2.738701 25.349208 -291.344678
v -2.013421 25.349208 -285.111615
v -1.288141 25.349208 -279.010058
v -0.562862 25.349208 -273.040010
v 0.162418 25.349208 -267.201469
v 0.887698 25.349208 -261.494435
v 1.612977 25.349208 -255.918909
v 2.338257 25.349208 -250.474891
v 3.063536 25.349208 -245.162381
v 3.788816 25.349208 -239.981378
v 4.514096 25.349208 -234.931883
v 5.239375 25.349208 -230.013895
v 5.964655 25.349208 -225.227415
v 6.689934 25.349208 -220.572442
v 7.415214 25.349208 -216.048978
v 8.140494 25.349208 -211.657021
v 8.865773 25.349208 -207.396571
v 9.591053 25.349208 -203.267629
v 10.316332 25.349208 -199.270195
v 11.041612 25.349208 -195.404268
v 11.766892 25.349208 -191.669849
v 12.492171 25.349208 -188.066938
v 13.217451 25.349208 -184.595534
v 13.942730 25.349208 -181.255638
v 14.668010 25.349208 -178.047249
v 15.393290 25.349208 -174.970368
v 16.118569 25.349208 -172.024995
v 16.843849 25.349208 -169.211129
v 17.569128 25.349208 -166.528771
v 18.294408 25.349208 -163.977921
v 19.019688 25.349208 -161.558578
v 19.744967 25.349208 -159.270743
v 20.470247 25.349208 -157.114416
v 21.195526 25.349208 -155.089596
v 21.920806 25.349208 -153.196283
v 22.646086 25.349208 -151.434479
v 23.371365 25.349208 -149.804182
v 24.096645 25.349208 -148.305392
v 24.821924 25.349208 -146.938111
v 25.547204 25.349208 -145.702336
v 26.272484 25.349208 -144.598070
v 26.997763 25.349208 -143.625311
v 27.723043 25.349208 -142.784060
v 28.448322 25.349208 -142.074316
v 29.173602 25.349208 -141.496080
v 29.898882 25.349208 -141.049352
v 30.624161 25.349208 -140.734131
v 31.349441 25.349208 -140.550418
v 32.074720 25.349208 -140.498212
v 32.800000 25.349208 -140.577514
v -36.826842 25.856800 -741.574418
v -36.101562 25.856800 -729.160496
v -35.376283 25.856800 -716.878081
v -34.651003 25.856800 -704.727174
v -33.925723 25.856800 -692.707775
v -33.200444 25.856800 -680.819883
v -32.475164 25.856800 -669.063499
v -31.749885 25.856800 -657.438622
v -31.024605 25.856800 -645.945254
v -30.299325 25.856800 -634.583392
v -29.574046 25.856800 -623.353039
v -28.848766 25.856800 -612.254192
v -28.123487 25.856800 -601.286854
v -27.398207 25.856800 -590.451023
v -26.672927 25.856800 -579.746700
v -25.947648 25.856800 -569.173885
v -25.222368 25.856800 -558.732577
v -24.497089 25.856800 -548.422776
v -23.771809 25.856800 -538.244484
v -23.046529 25.856800 -528.197699
v -22.321250 25.856800 -518.282421
v -21.595970 25.856800 -508.498651
v -20.870691 25.856800 -498.846389
v -20.145411 25.856800 -489.325635
v -19.420131 25.856800 -479.936388
v -18.694852 25.856800 -470.678649
v -17.969572 25.856800 -461.552417
v -17.244293 25.856800 -452.557693
v -16.519013 25.856800 -443.694476
v -15.793733 25.856800 -434.962768
v -15.068454 25.856800 -426.362567
v -14.343174 25.856800 -417.893873
v -13.617895 25.856800 -409.556687
v -12.892615 25.856800 -401.351009
v -12.167335 25.856800 -393.276838
v -11.442056 25.856800 -385.334175
v -10.716776 25.856800 -377.523020
v -9.991497 25.856800 -369.843372
v -9.266217 25.856800 -362.295232
v -8.540937 25.856800 -354.878599
v -7.815658 25.856800 -347.593474
v -7.090378 25.856800 -340.439857
v -6.365099 25.856800 -333.417747
v -5.639819 25.856800 -326.527145
v -4.914539 25.856800 -319.768051
v -4.189260 25.856800 -313.140464
v -3.463980 25.856800 -306.644385
v -2.738701 25.856800 -300.279813
v -2.013421 25.856800 -294.046750
v -1.288141 25.856800 -287.945193
v -0.562862 25.856800 -281.975145
v 0.162418 25.856800 -276.136604
v 0.887698 25.856800 -270.429570
v 1.612977 25.856800 -264.854044
v 2.338257 25.856800 -259.410026
v 3.063536 25.856800 -254.097516
v 3.788816 25.856800 -248.916513
v 4.514096 25.856800 -243.867018
v 5.239375 25.856800 -238.949030
v 5.964655 25.856800 -234.162550
v 6.689934 25.856800 -229.507577
v 7.415214 25.856800 -224.984113
v 8.140494 25.856800 -220.592155
v 8.865773 25.856800 -216.331706
v 9.591053 25.856800 -212.202764
v 10.316332 25.856800 -208.205330
v 11.041612 25.856800 -204.339403
v 11.766892 25.856800 -200.604984
v 12.492171 25.856800 -197.002073
v 13.217451 25.856800 -193.530669
v 13.942730 25.856800 -190.190773
v 14.668010 25.856800 -186.982384
v 15.393290 25.856800 -183.905503
v 16.118569 25.856800 -180.960130
v 16.843849 25.856800 -178.146264
v 17.569128 25.856800 -175.463906
v 18.294408 25.856800 -172.913056
v 19.019688 25.856800 -170.493713
v 19.744967 25.856800 -168.205878
v 20.470247 25.856800 -166.049551
v 21.195526 25.856800 -164.024731
v 21.920806 25.856800 -162.131418
v 22.646086 25.856800 -160.369614
v 23.371365 25.856800 -158.739317
v 24.096645 25.856800 -157.240527
v 24.821924 25.856800 -155.873246
v 25.547204 25.856800 -154.637471
v 26.272484 25.856800 -153.533205
v 26.997763 25.856800 -152.560446
v 27.723043 25.856800 -151.719195
v 28.448322 25.856800 -151.009451
v 29.173602 25.856800 -150.431215
v 29.898882 25.856800 -149.984487
v 30.624161 25.856800 -149.669266
v 31.349441 25.856800 -149.485553
v 32.074720 25.856800 -149.433347
v 32.800000 25.856800 -149.512649
v -36.826842 26.364391 -750.767202
v -36.101562 26.364391 -738.353280
v -35.376283 26.364391 -726.070865
v -34.651003 26.364391 -713.919958
v -33.925723 26.364391 -701.900559
v -33.200444 26.364391 -690.012667
v -32.475164 26.364391 -678.256283
v -31.749885 26.364391 -666.631406
v -31.024605 26.364391 -655.138038
v -30.299325 26.364391 -643.776176
v -29.574046 26.364391 -632.545823
v -28.848766 26.364391 -621.446977
v -28.123487 26.364391 -610.479638
v -27.398207 26.364391 -599.643807
v -26.672927 26.364391 -588.939484
v -25.947648 26.364391 -578.366669
v -25.222368 26.364391 -567.925361
v -24.497089 26.364391 -557.615560
v -23.771809 26.364391 -547.437268
v -23.046529 26.364391 -537.390483
v -22.321250 26.364391 -527.475205
v -21.595970 26.364391 -517.691436
v -20.870691 26.364391 -508.039173
v -20.145411 26.364391 -498.518419
v -19.420131 26.364391 -489.129172
v -18.694852 26.364391 -479.871433
v -17.969572 26.364391 -470.745201
v -17.244293 26.364391 -461.750477
v -16.519013 26.364391 -452.887261
v -15.793733 26.364391 -444.155552
v -15.068454 26.364391 -435.555351
v -14.343174 26.364391 -427.086657
v -13.617895 26.364391 -418.749471
v -12.892615 26.364391 -410.543793
v -12.167335 26.364391 -402.469622
v -11.442056 26.364391 -394.526959
v -10.716776 26.364391 -386.715804
v -9.991497 26.364391 -379.036156
v -9.266217 26.364391 -371.488016
v -8.540937 26.364391 -364.071383
v -7.815658 26.364391 -356.786258
v -7.090378 26.364391 -349.632641
v -6.365099 26.364391 -342.610531
v -5.639819 26.364391 -335.719929
v -4.914539 26.364391 -328.960835
v -4.189260 26.364391 -322.333248
v -3.463980 26.364391 -315.837169
v -2.738701 26.364391 -309.472598
v -2.013421 26.364391 -303.239534
v -1.288141 26.364391 -297.137977
v -0.562862 26.364391 -291.167929
v 0.162418 26.364391 -285.329388
v 0.887698 26.364391 -279.622354
v 1.612977 26.364391 -274.046828
v 2.338257 26.364391 -268.602810
v 3.063536 26.364391 -263.290300
v 3.788816 26.364391 -258.109297
v 4.514096 26.364391 -253.059802
v 5.239375 26.364391 -248.141814
v 5.964655 26.364391 -243.355334
v 6.689934 26.364391 -238.700362
v 7.415214 26.364391 -234.176897
v 8.140494 26.364391 -229.784940
v 8.865773 26.364391 -225.524490
v 9.591053 26.364391 -221.395548
v 10.316332 26.364391 -217.398114
v 11.041612 26.364391 -213.532187
v 11.766892 26.364391 -209.797768
v 12.492171 26.364391 -206.194857
v 13.217451 26.364391 -202.723453
v 13.942730 26.364391 -199.383557
v 14.668010 26.364391 -196.175168
v 15.393290 26.364391 -193.098287
v 16.118569 26.364391 -190.152914
v 16.843849 26.364391 -187.339049
v 17.569128 26.364391 -184.656690
v 18.294408 26.364391 -182.105840
v 19.019688 26.364391 -179.686497
v 19.744967 26.364391 -177.398662
v 20.470247 26.364391 -175.242335
v 21.195526 26.364391 -173.217515
v 21.920806 26.364391 -171.324202
v 22.646086 26.364391 -169.562398
v 23.371365 26.364391 -167.932101
v 24.096645 26.364391 -166.433311
v 24.821924 26.364391 -165.066030
v 25.547204 26.364391 -163.830256
v 26.272484 26.364391 -162.725989
v 26.997763 26.364391 -161.753230
v 27.723043 26.364391 -160.911979
v 28.448322 26.364391 -160.202235
v 29.173602 26.364391 -159.623999
v 29.898882 26.364391 -159.177271
v 30.624161 26.364391 -158.862050
v 31.349441 26.364391 -158.678337
v 32.074720 26.364391 -158.626131
v 32.800000 26.364391 -158.705433
v -36.826842 26.871983 -760.217636
v -36.101562 26.871983 -747.803713
v -35.376283 26.871983 -735.521299
v -34.651003 26.871983 -723.370392
v -33.925723 26.871983 -711.350992
v -33.200444 26.871983 -699.463100
v -32.475164 26.871983 -687.706716
v -31.749885 26.871983 -676.081840
v -31.024605 26.871983 -664.588471
v -30.299325 26.871983 -653.226609
v -29.574046 26.871983 -641.996256
v -28.848766 26.871983 -630.897410
v -28.123487 26.871983 -619.930071
v -27.398207 26.871983 -609.094241
v -26.672927 26.871983 -598.389917
v -25.947648 26.871983 -587.817102
v -25.222368 26.871983 -577.375794
v -24.497089 26.871983 -567.065994
v -23.771809 26.871983 -556.887701
v -23.046529 26.871983 -546.840916
v -22.321250 26.871983 -536.925639
v -21.595970 26.871983 -527.141869
v -20.870691 26.871983 -517.489607
v -20.145411 26.871983 -507.968852
v -19.420131 26.871983 -498.579605
v -18.694852 26.871983 -489.321866
v -17.969572 26.871983 -480.195634
v -17.244293 26.871983 -471.200910
v -16.519013 26.871983 -462.337694
v -15.793733 26.871983 -453.605985
v -15.068454 26.871983 -445.005784
v -14.343174 26.871983 -436.537090
v -13.617895 26.871983 -428.199904
v -12.892615 26.871983 -419.994226
v -12.167335 26.871983 -411.920055
v -11.442056 26.871983 -403.977392
v -10.716776 26.871983 -396.166237
v -9.991497 26.871983 -388.486589
v -9.266217 26.871983 -380.938449
v -8.540937 26.871983 -373.521816
v -7.815658 26.871983 -366.236692
v -7.090378 26.871983 -359.083074
v -6.365099 26.871983 -352.060965
v -5.639819 26.871983 -345.170363
v -4.914539 26.871983 -338.411268
v -4.189260 26.871983 -331.783681
v -3.463980 26.871983 -325.287602
v -2.738701 26.871983 -318.923031
v -2.013421 26.871983 -312.689967
v -1.288141 26.871983 -306.588411
v -0.562862 26.871983 -300.618362
v 0.162418 26.871983 -294.779821
v 0.887698 26.871983 -289.072787
v 1.612977 26.871983 -283.497262
v 2.338257 26.871983 -278.053243
v 3.063536 26.871983 -272.740733
v 3.788816 26.871983 -267.559730
v 4.514096 26.871983 -262.510235
v 5.239375 26.871983 -257.592247
v 5.964655 26.871983 -252.805767
v 6.689934 26.871983 -248.150795
v 7.415214 26.871983 -243.627330
v 8.140494 26.871983 -239.235373
v 8.865773 26.871983 -234.974923
v 9.591053 26.871983 -230.845981
v 10.316332 26.871983 -226.848547
v 11.041612 26.871983 -222.982620
v 11.766892 26.871983 -219.248201
v 12.492171 26.871983 -215.645290
v 13.217451 26.871983 -212.173886
v 13.942730 26.871983 -208.833990
v 14.668010 26.871983 -205.625602
v 15.393290 26.871983 -202.548721
v 16.118569 26.871983 -199.603347
v 16.843849 26.871983 -196.789482
v 17.569128 26.871983 -194.107124
v 18.294408 26.871983 -191.556273
v 19.019688 26.871983 -189.136931
v 19.744967 26.871983 -186.849095
v 20.470247 26.871983 -184.692768
v 21.195526 26.871983 -182.667948
v 21.920806 26.871983 -180.774636
v 22.646086 26.871983 -179.012831
v 23.371365 26.871983 -177.382534
v 24.096645 26.871983 -175.883745
v 24.821924 26.871983 -174.516463
v 25.547204 26.871983 -173.280689
v 26.272484 26.871983 -172.176422
v 26.997763 26.871983 -171.203663
v 27.723043 26.871983 -170.362412
v 28.448322 26.871983 -169.652668
v 29.173602 26.871983 -169.074432
v 29.898882 26.871983 -168.627704
v 30.624161 26.871983 -168.312483
v 31.349441 26.871983 -168.128770
v 32.074720 26.871983 -168.076565
v 32.800000 26.871983 -168.155867
v -36.826842 27.379574 -769.925718
v -36.101562 27.379574 -757.511796
v -35.376283 27.379574 -745.229381
v -34.651003 27.379574 -733.078474
v -33.925723 27.379574 -721.059075
v -33.200444 27.379574 -709.171183
v -32.475164 27.379574 -697.414799
v -31.749885 27.379574 -685.789922
v -31.024605 27.379574 -674.296553
v -30.299325 27.379574 -662.934692
v -29.574046 27.379574 -651.704338
v -28.848766 27.379574 -640.605492
v -28.123487 27.379574 -629.638154
v -27.398207 27.379574 -618.802323
v -26.672927 27.379574 -608.098000
v -25.947648 27.379574 -597.525184
v -25.222368 27.379574 -587.083876
v -24.497089 27.379574 -576.774076
v -23.771809 27.379574 -566.595783
v -23.046529 27.379574 -556.548998
v -22.321250 27.379574 -546.633721
v -21.595970 27.379574 -536.849951
v -20.870691 27.379574 -527.197689
v -20.145411 27.379574 -517.676934
v -19.420131 27.379574 -508.287687
v -18.694852 27.379574 -499.029948
v -17.969572 27.379574 -489.903716
v -17.244293 27.379574 -480.908992
v -16.519013 27.379574 -472.045776
v -15.793733 27.379574 -463.314067
v -15.068454 27.379574 -454.713866
v -14.343174 27.379574 -446.245173
v -13.617895 27.379574 -437.907987
v -12.892615 27.379574 -429.702308
v -12.167335 27.379574 -421.628138
v -11.442056 27.379574 -413.685475
v -10.716776 27.379574 -405.874319
v -9.991497 27.379574 -398.194671
v -9.266217 27.379574 -390.646531
v -8.540937 27.379574 -383.229899
v -7.815658 27.379574 -375.944774
v -7.090378 27.379574 -368.791157
v -6.365099 27.379574 -361.769047
v -5.639819 27.379574 -354.878445
v -4.914539 27.379574 -348.119350
v -4.189260 27.379574 -341.491764
v -3.463980 27.379574 -334.995685
v -2.738701 27.379574 -328.631113
v -2.013421 27.379574 -322.398049
v -1.288141 27.379574 -316.296493
v -0.562862 27.379574 -310.326444
v 0.162418 27.379574 -304.487903
v 0.887698 27.379574 -298.780870
v 1.612977 27.379574 -293.205344
v 2.338257 27.379574 -287.761326
v 3.063536 27.379574 -282.448815
v 3.788816 27.379574 -277.267812
v 4.514096 27.379574 -272.218317
v 5.239375 27.379574 -267.300329
v 5.964655 27.379574 -262.513849
v 6.689934 27.379574 -257.858877
v 7.415214 27.379574 -253.335412
v 8.140494 27.379574 -248.943455
v 8.865773 27.379574 -244.683006
v 9.591053 27.379574 -240.554064
v 10.316332 27.379574 -236.556629
v 11.041612 27.379574 -232.690703
v 11.766892 27.379574 -228.956284
v 12.492171 27.379574 -225.353372
v 13.217451 27.379574 -221.881969
v 13.942730 27.379574 -218.542072
v 14.668010 27.379574 -215.333684
v 15.393290 27.379574 -212.256803
v 16.118569 27.379574 -209.311430
v 16.843849 27.379574 -206.497564
v 17.569128 27.379574 -203.815206
v 18.294408 27.379574 -201.264356
v 19.019688 27.379574 -198.845013
v 19.744967 27.379574 -196.557178
v 20.470247 27.379574 -194.400850
v 21.195526 27.379574 -192.376030
v 21.920806 27.379574 -190.482718
v 22.646086 27.379574 -188.720913
v 23.371365 27.379574 -187.090616
v 24.096645 27.379574 -185.591827
v 24.821924 27.379574 -184.224545
v 25.547204 27.379574 -182.988771
v 26.272484 27.379574 -181.884504
v 26.997763 27.379574 -180.911746
v 27.723043 27.379574 -180.070494
v 28.448322 27.379574 -179.360751
v 29.173602 27.379574 -178.782515
v 29.898882 27.379574 -178.335786
v 30.624161 27.379574 -178.020566
v 31.349441 27.379574 -177.836852
v 32.074720 27.379574 -177.784647
v 32.800000 27.379574 -177.863949
v -36.826842 27.887166 -779.891449
v -36.101562 27.887166 -767.477527
v -35.376283 27.887166 -755.195112
v -34.651003 27.887166 -743.044205
v -33.925723 27.887166 -731.024806
v -33.200444 27.887166 -719.136914
v -32.475164 27.887166 -707.380530
v -31.749885 27.887166 -695.755653
v -31.024605 27.887166 -684.262285
v -30.299325 27.887166 -672.900423
v -29.574046 27.887166 -661.670070
v -28.848766 27.887166 -650.571224
v -28.123487 27.887166 -639.603885
v -27.398207 27.887166 -628.768054
v -26.672927 27.887166 -618.063731
v -25.947648 27.887166 -607.490916
v -25.222368 27.887166 -597.049608
v -24.497089 27.887166 -586.739807
v -23.771809 27.887166 -576.561515
v -23.046529 27.887166 -566.514730
v -22.321250 27.887166 -556.599452
v -21.595970 27.887166 -546.815682
v -20.870691 27.887166 -537.163420
v -20.145411 27.887166 -527.642666
v -19.420131 27.887166 -518.253419
v -18.694852 27.887166 -508.995680
v -17.969572 27.887166 -499.869448
v -17.244293 27.887166 -490.874724
v -16.519013 27.887166 -482.011507
v -15.793733 27.887166 -473.279799
v -15.068454 27.887166 -464.679598
v -14.343174 27.887166 -456.210904
v -13.617895 27.887166 -447.873718
v -12.892615 27.887166 -439.668040
v -12.167335 27.887166 -431.593869
v -11.442056 27.887166 -423.651206
v -10.716776 27.887166 -415.840051
v -9.991497 27.887166 -408.160403
v -9.266217 27.887166 -400.612263
v -8.540937 27.887166 -393.195630
v -7.815658 27.887166 -385.910505
v -7.090378 27.887166 -378.756888
v -6.365099 27.887166 -371.734778
v -5.639819 27.887166 -364.844176
v -4.914539 27.887166 -358.085082
v -4.189260 27.887166 -351.457495
v -3.463980 27.887166 -344.961416
v -2.738701 27.887166 -338.596844
v -2.013421 27.887166 -332.363781
v -1.288141 27.887166 -326.262224
v -0.562862 27.887166 -320.292176
v 0.162418 27.887166 -314.453635
v 0.887698 27.887166 -308.746601
v 1.612977 27.887166 -303.171075
v 2.338257 27.887166 -297.727057
v 3.063536 27.887166 -292.414547
v 3.788816 27.887166 -287.233544
v 4.514096 27.887166 -282.184049
v 5.239375 27.887166 -277.266061
v 5.964655 27.887166 -272.479581
v 6.689934 27.887166 -267.824608
v 7.415214 27.887166 -263.301144
v 8.140494 27.887166 -258.909187
v 8.865773 27.887166 -254.648737
v 9.591053 27.887166 -250.519795
v 10.316332 27.887166 -246.522361
v 11.041612 27.887166 -242.656434
v 11.766892 27.887166 -238.922015
v 12.492171 27.887166 -235.319104
v 13.217451 27.887166 -231.847700
v 13.942730 27.887166 -228.507804
v 14.668010 27.887166 -225.299415
v 15.393290 27.887166 -222.222534
v 16.118569 27.887166 -219.277161
v 16.843849 27.887166 -216.463295
v 17.569128 27.887166 -213.780937
v 18.294408 27.887166 -211.230087
v 19.019688 27.887166 -208.810744
v 19.744967 27.887166 -206.522909
v 20.470247 27.887166 -204.366582
v 21.195526 27.887166 -202.341762
v 21.920806 27.887166 -200.448449
v 22.646086 27.887166 -198.686645
v 23.371365 27.887166 -197.056348
v 24.096645 27.887166 -195.557558
v 24.821924 27.887166 -194.190277
v 25.547204 27.887166 -192.954502
v 26.272484 27.887166 -191.850236
v 26.997763 27.887166 -190.877477
v 27.723043 27.887166 -190.036226
v 28.448322 27.887166 -189.326482
v 29.173602 27.887166 -188.748246
v 29.898882 27.887166 -188.301518
v 30.624161 27.887166 -187.986297
v 31.349441 27.887166 -187.802584
v 32.074720 27.887166 -187.750378
v 32.800000 27.887166 -187.829680
v -36.826842 28.394757 -790.114830
v -36.101562 28.394757 -777.700908
v -35.376283 28.394757 -765.418493
v -34.651003 28.394757 -753.267586
v -33.925723 28.394757 -741.248186
v -33.200444 28.394757 -729.360295
v -32.475164 28.394757 -717.603911
v -31.749885 28.394757 -705.979034
v -31.024605 28.394757 -694.485665
v -30.299325 28.394757 -683.123804
v -29.574046 28.394757 -671.893450
v -28.848766 28.394757 -660.794604
v -28.123487 28.394757 -649.827266
v -27.398207 28.394757 -638.991435
v -26.672927 28.394757 -628.287112
v -25.947648 28.394757 -617.714296
v -25.222368 28.394757 -607.272988
v -24.497089 28.394757 -596.963188
v -23.771809 28.394757 -586.784895
v -23.046529 28.394757 -576.738110
v -22.321250 28.394757 -566.822833
v -21.595970 28.394757 -557.039063
v -20.870691 28.394757 -547.386801
v -20.145411 28.394757 -537.866046
v -19.420131 28.394757 -528.476799
v -18.694852 28.394757 -519.219060
v -17.969572 28.394757 -510.092828
v -17.244293 28.394757 -501.098104
v -16.519013 28.394757 -492.234888
v -15.793733 28.394757 -483.503179
v -15.068454 28.394757 -474.902978
v -14.343174 28.394757 -466.434285
v -13.617895 28.394757 -458.097099
v -12.892615 28.394757 -449.891420
v -12.167335 28.394757 -441.817250
v -11.442056 28.394757 -433.874587
v -10.716776 28.394757 -426.063431
v -9.991497 28.394757 -418.383783
v -9.266217 28.394757 -410.835643
v -8.540937 28.394757 -403.419011
v -7.815658 28.394757 -396.133886
v -7.090378 28.394757 -388.980269
v -6.365099 28.394757 -381.958159
v -5.639819 28.394757 -375.067557
v -4.914539 28.394757 -368.308462
v -4.189260 28.394757 -361.680876
v -3.463980 28.394757 -355.184797
v -2.738701 28.394757 -348.820225
v -2.013421 28.394757 -342.587161
v -1.288141 28.394757 -336.485605
v -0.562862 28.394757 -330.515556
v 0.162418 28.394757 -324.677015
v 0.887698 28.394757 -318.969982
v 1.612977 28.394757 -313.394456
v 2.338257 28.394757 -307.950438
v 3.063536 28.394757 -302.637927
v 3.788816 28.394757 -297.456924
v 4.514096 28.394757 -292.407429
v 5.239375 28.394757 -287.489441
v 5.964655 28.394757 -282.702961
v 6.689934 28.394757 -278.047989
v 7.415214 28.394757 -273.524524
v 8.140494 28.394757 -269.132567
v 8.865773 28.394757 -264.872118
v 9.591053 28.394757 -260.743176
v 10.316332 28.394757 -256.745741
v 11.041612 28.394757 -252.879815
v 11.766892 28.394757 -249.145396
v 12.492171 28.394757 -245.542484
v 13.217451 28.394757 -242.071080
v 13.942730 28.394757 -238.731184
v 14.668010 28.394757 -235.522796
v 15.393290 28.394757 -232.445915
v 16.118569 28.394757 -229.500542
v 16.843849 28.394757 -226.686676
v 17.569128 28.394757 -224.004318
v 18.294408 28.394757 -221.453468
v 19.019688 28.394757 -219.034125
v 19.744967 28.394757 -216.746290
v 20.470247 28.394757 -214.589962
v 21.195526 28.394757 -212.565142
v 21.920806 28.394757 -210.671830
v 22.646086 28.394757 -208.910025
v 23.371365 28.394757 -207.279728
v 24.096645 28.394757 -205.780939
v 24.821924 28.394757 -204.413657
v 25.547204 28.394757 -203.177883
v 26.272484 28.394757 -202.073616
v 26.997763 28.394757 -201.100858
v 27.723043 28.394757 -200.259606
v 28.448322 28.394757 -199.549863
v 29.173602 28.394757 -198.971627
v 29.898882 28.394757 -198.524898
v 30.624161 28.394757 -198.209677
v 31.349441 28.394757 -198.025964
v 32.074720 28.394757 -197.973759
v 32.800000 28.394757 -198.053061
v -36.826842 28.902349 -800.595860
v -36.101562 28.902349 -788.181937
v -35.376283 28.902349 -775.899523
v -34.651003 28.902349 -763.748616
v -33.925723 28.902349 -751.729216
v -33.200444 28.902349 -739.841324
v -32.475164 28.902349 -728.084940
v -31.749885 28.902349 -716.460064
v -31.024605 28.902349 -704.966695
v -30.299325 28.902349 -693.604833
v -29.574046 28.902349 -682.374480
v -28.848766 28.902349 -671.275634
v -28.123487 28.902349 -660.308295
v -27.398207 28.902349 -649.472464
v -26.672927 28.902349 -638.768141
v -25.947648 28.902349 -628.195326
v -25.222368 28.902349 -617.754018
v -24.497089 28.902349 -607.444218
v -23.771809 28.902349 -597.265925
v -23.046529 28.902349 -587.219140
v -22.321250 28.902349 -577.303862
v -21.595970 28.902349 -567.520093
v -20.870691 28.902349 -557.867831
v -20.145411 28.902349 -548.347076
v -19.420131 28.902349 -538.957829
v -18.694852 28.902349 -529.700090
v -17.969572 28.902349 -520.573858
v -17.244293 28.902349 -511.579134
v -16.519013 28.902349 -502.715918
v -15.793733 28.902349 -493.984209
v -15.068454 28.902349 -485.384008
v -14.343174 28.902349 -476.915314
v -13.617895 28.902349 -468.578128
v -12.892615 28.902349 -460.372450
v -12.167335 28.902349 -452.298279
v -11.442056 28.902349 -444.355616
v -10.716776 28.902349 -436.544461
v -9.991497 28.902349 -428.864813
v -9.266217 28.902349 -421.316673
v -8.540937 28.902349 -413.900040
v -7.815658 28.902349 -406.614915
v -7.090378 28.902349 -399.461298
v -6.365099 28.902349 -392.439189
v -5.639819 28.902349 -385.548587
v -4.914539 28.902349 -378.789492
v -4.189260 28.902349 -372.161905
v -3.463980 28.902349 -365.665826
v -2.738701 28.902349 -359.301255
v -2.013421 28.902349 -353.068191
v -1.288141 28.902349 -346.966634
v -0.562862 28.902349 -340.996586
v 0.162418 28.902349 -335.158045
v 0.887698 28.902349 -329.451011
v 1.612977 28.902349 -323.875486
v 2.338257 28.902349 -318.431467
v 3.063536 28.902349 -313.118957
v 3.788816 28.902349 -307.937954
v 4.514096 28.902349 -302.888459
v 5.239375 28.902349 -297.970471
v 5.964655 28.902349 -293.183991
v 6.689934 28.902349 -288.529019
v 7.415214 28.902349 -284.005554
v 8.140494 28.902349 -279.613597
v 8.865773 28.902349 -275.353147
v 9.591053 28.902349 -271.224205
v 10.316332 28.902349 -267.226771
v 11.041612 28.902349 -263.360844
v 11.766892 28.902349 -259.626425
v 12.492171 28.902349 -256.023514
v 13.217451 28.902349 -252.552110
v 13.942730 28.902349 -249.212214
v 14.668010 28.902349 -246.003825
v 15.393290 28.902349 -242.926945
v 16.118569 28.902349 -239.981571
v 16.843849 28.902349 -237.167706
v 17.569128 28.902349 -234.485348
v 18.294408 28.902349 -231.934497
v 19.019688 28.902349 -229.515154
v 19.744967 28.902349 -227.227319
v 20.470247 28.902349 -225.070992
v 21.195526 28.902349 -223.046172
v 21.920806 28.902349 -221.152860
v 22.646086 28.902349 -219.391055
v 23.371365 28.902349 -217.760758
v 24.096645 28.902349 -216.261969
v 24.821924 28.902349 -214.894687
v 25.547204 28.902349 -213.658913
v 26.272484 28.902349 -212.554646
v 26.997763 28.902349 -211.581887
v 27.723043 28.902349 -210.740636
v 28.448322 28.902349 -210.030892
v 29.173602 28.902349 -209.452656
v 29.898882 28.902349 -209.005928
v 30.624161 28.902349 -208.690707
v 31.349441 28.902349 -208.506994
v 32.074720 28.902349 -208.454788
v 32.800000 28.902349 -208.534091
v -36.826842 29.409940 -811.334538
v -36.101562 29.409940 -798.920616
v -35.376283 29.409940 -786.638201
v -34.651003 29.409940 -774.487294
v -33.925723 29.409940 -762.467895
v -33.200444 29.409940 -750.580003
v -32.475164 29.409940 -738.823619
v -31.749885 29.409940 -727.198742
v -31.024605 29.409940 -715.705373
v -30.299325 29.409940 -704.343512
v -29.574046 29.409940 -693.113159
v -28.848766 29.409940 -682.014312
v -28.123487 29.409940 -671.046974
v -27.398207 29.409940 -660.211143
v -26.672927 29.409940 -649.506820
v -25.947648 29.409940 -638.934005
v -25.222368 29.409940 -628.492697
v -24.497089 29.409940 -618.182896
v -23.771809 29.409940 -608.004604
v -23.046529 29.409940 -597.957819
v -22.321250 29.409940 -588.042541
v -21.595970 29.409940 -578.258771
v -20.870691 29.409940 -568.606509
v -20.145411 29.409940 -559.085755
v -19.420131 29.409940 -549.696508
v -18.694852 29.409940 -540.438769
v -17.969572 29.409940 -531.312537
v -17.244293 29.409940 -522.317813
v -16.519013 29.409940 -513.454596
v -15.793733 29.409940 -504.722888
v -15.068454 29.409940 -496.122686
v -14.343174 29.409940 -487.653993
v -13.617895 29.409940 -479.316807
v -12.892615 29.409940 -471.111129
v -12.167335 29.409940 -463.036958
v -11.442056 29.409940 -455.094295
v -10.716776 29.409940 -447.283140
v -9.991497 29.409940 -439.603492
v -9.266217 29.409940 -432.055352
v -8.540937 29.409940 -424.638719
v -7.815658 29.409940 -417.353594
v -7.090378 29.409940 -410.199977
v -6.365099 29.409940 -403.177867
v -5.639819 29.409940 -396.287265
v -4.914539 29.409940 -389.528171
v -4.189260 29.409940 -382.900584
v -3.463980 29.409940 -376.404505
v -2.738701 29.409940 -370.039933
v -2.013421 29.409940 -363.806870
v -1.288141 29.409940 -357.705313
v -0.562862 29.409940 -351.735265
v 0.162418 29.409940 -345.896724
v 0.887698 29.409940 -340.189690
v 1.612977 29.409940 -334.614164
v 2.338257 29.409940 -329.170146
v 3.063536 29.409940 -323.857636
v 3.788816 29.409940 -318.676633
v 4.514096 29.409940 -313.627137
v 5.239375 29.409940 -308.709150
v 5.964655 29.409940 -303.922670
v 6.689934 29.409940 -299.267697
v 7.415214 29.409940 -294.744233
v 8.140494 29.409940 -290.352275
v 8.865773 29.409940 -286.091826
v 9.591053 29.409940 -281.962884
v 10.316332 29.409940 -277.965450
v 11.041612 29.409940 -274.099523
v 11.766892 29.409940 -270.365104
v 12.492171 29.409940 -266.762193
v 13.217451 29.409940 -263.290789
v 13.942730 29.409940 -259.950893
v 14.668010 29.409940 -256.742504
v 15.393290 29.409940 -253.665623
v 16.118569 29.409940 -250.720250
v 16.843849 29.409940 -247.906384
v 17.569128 29.409940 -245.224026
v 18.294408 29.409940 -242.673176
v 19.019688 29.409940 -240.253833
v 19.744967 29.409940 -237.965998
v 20.470247 29.409940 -235.809671
v 21.195526 29.409940 -233.784851
v 21.920806 29.409940 -231.891538
v 22.646086 29.409940 -230.129734
v 23.371365 29.409940 -228.499437
v 24.096645 29.409940 -227.000647
v 24.821924 29.409940 -225.633366
v 25.547204 29.409940 -224.397591
v 26.272484 29.409940 -223.293325
v 26.997763 29.409940 -222.320566
v 27.723043 29.409940 -221.479315
v 28.448322 29.409940 -220.769571
v 29.173602 29.409940 -220.191335
v 29.898882 29.409940 -219.744607
v 30.624161 29.409940 -219.429386
v 31.349441 29.409940 -219.245673
v 32.074720 29.409940 -219.193467
v 32.800000 29.409940 -219.272769
v -36.826842 29.917532 -822.330866
v -36.101562 29.917532 -809.916944
v -35.376283 29.917532 -797.634529
v -34.651003 29.917532 -785.483622
v -33.925723 29.917532 -773.464223
v -33.200444 29.917532 -761.576331
v -32.475164 29.917532 -749.819947
v -31.749885 29.917532 -738.195070
v -31.024605 29.917532 -726.701701
v -30.299325 29.917532 -715.339840
v -29.574046 29.917532 -704.109486
v -28.848766 29.917532 -693.010640
v -28.123487 29.917532 -682.043302
v -27.398207 29.917532 -671.207471
v -26.672927 29.917532 -660.503148
v -25.947648 29.917532 -649.930332
v -25.222368 29.917532 -639.489025
v -24.497089 29.917532 -629.179224
v -23.771809 29.917532 -619.000932
v -23.046529 29.917532 -608.954147
v -22.321250 29.917532 -599.038869
v -21.595970 29.917532 -589.255099
v -20.870691 29.917532 -579.602837
v -20.145411 29.917532 -570.082083
v -19.420131 29.917532 -560.692836
v -18.694852 29.917532 -551.435096
v -17.969572 29.917532 -542.308865
v -17.244293 29.917532 -533.314141
v -16.519013 29.917532 -524.450924
v -15.793733 29.917532 -515.719216
v -15.068454 29.917532 -507.119014
v -14.343174 29.917532 -498.650321
v -13.617895 29.917532 -490.313135
v -12.892615 29.917532 -482.107457
v -12.167335 29.917532 -474.033286
v -11.442056 29.917532 -466.090623
v -10.716776 29.917532 -458.279468
v -9.991497 29.917532 -450.599820
v -9.266217 29.917532 -443.051680
v -8.540937 29.917532 -435.635047
v -7.815658 29.917532 -428.349922
v -7.090378 29.917532 -421.196305
v -6.365099 29.917532 -414.174195
v -5.639819 29.917532 -407.283593
v -4.914539 29.917532 -400.524499
v -4.189260 29.917532 -393.896912
v -3.463980 29.917532 -387.400833
v -2.738701 29.917532 -381.036261
v -2.013421 29.917532 -374.803197
v -1.288141 29.917532 -368.701641
v -0.562862 29.917532 -362.731592
v 0.162418 29.917532 -356.893051
v 0.887698 29.917532 -351.186018
v 1.612977 29.917532 -345.610492
v 2.338257 29.917532 -340.166474
v 3.063536 29.917532 -334.853964
v 3.788816 29.917532 -329.672961
v 4.514096 29.917532 -324.623465
v 5.239375 29.917532 -319.705478
v 5.964655 29.917532 -314.918998
v 6.689934 29.917532 -310.264025
v 7.415214 29.917532 -305.740561
v 8.140494 29.917532 -301.348603
v 8.865773 29.917532 -297.088154
v 9.591053 29.917532 -292.959212
v 10.316332 29.917532 -288.961778
v 11.041612 29.917532 -285.095851
v 11.766892 29.917532 -281.361432
v 12.492171 29.917532 -277.758521
v 13.217451 29.917532 -274.287117
v 13.942730 29.917532 -270.947221
v 14.668010 29.917532 -267.738832
v 15.393290 29.917532 -264.661951
v 16.118569 29.917532 -261.716578
v 16.843849 29.917532 -258.902712
v 17.569128 29.917532 -256.220354
v 18.294408 29.917532 -253.669504
v 19.019688 29.917532 -251.250161
v 19.744967 29.917532 -248.962326
v 20.470247 29.917532 -246.805998
v 21.195526 29.917532 -244.781179
v 21.920806 29.917532 -242.887866
v 22.646086 29.917532 -241.126062
v 23.371365 29.917532 -239.495765
v 24.096645 29.917532 -237.996975
v 24.821924 29.917532 -236.629693
v 25.547204 29.917532 -235.393919
v 26.272484 29.917532 -234.289653
v 26.997763 29.917532 -233.316894
v 27.723043 29.917532 -232.475643
v 28.448322 29.917532 -231.765899
v 29.173602 29.917532 -231.187663
v 29.898882 29.917532 -230.740935
v 30.624161 29.917532 -230.425714
v 31.349441 29.917532 -230.242001
v 32.074720 29.917532 -230.189795
v 32.800000 29.917532 -230.269097
v -36.826842 30.425123 -833.584843
v -36.101562 30.425123 -821.170921
v -35.376283 30.425123 -808.888506
v -34.651003 30.425123 -796.737599
v -33.925723 30.425123 -784.718200
v -33.200444 30.425123 -772.830308
v -32.475164 30.425123 -761.073924
v -31.749885 30.425123 -749.449047
v -31.024605 30.425123 -737.955678
v -30.299325 30.425123 -726.593817
v -29.574046 30.425123 -715.363463
v -28.848766 30.425123 -704.264617
v -28.123487 30.425123 -693.297279
v -27.398207 30.425123 -682.461448
v -26.672927 30.425123 -671.757125
v -25.947648 30.425123 -661.184309
v -25.222368 30.425123 -650.743002
v -24.497089 30.425123 -640.433201
v -23.771809 30.425123 -630.254909
v -23.046529 30.425123 -620.208124
v -22.321250 30.425123 -610.292846
v -21.595970 30.425123 -600.509076
v -20.870691 30.425123 -590.856814
v -20.145411 30.425123 -581.336060
v -19.420131 30.425123 -571.946813
v -18.694852 30.425123 -562.689073
v -17.969572 30.425123 -553.562842
v -17.244293 30.425123 -544.568118
v -16.519013 30.425123 -535.704901
v -15.793733 30.425123 -526.973193
v -15.068454 30.425123 -518.372991
v -14.343174 30.425123 -509.904298
v -13.617895 30.425123 -501.567112
v -12.892615 30.425123 -493.361434
v -12.167335 30.425123 -485.287263
v -11.442056 30.425123 -477.344600
v -10.716776 30.425123 -469.533445
v -9.991497 30.425123 -461.853797
v -9.266217 30.425123 -454.305657
v -8.540937 30.425123 -446.889024
v -7.815658 30.425123 -439.603899
v -7.090378 30.425123 -432.450282
v -6.365099 30.425123 -425.428172
v -5.639819 30.425123 -418.537570
v -4.914539 30.425123 -411.778476
v -4.189260 30.425123 -405.150889
v -3.463980 30.425123 -398.654810
v -2.738701 30.425123 -392.290238
v -2.013421 30.425123 -386.057174
v -1.288141 30.425123 -379.955618
v -0.562862 30.425123 -373.985569
v 0.162418 30.425123 -368.147028
v 0.887698 30.425123 -362.439995
v 1.612977 30.425123 -356.864469
v 2.338257 30.425123 -351.420451
v 3.063536 30.425123 -346.107941
v 3.788816 30.425123 -340.926938
v 4.514096 30.425123 -335.877442
v 5.239375 30.425123 -330.959455
v 5.964655 30.425123 -326.172975
v 6.689934 30.425123 -321.518002
v 7.415214 30.425123 -316.994538
v 8.140494 30.425123 -312.602580
v 8.865773 30.425123 -308.342131
v 9.591053 30.425123 -304.213189
v 10.316332 30.425123 -300.215755
v 11.041612 30.425123 -296.349828
v 11.766892 30.425123 -292.615409
v 12.492171 30.425123 -289.012498
v 13.217451 30.425123 -285.541094
v 13.942730 30.425123 -282.201198
v 14.668010 30.425123 -278.992809
v 15.393290 30.425123 -275.915928
v 16.118569 30.425123 -272.970555
v 16.843849 30.425123 -270.156689
v 17.569128 30.425123 -267.474331
v 18.294408 30.425123 -264.923481
v 19.019688 30.425123 -262.504138
v 19.744967 30.425123 -260.216303
v 20.470247 30.425123 -258.059975
v 21.195526 30.425123 -256.035156
v 21.920806 30.425123 -254.141843
v 22.646086 30.425123 -252.380039
v 23.371365 30.425123 -250.749742
v 24.096645 30.425123 -249.250952
v 24.821924 30.425123 -247.883670
v 25.547204 30.425123 -246.647896
v 26.272484 30.425123 -245.543630
v 26.997763 30.425123 -244.570871
v 27.723043 30.425123 -243.729620
v 28.448322 30.425123 -243.019876
v 29.173602 30.425123 -242.441640
v 29.898882 30.425123 -241.994912
v 30.624161 30.425123 -241.679691
v 31.349441 30.425123 -241.495978
v 32.074720 30.425123 -241.443772
v 32.800000 30.425123 -241.523074
v -36.826842 30.932715 -845.096469
v -36.101562 30.932715 -832.682547
v -35.376283 30.932715 -820.400132
v -34.651003 30.932715 -808.249225
v -33.925723 30.932715 -796.229826
v -33.200444 30.932715 -784.341934
v -32.475164 30.932715 -772.585550
v -31.749885 30.932715 -760.960673
v -31.024605 30.932715 -749.467304
v -30.299325 30.932715 -738.105443
v -29.574046 30.932715 -726.875090
v -28.848766 30.932715 -715.776243
v -28.123487 30.932715 -704.808905
v -27.398207 30.932715 -693.973074
v -26.672927 30.932715 -683.268751
v -25.947648 30.932715 -672.695936
v -25.222368 30.932715 -662.254628
v -24.497089 30.932715 -651.944827
v -23.771809 30.932715 -641.766535
v -23.046529 30.932715 -631.719750
v -22.321250 30.932715 -621.804472
v -21.595970 30.932715 -612.020702
v -20.870691 30.932715 -602.368440
v -20.145411 30.932715 -592.847686
v -19.420131 30.932715 -583.458439
v -18.694852 30.932715 -574.200700
v -17.969572 30.932715 -565.074468
v -17.244293 30.932715 -556.079744
v -16.519013 30.932715 -547.216527
v -15.793733 30.932715 -538.484819
v -15.068454 30.932715 -529.884617
v -14.343174 30.932715 -521.415924
v -13.617895 30.932715 -513.078738
v -12.892615 30.932715 -504.873060
v -12.167335 30.932715 -496.798889
v -11.442056 30.932715 -488.856226
v -10.716776 30.932715 -481.045071
v -9.991497 30.932715 -473.365423
v -9.266217 30.932715 -465.817283
v -8.540937 30.932715 -458.400650
v -7.815658 30.932715 -451.115525
v -7.090378 30.932715 -443.961908
v -6.365099 30.932715 -436.939798
v -5.639819 30.932715 -430.049196
v -4.914539 30.932715 -423.290102
v -4.189260 30.932715 -416.662515
v -3.463980 30.932715 -410.166436
v -2.738701 30.932715 -403.801864
v -2.013421 30.932715 -397.568801
v -1.288141 30.932715 -391.467244
v -0.562862 30.932715 -385.497196
v 0.162418 30.932715 -379.658655
v 0.887698 30.932715 -373.951621
v 1.612977 30.932715 -368.376095
v 2.338257 30.932715 -362.932077
v 3.063536 30.932715 -357.619567
v 3.788816 30.932715 -352.438564
v 4.514096 30.932715 -347.389068
v 5.239375 30.932715 -342.471081
v 5.964655 30.932715 -337.684601
v 6.689934 30.932715 -333.029628
v 7.415214 30.932715 -328.506164
v 8.140494 30.932715 -324.114206
v 8.865773 30.932715 -319.853757
v 9.591053 30.932715 -315.724815
v 10.316332 30.932715 -311.727381
v 11.041612 30.932715 -307.861454
v 11.766892 30.932715 -304.127035
v 12.492171 30.932715 -300.524124
v 13.217451 30.932715 -297.052720
v 13.942730 30.932715 -293.712824
v 14.668010 30.932715 -290.504435
v 15.393290 30.932715 -287.427554
v 16.118569 30.932715 -284.482181
v 16.843849 30.932715 -281.668315
v 17.569128 30.932715 -278.985957
v 18.294408 30.932715 -276.435107
v 19.019688 30.932715 -274.015764
v 19.744967 30.932715 -271.727929
v 20.470247 30.932715 -269.571602
v 21.195526 30.932715 -267.546782
v 21.920806 30.932715 -265.653469
v 22.646086 30.932715 -263.891665
v 23.371365 30.932715 -262.261368
v 24.096645 30.932715 -260.762578
v 24.821924 30.932715 -259.395297
v 25.547204 30.932715 -258.159522
v 26.272484 30.932715 -257.055256
v 26.997763 30.932715 -256.082497
v 27.723043 30.932715 -255.241246
v 28.448322 30.932715 -254.531502
v 29.173602 30.932715 -253.953266
v 29.898882 30.932715 -253.506538
v 30.624161 30.932715 -253.191317
v 31.349441 30.932715 -253.007604
v 32.074720 30.932715 -252.955398
v 32.800000 30.932715 -253.034700
v -36.826842 31.440306 -856.865745
v -36.101562 31.440306 -844.451822
v -35.376283 31.440306 -832.169408
v -34.651003 31.440306 -820.018501
v -33.925723 31.440306 -807.999101
v -33.200444 31.440306 -796.111209
v -32.475164 31.440306 -784.354825
v -31.749885 31.440306 -772.729949
v -31.024605 31.440306 -761.236580
v -30.299325 31.440306 -749.874718
v -29.574046 31.440306 -738.644365
v -28.848766 31.440306 -727.545519
v -28.123487 31.440306 -716.578180
v -27.398207 31.440306 -705.742350
v -26.672927 31.440306 -695.038026
v -25.947648 31.440306 -684.465211
v -25.222368 31.440306 -674.023903
v -24.497089 31.440306 -663.714103
v -23.771809 31.440306 -653.535810
v -23.046529 31.440306 -643.489025
v -22.321250 31.440306 -633.573747
v -21.595970 31.440306 -623.789978
v -20.870691 31.440306 -614.137716
v -20.145411 31.440306 -604.616961
v -19.420131 31.440306 -595.227714
v -18.694852 31.440306 -585.969975
v -17.969572 31.440306 -576.843743
v -17.244293 31.440306 -567.849019
v -16.519013 31.440306 -558.985803
v -15.793733 31.440306 -550.254094
v -15.068454 31.440306 -541.653893
v -14.343174 31.440306 -533.185199
v -13.617895 31.440306 -524.848013
v -12.892615 31.440306 -516.642335
v -12.167335 31.440306 -508.568164
v -11.442056 31.440306 -500.625501
v -10.716776 31.440306 -492.814346
v -9.991497 31.440306 -485.134698
v -9.266217 31.440306 -477.586558
v -8.540937 31.440306 -470.169925
v -7.815658 31.440306 -462.884801
v -7.090378 31.440306 -455.731183
v -6.365099 31.440306 -448.709074
v -5.639819 31.440306 -441.818472
v -4.914539 31.440306 -435.059377
v -4.189260 31.440306 -428.431790
v -3.463980 31.440306 -421.935711
v -2.738701 31.440306 -415.571140
v -2.013421 31.440306 -409.338076
v -1.288141 31.440306 -403.236519
v -0.562862 31.440306 -397.266471
v 0.162418 31.440306 -391.427930
v 0.887698 31.440306 -385.720896
v 1.612977 31.440306 -380.145371
v 2.338257 31.440306 -374.701352
v 3.063536 31.440306 -369.388842
v 3.788816 31.440306 -364.207839
v 4.514096 31.440306 -359.158344
v 5.239375 31.440306 -354.240356
v 5.964655 31.440306 -349.453876
v 6.689934 31.440306 -344.798904
v 7.415214 31.440306 -340.275439
v 8.140494 31.440306 -335.883482
v 8.865773 31.440306 -331.623032
v 9.591053 31.440306 -327.494090
v 10.316332 31.440306 -323.496656
v 11.041612 31.440306 -319.630729
v 11.766892 31.440306 -315.896310
v 12.492171 31.440306 -312.293399
v 13.217451 31.440306 -308.821995
v 13.942730 31.440306 -305.482099
v 14.668010 31.440306 -302.273710
v 15.393290 31.440306 -299.196830
v 16.118569 31.440306 -296.251456
v 16.843849 31.440306 -293.437591
v 17.569128 31.440306 -290.755233
v 18.294408 31.440306 -288.204382
v 19.019688 31.440306 -285.785039
v 19.744967 31.440306 -283.497204
v 20.470247 31.440306 -281.340877
v 21.195526 31.440306 -279.316057
v 21.920806 31.440306 -277.422745
v 22.646086 31.440306 -275.660940
v 23.371365 31.440306 -274.030643
v 24.096645 31.440306 -272.531854
v 24.821924 31.440306 -271.164572
v 25.547204 31.440306 -269.928798
v 26.272484 31.440306 -268.824531
v 26.997763 31.440306 -267.851772
v 27.723043 31.440306 -267.010521
v 28.448322 31.440306 -266.300777
v 29.173602 31.440306 -265.722541
v 29.898882 31.440306 -265.275813
v 30.624161 31.440306 -264.960592
v 31.349441 31.440306 -264.776879
v 32.074720 31.440306 -264.724673
v 32.800000 31.440306 -264.803976
v -36.826842 31.947898 -868.892669
v -36.101562 31.947898 -856.478747
v -35.376283 31.947898 -844.196332
v -34.651003 31.947898 -832.045425
v -33.925723 31.947898 -820.026025
v -33.200444 31.947898 -808.138134
v -32.475164 31.947898 -796.381750
v -31.749885 31.947898 -784.756873
v -31.024605 31.947898 -773.263504
v -30.299325 31.947898 -761.901643
v -29.574046 31.947898 -750.671289
v -28.848766 31.947898 -739.572443
v -28.123487 31.947898 -728.605105
v -27.398207 31.947898 -717.769274
v -26.672927 31.947898 -707.064951
v -25.947648 31.947898 -696.492135
v -25.222368 31.947898 -686.050827
v -24.497089 31.947898 -675.741027
v -23.771809 31.947898 -665.562734
v -23.046529 31.947898 -655.515949
v -22.321250 31.947898 -645.600672
v -21.595970 31.947898 -635.816902
v -20.870691 31.947898 -626.164640
v -20.145411 31.947898 -616.643885
v -19.420131 31.947898 -607.254638
v -18.694852 31.947898 -597.996899
v -17.969572 31.947898 -588.870667
v -17.244293 31.947898 -579.875943
v -16.519013 31.947898 -571.012727
v -15.793733 31.947898 -562.281018
v -15.068454 31.947898 -553.680817
v -14.343174 31.947898 -545.212124
v -13.617895 31.947898 -536.874938
v -12.892615 31.947898 -528.669259
v -12.167335 31.947898 -520.595089
v -11.442056 31.947898 -512.652426
v -10.716776 31.947898 -504.841270
v -9.991497 31.947898 -497.161622
v -9.266217 31.947898 -489.613482
v -8.540937 31.947898 -482.196850
v -7.815658 31.947898 -474.911725
v -7.090378 31.947898 -467.758108
v -6.365099 31.947898 -460.735998
v -5.639819 31.947898 -453.845396
v -4.914539 31.947898 -447.086301
v -4.189260 31.947898 -440.458715
v -3.463980 31.947898 -433.962636
v -2.738701 31.947898 -427.598064
v -2.013421 31.947898 -421.365000
v -1.288141 31.947898 -415.263444
v -0.562862 31.947898 -409.293395
v 0.162418 31.947898 -403.454854
v 0.887698 31.947898 -397.747821
v 1.612977 31.947898 -392.172295
v 2.338257 31.947898 -386.728277
v 3.063536 31.947898 -381.415766
v 3.788816 31.947898 -376.234763
v 4.514096 31.947898 -371.185268
v 5.239375 31.947898 -366.267280
v 5.964655 31.947898 -361.480800
v 6.689934 31.947898 -356.825828
v 7.415214 31.947898 -352.302363
v 8.140494 31.947898 -347.910406
v 8.865773 31.947898 -343.649957
v 9.591053 31.947898 -339.521015
v 10.316332 31.947898 -335.523580
v 11.041612 31.947898 -331.657654
v 11.766892 31.947898 -327.923235
v 12.492171 31.947898 -324.320323
v 13.217451 31.947898 -320.848920
v 13.942730 31.947898 -317.509023
v 14.668010 31.947898 -314.300635
v 15.393290 31.947898 -311.223754
v 16.118569 31.947898 -308.278381
v 16.843849 31.947898 -305.464515
v 17.569128 31.947898 -302.782157
v 18.294408 31.947898 -300.231307
v 19.019688 31.947898 -297.811964
v 19.744967 31.947898 -295.524129
v 20.470247 31.947898 -293.367801
v 21.195526 31.947898 -291.342981
v 21.920806 31.947898 -289.449669
v 22.646086 31.947898 -287.687864
v 23.371365 31.947898 -286.057567
v 24.096645 31.947898 -284.558778
v 24.821924 31.947898 -283.191496
v 25.547204 31.947898 -281.955722
v 26.272484 31.947898 -280.851455
v 26.997763 31.947898 -279.878697
v 27.723043 31.947898 -279.037445
v 28.448322 31.947898 -278.327702
v 29.173602 31.947898 -277.749466
v 29.898882 31.947898 -277.302737
v 30.624161 31.947898 -276.987516
v 31.349441 31.947898 -276.803803
v 32.074720 31.947898 -276.751598
v 32.800000 31.947898 -276.830900
v -36.826842 32.455489 -881.177242
v -36.101562 32.455489 -868.763320
v -35.376283 32.455489 -856.480905
v -34.651003 32.455489 -844.329998
v -33.925723 32.455489 -832.310599
v -33.200444 32.455489 -820.422707
v -32.475164 32.455489 -808.666323
v -31.749885 32.455489 -797.041446
v -31.024605 32.455489 -785.548078
v -30.299325 32.455489 -774.186216
v -29.574046 32.455489 -762.955863
v -28.848766 32.455489 -751.857017
v -28.123487 32.455489 -740.889678
v -27.398207 32.455489 -730.053847
v -26.672927 32.455489 -719.349524
v -25.947648 32.455489 -708.776709
v -25.222368 32.455489 -698.335401
v -24.497089 32.455489 -688.025600
v -23.771809 32.455489 -677.847308
v -23.046529 32.455489 -667.800523
v -22.321250 32.455489 -657.885245
v -21.595970 32.455489 -648.101476
v -20.870691 32.455489 -638.449213
v -20.145411 32.455489 -628.928459
v -19.420131 32.455489 -619.539212
v -18.694852 32.455489 -610.281473
v -17.969572 32.455489 -601.155241
v -17.244293 32.455489 -592.160517
v -16.519013 32.455489 -583.297300
v -15.793733 32.455489 -574.565592
v -15.068454 32.455489 -565.965391
v -14.343174 32.455489 -557.496697
v -13.617895 32.455489 -549.159511
v -12.892615 32.455489 -540.953833
v -12.167335 32.455489 -532.879662
v -11.442056 32.455489 -524.936999
v -10.716776 32.455489 -517.125844
v -9.991497 32.455489 -509.446196
v -9.266217 32.455489 -501.898056
v -8.540937 32.455489 -494.481423
v -7.815658 32.455489 -487.196298
v -7.090378 32.455489 -480.042681
v -6.365099 32.455489 -473.020571
v -5.639819 32.455489 -466.129969
v -4.914539 32.455489 -459.370875
v -4.189260 32.455489 -452.743288
v -3.463980 32.455489 -446.247209
v -2.738701 32.455489 -439.882637
v -2.013421 32.455489 -433.649574
v -1.288141 32.455489 -427.548017
v -0.562862 32.455489 -421.577969
v 0.162418 32.455489 -415.739428
v 0.887698 32.455489 -410.032394
v 1.612977 32.455489 -404.456868
v 2.338257 32.455489 -399.012850
v 3.063536 32.455489 -393.700340
v 3.788816 32.455489 -388.519337
v 4.514096 32.455489 -383.469842
v 5.239375 32.455489 -378.551854
v 5.964655 32.455489 -373.765374
v 6.689934 32.455489 -369.110401
v 7.415214 32.455489 -364.586937
v 8.140494 32.455489 -360.194980
v 8.865773 32.455489 -355.934530
v 9.591053 32.455489 -351.805588
v 10.316332 32.455489 -347.808154
v 11.041612 32.455489 -343.942227
v 11.766892 32.455489 -340.207808
v 12.492171 32.455489 -336.604897
v 13.217451 32.455489 -333.133493
v 13.942730 32.455489 -329.793597
v 14.668010 32.455489 -326.585208
v 15.393290 32.455489 -323.508327
v 16.118569 32.455489 -320.562954
v 16.843849 32.455489 -317.749088
v 17.569128 32.455489 -315.066730
v 18.294408 32.455489 -312.515880
v 19.019688 32.455489 -310.096537
v 19.744967 32.455489 -307.808702
v 20.470247 32.455489 -305.652375
v 21.195526 32.455489 -303.627555
v 21.920806 32.455489 -301.734242
v 22.646086 32.455489 -299.972438
v 23.371365 32.455489 -298.342141
v 24.096645 32.455489 -296.843351
v 24.821924 32.455489 -295.476070
v 25.547204 32.455489 -294.240295
v 26.272484 32.455489 -293.136029
v 26.997763 32.455489 -292.163270
v 27.723043 32.455489 -291.322019
v 28.448322 32.455489 -290.612275
v 29.173602 32.455489 -290.034039
v 29.898882 32.455489 -289.587311
v 30.624161 32.455489 -289.272090
v 31.349441 32.455489 -289.088377
v 32.074720 32.455489 -289.036171
v 32.800000 32.455489 -289.115473
v -36.826842 32.963081 -893.719465
v -36.101562 32.963081 -881.305543
v -35.376283 32.963081 -869.023128
v -34.651003 32.963081 -856.872221
v -33.925723 32.963081 -844.852822
v -33.200444 32.963081 -832.964930
v -32.475164 32.963081 -821.208546
v -31.749885 32.963081 -809.583669
v -31.024605 32.963081 -798.090300
v -30.299325 32.963081 -786.728439
v -29.574046 32.963081 -775.498085
v -28.848766 32.963081 -764.399239
v -28.123487 32.963081 -753.431901
v -27.398207 32.963081 -742.596070
v -26.672927 32.963081 -731.891747
v -25.947648 32.963081 -721.318931
v -25.222368 32.963081 -710.877623
v -24.497089 32.963081 -700.567823
v -23.771809 32.963081 -690.389530
v -23.046529 32.963081 -680.342745
v -22.321250 32.963081 -670.427468
v -21.595970 32.963081 -660.643698
v -20.870691 32.963081 -650.991436
v -20.145411 32.963081 -641.470681
v -19.420131 32.963081 -632.081434
v -18.694852 32.963081 -622.823695
v -17.969572 32.963081 -613.697464
v -17.244293 32.963081 -604.702739
v -16.519013 32.963081 -595.839523
v -15.793733 32.963081 -587.107814
v -15.068454 32.963081 -578.507613
v -14.343174 32.963081 -570.038920
v -13.617895 32.963081 -561.701734
v -12.892615 32.963081 -553.496055
v -12.167335 32.963081 -545.421885
v -11.442056 32.963081 -537.479222
v -10.716776 32.963081 -529.668066
v -9.991497 32.963081 -521.988419
v -9.266217 32.963081 -514.440278
v -8.540937 32.963081 -507.023646
v -7.815658 32.963081 -499.738521
v -7.090378 32.963081 -492.584904
v -6.365099 32.963081 -485.562794
v -5.639819 32.963081 -478.672192
v -4.914539 32.963081 -471.913098
v -4.189260 32.963081 -465.285511
v -3.463980 32.963081 -458.789432
v -2.738701 32.963081 -452.424860
v -2.013421 32.963081 -446.191796
v -1.288141 32.963081 -440.090240
v -0.562862 32.963081 -434.120191
v 0.162418 32.963081 -428.281650
v 0.887698 32.963081 -422.574617
v 1.612977 32.963081 -416.999091
v 2.338257 32.963081 -411.555073
v 3.063536 32.963081 -406.242562
v 3.788816 32.963081 -401.061559
v 4.514096 32.963081 -396.012064
v 5.239375 32.963081 -391.094076
v 5.964655 32.963081 -386.307596
v 6.689934 32.963081 -381.652624
v 7.415214 32.963081 -377.129159
v 8.140494 32.963081 -372.737202
v 8.865773 32.963081 -368.476753
v 9.591053 32.963081 -364.347811
v 10.316332 32.963081 -360.350376
v 11.041612 32.963081 -356.484450
v 11.766892 32.963081 -352.750031
v 12.492171 32.963081 -349.147119
v 13.217451 32.963081 -345.675716
v 13.942730 32.963081 -342.335819
v 14.668010 32.963081 -339.127431
v 15.393290 32.963081 -336.050550
v 16.118569 32.963081 -333.105177
v 16.843849 32.963081 -330.291311
v 17.569128 32.963081 -327.608953
v 18.294408 32.963081 -325.058103
v 19.019688 32.963081 -322.638760
v 19.744967 32.963081 -320.350925
v 20.470247 32.963081 -318.194597
v 21.195526 32.963081 -316.169777
v 21.920806 32.963081 -314.276465
v 22.646086 32.963081 -312.514660
v 23.371365 32.963081 -310.884363
v 24.096645 32.963081 -309.385574
v 24.821924 32.963081 -308.018292
v 25.547204 32.963081 -306.782518
v 26.272484 32.963081 -305.678252
v 26.997763 32.963081 -304.705493
v 27.723043 32.963081 -303.864241
v 28.448322 32.963081 -303.154498
v 29.173602 32.963081 -302.576262
v 29.898882 32.963081 -302.129533
v 30.624161 32.963081 -301.814313
v 31.349441 32.963081 -301.630599
v 32.074720 32.963081 -301.578394
v 32.800000 32.963081 -301.657696
v -36.826842 33.470672 -906.519337
v -36.101562 33.470672 -894.105414
v -35.376283 33.470672 -881.823000
v -34.651003 33.470672 -869.672093
v -33.925723 33.470672 -857.652693
v -33.200444 33.470672 -845.764801
v -32.475164 33.470672 -834.008417
v -31.749885 33.470672 -822.383541
v -31.024605 33.470672 -810.890172
v -30.299325 33.470672 -799.528311
v -29.574046 33.470672 -788.297957
v -28.848766 33.470672 -777.199111
v -28.123487 33.470672 -766.231772
v -27.398207 33.470672 -755.395942
v -26.672927 33.470672 -744.691618
v -25.947648 33.470672 -734.118803
v -25.222368 33.470672 -723.677495
v -24.497089 33.470672 -713.367695
v -23.771809 33.470672 -703.189402
v -23.046529 33.470672 -693.142617
v -22.321250 33.470672 -683.227340
v -21.595970 33.470672 -673.443570
v -20.870691 33.470672 -663.791308
v -20.145411 33.470672 -654.270553
v -19.420131 33.470672 -644.881306
v -18.694852 33.470672 -635.623567
v -17.969572 33.470672 -626.497335
v -17.244293 33.470672 -617.502611
v -16.519013 33.470672 -608.639395
v -15.793733 33.470672 -599.907686
v -15.068454 33.470672 -591.307485
v -14.343174 33.470672 -582.838791
v -13.617895 33.470672 -574.501605
v -12.892615 33.470672 -566.295927
v -12.167335 33.470672 -558.221756
v -11.442056 33.470672 -550.279093
v -10.716776 33.470672 -542.467938
v -9.991497 33.470672 -534.788290
v -9.266217 33.470672 -527.240150
v -8.540937 33.470672 -519.823518
v -7.815658 33.470672 -512.538393
v -7.090378 33.470672 -505.384775
v -6.365099 33.470672 -498.362666
v -5.639819 33.470672 -491.472064
v -4.914539 33.470672 -484.712969
v -4.189260 33.470672 -478.085382
v -3.463980 33.470672 -471.589303
v -2.738701 33.470672 -465.224732
v -2.013421 33.470672 -458.991668
v -1.288141 33.470672 -452.890112
v -0.562862 33.470672 -446.920063
v 0.162418 33.470672 -441.081522
v 0.887698 33.470672 -435.374488
v 1.612977 33.470672 -429.798963
v 2.338257 33.470672 -424.354945
v 3.063536 33.470672 -419.042434
v 3.788816 33.470672 -413.861431
v 4.514096 33.470672 -408.811936
v 5.239375 33.470672 -403.893948
v 5.964655 33.470672 -399.107468
v 6.689934 33.470672 -394.452496
v 7.415214 33.470672 -389.929031
v 8.140494 33.470672 -385.537074
v 8.865773 33.470672 -381.276624
v 9.591053 33.470672 -377.147682
v 10.316332 33.470672 -373.150248
v 11.041612 33.470672 -369.284321
v 11.766892 33.470672 -365.549902
v 12.492171 33.470672 -361.946991
v 13.217451 33.470672 -358.475587
v 13.942730 33.470672 -355.135691
v 14.668010 33.470672 -351.927303
v 15.393290 33.470672 -348.850422
v 16.118569 33.470672 -345.905048
v 16.843849 33.470672 -343.091183
v 17.569128 33.470672 -340.408825
v 18.294408 33.470672 -337.857974
v 19.019688 33.470672 -335.438632
v 19.744967 33.470672 -333.150796
v 20.470247 33.470672 -330.994469
v 21.195526 33.470672 -328.969649
v 21.920806 33.470672 -327.076337
v 22.646086 33.470672 -325.314532
v 23.371365 33.470672 -323.684235
v 24.096645 33.470672 -322.185446
v 24.821924 33.470672 -320.818164
v 25.547204 33.470672 -319.582390
v 26.272484 33.470672 -318.478123
v 26.997763 33.470672 -317.505364
v 27.723043 33.470672 -316.664113
v 28.448322 33.470672 -315.954369
v 29.173602 33.470672 -315.376133
v 29.898882 33.470672 -314.929405
v 30.624161 33.470672 -314.614184
v 31.349441 33.470672 -314.430471
v 32.074720 33.470672 -314.378266
v 32.800000 33.470672 -314.457568
v -36.826842 33.978264 -919.576857
v -36.101562 33.978264 -907.162935
v -35.376283 33.978264 -894.880521
v -34.651003 33.978264 -882.729613
v -33.925723 33.978264 -870.710214
v -33.200444 33.978264 -858.822322
v -32.475164 33.978264 -847.065938
v -31.749885 33.978264 -835.441062
v -31.024605 33.978264 -823.947693
v -30.299325 33.978264 -812.585831
v -29.574046 33.978264 -801.355478
v -28.848766 33.978264 -790.256632
v -28.123487 33.978264 -779.289293
v -27.398207 33.978264 -768.453462
v -26.672927 33.978264 -757.749139
v -25.947648 33.978264 -747.176324
v -25.222368 33.978264 -736.735016
v -24.497089 33.978264 -726.425216
v -23.771809 33.978264 -716.246923
v -23.046529 33.978264 -706.200138
v -22.321250 33.978264 -696.284860
v -21.595970 33.978264 -686.501091
v -20.870691 33.978264 -676.848828
v -20.145411 33.978264 -667.328074
v -19.420131 33.978264 -657.938827
v -18.694852 33.978264 -648.681088
v -17.969572 33.978264 -639.554856
v -17.244293 33.978264 -630.560132
v -16.519013 33.978264 -621.696916
v -15.793733 33.978264 -612.965207
v -15.068454 33.978264 -604.365006
v -14.343174 33.978264 -595.896312
v -13.617895 33.978264 -587.559126
v -12.892615 33.978264 -579.353448
v -12.167335 33.978264 -571.279277
v -11.442056 33.978264 -563.336614
v -10.716776 33.978264 -555.525459
v -9.991497 33.978264 -547.845811
v -9.266217 33.978264 -540.297671
v -8.540937 33.978264 -532.881038
v -7.815658 33.978264 -525.595913
v -7.090378 33.978264 -518.442296
v -6.365099 33.978264 -511.420186
v -5.639819 33.978264 -504.529584
v -4.914539 33.978264 -497.770490
v -4.189260 33.978264 -491.142903
v -3.463980 33.978264 -484.646824
v -2.738701 33.978264 -478.282253
v -2.013421 33.978264 -472.049189
v -1.288141 33.978264 -465.947632
v -0.562862 33.978264 -459.977584
v 0.162418 33.978264 -454.139043
v 0.887698 33.978264 -448.432009
v 1.612977 33.978264 -442.856484
v 2.338257 33.978264 -437.412465
v 3.063536 33.978264 -432.099955
v 3.788816 33.978264 -426.918952
v 4.514096 33.978264 -421.869457
v 5.239375 33.978264 -416.951469
v 5.964655 33.978264 -412.164989
v 6.689934 33.978264 -407.510017
v 7.415214 33.978264 -402.986552
v 8.140494 33.978264 -398.594595
v 8.865773 33.978264 -394.334145
v 9.591053 33.978264 -390.205203
v 10.316332 33.978264 -386.207769
v 11.041612 33.978264 -382.341842
v 11.766892 33.978264 -378.607423
v 12.492171 33.978264 -375.004512
v 13.217451 33.978264 -371.533108
v 13.942730 33.978264 -368.193212
v 14.668010 33.978264 -364.984823
v 15.393290 33.978264 -361.907942
v 16.118569 33.978264 -358.962569
v 16.843849 33.978264 -356.148704
v 17.569128 33.978264 -353.466346
v 18.294408 33.978264 -350.915495
v 19.019688 33.978264 -348.496152
v 19.744967 33.978264 -346.208317
v 20.470247 33.978264 -344.051990
v 21.195526 33.978264 -342.027170
v 21.920806 33.978264 -340.133858
v 22.646086 33.978264 -338.372053
v 23.371365 33.978264 -336.741756
v 24.096645 33.978264 -335.242966
v 24.821924 33.978264 -333.875685
v 25.547204 33.978264 -332.639911
v 26.272484 33.978264 -331.535644
v 26.997763 33.978264 -330.562885
v 27.723043 33.978264 -329.721634
v 28.448322 33.978264 -329.011890
v 29.173602 33.978264 -328.433654
v 29.898882 33.978264 -327.986926
v 30.624161 33.978264 -327.671705
v 31.349441 33.978264 -327.487992
v 32.074720 33.978264 -327.435786
v 32.800000 33.978264 -327.515088
v -36.826842 34.485855 -932.892027
v -36.101562 34.485855 -920.478105
v -35.376283 34.485855 -908.195690
v -34.651003 34.485855 -896.044783
v -33.925723 34.485855 -884.025384
v -33.200444 34.485855 -872.137492
v -32.475164 34.485855 -860.381108
v -31.749885 34.485855 -848.756231
v -31.024605 34.485855 -837.262863
v -30.299325 34.485855 -825.901001
v -29.574046 34.485855 -814.670648
v -28.848766 34.485855 -803.571802
v -28.123487 34.485855 -792.604463
v -27.398207 34.485855 -781.768632
v -26.672927 34.485855 -771.064309
v -25.947648 34.485855 -760.491494
v -25.222368 34.485855 -750.050186
v -24.497089 34.485855 -739.740385
v -23.771809 34.485855 -729.562093
v -23.046529 34.485855 -719.515308
v -22.321250 34.485855 -709.600030
v -21.595970 34.485855 -699.816261
v -20.870691 34.485855 -690.163998
v -20.145411 34.485855 -680.643244
v -19.420131 34.485855 -671.253997
v -18.694852 34.485855 -661.996258
v -17.969572 34.485855 -652.870026
v -17.244293 34.485855 -643.875302
v -16.519013 34.485855 -635.012086
v -15.793733 34.485855 -626.280377
v -15.068454 34.485855 -617.680176
v -14.343174 34.485855 -609.211482
v -13.617895 34.485855 -600.874296
v -12.892615 34.485855 -592.668618
v -12.167335 34.485855 -584.594447
v -11.442056 34.485855 -576.651784
v -10.716776 34.485855 -568.840629
v -9.991497 34.485855 -561.160981
v -9.266217 34.485855 -553.612841
v -8.540937 34.485855 -546.196208
v -7.815658 34.485855 -538.911083
v -7.090378 34.485855 -531.757466
v -6.365099 34.485855 -524.735356
v -5.639819 34.485855 -517.844754
v -4.914539 34.485855 -511.085660
v -4.189260 34.485855 -504.458073
v -3.463980 34.485855 -497.961994
v -2.738701 34.485855 -491.597422
v -2.013421 34.485855 -485.364359
v -1.288141 34.485855 -479.262802
v -0.562862 34.485855 -473.292754
v 0.162418 34.485855 -467.454213
v 0.887698 34.485855 -461.747179
v 1.612977 34.485855 -456.171653
v 2.338257 34.485855 -450.727635
v 3.063536 34.485855 -445.415125
v 3.788816 34.485855 -440.234122
v 4.514096 34.485855 -435.184627
v 5.239375 34.485855 -430.266639
v 5.964655 34.485855 -425.480159
v 6.689934 34.485855 -420.825186
v 7.415214 34.485855 -416.301722
v 8.140494 34.485855 -411.909765
v 8.865773 34.485855 -407.649315
v 9.591053 34.485855 -403.520373
v 10.316332 34.485855 -399.522939
v 11.041612 34.485855 -395.657012
v 11.766892 34.485855 -391.922593
v 12.492171 34.485855 -388.319682
v 13.217451 34.485855 -384.848278
v 13.942730 34.485855 -381.508382
v 14.668010 34.485855 -378.299993
v 15.393290 34.485855 -375.223112
v 16.118569 34.485855 -372.277739
v 16.843849 34.485855 -369.463873
v 17.569128 34.485855 -366.781515
v 18.294408 34.485855 -364.230665
v 19.019688 34.485855 -361.811322
v 19.744967 34.485855 -359.523487
v 20.470247 34.485855 -357.367160
v 21.195526 34.485855 -355.342340
v 21.920806 34.485855 -353.449027
v 22.646086 34.485855 -351.687223
v 23.371365 34.485855 -350.056926
v 24.096645 34.485855 -348.558136
v 24.821924 34.485855 -347.190855
v 25.547204 34.485855 -345.955080
v 26.272484 34.485855 -344.850814
v 26.997763 34.485855 -343.878055
v 27.723043 34.485855 -343.036804
v 28.448322 34.485855 -342.327060
v 29.173602 34.485855 -341.748824
v 29.898882 34.485855 -341.302096
v 30.624161 34.485855 -340.986875
v 31.349441 34.485855 -340.803162
v 32.074720 34.485855 -340.750956
v 32.800000 34.485855 -340.830258
v -36.826842 34.993447 -946.464846
v -36.101562 34.993447 -934.050924
v -35.376283 34.993447 -921.768509
v -34.651003 34.993447 -909.617602
v -33.925723 34.993447 -897.598203
v -33.200444 34.993447 -885.710311
v -32.475164 34.993447 -873.953927
v -31.749885 34.993447 -862.329051
v -31.024605 34.993447 -850.835682
v -30.299325 34.993447 -839.473820
v -29.574046 34.993447 -828.243467
v -28.848766 34.993447 -817.144621
v -28.123487 34.993447 -806.177282
v -27.398207 34.993447 -795.341451
v -26.672927 34.993447 -784.637128
v -25.947648 34.993447 -774.064313
v -25.222368 34.993447 -763.623005
v -24.497089 34.993447 -753.313204
v -23.771809 34.993447 -743.134912
v -23.046529 34.993447 -733.088127
v -22.321250 34.993447 -723.172849
v -21.595970 34.993447 -713.389080
v -20.870691 34.993447 -703.736817
v -20.145411 34.993447 -694.216063
v -19.420131 34.993447 -684.826816
v -18.694852 34.993447 -675.569077
v -17.969572 34.993447 -666.442845
v -17.244293 34.993447 -657.448121
v -16.519013 34.993447 -648.584905
v -15.793733 34.993447 -639.853196
v -15.068454 34.993447 -631.252995
v -14.343174 34.993447 -622.784301
v -13.617895 34.993447 -614.447115
v -12.892615 34.993447 -606.241437
v -12.167335 34.993447 -598.167266
v -11.442056 34.993447 -590.224603
v -10.716776 34.993447 -582.413448
v -9.991497 34.993447 -574.733800
v -9.266217 34.993447 -567.185660
v -8.540937 34.993447 -559.769027
v -7.815658 34.993447 -552.483902
v -7.090378 34.993447 -545.330285
v -6.365099 34.993447 -538.308175
v -5.639819 34.993447 -531.417573
v -4.914539 34.993447 -524.658479
v -4.189260 34.993447 -518.030892
v -3.463980 34.993447 -511.534813
v -2.738701 34.993447 -505.170242
v -2.013421 34.993447 -498.937178
v -1.288141 34.993447 -492.835621
v -0.562862 34.993447 -486.865573
v 0.162418 34.993447 -481.027032
v 0.887698 34.993447 -475.319998
v 1.612977 34.993447 -469.744472
v 2.338257 34.993447 -464.300454
v 3.063536 34.993447 -458.987944
v 3.788816 34.993447 -453.806941
v 4.514096 34.993447 -448.757446
v 5.239375 34.993447 -443.839458
v 5.964655 34.993447 -439.052978
v 6.689934 34.993447 -434.398006
v 7.415214 34.993447 -429.874541
v 8.140494 34.993447 -425.482584
v 8.865773 34.993447 -421.222134
v 9.591053 34.993447 -417.093192
v 10.316332 34.993447 -413.095758
v 11.041612 34.993447 -409.229831
v 11.766892 34.993447 -405.495412
v 12.492171 34.993447 -401.892501
v 13.217451 34.993447 -398.421097
v 13.942730 34.993447 -395.081201
v 14.668010 34.993447 -391.872812
v 15.393290 34.993447 -388.795931
v 16.118569 34.993447 -385.850558
v 16.843849 34.993447 -383.036693
v 17.569128 34.993447 -380.354335
v 18.294408 34.993447 -377.803484
v 19.019688 34.993447 -375.384141
v 19.744967 34.993447 -373.096306
v 20.470247 34.993447 -370.939979
v 21.195526 34.993447 -368.915159
v 21.920806 34.993447 -367.021847
v 22.646086 34.993447 -365.260042
v 23.371365 34.993447 -363.629745
v 24.096645 34.993447 -362.130955
v 24.821924 34.993447 -360.763674
v 25.547204 34.993447 -359.527900
v 26.272484 34.993447 -358.423633
v 26.997763 34.993447 -357.450874
v 27.723043 34.993447 -356.609623
v 28.448322 34.993447 -355.899879
v 29.173602 34.993447 -355.321643
v 29.898882 34.993447 -354.874915
v 30.624161 34.993447 -354.559694
v 31.349441 34.993447 -354.375981
v 32.074720 34.993447 -354.323775
v 32.800000 34.993447 -354.403077
v -36.826842 35.501038 -960.295315
v -36.101562 35.501038 -947.881392
v -35.376283 35.501038 -935.598978
v -34.651003 35.501038 -923.448071
v -33.925723 35.501038 -911.428671
v -33.200444 35.501038 -899.540779
v -32.475164 35.501038 -887.784395
v -31.749885 35.501038 -876.159519
v -31.024605 35.501038 -864.666150
v -30.299325 35.501038 -853.304288
v -29.574046 35.501038 -842.073935
v -28.848766 35.501038 -830.975089
v -28.123487 35.501038 -820.007750
v -27.398207 35.501038 -809.171920
v -26.672927 35.501038 -798.467596
v -25.947648 35.501038 -787.894781
v -25.222368 35.501038 -777.453473
v -24.497089 35.501038 -767.143673
v -23.771809 35.501038 -756.965380
v -23.046529 35.501038 -746.918595
v -22.321250 35.501038 -737.003318
v -21.595970 35.501038 -727.219548
v -20.870691 35.501038 -717.567286
v -20.145411 35.501038 -708.046531
v -19.420131 35.501038 -698.657284
v -18.694852 35.501038 -689.399545
v -17.969572 35.501038 -680.273313
v -17.244293 35.501038 -671.278589
v -16.519013 35.501038 -662.415373
v -15.793733 35.501038 -653.683664
v -15.068454 35.501038 -645.083463
v -14.343174 35.501038 -636.614769
v -13.617895 35.501038 -628.277583
v -12.892615 35.501038 -620.071905
v -12.167335 35.501038 -611.997734
v -11.442056 35.501038 -604.055071
v -10.716776 35.501038 -596.243916
v -9.991497 35.501038 -588.564268
v -9.266217 35.501038 -581.016128
v -8.540937 35.501038 -573.599495
v -7.815658 35.501038 -566.314371
v -7.090378 35.501038 -559.160753
v -6.365099 35.501038 -552.138644
v -5.639819 35.501038 -545.248042
v -4.914539 35.501038 -538.488947
v -4.189260 35.501038 -531.861360
v -3.463980 35.501038 -525.365281
v -2.738701 35.501038 -519.000710
v -2.013421 35.501038 -512.767646
v -1.288141 35.501038 -506.666089
v -0.562862 35.501038 -500.696041
v 0.162418 35.501038 -494.857500
v 0.887698 35.501038 -489.150466
v 1.612977 35.501038 -483.574941
v 2.338257 35.501038 -478.130922
v 3.063536 35.501038 -472.818412
v 3.788816 35.501038 -467.637409
v 4.514096 35.501038 -462.587914
v 5.239375 35.501038 -457.669926
v 5.964655 35.501038 -452.883446
v 6.689934 35.501038 -448.228474
v 7.415214 35.501038 -443.705009
v 8.140494 35.501038 -439.313052
v 8.865773 35.501038 -435.052602
v 9.591053 35.501038 -430.923660
v 10.316332 35.501038 -426.926226
v 11.041612 35.501038 -423.060299
v 11.766892 35.501038 -419.325880
v 12.492171 35.501038 -415.722969
v 13.217451 35.501038 -412.251565
v 13.942730 35.501038 -408.911669
v 14.668010 35.501038 -405.703281
v 15.393290 35.501038 -402.626400
v 16.118569 35.501038 -399.681026
v 16.843849 35.501038 -396.867161
v 17.569128 35.501038 -394.184803
v 18.294408 35.501038 -391.633952
v 19.019688 35.501038 -389.214610
v 19.744967 35.501038 -386.926774
v 20.470247 35.501038 -384.770447
v 21.195526 35.501038 -382.745627
v 21.920806 35.501038 -380.852315
v 22.646086 35.501038 -379.090510
v 23.371365 35.501038 -377.460213
v 24.096645 35.501038 -375.961424
v 24.821924 35.501038 -374.594142
v 25.547204 35.501038 -373.358368
v 26.272484 35.501038 -372.254101
v 26.997763 35.501038 -371.281342
v 27.723043 35.501038 -370.440091
v 28.448322 35.501038 -369.730347
v 29.173602 35.501038 -369.152111
v 29.898882 35.501038 -368.705383
v 30.624161 35.501038 -368.390162
v 31.349441 35.501038 -368.206449
v 32.074720 35.501038 -368.154244
v 32.800000 35.501038 -368.233546
v -36.826842 36.008629 -974.383432
v -36.101562 36.008629 -961.969510
v -35.376283 36.008629 -949.687095
v -34.651003 36.008629 -937.536188
v -33.925723 36.008629 -925.516788
v -33.200444 36.008629 -913.628897
v -32.475164 36.008629 -901.872512
v -31.749885 36.008629 -890.247636
v -31.024605 36.008629 -878.754267
v -30.299325 36.008629 -867.392406
v -29.574046 36.008629 -856.162052
v -28.848766 36.008629 -845.063206
v -28.123487 36.008629 -834.095868
v -27.398207 36.008629 -823.260037
v -26.672927 36.008629 -812.555714
v -25.947648 36.008629 -801.982898
v -25.222368 36.008629 -791.541590
v -24.497089 36.008629 -781.231790
v -23.771809 36.008629 -771.053497
v -23.046529 36.008629 -761.006712
v -22.321250 36.008629 -751.091435
v -21.595970 36.008629 -741.307665
v -20.870691 36.008629 -731.655403
v -20.145411 36.008629 -722.134648
v -19.420131 36.008629 -712.745401
v -18.694852 36.008629 -703.487662
v -17.969572 36.008629 -694.361430
v -17.244293 36.008629 -685.366706
v -16.519013 36.008629 -676.503490
v -15.793733 36.008629 -667.771781
v -15.068454 36.008629 -659.171580
v -14.343174 36.008629 -650.702886
v -13.617895 36.008629 -642.365701
v -12.892615 36.008629 -634.160022
v -12.167335 36.008629 -626.085852
v -11.442056 36.008629 -618.143189
v -10.716776 36.008629 -610.332033
v -9.991497 36.008629 -602.652385
v -9.266217 36.008629 -595.104245
v -8.540937 36.008629 -587.687613
v -7.815658 36.008629 -580.402488
v -7.090378 36.008629 -573.248871
v -6.365099 36.008629 -566.226761
v -5.639819 36.008629 -559.336159
v -4.914539 36.008629 -552.577064
v -4.189260 36.008629 -545.949478
v -3.463980 36.008629 -539.453398
v -2.738701 36.008629 -533.088827
v -2.013421 36.008629 -526.855763
v -1.288141 36.008629 -520.754207
v -0.562862 36.008629 -514.784158
v 0.162418 36.008629 -508.945617
v 0.887698 36.008629 -503.238584
v 1.612977 36.008629 -497.663058
v 2.338257 36.008629 -492.219040
v 3.063536 36.008629 -486.906529
v 3.788816 36.008629 -481.725526
v 4.514096 36.008629 -476.676031
v 5.239375 36.008629 -471.758043
v 5.964655 36.008629 -466.971563
v 6.689934 36.008629 -462.316591
v 7.415214 36.008629 -457.793126
v 8.140494 36.008629 -453.401169
v 8.865773 36.008629 -449.140719
v 9.591053 36.008629 -445.011778
v 10.316332 36.008629 -441.014343
v 11.041612 36.008629 -437.148417
v 11.766892 36.008629 -433.413998
v 12.492171 36.008629 -429.811086
v 13.217451 36.008629 -426.339682
v 13.942730 36.008629 -422.999786
v 14.668010 36.008629 -419.791398
v 15.393290 36.008629 -416.714517
v 16.118569 36.008629 -413.769144
v 16.843849 36.008629 -410.955278
v 17.569128 36.008629 -408.272920
v 18.294408 36.008629 -405.722070
v 19.019688 36.008629 -403.302727
v 19.744967 36.008629 -401.014892
v 20.470247 36.008629 -398.858564
v 21.195526 36.008629 -396.833744
v 21.920806 36.008629 -394.940432
v 22.646086 36.008629 -393.178627
v 23.371365 36.008629 -391.548330
v 24.096645 36.008629 -390.049541
v 24.821924 36.008629 -388.682259
v 25.547204 36.008629 -387.446485
v 26.272484 36.008629 -386.342218
v 26.997763 36.008629 -385.369460
v 27.723043 36.008629 -384.528208
v 28.448322 36.008629 -383.818465
v 29.173602 36.008629 -383.240229
v 29.898882 36.008629 -382.793500
v 30.624161 36.008629 -382.478279
v 31.349441 36.008629 -382.294566
v 32.074720 36.008629 -382.242361
v 32.800000 36.008629 -382.321663
v -36.826842 36.516221 -988.729198
v -36.101562 36.516221 -976.315276
v -35.376283 36.516221 -964.032861
v -34.651003 36.516221 -951.881954
v -33.925723 36.516221 -939.862555
v -33.200444 36.516221 -927.974663
v -32.475164 36.516221 -916.218279
v -31.749885 36.516221 -904.593402
v -31.024605 36.516221 -893.100033
v -30.299325 36.516221 -881.738172
v -29.574046 36.516221 -870.507818
v -28.848766 36.516221 -859.408972
v -28.123487 36.516221 -848.441634
v -27.398207 36.516221 -837.605803
v -26.672927 36.516221 -826.901480
v -25.947648 36.516221 -816.328665
v -25.222368 36.516221 -805.887357
v -24.497089 36.516221 -795.577556
v -23.771809 36.516221 -785.399264
v -23.046529 36.516221 -775.352479
v -22.321250 36.516221 -765.437201
v -21.595970 36.516221 -755.653431
v -20.870691 36.516221 -746.001169
v -20.145411 36.516221 -736.480415
v -19.420131 36.516221 -727.091168
v -18.694852 36.516221 -717.833428
v -17.969572 36.516221 -708.707197
v -17.244293 36.516221 -699.712473
v -16.519013 36.516221 -690.849256
v -15.793733 36.516221 -682.117548
v -15.068454 36.516221 -673.517346
v -14.343174 36.516221 -665.048653
v -13.617895 36.516221 -656.711467
v -12.892615 36.516221 -648.505789
v -12.167335 36.516221 -640.431618
v -11.442056 36.516221 -632.488955
v -10.716776 36.516221 -624.677800
v -9.991497 36.516221 -616.998152
v -9.266217 36.516221 -609.450012
v -8.540937 36.516221 -602.033379
v -7.815658 36.516221 -594.748254
v -7.090378 36.516221 -587.594637
v -6.365099 36.516221 -580.572527
v -5.639819 36.516221 -573.681925
v -4.914539 36.516221 -566.922831
v -4.189260 36.516221 -560.295244
v -3.463980 36.516221 -553.799165
v -2.738701 36.516221 -547.434593
v -2.013421 36.516221 -541.201529
v -1.288141 36.516221 -535.099973
v -0.562862 36.516221 -529.129925
v 0.162418 36.516221 -523.291383
v 0.887698 36.516221 -517.584350
v 1.612977 36.516221 -512.008824
v 2.338257 36.516221 -506.564806
v 3.063536 36.516221 -501.252296
v 3.788816 36.516221 -496.071293
v 4.514096 36.516221 -491.021797
v 5.239375 36.516221 -486.103810
v 5.964655 36.516221 -481.317330
v 6.689934 36.516221 -476.662357
v 7.415214 36.516221 -472.138893
v 8.140494 36.516221 -467.746935
v 8.865773 36.516221 -463.486486
v 9.591053 36.516221 -459.357544
v 10.316332 36.516221 -455.360110
v 11.041612 36.516221 -451.494183
v 11.766892 36.516221 -447.759764
v 12.492171 36.516221 -444.156853
v 13.217451 36.516221 -440.685449
v 13.942730 36.516221 -437.345553
v 14.668010 36.516221 -434.137164
v 15.393290 36.516221 -431.060283
v 16.118569 36.516221 -428.114910
v 16.843849 36.516221 -425.301044
v 17.569128 36.516221 -422.618686
v 18.294408 36.516221 -420.067836
v 19.019688 36.516221 -417.648493
v 19.744967 36.516221 -415.360658
v 20.470247 36.516221 -413.204330
v 21.195526 36.516221 -411.179511
v 21.920806 36.516221 -409.286198
v 22.646086 36.516221 -407.524394
v 23.371365 36.516221 -405.894097
v 24.096645 36.516221 -404.395307
v 24.821924 36.516221 -403.028025
v 25.547204 36.516221 -401.792251
v 26.272484 36.516221 -400.687985
v 26.997763 36.516221 -399.715226
v 27.723043 36.516221 -398.873975
v 28.448322 36.516221 -398.164231
v 29.173602 36.516221 -397.585995
v 29.898882 36.516221 -397.139267
v 30.624161 36.516221 -396.824046
v 31.349441 36.516221 -396.640333
v 32.074720 36.516221 -396.588127
v 32.800000 36.516221 -396.667429
v -36.826842 37.023812 -1003.332614
v -36.101562 37.023812 -990.918691
v -35.376283 37.023812 -978.636277
v -34.651003 37.023812 -966.485370
v -33.925723 37.023812 -954.465970
v -33.200444 37.023812 -942.578079
v -32.475164 37.023812 -930.821694
v -31.749885 37.023812 -919.196818
v -31.024605 37.023812 -907.703449
v -30.299325 37.023812 -896.341588
v -29.574046 37.023812 -885.111234
v -28.848766 37.023812 -874.012388
v -28.123487 37.023812 -863.045050
v -27.398207 37.023812 -852.209219
v -26.672927 37.023812 -841.504896
v -25.947648 37.023812 -830.932080
v -25.222368 37.023812 -820.490772
v -24.497089 37.023812 -810.180972
v -23.771809 37.023812 -800.002679
v -23.046529 37.023812 -789.955894
v -22.321250 37.023812 -780.040617
v -21.595970 37.023812 -770.256847
v -20.870691 37.023812 -760.604585
v -20.145411 37.023812 -751.083830
v -19.420131 37.023812 -741.694583
v -18.694852 37.023812 -732.436844
v -17.969572 37.023812 -723.310612
v -17.244293 37.023812 -714.315888
v -16.519013 37.023812 -705.452672
v -15.793733 37.023812 -696.720963
v -15.068454 37.023812 -688.120762
v -14.343174 37.023812 -679.652068
v -13.617895 37.023812 -671.314882
v -12.892615 37.023812 -663.109204
v -12.167335 37.023812 -655.035034
v -11.442056 37.023812 -647.092371
v -10.716776 37.023812 -639.281215
v -9.991497 37.023812 -631.601567
v -9.266217 37.023812 -624.053427
v -8.540937 37.023812 -616.636795
v -7.815658 37.023812 -609.351670
v -7.090378 37.023812 -602.198052
v -6.365099 37.023812 -595.175943
v -5.639819 37.023812 -588.285341
v -4.914539 37.023812 -581.526246
v -4.189260 37.023812 -574.898660
v -3.463980 37.023812 -568.402580
v -2.738701 37.023812 -562.038009
v -2.013421 37.023812 -555.804945
v -1.288141 37.023812 -549.703389
v -0.562862 37.023812 -543.733340
v 0.162418 37.023812 -537.894799
v 0.887698 37.023812 -532.187766
v 1.612977 37.023812 -526.612240
v 2.338257 37.023812 -521.168222
v 3.063536 37.023812 -515.855711
v 3.788816 37.023812 -510.674708
v 4.514096 37.023812 -505.625213
v 5.239375 37.023812 -500.707225
v 5.964655 37.023812 -495.920745
v 6.689934 37.023812 -491.265773
v 7.415214 37.023812 -486.742308
v 8.140494 37.023812 -482.350351
v 8.865773 37.023812 -478.089901
v 9.591053 37.023812 -473.960959
v 10.316332 37.023812 -469.963525
v 11.041612 37.023812 -466.097599
v 11.766892 37.023812 -462.363180
v 12.492171 37.023812 -458.760268
v 13.217451 37.023812 -455.288864
v 13.942730 37.023812 -451.948968
v 14.668010 37.023812 -448.740580
v 15.393290 37.023812 -445.663699
v 16.118569 37.023812 -442.718326
v 16.843849 37.023812 -439.904460
v 17.569128 37.023812 -437.222102
v 18.294408 37.023812 -434.671251
v 19.019688 37.023812 -432.251909
v 19.744967 37.023812 -429.964074
v 20.470247 37.023812 -427.807746
v 21.195526 37.023812 -425.782926
v 21.920806 37.023812 -423.889614
v 22.646086 37.023812 -422.127809
v 23.371365 37.023812 -420.497512
v 24.096645 37.023812 -418.998723
v 24.821924 37.023812 -417.631441
v 25.547204 37.023812 -416.395667
v 26.272484 37.023812 -415.291400
v 26.997763 37.023812 -414.318641
v 27.723043 37.023812 -413.477390
v 28.448322 37.023812 -412.767647
v 29.173602 37.023812 -412.189411
v 29.898882 37.023812 -411.742682
v 30.624161 37.023812 -411.427461
v 31.349441 37.023812 -411.243748
v 32.074720 37.023812 -411.191543
v 32.800000 37.023812 -411.270845
v -36.826842 37.531404 -1018.193678
v -36.101562 37.531404 -1005.779756
v -35.376283 37.531404 -993.497341
v -34.651003 37.531404 -981.346434
v -33.925723 37.531404 -969.327035
v -33.200444 37.531404 -957.439143
v -32.475164 37.531404 -945.682759
v -31.749885 37.531404 -934.057882
v -31.024605 37.531404 -922.564514
v -30.299325 37.531404 -911.202652
v -29.574046 37.531404 -899.972299
v -28.848766 37.531404 -888.873453
v -28.123487 37.531404 -877.906114
v -27.398207 37.531404 -867.070283
v -26.672927 37.531404 -856.365960
v -25.947648 37.531404 -845.793145
v -25.222368 37.531404 -835.351837
v -24.497089 37.531404 -825.042036
v -23.771809 37.531404 -814.863744
v -23.046529 37.531404 -804.816959
v -22.321250 37.531404 -794.901681
v -21.595970 37.531404 -785.117912
v -20.870691 37.531404 -775.465649
v -20.145411 37.531404 -765.944895
v -19.420131 37.531404 -756.555648
v -18.694852 37.531404 -747.297909
v -17.969572 37.531404 -738.171677
v -17.244293 37.531404 -729.176953
v -16.519013 37.531404 -720.313736
v -15.793733 37.531404 -711.582028
v -15.068454 37.531404 -702.981827
v -14.343174 37.531404 -694.513133
v -13.617895 37.531404 -686.175947
v -12.892615 37.531404 -677.970269
v -12.167335 37.531404 -669.896098
v -11.442056 37.531404 -661.953435
v -10.716776 37.531404 -654.142280
v -9.991497 37.531404 -646.462632
v -9.266217 37.531404 -638.914492
v -8.540937 37.531404 -631.497859
v -7.815658 37.531404 -624.212734
v -7.090378 37.531404 -617.059117
v -6.365099 37.531404 -610.037007
v -5.639819 37.531404 -603.146405
v -4.914539 37.531404 -596.387311
v -4.189260 37.531404 -589.759724
v -3.463980 37.531404 -583.263645
v -2.738701 37.531404 -576.899073
v -2.013421 37.531404 -570.666010
v -1.288141 37.531404 -564.564453
v -0.562862 37.531404 -558.594405
v 0.162418 37.531404 -552.755864
v 0.887698 37.531404 -547.048830
v 1.612977 37.531404 -541.473304
v 2.338257 37.531404 -536.029286
v 3.063536 37.531404 -530.716776
v 3.788816 37.531404 -525.535773
v 4.514096 37.531404 -520.486278
v 5.239375 37.531404 -515.568290
v 5.964655 37.531404 -510.781810
v 6.689934 37.531404 -506.126837
v 7.415214 37.531404 -501.603373
v 8.140494 37.531404 -497.211416
v 8.865773 37.531404 -492.950966
v 9.591053 37.531404 -488.822024
v 10.316332 37.531404 -484.824590
v 11.041612 37.531404 -480.958663
v 11.766892 37.531404 -477.224244
v 12.492171 37.531404 -473.621333
v 13.217451 37.531404 -470.149929
v 13.942730 37.531404 -466.810033
v 14.668010 37.531404 -463.601644
v 15.393290 37.531404 -460.524763
v 16.118569 37.531404 -457.579390
v 16.843849 37.531404 -454.765524
v 17.569128 37.531404 -452.083166
v 18.294408 37.531404 -449.532316
v 19.019688 37.531404 -447.112973
v 19.744967 37.531404 -444.825138
v 20.470247 37.531404 -442.668811
v 21.195526 37.531404 -440.643991
v 21.920806 37.531404 -438.750678
v 22.646086 37.531404 -436.988874
v 23.371365 37.531404 -435.358577
v 24.096645 37.531404 -433.859787
v 24.821924 37.531404 -432.492506
v 25.547204 37.531404 -431.256731
v 26.272484 37.531404 -430.152465
v 26.997763 37.531404 -429.179706
v 27.723043 37.531404 -428.338455
v 28.448322 37.531404 -427.628711
v 29.173602 37.531404 -427.050475
v 29.898882 37.531404 -426.603747
v 30.624161 37.531404 -426.288526
v 31.349441 37.531404 -426.104813
v 32.074720 37.531404 -426.052607
v 32.800000 37.531404 -426.131909
v -36.826842 38.038995 -1033.312392
v -36.101562 38.038995 -1020.898470
v -35.376283 38.038995 -1008.616055
v -34.651003 38.038995 -996.465148
v -33.925723 38.038995 -984.445749
v -33.200444 38.038995 -972.557857
v -32.475164 38.038995 -960.801473
v -31.749885 38.038995 -949.176596
v -31.024605 38.038995 -937.683227
v -30.299325 38.038995 -926.321366
v -29.574046 38.038995 -915.091012
v -28.848766 38.038995 -903.992166
v -28.123487 38.038995 -893.024828
v -27.398207 38.038995 -882.188997
v -26.672927 38.038995 -871.484674
v -25.947648 38.038995 -860.911858
v -25.222368 38.038995 -850.470550
v -24.497089 38.038995 -840.160750
v -23.771809 38.038995 -829.982457
v -23.046529 38.038995 -819.935672
v -22.321250 38.038995 -810.020395
v -21.595970 38.038995 -800.236625
v -20.870691 38.038995 -790.584363
v -20.145411 38.038995 -781.063609
v -19.420131 38.038995 -771.674362
v -18.694852 38.038995 -762.416622
v -17.969572 38.038995 -753.290391
v -17.244293 38.038995 -744.295667
v -16.519013 38.038995 -735.432450
v -15.793733 38.038995 -726.700741
v -15.068454 38.038995 -718.100540
v -14.343174 38.038995 -709.631847
v -13.617895 38.038995 -701.294661
v -12.892615 38.038995 -693.088983
v -12.167335 38.038995 -685.014812
v -11.442056 38.038995 -677.072149
v -10.716776 38.038995 -669.260993
v -9.991497 38.038995 -661.581346
v -9.266217 38.038995 -654.033206
v -8.540937 38.038995 -646.616573
v -7.815658 38.038995 -639.331448
v -7.090378 38.038995 -632.177831
v -6.365099 38.038995 -625.155721
v -5.639819 38.038995 -618.265119
v -4.914539 38.038995 -611.506025
v -4.189260 38.038995 -604.878438
v -3.463980 38.038995 -598.382359
v -2.738701 38.038995 -592.017787
v -2.013421 38.038995 -585.784723
v -1.288141 38.038995 -579.683167
v -0.562862 38.038995 -573.713118
v 0.162418 38.038995 -567.874577
v 0.887698 38.038995 -562.167544
v 1.612977 38.038995 -556.592018
v 2.338257 38.038995 -551.148000
v 3.063536 38.038995 -545.835489
v 3.788816 38.038995 -540.654487
v 4.514096 38.038995 -535.604991
v 5.239375 38.038995 -530.687004
v 5.964655 38.038995 -525.900524
v 6.689934 38.038995 -521.245551
v 7.415214 38.038995 -516.722086
v 8.140494 38.038995 -512.330129
v 8.865773 38.038995 -508.069680
v 9.591053 38.038995 -503.940738
v 10.316332 38.038995 -499.943304
v 11.041612 38.038995 -496.077377
v 11.766892 38.038995 -492.342958
v 12.492171 38.038995 -488.740046
v 13.217451 38.038995 -485.268643
v 13.942730 38.038995 -481.928747
v 14.668010 38.038995 -478.720358
v 15.393290 38.038995 -475.643477
v 16.118569 38.038995 -472.698104
v 16.843849 38.038995 -469.884238
v 17.569128 38.038995 -467.201880
v 18.294408 38.038995 -464.651030
v 19.019688 38.038995 -462.231687
v 19.744967 38.038995 -459.943852
v 20.470247 38.038995 -457.787524
v 21.195526 38.038995 -455.762704
v 21.920806 38.038995 -453.869392
v 22.646086 38.038995 -452.107588
v 23.371365 38.038995 -450.477291
v 24.096645 38.038995 -448.978501
v 24.821924 38.038995 -447.611219
v 25.547204 38.038995 -446.375445
v 26.272484 38.038995 -445.271179
v 26.997763 38.038995 -444.298420
v 27.723043 38.038995 -443.457169
v 28.448322 38.038995 -442.747425
v 29.173602 38.038995 -442.169189
v 29.898882 38.038995 -441.722460
v 30.624161 38.038995 -441.407240
v 31.349441 38.038995 -441.223527
v 32.074720 38.038995 -441.171321
v 32.800000 38.038995 -441.250623
v -36.826842 38.546587 -1048.688755
v -36.101562 38.546587 -1036.274833
v -35.376283 38.546587 -1023.992418
v -34.651003 38.546587 -1011.841511
v -33.925723 38.546587 -999.822112
v -33.200444 38.546587 -987.934220
v -32.475164 38.546587 -976.177836
v -31.749885 38.546587 -964.552959
v -31.024605 38.546587 -953.059590
v -30.299325 38.546587 -941.697729
v -29.574046 38.546587 -930.467375
v -28.848766 38.546587 -919.368529
v -28.123487 38.546587 -908.401191
v -27.398207 38.546587 -897.565360
v -26.672927 38.546587 -886.861037
v -25.947648 38.546587 -876.288221
v -25.222368 38.546587 -865.846913
v -24.497089 38.546587 -855.537113
v -23.771809 38.546587 -845.358820
v -23.046529 38.546587 -835.312035
v -22.321250 38.546587 -825.396758
v -21.595970 38.546587 -815.612988
v -20.870691 38.546587 -805.960726
v -20.145411 38.546587 -796.439971
v -19.420131 38.546587 -787.050724
v -18.694852 38.546587 -777.792985
v -17.969572 38.546587 -768.666754
v -17.244293 38.546587 -759.672029
v -16.519013 38.546587 -750.808813
v -15.793733 38.546587 -742.077104
v -15.068454 38.546587 -733.476903
v -14.343174 38.546587 -725.008210
v -13.617895 38.546587 -716.671024
v -12.892615 38.546587 -708.465345
v -12.167335 38.546587 -700.391175
v -11.442056 38.546587 -692.448512
v -10.716776 38.546587 -684.637356
v -9.991497 38.546587 -676.957709
v -9.266217 38.546587 -669.409568
v -8.540937 38.546587 -661.992936
v -7.815658 38.546587 -654.707811
v -7.090378 38.546587 -647.554194
v -6.365099 38.546587 -640.532084
v -5.639819 38.546587 -633.641482
v -4.914539 38.546587 -626.882388
v -4.189260 38.546587 -620.254801
v -3.463980 38.546587 -613.758722
v -2.738701 38.546587 -607.394150
v -2.013421 38.546587 -601.161086
v -1.288141 38.546587 -595.059530
v -0.562862 38.546587 -589.089481
v 0.162418 38.546587 -583.250940
v 0.887698 38.546587 -577.543907
v 1.612977 38.546587 -571.968381
v 2.338257 38.546587 -566.524363
v 3.063536 38.546587 -561.211852
v 3.788816 38.546587 -556.030849
v 4.514096 38.546587 -550.981354
v 5.239375 38.546587 -546.063366
v 5.964655 38.546587 -541.276886
v 6.689934 38.546587 -536.621914
v 7.415214 38.546587 -532.098449
v 8.140494 38.546587 -527.706492
v 8.865773 38.546587 -523.446043
v 9.591053 38.546587 -519.317101
v 10.316332 38.546587 -515.319666
v 11.041612 38.546587 -511.453740
v 11.766892 38.546587 -507.719321
v 12.492171 38.546587 -504.116409
v 13.217451 38.546587 -500.645006
v 13.942730 38.546587 -497.305109
v 14.668010 38.546587 -494.096721
v 15.393290 38.546587 -491.019840
v 16.118569 38.546587 -488.074467
v 16.843849 38.546587 -485.260601
v 17.569128 38.546587 -482.578243
v 18.294408 38.546587 -480.027393
v 19.019688 38.546587 -477.608050
v 19.744967 38.546587 -475.320215
v 20.470247 38.546587 -473.163887
v 21.195526 38.546587 -471.139067
v 21.920806 38.546587 -469.245755
v 22.646086 38.546587 -467.483950
v 23.371365 38.546587 -465.853653
v 24.096645 38.546587 -464.354864
v 24.821924 38.546587 -462.987582
v 25.547204 38.546587 -461.751808
v 26.272484 38.546587 -460.647542
v 26.997763 38.546587 -459.674783
v 27.723043 38.546587 -458.833531
v 28.448322 38.546587 -458.123788
v 29.173602 38.546587 -457.545552
v 29.898882 38.546587 -457.098823
v 30.624161 38.546587 -456.783603
v 31.349441 38.546587 -456.599889
v 32.074720 38.546587 -456.547684
v 32.800000 38.546587 -456.626986
v -36.826842 39.054178 -1064.322767
v -36.101562 39.054178 -1051.908845
v -35.376283 39.054178 -1039.626430
v -34.651003 39.054178 -1027.475523
v -33.925723 39.054178 -1015.456124
v -33.200444 39.054178 -1003.568232
v -32.475164 39.054178 -991.811848
v -31.749885 39.054178 -980.186971
v -31.024605 39.054178 -968.693602
v -30.299325 39.054178 -957.331741
v -29.574046 39.054178 -946.101387
v -28.848766 39.054178 -935.002541
v -28.123487 39.054178 -924.035203
v -27.398207 39.054178 -913.199372
v -26.672927 39.054178 -902.495049
v -25.947648 39.054178 -891.922233
v -25.222368 39.054178 -881.480925
v -24.497089 39.054178 -871.171125
v -23.771809 39.054178 -860.992832
v -23.046529 39.054178 -850.946047
v -22.321250 39.054178 -841.030770
v -21.595970 39.054178 -831.247000
v -20.870691 39.054178 -821.594738
v -20.145411 39.054178 -812.073983
v -19.420131 39.054178 -802.684736
v -18.694852 39.054178 -793.426997
v -17.969572 39.054178 -784.300766
v -17.244293 39.054178 -775.306041
v -16.519013 39.054178 -766.442825
v -15.793733 39.054178 -757.711116
v -15.068454 39.054178 -749.110915
v -14.343174 39.054178 -740.642222
v -13.617895 39.054178 -732.305036
v -12.892615 39.054178 -724.099357
v -12.167335 39.054178 -716.025187
v -11.442056 39.054178 -708.082524
v -10.716776 39.054178 -700.271368
v -9.991497 39.054178 -692.591720
v -9.266217 39.054178 -685.043580
v -8.540937 39.054178 -677.626948
v -7.815658 39.054178 -670.341823
v -7.090378 39.054178 -663.188206
v -6.365099 39.054178 -656.166096
v -5.639819 39.054178 -649.275494
v -4.914539 39.054178 -642.516400
v -4.189260 39.054178 -635.888813
v -3.463980 39.054178 -629.392734
v -2.738701 39.054178 -623.028162
v -2.013421 39.054178 -616.795098
v -1.288141 39.054178 -610.693542
v -0.562862 39.054178 -604.723493
v 0.162418 39.054178 -598.884952
v 0.887698 39.054178 -593.177919
v 1.612977 39.054178 -587.602393
v 2.338257 39.054178 -582.158375
v 3.063536 39.054178 -576.845864
v 3.788816 39.054178 -571.664861
v 4.514096 39.054178 -566.615366
v 5.239375 39.054178 -561.697378
v 5.964655 39.054178 -556.910898
v 6.689934 39.054178 -552.255926
v 7.415214 39.054178 -547.732461
v 8.140494 39.054178 -543.340504
v 8.865773 39.054178 -539.080055
v 9.591053 39.054178 -534.951113
v 10.316332 39.054178 -530.953678
v 11.041612 39.054178 -527.087752
v 11.766892 39.054178 -523.353333
v 12.492171 39.054178 -519.750421
v 13.217451 39.054178 -516.279018
v 13.942730 39.054178 -512.939121
v 14.668010 39.054178 -509.730733
v 15.393290 39.054178 -506.653852
v 16.118569 39.054178 -503.708479
v 16.843849 39.054178 -500.894613
v 17.569128 39.054178 -498.212255
v 18.294408 39.054178 -495.661405
v 19.019688 39.054178 -493.242062
v 19.744967 39.054178 -490.954227
v 20.470247 39.054178 -488.797899
v 21.195526 39.054178 -486.773079
v 21.920806 39.054178 -484.879767
v 22.646086 39.054178 -483.117962
v 23.371365 39.054178 -481.487665
v 24.096645 39.054178 -479.988876
v 24.821924 39.054178 -478.621594
v 25.547204 39.054178 -477.385820
v 26.272484 39.054178 -476.281554
v 26.997763 39.054178 -475.308795
v 27.723043 39.054178 -474.467543
v 28.448322 39.054178 -473.757800
v 29.173602 39.054178 -473.179564
v 29.898882 39.054178 -472.732835
v 30.624161 39.054178 -472.417615
v 31.349441 39.054178 -472.233901
v 32.074720 39.054178 -472.181696
v 32.800000 39.054178 -472.260998
v -36.826842 39.561770 -1080.214428
v -36.101562 39.561770 -1067.800506
v -35.376283 39.561770 -1055.518091
v -34.651003 39.561770 -1043.367184
v -33.925723 39.561770 -1031.347785
v -33.200444 39.561770 -1019.459893
v -32.475164 39.561770 -1007.703509
v -31.749885 39.561770 -996.078632
v -31.024605 39.561770 -984.585263
v -30.299325 39.561770 -973.223402
v -29.574046 39.561770 -961.993048
v -28.848766 39.561770 -950.894202
v -28.123487 39.561770 -939.926864
v -27.398207 39.561770 -929.091033
v -26.672927 39.561770 -918.386710
v -25.947648 39.561770 -907.813894
v -25.222368 39.561770 -897.372586
v -24.497089 39.561770 -887.062786
v -23.771809 39.561770 -876.884493
v -23.046529 39.561770 -866.837708
v -22.321250 39.561770 -856.922431
v -21.595970 39.561770 -847.138661
v -20.870691 39.561770 -837.486399
v -20.145411 39.561770 -827.965644
v -19.420131 39.561770 -818.576398
v -18.694852 39.561770 -809.318658
v -17.969572 39.561770 -800.192427
v -17.244293 39.561770 -791.197703
v -16.519013 39.561770 -782.334486
v -15.793733 39.561770 -773.602777
v -15.068454 39.561770 -765.002576
v -14.343174 39.561770 -756.533883
v -13.617895 39.561770 -748.196697
v -12.892615 39.561770 -739.991018
v -12.167335 39.561770 -731.916848
v -11.442056 39.561770 -723.974185
v -10.716776 39.561770 -716.163029
v -9.991497 39.561770 -708.483382
v -9.266217 39.561770 -700.935241
v -8.540937 39.561770 -693.518609
v -7.815658 39.561770 -686.233484
v -7.090378 39.561770 -679.079867
v -6.365099 39.561770 -672.057757
v -5.639819 39.561770 -665.167155
v -4.914539 39.561770 -658.408061
v -4.189260 39.561770 -651.780474
v -3.463980 39.561770 -645.284395
v -2.738701 39.561770 -638.919823
v -2.013421 39.561770 -632.686759
v -1.288141 39.561770 -626.585203
v -0.562862 39.561770 -620.615154
v 0.162418 39.561770 -614.776613
v 0.887698 39.561770 -609.069580
v 1.612977 39.561770 -603.494054
v 2.338257 39.561770 -598.050036
v 3.063536 39.561770 -592.737525
v 3.788816 39.561770 -587.556522
v 4.514096 39.561770 -582.507027
v 5.239375 39.561770 -577.589040
v 5.964655 39.561770 -572.802560
v 6.689934 39.561770 -568.147587
v 7.415214 39.561770 -563.624122
v 8.140494 39.561770 -559.232165
v 8.865773 39.561770 -554.971716
v 9.591053 39.561770 -550.842774
v 10.316332 39.561770 -546.845339
v 11.041612 39.561770 -542.979413
v 11.766892 39.561770 -539.244994
v 12.492171 39.561770 -535.642082
v 13.217451 39.561770 -532.170679
v 13.942730 39.561770 -528.830782
v 14.668010 39.561770 -525.622394
v 15.393290 39.561770 -522.545513
v 16.118569 39.561770 -519.600140
v 16.843849 39.561770 -516.786274
v 17.569128 39.561770 -514.103916
v 18.294408 39.561770 -511.553066
v 19.019688 39.561770 -509.133723
v 19.744967 39.561770 -506.845888
v 20.470247 39.561770 -504.689560
v 21.195526 39.561770 -502.664740
v 21.920806 39.561770 -500.771428
v 22.646086 39.561770 -499.009623
v 23.371365 39.561770 -497.379326
v 24.096645 39.561770 -495.880537
v 24.821924 39.561770 -494.513255
v 25.547204 39.561770 -493.277481
v 26.272484 39.561770 -492.173215
v 26.997763 39.561770 -491.200456
v 27.723043 39.561770 -490.359204
v 28.448322 39.561770 -489.649461
v 29.173602 39.561770 -489.071225
v 29.898882 39.561770 -488.624496
v 30.624161 39.561770 -488.309276
v 31.349441 39.561770 -488.125562
v 32.074720 39.561770 -488.073357
v 32.800000 39.561770 -488.152659
v -36.826842 40.069361 -1096.363738
v -36.101562 40.069361 -1083.949816
v -35.376283 40.069361 -1071.667401
v -34.651003 40.069361 -1059.516494
v -33.925723 40.069361 -1047.497095
v -33.200444 40.069361 -1035.609203
v -32.475164 40.069361 -1023.852819
v -31.749885 40.069361 -1012.227942
v -31.024605 40.069361 -1000.734573
v -30.299325 40.069361 -989.372712
v -29.574046 40.069361 -978.142358
v -28.848766 40.069361 -967.043512
v -28.123487 40.069361 -956.076174
v -27.398207 40.069361 -945.240343
v -26.672927 40.069361 -934.536020
v -25.947648 40.069361 -923.963204
v -25.222368 40.069361 -913.521897
v -24.497089 40.069361 -903.212096
v -23.771809 40.069361 -893.033804
v -23.046529 40.069361 -882.987019
v -22.321250 40.069361 -873.071741
v -21.595970 40.069361 -863.287971
v -20.870691 40.069361 -853.635709
v -20.145411 40.069361 -844.114955
v -19.420131 40.069361 -834.725708
v -18.694852 40.069361 -825.467968
v -17.969572 40.069361 -816.341737
v -17.244293 40.069361 -807.347013
v -16.519013 40.069361 -798.483796
v -15.793733 40.069361 -789.752088
v -15.068454 40.069361 -781.151886
v -14.343174 40.069361 -772.683193
v -13.617895 40.069361 -764.346007
v -12.892615 40.069361 -756.140329
v -12.167335 40.069361 -748.066158
v -11.442056 40.069361 -740.123495
v -10.716776 40.069361 -732.312340
v -9.991497 40.069361 -724.632692
v -9.266217 40.069361 -717.084552
v -8.540937 40.069361 -709.667919
v -7.815658 40.069361 -702.382794
v -7.090378 40.069361 -695.229177
v -6.365099 40.069361 -688.207067
v -5.639819 40.069361 -681.316465
v -4.914539 40.069361 -674.557371
v -4.189260 40.069361 -667.929784
v -3.463980 40.069361 -661.433705
v -2.738701 40.069361 -655.069133
v -2.013421 40.069361 -648.836069
v -1.288141 40.069361 -642.734513
v -0.562862 40.069361 -636.764464
v 0.162418 40.069361 -630.925923
v 0.887698 40.069361 -625.218890
v 1.612977 40.069361 -619.643364
v 2.338257 40.069361 -614.199346
v 3.063536 40.069361 -608.886836
v 3.788816 40.069361 -603.705833
v 4.514096 40.069361 -598.656337
v 5.239375 40.069361 -593.738350
v 5.964655 40.069361 -588.951870
v 6.689934 40.069361 -584.296897
v 7.415214 40.069361 -579.773433
v 8.140494 40.069361 -575.381475
v 8.865773 40.069361 -571.121026
v 9.591053 40.069361 -566.992084
v 10.316332 40.069361 -562.994650
v 11.041612 40.069361 -559.128723
v 11.766892 40.069361 -555.394304
v 12.492171 40.069361 -551.791393
v 13.217451 40.069361 -548.319989
v 13.942730 40.069361 -544.980093
v 14.668010 40.069361 -541.771704
v 15.393290 40.069361 -538.694823
v 16.118569 40.069361 -535.749450
v 16.843849 40.069361 -532.935584
v 17.569128 40.069361 -530.253226
v 18.294408 40.069361 -527.702376
v 19.019688 40.069361 -525.283033
v 19.744967 40.069361 -522.995198
v 20.470247 40.069361 -520.838870
v 21.195526 40.069361 -518.814051
v 21.920806 40.069361 -516.920738
v 22.646086 40.069361 -515.158934
v 23.371365 40.069361 -513.528637
v 24.096645 40.069361 -512.029847
v 24.821924 40.069361 -510.662565
v 25.547204 40.069361 -509.426791
v 26.272484 40.069361 -508.322525
v 26.997763 40.069361 -507.349766
v 27.723043 40.069361 -506.508515
v 28.448322 40.069361 -505.798771
v 29.173602 40.069361 -505.220535
v 29.898882 40.069361 -504.773807
v 30.624161 40.069361 -504.458586
v 31.349441 40.069361 -504.274873
v 32.074720 40.069361 -504.222667
v 32.800000 40.069361 -504.301969
v -36.826842 40.576953 -1112.770698
v -36.101562 40.576953 -1100.356775
v -35.376283 40.576953 -1088.074361
v -34.651003 40.576953 -1075.923454
v -33.925723 40.576953 -1063.904054
v -33.200444 40.576953 -1052.016162
v -32.475164 40.576953 -1040.259778
v -31.749885 40.576953 -1028.634902
v -31.024605 40.576953 -1017.141533
v -30.299325 40.576953 -1005.779671
v -29.574046 40.576953 -994.549318
v -28.848766 40.576953 -983.450472
v -28.123487 40.576953 -972.483133
v -27.398207 40.576953 -961.647302
v -26.672927 40.576953 -950.942979
v -25.947648 40.576953 -940.370164
v -25.222368 40.576953 -929.928856
v -24.497089 40.576953 -919.619056
v -23.771809 40.576953 -909.440763
v -23.046529 40.576953 -899.393978
v -22.321250 40.576953 -889.478700
v -21.595970 40.576953 -879.694931
v -20.870691 40.576953 -870.042668
v -20.145411 40.576953 -860.521914
v -19.420131 40.576953 -851.132667
v -18.694852 40.576953 -841.874928
v -17.969572 40.576953 -832.748696
v -17.244293 40.576953 -823.753972
v -16.519013 40.576953 -814.890756
v -15.793733 40.576953 -806.159047
v -15.068454 40.576953 -797.558846
v -14.343174 40.576953 -789.090152
v -13.617895 40.576953 -780.752966
v -12.892615 40.576953 -772.547288
v -12.167335 40.576953 -764.473117
v -11.442056 40.576953 -756.530454
v -10.716776 40.576953 -748.719299
v -9.991497 40.576953 -741.039651
v -9.266217 40.576953 -733.491511
v -8.540937 40.576953 -726.074878
v -7.815658 40.576953 -718.789753
v -7.090378 40.576953 -711.636136
v -6.365099 40.576953 -704.614027
v -5.639819 40.576953 -697.723425
v -4.914539 40.576953 -690.964330
v -4.189260 40.576953 -684.336743
v -3.463980 40.576953 -677.840664
v -2.738701 40.576953 -671.476093
v -2.013421 40.576953 -665.243029
v -1.288141 40.576953 -659.141472
v -0.562862 40.576953 -653.171424
v 0.162418 40.576953 -647.332883
v 0.887698 40.576953 -641.625849
v 1.612977 40.576953 -636.050324
v 2.338257 40.576953 -630.606305
v 3.063536 40.576953 -625.293795
v 3.788816 40.576953 -620.112792
v 4.514096 40.576953 -615.063297
v 5.239375 40.576953 -610.145309
v 5.964655 40.576953 -605.358829
v 6.689934 40.576953 -600.703857
v 7.415214 40.576953 -596.180392
v 8.140494 40.576953 -591.788435
v 8.865773 40.576953 -587.527985
v 9.591053 40.576953 -583.399043
v 10.316332 40.576953 -579.401609
v 11.041612 40.576953 -575.535682
v 11.766892 40.576953 -571.801263
v 12.492171 40.576953 -568.198352
v 13.217451 40.576953 -564.726948
v 13.942730 40.576953 -561.387052
v 14.668010 40.576953 -558.178663
v 15.393290 40.576953 -555.101783
v 16.118569 40.576953 -552.156409
v 16.843849 40.576953 -549.342544
v 17.569128 40.576953 -546.660186
v 18.294408 40.576953 -544.109335
v 19.019688 40.576953 -541.689992
v 19.744967 40.576953 -539.402157
v 20.470247 40.576953 -537.245830
v 21.195526 40.576953 -535.221010
v 21.920806 40.576953 -533.327698
v 22.646086 40.576953 -531.565893
v 23.371365 40.576953 -529.935596
v 24.096645 40.576953 -528.436807
v 24.821924 40.576953 -527.069525
v 25.547204 40.576953 -525.833751
v 26.272484 40.576953 -524.729484
v 26.997763 40.576953 -523.756725
v 27.723043 40.576953 -522.915474
v 28.448322 40.576953 -522.205730
v 29.173602 40.576953 -521.627494
v 29.898882 40.576953 -521.180766
v 30.624161 40.576953 -520.865545
v 31.349441 40.576953 -520.681832
v 32.074720 40.576953 -520.629626
v 32.800000 40.576953 -520.708929
v -36.826842 41.084544 -1129.435306
v -36.101562 41.084544 -1117.021384
v -35.376283 41.084544 -1104.738969
v -34.651003 41.084544 -1092.588062
v -33.925723 41.084544 -1080.568663
v -33.200444 41.084544 -1068.680771
v -32.475164 41.084544 -1056.924387
v -31.749885 41.084544 -1045.299510
v -31.024605 41.084544 -1033.806141
v -30.299325 41.084544 -1022.444280
v -29.574046 41.084544 -1011.213926
v -28.848766 41.084544 -1000.115080
v -28.123487 41.084544 -989.147742
v -27.398207 41.084544 -978.311911
v -26.672927 41.084544 -967.607588
v -25.947648 41.084544 -957.034772
v -25.222368 41.084544 -946.593464
v -24.497089 41.084544 -936.283664
v -23.771809 41.084544 -926.105371
v -23.046529 41.084544 -916.058586
v -22.321250 41.084544 -906.143309
v -21.595970 41.084544 -896.359539
v -20.870691 41.084544 -886.707277
v -20.145411 41.084544 -877.186522
v -19.420131 41.084544 -867.797275
v -18.694852 41.084544 -858.539536
v -17.969572 41.084544 -849.413305
v -17.244293 41.084544 -840.418580
v -16.519013 41.084544 -831.555364
v -15.793733 41.084544 -822.823655
v -15.068454 41.084544 -814.223454
v -14.343174 41.084544 -805.754761
v -13.617895 41.084544 -797.417575
v -12.892615 41.084544 -789.211896
v -12.167335 41.084544 -781.137726
v -11.442056 41.084544 -773.195063
v -10.716776 41.084544 -765.383907
v -9.991497 41.084544 -757.704260
v -9.266217 41.084544 -750.156119
v -8.540937 41.084544 -742.739487
v -7.815658 41.084544 -735.454362
v -7.090378 41.084544 -728.300745
v -6.365099 41.084544 -721.278635
v -5.639819 41.084544 -714.388033
v -4.914539 41.084544 -707.628939
v -4.189260 41.084544 -701.001352
v -3.463980 41.084544 -694.505273
v -2.738701 41.084544 -688.140701
v -2.013421 41.084544 -681.907637
v -1.288141 41.084544 -675.806081
v -0.562862 41.084544 -669.836032
v 0.162418 41.084544 -663.997491
v 0.887698 41.084544 -658.290458
v 1.612977 41.084544 -652.714932
v 2.338257 41.084544 -647.270914
v 3.063536 41.084544 -641.958403
v 3.788816 41.084544 -636.777400
v 4.514096 41.084544 -631.727905
v 5.239375 41.084544 -626.809917
v 5.964655 41.084544 -622.023437
v 6.689934 41.084544 -617.368465
v 7.415214 41.084544 -612.845000
v 8.140494 41.084544 -608.453043
v 8.865773 41.084544 -604.192594
v 9.591053 41.084544 -600.063652
v 10.316332 41.084544 -596.066217
v 11.041612 41.084544 -592.200291
v 11.766892 41.084544 -588.465872
v 12.492171 41.084544 -584.862960
v 13.217451 41.084544 -581.391557
v 13.942730 41.084544 -578.051660
v 14.668010 41.084544 -574.843272
v 15.393290 41.084544 -571.766391
v 16.118569 41.084544 -568.821018
v 16.843849 41.084544 -566.007152
v 17.569128 41.084544 -563.324794
v 18.294408 41.084544 -560.773944
v 19.019688 41.084544 -558.354601
v 19.744967 41.084544 -556.066766
v 20.470247 41.084544 -553.910438
v 21.195526 41.084544 -551.885618
v 21.920806 41.084544 -549.992306
v 22.646086 41.084544 -548.230501
v 23.371365 41.084544 -546.600204
v 24.096645 41.084544 -545.101415
v 24.821924 41.084544 -543.734133
v 25.547204 41.084544 -542.498359
v 26.272484 41.084544 -541.394093
v 26.997763 41.084544 -540.421334
v 27.723043 41.084544 -539.580082
v 28.448322 41.084544 -538.870339
v 29.173602 41.084544 -538.292103
v 29.898882 41.084544 -537.845374
v 30.624161 41.084544 -537.530154
v 31.349441 41.084544 -537.346440
v 32.074720 41.084544 -537.294235
v 32.800000 41.084544 -537.373537
v -36.826842 41.592136 -1146.357564
v -36.101562 41.592136 -1133.943641
v -35.376283 41.592136 -1121.661227
v -34.651003 41.592136 -1109.510320
v -33.925723 41.592136 -1097.490920
v -33.200444 41.592136 -1085.603028
v -32.475164 41.592136 -1073.846644
v -31.749885 41.592136 -1062.221768
v -31.024605 41.592136 -1050.728399
v -30.299325 41.592136 -1039.366537
v -29.574046 41.592136 -1028.136184
v -28.848766 41.592136 -1017.037338
v -28.123487 41.592136 -1006.069999
v -27.398207 41.592136 -995.234168
v -26.672927 41.592136 -984.529845
v -25.947648 41.592136 -973.957030
v -25.222368 41.592136 -963.515722
v -24.497089 41.592136 -953.205922
v -23.771809 41.592136 -943.027629
v -23.046529 41.592136 -932.980844
v -22.321250 41.592136 -923.065566
v -21.595970 41.592136 -913.281797
v -20.870691 41.592136 -903.629534
v -20.145411 41.592136 -894.108780
v -19.420131 41.592136 -884.719533
v -18.694852 41.592136 -875.461794
v -17.969572 41.592136 -866.335562
v -17.244293 41.592136 -857.340838
v -16.519013 41.592136 -848.477622
v -15.793733 41.592136 -839.745913
v -15.068454 41.592136 -831.145712
v -14.343174 41.592136 -822.677018
v -13.617895 41.592136 -814.339832
v -12.892615 41.592136 -806.134154
v -12.167335 41.592136 -798.059983
v -11.442056 41.592136 -790.117320
v -10.716776 41.592136 -782.306165
v -9.991497 41.592136 -774.626517
v -9.266217 41.592136 -767.078377
v -8.540937 41.592136 -759.661744
v -7.815658 41.592136 -752.376619
v -7.090378 41.592136 -745.223002
v -6.365099 41.592136 -738.200893
v -5.639819 41.592136 -731.310290
v -4.914539 41.592136 -724.551196
v -4.189260 41.592136 -717.923609
v -3.463980 41.592136 -711.427530
v -2.738701 41.592136 -705.062959
v -2.013421 41.592136 -698.829895
v -1.288141 41.592136 -692.728338
v -0.562862 41.592136 -686.758290
v 0.162418 41.592136 -680.919749
v 0.887698 41.592136 -675.212715
v 1.612977 41.592136 -669.637190
v 2.338257 41.592136 -664.193171
v 3.063536 41.592136 -658.880661
v 3.788816 41.592136 -653.699658
v 4.514096 41.592136 -648.650163
v 5.239375 41.592136 -643.732175
v 5.964655 41.592136 -638.945695
v 6.689934 41.592136 -634.290723
v 7.415214 41.592136 -629.767258
v 8.140494 41.592136 -625.375301
v 8.865773 41.592136 -621.114851
v 9.591053 41.592136 -616.985909
v 10.316332 41.592136 -612.988475
v 11.041612 41.592136 -609.122548
v 11.766892 41.592136 -605.388129
v 12.492171 41.592136 -601.785218
v 13.217451 41.592136 -598.313814
v 13.942730 41.592136 -594.973918
v 14.668010 41.592136 -591.765529
v 15.393290 41.592136 -588.688649
v 16.118569 41.592136 -585.743275
v 16.843849 41.592136 -582.929410
v 17.569128 41.592136 -580.247052
v 18.294408 41.592136 -577.696201
v 19.019688 41.592136 -575.276858
v 19.744967 41.592136 -572.989023
v 20.470247 41.592136 -570.832696
v 21.195526 41.592136 -568.807876
v 21.920806 41.592136 -566.914564
v 22.646086 41.592136 -565.152759
v 23.371365 41.592136 -563.522462
v 24.096645 41.592136 -562.023673
v 24.821924 41.592136 -560.656391
v 25.547204 41.592136 -559.420617
v 26.272484 41.592136 -558.316350
v 26.997763 41.592136 -557.343591
v 27.723043 41.592136 -556.502340
v 28.448322 41.592136 -555.792596
v 29.173602 41.592136 -555.214360
v 29.898882 41.592136 -554.767632
v 30.624161 41.592136 -554.452411
v 31.349441 41.592136 -554.268698
v 32.074720 41.592136 -554.216492
v 32.800000 41.592136 -554.295795
v -36.826842 42.099727 -1163.537470
v -36.101562 42.099727 -1151.123548
v -35.376283 42.099727 -1138.841133
v -34.651003 42.099727 -1126.690226
v -33.925723 42.099727 -1114.670827
v -33.200444 42.099727 -1102.782935
v -32.475164 42.099727 -1091.026551
v -31.749885 42.099727 -1079.401674
v -31.024605 42.099727 -1067.908305
v -30.299325 42.099727 -1056.546444
v -29.574046 42.099727 -1045.316090
v -28.848766 42.099727 -1034.217244
v -28.123487 42.099727 -1023.249906
v -27.398207 42.099727 -1012.414075
v -26.672927 42.099727 -1001.709752
v -25.947648 42.099727 -991.136936
v -25.222368 42.099727 -980.695628
v -24.497089 42.099727 -970.385828
v -23.771809 42.099727 -960.207536
v -23.046529 42.099727 -950.160751
v -22.321250 42.099727 -940.245473
v -21.595970 42.099727 -930.461703
v -20.870691 42.099727 -920.809441
v -20.145411 42.099727 -911.288687
v -19.420131 42.099727 -901.899440
v -18.694852 42.099727 -892.641700
v -17.969572 42.099727 -883.515469
v -17.244293 42.099727 -874.520745
v -16.519013 42.099727 -865.657528
v -15.793733 42.099727 -856.925819
v -15.068454 42.099727 -848.325618
v -14.343174 42.099727 -839.856925
v -13.617895 42.099727 -831.519739
v -12.892615 42.099727 -823.314061
v -12.167335 42.099727 -815.239890
v -11.442056 42.099727 -807.297227
v -10.716776 42.099727 -799.486071
v -9.991497 42.099727 -791.806424
v -9.266217 42.099727 -784.258284
v -8.540937 42.099727 -776.841651
v -7.815658 42.099727 -769.556526
v -7.090378 42.099727 -762.402909
v -6.365099 42.099727 -755.380799
v -5.639819 42.099727 -748.490197
v -4.914539 42.099727 -741.731103
v -4.189260 42.099727 -735.103516
v -3.463980 42.099727 -728.607437
v -2.738701 42.099727 -722.242865
v -2.013421 42.099727 -716.009801
v -1.288141 42.099727 -709.908245
v -0.562862 42.099727 -703.938196
v 0.162418 42.099727 -698.099655
v 0.887698 42.099727 -692.392622
v 1.612977 42.099727 -686.817096
v 2.338257 42.099727 -681.373078
v 3.063536 42.099727 -676.060568
v 3.788816 42.099727 -670.879565
v 4.514096 42.099727 -665.830069
v 5.239375 42.099727 -660.912082
v 5.964655 42.099727 -656.125602
v 6.689934 42.099727 -651.470629
v 7.415214 42.099727 -646.947164
v 8.140494 42.099727 -642.555207
v 8.865773 42.099727 -638.294758
v 9.591053 42.099727 -634.165816
v 10.316332 42.099727 -630.168382
v 11.041612 42.099727 -626.302455
v 11.766892 42.099727 -622.568036
v 12.492171 42.099727 -618.965125
v 13.217451 42.099727 -615.493721
v 13.942730 42.099727 -612.153825
v 14.668010 42.099727 -608.945436
v 15.393290 42.099727 -605.868555
v 16.118569 42.099727 -602.923182
v 16.843849 42.099727 -600.109316
v 17.569128 42.099727 -597.426958
v 18.294408 42.099727 -594.876108
v 19.019688 42.099727 -592.456765
v 19.744967 42.099727 -590.168930
v 20.470247 42.099727 -588.012602
v 21.195526 42.099727 -585.987783
v 21.920806 42.099727 -584.094470
v 22.646086 42.099727 -582.332666
v 23.371365 42.099727 -580.702369
v 24.096645 42.099727 -579.203579
v 24.821924 42.099727 -577.836297
v 25.547204 42.099727 -576.600523
v 26.272484 42.099727 -575.496257
v 26.997763 42.099727 -574.523498
v 27.723043 42.099727 -573.682247
v 28.448322 42.099727 -572.972503
v 29.173602 42.099727 -572.394267
v 29.898882 42.099727 -571.947539
v 30.624161 42.099727 -571.632318
v 31.349441 42.099727 -571.448605
v 32.074720 42.099727 -571.396399
v 32.800000 42.099727 -571.475701
v -36.826842 42.607319 -1180.975026
v -36.101562 42.607319 -1168.561104
v -35.376283 42.607319 -1156.278689
v -34.651003 42.607319 -1144.127782
v -33.925723 42.607319 -1132.108383
v -33.200444 42.607319 -1120.220491
v -32.475164 42.607319 -1108.464107
v -31.749885 42.607319 -1096.839230
v -31.024605 42.607319 -1085.345861
v -30.299325 42.607319 -1073.984000
v -29.574046 42.607319 -1062.753646
v -28.848766 42.607319 -1051.654800
v -28.123487 42.607319 -1040.687462
v -27.398207 42.607319 -1029.851631
v -26.672927 42.607319 -1019.147308
v -25.947648 42.607319 -1008.574492
v -25.222368 42.607319 -998.133184
v -24.497089 42.607319 -987.823384
v -23.771809 42.607319 -977.645091
v -23.046529 42.607319 -967.598306
v -22.321250 42.607319 -957.683029
v -21.595970 42.607319 -947.899259
v -20.870691 42.607319 -938.246997
v -20.145411 42.607319 -928.726242
v -19.420131 42.607319 -919.336995
v -18.694852 42.607319 -910.079256
v -17.969572 42.607319 -900.953025
v -17.244293 42.607319 -891.958300
v -16.519013 42.607319 -883.095084
v -15.793733 42.607319 -874.363375
v -15.068454 42.607319 -865.763174
v -14.343174 42.607319 -857.294481
v -13.617895 42.607319 -848.957295
v -12.892615 42.607319 -840.751616
v -12.167335 42.607319 -832.677446
v -11.442056 42.607319 -824.734783
v -10.716776 42.607319 -816.923627
v -9.991497 42.607319 -809.243979
v -9.266217 42.607319 -801.695839
v -8.540937 42.607319 -794.279207
v -7.815658 42.607319 -786.994082
v -7.090378 42.607319 -779.840465
v -6.365099 42.607319 -772.818355
v -5.639819 42.607319 -765.927753
v -4.914539 42.607319 -759.168659
v -4.189260 42.607319 -752.541072
v -3.463980 42.607319 -746.044993
v -2.738701 42.607319 -739.680421
v -2.013421 42.607319 -733.447357
v -1.288141 42.607319 -727.345801
v -0.562862 42.607319 -721.375752
v 0.162418 42.607319 -715.537211
v 0.887698 42.607319 -709.830178
v 1.612977 42.607319 -704.254652
v 2.338257 42.607319 -698.810634
v 3.063536 42.607319 -693.498123
v 3.788816 42.607319 -688.317120
v 4.514096 42.607319 -683.267625
v 5.239375 42.607319 -678.349637
v 5.964655 42.607319 -673.563157
v 6.689934 42.607319 -668.908185
v 7.415214 42.607319 -664.384720
v 8.140494 42.607319 -659.992763
v 8.865773 42.607319 -655.732314
v 9.591053 42.607319 -651.603372
v 10.316332 42.607319 -647.605937
v 11.041612 42.607319 -643.740011
v 11.766892 42.607319 -640.005592
v 12.492171 42.607319 -636.402680
v 13.217451 42.607319 -632.931277
v 13.942730 42.607319 -629.591380
v 14.668010 42.607319 -626.382992
v 15.393290 42.607319 -623.306111
v 16.118569 42.607319 -620.360738
v 16.843849 42.607319 -617.546872
v 17.569128 42.607319 -614.864514
v 18.294408 42.607319 -612.313664
v 19.019688 42.607319 -609.894321
v 19.744967 42.607319 -607.606486
v 20.470247 42.607319 -605.450158
v 21.195526 42.607319 -603.425338
v 21.920806 42.607319 -601.532026
v 22.646086 42.607319 -599.770221
v 23.371365 42.607319 -598.139924
v 24.096645 42.607319 -596.641135
v 24.821924 42.607319 -595.273853
v 25.547204 42.607319 -594.038079
v 26.272484 42.607319 -592.933813
v 26.997763 42.607319 -591.961054
v 27.723043 42.607319 -591.119802
v 28.448322 42.607319 -590.410059
v 29.173602 42.607319 -589.831823
v 29.898882 42.607319 -589.385094
v 30.624161 42.607319 -589.069874
v 31.349441 42.607319 -588.886160
v 32.074720 42.607319 -588.833955
v 32.800000 42.607319 -588.913257
v -36.826842 43.114910 -1198.670231
v -36.101562 43.114910 -1186.256309
v -35.376283 43.114910 -1173.973894
v -34.651003 43.114910 -1161.822987
v -33.925723 43.114910 -1149.803587
v -33.200444 43.114910 -1137.915696
v -32.475164 43.114910 -1126.159311
v -31.749885 43.114910 -1114.534435
v -31.024605 43.114910 -1103.041066
v -30.299325 43.114910 -1091.679205
v -29.574046 43.114910 -1080.448851
v -28.848766 43.114910 -1069.350005
v -28.123487 43.114910 -1058.382667
v -27.398207 43.114910 -1047.546836
v -26.672927 43.114910 -1036.842513
v -25.947648 43.114910 -1026.269697
v -25.222368 43.114910 -1015.828389
v -24.497089 43.114910 -1005.518589
v -23.771809 43.114910 -995.340296
v -23.046529 43.114910 -985.293511
v -22.321250 43.114910 -975.378234
v -21.595970 43.114910 -965.594464
v -20.870691 43.114910 -955.942202
v -20.145411 43.114910 -946.421447
v -19.420131 43.114910 -937.032200
v -18.694852 43.114910 -927.774461
v -17.969572 43.114910 -918.648229
v -17.244293 43.114910 -909.653505
v -16.519013 43.114910 -900.790289
v -15.793733 43.114910 -892.058580
v -15.068454 43.114910 -883.458379
v -14.343174 43.114910 -874.989685
v -13.617895 43.114910 -866.652500
v -12.892615 43.114910 -858.446821
v -12.167335 43.114910 -850.372651
v -11.442056 43.114910 -842.429988
v -10.716776 43.114910 -834.618832
v -9.991497 43.114910 -826.939184
v -9.266217 43.114910 -819.391044
v -8.540937 43.114910 -811.974412
v -7.815658 43.114910 -804.689287
v -7.090378 43.114910 -797.535669
v -6.365099 43.114910 -790.513560
v -5.639819 43.114910 -783.622958
v -4.914539 43.114910 -776.863863
v -4.189260 43.114910 -770.236277
v -3.463980 43.114910 -763.740197
v -2.738701 43.114910 -757.375626
v -2.013421 43.114910 -751.142562
v -1.288141 43.114910 -745.041006
v -0.562862 43.114910 -739.070957
v 0.162418 43.114910 -733.232416
v 0.887698 43.114910 -727.525383
v 1.612977 43.114910 -721.949857
v 2.338257 43.114910 -716.505839
v 3.063536 43.114910 -711.193328
v 3.788816 43.114910 -706.012325
v 4.514096 43.114910 -700.962830
v 5.239375 43.114910 -696.044842
v 5.964655 43.114910 -691.258362
v 6.689934 43.114910 -686.603390
v 7.415214 43.114910 -682.079925
v 8.140494 43.114910 -677.687968
v 8.865773 43.114910 -673.427518
v 9.591053 43.114910 -669.298577
v 10.316332 43.114910 -665.301142
v 11.041612 43.114910 -661.435216
v 11.766892 43.114910 -657.700797
v 12.492171 43.114910 -654.097885
v 13.217451 43.114910 -650.626481
v 13.942730 43.114910 -647.286585
v 14.668010 43.114910 -644.078197
v 15.393290 43.114910 -641.001316
v 16.118569 43.114910 -638.055943
v 16.843849 43.114910 -635.242077
v 17.569128 43.114910 -632.559719
v 18.294408 43.114910 -630.008869
v 19.019688 43.114910 -627.589526
v 19.744967 43.114910 -625.301691
v 20.470247 43.114910 -623.145363
v 21.195526 43.114910 -621.120543
v 21.920806 43.114910 -619.227231
v 22.646086 43.114910 -617.465426
v 23.371365 43.114910 -615.835129
v 24.096645 43.114910 -614.336340
v 24.821924 43.114910 -612.969058
v 25.547204 43.114910 -611.733284
v 26.272484 43.114910 -610.629017
v 26.997763 43.114910 -609.656259
v 27.723043 43.114910 -608.815007
v 28.448322 43.114910 -608.105264
v 29.173602 43.114910 -607.527028
v 29.898882 43.114910 -607.080299
v 30.624161 43.114910 -606.765078
v 31.349441 43.114910 -606.581365
v 32.074720 43.114910 -606.529160
v 32.800000 43.114910 -606.608462
v -36.826842 43.622502 -1216.623085
v -36.101562 43.622502 -1204.209163
v -35.376283 43.622502 -1191.926748
v -34.651003 43.622502 -1179.775841
v -33.925723 43.622502 -1167.756441
v -33.200444 43.622502 -1155.868550
v -32.475164 43.622502 -1144.112165
v -31.749885 43.622502 -1132.487289
v -31.024605 43.622502 -1120.993920
v -30.299325 43.622502 -1109.632059
v -29.574046 43.622502 -1098.401705
v -28.848766 43.622502 -1087.302859
v -28.123487 43.622502 -1076.335521
v -27.398207 43.622502 -1065.499690
v -26.672927 43.622502 -1054.795367
v -25.947648 43.622502 -1044.222551
v -25.222368 43.622502 -1033.781243
v -24.497089 43.622502 -1023.471443
v -23.771809 43.622502 -1013.293150
v -23.046529 43.622502 -1003.246365
v -22.321250 43.622502 -993.331088
v -21.595970 43.622502 -983.547318
v -20.870691 43.622502 -973.895056
v -20.145411 43.622502 -964.374301
v -19.420131 43.622502 -954.985054
v -18.694852 43.622502 -945.727315
v -17.969572 43.622502 -936.601083
v -17.244293 43.622502 -927.606359
v -16.519013 43.622502 -918.743143
v -15.793733 43.622502 -910.011434
v -15.068454 43.622502 -901.411233
v -14.343174 43.622502 -892.942539
v -13.617895 43.622502 -884.605354
v -12.892615 43.622502 -876.399675
v -12.167335 43.622502 -868.325505
v -11.442056 43.622502 -860.382842
v -10.716776 43.622502 -852.571686
v -9.991497 43.622502 -844.892038
v -9.266217 43.622502 -837.343898
v -8.540937 43.622502 -829.927266
v -7.815658 43.622502 -822.642141
v -7.090378 43.622502 -815.488524
v -6.365099 43.622502 -808.466414
v -5.639819 43.622502 -801.575812
v -4.914539 43.622502 -794.816717
v -4.189260 43.622502 -788.189131
v -3.463980 43.622502 -781.693051
v -2.738701 43.622502 -775.328480
v -2.013421 43.622502 -769.095416
v -1.288141 43.622502 -762.993860
v -0.562862 43.622502 -757.023811
v 0.162418 43.622502 -751.185270
v 0.887698 43.622502 -745.478237
v 1.612977 43.622502 -739.902711
v 2.338257 43.622502 -734.458693
v 3.063536 43.622502 -729.146182
v 3.788816 43.622502 -723.965179
v 4.514096 43.622502 -718.915684
v 5.239375 43.622502 -713.997696
v 5.964655 43.622502 -709.211216
v 6.689934 43.622502 -704.556244
v 7.415214 43.622502 -700.032779
v 8.140494 43.622502 -695.640822
v 8.865773 43.622502 -691.380372
v 9.591053 43.622502 -687.251431
v 10.316332 43.622502 -683.253996
v 11.041612 43.622502 -679.388070
v 11.766892 43.622502 -675.653651
v 12.492171 43.622502 -672.050739
v 13.217451 43.622502 -668.579335
v 13.942730 43.622502 -665.239439
v 14.668010 43.622502 -662.031051
v 15.393290 43.622502 -658.954170
v 16.118569 43.622502 -656.008797
v 16.843849 43.622502 -653.194931
v 17.569128 43.622502 -650.512573
v 18.294408 43.622502 -647.961723
v 19.019688 43.622502 -645.542380
v 19.744967 43.622502 -643.254545
v 20.470247 43.622502 -641.098217
v 21.195526 43.622502 -639.073397
v 21.920806 43.622502 -637.180085
v 22.646086 43.622502 -635.418280
v 23.371365 43.622502 -633.787983
v 24.096645 43.622502 -632.289194
v 24.821924 43.622502 -630.921912
v 25.547204 43.622502 -629.686138
v 26.272484 43.622502 -628.581871
v 26.997763 43.622502 -627.609113
v 27.723043 43.622502 -626.767861
v 28.448322 43.622502 -626.058118
v 29.173602 43.622502 -625.479882
v 29.898882 43.622502 -625.033153
v 30.624161 43.622502 -624.717932
v 31.349441 43.622502 -624.534219
v 32.074720 43.622502 -624.482014
v 32.800000 43.622502 -624.561316
v -36.826842 44.130093 -1234.833588
v -36.101562 44.130093 -1222.419666
v -35.376283 44.130093 -1210.137251
v -34.651003 44.130093 -1197.986344
v -33.925723 44.130093 -1185.966945
v -33.200444 44.130093 -1174.079053
v -32.475164 44.130093 -1162.322669
v -31.749885 44.130093 -1150.697792
v -31.024605 44.130093 -1139.204423
v -30.299325 44.130093 -1127.842562
v -29.574046 44.130093 -1116.612208
v -28.848766 44.130093 -1105.513362
v -28.123487 44.130093 -1094.546024
v -27.398207 44.130093 -1083.710193
v -26.672927 44.130093 -1073.005870
v -25.947648 44.130093 -1062.433054
v -25.222368 44.130093 -1051.991746
v -24.497089 44.130093 -1041.681946
v -23.771809 44.130093 -1031.503653
v -23.046529 44.130093 -1021.456868
v -22.321250 44.130093 -1011.541591
v -21.595970 44.130093 -1001.757821
v -20.870691 44.130093 -992.105559
v -20.145411 44.130093 -982.584804
v -19.420131 44.130093 -973.195557
v -18.694852 44.130093 -963.937818
v -17.969572 44.130093 -954.811587
v -17.244293 44.130093 -945.816862
v -16.519013 44.130093 -936.953646
v -15.793733 44.130093 -928.221937
v -15.068454 44.130093 -919.621736
v -14.343174 44.130093 -911.153043
v -13.617895 44.130093 -902.815857
v -12.892615 44.130093 -894.610178
v -12.167335 44.130093 -886.536008
v -11.442056 44.130093 -878.593345
v -10.716776 44.130093 -870.782189
v -9.991497 44.130093 -863.102542
v -9.266217 44.130093 -855.554401
v -8.540937 44.130093 -848.137769
v -7.815658 44.130093 -840.852644
v -7.090378 44.130093 -833.699027
v -6.365099 44.130093 -826.676917
v -5.639819 44.130093 -819.786315
v -4.914539 44.130093 -813.027221
v -4.189260 44.130093 -806.399634
v -3.463980 44.130093 -799.903555
v -2.738701 44.130093 -793.538983
v -2.013421 44.130093 -787.305919
v -1.288141 44.130093 -781.204363
v -0.562862 44.130093 -775.234314
v 0.162418 44.130093 -769.395773
v 0.887698 44.130093 -763.688740
v 1.612977 44.130093 -758.113214
v 2.338257 44.130093 -752.669196
v 3.063536 44.130093 -747.356685
v 3.788816 44.130093 -742.175682
v 4.514096 44.130093 -737.126187
v 5.239375 44.130093 -732.208199
v 5.964655 44.130093 -727.421719
v 6.689934 44.130093 -722.766747
v 7.415214 44.130093 -718.243282
v 8.140494 44.130093 -713.851325
v 8.865773 44.130093 -709.590876
v 9.591053 44.130093 -705.461934
v 10.316332 44.130093 -701.464499
v 11.041612 44.130093 -697.598573
v 11.766892 44.130093 -693.864154
v 12.492171 44.130093 -690.261242
v 13.217451 44.130093 -686.789839
v 13.942730 44.130093 -683.449942
v 14.668010 44.130093 -680.241554
v 15.393290 44.130093 -677.164673
v 16.118569 44.130093 -674.219300
v 16.843849 44.130093 -671.405434
v 17.569128 44.130093 -668.723076
v 18.294408 44.130093 -666.172226
v 19.019688 44.130093 -663.752883
v 19.744967 44.130093 -661.465048
v 20.470247 44.130093 -659.308720
v 21.195526 44.130093 -657.283900
v 21.920806 44.130093 -655.390588
v 22.646086 44.130093 -653.628783
v 23.371365 44.130093 -651.998486
v 24.096645 44.130093 -650.499697
v 24.821924 44.130093 -649.132415
v 25.547204 44.130093 -647.896641
v 26.272484 44.130093 -646.792375
v 26.997763 44.130093 -645.819616
v 27.723043 44.130093 -644.978364
v 28.448322 44.130093 -644.268621
v 29.173602 44.130093 -643.690385
v 29.898882 44.130093 -643.243656
v 30.624161 44.130093 -642.928436
v 31.349441 44.130093 -642.744722
v 32.074720 44.130093 -642.692517
v 32.800000 44.130093 -642.771819
v -36.826842 44.637685 -1253.301740
v -36.101562 44.637685 -1240.887818
v -35.376283 44.637685 -1228.605403
v -34.651003 44.637685 -1216.454496
v -33.925723 44.637685 -1204.435097
v -33.200444 44.637685 -1192.547205
v -32.475164 44.637685 -1180.790821
v -31.749885 44.637685 -1169.165944
v -31.024605 44.637685 -1157.672575
v -30.299325 44.637685 -1146.310714
v -29.574046 44.637685 -1135.080360
v -28.848766 44.637685 -1123.981514
v -28.123487 44.637685 -1113.014176
v -27.398207 44.637685 -1102.178345
v -26.672927 44.637685 -1091.474022
v -25.947648 44.637685 -1080.901206
v -25.222368 44.637685 -1070.459899
v -24.497089 44.637685 -1060.150098
v -23.771809 44.637685 -1049.971806
v -23.046529 44.637685 -1039.925021
v -22.321250 44.637685 -1030.009743
v -21.595970 44.637685 -1020.225973
v -20.870691 44.637685 -1010.573711
v -20.145411 44.637685 -1001.052957
v -19.420131 44.637685 -991.663710
v -18.694852 44.637685 -982.405970
v -17.969572 44.637685 -973.279739
v -17.244293 44.637685 -964.285015
v -16.519013 44.637685 -955.421798
v -15.793733 44.637685 -946.690090
v -15.068454 44.637685 -938.089888
v -14.343174 44.637685 -929.621195
v -13.617895 44.637685 -921.284009
v -12.892615 44.637685 -913.078331
v -12.167335 44.637685 -905.004160
v -11.442056 44.637685 -897.061497
v -10.716776 44.637685 -889.250342
v -9.991497 44.637685 -881.570694
v -9.266217 44.637685 -874.022554
v -8.540937 44.637685 -866.605921
v -7.815658 44.637685 -859.320796
v -7.090378 44.637685 -852.167179
v -6.365099 44.637685 -845.145069
v -5.639819 44.637685 -838.254467
v -4.914539 44.637685 -831.495373
v -4.189260 44.637685 -824.867786
v -3.463980 44.637685 -818.371707
v -2.738701 44.637685 -812.007135
v -2.013421 44.637685 -805.774071
v -1.288141 44.637685 -799.672515
v -0.562862 44.637685 -793.702466
v 0.162418 44.637685 -787.863925
v 0.887698 44.637685 -782.156892
v 1.612977 44.637685 -776.581366
v 2.338257 44.637685 -771.137348
v 3.063536 44.637685 -765.824838
v 3.788816 44.637685 -760.643835
v 4.514096 44.637685 -755.594339
v 5.239375 44.637685 -750.676352
v 5.964655 44.637685 -745.889872
v 6.689934 44.637685 -741.234899
v 7.415214 44.637685 -736.711435
v 8.140494 44.637685 -732.319477
v 8.865773 44.637685 -728.059028
v 9.591053 44.637685 -723.930086
v 10.316332 44.637685 -719.932652
v 11.041612 44.637685 -716.066725
v 11.766892 44.637685 -712.332306
v 12.492171 44.637685 -708.729395
v 13.217451 44.637685 -705.257991
v 13.942730 44.637685 -701.918095
v 14.668010 44.637685 -698.709706
v 15.393290 44.637685 -695.632825
v 16.118569 44.637685 -692.687452
v 16.843849 44.637685 -689.873586
v 17.569128 44.637685 -687.191228
v 18.294408 44.637685 -684.640378
v 19.019688 44.637685 -682.221035
v 19.744967 44.637685 -679.933200
v 20.470247 44.637685 -677.776872
v 21.195526 44.637685 -675.752053
v 21.920806 44.637685 -673.858740
v 22.646086 44.637685 -672.096936
v 23.371365 44.637685 -670.466639
v 24.096645 44.637685 -668.967849
v 24.821924 44.637685 -667.600567
v 25.547204 44.637685 -666.364793
v 26.272484 44.637685 -665.260527
v 26.997763 44.637685 -664.287768
v 27.723043 44.637685 -663.446517
v 28.448322 44.637685 -662.736773
v 29.173602 44.637685 -662.158537
v 29.898882 44.637685 -661.711809
v 30.624161 44.637685 -661.396588
v 31.349441 44.637685 -661.212875
v 32.074720 44.637685 -661.160669
v 32.800000 44.637685 -661.239971
v -36.826842 45.145276 -1272.027542
v -36.101562 45.145276 -1259.613619
v -35.376283 45.145276 -1247.331205
v -34.651003 45.145276 -1235.180298
v -33.925723 45.145276 -1223.160898
v -33.200444 45.145276 -1211.273006
v -32.475164 45.145276 -1199.516622
v -31.749885 45.145276 -1187.891746
v -31.024605 45.145276 -1176.398377
v -30.299325 45.145276 -1165.036515
v -29.574046 45.145276 -1153.806162
v -28.848766 45.145276 -1142.707316
v -28.123487 45.145276 -1131.739977
v -27.398207 45.145276 -1120.904147
v -26.672927 45.145276 -1110.199823
v -25.947648 45.145276 -1099.627008
v -25.222368 45.145276 -1089.185700
v -24.497089 45.145276 -1078.875900
v -23.771809 45.145276 -1068.697607
v -23.046529 45.145276 -1058.650822
v -22.321250 45.145276 -1048.735544
v -21.595970 45.145276 -1038.951775
v -20.870691 45.145276 -1029.299513
v -20.145411 45.145276 -1019.778758
v -19.420131 45.145276 -1010.389511
v -18.694852 45.145276 -1001.131772
v -17.969572 45.145276 -992.005540
v -17.244293 45.145276 -983.010816
v -16.519013 45.145276 -974.147600
v -15.793733 45.145276 -965.415891
v -15.068454 45.145276 -956.815690
v -14.343174 45.145276 -948.346996
v -13.617895 45.145276 -940.009810
v -12.892615 45.145276 -931.804132
v -12.167335 45.145276 -923.729961
v -11.442056 45.145276 -915.787298
v -10.716776 45.145276 -907.976143
v -9.991497 45.145276 -900.296495
v -9.266217 45.145276 -892.748355
v -8.540937 45.145276 -885.331722
v -7.815658 45.145276 -878.046598
v -7.090378 45.145276 -870.892980
v -6.365099 45.145276 -863.870871
v -5.639819 45.145276 -856.980269
v -4.914539 45.145276 -850.221174
v -4.189260 45.145276 -843.593587
v -3.463980 45.145276 -837.097508
v -2.738701 45.145276 -830.732937
v -2.013421 45.145276 -824.499873
v -1.288141 45.145276 -818.398316
v -0.562862 45.145276 -812.428268
v 0.162418 45.145276 -806.589727
v 0.887698 45.145276 -800.882693
v 1.612977 45.145276 -795.307168
v 2.338257 45.145276 -789.863149
v 3.063536 45.145276 -784.550639
v 3.788816 45.145276 -779.369636
v 4.514096 45.145276 -774.320141
v 5.239375 45.145276 -769.402153
v 5.964655 45.145276 -764.615673
v 6.689934 45.145276 -759.960701
v 7.415214 45.145276 -755.437236
v 8.140494 45.145276 -751.045279
v 8.865773 45.145276 -746.784829
v 9.591053 45.145276 -742.655887
v 10.316332 45.145276 -738.658453
v 11.041612 45.145276 -734.792526
v 11.766892 45.145276 -731.058107
v 12.492171 45.145276 -727.455196
v 13.217451 45.145276 -723.983792
v 13.942730 45.145276 -720.643896
v 14.668010 45.145276 -717.435507
v 15.393290 45.145276 -714.358627
v 16.118569 45.145276 -711.413253
v 16.843849 45.145276 -708.599388
v 17.569128 45.145276 -705.917030
v 18.294408 45.145276 -703.366179
v 19.019688 45.145276 -700.946836
v 19.744967 45.145276 -698.659001
v 20.470247 45.145276 -696.502674
v 21.195526 45.145276 -694.477854
v 21.920806 45.145276 -692.584542
v 22.646086 45.145276 -690.822737
v 23.371365 45.145276 -689.192440
v 24.096645 45.145276 -687.693651
v 24.821924 45.145276 -686.326369
v 25.547204 45.145276 -685.090595
v 26.272484 45.145276 -683.986328
v 26.997763 45.145276 -683.013569
v 27.723043 45.145276 -682.172318
v 28.448322 45.145276 -681.462574
v 29.173602 45.145276 -680.884338
v 29.898882 45.145276 -680.437610
v 30.624161 45.145276 -680.122389
v 31.349441 45.145276 -679.938676
v 32.074720 45.145276 -679.886470
v 32.800000 45.145276 -679.965773
v -36.826842 45.652868 -1291.010992
v -36.101562 45.652868 -1278.597070
v -35.376283 45.652868 -1266.314655
v -34.651003 45.652868 -1254.163748
v -33.925723 45.652868 -1242.144349
v -33.200444 45.652868 -1230.256457
v -32.475164 45.652868 -1218.500073
v -31.749885 45.652868 -1206.875196
v -31.024605 45.652868 -1195.381827
v -30.299325 45.652868 -1184.019966
v -29.574046 45.652868 -1172.789612
v -28.848766 45.652868 -1161.690766
v -28.123487 45.652868 -1150.723428
v -27.398207 45.652868 -1139.887597
v -26.672927 45.652868 -1129.183274
v -25.947648 45.652868 -1118.610458
v -25.222368 45.652868 -1108.169150
v -24.497089 45.652868 -1097.859350
v -23.771809 45.652868 -1087.681057
v -23.046529 45.652868 -1077.634272
v -22.321250 45.652868 -1067.718995
v -21.595970 45.652868 -1057.935225
v -20.870691 45.652868 -1048.282963
v -20.145411 45.652868 -1038.762208
v -19.420131 45.652868 -1029.372962
v -18.694852 45.652868 -1020.115222
v -17.969572 45.652868 -1010.988991
v -17.244293 45.652868 -1001.994267
v -16.519013 45.652868 -993.131050
v -15.793733 45.652868 -984.399341
v -15.068454 45.652868 -975.799140
v -14.343174 45.652868 -967.330447
v -13.617895 45.652868 -958.993261
v -12.892615 45.652868 -950.787582
v -12.167335 45.652868 -942.713412
v -11.442056 45.652868 -934.770749
v -10.716776 45.652868 -926.959593
v -9.991497 45.652868 -919.279946
v -9.266217 45.652868 -911.731805
v -8.540937 45.652868 -904.315173
v -7.815658 45.652868 -897.030048
v -7.090378 45.652868 -889.876431
v -6.365099 45.652868 -882.854321
v -5.639819 45.652868 -875.963719
v -4.914539 45.652868 -869.204625
v -4.189260 45.652868 -862.577038
v -3.463980 45.652868 -856.080959
v -2.738701 45.652868 -849.716387
v -2.013421 45.652868 -843.483323
v -1.288141 45.652868 -837.381767
v -0.562862 45.652868 -831.411718
v 0.162418 45.652868 -825.573177
v 0.887698 45.652868 -819.866144
v 1.612977 45.652868 -814.290618
v 2.338257 45.652868 -808.846600
v 3.063536 45.652868 -803.534089
v 3.788816 45.652868 -798.353086
v 4.514096 45.652868 -793.303591
v 5.239375 45.652868 -788.385604
v 5.964655 45.652868 -783.599124
v 6.689934 45.652868 -778.944151
v 7.415214 45.652868 -774.420686
v 8.140494 45.652868 -770.028729
v 8.865773 45.652868 -765.768280
v 9.591053 45.652868 -761.639338
v 10.316332 45.652868 -757.641903
v 11.041612 45.652868 -753.775977
v 11.766892 45.652868 -750.041558
v 12.492171 45.652868 -746.438646
v 13.217451 45.652868 -742.967243
v 13.942730 45.652868 -739.627346
v 14.668010 45.652868 -736.418958
v 15.393290 45.652868 -733.342077
v 16.118569 45.652868 -730.396704
v 16.843849 45.652868 -727.582838
v 17.569128 45.652868 -724.900480
v 18.294408 45.652868 -722.349630
v 19.019688 45.652868 -719.930287
v 19.744967 45.652868 -717.642452
v 20.470247 45.652868 -715.486124
v 21.195526 45.652868 -713.461304
v 21.920806 45.652868 -711.567992
v 22.646086 45.652868 -709.806187
v 23.371365 45.652868 -708.175890
v 24.096645 45.652868 -706.677101
v 24.821924 45.652868 -705.309819
v 25.547204 45.652868 -704.074045
v 26.272484 45.652868 -702.969779
v 26.997763 45.652868 -701.997020
v 27.723043 45.652868 -701.155768
v 28.448322 45.652868 -700.446025
v 29.173602 45.652868 -699.867789
v 29.898882 45.652868 -699.421060
v 30.624161 45.652868 -699.105840
v 31.349441 45.652868 -698.922126
v 32.074720 45.652868 -698.869921
v 32.800000 45.652868 -698.949223
v -36.826842 46.160459 -1310.252092
v -36.101562 46.160459 -1297.838169
v -35.376283 46.160459 -1285.555755
v -34.651003 46.160459 -1273.404848
v -33.925723 46.160459 -1261.385448
v -33.200444 46.160459 -1249.497556
v -32.475164 46.160459 -1237.741172
v -31.749885 46.160459 -1226.116296
v -31.024605 46.160459 -1214.622927
v -30.299325 46.160459 -1203.261065
v -29.574046 46.160459 -1192.030712
v -28.848766 46.160459 -1180.931866
v -28.123487 46.160459 -1169.964527
v -27.398207 46.160459 -1159.128697
v -26.672927 46.160459 -1148.424373
v -25.947648 46.160459 -1137.851558
v -25.222368 46.160459 -1127.410250
v -24.497089 46.160459 -1117.100450
v -23.771809 46.160459 -1106.922157
v -23.046529 46.160459 -1096.875372
v -22.321250 46.160459 -1086.960095
v -21.595970 46.160459 -1077.176325
v -20.870691 46.160459 -1067.524063
v -20.145411 46.160459 -1058.003308
v -19.420131 46.160459 -1048.614061
v -18.694852 46.160459 -1039.356322
v -17.969572 46.160459 -1030.230090
v -17.244293 46.160459 -1021.235366
v -16.519013 46.160459 -1012.372150
v -15.793733 46.160459 -1003.640441
v -15.068454 46.160459 -995.040240
v -14.343174 46.160459 -986.571546
v -13.617895 46.160459 -978.234360
v -12.892615 46.160459 -970.028682
v -12.167335 46.160459 -961.954511
v -11.442056 46.160459 -954.011848
v -10.716776 46.160459 -946.200693
v -9.991497 46.160459 -938.521045
v -9.266217 46.160459 -930.972905
v -8.540937 46.160459 -923.556272
v -7.815658 46.160459 -916.271148
v -7.090378 46.160459 -909.117530
v -6.365099 46.160459 -902.095421
v -5.639819 46.160459 -895.204819
v -4.914539 46.160459 -888.445724
v -4.189260 46.160459 -881.818137
v -3.463980 46.160459 -875.322058
v -2.738701 46.160459 -868.957487
v -2.013421 46.160459 -862.724423
v -1.288141 46.160459 -856.622867
v -0.562862 46.160459 -850.652818
v 0.162418 46.160459 -844.814277
v 0.887698 46.160459 -839.107243
v 1.612977 46.160459 -833.531718
v 2.338257 46.160459 -828.087699
v 3.063536 46.160459 -822.775189
v 3.788816 46.160459 -817.594186
v 4.514096 46.160459 -812.544691
v 5.239375 46.160459 -807.626703
v 5.964655 46.160459 -802.840223
v 6.689934 46.160459 -798.185251
v 7.415214 46.160459 -793.661786
v 8.140494 46.160459 -789.269829
v 8.865773 46.160459 -785.009379
v 9.591053 46.160459 -780.880437
v 10.316332 46.160459 -776.883003
v 11.041612 46.160459 -773.017076
v 11.766892 46.160459 -769.282657
v 12.492171 46.160459 -765.679746
v 13.217451 46.160459 -762.208342
v 13.942730 46.160459 -758.868446
v 14.668010 46.160459 -755.660058
v 15.393290 46.160459 -752.583177
v 16.118569 46.160459 -749.637803
v 16.843849 46.160459 -746.823938
v 17.569128 46.160459 -744.141580
v 18.294408 46.160459 -741.590729
v 19.019688 46.160459 -739.171387
v 19.744967 46.160459 -736.883551
v 20.470247 46.160459 -734.727224
v 21.195526 46.160459 -732.702404
v 21.920806 46.160459 -730.809092
v 22.646086 46.160459 -729.047287
v 23.371365 46.160459 -727.416990
v 24.096645 46.160459 -725.918201
v 24.821924 46.160459 -724.550919
v 25.547204 46.160459 -723.315145
v 26.272484 46.160459 -722.210878
v 26.997763 46.160459 -721.238119
v 27.723043 46.160459 -720.396868
v 28.448322 46.160459 -719.687124
v 29.173602 46.160459 -719.108888
v 29.898882 46.160459 -718.662160
v 30.624161 46.160459 -718.346939
v 31.349441 46.160459 -718.163226
v 32.074720 46.160459 -718.111021
v 32.800000 46.160459 -718.190323
v -36.826842 46.668051 -1329.750840
v -36.101562 46.668051 -1317.336918
v -35.376283 46.668051 -1305.054503
v -34.651003 46.668051 -1292.903596
v -33.925723 46.668051 -1280.884197
v -33.200444 46.668051 -1268.996305
v -32.475164 46.668051 -1257.239921
v -31.749885 46.668051 -1245.615044
v -31.024605 46.668051 -1234.121675
v -30.299325 46.668051 -1222.759814
v -29.574046 46.668051 -1211.529461
v -28.848766 46.668051 -1200.430614
v -28.123487 46.668051 -1189.463276
v -27.398207 46.668051 -1178.627445
v -26.672927 46.668051 -1167.923122
v -25.947648 46.668051 -1157.350307
v -25.222368 46.668051 -1146.908999
v -24.497089 46.668051 -1136.599198
v -23.771809 46.668051 -1126.420906
v -23.046529 46.668051 -1116.374121
v -22.321250 46.668051 -1106.458843
v -21.595970 46.668051 -1096.675073
v -20.870691 46.668051 -1087.022811
v -20.145411 46.668051 -1077.502057
v -19.420131 46.668051 -1068.112810
v -18.694852 46.668051 -1058.855071
v -17.969572 46.668051 -1049.728839
v -17.244293 46.668051 -1040.734115
v -16.519013 46.668051 -1031.870898
v -15.793733 46.668051 -1023.139190
v -15.068454 46.668051 -1014.538988
v -14.343174 46.668051 -1006.070295
v -13.617895 46.668051 -997.733109
v -12.892615 46.668051 -989.527431
v -12.167335 46.668051 -981.453260
v -11.442056 46.668051 -973.510597
v -10.716776 46.668051 -965.699442
v -9.991497 46.668051 -958.019794
v -9.266217 46.668051 -950.471654
v -8.540937 46.668051 -943.055021
v -7.815658 46.668051 -935.769896
v -7.090378 46.668051 -928.616279
v -6.365099 46.668051 -921.594169
v -5.639819 46.668051 -914.703567
v -4.914539 46.668051 -907.944473
v -4.189260 46.668051 -901.316886
v -3.463980 46.668051 -894.820807
v -2.738701 46.668051 -888.456235
v -2.013421 46.668051 -882.223171
v -1.288141 46.668051 -876.121615
v -0.562862 46.668051 -870.151567
v 0.162418 46.668051 -864.313026
v 0.887698 46.668051 -858.605992
v 1.612977 46.668051 -853.030466
v 2.338257 46.668051 -847.586448
v 3.063536 46.668051 -842.273938
v 3.788816 46.668051 -837.092935
v 4.514096 46.668051 -832.043439
v 5.239375 46.668051 -827.125452
v 5.964655 46.668051 -822.338972
v 6.689934 46.668051 -817.683999
v 7.415214 46.668051 -813.160535
v 8.140494 46.668051 -808.768577
v 8.865773 46.668051 -804.508128
v 9.591053 46.668051 -800.379186
v 10.316332 46.668051 -796.381752
v 11.041612 46.668051 -792.515825
v 11.766892 46.668051 -788.781406
v 12.492171 46.668051 -785.178495
v 13.217451 46.668051 -781.707091
v 13.942730 46.668051 -778.367195
v 14.668010 46.668051 -775.158806
v 15.393290 46.668051 -772.081925
v 16.118569 46.668051 -769.136552
v 16.843849 46.668051 -766.322686
v 17.569128 46.668051 -763.640328
v 18.294408 46.668051 -761.089478
v 19.019688 46.668051 -758.670135
v 19.744967 46.668051 -756.382300
v 20.470247 46.668051 -754.225973
v 21.195526 46.668051 -752.201153
v 21.920806 46.668051 -750.307840
v 22.646086 46.668051 -748.546036
v 23.371365 46.668051 -746.915739
v 24.096645 46.668051 -745.416949
v 24.821924 46.668051 -744.049668
v 25.547204 46.668051 -742.813893
v 26.272484 46.668051 -741.709627
v 26.997763 46.668051 -740.736868
v 27.723043 46.668051 -739.895617
v 28.448322 46.668051 -739.185873
v 29.173602 46.668051 -738.607637
v 29.898882 46.668051 -738.160909
v 30.624161 46.668051 -737.845688
v 31.349441 46.668051 -737.661975
v 32.074720 46.668051 -737.609769
v 32.800000 46.668051 -737.689071
v -36.826842 47.175642 -1349.507238
v -36.101562 47.175642 -1337.093316
v -35.376283 47.175642 -1324.810901
v -34.651003 47.175642 -1312.659994
v -33.925723 47.175642 -1300.640595
v -33.200444 47.175642 -1288.752703
v -32.475164 47.175642 -1276.996319
v -31.749885 47.175642 -1265.371442
v -31.024605 47.175642 -1253.878073
v -30.299325 47.175642 -1242.516212
v -29.574046 47.175642 -1231.285858
v -28.848766 47.175642 -1220.187012
v -28.123487 47.175642 -1209.219674
v -27.398207 47.175642 -1198.383843
v -26.672927 47.175642 -1187.679520
v -25.947648 47.175642 -1177.106704
v -25.222368 47.175642 -1166.665396
v -24.497089 47.175642 -1156.355596
v -23.771809 47.175642 -1146.177304
v -23.046529 47.175642 -1136.130518
v -22.321250 47.175642 -1126.215241
v -21.595970 47.175642 -1116.431471
v -20.870691 47.175642 -1106.779209
v -20.145411 47.175642 -1097.258455
v -19.420131 47.175642 -1087.869208
v -18.694852 47.175642 -1078.611468
v -17.969572 47.175642 -1069.485237
v -17.244293 47.175642 -1060.490513
v -16.519013 47.175642 -1051.627296
v -15.793733 47.175642 -1042.895587
v -15.068454 47.175642 -1034.295386
v -14.343174 47.175642 -1025.826693
v -13.617895 47.175642 -1017.489507
v -12.892615 47.175642 -1009.283829
v -12.167335 47.175642 -1001.209658
v -11.442056 47.175642 -993.266995
v -10.716776 47.175642 -985.455839
v -9.991497 47.175642 -977.776192
v -9.266217 47.175642 -970.228052
v -8.540937 47.175642 -962.811419
v -7.815658 47.175642 -955.526294
v -7.090378 47.175642 -948.372677
v -6.365099 47.175642 -941.350567
v -5.639819 47.175642 -934.459965
v -4.914539 47.175642 -927.700871
v -4.189260 47.175642 -921.073284
v -3.463980 47.175642 -914.577205
v -2.738701 47.175642 -908.212633
v -2.013421 47.175642 -901.979569
v -1.288141 47.175642 -895.878013
v -0.562862 47.175642 -889.907964
v 0.162418 47.175642 -884.069423
v 0.887698 47.175642 -878.362390
v 1.612977 47.175642 -872.786864
v 2.338257 47.175642 -867.342846
v 3.063536 47.175642 -862.030335
v 3.788816 47.175642 -856.849333
v 4.514096 47.175642 -851.799837
v 5.239375 47.175642 -846.881850
v 5.964655 47.175642 -842.095370
v 6.689934 47.175642 -837.440397
v 7.415214 47.175642 -832.916932
v 8.140494 47.175642 -828.524975
v 8.865773 47.175642 -824.264526
v 9.591053 47.175642 -820.135584
v 10.316332 47.175642 -816.138150
v 11.041612 47.175642 -812.272223
v 11.766892 47.175642 -808.537804
v 12.492171 47.175642 -804.934893
v 13.217451 47.175642 -801.463489
v 13.942730 47.175642 -798.123593
v 14.668010 47.175642 -794.915204
v 15.393290 47.175642 -791.838323
v 16.118569 47.175642 -788.892950
v 16.843849 47.175642 -786.079084
v 17.569128 47.175642 -783.396726
v 18.294408 47.175642 -780.845876
v 19.019688 47.175642 -778.426533
v 19.744967 47.175642 -776.138698
v 20.470247 47.175642 -773.982370
v 21.195526 47.175642 -771.957550
v 21.920806 47.175642 -770.064238
v 22.646086 47.175642 -768.302434
v 23.371365 47.175642 -766.672137
v 24.096645 47.175642 -765.173347
v 24.821924 47.175642 -763.806065
v 25.547204 47.175642 -762.570291
v 26.272484 47.175642 -761.466025
v 26.997763 47.175642 -760.493266
v 27.723043 47.175642 -759.652015
v 28.448322 47.175642 -758.942271
v 29.173602 47.175642 -758.364035
v 29.898882 47.175642 -757.917306
v 30.624161 47.175642 -757.602086
v 31.349441 47.175642 -757.418373
v 32.074720 47.175642 -757.366167
v 32.800000 47.175642 -757.445469
v -36.826842 47.683234 -1369.521285
v -36.101562 47.683234 -1357.107363
v -35.376283 47.683234 -1344.824948
v -34.651003 47.683234 -1332.674041
v -33.925723 47.683234 -1320.654642
v -33.200444 47.683234 -1308.766750
v -32.475164 47.683234 -1297.010366
v -31.749885 47.683234 -1285.385489
v -31.024605 47.683234 -1273.892120
v -30.299325 47.683234 -1262.530259
v -29.574046 47.683234 -1251.299905
v -28.848766 47.683234 -1240.201059
v -28.123487 47.683234 -1229.233721
v -27.398207 47.683234 -1218.397890
v -26.672927 47.683234 -1207.693567
v -25.947648 47.683234 -1197.120751
v -25.222368 47.683234 -1186.679443
v -24.497089 47.683234 -1176.369643
v -23.771809 47.683234 -1166.191350
v -23.046529 47.683234 -1156.144565
v -22.321250 47.683234 -1146.229288
v -21.595970 47.683234 -1136.445518
v -20.870691 47.683234 -1126.793256
v -20.145411 47.683234 -1117.272501
v -19.420131 47.683234 -1107.883255
v -18.694852 47.683234 -1098.625515
v -17.969572 47.683234 -1089.499284
v -17.244293 47.683234 -1080.504560
v -16.519013 47.683234 -1071.641343
v -15.793733 47.683234 -1062.909634
v -15.068454 47.683234 -1054.309433
v -14.343174 47.683234 -1045.840740
v -13.617895 47.683234 -1037.503554
v -12.892615 47.683234 -1029.297875
v -12.167335 47.683234 -1021.223705
v -11.442056 47.683234 -1013.281042
v -10.716776 47.683234 -1005.469886
v -9.991497 47.683234 -997.790239
v -9.266217 47.683234 -990.242098
v -8.540937 47.683234 -982.825466
v -7.815658 47.683234 -975.540341
v -7.090378 47.683234 -968.386724
v -6.365099 47.683234 -961.364614
v -5.639819 47.683234 -954.474012
v -4.914539 47.683234 -947.714918
v -4.189260 47.683234 -941.087331
v -3.463980 47.683234 -934.591252
v -2.738701 47.683234 -928.226680
v -2.013421 47.683234 -921.993616
v -1.288141 47.683234 -915.892060
v -0.562862 47.683234 -909.922011
v 0.162418 47.683234 -904.083470
v 0.887698 47.683234 -898.376437
v 1.612977 47.683234 -892.800911
v 2.338257 47.683234 -887.356893
v 3.063536 47.683234 -882.044382
v 3.788816 47.683234 -876.863380
v 4.514096 47.683234 -871.813884
v 5.239375 47.683234 -866.895897
v 5.964655 47.683234 -862.109417
v 6.689934 47.683234 -857.454444
v 7.415214 47.683234 -852.930979
v 8.140494 47.683234 -848.539022
v 8.865773 47.683234 -844.278573
v 9.591053 47.683234 -840.149631
v 10.316332 47.683234 -836.152197
v 11.041612 47.683234 -832.286270
v 11.766892 47.683234 -828.551851
v 12.492171 47.683234 -824.948939
v 13.217451 47.683234 -821.477536
v 13.942730 47.683234 -818.137640
v 14.668010 47.683234 -814.929251
v 15.393290 47.683234 -811.852370
v 16.118569 47.683234 -808.906997
v 16.843849 47.683234 -806.093131
v 17.569128 47.683234 -803.410773
v 18.294408 47.683234 -800.859923
v 19.019688 47.683234 -798.440580
v 19.744967 47.683234 -796.152745
v 20.470247 47.683234 -793.996417
v 21.195526 47.683234 -791.971597
v 21.920806 47.683234 -790.078285
v 22.646086 47.683234 -788.316480
v 23.371365 47.683234 -786.686183
v 24.096645 47.683234 -785.187394
v 24.821924 47.683234 -783.820112
v 25.547204 47.683234 -782.584338
v 26.272484 47.683234 -781.480072
v 26.997763 47.683234 -780.507313
v 27.723043 47.683234 -779.666061
v 28.448322 47.683234 -778.956318
v 29.173602 47.683234 -778.378082
v 29.898882 47.683234 -777.931353
v 30.624161 47.683234 -777.616133
v 31.349441 47.683234 -777.432419
v 32.074720 47.683234 -777.380214
v 32.800000 47.683234 -777.459516
v -36.826842 48.190825 -1389.792981
v -36.101562 48.190825 -1377.379059
v -35.376283 48.190825 -1365.096644
v -34.651003 48.190825 -1352.945737
v -33.925723 48.190825 -1340.926338
v -33.200444 48.190825 -1329.038446
v -32.475164 48.190825 -1317.282062
v -31.749885 48.190825 -1305.657185
v -31.024605 48.190825 -1294.163816
v -30.299325 48.190825 -1282.801955
v -29.574046 48.190825 -1271.571601
v -28.848766 48.190825 -1260.472755
v -28.123487 48.190825 -1249.505417
v -27.398207 48.190825 -1238.669586
v -26.672927 48.190825 -1227.965263
v -25.947648 48.190825 -1217.392447
v -25.222368 48.190825 -1206.951139
v -24.497089 48.190825 -1196.641339
v -23.771809 48.190825 -1186.463046
v -23.046529 48.190825 -1176.416261
v -22.321250 48.190825 -1166.500984
v -21.595970 48.190825 -1156.717214
v -20.870691 48.190825 -1147.064952
v -20.145411 48.190825 -1137.544198
v -19.420131 48.190825 -1128.154951
v -18.694852 48.190825 -1118.897211
v -17.969572 48.190825 -1109.770980
v -17.244293 48.190825 -1100.776256
v -16.519013 48.190825 -1091.913039
v -15.793733 48.190825 -1083.181330
v -15.068454 48.190825 -1074.581129
v -14.343174 48.190825 -1066.112436
v -13.617895 48.190825 -1057.775250
v -12.892615 48.190825 -1049.569572
v -12.167335 48.190825 -1041.495401
v -11.442056 48.190825 -1033.552738
v -10.716776 48.190825 -1025.741582
v -9.991497 48.190825 -1018.061935
v -9.266217 48.190825 -1010.513794
v -8.540937 48.190825 -1003.097162
v -7.815658 48.190825 -995.812037
v -7.090378 48.190825 -988.658420
v -6.365099 48.190825 -981.636310
v -5.639819 48.190825 -974.745708
v -4.914539 48.190825 -967.986614
v -4.189260 48.190825 -961.359027
v -3.463980 48.190825 -954.862948
v -2.738701 48.190825 -948.498376
v -2.013421 48.190825 -942.265312
v -1.288141 48.190825 -936.163756
v -0.562862 48.190825 -930.193707
v 0.162418 48.190825 -924.355166
v 0.887698 48.190825 -918.648133
v 1.612977 48.190825 -913.072607
v 2.338257 48.190825 -907.628589
v 3.063536 48.190825 -902.316078
v 3.788816 48.190825 -897.135076
v 4.514096 48.190825 -892.085580
v 5.239375 48.190825 -887.167593
v 5.964655 48.190825 -882.381113
v 6.689934 48.190825 -877.726140
v 7.415214 48.190825 -873.202675
v 8.140494 48.190825 -868.810718
v 8.865773 48.190825 -864.550269
v 9.591053 48.190825 -860.421327
v 10.316332 48.190825 -856.423893
v 11.041612 48.190825 -852.557966
v 11.766892 48.190825 -848.823547
v 12.492171 48.190825 -845.220635
v 13.217451 48.190825 -841.749232
v 13.942730 48.190825 -838.409336
v 14.668010 48.190825 -835.200947
v 15.393290 48.190825 -832.124066
v 16.118569 48.190825 -829.178693
v 16.843849 48.190825 -826.364827
v 17.569128 48.190825 -823.682469
v 18.294408 48.190825 -821.131619
v 19.019688 48.190825 -818.712276
v 19.744967 48.190825 -816.424441
v 20.470247 48.190825 -814.268113
v 21.195526 48.190825 -812.243293
v 21.920806 48.190825 -810.349981
v 22.646086 48.190825 -808.588177
v 23.371365 48.190825 -806.957880
v 24.096645 48.190825 -805.459090
v 24.821924 48.190825 -804.091808
v 25.547204 48.190825 -802.856034
v 26.272484 48.190825 -801.751768
v 26.997763 48.190825 -800.779009
v 27.723043 48.190825 -799.937758
v 28.448322 48.190825 -799.228014
v 29.173602 48.190825 -798.649778
v 29.898882 48.190825 -798.203049
v 30.624161 48.190825 -797.887829
v 31.349441 48.190825 -797.704116
v 32.074720 48.190825 -797.651910
v 32.800000 48.190825 -797.731212
v -36.826842 48.698417 -1410.322326
v -36.101562 48.698417 -1397.908404
v -35.376283 48.698417 -1385.625989
v -34.651003 48.698417 -1373.475082
v -33.925723 48.698417 -1361.455683
v -33.200444 48.698417 -1349.567791
v -32.475164 48.698417 -1337.811407
v -31.749885 48.698417 -1326.186530
v -31.024605 48.698417 -1314.693161
v -30.299325 48.698417 -1303.331300
v -29.574046 48.698417 -1292.100946
v -28.848766 48.698417 -1281.002100
v -28.123487 48.698417 -1270.034762
v -27.398207 48.698417 -1259.198931
v -26.672927 48.698417 -1248.494608
v -25.947648 48.698417 -1237.921793
v -25.222368 48.698417 -1227.480485
v -24.497089 48.698417 -1217.170684
v -23.771809 48.698417 -1206.992392
v -23.046529 48.698417 -1196.945607
v -22.321250 48.698417 -1187.030329
v -21.595970 48.698417 -1177.246559
v -20.870691 48.698417 -1167.594297
v -20.145411 48.698417 -1158.073543
v -19.420131 48.698417 -1148.684296
v -18.694852 48.698417 -1139.426556
v -17.969572 48.698417 -1130.300325
v -17.244293 48.698417 -1121.305601
v -16.519013 48.698417 -1112.442384
v -15.793733 48.698417 -1103.710676
v -15.068454 48.698417 -1095.110474
v -14.343174 48.698417 -1086.641781
v -13.617895 48.698417 -1078.304595
v -12.892615 48.698417 -1070.098917
v -12.167335 48.698417 -1062.024746
v -11.442056 48.698417 -1054.082083
v -10.716776 48.698417 -1046.270928
v -9.991497 48.698417 -1038.591280
v -9.266217 48.698417 -1031.043140
v -8.540937 48.698417 -1023.626507
v -7.815658 48.698417 -1016.341382
v -7.090378 48.698417 -1009.187765
v -6.365099 48.698417 -1002.165655
v -5.639819 48.698417 -995.275053
v -4.914539 48.698417 -988.515959
v -4.189260 48.698417 -981.888372
v -3.463980 48.698417 -975.392293
v -2.738701 48.698417 -969.027721
v -2.013421 48.698417 -962.794657
v -1.288141 48.698417 -956.693101
v -0.562862 48.698417 -950.723053
v 0.162418 48.698417 -944.884511
v 0.887698 48.698417 -939.177478
v 1.612977 48.698417 -933.601952
v 2.338257 48.698417 -928.157934
v 3.063536 48.698417 -922.845424
v 3.788816 48.698417 -917.664421
v 4.514096 48.698417 -912.614925
v 5.239375 48.698417 -907.696938
v 5.964655 48.698417 -902.910458
v 6.689934 48.698417 -898.255485
v 7.415214 48.698417 -893.732021
v 8.140494 48.698417 -889.340063
v 8.865773 48.698417 -885.079614
v 9.591053 48.698417 -880.950672
v 10.316332 48.698417 -876.953238
v 11.041612 48.698417 -873.087311
v 11.766892 48.698417 -869.352892
v 12.492171 48.698417 -865.749981
v 13.217451 48.698417 -862.278577
v 13.942730 48.698417 -858.938681
v 14.668010 48.698417 -855.730292
v 15.393290 48.698417 -852.653411
v 16.118569 48.698417 -849.708038
v 16.843849 48.698417 -846.894172
v 17.569128 48.698417 -844.211814
v 18.294408 48.698417 -841.660964
v 19.019688 48.698417 -839.241621
v 19.744967 48.698417 -836.953786
v 20.470247 48.698417 -834.797459
v 21.195526 48.698417 -832.772639
v 21.920806 48.698417 -830.879326
v 22.646086 48.698417 -829.117522
v 23.371365 48.698417 -827.487225
v 24.096645 48.698417 -825.988435
v 24.821924 48.698417 -824.621154
v 25.547204 48.698417 -823.385379
v 26.272484 48.698417 -822.281113
v 26.997763 48.698417 -821.308354
v 27.723043 48.698417 -820.467103
v 28.448322 48.698417 -819.757359
v 29.173602 48.698417 -819.179123
v 29.898882 48.698417 -818.732395
v 30.624161 48.698417 -818.417174
v 31.349441 48.698417 -818.233461
v 32.074720 48.698417 -818.181255
v 32.800000 48.698417 -818.260557
v -36.826842 49.206008 -1431.109321
v -36.101562 49.206008 -1418.695398
v -35.376283 49.206008 -1406.412984
v -34.651003 49.206008 -1394.262077
v -33.925723 49.206008 -1382.242677
v -33.200444 49.206008 -1370.354785
v -32.475164 49.206008 -1358.598401
v -31.749885 49.206008 -1346.973525
v -31.024605 49.206008 -1335.480156
v -30.299325 49.206008 -1324.118294
v -29.574046 49.206008 -1312.887941
v -28.848766 49.206008 -1301.789095
v -28.123487 49.206008 -1290.821756
v -27.398207 49.206008 -1279.985925
v -26.672927 49.206008 -1269.281602
v -25.947648 49.206008 -1258.708787
v -25.222368 49.206008 -1248.267479
v -24.497089 49.206008 -1237.957679
v -23.771809 49.206008 -1227.779386
v -23.046529 49.206008 -1217.732601
v -22.321250 49.206008 -1207.817323
v -21.595970 49.206008 -1198.033554
v -20.870691 49.206008 -1188.381292
v -20.145411 49.206008 -1178.860537
v -19.420131 49.206008 -1169.471290
v -18.694852 49.206008 -1160.213551
v -17.969572 49.206008 -1151.087319
v -17.244293 49.206008 -1142.092595
v -16.519013 49.206008 -1133.229379
v -15.793733 49.206008 -1124.497670
v -15.068454 49.206008 -1115.897469
v -14.343174 49.206008 -1107.428775
v -13.617895 49.206008 -1099.091589
v -12.892615 49.206008 -1090.885911
v -12.167335 49.206008 -1082.811740
v -11.442056 49.206008 -1074.869077
v -10.716776 49.206008 -1067.057922
v -9.991497 49.206008 -1059.378274
v -9.266217 49.206008 -1051.830134
v -8.540937 49.206008 -1044.413501
v -7.815658 49.206008 -1037.128376
v -7.090378 49.206008 -1029.974759
v -6.365099 49.206008 -1022.952650
v -5.639819 49.206008 -1016.062048
v -4.914539 49.206008 -1009.302953
v -4.189260 49.206008 -1002.675366
v -3.463980 49.206008 -996.179287
v -2.738701 49.206008 -989.814716
v -2.013421 49.206008 -983.581652
v -1.288141 49.206008 -977.480095
v -0.562862 49.206008 -971.510047
v 0.162418 49.206008 -965.671506
v 0.887698 49.206008 -959.964472
v 1.612977 49.206008 -954.388947
v 2.338257 49.206008 -948.944928
v 3.063536 49.206008 -943.632418
v 3.788816 49.206008 -938.451415
v 4.514096 49.206008 -933.401920
v 5.239375 49.206008 -928.483932
v 5.964655 49.206008 -923.697452
v 6.689934 49.206008 -919.042480
v 7.415214 49.206008 -914.519015
v 8.140494 49.206008 -910.127058
v 8.865773 49.206008 -905.866608
v 9.591053 49.206008 -901.737666
v 10.316332 49.206008 -897.740232
v 11.041612 49.206008 -893.874305
v 11.766892 49.206008 -890.139886
v 12.492171 49.206008 -886.536975
v 13.217451 49.206008 -883.065571
v 13.942730 49.206008 -879.725675
v 14.668010 49.206008 -876.517286
v 15.393290 49.206008 -873.440406
v 16.118569 49.206008 -870.495032
v 16.843849 49.206008 -867.681167
v 17.569128 49.206008 -864.998809
v 18.294408 49.206008 -862.447958
v 19.019688 49.206008 -860.028615
v 19.744967 49.206008 -857.740780
v 20.470247 49.206008 -855.584453
v 21.195526 49.206008 -853.559633
v 21.920806 49.206008 -851.666321
v 22.646086 49.206008 -849.904516
v 23.371365 49.206008 -848.274219
v 24.096645 49.206008 -846.775430
v 24.821924 49.206008 -845.408148
v 25.547204 49.206008 -844.172374
v 26.272484 49.206008 -843.068107
v 26.997763 49.206008 -842.095348
v 27.723043 49.206008 -841.254097
v 28.448322 49.206008 -840.544353
v 29.173602 49.206008 -839.966117
v 29.898882 49.206008 -839.519389
v 30.624161 49.206008 -839.204168
v 31.349441 49.206008 -839.020455
v 32.074720 49.206008 -838.968249
v 32.800000 49.206008 -839.047552
v -36.826842 49.713600 -1452.153964
v -36.101562 49.713600 -1439.740042
v -35.376283 49.713600 -1427.457627
v -34.651003 49.713600 -1415.306720
v -33.925723 49.713600 -1403.287321
v -33.200444 49.713600 -1391.399429
v -32.475164 49.713600 -1379.643045
v -31.749885 49.713600 -1368.018168
v -31.024605 49.713600 -1356.524799
v -30.299325 49.713600 -1345.162938
v -29.574046 49.713600 -1333.932584
v -28.848766 49.713600 -1322.833738
v -28.123487 49.713600 -1311.866400
v -27.398207 49.713600 -1301.030569
v -26.672927 49.713600 -1290.326246
v -25.947648 49.713600 -1279.753430
v -25.222368 49.713600 -1269.312122
v -24.497089 49.713600 -1259.002322
v -23.771809 49.713600 -1248.824029
v -23.046529 49.713600 -1238.777244
v -22.321250 49.713600 -1228.861967
v -21.595970 49.713600 -1219.078197
v -20.870691 49.713600 -1209.425935
v -20.145411 49.713600 -1199.905180
v -19.420131 49.713600 -1190.515933
v -18.694852 49.713600 -1181.258194
v -17.969572 49.713600 -1172.131963
v -17.244293 49.713600 -1163.137238
v -16.519013 49.713600 -1154.274022
v -15.793733 49.713600 -1145.542313
v -15.068454 49.713600 -1136.942112
v -14.343174 49.713600 -1128.473419
v -13.617895 49.713600 -1120.136233
v -12.892615 49.713600 -1111.930554
v -12.167335 49.713600 -1103.856384
v -11.442056 49.713600 -1095.913721
v -10.716776 49.713600 -1088.102565
v -9.991497 49.713600 -1080.422917
v -9.266217 49.713600 -1072.874777
v -8.540937 49.713600 -1065.458145
v -7.815658 49.713600 -1058.173020
v -7.090378 49.713600 -1051.019403
v -6.365099 49.713600 -1043.997293
v -5.639819 49.713600 -1037.106691
v -4.914539 49.713600 -1030.347597
v -4.189260 49.713600 -1023.720010
v -3.463980 49.713600 -1017.223931
v -2.738701 49.713600 -1010.859359
v -2.013421 49.713600 -1004.626295
v -1.288141 49.713600 -998.524739
v -0.562862 49.713600 -992.554690
v 0.162418 49.713600 -986.716149
v 0.887698 49.713600 -981.009116
v 1.612977 49.713600 -975.433590
v 2.338257 49.713600 -969.989572
v 3.063536 49.713600 -964.677061
v 3.788816 49.713600 -959.496058
v 4.514096 49.713600 -954.446563
v 5.239375 49.713600 -949.528575
v 5.964655 49.713600 -944.742095
v 6.689934 49.713600 -940.087123
v 7.415214 49.713600 -935.563658
v 8.140494 49.713600 -931.171701
v 8.865773 49.713600 -926.911252
v 9.591053 49.713600 -922.782310
v 10.316332 49.713600 -918.784875
v 11.041612 49.713600 -914.918949
v 11.766892 49.713600 -911.184530
v 12.492171 49.713600 -907.581618
v 13.217451 49.713600 -904.110215
v 13.942730 49.713600 -900.770318
v 14.668010 49.713600 -897.561930
v 15.393290 49.713600 -894.485049
v 16.118569 49.713600 -891.539676
v 16.843849 49.713600 -888.725810
v 17.569128 49.713600 -886.043452
v 18.294408 49.713600 -883.492602
v 19.019688 49.713600 -881.073259
v 19.744967 49.713600 -878.785424
v 20.470247 49.713600 -876.629096
v 21.195526 49.713600 -874.604276
v 21.920806 49.713600 -872.710964
v 22.646086 49.713600 -870.949159
v 23.371365 49.713600 -869.318862
v 24.096645 49.713600 -867.820073
v 24.821924 49.713600 -866.452791
v 25.547204 49.713600 -865.217017
v 26.272484 49.713600 -864.112751
v 26.997763 49.713600 -863.139992
v 27.723043 49.713600 -862.298740
v 28.448322 49.713600 -861.588997
v 29.173602 49.713600 -861.010761
v 29.898882 49.713600 -860.564032
v 30.624161 49.713600 -860.248812
v 31.349441 49.713600 -860.065098
v 32.074720 49.713600 -860.012893
v 32.800000 49.713600 -860.092195
v -36.826842 50.221191 -1473.456256
v -36.101562 50.221191 -1461.042334
v -35.376283 50.221191 -1448.759919
v -34.651003 50.221191 -1436.609012
v -33.925723 50.221191 -1424.589613
v -33.200444 50.221191 -1412.701721
v -32.475164 50.221191 -1400.945337
v -31.749885 50.221191 -1389.320461
v -31.024605 50.221191 -1377.827092
v -30.299325 50.221191 -1366.465230
v -29.574046 50.221191 -1355.234877
v -28.848766 50.221191 -1344.136031
v -28.123487 50.221191 -1333.168692
v -27.398207 50.221191 -1322.332861
v -26.672927 50.221191 -1311.628538
v -25.947648 50.221191 -1301.055723
v -25.222368 50.221191 -1290.614415
v -24.497089 50.221191 -1280.304614
v -23.771809 50.221191 -1270.126322
v -23.046529 50.221191 -1260.079537
v -22.321250 50.221191 -1250.164259
v -21.595970 50.221191 -1240.380490
v -20.870691 50.221191 -1230.728227
v -20.145411 50.221191 -1221.207473
v -19.420131 50.221191 -1211.818226
v -18.694852 50.221191 -1202.560487
v -17.969572 50.221191 -1193.434255
v -17.244293 50.221191 -1184.439531
v -16.519013 50.221191 -1175.576315
v -15.793733 50.221191 -1166.844606
v -15.068454 50.221191 -1158.244405
v -14.343174 50.221191 -1149.775711
v -13.617895 50.221191 -1141.438525
v -12.892615 50.221191 -1133.232847
v -12.167335 50.221191 -1125.158676
v -11.442056 50.221191 -1117.216013
v -10.716776 50.221191 -1109.404858
v -9.991497 50.221191 -1101.725210
v -9.266217 50.221191 -1094.177070
v -8.540937 50.221191 -1086.760437
v -7.815658 50.221191 -1079.475312
v -7.090378 50.221191 -1072.321695
v -6.365099 50.221191 -1065.299585
v -5.639819 50.221191 -1058.408983
v -4.914539 50.221191 -1051.649889
v -4.189260 50.221191 -1045.022302
v -3.463980 50.221191 -1038.526223
v -2.738701 50.221191 -1032.161652
v -2.013421 50.221191 -1025.928588
v -1.288141 50.221191 -1019.827031
v -0.562862 50.221191 -1013.856983
v 0.162418 50.221191 -1008.018442
v 0.887698 50.221191 -1002.311408
v 1.612977 50.221191 -996.735882
v 2.338257 50.221191 -991.291864
v 3.063536 50.221191 -985.979354
v 3.788816 50.221191 -980.798351
v 4.514096 50.221191 -975.748856
v 5.239375 50.221191 -970.830868
v 5.964655 50.221191 -966.044388
v 6.689934 50.221191 -961.389416
v 7.415214 50.221191 -956.865951
v 8.140494 50.221191 -952.473994
v 8.865773 50.221191 -948.213544
v 9.591053 50.221191 -944.084602
v 10.316332 50.221191 -940.087168
v 11.041612 50.221191 -936.221241
v 11.766892 50.221191 -932.486822
v 12.492171 50.221191 -928.883911
v 13.217451 50.221191 -925.412507
v 13.942730 50.221191 -922.072611
v 14.668010 50.221191 -918.864222
v 15.393290 50.221191 -915.787341
v 16.118569 50.221191 -912.841968
v 16.843849 50.221191 -910.028103
v 17.569128 50.221191 -907.345745
v 18.294408 50.221191 -904.794894
v 19.019688 50.221191 -902.375551
v 19.744967 50.221191 -900.087716
v 20.470247 50.221191 -897.931389
v 21.195526 50.221191 -895.906569
v 21.920806 50.221191 -894.013257
v 22.646086 50.221191 -892.251452
v 23.371365 50.221191 -890.621155
v 24.096645 50.221191 -889.122365
v 24.821924 50.221191 -887.755084
v 25.547204 50.221191 -886.519310
v 26.272484 50.221191 -885.415043
v 26.997763 50.221191 -884.442284
v 27.723043 50.221191 -883.601033
v 28.448322 50.221191 -882.891289
v 29.173602 50.221191 -882.313053
v 29.898882 50.221191 -881.866325
v 30.624161 50.221191 -881.551104
v 31.349441 50.221191 -881.367391
v 32.074720 50.221191 -881.315185
v 32.800000 50.221191 -881.394487
v -36.826842 50.728783 -1495.016198
v -36.101562 50.728783 -1482.602276
v -35.376283 50.728783 -1470.319861
v -34.651003 50.728783 -1458.168954
v -33.925723 50.728783 -1446.149555
v -33.200444 50.728783 -1434.261663
v -32.475164 50.728783 -1422.505279
v -31.749885 50.728783 -1410.880402
v -31.024605 50.728783 -1399.387033
v -30.299325 50.728783 -1388.025172
v -29.574046 50.728783 -1376.794818
v -28.848766 50.728783 -1365.695972
v -28.123487 50.728783 -1354.728634
v -27.398207 50.728783 -1343.892803
v -26.672927 50.728783 -1333.188480
v -25.947648 50.728783 -1322.615664
v -25.222368 50.728783 -1312.174356
v -24.497089 50.728783 -1301.864556
v -23.771809 50.728783 -1291.686263
v -23.046529 50.728783 -1281.639478
v -22.321250 50.728783 -1271.724201
v -21.595970 50.728783 -1261.940431
v -20.870691 50.728783 -1252.288169
v -20.145411 50.728783 -1242.767415
v -19.420131 50.728783 -1233.378168
v -18.694852 50.728783 -1224.120428
v -17.969572 50.728783 -1214.994197
v -17.244293 50.728783 -1205.999473
v -16.519013 50.728783 -1197.136256
v -15.793733 50.728783 -1188.404547
v -15.068454 50.728783 -1179.804346
v -14.343174 50.728783 -1171.335653
v -13.617895 50.728783 -1162.998467
v -12.892615 50.728783 -1154.792789
v -12.167335 50.728783 -1146.718618
v -11.442056 50.728783 -1138.775955
v -10.716776 50.728783 -1130.964799
v -9.991497 50.728783 -1123.285152
v -9.266217 50.728783 -1115.737011
v -8.540937 50.728783 -1108.320379
v -7.815658 50.728783 -1101.035254
v -7.090378 50.728783 -1093.881637
v -6.365099 50.728783 -1086.859527
v -5.639819 50.728783 -1079.968925
v -4.914539 50.728783 -1073.209831
v -4.189260 50.728783 -1066.582244
v -3.463980 50.728783 -1060.086165
v -2.738701 50.728783 -1053.721593
v -2.013421 50.728783 -1047.488529
v -1.288141 50.728783 -1041.386973
v -0.562862 50.728783 -1035.416924
v 0.162418 50.728783 -1029.578383
v 0.887698 50.728783 -1023.871350
v 1.612977 50.728783 -1018.295824
v 2.338257 50.728783 -1012.851806
v 3.063536 50.728783 -1007.539295
v 3.788816 50.728783 -1002.358293
v 4.514096 50.728783 -997.308797
v 5.239375 50.728783 -992.390810
v 5.964655 50.728783 -987.604330
v 6.689934 50.728783 -982.949357
v 7.415214 50.728783 -978.425892
v 8.140494 50.728783 -974.033935
v 8.865773 50.728783 -969.773486
v 9.591053 50.728783 -965.644544
v 10.316332 50.728783 -961.647110
v 11.041612 50.728783 -957.781183
v 11.766892 50.728783 -954.046764
v 12.492171 50.728783 -950.443852
v 13.217451 50.728783 -946.972449
v 13.942730 50.728783 -943.632553
v 14.668010 50.728783 -940.424164
v 15.393290 50.728783 -937.347283
v 16.118569 50.728783 -934.401910
v 16.843849 50.728783 -931.588044
v 17.569128 50.728783 -928.905686
v 18.294408 50.728783 -926.354836
v 19.019688 50.728783 -923.935493
v 19.744967 50.728783 -921.647658
v 20.470247 50.728783 -919.491330
v 21.195526 50.728783 -917.466510
v 21.920806 50.728783 -915.573198
v 22.646086 50.728783 -913.811393
v 23.371365 50.728783 -912.181096
v 24.096645 50.728783 -910.682307
v 24.821924 50.728783 -909.315025
v 25.547204 50.728783 -908.079251
v 26.272484 50.728783 -906.974985
v 26.997763 50.728783 -906.002226
v 27.723043 50.728783 -905.160974
v 28.448322 50.728783 -904.451231
v 29.173602 50.728783 -903.872995
v 29.898882 50.728783 -903.426266
v 30.624161 50.728783 -903.111046
v 31.349441 50.728783 -902.927333
v 32.074720 50.728783 -902.875127
v 32.800000 50.728783 -902.954429
f 577 578 675
f 577 675 674
f 578 579 676
f 578 676 675
f 579 580 677
f 579 677 676
f 580 581 678
f 580 678 677
f 581 582 679
f 581 679 678
f 672 673 770
f 672 770 769
f 673 674 771
f 673 771 770
f 674 675 772
f 674 772 771
f 675 676 773
f 675 773 772
f 676 677 774
f 676 774 773
f 677 678 775
f 677 775 774
f 678 679 776
f 678 776 775
f 768 769 866
f 768 866 865
f 769 770 867
f 769 867 866
f 770 771 868
f 770 868 867
f 771 772 869
f 771 869 868
f 772 773 870
f 772 870 869
f 773 774 871
f 773 871 870
f 774 775 872
f 774 872 871
f 775 776 873
f 775 873 872
f 864 865 962
f 864 962 961
f 865 866 963
f 865 963 962
f 866 867 964
f 866 964 963
f 867 868 965
f 867 965 964
f 868 869 966
f 868 966 965
f 869 870 967
f 869 967 966
f 870 871 968
f 870 968 967
f 871 872 969
f 871 969 968
f 872 873 970
f 872 970 969
f 960 961 1058
f 960 1058 1057
f 961 962 1059
f 961 1059 1058
f 962 963 1060
f 962 1060 1059
f 963 964 1061
f 963 1061 1060
f 964 965 1062
f 964 1062 1061
f 965 966 1063
f 965 1063 1062
f 966 967 1064
f 966 1064 1063
f 967 968 1065
f 967 1065 1064
f 968 969 1066
f 968 1066 1065
f 969 970 1067
f 969 1067 1066
f 1056 1057 1154
f 1056 1154 1153
f 1057 1058 1155
f 1057 1155 1154
f 1058 1059 1156
f 1058 1156 1155
f 1059 1060 1157
f 1059 1157 1156
f 1060 1061 1158
f 1060 1158 1157
f 1061 1062 1159
f 1061 1159 1158
f 1062 1063 1160
f 1062 1160 1159
f 1063 1064 1161
f 1063 1161 1160
f 1064 1065 1162
f 1064 1162 1161
f 1065 1066 1163
f 1065 1163 1162
f 1066 1067 1164
f 1066 1164 1163
f 1153 1154 1251
f 1153 1251 1250
f 1154 1155 1252
f 1154 1252 1251
f 1155 1156 1253
f 1155 1253 1252
f 1156 1157 1254
f 1156 1254 1253
f 1157 1158 1255
f 1157 1255 1254
f 1158 1159 1256
f 1158 1256 1255
f 1159 1160 1257
f 1159 1257 1256
f 1160 1161 1258
f 1160 1258 1257
f 1161 1162 1259
f 1161 1259 1258
f 1162 1163 1260
f 1162 1260 1259
f 1163 1164 1261
f 1163 1261 1260
f 1250 1251 1348
f 1250 1348 1347
f 1251 1252 1349
f 1251 1349 1348
f 1252 1253 1350
f 1252 1350 1349
f 1253 1254 1351
f 1253 1351 1350
f 1254 1255 1352
f 1254 1352 1351
f 1255 1256 1353
f 1255 1353 1352
f 1256 1257 1354
f 1256 1354 1353
f 1257 1258 1355
f 1257 1355 1354
f 1258 1259 1356
f 1258 1356 1355
f 1259 1260 1357
f 1259 1357 1356
f 1260 1261 1358
f 1260 1358 1357
f 1348 1349 1446
f 1348 1446 1445
f 1349 1350 1447
f 1349 1447 1446
f 1350 1351 1448
f 1350 1448 1447
f 1351 1352 1449
f 1351 1449 1448
f 1352 1353 1450
f 1352 1450 1449
f 1353 1354 1451
f 1353 1451 1450
f 1354 1355 1452
f 1354 1452 1451
f 1355 1356 1453
f 1355 1453 1452
f 1356 1357 1454
f 1356 1454 1453
f 1357 1358 1455
f 1357 1455 1454
f 1445 1446 1543
f 1445 1543 1542
f 1446 1447 1544
f 1446 1544 1543
f 1447 1448 1545
f 1447 1545 1544
f 1448 1449 1546
f 1448 1546 1545
f 1449 1450 1547
f 1449 1547 1546
f 1450 1451 1548
f 1450 1548 1547
f 1451 1452 1549
f 1451 1549 1548
f 1452 1453 1550
f 1452 1550 1549
f 1453 1454 1551
f 1453 1551 1550
f 1454 1455 1552
f 1454 1552 1551
f 1543 1544 1641
f 1543 1641 1640
f 1544 1545 1642
f 1544 1642 1641
f 1545 1546 1643
f 1545 1643 1642
f 1546 1547 1644
f 1546 1644 1643
f 1547 1548 1645
f 1547 1645 1644
f 1548 1549 1646
f 1548 1646 1645
f 1549 1550 1647
f 1549 1647 1646
f 1550 1551 1648
f 1550 1648 1647
f 1551 1552 1649
f 1551 1649 1648
f 1641 1642 1739
f 1641 1739 1738
f 1642 1643 1740
f 1642 1740 1739
f 1643 1644 1741
f 1643 1741 1740
f 1644 1645 1742
f 1644 1742 1741
f 1645 1646 1743
f 1645 1743 1742
f 1646 1647 1744
f 1646 1744 1743
f 1647 1648 1745
f 1647 1745 1744
f 1648 1649 1746
f 1648 1746 1745
f 1740 1741 1838
f 1740 1838 1837
f 1741 1742 1839
f 1741 1839 1838
f 1742 1743 1840
f 1742 1840 1839
f 1743 1744 1841
f 1743 1841 1840
f 1744 1745 1842
f 1744 1842 1841
f 1745 1746 1843
f 1745 1843 1842
f 1840 1841 1938
f 1840 1938 1937
f 1841 1842 1939
f 1841 1939 1938
f 1842 1843 1940
f 1842 1940 1939
