o [4B] 3D Diagram - S2-01 Group E_8
v -11.908957 -2.000000 -11.491848
v -11.611442 -2.000000 -11.491848
v -11.313927 -2.000000 -11.491848
v -11.016412 -2.000000 -11.491848
v -10.718897 -2.000000 -11.491848
v -10.421382 -2.000000 -11.491848
v -10.123867 -2.000000 -11.491848
v -9.826352 -2.000000 -11.491848
v -9.528837 -2.000000 -11.491848
v -9.231322 -2.000000 -11.491848
v -8.933807 -2.000000 -11.491848
v -8.636292 -2.000000 -11.491848
v -8.338777 -2.000000 -11.491848
v -8.041262 -2.000000 -11.491848
v -7.743747 -2.000000 -11.491848
v -7.446232 -2.000000 -11.491848
v -7.148717 -2.000000 -11.491848
v -6.851202 -2.000000 -11.491848
v -6.553687 -2.000000 -11.491848
v -6.256172 -2.000000 -11.491848
v -5.958657 -2.000000 -11.491848
v -5.661142 -2.000000 -11.491848
v -5.363627 -2.000000 -11.491848
v -5.066112 -2.000000 -11.491848
v -4.768597 -2.000000 -11.491848
v -4.471082 -2.000000 -11.491848
v -4.173567 -2.000000 -11.491848
v -3.876052 -2.000000 -11.491848
v -3.578537 -2.000000 -11.491848
v -3.281022 -2.000000 -11.491848
v -2.983507 -2.000000 -11.491848
v -2.685992 -2.000000 -11.491848
v -2.388477 -2.000000 -11.491848
v -2.090962 -2.000000 -11.491848
v -1.793447 -2.000000 -11.491848
v -1.495932 -2.000000 -11.491848
v -1.198417 -2.000000 -11.491848
v -0.900902 -2.000000 -11.491848
v -0.603387 -2.000000 -11.491848
v -0.305872 -2.000000 -11.491848
v -0.008357 -2.000000 -11.491848
v 0.289158 -2.000000 -11.491848
v 0.586673 -2.000000 -11.491848
v 0.884188 -2.000000 -11.491848
v 1.181703 -2.000000 -11.491848
v 1.479218 -2.000000 -11.491848
v 1.776733 -2.000000 -11.491848
v 2.074248 -2.000000 -11.491848
v 2.371763 -2.000000 -11.491848
v 2.669278 -2.000000 -11.491848
v 2.966793 -2.000000 -11.491848
v 3.264308 -2.000000 -11.491848
v 3.561823 -2.000000 -11.491848
v 3.859338 -2.000000 -11.491848
v 4.156853 -2.000000 -11.491848
v 4.454368 -2.000000 -11.491848
v 4.751883 -2.000000 -11.491848
v 5.049398 -2.000000 -11.491848
v 5.346913 -2.000000 -11.491848
v 5.644428 -2.000000 -11.491848
v 5.941943 -2.000000 -11.491848
v 6.239458 -2.000000 -11.491848
v 6.536973 -2.000000 -11.491848
v 6.834488 -2.000000 -11.491848
v 7.132003 -2.000000 -11.491848
v 7.429518 -2.000000 -11.491848
v 7.727033 -2.000000 -11.491848
v 8.024548 -2.000000 -11.491848
v 8.322063 -2.000000 -11.491848
v 8.619578 -2.000000 -11.491848
v 8.917093 -2.000000 -11.491848
v 9.214608 -2.000000 -11.491848
v 9.512123 -2.000000 -11.491848
v 9.809638 -2.000000 -11.491848
v 10.107153 -2.000000 -11.491848
v 10.404668 -2.000000 -11.491848
v 10.702183 -2.000000 -11.491848
v 10.999698 -2.000000 -11.491848
v 11.297213 -2.000000 -11.491848
v 11.594728 -2.000000 -11.491848
v 11.892244 -2.000000 -11.491848
v -11.908957 -2.000000 -11.194333
v -11.611442 -2.000000 -11.194333
v -11.313927 -2.000000 -11.194333
v -11.016412 -2.000000 -11.194333
v -10.718897 -2.000000 -11.194333
v -10.421382 -2.000000 -11.194333
v -10.123867 -2.000000 -11.194333
v -9.826352 -2.000000 -11.194333
v -9.528837 -2.000000 -11.194333
v -9.231322 -2.000000 -11.194333
v -8.933807 -2.000000 -11.194333
v -8.636292 -2.000000 -11.194333
v -8.338777 -2.000000 -11.194333
v -8.041262 -2.000000 -11.194333
v -7.743747 -2.000000 -11.194333
v -7.446232 -2.000000 -11.194333
v -7.148717 -2.000000 -11.194333
v -6.851202 -2.000000 -11.194333
v -6.553687 -2.000000 -11.194333
v -6.256172 -2.000000 -11.194333
v -5.958657 -2.000000 -11.194333
v -5.661142 -2.000000 -11.194333
v -5.363627 -2.000000 -11.194333
v -5.066112 -2.000000 -11.194333
v -4.768597 -2.000000 -11.194333
v -4.471082 -2.000000 -11.194333
v -4.173567 -2.000000 -11.194333
v -3.876052 -2.000000 -11.194333
v -3.578537 -2.000000 -11.194333
v -3.281022 -2.000000 -11.194333
v -2.983507 -2.000000 -11.194333
v -2.685992 -2.000000 -11.194333
v -2.388477 -2.000000 -11.194333
v -2.090962 -2.000000 -11.194333
v -1.793447 -2.000000 -11.194333
v -1.495932 -2.000000 -11.194333
v -1.198417 -2.000000 -11.194333
v -0.900902 -2.000000 -11.194333
v -0.603387 -2.000000 -11.194333
v -0.305872 -2.000000 -11.194333
v -0.008357 -2.000000 -11.194333
v 0.289158 -2.000000 -11.194333
v 0.586673 -2.000000 -11.194333
v 0.884188 -2.000000 -11.194333
v 1.181703 -2.000000 -11.194333
v 1.479218 -2.000000 -11.194333
v 1.776733 -2.000000 -11.194333
v 2.074248 -2.000000 -11.194333
v 2.371763 -2.000000 -11.194333
v 2.669278 -2.000000 -11.194333
v 2.966793 -2.000000 -11.194333
v 3.264308 -2.000000 -11.194333
v 3.561823 -2.000000 -11.194333
v 3.859338 -2.000000 -11.194333
v 4.156853 -2.000000 -11.194333
v 4.454368 -2.000000 -11.194333
v 4.751883 -2.000000 -11.194333
v 5.049398 -2.000000 -11.194333
v 5.346913 -2.000000 -11.194333
v 5.644428 -2.000000 -11.194333
v 5.941943 -2.000000 -11.194333
v 6.239458 -2.000000 -11.194333
v 6.536973 -2.000000 -11.194333
v 6.834488 -2.000000 -11.194333
v 7.132003 -2.000000 -11.194333
v 7.429518 -2.000000 -11.194333
v 7.727033 -2.000000 -11.194333
v 8.024548 -2.000000 -11.194333
v 8.322063 -2.000000 -11.194333
v 8.619578 -2.000000 -11.194333
v 8.917093 -2.000000 -11.194333
v 9.214608 -2.000000 -11.194333
v 9.512123 -2.000000 -11.194333
v 9.809638 -2.000000 -11.194333
v 10.107153 -2.000000 -11.194333
v 10.404668 -2.000000 -11.194333
v 10.702183 -2.000000 -11.194333
v 10.999698 -2.000000 -11.194333
v 11.297213 -2.000000 -11.194333
v 11.594728 -2.000000 -11.194333
v 11.892244 -2.000000 -11.194333
v -11.908957 -2.000000 -10.896818
v -11.611442 -2.000000 -10.896818
v -11.313927 -2.000000 -10.896818
v -11.016412 -2.000000 -10.896818
v -10.718897 -2.000000 -10.896818
v -10.421382 -2.000000 -10.896818
v -10.123867 -2.000000 -10.896818
v -9.826352 -2.000000 -10.896818
v -9.528837 -2.000000 -10.896818
v -9.231322 -2.000000 -10.896818
v -8.933807 -2.000000 -10.896818
v -8.636292 -2.000000 -10.896818
v -8.338777 -2.000000 -10.896818
v -8.041262 -2.000000 -10.896818
v -7.743747 -2.000000 -10.896818
v -7.446232 -2.000000 -10.896818
v -7.148717 -2.000000 -10.896818
v -6.851202 -2.000000 -10.896818
v -6.553687 -2.000000 -10.896818
v -6.256172 -2.000000 -10.896818
v -5.958657 -2.000000 -10.896818
v -5.661142 -2.000000 -10.896818
v -5.363627 -2.000000 -10.896818
v -5.066112 -2.000000 -10.896818
v -4.768597 -2.000000 -10.896818
v -4.471082 -2.000000 -10.896818
v -4.173567 -2.000000 -10.896818
v -3.876052 -2.000000 -10.896818
v -3.578537 -2.000000 -10.896818
v -3.281022 -2.000000 -10.896818
v -2.983507 -2.000000 -10.896818
v -2.685992 -2.000000 -10.896818
v -2.388477 -2.000000 -10.896818
v -2.090962 -2.000000 -10.896818
v -1.793447 -2.000000 -10.896818
v -1.495932 -2.000000 -10.896818
v -1.198417 -2.000000 -10.896818
v -0.900902 -2.000000 -10.896818
v -0.603387 -2.000000 -10.896818
v -0.305872 -2.000000 -10.896818
v -0.008357 -2.000000 -10.896818
v 0.289158 -2.000000 -10.896818
v 0.586673 -2.000000 -10.896818
v 0.884188 -2.000000 -10.896818
v 1.181703 -2.000000 -10.896818
v 1.479218 -2.000000 -10.896818
v 1.776733 -2.000000 -10.896818
v 2.074248 -2.000000 -10.896818
v 2.371763 -2.000000 -10.896818
v 2.669278 -2.000000 -10.896818
v 2.966793 -2.000000 -10.896818
v 3.264308 -2.000000 -10.896818
v 3.561823 -2.000000 -10.896818
v 3.859338 -2.000000 -10.896818
v 4.156853 -2.000000 -10.896818
v 4.454368 -2.000000 -10.896818
v 4.751883 -2.000000 -10.896818
v 5.049398 -2.000000 -10.896818
v 5.346913 -2.000000 -10.896818
v 5.644428 -2.000000 -10.896818
v 5.941943 -2.000000 -10.896818
v 6.239458 -2.000000 -10.896818
v 6.536973 -2.000000 -10.896818
v 6.834488 -2.000000 -10.896818
v 7.132003 -2.000000 -10.896818
v 7.429518 -2.000000 -10.896818
v 7.727033 -2.000000 -10.896818
v 8.024548 -2.000000 -10.896818
v 8.322063 -2.000000 -10.896818
v 8.619578 -2.000000 -10.896818
v 8.917093 -2.000000 -10.896818
v 9.214608 -2.000000 -10.896818
v 9.512123 -2.000000 -10.896818
v 9.809638 -2.000000 -10.896818
v 10.107153 -2.000000 -10.896818
v 10.404668 -2.000000 -10.896818
v 10.702183 -2.000000 -10.896818
v 10.999698 -2.000000 -10.896818
v 11.297213 -2.000000 -10.896818
v 11.594728 -2.000000 -10.896818
v 11.892244 -2.000000 -10.896818
v -11.908957 -2.000000 -10.599303
v -11.611442 -2.000000 -10.599303
v -11.313927 -2.000000 -10.599303
v -11.016412 -2.000000 -10.599303
v -10.718897 -2.000000 -10.599303
v -10.421382 -2.000000 -10.599303
v -10.123867 -2.000000 -10.599303
v -9.826352 -2.000000 -10.599303
v -9.528837 -2.000000 -10.599303
v -9.231322 -2.000000 -10.599303
v -8.933807 -2.000000 -10.599303
v -8.636292 -2.000000 -10.599303
v -8.338777 -2.000000 -10.599303
v -8.041262 -2.000000 -10.599303
v -7.743747 -2.000000 -10.599303
v -7.446232 -2.000000 -10.599303
v -7.148717 -2.000000 -10.599303
v -6.851202 -2.000000 -10.599303
v -6.553687 -2.000000 -10.599303
v -6.256172 -2.000000 -10.599303
v -5.958657 -2.000000 -10.599303
v -5.661142 -2.000000 -10.599303
v -5.363627 -2.000000 -10.599303
v -5.066112 -2.000000 -10.599303
v -4.768597 -2.000000 -10.599303
v -4.471082 -2.000000 -10.599303
v -4.173567 -2.000000 -10.599303
v -3.876052 -2.000000 -10.599303
v -3.578537 -2.000000 -10.599303
v -3.281022 -2.000000 -10.599303
v -2.983507 -2.000000 -10.599303
v -2.685992 -2.000000 -10.599303
v -2.388477 -2.000000 -10.599303
v -2.090962 -2.000000 -10.599303
v -1.793447 -2.000000 -10.599303
v -1.495932 -2.000000 -10.599303
v -1.198417 -2.000000 -10.599303
v -0.900902 -2.000000 -10.599303
v -0.603387 -2.000000 -10.599303
v -0.305872 -2.000000 -10.599303
v -0.008357 -2.000000 -10.599303
v 0.289158 -2.000000 -10.599303
v 0.586673 -2.000000 -10.599303
v 0.884188 -2.000000 -10.599303
v 1.181703 -2.000000 -10.599303
v 1.479218 -2.000000 -10.599303
v 1.776733 -2.000000 -10.599303
v 2.074248 -2.000000 -10.599303
v 2.371763 -2.000000 -10.599303
v 2.669278 -2.000000 -10.599303
v 2.966793 -2.000000 -10.599303
v 3.264308 -2.000000 -10.599303
v 3.561823 -2.000000 -10.599303
v 3.859338 -2.000000 -10.599303
v 4.156853 -2.000000 -10.599303
v 4.454368 -2.000000 -10.599303
v 4.751883 -2.000000 -10.599303
v 5.049398 -2.000000 -10.599303
v 5.346913 -2.000000 -10.599303
v 5.644428 -2.000000 -10.599303
v 5.941943 -2.000000 -10.599303
v 6.239458 -2.000000 -10.599303
v 6.536973 -2.000000 -10.599303
v 6.834488 -2.000000 -10.599303
v 7.132003 -2.000000 -10.599303
v 7.429518 -2.000000 -10.599303
v 7.727033 -2.000000 -10.599303
v 8.024548 -2.000000 -10.599303
v 8.322063 -2.000000 -10.599303
v 8.619578 -2.000000 -10.599303
v 8.917093 -2.000000 -10.599303
v 9.214608 -2.000000 -10.599303
v 9.512123 -2.000000 -10.599303
v 9.809638 -2.000000 -10.599303
v 10.107153 -2.000000 -10.599303
v 10.404668 -2.000000 -10.599303
v 10.702183 -2.000000 -10.599303
v 10.999698 -2.000000 -10.599303
v 11.297213 -2.000000 -10.599303
v 11.594728 -2.000000 -10.599303
v 11.892244 -2.000000 -10.599303
v -11.908957 -2.000000 -10.301788
v -11.611442 -2.000000 -10.301788
v -11.313927 -2.000000 -10.301788
v -11.016412 -2.000000 -10.301788
v -10.718897 -2.000000 -10.301788
v -10.421382 -2.000000 -10.301788
v -10.123867 -2.000000 -10.301788
v -9.826352 -2.000000 -10.301788
v -9.528837 -2.000000 -10.301788
v -9.231322 -2.000000 -10.301788
v -8.933807 -2.000000 -10.301788
v -8.636292 -2.000000 -10.301788
v -8.338777 -2.000000 -10.301788
v -8.041262 -2.000000 -10.301788
v -7.743747 -2.000000 -10.301788
v -7.446232 -2.000000 -10.301788
v -7.148717 -2.000000 -10.301788
v -6.851202 -2.000000 -10.301788
v -6.553687 -2.000000 -10.301788
v -6.256172 -2.000000 -10.301788
v -5.958657 -2.000000 -10.301788
v -5.661142 -2.000000 -10.301788
v -5.363627 -2.000000 -10.301788
v -5.066112 -2.000000 -10.301788
v -4.768597 -2.000000 -10.301788
v -4.471082 -2.000000 -10.301788
v -4.173567 -2.000000 -10.301788
v -3.876052 -2.000000 -10.301788
v -3.578537 -2.000000 -10.301788
v -3.281022 -2.000000 -10.301788
v -2.983507 -2.000000 -10.301788
v -2.685992 -2.000000 -10.301788
v -2.388477 -2.000000 -10.301788
v -2.090962 -2.000000 -10.301788
v -1.793447 -2.000000 -10.301788
v -1.495932 -2.000000 -10.301788
v -1.198417 -2.000000 -10.301788
v -0.900902 -2.000000 -10.301788
v -0.603387 -2.000000 -10.301788
v -0.305872 -2.000000 -10.301788
v -0.008357 -2.000000 -10.301788
v 0.289158 -2.000000 -10.301788
v 0.586673 -2.000000 -10.301788
v 0.884188 -2.000000 -10.301788
v 1.181703 -2.000000 -10.301788
v 1.479218 -2.000000 -10.301788
v 1.776733 -2.000000 -10.301788
v 2.074248 -2.000000 -10.301788
v 2.371763 -2.000000 -10.301788
v 2.669278 -2.000000 -10.301788
v 2.966793 -2.000000 -10.301788
v 3.264308 -2.000000 -10.301788
v 3.561823 -2.000000 -10.301788
v 3.859338 -2.000000 -10.301788
v 4.156853 -2.000000 -10.301788
v 4.454368 -2.000000 -10.301788
v 4.751883 -2.000000 -10.301788
v 5.049398 -2.000000 -10.301788
v 5.346913 -2.000000 -10.301788
v 5.644428 -2.000000 -10.301788
v 5.941943 -2.000000 -10.301788
v 6.239458 -2.000000 -10.301788
v 6.536973 -2.000000 -10.301788
v 6.834488 -2.000000 -10.301788
v 7.132003 -2.000000 -10.301788
v 7.429518 -2.000000 -10.301788
v 7.727033 -2.000000 -10.301788
v 8.024548 -2.000000 -10.301788
v 8.322063 -2.000000 -10.301788
v 8.619578 -2.000000 -10.301788
v 8.917093 -2.000000 -10.301788
v 9.214608 -2.000000 -10.301788
v 9.512123 -2.000000 -10.301788
v 9.809638 -2.000000 -10.301788
v 10.107153 -2.000000 -10.301788
v 10.404668 -2.000000 -10.301788
v 10.702183 -2.000000 -10.301788
v 10.999698 -2.000000 -10.301788
v 11.297213 -2.000000 -10.301788
v 11.594728 -2.000000 -10.301788
v 11.892244 -2.000000 -10.301788
v -11.908957 -2.000000 -10.004273
v -11.611442 -2.000000 -10.004273
v -11.313927 -2.000000 -10.004273
v -11.016412 -2.000000 -10.004273
v -10.718897 -2.000000 -10.004273
v -10.421382 -2.000000 -10.004273
v -10.123867 -2.000000 -10.004273
v -9.826352 -2.000000 -10.004273
v -9.528837 -2.000000 -10.004273
v -9.231322 -2.000000 -10.004273
v -8.933807 -2.000000 -10.004273
v -8.636292 -2.000000 -10.004273
v -8.338777 -2.000000 -10.004273
v -8.041262 -2.000000 -10.004273
v -7.743747 -2.000000 -10.004273
v -7.446232 -2.000000 -10.004273
v -7.148717 -2.000000 -10.004273
v -6.851202 -2.000000 -10.004273
v -6.553687 -2.000000 -10.004273
v -6.256172 -2.000000 -10.004273
v -5.958657 -2.000000 -10.004273
v -5.661142 -2.000000 -10.004273
v -5.363627 -2.000000 -10.004273
v -5.066112 -2.000000 -10.004273
v -4.768597 -2.000000 -10.004273
v -4.471082 -2.000000 -10.004273
v -4.173567 -2.000000 -10.004273
v -3.876052 -2.000000 -10.004273
v -3.578537 -2.000000 -10.004273
v -3.281022 -2.000000 -10.004273
v -2.983507 -2.000000 -10.004273
v -2.685992 -2.000000 -10.004273
v -2.388477 -2.000000 -10.004273
v -2.090962 -2.000000 -10.004273
v -1.793447 -2.000000 -10.004273
v -1.495932 -2.000000 -10.004273
v -1.198417 -2.000000 -10.004273
v -0.900902 -2.000000 -10.004273
v -0.603387 -2.000000 -10.004273
v -0.305872 -2.000000 -10.004273
v -0.008357 -2.000000 -10.004273
v 0.289158 -2.000000 -10.004273
v 0.586673 -2.000000 -10.004273
v 0.884188 -2.000000 -10.004273
v 1.181703 -2.000000 -10.004273
v 1.479218 -2.000000 -10.004273
v 1.776733 -2.000000 -10.004273
v 2.074248 -2.000000 -10.004273
v 2.371763 -2.000000 -10.004273
v 2.669278 -2.000000 -10.004273
v 2.966793 -2.000000 -10.004273
v 3.264308 -2.000000 -10.004273
v 3.561823 -2.000000 -10.004273
v 3.859338 -2.000000 -10.004273
v 4.156853 -2.000000 -10.004273
v 4.454368 -2.000000 -10.004273
v 4.751883 -2.000000 -10.004273
v 5.049398 -2.000000 -10.004273
v 5.346913 -2.000000 -10.004273
v 5.644428 -2.000000 -10.004273
v 5.941943 -2.000000 -10.004273
v 6.239458 -2.000000 -10.004273
v 6.536973 -2.000000 -10.004273
v 6.834488 -2.000000 -10.004273
v 7.132003 -2.000000 -10.004273
v 7.429518 -2.000000 -10.004273
v 7.727033 -2.000000 -10.004273
v 8.024548 -2.000000 -10.004273
v 8.322063 -2.000000 -10.004273
v 8.619578 -2.000000 -10.004273
v 8.917093 -2.000000 -10.004273
v 9.214608 -2.000000 -10.004273
v 9.512123 -2.000000 -10.004273
v 9.809638 -2.000000 -10.004273
v 10.107153 -2.000000 -10.004273
v 10.404668 -2.000000 -10.004273
v 10.702183 -2.000000 -10.004273
v 10.999698 -2.000000 -10.004273
v 11.297213 -2.000000 -10.004273
v 11.594728 -2.000000 -10.004273
v 11.892244 -2.000000 -10.004273
v -11.908957 -2.000000 -9.706758
v -11.611442 -2.000000 -9.706758
v -11.313927 -2.000000 -9.706758
v -11.016412 -2.000000 -9.706758
v -10.718897 -2.000000 -9.706758
v -10.421382 -2.000000 -9.706758
v -10.123867 -2.000000 -9.706758
v -9.826352 -2.000000 -9.706758
v -9.528837 -2.000000 -9.706758
v -9.231322 -2.000000 -9.706758
v -8.933807 -2.000000 -9.706758
v -8.636292 -2.000000 -9.706758
v -8.338777 -2.000000 -9.706758
v -8.041262 -2.000000 -9.706758
v -7.743747 -2.000000 -9.706758
v -7.446232 -2.000000 -9.706758
v -7.148717 -2.000000 -9.706758
v -6.851202 -2.000000 -9.706758
v -6.553687 -2.000000 -9.706758
v -6.256172 -2.000000 -9.706758
v -5.958657 -2.000000 -9.706758
v -5.661142 -2.000000 -9.706758
v -5.363627 -2.000000 -9.706758
v -5.066112 -2.000000 -9.706758
v -4.768597 -2.000000 -9.706758
v -4.471082 -2.000000 -9.706758
v -4.173567 -2.000000 -9.706758
v -3.876052 -2.000000 -9.706758
v -3.578537 -2.000000 -9.706758
v -3.281022 -2.000000 -9.706758
v -2.983507 -2.000000 -9.706758
v -2.685992 -2.000000 -9.706758
v -2.388477 -2.000000 -9.706758
v -2.090962 -2.000000 -9.706758
v -1.793447 -2.000000 -9.706758
v -1.495932 -2.000000 -9.706758
v -1.198417 -2.000000 -9.706758
v -0.900902 -2.000000 -9.706758
v -0.603387 -2.000000 -9.706758
v -0.305872 -2.000000 -9.706758
v -0.008357 -2.000000 -9.706758
v 0.289158 -2.000000 -9.706758
v 0.586673 -2.000000 -9.706758
v 0.884188 -2.000000 -9.706758
v 1.181703 -2.000000 -9.706758
v 1.479218 -2.000000 -9.706758
v 1.776733 -2.000000 -9.706758
v 2.074248 -2.000000 -9.706758
v 2.371763 -2.000000 -9.706758
v 2.669278 -2.000000 -9.706758
v 2.966793 -2.000000 -9.706758
v 3.264308 -2.000000 -9.706758
v 3.561823 -2.000000 -9.706758
v 3.859338 -2.000000 -9.706758
v 4.156853 -2.000000 -9.706758
v 4.454368 -2.000000 -9.706758
v 4.751883 -2.000000 -9.706758
v 5.049398 -2.000000 -9.706758
v 5.346913 -2.000000 -9.706758
v 5.644428 -2.000000 -9.706758
v 5.941943 -2.000000 -9.706758
v 6.239458 -2.000000 -9.706758
v 6.536973 -2.000000 -9.706758
v 6.834488 -2.000000 -9.706758
v 7.132003 -2.000000 -9.706758
v 7.429518 -2.000000 -9.706758
v 7.727033 -2.000000 -9.706758
v 8.024548 -2.000000 -9.706758
v 8.322063 -2.000000 -9.706758
v 8.619578 -2.000000 -9.706758
v 8.917093 -2.000000 -9.706758
v 9.214608 -2.000000 -9.706758
v 9.512123 -2.000000 -9.706758
v 9.809638 -2.000000 -9.706758
v 10.107153 -2.000000 -9.706758
v 10.404668 -2.000000 -9.706758
v 10.702183 -2.000000 -9.706758
v 10.999698 -2.000000 -9.706758
v 11.297213 -2.000000 -9.706758
v 11.594728 -2.000000 -9.706758
v 11.892244 -2.000000 -9.706758
v -11.908957 -2.000000 -9.409243
v -11.611442 -2.000000 -9.409243
v -11.313927 -2.000000 -9.409243
v -11.016412 -2.000000 -9.409243
v -10.718897 -2.000000 -9.409243
v -10.421382 -2.000000 -9.409243
v -10.123867 -2.000000 -9.409243
v -9.826352 -2.000000 -9.409243
v -9.528837 -2.000000 -9.409243
v -9.231322 -2.000000 -9.409243
v -8.933807 -2.000000 -9.409243
v -8.636292 -2.000000 -9.409243
v -8.338777 -2.000000 -9.409243
v -8.041262 -2.000000 -9.409243
v -7.743747 -2.000000 -9.409243
v -7.446232 -2.000000 -9.409243
v -7.148717 -2.000000 -9.409243
v -6.851202 -2.000000 -9.409243
v -6.553687 -2.000000 -9.409243
v -6.256172 -2.000000 -9.409243
v -5.958657 -2.000000 -9.409243
v -5.661142 -2.000000 -9.409243
v -5.363627 -2.000000 -9.409243
v -5.066112 -2.000000 -9.409243
v -4.768597 -2.000000 -9.409243
v -4.471082 -2.000000 -9.409243
v -4.173567 -2.000000 -9.409243
v -3.876052 -2.000000 -9.409243
v -3.578537 -2.000000 -9.409243
v -3.281022 -2.000000 -9.409243
v -2.983507 -2.000000 -9.409243
v -2.685992 -2.000000 -9.409243
v -2.388477 -2.000000 -9.409243
v -2.090962 -2.000000 -9.409243
v -1.793447 -2.000000 -9.409243
v -1.495932 -2.000000 -9.409243
v -1.198417 -2.000000 -9.409243
v -0.900902 -2.000000 -9.409243
v -0.603387 -2.000000 -9.409243
v -0.305872 -2.000000 -9.409243
v -0.008357 -2.000000 -9.409243
v 0.289158 -2.000000 -9.409243
v 0.586673 -2.000000 -9.409243
v 0.884188 -2.000000 -9.409243
v 1.181703 -2.000000 -9.409243
v 1.479218 -2.000000 -9.409243
v 1.776733 -2.000000 -9.409243
v 2.074248 -2.000000 -9.409243
v 2.371763 -2.000000 -9.409243
v 2.669278 -2.000000 -9.409243
v 2.966793 -2.000000 -9.409243
v 3.264308 -2.000000 -9.409243
v 3.561823 -2.000000 -9.409243
v 3.859338 -2.000000 -9.409243
v 4.156853 -2.000000 -9.409243
v 4.454368 -2.000000 -9.409243
v 4.751883 -2.000000 -9.409243
v 5.049398 -2.000000 -9.409243
v 5.346913 -2.000000 -9.409243
v 5.644428 -2.000000 -9.409243
v 5.941943 -2.000000 -9.409243
v 6.239458 -2.000000 -9.409243
v 6.536973 -2.000000 -9.409243
v 6.834488 -2.000000 -9.409243
v 7.132003 -2.000000 -9.409243
v 7.429518 -2.000000 -9.409243
v 7.727033 -2.000000 -9.409243
v 8.024548 -2.000000 -9.409243
v 8.322063 -2.000000 -9.409243
v 8.619578 -2.000000 -9.409243
v 8.917093 -2.000000 -9.409243
v 9.214608 -2.000000 -9.409243
v 9.512123 -2.000000 -9.409243
v 9.809638 -2.000000 -9.409243
v 10.107153 -2.000000 -9.409243
v 10.404668 -2.000000 -9.409243
v 10.702183 -2.000000 -9.409243
v 10.999698 -2.000000 -9.409243
v 11.297213 -2.000000 -9.409243
v 11.594728 -2.000000 -9.409243
v 11.892244 -2.000000 -9.409243
v -11.908957 -2.000000 -9.111728
v -11.611442 -2.000000 -9.111728
v -11.313927 -2.000000 -9.111728
v -11.016412 -2.000000 -9.111728
v -10.718897 -2.000000 -9.111728
v -10.421382 -2.000000 -9.111728
v -10.123867 -2.000000 -9.111728
v -9.826352 -2.000000 -9.111728
v -9.528837 -2.000000 -9.111728
v -9.231322 -2.000000 -9.111728
v -8.933807 -2.000000 -9.111728
v -8.636292 -2.000000 -9.111728
v -8.338777 -2.000000 -9.111728
v -8.041262 -2.000000 -9.111728
v -7.743747 -2.000000 -9.111728
v -7.446232 -2.000000 -9.111728
v -7.148717 -2.000000 -9.111728
v -6.851202 -2.000000 -9.111728
v -6.553687 -2.000000 -9.111728
v -6.256172 -2.000000 -9.111728
v -5.958657 -2.000000 -9.111728
v -5.661142 -2.000000 -9.111728
v -5.363627 -2.000000 -9.111728
v -5.066112 -2.000000 -9.111728
v -4.768597 -2.000000 -9.111728
v -4.471082 -2.000000 -9.111728
v -4.173567 -2.000000 -9.111728
v -3.876052 -2.000000 -9.111728
v -3.578537 -2.000000 -9.111728
v -3.281022 -2.000000 -9.111728
v -2.983507 -2.000000 -9.111728
v -2.685992 -2.000000 -9.111728
v -2.388477 -2.000000 -9.111728
v -2.090962 -2.000000 -9.111728
v -1.793447 -2.000000 -9.111728
v -1.495932 -2.000000 -9.111728
v -1.198417 -2.000000 -9.111728
v -0.900902 -2.000000 -9.111728
v -0.603387 -2.000000 -9.111728
v -0.305872 -2.000000 -9.111728
v -0.008357 -2.000000 -9.111728
v 0.289158 -2.000000 -9.111728
v 0.586673 -2.000000 -9.111728
v 0.884188 -2.000000 -9.111728
v 1.181703 -2.000000 -9.111728
v 1.479218 -2.000000 -9.111728
v 1.776733 -2.000000 -9.111728
v 2.074248 -2.000000 -9.111728
v 2.371763 -2.000000 -9.111728
v 2.669278 -2.000000 -9.111728
v 2.966793 -2.000000 -9.111728
v 3.264308 -2.000000 -9.111728
v 3.561823 -2.000000 -9.111728
v 3.859338 -2.000000 -9.111728
v 4.156853 -2.000000 -9.111728
v 4.454368 -2.000000 -9.111728
v 4.751883 -2.000000 -9.111728
v 5.049398 -2.000000 -9.111728
v 5.346913 -2.000000 -9.111728
v 5.644428 -2.000000 -9.111728
v 5.941943 -2.000000 -9.111728
v 6.239458 -2.000000 -9.111728
v 6.536973 -2.000000 -9.111728
v 6.834488 -2.000000 -9.111728
v 7.132003 -2.000000 -9.111728
v 7.429518 -2.000000 -9.111728
v 7.727033 -2.000000 -9.111728
v 8.024548 -2.000000 -9.111728
v 8.322063 -2.000000 -9.111728
v 8.619578 -2.000000 -9.111728
v 8.917093 -2.000000 -9.111728
v 9.214608 -2.000000 -9.111728
v 9.512123 -2.000000 -9.111728
v 9.809638 -2.000000 -9.111728
v 10.107153 -2.000000 -9.111728
v 10.404668 -2.000000 -9.111728
v 10.702183 -2.000000 -9.111728
v 10.999698 -2.000000 -9.111728
v 11.297213 -2.000000 -9.111728
v 11.594728 -2.000000 -9.111728
v 11.892244 -2.000000 -9.111728
v -11.908957 -2.000000 -8.814213
v -11.611442 -2.000000 -8.814213
v -11.313927 -2.000000 -8.814213
v -11.016412 -2.000000 -8.814213
v -10.718897 -2.000000 -8.814213
v -10.421382 -2.000000 -8.814213
v -10.123867 -2.000000 -8.814213
v -9.826352 -2.000000 -8.814213
v -9.528837 -2.000000 -8.814213
v -9.231322 -2.000000 -8.814213
v -8.933807 -2.000000 -8.814213
v -8.636292 -2.000000 -8.814213
v -8.338777 -2.000000 -8.814213
v -8.041262 -2.000000 -8.814213
v -7.743747 -2.000000 -8.814213
v -7.446232 -2.000000 -8.814213
v -7.148717 -2.000000 -8.814213
v -6.851202 -2.000000 -8.814213
v -6.553687 -2.000000 -8.814213
v -6.256172 -2.000000 -8.814213
v -5.958657 -2.000000 -8.814213
v -5.661142 -2.000000 -8.814213
v -5.363627 -2.000000 -8.814213
v -5.066112 -2.000000 -8.814213
v -4.768597 -2.000000 -8.814213
v -4.471082 -2.000000 -8.814213
v -4.173567 -2.000000 -8.814213
v -3.876052 -2.000000 -8.814213
v -3.578537 -2.000000 -8.814213
v -3.281022 -2.000000 -8.814213
v -2.983507 -2.000000 -8.814213
v -2.685992 -2.000000 -8.814213
v -2.388477 -2.000000 -8.814213
v -2.090962 -2.000000 -8.814213
v -1.793447 -2.000000 -8.814213
v -1.495932 -2.000000 -8.814213
v -1.198417 -2.000000 -8.814213
v -0.900902 -2.000000 -8.814213
v -0.603387 -2.000000 -8.814213
v -0.305872 -2.000000 -8.814213
v -0.008357 -2.000000 -8.814213
v 0.289158 -2.000000 -8.814213
v 0.586673 -2.000000 -8.814213
v 0.884188 -2.000000 -8.814213
v 1.181703 -2.000000 -8.814213
v 1.479218 -2.000000 -8.814213
v 1.776733 -2.000000 -8.814213
v 2.074248 -2.000000 -8.814213
v 2.371763 -2.000000 -8.814213
v 2.669278 -2.000000 -8.814213
v 2.966793 -2.000000 -8.814213
v 3.264308 -2.000000 -8.814213
v 3.561823 -2.000000 -8.814213
v 3.859338 -2.000000 -8.814213
v 4.156853 -2.000000 -8.814213
v 4.454368 -2.000000 -8.814213
v 4.751883 -2.000000 -8.814213
v 5.049398 -2.000000 -8.814213
v 5.346913 -2.000000 -8.814213
v 5.644428 -2.000000 -8.814213
v 5.941943 -2.000000 -8.814213
v 6.239458 -2.000000 -8.814213
v 6.536973 -2.000000 -8.814213
v 6.834488 -2.000000 -8.814213
v 7.132003 -2.000000 -8.814213
v 7.429518 -2.000000 -8.814213
v 7.727033 -2.000000 -8.814213
v 8.024548 -2.000000 -8.814213
v 8.322063 -2.000000 -8.814213
v 8.619578 -2.000000 -8.814213
v 8.917093 -2.000000 -8.814213
v 9.214608 -2.000000 -8.814213
v 9.512123 -2.000000 -8.814213
v 9.809638 -2.000000 -8.814213
v 10.107153 -2.000000 -8.814213
v 10.404668 -2.000000 -8.814213
v 10.702183 -2.000000 -8.814213
v 10.999698 -2.000000 -8.814213
v 11.297213 -2.000000 -8.814213
v 11.594728 -2.000000 -8.814213
v 11.892244 -2.000000 -8.814213
v -11.908957 -2.000000 -8.516698
v -11.611442 -2.000000 -8.516698
v -11.313927 -2.000000 -8.516698
v -11.016412 -2.000000 -8.516698
v -10.718897 -2.000000 -8.516698
v -10.421382 -2.000000 -8.516698
v -10.123867 -2.000000 -8.516698
v -9.826352 -2.000000 -8.516698
v -9.528837 -2.000000 -8.516698
v -9.231322 -2.000000 -8.516698
v -8.933807 -2.000000 -8.516698
v -8.636292 -2.000000 -8.516698
v -8.338777 -2.000000 -8.516698
v -8.041262 -2.000000 -8.516698
v -7.743747 -2.000000 -8.516698
v -7.446232 -2.000000 -8.516698
v -7.148717 -2.000000 -8.516698
v -6.851202 -2.000000 -8.516698
v -6.553687 -2.000000 -8.516698
v -6.256172 -2.000000 -8.516698
v -5.958657 -2.000000 -8.516698
v -5.661142 -2.000000 -8.516698
v -5.363627 -2.000000 -8.516698
v -5.066112 -2.000000 -8.516698
v -4.768597 -2.000000 -8.516698
v -4.471082 -2.000000 -8.516698
v -4.173567 -2.000000 -8.516698
v -3.876052 -2.000000 -8.516698
v -3.578537 -2.000000 -8.516698
v -3.281022 -2.000000 -8.516698
v -2.983507 -2.000000 -8.516698
v -2.685992 -2.000000 -8.516698
v -2.388477 -2.000000 -8.516698
v -2.090962 -2.000000 -8.516698
v -1.793447 -2.000000 -8.516698
v -1.495932 -2.000000 -8.516698
v -1.198417 -2.000000 -8.516698
v -0.900902 -2.000000 -8.516698
v -0.603387 -2.000000 -8.516698
v -0.305872 -2.000000 -8.516698
v -0.008357 -2.000000 -8.516698
v 0.289158 -2.000000 -8.516698
v 0.586673 -2.000000 -8.516698
v 0.884188 -2.000000 -8.516698
v 1.181703 -2.000000 -8.516698
v 1.479218 -2.000000 -8.516698
v 1.776733 -2.000000 -8.516698
v 2.074248 -2.000000 -8.516698
v 2.371763 -2.000000 -8.516698
v 2.669278 -2.000000 -8.516698
v 2.966793 -2.000000 -8.516698
v 3.264308 -2.000000 -8.516698
v 3.561823 -2.000000 -8.516698
v 3.859338 -2.000000 -8.516698
v 4.156853 -2.000000 -8.516698
v 4.454368 -2.000000 -8.516698
v 4.751883 -2.000000 -8.516698
v 5.049398 -2.000000 -8.516698
v 5.346913 -2.000000 -8.516698
v 5.644428 -2.000000 -8.516698
v 5.941943 -2.000000 -8.516698
v 6.239458 -2.000000 -8.516698
v 6.536973 -2.000000 -8.516698
v 6.834488 -2.000000 -8.516698
v 7.132003 -2.000000 -8.516698
v 7.429518 -2.000000 -8.516698
v 7.727033 -2.000000 -8.516698
v 8.024548 -2.000000 -8.516698
v 8.322063 -2.000000 -8.516698
v 8.619578 -2.000000 -8.516698
v 8.917093 -2.000000 -8.516698
v 9.214608 -2.000000 -8.516698
v 9.512123 -2.000000 -8.516698
v 9.809638 -2.000000 -8.516698
v 10.107153 -2.000000 -8.516698
v 10.404668 -2.000000 -8.516698
v 10.702183 -2.000000 -8.516698
v 10.999698 -2.000000 -8.516698
v 11.297213 -2.000000 -8.516698
v 11.594728 -2.000000 -8.516698
v 11.892244 -2.000000 -8.516698
v -11.908957 -2.000000 -8.219183
v -11.611442 -2.000000 -8.219183
v -11.313927 -2.000000 -8.219183
v -11.016412 -2.000000 -8.219183
v -10.718897 -2.000000 -8.219183
v -10.421382 -2.000000 -8.219183
v -10.123867 -2.000000 -8.219183
v -9.826352 -2.000000 -8.219183
v -9.528837 -2.000000 -8.219183
v -9.231322 -2.000000 -8.219183
v -8.933807 -2.000000 -8.219183
v -8.636292 -2.000000 -8.219183
v -8.338777 -2.000000 -8.219183
v -8.041262 -2.000000 -8.219183
v -7.743747 -2.000000 -8.219183
v -7.446232 -2.000000 -8.219183
v -7.148717 -2.000000 -8.219183
v -6.851202 -2.000000 -8.219183
v -6.553687 -2.000000 -8.219183
v -6.256172 -2.000000 -8.219183
v -5.958657 -2.000000 -8.219183
v -5.661142 -2.000000 -8.219183
v -5.363627 -2.000000 -8.219183
v -5.066112 -2.000000 -8.219183
v -4.768597 -2.000000 -8.219183
v -4.471082 -2.000000 -8.219183
v -4.173567 -2.000000 -8.219183
v -3.876052 -2.000000 -8.219183
v -3.578537 -2.000000 -8.219183
v -3.281022 -2.000000 -8.219183
v -2.983507 -2.000000 -8.219183
v -2.685992 -2.000000 -8.219183
v -2.388477 -2.000000 -8.219183
v -2.090962 -2.000000 -8.219183
v -1.793447 -2.000000 -8.219183
v -1.495932 -2.000000 -8.219183
v -1.198417 -2.000000 -8.219183
v -0.900902 -2.000000 -8.219183
v -0.603387 -2.000000 -8.219183
v -0.305872 -2.000000 -8.219183
v -0.008357 -2.000000 -8.219183
v 0.289158 -2.000000 -8.219183
v 0.586673 -2.000000 -8.219183
v 0.884188 -2.000000 -8.219183
v 1.181703 -2.000000 -8.219183
v 1.479218 -2.000000 -8.219183
v 1.776733 -2.000000 -8.219183
v 2.074248 -2.000000 -8.219183
v 2.371763 -2.000000 -8.219183
v 2.669278 -2.000000 -8.219183
v 2.966793 -2.000000 -8.219183
v 3.264308 -2.000000 -8.219183
v 3.561823 -2.000000 -8.219183
v 3.859338 -2.000000 -8.219183
v 4.156853 -2.000000 -8.219183
v 4.454368 -2.000000 -8.219183
v 4.751883 -2.000000 -8.219183
v 5.049398 -2.000000 -8.219183
v 5.346913 -2.000000 -8.219183
v 5.644428 -2.000000 -8.219183
v 5.941943 -2.000000 -8.219183
v 6.239458 -2.000000 -8.219183
v 6.536973 -2.000000 -8.219183
v 6.834488 -2.000000 -8.219183
v 7.132003 -2.000000 -8.219183
v 7.429518 -2.000000 -8.219183
v 7.727033 -2.000000 -8.219183
v 8.024548 -2.000000 -8.219183
v 8.322063 -2.000000 -8.219183
v 8.619578 -2.000000 -8.219183
v 8.917093 -2.000000 -8.219183
v 9.214608 -2.000000 -8.219183
v 9.512123 -2.000000 -8.219183
v 9.809638 -2.000000 -8.219183
v 10.107153 -2.000000 -8.219183
v 10.404668 -2.000000 -8.219183
v 10.702183 -2.000000 -8.219183
v 10.999698 -2.000000 -8.219183
v 11.297213 -2.000000 -8.219183
v 11.594728 -2.000000 -8.219183
v 11.892244 -2.000000 -8.219183
v -11.908957 -2.000000 -7.921668
v -11.611442 -2.000000 -7.921668
v -11.313927 -2.000000 -7.921668
v -11.016412 -2.000000 -7.921668
v -10.718897 -2.000000 -7.921668
v -10.421382 -2.000000 -7.921668
v -10.123867 -2.000000 -7.921668
v -9.826352 -2.000000 -7.921668
v -9.528837 -2.000000 -7.921668
v -9.231322 -2.000000 -7.921668
v -8.933807 -2.000000 -7.921668
v -8.636292 -2.000000 -7.921668
v -8.338777 -2.000000 -7.921668
v -8.041262 -2.000000 -7.921668
v -7.743747 -2.000000 -7.921668
v -7.446232 -2.000000 -7.921668
v -7.148717 -2.000000 -7.921668
v -6.851202 -2.000000 -7.921668
v -6.553687 -2.000000 -7.921668
v -6.256172 -2.000000 -7.921668
v -5.958657 -2.000000 -7.921668
v -5.661142 -2.000000 -7.921668
v -5.363627 -2.000000 -7.921668
v -5.066112 -2.000000 -7.921668
v -4.768597 -2.000000 -7.921668
v -4.471082 -2.000000 -7.921668
v -4.173567 -2.000000 -7.921668
v -3.876052 -2.000000 -7.921668
v -3.578537 -2.000000 -7.921668
v -3.281022 -2.000000 -7.921668
v -2.983507 -2.000000 -7.921668
v -2.685992 -2.000000 -7.921668
v -2.388477 -2.000000 -7.921668
v -2.090962 -2.000000 -7.921668
v -1.793447 -2.000000 -7.921668
v -1.495932 -2.000000 -7.921668
v -1.198417 -2.000000 -7.921668
v -0.900902 -2.000000 -7.921668
v -0.603387 -2.000000 -7.921668
v -0.305872 -2.000000 -7.921668
v -0.008357 -2.000000 -7.921668
v 0.289158 -2.000000 -7.921668
v 0.586673 -2.000000 -7.921668
v 0.884188 -2.000000 -7.921668
v 1.181703 -2.000000 -7.921668
v 1.479218 -2.000000 -7.921668
v 1.776733 -2.000000 -7.921668
v 2.074248 -2.000000 -7.921668
v 2.371763 -2.000000 -7.921668
v 2.669278 -2.000000 -7.921668
v 2.966793 -2.000000 -7.921668
v 3.264308 -2.000000 -7.921668
v 3.561823 -2.000000 -7.921668
v 3.859338 -2.000000 -7.921668
v 4.156853 -2.000000 -7.921668
v 4.454368 -2.000000 -7.921668
v 4.751883 -2.000000 -7.921668
v 5.049398 -2.000000 -7.921668
v 5.346913 -2.000000 -7.921668
v 5.644428 -2.000000 -7.921668
v 5.941943 -2.000000 -7.921668
v 6.239458 -2.000000 -7.921668
v 6.536973 -2.000000 -7.921668
v 6.834488 -2.000000 -7.921668
v 7.132003 -2.000000 -7.921668
v 7.429518 -2.000000 -7.921668
v 7.727033 -2.000000 -7.921668
v 8.024548 -2.000000 -7.921668
v 8.322063 -2.000000 -7.921668
v 8.619578 -2.000000 -7.921668
v 8.917093 -2.000000 -7.921668
v 9.214608 -2.000000 -7.921668
v 9.512123 -2.000000 -7.921668
v 9.809638 -2.000000 -7.921668
v 10.107153 -2.000000 -7.921668
v 10.404668 -2.000000 -7.921668
v 10.702183 -2.000000 -7.921668
v 10.999698 -2.000000 -7.921668
v 11.297213 -2.000000 -7.921668
v 11.594728 -2.000000 -7.921668
v 11.892244 -2.000000 -7.921668
v -11.908957 -2.000000 -7.624153
v -11.611442 -2.000000 -7.624153
v -11.313927 -2.000000 -7.624153
v -11.016412 -2.000000 -7.624153
v -10.718897 -2.000000 -7.624153
v -10.421382 -2.000000 -7.624153
v -10.123867 -2.000000 -7.624153
v -9.826352 -2.000000 -7.624153
v -9.528837 -2.000000 -7.624153
v -9.231322 -2.000000 -7.624153
v -8.933807 -2.000000 -7.624153
v -8.636292 -2.000000 -7.624153
v -8.338777 -2.000000 -7.624153
v -8.041262 -2.000000 -7.624153
v -7.743747 -2.000000 -7.624153
v -7.446232 -2.000000 -7.624153
v -7.148717 -2.000000 -7.624153
v -6.851202 -2.000000 -7.624153
v -6.553687 -2.000000 -7.624153
v -6.256172 -2.000000 -7.624153
v -5.958657 -2.000000 -7.624153
v -5.661142 -2.000000 -7.624153
v -5.363627 -2.000000 -7.624153
v -5.066112 -2.000000 -7.624153
v -4.768597 -2.000000 -7.624153
v -4.471082 -2.000000 -7.624153
v -4.173567 -2.000000 -7.624153
v -3.876052 -2.000000 -7.624153
v -3.578537 -2.000000 -7.624153
v -3.281022 -2.000000 -7.624153
v -2.983507 -2.000000 -7.624153
v -2.685992 -2.000000 -7.624153
v -2.388477 -2.000000 -7.624153
v -2.090962 -2.000000 -7.624153
v -1.793447 -2.000000 -7.624153
v -1.495932 -2.000000 -7.624153
v -1.198417 -2.000000 -7.624153
v -0.900902 -2.000000 -7.624153
v -0.603387 -2.000000 -7.624153
v -0.305872 -2.000000 -7.624153
v -0.008357 -2.000000 -7.624153
v 0.289158 -2.000000 -7.624153
v 0.586673 -2.000000 -7.624153
v 0.884188 -2.000000 -7.624153
v 1.181703 -2.000000 -7.624153
v 1.479218 -2.000000 -7.624153
v 1.776733 -2.000000 -7.624153
v 2.074248 -2.000000 -7.624153
v 2.371763 -2.000000 -7.624153
v 2.669278 -2.000000 -7.624153
v 2.966793 -2.000000 -7.624153
v 3.264308 -2.000000 -7.624153
v 3.561823 -2.000000 -7.624153
v 3.859338 -2.000000 -7.624153
v 4.156853 -2.000000 -7.624153
v 4.454368 -2.000000 -7.624153
v 4.751883 -2.000000 -7.624153
v 5.049398 -2.000000 -7.624153
v 5.346913 -2.000000 -7.624153
v 5.644428 -2.000000 -7.624153
v 5.941943 -2.000000 -7.624153
v 6.239458 -2.000000 -7.624153
v 6.536973 -2.000000 -7.624153
v 6.834488 -2.000000 -7.624153
v 7.132003 -2.000000 -7.624153
v 7.429518 -2.000000 -7.624153
v 7.727033 -2.000000 -7.624153
v 8.024548 -2.000000 -7.624153
v 8.322063 -2.000000 -7.624153
v 8.619578 -2.000000 -7.624153
v 8.917093 -2.000000 -7.624153
v 9.214608 -2.000000 -7.624153
v 9.512123 -2.000000 -7.624153
v 9.809638 -2.000000 -7.624153
v 10.107153 -2.000000 -7.624153
v 10.404668 -2.000000 -7.624153
v 10.702183 -2.000000 -7.624153
v 10.999698 -2.000000 -7.624153
v 11.297213 -2.000000 -7.624153
v 11.594728 -2.000000 -7.624153
v 11.892244 -2.000000 -7.624153
v -11.908957 -2.000000 -7.326638
v -11.611442 -2.000000 -7.326638
v -11.313927 -2.000000 -7.326638
v -11.016412 -2.000000 -7.326638
v -10.718897 -2.000000 -7.326638
v -10.421382 -2.000000 -7.326638
v -10.123867 -2.000000 -7.326638
v -9.826352 -2.000000 -7.326638
v -9.528837 -2.000000 -7.326638
v -9.231322 -2.000000 -7.326638
v -8.933807 -2.000000 -7.326638
v -8.636292 -2.000000 -7.326638
v -8.338777 -2.000000 -7.326638
v -8.041262 -2.000000 -7.326638
v -7.743747 -2.000000 -7.326638
v -7.446232 -2.000000 -7.326638
v -7.148717 -2.000000 -7.326638
v -6.851202 -2.000000 -7.326638
v -6.553687 -2.000000 -7.326638
v -6.256172 -2.000000 -7.326638
v -5.958657 -2.000000 -7.326638
v -5.661142 -2.000000 -7.326638
v -5.363627 -2.000000 -7.326638
v -5.066112 -2.000000 -7.326638
v -4.768597 -2.000000 -7.326638
v -4.471082 -2.000000 -7.326638
v -4.173567 -2.000000 -7.326638
v -3.876052 -2.000000 -7.326638
v -3.578537 -2.000000 -7.326638
v -3.281022 -2.000000 -7.326638
v -2.983507 -2.000000 -7.326638
v -2.685992 -2.000000 -7.326638
v -2.388477 -2.000000 -7.326638
v -2.090962 -2.000000 -7.326638
v -1.793447 -2.000000 -7.326638
v -1.495932 -2.000000 -7.326638
v -1.198417 -2.000000 -7.326638
v -0.900902 -2.000000 -7.326638
v -0.603387 -2.000000 -7.326638
v -0.305872 -2.000000 -7.326638
v -0.008357 -2.000000 -7.326638
v 0.289158 -2.000000 -7.326638
v 0.586673 -2.000000 -7.326638
v 0.884188 -2.000000 -7.326638
v 1.181703 -2.000000 -7.326638
v 1.479218 -2.000000 -7.326638
v 1.776733 -2.000000 -7.326638
v 2.074248 -2.000000 -7.326638
v 2.371763 -2.000000 -7.326638
v 2.669278 -2.000000 -7.326638
v 2.966793 -2.000000 -7.326638
v 3.264308 -2.000000 -7.326638
v 3.561823 -2.000000 -7.326638
v 3.859338 -2.000000 -7.326638
v 4.156853 -2.000000 -7.326638
v 4.454368 -2.000000 -7.326638
v 4.751883 -2.000000 -7.326638
v 5.049398 -2.000000 -7.326638
v 5.346913 -2.000000 -7.326638
v 5.644428 -2.000000 -7.326638
v 5.941943 -2.000000 -7.326638
v 6.239458 -2.000000 -7.326638
v 6.536973 -2.000000 -7.326638
v 6.834488 -2.000000 -7.326638
v 7.132003 -2.000000 -7.326638
v 7.429518 -2.000000 -7.326638
v 7.727033 -2.000000 -7.326638
v 8.024548 -2.000000 -7.326638
v 8.322063 -2.000000 -7.326638
v 8.619578 -2.000000 -7.326638
v 8.917093 -2.000000 -7.326638
v 9.214608 -2.000000 -7.326638
v 9.512123 -2.000000 -7.326638
v 9.809638 -2.000000 -7.326638
v 10.107153 -2.000000 -7.326638
v 10.404668 -2.000000 -7.326638
v 10.702183 -2.000000 -7.326638
v 10.999698 -2.000000 -7.326638
v 11.297213 -2.000000 -7.326638
v 11.594728 -2.000000 -7.326638
v 11.892244 -2.000000 -7.326638
v -11.908957 -2.000000 -7.029123
v -11.611442 -2.000000 -7.029123
v -11.313927 -2.000000 -7.029123
v -11.016412 -2.000000 -7.029123
v -10.718897 -2.000000 -7.029123
v -10.421382 -2.000000 -7.029123
v -10.123867 -2.000000 -7.029123
v -9.826352 -2.000000 -7.029123
v -9.528837 -2.000000 -7.029123
v -9.231322 -2.000000 -7.029123
v -8.933807 -2.000000 -7.029123
v -8.636292 -2.000000 -7.029123
v -8.338777 -2.000000 -7.029123
v -8.041262 -2.000000 -7.029123
v -7.743747 -2.000000 -7.029123
v -7.446232 -2.000000 -7.029123
v -7.148717 -2.000000 -7.029123
v -6.851202 -2.000000 -7.029123
v -6.553687 -2.000000 -7.029123
v -6.256172 -2.000000 -7.029123
v -5.958657 -2.000000 -7.029123
v -5.661142 -2.000000 -7.029123
v -5.363627 -2.000000 -7.029123
v -5.066112 -2.000000 -7.029123
v -4.768597 -2.000000 -7.029123
v -4.471082 -2.000000 -7.029123
v -4.173567 -2.000000 -7.029123
v -3.876052 -2.000000 -7.029123
v -3.578537 -2.000000 -7.029123
v -3.281022 -2.000000 -7.029123
v -2.983507 -2.000000 -7.029123
v -2.685992 -2.000000 -7.029123
v -2.388477 -2.000000 -7.029123
v -2.090962 -2.000000 -7.029123
v -1.793447 -2.000000 -7.029123
v -1.495932 -2.000000 -7.029123
v -1.198417 -2.000000 -7.029123
v -0.900902 -2.000000 -7.029123
v -0.603387 -2.000000 -7.029123
v -0.305872 -2.000000 -7.029123
v -0.008357 -2.000000 -7.029123
v 0.289158 -2.000000 -7.029123
v 0.586673 -2.000000 -7.029123
v 0.884188 -2.000000 -7.029123
v 1.181703 -2.000000 -7.029123
v 1.479218 -2.000000 -7.029123
v 1.776733 -2.000000 -7.029123
v 2.074248 -2.000000 -7.029123
v 2.371763 -2.000000 -7.029123
v 2.669278 -2.000000 -7.029123
v 2.966793 -2.000000 -7.029123
v 3.264308 -2.000000 -7.029123
v 3.561823 -2.000000 -7.029123
v 3.859338 -2.000000 -7.029123
v 4.156853 -2.000000 -7.029123
v 4.454368 -2.000000 -7.029123
v 4.751883 -2.000000 -7.029123
v 5.049398 -2.000000 -7.029123
v 5.346913 -2.000000 -7.029123
v 5.644428 -2.000000 -7.029123
v 5.941943 -2.000000 -7.029123
v 6.239458 -2.000000 -7.029123
v 6.536973 -2.000000 -7.029123
v 6.834488 -2.000000 -7.029123
v 7.132003 -2.000000 -7.029123
v 7.429518 -2.000000 -7.029123
v 7.727033 -2.000000 -7.029123
v 8.024548 -2.000000 -7.029123
v 8.322063 -2.000000 -7.029123
v 8.619578 -2.000000 -7.029123
v 8.917093 -2.000000 -7.029123
v 9.214608 -2.000000 -7.029123
v 9.512123 -2.000000 -7.029123
v 9.809638 -2.000000 -7.029123
v 10.107153 -2.000000 -7.029123
v 10.404668 -2.000000 -7.029123
v 10.702183 -2.000000 -7.029123
v 10.999698 -2.000000 -7.029123
v 11.297213 -2.000000 -7.029123
v 11.594728 -2.000000 -7.029123
v 11.892244 -2.000000 -7.029123
v -11.908957 -2.000000 -6.731608
v -11.611442 -2.000000 -6.731608
v -11.313927 -2.000000 -6.731608
v -11.016412 -2.000000 -6.731608
v -10.718897 -2.000000 -6.731608
v -10.421382 -2.000000 -6.731608
v -10.123867 -2.000000 -6.731608
v -9.826352 -2.000000 -6.731608
v -9.528837 -2.000000 -6.731608
v -9.231322 -2.000000 -6.731608
v -8.933807 -2.000000 -6.731608
v -8.636292 -2.000000 -6.731608
v -8.338777 -2.000000 -6.731608
v -8.041262 -2.000000 -6.731608
v -7.743747 -2.000000 -6.731608
v -7.446232 -2.000000 -6.731608
v -7.148717 -2.000000 -6.731608
v -6.851202 -2.000000 -6.731608
v -6.553687 -2.000000 -6.731608
v -6.256172 -2.000000 -6.731608
v -5.958657 -2.000000 -6.731608
v -5.661142 -2.000000 -6.731608
v -5.363627 -2.000000 -6.731608
v -5.066112 -2.000000 -6.731608
v -4.768597 -2.000000 -6.731608
v -4.471082 -2.000000 -6.731608
v -4.173567 -2.000000 -6.731608
v -3.876052 -2.000000 -6.731608
v -3.578537 -2.000000 -6.731608
v -3.281022 -2.000000 -6.731608
v -2.983507 -2.000000 -6.731608
v -2.685992 -2.000000 -6.731608
v -2.388477 -2.000000 -6.731608
v -2.090962 -2.000000 -6.731608
v -1.793447 -2.000000 -6.731608
v -1.495932 -2.000000 -6.731608
v -1.198417 -2.000000 -6.731608
v -0.900902 -2.000000 -6.731608
v -0.603387 -2.000000 -6.731608
v -0.305872 -2.000000 -6.731608
v -0.008357 -2.000000 -6.731608
v 0.289158 -2.000000 -6.731608
v 0.586673 -2.000000 -6.731608
v 0.884188 -2.000000 -6.731608
v 1.181703 -2.000000 -6.731608
v 1.479218 -2.000000 -6.731608
v 1.776733 -2.000000 -6.731608
v 2.074248 -2.000000 -6.731608
v 2.371763 -2.000000 -6.731608
v 2.669278 -2.000000 -6.731608
v 2.966793 -2.000000 -6.731608
v 3.264308 -2.000000 -6.731608
v 3.561823 -2.000000 -6.731608
v 3.859338 -2.000000 -6.731608
v 4.156853 -2.000000 -6.731608
v 4.454368 -2.000000 -6.731608
v 4.751883 -2.000000 -6.731608
v 5.049398 -2.000000 -6.731608
v 5.346913 -2.000000 -6.731608
v 5.644428 -2.000000 -6.731608
v 5.941943 -2.000000 -6.731608
v 6.239458 -2.000000 -6.731608
v 6.536973 -2.000000 -6.731608
v 6.834488 -2.000000 -6.731608
v 7.132003 -2.000000 -6.731608
v 7.429518 -2.000000 -6.731608
v 7.727033 -2.000000 -6.731608
v 8.024548 -2.000000 -6.731608
v 8.322063 -2.000000 -6.731608
v 8.619578 -2.000000 -6.731608
v 8.917093 -2.000000 -6.731608
v 9.214608 -2.000000 -6.731608
v 9.512123 -2.000000 -6.731608
v 9.809638 -2.000000 -6.731608
v 10.107153 -2.000000 -6.731608
v 10.404668 -2.000000 -6.731608
v 10.702183 -2.000000 -6.731608
v 10.999698 -2.000000 -6.731608
v 11.297213 -2.000000 -6.731608
v 11.594728 -2.000000 -6.731608
v 11.892244 -2.000000 -6.731608
v -11.908957 -2.000000 -6.434093
v -11.611442 -2.000000 -6.434093
v -11.313927 -2.000000 -6.434093
v -11.016412 -2.000000 -6.434093
v -10.718897 -2.000000 -6.434093
v -10.421382 -2.000000 -6.434093
v -10.123867 -2.000000 -6.434093
v -9.826352 -2.000000 -6.434093
v -9.528837 -2.000000 -6.434093
v -9.231322 -2.000000 -6.434093
v -8.933807 -2.000000 -6.434093
v -8.636292 -2.000000 -6.434093
v -8.338777 -2.000000 -6.434093
v -8.041262 -2.000000 -6.434093
v -7.743747 -2.000000 -6.434093
v -7.446232 -2.000000 -6.434093
v -7.148717 -2.000000 -6.434093
v -6.851202 -2.000000 -6.434093
v -6.553687 -2.000000 -6.434093
v -6.256172 -2.000000 -6.434093
v -5.958657 -2.000000 -6.434093
v -5.661142 -2.000000 -6.434093
v -5.363627 -2.000000 -6.434093
v -5.066112 -2.000000 -6.434093
v -4.768597 -2.000000 -6.434093
v -4.471082 -2.000000 -6.434093
v -4.173567 -2.000000 -6.434093
v -3.876052 -2.000000 -6.434093
v -3.578537 -2.000000 -6.434093
v -3.281022 -2.000000 -6.434093
v -2.983507 -2.000000 -6.434093
v -2.685992 -2.000000 -6.434093
v -2.388477 -2.000000 -6.434093
v -2.090962 -2.000000 -6.434093
v -1.793447 -2.000000 -6.434093
v -1.495932 -2.000000 -6.434093
v -1.198417 -2.000000 -6.434093
v -0.900902 -2.000000 -6.434093
v -0.603387 -2.000000 -6.434093
v -0.305872 -2.000000 -6.434093
v -0.008357 -2.000000 -6.434093
v 0.289158 -2.000000 -6.434093
v 0.586673 -2.000000 -6.434093
v 0.884188 -2.000000 -6.434093
v 1.181703 -2.000000 -6.434093
v 1.479218 -2.000000 -6.434093
v 1.776733 -2.000000 -6.434093
v 2.074248 -2.000000 -6.434093
v 2.371763 -2.000000 -6.434093
v 2.669278 -2.000000 -6.434093
v 2.966793 -2.000000 -6.434093
v 3.264308 -2.000000 -6.434093
v 3.561823 -2.000000 -6.434093
v 3.859338 -2.000000 -6.434093
v 4.156853 -2.000000 -6.434093
v 4.454368 -2.000000 -6.434093
v 4.751883 -2.000000 -6.434093
v 5.049398 -2.000000 -6.434093
v 5.346913 -2.000000 -6.434093
v 5.644428 -2.000000 -6.434093
v 5.941943 -2.000000 -6.434093
v 6.239458 -2.000000 -6.434093
v 6.536973 -2.000000 -6.434093
v 6.834488 -2.000000 -6.434093
v 7.132003 -2.000000 -6.434093
v 7.429518 -2.000000 -6.434093
v 7.727033 -2.000000 -6.434093
v 8.024548 -2.000000 -6.434093
v 8.322063 -2.000000 -6.434093
v 8.619578 -2.000000 -6.434093
v 8.917093 -2.000000 -6.434093
v 9.214608 -2.000000 -6.434093
v 9.512123 -2.000000 -6.434093
v 9.809638 -2.000000 -6.434093
v 10.107153 -2.000000 -6.434093
v 10.404668 -2.000000 -6.434093
v 10.702183 -2.000000 -6.434093
v 10.999698 -2.000000 -6.434093
v 11.297213 -2.000000 -6.434093
v 11.594728 -2.000000 -6.434093
v 11.892244 -2.000000 -6.434093
v -11.908957 -2.000000 -6.136578
v -11.611442 -2.000000 -6.136578
v -11.313927 -2.000000 -6.136578
v -11.016412 -2.000000 -6.136578
v -10.718897 -2.000000 -6.136578
v -10.421382 -2.000000 -6.136578
v -10.123867 -2.000000 -6.136578
v -9.826352 -2.000000 -6.136578
v -9.528837 -2.000000 -6.136578
v -9.231322 -2.000000 -6.136578
v -8.933807 -2.000000 -6.136578
v -8.636292 -2.000000 -6.136578
v -8.338777 -2.000000 -6.136578
v -8.041262 -2.000000 -6.136578
v -7.743747 -2.000000 -6.136578
v -7.446232 -2.000000 -6.136578
v -7.148717 -2.000000 -6.136578
v -6.851202 -2.000000 -6.136578
v -6.553687 -2.000000 -6.136578
v -6.256172 -2.000000 -6.136578
v -5.958657 -2.000000 -6.136578
v -5.661142 -2.000000 -6.136578
v -5.363627 -2.000000 -6.136578
v -5.066112 -2.000000 -6.136578
v -4.768597 -2.000000 -6.136578
v -4.471082 -2.000000 -6.136578
v -4.173567 -2.000000 -6.136578
v -3.876052 -2.000000 -6.136578
v -3.578537 -2.000000 -6.136578
v -3.281022 -2.000000 -6.136578
v -2.983507 -2.000000 -6.136578
v -2.685992 -2.000000 -6.136578
v -2.388477 -2.000000 -6.136578
v -2.090962 -2.000000 -6.136578
v -1.793447 -2.000000 -6.136578
v -1.495932 -2.000000 -6.136578
v -1.198417 -2.000000 -6.136578
v -0.900902 -2.000000 -6.136578
v -0.603387 -2.000000 -6.136578
v -0.305872 -2.000000 -6.136578
v -0.008357 -2.000000 -6.136578
v 0.289158 -2.000000 -6.136578
v 0.586673 -2.000000 -6.136578
v 0.884188 -2.000000 -6.136578
v 1.181703 -2.000000 -6.136578
v 1.479218 -2.000000 -6.136578
v 1.776733 -2.000000 -6.136578
v 2.074248 -2.000000 -6.136578
v 2.371763 -2.000000 -6.136578
v 2.669278 -2.000000 -6.136578
v 2.966793 -2.000000 -6.136578
v 3.264308 -2.000000 -6.136578
v 3.561823 -2.000000 -6.136578
v 3.859338 -2.000000 -6.136578
v 4.156853 -2.000000 -6.136578
v 4.454368 -2.000000 -6.136578
v 4.751883 -2.000000 -6.136578
v 5.049398 -2.000000 -6.136578
v 5.346913 -2.000000 -6.136578
v 5.644428 -2.000000 -6.136578
v 5.941943 -2.000000 -6.136578
v 6.239458 -2.000000 -6.136578
v 6.536973 -2.000000 -6.136578
v 6.834488 -2.000000 -6.136578
v 7.132003 -2.000000 -6.136578
v 7.429518 -2.000000 -6.136578
v 7.727033 -2.000000 -6.136578
v 8.024548 -2.000000 -6.136578
v 8.322063 -2.000000 -6.136578
v 8.619578 -2.000000 -6.136578
v 8.917093 -2.000000 -6.136578
v 9.214608 -2.000000 -6.136578
v 9.512123 -2.000000 -6.136578
v 9.809638 -2.000000 -6.136578
v 10.107153 -2.000000 -6.136578
v 10.404668 -2.000000 -6.136578
v 10.702183 -2.000000 -6.136578
v 10.999698 -2.000000 -6.136578
v 11.297213 -2.000000 -6.136578
v 11.594728 -2.000000 -6.136578
v 11.892244 -2.000000 -6.136578
v -11.908957 -2.000000 -5.839063
v -11.611442 -2.000000 -5.839063
v -11.313927 -2.000000 -5.839063
v -11.016412 -2.000000 -5.839063
v -10.718897 -2.000000 -5.839063
v -10.421382 -2.000000 -5.839063
v -10.123867 -2.000000 -5.839063
v -9.826352 -2.000000 -5.839063
v -9.528837 -2.000000 -5.839063
v -9.231322 -2.000000 -5.839063
v -8.933807 -2.000000 -5.839063
v -8.636292 -2.000000 -5.839063
v -8.338777 -2.000000 -5.839063
v -8.041262 -2.000000 -5.839063
v -7.743747 -2.000000 -5.839063
v -7.446232 -2.000000 -5.839063
v -7.148717 -2.000000 -5.839063
v -6.851202 -2.000000 -5.839063
v -6.553687 -2.000000 -5.839063
v -6.256172 -2.000000 -5.839063
v -5.958657 -2.000000 -5.839063
v -5.661142 -2.000000 -5.839063
v -5.363627 -2.000000 -5.839063
v -5.066112 -2.000000 -5.839063
v -4.768597 -2.000000 -5.839063
v -4.471082 -2.000000 -5.839063
v -4.173567 -2.000000 -5.839063
v -3.876052 -2.000000 -5.839063
v -3.578537 -2.000000 -5.839063
v -3.281022 -2.000000 -5.839063
v -2.983507 -2.000000 -5.839063
v -2.685992 -2.000000 -5.839063
v -2.388477 -2.000000 -5.839063
v -2.090962 -2.000000 -5.839063
v -1.793447 -2.000000 -5.839063
v -1.495932 -2.000000 -5.839063
v -1.198417 -2.000000 -5.839063
v -0.900902 -2.000000 -5.839063
v -0.603387 -2.000000 -5.839063
v -0.305872 -2.000000 -5.839063
v -0.008357 -2.000000 -5.839063
v 0.289158 -2.000000 -5.839063
v 0.586673 -2.000000 -5.839063
v 0.884188 -2.000000 -5.839063
v 1.181703 -2.000000 -5.839063
v 1.479218 -2.000000 -5.839063
v 1.776733 -2.000000 -5.839063
v 2.074248 -2.000000 -5.839063
v 2.371763 -2.000000 -5.839063
v 2.669278 -2.000000 -5.839063
v 2.966793 -2.000000 -5.839063
v 3.264308 -2.000000 -5.839063
v 3.561823 -2.000000 -5.839063
v 3.859338 -2.000000 -5.839063
v 4.156853 -2.000000 -5.839063
v 4.454368 -2.000000 -5.839063
v 4.751883 -2.000000 -5.839063
v 5.049398 -2.000000 -5.839063
v 5.346913 -2.000000 -5.839063
v 5.644428 -2.000000 -5.839063
v 5.941943 -2.000000 -5.839063
v 6.239458 -2.000000 -5.839063
v 6.536973 -2.000000 -5.839063
v 6.834488 -2.000000 -5.839063
v 7.132003 -2.000000 -5.839063
v 7.429518 -2.000000 -5.839063
v 7.727033 -2.000000 -5.839063
v 8.024548 -2.000000 -5.839063
v 8.322063 -2.000000 -5.839063
v 8.619578 -2.000000 -5.839063
v 8.917093 -2.000000 -5.839063
v 9.214608 -2.000000 -5.839063
v 9.512123 -2.000000 -5.839063
v 9.809638 -2.000000 -5.839063
v 10.107153 -2.000000 -5.839063
v 10.404668 -2.000000 -5.839063
v 10.702183 -2.000000 -5.839063
v 10.999698 -2.000000 -5.839063
v 11.297213 -2.000000 -5.839063
v 11.594728 -2.000000 -5.839063
v 11.892244 -2.000000 -5.839063
v -11.908957 -2.000000 -5.541548
v -11.611442 -2.000000 -5.541548
v -11.313927 -2.000000 -5.541548
v -11.016412 -2.000000 -5.541548
v -10.718897 -2.000000 -5.541548
v -10.421382 -2.000000 -5.541548
v -10.123867 -2.000000 -5.541548
v -9.826352 -2.000000 -5.541548
v -9.528837 -2.000000 -5.541548
v -9.231322 -2.000000 -5.541548
v -8.933807 -2.000000 -5.541548
v -8.636292 -2.000000 -5.541548
v -8.338777 -2.000000 -5.541548
v -8.041262 -2.000000 -5.541548
v -7.743747 -2.000000 -5.541548
v -7.446232 -2.000000 -5.541548
v -7.148717 -2.000000 -5.541548
v -6.851202 -2.000000 -5.541548
v -6.553687 -2.000000 -5.541548
v -6.256172 -2.000000 -5.541548
v -5.958657 -2.000000 -5.541548
v -5.661142 -2.000000 -5.541548
v -5.363627 -2.000000 -5.541548
v -5.066112 -2.000000 -5.541548
v -4.768597 -2.000000 -5.541548
v -4.471082 -2.000000 -5.541548
v -4.173567 -2.000000 -5.541548
v -3.876052 -2.000000 -5.541548
v -3.578537 -2.000000 -5.541548
v -3.281022 -2.000000 -5.541548
v -2.983507 -2.000000 -5.541548
v -2.685992 -2.000000 -5.541548
v -2.388477 -2.000000 -5.541548
v -2.090962 -2.000000 -5.541548
v -1.793447 -2.000000 -5.541548
v -1.495932 -2.000000 -5.541548
v -1.198417 -2.000000 -5.541548
v -0.900902 -2.000000 -5.541548
v -0.603387 -2.000000 -5.541548
v -0.305872 -2.000000 -5.541548
v -0.008357 -2.000000 -5.541548
v 0.289158 -2.000000 -5.541548
v 0.586673 -2.000000 -5.541548
v 0.884188 -2.000000 -5.541548
v 1.181703 -2.000000 -5.541548
v 1.479218 -2.000000 -5.541548
v 1.776733 -2.000000 -5.541548
v 2.074248 -2.000000 -5.541548
v 2.371763 -2.000000 -5.541548
v 2.669278 -2.000000 -5.541548
v 2.966793 -2.000000 -5.541548
v 3.264308 -2.000000 -5.541548
v 3.561823 -2.000000 -5.541548
v 3.859338 -2.000000 -5.541548
v 4.156853 -2.000000 -5.541548
v 4.454368 -2.000000 -5.541548
v 4.751883 -2.000000 -5.541548
v 5.049398 -2.000000 -5.541548
v 5.346913 -2.000000 -5.541548
v 5.644428 -2.000000 -5.541548
v 5.941943 -2.000000 -5.541548
v 6.239458 -2.000000 -5.541548
v 6.536973 -2.000000 -5.541548
v 6.834488 -2.000000 -5.541548
v 7.132003 -2.000000 -5.541548
v 7.429518 -2.000000 -5.541548
v 7.727033 -2.000000 -5.541548
v 8.024548 -2.000000 -5.541548
v 8.322063 -2.000000 -5.541548
v 8.619578 -2.000000 -5.541548
v 8.917093 -2.000000 -5.541548
v 9.214608 -2.000000 -5.541548
v 9.512123 -2.000000 -5.541548
v 9.809638 -2.000000 -5.541548
v 10.107153 -2.000000 -5.541548
v 10.404668 -2.000000 -5.541548
v 10.702183 -2.000000 -5.541548
v 10.999698 -2.000000 -5.541548
v 11.297213 -2.000000 -5.541548
v 11.594728 -2.000000 -5.541548
v 11.892244 -2.000000 -5.541548
v -11.908957 -2.000000 -5.244033
v -11.611442 -2.000000 -5.244033
v -11.313927 -2.000000 -5.244033
v -11.016412 -2.000000 -5.244033
v -10.718897 -2.000000 -5.244033
v -10.421382 -2.000000 -5.244033
v -10.123867 -2.000000 -5.244033
v -9.826352 -2.000000 -5.244033
v -9.528837 -2.000000 -5.244033
v -9.231322 -2.000000 -5.244033
v -8.933807 -2.000000 -5.244033
v -8.636292 -2.000000 -5.244033
v -8.338777 -2.000000 -5.244033
v -8.041262 -2.000000 -5.244033
v -7.743747 -2.000000 -5.244033
v -7.446232 -2.000000 -5.244033
v -7.148717 -2.000000 -5.244033
v -6.851202 -2.000000 -5.244033
v -6.553687 -2.000000 -5.244033
v -6.256172 -2.000000 -5.244033
v -5.958657 -2.000000 -5.244033
v -5.661142 -2.000000 -5.244033
v -5.363627 -2.000000 -5.244033
v -5.066112 -2.000000 -5.244033
v -4.768597 -2.000000 -5.244033
v -4.471082 -2.000000 -5.244033
v -4.173567 -2.000000 -5.244033
v -3.876052 -2.000000 -5.244033
v -3.578537 -2.000000 -5.244033
v -3.281022 -2.000000 -5.244033
v -2.983507 -2.000000 -5.244033
v -2.685992 -2.000000 -5.244033
v -2.388477 -2.000000 -5.244033
v -2.090962 -2.000000 -5.244033
v -1.793447 -2.000000 -5.244033
v -1.495932 -2.000000 -5.244033
v -1.198417 -2.000000 -5.244033
v -0.900902 -2.000000 -5.244033
v -0.603387 -2.000000 -5.244033
v -0.305872 -2.000000 -5.244033
v -0.008357 -2.000000 -5.244033
v 0.289158 -2.000000 -5.244033
v 0.586673 -2.000000 -5.244033
v 0.884188 -2.000000 -5.244033
v 1.181703 -2.000000 -5.244033
v 1.479218 -2.000000 -5.244033
v 1.776733 -2.000000 -5.244033
v 2.074248 -2.000000 -5.244033
v 2.371763 -2.000000 -5.244033
v 2.669278 -2.000000 -5.244033
v 2.966793 -2.000000 -5.244033
v 3.264308 -2.000000 -5.244033
v 3.561823 -2.000000 -5.244033
v 3.859338 -2.000000 -5.244033
v 4.156853 -2.000000 -5.244033
v 4.454368 -2.000000 -5.244033
v 4.751883 -2.000000 -5.244033
v 5.049398 -2.000000 -5.244033
v 5.346913 -2.000000 -5.244033
v 5.644428 -2.000000 -5.244033
v 5.941943 -2.000000 -5.244033
v 6.239458 -2.000000 -5.244033
v 6.536973 -2.000000 -5.244033
v 6.834488 -2.000000 -5.244033
v 7.132003 -2.000000 -5.244033
v 7.429518 -2.000000 -5.244033
v 7.727033 -2.000000 -5.244033
v 8.024548 -2.000000 -5.244033
v 8.322063 -2.000000 -5.244033
v 8.619578 -2.000000 -5.244033
v 8.917093 -2.000000 -5.244033
v 9.214608 -2.000000 -5.244033
v 9.512123 -2.000000 -5.244033
v 9.809638 -2.000000 -5.244033
v 10.107153 -2.000000 -5.244033
v 10.404668 -2.000000 -5.244033
v 10.702183 -2.000000 -5.244033
v 10.999698 -2.000000 -5.244033
v 11.297213 -2.000000 -5.244033
v 11.594728 -2.000000 -5.244033
v 11.892244 -2.000000 -5.244033
v -11.908957 -2.000000 -4.946518
v -11.611442 -2.000000 -4.946518
v -11.313927 -2.000000 -4.946518
v -11.016412 -2.000000 -4.946518
v -10.718897 -2.000000 -4.946518
v -10.421382 -2.000000 -4.946518
v -10.123867 -2.000000 -4.946518
v -9.826352 -2.000000 -4.946518
v -9.528837 -2.000000 -4.946518
v -9.231322 -2.000000 -4.946518
v -8.933807 -2.000000 -4.946518
v -8.636292 -2.000000 -4.946518
v -8.338777 -2.000000 -4.946518
v -8.041262 -2.000000 -4.946518
v -7.743747 -2.000000 -4.946518
v -7.446232 -2.000000 -4.946518
v -7.148717 -2.000000 -4.946518
v -6.851202 -2.000000 -4.946518
v -6.553687 -2.000000 -4.946518
v -6.256172 -2.000000 -4.946518
v -5.958657 -2.000000 -4.946518
v -5.661142 -2.000000 -4.946518
v -5.363627 -2.000000 -4.946518
v -5.066112 -2.000000 -4.946518
v -4.768597 -2.000000 -4.946518
v -4.471082 -2.000000 -4.946518
v -4.173567 -2.000000 -4.946518
v -3.876052 -2.000000 -4.946518
v -3.578537 -2.000000 -4.946518
v -3.281022 -2.000000 -4.946518
v -2.983507 -2.000000 -4.946518
v -2.685992 -2.000000 -4.946518
v -2.388477 -2.000000 -4.946518
v -2.090962 -2.000000 -4.946518
v -1.793447 -2.000000 -4.946518
v -1.495932 -2.000000 -4.946518
v -1.198417 -2.000000 -4.946518
v -0.900902 -2.000000 -4.946518
v -0.603387 -2.000000 -4.946518
v -0.305872 -2.000000 -4.946518
v -0.008357 -2.000000 -4.946518
v 0.289158 -2.000000 -4.946518
v 0.586673 -2.000000 -4.946518
v 0.884188 -2.000000 -4.946518
v 1.181703 -2.000000 -4.946518
v 1.479218 -2.000000 -4.946518
v 1.776733 -2.000000 -4.946518
v 2.074248 -2.000000 -4.946518
v 2.371763 -2.000000 -4.946518
v 2.669278 -2.000000 -4.946518
v 2.966793 -2.000000 -4.946518
v 3.264308 -2.000000 -4.946518
v 3.561823 -2.000000 -4.946518
v 3.859338 -2.000000 -4.946518
v 4.156853 -2.000000 -4.946518
v 4.454368 -2.000000 -4.946518
v 4.751883 -2.000000 -4.946518
v 5.049398 -2.000000 -4.946518
v 5.346913 -2.000000 -4.946518
v 5.644428 -2.000000 -4.946518
v 5.941943 -2.000000 -4.946518
v 6.239458 -2.000000 -4.946518
v 6.536973 -2.000000 -4.946518
v 6.834488 -2.000000 -4.946518
v 7.132003 -2.000000 -4.946518
v 7.429518 -2.000000 -4.946518
v 7.727033 -2.000000 -4.946518
v 8.024548 -2.000000 -4.946518
v 8.322063 -2.000000 -4.946518
v 8.619578 -2.000000 -4.946518
v 8.917093 -2.000000 -4.946518
v 9.214608 -2.000000 -4.946518
v 9.512123 -2.000000 -4.946518
v 9.809638 -2.000000 -4.946518
v 10.107153 -2.000000 -4.946518
v 10.404668 -2.000000 -4.946518
v 10.702183 -2.000000 -4.946518
v 10.999698 -2.000000 -4.946518
v 11.297213 -2.000000 -4.946518
v 11.594728 -2.000000 -4.946518
v 11.892244 -2.000000 -4.946518
v -11.908957 -2.000000 -4.649003
v -11.611442 -2.000000 -4.649003
v -11.313927 -2.000000 -4.649003
v -11.016412 -2.000000 -4.649003
v -10.718897 -2.000000 -4.649003
v -10.421382 -2.000000 -4.649003
v -10.123867 -2.000000 -4.649003
v -9.826352 -2.000000 -4.649003
v -9.528837 -2.000000 -4.649003
v -9.231322 -2.000000 -4.649003
v -8.933807 -2.000000 -4.649003
v -8.636292 -2.000000 -4.649003
v -8.338777 -2.000000 -4.649003
v -8.041262 -2.000000 -4.649003
v -7.743747 -2.000000 -4.649003
v -7.446232 -2.000000 -4.649003
v -7.148717 -2.000000 -4.649003
v -6.851202 -2.000000 -4.649003
v -6.553687 -2.000000 -4.649003
v -6.256172 -2.000000 -4.649003
v -5.958657 -2.000000 -4.649003
v -5.661142 -2.000000 -4.649003
v -5.363627 -2.000000 -4.649003
v -5.066112 -2.000000 -4.649003
v -4.768597 -2.000000 -4.649003
v -4.471082 -2.000000 -4.649003
v -4.173567 -2.000000 -4.649003
v -3.876052 -2.000000 -4.649003
v -3.578537 -2.000000 -4.649003
v -3.281022 -2.000000 -4.649003
v -2.983507 -2.000000 -4.649003
v -2.685992 -2.000000 -4.649003
v -2.388477 -2.000000 -4.649003
v -2.090962 -2.000000 -4.649003
v -1.793447 -2.000000 -4.649003
v -1.495932 -2.000000 -4.649003
v -1.198417 -2.000000 -4.649003
v -0.900902 -2.000000 -4.649003
v -0.603387 -2.000000 -4.649003
v -0.305872 -2.000000 -4.649003
v -0.008357 -2.000000 -4.649003
v 0.289158 -2.000000 -4.649003
v 0.586673 -2.000000 -4.649003
v 0.884188 -2.000000 -4.649003
v 1.181703 -2.000000 -4.649003
v 1.479218 -2.000000 -4.649003
v 1.776733 -2.000000 -4.649003
v 2.074248 -2.000000 -4.649003
v 2.371763 -2.000000 -4.649003
v 2.669278 -2.000000 -4.649003
v 2.966793 -2.000000 -4.649003
v 3.264308 -2.000000 -4.649003
v 3.561823 -2.000000 -4.649003
v 3.859338 -2.000000 -4.649003
v 4.156853 -2.000000 -4.649003
v 4.454368 -2.000000 -4.649003
v 4.751883 -2.000000 -4.649003
v 5.049398 -2.000000 -4.649003
v 5.346913 -2.000000 -4.649003
v 5.644428 -2.000000 -4.649003
v 5.941943 -2.000000 -4.649003
v 6.239458 -2.000000 -4.649003
v 6.536973 -2.000000 -4.649003
v 6.834488 -2.000000 -4.649003
v 7.132003 -2.000000 -4.649003
v 7.429518 -2.000000 -4.649003
v 7.727033 -2.000000 -4.649003
v 8.024548 -2.000000 -4.649003
v 8.322063 -2.000000 -4.649003
v 8.619578 -2.000000 -4.649003
v 8.917093 -2.000000 -4.649003
v 9.214608 -2.000000 -4.649003
v 9.512123 -2.000000 -4.649003
v 9.809638 -2.000000 -4.649003
v 10.107153 -2.000000 -4.649003
v 10.404668 -2.000000 -4.649003
v 10.702183 -2.000000 -4.649003
v 10.999698 -2.000000 -4.649003
v 11.297213 -2.000000 -4.649003
v 11.594728 -2.000000 -4.649003
v 11.892244 -2.000000 -4.649003
v -11.908957 -2.000000 -4.351488
v -11.611442 -2.000000 -4.351488
v -11.313927 -2.000000 -4.351488
v -11.016412 -2.000000 -4.351488
v -10.718897 -2.000000 -4.351488
v -10.421382 -2.000000 -4.351488
v -10.123867 -2.000000 -4.351488
v -9.826352 -2.000000 -4.351488
v -9.528837 -2.000000 -4.351488
v -9.231322 -2.000000 -4.351488
v -8.933807 -2.000000 -4.351488
v -8.636292 -2.000000 -4.351488
v -8.338777 -2.000000 -4.351488
v -8.041262 -2.000000 -4.351488
v -7.743747 -2.000000 -4.351488
v -7.446232 -2.000000 -4.351488
v -7.148717 -2.000000 -4.351488
v -6.851202 -2.000000 -4.351488
v -6.553687 -2.000000 -4.351488
v -6.256172 -2.000000 -4.351488
v -5.958657 -2.000000 -4.351488
v -5.661142 -2.000000 -4.351488
v -5.363627 -2.000000 -4.351488
v -5.066112 -2.000000 -4.351488
v -4.768597 -2.000000 -4.351488
v -4.471082 -2.000000 -4.351488
v -4.173567 -2.000000 -4.351488
v -3.876052 -2.000000 -4.351488
v -3.578537 -2.000000 -4.351488
v -3.281022 -2.000000 -4.351488
v -2.983507 -2.000000 -4.351488
v -2.685992 -2.000000 -4.351488
v -2.388477 -2.000000 -4.351488
v -2.090962 -2.000000 -4.351488
v -1.793447 -2.000000 -4.351488
v -1.495932 -2.000000 -4.351488
v -1.198417 -2.000000 -4.351488
v -0.900902 -2.000000 -4.351488
v -0.603387 -2.000000 -4.351488
v -0.305872 -2.000000 -4.351488
v -0.008357 -2.000000 -4.351488
v 0.289158 -2.000000 -4.351488
v 0.586673 -2.000000 -4.351488
v 0.884188 -2.000000 -4.351488
v 1.181703 -2.000000 -4.351488
v 1.479218 -2.000000 -4.351488
v 1.776733 -2.000000 -4.351488
v 2.074248 -2.000000 -4.351488
v 2.371763 -2.000000 -4.351488
v 2.669278 -2.000000 -4.351488
v 2.966793 -2.000000 -4.351488
v 3.264308 -2.000000 -4.351488
v 3.561823 -2.000000 -4.351488
v 3.859338 -2.000000 -4.351488
v 4.156853 -2.000000 -4.351488
v 4.454368 -2.000000 -4.351488
v 4.751883 -2.000000 -4.351488
v 5.049398 -2.000000 -4.351488
v 5.346913 -2.000000 -4.351488
v 5.644428 -2.000000 -4.351488
v 5.941943 -2.000000 -4.351488
v 6.239458 -2.000000 -4.351488
v 6.536973 -2.000000 -4.351488
v 6.834488 -2.000000 -4.351488
v 7.132003 -2.000000 -4.351488
v 7.429518 -2.000000 -4.351488
v 7.727033 -2.000000 -4.351488
v 8.024548 -2.000000 -4.351488
v 8.322063 -2.000000 -4.351488
v 8.619578 -2.000000 -4.351488
v 8.917093 -2.000000 -4.351488
v 9.214608 -2.000000 -4.351488
v 9.512123 -2.000000 -4.351488
v 9.809638 -2.000000 -4.351488
v 10.107153 -2.000000 -4.351488
v 10.404668 -2.000000 -4.351488
v 10.702183 -2.000000 -4.351488
v 10.999698 -2.000000 -4.351488
v 11.297213 -2.000000 -4.351488
v 11.594728 -2.000000 -4.351488
v 11.892244 -2.000000 -4.351488
v -11.908957 -2.000000 -4.053973
v -11.611442 -2.000000 -4.053973
v -11.313927 -2.000000 -4.053973
v -11.016412 -2.000000 -4.053973
v -10.718897 -2.000000 -4.053973
v -10.421382 -2.000000 -4.053973
v -10.123867 -2.000000 -4.053973
v -9.826352 -2.000000 -4.053973
v -9.528837 -2.000000 -4.053973
v -9.231322 -2.000000 -4.053973
v -8.933807 -2.000000 -4.053973
v -8.636292 -2.000000 -4.053973
v -8.338777 -2.000000 -4.053973
v -8.041262 -2.000000 -4.053973
v -7.743747 -2.000000 -4.053973
v -7.446232 -2.000000 -4.053973
v -7.148717 -2.000000 -4.053973
v -6.851202 -2.000000 -4.053973
v -6.553687 -2.000000 -4.053973
v -6.256172 -2.000000 -4.053973
v -5.958657 -2.000000 -4.053973
v -5.661142 -2.000000 -4.053973
v -5.363627 -2.000000 -4.053973
v -5.066112 -2.000000 -4.053973
v -4.768597 -2.000000 -4.053973
v -4.471082 -2.000000 -4.053973
v -4.173567 -2.000000 -4.053973
v -3.876052 -2.000000 -4.053973
v -3.578537 -2.000000 -4.053973
v -3.281022 -2.000000 -4.053973
v -2.983507 -2.000000 -4.053973
v -2.685992 -2.000000 -4.053973
v -2.388477 -2.000000 -4.053973
v -2.090962 -2.000000 -4.053973
v -1.793447 -2.000000 -4.053973
v -1.495932 -2.000000 -4.053973
v -1.198417 -2.000000 -4.053973
v -0.900902 -2.000000 -4.053973
v -0.603387 -2.000000 -4.053973
v -0.305872 -2.000000 -4.053973
v -0.008357 -2.000000 -4.053973
v 0.289158 -2.000000 -4.053973
v 0.586673 -2.000000 -4.053973
v 0.884188 -2.000000 -4.053973
v 1.181703 -2.000000 -4.053973
v 1.479218 -2.000000 -4.053973
v 1.776733 -2.000000 -4.053973
v 2.074248 -2.000000 -4.053973
v 2.371763 -2.000000 -4.053973
v 2.669278 -2.000000 -4.053973
v 2.966793 -2.000000 -4.053973
v 3.264308 -2.000000 -4.053973
v 3.561823 -2.000000 -4.053973
v 3.859338 -2.000000 -4.053973
v 4.156853 -2.000000 -4.053973
v 4.454368 -2.000000 -4.053973
v 4.751883 -2.000000 -4.053973
v 5.049398 -2.000000 -4.053973
v 5.346913 -2.000000 -4.053973
v 5.644428 -2.000000 -4.053973
v 5.941943 -2.000000 -4.053973
v 6.239458 -2.000000 -4.053973
v 6.536973 -2.000000 -4.053973
v 6.834488 -2.000000 -4.053973
v 7.132003 -2.000000 -4.053973
v 7.429518 -2.000000 -4.053973
v 7.727033 -2.000000 -4.053973
v 8.024548 -2.000000 -4.053973
v 8.322063 -2.000000 -4.053973
v 8.619578 -2.000000 -4.053973
v 8.917093 -2.000000 -4.053973
v 9.214608 -2.000000 -4.053973
v 9.512123 -2.000000 -4.053973
v 9.809638 -2.000000 -4.053973
v 10.107153 -2.000000 -4.053973
v 10.404668 -2.000000 -4.053973
v 10.702183 -2.000000 -4.053973
v 10.999698 -2.000000 -4.053973
v 11.297213 -2.000000 -4.053973
v 11.594728 -2.000000 -4.053973
v 11.892244 -2.000000 -4.053973
v -11.908957 -2.000000 -3.756458
v -11.611442 -2.000000 -3.756458
v -11.313927 -2.000000 -3.756458
v -11.016412 -2.000000 -3.756458
v -10.718897 -2.000000 -3.756458
v -10.421382 -2.000000 -3.756458
v -10.123867 -2.000000 -3.756458
v -9.826352 -2.000000 -3.756458
v -9.528837 -2.000000 -3.756458
v -9.231322 -2.000000 -3.756458
v -8.933807 -2.000000 -3.756458
v -8.636292 -2.000000 -3.756458
v -8.338777 -2.000000 -3.756458
v -8.041262 -2.000000 -3.756458
v -7.743747 -2.000000 -3.756458
v -7.446232 -2.000000 -3.756458
v -7.148717 -2.000000 -3.756458
v -6.851202 -2.000000 -3.756458
v -6.553687 -2.000000 -3.756458
v -6.256172 -2.000000 -3.756458
v -5.958657 -2.000000 -3.756458
v -5.661142 -2.000000 -3.756458
v -5.363627 -2.000000 -3.756458
v -5.066112 -2.000000 -3.756458
v -4.768597 -2.000000 -3.756458
v -4.471082 -2.000000 -3.756458
v -4.173567 -2.000000 -3.756458
v -3.876052 -2.000000 -3.756458
v -3.578537 -2.000000 -3.756458
v -3.281022 -2.000000 -3.756458
v -2.983507 -2.000000 -3.756458
v -2.685992 -2.000000 -3.756458
v -2.388477 -2.000000 -3.756458
v -2.090962 -2.000000 -3.756458
v -1.793447 -2.000000 -3.756458
v -1.495932 -2.000000 -3.756458
v -1.198417 -2.000000 -3.756458
v -0.900902 -2.000000 -3.756458
v -0.603387 -2.000000 -3.756458
v -0.305872 -2.000000 -3.756458
v -0.008357 -2.000000 -3.756458
v 0.289158 -2.000000 -3.756458
v 0.586673 -2.000000 -3.756458
v 0.884188 -2.000000 -3.756458
v 1.181703 -2.000000 -3.756458
v 1.479218 -2.000000 -3.756458
v 1.776733 -2.000000 -3.756458
v 2.074248 -2.000000 -3.756458
v 2.371763 -2.000000 -3.756458
v 2.669278 -2.000000 -3.756458
v 2.966793 -2.000000 -3.756458
v 3.264308 -2.000000 -3.756458
v 3.561823 -2.000000 -3.756458
v 3.859338 -2.000000 -3.756458
v 4.156853 -2.000000 -3.756458
v 4.454368 -2.000000 -3.756458
v 4.751883 -2.000000 -3.756458
v 5.049398 -2.000000 -3.756458
v 5.346913 -2.000000 -3.756458
v 5.644428 -2.000000 -3.756458
v 5.941943 -2.000000 -3.756458
v 6.239458 -2.000000 -3.756458
v 6.536973 -2.000000 -3.756458
v 6.834488 -2.000000 -3.756458
v 7.132003 -2.000000 -3.756458
v 7.429518 -2.000000 -3.756458
v 7.727033 -2.000000 -3.756458
v 8.024548 -2.000000 -3.756458
v 8.322063 -2.000000 -3.756458
v 8.619578 -2.000000 -3.756458
v 8.917093 -2.000000 -3.756458
v 9.214608 -2.000000 -3.756458
v 9.512123 -2.000000 -3.756458
v 9.809638 -2.000000 -3.756458
v 10.107153 -2.000000 -3.756458
v 10.404668 -2.000000 -3.756458
v 10.702183 -2.000000 -3.756458
v 10.999698 -2.000000 -3.756458
v 11.297213 -2.000000 -3.756458
v 11.594728 -2.000000 -3.756458
v 11.892244 -2.000000 -3.756458
v -11.908957 -2.000000 -3.458943
v -11.611442 -2.000000 -3.458943
v -11.313927 -2.000000 -3.458943
v -11.016412 -2.000000 -3.458943
v -10.718897 -2.000000 -3.458943
v -10.421382 -2.000000 -3.458943
v -10.123867 -2.000000 -3.458943
v -9.826352 -2.000000 -3.458943
v -9.528837 -2.000000 -3.458943
v -9.231322 -2.000000 -3.458943
v -8.933807 -2.000000 -3.458943
v -8.636292 -2.000000 -3.458943
v -8.338777 -2.000000 -3.458943
v -8.041262 -2.000000 -3.458943
v -7.743747 -2.000000 -3.458943
v -7.446232 -2.000000 -3.458943
v -7.148717 -2.000000 -3.458943
v -6.851202 -2.000000 -3.458943
v -6.553687 -2.000000 -3.458943
v -6.256172 -2.000000 -3.458943
v -5.958657 -2.000000 -3.458943
v -5.661142 -2.000000 -3.458943
v -5.363627 -2.000000 -3.458943
v -5.066112 -2.000000 -3.458943
v -4.768597 -2.000000 -3.458943
v -4.471082 -2.000000 -3.458943
v -4.173567 -2.000000 -3.458943
v -3.876052 -2.000000 -3.458943
v -3.578537 -2.000000 -3.458943
v -3.281022 -2.000000 -3.458943
v -2.983507 -2.000000 -3.458943
v -2.685992 -2.000000 -3.458943
v -2.388477 -2.000000 -3.458943
v -2.090962 -2.000000 -3.458943
v -1.793447 -2.000000 -3.458943
v -1.495932 -2.000000 -3.458943
v -1.198417 -2.000000 -3.458943
v -0.900902 -2.000000 -3.458943
v -0.603387 -2.000000 -3.458943
v -0.305872 -2.000000 -3.458943
v -0.008357 -2.000000 -3.458943
v 0.289158 -2.000000 -3.458943
v 0.586673 -2.000000 -3.458943
v 0.884188 -2.000000 -3.458943
v 1.181703 -2.000000 -3.458943
v 1.479218 -2.000000 -3.458943
v 1.776733 -2.000000 -3.458943
v 2.074248 -2.000000 -3.458943
v 2.371763 -2.000000 -3.458943
v 2.669278 -2.000000 -3.458943
v 2.966793 -2.000000 -3.458943
v 3.264308 -2.000000 -3.458943
v 3.561823 -2.000000 -3.458943
v 3.859338 -2.000000 -3.458943
v 4.156853 -2.000000 -3.458943
v 4.454368 -2.000000 -3.458943
v 4.751883 -2.000000 -3.458943
v 5.049398 -2.000000 -3.458943
v 5.346913 -2.000000 -3.458943
v 5.644428 -2.000000 -3.458943
v 5.941943 -2.000000 -3.458943
v 6.239458 -2.000000 -3.458943
v 6.536973 -2.000000 -3.458943
v 6.834488 -2.000000 -3.458943
v 7.132003 -2.000000 -3.458943
v 7.429518 -2.000000 -3.458943
v 7.727033 -2.000000 -3.458943
v 8.024548 -2.000000 -3.458943
v 8.322063 -2.000000 -3.458943
v 8.619578 -2.000000 -3.458943
v 8.917093 -2.000000 -3.458943
v 9.214608 -2.000000 -3.458943
v 9.512123 -2.000000 -3.458943
v 9.809638 -2.000000 -3.458943
v 10.107153 -2.000000 -3.458943
v 10.404668 -2.000000 -3.458943
v 10.702183 -2.000000 -3.458943
v 10.999698 -2.000000 -3.458943
v 11.297213 -2.000000 -3.458943
v 11.594728 -2.000000 -3.458943
v 11.892244 -2.000000 -3.458943
v -11.908957 -2.000000 -3.161428
v -11.611442 -2.000000 -3.161428
v -11.313927 -2.000000 -3.161428
v -11.016412 -2.000000 -3.161428
v -10.718897 -2.000000 -3.161428
v -10.421382 -2.000000 -3.161428
v -10.123867 -2.000000 -3.161428
v -9.826352 -2.000000 -3.161428
v -9.528837 -2.000000 -3.161428
v -9.231322 -2.000000 -3.161428
v -8.933807 -2.000000 -3.161428
v -8.636292 -2.000000 -3.161428
v -8.338777 -2.000000 -3.161428
v -8.041262 -2.000000 -3.161428
v -7.743747 -2.000000 -3.161428
v -7.446232 -2.000000 -3.161428
v -7.148717 -2.000000 -3.161428
v -6.851202 -2.000000 -3.161428
v -6.553687 -2.000000 -3.161428
v -6.256172 -2.000000 -3.161428
v -5.958657 -2.000000 -3.161428
v -5.661142 -2.000000 -3.161428
v -5.363627 -2.000000 -3.161428
v -5.066112 -2.000000 -3.161428
v -4.768597 -2.000000 -3.161428
v -4.471082 -2.000000 -3.161428
v -4.173567 -2.000000 -3.161428
v -3.876052 -2.000000 -3.161428
v -3.578537 -2.000000 -3.161428
v -3.281022 -2.000000 -3.161428
v -2.983507 -2.000000 -3.161428
v -2.685992 -2.000000 -3.161428
v -2.388477 -2.000000 -3.161428
v -2.090962 -2.000000 -3.161428
v -1.793447 -2.000000 -3.161428
v -1.495932 -2.000000 -3.161428
v -1.198417 -2.000000 -3.161428
v -0.900902 -2.000000 -3.161428
v -0.603387 -2.000000 -3.161428
v -0.305872 -2.000000 -3.161428
v -0.008357 -2.000000 -3.161428
v 0.289158 -2.000000 -3.161428
v 0.586673 -2.000000 -3.161428
v 0.884188 -2.000000 -3.161428
v 1.181703 -2.000000 -3.161428
v 1.479218 -2.000000 -3.161428
v 1.776733 -2.000000 -3.161428
v 2.074248 -2.000000 -3.161428
v 2.371763 -2.000000 -3.161428
v 2.669278 -2.000000 -3.161428
v 2.966793 -2.000000 -3.161428
v 3.264308 -2.000000 -3.161428
v 3.561823 -2.000000 -3.161428
v 3.859338 -2.000000 -3.161428
v 4.156853 -2.000000 -3.161428
v 4.454368 -2.000000 -3.161428
v 4.751883 -2.000000 -3.161428
v 5.049398 -2.000000 -3.161428
v 5.346913 -2.000000 -3.161428
v 5.644428 -2.000000 -3.161428
v 5.941943 -2.000000 -3.161428
v 6.239458 -2.000000 -3.161428
v 6.536973 -2.000000 -3.161428
v 6.834488 -2.000000 -3.161428
v 7.132003 -2.000000 -3.161428
v 7.429518 -2.000000 -3.161428
v 7.727033 -2.000000 -3.161428
v 8.024548 -2.000000 -3.161428
v 8.322063 -2.000000 -3.161428
v 8.619578 -2.000000 -3.161428
v 8.917093 -2.000000 -3.161428
v 9.214608 -2.000000 -3.161428
v 9.512123 -2.000000 -3.161428
v 9.809638 -2.000000 -3.161428
v 10.107153 -2.000000 -3.161428
v 10.404668 -2.000000 -3.161428
v 10.702183 -2.000000 -3.161428
v 10.999698 -2.000000 -3.161428
v 11.297213 -2.000000 -3.161428
v 11.594728 -2.000000 -3.161428
v 11.892244 -2.000000 -3.161428
v -11.908957 -2.000000 -2.863913
v -11.611442 -2.000000 -2.863913
v -11.313927 -2.000000 -2.863913
v -11.016412 -2.000000 -2.863913
v -10.718897 -2.000000 -2.863913
v -10.421382 -2.000000 -2.863913
v -10.123867 -2.000000 -2.863913
v -9.826352 -2.000000 -2.863913
v -9.528837 -2.000000 -2.863913
v -9.231322 -2.000000 -2.863913
v -8.933807 -2.000000 -2.863913
v -8.636292 -2.000000 -2.863913
v -8.338777 -2.000000 -2.863913
v -8.041262 -2.000000 -2.863913
v -7.743747 -2.000000 -2.863913
v -7.446232 -2.000000 -2.863913
v -7.148717 -2.000000 -2.863913
v -6.851202 -2.000000 -2.863913
v -6.553687 -2.000000 -2.863913
v -6.256172 -2.000000 -2.863913
v -5.958657 -2.000000 -2.863913
v -5.661142 -2.000000 -2.863913
v -5.363627 -2.000000 -2.863913
v -5.066112 -2.000000 -2.863913
v -4.768597 -2.000000 -2.863913
v -4.471082 -2.000000 -2.863913
v -4.173567 -2.000000 -2.863913
v -3.876052 -2.000000 -2.863913
v -3.578537 -2.000000 -2.863913
v -3.281022 -2.000000 -2.863913
v -2.983507 -2.000000 -2.863913
v -2.685992 -2.000000 -2.863913
v -2.388477 -2.000000 -2.863913
v -2.090962 -2.000000 -2.863913
v -1.793447 -2.000000 -2.863913
v -1.495932 -2.000000 -2.863913
v -1.198417 -2.000000 -2.863913
v -0.900902 -2.000000 -2.863913
v -0.603387 -2.000000 -2.863913
v -0.305872 -2.000000 -2.863913
v -0.008357 -2.000000 -2.863913
v 0.289158 -2.000000 -2.863913
v 0.586673 -2.000000 -2.863913
v 0.884188 -2.000000 -2.863913
v 1.181703 -2.000000 -2.863913
v 1.479218 -2.000000 -2.863913
v 1.776733 -2.000000 -2.863913
v 2.074248 -2.000000 -2.863913
v 2.371763 -2.000000 -2.863913
v 2.669278 -2.000000 -2.863913
v 2.966793 -2.000000 -2.863913
v 3.264308 -2.000000 -2.863913
v 3.561823 -2.000000 -2.863913
v 3.859338 -2.000000 -2.863913
v 4.156853 -2.000000 -2.863913
v 4.454368 -2.000000 -2.863913
v 4.751883 -2.000000 -2.863913
v 5.049398 -2.000000 -2.863913
v 5.346913 -2.000000 -2.863913
v 5.644428 -2.000000 -2.863913
v 5.941943 -2.000000 -2.863913
v 6.239458 -2.000000 -2.863913
v 6.536973 -2.000000 -2.863913
v 6.834488 -2.000000 -2.863913
v 7.132003 -2.000000 -2.863913
v 7.429518 -2.000000 -2.863913
v 7.727033 -2.000000 -2.863913
v 8.024548 -2.000000 -2.863913
v 8.322063 -2.000000 -2.863913
v 8.619578 -2.000000 -2.863913
v 8.917093 -2.000000 -2.863913
v 9.214608 -2.000000 -2.863913
v 9.512123 -2.000000 -2.863913
v 9.809638 -2.000000 -2.863913
v 10.107153 -2.000000 -2.863913
v 10.404668 -2.000000 -2.863913
v 10.702183 -2.000000 -2.863913
v 10.999698 -2.000000 -2.863913
v 11.297213 -2.000000 -2.863913
v 11.594728 -2.000000 -2.863913
v 11.892244 -2.000000 -2.863913
v -11.908957 -2.000000 -2.566398
v -11.611442 -2.000000 -2.566398
v -11.313927 -2.000000 -2.566398
v -11.016412 -2.000000 -2.566398
v -10.718897 -2.000000 -2.566398
v -10.421382 -2.000000 -2.566398
v -10.123867 -2.000000 -2.566398
v -9.826352 -2.000000 -2.566398
v -9.528837 -2.000000 -2.566398
v -9.231322 -2.000000 -2.566398
v -8.933807 -2.000000 -2.566398
v -8.636292 -2.000000 -2.566398
v -8.338777 -2.000000 -2.566398
v -8.041262 -2.000000 -2.566398
v -7.743747 -2.000000 -2.566398
v -7.446232 -2.000000 -2.566398
v -7.148717 -2.000000 -2.566398
v -6.851202 -2.000000 -2.566398
v -6.553687 -2.000000 -2.566398
v -6.256172 -2.000000 -2.566398
v -5.958657 -2.000000 -2.566398
v -5.661142 -2.000000 -2.566398
v -5.363627 -2.000000 -2.566398
v -5.066112 -2.000000 -2.566398
v -4.768597 -2.000000 -2.566398
v -4.471082 -2.000000 -2.566398
v -4.173567 -2.000000 -2.566398
v -3.876052 -2.000000 -2.566398
v -3.578537 -2.000000 -2.566398
v -3.281022 -2.000000 -2.566398
v -2.983507 -2.000000 -2.566398
v -2.685992 -2.000000 -2.566398
v -2.388477 -2.000000 -2.566398
v -2.090962 -2.000000 -2.566398
v -1.793447 -2.000000 -2.566398
v -1.495932 -2.000000 -2.566398
v -1.198417 -2.000000 -2.566398
v -0.900902 -2.000000 -2.566398
v -0.603387 -2.000000 -2.566398
v -0.305872 -2.000000 -2.566398
v -0.008357 -2.000000 -2.566398
v 0.289158 -2.000000 -2.566398
v 0.586673 -2.000000 -2.566398
v 0.884188 -2.000000 -2.566398
v 1.181703 -2.000000 -2.566398
v 1.479218 -2.000000 -2.566398
v 1.776733 -2.000000 -2.566398
v 2.074248 -2.000000 -2.566398
v 2.371763 -2.000000 -2.566398
v 2.669278 -2.000000 -2.566398
v 2.966793 -2.000000 -2.566398
v 3.264308 -2.000000 -2.566398
v 3.561823 -2.000000 -2.566398
v 3.859338 -2.000000 -2.566398
v 4.156853 -2.000000 -2.566398
v 4.454368 -2.000000 -2.566398
v 4.751883 -2.000000 -2.566398
v 5.049398 -2.000000 -2.566398
v 5.346913 -2.000000 -2.566398
v 5.644428 -2.000000 -2.566398
v 5.941943 -2.000000 -2.566398
v 6.239458 -2.000000 -2.566398
v 6.536973 -2.000000 -2.566398
v 6.834488 -2.000000 -2.566398
v 7.132003 -2.000000 -2.566398
v 7.429518 -2.000000 -2.566398
v 7.727033 -2.000000 -2.566398
v 8.024548 -2.000000 -2.566398
v 8.322063 -2.000000 -2.566398
v 8.619578 -2.000000 -2.566398
v 8.917093 -2.000000 -2.566398
v 9.214608 -2.000000 -2.566398
v 9.512123 -2.000000 -2.566398
v 9.809638 -2.000000 -2.566398
v 10.107153 -2.000000 -2.566398
v 10.404668 -2.000000 -2.566398
v 10.702183 -2.000000 -2.566398
v 10.999698 -2.000000 -2.566398
v 11.297213 -2.000000 -2.566398
v 11.594728 -2.000000 -2.566398
v 11.892244 -2.000000 -2.566398
v -11.908957 -2.000000 -2.268883
v -11.611442 -2.000000 -2.268883
v -11.313927 -2.000000 -2.268883
v -11.016412 -2.000000 -2.268883
v -10.718897 -2.000000 -2.268883
v -10.421382 -2.000000 -2.268883
v -10.123867 -2.000000 -2.268883
v -9.826352 -2.000000 -2.268883
v -9.528837 -2.000000 -2.268883
v -9.231322 -2.000000 -2.268883
v -8.933807 -2.000000 -2.268883
v -8.636292 -2.000000 -2.268883
v -8.338777 -2.000000 -2.268883
v -8.041262 -2.000000 -2.268883
v -7.743747 -2.000000 -2.268883
v -7.446232 -2.000000 -2.268883
v -7.148717 -2.000000 -2.268883
v -6.851202 -2.000000 -2.268883
v -6.553687 -2.000000 -2.268883
v -6.256172 -2.000000 -2.268883
v -5.958657 -2.000000 -2.268883
v -5.661142 -2.000000 -2.268883
v -5.363627 -2.000000 -2.268883
v -5.066112 -2.000000 -2.268883
v -4.768597 -2.000000 -2.268883
v -4.471082 -2.000000 -2.268883
v -4.173567 -2.000000 -2.268883
v -3.876052 -2.000000 -2.268883
v -3.578537 -2.000000 -2.268883
v -3.281022 -2.000000 -2.268883
v -2.983507 -2.000000 -2.268883
v -2.685992 -2.000000 -2.268883
v -2.388477 -2.000000 -2.268883
v -2.090962 -2.000000 -2.268883
v -1.793447 -2.000000 -2.268883
v -1.495932 -2.000000 -2.268883
v -1.198417 -2.000000 -2.268883
v -0.900902 -2.000000 -2.268883
v -0.603387 -2.000000 -2.268883
v -0.305872 -2.000000 -2.268883
v -0.008357 -2.000000 -2.268883
v 0.289158 -2.000000 -2.268883
v 0.586673 -2.000000 -2.268883
v 0.884188 -2.000000 -2.268883
v 1.181703 -2.000000 -2.268883
v 1.479218 -2.000000 -2.268883
v 1.776733 -2.000000 -2.268883
v 2.074248 -2.000000 -2.268883
v 2.371763 -2.000000 -2.268883
v 2.669278 -2.000000 -2.268883
v 2.966793 -2.000000 -2.268883
v 3.264308 -2.000000 -2.268883
v 3.561823 -2.000000 -2.268883
v 3.859338 -2.000000 -2.268883
v 4.156853 -2.000000 -2.268883
v 4.454368 -2.000000 -2.268883
v 4.751883 -2.000000 -2.268883
v 5.049398 -2.000000 -2.268883
v 5.346913 -2.000000 -2.268883
v 5.644428 -2.000000 -2.268883
v 5.941943 -2.000000 -2.268883
v 6.239458 -2.000000 -2.268883
v 6.536973 -2.000000 -2.268883
v 6.834488 -2.000000 -2.268883
v 7.132003 -2.000000 -2.268883
v 7.429518 -2.000000 -2.268883
v 7.727033 -2.000000 -2.268883
v 8.024548 -2.000000 -2.268883
v 8.322063 -2.000000 -2.268883
v 8.619578 -2.000000 -2.268883
v 8.917093 -2.000000 -2.268883
v 9.214608 -2.000000 -2.268883
v 9.512123 -2.000000 -2.268883
v 9.809638 -2.000000 -2.268883
v 10.107153 -2.000000 -2.268883
v 10.404668 -2.000000 -2.268883
v 10.702183 -2.000000 -2.268883
v 10.999698 -2.000000 -2.268883
v 11.297213 -2.000000 -2.268883
v 11.594728 -2.000000 -2.268883
v 11.892244 -2.000000 -2.268883
v -11.908957 -2.000000 -1.971368
v -11.611442 -2.000000 -1.971368
v -11.313927 -2.000000 -1.971368
v -11.016412 -2.000000 -1.971368
v -10.718897 -2.000000 -1.971368
v -10.421382 -2.000000 -1.971368
v -10.123867 -2.000000 -1.971368
v -9.826352 -2.000000 -1.971368
v -9.528837 -2.000000 -1.971368
v -9.231322 -2.000000 -1.971368
v -8.933807 -2.000000 -1.971368
v -8.636292 -2.000000 -1.971368
v -8.338777 -2.000000 -1.971368
v -8.041262 -2.000000 -1.971368
v -7.743747 -2.000000 -1.971368
v -7.446232 -2.000000 -1.971368
v -7.148717 -2.000000 -1.971368
v -6.851202 -2.000000 -1.971368
v -6.553687 -2.000000 -1.971368
v -6.256172 -2.000000 -1.971368
v -5.958657 -2.000000 -1.971368
v -5.661142 -2.000000 -1.971368
v -5.363627 -2.000000 -1.971368
v -5.066112 -2.000000 -1.971368
v -4.768597 -2.000000 -1.971368
v -4.471082 -2.000000 -1.971368
v -4.173567 -2.000000 -1.971368
v -3.876052 -2.000000 -1.971368
v -3.578537 -2.000000 -1.971368
v -3.281022 -2.000000 -1.971368
v -2.983507 -2.000000 -1.971368
v -2.685992 -2.000000 -1.971368
v -2.388477 -2.000000 -1.971368
v -2.090962 -2.000000 -1.971368
v -1.793447 -2.000000 -1.971368
v -1.495932 -2.000000 -1.971368
v -1.198417 -2.000000 -1.971368
v -0.900902 -2.000000 -1.971368
v -0.603387 -2.000000 -1.971368
v -0.305872 -2.000000 -1.971368
v -0.008357 -2.000000 -1.971368
v 0.289158 -2.000000 -1.971368
v 0.586673 -2.000000 -1.971368
v 0.884188 -2.000000 -1.971368
v 1.181703 -2.000000 -1.971368
v 1.479218 -2.000000 -1.971368
v 1.776733 -2.000000 -1.971368
v 2.074248 -2.000000 -1.971368
v 2.371763 -2.000000 -1.971368
v 2.669278 -2.000000 -1.971368
v 2.966793 -2.000000 -1.971368
v 3.264308 -2.000000 -1.971368
v 3.561823 -2.000000 -1.971368
v 3.859338 -2.000000 -1.971368
v 4.156853 -2.000000 -1.971368
v 4.454368 -2.000000 -1.971368
v 4.751883 -2.000000 -1.971368
v 5.049398 -2.000000 -1.971368
v 5.346913 -2.000000 -1.971368
v 5.644428 -2.000000 -1.971368
v 5.941943 -2.000000 -1.971368
v 6.239458 -2.000000 -1.971368
v 6.536973 -2.000000 -1.971368
v 6.834488 -2.000000 -1.971368
v 7.132003 -2.000000 -1.971368
v 7.429518 -2.000000 -1.971368
v 7.727033 -2.000000 -1.971368
v 8.024548 -2.000000 -1.971368
v 8.322063 -2.000000 -1.971368
v 8.619578 -2.000000 -1.971368
v 8.917093 -2.000000 -1.971368
v 9.214608 -2.000000 -1.971368
v 9.512123 -2.000000 -1.971368
v 9.809638 -2.000000 -1.971368
v 10.107153 -2.000000 -1.971368
v 10.404668 -2.000000 -1.971368
v 10.702183 -2.000000 -1.971368
v 10.999698 -2.000000 -1.971368
v 11.297213 -2.000000 -1.971368
v 11.594728 -2.000000 -1.971368
v 11.892244 -2.000000 -1.971368
v -11.908957 -2.000000 -1.673853
v -11.611442 -2.000000 -1.673853
v -11.313927 -2.000000 -1.673853
v -11.016412 -2.000000 -1.673853
v -10.718897 -2.000000 -1.673853
v -10.421382 -2.000000 -1.673853
v -10.123867 -2.000000 -1.673853
v -9.826352 -2.000000 -1.673853
v -9.528837 -2.000000 -1.673853
v -9.231322 -2.000000 -1.673853
v -8.933807 -2.000000 -1.673853
v -8.636292 -2.000000 -1.673853
v -8.338777 -2.000000 -1.673853
v -8.041262 -2.000000 -1.673853
v -7.743747 -2.000000 -1.673853
v -7.446232 -2.000000 -1.673853
v -7.148717 -2.000000 -1.673853
v -6.851202 -2.000000 -1.673853
v -6.553687 -2.000000 -1.673853
v -6.256172 -2.000000 -1.673853
v -5.958657 -2.000000 -1.673853
v -5.661142 -2.000000 -1.673853
v -5.363627 -2.000000 -1.673853
v -5.066112 -2.000000 -1.673853
v -4.768597 -2.000000 -1.673853
v -4.471082 -2.000000 -1.673853
v -4.173567 -2.000000 -1.673853
v -3.876052 -2.000000 -1.673853
v -3.578537 -2.000000 -1.673853
v -3.281022 -2.000000 -1.673853
v -2.983507 -2.000000 -1.673853
v -2.685992 -2.000000 -1.673853
v -2.388477 -2.000000 -1.673853
v -2.090962 -2.000000 -1.673853
v -1.793447 -2.000000 -1.673853
v -1.495932 -2.000000 -1.673853
v -1.198417 -2.000000 -1.673853
v -0.900902 -2.000000 -1.673853
v -0.603387 -2.000000 -1.673853
v -0.305872 -2.000000 -1.673853
v -0.008357 -2.000000 -1.673853
v 0.289158 -2.000000 -1.673853
v 0.586673 -2.000000 -1.673853
v 0.884188 -2.000000 -1.673853
v 1.181703 -2.000000 -1.673853
v 1.479218 -2.000000 -1.673853
v 1.776733 -2.000000 -1.673853
v 2.074248 -2.000000 -1.673853
v 2.371763 -2.000000 -1.673853
v 2.669278 -2.000000 -1.673853
v 2.966793 -2.000000 -1.673853
v 3.264308 -2.000000 -1.673853
v 3.561823 -2.000000 -1.673853
v 3.859338 -2.000000 -1.673853
v 4.156853 -2.000000 -1.673853
v 4.454368 -2.000000 -1.673853
v 4.751883 -2.000000 -1.673853
v 5.049398 -2.000000 -1.673853
v 5.346913 -2.000000 -1.673853
v 5.644428 -2.000000 -1.673853
v 5.941943 -2.000000 -1.673853
v 6.239458 -2.000000 -1.673853
v 6.536973 -2.000000 -1.673853
v 6.834488 -2.000000 -1.673853
v 7.132003 -2.000000 -1.673853
v 7.429518 -2.000000 -1.673853
v 7.727033 -2.000000 -1.673853
v 8.024548 -2.000000 -1.673853
v 8.322063 -2.000000 -1.673853
v 8.619578 -2.000000 -1.673853
v 8.917093 -2.000000 -1.673853
v 9.214608 -2.000000 -1.673853
v 9.512123 -2.000000 -1.673853
v 9.809638 -2.000000 -1.673853
v 10.107153 -2.000000 -1.673853
v 10.404668 -2.000000 -1.673853
v 10.702183 -2.000000 -1.673853
v 10.999698 -2.000000 -1.673853
v 11.297213 -2.000000 -1.673853
v 11.594728 -2.000000 -1.673853
v 11.892244 -2.000000 -1.673853
v -11.908957 -2.000000 -1.376338
v -11.611442 -2.000000 -1.376338
v -11.313927 -2.000000 -1.376338
v -11.016412 -2.000000 -1.376338
v -10.718897 -2.000000 -1.376338
v -10.421382 -2.000000 -1.376338
v -10.123867 -2.000000 -1.376338
v -9.826352 -2.000000 -1.376338
v -9.528837 -2.000000 -1.376338
v -9.231322 -2.000000 -1.376338
v -8.933807 -2.000000 -1.376338
v -8.636292 -2.000000 -1.376338
v -8.338777 -2.000000 -1.376338
v -8.041262 -2.000000 -1.376338
v -7.743747 -2.000000 -1.376338
v -7.446232 -2.000000 -1.376338
v -7.148717 -2.000000 -1.376338
v -6.851202 -2.000000 -1.376338
v -6.553687 -2.000000 -1.376338
v -6.256172 -2.000000 -1.376338
v -5.958657 -2.000000 -1.376338
v -5.661142 -2.000000 -1.376338
v -5.363627 -2.000000 -1.376338
v -5.066112 -2.000000 -1.376338
v -4.768597 -2.000000 -1.376338
v -4.471082 -2.000000 -1.376338
v -4.173567 -2.000000 -1.376338
v -3.876052 -2.000000 -1.376338
v -3.578537 -2.000000 -1.376338
v -3.281022 -2.000000 -1.376338
v -2.983507 -2.000000 -1.376338
v -2.685992 -2.000000 -1.376338
v -2.388477 -2.000000 -1.376338
v -2.090962 -2.000000 -1.376338
v -1.793447 -2.000000 -1.376338
v -1.495932 -2.000000 -1.376338
v -1.198417 -2.000000 -1.376338
v -0.900902 -2.000000 -1.376338
v -0.603387 -2.000000 -1.376338
v -0.305872 -2.000000 -1.376338
v -0.008357 -2.000000 -1.376338
v 0.289158 -2.000000 -1.376338
v 0.586673 -2.000000 -1.376338
v 0.884188 -2.000000 -1.376338
v 1.181703 -2.000000 -1.376338
v 1.479218 -2.000000 -1.376338
v 1.776733 -2.000000 -1.376338
v 2.074248 -2.000000 -1.376338
v 2.371763 -2.000000 -1.376338
v 2.669278 -2.000000 -1.376338
v 2.966793 -2.000000 -1.376338
v 3.264308 -2.000000 -1.376338
v 3.561823 -2.000000 -1.376338
v 3.859338 -2.000000 -1.376338
v 4.156853 -2.000000 -1.376338
v 4.454368 -2.000000 -1.376338
v 4.751883 -2.000000 -1.376338
v 5.049398 -2.000000 -1.376338
v 5.346913 -2.000000 -1.376338
v 5.644428 -2.000000 -1.376338
v 5.941943 -2.000000 -1.376338
v 6.239458 -2.000000 -1.376338
v 6.536973 -2.000000 -1.376338
v 6.834488 -2.000000 -1.376338
v 7.132003 -2.000000 -1.376338
v 7.429518 -2.000000 -1.376338
v 7.727033 -2.000000 -1.376338
v 8.024548 -2.000000 -1.376338
v 8.322063 -2.000000 -1.376338
v 8.619578 -2.000000 -1.376338
v 8.917093 -2.000000 -1.376338
v 9.214608 -2.000000 -1.376338
v 9.512123 -2.000000 -1.376338
v 9.809638 -2.000000 -1.376338
v 10.107153 -2.000000 -1.376338
v 10.404668 -2.000000 -1.376338
v 10.702183 -2.000000 -1.376338
v 10.999698 -2.000000 -1.376338
v 11.297213 -2.000000 -1.376338
v 11.594728 -2.000000 -1.376338
v 11.892244 -2.000000 -1.376338
v -11.908957 -2.000000 -1.078823
v -11.611442 -2.000000 -1.078823
v -11.313927 -2.000000 -1.078823
v -11.016412 -2.000000 -1.078823
v -10.718897 -2.000000 -1.078823
v -10.421382 -2.000000 -1.078823
v -10.123867 -2.000000 -1.078823
v -9.826352 -2.000000 -1.078823
v -9.528837 -2.000000 -1.078823
v -9.231322 -2.000000 -1.078823
v -8.933807 -2.000000 -1.078823
v -8.636292 -2.000000 -1.078823
v -8.338777 -2.000000 -1.078823
v -8.041262 -2.000000 -1.078823
v -7.743747 -2.000000 -1.078823
v -7.446232 -2.000000 -1.078823
v -7.148717 -2.000000 -1.078823
v -6.851202 -2.000000 -1.078823
v -6.553687 -2.000000 -1.078823
v -6.256172 -2.000000 -1.078823
v -5.958657 -2.000000 -1.078823
v -5.661142 -2.000000 -1.078823
v -5.363627 -2.000000 -1.078823
v -5.066112 -2.000000 -1.078823
v -4.768597 -2.000000 -1.078823
v -4.471082 -2.000000 -1.078823
v -4.173567 -2.000000 -1.078823
v -3.876052 -2.000000 -1.078823
v -3.578537 -2.000000 -1.078823
v -3.281022 -2.000000 -1.078823
v -2.983507 -2.000000 -1.078823
v -2.685992 -2.000000 -1.078823
v -2.388477 -2.000000 -1.078823
v -2.090962 -2.000000 -1.078823
v -1.793447 -2.000000 -1.078823
v -1.495932 -2.000000 -1.078823
v -1.198417 -2.000000 -1.078823
v -0.900902 -2.000000 -1.078823
v -0.603387 -2.000000 -1.078823
v -0.305872 -2.000000 -1.078823
v -0.008357 -2.000000 -1.078823
v 0.289158 -2.000000 -1.078823
v 0.586673 -2.000000 -1.078823
v 0.884188 -2.000000 -1.078823
v 1.181703 -2.000000 -1.078823
v 1.479218 -2.000000 -1.078823
v 1.776733 -2.000000 -1.078823
v 2.074248 -2.000000 -1.078823
v 2.371763 -2.000000 -1.078823
v 2.669278 -2.000000 -1.078823
v 2.966793 -2.000000 -1.078823
v 3.264308 -2.000000 -1.078823
v 3.561823 -2.000000 -1.078823
v 3.859338 -2.000000 -1.078823
v 4.156853 -2.000000 -1.078823
v 4.454368 -2.000000 -1.078823
v 4.751883 -2.000000 -1.078823
v 5.049398 -2.000000 -1.078823
v 5.346913 -2.000000 -1.078823
v 5.644428 -2.000000 -1.078823
v 5.941943 -2.000000 -1.078823
v 6.239458 -2.000000 -1.078823
v 6.536973 -2.000000 -1.078823
v 6.834488 -2.000000 -1.078823
v 7.132003 -2.000000 -1.078823
v 7.429518 -2.000000 -1.078823
v 7.727033 -2.000000 -1.078823
v 8.024548 -2.000000 -1.078823
v 8.322063 -2.000000 -1.078823
v 8.619578 -2.000000 -1.078823
v 8.917093 -2.000000 -1.078823
v 9.214608 -2.000000 -1.078823
v 9.512123 -2.000000 -1.078823
v 9.809638 -2.000000 -1.078823
v 10.107153 -2.000000 -1.078823
v 10.404668 -2.000000 -1.078823
v 10.702183 -2.000000 -1.078823
v 10.999698 -2.000000 -1.078823
v 11.297213 -2.000000 -1.078823
v 11.594728 -2.000000 -1.078823
v 11.892244 -2.000000 -1.078823
v -11.908957 -2.000000 -0.781308
v -11.611442 -2.000000 -0.781308
v -11.313927 -2.000000 -0.781308
v -11.016412 -2.000000 -0.781308
v -10.718897 -2.000000 -0.781308
v -10.421382 -2.000000 -0.781308
v -10.123867 -2.000000 -0.781308
v -9.826352 -2.000000 -0.781308
v -9.528837 -2.000000 -0.781308
v -9.231322 -2.000000 -0.781308
v -8.933807 -2.000000 -0.781308
v -8.636292 -2.000000 -0.781308
v -8.338777 -2.000000 -0.781308
v -8.041262 -2.000000 -0.781308
v -7.743747 -2.000000 -0.781308
v -7.446232 -2.000000 -0.781308
v -7.148717 -2.000000 -0.781308
v -6.851202 -2.000000 -0.781308
v -6.553687 -2.000000 -0.781308
v -6.256172 -2.000000 -0.781308
v -5.958657 -2.000000 -0.781308
v -5.661142 -2.000000 -0.781308
v -5.363627 -2.000000 -0.781308
v -5.066112 -2.000000 -0.781308
v -4.768597 -2.000000 -0.781308
v -4.471082 -2.000000 -0.781308
v -4.173567 -2.000000 -0.781308
v -3.876052 -2.000000 -0.781308
v -3.578537 -2.000000 -0.781308
v -3.281022 -2.000000 -0.781308
v -2.983507 -2.000000 -0.781308
v -2.685992 -2.000000 -0.781308
v -2.388477 -2.000000 -0.781308
v -2.090962 -2.000000 -0.781308
v -1.793447 -2.000000 -0.781308
v -1.495932 -2.000000 -0.781308
v -1.198417 -2.000000 -0.781308
v -0.900902 -2.000000 -0.781308
v -0.603387 -2.000000 -0.781308
v -0.305872 -2.000000 -0.781308
v -0.008357 -2.000000 -0.781308
v 0.289158 -2.000000 -0.781308
v 0.586673 -2.000000 -0.781308
v 0.884188 -2.000000 -0.781308
v 1.181703 -2.000000 -0.781308
v 1.479218 -2.000000 -0.781308
v 1.776733 -2.000000 -0.781308
v 2.074248 -2.000000 -0.781308
v 2.371763 -2.000000 -0.781308
v 2.669278 -2.000000 -0.781308
v 2.966793 -2.000000 -0.781308
v 3.264308 -2.000000 -0.781308
v 3.561823 -2.000000 -0.781308
v 3.859338 -2.000000 -0.781308
v 4.156853 -2.000000 -0.781308
v 4.454368 -2.000000 -0.781308
v 4.751883 -2.000000 -0.781308
v 5.049398 -2.000000 -0.781308
v 5.346913 -2.000000 -0.781308
v 5.644428 -2.000000 -0.781308
v 5.941943 -2.000000 -0.781308
v 6.239458 -2.000000 -0.781308
v 6.536973 -2.000000 -0.781308
v 6.834488 -2.000000 -0.781308
v 7.132003 -2.000000 -0.781308
v 7.429518 -2.000000 -0.781308
v 7.727033 -2.000000 -0.781308
v 8.024548 -2.000000 -0.781308
v 8.322063 -2.000000 -0.781308
v 8.619578 -2.000000 -0.781308
v 8.917093 -2.000000 -0.781308
v 9.214608 -2.000000 -0.781308
v 9.512123 -2.000000 -0.781308
v 9.809638 -2.000000 -0.781308
v 10.107153 -2.000000 -0.781308
v 10.404668 -2.000000 -0.781308
v 10.702183 -2.000000 -0.781308
v 10.999698 -2.000000 -0.781308
v 11.297213 -2.000000 -0.781308
v 11.594728 -2.000000 -0.781308
v 11.892244 -2.000000 -0.781308
v -11.908957 -2.000000 -0.483793
v -11.611442 -2.000000 -0.483793
v -11.313927 -2.000000 -0.483793
v -11.016412 -2.000000 -0.483793
v -10.718897 -2.000000 -0.483793
v -10.421382 -2.000000 -0.483793
v -10.123867 -2.000000 -0.483793
v -9.826352 -2.000000 -0.483793
v -9.528837 -2.000000 -0.483793
v -9.231322 -2.000000 -0.483793
v -8.933807 -2.000000 -0.483793
v -8.636292 -2.000000 -0.483793
v -8.338777 -2.000000 -0.483793
v -8.041262 -2.000000 -0.483793
v -7.743747 -2.000000 -0.483793
v -7.446232 -2.000000 -0.483793
v -7.148717 -2.000000 -0.483793
v -6.851202 -2.000000 -0.483793
v -6.553687 -2.000000 -0.483793
v -6.256172 -2.000000 -0.483793
v -5.958657 -2.000000 -0.483793
v -5.661142 -2.000000 -0.483793
v -5.363627 -2.000000 -0.483793
v -5.066112 -2.000000 -0.483793
v -4.768597 -2.000000 -0.483793
v -4.471082 -2.000000 -0.483793
v -4.173567 -2.000000 -0.483793
v -3.876052 -2.000000 -0.483793
v -3.578537 -2.000000 -0.483793
v -3.281022 -2.000000 -0.483793
v -2.983507 -2.000000 -0.483793
v -2.685992 -2.000000 -0.483793
v -2.388477 -2.000000 -0.483793
v -2.090962 -2.000000 -0.483793
v -1.793447 -2.000000 -0.483793
v -1.495932 -2.000000 -0.483793
v -1.198417 -2.000000 -0.483793
v -0.900902 -2.000000 -0.483793
v -0.603387 -2.000000 -0.483793
v -0.305872 -2.000000 -0.483793
v -0.008357 -2.000000 -0.483793
v 0.289158 -2.000000 -0.483793
v 0.586673 -2.000000 -0.483793
v 0.884188 -2.000000 -0.483793
v 1.181703 -2.000000 -0.483793
v 1.479218 -2.000000 -0.483793
v 1.776733 -2.000000 -0.483793
v 2.074248 -2.000000 -0.483793
v 2.371763 -2.000000 -0.483793
v 2.669278 -2.000000 -0.483793
v 2.966793 -2.000000 -0.483793
v 3.264308 -2.000000 -0.483793
v 3.561823 -2.000000 -0.483793
v 3.859338 -2.000000 -0.483793
v 4.156853 -2.000000 -0.483793
v 4.454368 -2.000000 -0.483793
v 4.751883 -2.000000 -0.483793
v 5.049398 -2.000000 -0.483793
v 5.346913 -2.000000 -0.483793
v 5.644428 -2.000000 -0.483793
v 5.941943 -2.000000 -0.483793
v 6.239458 -2.000000 -0.483793
v 6.536973 -2.000000 -0.483793
v 6.834488 -2.000000 -0.483793
v 7.132003 -2.000000 -0.483793
v 7.429518 -2.000000 -0.483793
v 7.727033 -2.000000 -0.483793
v 8.024548 -2.000000 -0.483793
v 8.322063 -2.000000 -0.483793
v 8.619578 -2.000000 -0.483793
v 8.917093 -2.000000 -0.483793
v 9.214608 -2.000000 -0.483793
v 9.512123 -2.000000 -0.483793
v 9.809638 -2.000000 -0.483793
v 10.107153 -2.000000 -0.483793
v 10.404668 -2.000000 -0.483793
v 10.702183 -2.000000 -0.483793
v 10.999698 -2.000000 -0.483793
v 11.297213 -2.000000 -0.483793
v 11.594728 -2.000000 -0.483793
v 11.892244 -2.000000 -0.483793
v -11.908957 -2.000000 -0.186278
v -11.611442 -2.000000 -0.186278
v -11.313927 -2.000000 -0.186278
v -11.016412 -2.000000 -0.186278
v -10.718897 -2.000000 -0.186278
v -10.421382 -2.000000 -0.186278
v -10.123867 -2.000000 -0.186278
v -9.826352 -2.000000 -0.186278
v -9.528837 -2.000000 -0.186278
v -9.231322 -2.000000 -0.186278
v -8.933807 -2.000000 -0.186278
v -8.636292 -2.000000 -0.186278
v -8.338777 -2.000000 -0.186278
v -8.041262 -2.000000 -0.186278
v -7.743747 -2.000000 -0.186278
v -7.446232 -2.000000 -0.186278
v -7.148717 -2.000000 -0.186278
v -6.851202 -2.000000 -0.186278
v -6.553687 -2.000000 -0.186278
v -6.256172 -2.000000 -0.186278
v -5.958657 -2.000000 -0.186278
v -5.661142 -2.000000 -0.186278
v -5.363627 -2.000000 -0.186278
v -5.066112 -2.000000 -0.186278
v -4.768597 -2.000000 -0.186278
v -4.471082 -2.000000 -0.186278
v -4.173567 -2.000000 -0.186278
v -3.876052 -2.000000 -0.186278
v -3.578537 -2.000000 -0.186278
v -3.281022 -2.000000 -0.186278
v -2.983507 -2.000000 -0.186278
v -2.685992 -2.000000 -0.186278
v -2.388477 -2.000000 -0.186278
v -2.090962 -2.000000 -0.186278
v -1.793447 -2.000000 -0.186278
v -1.495932 -2.000000 -0.186278
v -1.198417 -2.000000 -0.186278
v -0.900902 -2.000000 -0.186278
v -0.603387 -2.000000 -0.186278
v -0.305872 -2.000000 -0.186278
v -0.008357 -2.000000 -0.186278
v 0.289158 -2.000000 -0.186278
v 0.586673 -2.000000 -0.186278
v 0.884188 -2.000000 -0.186278
v 1.181703 -2.000000 -0.186278
v 1.479218 -2.000000 -0.186278
v 1.776733 -2.000000 -0.186278
v 2.074248 -2.000000 -0.186278
v 2.371763 -2.000000 -0.186278
v 2.669278 -2.000000 -0.186278
v 2.966793 -2.000000 -0.186278
v 3.264308 -2.000000 -0.186278
v 3.561823 -2.000000 -0.186278
v 3.859338 -2.000000 -0.186278
v 4.156853 -2.000000 -0.186278
v 4.454368 -2.000000 -0.186278
v 4.751883 -2.000000 -0.186278
v 5.049398 -2.000000 -0.186278
v 5.346913 -2.000000 -0.186278
v 5.644428 -2.000000 -0.186278
v 5.941943 -2.000000 -0.186278
v 6.239458 -2.000000 -0.186278
v 6.536973 -2.000000 -0.186278
v 6.834488 -2.000000 -0.186278
v 7.132003 -2.000000 -0.186278
v 7.429518 -2.000000 -0.186278
v 7.727033 -2.000000 -0.186278
v 8.024548 -2.000000 -0.186278
v 8.322063 -2.000000 -0.186278
v 8.619578 -2.000000 -0.186278
v 8.917093 -2.000000 -0.186278
v 9.214608 -2.000000 -0.186278
v 9.512123 -2.000000 -0.186278
v 9.809638 -2.000000 -0.186278
v 10.107153 -2.000000 -0.186278
v 10.404668 -2.000000 -0.186278
v 10.702183 -2.000000 -0.186278
v 10.999698 -2.000000 -0.186278
v 11.297213 -2.000000 -0.186278
v 11.594728 -2.000000 -0.186278
v 11.892244 -2.000000 -0.186278
v -11.908957 -2.000000 0.111237
v -11.611442 -2.000000 0.111237
v -11.313927 -2.000000 0.111237
v -11.016412 -2.000000 0.111237
v -10.718897 -2.000000 0.111237
v -10.421382 -2.000000 0.111237
v -10.123867 -2.000000 0.111237
v -9.826352 -2.000000 0.111237
v -9.528837 -2.000000 0.111237
v -9.231322 -2.000000 0.111237
v -8.933807 -2.000000 0.111237
v -8.636292 -2.000000 0.111237
v -8.338777 -2.000000 0.111237
v -8.041262 -2.000000 0.111237
v -7.743747 -2.000000 0.111237
v -7.446232 -2.000000 0.111237
v -7.148717 -2.000000 0.111237
v -6.851202 -2.000000 0.111237
v -6.553687 -2.000000 0.111237
v -6.256172 -2.000000 0.111237
v -5.958657 -2.000000 0.111237
v -5.661142 -2.000000 0.111237
v -5.363627 -2.000000 0.111237
v -5.066112 -2.000000 0.111237
v -4.768597 -2.000000 0.111237
v -4.471082 -2.000000 0.111237
v -4.173567 -2.000000 0.111237
v -3.876052 -2.000000 0.111237
v -3.578537 -2.000000 0.111237
v -3.281022 -2.000000 0.111237
v -2.983507 -2.000000 0.111237
v -2.685992 -2.000000 0.111237
v -2.388477 -2.000000 0.111237
v -2.090962 -2.000000 0.111237
v -1.793447 -2.000000 0.111237
v -1.495932 -2.000000 0.111237
v -1.198417 -2.000000 0.111237
v -0.900902 -2.000000 0.111237
v -0.603387 -2.000000 0.111237
v -0.305872 -2.000000 0.111237
v -0.008357 -2.000000 0.111237
v 0.289158 -2.000000 0.111237
v 0.586673 -2.000000 0.111237
v 0.884188 -2.000000 0.111237
v 1.181703 -2.000000 0.111237
v 1.479218 -2.000000 0.111237
v 1.776733 -2.000000 0.111237
v 2.074248 -2.000000 0.111237
v 2.371763 -2.000000 0.111237
v 2.669278 -2.000000 0.111237
v 2.966793 -2.000000 0.111237
v 3.264308 -2.000000 0.111237
v 3.561823 -2.000000 0.111237
v 3.859338 -2.000000 0.111237
v 4.156853 -2.000000 0.111237
v 4.454368 -2.000000 0.111237
v 4.751883 -2.000000 0.111237
v 5.049398 -2.000000 0.111237
v 5.346913 -2.000000 0.111237
v 5.644428 -2.000000 0.111237
v 5.941943 -2.000000 0.111237
v 6.239458 -2.000000 0.111237
v 6.536973 -2.000000 0.111237
v 6.834488 -2.000000 0.111237
v 7.132003 -2.000000 0.111237
v 7.429518 -2.000000 0.111237
v 7.727033 -2.000000 0.111237
v 8.024548 -2.000000 0.111237
v 8.322063 -2.000000 0.111237
v 8.619578 -2.000000 0.111237
v 8.917093 -2.000000 0.111237
v 9.214608 -2.000000 0.111237
v 9.512123 -2.000000 0.111237
v 9.809638 -2.000000 0.111237
v 10.107153 -2.000000 0.111237
v 10.404668 -2.000000 0.111237
v 10.702183 -2.000000 0.111237
v 10.999698 -2.000000 0.111237
v 11.297213 -2.000000 0.111237
v 11.594728 -2.000000 0.111237
v 11.892244 -2.000000 0.111237
v -11.908957 -2.000000 0.408752
v -11.611442 -2.000000 0.408752
v -11.313927 -2.000000 0.408752
v -11.016412 -2.000000 0.408752
v -10.718897 -2.000000 0.408752
v -10.421382 -2.000000 0.408752
v -10.123867 -2.000000 0.408752
v -9.826352 -2.000000 0.408752
v -9.528837 -2.000000 0.408752
v -9.231322 -2.000000 0.408752
v -8.933807 -2.000000 0.408752
v -8.636292 -2.000000 0.408752
v -8.338777 -2.000000 0.408752
v -8.041262 -2.000000 0.408752
v -7.743747 -2.000000 0.408752
v -7.446232 -2.000000 0.408752
v -7.148717 -2.000000 0.408752
v -6.851202 -2.000000 0.408752
v -6.553687 -2.000000 0.408752
v -6.256172 -2.000000 0.408752
v -5.958657 -2.000000 0.408752
v -5.661142 -2.000000 0.408752
v -5.363627 -2.000000 0.408752
v -5.066112 -2.000000 0.408752
v -4.768597 -2.000000 0.408752
v -4.471082 -2.000000 0.408752
v -4.173567 -2.000000 0.408752
v -3.876052 -2.000000 0.408752
v -3.578537 -2.000000 0.408752
v -3.281022 -2.000000 0.408752
v -2.983507 -2.000000 0.408752
v -2.685992 -2.000000 0.408752
v -2.388477 -2.000000 0.408752
v -2.090962 -2.000000 0.408752
v -1.793447 -2.000000 0.408752
v -1.495932 -2.000000 0.408752
v -1.198417 -2.000000 0.408752
v -0.900902 -2.000000 0.408752
v -0.603387 -2.000000 0.408752
v -0.305872 -2.000000 0.408752
v -0.008357 -2.000000 0.408752
v 0.289158 -2.000000 0.408752
v 0.586673 -2.000000 0.408752
v 0.884188 -2.000000 0.408752
v 1.181703 -2.000000 0.408752
v 1.479218 -2.000000 0.408752
v 1.776733 -2.000000 0.408752
v 2.074248 -2.000000 0.408752
v 2.371763 -2.000000 0.408752
v 2.669278 -2.000000 0.408752
v 2.966793 -2.000000 0.408752
v 3.264308 -2.000000 0.408752
v 3.561823 -2.000000 0.408752
v 3.859338 -2.000000 0.408752
v 4.156853 -2.000000 0.408752
v 4.454368 -2.000000 0.408752
v 4.751883 -2.000000 0.408752
v 5.049398 -2.000000 0.408752
v 5.346913 -2.000000 0.408752
v 5.644428 -2.000000 0.408752
v 5.941943 -2.000000 0.408752
v 6.239458 -2.000000 0.408752
v 6.536973 -2.000000 0.408752
v 6.834488 -2.000000 0.408752
v 7.132003 -2.000000 0.408752
v 7.429518 -2.000000 0.408752
v 7.727033 -2.000000 0.408752
v 8.024548 -2.000000 0.408752
v 8.322063 -2.000000 0.408752
v 8.619578 -2.000000 0.408752
v 8.917093 -2.000000 0.408752
v 9.214608 -2.000000 0.408752
v 9.512123 -2.000000 0.408752
v 9.809638 -2.000000 0.408752
v 10.107153 -2.000000 0.408752
v 10.404668 -2.000000 0.408752
v 10.702183 -2.000000 0.408752
v 10.999698 -2.000000 0.408752
v 11.297213 -2.000000 0.408752
v 11.594728 -2.000000 0.408752
v 11.892244 -2.000000 0.408752
v -11.908957 -2.000000 0.706267
v -11.611442 -2.000000 0.706267
v -11.313927 -2.000000 0.706267
v -11.016412 -2.000000 0.706267
v -10.718897 -2.000000 0.706267
v -10.421382 -2.000000 0.706267
v -10.123867 -2.000000 0.706267
v -9.826352 -2.000000 0.706267
v -9.528837 -2.000000 0.706267
v -9.231322 -2.000000 0.706267
v -8.933807 -2.000000 0.706267
v -8.636292 -2.000000 0.706267
v -8.338777 -2.000000 0.706267
v -8.041262 -2.000000 0.706267
v -7.743747 -2.000000 0.706267
v -7.446232 -2.000000 0.706267
v -7.148717 -2.000000 0.706267
v -6.851202 -2.000000 0.706267
v -6.553687 -2.000000 0.706267
v -6.256172 -2.000000 0.706267
v -5.958657 -2.000000 0.706267
v -5.661142 -2.000000 0.706267
v -5.363627 -2.000000 0.706267
v -5.066112 -2.000000 0.706267
v -4.768597 -2.000000 0.706267
v -4.471082 -2.000000 0.706267
v -4.173567 -2.000000 0.706267
v -3.876052 -2.000000 0.706267
v -3.578537 -2.000000 0.706267
v -3.281022 -2.000000 0.706267
v -2.983507 -2.000000 0.706267
v -2.685992 -2.000000 0.706267
v -2.388477 -2.000000 0.706267
v -2.090962 -2.000000 0.706267
v -1.793447 -2.000000 0.706267
v -1.495932 -2.000000 0.706267
v -1.198417 -2.000000 0.706267
v -0.900902 -2.000000 0.706267
v -0.603387 -2.000000 0.706267
v -0.305872 -2.000000 0.706267
v -0.008357 -2.000000 0.706267
v 0.289158 -2.000000 0.706267
v 0.586673 -2.000000 0.706267
v 0.884188 -2.000000 0.706267
v 1.181703 -2.000000 0.706267
v 1.479218 -2.000000 0.706267
v 1.776733 -2.000000 0.706267
v 2.074248 -2.000000 0.706267
v 2.371763 -2.000000 0.706267
v 2.669278 -2.000000 0.706267
v 2.966793 -2.000000 0.706267
v 3.264308 -2.000000 0.706267
v 3.561823 -2.000000 0.706267
v 3.859338 -2.000000 0.706267
v 4.156853 -2.000000 0.706267
v 4.454368 -2.000000 0.706267
v 4.751883 -2.000000 0.706267
v 5.049398 -2.000000 0.706267
v 5.346913 -2.000000 0.706267
v 5.644428 -2.000000 0.706267
v 5.941943 -2.000000 0.706267
v 6.239458 -2.000000 0.706267
v 6.536973 -2.000000 0.706267
v 6.834488 -2.000000 0.706267
v 7.132003 -2.000000 0.706267
v 7.429518 -2.000000 0.706267
v 7.727033 -2.000000 0.706267
v 8.024548 -2.000000 0.706267
v 8.322063 -2.000000 0.706267
v 8.619578 -2.000000 0.706267
v 8.917093 -2.000000 0.706267
v 9.214608 -2.000000 0.706267
v 9.512123 -2.000000 0.706267
v 9.809638 -2.000000 0.706267
v 10.107153 -2.000000 0.706267
v 10.404668 -2.000000 0.706267
v 10.702183 -2.000000 0.706267
v 10.999698 -2.000000 0.706267
v 11.297213 -2.000000 0.706267
v 11.594728 -2.000000 0.706267
v 11.892244 -2.000000 0.706267
v -11.908957 -2.000000 1.003782
v -11.611442 -2.000000 1.003782
v -11.313927 -2.000000 1.003782
v -11.016412 -2.000000 1.003782
v -10.718897 -2.000000 1.003782
v -10.421382 -2.000000 1.003782
v -10.123867 -2.000000 1.003782
v -9.826352 -2.000000 1.003782
v -9.528837 -2.000000 1.003782
v -9.231322 -2.000000 1.003782
v -8.933807 -2.000000 1.003782
v -8.636292 -2.000000 1.003782
v -8.338777 -2.000000 1.003782
v -8.041262 -2.000000 1.003782
v -7.743747 -2.000000 1.003782
v -7.446232 -2.000000 1.003782
v -7.148717 -2.000000 1.003782
v -6.851202 -2.000000 1.003782
v -6.553687 -2.000000 1.003782
v -6.256172 -2.000000 1.003782
v -5.958657 -2.000000 1.003782
v -5.661142 -2.000000 1.003782
v -5.363627 -2.000000 1.003782
v -5.066112 -2.000000 1.003782
v -4.768597 -2.000000 1.003782
v -4.471082 -2.000000 1.003782
v -4.173567 -2.000000 1.003782
v -3.876052 -2.000000 1.003782
v -3.578537 -2.000000 1.003782
v -3.281022 -2.000000 1.003782
v -2.983507 -2.000000 1.003782
v -2.685992 -2.000000 1.003782
v -2.388477 -2.000000 1.003782
v -2.090962 -2.000000 1.003782
v -1.793447 -2.000000 1.003782
v -1.495932 -2.000000 1.003782
v -1.198417 -2.000000 1.003782
v -0.900902 -2.000000 1.003782
v -0.603387 -2.000000 1.003782
v -0.305872 -2.000000 1.003782
v -0.008357 -2.000000 1.003782
v 0.289158 -2.000000 1.003782
v 0.586673 -2.000000 1.003782
v 0.884188 -2.000000 1.003782
v 1.181703 -2.000000 1.003782
v 1.479218 -2.000000 1.003782
v 1.776733 -2.000000 1.003782
v 2.074248 -2.000000 1.003782
v 2.371763 -2.000000 1.003782
v 2.669278 -2.000000 1.003782
v 2.966793 -2.000000 1.003782
v 3.264308 -2.000000 1.003782
v 3.561823 -2.000000 1.003782
v 3.859338 -2.000000 1.003782
v 4.156853 -2.000000 1.003782
v 4.454368 -2.000000 1.003782
v 4.751883 -2.000000 1.003782
v 5.049398 -2.000000 1.003782
v 5.346913 -2.000000 1.003782
v 5.644428 -2.000000 1.003782
v 5.941943 -2.000000 1.003782
v 6.239458 -2.000000 1.003782
v 6.536973 -2.000000 1.003782
v 6.834488 -2.000000 1.003782
v 7.132003 -2.000000 1.003782
v 7.429518 -2.000000 1.003782
v 7.727033 -2.000000 1.003782
v 8.024548 -2.000000 1.003782
v 8.322063 -2.000000 1.003782
v 8.619578 -2.000000 1.003782
v 8.917093 -2.000000 1.003782
v 9.214608 -2.000000 1.003782
v 9.512123 -2.000000 1.003782
v 9.809638 -2.000000 1.003782
v 10.107153 -2.000000 1.003782
v 10.404668 -2.000000 1.003782
v 10.702183 -2.000000 1.003782
v 10.999698 -2.000000 1.003782
v 11.297213 -2.000000 1.003782
v 11.594728 -2.000000 1.003782
v 11.892244 -2.000000 1.003782
v -11.908957 -2.000000 1.301297
v -11.611442 -2.000000 1.301297
v -11.313927 -2.000000 1.301297
v -11.016412 -2.000000 1.301297
v -10.718897 -2.000000 1.301297
v -10.421382 -2.000000 1.301297
v -10.123867 -2.000000 1.301297
v -9.826352 -2.000000 1.301297
v -9.528837 -2.000000 1.301297
v -9.231322 -2.000000 1.301297
v -8.933807 -2.000000 1.301297
v -8.636292 -2.000000 1.301297
v -8.338777 -2.000000 1.301297
v -8.041262 -2.000000 1.301297
v -7.743747 -2.000000 1.301297
v -7.446232 -2.000000 1.301297
v -7.148717 -2.000000 1.301297
v -6.851202 -2.000000 1.301297
v -6.553687 -2.000000 1.301297
v -6.256172 -2.000000 1.301297
v -5.958657 -2.000000 1.301297
v -5.661142 -2.000000 1.301297
v -5.363627 -2.000000 1.301297
v -5.066112 -2.000000 1.301297
v -4.768597 -2.000000 1.301297
v -4.471082 -2.000000 1.301297
v -4.173567 -2.000000 1.301297
v -3.876052 -2.000000 1.301297
v -3.578537 -2.000000 1.301297
v -3.281022 -2.000000 1.301297
v -2.983507 -2.000000 1.301297
v -2.685992 -2.000000 1.301297
v -2.388477 -2.000000 1.301297
v -2.090962 -2.000000 1.301297
v -1.793447 -2.000000 1.301297
v -1.495932 -2.000000 1.301297
v -1.198417 -2.000000 1.301297
v -0.900902 -2.000000 1.301297
v -0.603387 -2.000000 1.301297
v -0.305872 -2.000000 1.301297
v -0.008357 -2.000000 1.301297
v 0.289158 -2.000000 1.301297
v 0.586673 -2.000000 1.301297
v 0.884188 -2.000000 1.301297
v 1.181703 -2.000000 1.301297
v 1.479218 -2.000000 1.301297
v 1.776733 -2.000000 1.301297
v 2.074248 -2.000000 1.301297
v 2.371763 -2.000000 1.301297
v 2.669278 -2.000000 1.301297
v 2.966793 -2.000000 1.301297
v 3.264308 -2.000000 1.301297
v 3.561823 -2.000000 1.301297
v 3.859338 -2.000000 1.301297
v 4.156853 -2.000000 1.301297
v 4.454368 -2.000000 1.301297
v 4.751883 -2.000000 1.301297
v 5.049398 -2.000000 1.301297
v 5.346913 -2.000000 1.301297
v 5.644428 -2.000000 1.301297
v 5.941943 -2.000000 1.301297
v 6.239458 -2.000000 1.301297
v 6.536973 -2.000000 1.301297
v 6.834488 -2.000000 1.301297
v 7.132003 -2.000000 1.301297
v 7.429518 -2.000000 1.301297
v 7.727033 -2.000000 1.301297
v 8.024548 -2.000000 1.301297
v 8.322063 -2.000000 1.301297
v 8.619578 -2.000000 1.301297
v 8.917093 -2.000000 1.301297
v 9.214608 -2.000000 1.301297
v 9.512123 -2.000000 1.301297
v 9.809638 -2.000000 1.301297
v 10.107153 -2.000000 1.301297
v 10.404668 -2.000000 1.301297
v 10.702183 -2.000000 1.301297
v 10.999698 -2.000000 1.301297
v 11.297213 -2.000000 1.301297
v 11.594728 -2.000000 1.301297
v 11.892244 -2.000000 1.301297
v -11.908957 -2.000000 1.598812
v -11.611442 -2.000000 1.598812
v -11.313927 -2.000000 1.598812
v -11.016412 -2.000000 1.598812
v -10.718897 -2.000000 1.598812
v -10.421382 -2.000000 1.598812
v -10.123867 -2.000000 1.598812
v -9.826352 -2.000000 1.598812
v -9.528837 -2.000000 1.598812
v -9.231322 -2.000000 1.598812
v -8.933807 -2.000000 1.598812
v -8.636292 -2.000000 1.598812
v -8.338777 -2.000000 1.598812
v -8.041262 -2.000000 1.598812
v -7.743747 -2.000000 1.598812
v -7.446232 -2.000000 1.598812
v -7.148717 -2.000000 1.598812
v -6.851202 -2.000000 1.598812
v -6.553687 -2.000000 1.598812
v -6.256172 -2.000000 1.598812
v -5.958657 -2.000000 1.598812
v -5.661142 -2.000000 1.598812
v -5.363627 -2.000000 1.598812
v -5.066112 -2.000000 1.598812
v -4.768597 -2.000000 1.598812
v -4.471082 -2.000000 1.598812
v -4.173567 -2.000000 1.598812
v -3.876052 -2.000000 1.598812
v -3.578537 -2.000000 1.598812
v -3.281022 -2.000000 1.598812
v -2.983507 -2.000000 1.598812
v -2.685992 -2.000000 1.598812
v -2.388477 -2.000000 1.598812
v -2.090962 -2.000000 1.598812
v -1.793447 -2.000000 1.598812
v -1.495932 -2.000000 1.598812
v -1.198417 -2.000000 1.598812
v -0.900902 -2.000000 1.598812
v -0.603387 -2.000000 1.598812
v -0.305872 -2.000000 1.598812
v -0.008357 -2.000000 1.598812
v 0.289158 -2.000000 1.598812
v 0.586673 -2.000000 1.598812
v 0.884188 -2.000000 1.598812
v 1.181703 -2.000000 1.598812
v 1.479218 -2.000000 1.598812
v 1.776733 -2.000000 1.598812
v 2.074248 -2.000000 1.598812
v 2.371763 -2.000000 1.598812
v 2.669278 -2.000000 1.598812
v 2.966793 -2.000000 1.598812
v 3.264308 -2.000000 1.598812
v 3.561823 -2.000000 1.598812
v 3.859338 -2.000000 1.598812
v 4.156853 -2.000000 1.598812
v 4.454368 -2.000000 1.598812
v 4.751883 -2.000000 1.598812
v 5.049398 -2.000000 1.598812
v 5.346913 -2.000000 1.598812
v 5.644428 -2.000000 1.598812
v 5.941943 -2.000000 1.598812
v 6.239458 -2.000000 1.598812
v 6.536973 -2.000000 1.598812
v 6.834488 -2.000000 1.598812
v 7.132003 -2.000000 1.598812
v 7.429518 -2.000000 1.598812
v 7.727033 -2.000000 1.598812
v 8.024548 -2.000000 1.598812
v 8.322063 -2.000000 1.598812
v 8.619578 -2.000000 1.598812
v 8.917093 -2.000000 1.598812
v 9.214608 -2.000000 1.598812
v 9.512123 -2.000000 1.598812
v 9.809638 -2.000000 1.598812
v 10.107153 -2.000000 1.598812
v 10.404668 -2.000000 1.598812
v 10.702183 -2.000000 1.598812
v 10.999698 -2.000000 1.598812
v 11.297213 -2.000000 1.598812
v 11.594728 -2.000000 1.598812
v 11.892244 -2.000000 1.598812
v -11.908957 -2.000000 1.896327
v -11.611442 -2.000000 1.896327
v -11.313927 -2.000000 1.896327
v -11.016412 -2.000000 1.896327
v -10.718897 -2.000000 1.896327
v -10.421382 -2.000000 1.896327
v -10.123867 -2.000000 1.896327
v -9.826352 -2.000000 1.896327
v -9.528837 -2.000000 1.896327
v -9.231322 -2.000000 1.896327
v -8.933807 -2.000000 1.896327
v -8.636292 -2.000000 1.896327
v -8.338777 -2.000000 1.896327
v -8.041262 -2.000000 1.896327
v -7.743747 -2.000000 1.896327
v -7.446232 -2.000000 1.896327
v -7.148717 -2.000000 1.896327
v -6.851202 -2.000000 1.896327
v -6.553687 -2.000000 1.896327
v -6.256172 -2.000000 1.896327
v -5.958657 -2.000000 1.896327
v -5.661142 -2.000000 1.896327
v -5.363627 -2.000000 1.896327
v -5.066112 -2.000000 1.896327
v -4.768597 -2.000000 1.896327
v -4.471082 -2.000000 1.896327
v -4.173567 -2.000000 1.896327
v -3.876052 -2.000000 1.896327
v -3.578537 -2.000000 1.896327
v -3.281022 -2.000000 1.896327
v -2.983507 -2.000000 1.896327
v -2.685992 -2.000000 1.896327
v -2.388477 -2.000000 1.896327
v -2.090962 -2.000000 1.896327
v -1.793447 -2.000000 1.896327
v -1.495932 -2.000000 1.896327
v -1.198417 -2.000000 1.896327
v -0.900902 -2.000000 1.896327
v -0.603387 -2.000000 1.896327
v -0.305872 -2.000000 1.896327
v -0.008357 -2.000000 1.896327
v 0.289158 -2.000000 1.896327
v 0.586673 -2.000000 1.896327
v 0.884188 -2.000000 1.896327
v 1.181703 -2.000000 1.896327
v 1.479218 -2.000000 1.896327
v 1.776733 -2.000000 1.896327
v 2.074248 -2.000000 1.896327
v 2.371763 -2.000000 1.896327
v 2.669278 -2.000000 1.896327
v 2.966793 -2.000000 1.896327
v 3.264308 -2.000000 1.896327
v 3.561823 -2.000000 1.896327
v 3.859338 -2.000000 1.896327
v 4.156853 -2.000000 1.896327
v 4.454368 -2.000000 1.896327
v 4.751883 -2.000000 1.896327
v 5.049398 -2.000000 1.896327
v 5.346913 -2.000000 1.896327
v 5.644428 -2.000000 1.896327
v 5.941943 -2.000000 1.896327
v 6.239458 -2.000000 1.896327
v 6.536973 -2.000000 1.896327
v 6.834488 -2.000000 1.896327
v 7.132003 -2.000000 1.896327
v 7.429518 -2.000000 1.896327
v 7.727033 -2.000000 1.896327
v 8.024548 -2.000000 1.896327
v 8.322063 -2.000000 1.896327
v 8.619578 -2.000000 1.896327
v 8.917093 -2.000000 1.896327
v 9.214608 -2.000000 1.896327
v 9.512123 -2.000000 1.896327
v 9.809638 -2.000000 1.896327
v 10.107153 -2.000000 1.896327
v 10.404668 -2.000000 1.896327
v 10.702183 -2.000000 1.896327
v 10.999698 -2.000000 1.896327
v 11.297213 -2.000000 1.896327
v 11.594728 -2.000000 1.896327
v 11.892244 -2.000000 1.896327
v -11.908957 -2.000000 2.193842
v -11.611442 -2.000000 2.193842
v -11.313927 -2.000000 2.193842
v -11.016412 -2.000000 2.193842
v -10.718897 -2.000000 2.193842
v -10.421382 -2.000000 2.193842
v -10.123867 -2.000000 2.193842
v -9.826352 -2.000000 2.193842
v -9.528837 -2.000000 2.193842
v -9.231322 -2.000000 2.193842
v -8.933807 -2.000000 2.193842
v -8.636292 -2.000000 2.193842
v -8.338777 -2.000000 2.193842
v -8.041262 -2.000000 2.193842
v -7.743747 -2.000000 2.193842
v -7.446232 -2.000000 2.193842
v -7.148717 -2.000000 2.193842
v -6.851202 -2.000000 2.193842
v -6.553687 -2.000000 2.193842
v -6.256172 -2.000000 2.193842
v -5.958657 -2.000000 2.193842
v -5.661142 -2.000000 2.193842
v -5.363627 -2.000000 2.193842
v -5.066112 -2.000000 2.193842
v -4.768597 -2.000000 2.193842
v -4.471082 -2.000000 2.193842
v -4.173567 -2.000000 2.193842
v -3.876052 -2.000000 2.193842
v -3.578537 -2.000000 2.193842
v -3.281022 -2.000000 2.193842
v -2.983507 -2.000000 2.193842
v -2.685992 -2.000000 2.193842
v -2.388477 -2.000000 2.193842
v -2.090962 -2.000000 2.193842
v -1.793447 -2.000000 2.193842
v -1.495932 -2.000000 2.193842
v -1.198417 -2.000000 2.193842
v -0.900902 -2.000000 2.193842
v -0.603387 -2.000000 2.193842
v -0.305872 -2.000000 2.193842
v -0.008357 -2.000000 2.193842
v 0.289158 -2.000000 2.193842
v 0.586673 -2.000000 2.193842
v 0.884188 -2.000000 2.193842
v 1.181703 -2.000000 2.193842
v 1.479218 -2.000000 2.193842
v 1.776733 -2.000000 2.193842
v 2.074248 -2.000000 2.193842
v 2.371763 -2.000000 2.193842
v 2.669278 -2.000000 2.193842
v 2.966793 -2.000000 2.193842
v 3.264308 -2.000000 2.193842
v 3.561823 -2.000000 2.193842
v 3.859338 -2.000000 2.193842
v 4.156853 -2.000000 2.193842
v 4.454368 -2.000000 2.193842
v 4.751883 -2.000000 2.193842
v 5.049398 -2.000000 2.193842
v 5.346913 -2.000000 2.193842
v 5.644428 -2.000000 2.193842
v 5.941943 -2.000000 2.193842
v 6.239458 -2.000000 2.193842
v 6.536973 -2.000000 2.193842
v 6.834488 -2.000000 2.193842
v 7.132003 -2.000000 2.193842
v 7.429518 -2.000000 2.193842
v 7.727033 -2.000000 2.193842
v 8.024548 -2.000000 2.193842
v 8.322063 -2.000000 2.193842
v 8.619578 -2.000000 2.193842
v 8.917093 -2.000000 2.193842
v 9.214608 -2.000000 2.193842
v 9.512123 -2.000000 2.193842
v 9.809638 -2.000000 2.193842
v 10.107153 -2.000000 2.193842
v 10.404668 -2.000000 2.193842
v 10.702183 -2.000000 2.193842
v 10.999698 -2.000000 2.193842
v 11.297213 -2.000000 2.193842
v 11.594728 -2.000000 2.193842
v 11.892244 -2.000000 2.193842
v -11.908957 -2.000000 2.491357
v -11.611442 -2.000000 2.491357
v -11.313927 -2.000000 2.491357
v -11.016412 -2.000000 2.491357
v -10.718897 -2.000000 2.491357
v -10.421382 -2.000000 2.491357
v -10.123867 -2.000000 2.491357
v -9.826352 -2.000000 2.491357
v -9.528837 -2.000000 2.491357
v -9.231322 -2.000000 2.491357
v -8.933807 -2.000000 2.491357
v -8.636292 -2.000000 2.491357
v -8.338777 -2.000000 2.491357
v -8.041262 -2.000000 2.491357
v -7.743747 -2.000000 2.491357
v -7.446232 -2.000000 2.491357
v -7.148717 -2.000000 2.491357
v -6.851202 -2.000000 2.491357
v -6.553687 -2.000000 2.491357
v -6.256172 -2.000000 2.491357
v -5.958657 -2.000000 2.491357
v -5.661142 -2.000000 2.491357
v -5.363627 -2.000000 2.491357
v -5.066112 -2.000000 2.491357
v -4.768597 -2.000000 2.491357
v -4.471082 -2.000000 2.491357
v -4.173567 -2.000000 2.491357
v -3.876052 -2.000000 2.491357
v -3.578537 -2.000000 2.491357
v -3.281022 -2.000000 2.491357
v -2.983507 -2.000000 2.491357
v -2.685992 -2.000000 2.491357
v -2.388477 -2.000000 2.491357
v -2.090962 -2.000000 2.491357
v -1.793447 -2.000000 2.491357
v -1.495932 -2.000000 2.491357
v -1.198417 -2.000000 2.491357
v -0.900902 -2.000000 2.491357
v -0.603387 -2.000000 2.491357
v -0.305872 -2.000000 2.491357
v -0.008357 -2.000000 2.491357
v 0.289158 -2.000000 2.491357
v 0.586673 -2.000000 2.491357
v 0.884188 -2.000000 2.491357
v 1.181703 -2.000000 2.491357
v 1.479218 -2.000000 2.491357
v 1.776733 -2.000000 2.491357
v 2.074248 -2.000000 2.491357
v 2.371763 -2.000000 2.491357
v 2.669278 -2.000000 2.491357
v 2.966793 -2.000000 2.491357
v 3.264308 -2.000000 2.491357
v 3.561823 -2.000000 2.491357
v 3.859338 -2.000000 2.491357
v 4.156853 -2.000000 2.491357
v 4.454368 -2.000000 2.491357
v 4.751883 -2.000000 2.491357
v 5.049398 -2.000000 2.491357
v 5.346913 -2.000000 2.491357
v 5.644428 -2.000000 2.491357
v 5.941943 -2.000000 2.491357
v 6.239458 -2.000000 2.491357
v 6.536973 -2.000000 2.491357
v 6.834488 -2.000000 2.491357
v 7.132003 -2.000000 2.491357
v 7.429518 -2.000000 2.491357
v 7.727033 -2.000000 2.491357
v 8.024548 -2.000000 2.491357
v 8.322063 -2.000000 2.491357
v 8.619578 -2.000000 2.491357
v 8.917093 -2.000000 2.491357
v 9.214608 -2.000000 2.491357
v 9.512123 -2.000000 2.491357
v 9.809638 -2.000000 2.491357
v 10.107153 -2.000000 2.491357
v 10.404668 -2.000000 2.491357
v 10.702183 -2.000000 2.491357
v 10.999698 -2.000000 2.491357
v 11.297213 -2.000000 2.491357
v 11.594728 -2.000000 2.491357
v 11.892244 -2.000000 2.491357
v -11.908957 -2.000000 2.788872
v -11.611442 -2.000000 2.788872
v -11.313927 -2.000000 2.788872
v -11.016412 -2.000000 2.788872
v -10.718897 -2.000000 2.788872
v -10.421382 -2.000000 2.788872
v -10.123867 -2.000000 2.788872
v -9.826352 -2.000000 2.788872
v -9.528837 -2.000000 2.788872
v -9.231322 -2.000000 2.788872
v -8.933807 -2.000000 2.788872
v -8.636292 -2.000000 2.788872
v -8.338777 -2.000000 2.788872
v -8.041262 -2.000000 2.788872
v -7.743747 -2.000000 2.788872
v -7.446232 -2.000000 2.788872
v -7.148717 -2.000000 2.788872
v -6.851202 -2.000000 2.788872
v -6.553687 -2.000000 2.788872
v -6.256172 -2.000000 2.788872
v -5.958657 -2.000000 2.788872
v -5.661142 -2.000000 2.788872
v -5.363627 -2.000000 2.788872
v -5.066112 -2.000000 2.788872
v -4.768597 -2.000000 2.788872
v -4.471082 -2.000000 2.788872
v -4.173567 -2.000000 2.788872
v -3.876052 -2.000000 2.788872
v -3.578537 -2.000000 2.788872
v -3.281022 -2.000000 2.788872
v -2.983507 -2.000000 2.788872
v -2.685992 -2.000000 2.788872
v -2.388477 -2.000000 2.788872
v -2.090962 -2.000000 2.788872
v -1.793447 -2.000000 2.788872
v -1.495932 -2.000000 2.788872
v -1.198417 -2.000000 2.788872
v -0.900902 -2.000000 2.788872
v -0.603387 -2.000000 2.788872
v -0.305872 -2.000000 2.788872
v -0.008357 -2.000000 2.788872
v 0.289158 -2.000000 2.788872
v 0.586673 -2.000000 2.788872
v 0.884188 -2.000000 2.788872
v 1.181703 -2.000000 2.788872
v 1.479218 -2.000000 2.788872
v 1.776733 -2.000000 2.788872
v 2.074248 -2.000000 2.788872
v 2.371763 -2.000000 2.788872
v 2.669278 -2.000000 2.788872
v 2.966793 -2.000000 2.788872
v 3.264308 -2.000000 2.788872
v 3.561823 -2.000000 2.788872
v 3.859338 -2.000000 2.788872
v 4.156853 -2.000000 2.788872
v 4.454368 -2.000000 2.788872
v 4.751883 -2.000000 2.788872
v 5.049398 -2.000000 2.788872
v 5.346913 -2.000000 2.788872
v 5.644428 -2.000000 2.788872
v 5.941943 -2.000000 2.788872
v 6.239458 -2.000000 2.788872
v 6.536973 -2.000000 2.788872
v 6.834488 -2.000000 2.788872
v 7.132003 -2.000000 2.788872
v 7.429518 -2.000000 2.788872
v 7.727033 -2.000000 2.788872
v 8.024548 -2.000000 2.788872
v 8.322063 -2.000000 2.788872
v 8.619578 -2.000000 2.788872
v 8.917093 -2.000000 2.788872
v 9.214608 -2.000000 2.788872
v 9.512123 -2.000000 2.788872
v 9.809638 -2.000000 2.788872
v 10.107153 -2.000000 2.788872
v 10.404668 -2.000000 2.788872
v 10.702183 -2.000000 2.788872
v 10.999698 -2.000000 2.788872
v 11.297213 -2.000000 2.788872
v 11.594728 -2.000000 2.788872
v 11.892244 -2.000000 2.788872
v -11.908957 -2.000000 3.086387
v -11.611442 -2.000000 3.086387
v -11.313927 -2.000000 3.086387
v -11.016412 -2.000000 3.086387
v -10.718897 -2.000000 3.086387
v -10.421382 -2.000000 3.086387
v -10.123867 -2.000000 3.086387
v -9.826352 -2.000000 3.086387
v -9.528837 -2.000000 3.086387
v -9.231322 -2.000000 3.086387
v -8.933807 -2.000000 3.086387
v -8.636292 -2.000000 3.086387
v -8.338777 -2.000000 3.086387
v -8.041262 -2.000000 3.086387
v -7.743747 -2.000000 3.086387
v -7.446232 -2.000000 3.086387
v -7.148717 -2.000000 3.086387
v -6.851202 -2.000000 3.086387
v -6.553687 -2.000000 3.086387
v -6.256172 -2.000000 3.086387
v -5.958657 -2.000000 3.086387
v -5.661142 -2.000000 3.086387
v -5.363627 -2.000000 3.086387
v -5.066112 -2.000000 3.086387
v -4.768597 -2.000000 3.086387
v -4.471082 -2.000000 3.086387
v -4.173567 -2.000000 3.086387
v -3.876052 -2.000000 3.086387
v -3.578537 -2.000000 3.086387
v -3.281022 -2.000000 3.086387
v -2.983507 -2.000000 3.086387
v -2.685992 -2.000000 3.086387
v -2.388477 -2.000000 3.086387
v -2.090962 -2.000000 3.086387
v -1.793447 -2.000000 3.086387
v -1.495932 -2.000000 3.086387
v -1.198417 -2.000000 3.086387
v -0.900902 -2.000000 3.086387
v -0.603387 -2.000000 3.086387
v -0.305872 -2.000000 3.086387
v -0.008357 -2.000000 3.086387
v 0.289158 -2.000000 3.086387
v 0.586673 -2.000000 3.086387
v 0.884188 -2.000000 3.086387
v 1.181703 -2.000000 3.086387
v 1.479218 -2.000000 3.086387
v 1.776733 -2.000000 3.086387
v 2.074248 -2.000000 3.086387
v 2.371763 -2.000000 3.086387
v 2.669278 -2.000000 3.086387
v 2.966793 -2.000000 3.086387
v 3.264308 -2.000000 3.086387
v 3.561823 -2.000000 3.086387
v 3.859338 -2.000000 3.086387
v 4.156853 -2.000000 3.086387
v 4.454368 -2.000000 3.086387
v 4.751883 -2.000000 3.086387
v 5.049398 -2.000000 3.086387
v 5.346913 -2.000000 3.086387
v 5.644428 -2.000000 3.086387
v 5.941943 -2.000000 3.086387
v 6.239458 -2.000000 3.086387
v 6.536973 -2.000000 3.086387
v 6.834488 -2.000000 3.086387
v 7.132003 -2.000000 3.086387
v 7.429518 -2.000000 3.086387
v 7.727033 -2.000000 3.086387
v 8.024548 -2.000000 3.086387
v 8.322063 -2.000000 3.086387
v 8.619578 -2.000000 3.086387
v 8.917093 -2.000000 3.086387
v 9.214608 -2.000000 3.086387
v 9.512123 -2.000000 3.086387
v 9.809638 -2.000000 3.086387
v 10.107153 -2.000000 3.086387
v 10.404668 -2.000000 3.086387
v 10.702183 -2.000000 3.086387
v 10.999698 -2.000000 3.086387
v 11.297213 -2.000000 3.086387
v 11.594728 -2.000000 3.086387
v 11.892244 -2.000000 3.086387
v -11.908957 -2.000000 3.383902
v -11.611442 -2.000000 3.383902
v -11.313927 -2.000000 3.383902
v -11.016412 -2.000000 3.383902
v -10.718897 -2.000000 3.383902
v -10.421382 -2.000000 3.383902
v -10.123867 -2.000000 3.383902
v -9.826352 -2.000000 3.383902
v -9.528837 -2.000000 3.383902
v -9.231322 -2.000000 3.383902
v -8.933807 -2.000000 3.383902
v -8.636292 -2.000000 3.383902
v -8.338777 -2.000000 3.383902
v -8.041262 -2.000000 3.383902
v -7.743747 -2.000000 3.383902
v -7.446232 -2.000000 3.383902
v -7.148717 -2.000000 3.383902
v -6.851202 -2.000000 3.383902
v -6.553687 -2.000000 3.383902
v -6.256172 -2.000000 3.383902
v -5.958657 -2.000000 3.383902
v -5.661142 -2.000000 3.383902
v -5.363627 -2.000000 3.383902
v -5.066112 -2.000000 3.383902
v -4.768597 -2.000000 3.383902
v -4.471082 -2.000000 3.383902
v -4.173567 -2.000000 3.383902
v -3.876052 -2.000000 3.383902
v -3.578537 -2.000000 3.383902
v -3.281022 -2.000000 3.383902
v -2.983507 -2.000000 3.383902
v -2.685992 -2.000000 3.383902
v -2.388477 -2.000000 3.383902
v -2.090962 -2.000000 3.383902
v -1.793447 -2.000000 3.383902
v -1.495932 -2.000000 3.383902
v -1.198417 -2.000000 3.383902
v -0.900902 -2.000000 3.383902
v -0.603387 -2.000000 3.383902
v -0.305872 -2.000000 3.383902
v -0.008357 -2.000000 3.383902
v 0.289158 -2.000000 3.383902
v 0.586673 -2.000000 3.383902
v 0.884188 -2.000000 3.383902
v 1.181703 -2.000000 3.383902
v 1.479218 -2.000000 3.383902
v 1.776733 -2.000000 3.383902
v 2.074248 -2.000000 3.383902
v 2.371763 -2.000000 3.383902
v 2.669278 -2.000000 3.383902
v 2.966793 -2.000000 3.383902
v 3.264308 -2.000000 3.383902
v 3.561823 -2.000000 3.383902
v 3.859338 -2.000000 3.383902
v 4.156853 -2.000000 3.383902
v 4.454368 -2.000000 3.383902
v 4.751883 -2.000000 3.383902
v 5.049398 -2.000000 3.383902
v 5.346913 -2.000000 3.383902
v 5.644428 -2.000000 3.383902
v 5.941943 -2.000000 3.383902
v 6.239458 -2.000000 3.383902
v 6.536973 -2.000000 3.383902
v 6.834488 -2.000000 3.383902
v 7.132003 -2.000000 3.383902
v 7.429518 -2.000000 3.383902
v 7.727033 -2.000000 3.383902
v 8.024548 -2.000000 3.383902
v 8.322063 -2.000000 3.383902
v 8.619578 -2.000000 3.383902
v 8.917093 -2.000000 3.383902
v 9.214608 -2.000000 3.383902
v 9.512123 -2.000000 3.383902
v 9.809638 -2.000000 3.383902
v 10.107153 -2.000000 3.383902
v 10.404668 -2.000000 3.383902
v 10.702183 -2.000000 3.383902
v 10.999698 -2.000000 3.383902
v 11.297213 -2.000000 3.383902
v 11.594728 -2.000000 3.383902
v 11.892244 -2.000000 3.383902
v -11.908957 -2.000000 3.681417
v -11.611442 -2.000000 3.681417
v -11.313927 -2.000000 3.681417
v -11.016412 -2.000000 3.681417
v -10.718897 -2.000000 3.681417
v -10.421382 -2.000000 3.681417
v -10.123867 -2.000000 3.681417
v -9.826352 -2.000000 3.681417
v -9.528837 -2.000000 3.681417
v -9.231322 -2.000000 3.681417
v -8.933807 -2.000000 3.681417
v -8.636292 -2.000000 3.681417
v -8.338777 -2.000000 3.681417
v -8.041262 -2.000000 3.681417
v -7.743747 -2.000000 3.681417
v -7.446232 -2.000000 3.681417
v -7.148717 -2.000000 3.681417
v -6.851202 -2.000000 3.681417
v -6.553687 -2.000000 3.681417
v -6.256172 -2.000000 3.681417
v -5.958657 -2.000000 3.681417
v -5.661142 -2.000000 3.681417
v -5.363627 -2.000000 3.681417
v -5.066112 -2.000000 3.681417
v -4.768597 -2.000000 3.681417
v -4.471082 -2.000000 3.681417
v -4.173567 -2.000000 3.681417
v -3.876052 -2.000000 3.681417
v -3.578537 -2.000000 3.681417
v -3.281022 -2.000000 3.681417
v -2.983507 -2.000000 3.681417
v -2.685992 -2.000000 3.681417
v -2.388477 -2.000000 3.681417
v -2.090962 -2.000000 3.681417
v -1.793447 -2.000000 3.681417
v -1.495932 -2.000000 3.681417
v -1.198417 -2.000000 3.681417
v -0.900902 -2.000000 3.681417
v -0.603387 -2.000000 3.681417
v -0.305872 -2.000000 3.681417
v -0.008357 -2.000000 3.681417
v 0.289158 -2.000000 3.681417
v 0.586673 -2.000000 3.681417
v 0.884188 -2.000000 3.681417
v 1.181703 -2.000000 3.681417
v 1.479218 -2.000000 3.681417
v 1.776733 -2.000000 3.681417
v 2.074248 -2.000000 3.681417
v 2.371763 -2.000000 3.681417
v 2.669278 -2.000000 3.681417
v 2.966793 -2.000000 3.681417
v 3.264308 -2.000000 3.681417
v 3.561823 -2.000000 3.681417
v 3.859338 -2.000000 3.681417
v 4.156853 -2.000000 3.681417
v 4.454368 -2.000000 3.681417
v 4.751883 -2.000000 3.681417
v 5.049398 -2.000000 3.681417
v 5.346913 -2.000000 3.681417
v 5.644428 -2.000000 3.681417
v 5.941943 -2.000000 3.681417
v 6.239458 -2.000000 3.681417
v 6.536973 -2.000000 3.681417
v 6.834488 -2.000000 3.681417
v 7.132003 -2.000000 3.681417
v 7.429518 -2.000000 3.681417
v 7.727033 -2.000000 3.681417
v 8.024548 -2.000000 3.681417
v 8.322063 -2.000000 3.681417
v 8.619578 -2.000000 3.681417
v 8.917093 -2.000000 3.681417
v 9.214608 -2.000000 3.681417
v 9.512123 -2.000000 3.681417
v 9.809638 -2.000000 3.681417
v 10.107153 -2.000000 3.681417
v 10.404668 -2.000000 3.681417
v 10.702183 -2.000000 3.681417
v 10.999698 -2.000000 3.681417
v 11.297213 -2.000000 3.681417
v 11.594728 -2.000000 3.681417
v 11.892244 -2.000000 3.681417
v -11.908957 -2.000000 3.978932
v -11.611442 -2.000000 3.978932
v -11.313927 -2.000000 3.978932
v -11.016412 -2.000000 3.978932
v -10.718897 -2.000000 3.978932
v -10.421382 -2.000000 3.978932
v -10.123867 -2.000000 3.978932
v -9.826352 -2.000000 3.978932
v -9.528837 -2.000000 3.978932
v -9.231322 -2.000000 3.978932
v -8.933807 -2.000000 3.978932
v -8.636292 -2.000000 3.978932
v -8.338777 -2.000000 3.978932
v -8.041262 -2.000000 3.978932
v -7.743747 -2.000000 3.978932
v -7.446232 -2.000000 3.978932
v -7.148717 -2.000000 3.978932
v -6.851202 -2.000000 3.978932
v -6.553687 -2.000000 3.978932
v -6.256172 -2.000000 3.978932
v -5.958657 -2.000000 3.978932
v -5.661142 -2.000000 3.978932
v -5.363627 -2.000000 3.978932
v -5.066112 -2.000000 3.978932
v -4.768597 -2.000000 3.978932
v -4.471082 -2.000000 3.978932
v -4.173567 -2.000000 3.978932
v -3.876052 -2.000000 3.978932
v -3.578537 -2.000000 3.978932
v -3.281022 -2.000000 3.978932
v -2.983507 -2.000000 3.978932
v -2.685992 -2.000000 3.978932
v -2.388477 -2.000000 3.978932
v -2.090962 -2.000000 3.978932
v -1.793447 -2.000000 3.978932
v -1.495932 -2.000000 3.978932
v -1.198417 -2.000000 3.978932
v -0.900902 -2.000000 3.978932
v -0.603387 -2.000000 3.978932
v -0.305872 -2.000000 3.978932
v -0.008357 -2.000000 3.978932
v 0.289158 -2.000000 3.978932
v 0.586673 -2.000000 3.978932
v 0.884188 -2.000000 3.978932
v 1.181703 -2.000000 3.978932
v 1.479218 -2.000000 3.978932
v 1.776733 -2.000000 3.978932
v 2.074248 -2.000000 3.978932
v 2.371763 -2.000000 3.978932
v 2.669278 -2.000000 3.978932
v 2.966793 -2.000000 3.978932
v 3.264308 -2.000000 3.978932
v 3.561823 -2.000000 3.978932
v 3.859338 -2.000000 3.978932
v 4.156853 -2.000000 3.978932
v 4.454368 -2.000000 3.978932
v 4.751883 -2.000000 3.978932
v 5.049398 -2.000000 3.978932
v 5.346913 -2.000000 3.978932
v 5.644428 -2.000000 3.978932
v 5.941943 -2.000000 3.978932
v 6.239458 -2.000000 3.978932
v 6.536973 -2.000000 3.978932
v 6.834488 -2.000000 3.978932
v 7.132003 -2.000000 3.978932
v 7.429518 -2.000000 3.978932
v 7.727033 -2.000000 3.978932
v 8.024548 -2.000000 3.978932
v 8.322063 -2.000000 3.978932
v 8.619578 -2.000000 3.978932
v 8.917093 -2.000000 3.978932
v 9.214608 -2.000000 3.978932
v 9.512123 -2.000000 3.978932
v 9.809638 -2.000000 3.978932
v 10.107153 -2.000000 3.978932
v 10.404668 -2.000000 3.978932
v 10.702183 -2.000000 3.978932
v 10.999698 -2.000000 3.978932
v 11.297213 -2.000000 3.978932
v 11.594728 -2.000000 3.978932
v 11.892244 -2.000000 3.978932
v -11.908957 -2.000000 4.276447
v -11.611442 -2.000000 4.276447
v -11.313927 -2.000000 4.276447
v -11.016412 -2.000000 4.276447
v -10.718897 -2.000000 4.276447
v -10.421382 -2.000000 4.276447
v -10.123867 -2.000000 4.276447
v -9.826352 -2.000000 4.276447
v -9.528837 -2.000000 4.276447
v -9.231322 -2.000000 4.276447
v -8.933807 -2.000000 4.276447
v -8.636292 -2.000000 4.276447
v -8.338777 -2.000000 4.276447
v -8.041262 -2.000000 4.276447
v -7.743747 -2.000000 4.276447
v -7.446232 -2.000000 4.276447
v -7.148717 -2.000000 4.276447
v -6.851202 -2.000000 4.276447
v -6.553687 -2.000000 4.276447
v -6.256172 -2.000000 4.276447
v -5.958657 -2.000000 4.276447
v -5.661142 -2.000000 4.276447
v -5.363627 -2.000000 4.276447
v -5.066112 -2.000000 4.276447
v -4.768597 -2.000000 4.276447
v -4.471082 -2.000000 4.276447
v -4.173567 -2.000000 4.276447
v -3.876052 -2.000000 4.276447
v -3.578537 -2.000000 4.276447
v -3.281022 -2.000000 4.276447
v -2.983507 -2.000000 4.276447
v -2.685992 -2.000000 4.276447
v -2.388477 -2.000000 4.276447
v -2.090962 -2.000000 4.276447
v -1.793447 -2.000000 4.276447
v -1.495932 -2.000000 4.276447
v -1.198417 -2.000000 4.276447
v -0.900902 -2.000000 4.276447
v -0.603387 -2.000000 4.276447
v -0.305872 -2.000000 4.276447
v -0.008357 -2.000000 4.276447
v 0.289158 -2.000000 4.276447
v 0.586673 -2.000000 4.276447
v 0.884188 -2.000000 4.276447
v 1.181703 -2.000000 4.276447
v 1.479218 -2.000000 4.276447
v 1.776733 -2.000000 4.276447
v 2.074248 -2.000000 4.276447
v 2.371763 -2.000000 4.276447
v 2.669278 -2.000000 4.276447
v 2.966793 -2.000000 4.276447
v 3.264308 -2.000000 4.276447
v 3.561823 -2.000000 4.276447
v 3.859338 -2.000000 4.276447
v 4.156853 -2.000000 4.276447
v 4.454368 -2.000000 4.276447
v 4.751883 -2.000000 4.276447
v 5.049398 -2.000000 4.276447
v 5.346913 -2.000000 4.276447
v 5.644428 -2.000000 4.276447
v 5.941943 -2.000000 4.276447
v 6.239458 -2.000000 4.276447
v 6.536973 -2.000000 4.276447
v 6.834488 -2.000000 4.276447
v 7.132003 -2.000000 4.276447
v 7.429518 -2.000000 4.276447
v 7.727033 -2.000000 4.276447
v 8.024548 -2.000000 4.276447
v 8.322063 -2.000000 4.276447
v 8.619578 -2.000000 4.276447
v 8.917093 -2.000000 4.276447
v 9.214608 -2.000000 4.276447
v 9.512123 -2.000000 4.276447
v 9.809638 -2.000000 4.276447
v 10.107153 -2.000000 4.276447
v 10.404668 -2.000000 4.276447
v 10.702183 -2.000000 4.276447
v 10.999698 -2.000000 4.276447
v 11.297213 -2.000000 4.276447
v 11.594728 -2.000000 4.276447
v 11.892244 -2.000000 4.276447
v -11.908957 -2.000000 4.573962
v -11.611442 -2.000000 4.573962
v -11.313927 -2.000000 4.573962
v -11.016412 -2.000000 4.573962
v -10.718897 -2.000000 4.573962
v -10.421382 -2.000000 4.573962
v -10.123867 -2.000000 4.573962
v -9.826352 -2.000000 4.573962
v -9.528837 -2.000000 4.573962
v -9.231322 -2.000000 4.573962
v -8.933807 -2.000000 4.573962
v -8.636292 -2.000000 4.573962
v -8.338777 -2.000000 4.573962
v -8.041262 -2.000000 4.573962
v -7.743747 -2.000000 4.573962
v -7.446232 -2.000000 4.573962
v -7.148717 -2.000000 4.573962
v -6.851202 -2.000000 4.573962
v -6.553687 -2.000000 4.573962
v -6.256172 -2.000000 4.573962
v -5.958657 -2.000000 4.573962
v -5.661142 -2.000000 4.573962
v -5.363627 -2.000000 4.573962
v -5.066112 -2.000000 4.573962
v -4.768597 -2.000000 4.573962
v -4.471082 -2.000000 4.573962
v -4.173567 -2.000000 4.573962
v -3.876052 -2.000000 4.573962
v -3.578537 -2.000000 4.573962
v -3.281022 -2.000000 4.573962
v -2.983507 -2.000000 4.573962
v -2.685992 -2.000000 4.573962
v -2.388477 -2.000000 4.573962
v -2.090962 -2.000000 4.573962
v -1.793447 -2.000000 4.573962
v -1.495932 -2.000000 4.573962
v -1.198417 -2.000000 4.573962
v -0.900902 -2.000000 4.573962
v -0.603387 -2.000000 4.573962
v -0.305872 -2.000000 4.573962
v -0.008357 -2.000000 4.573962
v 0.289158 -2.000000 4.573962
v 0.586673 -2.000000 4.573962
v 0.884188 -2.000000 4.573962
v 1.181703 -2.000000 4.573962
v 1.479218 -2.000000 4.573962
v 1.776733 -2.000000 4.573962
v 2.074248 -2.000000 4.573962
v 2.371763 -2.000000 4.573962
v 2.669278 -2.000000 4.573962
v 2.966793 -2.000000 4.573962
v 3.264308 -2.000000 4.573962
v 3.561823 -2.000000 4.573962
v 3.859338 -2.000000 4.573962
v 4.156853 -2.000000 4.573962
v 4.454368 -2.000000 4.573962
v 4.751883 -2.000000 4.573962
v 5.049398 -2.000000 4.573962
v 5.346913 -2.000000 4.573962
v 5.644428 -2.000000 4.573962
v 5.941943 -2.000000 4.573962
v 6.239458 -2.000000 4.573962
v 6.536973 -2.000000 4.573962
v 6.834488 -2.000000 4.573962
v 7.132003 -2.000000 4.573962
v 7.429518 -2.000000 4.573962
v 7.727033 -2.000000 4.573962
v 8.024548 -2.000000 4.573962
v 8.322063 -2.000000 4.573962
v 8.619578 -2.000000 4.573962
v 8.917093 -2.000000 4.573962
v 9.214608 -2.000000 4.573962
v 9.512123 -2.000000 4.573962
v 9.809638 -2.000000 4.573962
v 10.107153 -2.000000 4.573962
v 10.404668 -2.000000 4.573962
v 10.702183 -2.000000 4.573962
v 10.999698 -2.000000 4.573962
v 11.297213 -2.000000 4.573962
v 11.594728 -2.000000 4.573962
v 11.892244 -2.000000 4.573962
v -11.908957 -2.000000 4.871477
v -11.611442 -2.000000 4.871477
v -11.313927 -2.000000 4.871477
v -11.016412 -2.000000 4.871477
v -10.718897 -2.000000 4.871477
v -10.421382 -2.000000 4.871477
v -10.123867 -2.000000 4.871477
v -9.826352 -2.000000 4.871477
v -9.528837 -2.000000 4.871477
v -9.231322 -2.000000 4.871477
v -8.933807 -2.000000 4.871477
v -8.636292 -2.000000 4.871477
v -8.338777 -2.000000 4.871477
v -8.041262 -2.000000 4.871477
v -7.743747 -2.000000 4.871477
v -7.446232 -2.000000 4.871477
v -7.148717 -2.000000 4.871477
v -6.851202 -2.000000 4.871477
v -6.553687 -2.000000 4.871477
v -6.256172 -2.000000 4.871477
v -5.958657 -2.000000 4.871477
v -5.661142 -2.000000 4.871477
v -5.363627 -2.000000 4.871477
v -5.066112 -2.000000 4.871477
v -4.768597 -2.000000 4.871477
v -4.471082 -2.000000 4.871477
v -4.173567 -2.000000 4.871477
v -3.876052 -2.000000 4.871477
v -3.578537 -2.000000 4.871477
v -3.281022 -2.000000 4.871477
v -2.983507 -2.000000 4.871477
v -2.685992 -2.000000 4.871477
v -2.388477 -2.000000 4.871477
v -2.090962 -2.000000 4.871477
v -1.793447 -2.000000 4.871477
v -1.495932 -2.000000 4.871477
v -1.198417 -2.000000 4.871477
v -0.900902 -2.000000 4.871477
v -0.603387 -2.000000 4.871477
v -0.305872 -2.000000 4.871477
v -0.008357 -2.000000 4.871477
v 0.289158 -2.000000 4.871477
v 0.586673 -2.000000 4.871477
v 0.884188 -2.000000 4.871477
v 1.181703 -2.000000 4.871477
v 1.479218 -2.000000 4.871477
v 1.776733 -2.000000 4.871477
v 2.074248 -2.000000 4.871477
v 2.371763 -2.000000 4.871477
v 2.669278 -2.000000 4.871477
v 2.966793 -2.000000 4.871477
v 3.264308 -2.000000 4.871477
v 3.561823 -2.000000 4.871477
v 3.859338 -2.000000 4.871477
v 4.156853 -2.000000 4.871477
v 4.454368 -2.000000 4.871477
v 4.751883 -2.000000 4.871477
v 5.049398 -2.000000 4.871477
v 5.346913 -2.000000 4.871477
v 5.644428 -2.000000 4.871477
v 5.941943 -2.000000 4.871477
v 6.239458 -2.000000 4.871477
v 6.536973 -2.000000 4.871477
v 6.834488 -2.000000 4.871477
v 7.132003 -2.000000 4.871477
v 7.429518 -2.000000 4.871477
v 7.727033 -2.000000 4.871477
v 8.024548 -2.000000 4.871477
v 8.322063 -2.000000 4.871477
v 8.619578 -2.000000 4.871477
v 8.917093 -2.000000 4.871477
v 9.214608 -2.000000 4.871477
v 9.512123 -2.000000 4.871477
v 9.809638 -2.000000 4.871477
v 10.107153 -2.000000 4.871477
v 10.404668 -2.000000 4.871477
v 10.702183 -2.000000 4.871477
v 10.999698 -2.000000 4.871477
v 11.297213 -2.000000 4.871477
v 11.594728 -2.000000 4.871477
v 11.892244 -2.000000 4.871477
v -11.908957 -2.000000 5.168992
v -11.611442 -2.000000 5.168992
v -11.313927 -2.000000 5.168992
v -11.016412 -2.000000 5.168992
v -10.718897 -2.000000 5.168992
v -10.421382 -2.000000 5.168992
v -10.123867 -2.000000 5.168992
v -9.826352 -2.000000 5.168992
v -9.528837 -2.000000 5.168992
v -9.231322 -2.000000 5.168992
v -8.933807 -2.000000 5.168992
v -8.636292 -2.000000 5.168992
v -8.338777 -2.000000 5.168992
v -8.041262 -2.000000 5.168992
v -7.743747 -2.000000 5.168992
v -7.446232 -2.000000 5.168992
v -7.148717 -2.000000 5.168992
v -6.851202 -2.000000 5.168992
v -6.553687 -2.000000 5.168992
v -6.256172 -2.000000 5.168992
v -5.958657 -2.000000 5.168992
v -5.661142 -2.000000 5.168992
v -5.363627 -2.000000 5.168992
v -5.066112 -2.000000 5.168992
v -4.768597 -2.000000 5.168992
v -4.471082 -2.000000 5.168992
v -4.173567 -2.000000 5.168992
v -3.876052 -2.000000 5.168992
v -3.578537 -2.000000 5.168992
v -3.281022 -2.000000 5.168992
v -2.983507 -2.000000 5.168992
v -2.685992 -2.000000 5.168992
v -2.388477 -2.000000 5.168992
v -2.090962 -2.000000 5.168992
v -1.793447 -2.000000 5.168992
v -1.495932 -2.000000 5.168992
v -1.198417 -2.000000 5.168992
v -0.900902 -2.000000 5.168992
v -0.603387 -2.000000 5.168992
v -0.305872 -2.000000 5.168992
v -0.008357 -2.000000 5.168992
v 0.289158 -2.000000 5.168992
v 0.586673 -2.000000 5.168992
v 0.884188 -2.000000 5.168992
v 1.181703 -2.000000 5.168992
v 1.479218 -2.000000 5.168992
v 1.776733 -2.000000 5.168992
v 2.074248 -2.000000 5.168992
v 2.371763 -2.000000 5.168992
v 2.669278 -2.000000 5.168992
v 2.966793 -2.000000 5.168992
v 3.264308 -2.000000 5.168992
v 3.561823 -2.000000 5.168992
v 3.859338 -2.000000 5.168992
v 4.156853 -2.000000 5.168992
v 4.454368 -2.000000 5.168992
v 4.751883 -2.000000 5.168992
v 5.049398 -2.000000 5.168992
v 5.346913 -2.000000 5.168992
v 5.644428 -2.000000 5.168992
v 5.941943 -2.000000 5.168992
v 6.239458 -2.000000 5.168992
v 6.536973 -2.000000 5.168992
v 6.834488 -2.000000 5.168992
v 7.132003 -2.000000 5.168992
v 7.429518 -2.000000 5.168992
v 7.727033 -2.000000 5.168992
v 8.024548 -2.000000 5.168992
v 8.322063 -2.000000 5.168992
v 8.619578 -2.000000 5.168992
v 8.917093 -2.000000 5.168992
v 9.214608 -2.000000 5.168992
v 9.512123 -2.000000 5.168992
v 9.809638 -2.000000 5.168992
v 10.107153 -2.000000 5.168992
v 10.404668 -2.000000 5.168992
v 10.702183 -2.000000 5.168992
v 10.999698 -2.000000 5.168992
v 11.297213 -2.000000 5.168992
v 11.594728 -2.000000 5.168992
v 11.892244 -2.000000 5.168992
v -11.908957 -2.000000 5.466507
v -11.611442 -2.000000 5.466507
v -11.313927 -2.000000 5.466507
v -11.016412 -2.000000 5.466507
v -10.718897 -2.000000 5.466507
v -10.421382 -2.000000 5.466507
v -10.123867 -2.000000 5.466507
v -9.826352 -2.000000 5.466507
v -9.528837 -2.000000 5.466507
v -9.231322 -2.000000 5.466507
v -8.933807 -2.000000 5.466507
v -8.636292 -2.000000 5.466507
v -8.338777 -2.000000 5.466507
v -8.041262 -2.000000 5.466507
v -7.743747 -2.000000 5.466507
v -7.446232 -2.000000 5.466507
v -7.148717 -2.000000 5.466507
v -6.851202 -2.000000 5.466507
v -6.553687 -2.000000 5.466507
v -6.256172 -2.000000 5.466507
v -5.958657 -2.000000 5.466507
v -5.661142 -2.000000 5.466507
v -5.363627 -2.000000 5.466507
v -5.066112 -2.000000 5.466507
v -4.768597 -2.000000 5.466507
v -4.471082 -2.000000 5.466507
v -4.173567 -2.000000 5.466507
v -3.876052 -2.000000 5.466507
v -3.578537 -2.000000 5.466507
v -3.281022 -2.000000 5.466507
v -2.983507 -2.000000 5.466507
v -2.685992 -2.000000 5.466507
v -2.388477 -2.000000 5.466507
v -2.090962 -2.000000 5.466507
v -1.793447 -2.000000 5.466507
v -1.495932 -2.000000 5.466507
v -1.198417 -2.000000 5.466507
v -0.900902 -2.000000 5.466507
v -0.603387 -2.000000 5.466507
v -0.305872 -2.000000 5.466507
v -0.008357 -2.000000 5.466507
v 0.289158 -2.000000 5.466507
v 0.586673 -2.000000 5.466507
v 0.884188 -2.000000 5.466507
v 1.181703 -2.000000 5.466507
v 1.479218 -2.000000 5.466507
v 1.776733 -2.000000 5.466507
v 2.074248 -2.000000 5.466507
v 2.371763 -2.000000 5.466507
v 2.669278 -2.000000 5.466507
v 2.966793 -2.000000 5.466507
v 3.264308 -2.000000 5.466507
v 3.561823 -2.000000 5.466507
v 3.859338 -2.000000 5.466507
v 4.156853 -2.000000 5.466507
v 4.454368 -2.000000 5.466507
v 4.751883 -2.000000 5.466507
v 5.049398 -2.000000 5.466507
v 5.346913 -2.000000 5.466507
v 5.644428 -2.000000 5.466507
v 5.941943 -2.000000 5.466507
v 6.239458 -2.000000 5.466507
v 6.536973 -2.000000 5.466507
v 6.834488 -2.000000 5.466507
v 7.132003 -2.000000 5.466507
v 7.429518 -2.000000 5.466507
v 7.727033 -2.000000 5.466507
v 8.024548 -2.000000 5.466507
v 8.322063 -2.000000 5.466507
v 8.619578 -2.000000 5.466507
v 8.917093 -2.000000 5.466507
v 9.214608 -2.000000 5.466507
v 9.512123 -2.000000 5.466507
v 9.809638 -2.000000 5.466507
v 10.107153 -2.000000 5.466507
v 10.404668 -2.000000 5.466507
v 10.702183 -2.000000 5.466507
v 10.999698 -2.000000 5.466507
v 11.297213 -2.000000 5.466507
v 11.594728 -2.000000 5.466507
v 11.892244 -2.000000 5.466507
v -11.908957 -2.000000 5.764022
v -11.611442 -2.000000 5.764022
v -11.313927 -2.000000 5.764022
v -11.016412 -2.000000 5.764022
v -10.718897 -2.000000 5.764022
v -10.421382 -2.000000 5.764022
v -10.123867 -2.000000 5.764022
v -9.826352 -2.000000 5.764022
v -9.528837 -2.000000 5.764022
v -9.231322 -2.000000 5.764022
v -8.933807 -2.000000 5.764022
v -8.636292 -2.000000 5.764022
v -8.338777 -2.000000 5.764022
v -8.041262 -2.000000 5.764022
v -7.743747 -2.000000 5.764022
v -7.446232 -2.000000 5.764022
v -7.148717 -2.000000 5.764022
v -6.851202 -2.000000 5.764022
v -6.553687 -2.000000 5.764022
v -6.256172 -2.000000 5.764022
v -5.958657 -2.000000 5.764022
v -5.661142 -2.000000 5.764022
v -5.363627 -2.000000 5.764022
v -5.066112 -2.000000 5.764022
v -4.768597 -2.000000 5.764022
v -4.471082 -2.000000 5.764022
v -4.173567 -2.000000 5.764022
v -3.876052 -2.000000 5.764022
v -3.578537 -2.000000 5.764022
v -3.281022 -2.000000 5.764022
v -2.983507 -2.000000 5.764022
v -2.685992 -2.000000 5.764022
v -2.388477 -2.000000 5.764022
v -2.090962 -2.000000 5.764022
v -1.793447 -2.000000 5.764022
v -1.495932 -2.000000 5.764022
v -1.198417 -2.000000 5.764022
v -0.900902 -2.000000 5.764022
v -0.603387 -2.000000 5.764022
v -0.305872 -2.000000 5.764022
v -0.008357 -2.000000 5.764022
v 0.289158 -2.000000 5.764022
v 0.586673 -2.000000 5.764022
v 0.884188 -2.000000 5.764022
v 1.181703 -2.000000 5.764022
v 1.479218 -2.000000 5.764022
v 1.776733 -2.000000 5.764022
v 2.074248 -2.000000 5.764022
v 2.371763 -2.000000 5.764022
v 2.669278 -2.000000 5.764022
v 2.966793 -2.000000 5.764022
v 3.264308 -2.000000 5.764022
v 3.561823 -2.000000 5.764022
v 3.859338 -2.000000 5.764022
v 4.156853 -2.000000 5.764022
v 4.454368 -2.000000 5.764022
v 4.751883 -2.000000 5.764022
v 5.049398 -2.000000 5.764022
v 5.346913 -2.000000 5.764022
v 5.644428 -2.000000 5.764022
v 5.941943 -2.000000 5.764022
v 6.239458 -2.000000 5.764022
v 6.536973 -2.000000 5.764022
v 6.834488 -2.000000 5.764022
v 7.132003 -2.000000 5.764022
v 7.429518 -2.000000 5.764022
v 7.727033 -2.000000 5.764022
v 8.024548 -2.000000 5.764022
v 8.322063 -2.000000 5.764022
v 8.619578 -2.000000 5.764022
v 8.917093 -2.000000 5.764022
v 9.214608 -2.000000 5.764022
v 9.512123 -2.000000 5.764022
v 9.809638 -2.000000 5.764022
v 10.107153 -2.000000 5.764022
v 10.404668 -2.000000 5.764022
v 10.702183 -2.000000 5.764022
v 10.999698 -2.000000 5.764022
v 11.297213 -2.000000 5.764022
v 11.594728 -2.000000 5.764022
v 11.892244 -2.000000 5.764022
v -11.908957 -2.000000 6.061537
v -11.611442 -2.000000 6.061537
v -11.313927 -2.000000 6.061537
v -11.016412 -2.000000 6.061537
v -10.718897 -2.000000 6.061537
v -10.421382 -2.000000 6.061537
v -10.123867 -2.000000 6.061537
v -9.826352 -2.000000 6.061537
v -9.528837 -2.000000 6.061537
v -9.231322 -2.000000 6.061537
v -8.933807 -2.000000 6.061537
v -8.636292 -2.000000 6.061537
v -8.338777 -2.000000 6.061537
v -8.041262 -2.000000 6.061537
v -7.743747 -2.000000 6.061537
v -7.446232 -2.000000 6.061537
v -7.148717 -2.000000 6.061537
v -6.851202 -2.000000 6.061537
v -6.553687 -2.000000 6.061537
v -6.256172 -2.000000 6.061537
v -5.958657 -2.000000 6.061537
v -5.661142 -2.000000 6.061537
v -5.363627 -2.000000 6.061537
v -5.066112 -2.000000 6.061537
v -4.768597 -2.000000 6.061537
v -4.471082 -2.000000 6.061537
v -4.173567 -2.000000 6.061537
v -3.876052 -2.000000 6.061537
v -3.578537 -2.000000 6.061537
v -3.281022 -2.000000 6.061537
v -2.983507 -2.000000 6.061537
v -2.685992 -2.000000 6.061537
v -2.388477 -2.000000 6.061537
v -2.090962 -2.000000 6.061537
v -1.793447 -2.000000 6.061537
v -1.495932 -2.000000 6.061537
v -1.198417 -2.000000 6.061537
v -0.900902 -2.000000 6.061537
v -0.603387 -2.000000 6.061537
v -0.305872 -2.000000 6.061537
v -0.008357 -2.000000 6.061537
v 0.289158 -2.000000 6.061537
v 0.586673 -2.000000 6.061537
v 0.884188 -2.000000 6.061537
v 1.181703 -2.000000 6.061537
v 1.479218 -2.000000 6.061537
v 1.776733 -2.000000 6.061537
v 2.074248 -2.000000 6.061537
v 2.371763 -2.000000 6.061537
v 2.669278 -2.000000 6.061537
v 2.966793 -2.000000 6.061537
v 3.264308 -2.000000 6.061537
v 3.561823 -2.000000 6.061537
v 3.859338 -2.000000 6.061537
v 4.156853 -2.000000 6.061537
v 4.454368 -2.000000 6.061537
v 4.751883 -2.000000 6.061537
v 5.049398 -2.000000 6.061537
v 5.346913 -2.000000 6.061537
v 5.644428 -2.000000 6.061537
v 5.941943 -2.000000 6.061537
v 6.239458 -2.000000 6.061537
v 6.536973 -2.000000 6.061537
v 6.834488 -2.000000 6.061537
v 7.132003 -2.000000 6.061537
v 7.429518 -2.000000 6.061537
v 7.727033 -2.000000 6.061537
v 8.024548 -2.000000 6.061537
v 8.322063 -2.000000 6.061537
v 8.619578 -2.000000 6.061537
v 8.917093 -2.000000 6.061537
v 9.214608 -2.000000 6.061537
v 9.512123 -2.000000 6.061537
v 9.809638 -2.000000 6.061537
v 10.107153 -2.000000 6.061537
v 10.404668 -2.000000 6.061537
v 10.702183 -2.000000 6.061537
v 10.999698 -2.000000 6.061537
v 11.297213 -2.000000 6.061537
v 11.594728 -2.000000 6.061537
v 11.892244 -2.000000 6.061537
v -11.908957 -2.000000 6.359052
v -11.611442 -2.000000 6.359052
v -11.313927 -2.000000 6.359052
v -11.016412 -2.000000 6.359052
v -10.718897 -2.000000 6.359052
v -10.421382 -2.000000 6.359052
v -10.123867 -2.000000 6.359052
v -9.826352 -2.000000 6.359052
v -9.528837 -2.000000 6.359052
v -9.231322 -2.000000 6.359052
v -8.933807 -2.000000 6.359052
v -8.636292 -2.000000 6.359052
v -8.338777 -2.000000 6.359052
v -8.041262 -2.000000 6.359052
v -7.743747 -2.000000 6.359052
v -7.446232 -2.000000 6.359052
v -7.148717 -2.000000 6.359052
v -6.851202 -2.000000 6.359052
v -6.553687 -2.000000 6.359052
v -6.256172 -2.000000 6.359052
v -5.958657 -2.000000 6.359052
v -5.661142 -2.000000 6.359052
v -5.363627 -2.000000 6.359052
v -5.066112 -2.000000 6.359052
v -4.768597 -2.000000 6.359052
v -4.471082 -2.000000 6.359052
v -4.173567 -2.000000 6.359052
v -3.876052 -2.000000 6.359052
v -3.578537 -2.000000 6.359052
v -3.281022 -2.000000 6.359052
v -2.983507 -2.000000 6.359052
v -2.685992 -2.000000 6.359052
v -2.388477 -2.000000 6.359052
v -2.090962 -2.000000 6.359052
v -1.793447 -2.000000 6.359052
v -1.495932 -2.000000 6.359052
v -1.198417 -2.000000 6.359052
v -0.900902 -2.000000 6.359052
v -0.603387 -2.000000 6.359052
v -0.305872 -2.000000 6.359052
v -0.008357 -2.000000 6.359052
v 0.289158 -2.000000 6.359052
v 0.586673 -2.000000 6.359052
v 0.884188 -2.000000 6.359052
v 1.181703 -2.000000 6.359052
v 1.479218 -2.000000 6.359052
v 1.776733 -2.000000 6.359052
v 2.074248 -2.000000 6.359052
v 2.371763 -2.000000 6.359052
v 2.669278 -2.000000 6.359052
v 2.966793 -2.000000 6.359052
v 3.264308 -2.000000 6.359052
v 3.561823 -2.000000 6.359052
v 3.859338 -2.000000 6.359052
v 4.156853 -2.000000 6.359052
v 4.454368 -2.000000 6.359052
v 4.751883 -2.000000 6.359052
v 5.049398 -2.000000 6.359052
v 5.346913 -2.000000 6.359052
v 5.644428 -2.000000 6.359052
v 5.941943 -2.000000 6.359052
v 6.239458 -2.000000 6.359052
v 6.536973 -2.000000 6.359052
v 6.834488 -2.000000 6.359052
v 7.132003 -2.000000 6.359052
v 7.429518 -2.000000 6.359052
v 7.727033 -2.000000 6.359052
v 8.024548 -2.000000 6.359052
v 8.322063 -2.000000 6.359052
v 8.619578 -2.000000 6.359052
v 8.917093 -2.000000 6.359052
v 9.214608 -2.000000 6.359052
v 9.512123 -2.000000 6.359052
v 9.809638 -2.000000 6.359052
v 10.107153 -2.000000 6.359052
v 10.404668 -2.000000 6.359052
v 10.702183 -2.000000 6.359052
v 10.999698 -2.000000 6.359052
v 11.297213 -2.000000 6.359052
v 11.594728 -2.000000 6.359052
v 11.892244 -2.000000 6.359052
v -11.908957 -2.000000 6.656567
v -11.611442 -2.000000 6.656567
v -11.313927 -2.000000 6.656567
v -11.016412 -2.000000 6.656567
v -10.718897 -2.000000 6.656567
v -10.421382 -2.000000 6.656567
v -10.123867 -2.000000 6.656567
v -9.826352 -2.000000 6.656567
v -9.528837 -2.000000 6.656567
v -9.231322 -2.000000 6.656567
v -8.933807 -2.000000 6.656567
v -8.636292 -2.000000 6.656567
v -8.338777 -2.000000 6.656567
v -8.041262 -2.000000 6.656567
v -7.743747 -2.000000 6.656567
v -7.446232 -2.000000 6.656567
v -7.148717 -2.000000 6.656567
v -6.851202 -2.000000 6.656567
v -6.553687 -2.000000 6.656567
v -6.256172 -2.000000 6.656567
v -5.958657 -2.000000 6.656567
v -5.661142 -2.000000 6.656567
v -5.363627 -2.000000 6.656567
v -5.066112 -2.000000 6.656567
v -4.768597 -2.000000 6.656567
v -4.471082 -2.000000 6.656567
v -4.173567 -2.000000 6.656567
v -3.876052 -2.000000 6.656567
v -3.578537 -2.000000 6.656567
v -3.281022 -2.000000 6.656567
v -2.983507 -2.000000 6.656567
v -2.685992 -2.000000 6.656567
v -2.388477 -2.000000 6.656567
v -2.090962 -2.000000 6.656567
v -1.793447 -2.000000 6.656567
v -1.495932 -2.000000 6.656567
v -1.198417 -2.000000 6.656567
v -0.900902 -2.000000 6.656567
v -0.603387 -2.000000 6.656567
v -0.305872 -2.000000 6.656567
v -0.008357 -2.000000 6.656567
v 0.289158 -2.000000 6.656567
v 0.586673 -2.000000 6.656567
v 0.884188 -2.000000 6.656567
v 1.181703 -2.000000 6.656567
v 1.479218 -2.000000 6.656567
v 1.776733 -2.000000 6.656567
v 2.074248 -2.000000 6.656567
v 2.371763 -2.000000 6.656567
v 2.669278 -2.000000 6.656567
v 2.966793 -2.000000 6.656567
v 3.264308 -2.000000 6.656567
v 3.561823 -2.000000 6.656567
v 3.859338 -2.000000 6.656567
v 4.156853 -2.000000 6.656567
v 4.454368 -2.000000 6.656567
v 4.751883 -2.000000 6.656567
v 5.049398 -2.000000 6.656567
v 5.346913 -2.000000 6.656567
v 5.644428 -2.000000 6.656567
v 5.941943 -2.000000 6.656567
v 6.239458 -2.000000 6.656567
v 6.536973 -2.000000 6.656567
v 6.834488 -2.000000 6.656567
v 7.132003 -2.000000 6.656567
v 7.429518 -2.000000 6.656567
v 7.727033 -2.000000 6.656567
v 8.024548 -2.000000 6.656567
v 8.322063 -2.000000 6.656567
v 8.619578 -2.000000 6.656567
v 8.917093 -2.000000 6.656567
v 9.214608 -2.000000 6.656567
v 9.512123 -2.000000 6.656567
v 9.809638 -2.000000 6.656567
v 10.107153 -2.000000 6.656567
v 10.404668 -2.000000 6.656567
v 10.702183 -2.000000 6.656567
v 10.999698 -2.000000 6.656567
v 11.297213 -2.000000 6.656567
v 11.594728 -2.000000 6.656567
v 11.892244 -2.000000 6.656567
v -11.908957 -2.000000 6.954082
v -11.611442 -2.000000 6.954082
v -11.313927 -2.000000 6.954082
v -11.016412 -2.000000 6.954082
v -10.718897 -2.000000 6.954082
v -10.421382 -2.000000 6.954082
v -10.123867 -2.000000 6.954082
v -9.826352 -2.000000 6.954082
v -9.528837 -2.000000 6.954082
v -9.231322 -2.000000 6.954082
v -8.933807 -2.000000 6.954082
v -8.636292 -2.000000 6.954082
v -8.338777 -2.000000 6.954082
v -8.041262 -2.000000 6.954082
v -7.743747 -2.000000 6.954082
v -7.446232 -2.000000 6.954082
v -7.148717 -2.000000 6.954082
v -6.851202 -2.000000 6.954082
v -6.553687 -2.000000 6.954082
v -6.256172 -2.000000 6.954082
v -5.958657 -2.000000 6.954082
v -5.661142 -2.000000 6.954082
v -5.363627 -2.000000 6.954082
v -5.066112 -2.000000 6.954082
v -4.768597 -2.000000 6.954082
v -4.471082 -2.000000 6.954082
v -4.173567 -2.000000 6.954082
v -3.876052 -2.000000 6.954082
v -3.578537 -2.000000 6.954082
v -3.281022 -2.000000 6.954082
v -2.983507 -2.000000 6.954082
v -2.685992 -2.000000 6.954082
v -2.388477 -2.000000 6.954082
v -2.090962 -2.000000 6.954082
v -1.793447 -2.000000 6.954082
v -1.495932 -2.000000 6.954082
v -1.198417 -2.000000 6.954082
v -0.900902 -2.000000 6.954082
v -0.603387 -2.000000 6.954082
v -0.305872 -2.000000 6.954082
v -0.008357 -2.000000 6.954082
v 0.289158 -2.000000 6.954082
v 0.586673 -2.000000 6.954082
v 0.884188 -2.000000 6.954082
v 1.181703 -2.000000 6.954082
v 1.479218 -2.000000 6.954082
v 1.776733 -2.000000 6.954082
v 2.074248 -2.000000 6.954082
v 2.371763 -2.000000 6.954082
v 2.669278 -2.000000 6.954082
v 2.966793 -2.000000 6.954082
v 3.264308 -2.000000 6.954082
v 3.561823 -2.000000 6.954082
v 3.859338 -2.000000 6.954082
v 4.156853 -2.000000 6.954082
v 4.454368 -2.000000 6.954082
v 4.751883 -2.000000 6.954082
v 5.049398 -2.000000 6.954082
v 5.346913 -2.000000 6.954082
v 5.644428 -2.000000 6.954082
v 5.941943 -2.000000 6.954082
v 6.239458 -2.000000 6.954082
v 6.536973 -2.000000 6.954082
v 6.834488 -2.000000 6.954082
v 7.132003 -2.000000 6.954082
v 7.429518 -2.000000 6.954082
v 7.727033 -2.000000 6.954082
v 8.024548 -2.000000 6.954082
v 8.322063 -2.000000 6.954082
v 8.619578 -2.000000 6.954082
v 8.917093 -2.000000 6.954082
v 9.214608 -2.000000 6.954082
v 9.512123 -2.000000 6.954082
v 9.809638 -2.000000 6.954082
v 10.107153 -2.000000 6.954082
v 10.404668 -2.000000 6.954082
v 10.702183 -2.000000 6.954082
v 10.999698 -2.000000 6.954082
v 11.297213 -2.000000 6.954082
v 11.594728 -2.000000 6.954082
v 11.892244 -2.000000 6.954082
v -11.908957 -2.000000 7.251597
v -11.611442 -2.000000 7.251597
v -11.313927 -2.000000 7.251597
v -11.016412 -2.000000 7.251597
v -10.718897 -2.000000 7.251597
v -10.421382 -2.000000 7.251597
v -10.123867 -2.000000 7.251597
v -9.826352 -2.000000 7.251597
v -9.528837 -2.000000 7.251597
v -9.231322 -2.000000 7.251597
v -8.933807 -2.000000 7.251597
v -8.636292 -2.000000 7.251597
v -8.338777 -2.000000 7.251597
v -8.041262 -2.000000 7.251597
v -7.743747 -2.000000 7.251597
v -7.446232 -2.000000 7.251597
v -7.148717 -2.000000 7.251597
v -6.851202 -2.000000 7.251597
v -6.553687 -2.000000 7.251597
v -6.256172 -2.000000 7.251597
v -5.958657 -2.000000 7.251597
v -5.661142 -2.000000 7.251597
v -5.363627 -2.000000 7.251597
v -5.066112 -2.000000 7.251597
v -4.768597 -2.000000 7.251597
v -4.471082 -2.000000 7.251597
v -4.173567 -2.000000 7.251597
v -3.876052 -2.000000 7.251597
v -3.578537 -2.000000 7.251597
v -3.281022 -2.000000 7.251597
v -2.983507 -2.000000 7.251597
v -2.685992 -2.000000 7.251597
v -2.388477 -2.000000 7.251597
v -2.090962 -2.000000 7.251597
v -1.793447 -2.000000 7.251597
v -1.495932 -2.000000 7.251597
v -1.198417 -2.000000 7.251597
v -0.900902 -2.000000 7.251597
v -0.603387 -2.000000 7.251597
v -0.305872 -2.000000 7.251597
v -0.008357 -2.000000 7.251597
v 0.289158 -2.000000 7.251597
v 0.586673 -2.000000 7.251597
v 0.884188 -2.000000 7.251597
v 1.181703 -2.000000 7.251597
v 1.479218 -2.000000 7.251597
v 1.776733 -2.000000 7.251597
v 2.074248 -2.000000 7.251597
v 2.371763 -2.000000 7.251597
v 2.669278 -2.000000 7.251597
v 2.966793 -2.000000 7.251597
v 3.264308 -2.000000 7.251597
v 3.561823 -2.000000 7.251597
v 3.859338 -2.000000 7.251597
v 4.156853 -2.000000 7.251597
v 4.454368 -2.000000 7.251597
v 4.751883 -2.000000 7.251597
v 5.049398 -2.000000 7.251597
v 5.346913 -2.000000 7.251597
v 5.644428 -2.000000 7.251597
v 5.941943 -2.000000 7.251597
v 6.239458 -2.000000 7.251597
v 6.536973 -2.000000 7.251597
v 6.834488 -2.000000 7.251597
v 7.132003 -2.000000 7.251597
v 7.429518 -2.000000 7.251597
v 7.727033 -2.000000 7.251597
v 8.024548 -2.000000 7.251597
v 8.322063 -2.000000 7.251597
v 8.619578 -2.000000 7.251597
v 8.917093 -2.000000 7.251597
v 9.214608 -2.000000 7.251597
v 9.512123 -2.000000 7.251597
v 9.809638 -2.000000 7.251597
v 10.107153 -2.000000 7.251597
v 10.404668 -2.000000 7.251597
v 10.702183 -2.000000 7.251597
v 10.999698 -2.000000 7.251597
v 11.297213 -2.000000 7.251597
v 11.594728 -2.000000 7.251597
v 11.892244 -2.000000 7.251597
v -11.908957 -2.000000 7.549112
v -11.611442 -2.000000 7.549112
v -11.313927 -2.000000 7.549112
v -11.016412 -2.000000 7.549112
v -10.718897 -2.000000 7.549112
v -10.421382 -2.000000 7.549112
v -10.123867 -2.000000 7.549112
v -9.826352 -2.000000 7.549112
v -9.528837 -2.000000 7.549112
v -9.231322 -2.000000 7.549112
v -8.933807 -2.000000 7.549112
v -8.636292 -2.000000 7.549112
v -8.338777 -2.000000 7.549112
v -8.041262 -2.000000 7.549112
v -7.743747 -2.000000 7.549112
v -7.446232 -2.000000 7.549112
v -7.148717 -2.000000 7.549112
v -6.851202 -2.000000 7.549112
v -6.553687 -2.000000 7.549112
v -6.256172 -2.000000 7.549112
v -5.958657 -2.000000 7.549112
v -5.661142 -2.000000 7.549112
v -5.363627 -2.000000 7.549112
v -5.066112 -2.000000 7.549112
v -4.768597 -2.000000 7.549112
v -4.471082 -2.000000 7.549112
v -4.173567 -2.000000 7.549112
v -3.876052 -2.000000 7.549112
v -3.578537 -2.000000 7.549112
v -3.281022 -2.000000 7.549112
v -2.983507 -2.000000 7.549112
v -2.685992 -2.000000 7.549112
v -2.388477 -2.000000 7.549112
v -2.090962 -2.000000 7.549112
v -1.793447 -2.000000 7.549112
v -1.495932 -2.000000 7.549112
v -1.198417 -2.000000 7.549112
v -0.900902 -2.000000 7.549112
v -0.603387 -2.000000 7.549112
v -0.305872 -2.000000 7.549112
v -0.008357 -2.000000 7.549112
v 0.289158 -2.000000 7.549112
v 0.586673 -2.000000 7.549112
v 0.884188 -2.000000 7.549112
v 1.181703 -2.000000 7.549112
v 1.479218 -2.000000 7.549112
v 1.776733 -2.000000 7.549112
v 2.074248 -2.000000 7.549112
v 2.371763 -2.000000 7.549112
v 2.669278 -2.000000 7.549112
v 2.966793 -2.000000 7.549112
v 3.264308 -2.000000 7.549112
v 3.561823 -2.000000 7.549112
v 3.859338 -2.000000 7.549112
v 4.156853 -2.000000 7.549112
v 4.454368 -2.000000 7.549112
v 4.751883 -2.000000 7.549112
v 5.049398 -2.000000 7.549112
v 5.346913 -2.000000 7.549112
v 5.644428 -2.000000 7.549112
v 5.941943 -2.000000 7.549112
v 6.239458 -2.000000 7.549112
v 6.536973 -2.000000 7.549112
v 6.834488 -2.000000 7.549112
v 7.132003 -2.000000 7.549112
v 7.429518 -2.000000 7.549112
v 7.727033 -2.000000 7.549112
v 8.024548 -2.000000 7.549112
v 8.322063 -2.000000 7.549112
v 8.619578 -2.000000 7.549112
v 8.917093 -2.000000 7.549112
v 9.214608 -2.000000 7.549112
v 9.512123 -2.000000 7.549112
v 9.809638 -2.000000 7.549112
v 10.107153 -2.000000 7.549112
v 10.404668 -2.000000 7.549112
v 10.702183 -2.000000 7.549112
v 10.999698 -2.000000 7.549112
v 11.297213 -2.000000 7.549112
v 11.594728 -2.000000 7.549112
v 11.892244 -2.000000 7.549112
v -11.908957 -2.000000 7.846627
v -11.611442 -2.000000 7.846627
v -11.313927 -2.000000 7.846627
v -11.016412 -2.000000 7.846627
v -10.718897 -2.000000 7.846627
v -10.421382 -2.000000 7.846627
v -10.123867 -2.000000 7.846627
v -9.826352 -2.000000 7.846627
v -9.528837 -2.000000 7.846627
v -9.231322 -2.000000 7.846627
v -8.933807 -2.000000 7.846627
v -8.636292 -2.000000 7.846627
v -8.338777 -2.000000 7.846627
v -8.041262 -2.000000 7.846627
v -7.743747 -2.000000 7.846627
v -7.446232 -2.000000 7.846627
v -7.148717 -2.000000 7.846627
v -6.851202 -2.000000 7.846627
v -6.553687 -2.000000 7.846627
v -6.256172 -2.000000 7.846627
v -5.958657 -2.000000 7.846627
v -5.661142 -2.000000 7.846627
v -5.363627 -2.000000 7.846627
v -5.066112 -2.000000 7.846627
v -4.768597 -2.000000 7.846627
v -4.471082 -2.000000 7.846627
v -4.173567 -2.000000 7.846627
v -3.876052 -2.000000 7.846627
v -3.578537 -2.000000 7.846627
v -3.281022 -2.000000 7.846627
v -2.983507 -2.000000 7.846627
v -2.685992 -2.000000 7.846627
v -2.388477 -2.000000 7.846627
v -2.090962 -2.000000 7.846627
v -1.793447 -2.000000 7.846627
v -1.495932 -2.000000 7.846627
v -1.198417 -2.000000 7.846627
v -0.900902 -2.000000 7.846627
v -0.603387 -2.000000 7.846627
v -0.305872 -2.000000 7.846627
v -0.008357 -2.000000 7.846627
v 0.289158 -2.000000 7.846627
v 0.586673 -2.000000 7.846627
v 0.884188 -2.000000 7.846627
v 1.181703 -2.000000 7.846627
v 1.479218 -2.000000 7.846627
v 1.776733 -2.000000 7.846627
v 2.074248 -2.000000 7.846627
v 2.371763 -2.000000 7.846627
v 2.669278 -2.000000 7.846627
v 2.966793 -2.000000 7.846627
v 3.264308 -2.000000 7.846627
v 3.561823 -2.000000 7.846627
v 3.859338 -2.000000 7.846627
v 4.156853 -2.000000 7.846627
v 4.454368 -2.000000 7.846627
v 4.751883 -2.000000 7.846627
v 5.049398 -2.000000 7.846627
v 5.346913 -2.000000 7.846627
v 5.644428 -2.000000 7.846627
v 5.941943 -2.000000 7.846627
v 6.239458 -2.000000 7.846627
v 6.536973 -2.000000 7.846627
v 6.834488 -2.000000 7.846627
v 7.132003 -2.000000 7.846627
v 7.429518 -2.000000 7.846627
v 7.727033 -2.000000 7.846627
v 8.024548 -2.000000 7.846627
v 8.322063 -2.000000 7.846627
v 8.619578 -2.000000 7.846627
v 8.917093 -2.000000 7.846627
v 9.214608 -2.000000 7.846627
v 9.512123 -2.000000 7.846627
v 9.809638 -2.000000 7.846627
v 10.107153 -2.000000 7.846627
v 10.404668 -2.000000 7.846627
v 10.702183 -2.000000 7.846627
v 10.999698 -2.000000 7.846627
v 11.297213 -2.000000 7.846627
v 11.594728 -2.000000 7.846627
v 11.892244 -2.000000 7.846627
v -11.908957 -2.000000 8.144142
v -11.611442 -2.000000 8.144142
v -11.313927 -2.000000 8.144142
v -11.016412 -2.000000 8.144142
v -10.718897 -2.000000 8.144142
v -10.421382 -2.000000 8.144142
v -10.123867 -2.000000 8.144142
v -9.826352 -2.000000 8.144142
v -9.528837 -2.000000 8.144142
v -9.231322 -2.000000 8.144142
v -8.933807 -2.000000 8.144142
v -8.636292 -2.000000 8.144142
v -8.338777 -2.000000 8.144142
v -8.041262 -2.000000 8.144142
v -7.743747 -2.000000 8.144142
v -7.446232 -2.000000 8.144142
v -7.148717 -2.000000 8.144142
v -6.851202 -2.000000 8.144142
v -6.553687 -2.000000 8.144142
v -6.256172 -2.000000 8.144142
v -5.958657 -2.000000 8.144142
v -5.661142 -2.000000 8.144142
v -5.363627 -2.000000 8.144142
v -5.066112 -2.000000 8.144142
v -4.768597 -2.000000 8.144142
v -4.471082 -2.000000 8.144142
v -4.173567 -2.000000 8.144142
v -3.876052 -2.000000 8.144142
v -3.578537 -2.000000 8.144142
v -3.281022 -2.000000 8.144142
v -2.983507 -2.000000 8.144142
v -2.685992 -2.000000 8.144142
v -2.388477 -2.000000 8.144142
v -2.090962 -2.000000 8.144142
v -1.793447 -2.000000 8.144142
v -1.495932 -2.000000 8.144142
v -1.198417 -2.000000 8.144142
v -0.900902 -2.000000 8.144142
v -0.603387 -2.000000 8.144142
v -0.305872 -2.000000 8.144142
v -0.008357 -2.000000 8.144142
v 0.289158 -2.000000 8.144142
v 0.586673 -2.000000 8.144142
v 0.884188 -2.000000 8.144142
v 1.181703 -2.000000 8.144142
v 1.479218 -2.000000 8.144142
v 1.776733 -2.000000 8.144142
v 2.074248 -2.000000 8.144142
v 2.371763 -2.000000 8.144142
v 2.669278 -2.000000 8.144142
v 2.966793 -2.000000 8.144142
v 3.264308 -2.000000 8.144142
v 3.561823 -2.000000 8.144142
v 3.859338 -2.000000 8.144142
v 4.156853 -2.000000 8.144142
v 4.454368 -2.000000 8.144142
v 4.751883 -2.000000 8.144142
v 5.049398 -2.000000 8.144142
v 5.346913 -2.000000 8.144142
v 5.644428 -2.000000 8.144142
v 5.941943 -2.000000 8.144142
v 6.239458 -2.000000 8.144142
v 6.536973 -2.000000 8.144142
v 6.834488 -2.000000 8.144142
v 7.132003 -2.000000 8.144142
v 7.429518 -2.000000 8.144142
v 7.727033 -2.000000 8.144142
v 8.024548 -2.000000 8.144142
v 8.322063 -2.000000 8.144142
v 8.619578 -2.000000 8.144142
v 8.917093 -2.000000 8.144142
v 9.214608 -2.000000 8.144142
v 9.512123 -2.000000 8.144142
v 9.809638 -2.000000 8.144142
v 10.107153 -2.000000 8.144142
v 10.404668 -2.000000 8.144142
v 10.702183 -2.000000 8.144142
v 10.999698 -2.000000 8.144142
v 11.297213 -2.000000 8.144142
v 11.594728 -2.000000 8.144142
v 11.892244 -2.000000 8.144142
v -11.908957 -2.000000 8.441657
v -11.611442 -2.000000 8.441657
v -11.313927 -2.000000 8.441657
v -11.016412 -2.000000 8.441657
v -10.718897 -2.000000 8.441657
v -10.421382 -2.000000 8.441657
v -10.123867 -2.000000 8.441657
v -9.826352 -2.000000 8.441657
v -9.528837 -2.000000 8.441657
v -9.231322 -2.000000 8.441657
v -8.933807 -2.000000 8.441657
v -8.636292 -2.000000 8.441657
v -8.338777 -2.000000 8.441657
v -8.041262 -2.000000 8.441657
v -7.743747 -2.000000 8.441657
v -7.446232 -2.000000 8.441657
v -7.148717 -2.000000 8.441657
v -6.851202 -2.000000 8.441657
v -6.553687 -2.000000 8.441657
v -6.256172 -2.000000 8.441657
v -5.958657 -2.000000 8.441657
v -5.661142 -2.000000 8.441657
v -5.363627 -2.000000 8.441657
v -5.066112 -2.000000 8.441657
v -4.768597 -2.000000 8.441657
v -4.471082 -2.000000 8.441657
v -4.173567 -2.000000 8.441657
v -3.876052 -2.000000 8.441657
v -3.578537 -2.000000 8.441657
v -3.281022 -2.000000 8.441657
v -2.983507 -2.000000 8.441657
v -2.685992 -2.000000 8.441657
v -2.388477 -2.000000 8.441657
v -2.090962 -2.000000 8.441657
v -1.793447 -2.000000 8.441657
v -1.495932 -2.000000 8.441657
v -1.198417 -2.000000 8.441657
v -0.900902 -2.000000 8.441657
v -0.603387 -2.000000 8.441657
v -0.305872 -2.000000 8.441657
v -0.008357 -2.000000 8.441657
v 0.289158 -2.000000 8.441657
v 0.586673 -2.000000 8.441657
v 0.884188 -2.000000 8.441657
v 1.181703 -2.000000 8.441657
v 1.479218 -2.000000 8.441657
v 1.776733 -2.000000 8.441657
v 2.074248 -2.000000 8.441657
v 2.371763 -2.000000 8.441657
v 2.669278 -2.000000 8.441657
v 2.966793 -2.000000 8.441657
v 3.264308 -2.000000 8.441657
v 3.561823 -2.000000 8.441657
v 3.859338 -2.000000 8.441657
v 4.156853 -2.000000 8.441657
v 4.454368 -2.000000 8.441657
v 4.751883 -2.000000 8.441657
v 5.049398 -2.000000 8.441657
v 5.346913 -2.000000 8.441657
v 5.644428 -2.000000 8.441657
v 5.941943 -2.000000 8.441657
v 6.239458 -2.000000 8.441657
v 6.536973 -2.000000 8.441657
v 6.834488 -2.000000 8.441657
v 7.132003 -2.000000 8.441657
v 7.429518 -2.000000 8.441657
v 7.727033 -2.000000 8.441657
v 8.024548 -2.000000 8.441657
v 8.322063 -2.000000 8.441657
v 8.619578 -2.000000 8.441657
v 8.917093 -2.000000 8.441657
v 9.214608 -2.000000 8.441657
v 9.512123 -2.000000 8.441657
v 9.809638 -2.000000 8.441657
v 10.107153 -2.000000 8.441657
v 10.404668 -2.000000 8.441657
v 10.702183 -2.000000 8.441657
v 10.999698 -2.000000 8.441657
v 11.297213 -2.000000 8.441657
v 11.594728 -2.000000 8.441657
v 11.892244 -2.000000 8.441657
v -11.908957 -2.000000 8.739172
v -11.611442 -2.000000 8.739172
v -11.313927 -2.000000 8.739172
v -11.016412 -2.000000 8.739172
v -10.718897 -2.000000 8.739172
v -10.421382 -2.000000 8.739172
v -10.123867 -2.000000 8.739172
v -9.826352 -2.000000 8.739172
v -9.528837 -2.000000 8.739172
v -9.231322 -2.000000 8.739172
v -8.933807 -2.000000 8.739172
v -8.636292 -2.000000 8.739172
v -8.338777 -2.000000 8.739172
v -8.041262 -2.000000 8.739172
v -7.743747 -2.000000 8.739172
v -7.446232 -2.000000 8.739172
v -7.148717 -2.000000 8.739172
v -6.851202 -2.000000 8.739172
v -6.553687 -2.000000 8.739172
v -6.256172 -2.000000 8.739172
v -5.958657 -2.000000 8.739172
v -5.661142 -2.000000 8.739172
v -5.363627 -2.000000 8.739172
v -5.066112 -2.000000 8.739172
v -4.768597 -2.000000 8.739172
v -4.471082 -2.000000 8.739172
v -4.173567 -2.000000 8.739172
v -3.876052 -2.000000 8.739172
v -3.578537 -2.000000 8.739172
v -3.281022 -2.000000 8.739172
v -2.983507 -2.000000 8.739172
v -2.685992 -2.000000 8.739172
v -2.388477 -2.000000 8.739172
v -2.090962 -2.000000 8.739172
v -1.793447 -2.000000 8.739172
v -1.495932 -2.000000 8.739172
v -1.198417 -2.000000 8.739172
v -0.900902 -2.000000 8.739172
v -0.603387 -2.000000 8.739172
v -0.305872 -2.000000 8.739172
v -0.008357 -2.000000 8.739172
v 0.289158 -2.000000 8.739172
v 0.586673 -2.000000 8.739172
v 0.884188 -2.000000 8.739172
v 1.181703 -2.000000 8.739172
v 1.479218 -2.000000 8.739172
v 1.776733 -2.000000 8.739172
v 2.074248 -2.000000 8.739172
v 2.371763 -2.000000 8.739172
v 2.669278 -2.000000 8.739172
v 2.966793 -2.000000 8.739172
v 3.264308 -2.000000 8.739172
v 3.561823 -2.000000 8.739172
v 3.859338 -2.000000 8.739172
v 4.156853 -2.000000 8.739172
v 4.454368 -2.000000 8.739172
v 4.751883 -2.000000 8.739172
v 5.049398 -2.000000 8.739172
v 5.346913 -2.000000 8.739172
v 5.644428 -2.000000 8.739172
v 5.941943 -2.000000 8.739172
v 6.239458 -2.000000 8.739172
v 6.536973 -2.000000 8.739172
v 6.834488 -2.000000 8.739172
v 7.132003 -2.000000 8.739172
v 7.429518 -2.000000 8.739172
v 7.727033 -2.000000 8.739172
v 8.024548 -2.000000 8.739172
v 8.322063 -2.000000 8.739172
v 8.619578 -2.000000 8.739172
v 8.917093 -2.000000 8.739172
v 9.214608 -2.000000 8.739172
v 9.512123 -2.000000 8.739172
v 9.809638 -2.000000 8.739172
v 10.107153 -2.000000 8.739172
v 10.404668 -2.000000 8.739172
v 10.702183 -2.000000 8.739172
v 10.999698 -2.000000 8.739172
v 11.297213 -2.000000 8.739172
v 11.594728 -2.000000 8.739172
v 11.892244 -2.000000 8.739172
v -11.908957 -2.000000 9.036687
v -11.611442 -2.000000 9.036687
v -11.313927 -2.000000 9.036687
v -11.016412 -2.000000 9.036687
v -10.718897 -2.000000 9.036687
v -10.421382 -2.000000 9.036687
v -10.123867 -2.000000 9.036687
v -9.826352 -2.000000 9.036687
v -9.528837 -2.000000 9.036687
v -9.231322 -2.000000 9.036687
v -8.933807 -2.000000 9.036687
v -8.636292 -2.000000 9.036687
v -8.338777 -2.000000 9.036687
v -8.041262 -2.000000 9.036687
v -7.743747 -2.000000 9.036687
v -7.446232 -2.000000 9.036687
v -7.148717 -2.000000 9.036687
v -6.851202 -2.000000 9.036687
v -6.553687 -2.000000 9.036687
v -6.256172 -2.000000 9.036687
v -5.958657 -2.000000 9.036687
v -5.661142 -2.000000 9.036687
v -5.363627 -2.000000 9.036687
v -5.066112 -2.000000 9.036687
v -4.768597 -2.000000 9.036687
v -4.471082 -2.000000 9.036687
v -4.173567 -2.000000 9.036687
v -3.876052 -2.000000 9.036687
v -3.578537 -2.000000 9.036687
v -3.281022 -2.000000 9.036687
v -2.983507 -2.000000 9.036687
v -2.685992 -2.000000 9.036687
v -2.388477 -2.000000 9.036687
v -2.090962 -2.000000 9.036687
v -1.793447 -2.000000 9.036687
v -1.495932 -2.000000 9.036687
v -1.198417 -2.000000 9.036687
v -0.900902 -2.000000 9.036687
v -0.603387 -2.000000 9.036687
v -0.305872 -2.000000 9.036687
v -0.008357 -2.000000 9.036687
v 0.289158 -2.000000 9.036687
v 0.586673 -2.000000 9.036687
v 0.884188 -2.000000 9.036687
v 1.181703 -2.000000 9.036687
v 1.479218 -2.000000 9.036687
v 1.776733 -2.000000 9.036687
v 2.074248 -2.000000 9.036687
v 2.371763 -2.000000 9.036687
v 2.669278 -2.000000 9.036687
v 2.966793 -2.000000 9.036687
v 3.264308 -2.000000 9.036687
v 3.561823 -2.000000 9.036687
v 3.859338 -2.000000 9.036687
v 4.156853 -2.000000 9.036687
v 4.454368 -2.000000 9.036687
v 4.751883 -2.000000 9.036687
v 5.049398 -2.000000 9.036687
v 5.346913 -2.000000 9.036687
v 5.644428 -2.000000 9.036687
v 5.941943 -2.000000 9.036687
v 6.239458 -2.000000 9.036687
v 6.536973 -2.000000 9.036687
v 6.834488 -2.000000 9.036687
v 7.132003 -2.000000 9.036687
v 7.429518 -2.000000 9.036687
v 7.727033 -2.000000 9.036687
v 8.024548 -2.000000 9.036687
v 8.322063 -2.000000 9.036687
v 8.619578 -2.000000 9.036687
v 8.917093 -2.000000 9.036687
v 9.214608 -2.000000 9.036687
v 9.512123 -2.000000 9.036687
v 9.809638 -2.000000 9.036687
v 10.107153 -2.000000 9.036687
v 10.404668 -2.000000 9.036687
v 10.702183 -2.000000 9.036687
v 10.999698 -2.000000 9.036687
v 11.297213 -2.000000 9.036687
v 11.594728 -2.000000 9.036687
v 11.892244 -2.000000 9.036687
v -11.908957 -2.000000 9.334202
v -11.611442 -2.000000 9.334202
v -11.313927 -2.000000 9.334202
v -11.016412 -2.000000 9.334202
v -10.718897 -2.000000 9.334202
v -10.421382 -2.000000 9.334202
v -10.123867 -2.000000 9.334202
v -9.826352 -2.000000 9.334202
v -9.528837 -2.000000 9.334202
v -9.231322 -2.000000 9.334202
v -8.933807 -2.000000 9.334202
v -8.636292 -2.000000 9.334202
v -8.338777 -2.000000 9.334202
v -8.041262 -2.000000 9.334202
v -7.743747 -2.000000 9.334202
v -7.446232 -2.000000 9.334202
v -7.148717 -2.000000 9.334202
v -6.851202 -2.000000 9.334202
v -6.553687 -2.000000 9.334202
v -6.256172 -2.000000 9.334202
v -5.958657 -2.000000 9.334202
v -5.661142 -2.000000 9.334202
v -5.363627 -2.000000 9.334202
v -5.066112 -2.000000 9.334202
v -4.768597 -2.000000 9.334202
v -4.471082 -2.000000 9.334202
v -4.173567 -2.000000 9.334202
v -3.876052 -2.000000 9.334202
v -3.578537 -2.000000 9.334202
v -3.281022 -2.000000 9.334202
v -2.983507 -2.000000 9.334202
v -2.685992 -2.000000 9.334202
v -2.388477 -2.000000 9.334202
v -2.090962 -2.000000 9.334202
v -1.793447 -2.000000 9.334202
v -1.495932 -2.000000 9.334202
v -1.198417 -2.000000 9.334202
v -0.900902 -2.000000 9.334202
v -0.603387 -2.000000 9.334202
v -0.305872 -2.000000 9.334202
v -0.008357 -2.000000 9.334202
v 0.289158 -2.000000 9.334202
v 0.586673 -2.000000 9.334202
v 0.884188 -2.000000 9.334202
v 1.181703 -2.000000 9.334202
v 1.479218 -2.000000 9.334202
v 1.776733 -2.000000 9.334202
v 2.074248 -2.000000 9.334202
v 2.371763 -2.000000 9.334202
v 2.669278 -2.000000 9.334202
v 2.966793 -2.000000 9.334202
v 3.264308 -2.000000 9.334202
v 3.561823 -2.000000 9.334202
v 3.859338 -2.000000 9.334202
v 4.156853 -2.000000 9.334202
v 4.454368 -2.000000 9.334202
v 4.751883 -2.000000 9.334202
v 5.049398 -2.000000 9.334202
v 5.346913 -2.000000 9.334202
v 5.644428 -2.000000 9.334202
v 5.941943 -2.000000 9.334202
v 6.239458 -2.000000 9.334202
v 6.536973 -2.000000 9.334202
v 6.834488 -2.000000 9.334202
v 7.132003 -2.000000 9.334202
v 7.429518 -2.000000 9.334202
v 7.727033 -2.000000 9.334202
v 8.024548 -2.000000 9.334202
v 8.322063 -2.000000 9.334202
v 8.619578 -2.000000 9.334202
v 8.917093 -2.000000 9.334202
v 9.214608 -2.000000 9.334202
v 9.512123 -2.000000 9.334202
v 9.809638 -2.000000 9.334202
v 10.107153 -2.000000 9.334202
v 10.404668 -2.000000 9.334202
v 10.702183 -2.000000 9.334202
v 10.999698 -2.000000 9.334202
v 11.297213 -2.000000 9.334202
v 11.594728 -2.000000 9.334202
v 11.892244 -2.000000 9.334202
v -11.908957 -2.000000 9.631717
v -11.611442 -2.000000 9.631717
v -11.313927 -2.000000 9.631717
v -11.016412 -2.000000 9.631717
v -10.718897 -2.000000 9.631717
v -10.421382 -2.000000 9.631717
v -10.123867 -2.000000 9.631717
v -9.826352 -2.000000 9.631717
v -9.528837 -2.000000 9.631717
v -9.231322 -2.000000 9.631717
v -8.933807 -2.000000 9.631717
v -8.636292 -2.000000 9.631717
v -8.338777 -2.000000 9.631717
v -8.041262 -2.000000 9.631717
v -7.743747 -2.000000 9.631717
v -7.446232 -2.000000 9.631717
v -7.148717 -2.000000 9.631717
v -6.851202 -2.000000 9.631717
v -6.553687 -2.000000 9.631717
v -6.256172 -2.000000 9.631717
v -5.958657 -2.000000 9.631717
v -5.661142 -2.000000 9.631717
v -5.363627 -2.000000 9.631717
v -5.066112 -2.000000 9.631717
v -4.768597 -2.000000 9.631717
v -4.471082 -2.000000 9.631717
v -4.173567 -2.000000 9.631717
v -3.876052 -2.000000 9.631717
v -3.578537 -2.000000 9.631717
v -3.281022 -2.000000 9.631717
v -2.983507 -2.000000 9.631717
v -2.685992 -2.000000 9.631717
v -2.388477 -2.000000 9.631717
v -2.090962 -2.000000 9.631717
v -1.793447 -2.000000 9.631717
v -1.495932 -2.000000 9.631717
v -1.198417 -2.000000 9.631717
v -0.900902 -2.000000 9.631717
v -0.603387 -2.000000 9.631717
v -0.305872 -2.000000 9.631717
v -0.008357 -2.000000 9.631717
v 0.289158 -2.000000 9.631717
v 0.586673 -2.000000 9.631717
v 0.884188 -2.000000 9.631717
v 1.181703 -2.000000 9.631717
v 1.479218 -2.000000 9.631717
v 1.776733 -2.000000 9.631717
v 2.074248 -2.000000 9.631717
v 2.371763 -2.000000 9.631717
v 2.669278 -2.000000 9.631717
v 2.966793 -2.000000 9.631717
v 3.264308 -2.000000 9.631717
v 3.561823 -2.000000 9.631717
v 3.859338 -2.000000 9.631717
v 4.156853 -2.000000 9.631717
v 4.454368 -2.000000 9.631717
v 4.751883 -2.000000 9.631717
v 5.049398 -2.000000 9.631717
v 5.346913 -2.000000 9.631717
v 5.644428 -2.000000 9.631717
v 5.941943 -2.000000 9.631717
v 6.239458 -2.000000 9.631717
v 6.536973 -2.000000 9.631717
v 6.834488 -2.000000 9.631717
v 7.132003 -2.000000 9.631717
v 7.429518 -2.000000 9.631717
v 7.727033 -2.000000 9.631717
v 8.024548 -2.000000 9.631717
v 8.322063 -2.000000 9.631717
v 8.619578 -2.000000 9.631717
v 8.917093 -2.000000 9.631717
v 9.214608 -2.000000 9.631717
v 9.512123 -2.000000 9.631717
v 9.809638 -2.000000 9.631717
v 10.107153 -2.000000 9.631717
v 10.404668 -2.000000 9.631717
v 10.702183 -2.000000 9.631717
v 10.999698 -2.000000 9.631717
v 11.297213 -2.000000 9.631717
v 11.594728 -2.000000 9.631717
v 11.892244 -2.000000 9.631717
v -11.908957 -2.000000 9.929232
v -11.611442 -2.000000 9.929232
v -11.313927 -2.000000 9.929232
v -11.016412 -2.000000 9.929232
v -10.718897 -2.000000 9.929232
v -10.421382 -2.000000 9.929232
v -10.123867 -2.000000 9.929232
v -9.826352 -2.000000 9.929232
v -9.528837 -2.000000 9.929232
v -9.231322 -2.000000 9.929232
v -8.933807 -2.000000 9.929232
v -8.636292 -2.000000 9.929232
v -8.338777 -2.000000 9.929232
v -8.041262 -2.000000 9.929232
v -7.743747 -2.000000 9.929232
v -7.446232 -2.000000 9.929232
v -7.148717 -2.000000 9.929232
v -6.851202 -2.000000 9.929232
v -6.553687 -2.000000 9.929232
v -6.256172 -2.000000 9.929232
v -5.958657 -2.000000 9.929232
v -5.661142 -2.000000 9.929232
v -5.363627 -2.000000 9.929232
v -5.066112 -2.000000 9.929232
v -4.768597 -2.000000 9.929232
v -4.471082 -2.000000 9.929232
v -4.173567 -2.000000 9.929232
v -3.876052 -2.000000 9.929232
v -3.578537 -2.000000 9.929232
v -3.281022 -2.000000 9.929232
v -2.983507 -2.000000 9.929232
v -2.685992 -2.000000 9.929232
v -2.388477 -2.000000 9.929232
v -2.090962 -2.000000 9.929232
v -1.793447 -2.000000 9.929232
v -1.495932 -2.000000 9.929232
v -1.198417 -2.000000 9.929232
v -0.900902 -2.000000 9.929232
v -0.603387 -2.000000 9.929232
v -0.305872 -2.000000 9.929232
v -0.008357 -2.000000 9.929232
v 0.289158 -2.000000 9.929232
v 0.586673 -2.000000 9.929232
v 0.884188 -2.000000 9.929232
v 1.181703 -2.000000 9.929232
v 1.479218 -2.000000 9.929232
v 1.776733 -2.000000 9.929232
v 2.074248 -2.000000 9.929232
v 2.371763 -2.000000 9.929232
v 2.669278 -2.000000 9.929232
v 2.966793 -2.000000 9.929232
v 3.264308 -2.000000 9.929232
v 3.561823 -2.000000 9.929232
v 3.859338 -2.000000 9.929232
v 4.156853 -2.000000 9.929232
v 4.454368 -2.000000 9.929232
v 4.751883 -2.000000 9.929232
v 5.049398 -2.000000 9.929232
v 5.346913 -2.000000 9.929232
v 5.644428 -2.000000 9.929232
v 5.941943 -2.000000 9.929232
v 6.239458 -2.000000 9.929232
v 6.536973 -2.000000 9.929232
v 6.834488 -2.000000 9.929232
v 7.132003 -2.000000 9.929232
v 7.429518 -2.000000 9.929232
v 7.727033 -2.000000 9.929232
v 8.024548 -2.000000 9.929232
v 8.322063 -2.000000 9.929232
v 8.619578 -2.000000 9.929232
v 8.917093 -2.000000 9.929232
v 9.214608 -2.000000 9.929232
v 9.512123 -2.000000 9.929232
v 9.809638 -2.000000 9.929232
v 10.107153 -2.000000 9.929232
v 10.404668 -2.000000 9.929232
v 10.702183 -2.000000 9.929232
v 10.999698 -2.000000 9.929232
v 11.297213 -2.000000 9.929232
v 11.594728 -2.000000 9.929232
v 11.892244 -2.000000 9.929232
v -11.908957 -2.000000 10.226747
v -11.611442 -2.000000 10.226747
v -11.313927 -2.000000 10.226747
v -11.016412 -2.000000 10.226747
v -10.718897 -2.000000 10.226747
v -10.421382 -2.000000 10.226747
v -10.123867 -2.000000 10.226747
v -9.826352 -2.000000 10.226747
v -9.528837 -2.000000 10.226747
v -9.231322 -2.000000 10.226747
v -8.933807 -2.000000 10.226747
v -8.636292 -2.000000 10.226747
v -8.338777 -2.000000 10.226747
v -8.041262 -2.000000 10.226747
v -7.743747 -2.000000 10.226747
v -7.446232 -2.000000 10.226747
v -7.148717 -2.000000 10.226747
v -6.851202 -2.000000 10.226747
v -6.553687 -2.000000 10.226747
v -6.256172 -2.000000 10.226747
v -5.958657 -2.000000 10.226747
v -5.661142 -2.000000 10.226747
v -5.363627 -2.000000 10.226747
v -5.066112 -2.000000 10.226747
v -4.768597 -2.000000 10.226747
v -4.471082 -2.000000 10.226747
v -4.173567 -2.000000 10.226747
v -3.876052 -2.000000 10.226747
v -3.578537 -2.000000 10.226747
v -3.281022 -2.000000 10.226747
v -2.983507 -2.000000 10.226747
v -2.685992 -2.000000 10.226747
v -2.388477 -2.000000 10.226747
v -2.090962 -2.000000 10.226747
v -1.793447 -2.000000 10.226747
v -1.495932 -2.000000 10.226747
v -1.198417 -2.000000 10.226747
v -0.900902 -2.000000 10.226747
v -0.603387 -2.000000 10.226747
v -0.305872 -2.000000 10.226747
v -0.008357 -2.000000 10.226747
v 0.289158 -2.000000 10.226747
v 0.586673 -2.000000 10.226747
v 0.884188 -2.000000 10.226747
v 1.181703 -2.000000 10.226747
v 1.479218 -2.000000 10.226747
v 1.776733 -2.000000 10.226747
v 2.074248 -2.000000 10.226747
v 2.371763 -2.000000 10.226747
v 2.669278 -2.000000 10.226747
v 2.966793 -2.000000 10.226747
v 3.264308 -2.000000 10.226747
v 3.561823 -2.000000 10.226747
v 3.859338 -2.000000 10.226747
v 4.156853 -2.000000 10.226747
v 4.454368 -2.000000 10.226747
v 4.751883 -2.000000 10.226747
v 5.049398 -2.000000 10.226747
v 5.346913 -2.000000 10.226747
v 5.644428 -2.000000 10.226747
v 5.941943 -2.000000 10.226747
v 6.239458 -2.000000 10.226747
v 6.536973 -2.000000 10.226747
v 6.834488 -2.000000 10.226747
v 7.132003 -2.000000 10.226747
v 7.429518 -2.000000 10.226747
v 7.727033 -2.000000 10.226747
v 8.024548 -2.000000 10.226747
v 8.322063 -2.000000 10.226747
v 8.619578 -2.000000 10.226747
v 8.917093 -2.000000 10.226747
v 9.214608 -2.000000 10.226747
v 9.512123 -2.000000 10.226747
v 9.809638 -2.000000 10.226747
v 10.107153 -2.000000 10.226747
v 10.404668 -2.000000 10.226747
v 10.702183 -2.000000 10.226747
v 10.999698 -2.000000 10.226747
v 11.297213 -2.000000 10.226747
v 11.594728 -2.000000 10.226747
v 11.892244 -2.000000 10.226747
v -11.908957 -2.000000 10.524262
v -11.611442 -2.000000 10.524262
v -11.313927 -2.000000 10.524262
v -11.016412 -2.000000 10.524262
v -10.718897 -2.000000 10.524262
v -10.421382 -2.000000 10.524262
v -10.123867 -2.000000 10.524262
v -9.826352 -2.000000 10.524262
v -9.528837 -2.000000 10.524262
v -9.231322 -2.000000 10.524262
v -8.933807 -2.000000 10.524262
v -8.636292 -2.000000 10.524262
v -8.338777 -2.000000 10.524262
v -8.041262 -2.000000 10.524262
v -7.743747 -2.000000 10.524262
v -7.446232 -2.000000 10.524262
v -7.148717 -2.000000 10.524262
v -6.851202 -2.000000 10.524262
v -6.553687 -2.000000 10.524262
v -6.256172 -2.000000 10.524262
v -5.958657 -2.000000 10.524262
v -5.661142 -2.000000 10.524262
v -5.363627 -2.000000 10.524262
v -5.066112 -2.000000 10.524262
v -4.768597 -2.000000 10.524262
v -4.471082 -2.000000 10.524262
v -4.173567 -2.000000 10.524262
v -3.876052 -2.000000 10.524262
v -3.578537 -2.000000 10.524262
v -3.281022 -2.000000 10.524262
v -2.983507 -2.000000 10.524262
v -2.685992 -2.000000 10.524262
v -2.388477 -2.000000 10.524262
v -2.090962 -2.000000 10.524262
v -1.793447 -2.000000 10.524262
v -1.495932 -2.000000 10.524262
v -1.198417 -2.000000 10.524262
v -0.900902 -2.000000 10.524262
v -0.603387 -2.000000 10.524262
v -0.305872 -2.000000 10.524262
v -0.008357 -2.000000 10.524262
v 0.289158 -2.000000 10.524262
v 0.586673 -2.000000 10.524262
v 0.884188 -2.000000 10.524262
v 1.181703 -2.000000 10.524262
v 1.479218 -2.000000 10.524262
v 1.776733 -2.000000 10.524262
v 2.074248 -2.000000 10.524262
v 2.371763 -2.000000 10.524262
v 2.669278 -2.000000 10.524262
v 2.966793 -2.000000 10.524262
v 3.264308 -2.000000 10.524262
v 3.561823 -2.000000 10.524262
v 3.859338 -2.000000 10.524262
v 4.156853 -2.000000 10.524262
v 4.454368 -2.000000 10.524262
v 4.751883 -2.000000 10.524262
v 5.049398 -2.000000 10.524262
v 5.346913 -2.000000 10.524262
v 5.644428 -2.000000 10.524262
v 5.941943 -2.000000 10.524262
v 6.239458 -2.000000 10.524262
v 6.536973 -2.000000 10.524262
v 6.834488 -2.000000 10.524262
v 7.132003 -2.000000 10.524262
v 7.429518 -2.000000 10.524262
v 7.727033 -2.000000 10.524262
v 8.024548 -2.000000 10.524262
v 8.322063 -2.000000 10.524262
v 8.619578 -2.000000 10.524262
v 8.917093 -2.000000 10.524262
v 9.214608 -2.000000 10.524262
v 9.512123 -2.000000 10.524262
v 9.809638 -2.000000 10.524262
v 10.107153 -2.000000 10.524262
v 10.404668 -2.000000 10.524262
v 10.702183 -2.000000 10.524262
v 10.999698 -2.000000 10.524262
v 11.297213 -2.000000 10.524262
v 11.594728 -2.000000 10.524262
v 11.892244 -2.000000 10.524262
v -11.908957 -2.000000 10.821777
v -11.611442 -2.000000 10.821777
v -11.313927 -2.000000 10.821777
v -11.016412 -2.000000 10.821777
v -10.718897 -2.000000 10.821777
v -10.421382 -2.000000 10.821777
v -10.123867 -2.000000 10.821777
v -9.826352 -2.000000 10.821777
v -9.528837 -2.000000 10.821777
v -9.231322 -2.000000 10.821777
v -8.933807 -2.000000 10.821777
v -8.636292 -2.000000 10.821777
v -8.338777 -2.000000 10.821777
v -8.041262 -2.000000 10.821777
v -7.743747 -2.000000 10.821777
v -7.446232 -2.000000 10.821777
v -7.148717 -2.000000 10.821777
v -6.851202 -2.000000 10.821777
v -6.553687 -2.000000 10.821777
v -6.256172 -2.000000 10.821777
v -5.958657 -2.000000 10.821777
v -5.661142 -2.000000 10.821777
v -5.363627 -2.000000 10.821777
v -5.066112 -2.000000 10.821777
v -4.768597 -2.000000 10.821777
v -4.471082 -2.000000 10.821777
v -4.173567 -2.000000 10.821777
v -3.876052 -2.000000 10.821777
v -3.578537 -2.000000 10.821777
v -3.281022 -2.000000 10.821777
v -2.983507 -2.000000 10.821777
v -2.685992 -2.000000 10.821777
v -2.388477 -2.000000 10.821777
v -2.090962 -2.000000 10.821777
v -1.793447 -2.000000 10.821777
v -1.495932 -2.000000 10.821777
v -1.198417 -2.000000 10.821777
v -0.900902 -2.000000 10.821777
v -0.603387 -2.000000 10.821777
v -0.305872 -2.000000 10.821777
v -0.008357 -2.000000 10.821777
v 0.289158 -2.000000 10.821777
v 0.586673 -2.000000 10.821777
v 0.884188 -2.000000 10.821777
v 1.181703 -2.000000 10.821777
v 1.479218 -2.000000 10.821777
v 1.776733 -2.000000 10.821777
v 2.074248 -2.000000 10.821777
v 2.371763 -2.000000 10.821777
v 2.669278 -2.000000 10.821777
v 2.966793 -2.000000 10.821777
v 3.264308 -2.000000 10.821777
v 3.561823 -2.000000 10.821777
v 3.859338 -2.000000 10.821777
v 4.156853 -2.000000 10.821777
v 4.454368 -2.000000 10.821777
v 4.751883 -2.000000 10.821777
v 5.049398 -2.000000 10.821777
v 5.346913 -2.000000 10.821777
v 5.644428 -2.000000 10.821777
v 5.941943 -2.000000 10.821777
v 6.239458 -2.000000 10.821777
v 6.536973 -2.000000 10.821777
v 6.834488 -2.000000 10.821777
v 7.132003 -2.000000 10.821777
v 7.429518 -2.000000 10.821777
v 7.727033 -2.000000 10.821777
v 8.024548 -2.000000 10.821777
v 8.322063 -2.000000 10.821777
v 8.619578 -2.000000 10.821777
v 8.917093 -2.000000 10.821777
v 9.214608 -2.000000 10.821777
v 9.512123 -2.000000 10.821777
v 9.809638 -2.000000 10.821777
v 10.107153 -2.000000 10.821777
v 10.404668 -2.000000 10.821777
v 10.702183 -2.000000 10.821777
v 10.999698 -2.000000 10.821777
v 11.297213 -2.000000 10.821777
v 11.594728 -2.000000 10.821777
v 11.892244 -2.000000 10.821777
v -11.908957 -2.000000 11.119292
v -11.611442 -2.000000 11.119292
v -11.313927 -2.000000 11.119292
v -11.016412 -2.000000 11.119292
v -10.718897 -2.000000 11.119292
v -10.421382 -2.000000 11.119292
v -10.123867 -2.000000 11.119292
v -9.826352 -2.000000 11.119292
v -9.528837 -2.000000 11.119292
v -9.231322 -2.000000 11.119292
v -8.933807 -2.000000 11.119292
v -8.636292 -2.000000 11.119292
v -8.338777 -2.000000 11.119292
v -8.041262 -2.000000 11.119292
v -7.743747 -2.000000 11.119292
v -7.446232 -2.000000 11.119292
v -7.148717 -2.000000 11.119292
v -6.851202 -2.000000 11.119292
v -6.553687 -2.000000 11.119292
v -6.256172 -2.000000 11.119292
v -5.958657 -2.000000 11.119292
v -5.661142 -2.000000 11.119292
v -5.363627 -2.000000 11.119292
v -5.066112 -2.000000 11.119292
v -4.768597 -2.000000 11.119292
v -4.471082 -2.000000 11.119292
v -4.173567 -2.000000 11.119292
v -3.876052 -2.000000 11.119292
v -3.578537 -2.000000 11.119292
v -3.281022 -2.000000 11.119292
v -2.983507 -2.000000 11.119292
v -2.685992 -2.000000 11.119292
v -2.388477 -2.000000 11.119292
v -2.090962 -2.000000 11.119292
v -1.793447 -2.000000 11.119292
v -1.495932 -2.000000 11.119292
v -1.198417 -2.000000 11.119292
v -0.900902 -2.000000 11.119292
v -0.603387 -2.000000 11.119292
v -0.305872 -2.000000 11.119292
v -0.008357 -2.000000 11.119292
v 0.289158 -2.000000 11.119292
v 0.586673 -2.000000 11.119292
v 0.884188 -2.000000 11.119292
v 1.181703 -2.000000 11.119292
v 1.479218 -2.000000 11.119292
v 1.776733 -2.000000 11.119292
v 2.074248 -2.000000 11.119292
v 2.371763 -2.000000 11.119292
v 2.669278 -2.000000 11.119292
v 2.966793 -2.000000 11.119292
v 3.264308 -2.000000 11.119292
v 3.561823 -2.000000 11.119292
v 3.859338 -2.000000 11.119292
v 4.156853 -2.000000 11.119292
v 4.454368 -2.000000 11.119292
v 4.751883 -2.000000 11.119292
v 5.049398 -2.000000 11.119292
v 5.346913 -2.000000 11.119292
v 5.644428 -2.000000 11.119292
v 5.941943 -2.000000 11.119292
v 6.239458 -2.000000 11.119292
v 6.536973 -2.000000 11.119292
v 6.834488 -2.000000 11.119292
v 7.132003 -2.000000 11.119292
v 7.429518 -2.000000 11.119292
v 7.727033 -2.000000 11.119292
v 8.024548 -2.000000 11.119292
v 8.322063 -2.000000 11.119292
v 8.619578 -2.000000 11.119292
v 8.917093 -2.000000 11.119292
v 9.214608 -2.000000 11.119292
v 9.512123 -2.000000 11.119292
v 9.809638 -2.000000 11.119292
v 10.107153 -2.000000 11.119292
v 10.404668 -2.000000 11.119292
v 10.702183 -2.000000 11.119292
v 10.999698 -2.000000 11.119292
v 11.297213 -2.000000 11.119292
v 11.594728 -2.000000 11.119292
v 11.892244 -2.000000 11.119292
v -11.908957 -2.000000 11.416807
v -11.611442 -2.000000 11.416807
v -11.313927 -2.000000 11.416807
v -11.016412 -2.000000 11.416807
v -10.718897 -2.000000 11.416807
v -10.421382 -2.000000 11.416807
v -10.123867 -2.000000 11.416807
v -9.826352 -2.000000 11.416807
v -9.528837 -2.000000 11.416807
v -9.231322 -2.000000 11.416807
v -8.933807 -2.000000 11.416807
v -8.636292 -2.000000 11.416807
v -8.338777 -2.000000 11.416807
v -8.041262 -2.000000 11.416807
v -7.743747 -2.000000 11.416807
v -7.446232 -2.000000 11.416807
v -7.148717 -2.000000 11.416807
v -6.851202 -2.000000 11.416807
v -6.553687 -2.000000 11.416807
v -6.256172 -2.000000 11.416807
v -5.958657 -2.000000 11.416807
v -5.661142 -2.000000 11.416807
v -5.363627 -2.000000 11.416807
v -5.066112 -2.000000 11.416807
v -4.768597 -2.000000 11.416807
v -4.471082 -2.000000 11.416807
v -4.173567 -2.000000 11.416807
v -3.876052 -2.000000 11.416807
v -3.578537 -2.000000 11.416807
v -3.281022 -2.000000 11.416807
v -2.983507 -2.000000 11.416807
v -2.685992 -2.000000 11.416807
v -2.388477 -2.000000 11.416807
v -2.090962 -2.000000 11.416807
v -1.793447 -2.000000 11.416807
v -1.495932 -2.000000 11.416807
v -1.198417 -2.000000 11.416807
v -0.900902 -2.000000 11.416807
v -0.603387 -2.000000 11.416807
v -0.305872 -2.000000 11.416807
v -0.008357 -2.000000 11.416807
v 0.289158 -2.000000 11.416807
v 0.586673 -2.000000 11.416807
v 0.884188 -2.000000 11.416807
v 1.181703 -2.000000 11.416807
v 1.479218 -2.000000 11.416807
v 1.776733 -2.000000 11.416807
v 2.074248 -2.000000 11.416807
v 2.371763 -2.000000 11.416807
v 2.669278 -2.000000 11.416807
v 2.966793 -2.000000 11.416807
v 3.264308 -2.000000 11.416807
v 3.561823 -2.000000 11.416807
v 3.859338 -2.000000 11.416807
v 4.156853 -2.000000 11.416807
v 4.454368 -2.000000 11.416807
v 4.751883 -2.000000 11.416807
v 5.049398 -2.000000 11.416807
v 5.346913 -2.000000 11.416807
v 5.644428 -2.000000 11.416807
v 5.941943 -2.000000 11.416807
v 6.239458 -2.000000 11.416807
v 6.536973 -2.000000 11.416807
v 6.834488 -2.000000 11.416807
v 7.132003 -2.000000 11.416807
v 7.429518 -2.000000 11.416807
v 7.727033 -2.000000 11.416807
v 8.024548 -2.000000 11.416807
v 8.322063 -2.000000 11.416807
v 8.619578 -2.000000 11.416807
v 8.917093 -2.000000 11.416807
v 9.214608 -2.000000 11.416807
v 9.512123 -2.000000 11.416807
v 9.809638 -2.000000 11.416807
v 10.107153 -2.000000 11.416807
v 10.404668 -2.000000 11.416807
v 10.702183 -2.000000 11.416807
v 10.999698 -2.000000 11.416807
v 11.297213 -2.000000 11.416807
v 11.594728 -2.000000 11.416807
v 11.892244 -2.000000 11.416807
v -11.908957 -2.000000 11.714322
v -11.611442 -2.000000 11.714322
v -11.313927 -2.000000 11.714322
v -11.016412 -2.000000 11.714322
v -10.718897 -2.000000 11.714322
v -10.421382 -2.000000 11.714322
v -10.123867 -2.000000 11.714322
v -9.826352 -2.000000 11.714322
v -9.528837 -2.000000 11.714322
v -9.231322 -2.000000 11.714322
v -8.933807 -2.000000 11.714322
v -8.636292 -2.000000 11.714322
v -8.338777 -2.000000 11.714322
v -8.041262 -2.000000 11.714322
v -7.743747 -2.000000 11.714322
v -7.446232 -2.000000 11.714322
v -7.148717 -2.000000 11.714322
v -6.851202 -2.000000 11.714322
v -6.553687 -2.000000 11.714322
v -6.256172 -2.000000 11.714322
v -5.958657 -2.000000 11.714322
v -5.661142 -2.000000 11.714322
v -5.363627 -2.000000 11.714322
v -5.066112 -2.000000 11.714322
v -4.768597 -2.000000 11.714322
v -4.471082 -2.000000 11.714322
v -4.173567 -2.000000 11.714322
v -3.876052 -2.000000 11.714322
v -3.578537 -2.000000 11.714322
v -3.281022 -2.000000 11.714322
v -2.983507 -2.000000 11.714322
v -2.685992 -2.000000 11.714322
v -2.388477 -2.000000 11.714322
v -2.090962 -2.000000 11.714322
v -1.793447 -2.000000 11.714322
v -1.495932 -2.000000 11.714322
v -1.198417 -2.000000 11.714322
v -0.900902 -2.000000 11.714322
v -0.603387 -2.000000 11.714322
v -0.305872 -2.000000 11.714322
v -0.008357 -2.000000 11.714322
v 0.289158 -2.000000 11.714322
v 0.586673 -2.000000 11.714322
v 0.884188 -2.000000 11.714322
v 1.181703 -2.000000 11.714322
v 1.479218 -2.000000 11.714322
v 1.776733 -2.000000 11.714322
v 2.074248 -2.000000 11.714322
v 2.371763 -2.000000 11.714322
v 2.669278 -2.000000 11.714322
v 2.966793 -2.000000 11.714322
v 3.264308 -2.000000 11.714322
v 3.561823 -2.000000 11.714322
v 3.859338 -2.000000 11.714322
v 4.156853 -2.000000 11.714322
v 4.454368 -2.000000 11.714322
v 4.751883 -2.000000 11.714322
v 5.049398 -2.000000 11.714322
v 5.346913 -2.000000 11.714322
v 5.644428 -2.000000 11.714322
v 5.941943 -2.000000 11.714322
v 6.239458 -2.000000 11.714322
v 6.536973 -2.000000 11.714322
v 6.834488 -2.000000 11.714322
v 7.132003 -2.000000 11.714322
v 7.429518 -2.000000 11.714322
v 7.727033 -2.000000 11.714322
v 8.024548 -2.000000 11.714322
v 8.322063 -2.000000 11.714322
v 8.619578 -2.000000 11.714322
v 8.917093 -2.000000 11.714322
v 9.214608 -2.000000 11.714322
v 9.512123 -2.000000 11.714322
v 9.809638 -2.000000 11.714322
v 10.107153 -2.000000 11.714322
v 10.404668 -2.000000 11.714322
v 10.702183 -2.000000 11.714322
v 10.999698 -2.000000 11.714322
v 11.297213 -2.000000 11.714322
v 11.594728 -2.000000 11.714322
v 11.892244 -2.000000 11.714322
v -11.908957 -2.000000 12.011837
v -11.611442 -2.000000 12.011837
v -11.313927 -2.000000 12.011837
v -11.016412 -2.000000 12.011837
v -10.718897 -2.000000 12.011837
v -10.421382 -2.000000 12.011837
v -10.123867 -2.000000 12.011837
v -9.826352 -2.000000 12.011837
v -9.528837 -2.000000 12.011837
v -9.231322 -2.000000 12.011837
v -8.933807 -2.000000 12.011837
v -8.636292 -2.000000 12.011837
v -8.338777 -2.000000 12.011837
v -8.041262 -2.000000 12.011837
v -7.743747 -2.000000 12.011837
v -7.446232 -2.000000 12.011837
v -7.148717 -2.000000 12.011837
v -6.851202 -2.000000 12.011837
v -6.553687 -2.000000 12.011837
v -6.256172 -2.000000 12.011837
v -5.958657 -2.000000 12.011837
v -5.661142 -2.000000 12.011837
v -5.363627 -2.000000 12.011837
v -5.066112 -2.000000 12.011837
v -4.768597 -2.000000 12.011837
v -4.471082 -2.000000 12.011837
v -4.173567 -2.000000 12.011837
v -3.876052 -2.000000 12.011837
v -3.578537 -2.000000 12.011837
v -3.281022 -2.000000 12.011837
v -2.983507 -2.000000 12.011837
v -2.685992 -2.000000 12.011837
v -2.388477 -2.000000 12.011837
v -2.090962 -2.000000 12.011837
v -1.793447 -2.000000 12.011837
v -1.495932 -2.000000 12.011837
v -1.198417 -2.000000 12.011837
v -0.900902 -2.000000 12.011837
v -0.603387 -2.000000 12.011837
v -0.305872 -2.000000 12.011837
v -0.008357 -2.000000 12.011837
v 0.289158 -2.000000 12.011837
v 0.586673 -2.000000 12.011837
v 0.884188 -2.000000 12.011837
v 1.181703 -2.000000 12.011837
v 1.479218 -2.000000 12.011837
v 1.776733 -2.000000 12.011837
v 2.074248 -2.000000 12.011837
v 2.371763 -2.000000 12.011837
v 2.669278 -2.000000 12.011837
v 2.966793 -2.000000 12.011837
v 3.264308 -2.000000 12.011837
v 3.561823 -2.000000 12.011837
v 3.859338 -2.000000 12.011837
v 4.156853 -2.000000 12.011837
v 4.454368 -2.000000 12.011837
v 4.751883 -2.000000 12.011837
v 5.049398 -2.000000 12.011837
v 5.346913 -2.000000 12.011837
v 5.644428 -2.000000 12.011837
v 5.941943 -2.000000 12.011837
v 6.239458 -2.000000 12.011837
v 6.536973 -2.000000 12.011837
v 6.834488 -2.000000 12.011837
v 7.132003 -2.000000 12.011837
v 7.429518 -2.000000 12.011837
v 7.727033 -2.000000 12.011837
v 8.024548 -2.000000 12.011837
v 8.322063 -2.000000 12.011837
v 8.619578 -2.000000 12.011837
v 8.917093 -2.000000 12.011837
v 9.214608 -2.000000 12.011837
v 9.512123 -2.000000 12.011837
v 9.809638 -2.000000 12.011837
v 10.107153 -2.000000 12.011837
v 10.404668 -2.000000 12.011837
v 10.702183 -2.000000 12.011837
v 10.999698 -2.000000 12.011837
v 11.297213 -2.000000 12.011837
v 11.594728 -2.000000 12.011837
v 11.892244 -2.000000 12.011837
v -11.908957 -2.000000 12.309352
v -11.611442 -2.000000 12.309352
v -11.313927 -2.000000 12.309352
v -11.016412 -2.000000 12.309352
v -10.718897 -2.000000 12.309352
v -10.421382 -2.000000 12.309352
v -10.123867 -2.000000 12.309352
v -9.826352 -2.000000 12.309352
v -9.528837 -2.000000 12.309352
v -9.231322 -2.000000 12.309352
v -8.933807 -2.000000 12.309352
v -8.636292 -2.000000 12.309352
v -8.338777 -2.000000 12.309352
v -8.041262 -2.000000 12.309352
v -7.743747 -2.000000 12.309352
v -7.446232 -2.000000 12.309352
v -7.148717 -2.000000 12.309352
v -6.851202 -2.000000 12.309352
v -6.553687 -2.000000 12.309352
v -6.256172 -2.000000 12.309352
v -5.958657 -2.000000 12.309352
v -5.661142 -2.000000 12.309352
v -5.363627 -2.000000 12.309352
v -5.066112 -2.000000 12.309352
v -4.768597 -2.000000 12.309352
v -4.471082 -2.000000 12.309352
v -4.173567 -2.000000 12.309352
v -3.876052 -2.000000 12.309352
v -3.578537 -2.000000 12.309352
v -3.281022 -2.000000 12.309352
v -2.983507 -2.000000 12.309352
v -2.685992 -2.000000 12.309352
v -2.388477 -2.000000 12.309352
v -2.090962 -2.000000 12.309352
v -1.793447 -2.000000 12.309352
v -1.495932 -2.000000 12.309352
v -1.198417 -2.000000 12.309352
v -0.900902 -2.000000 12.309352
v -0.603387 -2.000000 12.309352
v -0.305872 -2.000000 12.309352
v -0.008357 -2.000000 12.309352
v 0.289158 -2.000000 12.309352
v 0.586673 -2.000000 12.309352
v 0.884188 -2.000000 12.309352
v 1.181703 -2.000000 12.309352
v 1.479218 -2.000000 12.309352
v 1.776733 -2.000000 12.309352
v 2.074248 -2.000000 12.309352
v 2.371763 -2.000000 12.309352
v 2.669278 -2.000000 12.309352
v 2.966793 -2.000000 12.309352
v 3.264308 -2.000000 12.309352
v 3.561823 -2.000000 12.309352
v 3.859338 -2.000000 12.309352
v 4.156853 -2.000000 12.309352
v 4.454368 -2.000000 12.309352
v 4.751883 -2.000000 12.309352
v 5.049398 -2.000000 12.309352
v 5.346913 -2.000000 12.309352
v 5.644428 -2.000000 12.309352
v 5.941943 -2.000000 12.309352
v 6.239458 -2.000000 12.309352
v 6.536973 -2.000000 12.309352
v 6.834488 -2.000000 12.309352
v 7.132003 -2.000000 12.309352
v 7.429518 -2.000000 12.309352
v 7.727033 -2.000000 12.309352
v 8.024548 -2.000000 12.309352
v 8.322063 -2.000000 12.309352
v 8.619578 -2.000000 12.309352
v 8.917093 -2.000000 12.309352
v 9.214608 -2.000000 12.309352
v 9.512123 -2.000000 12.309352
v 9.809638 -2.000000 12.309352
v 10.107153 -2.000000 12.309352
v 10.404668 -2.000000 12.309352
v 10.702183 -2.000000 12.309352
v 10.999698 -2.000000 12.309352
v 11.297213 -2.000000 12.309352
v 11.594728 -2.000000 12.309352
v 11.892244 -2.000000 12.309352
f 35 36 117
f 35 117 116
f 116 117 198
f 116 198 197
f 197 198 279
f 197 279 278
f 278 279 360
f 278 360 359
f 359 360 441
f 359 441 440
f 440 441 522
f 440 522 521
f 521 522 603
f 521 603 602
f 602 603 684
f 602 684 683
f 683 684 765
f 683 765 764
f 764 765 846
f 764 846 845
f 845 846 927
f 845 927 926
f 926 927 1008
f 926 1008 1007
f 1007 1008 1089
f 1007 1089 1088
f 1088 1089 1170
f 1088 1170 1169
f 1169 1170 1251
f 1169 1251 1250
f 1250 1251 1332
f 1250 1332 1331
f 1331 1332 1413
f 1331 1413 1412
f 1412 1413 1494
f 1412 1494 1493
f 1493 1494 1575
f 1493 1575 1574
f 1574 1575 1656
f 1574 1656 1655
f 1655 1656 1737
f 1655 1737 1736
f 1736 1737 1818
f 1736 1818 1817
f 1817 1818 1899
f 1817 1899 1898
f 1898 1899 1980
f 1898 1980 1979
f 1979 1980 2061
f 1979 2061 2060
f 2060 2061 2142
f 2060 2142 2141
f 2141 2142 2223
f 2141 2223 2222
f 2222 2223 2304
f 2222 2304 2303
f 2303 2304 2385
f 2303 2385 2384
f 2384 2385 2466
f 2384 2466 2465
f 2465 2466 2547
f 2465 2547 2546
f 2546 2547 2628
f 2546 2628 2627
f 2627 2628 2709
f 2627 2709 2708
f 2708 2709 2790
f 2708 2790 2789
f 2789 2790 2871
f 2789 2871 2870
f 2870 2871 2952
f 2870 2952 2951
f 2951 2952 3033
f 2951 3033 3032
f 3032 3033 3114
f 3032 3114 3113
f 3113 3114 3195
f 3113 3195 3194
f 3194 3195 3276
f 3194 3276 3275
f 3275 3276 3357
f 3275 3357 3356
f 3356 3357 3438
f 3356 3438 3437
f 3437 3438 3519
f 3437 3519 3518
f 3518 3519 3600
f 3518 3600 3599
f 3599 3600 3681
f 3599 3681 3680
f 3680 3681 3762
f 3680 3762 3761
f 3761 3762 3843
f 3761 3843 3842
f 3842 3843 3924
f 3842 3924 3923
f 3923 3924 4005
f 3923 4005 4004
f 4004 4005 4086
f 4004 4086 4085
f 4085 4086 4167
f 4085 4167 4166
f 4166 4167 4248
f 4166 4248 4247
f 4247 4248 4329
f 4247 4329 4328
f 4328 4329 4410
f 4328 4410 4409
f 4409 4410 4491
f 4409 4491 4490
f 4490 4491 4572
f 4490 4572 4571
f 4571 4572 4653
f 4571 4653 4652
f 4652 4653 4734
f 4652 4734 4733
f 4733 4734 4815
f 4733 4815 4814
f 4814 4815 4896
f 4814 4896 4895
f 4895 4896 4977
f 4895 4977 4976
f 4976 4977 5058
f 4976 5058 5057
f 5057 5058 5139
f 5057 5139 5138
f 5138 5139 5220
f 5138 5220 5219
f 5219 5220 5301
f 5219 5301 5300
f 5300 5301 5382
f 5300 5382 5381
f 5381 5382 5463
f 5381 5463 5462
f 5462 5463 5544
f 5462 5544 5543
f 5543 5544 5625
f 5543 5625 5624
f 5624 5625 5706
f 5624 5706 5705
f 5705 5706 5787
f 5705 5787 5786
f 5786 5787 5868
f 5786 5868 5867
f 5867 5868 5949
f 5867 5949 5948
f 5948 5949 6030
f 5948 6030 6029
f 6029 6030 6111
f 6029 6111 6110
f 6110 6111 6192
f 6110 6192 6191
f 6191 6192 6273
f 6191 6273 6272
f 6272 6273 6354
f 6272 6354 6353
f 6353 6354 6435
f 6353 6435 6434
f 6434 6435 6516
f 6434 6516 6515
