o [4B] 3D Diagram - S2-01 Group A_303
v -25.269502 -25.269502 0.100000
v -24.637764 -25.269502 0.100000
v -24.006027 -25.269502 0.100000
v -23.374289 -25.269502 0.100000
v -22.742552 -25.269502 0.100000
v -22.110814 -25.269502 0.100000
v -21.479077 -25.269502 0.100000
v -20.847339 -25.269502 0.100000
v -20.215602 -25.269502 0.100000
v -19.583864 -25.269502 0.100000
v -18.952126 -25.269502 0.100000
v -18.320389 -25.269502 0.100000
v -17.688651 -25.269502 0.100000
v -17.056914 -25.269502 0.100000
v -16.425176 -25.269502 0.100000
v -15.793439 -25.269502 0.100000
v -15.161701 -25.269502 0.100000
v -14.529964 -25.269502 0.100000
v -13.898226 -25.269502 0.100000
v -13.266489 -25.269502 0.100000
v -12.634751 -25.269502 0.100000
v -12.003013 -25.269502 0.100000
v -11.371276 -25.269502 0.100000
v -10.739538 -25.269502 0.100000
v -10.107801 -25.269502 0.100000
v -9.476063 -25.269502 0.100000
v -8.844326 -25.269502 0.100000
v -8.212588 -25.269502 0.100000
v -7.580851 -25.269502 0.100000
v -6.949113 -25.269502 0.100000
v -6.317375 -25.269502 0.100000
v -5.685638 -25.269502 0.100000
v -5.053900 -25.269502 0.100000
v -4.422163 -25.269502 0.100000
v -3.790425 -25.269502 0.100000
v -3.158688 -25.269502 0.100000
v -2.526950 -25.269502 0.100000
v -1.895213 -25.269502 0.100000
v -1.263475 -25.269502 0.100000
v -0.631738 -25.269502 0.100000
v 0.000000 -25.269502 0.100000
v 0.631738 -25.269502 0.100000
v 1.263475 -25.269502 0.100000
v 1.895213 -25.269502 0.100000
v 2.526950 -25.269502 0.100000
v 3.158688 -25.269502 0.100000
v 3.790425 -25.269502 0.100000
v 4.422163 -25.269502 0.100000
v 5.053900 -25.269502 0.100000
v 5.685638 -25.269502 0.100000
v 6.317375 -25.269502 0.100000
v 6.949113 -25.269502 0.100000
v 7.580851 -25.269502 0.100000
v 8.212588 -25.269502 0.100000
v 8.844326 -25.269502 0.100000
v 9.476063 -25.269502 0.100000
v 10.107801 -25.269502 0.100000
v 10.739538 -25.269502 0.100000
v 11.371276 -25.269502 0.100000
v 12.003013 -25.269502 0.100000
v 12.634751 -25.269502 0.100000
v 13.266489 -25.269502 0.100000
v 13.898226 -25.269502 0.100000
v 14.529964 -25.269502 0.100000
v 15.161701 -25.269502 0.100000
v 15.793439 -25.269502 0.100000
v 16.425176 -25.269502 0.100000
v 17.056914 -25.269502 0.100000
v 17.688651 -25.269502 0.100000
v 18.320389 -25.269502 0.100000
v 18.952126 -25.269502 0.100000
v 19.583864 -25.269502 0.100000
v 20.215602 -25.269502 0.100000
v 20.847339 -25.269502 0.100000
v 21.479077 -25.269502 0.100000
v 22.110814 -25.269502 0.100000
v 22.742552 -25.269502 0.100000
v 23.374289 -25.269502 0.100000
v 24.006027 -25.269502 0.100000
v 24.637764 -25.269502 0.100000
v 25.269502 -25.269502 0.100000
v -25.269502 -24.637764 0.100000
v -24.637764 -24.637764 0.100000
v -24.006027 -24.637764 0.100000
v -23.374289 -24.637764 0.100000
v -22.742552 -24.637764 0.100000
v -22.110814 -24.637764 0.100000
v -21.479077 -24.637764 0.100000
v -20.847339 -24.637764 0.100000
v -20.215602 -24.637764 0.100000
v -19.583864 -24.637764 0.100000
v -18.952126 -24.637764 0.100000
v -18.320389 -24.637764 0.100000
v -17.688651 -24.637764 0.100000
v -17.056914 -24.637764 0.100000
v -16.425176 -24.637764 0.100000
v -15.793439 -24.637764 0.100000
v -15.161701 -24.637764 0.100000
v -14.529964 -24.637764 0.100000
v -13.898226 -24.637764 0.100000
v -13.266489 -24.637764 0.100000
v -12.634751 -24.637764 0.100000
v -12.003013 -24.637764 0.100000
v -11.371276 -24.637764 0.100000
v -10.739538 -24.637764 0.100000
v -10.107801 -24.637764 0.100000
v -9.476063 -24.637764 0.100000
v -8.844326 -24.637764 0.100000
v -8.212588 -24.637764 0.100000
v -7.580851 -24.637764 0.100000
v -6.949113 -24.637764 0.100000
v -6.317375 -24.637764 0.100000
v -5.685638 -24.637764 0.100000
v -5.053900 -24.637764 0.100000
v -4.422163 -24.637764 0.100000
v -3.790425 -24.637764 0.100000
v -3.158688 -24.637764 0.100000
v -2.526950 -24.637764 0.100000
v -1.895213 -24.637764 0.100000
v -1.263475 -24.637764 0.100000
v -0.631738 -24.637764 0.100000
v 0.000000 -24.637764 0.100000
v 0.631738 -24.637764 0.100000
v 1.263475 -24.637764 0.100000
v 1.895213 -24.637764 0.100000
v 2.526950 -24.637764 0.100000
v 3.158688 -24.637764 0.100000
v 3.790425 -24.637764 0.100000
v 4.422163 -24.637764 0.100000
v 5.053900 -24.637764 0.100000
v 5.685638 -24.637764 0.100000
v 6.317375 -24.637764 0.100000
v 6.949113 -24.637764 0.100000
v 7.580851 -24.637764 0.100000
v 8.212588 -24.637764 0.100000
v 8.844326 -24.637764 0.100000
v 9.476063 -24.637764 0.100000
v 10.107801 -24.637764 0.100000
v 10.739538 -24.637764 0.100000
v 11.371276 -24.637764 0.100000
v 12.003013 -24.637764 0.100000
v 12.634751 -24.637764 0.100000
v 13.266489 -24.637764 0.100000
v 13.898226 -24.637764 0.100000
v 14.529964 -24.637764 0.100000
v 15.161701 -24.637764 0.100000
v 15.793439 -24.637764 0.100000
v 16.425176 -24.637764 0.100000
v 17.056914 -24.637764 0.100000
v 17.688651 -24.637764 0.100000
v 18.320389 -24.637764 0.100000
v 18.952126 -24.637764 0.100000
v 19.583864 -24.637764 0.100000
v 20.215602 -24.637764 0.100000
v 20.847339 -24.637764 0.100000
v 21.479077 -24.637764 0.100000
v 22.110814 -24.637764 0.100000
v 22.742552 -24.637764 0.100000
v 23.374289 -24.637764 0.100000
v 24.006027 -24.637764 0.100000
v 24.637764 -24.637764 0.100000
v 25.269502 -24.637764 0.100000
v -25.269502 -24.006027 0.100000
v -24.637764 -24.006027 0.100000
v -24.006027 -24.006027 0.100000
v -23.374289 -24.006027 0.100000
v -22.742552 -24.006027 0.100000
v -22.110814 -24.006027 0.100000
v -21.479077 -24.006027 0.100000
v -20.847339 -24.006027 0.100000
v -20.215602 -24.006027 0.100000
v -19.583864 -24.006027 0.100000
v -18.952126 -24.006027 0.100000
v -18.320389 -24.006027 0.100000
v -17.688651 -24.006027 0.100000
v -17.056914 -24.006027 0.100000
v -16.425176 -24.006027 0.100000
v -15.793439 -24.006027 0.100000
v -15.161701 -24.006027 0.100000
v -14.529964 -24.006027 0.100000
v -13.898226 -24.006027 0.100000
v -13.266489 -24.006027 0.100000
v -12.634751 -24.006027 0.100000
v -12.003013 -24.006027 0.100000
v -11.371276 -24.006027 0.100000
v -10.739538 -24.006027 0.100000
v -10.107801 -24.006027 0.100000
v -9.476063 -24.006027 0.100000
v -8.844326 -24.006027 0.100000
v -8.212588 -24.006027 0.100000
v -7.580851 -24.006027 0.100000
v -6.949113 -24.006027 0.100000
v -6.317375 -24.006027 0.100000
v -5.685638 -24.006027 0.100000
v -5.053900 -24.006027 0.100000
v -4.422163 -24.006027 0.100000
v -3.790425 -24.006027 0.100000
v -3.158688 -24.006027 0.100000
v -2.526950 -24.006027 0.100000
v -1.895213 -24.006027 0.100000
v -1.263475 -24.006027 0.100000
v -0.631738 -24.006027 0.100000
v 0.000000 -24.006027 0.100000
v 0.631738 -24.006027 0.100000
v 1.263475 -24.006027 0.100000
v 1.895213 -24.006027 0.100000
v 2.526950 -24.006027 0.100000
v 3.158688 -24.006027 0.100000
v 3.790425 -24.006027 0.100000
v 4.422163 -24.006027 0.100000
v 5.053900 -24.006027 0.100000
v 5.685638 -24.006027 0.100000
v 6.317375 -24.006027 0.100000
v 6.949113 -24.006027 0.100000
v 7.580851 -24.006027 0.100000
v 8.212588 -24.006027 0.100000
v 8.844326 -24.006027 0.100000
v 9.476063 -24.006027 0.100000
v 10.107801 -24.006027 0.100000
v 10.739538 -24.006027 0.100000
v 11.371276 -24.006027 0.100000
v 12.003013 -24.006027 0.100000
v 12.634751 -24.006027 0.100000
v 13.266489 -24.006027 0.100000
v 13.898226 -24.006027 0.100000
v 14.529964 -24.006027 0.100000
v 15.161701 -24.006027 0.100000
v 15.793439 -24.006027 0.100000
v 16.425176 -24.006027 0.100000
v 17.056914 -24.006027 0.100000
v 17.688651 -24.006027 0.100000
v 18.320389 -24.006027 0.100000
v 18.952126 -24.006027 0.100000
v 19.583864 -24.006027 0.100000
v 20.215602 -24.006027 0.100000
v 20.847339 -24.006027 0.100000
v 21.479077 -24.006027 0.100000
v 22.110814 -24.006027 0.100000
v 22.742552 -24.006027 0.100000
v 23.374289 -24.006027 0.100000
v 24.006027 -24.006027 0.100000
v 24.637764 -24.006027 0.100000
v 25.269502 -24.006027 0.100000
v -25.269502 -23.374289 0.100000
v -24.637764 -23.374289 0.100000
v -24.006027 -23.374289 0.100000
v -23.374289 -23.374289 0.100000
v -22.742552 -23.374289 0.100000
v -22.110814 -23.374289 0.100000
v -21.479077 -23.374289 0.100000
v -20.847339 -23.374289 0.100000
v -20.215602 -23.374289 0.100000
v -19.583864 -23.374289 0.100000
v -18.952126 -23.374289 0.100000
v -18.320389 -23.374289 0.100000
v -17.688651 -23.374289 0.100000
v -17.056914 -23.374289 0.100000
v -16.425176 -23.374289 0.100000
v -15.793439 -23.374289 0.100000
v -15.161701 -23.374289 0.100000
v -14.529964 -23.374289 0.100000
v -13.898226 -23.374289 0.100000
v -13.266489 -23.374289 0.100000
v -12.634751 -23.374289 0.100000
v -12.003013 -23.374289 0.100000
v -11.371276 -23.374289 0.100000
v -10.739538 -23.374289 0.100000
v -10.107801 -23.374289 0.100000
v -9.476063 -23.374289 0.100000
v -8.844326 -23.374289 0.100000
v -8.212588 -23.374289 0.100000
v -7.580851 -23.374289 0.100000
v -6.949113 -23.374289 0.100000
v -6.317375 -23.374289 0.100000
v -5.685638 -23.374289 0.100000
v -5.053900 -23.374289 0.100000
v -4.422163 -23.374289 0.100000
v -3.790425 -23.374289 0.100000
v -3.158688 -23.374289 0.100000
v -2.526950 -23.374289 0.100000
v -1.895213 -23.374289 0.100000
v -1.263475 -23.374289 0.100000
v -0.631738 -23.374289 0.100000
v 0.000000 -23.374289 0.100000
v 0.631738 -23.374289 0.100000
v 1.263475 -23.374289 0.100000
v 1.895213 -23.374289 0.100000
v 2.526950 -23.374289 0.100000
v 3.158688 -23.374289 0.100000
v 3.790425 -23.374289 0.100000
v 4.422163 -23.374289 0.100000
v 5.053900 -23.374289 0.100000
v 5.685638 -23.374289 0.100000
v 6.317375 -23.374289 0.100000
v 6.949113 -23.374289 0.100000
v 7.580851 -23.374289 0.100000
v 8.212588 -23.374289 0.100000
v 8.844326 -23.374289 0.100000
v 9.476063 -23.374289 0.100000
v 10.107801 -23.374289 0.100000
v 10.739538 -23.374289 0.100000
v 11.371276 -23.374289 0.100000
v 12.003013 -23.374289 0.100000
v 12.634751 -23.374289 0.100000
v 13.266489 -23.374289 0.100000
v 13.898226 -23.374289 0.100000
v 14.529964 -23.374289 0.100000
v 15.161701 -23.374289 0.100000
v 15.793439 -23.374289 0.100000
v 16.425176 -23.374289 0.100000
v 17.056914 -23.374289 0.100000
v 17.688651 -23.374289 0.100000
v 18.320389 -23.374289 0.100000
v 18.952126 -23.374289 0.100000
v 19.583864 -23.374289 0.100000
v 20.215602 -23.374289 0.100000
v 20.847339 -23.374289 0.100000
v 21.479077 -23.374289 0.100000
v 22.110814 -23.374289 0.100000
v 22.742552 -23.374289 0.100000
v 23.374289 -23.374289 0.100000
v 24.006027 -23.374289 0.100000
v 24.637764 -23.374289 0.100000
v 25.269502 -23.374289 0.100000
v -25.269502 -22.742552 0.100000
v -24.637764 -22.742552 0.100000
v -24.006027 -22.742552 0.100000
v -23.374289 -22.742552 0.100000
v -22.742552 -22.742552 0.100000
v -22.110814 -22.742552 0.100000
v -21.479077 -22.742552 0.100000
v -20.847339 -22.742552 0.100000
v -20.215602 -22.742552 0.100000
v -19.583864 -22.742552 0.100000
v -18.952126 -22.742552 0.100000
v -18.320389 -22.742552 0.100000
v -17.688651 -22.742552 0.100000
v -17.056914 -22.742552 0.100000
v -16.425176 -22.742552 0.100000
v -15.793439 -22.742552 0.100000
v -15.161701 -22.742552 0.100000
v -14.529964 -22.742552 0.100000
v -13.898226 -22.742552 0.100000
v -13.266489 -22.742552 0.100000
v -12.634751 -22.742552 0.100000
v -12.003013 -22.742552 0.100000
v -11.371276 -22.742552 0.100000
v -10.739538 -22.742552 0.100000
v -10.107801 -22.742552 0.100000
v -9.476063 -22.742552 0.100000
v -8.844326 -22.742552 0.100000
v -8.212588 -22.742552 0.100000
v -7.580851 -22.742552 0.100000
v -6.949113 -22.742552 0.100000
v -6.317375 -22.742552 0.100000
v -5.685638 -22.742552 0.100000
v -5.053900 -22.742552 0.100000
v -4.422163 -22.742552 0.100000
v -3.790425 -22.742552 0.100000
v -3.158688 -22.742552 0.100000
v -2.526950 -22.742552 0.100000
v -1.895213 -22.742552 0.100000
v -1.263475 -22.742552 0.100000
v -0.631738 -22.742552 0.100000
v 0.000000 -22.742552 0.100000
v 0.631738 -22.742552 0.100000
v 1.263475 -22.742552 0.100000
v 1.895213 -22.742552 0.100000
v 2.526950 -22.742552 0.100000
v 3.158688 -22.742552 0.100000
v 3.790425 -22.742552 0.100000
v 4.422163 -22.742552 0.100000
v 5.053900 -22.742552 0.100000
v 5.685638 -22.742552 0.100000
v 6.317375 -22.742552 0.100000
v 6.949113 -22.742552 0.100000
v 7.580851 -22.742552 0.100000
v 8.212588 -22.742552 0.100000
v 8.844326 -22.742552 0.100000
v 9.476063 -22.742552 0.100000
v 10.107801 -22.742552 0.100000
v 10.739538 -22.742552 0.100000
v 11.371276 -22.742552 0.100000
v 12.003013 -22.742552 0.100000
v 12.634751 -22.742552 0.100000
v 13.266489 -22.742552 0.100000
v 13.898226 -22.742552 0.100000
v 14.529964 -22.742552 0.100000
v 15.161701 -22.742552 0.100000
v 15.793439 -22.742552 0.100000
v 16.425176 -22.742552 0.100000
v 17.056914 -22.742552 0.100000
v 17.688651 -22.742552 0.100000
v 18.320389 -22.742552 0.100000
v 18.952126 -22.742552 0.100000
v 19.583864 -22.742552 0.100000
v 20.215602 -22.742552 0.100000
v 20.847339 -22.742552 0.100000
v 21.479077 -22.742552 0.100000
v 22.110814 -22.742552 0.100000
v 22.742552 -22.742552 0.100000
v 23.374289 -22.742552 0.100000
v 24.006027 -22.742552 0.100000
v 24.637764 -22.742552 0.100000
v 25.269502 -22.742552 0.100000
v -25.269502 -22.110814 0.100000
v -24.637764 -22.110814 0.100000
v -24.006027 -22.110814 0.100000
v -23.374289 -22.110814 0.100000
v -22.742552 -22.110814 0.100000
v -22.110814 -22.110814 0.100000
v -21.479077 -22.110814 0.100000
v -20.847339 -22.110814 0.100000
v -20.215602 -22.110814 0.100000
v -19.583864 -22.110814 0.100000
v -18.952126 -22.110814 0.100000
v -18.320389 -22.110814 0.100000
v -17.688651 -22.110814 0.100000
v -17.056914 -22.110814 0.100000
v -16.425176 -22.110814 0.100000
v -15.793439 -22.110814 0.100000
v -15.161701 -22.110814 0.100000
v -14.529964 -22.110814 0.100000
v -13.898226 -22.110814 0.100000
v -13.266489 -22.110814 0.100000
v -12.634751 -22.110814 0.100000
v -12.003013 -22.110814 0.100000
v -11.371276 -22.110814 0.100000
v -10.739538 -22.110814 0.100000
v -10.107801 -22.110814 0.100000
v -9.476063 -22.110814 0.100000
v -8.844326 -22.110814 0.100000
v -8.212588 -22.110814 0.100000
v -7.580851 -22.110814 0.100000
v -6.949113 -22.110814 0.100000
v -6.317375 -22.110814 0.100000
v -5.685638 -22.110814 0.100000
v -5.053900 -22.110814 0.100000
v -4.422163 -22.110814 0.100000
v -3.790425 -22.110814 0.100000
v -3.158688 -22.110814 0.100000
v -2.526950 -22.110814 0.100000
v -1.895213 -22.110814 0.100000
v -1.263475 -22.110814 0.100000
v -0.631738 -22.110814 0.100000
v 0.000000 -22.110814 0.100000
v 0.631738 -22.110814 0.100000
v 1.263475 -22.110814 0.100000
v 1.895213 -22.110814 0.100000
v 2.526950 -22.110814 0.100000
v 3.158688 -22.110814 0.100000
v 3.790425 -22.110814 0.100000
v 4.422163 -22.110814 0.100000
v 5.053900 -22.110814 0.100000
v 5.685638 -22.110814 0.100000
v 6.317375 -22.110814 0.100000
v 6.949113 -22.110814 0.100000
v 7.580851 -22.110814 0.100000
v 8.212588 -22.110814 0.100000
v 8.844326 -22.110814 0.100000
v 9.476063 -22.110814 0.100000
v 10.107801 -22.110814 0.100000
v 10.739538 -22.110814 0.100000
v 11.371276 -22.110814 0.100000
v 12.003013 -22.110814 0.100000
v 12.634751 -22.110814 0.100000
v 13.266489 -22.110814 0.100000
v 13.898226 -22.110814 0.100000
v 14.529964 -22.110814 0.100000
v 15.161701 -22.110814 0.100000
v 15.793439 -22.110814 0.100000
v 16.425176 -22.110814 0.100000
v 17.056914 -22.110814 0.100000
v 17.688651 -22.110814 0.100000
v 18.320389 -22.110814 0.100000
v 18.952126 -22.110814 0.100000
v 19.583864 -22.110814 0.100000
v 20.215602 -22.110814 0.100000
v 20.847339 -22.110814 0.100000
v 21.479077 -22.110814 0.100000
v 22.110814 -22.110814 0.100000
v 22.742552 -22.110814 0.100000
v 23.374289 -22.110814 0.100000
v 24.006027 -22.110814 0.100000
v 24.637764 -22.110814 0.100000
v 25.269502 -22.110814 0.100000
v -25.269502 -21.479077 0.100000
v -24.637764 -21.479077 0.100000
v -24.006027 -21.479077 0.100000
v -23.374289 -21.479077 0.100000
v -22.742552 -21.479077 0.100000
v -22.110814 -21.479077 0.100000
v -21.479077 -21.479077 0.100000
v -20.847339 -21.479077 0.100000
v -20.215602 -21.479077 0.100000
v -19.583864 -21.479077 0.100000
v -18.952126 -21.479077 0.100000
v -18.320389 -21.479077 0.100000
v -17.688651 -21.479077 0.100000
v -17.056914 -21.479077 0.100000
v -16.425176 -21.479077 0.100000
v -15.793439 -21.479077 0.100000
v -15.161701 -21.479077 0.100000
v -14.529964 -21.479077 0.100000
v -13.898226 -21.479077 0.100000
v -13.266489 -21.479077 0.100000
v -12.634751 -21.479077 0.100000
v -12.003013 -21.479077 0.100000
v -11.371276 -21.479077 0.100000
v -10.739538 -21.479077 0.100000
v -10.107801 -21.479077 0.100000
v -9.476063 -21.479077 0.100000
v -8.844326 -21.479077 0.100000
v -8.212588 -21.479077 0.100000
v -7.580851 -21.479077 0.100000
v -6.949113 -21.479077 0.100000
v -6.317375 -21.479077 0.100000
v -5.685638 -21.479077 0.100000
v -5.053900 -21.479077 0.100000
v -4.422163 -21.479077 0.100000
v -3.790425 -21.479077 0.100000
v -3.158688 -21.479077 0.100000
v -2.526950 -21.479077 0.100000
v -1.895213 -21.479077 0.100000
v -1.263475 -21.479077 0.100000
v -0.631738 -21.479077 0.100000
v 0.000000 -21.479077 0.100000
v 0.631738 -21.479077 0.100000
v 1.263475 -21.479077 0.100000
v 1.895213 -21.479077 0.100000
v 2.526950 -21.479077 0.100000
v 3.158688 -21.479077 0.100000
v 3.790425 -21.479077 0.100000
v 4.422163 -21.479077 0.100000
v 5.053900 -21.479077 0.100000
v 5.685638 -21.479077 0.100000
v 6.317375 -21.479077 0.100000
v 6.949113 -21.479077 0.100000
v 7.580851 -21.479077 0.100000
v 8.212588 -21.479077 0.100000
v 8.844326 -21.479077 0.100000
v 9.476063 -21.479077 0.100000
v 10.107801 -21.479077 0.100000
v 10.739538 -21.479077 0.100000
v 11.371276 -21.479077 0.100000
v 12.003013 -21.479077 0.100000
v 12.634751 -21.479077 0.100000
v 13.266489 -21.479077 0.100000
v 13.898226 -21.479077 0.100000
v 14.529964 -21.479077 0.100000
v 15.161701 -21.479077 0.100000
v 15.793439 -21.479077 0.100000
v 16.425176 -21.479077 0.100000
v 17.056914 -21.479077 0.100000
v 17.688651 -21.479077 0.100000
v 18.320389 -21.479077 0.100000
v 18.952126 -21.479077 0.100000
v 19.583864 -21.479077 0.100000
v 20.215602 -21.479077 0.100000
v 20.847339 -21.479077 0.100000
v 21.479077 -21.479077 0.100000
v 22.110814 -21.479077 0.100000
v 22.742552 -21.479077 0.100000
v 23.374289 -21.479077 0.100000
v 24.006027 -21.479077 0.100000
v 24.637764 -21.479077 0.100000
v 25.269502 -21.479077 0.100000
v -25.269502 -20.847339 0.100000
v -24.637764 -20.847339 0.100000
v -24.006027 -20.847339 0.100000
v -23.374289 -20.847339 0.100000
v -22.742552 -20.847339 0.100000
v -22.110814 -20.847339 0.100000
v -21.479077 -20.847339 0.100000
v -20.847339 -20.847339 0.100000
v -20.215602 -20.847339 0.100000
v -19.583864 -20.847339 0.100000
v -18.952126 -20.847339 0.100000
v -18.320389 -20.847339 0.100000
v -17.688651 -20.847339 0.100000
v -17.056914 -20.847339 0.100000
v -16.425176 -20.847339 0.100000
v -15.793439 -20.847339 0.100000
v -15.161701 -20.847339 0.100000
v -14.529964 -20.847339 0.100000
v -13.898226 -20.847339 0.100000
v -13.266489 -20.847339 0.100000
v -12.634751 -20.847339 0.100000
v -12.003013 -20.847339 0.100000
v -11.371276 -20.847339 0.100000
v -10.739538 -20.847339 0.100000
v -10.107801 -20.847339 0.100000
v -9.476063 -20.847339 0.100000
v -8.844326 -20.847339 0.100000
v -8.212588 -20.847339 0.100000
v -7.580851 -20.847339 0.100000
v -6.949113 -20.847339 0.100000
v -6.317375 -20.847339 0.100000
v -5.685638 -20.847339 0.100000
v -5.053900 -20.847339 0.100000
v -4.422163 -20.847339 0.100000
v -3.790425 -20.847339 0.100000
v -3.158688 -20.847339 0.100000
v -2.526950 -20.847339 0.100000
v -1.895213 -20.847339 0.100000
v -1.263475 -20.847339 0.100000
v -0.631738 -20.847339 0.100000
v 0.000000 -20.847339 0.100000
v 0.631738 -20.847339 0.100000
v 1.263475 -20.847339 0.100000
v 1.895213 -20.847339 0.100000
v 2.526950 -20.847339 0.100000
v 3.158688 -20.847339 0.100000
v 3.790425 -20.847339 0.100000
v 4.422163 -20.847339 0.100000
v 5.053900 -20.847339 0.100000
v 5.685638 -20.847339 0.100000
v 6.317375 -20.847339 0.100000
v 6.949113 -20.847339 0.100000
v 7.580851 -20.847339 0.100000
v 8.212588 -20.847339 0.100000
v 8.844326 -20.847339 0.100000
v 9.476063 -20.847339 0.100000
v 10.107801 -20.847339 0.100000
v 10.739538 -20.847339 0.100000
v 11.371276 -20.847339 0.100000
v 12.003013 -20.847339 0.100000
v 12.634751 -20.847339 0.100000
v 13.266489 -20.847339 0.100000
v 13.898226 -20.847339 0.100000
v 14.529964 -20.847339 0.100000
v 15.161701 -20.847339 0.100000
v 15.793439 -20.847339 0.100000
v 16.425176 -20.847339 0.100000
v 17.056914 -20.847339 0.100000
v 17.688651 -20.847339 0.100000
v 18.320389 -20.847339 0.100000
v 18.952126 -20.847339 0.100000
v 19.583864 -20.847339 0.100000
v 20.215602 -20.847339 0.100000
v 20.847339 -20.847339 0.100000
v 21.479077 -20.847339 0.100000
v 22.110814 -20.847339 0.100000
v 22.742552 -20.847339 0.100000
v 23.374289 -20.847339 0.100000
v 24.006027 -20.847339 0.100000
v 24.637764 -20.847339 0.100000
v 25.269502 -20.847339 0.100000
v -25.269502 -20.215602 0.100000
v -24.637764 -20.215602 0.100000
v -24.006027 -20.215602 0.100000
v -23.374289 -20.215602 0.100000
v -22.742552 -20.215602 0.100000
v -22.110814 -20.215602 0.100000
v -21.479077 -20.215602 0.100000
v -20.847339 -20.215602 0.100000
v -20.215602 -20.215602 0.100000
v -19.583864 -20.215602 0.100000
v -18.952126 -20.215602 0.100000
v -18.320389 -20.215602 0.100000
v -17.688651 -20.215602 0.100000
v -17.056914 -20.215602 0.100000
v -16.425176 -20.215602 0.100000
v -15.793439 -20.215602 0.100000
v -15.161701 -20.215602 0.100000
v -14.529964 -20.215602 0.100000
v -13.898226 -20.215602 0.100000
v -13.266489 -20.215602 0.100000
v -12.634751 -20.215602 0.100000
v -12.003013 -20.215602 0.100000
v -11.371276 -20.215602 0.100000
v -10.739538 -20.215602 0.100000
v -10.107801 -20.215602 0.100000
v -9.476063 -20.215602 0.100000
v -8.844326 -20.215602 0.100000
v -8.212588 -20.215602 0.100000
v -7.580851 -20.215602 0.100000
v -6.949113 -20.215602 0.100000
v -6.317375 -20.215602 0.100000
v -5.685638 -20.215602 0.100000
v -5.053900 -20.215602 0.100000
v -4.422163 -20.215602 0.100000
v -3.790425 -20.215602 0.100000
v -3.158688 -20.215602 0.100000
v -2.526950 -20.215602 0.100000
v -1.895213 -20.215602 0.100000
v -1.263475 -20.215602 0.100000
v -0.631738 -20.215602 0.100000
v 0.000000 -20.215602 0.100000
v 0.631738 -20.215602 0.100000
v 1.263475 -20.215602 0.100000
v 1.895213 -20.215602 0.100000
v 2.526950 -20.215602 0.100000
v 3.158688 -20.215602 0.100000
v 3.790425 -20.215602 0.100000
v 4.422163 -20.215602 0.100000
v 5.053900 -20.215602 0.100000
v 5.685638 -20.215602 0.100000
v 6.317375 -20.215602 0.100000
v 6.949113 -20.215602 0.100000
v 7.580851 -20.215602 0.100000
v 8.212588 -20.215602 0.100000
v 8.844326 -20.215602 0.100000
v 9.476063 -20.215602 0.100000
v 10.107801 -20.215602 0.100000
v 10.739538 -20.215602 0.100000
v 11.371276 -20.215602 0.100000
v 12.003013 -20.215602 0.100000
v 12.634751 -20.215602 0.100000
v 13.266489 -20.215602 0.100000
v 13.898226 -20.215602 0.100000
v 14.529964 -20.215602 0.100000
v 15.161701 -20.215602 0.100000
v 15.793439 -20.215602 0.100000
v 16.425176 -20.215602 0.100000
v 17.056914 -20.215602 0.100000
v 17.688651 -20.215602 0.100000
v 18.320389 -20.215602 0.100000
v 18.952126 -20.215602 0.100000
v 19.583864 -20.215602 0.100000
v 20.215602 -20.215602 0.100000
v 20.847339 -20.215602 0.100000
v 21.479077 -20.215602 0.100000
v 22.110814 -20.215602 0.100000
v 22.742552 -20.215602 0.100000
v 23.374289 -20.215602 0.100000
v 24.006027 -20.215602 0.100000
v 24.637764 -20.215602 0.100000
v 25.269502 -20.215602 0.100000
v -25.269502 -19.583864 0.100000
v -24.637764 -19.583864 0.100000
v -24.006027 -19.583864 0.100000
v -23.374289 -19.583864 0.100000
v -22.742552 -19.583864 0.100000
v -22.110814 -19.583864 0.100000
v -21.479077 -19.583864 0.100000
v -20.847339 -19.583864 0.100000
v -20.215602 -19.583864 0.100000
v -19.583864 -19.583864 0.100000
v -18.952126 -19.583864 0.100000
v -18.320389 -19.583864 0.100000
v -17.688651 -19.583864 0.100000
v -17.056914 -19.583864 0.100000
v -16.425176 -19.583864 0.100000
v -15.793439 -19.583864 0.100000
v -15.161701 -19.583864 0.100000
v -14.529964 -19.583864 0.100000
v -13.898226 -19.583864 0.100000
v -13.266489 -19.583864 0.100000
v -12.634751 -19.583864 0.100000
v -12.003013 -19.583864 0.100000
v -11.371276 -19.583864 0.100000
v -10.739538 -19.583864 0.100000
v -10.107801 -19.583864 0.100000
v -9.476063 -19.583864 0.100000
v -8.844326 -19.583864 0.100000
v -8.212588 -19.583864 0.100000
v -7.580851 -19.583864 0.100000
v -6.949113 -19.583864 0.100000
v -6.317375 -19.583864 0.100000
v -5.685638 -19.583864 0.100000
v -5.053900 -19.583864 0.100000
v -4.422163 -19.583864 0.100000
v -3.790425 -19.583864 0.100000
v -3.158688 -19.583864 0.100000
v -2.526950 -19.583864 0.100000
v -1.895213 -19.583864 0.100000
v -1.263475 -19.583864 0.100000
v -0.631738 -19.583864 0.100000
v 0.000000 -19.583864 0.100000
v 0.631738 -19.583864 0.100000
v 1.263475 -19.583864 0.100000
v 1.895213 -19.583864 0.100000
v 2.526950 -19.583864 0.100000
v 3.158688 -19.583864 0.100000
v 3.790425 -19.583864 0.100000
v 4.422163 -19.583864 0.100000
v 5.053900 -19.583864 0.100000
v 5.685638 -19.583864 0.100000
v 6.317375 -19.583864 0.100000
v 6.949113 -19.583864 0.100000
v 7.580851 -19.583864 0.100000
v 8.212588 -19.583864 0.100000
v 8.844326 -19.583864 0.100000
v 9.476063 -19.583864 0.100000
v 10.107801 -19.583864 0.100000
v 10.739538 -19.583864 0.100000
v 11.371276 -19.583864 0.100000
v 12.003013 -19.583864 0.100000
v 12.634751 -19.583864 0.100000
v 13.266489 -19.583864 0.100000
v 13.898226 -19.583864 0.100000
v 14.529964 -19.583864 0.100000
v 15.161701 -19.583864 0.100000
v 15.793439 -19.583864 0.100000
v 16.425176 -19.583864 0.100000
v 17.056914 -19.583864 0.100000
v 17.688651 -19.583864 0.100000
v 18.320389 -19.583864 0.100000
v 18.952126 -19.583864 0.100000
v 19.583864 -19.583864 0.100000
v 20.215602 -19.583864 0.100000
v 20.847339 -19.583864 0.100000
v 21.479077 -19.583864 0.100000
v 22.110814 -19.583864 0.100000
v 22.742552 -19.583864 0.100000
v 23.374289 -19.583864 0.100000
v 24.006027 -19.583864 0.100000
v 24.637764 -19.583864 0.100000
v 25.269502 -19.583864 0.100000
v -25.269502 -18.952126 0.100000
v -24.637764 -18.952126 0.100000
v -24.006027 -18.952126 0.100000
v -23.374289 -18.952126 0.100000
v -22.742552 -18.952126 0.100000
v -22.110814 -18.952126 0.100000
v -21.479077 -18.952126 0.100000
v -20.847339 -18.952126 0.100000
v -20.215602 -18.952126 0.100000
v -19.583864 -18.952126 0.100000
v -18.952126 -18.952126 0.100000
v -18.320389 -18.952126 0.100000
v -17.688651 -18.952126 0.100000
v -17.056914 -18.952126 0.100000
v -16.425176 -18.952126 0.100000
v -15.793439 -18.952126 0.100000
v -15.161701 -18.952126 0.100000
v -14.529964 -18.952126 0.100000
v -13.898226 -18.952126 0.100000
v -13.266489 -18.952126 0.100000
v -12.634751 -18.952126 0.100000
v -12.003013 -18.952126 0.100000
v -11.371276 -18.952126 0.100000
v -10.739538 -18.952126 0.100000
v -10.107801 -18.952126 0.100000
v -9.476063 -18.952126 0.100000
v -8.844326 -18.952126 0.100000
v -8.212588 -18.952126 0.100000
v -7.580851 -18.952126 0.100000
v -6.949113 -18.952126 0.100000
v -6.317375 -18.952126 0.100000
v -5.685638 -18.952126 0.100000
v -5.053900 -18.952126 0.100000
v -4.422163 -18.952126 0.100000
v -3.790425 -18.952126 0.100000
v -3.158688 -18.952126 0.100000
v -2.526950 -18.952126 0.100000
v -1.895213 -18.952126 0.100000
v -1.263475 -18.952126 0.100000
v -0.631738 -18.952126 0.100000
v 0.000000 -18.952126 0.100000
v 0.631738 -18.952126 0.100000
v 1.263475 -18.952126 0.100000
v 1.895213 -18.952126 0.100000
v 2.526950 -18.952126 0.100000
v 3.158688 -18.952126 0.100000
v 3.790425 -18.952126 0.100000
v 4.422163 -18.952126 0.100000
v 5.053900 -18.952126 0.100000
v 5.685638 -18.952126 0.100000
v 6.317375 -18.952126 0.100000
v 6.949113 -18.952126 0.100000
v 7.580851 -18.952126 0.100000
v 8.212588 -18.952126 0.100000
v 8.844326 -18.952126 0.100000
v 9.476063 -18.952126 0.100000
v 10.107801 -18.952126 0.100000
v 10.739538 -18.952126 0.100000
v 11.371276 -18.952126 0.100000
v 12.003013 -18.952126 0.100000
v 12.634751 -18.952126 0.100000
v 13.266489 -18.952126 0.100000
v 13.898226 -18.952126 0.100000
v 14.529964 -18.952126 0.100000
v 15.161701 -18.952126 0.100000
v 15.793439 -18.952126 0.100000
v 16.425176 -18.952126 0.100000
v 17.056914 -18.952126 0.100000
v 17.688651 -18.952126 0.100000
v 18.320389 -18.952126 0.100000
v 18.952126 -18.952126 0.100000
v 19.583864 -18.952126 0.100000
v 20.215602 -18.952126 0.100000
v 20.847339 -18.952126 0.100000
v 21.479077 -18.952126 0.100000
v 22.110814 -18.952126 0.100000
v 22.742552 -18.952126 0.100000
v 23.374289 -18.952126 0.100000
v 24.006027 -18.952126 0.100000
v 24.637764 -18.952126 0.100000
v 25.269502 -18.952126 0.100000
v -25.269502 -18.320389 0.100000
v -24.637764 -18.320389 0.100000
v -24.006027 -18.320389 0.100000
v -23.374289 -18.320389 0.100000
v -22.742552 -18.320389 0.100000
v -22.110814 -18.320389 0.100000
v -21.479077 -18.320389 0.100000
v -20.847339 -18.320389 0.100000
v -20.215602 -18.320389 0.100000
v -19.583864 -18.320389 0.100000
v -18.952126 -18.320389 0.100000
v -18.320389 -18.320389 0.100000
v -17.688651 -18.320389 0.100000
v -17.056914 -18.320389 0.100000
v -16.425176 -18.320389 0.100000
v -15.793439 -18.320389 0.100000
v -15.161701 -18.320389 0.100000
v -14.529964 -18.320389 0.100000
v -13.898226 -18.320389 0.100000
v -13.266489 -18.320389 0.100000
v -12.634751 -18.320389 0.100000
v -12.003013 -18.320389 0.100000
v -11.371276 -18.320389 0.100000
v -10.739538 -18.320389 0.100000
v -10.107801 -18.320389 0.100000
v -9.476063 -18.320389 0.100000
v -8.844326 -18.320389 0.100000
v -8.212588 -18.320389 0.100000
v -7.580851 -18.320389 0.100000
v -6.949113 -18.320389 0.100000
v -6.317375 -18.320389 0.100000
v -5.685638 -18.320389 0.100000
v -5.053900 -18.320389 0.100000
v -4.422163 -18.320389 0.100000
v -3.790425 -18.320389 0.100000
v -3.158688 -18.320389 0.100000
v -2.526950 -18.320389 0.100000
v -1.895213 -18.320389 0.100000
v -1.263475 -18.320389 0.100000
v -0.631738 -18.320389 0.100000
v 0.000000 -18.320389 0.100000
v 0.631738 -18.320389 0.100000
v 1.263475 -18.320389 0.100000
v 1.895213 -18.320389 0.100000
v 2.526950 -18.320389 0.100000
v 3.158688 -18.320389 0.100000
v 3.790425 -18.320389 0.100000
v 4.422163 -18.320389 0.100000
v 5.053900 -18.320389 0.100000
v 5.685638 -18.320389 0.100000
v 6.317375 -18.320389 0.100000
v 6.949113 -18.320389 0.100000
v 7.580851 -18.320389 0.100000
v 8.212588 -18.320389 0.100000
v 8.844326 -18.320389 0.100000
v 9.476063 -18.320389 0.100000
v 10.107801 -18.320389 0.100000
v 10.739538 -18.320389 0.100000
v 11.371276 -18.320389 0.100000
v 12.003013 -18.320389 0.100000
v 12.634751 -18.320389 0.100000
v 13.266489 -18.320389 0.100000
v 13.898226 -18.320389 0.100000
v 14.529964 -18.320389 0.100000
v 15.161701 -18.320389 0.100000
v 15.793439 -18.320389 0.100000
v 16.425176 -18.320389 0.100000
v 17.056914 -18.320389 0.100000
v 17.688651 -18.320389 0.100000
v 18.320389 -18.320389 0.100000
v 18.952126 -18.320389 0.100000
v 19.583864 -18.320389 0.100000
v 20.215602 -18.320389 0.100000
v 20.847339 -18.320389 0.100000
v 21.479077 -18.320389 0.100000
v 22.110814 -18.320389 0.100000
v 22.742552 -18.320389 0.100000
v 23.374289 -18.320389 0.100000
v 24.006027 -18.320389 0.100000
v 24.637764 -18.320389 0.100000
v 25.269502 -18.320389 0.100000
v -25.269502 -17.688651 0.100000
v -24.637764 -17.688651 0.100000
v -24.006027 -17.688651 0.100000
v -23.374289 -17.688651 0.100000
v -22.742552 -17.688651 0.100000
v -22.110814 -17.688651 0.100000
v -21.479077 -17.688651 0.100000
v -20.847339 -17.688651 0.100000
v -20.215602 -17.688651 0.100000
v -19.583864 -17.688651 0.100000
v -18.952126 -17.688651 0.100000
v -18.320389 -17.688651 0.100000
v -17.688651 -17.688651 0.100000
v -17.056914 -17.688651 0.100000
v -16.425176 -17.688651 0.100000
v -15.793439 -17.688651 0.100000
v -15.161701 -17.688651 0.100000
v -14.529964 -17.688651 0.100000
v -13.898226 -17.688651 0.100000
v -13.266489 -17.688651 0.100000
v -12.634751 -17.688651 0.100000
v -12.003013 -17.688651 0.100000
v -11.371276 -17.688651 0.100000
v -10.739538 -17.688651 0.100000
v -10.107801 -17.688651 0.100000
v -9.476063 -17.688651 0.100000
v -8.844326 -17.688651 0.100000
v -8.212588 -17.688651 0.100000
v -7.580851 -17.688651 0.100000
v -6.949113 -17.688651 0.100000
v -6.317375 -17.688651 0.100000
v -5.685638 -17.688651 0.100000
v -5.053900 -17.688651 0.100000
v -4.422163 -17.688651 0.100000
v -3.790425 -17.688651 0.100000
v -3.158688 -17.688651 0.100000
v -2.526950 -17.688651 0.100000
v -1.895213 -17.688651 0.100000
v -1.263475 -17.688651 0.100000
v -0.631738 -17.688651 0.100000
v 0.000000 -17.688651 0.100000
v 0.631738 -17.688651 0.100000
v 1.263475 -17.688651 0.100000
v 1.895213 -17.688651 0.100000
v 2.526950 -17.688651 0.100000
v 3.158688 -17.688651 0.100000
v 3.790425 -17.688651 0.100000
v 4.422163 -17.688651 0.100000
v 5.053900 -17.688651 0.100000
v 5.685638 -17.688651 0.100000
v 6.317375 -17.688651 0.100000
v 6.949113 -17.688651 0.100000
v 7.580851 -17.688651 0.100000
v 8.212588 -17.688651 0.100000
v 8.844326 -17.688651 0.100000
v 9.476063 -17.688651 0.100000
v 10.107801 -17.688651 0.100000
v 10.739538 -17.688651 0.100000
v 11.371276 -17.688651 0.100000
v 12.003013 -17.688651 0.100000
v 12.634751 -17.688651 0.100000
v 13.266489 -17.688651 0.100000
v 13.898226 -17.688651 0.100000
v 14.529964 -17.688651 0.100000
v 15.161701 -17.688651 0.100000
v 15.793439 -17.688651 0.100000
v 16.425176 -17.688651 0.100000
v 17.056914 -17.688651 0.100000
v 17.688651 -17.688651 0.100000
v 18.320389 -17.688651 0.100000
v 18.952126 -17.688651 0.100000
v 19.583864 -17.688651 0.100000
v 20.215602 -17.688651 0.100000
v 20.847339 -17.688651 0.100000
v 21.479077 -17.688651 0.100000
v 22.110814 -17.688651 0.100000
v 22.742552 -17.688651 0.100000
v 23.374289 -17.688651 0.100000
v 24.006027 -17.688651 0.100000
v 24.637764 -17.688651 0.100000
v 25.269502 -17.688651 0.100000
v -25.269502 -17.056914 0.100000
v -24.637764 -17.056914 0.100000
v -24.006027 -17.056914 0.100000
v -23.374289 -17.056914 0.100000
v -22.742552 -17.056914 0.100000
v -22.110814 -17.056914 0.100000
v -21.479077 -17.056914 0.100000
v -20.847339 -17.056914 0.100000
v -20.215602 -17.056914 0.100000
v -19.583864 -17.056914 0.100000
v -18.952126 -17.056914 0.100000
v -18.320389 -17.056914 0.100000
v -17.688651 -17.056914 0.100000
v -17.056914 -17.056914 0.100000
v -16.425176 -17.056914 0.100000
v -15.793439 -17.056914 0.100000
v -15.161701 -17.056914 0.100000
v -14.529964 -17.056914 0.100000
v -13.898226 -17.056914 0.100000
v -13.266489 -17.056914 0.100000
v -12.634751 -17.056914 0.100000
v -12.003013 -17.056914 0.100000
v -11.371276 -17.056914 0.100000
v -10.739538 -17.056914 0.100000
v -10.107801 -17.056914 0.100000
v -9.476063 -17.056914 0.100000
v -8.844326 -17.056914 0.100000
v -8.212588 -17.056914 0.100000
v -7.580851 -17.056914 0.100000
v -6.949113 -17.056914 0.100000
v -6.317375 -17.056914 0.100000
v -5.685638 -17.056914 0.100000
v -5.053900 -17.056914 0.100000
v -4.422163 -17.056914 0.100000
v -3.790425 -17.056914 0.100000
v -3.158688 -17.056914 0.100000
v -2.526950 -17.056914 0.100000
v -1.895213 -17.056914 0.100000
v -1.263475 -17.056914 0.100000
v -0.631738 -17.056914 0.100000
v 0.000000 -17.056914 0.100000
v 0.631738 -17.056914 0.100000
v 1.263475 -17.056914 0.100000
v 1.895213 -17.056914 0.100000
v 2.526950 -17.056914 0.100000
v 3.158688 -17.056914 0.100000
v 3.790425 -17.056914 0.100000
v 4.422163 -17.056914 0.100000
v 5.053900 -17.056914 0.100000
v 5.685638 -17.056914 0.100000
v 6.317375 -17.056914 0.100000
v 6.949113 -17.056914 0.100000
v 7.580851 -17.056914 0.100000
v 8.212588 -17.056914 0.100000
v 8.844326 -17.056914 0.100000
v 9.476063 -17.056914 0.100000
v 10.107801 -17.056914 0.100000
v 10.739538 -17.056914 0.100000
v 11.371276 -17.056914 0.100000
v 12.003013 -17.056914 0.100000
v 12.634751 -17.056914 0.100000
v 13.266489 -17.056914 0.100000
v 13.898226 -17.056914 0.100000
v 14.529964 -17.056914 0.100000
v 15.161701 -17.056914 0.100000
v 15.793439 -17.056914 0.100000
v 16.425176 -17.056914 0.100000
v 17.056914 -17.056914 0.100000
v 17.688651 -17.056914 0.100000
v 18.320389 -17.056914 0.100000
v 18.952126 -17.056914 0.100000
v 19.583864 -17.056914 0.100000
v 20.215602 -17.056914 0.100000
v 20.847339 -17.056914 0.100000
v 21.479077 -17.056914 0.100000
v 22.110814 -17.056914 0.100000
v 22.742552 -17.056914 0.100000
v 23.374289 -17.056914 0.100000
v 24.006027 -17.056914 0.100000
v 24.637764 -17.056914 0.100000
v 25.269502 -17.056914 0.100000
v -25.269502 -16.425176 0.100000
v -24.637764 -16.425176 0.100000
v -24.006027 -16.425176 0.100000
v -23.374289 -16.425176 0.100000
v -22.742552 -16.425176 0.100000
v -22.110814 -16.425176 0.100000
v -21.479077 -16.425176 0.100000
v -20.847339 -16.425176 0.100000
v -20.215602 -16.425176 0.100000
v -19.583864 -16.425176 0.100000
v -18.952126 -16.425176 0.100000
v -18.320389 -16.425176 0.100000
v -17.688651 -16.425176 0.100000
v -17.056914 -16.425176 0.100000
v -16.425176 -16.425176 0.100000
v -15.793439 -16.425176 0.100000
v -15.161701 -16.425176 0.100000
v -14.529964 -16.425176 0.100000
v -13.898226 -16.425176 0.100000
v -13.266489 -16.425176 0.100000
v -12.634751 -16.425176 0.100000
v -12.003013 -16.425176 0.100000
v -11.371276 -16.425176 0.100000
v -10.739538 -16.425176 0.100000
v -10.107801 -16.425176 0.100000
v -9.476063 -16.425176 0.100000
v -8.844326 -16.425176 0.100000
v -8.212588 -16.425176 0.100000
v -7.580851 -16.425176 0.100000
v -6.949113 -16.425176 0.100000
v -6.317375 -16.425176 0.100000
v -5.685638 -16.425176 0.100000
v -5.053900 -16.425176 0.100000
v -4.422163 -16.425176 0.100000
v -3.790425 -16.425176 0.100000
v -3.158688 -16.425176 0.100000
v -2.526950 -16.425176 0.100000
v -1.895213 -16.425176 0.100000
v -1.263475 -16.425176 0.100000
v -0.631738 -16.425176 0.100000
v 0.000000 -16.425176 0.100000
v 0.631738 -16.425176 0.100000
v 1.263475 -16.425176 0.100000
v 1.895213 -16.425176 0.100000
v 2.526950 -16.425176 0.100000
v 3.158688 -16.425176 0.100000
v 3.790425 -16.425176 0.100000
v 4.422163 -16.425176 0.100000
v 5.053900 -16.425176 0.100000
v 5.685638 -16.425176 0.100000
v 6.317375 -16.425176 0.100000
v 6.949113 -16.425176 0.100000
v 7.580851 -16.425176 0.100000
v 8.212588 -16.425176 0.100000
v 8.844326 -16.425176 0.100000
v 9.476063 -16.425176 0.100000
v 10.107801 -16.425176 0.100000
v 10.739538 -16.425176 0.100000
v 11.371276 -16.425176 0.100000
v 12.003013 -16.425176 0.100000
v 12.634751 -16.425176 0.100000
v 13.266489 -16.425176 0.100000
v 13.898226 -16.425176 0.100000
v 14.529964 -16.425176 0.100000
v 15.161701 -16.425176 0.100000
v 15.793439 -16.425176 0.100000
v 16.425176 -16.425176 0.100000
v 17.056914 -16.425176 0.100000
v 17.688651 -16.425176 0.100000
v 18.320389 -16.425176 0.100000
v 18.952126 -16.425176 0.100000
v 19.583864 -16.425176 0.100000
v 20.215602 -16.425176 0.100000
v 20.847339 -16.425176 0.100000
v 21.479077 -16.425176 0.100000
v 22.110814 -16.425176 0.100000
v 22.742552 -16.425176 0.100000
v 23.374289 -16.425176 0.100000
v 24.006027 -16.425176 0.100000
v 24.637764 -16.425176 0.100000
v 25.269502 -16.425176 0.100000
v -25.269502 -15.793439 0.100000
v -24.637764 -15.793439 0.100000
v -24.006027 -15.793439 0.100000
v -23.374289 -15.793439 0.100000
v -22.742552 -15.793439 0.100000
v -22.110814 -15.793439 0.100000
v -21.479077 -15.793439 0.100000
v -20.847339 -15.793439 0.100000
v -20.215602 -15.793439 0.100000
v -19.583864 -15.793439 0.100000
v -18.952126 -15.793439 0.100000
v -18.320389 -15.793439 0.100000
v -17.688651 -15.793439 0.100000
v -17.056914 -15.793439 0.100000
v -16.425176 -15.793439 0.100000
v -15.793439 -15.793439 0.100000
v -15.161701 -15.793439 0.100000
v -14.529964 -15.793439 0.100000
v -13.898226 -15.793439 0.100000
v -13.266489 -15.793439 0.100000
v -12.634751 -15.793439 0.100000
v -12.003013 -15.793439 0.100000
v -11.371276 -15.793439 0.100000
v -10.739538 -15.793439 0.100000
v -10.107801 -15.793439 0.100000
v -9.476063 -15.793439 0.100000
v -8.844326 -15.793439 0.100000
v -8.212588 -15.793439 0.100000
v -7.580851 -15.793439 0.100000
v -6.949113 -15.793439 0.100000
v -6.317375 -15.793439 0.100000
v -5.685638 -15.793439 0.100000
v -5.053900 -15.793439 0.100000
v -4.422163 -15.793439 0.100000
v -3.790425 -15.793439 0.100000
v -3.158688 -15.793439 0.100000
v -2.526950 -15.793439 0.100000
v -1.895213 -15.793439 0.100000
v -1.263475 -15.793439 0.100000
v -0.631738 -15.793439 0.100000
v 0.000000 -15.793439 0.100000
v 0.631738 -15.793439 0.100000
v 1.263475 -15.793439 0.100000
v 1.895213 -15.793439 0.100000
v 2.526950 -15.793439 0.100000
v 3.158688 -15.793439 0.100000
v 3.790425 -15.793439 0.100000
v 4.422163 -15.793439 0.100000
v 5.053900 -15.793439 0.100000
v 5.685638 -15.793439 0.100000
v 6.317375 -15.793439 0.100000
v 6.949113 -15.793439 0.100000
v 7.580851 -15.793439 0.100000
v 8.212588 -15.793439 0.100000
v 8.844326 -15.793439 0.100000
v 9.476063 -15.793439 0.100000
v 10.107801 -15.793439 0.100000
v 10.739538 -15.793439 0.100000
v 11.371276 -15.793439 0.100000
v 12.003013 -15.793439 0.100000
v 12.634751 -15.793439 0.100000
v 13.266489 -15.793439 0.100000
v 13.898226 -15.793439 0.100000
v 14.529964 -15.793439 0.100000
v 15.161701 -15.793439 0.100000
v 15.793439 -15.793439 0.100000
v 16.425176 -15.793439 0.100000
v 17.056914 -15.793439 0.100000
v 17.688651 -15.793439 0.100000
v 18.320389 -15.793439 0.100000
v 18.952126 -15.793439 0.100000
v 19.583864 -15.793439 0.100000
v 20.215602 -15.793439 0.100000
v 20.847339 -15.793439 0.100000
v 21.479077 -15.793439 0.100000
v 22.110814 -15.793439 0.100000
v 22.742552 -15.793439 0.100000
v 23.374289 -15.793439 0.100000
v 24.006027 -15.793439 0.100000
v 24.637764 -15.793439 0.100000
v 25.269502 -15.793439 0.100000
v -25.269502 -15.161701 0.100000
v -24.637764 -15.161701 0.100000
v -24.006027 -15.161701 0.100000
v -23.374289 -15.161701 0.100000
v -22.742552 -15.161701 0.100000
v -22.110814 -15.161701 0.100000
v -21.479077 -15.161701 0.100000
v -20.847339 -15.161701 0.100000
v -20.215602 -15.161701 0.100000
v -19.583864 -15.161701 0.100000
v -18.952126 -15.161701 0.100000
v -18.320389 -15.161701 0.100000
v -17.688651 -15.161701 0.100000
v -17.056914 -15.161701 0.100000
v -16.425176 -15.161701 0.100000
v -15.793439 -15.161701 0.100000
v -15.161701 -15.161701 0.100000
v -14.529964 -15.161701 0.100000
v -13.898226 -15.161701 0.100000
v -13.266489 -15.161701 0.100000
v -12.634751 -15.161701 0.100000
v -12.003013 -15.161701 0.100000
v -11.371276 -15.161701 0.100000
v -10.739538 -15.161701 0.100000
v -10.107801 -15.161701 0.100000
v -9.476063 -15.161701 0.100000
v -8.844326 -15.161701 0.100000
v -8.212588 -15.161701 0.100000
v -7.580851 -15.161701 0.100000
v -6.949113 -15.161701 0.100000
v -6.317375 -15.161701 0.100000
v -5.685638 -15.161701 0.100000
v -5.053900 -15.161701 0.100000
v -4.422163 -15.161701 0.100000
v -3.790425 -15.161701 0.100000
v -3.158688 -15.161701 0.100000
v -2.526950 -15.161701 0.100000
v -1.895213 -15.161701 0.100000
v -1.263475 -15.161701 0.100000
v -0.631738 -15.161701 0.100000
v 0.000000 -15.161701 0.100000
v 0.631738 -15.161701 0.100000
v 1.263475 -15.161701 0.100000
v 1.895213 -15.161701 0.100000
v 2.526950 -15.161701 0.100000
v 3.158688 -15.161701 0.100000
v 3.790425 -15.161701 0.100000
v 4.422163 -15.161701 0.100000
v 5.053900 -15.161701 0.100000
v 5.685638 -15.161701 0.100000
v 6.317375 -15.161701 0.100000
v 6.949113 -15.161701 0.100000
v 7.580851 -15.161701 0.100000
v 8.212588 -15.161701 0.100000
v 8.844326 -15.161701 0.100000
v 9.476063 -15.161701 0.100000
v 10.107801 -15.161701 0.100000
v 10.739538 -15.161701 0.100000
v 11.371276 -15.161701 0.100000
v 12.003013 -15.161701 0.100000
v 12.634751 -15.161701 0.100000
v 13.266489 -15.161701 0.100000
v 13.898226 -15.161701 0.100000
v 14.529964 -15.161701 0.100000
v 15.161701 -15.161701 0.100000
v 15.793439 -15.161701 0.100000
v 16.425176 -15.161701 0.100000
v 17.056914 -15.161701 0.100000
v 17.688651 -15.161701 0.100000
v 18.320389 -15.161701 0.100000
v 18.952126 -15.161701 0.100000
v 19.583864 -15.161701 0.100000
v 20.215602 -15.161701 0.100000
v 20.847339 -15.161701 0.100000
v 21.479077 -15.161701 0.100000
v 22.110814 -15.161701 0.100000
v 22.742552 -15.161701 0.100000
v 23.374289 -15.161701 0.100000
v 24.006027 -15.161701 0.100000
v 24.637764 -15.161701 0.100000
v 25.269502 -15.161701 0.100000
v -25.269502 -14.529964 0.100000
v -24.637764 -14.529964 0.100000
v -24.006027 -14.529964 0.100000
v -23.374289 -14.529964 0.100000
v -22.742552 -14.529964 0.100000
v -22.110814 -14.529964 0.100000
v -21.479077 -14.529964 0.100000
v -20.847339 -14.529964 0.100000
v -20.215602 -14.529964 0.100000
v -19.583864 -14.529964 0.100000
v -18.952126 -14.529964 0.100000
v -18.320389 -14.529964 0.100000
v -17.688651 -14.529964 0.100000
v -17.056914 -14.529964 0.100000
v -16.425176 -14.529964 0.100000
v -15.793439 -14.529964 0.100000
v -15.161701 -14.529964 0.100000
v -14.529964 -14.529964 0.100000
v -13.898226 -14.529964 0.100000
v -13.266489 -14.529964 0.100000
v -12.634751 -14.529964 0.100000
v -12.003013 -14.529964 0.100000
v -11.371276 -14.529964 0.100000
v -10.739538 -14.529964 0.100000
v -10.107801 -14.529964 0.100000
v -9.476063 -14.529964 0.100000
v -8.844326 -14.529964 0.100000
v -8.212588 -14.529964 0.100000
v -7.580851 -14.529964 0.100000
v -6.949113 -14.529964 0.100000
v -6.317375 -14.529964 0.100000
v -5.685638 -14.529964 0.100000
v -5.053900 -14.529964 0.100000
v -4.422163 -14.529964 0.100000
v -3.790425 -14.529964 0.100000
v -3.158688 -14.529964 0.100000
v -2.526950 -14.529964 0.100000
v -1.895213 -14.529964 0.100000
v -1.263475 -14.529964 0.100000
v -0.631738 -14.529964 0.100000
v 0.000000 -14.529964 0.100000
v 0.631738 -14.529964 0.100000
v 1.263475 -14.529964 0.100000
v 1.895213 -14.529964 0.100000
v 2.526950 -14.529964 0.100000
v 3.158688 -14.529964 0.100000
v 3.790425 -14.529964 0.100000
v 4.422163 -14.529964 0.100000
v 5.053900 -14.529964 0.100000
v 5.685638 -14.529964 0.100000
v 6.317375 -14.529964 0.100000
v 6.949113 -14.529964 0.100000
v 7.580851 -14.529964 0.100000
v 8.212588 -14.529964 0.100000
v 8.844326 -14.529964 0.100000
v 9.476063 -14.529964 0.100000
v 10.107801 -14.529964 0.100000
v 10.739538 -14.529964 0.100000
v 11.371276 -14.529964 0.100000
v 12.003013 -14.529964 0.100000
v 12.634751 -14.529964 0.100000
v 13.266489 -14.529964 0.100000
v 13.898226 -14.529964 0.100000
v 14.529964 -14.529964 0.100000
v 15.161701 -14.529964 0.100000
v 15.793439 -14.529964 0.100000
v 16.425176 -14.529964 0.100000
v 17.056914 -14.529964 0.100000
v 17.688651 -14.529964 0.100000
v 18.320389 -14.529964 0.100000
v 18.952126 -14.529964 0.100000
v 19.583864 -14.529964 0.100000
v 20.215602 -14.529964 0.100000
v 20.847339 -14.529964 0.100000
v 21.479077 -14.529964 0.100000
v 22.110814 -14.529964 0.100000
v 22.742552 -14.529964 0.100000
v 23.374289 -14.529964 0.100000
v 24.006027 -14.529964 0.100000
v 24.637764 -14.529964 0.100000
v 25.269502 -14.529964 0.100000
v -25.269502 -13.898226 0.100000
v -24.637764 -13.898226 0.100000
v -24.006027 -13.898226 0.100000
v -23.374289 -13.898226 0.100000
v -22.742552 -13.898226 0.100000
v -22.110814 -13.898226 0.100000
v -21.479077 -13.898226 0.100000
v -20.847339 -13.898226 0.100000
v -20.215602 -13.898226 0.100000
v -19.583864 -13.898226 0.100000
v -18.952126 -13.898226 0.100000
v -18.320389 -13.898226 0.100000
v -17.688651 -13.898226 0.100000
v -17.056914 -13.898226 0.100000
v -16.425176 -13.898226 0.100000
v -15.793439 -13.898226 0.100000
v -15.161701 -13.898226 0.100000
v -14.529964 -13.898226 0.100000
v -13.898226 -13.898226 0.100000
v -13.266489 -13.898226 0.100000
v -12.634751 -13.898226 0.100000
v -12.003013 -13.898226 0.100000
v -11.371276 -13.898226 0.100000
v -10.739538 -13.898226 0.100000
v -10.107801 -13.898226 0.100000
v -9.476063 -13.898226 0.100000
v -8.844326 -13.898226 0.100000
v -8.212588 -13.898226 0.100000
v -7.580851 -13.898226 0.100000
v -6.949113 -13.898226 0.100000
v -6.317375 -13.898226 0.100000
v -5.685638 -13.898226 0.100000
v -5.053900 -13.898226 0.100000
v -4.422163 -13.898226 0.100000
v -3.790425 -13.898226 0.100000
v -3.158688 -13.898226 0.100000
v -2.526950 -13.898226 0.100000
v -1.895213 -13.898226 0.100000
v -1.263475 -13.898226 0.100000
v -0.631738 -13.898226 0.100000
v 0.000000 -13.898226 0.100000
v 0.631738 -13.898226 0.100000
v 1.263475 -13.898226 0.100000
v 1.895213 -13.898226 0.100000
v 2.526950 -13.898226 0.100000
v 3.158688 -13.898226 0.100000
v 3.790425 -13.898226 0.100000
v 4.422163 -13.898226 0.100000
v 5.053900 -13.898226 0.100000
v 5.685638 -13.898226 0.100000
v 6.317375 -13.898226 0.100000
v 6.949113 -13.898226 0.100000
v 7.580851 -13.898226 0.100000
v 8.212588 -13.898226 0.100000
v 8.844326 -13.898226 0.100000
v 9.476063 -13.898226 0.100000
v 10.107801 -13.898226 0.100000
v 10.739538 -13.898226 0.100000
v 11.371276 -13.898226 0.100000
v 12.003013 -13.898226 0.100000
v 12.634751 -13.898226 0.100000
v 13.266489 -13.898226 0.100000
v 13.898226 -13.898226 0.100000
v 14.529964 -13.898226 0.100000
v 15.161701 -13.898226 0.100000
v 15.793439 -13.898226 0.100000
v 16.425176 -13.898226 0.100000
v 17.056914 -13.898226 0.100000
v 17.688651 -13.898226 0.100000
v 18.320389 -13.898226 0.100000
v 18.952126 -13.898226 0.100000
v 19.583864 -13.898226 0.100000
v 20.215602 -13.898226 0.100000
v 20.847339 -13.898226 0.100000
v 21.479077 -13.898226 0.100000
v 22.110814 -13.898226 0.100000
v 22.742552 -13.898226 0.100000
v 23.374289 -13.898226 0.100000
v 24.006027 -13.898226 0.100000
v 24.637764 -13.898226 0.100000
v 25.269502 -13.898226 0.100000
v -25.269502 -13.266489 0.100000
v -24.637764 -13.266489 0.100000
v -24.006027 -13.266489 0.100000
v -23.374289 -13.266489 0.100000
v -22.742552 -13.266489 0.100000
v -22.110814 -13.266489 0.100000
v -21.479077 -13.266489 0.100000
v -20.847339 -13.266489 0.100000
v -20.215602 -13.266489 0.100000
v -19.583864 -13.266489 0.100000
v -18.952126 -13.266489 0.100000
v -18.320389 -13.266489 0.100000
v -17.688651 -13.266489 0.100000
v -17.056914 -13.266489 0.100000
v -16.425176 -13.266489 0.100000
v -15.793439 -13.266489 0.100000
v -15.161701 -13.266489 0.100000
v -14.529964 -13.266489 0.100000
v -13.898226 -13.266489 0.100000
v -13.266489 -13.266489 0.100000
v -12.634751 -13.266489 0.100000
v -12.003013 -13.266489 0.100000
v -11.371276 -13.266489 0.100000
v -10.739538 -13.266489 0.100000
v -10.107801 -13.266489 0.100000
v -9.476063 -13.266489 0.100000
v -8.844326 -13.266489 0.100000
v -8.212588 -13.266489 0.100000
v -7.580851 -13.266489 0.100000
v -6.949113 -13.266489 0.100000
v -6.317375 -13.266489 0.100000
v -5.685638 -13.266489 0.100000
v -5.053900 -13.266489 0.100000
v -4.422163 -13.266489 0.100000
v -3.790425 -13.266489 0.100000
v -3.158688 -13.266489 0.100000
v -2.526950 -13.266489 0.100000
v -1.895213 -13.266489 0.100000
v -1.263475 -13.266489 0.100000
v -0.631738 -13.266489 0.100000
v 0.000000 -13.266489 0.100000
v 0.631738 -13.266489 0.100000
v 1.263475 -13.266489 0.100000
v 1.895213 -13.266489 0.100000
v 2.526950 -13.266489 0.100000
v 3.158688 -13.266489 0.100000
v 3.790425 -13.266489 0.100000
v 4.422163 -13.266489 0.100000
v 5.053900 -13.266489 0.100000
v 5.685638 -13.266489 0.100000
v 6.317375 -13.266489 0.100000
v 6.949113 -13.266489 0.100000
v 7.580851 -13.266489 0.100000
v 8.212588 -13.266489 0.100000
v 8.844326 -13.266489 0.100000
v 9.476063 -13.266489 0.100000
v 10.107801 -13.266489 0.100000
v 10.739538 -13.266489 0.100000
v 11.371276 -13.266489 0.100000
v 12.003013 -13.266489 0.100000
v 12.634751 -13.266489 0.100000
v 13.266489 -13.266489 0.100000
v 13.898226 -13.266489 0.100000
v 14.529964 -13.266489 0.100000
v 15.161701 -13.266489 0.100000
v 15.793439 -13.266489 0.100000
v 16.425176 -13.266489 0.100000
v 17.056914 -13.266489 0.100000
v 17.688651 -13.266489 0.100000
v 18.320389 -13.266489 0.100000
v 18.952126 -13.266489 0.100000
v 19.583864 -13.266489 0.100000
v 20.215602 -13.266489 0.100000
v 20.847339 -13.266489 0.100000
v 21.479077 -13.266489 0.100000
v 22.110814 -13.266489 0.100000
v 22.742552 -13.266489 0.100000
v 23.374289 -13.266489 0.100000
v 24.006027 -13.266489 0.100000
v 24.637764 -13.266489 0.100000
v 25.269502 -13.266489 0.100000
v -25.269502 -12.634751 0.100000
v -24.637764 -12.634751 0.100000
v -24.006027 -12.634751 0.100000
v -23.374289 -12.634751 0.100000
v -22.742552 -12.634751 0.100000
v -22.110814 -12.634751 0.100000
v -21.479077 -12.634751 0.100000
v -20.847339 -12.634751 0.100000
v -20.215602 -12.634751 0.100000
v -19.583864 -12.634751 0.100000
v -18.952126 -12.634751 0.100000
v -18.320389 -12.634751 0.100000
v -17.688651 -12.634751 0.100000
v -17.056914 -12.634751 0.100000
v -16.425176 -12.634751 0.100000
v -15.793439 -12.634751 0.100000
v -15.161701 -12.634751 0.100000
v -14.529964 -12.634751 0.100000
v -13.898226 -12.634751 0.100000
v -13.266489 -12.634751 0.100000
v -12.634751 -12.634751 0.100000
v -12.003013 -12.634751 0.100000
v -11.371276 -12.634751 0.100000
v -10.739538 -12.634751 0.100000
v -10.107801 -12.634751 0.100000
v -9.476063 -12.634751 0.100000
v -8.844326 -12.634751 0.100000
v -8.212588 -12.634751 0.100000
v -7.580851 -12.634751 0.100000
v -6.949113 -12.634751 0.100000
v -6.317375 -12.634751 0.100000
v -5.685638 -12.634751 0.100000
v -5.053900 -12.634751 0.100000
v -4.422163 -12.634751 0.100000
v -3.790425 -12.634751 0.100000
v -3.158688 -12.634751 0.100000
v -2.526950 -12.634751 0.100000
v -1.895213 -12.634751 0.100000
v -1.263475 -12.634751 0.100000
v -0.631738 -12.634751 0.100000
v 0.000000 -12.634751 0.100000
v 0.631738 -12.634751 0.100000
v 1.263475 -12.634751 0.100000
v 1.895213 -12.634751 0.100000
v 2.526950 -12.634751 0.100000
v 3.158688 -12.634751 0.100000
v 3.790425 -12.634751 0.100000
v 4.422163 -12.634751 0.100000
v 5.053900 -12.634751 0.100000
v 5.685638 -12.634751 0.100000
v 6.317375 -12.634751 0.100000
v 6.949113 -12.634751 0.100000
v 7.580851 -12.634751 0.100000
v 8.212588 -12.634751 0.100000
v 8.844326 -12.634751 0.100000
v 9.476063 -12.634751 0.100000
v 10.107801 -12.634751 0.100000
v 10.739538 -12.634751 0.100000
v 11.371276 -12.634751 0.100000
v 12.003013 -12.634751 0.100000
v 12.634751 -12.634751 0.100000
v 13.266489 -12.634751 0.100000
v 13.898226 -12.634751 0.100000
v 14.529964 -12.634751 0.100000
v 15.161701 -12.634751 0.100000
v 15.793439 -12.634751 0.100000
v 16.425176 -12.634751 0.100000
v 17.056914 -12.634751 0.100000
v 17.688651 -12.634751 0.100000
v 18.320389 -12.634751 0.100000
v 18.952126 -12.634751 0.100000
v 19.583864 -12.634751 0.100000
v 20.215602 -12.634751 0.100000
v 20.847339 -12.634751 0.100000
v 21.479077 -12.634751 0.100000
v 22.110814 -12.634751 0.100000
v 22.742552 -12.634751 0.100000
v 23.374289 -12.634751 0.100000
v 24.006027 -12.634751 0.100000
v 24.637764 -12.634751 0.100000
v 25.269502 -12.634751 0.100000
v -25.269502 -12.003013 0.100000
v -24.637764 -12.003013 0.100000
v -24.006027 -12.003013 0.100000
v -23.374289 -12.003013 0.100000
v -22.742552 -12.003013 0.100000
v -22.110814 -12.003013 0.100000
v -21.479077 -12.003013 0.100000
v -20.847339 -12.003013 0.100000
v -20.215602 -12.003013 0.100000
v -19.583864 -12.003013 0.100000
v -18.952126 -12.003013 0.100000
v -18.320389 -12.003013 0.100000
v -17.688651 -12.003013 0.100000
v -17.056914 -12.003013 0.100000
v -16.425176 -12.003013 0.100000
v -15.793439 -12.003013 0.100000
v -15.161701 -12.003013 0.100000
v -14.529964 -12.003013 0.100000
v -13.898226 -12.003013 0.100000
v -13.266489 -12.003013 0.100000
v -12.634751 -12.003013 0.100000
v -12.003013 -12.003013 0.100000
v -11.371276 -12.003013 0.100000
v -10.739538 -12.003013 0.100000
v -10.107801 -12.003013 0.100000
v -9.476063 -12.003013 0.100000
v -8.844326 -12.003013 0.100000
v -8.212588 -12.003013 0.100000
v -7.580851 -12.003013 0.100000
v -6.949113 -12.003013 0.100000
v -6.317375 -12.003013 0.100000
v -5.685638 -12.003013 0.100000
v -5.053900 -12.003013 0.100000
v -4.422163 -12.003013 0.100000
v -3.790425 -12.003013 0.100000
v -3.158688 -12.003013 0.100000
v -2.526950 -12.003013 0.100000
v -1.895213 -12.003013 0.100000
v -1.263475 -12.003013 0.100000
v -0.631738 -12.003013 0.100000
v 0.000000 -12.003013 0.100000
v 0.631738 -12.003013 0.100000
v 1.263475 -12.003013 0.100000
v 1.895213 -12.003013 0.100000
v 2.526950 -12.003013 0.100000
v 3.158688 -12.003013 0.100000
v 3.790425 -12.003013 0.100000
v 4.422163 -12.003013 0.100000
v 5.053900 -12.003013 0.100000
v 5.685638 -12.003013 0.100000
v 6.317375 -12.003013 0.100000
v 6.949113 -12.003013 0.100000
v 7.580851 -12.003013 0.100000
v 8.212588 -12.003013 0.100000
v 8.844326 -12.003013 0.100000
v 9.476063 -12.003013 0.100000
v 10.107801 -12.003013 0.100000
v 10.739538 -12.003013 0.100000
v 11.371276 -12.003013 0.100000
v 12.003013 -12.003013 0.100000
v 12.634751 -12.003013 0.100000
v 13.266489 -12.003013 0.100000
v 13.898226 -12.003013 0.100000
v 14.529964 -12.003013 0.100000
v 15.161701 -12.003013 0.100000
v 15.793439 -12.003013 0.100000
v 16.425176 -12.003013 0.100000
v 17.056914 -12.003013 0.100000
v 17.688651 -12.003013 0.100000
v 18.320389 -12.003013 0.100000
v 18.952126 -12.003013 0.100000
v 19.583864 -12.003013 0.100000
v 20.215602 -12.003013 0.100000
v 20.847339 -12.003013 0.100000
v 21.479077 -12.003013 0.100000
v 22.110814 -12.003013 0.100000
v 22.742552 -12.003013 0.100000
v 23.374289 -12.003013 0.100000
v 24.006027 -12.003013 0.100000
v 24.637764 -12.003013 0.100000
v 25.269502 -12.003013 0.100000
v -25.269502 -11.371276 0.100000
v -24.637764 -11.371276 0.100000
v -24.006027 -11.371276 0.100000
v -23.374289 -11.371276 0.100000
v -22.742552 -11.371276 0.100000
v -22.110814 -11.371276 0.100000
v -21.479077 -11.371276 0.100000
v -20.847339 -11.371276 0.100000
v -20.215602 -11.371276 0.100000
v -19.583864 -11.371276 0.100000
v -18.952126 -11.371276 0.100000
v -18.320389 -11.371276 0.100000
v -17.688651 -11.371276 0.100000
v -17.056914 -11.371276 0.100000
v -16.425176 -11.371276 0.100000
v -15.793439 -11.371276 0.100000
v -15.161701 -11.371276 0.100000
v -14.529964 -11.371276 0.100000
v -13.898226 -11.371276 0.100000
v -13.266489 -11.371276 0.100000
v -12.634751 -11.371276 0.100000
v -12.003013 -11.371276 0.100000
v -11.371276 -11.371276 0.100000
v -10.739538 -11.371276 0.100000
v -10.107801 -11.371276 0.100000
v -9.476063 -11.371276 0.100000
v -8.844326 -11.371276 0.100000
v -8.212588 -11.371276 0.100000
v -7.580851 -11.371276 0.100000
v -6.949113 -11.371276 0.100000
v -6.317375 -11.371276 0.100000
v -5.685638 -11.371276 0.100000
v -5.053900 -11.371276 0.100000
v -4.422163 -11.371276 0.100000
v -3.790425 -11.371276 0.100000
v -3.158688 -11.371276 0.100000
v -2.526950 -11.371276 0.100000
v -1.895213 -11.371276 0.100000
v -1.263475 -11.371276 0.100000
v -0.631738 -11.371276 0.100000
v 0.000000 -11.371276 0.100000
v 0.631738 -11.371276 0.100000
v 1.263475 -11.371276 0.100000
v 1.895213 -11.371276 0.100000
v 2.526950 -11.371276 0.100000
v 3.158688 -11.371276 0.100000
v 3.790425 -11.371276 0.100000
v 4.422163 -11.371276 0.100000
v 5.053900 -11.371276 0.100000
v 5.685638 -11.371276 0.100000
v 6.317375 -11.371276 0.100000
v 6.949113 -11.371276 0.100000
v 7.580851 -11.371276 0.100000
v 8.212588 -11.371276 0.100000
v 8.844326 -11.371276 0.100000
v 9.476063 -11.371276 0.100000
v 10.107801 -11.371276 0.100000
v 10.739538 -11.371276 0.100000
v 11.371276 -11.371276 0.100000
v 12.003013 -11.371276 0.100000
v 12.634751 -11.371276 0.100000
v 13.266489 -11.371276 0.100000
v 13.898226 -11.371276 0.100000
v 14.529964 -11.371276 0.100000
v 15.161701 -11.371276 0.100000
v 15.793439 -11.371276 0.100000
v 16.425176 -11.371276 0.100000
v 17.056914 -11.371276 0.100000
v 17.688651 -11.371276 0.100000
v 18.320389 -11.371276 0.100000
v 18.952126 -11.371276 0.100000
v 19.583864 -11.371276 0.100000
v 20.215602 -11.371276 0.100000
v 20.847339 -11.371276 0.100000
v 21.479077 -11.371276 0.100000
v 22.110814 -11.371276 0.100000
v 22.742552 -11.371276 0.100000
v 23.374289 -11.371276 0.100000
v 24.006027 -11.371276 0.100000
v 24.637764 -11.371276 0.100000
v 25.269502 -11.371276 0.100000
v -25.269502 -10.739538 0.100000
v -24.637764 -10.739538 0.100000
v -24.006027 -10.739538 0.100000
v -23.374289 -10.739538 0.100000
v -22.742552 -10.739538 0.100000
v -22.110814 -10.739538 0.100000
v -21.479077 -10.739538 0.100000
v -20.847339 -10.739538 0.100000
v -20.215602 -10.739538 0.100000
v -19.583864 -10.739538 0.100000
v -18.952126 -10.739538 0.100000
v -18.320389 -10.739538 0.100000
v -17.688651 -10.739538 0.100000
v -17.056914 -10.739538 0.100000
v -16.425176 -10.739538 0.100000
v -15.793439 -10.739538 0.100000
v -15.161701 -10.739538 0.100000
v -14.529964 -10.739538 0.100000
v -13.898226 -10.739538 0.100000
v -13.266489 -10.739538 0.100000
v -12.634751 -10.739538 0.100000
v -12.003013 -10.739538 0.100000
v -11.371276 -10.739538 0.100000
v -10.739538 -10.739538 0.100000
v -10.107801 -10.739538 0.100000
v -9.476063 -10.739538 0.100000
v -8.844326 -10.739538 0.100000
v -8.212588 -10.739538 0.100000
v -7.580851 -10.739538 0.100000
v -6.949113 -10.739538 0.100000
v -6.317375 -10.739538 0.100000
v -5.685638 -10.739538 0.100000
v -5.053900 -10.739538 0.100000
v -4.422163 -10.739538 0.100000
v -3.790425 -10.739538 0.100000
v -3.158688 -10.739538 0.100000
v -2.526950 -10.739538 0.100000
v -1.895213 -10.739538 0.100000
v -1.263475 -10.739538 0.100000
v -0.631738 -10.739538 0.100000
v 0.000000 -10.739538 0.100000
v 0.631738 -10.739538 0.100000
v 1.263475 -10.739538 0.100000
v 1.895213 -10.739538 0.100000
v 2.526950 -10.739538 0.100000
v 3.158688 -10.739538 0.100000
v 3.790425 -10.739538 0.100000
v 4.422163 -10.739538 0.100000
v 5.053900 -10.739538 0.100000
v 5.685638 -10.739538 0.100000
v 6.317375 -10.739538 0.100000
v 6.949113 -10.739538 0.100000
v 7.580851 -10.739538 0.100000
v 8.212588 -10.739538 0.100000
v 8.844326 -10.739538 0.100000
v 9.476063 -10.739538 0.100000
v 10.107801 -10.739538 0.100000
v 10.739538 -10.739538 0.100000
v 11.371276 -10.739538 0.100000
v 12.003013 -10.739538 0.100000
v 12.634751 -10.739538 0.100000
v 13.266489 -10.739538 0.100000
v 13.898226 -10.739538 0.100000
v 14.529964 -10.739538 0.100000
v 15.161701 -10.739538 0.100000
v 15.793439 -10.739538 0.100000
v 16.425176 -10.739538 0.100000
v 17.056914 -10.739538 0.100000
v 17.688651 -10.739538 0.100000
v 18.320389 -10.739538 0.100000
v 18.952126 -10.739538 0.100000
v 19.583864 -10.739538 0.100000
v 20.215602 -10.739538 0.100000
v 20.847339 -10.739538 0.100000
v 21.479077 -10.739538 0.100000
v 22.110814 -10.739538 0.100000
v 22.742552 -10.739538 0.100000
v 23.374289 -10.739538 0.100000
v 24.006027 -10.739538 0.100000
v 24.637764 -10.739538 0.100000
v 25.269502 -10.739538 0.100000
v -25.269502 -10.107801 0.100000
v -24.637764 -10.107801 0.100000
v -24.006027 -10.107801 0.100000
v -23.374289 -10.107801 0.100000
v -22.742552 -10.107801 0.100000
v -22.110814 -10.107801 0.100000
v -21.479077 -10.107801 0.100000
v -20.847339 -10.107801 0.100000
v -20.215602 -10.107801 0.100000
v -19.583864 -10.107801 0.100000
v -18.952126 -10.107801 0.100000
v -18.320389 -10.107801 0.100000
v -17.688651 -10.107801 0.100000
v -17.056914 -10.107801 0.100000
v -16.425176 -10.107801 0.100000
v -15.793439 -10.107801 0.100000
v -15.161701 -10.107801 0.100000
v -14.529964 -10.107801 0.100000
v -13.898226 -10.107801 0.100000
v -13.266489 -10.107801 0.100000
v -12.634751 -10.107801 0.100000
v -12.003013 -10.107801 0.100000
v -11.371276 -10.107801 0.100000
v -10.739538 -10.107801 0.100000
v -10.107801 -10.107801 0.100000
v -9.476063 -10.107801 0.100000
v -8.844326 -10.107801 0.100000
v -8.212588 -10.107801 0.100000
v -7.580851 -10.107801 0.100000
v -6.949113 -10.107801 0.100000
v -6.317375 -10.107801 0.100000
v -5.685638 -10.107801 0.100000
v -5.053900 -10.107801 0.100000
v -4.422163 -10.107801 0.100000
v -3.790425 -10.107801 0.100000
v -3.158688 -10.107801 0.100000
v -2.526950 -10.107801 0.100000
v -1.895213 -10.107801 0.100000
v -1.263475 -10.107801 0.100000
v -0.631738 -10.107801 0.100000
v 0.000000 -10.107801 0.100000
v 0.631738 -10.107801 0.100000
v 1.263475 -10.107801 0.100000
v 1.895213 -10.107801 0.100000
v 2.526950 -10.107801 0.100000
v 3.158688 -10.107801 0.100000
v 3.790425 -10.107801 0.100000
v 4.422163 -10.107801 0.100000
v 5.053900 -10.107801 0.100000
v 5.685638 -10.107801 0.100000
v 6.317375 -10.107801 0.100000
v 6.949113 -10.107801 0.100000
v 7.580851 -10.107801 0.100000
v 8.212588 -10.107801 0.100000
v 8.844326 -10.107801 0.100000
v 9.476063 -10.107801 0.100000
v 10.107801 -10.107801 0.100000
v 10.739538 -10.107801 0.100000
v 11.371276 -10.107801 0.100000
v 12.003013 -10.107801 0.100000
v 12.634751 -10.107801 0.100000
v 13.266489 -10.107801 0.100000
v 13.898226 -10.107801 0.100000
v 14.529964 -10.107801 0.100000
v 15.161701 -10.107801 0.100000
v 15.793439 -10.107801 0.100000
v 16.425176 -10.107801 0.100000
v 17.056914 -10.107801 0.100000
v 17.688651 -10.107801 0.100000
v 18.320389 -10.107801 0.100000
v 18.952126 -10.107801 0.100000
v 19.583864 -10.107801 0.100000
v 20.215602 -10.107801 0.100000
v 20.847339 -10.107801 0.100000
v 21.479077 -10.107801 0.100000
v 22.110814 -10.107801 0.100000
v 22.742552 -10.107801 0.100000
v 23.374289 -10.107801 0.100000
v 24.006027 -10.107801 0.100000
v 24.637764 -10.107801 0.100000
v 25.269502 -10.107801 0.100000
v -25.269502 -9.476063 0.100000
v -24.637764 -9.476063 0.100000
v -24.006027 -9.476063 0.100000
v -23.374289 -9.476063 0.100000
v -22.742552 -9.476063 0.100000
v -22.110814 -9.476063 0.100000
v -21.479077 -9.476063 0.100000
v -20.847339 -9.476063 0.100000
v -20.215602 -9.476063 0.100000
v -19.583864 -9.476063 0.100000
v -18.952126 -9.476063 0.100000
v -18.320389 -9.476063 0.100000
v -17.688651 -9.476063 0.100000
v -17.056914 -9.476063 0.100000
v -16.425176 -9.476063 0.100000
v -15.793439 -9.476063 0.100000
v -15.161701 -9.476063 0.100000
v -14.529964 -9.476063 0.100000
v -13.898226 -9.476063 0.100000
v -13.266489 -9.476063 0.100000
v -12.634751 -9.476063 0.100000
v -12.003013 -9.476063 0.100000
v -11.371276 -9.476063 0.100000
v -10.739538 -9.476063 0.100000
v -10.107801 -9.476063 0.100000
v -9.476063 -9.476063 0.100000
v -8.844326 -9.476063 0.100000
v -8.212588 -9.476063 0.100000
v -7.580851 -9.476063 0.100000
v -6.949113 -9.476063 0.100000
v -6.317375 -9.476063 0.100000
v -5.685638 -9.476063 0.100000
v -5.053900 -9.476063 0.100000
v -4.422163 -9.476063 0.100000
v -3.790425 -9.476063 0.100000
v -3.158688 -9.476063 0.100000
v -2.526950 -9.476063 0.100000
v -1.895213 -9.476063 0.100000
v -1.263475 -9.476063 0.100000
v -0.631738 -9.476063 0.100000
v 0.000000 -9.476063 0.100000
v 0.631738 -9.476063 0.100000
v 1.263475 -9.476063 0.100000
v 1.895213 -9.476063 0.100000
v 2.526950 -9.476063 0.100000
v 3.158688 -9.476063 0.100000
v 3.790425 -9.476063 0.100000
v 4.422163 -9.476063 0.100000
v 5.053900 -9.476063 0.100000
v 5.685638 -9.476063 0.100000
v 6.317375 -9.476063 0.100000
v 6.949113 -9.476063 0.100000
v 7.580851 -9.476063 0.100000
v 8.212588 -9.476063 0.100000
v 8.844326 -9.476063 0.100000
v 9.476063 -9.476063 0.100000
v 10.107801 -9.476063 0.100000
v 10.739538 -9.476063 0.100000
v 11.371276 -9.476063 0.100000
v 12.003013 -9.476063 0.100000
v 12.634751 -9.476063 0.100000
v 13.266489 -9.476063 0.100000
v 13.898226 -9.476063 0.100000
v 14.529964 -9.476063 0.100000
v 15.161701 -9.476063 0.100000
v 15.793439 -9.476063 0.100000
v 16.425176 -9.476063 0.100000
v 17.056914 -9.476063 0.100000
v 17.688651 -9.476063 0.100000
v 18.320389 -9.476063 0.100000
v 18.952126 -9.476063 0.100000
v 19.583864 -9.476063 0.100000
v 20.215602 -9.476063 0.100000
v 20.847339 -9.476063 0.100000
v 21.479077 -9.476063 0.100000
v 22.110814 -9.476063 0.100000
v 22.742552 -9.476063 0.100000
v 23.374289 -9.476063 0.100000
v 24.006027 -9.476063 0.100000
v 24.637764 -9.476063 0.100000
v 25.269502 -9.476063 0.100000
v -25.269502 -8.844326 0.100000
v -24.637764 -8.844326 0.100000
v -24.006027 -8.844326 0.100000
v -23.374289 -8.844326 0.100000
v -22.742552 -8.844326 0.100000
v -22.110814 -8.844326 0.100000
v -21.479077 -8.844326 0.100000
v -20.847339 -8.844326 0.100000
v -20.215602 -8.844326 0.100000
v -19.583864 -8.844326 0.100000
v -18.952126 -8.844326 0.100000
v -18.320389 -8.844326 0.100000
v -17.688651 -8.844326 0.100000
v -17.056914 -8.844326 0.100000
v -16.425176 -8.844326 0.100000
v -15.793439 -8.844326 0.100000
v -15.161701 -8.844326 0.100000
v -14.529964 -8.844326 0.100000
v -13.898226 -8.844326 0.100000
v -13.266489 -8.844326 0.100000
v -12.634751 -8.844326 0.100000
v -12.003013 -8.844326 0.100000
v -11.371276 -8.844326 0.100000
v -10.739538 -8.844326 0.100000
v -10.107801 -8.844326 0.100000
v -9.476063 -8.844326 0.100000
v -8.844326 -8.844326 0.100000
v -8.212588 -8.844326 0.100000
v -7.580851 -8.844326 0.100000
v -6.949113 -8.844326 0.100000
v -6.317375 -8.844326 0.100000
v -5.685638 -8.844326 0.100000
v -5.053900 -8.844326 0.100000
v -4.422163 -8.844326 0.100000
v -3.790425 -8.844326 0.100000
v -3.158688 -8.844326 0.100000
v -2.526950 -8.844326 0.100000
v -1.895213 -8.844326 0.100000
v -1.263475 -8.844326 0.100000
v -0.631738 -8.844326 0.100000
v 0.000000 -8.844326 0.100000
v 0.631738 -8.844326 0.100000
v 1.263475 -8.844326 0.100000
v 1.895213 -8.844326 0.100000
v 2.526950 -8.844326 0.100000
v 3.158688 -8.844326 0.100000
v 3.790425 -8.844326 0.100000
v 4.422163 -8.844326 0.100000
v 5.053900 -8.844326 0.100000
v 5.685638 -8.844326 0.100000
v 6.317375 -8.844326 0.100000
v 6.949113 -8.844326 0.100000
v 7.580851 -8.844326 0.100000
v 8.212588 -8.844326 0.100000
v 8.844326 -8.844326 0.100000
v 9.476063 -8.844326 0.100000
v 10.107801 -8.844326 0.100000
v 10.739538 -8.844326 0.100000
v 11.371276 -8.844326 0.100000
v 12.003013 -8.844326 0.100000
v 12.634751 -8.844326 0.100000
v 13.266489 -8.844326 0.100000
v 13.898226 -8.844326 0.100000
v 14.529964 -8.844326 0.100000
v 15.161701 -8.844326 0.100000
v 15.793439 -8.844326 0.100000
v 16.425176 -8.844326 0.100000
v 17.056914 -8.844326 0.100000
v 17.688651 -8.844326 0.100000
v 18.320389 -8.844326 0.100000
v 18.952126 -8.844326 0.100000
v 19.583864 -8.844326 0.100000
v 20.215602 -8.844326 0.100000
v 20.847339 -8.844326 0.100000
v 21.479077 -8.844326 0.100000
v 22.110814 -8.844326 0.100000
v 22.742552 -8.844326 0.100000
v 23.374289 -8.844326 0.100000
v 24.006027 -8.844326 0.100000
v 24.637764 -8.844326 0.100000
v 25.269502 -8.844326 0.100000
v -25.269502 -8.212588 0.100000
v -24.637764 -8.212588 0.100000
v -24.006027 -8.212588 0.100000
v -23.374289 -8.212588 0.100000
v -22.742552 -8.212588 0.100000
v -22.110814 -8.212588 0.100000
v -21.479077 -8.212588 0.100000
v -20.847339 -8.212588 0.100000
v -20.215602 -8.212588 0.100000
v -19.583864 -8.212588 0.100000
v -18.952126 -8.212588 0.100000
v -18.320389 -8.212588 0.100000
v -17.688651 -8.212588 0.100000
v -17.056914 -8.212588 0.100000
v -16.425176 -8.212588 0.100000
v -15.793439 -8.212588 0.100000
v -15.161701 -8.212588 0.100000
v -14.529964 -8.212588 0.100000
v -13.898226 -8.212588 0.100000
v -13.266489 -8.212588 0.100000
v -12.634751 -8.212588 0.100000
v -12.003013 -8.212588 0.100000
v -11.371276 -8.212588 0.100000
v -10.739538 -8.212588 0.100000
v -10.107801 -8.212588 0.100000
v -9.476063 -8.212588 0.100000
v -8.844326 -8.212588 0.100000
v -8.212588 -8.212588 0.100000
v -7.580851 -8.212588 0.100000
v -6.949113 -8.212588 0.100000
v -6.317375 -8.212588 0.100000
v -5.685638 -8.212588 0.100000
v -5.053900 -8.212588 0.100000
v -4.422163 -8.212588 0.100000
v -3.790425 -8.212588 0.100000
v -3.158688 -8.212588 0.100000
v -2.526950 -8.212588 0.100000
v -1.895213 -8.212588 0.100000
v -1.263475 -8.212588 0.100000
v -0.631738 -8.212588 0.100000
v 0.000000 -8.212588 0.100000
v 0.631738 -8.212588 0.100000
v 1.263475 -8.212588 0.100000
v 1.895213 -8.212588 0.100000
v 2.526950 -8.212588 0.100000
v 3.158688 -8.212588 0.100000
v 3.790425 -8.212588 0.100000
v 4.422163 -8.212588 0.100000
v 5.053900 -8.212588 0.100000
v 5.685638 -8.212588 0.100000
v 6.317375 -8.212588 0.100000
v 6.949113 -8.212588 0.100000
v 7.580851 -8.212588 0.100000
v 8.212588 -8.212588 0.100000
v 8.844326 -8.212588 0.100000
v 9.476063 -8.212588 0.100000
v 10.107801 -8.212588 0.100000
v 10.739538 -8.212588 0.100000
v 11.371276 -8.212588 0.100000
v 12.003013 -8.212588 0.100000
v 12.634751 -8.212588 0.100000
v 13.266489 -8.212588 0.100000
v 13.898226 -8.212588 0.100000
v 14.529964 -8.212588 0.100000
v 15.161701 -8.212588 0.100000
v 15.793439 -8.212588 0.100000
v 16.425176 -8.212588 0.100000
v 17.056914 -8.212588 0.100000
v 17.688651 -8.212588 0.100000
v 18.320389 -8.212588 0.100000
v 18.952126 -8.212588 0.100000
v 19.583864 -8.212588 0.100000
v 20.215602 -8.212588 0.100000
v 20.847339 -8.212588 0.100000
v 21.479077 -8.212588 0.100000
v 22.110814 -8.212588 0.100000
v 22.742552 -8.212588 0.100000
v 23.374289 -8.212588 0.100000
v 24.006027 -8.212588 0.100000
v 24.637764 -8.212588 0.100000
v 25.269502 -8.212588 0.100000
v -25.269502 -7.580851 0.100000
v -24.637764 -7.580851 0.100000
v -24.006027 -7.580851 0.100000
v -23.374289 -7.580851 0.100000
v -22.742552 -7.580851 0.100000
v -22.110814 -7.580851 0.100000
v -21.479077 -7.580851 0.100000
v -20.847339 -7.580851 0.100000
v -20.215602 -7.580851 0.100000
v -19.583864 -7.580851 0.100000
v -18.952126 -7.580851 0.100000
v -18.320389 -7.580851 0.100000
v -17.688651 -7.580851 0.100000
v -17.056914 -7.580851 0.100000
v -16.425176 -7.580851 0.100000
v -15.793439 -7.580851 0.100000
v -15.161701 -7.580851 0.100000
v -14.529964 -7.580851 0.100000
v -13.898226 -7.580851 0.100000
v -13.266489 -7.580851 0.100000
v -12.634751 -7.580851 0.100000
v -12.003013 -7.580851 0.100000
v -11.371276 -7.580851 0.100000
v -10.739538 -7.580851 0.100000
v -10.107801 -7.580851 0.100000
v -9.476063 -7.580851 0.100000
v -8.844326 -7.580851 0.100000
v -8.212588 -7.580851 0.100000
v -7.580851 -7.580851 0.100000
v -6.949113 -7.580851 0.100000
v -6.317375 -7.580851 0.100000
v -5.685638 -7.580851 0.100000
v -5.053900 -7.580851 0.100000
v -4.422163 -7.580851 0.100000
v -3.790425 -7.580851 0.100000
v -3.158688 -7.580851 0.100000
v -2.526950 -7.580851 0.100000
v -1.895213 -7.580851 0.100000
v -1.263475 -7.580851 0.100000
v -0.631738 -7.580851 0.100000
v 0.000000 -7.580851 0.100000
v 0.631738 -7.580851 0.100000
v 1.263475 -7.580851 0.100000
v 1.895213 -7.580851 0.100000
v 2.526950 -7.580851 0.100000
v 3.158688 -7.580851 0.100000
v 3.790425 -7.580851 0.100000
v 4.422163 -7.580851 0.100000
v 5.053900 -7.580851 0.100000
v 5.685638 -7.580851 0.100000
v 6.317375 -7.580851 0.100000
v 6.949113 -7.580851 0.100000
v 7.580851 -7.580851 0.100000
v 8.212588 -7.580851 0.100000
v 8.844326 -7.580851 0.100000
v 9.476063 -7.580851 0.100000
v 10.107801 -7.580851 0.100000
v 10.739538 -7.580851 0.100000
v 11.371276 -7.580851 0.100000
v 12.003013 -7.580851 0.100000
v 12.634751 -7.580851 0.100000
v 13.266489 -7.580851 0.100000
v 13.898226 -7.580851 0.100000
v 14.529964 -7.580851 0.100000
v 15.161701 -7.580851 0.100000
v 15.793439 -7.580851 0.100000
v 16.425176 -7.580851 0.100000
v 17.056914 -7.580851 0.100000
v 17.688651 -7.580851 0.100000
v 18.320389 -7.580851 0.100000
v 18.952126 -7.580851 0.100000
v 19.583864 -7.580851 0.100000
v 20.215602 -7.580851 0.100000
v 20.847339 -7.580851 0.100000
v 21.479077 -7.580851 0.100000
v 22.110814 -7.580851 0.100000
v 22.742552 -7.580851 0.100000
v 23.374289 -7.580851 0.100000
v 24.006027 -7.580851 0.100000
v 24.637764 -7.580851 0.100000
v 25.269502 -7.580851 0.100000
v -25.269502 -6.949113 0.100000
v -24.637764 -6.949113 0.100000
v -24.006027 -6.949113 0.100000
v -23.374289 -6.949113 0.100000
v -22.742552 -6.949113 0.100000
v -22.110814 -6.949113 0.100000
v -21.479077 -6.949113 0.100000
v -20.847339 -6.949113 0.100000
v -20.215602 -6.949113 0.100000
v -19.583864 -6.949113 0.100000
v -18.952126 -6.949113 0.100000
v -18.320389 -6.949113 0.100000
v -17.688651 -6.949113 0.100000
v -17.056914 -6.949113 0.100000
v -16.425176 -6.949113 0.100000
v -15.793439 -6.949113 0.100000
v -15.161701 -6.949113 0.100000
v -14.529964 -6.949113 0.100000
v -13.898226 -6.949113 0.100000
v -13.266489 -6.949113 0.100000
v -12.634751 -6.949113 0.100000
v -12.003013 -6.949113 0.100000
v -11.371276 -6.949113 0.100000
v -10.739538 -6.949113 0.100000
v -10.107801 -6.949113 0.100000
v -9.476063 -6.949113 0.100000
v -8.844326 -6.949113 0.100000
v -8.212588 -6.949113 0.100000
v -7.580851 -6.949113 0.100000
v -6.949113 -6.949113 0.100000
v -6.317375 -6.949113 0.100000
v -5.685638 -6.949113 0.100000
v -5.053900 -6.949113 0.100000
v -4.422163 -6.949113 0.100000
v -3.790425 -6.949113 0.100000
v -3.158688 -6.949113 0.100000
v -2.526950 -6.949113 0.100000
v -1.895213 -6.949113 0.100000
v -1.263475 -6.949113 0.100000
v -0.631738 -6.949113 0.100000
v 0.000000 -6.949113 0.100000
v 0.631738 -6.949113 0.100000
v 1.263475 -6.949113 0.100000
v 1.895213 -6.949113 0.100000
v 2.526950 -6.949113 0.100000
v 3.158688 -6.949113 0.100000
v 3.790425 -6.949113 0.100000
v 4.422163 -6.949113 0.100000
v 5.053900 -6.949113 0.100000
v 5.685638 -6.949113 0.100000
v 6.317375 -6.949113 0.100000
v 6.949113 -6.949113 0.100000
v 7.580851 -6.949113 0.100000
v 8.212588 -6.949113 0.100000
v 8.844326 -6.949113 0.100000
v 9.476063 -6.949113 0.100000
v 10.107801 -6.949113 0.100000
v 10.739538 -6.949113 0.100000
v 11.371276 -6.949113 0.100000
v 12.003013 -6.949113 0.100000
v 12.634751 -6.949113 0.100000
v 13.266489 -6.949113 0.100000
v 13.898226 -6.949113 0.100000
v 14.529964 -6.949113 0.100000
v 15.161701 -6.949113 0.100000
v 15.793439 -6.949113 0.100000
v 16.425176 -6.949113 0.100000
v 17.056914 -6.949113 0.100000
v 17.688651 -6.949113 0.100000
v 18.320389 -6.949113 0.100000
v 18.952126 -6.949113 0.100000
v 19.583864 -6.949113 0.100000
v 20.215602 -6.949113 0.100000
v 20.847339 -6.949113 0.100000
v 21.479077 -6.949113 0.100000
v 22.110814 -6.949113 0.100000
v 22.742552 -6.949113 0.100000
v 23.374289 -6.949113 0.100000
v 24.006027 -6.949113 0.100000
v 24.637764 -6.949113 0.100000
v 25.269502 -6.949113 0.100000
v -25.269502 -6.317375 0.100000
v -24.637764 -6.317375 0.100000
v -24.006027 -6.317375 0.100000
v -23.374289 -6.317375 0.100000
v -22.742552 -6.317375 0.100000
v -22.110814 -6.317375 0.100000
v -21.479077 -6.317375 0.100000
v -20.847339 -6.317375 0.100000
v -20.215602 -6.317375 0.100000
v -19.583864 -6.317375 0.100000
v -18.952126 -6.317375 0.100000
v -18.320389 -6.317375 0.100000
v -17.688651 -6.317375 0.100000
v -17.056914 -6.317375 0.100000
v -16.425176 -6.317375 0.100000
v -15.793439 -6.317375 0.100000
v -15.161701 -6.317375 0.100000
v -14.529964 -6.317375 0.100000
v -13.898226 -6.317375 0.100000
v -13.266489 -6.317375 0.100000
v -12.634751 -6.317375 0.100000
v -12.003013 -6.317375 0.100000
v -11.371276 -6.317375 0.100000
v -10.739538 -6.317375 0.100000
v -10.107801 -6.317375 0.100000
v -9.476063 -6.317375 0.100000
v -8.844326 -6.317375 0.100000
v -8.212588 -6.317375 0.100000
v -7.580851 -6.317375 0.100000
v -6.949113 -6.317375 0.100000
v -6.317375 -6.317375 0.100000
v -5.685638 -6.317375 0.100000
v -5.053900 -6.317375 0.100000
v -4.422163 -6.317375 0.100000
v -3.790425 -6.317375 0.100000
v -3.158688 -6.317375 0.100000
v -2.526950 -6.317375 0.100000
v -1.895213 -6.317375 0.100000
v -1.263475 -6.317375 0.100000
v -0.631738 -6.317375 0.100000
v 0.000000 -6.317375 0.100000
v 0.631738 -6.317375 0.100000
v 1.263475 -6.317375 0.100000
v 1.895213 -6.317375 0.100000
v 2.526950 -6.317375 0.100000
v 3.158688 -6.317375 0.100000
v 3.790425 -6.317375 0.100000
v 4.422163 -6.317375 0.100000
v 5.053900 -6.317375 0.100000
v 5.685638 -6.317375 0.100000
v 6.317375 -6.317375 0.100000
v 6.949113 -6.317375 0.100000
v 7.580851 -6.317375 0.100000
v 8.212588 -6.317375 0.100000
v 8.844326 -6.317375 0.100000
v 9.476063 -6.317375 0.100000
v 10.107801 -6.317375 0.100000
v 10.739538 -6.317375 0.100000
v 11.371276 -6.317375 0.100000
v 12.003013 -6.317375 0.100000
v 12.634751 -6.317375 0.100000
v 13.266489 -6.317375 0.100000
v 13.898226 -6.317375 0.100000
v 14.529964 -6.317375 0.100000
v 15.161701 -6.317375 0.100000
v 15.793439 -6.317375 0.100000
v 16.425176 -6.317375 0.100000
v 17.056914 -6.317375 0.100000
v 17.688651 -6.317375 0.100000
v 18.320389 -6.317375 0.100000
v 18.952126 -6.317375 0.100000
v 19.583864 -6.317375 0.100000
v 20.215602 -6.317375 0.100000
v 20.847339 -6.317375 0.100000
v 21.479077 -6.317375 0.100000
v 22.110814 -6.317375 0.100000
v 22.742552 -6.317375 0.100000
v 23.374289 -6.317375 0.100000
v 24.006027 -6.317375 0.100000
v 24.637764 -6.317375 0.100000
v 25.269502 -6.317375 0.100000
v -25.269502 -5.685638 0.100000
v -24.637764 -5.685638 0.100000
v -24.006027 -5.685638 0.100000
v -23.374289 -5.685638 0.100000
v -22.742552 -5.685638 0.100000
v -22.110814 -5.685638 0.100000
v -21.479077 -5.685638 0.100000
v -20.847339 -5.685638 0.100000
v -20.215602 -5.685638 0.100000
v -19.583864 -5.685638 0.100000
v -18.952126 -5.685638 0.100000
v -18.320389 -5.685638 0.100000
v -17.688651 -5.685638 0.100000
v -17.056914 -5.685638 0.100000
v -16.425176 -5.685638 0.100000
v -15.793439 -5.685638 0.100000
v -15.161701 -5.685638 0.100000
v -14.529964 -5.685638 0.100000
v -13.898226 -5.685638 0.100000
v -13.266489 -5.685638 0.100000
v -12.634751 -5.685638 0.100000
v -12.003013 -5.685638 0.100000
v -11.371276 -5.685638 0.100000
v -10.739538 -5.685638 0.100000
v -10.107801 -5.685638 0.100000
v -9.476063 -5.685638 0.100000
v -8.844326 -5.685638 0.100000
v -8.212588 -5.685638 0.100000
v -7.580851 -5.685638 0.100000
v -6.949113 -5.685638 0.100000
v -6.317375 -5.685638 0.100000
v -5.685638 -5.685638 0.100000
v -5.053900 -5.685638 0.100000
v -4.422163 -5.685638 0.100000
v -3.790425 -5.685638 0.100000
v -3.158688 -5.685638 0.100000
v -2.526950 -5.685638 0.100000
v -1.895213 -5.685638 0.100000
v -1.263475 -5.685638 0.100000
v -0.631738 -5.685638 0.100000
v 0.000000 -5.685638 0.100000
v 0.631738 -5.685638 0.100000
v 1.263475 -5.685638 0.100000
v 1.895213 -5.685638 0.100000
v 2.526950 -5.685638 0.100000
v 3.158688 -5.685638 0.100000
v 3.790425 -5.685638 0.100000
v 4.422163 -5.685638 0.100000
v 5.053900 -5.685638 0.100000
v 5.685638 -5.685638 0.100000
v 6.317375 -5.685638 0.100000
v 6.949113 -5.685638 0.100000
v 7.580851 -5.685638 0.100000
v 8.212588 -5.685638 0.100000
v 8.844326 -5.685638 0.100000
v 9.476063 -5.685638 0.100000
v 10.107801 -5.685638 0.100000
v 10.739538 -5.685638 0.100000
v 11.371276 -5.685638 0.100000
v 12.003013 -5.685638 0.100000
v 12.634751 -5.685638 0.100000
v 13.266489 -5.685638 0.100000
v 13.898226 -5.685638 0.100000
v 14.529964 -5.685638 0.100000
v 15.161701 -5.685638 0.100000
v 15.793439 -5.685638 0.100000
v 16.425176 -5.685638 0.100000
v 17.056914 -5.685638 0.100000
v 17.688651 -5.685638 0.100000
v 18.320389 -5.685638 0.100000
v 18.952126 -5.685638 0.100000
v 19.583864 -5.685638 0.100000
v 20.215602 -5.685638 0.100000
v 20.847339 -5.685638 0.100000
v 21.479077 -5.685638 0.100000
v 22.110814 -5.685638 0.100000
v 22.742552 -5.685638 0.100000
v 23.374289 -5.685638 0.100000
v 24.006027 -5.685638 0.100000
v 24.637764 -5.685638 0.100000
v 25.269502 -5.685638 0.100000
v -25.269502 -5.053900 0.100000
v -24.637764 -5.053900 0.100000
v -24.006027 -5.053900 0.100000
v -23.374289 -5.053900 0.100000
v -22.742552 -5.053900 0.100000
v -22.110814 -5.053900 0.100000
v -21.479077 -5.053900 0.100000
v -20.847339 -5.053900 0.100000
v -20.215602 -5.053900 0.100000
v -19.583864 -5.053900 0.100000
v -18.952126 -5.053900 0.100000
v -18.320389 -5.053900 0.100000
v -17.688651 -5.053900 0.100000
v -17.056914 -5.053900 0.100000
v -16.425176 -5.053900 0.100000
v -15.793439 -5.053900 0.100000
v -15.161701 -5.053900 0.100000
v -14.529964 -5.053900 0.100000
v -13.898226 -5.053900 0.100000
v -13.266489 -5.053900 0.100000
v -12.634751 -5.053900 0.100000
v -12.003013 -5.053900 0.100000
v -11.371276 -5.053900 0.100000
v -10.739538 -5.053900 0.100000
v -10.107801 -5.053900 0.100000
v -9.476063 -5.053900 0.100000
v -8.844326 -5.053900 0.100000
v -8.212588 -5.053900 0.100000
v -7.580851 -5.053900 0.100000
v -6.949113 -5.053900 0.100000
v -6.317375 -5.053900 0.100000
v -5.685638 -5.053900 0.100000
v -5.053900 -5.053900 0.100000
v -4.422163 -5.053900 0.100000
v -3.790425 -5.053900 0.100000
v -3.158688 -5.053900 0.100000
v -2.526950 -5.053900 0.100000
v -1.895213 -5.053900 0.100000
v -1.263475 -5.053900 0.100000
v -0.631738 -5.053900 0.100000
v 0.000000 -5.053900 0.100000
v 0.631738 -5.053900 0.100000
v 1.263475 -5.053900 0.100000
v 1.895213 -5.053900 0.100000
v 2.526950 -5.053900 0.100000
v 3.158688 -5.053900 0.100000
v 3.790425 -5.053900 0.100000
v 4.422163 -5.053900 0.100000
v 5.053900 -5.053900 0.100000
v 5.685638 -5.053900 0.100000
v 6.317375 -5.053900 0.100000
v 6.949113 -5.053900 0.100000
v 7.580851 -5.053900 0.100000
v 8.212588 -5.053900 0.100000
v 8.844326 -5.053900 0.100000
v 9.476063 -5.053900 0.100000
v 10.107801 -5.053900 0.100000
v 10.739538 -5.053900 0.100000
v 11.371276 -5.053900 0.100000
v 12.003013 -5.053900 0.100000
v 12.634751 -5.053900 0.100000
v 13.266489 -5.053900 0.100000
v 13.898226 -5.053900 0.100000
v 14.529964 -5.053900 0.100000
v 15.161701 -5.053900 0.100000
v 15.793439 -5.053900 0.100000
v 16.425176 -5.053900 0.100000
v 17.056914 -5.053900 0.100000
v 17.688651 -5.053900 0.100000
v 18.320389 -5.053900 0.100000
v 18.952126 -5.053900 0.100000
v 19.583864 -5.053900 0.100000
v 20.215602 -5.053900 0.100000
v 20.847339 -5.053900 0.100000
v 21.479077 -5.053900 0.100000
v 22.110814 -5.053900 0.100000
v 22.742552 -5.053900 0.100000
v 23.374289 -5.053900 0.100000
v 24.006027 -5.053900 0.100000
v 24.637764 -5.053900 0.100000
v 25.269502 -5.053900 0.100000
v -25.269502 -4.422163 0.100000
v -24.637764 -4.422163 0.100000
v -24.006027 -4.422163 0.100000
v -23.374289 -4.422163 0.100000
v -22.742552 -4.422163 0.100000
v -22.110814 -4.422163 0.100000
v -21.479077 -4.422163 0.100000
v -20.847339 -4.422163 0.100000
v -20.215602 -4.422163 0.100000
v -19.583864 -4.422163 0.100000
v -18.952126 -4.422163 0.100000
v -18.320389 -4.422163 0.100000
v -17.688651 -4.422163 0.100000
v -17.056914 -4.422163 0.100000
v -16.425176 -4.422163 0.100000
v -15.793439 -4.422163 0.100000
v -15.161701 -4.422163 0.100000
v -14.529964 -4.422163 0.100000
v -13.898226 -4.422163 0.100000
v -13.266489 -4.422163 0.100000
v -12.634751 -4.422163 0.100000
v -12.003013 -4.422163 0.100000
v -11.371276 -4.422163 0.100000
v -10.739538 -4.422163 0.100000
v -10.107801 -4.422163 0.100000
v -9.476063 -4.422163 0.100000
v -8.844326 -4.422163 0.100000
v -8.212588 -4.422163 0.100000
v -7.580851 -4.422163 0.100000
v -6.949113 -4.422163 0.100000
v -6.317375 -4.422163 0.100000
v -5.685638 -4.422163 0.100000
v -5.053900 -4.422163 0.100000
v -4.422163 -4.422163 0.100000
v -3.790425 -4.422163 0.100000
v -3.158688 -4.422163 0.100000
v -2.526950 -4.422163 0.100000
v -1.895213 -4.422163 0.100000
v -1.263475 -4.422163 0.100000
v -0.631738 -4.422163 0.100000
v 0.000000 -4.422163 0.100000
v 0.631738 -4.422163 0.100000
v 1.263475 -4.422163 0.100000
v 1.895213 -4.422163 0.100000
v 2.526950 -4.422163 0.100000
v 3.158688 -4.422163 0.100000
v 3.790425 -4.422163 0.100000
v 4.422163 -4.422163 0.100000
v 5.053900 -4.422163 0.100000
v 5.685638 -4.422163 0.100000
v 6.317375 -4.422163 0.100000
v 6.949113 -4.422163 0.100000
v 7.580851 -4.422163 0.100000
v 8.212588 -4.422163 0.100000
v 8.844326 -4.422163 0.100000
v 9.476063 -4.422163 0.100000
v 10.107801 -4.422163 0.100000
v 10.739538 -4.422163 0.100000
v 11.371276 -4.422163 0.100000
v 12.003013 -4.422163 0.100000
v 12.634751 -4.422163 0.100000
v 13.266489 -4.422163 0.100000
v 13.898226 -4.422163 0.100000
v 14.529964 -4.422163 0.100000
v 15.161701 -4.422163 0.100000
v 15.793439 -4.422163 0.100000
v 16.425176 -4.422163 0.100000
v 17.056914 -4.422163 0.100000
v 17.688651 -4.422163 0.100000
v 18.320389 -4.422163 0.100000
v 18.952126 -4.422163 0.100000
v 19.583864 -4.422163 0.100000
v 20.215602 -4.422163 0.100000
v 20.847339 -4.422163 0.100000
v 21.479077 -4.422163 0.100000
v 22.110814 -4.422163 0.100000
v 22.742552 -4.422163 0.100000
v 23.374289 -4.422163 0.100000
v 24.006027 -4.422163 0.100000
v 24.637764 -4.422163 0.100000
v 25.269502 -4.422163 0.100000
v -25.269502 -3.790425 0.100000
v -24.637764 -3.790425 0.100000
v -24.006027 -3.790425 0.100000
v -23.374289 -3.790425 0.100000
v -22.742552 -3.790425 0.100000
v -22.110814 -3.790425 0.100000
v -21.479077 -3.790425 0.100000
v -20.847339 -3.790425 0.100000
v -20.215602 -3.790425 0.100000
v -19.583864 -3.790425 0.100000
v -18.952126 -3.790425 0.100000
v -18.320389 -3.790425 0.100000
v -17.688651 -3.790425 0.100000
v -17.056914 -3.790425 0.100000
v -16.425176 -3.790425 0.100000
v -15.793439 -3.790425 0.100000
v -15.161701 -3.790425 0.100000
v -14.529964 -3.790425 0.100000
v -13.898226 -3.790425 0.100000
v -13.266489 -3.790425 0.100000
v -12.634751 -3.790425 0.100000
v -12.003013 -3.790425 0.100000
v -11.371276 -3.790425 0.100000
v -10.739538 -3.790425 0.100000
v -10.107801 -3.790425 0.100000
v -9.476063 -3.790425 0.100000
v -8.844326 -3.790425 0.100000
v -8.212588 -3.790425 0.100000
v -7.580851 -3.790425 0.100000
v -6.949113 -3.790425 0.100000
v -6.317375 -3.790425 0.100000
v -5.685638 -3.790425 0.100000
v -5.053900 -3.790425 0.100000
v -4.422163 -3.790425 0.100000
v -3.790425 -3.790425 0.100000
v -3.158688 -3.790425 0.100000
v -2.526950 -3.790425 0.100000
v -1.895213 -3.790425 0.100000
v -1.263475 -3.790425 0.100000
v -0.631738 -3.790425 0.100000
v 0.000000 -3.790425 0.100000
v 0.631738 -3.790425 0.100000
v 1.263475 -3.790425 0.100000
v 1.895213 -3.790425 0.100000
v 2.526950 -3.790425 0.100000
v 3.158688 -3.790425 0.100000
v 3.790425 -3.790425 0.100000
v 4.422163 -3.790425 0.100000
v 5.053900 -3.790425 0.100000
v 5.685638 -3.790425 0.100000
v 6.317375 -3.790425 0.100000
v 6.949113 -3.790425 0.100000
v 7.580851 -3.790425 0.100000
v 8.212588 -3.790425 0.100000
v 8.844326 -3.790425 0.100000
v 9.476063 -3.790425 0.100000
v 10.107801 -3.790425 0.100000
v 10.739538 -3.790425 0.100000
v 11.371276 -3.790425 0.100000
v 12.003013 -3.790425 0.100000
v 12.634751 -3.790425 0.100000
v 13.266489 -3.790425 0.100000
v 13.898226 -3.790425 0.100000
v 14.529964 -3.790425 0.100000
v 15.161701 -3.790425 0.100000
v 15.793439 -3.790425 0.100000
v 16.425176 -3.790425 0.100000
v 17.056914 -3.790425 0.100000
v 17.688651 -3.790425 0.100000
v 18.320389 -3.790425 0.100000
v 18.952126 -3.790425 0.100000
v 19.583864 -3.790425 0.100000
v 20.215602 -3.790425 0.100000
v 20.847339 -3.790425 0.100000
v 21.479077 -3.790425 0.100000
v 22.110814 -3.790425 0.100000
v 22.742552 -3.790425 0.100000
v 23.374289 -3.790425 0.100000
v 24.006027 -3.790425 0.100000
v 24.637764 -3.790425 0.100000
v 25.269502 -3.790425 0.100000
v -25.269502 -3.158688 0.100000
v -24.637764 -3.158688 0.100000
v -24.006027 -3.158688 0.100000
v -23.374289 -3.158688 0.100000
v -22.742552 -3.158688 0.100000
v -22.110814 -3.158688 0.100000
v -21.479077 -3.158688 0.100000
v -20.847339 -3.158688 0.100000
v -20.215602 -3.158688 0.100000
v -19.583864 -3.158688 0.100000
v -18.952126 -3.158688 0.100000
v -18.320389 -3.158688 0.100000
v -17.688651 -3.158688 0.100000
v -17.056914 -3.158688 0.100000
v -16.425176 -3.158688 0.100000
v -15.793439 -3.158688 0.100000
v -15.161701 -3.158688 0.100000
v -14.529964 -3.158688 0.100000
v -13.898226 -3.158688 0.100000
v -13.266489 -3.158688 0.100000
v -12.634751 -3.158688 0.100000
v -12.003013 -3.158688 0.100000
v -11.371276 -3.158688 0.100000
v -10.739538 -3.158688 0.100000
v -10.107801 -3.158688 0.100000
v -9.476063 -3.158688 0.100000
v -8.844326 -3.158688 0.100000
v -8.212588 -3.158688 0.100000
v -7.580851 -3.158688 0.100000
v -6.949113 -3.158688 0.100000
v -6.317375 -3.158688 0.100000
v -5.685638 -3.158688 0.100000
v -5.053900 -3.158688 0.100000
v -4.422163 -3.158688 0.100000
v -3.790425 -3.158688 0.100000
v -3.158688 -3.158688 0.100000
v -2.526950 -3.158688 0.100000
v -1.895213 -3.158688 0.100000
v -1.263475 -3.158688 0.100000
v -0.631738 -3.158688 0.100000
v 0.000000 -3.158688 0.100000
v 0.631738 -3.158688 0.100000
v 1.263475 -3.158688 0.100000
v 1.895213 -3.158688 0.100000
v 2.526950 -3.158688 0.100000
v 3.158688 -3.158688 0.100000
v 3.790425 -3.158688 0.100000
v 4.422163 -3.158688 0.100000
v 5.053900 -3.158688 0.100000
v 5.685638 -3.158688 0.100000
v 6.317375 -3.158688 0.100000
v 6.949113 -3.158688 0.100000
v 7.580851 -3.158688 0.100000
v 8.212588 -3.158688 0.100000
v 8.844326 -3.158688 0.100000
v 9.476063 -3.158688 0.100000
v 10.107801 -3.158688 0.100000
v 10.739538 -3.158688 0.100000
v 11.371276 -3.158688 0.100000
v 12.003013 -3.158688 0.100000
v 12.634751 -3.158688 0.100000
v 13.266489 -3.158688 0.100000
v 13.898226 -3.158688 0.100000
v 14.529964 -3.158688 0.100000
v 15.161701 -3.158688 0.100000
v 15.793439 -3.158688 0.100000
v 16.425176 -3.158688 0.100000
v 17.056914 -3.158688 0.100000
v 17.688651 -3.158688 0.100000
v 18.320389 -3.158688 0.100000
v 18.952126 -3.158688 0.100000
v 19.583864 -3.158688 0.100000
v 20.215602 -3.158688 0.100000
v 20.847339 -3.158688 0.100000
v 21.479077 -3.158688 0.100000
v 22.110814 -3.158688 0.100000
v 22.742552 -3.158688 0.100000
v 23.374289 -3.158688 0.100000
v 24.006027 -3.158688 0.100000
v 24.637764 -3.158688 0.100000
v 25.269502 -3.158688 0.100000
v -25.269502 -2.526950 0.100000
v -24.637764 -2.526950 0.100000
v -24.006027 -2.526950 0.100000
v -23.374289 -2.526950 0.100000
v -22.742552 -2.526950 0.100000
v -22.110814 -2.526950 0.100000
v -21.479077 -2.526950 0.100000
v -20.847339 -2.526950 0.100000
v -20.215602 -2.526950 0.100000
v -19.583864 -2.526950 0.100000
v -18.952126 -2.526950 0.100000
v -18.320389 -2.526950 0.100000
v -17.688651 -2.526950 0.100000
v -17.056914 -2.526950 0.100000
v -16.425176 -2.526950 0.100000
v -15.793439 -2.526950 0.100000
v -15.161701 -2.526950 0.100000
v -14.529964 -2.526950 0.100000
v -13.898226 -2.526950 0.100000
v -13.266489 -2.526950 0.100000
v -12.634751 -2.526950 0.100000
v -12.003013 -2.526950 0.100000
v -11.371276 -2.526950 0.100000
v -10.739538 -2.526950 0.100000
v -10.107801 -2.526950 0.100000
v -9.476063 -2.526950 0.100000
v -8.844326 -2.526950 0.100000
v -8.212588 -2.526950 0.100000
v -7.580851 -2.526950 0.100000
v -6.949113 -2.526950 0.100000
v -6.317375 -2.526950 0.100000
v -5.685638 -2.526950 0.100000
v -5.053900 -2.526950 0.100000
v -4.422163 -2.526950 0.100000
v -3.790425 -2.526950 0.100000
v -3.158688 -2.526950 0.100000
v -2.526950 -2.526950 0.100000
v -1.895213 -2.526950 0.100000
v -1.263475 -2.526950 0.100000
v -0.631738 -2.526950 0.100000
v 0.000000 -2.526950 0.100000
v 0.631738 -2.526950 0.100000
v 1.263475 -2.526950 0.100000
v 1.895213 -2.526950 0.100000
v 2.526950 -2.526950 0.100000
v 3.158688 -2.526950 0.100000
v 3.790425 -2.526950 0.100000
v 4.422163 -2.526950 0.100000
v 5.053900 -2.526950 0.100000
v 5.685638 -2.526950 0.100000
v 6.317375 -2.526950 0.100000
v 6.949113 -2.526950 0.100000
v 7.580851 -2.526950 0.100000
v 8.212588 -2.526950 0.100000
v 8.844326 -2.526950 0.100000
v 9.476063 -2.526950 0.100000
v 10.107801 -2.526950 0.100000
v 10.739538 -2.526950 0.100000
v 11.371276 -2.526950 0.100000
v 12.003013 -2.526950 0.100000
v 12.634751 -2.526950 0.100000
v 13.266489 -2.526950 0.100000
v 13.898226 -2.526950 0.100000
v 14.529964 -2.526950 0.100000
v 15.161701 -2.526950 0.100000
v 15.793439 -2.526950 0.100000
v 16.425176 -2.526950 0.100000
v 17.056914 -2.526950 0.100000
v 17.688651 -2.526950 0.100000
v 18.320389 -2.526950 0.100000
v 18.952126 -2.526950 0.100000
v 19.583864 -2.526950 0.100000
v 20.215602 -2.526950 0.100000
v 20.847339 -2.526950 0.100000
v 21.479077 -2.526950 0.100000
v 22.110814 -2.526950 0.100000
v 22.742552 -2.526950 0.100000
v 23.374289 -2.526950 0.100000
v 24.006027 -2.526950 0.100000
v 24.637764 -2.526950 0.100000
v 25.269502 -2.526950 0.100000
v -25.269502 -1.895213 0.100000
v -24.637764 -1.895213 0.100000
v -24.006027 -1.895213 0.100000
v -23.374289 -1.895213 0.100000
v -22.742552 -1.895213 0.100000
v -22.110814 -1.895213 0.100000
v -21.479077 -1.895213 0.100000
v -20.847339 -1.895213 0.100000
v -20.215602 -1.895213 0.100000
v -19.583864 -1.895213 0.100000
v -18.952126 -1.895213 0.100000
v -18.320389 -1.895213 0.100000
v -17.688651 -1.895213 0.100000
v -17.056914 -1.895213 0.100000
v -16.425176 -1.895213 0.100000
v -15.793439 -1.895213 0.100000
v -15.161701 -1.895213 0.100000
v -14.529964 -1.895213 0.100000
v -13.898226 -1.895213 0.100000
v -13.266489 -1.895213 0.100000
v -12.634751 -1.895213 0.100000
v -12.003013 -1.895213 0.100000
v -11.371276 -1.895213 0.100000
v -10.739538 -1.895213 0.100000
v -10.107801 -1.895213 0.100000
v -9.476063 -1.895213 0.100000
v -8.844326 -1.895213 0.100000
v -8.212588 -1.895213 0.100000
v -7.580851 -1.895213 0.100000
v -6.949113 -1.895213 0.100000
v -6.317375 -1.895213 0.100000
v -5.685638 -1.895213 0.100000
v -5.053900 -1.895213 0.100000
v -4.422163 -1.895213 0.100000
v -3.790425 -1.895213 0.100000
v -3.158688 -1.895213 0.100000
v -2.526950 -1.895213 0.100000
v -1.895213 -1.895213 0.100000
v -1.263475 -1.895213 0.100000
v -0.631738 -1.895213 0.100000
v 0.000000 -1.895213 0.100000
v 0.631738 -1.895213 0.100000
v 1.263475 -1.895213 0.100000
v 1.895213 -1.895213 0.100000
v 2.526950 -1.895213 0.100000
v 3.158688 -1.895213 0.100000
v 3.790425 -1.895213 0.100000
v 4.422163 -1.895213 0.100000
v 5.053900 -1.895213 0.100000
v 5.685638 -1.895213 0.100000
v 6.317375 -1.895213 0.100000
v 6.949113 -1.895213 0.100000
v 7.580851 -1.895213 0.100000
v 8.212588 -1.895213 0.100000
v 8.844326 -1.895213 0.100000
v 9.476063 -1.895213 0.100000
v 10.107801 -1.895213 0.100000
v 10.739538 -1.895213 0.100000
v 11.371276 -1.895213 0.100000
v 12.003013 -1.895213 0.100000
v 12.634751 -1.895213 0.100000
v 13.266489 -1.895213 0.100000
v 13.898226 -1.895213 0.100000
v 14.529964 -1.895213 0.100000
v 15.161701 -1.895213 0.100000
v 15.793439 -1.895213 0.100000
v 16.425176 -1.895213 0.100000
v 17.056914 -1.895213 0.100000
v 17.688651 -1.895213 0.100000
v 18.320389 -1.895213 0.100000
v 18.952126 -1.895213 0.100000
v 19.583864 -1.895213 0.100000
v 20.215602 -1.895213 0.100000
v 20.847339 -1.895213 0.100000
v 21.479077 -1.895213 0.100000
v 22.110814 -1.895213 0.100000
v 22.742552 -1.895213 0.100000
v 23.374289 -1.895213 0.100000
v 24.006027 -1.895213 0.100000
v 24.637764 -1.895213 0.100000
v 25.269502 -1.895213 0.100000
v -25.269502 -1.263475 0.100000
v -24.637764 -1.263475 0.100000
v -24.006027 -1.263475 0.100000
v -23.374289 -1.263475 0.100000
v -22.742552 -1.263475 0.100000
v -22.110814 -1.263475 0.100000
v -21.479077 -1.263475 0.100000
v -20.847339 -1.263475 0.100000
v -20.215602 -1.263475 0.100000
v -19.583864 -1.263475 0.100000
v -18.952126 -1.263475 0.100000
v -18.320389 -1.263475 0.100000
v -17.688651 -1.263475 0.100000
v -17.056914 -1.263475 0.100000
v -16.425176 -1.263475 0.100000
v -15.793439 -1.263475 0.100000
v -15.161701 -1.263475 0.100000
v -14.529964 -1.263475 0.100000
v -13.898226 -1.263475 0.100000
v -13.266489 -1.263475 0.100000
v -12.634751 -1.263475 0.100000
v -12.003013 -1.263475 0.100000
v -11.371276 -1.263475 0.100000
v -10.739538 -1.263475 0.100000
v -10.107801 -1.263475 0.100000
v -9.476063 -1.263475 0.100000
v -8.844326 -1.263475 0.100000
v -8.212588 -1.263475 0.100000
v -7.580851 -1.263475 0.100000
v -6.949113 -1.263475 0.100000
v -6.317375 -1.263475 0.100000
v -5.685638 -1.263475 0.100000
v -5.053900 -1.263475 0.100000
v -4.422163 -1.263475 0.100000
v -3.790425 -1.263475 0.100000
v -3.158688 -1.263475 0.100000
v -2.526950 -1.263475 0.100000
v -1.895213 -1.263475 0.100000
v -1.263475 -1.263475 0.100000
v -0.631738 -1.263475 0.100000
v 0.000000 -1.263475 0.100000
v 0.631738 -1.263475 0.100000
v 1.263475 -1.263475 0.100000
v 1.895213 -1.263475 0.100000
v 2.526950 -1.263475 0.100000
v 3.158688 -1.263475 0.100000
v 3.790425 -1.263475 0.100000
v 4.422163 -1.263475 0.100000
v 5.053900 -1.263475 0.100000
v 5.685638 -1.263475 0.100000
v 6.317375 -1.263475 0.100000
v 6.949113 -1.263475 0.100000
v 7.580851 -1.263475 0.100000
v 8.212588 -1.263475 0.100000
v 8.844326 -1.263475 0.100000
v 9.476063 -1.263475 0.100000
v 10.107801 -1.263475 0.100000
v 10.739538 -1.263475 0.100000
v 11.371276 -1.263475 0.100000
v 12.003013 -1.263475 0.100000
v 12.634751 -1.263475 0.100000
v 13.266489 -1.263475 0.100000
v 13.898226 -1.263475 0.100000
v 14.529964 -1.263475 0.100000
v 15.161701 -1.263475 0.100000
v 15.793439 -1.263475 0.100000
v 16.425176 -1.263475 0.100000
v 17.056914 -1.263475 0.100000
v 17.688651 -1.263475 0.100000
v 18.320389 -1.263475 0.100000
v 18.952126 -1.263475 0.100000
v 19.583864 -1.263475 0.100000
v 20.215602 -1.263475 0.100000
v 20.847339 -1.263475 0.100000
v 21.479077 -1.263475 0.100000
v 22.110814 -1.263475 0.100000
v 22.742552 -1.263475 0.100000
v 23.374289 -1.263475 0.100000
v 24.006027 -1.263475 0.100000
v 24.637764 -1.263475 0.100000
v 25.269502 -1.263475 0.100000
v -25.269502 -0.631738 0.100000
v -24.637764 -0.631738 0.100000
v -24.006027 -0.631738 0.100000
v -23.374289 -0.631738 0.100000
v -22.742552 -0.631738 0.100000
v -22.110814 -0.631738 0.100000
v -21.479077 -0.631738 0.100000
v -20.847339 -0.631738 0.100000
v -20.215602 -0.631738 0.100000
v -19.583864 -0.631738 0.100000
v -18.952126 -0.631738 0.100000
v -18.320389 -0.631738 0.100000
v -17.688651 -0.631738 0.100000
v -17.056914 -0.631738 0.100000
v -16.425176 -0.631738 0.100000
v -15.793439 -0.631738 0.100000
v -15.161701 -0.631738 0.100000
v -14.529964 -0.631738 0.100000
v -13.898226 -0.631738 0.100000
v -13.266489 -0.631738 0.100000
v -12.634751 -0.631738 0.100000
v -12.003013 -0.631738 0.100000
v -11.371276 -0.631738 0.100000
v -10.739538 -0.631738 0.100000
v -10.107801 -0.631738 0.100000
v -9.476063 -0.631738 0.100000
v -8.844326 -0.631738 0.100000
v -8.212588 -0.631738 0.100000
v -7.580851 -0.631738 0.100000
v -6.949113 -0.631738 0.100000
v -6.317375 -0.631738 0.100000
v -5.685638 -0.631738 0.100000
v -5.053900 -0.631738 0.100000
v -4.422163 -0.631738 0.100000
v -3.790425 -0.631738 0.100000
v -3.158688 -0.631738 0.100000
v -2.526950 -0.631738 0.100000
v -1.895213 -0.631738 0.100000
v -1.263475 -0.631738 0.100000
v -0.631738 -0.631738 0.100000
v 0.000000 -0.631738 0.100000
v 0.631738 -0.631738 0.100000
v 1.263475 -0.631738 0.100000
v 1.895213 -0.631738 0.100000
v 2.526950 -0.631738 0.100000
v 3.158688 -0.631738 0.100000
v 3.790425 -0.631738 0.100000
v 4.422163 -0.631738 0.100000
v 5.053900 -0.631738 0.100000
v 5.685638 -0.631738 0.100000
v 6.317375 -0.631738 0.100000
v 6.949113 -0.631738 0.100000
v 7.580851 -0.631738 0.100000
v 8.212588 -0.631738 0.100000
v 8.844326 -0.631738 0.100000
v 9.476063 -0.631738 0.100000
v 10.107801 -0.631738 0.100000
v 10.739538 -0.631738 0.100000
v 11.371276 -0.631738 0.100000
v 12.003013 -0.631738 0.100000
v 12.634751 -0.631738 0.100000
v 13.266489 -0.631738 0.100000
v 13.898226 -0.631738 0.100000
v 14.529964 -0.631738 0.100000
v 15.161701 -0.631738 0.100000
v 15.793439 -0.631738 0.100000
v 16.425176 -0.631738 0.100000
v 17.056914 -0.631738 0.100000
v 17.688651 -0.631738 0.100000
v 18.320389 -0.631738 0.100000
v 18.952126 -0.631738 0.100000
v 19.583864 -0.631738 0.100000
v 20.215602 -0.631738 0.100000
v 20.847339 -0.631738 0.100000
v 21.479077 -0.631738 0.100000
v 22.110814 -0.631738 0.100000
v 22.742552 -0.631738 0.100000
v 23.374289 -0.631738 0.100000
v 24.006027 -0.631738 0.100000
v 24.637764 -0.631738 0.100000
v 25.269502 -0.631738 0.100000
v -25.269502 0.000000 0.100000
v -24.637764 0.000000 0.100000
v -24.006027 0.000000 0.100000
v -23.374289 0.000000 0.100000
v -22.742552 0.000000 0.100000
v -22.110814 0.000000 0.100000
v -21.479077 0.000000 0.100000
v -20.847339 0.000000 0.100000
v -20.215602 0.000000 0.100000
v -19.583864 0.000000 0.100000
v -18.952126 0.000000 0.100000
v -18.320389 0.000000 0.100000
v -17.688651 0.000000 0.100000
v -17.056914 0.000000 0.100000
v -16.425176 0.000000 0.100000
v -15.793439 0.000000 0.100000
v -15.161701 0.000000 0.100000
v -14.529964 0.000000 0.100000
v -13.898226 0.000000 0.100000
v -13.266489 0.000000 0.100000
v -12.634751 0.000000 0.100000
v -12.003013 0.000000 0.100000
v -11.371276 0.000000 0.100000
v -10.739538 0.000000 0.100000
v -10.107801 0.000000 0.100000
v -9.476063 0.000000 0.100000
v -8.844326 0.000000 0.100000
v -8.212588 0.000000 0.100000
v -7.580851 0.000000 0.100000
v -6.949113 0.000000 0.100000
v -6.317375 0.000000 0.100000
v -5.685638 0.000000 0.100000
v -5.053900 0.000000 0.100000
v -4.422163 0.000000 0.100000
v -3.790425 0.000000 0.100000
v -3.158688 0.000000 0.100000
v -2.526950 0.000000 0.100000
v -1.895213 0.000000 0.100000
v -1.263475 0.000000 0.100000
v -0.631738 0.000000 0.100000
v 0.000000 0.000000 0.100000
v 0.631738 0.000000 0.100000
v 1.263475 0.000000 0.100000
v 1.895213 0.000000 0.100000
v 2.526950 0.000000 0.100000
v 3.158688 0.000000 0.100000
v 3.790425 0.000000 0.100000
v 4.422163 0.000000 0.100000
v 5.053900 0.000000 0.100000
v 5.685638 0.000000 0.100000
v 6.317375 0.000000 0.100000
v 6.949113 0.000000 0.100000
v 7.580851 0.000000 0.100000
v 8.212588 0.000000 0.100000
v 8.844326 0.000000 0.100000
v 9.476063 0.000000 0.100000
v 10.107801 0.000000 0.100000
v 10.739538 0.000000 0.100000
v 11.371276 0.000000 0.100000
v 12.003013 0.000000 0.100000
v 12.634751 0.000000 0.100000
v 13.266489 0.000000 0.100000
v 13.898226 0.000000 0.100000
v 14.529964 0.000000 0.100000
v 15.161701 0.000000 0.100000
v 15.793439 0.000000 0.100000
v 16.425176 0.000000 0.100000
v 17.056914 0.000000 0.100000
v 17.688651 0.000000 0.100000
v 18.320389 0.000000 0.100000
v 18.952126 0.000000 0.100000
v 19.583864 0.000000 0.100000
v 20.215602 0.000000 0.100000
v 20.847339 0.000000 0.100000
v 21.479077 0.000000 0.100000
v 22.110814 0.000000 0.100000
v 22.742552 0.000000 0.100000
v 23.374289 0.000000 0.100000
v 24.006027 0.000000 0.100000
v 24.637764 0.000000 0.100000
v 25.269502 0.000000 0.100000
v -25.269502 0.631738 0.100000
v -24.637764 0.631738 0.100000
v -24.006027 0.631738 0.100000
v -23.374289 0.631738 0.100000
v -22.742552 0.631738 0.100000
v -22.110814 0.631738 0.100000
v -21.479077 0.631738 0.100000
v -20.847339 0.631738 0.100000
v -20.215602 0.631738 0.100000
v -19.583864 0.631738 0.100000
v -18.952126 0.631738 0.100000
v -18.320389 0.631738 0.100000
v -17.688651 0.631738 0.100000
v -17.056914 0.631738 0.100000
v -16.425176 0.631738 0.100000
v -15.793439 0.631738 0.100000
v -15.161701 0.631738 0.100000
v -14.529964 0.631738 0.100000
v -13.898226 0.631738 0.100000
v -13.266489 0.631738 0.100000
v -12.634751 0.631738 0.100000
v -12.003013 0.631738 0.100000
v -11.371276 0.631738 0.100000
v -10.739538 0.631738 0.100000
v -10.107801 0.631738 0.100000
v -9.476063 0.631738 0.100000
v -8.844326 0.631738 0.100000
v -8.212588 0.631738 0.100000
v -7.580851 0.631738 0.100000
v -6.949113 0.631738 0.100000
v -6.317375 0.631738 0.100000
v -5.685638 0.631738 0.100000
v -5.053900 0.631738 0.100000
v -4.422163 0.631738 0.100000
v -3.790425 0.631738 0.100000
v -3.158688 0.631738 0.100000
v -2.526950 0.631738 0.100000
v -1.895213 0.631738 0.100000
v -1.263475 0.631738 0.100000
v -0.631738 0.631738 0.100000
v 0.000000 0.631738 0.100000
v 0.631738 0.631738 0.100000
v 1.263475 0.631738 0.100000
v 1.895213 0.631738 0.100000
v 2.526950 0.631738 0.100000
v 3.158688 0.631738 0.100000
v 3.790425 0.631738 0.100000
v 4.422163 0.631738 0.100000
v 5.053900 0.631738 0.100000
v 5.685638 0.631738 0.100000
v 6.317375 0.631738 0.100000
v 6.949113 0.631738 0.100000
v 7.580851 0.631738 0.100000
v 8.212588 0.631738 0.100000
v 8.844326 0.631738 0.100000
v 9.476063 0.631738 0.100000
v 10.107801 0.631738 0.100000
v 10.739538 0.631738 0.100000
v 11.371276 0.631738 0.100000
v 12.003013 0.631738 0.100000
v 12.634751 0.631738 0.100000
v 13.266489 0.631738 0.100000
v 13.898226 0.631738 0.100000
v 14.529964 0.631738 0.100000
v 15.161701 0.631738 0.100000
v 15.793439 0.631738 0.100000
v 16.425176 0.631738 0.100000
v 17.056914 0.631738 0.100000
v 17.688651 0.631738 0.100000
v 18.320389 0.631738 0.100000
v 18.952126 0.631738 0.100000
v 19.583864 0.631738 0.100000
v 20.215602 0.631738 0.100000
v 20.847339 0.631738 0.100000
v 21.479077 0.631738 0.100000
v 22.110814 0.631738 0.100000
v 22.742552 0.631738 0.100000
v 23.374289 0.631738 0.100000
v 24.006027 0.631738 0.100000
v 24.637764 0.631738 0.100000
v 25.269502 0.631738 0.100000
v -25.269502 1.263475 0.100000
v -24.637764 1.263475 0.100000
v -24.006027 1.263475 0.100000
v -23.374289 1.263475 0.100000
v -22.742552 1.263475 0.100000
v -22.110814 1.263475 0.100000
v -21.479077 1.263475 0.100000
v -20.847339 1.263475 0.100000
v -20.215602 1.263475 0.100000
v -19.583864 1.263475 0.100000
v -18.952126 1.263475 0.100000
v -18.320389 1.263475 0.100000
v -17.688651 1.263475 0.100000
v -17.056914 1.263475 0.100000
v -16.425176 1.263475 0.100000
v -15.793439 1.263475 0.100000
v -15.161701 1.263475 0.100000
v -14.529964 1.263475 0.100000
v -13.898226 1.263475 0.100000
v -13.266489 1.263475 0.100000
v -12.634751 1.263475 0.100000
v -12.003013 1.263475 0.100000
v -11.371276 1.263475 0.100000
v -10.739538 1.263475 0.100000
v -10.107801 1.263475 0.100000
v -9.476063 1.263475 0.100000
v -8.844326 1.263475 0.100000
v -8.212588 1.263475 0.100000
v -7.580851 1.263475 0.100000
v -6.949113 1.263475 0.100000
v -6.317375 1.263475 0.100000
v -5.685638 1.263475 0.100000
v -5.053900 1.263475 0.100000
v -4.422163 1.263475 0.100000
v -3.790425 1.263475 0.100000
v -3.158688 1.263475 0.100000
v -2.526950 1.263475 0.100000
v -1.895213 1.263475 0.100000
v -1.263475 1.263475 0.100000
v -0.631738 1.263475 0.100000
v 0.000000 1.263475 0.100000
v 0.631738 1.263475 0.100000
v 1.263475 1.263475 0.100000
v 1.895213 1.263475 0.100000
v 2.526950 1.263475 0.100000
v 3.158688 1.263475 0.100000
v 3.790425 1.263475 0.100000
v 4.422163 1.263475 0.100000
v 5.053900 1.263475 0.100000
v 5.685638 1.263475 0.100000
v 6.317375 1.263475 0.100000
v 6.949113 1.263475 0.100000
v 7.580851 1.263475 0.100000
v 8.212588 1.263475 0.100000
v 8.844326 1.263475 0.100000
v 9.476063 1.263475 0.100000
v 10.107801 1.263475 0.100000
v 10.739538 1.263475 0.100000
v 11.371276 1.263475 0.100000
v 12.003013 1.263475 0.100000
v 12.634751 1.263475 0.100000
v 13.266489 1.263475 0.100000
v 13.898226 1.263475 0.100000
v 14.529964 1.263475 0.100000
v 15.161701 1.263475 0.100000
v 15.793439 1.263475 0.100000
v 16.425176 1.263475 0.100000
v 17.056914 1.263475 0.100000
v 17.688651 1.263475 0.100000
v 18.320389 1.263475 0.100000
v 18.952126 1.263475 0.100000
v 19.583864 1.263475 0.100000
v 20.215602 1.263475 0.100000
v 20.847339 1.263475 0.100000
v 21.479077 1.263475 0.100000
v 22.110814 1.263475 0.100000
v 22.742552 1.263475 0.100000
v 23.374289 1.263475 0.100000
v 24.006027 1.263475 0.100000
v 24.637764 1.263475 0.100000
v 25.269502 1.263475 0.100000
v -25.269502 1.895213 0.100000
v -24.637764 1.895213 0.100000
v -24.006027 1.895213 0.100000
v -23.374289 1.895213 0.100000
v -22.742552 1.895213 0.100000
v -22.110814 1.895213 0.100000
v -21.479077 1.895213 0.100000
v -20.847339 1.895213 0.100000
v -20.215602 1.895213 0.100000
v -19.583864 1.895213 0.100000
v -18.952126 1.895213 0.100000
v -18.320389 1.895213 0.100000
v -17.688651 1.895213 0.100000
v -17.056914 1.895213 0.100000
v -16.425176 1.895213 0.100000
v -15.793439 1.895213 0.100000
v -15.161701 1.895213 0.100000
v -14.529964 1.895213 0.100000
v -13.898226 1.895213 0.100000
v -13.266489 1.895213 0.100000
v -12.634751 1.895213 0.100000
v -12.003013 1.895213 0.100000
v -11.371276 1.895213 0.100000
v -10.739538 1.895213 0.100000
v -10.107801 1.895213 0.100000
v -9.476063 1.895213 0.100000
v -8.844326 1.895213 0.100000
v -8.212588 1.895213 0.100000
v -7.580851 1.895213 0.100000
v -6.949113 1.895213 0.100000
v -6.317375 1.895213 0.100000
v -5.685638 1.895213 0.100000
v -5.053900 1.895213 0.100000
v -4.422163 1.895213 0.100000
v -3.790425 1.895213 0.100000
v -3.158688 1.895213 0.100000
v -2.526950 1.895213 0.100000
v -1.895213 1.895213 0.100000
v -1.263475 1.895213 0.100000
v -0.631738 1.895213 0.100000
v 0.000000 1.895213 0.100000
v 0.631738 1.895213 0.100000
v 1.263475 1.895213 0.100000
v 1.895213 1.895213 0.100000
v 2.526950 1.895213 0.100000
v 3.158688 1.895213 0.100000
v 3.790425 1.895213 0.100000
v 4.422163 1.895213 0.100000
v 5.053900 1.895213 0.100000
v 5.685638 1.895213 0.100000
v 6.317375 1.895213 0.100000
v 6.949113 1.895213 0.100000
v 7.580851 1.895213 0.100000
v 8.212588 1.895213 0.100000
v 8.844326 1.895213 0.100000
v 9.476063 1.895213 0.100000
v 10.107801 1.895213 0.100000
v 10.739538 1.895213 0.100000
v 11.371276 1.895213 0.100000
v 12.003013 1.895213 0.100000
v 12.634751 1.895213 0.100000
v 13.266489 1.895213 0.100000
v 13.898226 1.895213 0.100000
v 14.529964 1.895213 0.100000
v 15.161701 1.895213 0.100000
v 15.793439 1.895213 0.100000
v 16.425176 1.895213 0.100000
v 17.056914 1.895213 0.100000
v 17.688651 1.895213 0.100000
v 18.320389 1.895213 0.100000
v 18.952126 1.895213 0.100000
v 19.583864 1.895213 0.100000
v 20.215602 1.895213 0.100000
v 20.847339 1.895213 0.100000
v 21.479077 1.895213 0.100000
v 22.110814 1.895213 0.100000
v 22.742552 1.895213 0.100000
v 23.374289 1.895213 0.100000
v 24.006027 1.895213 0.100000
v 24.637764 1.895213 0.100000
v 25.269502 1.895213 0.100000
v -25.269502 2.526950 0.100000
v -24.637764 2.526950 0.100000
v -24.006027 2.526950 0.100000
v -23.374289 2.526950 0.100000
v -22.742552 2.526950 0.100000
v -22.110814 2.526950 0.100000
v -21.479077 2.526950 0.100000
v -20.847339 2.526950 0.100000
v -20.215602 2.526950 0.100000
v -19.583864 2.526950 0.100000
v -18.952126 2.526950 0.100000
v -18.320389 2.526950 0.100000
v -17.688651 2.526950 0.100000
v -17.056914 2.526950 0.100000
v -16.425176 2.526950 0.100000
v -15.793439 2.526950 0.100000
v -15.161701 2.526950 0.100000
v -14.529964 2.526950 0.100000
v -13.898226 2.526950 0.100000
v -13.266489 2.526950 0.100000
v -12.634751 2.526950 0.100000
v -12.003013 2.526950 0.100000
v -11.371276 2.526950 0.100000
v -10.739538 2.526950 0.100000
v -10.107801 2.526950 0.100000
v -9.476063 2.526950 0.100000
v -8.844326 2.526950 0.100000
v -8.212588 2.526950 0.100000
v -7.580851 2.526950 0.100000
v -6.949113 2.526950 0.100000
v -6.317375 2.526950 0.100000
v -5.685638 2.526950 0.100000
v -5.053900 2.526950 0.100000
v -4.422163 2.526950 0.100000
v -3.790425 2.526950 0.100000
v -3.158688 2.526950 0.100000
v -2.526950 2.526950 0.100000
v -1.895213 2.526950 0.100000
v -1.263475 2.526950 0.100000
v -0.631738 2.526950 0.100000
v 0.000000 2.526950 0.100000
v 0.631738 2.526950 0.100000
v 1.263475 2.526950 0.100000
v 1.895213 2.526950 0.100000
v 2.526950 2.526950 0.100000
v 3.158688 2.526950 0.100000
v 3.790425 2.526950 0.100000
v 4.422163 2.526950 0.100000
v 5.053900 2.526950 0.100000
v 5.685638 2.526950 0.100000
v 6.317375 2.526950 0.100000
v 6.949113 2.526950 0.100000
v 7.580851 2.526950 0.100000
v 8.212588 2.526950 0.100000
v 8.844326 2.526950 0.100000
v 9.476063 2.526950 0.100000
v 10.107801 2.526950 0.100000
v 10.739538 2.526950 0.100000
v 11.371276 2.526950 0.100000
v 12.003013 2.526950 0.100000
v 12.634751 2.526950 0.100000
v 13.266489 2.526950 0.100000
v 13.898226 2.526950 0.100000
v 14.529964 2.526950 0.100000
v 15.161701 2.526950 0.100000
v 15.793439 2.526950 0.100000
v 16.425176 2.526950 0.100000
v 17.056914 2.526950 0.100000
v 17.688651 2.526950 0.100000
v 18.320389 2.526950 0.100000
v 18.952126 2.526950 0.100000
v 19.583864 2.526950 0.100000
v 20.215602 2.526950 0.100000
v 20.847339 2.526950 0.100000
v 21.479077 2.526950 0.100000
v 22.110814 2.526950 0.100000
v 22.742552 2.526950 0.100000
v 23.374289 2.526950 0.100000
v 24.006027 2.526950 0.100000
v 24.637764 2.526950 0.100000
v 25.269502 2.526950 0.100000
v -25.269502 3.158688 0.100000
v -24.637764 3.158688 0.100000
v -24.006027 3.158688 0.100000
v -23.374289 3.158688 0.100000
v -22.742552 3.158688 0.100000
v -22.110814 3.158688 0.100000
v -21.479077 3.158688 0.100000
v -20.847339 3.158688 0.100000
v -20.215602 3.158688 0.100000
v -19.583864 3.158688 0.100000
v -18.952126 3.158688 0.100000
v -18.320389 3.158688 0.100000
v -17.688651 3.158688 0.100000
v -17.056914 3.158688 0.100000
v -16.425176 3.158688 0.100000
v -15.793439 3.158688 0.100000
v -15.161701 3.158688 0.100000
v -14.529964 3.158688 0.100000
v -13.898226 3.158688 0.100000
v -13.266489 3.158688 0.100000
v -12.634751 3.158688 0.100000
v -12.003013 3.158688 0.100000
v -11.371276 3.158688 0.100000
v -10.739538 3.158688 0.100000
v -10.107801 3.158688 0.100000
v -9.476063 3.158688 0.100000
v -8.844326 3.158688 0.100000
v -8.212588 3.158688 0.100000
v -7.580851 3.158688 0.100000
v -6.949113 3.158688 0.100000
v -6.317375 3.158688 0.100000
v -5.685638 3.158688 0.100000
v -5.053900 3.158688 0.100000
v -4.422163 3.158688 0.100000
v -3.790425 3.158688 0.100000
v -3.158688 3.158688 0.100000
v -2.526950 3.158688 0.100000
v -1.895213 3.158688 0.100000
v -1.263475 3.158688 0.100000
v -0.631738 3.158688 0.100000
v 0.000000 3.158688 0.100000
v 0.631738 3.158688 0.100000
v 1.263475 3.158688 0.100000
v 1.895213 3.158688 0.100000
v 2.526950 3.158688 0.100000
v 3.158688 3.158688 0.100000
v 3.790425 3.158688 0.100000
v 4.422163 3.158688 0.100000
v 5.053900 3.158688 0.100000
v 5.685638 3.158688 0.100000
v 6.317375 3.158688 0.100000
v 6.949113 3.158688 0.100000
v 7.580851 3.158688 0.100000
v 8.212588 3.158688 0.100000
v 8.844326 3.158688 0.100000
v 9.476063 3.158688 0.100000
v 10.107801 3.158688 0.100000
v 10.739538 3.158688 0.100000
v 11.371276 3.158688 0.100000
v 12.003013 3.158688 0.100000
v 12.634751 3.158688 0.100000
v 13.266489 3.158688 0.100000
v 13.898226 3.158688 0.100000
v 14.529964 3.158688 0.100000
v 15.161701 3.158688 0.100000
v 15.793439 3.158688 0.100000
v 16.425176 3.158688 0.100000
v 17.056914 3.158688 0.100000
v 17.688651 3.158688 0.100000
v 18.320389 3.158688 0.100000
v 18.952126 3.158688 0.100000
v 19.583864 3.158688 0.100000
v 20.215602 3.158688 0.100000
v 20.847339 3.158688 0.100000
v 21.479077 3.158688 0.100000
v 22.110814 3.158688 0.100000
v 22.742552 3.158688 0.100000
v 23.374289 3.158688 0.100000
v 24.006027 3.158688 0.100000
v 24.637764 3.158688 0.100000
v 25.269502 3.158688 0.100000
v -25.269502 3.790425 0.100000
v -24.637764 3.790425 0.100000
v -24.006027 3.790425 0.100000
v -23.374289 3.790425 0.100000
v -22.742552 3.790425 0.100000
v -22.110814 3.790425 0.100000
v -21.479077 3.790425 0.100000
v -20.847339 3.790425 0.100000
v -20.215602 3.790425 0.100000
v -19.583864 3.790425 0.100000
v -18.952126 3.790425 0.100000
v -18.320389 3.790425 0.100000
v -17.688651 3.790425 0.100000
v -17.056914 3.790425 0.100000
v -16.425176 3.790425 0.100000
v -15.793439 3.790425 0.100000
v -15.161701 3.790425 0.100000
v -14.529964 3.790425 0.100000
v -13.898226 3.790425 0.100000
v -13.266489 3.790425 0.100000
v -12.634751 3.790425 0.100000
v -12.003013 3.790425 0.100000
v -11.371276 3.790425 0.100000
v -10.739538 3.790425 0.100000
v -10.107801 3.790425 0.100000
v -9.476063 3.790425 0.100000
v -8.844326 3.790425 0.100000
v -8.212588 3.790425 0.100000
v -7.580851 3.790425 0.100000
v -6.949113 3.790425 0.100000
v -6.317375 3.790425 0.100000
v -5.685638 3.790425 0.100000
v -5.053900 3.790425 0.100000
v -4.422163 3.790425 0.100000
v -3.790425 3.790425 0.100000
v -3.158688 3.790425 0.100000
v -2.526950 3.790425 0.100000
v -1.895213 3.790425 0.100000
v -1.263475 3.790425 0.100000
v -0.631738 3.790425 0.100000
v 0.000000 3.790425 0.100000
v 0.631738 3.790425 0.100000
v 1.263475 3.790425 0.100000
v 1.895213 3.790425 0.100000
v 2.526950 3.790425 0.100000
v 3.158688 3.790425 0.100000
v 3.790425 3.790425 0.100000
v 4.422163 3.790425 0.100000
v 5.053900 3.790425 0.100000
v 5.685638 3.790425 0.100000
v 6.317375 3.790425 0.100000
v 6.949113 3.790425 0.100000
v 7.580851 3.790425 0.100000
v 8.212588 3.790425 0.100000
v 8.844326 3.790425 0.100000
v 9.476063 3.790425 0.100000
v 10.107801 3.790425 0.100000
v 10.739538 3.790425 0.100000
v 11.371276 3.790425 0.100000
v 12.003013 3.790425 0.100000
v 12.634751 3.790425 0.100000
v 13.266489 3.790425 0.100000
v 13.898226 3.790425 0.100000
v 14.529964 3.790425 0.100000
v 15.161701 3.790425 0.100000
v 15.793439 3.790425 0.100000
v 16.425176 3.790425 0.100000
v 17.056914 3.790425 0.100000
v 17.688651 3.790425 0.100000
v 18.320389 3.790425 0.100000
v 18.952126 3.790425 0.100000
v 19.583864 3.790425 0.100000
v 20.215602 3.790425 0.100000
v 20.847339 3.790425 0.100000
v 21.479077 3.790425 0.100000
v 22.110814 3.790425 0.100000
v 22.742552 3.790425 0.100000
v 23.374289 3.790425 0.100000
v 24.006027 3.790425 0.100000
v 24.637764 3.790425 0.100000
v 25.269502 3.790425 0.100000
v -25.269502 4.422163 0.100000
v -24.637764 4.422163 0.100000
v -24.006027 4.422163 0.100000
v -23.374289 4.422163 0.100000
v -22.742552 4.422163 0.100000
v -22.110814 4.422163 0.100000
v -21.479077 4.422163 0.100000
v -20.847339 4.422163 0.100000
v -20.215602 4.422163 0.100000
v -19.583864 4.422163 0.100000
v -18.952126 4.422163 0.100000
v -18.320389 4.422163 0.100000
v -17.688651 4.422163 0.100000
v -17.056914 4.422163 0.100000
v -16.425176 4.422163 0.100000
v -15.793439 4.422163 0.100000
v -15.161701 4.422163 0.100000
v -14.529964 4.422163 0.100000
v -13.898226 4.422163 0.100000
v -13.266489 4.422163 0.100000
v -12.634751 4.422163 0.100000
v -12.003013 4.422163 0.100000
v -11.371276 4.422163 0.100000
v -10.739538 4.422163 0.100000
v -10.107801 4.422163 0.100000
v -9.476063 4.422163 0.100000
v -8.844326 4.422163 0.100000
v -8.212588 4.422163 0.100000
v -7.580851 4.422163 0.100000
v -6.949113 4.422163 0.100000
v -6.317375 4.422163 0.100000
v -5.685638 4.422163 0.100000
v -5.053900 4.422163 0.100000
v -4.422163 4.422163 0.100000
v -3.790425 4.422163 0.100000
v -3.158688 4.422163 0.100000
v -2.526950 4.422163 0.100000
v -1.895213 4.422163 0.100000
v -1.263475 4.422163 0.100000
v -0.631738 4.422163 0.100000
v 0.000000 4.422163 0.100000
v 0.631738 4.422163 0.100000
v 1.263475 4.422163 0.100000
v 1.895213 4.422163 0.100000
v 2.526950 4.422163 0.100000
v 3.158688 4.422163 0.100000
v 3.790425 4.422163 0.100000
v 4.422163 4.422163 0.100000
v 5.053900 4.422163 0.100000
v 5.685638 4.422163 0.100000
v 6.317375 4.422163 0.100000
v 6.949113 4.422163 0.100000
v 7.580851 4.422163 0.100000
v 8.212588 4.422163 0.100000
v 8.844326 4.422163 0.100000
v 9.476063 4.422163 0.100000
v 10.107801 4.422163 0.100000
v 10.739538 4.422163 0.100000
v 11.371276 4.422163 0.100000
v 12.003013 4.422163 0.100000
v 12.634751 4.422163 0.100000
v 13.266489 4.422163 0.100000
v 13.898226 4.422163 0.100000
v 14.529964 4.422163 0.100000
v 15.161701 4.422163 0.100000
v 15.793439 4.422163 0.100000
v 16.425176 4.422163 0.100000
v 17.056914 4.422163 0.100000
v 17.688651 4.422163 0.100000
v 18.320389 4.422163 0.100000
v 18.952126 4.422163 0.100000
v 19.583864 4.422163 0.100000
v 20.215602 4.422163 0.100000
v 20.847339 4.422163 0.100000
v 21.479077 4.422163 0.100000
v 22.110814 4.422163 0.100000
v 22.742552 4.422163 0.100000
v 23.374289 4.422163 0.100000
v 24.006027 4.422163 0.100000
v 24.637764 4.422163 0.100000
v 25.269502 4.422163 0.100000
v -25.269502 5.053900 0.100000
v -24.637764 5.053900 0.100000
v -24.006027 5.053900 0.100000
v -23.374289 5.053900 0.100000
v -22.742552 5.053900 0.100000
v -22.110814 5.053900 0.100000
v -21.479077 5.053900 0.100000
v -20.847339 5.053900 0.100000
v -20.215602 5.053900 0.100000
v -19.583864 5.053900 0.100000
v -18.952126 5.053900 0.100000
v -18.320389 5.053900 0.100000
v -17.688651 5.053900 0.100000
v -17.056914 5.053900 0.100000
v -16.425176 5.053900 0.100000
v -15.793439 5.053900 0.100000
v -15.161701 5.053900 0.100000
v -14.529964 5.053900 0.100000
v -13.898226 5.053900 0.100000
v -13.266489 5.053900 0.100000
v -12.634751 5.053900 0.100000
v -12.003013 5.053900 0.100000
v -11.371276 5.053900 0.100000
v -10.739538 5.053900 0.100000
v -10.107801 5.053900 0.100000
v -9.476063 5.053900 0.100000
v -8.844326 5.053900 0.100000
v -8.212588 5.053900 0.100000
v -7.580851 5.053900 0.100000
v -6.949113 5.053900 0.100000
v -6.317375 5.053900 0.100000
v -5.685638 5.053900 0.100000
v -5.053900 5.053900 0.100000
v -4.422163 5.053900 0.100000
v -3.790425 5.053900 0.100000
v -3.158688 5.053900 0.100000
v -2.526950 5.053900 0.100000
v -1.895213 5.053900 0.100000
v -1.263475 5.053900 0.100000
v -0.631738 5.053900 0.100000
v 0.000000 5.053900 0.100000
v 0.631738 5.053900 0.100000
v 1.263475 5.053900 0.100000
v 1.895213 5.053900 0.100000
v 2.526950 5.053900 0.100000
v 3.158688 5.053900 0.100000
v 3.790425 5.053900 0.100000
v 4.422163 5.053900 0.100000
v 5.053900 5.053900 0.100000
v 5.685638 5.053900 0.100000
v 6.317375 5.053900 0.100000
v 6.949113 5.053900 0.100000
v 7.580851 5.053900 0.100000
v 8.212588 5.053900 0.100000
v 8.844326 5.053900 0.100000
v 9.476063 5.053900 0.100000
v 10.107801 5.053900 0.100000
v 10.739538 5.053900 0.100000
v 11.371276 5.053900 0.100000
v 12.003013 5.053900 0.100000
v 12.634751 5.053900 0.100000
v 13.266489 5.053900 0.100000
v 13.898226 5.053900 0.100000
v 14.529964 5.053900 0.100000
v 15.161701 5.053900 0.100000
v 15.793439 5.053900 0.100000
v 16.425176 5.053900 0.100000
v 17.056914 5.053900 0.100000
v 17.688651 5.053900 0.100000
v 18.320389 5.053900 0.100000
v 18.952126 5.053900 0.100000
v 19.583864 5.053900 0.100000
v 20.215602 5.053900 0.100000
v 20.847339 5.053900 0.100000
v 21.479077 5.053900 0.100000
v 22.110814 5.053900 0.100000
v 22.742552 5.053900 0.100000
v 23.374289 5.053900 0.100000
v 24.006027 5.053900 0.100000
v 24.637764 5.053900 0.100000
v 25.269502 5.053900 0.100000
v -25.269502 5.685638 0.100000
v -24.637764 5.685638 0.100000
v -24.006027 5.685638 0.100000
v -23.374289 5.685638 0.100000
v -22.742552 5.685638 0.100000
v -22.110814 5.685638 0.100000
v -21.479077 5.685638 0.100000
v -20.847339 5.685638 0.100000
v -20.215602 5.685638 0.100000
v -19.583864 5.685638 0.100000
v -18.952126 5.685638 0.100000
v -18.320389 5.685638 0.100000
v -17.688651 5.685638 0.100000
v -17.056914 5.685638 0.100000
v -16.425176 5.685638 0.100000
v -15.793439 5.685638 0.100000
v -15.161701 5.685638 0.100000
v -14.529964 5.685638 0.100000
v -13.898226 5.685638 0.100000
v -13.266489 5.685638 0.100000
v -12.634751 5.685638 0.100000
v -12.003013 5.685638 0.100000
v -11.371276 5.685638 0.100000
v -10.739538 5.685638 0.100000
v -10.107801 5.685638 0.100000
v -9.476063 5.685638 0.100000
v -8.844326 5.685638 0.100000
v -8.212588 5.685638 0.100000
v -7.580851 5.685638 0.100000
v -6.949113 5.685638 0.100000
v -6.317375 5.685638 0.100000
v -5.685638 5.685638 0.100000
v -5.053900 5.685638 0.100000
v -4.422163 5.685638 0.100000
v -3.790425 5.685638 0.100000
v -3.158688 5.685638 0.100000
v -2.526950 5.685638 0.100000
v -1.895213 5.685638 0.100000
v -1.263475 5.685638 0.100000
v -0.631738 5.685638 0.100000
v 0.000000 5.685638 0.100000
v 0.631738 5.685638 0.100000
v 1.263475 5.685638 0.100000
v 1.895213 5.685638 0.100000
v 2.526950 5.685638 0.100000
v 3.158688 5.685638 0.100000
v 3.790425 5.685638 0.100000
v 4.422163 5.685638 0.100000
v 5.053900 5.685638 0.100000
v 5.685638 5.685638 0.100000
v 6.317375 5.685638 0.100000
v 6.949113 5.685638 0.100000
v 7.580851 5.685638 0.100000
v 8.212588 5.685638 0.100000
v 8.844326 5.685638 0.100000
v 9.476063 5.685638 0.100000
v 10.107801 5.685638 0.100000
v 10.739538 5.685638 0.100000
v 11.371276 5.685638 0.100000
v 12.003013 5.685638 0.100000
v 12.634751 5.685638 0.100000
v 13.266489 5.685638 0.100000
v 13.898226 5.685638 0.100000
v 14.529964 5.685638 0.100000
v 15.161701 5.685638 0.100000
v 15.793439 5.685638 0.100000
v 16.425176 5.685638 0.100000
v 17.056914 5.685638 0.100000
v 17.688651 5.685638 0.100000
v 18.320389 5.685638 0.100000
v 18.952126 5.685638 0.100000
v 19.583864 5.685638 0.100000
v 20.215602 5.685638 0.100000
v 20.847339 5.685638 0.100000
v 21.479077 5.685638 0.100000
v 22.110814 5.685638 0.100000
v 22.742552 5.685638 0.100000
v 23.374289 5.685638 0.100000
v 24.006027 5.685638 0.100000
v 24.637764 5.685638 0.100000
v 25.269502 5.685638 0.100000
v -25.269502 6.317375 0.100000
v -24.637764 6.317375 0.100000
v -24.006027 6.317375 0.100000
v -23.374289 6.317375 0.100000
v -22.742552 6.317375 0.100000
v -22.110814 6.317375 0.100000
v -21.479077 6.317375 0.100000
v -20.847339 6.317375 0.100000
v -20.215602 6.317375 0.100000
v -19.583864 6.317375 0.100000
v -18.952126 6.317375 0.100000
v -18.320389 6.317375 0.100000
v -17.688651 6.317375 0.100000
v -17.056914 6.317375 0.100000
v -16.425176 6.317375 0.100000
v -15.793439 6.317375 0.100000
v -15.161701 6.317375 0.100000
v -14.529964 6.317375 0.100000
v -13.898226 6.317375 0.100000
v -13.266489 6.317375 0.100000
v -12.634751 6.317375 0.100000
v -12.003013 6.317375 0.100000
v -11.371276 6.317375 0.100000
v -10.739538 6.317375 0.100000
v -10.107801 6.317375 0.100000
v -9.476063 6.317375 0.100000
v -8.844326 6.317375 0.100000
v -8.212588 6.317375 0.100000
v -7.580851 6.317375 0.100000
v -6.949113 6.317375 0.100000
v -6.317375 6.317375 0.100000
v -5.685638 6.317375 0.100000
v -5.053900 6.317375 0.100000
v -4.422163 6.317375 0.100000
v -3.790425 6.317375 0.100000
v -3.158688 6.317375 0.100000
v -2.526950 6.317375 0.100000
v -1.895213 6.317375 0.100000
v -1.263475 6.317375 0.100000
v -0.631738 6.317375 0.100000
v 0.000000 6.317375 0.100000
v 0.631738 6.317375 0.100000
v 1.263475 6.317375 0.100000
v 1.895213 6.317375 0.100000
v 2.526950 6.317375 0.100000
v 3.158688 6.317375 0.100000
v 3.790425 6.317375 0.100000
v 4.422163 6.317375 0.100000
v 5.053900 6.317375 0.100000
v 5.685638 6.317375 0.100000
v 6.317375 6.317375 0.100000
v 6.949113 6.317375 0.100000
v 7.580851 6.317375 0.100000
v 8.212588 6.317375 0.100000
v 8.844326 6.317375 0.100000
v 9.476063 6.317375 0.100000
v 10.107801 6.317375 0.100000
v 10.739538 6.317375 0.100000
v 11.371276 6.317375 0.100000
v 12.003013 6.317375 0.100000
v 12.634751 6.317375 0.100000
v 13.266489 6.317375 0.100000
v 13.898226 6.317375 0.100000
v 14.529964 6.317375 0.100000
v 15.161701 6.317375 0.100000
v 15.793439 6.317375 0.100000
v 16.425176 6.317375 0.100000
v 17.056914 6.317375 0.100000
v 17.688651 6.317375 0.100000
v 18.320389 6.317375 0.100000
v 18.952126 6.317375 0.100000
v 19.583864 6.317375 0.100000
v 20.215602 6.317375 0.100000
v 20.847339 6.317375 0.100000
v 21.479077 6.317375 0.100000
v 22.110814 6.317375 0.100000
v 22.742552 6.317375 0.100000
v 23.374289 6.317375 0.100000
v 24.006027 6.317375 0.100000
v 24.637764 6.317375 0.100000
v 25.269502 6.317375 0.100000
v -25.269502 6.949113 0.100000
v -24.637764 6.949113 0.100000
v -24.006027 6.949113 0.100000
v -23.374289 6.949113 0.100000
v -22.742552 6.949113 0.100000
v -22.110814 6.949113 0.100000
v -21.479077 6.949113 0.100000
v -20.847339 6.949113 0.100000
v -20.215602 6.949113 0.100000
v -19.583864 6.949113 0.100000
v -18.952126 6.949113 0.100000
v -18.320389 6.949113 0.100000
v -17.688651 6.949113 0.100000
v -17.056914 6.949113 0.100000
v -16.425176 6.949113 0.100000
v -15.793439 6.949113 0.100000
v -15.161701 6.949113 0.100000
v -14.529964 6.949113 0.100000
v -13.898226 6.949113 0.100000
v -13.266489 6.949113 0.100000
v -12.634751 6.949113 0.100000
v -12.003013 6.949113 0.100000
v -11.371276 6.949113 0.100000
v -10.739538 6.949113 0.100000
v -10.107801 6.949113 0.100000
v -9.476063 6.949113 0.100000
v -8.844326 6.949113 0.100000
v -8.212588 6.949113 0.100000
v -7.580851 6.949113 0.100000
v -6.949113 6.949113 0.100000
v -6.317375 6.949113 0.100000
v -5.685638 6.949113 0.100000
v -5.053900 6.949113 0.100000
v -4.422163 6.949113 0.100000
v -3.790425 6.949113 0.100000
v -3.158688 6.949113 0.100000
v -2.526950 6.949113 0.100000
v -1.895213 6.949113 0.100000
v -1.263475 6.949113 0.100000
v -0.631738 6.949113 0.100000
v 0.000000 6.949113 0.100000
v 0.631738 6.949113 0.100000
v 1.263475 6.949113 0.100000
v 1.895213 6.949113 0.100000
v 2.526950 6.949113 0.100000
v 3.158688 6.949113 0.100000
v 3.790425 6.949113 0.100000
v 4.422163 6.949113 0.100000
v 5.053900 6.949113 0.100000
v 5.685638 6.949113 0.100000
v 6.317375 6.949113 0.100000
v 6.949113 6.949113 0.100000
v 7.580851 6.949113 0.100000
v 8.212588 6.949113 0.100000
v 8.844326 6.949113 0.100000
v 9.476063 6.949113 0.100000
v 10.107801 6.949113 0.100000
v 10.739538 6.949113 0.100000
v 11.371276 6.949113 0.100000
v 12.003013 6.949113 0.100000
v 12.634751 6.949113 0.100000
v 13.266489 6.949113 0.100000
v 13.898226 6.949113 0.100000
v 14.529964 6.949113 0.100000
v 15.161701 6.949113 0.100000
v 15.793439 6.949113 0.100000
v 16.425176 6.949113 0.100000
v 17.056914 6.949113 0.100000
v 17.688651 6.949113 0.100000
v 18.320389 6.949113 0.100000
v 18.952126 6.949113 0.100000
v 19.583864 6.949113 0.100000
v 20.215602 6.949113 0.100000
v 20.847339 6.949113 0.100000
v 21.479077 6.949113 0.100000
v 22.110814 6.949113 0.100000
v 22.742552 6.949113 0.100000
v 23.374289 6.949113 0.100000
v 24.006027 6.949113 0.100000
v 24.637764 6.949113 0.100000
v 25.269502 6.949113 0.100000
v -25.269502 7.580851 0.100000
v -24.637764 7.580851 0.100000
v -24.006027 7.580851 0.100000
v -23.374289 7.580851 0.100000
v -22.742552 7.580851 0.100000
v -22.110814 7.580851 0.100000
v -21.479077 7.580851 0.100000
v -20.847339 7.580851 0.100000
v -20.215602 7.580851 0.100000
v -19.583864 7.580851 0.100000
v -18.952126 7.580851 0.100000
v -18.320389 7.580851 0.100000
v -17.688651 7.580851 0.100000
v -17.056914 7.580851 0.100000
v -16.425176 7.580851 0.100000
v -15.793439 7.580851 0.100000
v -15.161701 7.580851 0.100000
v -14.529964 7.580851 0.100000
v -13.898226 7.580851 0.100000
v -13.266489 7.580851 0.100000
v -12.634751 7.580851 0.100000
v -12.003013 7.580851 0.100000
v -11.371276 7.580851 0.100000
v -10.739538 7.580851 0.100000
v -10.107801 7.580851 0.100000
v -9.476063 7.580851 0.100000
v -8.844326 7.580851 0.100000
v -8.212588 7.580851 0.100000
v -7.580851 7.580851 0.100000
v -6.949113 7.580851 0.100000
v -6.317375 7.580851 0.100000
v -5.685638 7.580851 0.100000
v -5.053900 7.580851 0.100000
v -4.422163 7.580851 0.100000
v -3.790425 7.580851 0.100000
v -3.158688 7.580851 0.100000
v -2.526950 7.580851 0.100000
v -1.895213 7.580851 0.100000
v -1.263475 7.580851 0.100000
v -0.631738 7.580851 0.100000
v 0.000000 7.580851 0.100000
v 0.631738 7.580851 0.100000
v 1.263475 7.580851 0.100000
v 1.895213 7.580851 0.100000
v 2.526950 7.580851 0.100000
v 3.158688 7.580851 0.100000
v 3.790425 7.580851 0.100000
v 4.422163 7.580851 0.100000
v 5.053900 7.580851 0.100000
v 5.685638 7.580851 0.100000
v 6.317375 7.580851 0.100000
v 6.949113 7.580851 0.100000
v 7.580851 7.580851 0.100000
v 8.212588 7.580851 0.100000
v 8.844326 7.580851 0.100000
v 9.476063 7.580851 0.100000
v 10.107801 7.580851 0.100000
v 10.739538 7.580851 0.100000
v 11.371276 7.580851 0.100000
v 12.003013 7.580851 0.100000
v 12.634751 7.580851 0.100000
v 13.266489 7.580851 0.100000
v 13.898226 7.580851 0.100000
v 14.529964 7.580851 0.100000
v 15.161701 7.580851 0.100000
v 15.793439 7.580851 0.100000
v 16.425176 7.580851 0.100000
v 17.056914 7.580851 0.100000
v 17.688651 7.580851 0.100000
v 18.320389 7.580851 0.100000
v 18.952126 7.580851 0.100000
v 19.583864 7.580851 0.100000
v 20.215602 7.580851 0.100000
v 20.847339 7.580851 0.100000
v 21.479077 7.580851 0.100000
v 22.110814 7.580851 0.100000
v 22.742552 7.580851 0.100000
v 23.374289 7.580851 0.100000
v 24.006027 7.580851 0.100000
v 24.637764 7.580851 0.100000
v 25.269502 7.580851 0.100000
v -25.269502 8.212588 0.100000
v -24.637764 8.212588 0.100000
v -24.006027 8.212588 0.100000
v -23.374289 8.212588 0.100000
v -22.742552 8.212588 0.100000
v -22.110814 8.212588 0.100000
v -21.479077 8.212588 0.100000
v -20.847339 8.212588 0.100000
v -20.215602 8.212588 0.100000
v -19.583864 8.212588 0.100000
v -18.952126 8.212588 0.100000
v -18.320389 8.212588 0.100000
v -17.688651 8.212588 0.100000
v -17.056914 8.212588 0.100000
v -16.425176 8.212588 0.100000
v -15.793439 8.212588 0.100000
v -15.161701 8.212588 0.100000
v -14.529964 8.212588 0.100000
v -13.898226 8.212588 0.100000
v -13.266489 8.212588 0.100000
v -12.634751 8.212588 0.100000
v -12.003013 8.212588 0.100000
v -11.371276 8.212588 0.100000
v -10.739538 8.212588 0.100000
v -10.107801 8.212588 0.100000
v -9.476063 8.212588 0.100000
v -8.844326 8.212588 0.100000
v -8.212588 8.212588 0.100000
v -7.580851 8.212588 0.100000
v -6.949113 8.212588 0.100000
v -6.317375 8.212588 0.100000
v -5.685638 8.212588 0.100000
v -5.053900 8.212588 0.100000
v -4.422163 8.212588 0.100000
v -3.790425 8.212588 0.100000
v -3.158688 8.212588 0.100000
v -2.526950 8.212588 0.100000
v -1.895213 8.212588 0.100000
v -1.263475 8.212588 0.100000
v -0.631738 8.212588 0.100000
v 0.000000 8.212588 0.100000
v 0.631738 8.212588 0.100000
v 1.263475 8.212588 0.100000
v 1.895213 8.212588 0.100000
v 2.526950 8.212588 0.100000
v 3.158688 8.212588 0.100000
v 3.790425 8.212588 0.100000
v 4.422163 8.212588 0.100000
v 5.053900 8.212588 0.100000
v 5.685638 8.212588 0.100000
v 6.317375 8.212588 0.100000
v 6.949113 8.212588 0.100000
v 7.580851 8.212588 0.100000
v 8.212588 8.212588 0.100000
v 8.844326 8.212588 0.100000
v 9.476063 8.212588 0.100000
v 10.107801 8.212588 0.100000
v 10.739538 8.212588 0.100000
v 11.371276 8.212588 0.100000
v 12.003013 8.212588 0.100000
v 12.634751 8.212588 0.100000
v 13.266489 8.212588 0.100000
v 13.898226 8.212588 0.100000
v 14.529964 8.212588 0.100000
v 15.161701 8.212588 0.100000
v 15.793439 8.212588 0.100000
v 16.425176 8.212588 0.100000
v 17.056914 8.212588 0.100000
v 17.688651 8.212588 0.100000
v 18.320389 8.212588 0.100000
v 18.952126 8.212588 0.100000
v 19.583864 8.212588 0.100000
v 20.215602 8.212588 0.100000
v 20.847339 8.212588 0.100000
v 21.479077 8.212588 0.100000
v 22.110814 8.212588 0.100000
v 22.742552 8.212588 0.100000
v 23.374289 8.212588 0.100000
v 24.006027 8.212588 0.100000
v 24.637764 8.212588 0.100000
v 25.269502 8.212588 0.100000
v -25.269502 8.844326 0.100000
v -24.637764 8.844326 0.100000
v -24.006027 8.844326 0.100000
v -23.374289 8.844326 0.100000
v -22.742552 8.844326 0.100000
v -22.110814 8.844326 0.100000
v -21.479077 8.844326 0.100000
v -20.847339 8.844326 0.100000
v -20.215602 8.844326 0.100000
v -19.583864 8.844326 0.100000
v -18.952126 8.844326 0.100000
v -18.320389 8.844326 0.100000
v -17.688651 8.844326 0.100000
v -17.056914 8.844326 0.100000
v -16.425176 8.844326 0.100000
v -15.793439 8.844326 0.100000
v -15.161701 8.844326 0.100000
v -14.529964 8.844326 0.100000
v -13.898226 8.844326 0.100000
v -13.266489 8.844326 0.100000
v -12.634751 8.844326 0.100000
v -12.003013 8.844326 0.100000
v -11.371276 8.844326 0.100000
v -10.739538 8.844326 0.100000
v -10.107801 8.844326 0.100000
v -9.476063 8.844326 0.100000
v -8.844326 8.844326 0.100000
v -8.212588 8.844326 0.100000
v -7.580851 8.844326 0.100000
v -6.949113 8.844326 0.100000
v -6.317375 8.844326 0.100000
v -5.685638 8.844326 0.100000
v -5.053900 8.844326 0.100000
v -4.422163 8.844326 0.100000
v -3.790425 8.844326 0.100000
v -3.158688 8.844326 0.100000
v -2.526950 8.844326 0.100000
v -1.895213 8.844326 0.100000
v -1.263475 8.844326 0.100000
v -0.631738 8.844326 0.100000
v 0.000000 8.844326 0.100000
v 0.631738 8.844326 0.100000
v 1.263475 8.844326 0.100000
v 1.895213 8.844326 0.100000
v 2.526950 8.844326 0.100000
v 3.158688 8.844326 0.100000
v 3.790425 8.844326 0.100000
v 4.422163 8.844326 0.100000
v 5.053900 8.844326 0.100000
v 5.685638 8.844326 0.100000
v 6.317375 8.844326 0.100000
v 6.949113 8.844326 0.100000
v 7.580851 8.844326 0.100000
v 8.212588 8.844326 0.100000
v 8.844326 8.844326 0.100000
v 9.476063 8.844326 0.100000
v 10.107801 8.844326 0.100000
v 10.739538 8.844326 0.100000
v 11.371276 8.844326 0.100000
v 12.003013 8.844326 0.100000
v 12.634751 8.844326 0.100000
v 13.266489 8.844326 0.100000
v 13.898226 8.844326 0.100000
v 14.529964 8.844326 0.100000
v 15.161701 8.844326 0.100000
v 15.793439 8.844326 0.100000
v 16.425176 8.844326 0.100000
v 17.056914 8.844326 0.100000
v 17.688651 8.844326 0.100000
v 18.320389 8.844326 0.100000
v 18.952126 8.844326 0.100000
v 19.583864 8.844326 0.100000
v 20.215602 8.844326 0.100000
v 20.847339 8.844326 0.100000
v 21.479077 8.844326 0.100000
v 22.110814 8.844326 0.100000
v 22.742552 8.844326 0.100000
v 23.374289 8.844326 0.100000
v 24.006027 8.844326 0.100000
v 24.637764 8.844326 0.100000
v 25.269502 8.844326 0.100000
v -25.269502 9.476063 0.100000
v -24.637764 9.476063 0.100000
v -24.006027 9.476063 0.100000
v -23.374289 9.476063 0.100000
v -22.742552 9.476063 0.100000
v -22.110814 9.476063 0.100000
v -21.479077 9.476063 0.100000
v -20.847339 9.476063 0.100000
v -20.215602 9.476063 0.100000
v -19.583864 9.476063 0.100000
v -18.952126 9.476063 0.100000
v -18.320389 9.476063 0.100000
v -17.688651 9.476063 0.100000
v -17.056914 9.476063 0.100000
v -16.425176 9.476063 0.100000
v -15.793439 9.476063 0.100000
v -15.161701 9.476063 0.100000
v -14.529964 9.476063 0.100000
v -13.898226 9.476063 0.100000
v -13.266489 9.476063 0.100000
v -12.634751 9.476063 0.100000
v -12.003013 9.476063 0.100000
v -11.371276 9.476063 0.100000
v -10.739538 9.476063 0.100000
v -10.107801 9.476063 0.100000
v -9.476063 9.476063 0.100000
v -8.844326 9.476063 0.100000
v -8.212588 9.476063 0.100000
v -7.580851 9.476063 0.100000
v -6.949113 9.476063 0.100000
v -6.317375 9.476063 0.100000
v -5.685638 9.476063 0.100000
v -5.053900 9.476063 0.100000
v -4.422163 9.476063 0.100000
v -3.790425 9.476063 0.100000
v -3.158688 9.476063 0.100000
v -2.526950 9.476063 0.100000
v -1.895213 9.476063 0.100000
v -1.263475 9.476063 0.100000
v -0.631738 9.476063 0.100000
v 0.000000 9.476063 0.100000
v 0.631738 9.476063 0.100000
v 1.263475 9.476063 0.100000
v 1.895213 9.476063 0.100000
v 2.526950 9.476063 0.100000
v 3.158688 9.476063 0.100000
v 3.790425 9.476063 0.100000
v 4.422163 9.476063 0.100000
v 5.053900 9.476063 0.100000
v 5.685638 9.476063 0.100000
v 6.317375 9.476063 0.100000
v 6.949113 9.476063 0.100000
v 7.580851 9.476063 0.100000
v 8.212588 9.476063 0.100000
v 8.844326 9.476063 0.100000
v 9.476063 9.476063 0.100000
v 10.107801 9.476063 0.100000
v 10.739538 9.476063 0.100000
v 11.371276 9.476063 0.100000
v 12.003013 9.476063 0.100000
v 12.634751 9.476063 0.100000
v 13.266489 9.476063 0.100000
v 13.898226 9.476063 0.100000
v 14.529964 9.476063 0.100000
v 15.161701 9.476063 0.100000
v 15.793439 9.476063 0.100000
v 16.425176 9.476063 0.100000
v 17.056914 9.476063 0.100000
v 17.688651 9.476063 0.100000
v 18.320389 9.476063 0.100000
v 18.952126 9.476063 0.100000
v 19.583864 9.476063 0.100000
v 20.215602 9.476063 0.100000
v 20.847339 9.476063 0.100000
v 21.479077 9.476063 0.100000
v 22.110814 9.476063 0.100000
v 22.742552 9.476063 0.100000
v 23.374289 9.476063 0.100000
v 24.006027 9.476063 0.100000
v 24.637764 9.476063 0.100000
v 25.269502 9.476063 0.100000
v -25.269502 10.107801 0.100000
v -24.637764 10.107801 0.100000
v -24.006027 10.107801 0.100000
v -23.374289 10.107801 0.100000
v -22.742552 10.107801 0.100000
v -22.110814 10.107801 0.100000
v -21.479077 10.107801 0.100000
v -20.847339 10.107801 0.100000
v -20.215602 10.107801 0.100000
v -19.583864 10.107801 0.100000
v -18.952126 10.107801 0.100000
v -18.320389 10.107801 0.100000
v -17.688651 10.107801 0.100000
v -17.056914 10.107801 0.100000
v -16.425176 10.107801 0.100000
v -15.793439 10.107801 0.100000
v -15.161701 10.107801 0.100000
v -14.529964 10.107801 0.100000
v -13.898226 10.107801 0.100000
v -13.266489 10.107801 0.100000
v -12.634751 10.107801 0.100000
v -12.003013 10.107801 0.100000
v -11.371276 10.107801 0.100000
v -10.739538 10.107801 0.100000
v -10.107801 10.107801 0.100000
v -9.476063 10.107801 0.100000
v -8.844326 10.107801 0.100000
v -8.212588 10.107801 0.100000
v -7.580851 10.107801 0.100000
v -6.949113 10.107801 0.100000
v -6.317375 10.107801 0.100000
v -5.685638 10.107801 0.100000
v -5.053900 10.107801 0.100000
v -4.422163 10.107801 0.100000
v -3.790425 10.107801 0.100000
v -3.158688 10.107801 0.100000
v -2.526950 10.107801 0.100000
v -1.895213 10.107801 0.100000
v -1.263475 10.107801 0.100000
v -0.631738 10.107801 0.100000
v 0.000000 10.107801 0.100000
v 0.631738 10.107801 0.100000
v 1.263475 10.107801 0.100000
v 1.895213 10.107801 0.100000
v 2.526950 10.107801 0.100000
v 3.158688 10.107801 0.100000
v 3.790425 10.107801 0.100000
v 4.422163 10.107801 0.100000
v 5.053900 10.107801 0.100000
v 5.685638 10.107801 0.100000
v 6.317375 10.107801 0.100000
v 6.949113 10.107801 0.100000
v 7.580851 10.107801 0.100000
v 8.212588 10.107801 0.100000
v 8.844326 10.107801 0.100000
v 9.476063 10.107801 0.100000
v 10.107801 10.107801 0.100000
v 10.739538 10.107801 0.100000
v 11.371276 10.107801 0.100000
v 12.003013 10.107801 0.100000
v 12.634751 10.107801 0.100000
v 13.266489 10.107801 0.100000
v 13.898226 10.107801 0.100000
v 14.529964 10.107801 0.100000
v 15.161701 10.107801 0.100000
v 15.793439 10.107801 0.100000
v 16.425176 10.107801 0.100000
v 17.056914 10.107801 0.100000
v 17.688651 10.107801 0.100000
v 18.320389 10.107801 0.100000
v 18.952126 10.107801 0.100000
v 19.583864 10.107801 0.100000
v 20.215602 10.107801 0.100000
v 20.847339 10.107801 0.100000
v 21.479077 10.107801 0.100000
v 22.110814 10.107801 0.100000
v 22.742552 10.107801 0.100000
v 23.374289 10.107801 0.100000
v 24.006027 10.107801 0.100000
v 24.637764 10.107801 0.100000
v 25.269502 10.107801 0.100000
v -25.269502 10.739538 0.100000
v -24.637764 10.739538 0.100000
v -24.006027 10.739538 0.100000
v -23.374289 10.739538 0.100000
v -22.742552 10.739538 0.100000
v -22.110814 10.739538 0.100000
v -21.479077 10.739538 0.100000
v -20.847339 10.739538 0.100000
v -20.215602 10.739538 0.100000
v -19.583864 10.739538 0.100000
v -18.952126 10.739538 0.100000
v -18.320389 10.739538 0.100000
v -17.688651 10.739538 0.100000
v -17.056914 10.739538 0.100000
v -16.425176 10.739538 0.100000
v -15.793439 10.739538 0.100000
v -15.161701 10.739538 0.100000
v -14.529964 10.739538 0.100000
v -13.898226 10.739538 0.100000
v -13.266489 10.739538 0.100000
v -12.634751 10.739538 0.100000
v -12.003013 10.739538 0.100000
v -11.371276 10.739538 0.100000
v -10.739538 10.739538 0.100000
v -10.107801 10.739538 0.100000
v -9.476063 10.739538 0.100000
v -8.844326 10.739538 0.100000
v -8.212588 10.739538 0.100000
v -7.580851 10.739538 0.100000
v -6.949113 10.739538 0.100000
v -6.317375 10.739538 0.100000
v -5.685638 10.739538 0.100000
v -5.053900 10.739538 0.100000
v -4.422163 10.739538 0.100000
v -3.790425 10.739538 0.100000
v -3.158688 10.739538 0.100000
v -2.526950 10.739538 0.100000
v -1.895213 10.739538 0.100000
v -1.263475 10.739538 0.100000
v -0.631738 10.739538 0.100000
v 0.000000 10.739538 0.100000
v 0.631738 10.739538 0.100000
v 1.263475 10.739538 0.100000
v 1.895213 10.739538 0.100000
v 2.526950 10.739538 0.100000
v 3.158688 10.739538 0.100000
v 3.790425 10.739538 0.100000
v 4.422163 10.739538 0.100000
v 5.053900 10.739538 0.100000
v 5.685638 10.739538 0.100000
v 6.317375 10.739538 0.100000
v 6.949113 10.739538 0.100000
v 7.580851 10.739538 0.100000
v 8.212588 10.739538 0.100000
v 8.844326 10.739538 0.100000
v 9.476063 10.739538 0.100000
v 10.107801 10.739538 0.100000
v 10.739538 10.739538 0.100000
v 11.371276 10.739538 0.100000
v 12.003013 10.739538 0.100000
v 12.634751 10.739538 0.100000
v 13.266489 10.739538 0.100000
v 13.898226 10.739538 0.100000
v 14.529964 10.739538 0.100000
v 15.161701 10.739538 0.100000
v 15.793439 10.739538 0.100000
v 16.425176 10.739538 0.100000
v 17.056914 10.739538 0.100000
v 17.688651 10.739538 0.100000
v 18.320389 10.739538 0.100000
v 18.952126 10.739538 0.100000
v 19.583864 10.739538 0.100000
v 20.215602 10.739538 0.100000
v 20.847339 10.739538 0.100000
v 21.479077 10.739538 0.100000
v 22.110814 10.739538 0.100000
v 22.742552 10.739538 0.100000
v 23.374289 10.739538 0.100000
v 24.006027 10.739538 0.100000
v 24.637764 10.739538 0.100000
v 25.269502 10.739538 0.100000
v -25.269502 11.371276 0.100000
v -24.637764 11.371276 0.100000
v -24.006027 11.371276 0.100000
v -23.374289 11.371276 0.100000
v -22.742552 11.371276 0.100000
v -22.110814 11.371276 0.100000
v -21.479077 11.371276 0.100000
v -20.847339 11.371276 0.100000
v -20.215602 11.371276 0.100000
v -19.583864 11.371276 0.100000
v -18.952126 11.371276 0.100000
v -18.320389 11.371276 0.100000
v -17.688651 11.371276 0.100000
v -17.056914 11.371276 0.100000
v -16.425176 11.371276 0.100000
v -15.793439 11.371276 0.100000
v -15.161701 11.371276 0.100000
v -14.529964 11.371276 0.100000
v -13.898226 11.371276 0.100000
v -13.266489 11.371276 0.100000
v -12.634751 11.371276 0.100000
v -12.003013 11.371276 0.100000
v -11.371276 11.371276 0.100000
v -10.739538 11.371276 0.100000
v -10.107801 11.371276 0.100000
v -9.476063 11.371276 0.100000
v -8.844326 11.371276 0.100000
v -8.212588 11.371276 0.100000
v -7.580851 11.371276 0.100000
v -6.949113 11.371276 0.100000
v -6.317375 11.371276 0.100000
v -5.685638 11.371276 0.100000
v -5.053900 11.371276 0.100000
v -4.422163 11.371276 0.100000
v -3.790425 11.371276 0.100000
v -3.158688 11.371276 0.100000
v -2.526950 11.371276 0.100000
v -1.895213 11.371276 0.100000
v -1.263475 11.371276 0.100000
v -0.631738 11.371276 0.100000
v 0.000000 11.371276 0.100000
v 0.631738 11.371276 0.100000
v 1.263475 11.371276 0.100000
v 1.895213 11.371276 0.100000
v 2.526950 11.371276 0.100000
v 3.158688 11.371276 0.100000
v 3.790425 11.371276 0.100000
v 4.422163 11.371276 0.100000
v 5.053900 11.371276 0.100000
v 5.685638 11.371276 0.100000
v 6.317375 11.371276 0.100000
v 6.949113 11.371276 0.100000
v 7.580851 11.371276 0.100000
v 8.212588 11.371276 0.100000
v 8.844326 11.371276 0.100000
v 9.476063 11.371276 0.100000
v 10.107801 11.371276 0.100000
v 10.739538 11.371276 0.100000
v 11.371276 11.371276 0.100000
v 12.003013 11.371276 0.100000
v 12.634751 11.371276 0.100000
v 13.266489 11.371276 0.100000
v 13.898226 11.371276 0.100000
v 14.529964 11.371276 0.100000
v 15.161701 11.371276 0.100000
v 15.793439 11.371276 0.100000
v 16.425176 11.371276 0.100000
v 17.056914 11.371276 0.100000
v 17.688651 11.371276 0.100000
v 18.320389 11.371276 0.100000
v 18.952126 11.371276 0.100000
v 19.583864 11.371276 0.100000
v 20.215602 11.371276 0.100000
v 20.847339 11.371276 0.100000
v 21.479077 11.371276 0.100000
v 22.110814 11.371276 0.100000
v 22.742552 11.371276 0.100000
v 23.374289 11.371276 0.100000
v 24.006027 11.371276 0.100000
v 24.637764 11.371276 0.100000
v 25.269502 11.371276 0.100000
v -25.269502 12.003013 0.100000
v -24.637764 12.003013 0.100000
v -24.006027 12.003013 0.100000
v -23.374289 12.003013 0.100000
v -22.742552 12.003013 0.100000
v -22.110814 12.003013 0.100000
v -21.479077 12.003013 0.100000
v -20.847339 12.003013 0.100000
v -20.215602 12.003013 0.100000
v -19.583864 12.003013 0.100000
v -18.952126 12.003013 0.100000
v -18.320389 12.003013 0.100000
v -17.688651 12.003013 0.100000
v -17.056914 12.003013 0.100000
v -16.425176 12.003013 0.100000
v -15.793439 12.003013 0.100000
v -15.161701 12.003013 0.100000
v -14.529964 12.003013 0.100000
v -13.898226 12.003013 0.100000
v -13.266489 12.003013 0.100000
v -12.634751 12.003013 0.100000
v -12.003013 12.003013 0.100000
v -11.371276 12.003013 0.100000
v -10.739538 12.003013 0.100000
v -10.107801 12.003013 0.100000
v -9.476063 12.003013 0.100000
v -8.844326 12.003013 0.100000
v -8.212588 12.003013 0.100000
v -7.580851 12.003013 0.100000
v -6.949113 12.003013 0.100000
v -6.317375 12.003013 0.100000
v -5.685638 12.003013 0.100000
v -5.053900 12.003013 0.100000
v -4.422163 12.003013 0.100000
v -3.790425 12.003013 0.100000
v -3.158688 12.003013 0.100000
v -2.526950 12.003013 0.100000
v -1.895213 12.003013 0.100000
v -1.263475 12.003013 0.100000
v -0.631738 12.003013 0.100000
v 0.000000 12.003013 0.100000
v 0.631738 12.003013 0.100000
v 1.263475 12.003013 0.100000
v 1.895213 12.003013 0.100000
v 2.526950 12.003013 0.100000
v 3.158688 12.003013 0.100000
v 3.790425 12.003013 0.100000
v 4.422163 12.003013 0.100000
v 5.053900 12.003013 0.100000
v 5.685638 12.003013 0.100000
v 6.317375 12.003013 0.100000
v 6.949113 12.003013 0.100000
v 7.580851 12.003013 0.100000
v 8.212588 12.003013 0.100000
v 8.844326 12.003013 0.100000
v 9.476063 12.003013 0.100000
v 10.107801 12.003013 0.100000
v 10.739538 12.003013 0.100000
v 11.371276 12.003013 0.100000
v 12.003013 12.003013 0.100000
v 12.634751 12.003013 0.100000
v 13.266489 12.003013 0.100000
v 13.898226 12.003013 0.100000
v 14.529964 12.003013 0.100000
v 15.161701 12.003013 0.100000
v 15.793439 12.003013 0.100000
v 16.425176 12.003013 0.100000
v 17.056914 12.003013 0.100000
v 17.688651 12.003013 0.100000
v 18.320389 12.003013 0.100000
v 18.952126 12.003013 0.100000
v 19.583864 12.003013 0.100000
v 20.215602 12.003013 0.100000
v 20.847339 12.003013 0.100000
v 21.479077 12.003013 0.100000
v 22.110814 12.003013 0.100000
v 22.742552 12.003013 0.100000
v 23.374289 12.003013 0.100000
v 24.006027 12.003013 0.100000
v 24.637764 12.003013 0.100000
v 25.269502 12.003013 0.100000
v -25.269502 12.634751 0.100000
v -24.637764 12.634751 0.100000
v -24.006027 12.634751 0.100000
v -23.374289 12.634751 0.100000
v -22.742552 12.634751 0.100000
v -22.110814 12.634751 0.100000
v -21.479077 12.634751 0.100000
v -20.847339 12.634751 0.100000
v -20.215602 12.634751 0.100000
v -19.583864 12.634751 0.100000
v -18.952126 12.634751 0.100000
v -18.320389 12.634751 0.100000
v -17.688651 12.634751 0.100000
v -17.056914 12.634751 0.100000
v -16.425176 12.634751 0.100000
v -15.793439 12.634751 0.100000
v -15.161701 12.634751 0.100000
v -14.529964 12.634751 0.100000
v -13.898226 12.634751 0.100000
v -13.266489 12.634751 0.100000
v -12.634751 12.634751 0.100000
v -12.003013 12.634751 0.100000
v -11.371276 12.634751 0.100000
v -10.739538 12.634751 0.100000
v -10.107801 12.634751 0.100000
v -9.476063 12.634751 0.100000
v -8.844326 12.634751 0.100000
v -8.212588 12.634751 0.100000
v -7.580851 12.634751 0.100000
v -6.949113 12.634751 0.100000
v -6.317375 12.634751 0.100000
v -5.685638 12.634751 0.100000
v -5.053900 12.634751 0.100000
v -4.422163 12.634751 0.100000
v -3.790425 12.634751 0.100000
v -3.158688 12.634751 0.100000
v -2.526950 12.634751 0.100000
v -1.895213 12.634751 0.100000
v -1.263475 12.634751 0.100000
v -0.631738 12.634751 0.100000
v 0.000000 12.634751 0.100000
v 0.631738 12.634751 0.100000
v 1.263475 12.634751 0.100000
v 1.895213 12.634751 0.100000
v 2.526950 12.634751 0.100000
v 3.158688 12.634751 0.100000
v 3.790425 12.634751 0.100000
v 4.422163 12.634751 0.100000
v 5.053900 12.634751 0.100000
v 5.685638 12.634751 0.100000
v 6.317375 12.634751 0.100000
v 6.949113 12.634751 0.100000
v 7.580851 12.634751 0.100000
v 8.212588 12.634751 0.100000
v 8.844326 12.634751 0.100000
v 9.476063 12.634751 0.100000
v 10.107801 12.634751 0.100000
v 10.739538 12.634751 0.100000
v 11.371276 12.634751 0.100000
v 12.003013 12.634751 0.100000
v 12.634751 12.634751 0.100000
v 13.266489 12.634751 0.100000
v 13.898226 12.634751 0.100000
v 14.529964 12.634751 0.100000
v 15.161701 12.634751 0.100000
v 15.793439 12.634751 0.100000
v 16.425176 12.634751 0.100000
v 17.056914 12.634751 0.100000
v 17.688651 12.634751 0.100000
v 18.320389 12.634751 0.100000
v 18.952126 12.634751 0.100000
v 19.583864 12.634751 0.100000
v 20.215602 12.634751 0.100000
v 20.847339 12.634751 0.100000
v 21.479077 12.634751 0.100000
v 22.110814 12.634751 0.100000
v 22.742552 12.634751 0.100000
v 23.374289 12.634751 0.100000
v 24.006027 12.634751 0.100000
v 24.637764 12.634751 0.100000
v 25.269502 12.634751 0.100000
v -25.269502 13.266489 0.100000
v -24.637764 13.266489 0.100000
v -24.006027 13.266489 0.100000
v -23.374289 13.266489 0.100000
v -22.742552 13.266489 0.100000
v -22.110814 13.266489 0.100000
v -21.479077 13.266489 0.100000
v -20.847339 13.266489 0.100000
v -20.215602 13.266489 0.100000
v -19.583864 13.266489 0.100000
v -18.952126 13.266489 0.100000
v -18.320389 13.266489 0.100000
v -17.688651 13.266489 0.100000
v -17.056914 13.266489 0.100000
v -16.425176 13.266489 0.100000
v -15.793439 13.266489 0.100000
v -15.161701 13.266489 0.100000
v -14.529964 13.266489 0.100000
v -13.898226 13.266489 0.100000
v -13.266489 13.266489 0.100000
v -12.634751 13.266489 0.100000
v -12.003013 13.266489 0.100000
v -11.371276 13.266489 0.100000
v -10.739538 13.266489 0.100000
v -10.107801 13.266489 0.100000
v -9.476063 13.266489 0.100000
v -8.844326 13.266489 0.100000
v -8.212588 13.266489 0.100000
v -7.580851 13.266489 0.100000
v -6.949113 13.266489 0.100000
v -6.317375 13.266489 0.100000
v -5.685638 13.266489 0.100000
v -5.053900 13.266489 0.100000
v -4.422163 13.266489 0.100000
v -3.790425 13.266489 0.100000
v -3.158688 13.266489 0.100000
v -2.526950 13.266489 0.100000
v -1.895213 13.266489 0.100000
v -1.263475 13.266489 0.100000
v -0.631738 13.266489 0.100000
v 0.000000 13.266489 0.100000
v 0.631738 13.266489 0.100000
v 1.263475 13.266489 0.100000
v 1.895213 13.266489 0.100000
v 2.526950 13.266489 0.100000
v 3.158688 13.266489 0.100000
v 3.790425 13.266489 0.100000
v 4.422163 13.266489 0.100000
v 5.053900 13.266489 0.100000
v 5.685638 13.266489 0.100000
v 6.317375 13.266489 0.100000
v 6.949113 13.266489 0.100000
v 7.580851 13.266489 0.100000
v 8.212588 13.266489 0.100000
v 8.844326 13.266489 0.100000
v 9.476063 13.266489 0.100000
v 10.107801 13.266489 0.100000
v 10.739538 13.266489 0.100000
v 11.371276 13.266489 0.100000
v 12.003013 13.266489 0.100000
v 12.634751 13.266489 0.100000
v 13.266489 13.266489 0.100000
v 13.898226 13.266489 0.100000
v 14.529964 13.266489 0.100000
v 15.161701 13.266489 0.100000
v 15.793439 13.266489 0.100000
v 16.425176 13.266489 0.100000
v 17.056914 13.266489 0.100000
v 17.688651 13.266489 0.100000
v 18.320389 13.266489 0.100000
v 18.952126 13.266489 0.100000
v 19.583864 13.266489 0.100000
v 20.215602 13.266489 0.100000
v 20.847339 13.266489 0.100000
v 21.479077 13.266489 0.100000
v 22.110814 13.266489 0.100000
v 22.742552 13.266489 0.100000
v 23.374289 13.266489 0.100000
v 24.006027 13.266489 0.100000
v 24.637764 13.266489 0.100000
v 25.269502 13.266489 0.100000
v -25.269502 13.898226 0.100000
v -24.637764 13.898226 0.100000
v -24.006027 13.898226 0.100000
v -23.374289 13.898226 0.100000
v -22.742552 13.898226 0.100000
v -22.110814 13.898226 0.100000
v -21.479077 13.898226 0.100000
v -20.847339 13.898226 0.100000
v -20.215602 13.898226 0.100000
v -19.583864 13.898226 0.100000
v -18.952126 13.898226 0.100000
v -18.320389 13.898226 0.100000
v -17.688651 13.898226 0.100000
v -17.056914 13.898226 0.100000
v -16.425176 13.898226 0.100000
v -15.793439 13.898226 0.100000
v -15.161701 13.898226 0.100000
v -14.529964 13.898226 0.100000
v -13.898226 13.898226 0.100000
v -13.266489 13.898226 0.100000
v -12.634751 13.898226 0.100000
v -12.003013 13.898226 0.100000
v -11.371276 13.898226 0.100000
v -10.739538 13.898226 0.100000
v -10.107801 13.898226 0.100000
v -9.476063 13.898226 0.100000
v -8.844326 13.898226 0.100000
v -8.212588 13.898226 0.100000
v -7.580851 13.898226 0.100000
v -6.949113 13.898226 0.100000
v -6.317375 13.898226 0.100000
v -5.685638 13.898226 0.100000
v -5.053900 13.898226 0.100000
v -4.422163 13.898226 0.100000
v -3.790425 13.898226 0.100000
v -3.158688 13.898226 0.100000
v -2.526950 13.898226 0.100000
v -1.895213 13.898226 0.100000
v -1.263475 13.898226 0.100000
v -0.631738 13.898226 0.100000
v 0.000000 13.898226 0.100000
v 0.631738 13.898226 0.100000
v 1.263475 13.898226 0.100000
v 1.895213 13.898226 0.100000
v 2.526950 13.898226 0.100000
v 3.158688 13.898226 0.100000
v 3.790425 13.898226 0.100000
v 4.422163 13.898226 0.100000
v 5.053900 13.898226 0.100000
v 5.685638 13.898226 0.100000
v 6.317375 13.898226 0.100000
v 6.949113 13.898226 0.100000
v 7.580851 13.898226 0.100000
v 8.212588 13.898226 0.100000
v 8.844326 13.898226 0.100000
v 9.476063 13.898226 0.100000
v 10.107801 13.898226 0.100000
v 10.739538 13.898226 0.100000
v 11.371276 13.898226 0.100000
v 12.003013 13.898226 0.100000
v 12.634751 13.898226 0.100000
v 13.266489 13.898226 0.100000
v 13.898226 13.898226 0.100000
v 14.529964 13.898226 0.100000
v 15.161701 13.898226 0.100000
v 15.793439 13.898226 0.100000
v 16.425176 13.898226 0.100000
v 17.056914 13.898226 0.100000
v 17.688651 13.898226 0.100000
v 18.320389 13.898226 0.100000
v 18.952126 13.898226 0.100000
v 19.583864 13.898226 0.100000
v 20.215602 13.898226 0.100000
v 20.847339 13.898226 0.100000
v 21.479077 13.898226 0.100000
v 22.110814 13.898226 0.100000
v 22.742552 13.898226 0.100000
v 23.374289 13.898226 0.100000
v 24.006027 13.898226 0.100000
v 24.637764 13.898226 0.100000
v 25.269502 13.898226 0.100000
v -25.269502 14.529964 0.100000
v -24.637764 14.529964 0.100000
v -24.006027 14.529964 0.100000
v -23.374289 14.529964 0.100000
v -22.742552 14.529964 0.100000
v -22.110814 14.529964 0.100000
v -21.479077 14.529964 0.100000
v -20.847339 14.529964 0.100000
v -20.215602 14.529964 0.100000
v -19.583864 14.529964 0.100000
v -18.952126 14.529964 0.100000
v -18.320389 14.529964 0.100000
v -17.688651 14.529964 0.100000
v -17.056914 14.529964 0.100000
v -16.425176 14.529964 0.100000
v -15.793439 14.529964 0.100000
v -15.161701 14.529964 0.100000
v -14.529964 14.529964 0.100000
v -13.898226 14.529964 0.100000
v -13.266489 14.529964 0.100000
v -12.634751 14.529964 0.100000
v -12.003013 14.529964 0.100000
v -11.371276 14.529964 0.100000
v -10.739538 14.529964 0.100000
v -10.107801 14.529964 0.100000
v -9.476063 14.529964 0.100000
v -8.844326 14.529964 0.100000
v -8.212588 14.529964 0.100000
v -7.580851 14.529964 0.100000
v -6.949113 14.529964 0.100000
v -6.317375 14.529964 0.100000
v -5.685638 14.529964 0.100000
v -5.053900 14.529964 0.100000
v -4.422163 14.529964 0.100000
v -3.790425 14.529964 0.100000
v -3.158688 14.529964 0.100000
v -2.526950 14.529964 0.100000
v -1.895213 14.529964 0.100000
v -1.263475 14.529964 0.100000
v -0.631738 14.529964 0.100000
v 0.000000 14.529964 0.100000
v 0.631738 14.529964 0.100000
v 1.263475 14.529964 0.100000
v 1.895213 14.529964 0.100000
v 2.526950 14.529964 0.100000
v 3.158688 14.529964 0.100000
v 3.790425 14.529964 0.100000
v 4.422163 14.529964 0.100000
v 5.053900 14.529964 0.100000
v 5.685638 14.529964 0.100000
v 6.317375 14.529964 0.100000
v 6.949113 14.529964 0.100000
v 7.580851 14.529964 0.100000
v 8.212588 14.529964 0.100000
v 8.844326 14.529964 0.100000
v 9.476063 14.529964 0.100000
v 10.107801 14.529964 0.100000
v 10.739538 14.529964 0.100000
v 11.371276 14.529964 0.100000
v 12.003013 14.529964 0.100000
v 12.634751 14.529964 0.100000
v 13.266489 14.529964 0.100000
v 13.898226 14.529964 0.100000
v 14.529964 14.529964 0.100000
v 15.161701 14.529964 0.100000
v 15.793439 14.529964 0.100000
v 16.425176 14.529964 0.100000
v 17.056914 14.529964 0.100000
v 17.688651 14.529964 0.100000
v 18.320389 14.529964 0.100000
v 18.952126 14.529964 0.100000
v 19.583864 14.529964 0.100000
v 20.215602 14.529964 0.100000
v 20.847339 14.529964 0.100000
v 21.479077 14.529964 0.100000
v 22.110814 14.529964 0.100000
v 22.742552 14.529964 0.100000
v 23.374289 14.529964 0.100000
v 24.006027 14.529964 0.100000
v 24.637764 14.529964 0.100000
v 25.269502 14.529964 0.100000
v -25.269502 15.161701 0.100000
v -24.637764 15.161701 0.100000
v -24.006027 15.161701 0.100000
v -23.374289 15.161701 0.100000
v -22.742552 15.161701 0.100000
v -22.110814 15.161701 0.100000
v -21.479077 15.161701 0.100000
v -20.847339 15.161701 0.100000
v -20.215602 15.161701 0.100000
v -19.583864 15.161701 0.100000
v -18.952126 15.161701 0.100000
v -18.320389 15.161701 0.100000
v -17.688651 15.161701 0.100000
v -17.056914 15.161701 0.100000
v -16.425176 15.161701 0.100000
v -15.793439 15.161701 0.100000
v -15.161701 15.161701 0.100000
v -14.529964 15.161701 0.100000
v -13.898226 15.161701 0.100000
v -13.266489 15.161701 0.100000
v -12.634751 15.161701 0.100000
v -12.003013 15.161701 0.100000
v -11.371276 15.161701 0.100000
v -10.739538 15.161701 0.100000
v -10.107801 15.161701 0.100000
v -9.476063 15.161701 0.100000
v -8.844326 15.161701 0.100000
v -8.212588 15.161701 0.100000
v -7.580851 15.161701 0.100000
v -6.949113 15.161701 0.100000
v -6.317375 15.161701 0.100000
v -5.685638 15.161701 0.100000
v -5.053900 15.161701 0.100000
v -4.422163 15.161701 0.100000
v -3.790425 15.161701 0.100000
v -3.158688 15.161701 0.100000
v -2.526950 15.161701 0.100000
v -1.895213 15.161701 0.100000
v -1.263475 15.161701 0.100000
v -0.631738 15.161701 0.100000
v 0.000000 15.161701 0.100000
v 0.631738 15.161701 0.100000
v 1.263475 15.161701 0.100000
v 1.895213 15.161701 0.100000
v 2.526950 15.161701 0.100000
v 3.158688 15.161701 0.100000
v 3.790425 15.161701 0.100000
v 4.422163 15.161701 0.100000
v 5.053900 15.161701 0.100000
v 5.685638 15.161701 0.100000
v 6.317375 15.161701 0.100000
v 6.949113 15.161701 0.100000
v 7.580851 15.161701 0.100000
v 8.212588 15.161701 0.100000
v 8.844326 15.161701 0.100000
v 9.476063 15.161701 0.100000
v 10.107801 15.161701 0.100000
v 10.739538 15.161701 0.100000
v 11.371276 15.161701 0.100000
v 12.003013 15.161701 0.100000
v 12.634751 15.161701 0.100000
v 13.266489 15.161701 0.100000
v 13.898226 15.161701 0.100000
v 14.529964 15.161701 0.100000
v 15.161701 15.161701 0.100000
v 15.793439 15.161701 0.100000
v 16.425176 15.161701 0.100000
v 17.056914 15.161701 0.100000
v 17.688651 15.161701 0.100000
v 18.320389 15.161701 0.100000
v 18.952126 15.161701 0.100000
v 19.583864 15.161701 0.100000
v 20.215602 15.161701 0.100000
v 20.847339 15.161701 0.100000
v 21.479077 15.161701 0.100000
v 22.110814 15.161701 0.100000
v 22.742552 15.161701 0.100000
v 23.374289 15.161701 0.100000
v 24.006027 15.161701 0.100000
v 24.637764 15.161701 0.100000
v 25.269502 15.161701 0.100000
v -25.269502 15.793439 0.100000
v -24.637764 15.793439 0.100000
v -24.006027 15.793439 0.100000
v -23.374289 15.793439 0.100000
v -22.742552 15.793439 0.100000
v -22.110814 15.793439 0.100000
v -21.479077 15.793439 0.100000
v -20.847339 15.793439 0.100000
v -20.215602 15.793439 0.100000
v -19.583864 15.793439 0.100000
v -18.952126 15.793439 0.100000
v -18.320389 15.793439 0.100000
v -17.688651 15.793439 0.100000
v -17.056914 15.793439 0.100000
v -16.425176 15.793439 0.100000
v -15.793439 15.793439 0.100000
v -15.161701 15.793439 0.100000
v -14.529964 15.793439 0.100000
v -13.898226 15.793439 0.100000
v -13.266489 15.793439 0.100000
v -12.634751 15.793439 0.100000
v -12.003013 15.793439 0.100000
v -11.371276 15.793439 0.100000
v -10.739538 15.793439 0.100000
v -10.107801 15.793439 0.100000
v -9.476063 15.793439 0.100000
v -8.844326 15.793439 0.100000
v -8.212588 15.793439 0.100000
v -7.580851 15.793439 0.100000
v -6.949113 15.793439 0.100000
v -6.317375 15.793439 0.100000
v -5.685638 15.793439 0.100000
v -5.053900 15.793439 0.100000
v -4.422163 15.793439 0.100000
v -3.790425 15.793439 0.100000
v -3.158688 15.793439 0.100000
v -2.526950 15.793439 0.100000
v -1.895213 15.793439 0.100000
v -1.263475 15.793439 0.100000
v -0.631738 15.793439 0.100000
v 0.000000 15.793439 0.100000
v 0.631738 15.793439 0.100000
v 1.263475 15.793439 0.100000
v 1.895213 15.793439 0.100000
v 2.526950 15.793439 0.100000
v 3.158688 15.793439 0.100000
v 3.790425 15.793439 0.100000
v 4.422163 15.793439 0.100000
v 5.053900 15.793439 0.100000
v 5.685638 15.793439 0.100000
v 6.317375 15.793439 0.100000
v 6.949113 15.793439 0.100000
v 7.580851 15.793439 0.100000
v 8.212588 15.793439 0.100000
v 8.844326 15.793439 0.100000
v 9.476063 15.793439 0.100000
v 10.107801 15.793439 0.100000
v 10.739538 15.793439 0.100000
v 11.371276 15.793439 0.100000
v 12.003013 15.793439 0.100000
v 12.634751 15.793439 0.100000
v 13.266489 15.793439 0.100000
v 13.898226 15.793439 0.100000
v 14.529964 15.793439 0.100000
v 15.161701 15.793439 0.100000
v 15.793439 15.793439 0.100000
v 16.425176 15.793439 0.100000
v 17.056914 15.793439 0.100000
v 17.688651 15.793439 0.100000
v 18.320389 15.793439 0.100000
v 18.952126 15.793439 0.100000
v 19.583864 15.793439 0.100000
v 20.215602 15.793439 0.100000
v 20.847339 15.793439 0.100000
v 21.479077 15.793439 0.100000
v 22.110814 15.793439 0.100000
v 22.742552 15.793439 0.100000
v 23.374289 15.793439 0.100000
v 24.006027 15.793439 0.100000
v 24.637764 15.793439 0.100000
v 25.269502 15.793439 0.100000
v -25.269502 16.425176 0.100000
v -24.637764 16.425176 0.100000
v -24.006027 16.425176 0.100000
v -23.374289 16.425176 0.100000
v -22.742552 16.425176 0.100000
v -22.110814 16.425176 0.100000
v -21.479077 16.425176 0.100000
v -20.847339 16.425176 0.100000
v -20.215602 16.425176 0.100000
v -19.583864 16.425176 0.100000
v -18.952126 16.425176 0.100000
v -18.320389 16.425176 0.100000
v -17.688651 16.425176 0.100000
v -17.056914 16.425176 0.100000
v -16.425176 16.425176 0.100000
v -15.793439 16.425176 0.100000
v -15.161701 16.425176 0.100000
v -14.529964 16.425176 0.100000
v -13.898226 16.425176 0.100000
v -13.266489 16.425176 0.100000
v -12.634751 16.425176 0.100000
v -12.003013 16.425176 0.100000
v -11.371276 16.425176 0.100000
v -10.739538 16.425176 0.100000
v -10.107801 16.425176 0.100000
v -9.476063 16.425176 0.100000
v -8.844326 16.425176 0.100000
v -8.212588 16.425176 0.100000
v -7.580851 16.425176 0.100000
v -6.949113 16.425176 0.100000
v -6.317375 16.425176 0.100000
v -5.685638 16.425176 0.100000
v -5.053900 16.425176 0.100000
v -4.422163 16.425176 0.100000
v -3.790425 16.425176 0.100000
v -3.158688 16.425176 0.100000
v -2.526950 16.425176 0.100000
v -1.895213 16.425176 0.100000
v -1.263475 16.425176 0.100000
v -0.631738 16.425176 0.100000
v 0.000000 16.425176 0.100000
v 0.631738 16.425176 0.100000
v 1.263475 16.425176 0.100000
v 1.895213 16.425176 0.100000
v 2.526950 16.425176 0.100000
v 3.158688 16.425176 0.100000
v 3.790425 16.425176 0.100000
v 4.422163 16.425176 0.100000
v 5.053900 16.425176 0.100000
v 5.685638 16.425176 0.100000
v 6.317375 16.425176 0.100000
v 6.949113 16.425176 0.100000
v 7.580851 16.425176 0.100000
v 8.212588 16.425176 0.100000
v 8.844326 16.425176 0.100000
v 9.476063 16.425176 0.100000
v 10.107801 16.425176 0.100000
v 10.739538 16.425176 0.100000
v 11.371276 16.425176 0.100000
v 12.003013 16.425176 0.100000
v 12.634751 16.425176 0.100000
v 13.266489 16.425176 0.100000
v 13.898226 16.425176 0.100000
v 14.529964 16.425176 0.100000
v 15.161701 16.425176 0.100000
v 15.793439 16.425176 0.100000
v 16.425176 16.425176 0.100000
v 17.056914 16.425176 0.100000
v 17.688651 16.425176 0.100000
v 18.320389 16.425176 0.100000
v 18.952126 16.425176 0.100000
v 19.583864 16.425176 0.100000
v 20.215602 16.425176 0.100000
v 20.847339 16.425176 0.100000
v 21.479077 16.425176 0.100000
v 22.110814 16.425176 0.100000
v 22.742552 16.425176 0.100000
v 23.374289 16.425176 0.100000
v 24.006027 16.425176 0.100000
v 24.637764 16.425176 0.100000
v 25.269502 16.425176 0.100000
v -25.269502 17.056914 0.100000
v -24.637764 17.056914 0.100000
v -24.006027 17.056914 0.100000
v -23.374289 17.056914 0.100000
v -22.742552 17.056914 0.100000
v -22.110814 17.056914 0.100000
v -21.479077 17.056914 0.100000
v -20.847339 17.056914 0.100000
v -20.215602 17.056914 0.100000
v -19.583864 17.056914 0.100000
v -18.952126 17.056914 0.100000
v -18.320389 17.056914 0.100000
v -17.688651 17.056914 0.100000
v -17.056914 17.056914 0.100000
v -16.425176 17.056914 0.100000
v -15.793439 17.056914 0.100000
v -15.161701 17.056914 0.100000
v -14.529964 17.056914 0.100000
v -13.898226 17.056914 0.100000
v -13.266489 17.056914 0.100000
v -12.634751 17.056914 0.100000
v -12.003013 17.056914 0.100000
v -11.371276 17.056914 0.100000
v -10.739538 17.056914 0.100000
v -10.107801 17.056914 0.100000
v -9.476063 17.056914 0.100000
v -8.844326 17.056914 0.100000
v -8.212588 17.056914 0.100000
v -7.580851 17.056914 0.100000
v -6.949113 17.056914 0.100000
v -6.317375 17.056914 0.100000
v -5.685638 17.056914 0.100000
v -5.053900 17.056914 0.100000
v -4.422163 17.056914 0.100000
v -3.790425 17.056914 0.100000
v -3.158688 17.056914 0.100000
v -2.526950 17.056914 0.100000
v -1.895213 17.056914 0.100000
v -1.263475 17.056914 0.100000
v -0.631738 17.056914 0.100000
v 0.000000 17.056914 0.100000
v 0.631738 17.056914 0.100000
v 1.263475 17.056914 0.100000
v 1.895213 17.056914 0.100000
v 2.526950 17.056914 0.100000
v 3.158688 17.056914 0.100000
v 3.790425 17.056914 0.100000
v 4.422163 17.056914 0.100000
v 5.053900 17.056914 0.100000
v 5.685638 17.056914 0.100000
v 6.317375 17.056914 0.100000
v 6.949113 17.056914 0.100000
v 7.580851 17.056914 0.100000
v 8.212588 17.056914 0.100000
v 8.844326 17.056914 0.100000
v 9.476063 17.056914 0.100000
v 10.107801 17.056914 0.100000
v 10.739538 17.056914 0.100000
v 11.371276 17.056914 0.100000
v 12.003013 17.056914 0.100000
v 12.634751 17.056914 0.100000
v 13.266489 17.056914 0.100000
v 13.898226 17.056914 0.100000
v 14.529964 17.056914 0.100000
v 15.161701 17.056914 0.100000
v 15.793439 17.056914 0.100000
v 16.425176 17.056914 0.100000
v 17.056914 17.056914 0.100000
v 17.688651 17.056914 0.100000
v 18.320389 17.056914 0.100000
v 18.952126 17.056914 0.100000
v 19.583864 17.056914 0.100000
v 20.215602 17.056914 0.100000
v 20.847339 17.056914 0.100000
v 21.479077 17.056914 0.100000
v 22.110814 17.056914 0.100000
v 22.742552 17.056914 0.100000
v 23.374289 17.056914 0.100000
v 24.006027 17.056914 0.100000
v 24.637764 17.056914 0.100000
v 25.269502 17.056914 0.100000
v -25.269502 17.688651 0.100000
v -24.637764 17.688651 0.100000
v -24.006027 17.688651 0.100000
v -23.374289 17.688651 0.100000
v -22.742552 17.688651 0.100000
v -22.110814 17.688651 0.100000
v -21.479077 17.688651 0.100000
v -20.847339 17.688651 0.100000
v -20.215602 17.688651 0.100000
v -19.583864 17.688651 0.100000
v -18.952126 17.688651 0.100000
v -18.320389 17.688651 0.100000
v -17.688651 17.688651 0.100000
v -17.056914 17.688651 0.100000
v -16.425176 17.688651 0.100000
v -15.793439 17.688651 0.100000
v -15.161701 17.688651 0.100000
v -14.529964 17.688651 0.100000
v -13.898226 17.688651 0.100000
v -13.266489 17.688651 0.100000
v -12.634751 17.688651 0.100000
v -12.003013 17.688651 0.100000
v -11.371276 17.688651 0.100000
v -10.739538 17.688651 0.100000
v -10.107801 17.688651 0.100000
v -9.476063 17.688651 0.100000
v -8.844326 17.688651 0.100000
v -8.212588 17.688651 0.100000
v -7.580851 17.688651 0.100000
v -6.949113 17.688651 0.100000
v -6.317375 17.688651 0.100000
v -5.685638 17.688651 0.100000
v -5.053900 17.688651 0.100000
v -4.422163 17.688651 0.100000
v -3.790425 17.688651 0.100000
v -3.158688 17.688651 0.100000
v -2.526950 17.688651 0.100000
v -1.895213 17.688651 0.100000
v -1.263475 17.688651 0.100000
v -0.631738 17.688651 0.100000
v 0.000000 17.688651 0.100000
v 0.631738 17.688651 0.100000
v 1.263475 17.688651 0.100000
v 1.895213 17.688651 0.100000
v 2.526950 17.688651 0.100000
v 3.158688 17.688651 0.100000
v 3.790425 17.688651 0.100000
v 4.422163 17.688651 0.100000
v 5.053900 17.688651 0.100000
v 5.685638 17.688651 0.100000
v 6.317375 17.688651 0.100000
v 6.949113 17.688651 0.100000
v 7.580851 17.688651 0.100000
v 8.212588 17.688651 0.100000
v 8.844326 17.688651 0.100000
v 9.476063 17.688651 0.100000
v 10.107801 17.688651 0.100000
v 10.739538 17.688651 0.100000
v 11.371276 17.688651 0.100000
v 12.003013 17.688651 0.100000
v 12.634751 17.688651 0.100000
v 13.266489 17.688651 0.100000
v 13.898226 17.688651 0.100000
v 14.529964 17.688651 0.100000
v 15.161701 17.688651 0.100000
v 15.793439 17.688651 0.100000
v 16.425176 17.688651 0.100000
v 17.056914 17.688651 0.100000
v 17.688651 17.688651 0.100000
v 18.320389 17.688651 0.100000
v 18.952126 17.688651 0.100000
v 19.583864 17.688651 0.100000
v 20.215602 17.688651 0.100000
v 20.847339 17.688651 0.100000
v 21.479077 17.688651 0.100000
v 22.110814 17.688651 0.100000
v 22.742552 17.688651 0.100000
v 23.374289 17.688651 0.100000
v 24.006027 17.688651 0.100000
v 24.637764 17.688651 0.100000
v 25.269502 17.688651 0.100000
v -25.269502 18.320389 0.100000
v -24.637764 18.320389 0.100000
v -24.006027 18.320389 0.100000
v -23.374289 18.320389 0.100000
v -22.742552 18.320389 0.100000
v -22.110814 18.320389 0.100000
v -21.479077 18.320389 0.100000
v -20.847339 18.320389 0.100000
v -20.215602 18.320389 0.100000
v -19.583864 18.320389 0.100000
v -18.952126 18.320389 0.100000
v -18.320389 18.320389 0.100000
v -17.688651 18.320389 0.100000
v -17.056914 18.320389 0.100000
v -16.425176 18.320389 0.100000
v -15.793439 18.320389 0.100000
v -15.161701 18.320389 0.100000
v -14.529964 18.320389 0.100000
v -13.898226 18.320389 0.100000
v -13.266489 18.320389 0.100000
v -12.634751 18.320389 0.100000
v -12.003013 18.320389 0.100000
v -11.371276 18.320389 0.100000
v -10.739538 18.320389 0.100000
v -10.107801 18.320389 0.100000
v -9.476063 18.320389 0.100000
v -8.844326 18.320389 0.100000
v -8.212588 18.320389 0.100000
v -7.580851 18.320389 0.100000
v -6.949113 18.320389 0.100000
v -6.317375 18.320389 0.100000
v -5.685638 18.320389 0.100000
v -5.053900 18.320389 0.100000
v -4.422163 18.320389 0.100000
v -3.790425 18.320389 0.100000
v -3.158688 18.320389 0.100000
v -2.526950 18.320389 0.100000
v -1.895213 18.320389 0.100000
v -1.263475 18.320389 0.100000
v -0.631738 18.320389 0.100000
v 0.000000 18.320389 0.100000
v 0.631738 18.320389 0.100000
v 1.263475 18.320389 0.100000
v 1.895213 18.320389 0.100000
v 2.526950 18.320389 0.100000
v 3.158688 18.320389 0.100000
v 3.790425 18.320389 0.100000
v 4.422163 18.320389 0.100000
v 5.053900 18.320389 0.100000
v 5.685638 18.320389 0.100000
v 6.317375 18.320389 0.100000
v 6.949113 18.320389 0.100000
v 7.580851 18.320389 0.100000
v 8.212588 18.320389 0.100000
v 8.844326 18.320389 0.100000
v 9.476063 18.320389 0.100000
v 10.107801 18.320389 0.100000
v 10.739538 18.320389 0.100000
v 11.371276 18.320389 0.100000
v 12.003013 18.320389 0.100000
v 12.634751 18.320389 0.100000
v 13.266489 18.320389 0.100000
v 13.898226 18.320389 0.100000
v 14.529964 18.320389 0.100000
v 15.161701 18.320389 0.100000
v 15.793439 18.320389 0.100000
v 16.425176 18.320389 0.100000
v 17.056914 18.320389 0.100000
v 17.688651 18.320389 0.100000
v 18.320389 18.320389 0.100000
v 18.952126 18.320389 0.100000
v 19.583864 18.320389 0.100000
v 20.215602 18.320389 0.100000
v 20.847339 18.320389 0.100000
v 21.479077 18.320389 0.100000
v 22.110814 18.320389 0.100000
v 22.742552 18.320389 0.100000
v 23.374289 18.320389 0.100000
v 24.006027 18.320389 0.100000
v 24.637764 18.320389 0.100000
v 25.269502 18.320389 0.100000
v -25.269502 18.952126 0.100000
v -24.637764 18.952126 0.100000
v -24.006027 18.952126 0.100000
v -23.374289 18.952126 0.100000
v -22.742552 18.952126 0.100000
v -22.110814 18.952126 0.100000
v -21.479077 18.952126 0.100000
v -20.847339 18.952126 0.100000
v -20.215602 18.952126 0.100000
v -19.583864 18.952126 0.100000
v -18.952126 18.952126 0.100000
v -18.320389 18.952126 0.100000
v -17.688651 18.952126 0.100000
v -17.056914 18.952126 0.100000
v -16.425176 18.952126 0.100000
v -15.793439 18.952126 0.100000
v -15.161701 18.952126 0.100000
v -14.529964 18.952126 0.100000
v -13.898226 18.952126 0.100000
v -13.266489 18.952126 0.100000
v -12.634751 18.952126 0.100000
v -12.003013 18.952126 0.100000
v -11.371276 18.952126 0.100000
v -10.739538 18.952126 0.100000
v -10.107801 18.952126 0.100000
v -9.476063 18.952126 0.100000
v -8.844326 18.952126 0.100000
v -8.212588 18.952126 0.100000
v -7.580851 18.952126 0.100000
v -6.949113 18.952126 0.100000
v -6.317375 18.952126 0.100000
v -5.685638 18.952126 0.100000
v -5.053900 18.952126 0.100000
v -4.422163 18.952126 0.100000
v -3.790425 18.952126 0.100000
v -3.158688 18.952126 0.100000
v -2.526950 18.952126 0.100000
v -1.895213 18.952126 0.100000
v -1.263475 18.952126 0.100000
v -0.631738 18.952126 0.100000
v 0.000000 18.952126 0.100000
v 0.631738 18.952126 0.100000
v 1.263475 18.952126 0.100000
v 1.895213 18.952126 0.100000
v 2.526950 18.952126 0.100000
v 3.158688 18.952126 0.100000
v 3.790425 18.952126 0.100000
v 4.422163 18.952126 0.100000
v 5.053900 18.952126 0.100000
v 5.685638 18.952126 0.100000
v 6.317375 18.952126 0.100000
v 6.949113 18.952126 0.100000
v 7.580851 18.952126 0.100000
v 8.212588 18.952126 0.100000
v 8.844326 18.952126 0.100000
v 9.476063 18.952126 0.100000
v 10.107801 18.952126 0.100000
v 10.739538 18.952126 0.100000
v 11.371276 18.952126 0.100000
v 12.003013 18.952126 0.100000
v 12.634751 18.952126 0.100000
v 13.266489 18.952126 0.100000
v 13.898226 18.952126 0.100000
v 14.529964 18.952126 0.100000
v 15.161701 18.952126 0.100000
v 15.793439 18.952126 0.100000
v 16.425176 18.952126 0.100000
v 17.056914 18.952126 0.100000
v 17.688651 18.952126 0.100000
v 18.320389 18.952126 0.100000
v 18.952126 18.952126 0.100000
v 19.583864 18.952126 0.100000
v 20.215602 18.952126 0.100000
v 20.847339 18.952126 0.100000
v 21.479077 18.952126 0.100000
v 22.110814 18.952126 0.100000
v 22.742552 18.952126 0.100000
v 23.374289 18.952126 0.100000
v 24.006027 18.952126 0.100000
v 24.637764 18.952126 0.100000
v 25.269502 18.952126 0.100000
v -25.269502 19.583864 0.100000
v -24.637764 19.583864 0.100000
v -24.006027 19.583864 0.100000
v -23.374289 19.583864 0.100000
v -22.742552 19.583864 0.100000
v -22.110814 19.583864 0.100000
v -21.479077 19.583864 0.100000
v -20.847339 19.583864 0.100000
v -20.215602 19.583864 0.100000
v -19.583864 19.583864 0.100000
v -18.952126 19.583864 0.100000
v -18.320389 19.583864 0.100000
v -17.688651 19.583864 0.100000
v -17.056914 19.583864 0.100000
v -16.425176 19.583864 0.100000
v -15.793439 19.583864 0.100000
v -15.161701 19.583864 0.100000
v -14.529964 19.583864 0.100000
v -13.898226 19.583864 0.100000
v -13.266489 19.583864 0.100000
v -12.634751 19.583864 0.100000
v -12.003013 19.583864 0.100000
v -11.371276 19.583864 0.100000
v -10.739538 19.583864 0.100000
v -10.107801 19.583864 0.100000
v -9.476063 19.583864 0.100000
v -8.844326 19.583864 0.100000
v -8.212588 19.583864 0.100000
v -7.580851 19.583864 0.100000
v -6.949113 19.583864 0.100000
v -6.317375 19.583864 0.100000
v -5.685638 19.583864 0.100000
v -5.053900 19.583864 0.100000
v -4.422163 19.583864 0.100000
v -3.790425 19.583864 0.100000
v -3.158688 19.583864 0.100000
v -2.526950 19.583864 0.100000
v -1.895213 19.583864 0.100000
v -1.263475 19.583864 0.100000
v -0.631738 19.583864 0.100000
v 0.000000 19.583864 0.100000
v 0.631738 19.583864 0.100000
v 1.263475 19.583864 0.100000
v 1.895213 19.583864 0.100000
v 2.526950 19.583864 0.100000
v 3.158688 19.583864 0.100000
v 3.790425 19.583864 0.100000
v 4.422163 19.583864 0.100000
v 5.053900 19.583864 0.100000
v 5.685638 19.583864 0.100000
v 6.317375 19.583864 0.100000
v 6.949113 19.583864 0.100000
v 7.580851 19.583864 0.100000
v 8.212588 19.583864 0.100000
v 8.844326 19.583864 0.100000
v 9.476063 19.583864 0.100000
v 10.107801 19.583864 0.100000
v 10.739538 19.583864 0.100000
v 11.371276 19.583864 0.100000
v 12.003013 19.583864 0.100000
v 12.634751 19.583864 0.100000
v 13.266489 19.583864 0.100000
v 13.898226 19.583864 0.100000
v 14.529964 19.583864 0.100000
v 15.161701 19.583864 0.100000
v 15.793439 19.583864 0.100000
v 16.425176 19.583864 0.100000
v 17.056914 19.583864 0.100000
v 17.688651 19.583864 0.100000
v 18.320389 19.583864 0.100000
v 18.952126 19.583864 0.100000
v 19.583864 19.583864 0.100000
v 20.215602 19.583864 0.100000
v 20.847339 19.583864 0.100000
v 21.479077 19.583864 0.100000
v 22.110814 19.583864 0.100000
v 22.742552 19.583864 0.100000
v 23.374289 19.583864 0.100000
v 24.006027 19.583864 0.100000
v 24.637764 19.583864 0.100000
v 25.269502 19.583864 0.100000
v -25.269502 20.215602 0.100000
v -24.637764 20.215602 0.100000
v -24.006027 20.215602 0.100000
v -23.374289 20.215602 0.100000
v -22.742552 20.215602 0.100000
v -22.110814 20.215602 0.100000
v -21.479077 20.215602 0.100000
v -20.847339 20.215602 0.100000
v -20.215602 20.215602 0.100000
v -19.583864 20.215602 0.100000
v -18.952126 20.215602 0.100000
v -18.320389 20.215602 0.100000
v -17.688651 20.215602 0.100000
v -17.056914 20.215602 0.100000
v -16.425176 20.215602 0.100000
v -15.793439 20.215602 0.100000
v -15.161701 20.215602 0.100000
v -14.529964 20.215602 0.100000
v -13.898226 20.215602 0.100000
v -13.266489 20.215602 0.100000
v -12.634751 20.215602 0.100000
v -12.003013 20.215602 0.100000
v -11.371276 20.215602 0.100000
v -10.739538 20.215602 0.100000
v -10.107801 20.215602 0.100000
v -9.476063 20.215602 0.100000
v -8.844326 20.215602 0.100000
v -8.212588 20.215602 0.100000
v -7.580851 20.215602 0.100000
v -6.949113 20.215602 0.100000
v -6.317375 20.215602 0.100000
v -5.685638 20.215602 0.100000
v -5.053900 20.215602 0.100000
v -4.422163 20.215602 0.100000
v -3.790425 20.215602 0.100000
v -3.158688 20.215602 0.100000
v -2.526950 20.215602 0.100000
v -1.895213 20.215602 0.100000
v -1.263475 20.215602 0.100000
v -0.631738 20.215602 0.100000
v 0.000000 20.215602 0.100000
v 0.631738 20.215602 0.100000
v 1.263475 20.215602 0.100000
v 1.895213 20.215602 0.100000
v 2.526950 20.215602 0.100000
v 3.158688 20.215602 0.100000
v 3.790425 20.215602 0.100000
v 4.422163 20.215602 0.100000
v 5.053900 20.215602 0.100000
v 5.685638 20.215602 0.100000
v 6.317375 20.215602 0.100000
v 6.949113 20.215602 0.100000
v 7.580851 20.215602 0.100000
v 8.212588 20.215602 0.100000
v 8.844326 20.215602 0.100000
v 9.476063 20.215602 0.100000
v 10.107801 20.215602 0.100000
v 10.739538 20.215602 0.100000
v 11.371276 20.215602 0.100000
v 12.003013 20.215602 0.100000
v 12.634751 20.215602 0.100000
v 13.266489 20.215602 0.100000
v 13.898226 20.215602 0.100000
v 14.529964 20.215602 0.100000
v 15.161701 20.215602 0.100000
v 15.793439 20.215602 0.100000
v 16.425176 20.215602 0.100000
v 17.056914 20.215602 0.100000
v 17.688651 20.215602 0.100000
v 18.320389 20.215602 0.100000
v 18.952126 20.215602 0.100000
v 19.583864 20.215602 0.100000
v 20.215602 20.215602 0.100000
v 20.847339 20.215602 0.100000
v 21.479077 20.215602 0.100000
v 22.110814 20.215602 0.100000
v 22.742552 20.215602 0.100000
v 23.374289 20.215602 0.100000
v 24.006027 20.215602 0.100000
v 24.637764 20.215602 0.100000
v 25.269502 20.215602 0.100000
v -25.269502 20.847339 0.100000
v -24.637764 20.847339 0.100000
v -24.006027 20.847339 0.100000
v -23.374289 20.847339 0.100000
v -22.742552 20.847339 0.100000
v -22.110814 20.847339 0.100000
v -21.479077 20.847339 0.100000
v -20.847339 20.847339 0.100000
v -20.215602 20.847339 0.100000
v -19.583864 20.847339 0.100000
v -18.952126 20.847339 0.100000
v -18.320389 20.847339 0.100000
v -17.688651 20.847339 0.100000
v -17.056914 20.847339 0.100000
v -16.425176 20.847339 0.100000
v -15.793439 20.847339 0.100000
v -15.161701 20.847339 0.100000
v -14.529964 20.847339 0.100000
v -13.898226 20.847339 0.100000
v -13.266489 20.847339 0.100000
v -12.634751 20.847339 0.100000
v -12.003013 20.847339 0.100000
v -11.371276 20.847339 0.100000
v -10.739538 20.847339 0.100000
v -10.107801 20.847339 0.100000
v -9.476063 20.847339 0.100000
v -8.844326 20.847339 0.100000
v -8.212588 20.847339 0.100000
v -7.580851 20.847339 0.100000
v -6.949113 20.847339 0.100000
v -6.317375 20.847339 0.100000
v -5.685638 20.847339 0.100000
v -5.053900 20.847339 0.100000
v -4.422163 20.847339 0.100000
v -3.790425 20.847339 0.100000
v -3.158688 20.847339 0.100000
v -2.526950 20.847339 0.100000
v -1.895213 20.847339 0.100000
v -1.263475 20.847339 0.100000
v -0.631738 20.847339 0.100000
v 0.000000 20.847339 0.100000
v 0.631738 20.847339 0.100000
v 1.263475 20.847339 0.100000
v 1.895213 20.847339 0.100000
v 2.526950 20.847339 0.100000
v 3.158688 20.847339 0.100000
v 3.790425 20.847339 0.100000
v 4.422163 20.847339 0.100000
v 5.053900 20.847339 0.100000
v 5.685638 20.847339 0.100000
v 6.317375 20.847339 0.100000
v 6.949113 20.847339 0.100000
v 7.580851 20.847339 0.100000
v 8.212588 20.847339 0.100000
v 8.844326 20.847339 0.100000
v 9.476063 20.847339 0.100000
v 10.107801 20.847339 0.100000
v 10.739538 20.847339 0.100000
v 11.371276 20.847339 0.100000
v 12.003013 20.847339 0.100000
v 12.634751 20.847339 0.100000
v 13.266489 20.847339 0.100000
v 13.898226 20.847339 0.100000
v 14.529964 20.847339 0.100000
v 15.161701 20.847339 0.100000
v 15.793439 20.847339 0.100000
v 16.425176 20.847339 0.100000
v 17.056914 20.847339 0.100000
v 17.688651 20.847339 0.100000
v 18.320389 20.847339 0.100000
v 18.952126 20.847339 0.100000
v 19.583864 20.847339 0.100000
v 20.215602 20.847339 0.100000
v 20.847339 20.847339 0.100000
v 21.479077 20.847339 0.100000
v 22.110814 20.847339 0.100000
v 22.742552 20.847339 0.100000
v 23.374289 20.847339 0.100000
v 24.006027 20.847339 0.100000
v 24.637764 20.847339 0.100000
v 25.269502 20.847339 0.100000
v -25.269502 21.479077 0.100000
v -24.637764 21.479077 0.100000
v -24.006027 21.479077 0.100000
v -23.374289 21.479077 0.100000
v -22.742552 21.479077 0.100000
v -22.110814 21.479077 0.100000
v -21.479077 21.479077 0.100000
v -20.847339 21.479077 0.100000
v -20.215602 21.479077 0.100000
v -19.583864 21.479077 0.100000
v -18.952126 21.479077 0.100000
v -18.320389 21.479077 0.100000
v -17.688651 21.479077 0.100000
v -17.056914 21.479077 0.100000
v -16.425176 21.479077 0.100000
v -15.793439 21.479077 0.100000
v -15.161701 21.479077 0.100000
v -14.529964 21.479077 0.100000
v -13.898226 21.479077 0.100000
v -13.266489 21.479077 0.100000
v -12.634751 21.479077 0.100000
v -12.003013 21.479077 0.100000
v -11.371276 21.479077 0.100000
v -10.739538 21.479077 0.100000
v -10.107801 21.479077 0.100000
v -9.476063 21.479077 0.100000
v -8.844326 21.479077 0.100000
v -8.212588 21.479077 0.100000
v -7.580851 21.479077 0.100000
v -6.949113 21.479077 0.100000
v -6.317375 21.479077 0.100000
v -5.685638 21.479077 0.100000
v -5.053900 21.479077 0.100000
v -4.422163 21.479077 0.100000
v -3.790425 21.479077 0.100000
v -3.158688 21.479077 0.100000
v -2.526950 21.479077 0.100000
v -1.895213 21.479077 0.100000
v -1.263475 21.479077 0.100000
v -0.631738 21.479077 0.100000
v 0.000000 21.479077 0.100000
v 0.631738 21.479077 0.100000
v 1.263475 21.479077 0.100000
v 1.895213 21.479077 0.100000
v 2.526950 21.479077 0.100000
v 3.158688 21.479077 0.100000
v 3.790425 21.479077 0.100000
v 4.422163 21.479077 0.100000
v 5.053900 21.479077 0.100000
v 5.685638 21.479077 0.100000
v 6.317375 21.479077 0.100000
v 6.949113 21.479077 0.100000
v 7.580851 21.479077 0.100000
v 8.212588 21.479077 0.100000
v 8.844326 21.479077 0.100000
v 9.476063 21.479077 0.100000
v 10.107801 21.479077 0.100000
v 10.739538 21.479077 0.100000
v 11.371276 21.479077 0.100000
v 12.003013 21.479077 0.100000
v 12.634751 21.479077 0.100000
v 13.266489 21.479077 0.100000
v 13.898226 21.479077 0.100000
v 14.529964 21.479077 0.100000
v 15.161701 21.479077 0.100000
v 15.793439 21.479077 0.100000
v 16.425176 21.479077 0.100000
v 17.056914 21.479077 0.100000
v 17.688651 21.479077 0.100000
v 18.320389 21.479077 0.100000
v 18.952126 21.479077 0.100000
v 19.583864 21.479077 0.100000
v 20.215602 21.479077 0.100000
v 20.847339 21.479077 0.100000
v 21.479077 21.479077 0.100000
v 22.110814 21.479077 0.100000
v 22.742552 21.479077 0.100000
v 23.374289 21.479077 0.100000
v 24.006027 21.479077 0.100000
v 24.637764 21.479077 0.100000
v 25.269502 21.479077 0.100000
v -25.269502 22.110814 0.100000
v -24.637764 22.110814 0.100000
v -24.006027 22.110814 0.100000
v -23.374289 22.110814 0.100000
v -22.742552 22.110814 0.100000
v -22.110814 22.110814 0.100000
v -21.479077 22.110814 0.100000
v -20.847339 22.110814 0.100000
v -20.215602 22.110814 0.100000
v -19.583864 22.110814 0.100000
v -18.952126 22.110814 0.100000
v -18.320389 22.110814 0.100000
v -17.688651 22.110814 0.100000
v -17.056914 22.110814 0.100000
v -16.425176 22.110814 0.100000
v -15.793439 22.110814 0.100000
v -15.161701 22.110814 0.100000
v -14.529964 22.110814 0.100000
v -13.898226 22.110814 0.100000
v -13.266489 22.110814 0.100000
v -12.634751 22.110814 0.100000
v -12.003013 22.110814 0.100000
v -11.371276 22.110814 0.100000
v -10.739538 22.110814 0.100000
v -10.107801 22.110814 0.100000
v -9.476063 22.110814 0.100000
v -8.844326 22.110814 0.100000
v -8.212588 22.110814 0.100000
v -7.580851 22.110814 0.100000
v -6.949113 22.110814 0.100000
v -6.317375 22.110814 0.100000
v -5.685638 22.110814 0.100000
v -5.053900 22.110814 0.100000
v -4.422163 22.110814 0.100000
v -3.790425 22.110814 0.100000
v -3.158688 22.110814 0.100000
v -2.526950 22.110814 0.100000
v -1.895213 22.110814 0.100000
v -1.263475 22.110814 0.100000
v -0.631738 22.110814 0.100000
v 0.000000 22.110814 0.100000
v 0.631738 22.110814 0.100000
v 1.263475 22.110814 0.100000
v 1.895213 22.110814 0.100000
v 2.526950 22.110814 0.100000
v 3.158688 22.110814 0.100000
v 3.790425 22.110814 0.100000
v 4.422163 22.110814 0.100000
v 5.053900 22.110814 0.100000
v 5.685638 22.110814 0.100000
v 6.317375 22.110814 0.100000
v 6.949113 22.110814 0.100000
v 7.580851 22.110814 0.100000
v 8.212588 22.110814 0.100000
v 8.844326 22.110814 0.100000
v 9.476063 22.110814 0.100000
v 10.107801 22.110814 0.100000
v 10.739538 22.110814 0.100000
v 11.371276 22.110814 0.100000
v 12.003013 22.110814 0.100000
v 12.634751 22.110814 0.100000
v 13.266489 22.110814 0.100000
v 13.898226 22.110814 0.100000
v 14.529964 22.110814 0.100000
v 15.161701 22.110814 0.100000
v 15.793439 22.110814 0.100000
v 16.425176 22.110814 0.100000
v 17.056914 22.110814 0.100000
v 17.688651 22.110814 0.100000
v 18.320389 22.110814 0.100000
v 18.952126 22.110814 0.100000
v 19.583864 22.110814 0.100000
v 20.215602 22.110814 0.100000
v 20.847339 22.110814 0.100000
v 21.479077 22.110814 0.100000
v 22.110814 22.110814 0.100000
v 22.742552 22.110814 0.100000
v 23.374289 22.110814 0.100000
v 24.006027 22.110814 0.100000
v 24.637764 22.110814 0.100000
v 25.269502 22.110814 0.100000
v -25.269502 22.742552 0.100000
v -24.637764 22.742552 0.100000
v -24.006027 22.742552 0.100000
v -23.374289 22.742552 0.100000
v -22.742552 22.742552 0.100000
v -22.110814 22.742552 0.100000
v -21.479077 22.742552 0.100000
v -20.847339 22.742552 0.100000
v -20.215602 22.742552 0.100000
v -19.583864 22.742552 0.100000
v -18.952126 22.742552 0.100000
v -18.320389 22.742552 0.100000
v -17.688651 22.742552 0.100000
v -17.056914 22.742552 0.100000
v -16.425176 22.742552 0.100000
v -15.793439 22.742552 0.100000
v -15.161701 22.742552 0.100000
v -14.529964 22.742552 0.100000
v -13.898226 22.742552 0.100000
v -13.266489 22.742552 0.100000
v -12.634751 22.742552 0.100000
v -12.003013 22.742552 0.100000
v -11.371276 22.742552 0.100000
v -10.739538 22.742552 0.100000
v -10.107801 22.742552 0.100000
v -9.476063 22.742552 0.100000
v -8.844326 22.742552 0.100000
v -8.212588 22.742552 0.100000
v -7.580851 22.742552 0.100000
v -6.949113 22.742552 0.100000
v -6.317375 22.742552 0.100000
v -5.685638 22.742552 0.100000
v -5.053900 22.742552 0.100000
v -4.422163 22.742552 0.100000
v -3.790425 22.742552 0.100000
v -3.158688 22.742552 0.100000
v -2.526950 22.742552 0.100000
v -1.895213 22.742552 0.100000
v -1.263475 22.742552 0.100000
v -0.631738 22.742552 0.100000
v 0.000000 22.742552 0.100000
v 0.631738 22.742552 0.100000
v 1.263475 22.742552 0.100000
v 1.895213 22.742552 0.100000
v 2.526950 22.742552 0.100000
v 3.158688 22.742552 0.100000
v 3.790425 22.742552 0.100000
v 4.422163 22.742552 0.100000
v 5.053900 22.742552 0.100000
v 5.685638 22.742552 0.100000
v 6.317375 22.742552 0.100000
v 6.949113 22.742552 0.100000
v 7.580851 22.742552 0.100000
v 8.212588 22.742552 0.100000
v 8.844326 22.742552 0.100000
v 9.476063 22.742552 0.100000
v 10.107801 22.742552 0.100000
v 10.739538 22.742552 0.100000
v 11.371276 22.742552 0.100000
v 12.003013 22.742552 0.100000
v 12.634751 22.742552 0.100000
v 13.266489 22.742552 0.100000
v 13.898226 22.742552 0.100000
v 14.529964 22.742552 0.100000
v 15.161701 22.742552 0.100000
v 15.793439 22.742552 0.100000
v 16.425176 22.742552 0.100000
v 17.056914 22.742552 0.100000
v 17.688651 22.742552 0.100000
v 18.320389 22.742552 0.100000
v 18.952126 22.742552 0.100000
v 19.583864 22.742552 0.100000
v 20.215602 22.742552 0.100000
v 20.847339 22.742552 0.100000
v 21.479077 22.742552 0.100000
v 22.110814 22.742552 0.100000
v 22.742552 22.742552 0.100000
v 23.374289 22.742552 0.100000
v 24.006027 22.742552 0.100000
v 24.637764 22.742552 0.100000
v 25.269502 22.742552 0.100000
v -25.269502 23.374289 0.100000
v -24.637764 23.374289 0.100000
v -24.006027 23.374289 0.100000
v -23.374289 23.374289 0.100000
v -22.742552 23.374289 0.100000
v -22.110814 23.374289 0.100000
v -21.479077 23.374289 0.100000
v -20.847339 23.374289 0.100000
v -20.215602 23.374289 0.100000
v -19.583864 23.374289 0.100000
v -18.952126 23.374289 0.100000
v -18.320389 23.374289 0.100000
v -17.688651 23.374289 0.100000
v -17.056914 23.374289 0.100000
v -16.425176 23.374289 0.100000
v -15.793439 23.374289 0.100000
v -15.161701 23.374289 0.100000
v -14.529964 23.374289 0.100000
v -13.898226 23.374289 0.100000
v -13.266489 23.374289 0.100000
v -12.634751 23.374289 0.100000
v -12.003013 23.374289 0.100000
v -11.371276 23.374289 0.100000
v -10.739538 23.374289 0.100000
v -10.107801 23.374289 0.100000
v -9.476063 23.374289 0.100000
v -8.844326 23.374289 0.100000
v -8.212588 23.374289 0.100000
v -7.580851 23.374289 0.100000
v -6.949113 23.374289 0.100000
v -6.317375 23.374289 0.100000
v -5.685638 23.374289 0.100000
v -5.053900 23.374289 0.100000
v -4.422163 23.374289 0.100000
v -3.790425 23.374289 0.100000
v -3.158688 23.374289 0.100000
v -2.526950 23.374289 0.100000
v -1.895213 23.374289 0.100000
v -1.263475 23.374289 0.100000
v -0.631738 23.374289 0.100000
v 0.000000 23.374289 0.100000
v 0.631738 23.374289 0.100000
v 1.263475 23.374289 0.100000
v 1.895213 23.374289 0.100000
v 2.526950 23.374289 0.100000
v 3.158688 23.374289 0.100000
v 3.790425 23.374289 0.100000
v 4.422163 23.374289 0.100000
v 5.053900 23.374289 0.100000
v 5.685638 23.374289 0.100000
v 6.317375 23.374289 0.100000
v 6.949113 23.374289 0.100000
v 7.580851 23.374289 0.100000
v 8.212588 23.374289 0.100000
v 8.844326 23.374289 0.100000
v 9.476063 23.374289 0.100000
v 10.107801 23.374289 0.100000
v 10.739538 23.374289 0.100000
v 11.371276 23.374289 0.100000
v 12.003013 23.374289 0.100000
v 12.634751 23.374289 0.100000
v 13.266489 23.374289 0.100000
v 13.898226 23.374289 0.100000
v 14.529964 23.374289 0.100000
v 15.161701 23.374289 0.100000
v 15.793439 23.374289 0.100000
v 16.425176 23.374289 0.100000
v 17.056914 23.374289 0.100000
v 17.688651 23.374289 0.100000
v 18.320389 23.374289 0.100000
v 18.952126 23.374289 0.100000
v 19.583864 23.374289 0.100000
v 20.215602 23.374289 0.100000
v 20.847339 23.374289 0.100000
v 21.479077 23.374289 0.100000
v 22.110814 23.374289 0.100000
v 22.742552 23.374289 0.100000
v 23.374289 23.374289 0.100000
v 24.006027 23.374289 0.100000
v 24.637764 23.374289 0.100000
v 25.269502 23.374289 0.100000
v -25.269502 24.006027 0.100000
v -24.637764 24.006027 0.100000
v -24.006027 24.006027 0.100000
v -23.374289 24.006027 0.100000
v -22.742552 24.006027 0.100000
v -22.110814 24.006027 0.100000
v -21.479077 24.006027 0.100000
v -20.847339 24.006027 0.100000
v -20.215602 24.006027 0.100000
v -19.583864 24.006027 0.100000
v -18.952126 24.006027 0.100000
v -18.320389 24.006027 0.100000
v -17.688651 24.006027 0.100000
v -17.056914 24.006027 0.100000
v -16.425176 24.006027 0.100000
v -15.793439 24.006027 0.100000
v -15.161701 24.006027 0.100000
v -14.529964 24.006027 0.100000
v -13.898226 24.006027 0.100000
v -13.266489 24.006027 0.100000
v -12.634751 24.006027 0.100000
v -12.003013 24.006027 0.100000
v -11.371276 24.006027 0.100000
v -10.739538 24.006027 0.100000
v -10.107801 24.006027 0.100000
v -9.476063 24.006027 0.100000
v -8.844326 24.006027 0.100000
v -8.212588 24.006027 0.100000
v -7.580851 24.006027 0.100000
v -6.949113 24.006027 0.100000
v -6.317375 24.006027 0.100000
v -5.685638 24.006027 0.100000
v -5.053900 24.006027 0.100000
v -4.422163 24.006027 0.100000
v -3.790425 24.006027 0.100000
v -3.158688 24.006027 0.100000
v -2.526950 24.006027 0.100000
v -1.895213 24.006027 0.100000
v -1.263475 24.006027 0.100000
v -0.631738 24.006027 0.100000
v 0.000000 24.006027 0.100000
v 0.631738 24.006027 0.100000
v 1.263475 24.006027 0.100000
v 1.895213 24.006027 0.100000
v 2.526950 24.006027 0.100000
v 3.158688 24.006027 0.100000
v 3.790425 24.006027 0.100000
v 4.422163 24.006027 0.100000
v 5.053900 24.006027 0.100000
v 5.685638 24.006027 0.100000
v 6.317375 24.006027 0.100000
v 6.949113 24.006027 0.100000
v 7.580851 24.006027 0.100000
v 8.212588 24.006027 0.100000
v 8.844326 24.006027 0.100000
v 9.476063 24.006027 0.100000
v 10.107801 24.006027 0.100000
v 10.739538 24.006027 0.100000
v 11.371276 24.006027 0.100000
v 12.003013 24.006027 0.100000
v 12.634751 24.006027 0.100000
v 13.266489 24.006027 0.100000
v 13.898226 24.006027 0.100000
v 14.529964 24.006027 0.100000
v 15.161701 24.006027 0.100000
v 15.793439 24.006027 0.100000
v 16.425176 24.006027 0.100000
v 17.056914 24.006027 0.100000
v 17.688651 24.006027 0.100000
v 18.320389 24.006027 0.100000
v 18.952126 24.006027 0.100000
v 19.583864 24.006027 0.100000
v 20.215602 24.006027 0.100000
v 20.847339 24.006027 0.100000
v 21.479077 24.006027 0.100000
v 22.110814 24.006027 0.100000
v 22.742552 24.006027 0.100000
v 23.374289 24.006027 0.100000
v 24.006027 24.006027 0.100000
v 24.637764 24.006027 0.100000
v 25.269502 24.006027 0.100000
v -25.269502 24.637764 0.100000
v -24.637764 24.637764 0.100000
v -24.006027 24.637764 0.100000
v -23.374289 24.637764 0.100000
v -22.742552 24.637764 0.100000
v -22.110814 24.637764 0.100000
v -21.479077 24.637764 0.100000
v -20.847339 24.637764 0.100000
v -20.215602 24.637764 0.100000
v -19.583864 24.637764 0.100000
v -18.952126 24.637764 0.100000
v -18.320389 24.637764 0.100000
v -17.688651 24.637764 0.100000
v -17.056914 24.637764 0.100000
v -16.425176 24.637764 0.100000
v -15.793439 24.637764 0.100000
v -15.161701 24.637764 0.100000
v -14.529964 24.637764 0.100000
v -13.898226 24.637764 0.100000
v -13.266489 24.637764 0.100000
v -12.634751 24.637764 0.100000
v -12.003013 24.637764 0.100000
v -11.371276 24.637764 0.100000
v -10.739538 24.637764 0.100000
v -10.107801 24.637764 0.100000
v -9.476063 24.637764 0.100000
v -8.844326 24.637764 0.100000
v -8.212588 24.637764 0.100000
v -7.580851 24.637764 0.100000
v -6.949113 24.637764 0.100000
v -6.317375 24.637764 0.100000
v -5.685638 24.637764 0.100000
v -5.053900 24.637764 0.100000
v -4.422163 24.637764 0.100000
v -3.790425 24.637764 0.100000
v -3.158688 24.637764 0.100000
v -2.526950 24.637764 0.100000
v -1.895213 24.637764 0.100000
v -1.263475 24.637764 0.100000
v -0.631738 24.637764 0.100000
v 0.000000 24.637764 0.100000
v 0.631738 24.637764 0.100000
v 1.263475 24.637764 0.100000
v 1.895213 24.637764 0.100000
v 2.526950 24.637764 0.100000
v 3.158688 24.637764 0.100000
v 3.790425 24.637764 0.100000
v 4.422163 24.637764 0.100000
v 5.053900 24.637764 0.100000
v 5.685638 24.637764 0.100000
v 6.317375 24.637764 0.100000
v 6.949113 24.637764 0.100000
v 7.580851 24.637764 0.100000
v 8.212588 24.637764 0.100000
v 8.844326 24.637764 0.100000
v 9.476063 24.637764 0.100000
v 10.107801 24.637764 0.100000
v 10.739538 24.637764 0.100000
v 11.371276 24.637764 0.100000
v 12.003013 24.637764 0.100000
v 12.634751 24.637764 0.100000
v 13.266489 24.637764 0.100000
v 13.898226 24.637764 0.100000
v 14.529964 24.637764 0.100000
v 15.161701 24.637764 0.100000
v 15.793439 24.637764 0.100000
v 16.425176 24.637764 0.100000
v 17.056914 24.637764 0.100000
v 17.688651 24.637764 0.100000
v 18.320389 24.637764 0.100000
v 18.952126 24.637764 0.100000
v 19.583864 24.637764 0.100000
v 20.215602 24.637764 0.100000
v 20.847339 24.637764 0.100000
v 21.479077 24.637764 0.100000
v 22.110814 24.637764 0.100000
v 22.742552 24.637764 0.100000
v 23.374289 24.637764 0.100000
v 24.006027 24.637764 0.100000
v 24.637764 24.637764 0.100000
v 25.269502 24.637764 0.100000
v -25.269502 25.269502 0.100000
v -24.637764 25.269502 0.100000
v -24.006027 25.269502 0.100000
v -23.374289 25.269502 0.100000
v -22.742552 25.269502 0.100000
v -22.110814 25.269502 0.100000
v -21.479077 25.269502 0.100000
v -20.847339 25.269502 0.100000
v -20.215602 25.269502 0.100000
v -19.583864 25.269502 0.100000
v -18.952126 25.269502 0.100000
v -18.320389 25.269502 0.100000
v -17.688651 25.269502 0.100000
v -17.056914 25.269502 0.100000
v -16.425176 25.269502 0.100000
v -15.793439 25.269502 0.100000
v -15.161701 25.269502 0.100000
v -14.529964 25.269502 0.100000
v -13.898226 25.269502 0.100000
v -13.266489 25.269502 0.100000
v -12.634751 25.269502 0.100000
v -12.003013 25.269502 0.100000
v -11.371276 25.269502 0.100000
v -10.739538 25.269502 0.100000
v -10.107801 25.269502 0.100000
v -9.476063 25.269502 0.100000
v -8.844326 25.269502 0.100000
v -8.212588 25.269502 0.100000
v -7.580851 25.269502 0.100000
v -6.949113 25.269502 0.100000
v -6.317375 25.269502 0.100000
v -5.685638 25.269502 0.100000
v -5.053900 25.269502 0.100000
v -4.422163 25.269502 0.100000
v -3.790425 25.269502 0.100000
v -3.158688 25.269502 0.100000
v -2.526950 25.269502 0.100000
v -1.895213 25.269502 0.100000
v -1.263475 25.269502 0.100000
v -0.631738 25.269502 0.100000
v 0.000000 25.269502 0.100000
v 0.631738 25.269502 0.100000
v 1.263475 25.269502 0.100000
v 1.895213 25.269502 0.100000
v 2.526950 25.269502 0.100000
v 3.158688 25.269502 0.100000
v 3.790425 25.269502 0.100000
v 4.422163 25.269502 0.100000
v 5.053900 25.269502 0.100000
v 5.685638 25.269502 0.100000
v 6.317375 25.269502 0.100000
v 6.949113 25.269502 0.100000
v 7.580851 25.269502 0.100000
v 8.212588 25.269502 0.100000
v 8.844326 25.269502 0.100000
v 9.476063 25.269502 0.100000
v 10.107801 25.269502 0.100000
v 10.739538 25.269502 0.100000
v 11.371276 25.269502 0.100000
v 12.003013 25.269502 0.100000
v 12.634751 25.269502 0.100000
v 13.266489 25.269502 0.100000
v 13.898226 25.269502 0.100000
v 14.529964 25.269502 0.100000
v 15.161701 25.269502 0.100000
v 15.793439 25.269502 0.100000
v 16.425176 25.269502 0.100000
v 17.056914 25.269502 0.100000
v 17.688651 25.269502 0.100000
v 18.320389 25.269502 0.100000
v 18.952126 25.269502 0.100000
v 19.583864 25.269502 0.100000
v 20.215602 25.269502 0.100000
v 20.847339 25.269502 0.100000
v 21.479077 25.269502 0.100000
v 22.110814 25.269502 0.100000
v 22.742552 25.269502 0.100000
v 23.374289 25.269502 0.100000
v 24.006027 25.269502 0.100000
v 24.637764 25.269502 0.100000
v 25.269502 25.269502 0.100000
f 1230 1231 1312
f 1230 1312 1311
f 1311 1312 1393
f 1311 1393 1392
f 1312 1313 1394
f 1312 1394 1393
f 1392 1393 1474
f 1392 1474 1473
f 1393 1394 1475
f 1393 1475 1474
f 1394 1395 1476
f 1394 1476 1475
f 1473 1474 1555
f 1473 1555 1554
f 1474 1475 1556
f 1474 1556 1555
f 1475 1476 1557
f 1475 1557 1556
f 1476 1477 1558
f 1476 1558 1557
f 1554 1555 1636
f 1554 1636 1635
f 1555 1556 1637
f 1555 1637 1636
f 1556 1557 1638
f 1556 1638 1637
f 1557 1558 1639
f 1557 1639 1638
f 1558 1559 1640
f 1558 1640 1639
f 1635 1636 1717
f 1635 1717 1716
f 1636 1637 1718
f 1636 1718 1717
f 1637 1638 1719
f 1637 1719 1718
f 1638 1639 1720
f 1638 1720 1719
f 1639 1640 1721
f 1639 1721 1720
f 1640 1641 1722
f 1640 1722 1721
f 1716 1717 1798
f 1716 1798 1797
f 1717 1718 1799
f 1717 1799 1798
f 1718 1719 1800
f 1718 1800 1799
f 1719 1720 1801
f 1719 1801 1800
f 1720 1721 1802
f 1720 1802 1801
f 1721 1722 1803
f 1721 1803 1802
f 1722 1723 1804
f 1722 1804 1803
f 1797 1798 1879
f 1797 1879 1878
f 1798 1799 1880
f 1798 1880 1879
f 1799 1800 1881
f 1799 1881 1880
f 1800 1801 1882
f 1800 1882 1881
f 1801 1802 1883
f 1801 1883 1882
f 1802 1803 1884
f 1802 1884 1883
f 1803 1804 1885
f 1803 1885 1884
f 1804 1805 1886
f 1804 1886 1885
f 1878 1879 1960
f 1878 1960 1959
f 1879 1880 1961
f 1879 1961 1960
f 1880 1881 1962
f 1880 1962 1961
f 1881 1882 1963
f 1881 1963 1962
f 1882 1883 1964
f 1882 1964 1963
f 1883 1884 1965
f 1883 1965 1964
f 1884 1885 1966
f 1884 1966 1965
f 1885 1886 1967
f 1885 1967 1966
f 1886 1887 1968
f 1886 1968 1967
f 1959 1960 2041
f 1959 2041 2040
f 1960 1961 2042
f 1960 2042 2041
f 1961 1962 2043
f 1961 2043 2042
f 1962 1963 2044
f 1962 2044 2043
f 1963 1964 2045
f 1963 2045 2044
f 1964 1965 2046
f 1964 2046 2045
f 1965 1966 2047
f 1965 2047 2046
f 1966 1967 2048
f 1966 2048 2047
f 1967 1968 2049
f 1967 2049 2048
f 2040 2041 2122
f 2040 2122 2121
f 2041 2042 2123
f 2041 2123 2122
f 2042 2043 2124
f 2042 2124 2123
f 2043 2044 2125
f 2043 2125 2124
f 2044 2045 2126
f 2044 2126 2125
f 2045 2046 2127
f 2045 2127 2126
f 2046 2047 2128
f 2046 2128 2127
f 2047 2048 2129
f 2047 2129 2128
f 2121 2122 2203
f 2121 2203 2202
f 2122 2123 2204
f 2122 2204 2203
f 2123 2124 2205
f 2123 2205 2204
f 2124 2125 2206
f 2124 2206 2205
f 2125 2126 2207
f 2125 2207 2206
f 2126 2127 2208
f 2126 2208 2207
f 2127 2128 2209
f 2127 2209 2208
f 2202 2203 2284
f 2202 2284 2283
f 2203 2204 2285
f 2203 2285 2284
f 2204 2205 2286
f 2204 2286 2285
f 2205 2206 2287
f 2205 2287 2286
f 2206 2207 2288
f 2206 2288 2287
f 2207 2208 2289
f 2207 2289 2288
f 2283 2284 2365
f 2283 2365 2364
f 2284 2285 2366
f 2284 2366 2365
f 2285 2286 2367
f 2285 2367 2366
f 2286 2287 2368
f 2286 2368 2367
f 2287 2288 2369
f 2287 2369 2368
f 2364 2365 2446
f 2364 2446 2445
f 2365 2366 2447
f 2365 2447 2446
f 2366 2367 2448
f 2366 2448 2447
f 2367 2368 2449
f 2367 2449 2448
f 2445 2446 2527
f 2445 2527 2526
f 2446 2447 2528
f 2446 2528 2527
f 2447 2448 2529
f 2447 2529 2528
f 2526 2527 2608
f 2526 2608 2607
f 2527 2528 2609
f 2527 2609 2608
f 2607 2608 2689
f 2607 2689 2688
