o [4B] 3D Diagram - S2-01 Group G_251
v -8.800000 -5.050000 4.500000
v -8.786458 -5.050000 4.500000
v -8.772917 -5.050000 4.500000
v -8.759375 -5.050000 4.500000
v -8.745833 -5.050000 4.500000
v -8.732292 -5.050000 4.500000
v -8.718750 -5.050000 4.500000
v -8.705208 -5.050000 4.500000
v -8.691667 -5.050000 4.500000
v -8.678125 -5.050000 4.500000
v -8.664583 -5.050000 4.500000
v -8.651042 -5.050000 4.500000
v -8.637500 -5.050000 4.500000
v -8.623958 -5.050000 4.500000
v -8.610417 -5.050000 4.500000
v -8.596875 -5.050000 4.500000
v -8.583333 -5.050000 4.500000
v -8.569792 -5.050000 4.500000
v -8.556250 -5.050000 4.500000
v -8.542708 -5.050000 4.500000
v -8.529167 -5.050000 4.500000
v -8.515625 -5.050000 4.500000
v -8.502083 -5.050000 4.500000
v -8.488542 -5.050000 4.500000
v -8.475000 -5.050000 4.500000
v -8.461458 -5.050000 4.500000
v -8.447917 -5.050000 4.500000
v -8.434375 -5.050000 4.500000
v -8.420833 -5.050000 4.500000
v -8.407292 -5.050000 4.500000
v -8.393750 -5.050000 4.500000
v -8.380208 -5.050000 4.500000
v -8.366667 -5.050000 4.500000
v -8.353125 -5.050000 4.500000
v -8.339583 -5.050000 4.500000
v -8.326042 -5.050000 4.500000
v -8.312500 -5.050000 4.500000
v -8.298958 -5.050000 4.500000
v -8.285417 -5.050000 4.500000
v -8.271875 -5.050000 4.500000
v -8.258333 -5.050000 4.500000
v -8.244792 -5.050000 4.500000
v -8.231250 -5.050000 4.500000
v -8.217708 -5.050000 4.500000
v -8.204167 -5.050000 4.500000
v -8.190625 -5.050000 4.500000
v -8.177083 -5.050000 4.500000
v -8.163542 -5.050000 4.500000
v -8.150000 -5.050000 4.500000
v -8.136458 -5.050000 4.500000
v -8.122917 -5.050000 4.500000
v -8.109375 -5.050000 4.500000
v -8.095833 -5.050000 4.500000
v -8.082292 -5.050000 4.500000
v -8.068750 -5.050000 4.500000
v -8.055208 -5.050000 4.500000
v -8.041667 -5.050000 4.500000
v -8.028125 -5.050000 4.500000
v -8.014583 -5.050000 4.500000
v -8.001042 -5.050000 4.500000
v -7.987500 -5.050000 4.500000
v -7.973958 -5.050000 4.500000
v -7.960417 -5.050000 4.500000
v -7.946875 -5.050000 4.500000
v -7.933333 -5.050000 4.500000
v -7.919792 -5.050000 4.500000
v -7.906250 -5.050000 4.500000
v -7.892708 -5.050000 4.500000
v -7.879167 -5.050000 4.500000
v -7.865625 -5.050000 4.500000
v -7.852083 -5.050000 4.500000
v -7.838542 -5.050000 4.500000
v -7.825000 -5.050000 4.500000
v -7.811458 -5.050000 4.500000
v -7.797917 -5.050000 4.500000
v -7.784375 -5.050000 4.500000
v -7.770833 -5.050000 4.500000
v -7.757292 -5.050000 4.500000
v -7.743750 -5.050000 4.500000
v -7.730208 -5.050000 4.500000
v -7.716667 -5.050000 4.500000
v -7.703125 -5.050000 4.500000
v -7.689583 -5.050000 4.500000
v -7.676042 -5.050000 4.500000
v -7.662500 -5.050000 4.500000
v -7.648958 -5.050000 4.500000
v -7.635417 -5.050000 4.500000
v -7.621875 -5.050000 4.500000
v -7.608333 -5.050000 4.500000
v -7.594792 -5.050000 4.500000
v -7.581250 -5.050000 4.500000
v -7.567708 -5.050000 4.500000
v -7.554167 -5.050000 4.500000
v -7.540625 -5.050000 4.500000
v -7.527083 -5.050000 4.500000
v -7.513542 -5.050000 4.500000
v -7.500000 -5.050000 4.500000
v -8.800000 -4.704687 4.500000
v -8.786458 -4.704687 4.500000
v -8.772917 -4.704687 4.500000
v -8.759375 -4.704687 4.500000
v -8.745833 -4.704687 4.500000
v -8.732292 -4.704687 4.500000
v -8.718750 -4.704687 4.500000
v -8.705208 -4.704687 4.500000
v -8.691667 -4.704687 4.500000
v -8.678125 -4.704687 4.500000
v -8.664583 -4.704687 4.500000
v -8.651042 -4.704687 4.500000
v -8.637500 -4.704687 4.500000
v -8.623958 -4.704687 4.500000
v -8.610417 -4.704687 4.500000
v -8.596875 -4.704687 4.500000
v -8.583333 -4.704687 4.500000
v -8.569792 -4.704687 4.500000
v -8.556250 -4.704687 4.500000
v -8.542708 -4.704687 4.500000
v -8.529167 -4.704687 4.500000
v -8.515625 -4.704687 4.500000
v -8.502083 -4.704687 4.500000
v -8.488542 -4.704687 4.500000
v -8.475000 -4.704687 4.500000
v -8.461458 -4.704687 4.500000
v -8.447917 -4.704687 4.500000
v -8.434375 -4.704687 4.500000
v -8.420833 -4.704687 4.500000
v -8.407292 -4.704687 4.500000
v -8.393750 -4.704687 4.500000
v -8.380208 -4.704687 4.500000
v -8.366667 -4.704687 4.500000
v -8.353125 -4.704687 4.500000
v -8.339583 -4.704687 4.500000
v -8.326042 -4.704687 4.500000
v -8.312500 -4.704687 4.500000
v -8.298958 -4.704687 4.500000
v -8.285417 -4.704687 4.500000
v -8.271875 -4.704687 4.500000
v -8.258333 -4.704687 4.500000
v -8.244792 -4.704687 4.500000
v -8.231250 -4.704687 4.500000
v -8.217708 -4.704687 4.500000
v -8.204167 -4.704687 4.500000
v -8.190625 -4.704687 4.500000
v -8.177083 -4.704687 4.500000
v -8.163542 -4.704687 4.500000
v -8.150000 -4.704687 4.500000
v -8.136458 -4.704687 4.500000
v -8.122917 -4.704687 4.500000
v -8.109375 -4.704687 4.500000
v -8.095833 -4.704687 4.500000
v -8.082292 -4.704687 4.500000
v -8.068750 -4.704687 4.500000
v -8.055208 -4.704687 4.500000
v -8.041667 -4.704687 4.500000
v -8.028125 -4.704687 4.500000
v -8.014583 -4.704687 4.500000
v -8.001042 -4.704687 4.500000
v -7.987500 -4.704687 4.500000
v -7.973958 -4.704687 4.500000
v -7.960417 -4.704687 4.500000
v -7.946875 -4.704687 4.500000
v -7.933333 -4.704687 4.500000
v -7.919792 -4.704687 4.500000
v -7.906250 -4.704687 4.500000
v -7.892708 -4.704687 4.500000
v -7.879167 -4.704687 4.500000
v -7.865625 -4.704687 4.500000
v -7.852083 -4.704687 4.500000
v -7.838542 -4.704687 4.500000
v -7.825000 -4.704687 4.500000
v -7.811458 -4.704687 4.500000
v -7.797917 -4.704687 4.500000
v -7.784375 -4.704687 4.500000
v -7.770833 -4.704687 4.500000
v -7.757292 -4.704687 4.500000
v -7.743750 -4.704687 4.500000
v -7.730208 -4.704687 4.500000
v -7.716667 -4.704687 4.500000
v -7.703125 -4.704687 4.500000
v -7.689583 -4.704687 4.500000
v -7.676042 -4.704687 4.500000
v -7.662500 -4.704687 4.500000
v -7.648958 -4.704687 4.500000
v -7.635417 -4.704687 4.500000
v -7.621875 -4.704687 4.500000
v -7.608333 -4.704687 4.500000
v -7.594792 -4.704687 4.500000
v -7.581250 -4.704687 4.500000
v -7.567708 -4.704687 4.500000
v -7.554167 -4.704687 4.500000
v -7.540625 -4.704687 4.500000
v -7.527083 -4.704687 4.500000
v -7.513542 -4.704687 4.500000
v -7.500000 -4.704687 4.500000
v -8.800000 -4.359375 4.500000
v -8.786458 -4.359375 4.500000
v -8.772917 -4.359375 4.500000
v -8.759375 -4.359375 4.500000
v -8.745833 -4.359375 4.500000
v -8.732292 -4.359375 4.500000
v -8.718750 -4.359375 4.500000
v -8.705208 -4.359375 4.500000
v -8.691667 -4.359375 4.500000
v -8.678125 -4.359375 4.500000
v -8.664583 -4.359375 4.500000
v -8.651042 -4.359375 4.500000
v -8.637500 -4.359375 4.500000
v -8.623958 -4.359375 4.500000
v -8.610417 -4.359375 4.500000
v -8.596875 -4.359375 4.500000
v -8.583333 -4.359375 4.500000
v -8.569792 -4.359375 4.500000
v -8.556250 -4.359375 4.500000
v -8.542708 -4.359375 4.500000
v -8.529167 -4.359375 4.500000
v -8.515625 -4.359375 4.500000
v -8.502083 -4.359375 4.500000
v -8.488542 -4.359375 4.500000
v -8.475000 -4.359375 4.500000
v -8.461458 -4.359375 4.500000
v -8.447917 -4.359375 4.500000
v -8.434375 -4.359375 4.500000
v -8.420833 -4.359375 4.500000
v -8.407292 -4.359375 4.500000
v -8.393750 -4.359375 4.500000
v -8.380208 -4.359375 4.500000
v -8.366667 -4.359375 4.500000
v -8.353125 -4.359375 4.500000
v -8.339583 -4.359375 4.500000
v -8.326042 -4.359375 4.500000
v -8.312500 -4.359375 4.500000
v -8.298958 -4.359375 4.500000
v -8.285417 -4.359375 4.500000
v -8.271875 -4.359375 4.500000
v -8.258333 -4.359375 4.500000
v -8.244792 -4.359375 4.500000
v -8.231250 -4.359375 4.500000
v -8.217708 -4.359375 4.500000
v -8.204167 -4.359375 4.500000
v -8.190625 -4.359375 4.500000
v -8.177083 -4.359375 4.500000
v -8.163542 -4.359375 4.500000
v -8.150000 -4.359375 4.500000
v -8.136458 -4.359375 4.500000
v -8.122917 -4.359375 4.500000
v -8.109375 -4.359375 4.500000
v -8.095833 -4.359375 4.500000
v -8.082292 -4.359375 4.500000
v -8.068750 -4.359375 4.500000
v -8.055208 -4.359375 4.500000
v -8.041667 -4.359375 4.500000
v -8.028125 -4.359375 4.500000
v -8.014583 -4.359375 4.500000
v -8.001042 -4.359375 4.500000
v -7.987500 -4.359375 4.500000
v -7.973958 -4.359375 4.500000
v -7.960417 -4.359375 4.500000
v -7.946875 -4.359375 4.500000
v -7.933333 -4.359375 4.500000
v -7.919792 -4.359375 4.500000
v -7.906250 -4.359375 4.500000
v -7.892708 -4.359375 4.500000
v -7.879167 -4.359375 4.500000
v -7.865625 -4.359375 4.500000
v -7.852083 -4.359375 4.500000
v -7.838542 -4.359375 4.500000
v -7.825000 -4.359375 4.500000
v -7.811458 -4.359375 4.500000
v -7.797917 -4.359375 4.500000
v -7.784375 -4.359375 4.500000
v -7.770833 -4.359375 4.500000
v -7.757292 -4.359375 4.500000
v -7.743750 -4.359375 4.500000
v -7.730208 -4.359375 4.500000
v -7.716667 -4.359375 4.500000
v -7.703125 -4.359375 4.500000
v -7.689583 -4.359375 4.500000
v -7.676042 -4.359375 4.500000
v -7.662500 -4.359375 4.500000
v -7.648958 -4.359375 4.500000
v -7.635417 -4.359375 4.500000
v -7.621875 -4.359375 4.500000
v -7.608333 -4.359375 4.500000
v -7.594792 -4.359375 4.500000
v -7.581250 -4.359375 4.500000
v -7.567708 -4.359375 4.500000
v -7.554167 -4.359375 4.500000
v -7.540625 -4.359375 4.500000
v -7.527083 -4.359375 4.500000
v -7.513542 -4.359375 4.500000
v -7.500000 -4.359375 4.500000
v -8.800000 -4.014062 4.500000
v -8.786458 -4.014062 4.500000
v -8.772917 -4.014062 4.500000
v -8.759375 -4.014062 4.500000
v -8.745833 -4.014062 4.500000
v -8.732292 -4.014062 4.500000
v -8.718750 -4.014062 4.500000
v -8.705208 -4.014062 4.500000
v -8.691667 -4.014062 4.500000
v -8.678125 -4.014062 4.500000
v -8.664583 -4.014062 4.500000
v -8.651042 -4.014062 4.500000
v -8.637500 -4.014062 4.500000
v -8.623958 -4.014062 4.500000
v -8.610417 -4.014062 4.500000
v -8.596875 -4.014062 4.500000
v -8.583333 -4.014062 4.500000
v -8.569792 -4.014062 4.500000
v -8.556250 -4.014062 4.500000
v -8.542708 -4.014062 4.500000
v -8.529167 -4.014062 4.500000
v -8.515625 -4.014062 4.500000
v -8.502083 -4.014062 4.500000
v -8.488542 -4.014062 4.500000
v -8.475000 -4.014062 4.500000
v -8.461458 -4.014062 4.500000
v -8.447917 -4.014062 4.500000
v -8.434375 -4.014062 4.500000
v -8.420833 -4.014062 4.500000
v -8.407292 -4.014062 4.500000
v -8.393750 -4.014062 4.500000
v -8.380208 -4.014062 4.500000
v -8.366667 -4.014062 4.500000
v -8.353125 -4.014062 4.500000
v -8.339583 -4.014062 4.500000
v -8.326042 -4.014062 4.500000
v -8.312500 -4.014062 4.500000
v -8.298958 -4.014062 4.500000
v -8.285417 -4.014062 4.500000
v -8.271875 -4.014062 4.500000
v -8.258333 -4.014062 4.500000
v -8.244792 -4.014062 4.500000
v -8.231250 -4.014062 4.500000
v -8.217708 -4.014062 4.500000
v -8.204167 -4.014062 4.500000
v -8.190625 -4.014062 4.500000
v -8.177083 -4.014062 4.500000
v -8.163542 -4.014062 4.500000
v -8.150000 -4.014062 4.500000
v -8.136458 -4.014062 4.500000
v -8.122917 -4.014062 4.500000
v -8.109375 -4.014062 4.500000
v -8.095833 -4.014062 4.500000
v -8.082292 -4.014062 4.500000
v -8.068750 -4.014062 4.500000
v -8.055208 -4.014062 4.500000
v -8.041667 -4.014062 4.500000
v -8.028125 -4.014062 4.500000
v -8.014583 -4.014062 4.500000
v -8.001042 -4.014062 4.500000
v -7.987500 -4.014062 4.500000
v -7.973958 -4.014062 4.500000
v -7.960417 -4.014062 4.500000
v -7.946875 -4.014062 4.500000
v -7.933333 -4.014062 4.500000
v -7.919792 -4.014062 4.500000
v -7.906250 -4.014062 4.500000
v -7.892708 -4.014062 4.500000
v -7.879167 -4.014062 4.500000
v -7.865625 -4.014062 4.500000
v -7.852083 -4.014062 4.500000
v -7.838542 -4.014062 4.500000
v -7.825000 -4.014062 4.500000
v -7.811458 -4.014062 4.500000
v -7.797917 -4.014062 4.500000
v -7.784375 -4.014062 4.500000
v -7.770833 -4.014062 4.500000
v -7.757292 -4.014062 4.500000
v -7.743750 -4.014062 4.500000
v -7.730208 -4.014062 4.500000
v -7.716667 -4.014062 4.500000
v -7.703125 -4.014062 4.500000
v -7.689583 -4.014062 4.500000
v -7.676042 -4.014062 4.500000
v -7.662500 -4.014062 4.500000
v -7.648958 -4.014062 4.500000
v -7.635417 -4.014062 4.500000
v -7.621875 -4.014062 4.500000
v -7.608333 -4.014062 4.500000
v -7.594792 -4.014062 4.500000
v -7.581250 -4.014062 4.500000
v -7.567708 -4.014062 4.500000
v -7.554167 -4.014062 4.500000
v -7.540625 -4.014062 4.500000
v -7.527083 -4.014062 4.500000
v -7.513542 -4.014062 4.500000
v -7.500000 -4.014062 4.500000
v -8.800000 -3.668750 4.500000
v -8.786458 -3.668750 4.500000
v -8.772917 -3.668750 4.500000
v -8.759375 -3.668750 4.500000
v -8.745833 -3.668750 4.500000
v -8.732292 -3.668750 4.500000
v -8.718750 -3.668750 4.500000
v -8.705208 -3.668750 4.500000
v -8.691667 -3.668750 4.500000
v -8.678125 -3.668750 4.500000
v -8.664583 -3.668750 4.500000
v -8.651042 -3.668750 4.500000
v -8.637500 -3.668750 4.500000
v -8.623958 -3.668750 4.500000
v -8.610417 -3.668750 4.500000
v -8.596875 -3.668750 4.500000
v -8.583333 -3.668750 4.500000
v -8.569792 -3.668750 4.500000
v -8.556250 -3.668750 4.500000
v -8.542708 -3.668750 4.500000
v -8.529167 -3.668750 4.500000
v -8.515625 -3.668750 4.500000
v -8.502083 -3.668750 4.500000
v -8.488542 -3.668750 4.500000
v -8.475000 -3.668750 4.500000
v -8.461458 -3.668750 4.500000
v -8.447917 -3.668750 4.500000
v -8.434375 -3.668750 4.500000
v -8.420833 -3.668750 4.500000
v -8.407292 -3.668750 4.500000
v -8.393750 -3.668750 4.500000
v -8.380208 -3.668750 4.500000
v -8.366667 -3.668750 4.500000
v -8.353125 -3.668750 4.500000
v -8.339583 -3.668750 4.500000
v -8.326042 -3.668750 4.500000
v -8.312500 -3.668750 4.500000
v -8.298958 -3.668750 4.500000
v -8.285417 -3.668750 4.500000
v -8.271875 -3.668750 4.500000
v -8.258333 -3.668750 4.500000
v -8.244792 -3.668750 4.500000
v -8.231250 -3.668750 4.500000
v -8.217708 -3.668750 4.500000
v -8.204167 -3.668750 4.500000
v -8.190625 -3.668750 4.500000
v -8.177083 -3.668750 4.500000
v -8.163542 -3.668750 4.500000
v -8.150000 -3.668750 4.500000
v -8.136458 -3.668750 4.500000
v -8.122917 -3.668750 4.500000
v -8.109375 -3.668750 4.500000
v -8.095833 -3.668750 4.500000
v -8.082292 -3.668750 4.500000
v -8.068750 -3.668750 4.500000
v -8.055208 -3.668750 4.500000
v -8.041667 -3.668750 4.500000
v -8.028125 -3.668750 4.500000
v -8.014583 -3.668750 4.500000
v -8.001042 -3.668750 4.500000
v -7.987500 -3.668750 4.500000
v -7.973958 -3.668750 4.500000
v -7.960417 -3.668750 4.500000
v -7.946875 -3.668750 4.500000
v -7.933333 -3.668750 4.500000
v -7.919792 -3.668750 4.500000
v -7.906250 -3.668750 4.500000
v -7.892708 -3.668750 4.500000
v -7.879167 -3.668750 4.500000
v -7.865625 -3.668750 4.500000
v -7.852083 -3.668750 4.500000
v -7.838542 -3.668750 4.500000
v -7.825000 -3.668750 4.500000
v -7.811458 -3.668750 4.500000
v -7.797917 -3.668750 4.500000
v -7.784375 -3.668750 4.500000
v -7.770833 -3.668750 4.500000
v -7.757292 -3.668750 4.500000
v -7.743750 -3.668750 4.500000
v -7.730208 -3.668750 4.500000
v -7.716667 -3.668750 4.500000
v -7.703125 -3.668750 4.500000
v -7.689583 -3.668750 4.500000
v -7.676042 -3.668750 4.500000
v -7.662500 -3.668750 4.500000
v -7.648958 -3.668750 4.500000
v -7.635417 -3.668750 4.500000
v -7.621875 -3.668750 4.500000
v -7.608333 -3.668750 4.500000
v -7.594792 -3.668750 4.500000
v -7.581250 -3.668750 4.500000
v -7.567708 -3.668750 4.500000
v -7.554167 -3.668750 4.500000
v -7.540625 -3.668750 4.500000
v -7.527083 -3.668750 4.500000
v -7.513542 -3.668750 4.500000
v -7.500000 -3.668750 4.500000
v -8.800000 -3.323437 4.500000
v -8.786458 -3.323437 4.500000
v -8.772917 -3.323437 4.500000
v -8.759375 -3.323437 4.500000
v -8.745833 -3.323437 4.500000
v -8.732292 -3.323437 4.500000
v -8.718750 -3.323437 4.500000
v -8.705208 -3.323437 4.500000
v -8.691667 -3.323437 4.500000
v -8.678125 -3.323437 4.500000
v -8.664583 -3.323437 4.500000
v -8.651042 -3.323437 4.500000
v -8.637500 -3.323437 4.500000
v -8.623958 -3.323437 4.500000
v -8.610417 -3.323437 4.500000
v -8.596875 -3.323437 4.500000
v -8.583333 -3.323437 4.500000
v -8.569792 -3.323437 4.500000
v -8.556250 -3.323437 4.500000
v -8.542708 -3.323437 4.500000
v -8.529167 -3.323437 4.500000
v -8.515625 -3.323437 4.500000
v -8.502083 -3.323437 4.500000
v -8.488542 -3.323437 4.500000
v -8.475000 -3.323437 4.500000
v -8.461458 -3.323437 4.500000
v -8.447917 -3.323437 4.500000
v -8.434375 -3.323437 4.500000
v -8.420833 -3.323437 4.500000
v -8.407292 -3.323437 4.500000
v -8.393750 -3.323437 4.500000
v -8.380208 -3.323437 4.500000
v -8.366667 -3.323437 4.500000
v -8.353125 -3.323437 4.500000
v -8.339583 -3.323437 4.500000
v -8.326042 -3.323437 4.500000
v -8.312500 -3.323437 4.500000
v -8.298958 -3.323437 4.500000
v -8.285417 -3.323437 4.500000
v -8.271875 -3.323437 4.500000
v -8.258333 -3.323437 4.500000
v -8.244792 -3.323437 4.500000
v -8.231250 -3.323437 4.500000
v -8.217708 -3.323437 4.500000
v -8.204167 -3.323437 4.500000
v -8.190625 -3.323437 4.500000
v -8.177083 -3.323437 4.500000
v -8.163542 -3.323437 4.500000
v -8.150000 -3.323437 4.500000
v -8.136458 -3.323437 4.500000
v -8.122917 -3.323437 4.500000
v -8.109375 -3.323437 4.500000
v -8.095833 -3.323437 4.500000
v -8.082292 -3.323437 4.500000
v -8.068750 -3.323437 4.500000
v -8.055208 -3.323437 4.500000
v -8.041667 -3.323437 4.500000
v -8.028125 -3.323437 4.500000
v -8.014583 -3.323437 4.500000
v -8.001042 -3.323437 4.500000
v -7.987500 -3.323437 4.500000
v -7.973958 -3.323437 4.500000
v -7.960417 -3.323437 4.500000
v -7.946875 -3.323437 4.500000
v -7.933333 -3.323437 4.500000
v -7.919792 -3.323437 4.500000
v -7.906250 -3.323437 4.500000
v -7.892708 -3.323437 4.500000
v -7.879167 -3.323437 4.500000
v -7.865625 -3.323437 4.500000
v -7.852083 -3.323437 4.500000
v -7.838542 -3.323437 4.500000
v -7.825000 -3.323437 4.500000
v -7.811458 -3.323437 4.500000
v -7.797917 -3.323437 4.500000
v -7.784375 -3.323437 4.500000
v -7.770833 -3.323437 4.500000
v -7.757292 -3.323437 4.500000
v -7.743750 -3.323437 4.500000
v -7.730208 -3.323437 4.500000
v -7.716667 -3.323437 4.500000
v -7.703125 -3.323437 4.500000
v -7.689583 -3.323437 4.500000
v -7.676042 -3.323437 4.500000
v -7.662500 -3.323437 4.500000
v -7.648958 -3.323437 4.500000
v -7.635417 -3.323437 4.500000
v -7.621875 -3.323437 4.500000
v -7.608333 -3.323437 4.500000
v -7.594792 -3.323437 4.500000
v -7.581250 -3.323437 4.500000
v -7.567708 -3.323437 4.500000
v -7.554167 -3.323437 4.500000
v -7.540625 -3.323437 4.500000
v -7.527083 -3.323437 4.500000
v -7.513542 -3.323437 4.500000
v -7.500000 -3.323437 4.500000
v -8.800000 -2.978125 4.500000
v -8.786458 -2.978125 4.500000
v -8.772917 -2.978125 4.500000
v -8.759375 -2.978125 4.500000
v -8.745833 -2.978125 4.500000
v -8.732292 -2.978125 4.500000
v -8.718750 -2.978125 4.500000
v -8.705208 -2.978125 4.500000
v -8.691667 -2.978125 4.500000
v -8.678125 -2.978125 4.500000
v -8.664583 -2.978125 4.500000
v -8.651042 -2.978125 4.500000
v -8.637500 -2.978125 4.500000
v -8.623958 -2.978125 4.500000
v -8.610417 -2.978125 4.500000
v -8.596875 -2.978125 4.500000
v -8.583333 -2.978125 4.500000
v -8.569792 -2.978125 4.500000
v -8.556250 -2.978125 4.500000
v -8.542708 -2.978125 4.500000
v -8.529167 -2.978125 4.500000
v -8.515625 -2.978125 4.500000
v -8.502083 -2.978125 4.500000
v -8.488542 -2.978125 4.500000
v -8.475000 -2.978125 4.500000
v -8.461458 -2.978125 4.500000
v -8.447917 -2.978125 4.500000
v -8.434375 -2.978125 4.500000
v -8.420833 -2.978125 4.500000
v -8.407292 -2.978125 4.500000
v -8.393750 -2.978125 4.500000
v -8.380208 -2.978125 4.500000
v -8.366667 -2.978125 4.500000
v -8.353125 -2.978125 4.500000
v -8.339583 -2.978125 4.500000
v -8.326042 -2.978125 4.500000
v -8.312500 -2.978125 4.500000
v -8.298958 -2.978125 4.500000
v -8.285417 -2.978125 4.500000
v -8.271875 -2.978125 4.500000
v -8.258333 -2.978125 4.500000
v -8.244792 -2.978125 4.500000
v -8.231250 -2.978125 4.500000
v -8.217708 -2.978125 4.500000
v -8.204167 -2.978125 4.500000
v -8.190625 -2.978125 4.500000
v -8.177083 -2.978125 4.500000
v -8.163542 -2.978125 4.500000
v -8.150000 -2.978125 4.500000
v -8.136458 -2.978125 4.500000
v -8.122917 -2.978125 4.500000
v -8.109375 -2.978125 4.500000
v -8.095833 -2.978125 4.500000
v -8.082292 -2.978125 4.500000
v -8.068750 -2.978125 4.500000
v -8.055208 -2.978125 4.500000
v -8.041667 -2.978125 4.500000
v -8.028125 -2.978125 4.500000
v -8.014583 -2.978125 4.500000
v -8.001042 -2.978125 4.500000
v -7.987500 -2.978125 4.500000
v -7.973958 -2.978125 4.500000
v -7.960417 -2.978125 4.500000
v -7.946875 -2.978125 4.500000
v -7.933333 -2.978125 4.500000
v -7.919792 -2.978125 4.500000
v -7.906250 -2.978125 4.500000
v -7.892708 -2.978125 4.500000
v -7.879167 -2.978125 4.500000
v -7.865625 -2.978125 4.500000
v -7.852083 -2.978125 4.500000
v -7.838542 -2.978125 4.500000
v -7.825000 -2.978125 4.500000
v -7.811458 -2.978125 4.500000
v -7.797917 -2.978125 4.500000
v -7.784375 -2.978125 4.500000
v -7.770833 -2.978125 4.500000
v -7.757292 -2.978125 4.500000
v -7.743750 -2.978125 4.500000
v -7.730208 -2.978125 4.500000
v -7.716667 -2.978125 4.500000
v -7.703125 -2.978125 4.500000
v -7.689583 -2.978125 4.500000
v -7.676042 -2.978125 4.500000
v -7.662500 -2.978125 4.500000
v -7.648958 -2.978125 4.500000
v -7.635417 -2.978125 4.500000
v -7.621875 -2.978125 4.500000
v -7.608333 -2.978125 4.500000
v -7.594792 -2.978125 4.500000
v -7.581250 -2.978125 4.500000
v -7.567708 -2.978125 4.500000
v -7.554167 -2.978125 4.500000
v -7.540625 -2.978125 4.500000
v -7.527083 -2.978125 4.500000
v -7.513542 -2.978125 4.500000
v -7.500000 -2.978125 4.500000
v -8.800000 -2.632812 4.500000
v -8.786458 -2.632812 4.500000
v -8.772917 -2.632812 4.500000
v -8.759375 -2.632812 4.500000
v -8.745833 -2.632812 4.500000
v -8.732292 -2.632812 4.500000
v -8.718750 -2.632812 4.500000
v -8.705208 -2.632812 4.500000
v -8.691667 -2.632812 4.500000
v -8.678125 -2.632812 4.500000
v -8.664583 -2.632812 4.500000
v -8.651042 -2.632812 4.500000
v -8.637500 -2.632812 4.500000
v -8.623958 -2.632812 4.500000
v -8.610417 -2.632812 4.500000
v -8.596875 -2.632812 4.500000
v -8.583333 -2.632812 4.500000
v -8.569792 -2.632812 4.500000
v -8.556250 -2.632812 4.500000
v -8.542708 -2.632812 4.500000
v -8.529167 -2.632812 4.500000
v -8.515625 -2.632812 4.500000
v -8.502083 -2.632812 4.500000
v -8.488542 -2.632812 4.500000
v -8.475000 -2.632812 4.500000
v -8.461458 -2.632812 4.500000
v -8.447917 -2.632812 4.500000
v -8.434375 -2.632812 4.500000
v -8.420833 -2.632812 4.500000
v -8.407292 -2.632812 4.500000
v -8.393750 -2.632812 4.500000
v -8.380208 -2.632812 4.500000
v -8.366667 -2.632812 4.500000
v -8.353125 -2.632812 4.500000
v -8.339583 -2.632812 4.500000
v -8.326042 -2.632812 4.500000
v -8.312500 -2.632812 4.500000
v -8.298958 -2.632812 4.500000
v -8.285417 -2.632812 4.500000
v -8.271875 -2.632812 4.500000
v -8.258333 -2.632812 4.500000
v -8.244792 -2.632812 4.500000
v -8.231250 -2.632812 4.500000
v -8.217708 -2.632812 4.500000
v -8.204167 -2.632812 4.500000
v -8.190625 -2.632812 4.500000
v -8.177083 -2.632812 4.500000
v -8.163542 -2.632812 4.500000
v -8.150000 -2.632812 4.500000
v -8.136458 -2.632812 4.500000
v -8.122917 -2.632812 4.500000
v -8.109375 -2.632812 4.500000
v -8.095833 -2.632812 4.500000
v -8.082292 -2.632812 4.500000
v -8.068750 -2.632812 4.500000
v -8.055208 -2.632812 4.500000
v -8.041667 -2.632812 4.500000
v -8.028125 -2.632812 4.500000
v -8.014583 -2.632812 4.500000
v -8.001042 -2.632812 4.500000
v -7.987500 -2.632812 4.500000
v -7.973958 -2.632812 4.500000
v -7.960417 -2.632812 4.500000
v -7.946875 -2.632812 4.500000
v -7.933333 -2.632812 4.500000
v -7.919792 -2.632812 4.500000
v -7.906250 -2.632812 4.500000
v -7.892708 -2.632812 4.500000
v -7.879167 -2.632812 4.500000
v -7.865625 -2.632812 4.500000
v -7.852083 -2.632812 4.500000
v -7.838542 -2.632812 4.500000
v -7.825000 -2.632812 4.500000
v -7.811458 -2.632812 4.500000
v -7.797917 -2.632812 4.500000
v -7.784375 -2.632812 4.500000
v -7.770833 -2.632812 4.500000
v -7.757292 -2.632812 4.500000
v -7.743750 -2.632812 4.500000
v -7.730208 -2.632812 4.500000
v -7.716667 -2.632812 4.500000
v -7.703125 -2.632812 4.500000
v -7.689583 -2.632812 4.500000
v -7.676042 -2.632812 4.500000
v -7.662500 -2.632812 4.500000
v -7.648958 -2.632812 4.500000
v -7.635417 -2.632812 4.500000
v -7.621875 -2.632812 4.500000
v -7.608333 -2.632812 4.500000
v -7.594792 -2.632812 4.500000
v -7.581250 -2.632812 4.500000
v -7.567708 -2.632812 4.500000
v -7.554167 -2.632812 4.500000
v -7.540625 -2.632812 4.500000
v -7.527083 -2.632812 4.500000
v -7.513542 -2.632812 4.500000
v -7.500000 -2.632812 4.500000
v -8.800000 -2.287500 4.500000
v -8.786458 -2.287500 4.500000
v -8.772917 -2.287500 4.500000
v -8.759375 -2.287500 4.500000
v -8.745833 -2.287500 4.500000
v -8.732292 -2.287500 4.500000
v -8.718750 -2.287500 4.500000
v -8.705208 -2.287500 4.500000
v -8.691667 -2.287500 4.500000
v -8.678125 -2.287500 4.500000
v -8.664583 -2.287500 4.500000
v -8.651042 -2.287500 4.500000
v -8.637500 -2.287500 4.500000
v -8.623958 -2.287500 4.500000
v -8.610417 -2.287500 4.500000
v -8.596875 -2.287500 4.500000
v -8.583333 -2.287500 4.500000
v -8.569792 -2.287500 4.500000
v -8.556250 -2.287500 4.500000
v -8.542708 -2.287500 4.500000
v -8.529167 -2.287500 4.500000
v -8.515625 -2.287500 4.500000
v -8.502083 -2.287500 4.500000
v -8.488542 -2.287500 4.500000
v -8.475000 -2.287500 4.500000
v -8.461458 -2.287500 4.500000
v -8.447917 -2.287500 4.500000
v -8.434375 -2.287500 4.500000
v -8.420833 -2.287500 4.500000
v -8.407292 -2.287500 4.500000
v -8.393750 -2.287500 4.500000
v -8.380208 -2.287500 4.500000
v -8.366667 -2.287500 4.500000
v -8.353125 -2.287500 4.500000
v -8.339583 -2.287500 4.500000
v -8.326042 -2.287500 4.500000
v -8.312500 -2.287500 4.500000
v -8.298958 -2.287500 4.500000
v -8.285417 -2.287500 4.500000
v -8.271875 -2.287500 4.500000
v -8.258333 -2.287500 4.500000
v -8.244792 -2.287500 4.500000
v -8.231250 -2.287500 4.500000
v -8.217708 -2.287500 4.500000
v -8.204167 -2.287500 4.500000
v -8.190625 -2.287500 4.500000
v -8.177083 -2.287500 4.500000
v -8.163542 -2.287500 4.500000
v -8.150000 -2.287500 4.500000
v -8.136458 -2.287500 4.500000
v -8.122917 -2.287500 4.500000
v -8.109375 -2.287500 4.500000
v -8.095833 -2.287500 4.500000
v -8.082292 -2.287500 4.500000
v -8.068750 -2.287500 4.500000
v -8.055208 -2.287500 4.500000
v -8.041667 -2.287500 4.500000
v -8.028125 -2.287500 4.500000
v -8.014583 -2.287500 4.500000
v -8.001042 -2.287500 4.500000
v -7.987500 -2.287500 4.500000
v -7.973958 -2.287500 4.500000
v -7.960417 -2.287500 4.500000
v -7.946875 -2.287500 4.500000
v -7.933333 -2.287500 4.500000
v -7.919792 -2.287500 4.500000
v -7.906250 -2.287500 4.500000
v -7.892708 -2.287500 4.500000
v -7.879167 -2.287500 4.500000
v -7.865625 -2.287500 4.500000
v -7.852083 -2.287500 4.500000
v -7.838542 -2.287500 4.500000
v -7.825000 -2.287500 4.500000
v -7.811458 -2.287500 4.500000
v -7.797917 -2.287500 4.500000
v -7.784375 -2.287500 4.500000
v -7.770833 -2.287500 4.500000
v -7.757292 -2.287500 4.500000
v -7.743750 -2.287500 4.500000
v -7.730208 -2.287500 4.500000
v -7.716667 -2.287500 4.500000
v -7.703125 -2.287500 4.500000
v -7.689583 -2.287500 4.500000
v -7.676042 -2.287500 4.500000
v -7.662500 -2.287500 4.500000
v -7.648958 -2.287500 4.500000
v -7.635417 -2.287500 4.500000
v -7.621875 -2.287500 4.500000
v -7.608333 -2.287500 4.500000
v -7.594792 -2.287500 4.500000
v -7.581250 -2.287500 4.500000
v -7.567708 -2.287500 4.500000
v -7.554167 -2.287500 4.500000
v -7.540625 -2.287500 4.500000
v -7.527083 -2.287500 4.500000
v -7.513542 -2.287500 4.500000
v -7.500000 -2.287500 4.500000
v -8.800000 -1.942187 4.500000
v -8.786458 -1.942187 4.500000
v -8.772917 -1.942187 4.500000
v -8.759375 -1.942187 4.500000
v -8.745833 -1.942187 4.500000
v -8.732292 -1.942187 4.500000
v -8.718750 -1.942187 4.500000
v -8.705208 -1.942187 4.500000
v -8.691667 -1.942187 4.500000
v -8.678125 -1.942187 4.500000
v -8.664583 -1.942187 4.500000
v -8.651042 -1.942187 4.500000
v -8.637500 -1.942187 4.500000
v -8.623958 -1.942187 4.500000
v -8.610417 -1.942187 4.500000
v -8.596875 -1.942187 4.500000
v -8.583333 -1.942187 4.500000
v -8.569792 -1.942187 4.500000
v -8.556250 -1.942187 4.500000
v -8.542708 -1.942187 4.500000
v -8.529167 -1.942187 4.500000
v -8.515625 -1.942187 4.500000
v -8.502083 -1.942187 4.500000
v -8.488542 -1.942187 4.500000
v -8.475000 -1.942187 4.500000
v -8.461458 -1.942187 4.500000
v -8.447917 -1.942187 4.500000
v -8.434375 -1.942187 4.500000
v -8.420833 -1.942187 4.500000
v -8.407292 -1.942187 4.500000
v -8.393750 -1.942187 4.500000
v -8.380208 -1.942187 4.500000
v -8.366667 -1.942187 4.500000
v -8.353125 -1.942187 4.500000
v -8.339583 -1.942187 4.500000
v -8.326042 -1.942187 4.500000
v -8.312500 -1.942187 4.500000
v -8.298958 -1.942187 4.500000
v -8.285417 -1.942187 4.500000
v -8.271875 -1.942187 4.500000
v -8.258333 -1.942187 4.500000
v -8.244792 -1.942187 4.500000
v -8.231250 -1.942187 4.500000
v -8.217708 -1.942187 4.500000
v -8.204167 -1.942187 4.500000
v -8.190625 -1.942187 4.500000
v -8.177083 -1.942187 4.500000
v -8.163542 -1.942187 4.500000
v -8.150000 -1.942187 4.500000
v -8.136458 -1.942187 4.500000
v -8.122917 -1.942187 4.500000
v -8.109375 -1.942187 4.500000
v -8.095833 -1.942187 4.500000
v -8.082292 -1.942187 4.500000
v -8.068750 -1.942187 4.500000
v -8.055208 -1.942187 4.500000
v -8.041667 -1.942187 4.500000
v -8.028125 -1.942187 4.500000
v -8.014583 -1.942187 4.500000
v -8.001042 -1.942187 4.500000
v -7.987500 -1.942187 4.500000
v -7.973958 -1.942187 4.500000
v -7.960417 -1.942187 4.500000
v -7.946875 -1.942187 4.500000
v -7.933333 -1.942187 4.500000
v -7.919792 -1.942187 4.500000
v -7.906250 -1.942187 4.500000
v -7.892708 -1.942187 4.500000
v -7.879167 -1.942187 4.500000
v -7.865625 -1.942187 4.500000
v -7.852083 -1.942187 4.500000
v -7.838542 -1.942187 4.500000
v -7.825000 -1.942187 4.500000
v -7.811458 -1.942187 4.500000
v -7.797917 -1.942187 4.500000
v -7.784375 -1.942187 4.500000
v -7.770833 -1.942187 4.500000
v -7.757292 -1.942187 4.500000
v -7.743750 -1.942187 4.500000
v -7.730208 -1.942187 4.500000
v -7.716667 -1.942187 4.500000
v -7.703125 -1.942187 4.500000
v -7.689583 -1.942187 4.500000
v -7.676042 -1.942187 4.500000
v -7.662500 -1.942187 4.500000
v -7.648958 -1.942187 4.500000
v -7.635417 -1.942187 4.500000
v -7.621875 -1.942187 4.500000
v -7.608333 -1.942187 4.500000
v -7.594792 -1.942187 4.500000
v -7.581250 -1.942187 4.500000
v -7.567708 -1.942187 4.500000
v -7.554167 -1.942187 4.500000
v -7.540625 -1.942187 4.500000
v -7.527083 -1.942187 4.500000
v -7.513542 -1.942187 4.500000
v -7.500000 -1.942187 4.500000
v -8.800000 -1.596875 4.500000
v -8.786458 -1.596875 4.500000
v -8.772917 -1.596875 4.500000
v -8.759375 -1.596875 4.500000
v -8.745833 -1.596875 4.500000
v -8.732292 -1.596875 4.500000
v -8.718750 -1.596875 4.500000
v -8.705208 -1.596875 4.500000
v -8.691667 -1.596875 4.500000
v -8.678125 -1.596875 4.500000
v -8.664583 -1.596875 4.500000
v -8.651042 -1.596875 4.500000
v -8.637500 -1.596875 4.500000
v -8.623958 -1.596875 4.500000
v -8.610417 -1.596875 4.500000
v -8.596875 -1.596875 4.500000
v -8.583333 -1.596875 4.500000
v -8.569792 -1.596875 4.500000
v -8.556250 -1.596875 4.500000
v -8.542708 -1.596875 4.500000
v -8.529167 -1.596875 4.500000
v -8.515625 -1.596875 4.500000
v -8.502083 -1.596875 4.500000
v -8.488542 -1.596875 4.500000
v -8.475000 -1.596875 4.500000
v -8.461458 -1.596875 4.500000
v -8.447917 -1.596875 4.500000
v -8.434375 -1.596875 4.500000
v -8.420833 -1.596875 4.500000
v -8.407292 -1.596875 4.500000
v -8.393750 -1.596875 4.500000
v -8.380208 -1.596875 4.500000
v -8.366667 -1.596875 4.500000
v -8.353125 -1.596875 4.500000
v -8.339583 -1.596875 4.500000
v -8.326042 -1.596875 4.500000
v -8.312500 -1.596875 4.500000
v -8.298958 -1.596875 4.500000
v -8.285417 -1.596875 4.500000
v -8.271875 -1.596875 4.500000
v -8.258333 -1.596875 4.500000
v -8.244792 -1.596875 4.500000
v -8.231250 -1.596875 4.500000
v -8.217708 -1.596875 4.500000
v -8.204167 -1.596875 4.500000
v -8.190625 -1.596875 4.500000
v -8.177083 -1.596875 4.500000
v -8.163542 -1.596875 4.500000
v -8.150000 -1.596875 4.500000
v -8.136458 -1.596875 4.500000
v -8.122917 -1.596875 4.500000
v -8.109375 -1.596875 4.500000
v -8.095833 -1.596875 4.500000
v -8.082292 -1.596875 4.500000
v -8.068750 -1.596875 4.500000
v -8.055208 -1.596875 4.500000
v -8.041667 -1.596875 4.500000
v -8.028125 -1.596875 4.500000
v -8.014583 -1.596875 4.500000
v -8.001042 -1.596875 4.500000
v -7.987500 -1.596875 4.500000
v -7.973958 -1.596875 4.500000
v -7.960417 -1.596875 4.500000
v -7.946875 -1.596875 4.500000
v -7.933333 -1.596875 4.500000
v -7.919792 -1.596875 4.500000
v -7.906250 -1.596875 4.500000
v -7.892708 -1.596875 4.500000
v -7.879167 -1.596875 4.500000
v -7.865625 -1.596875 4.500000
v -7.852083 -1.596875 4.500000
v -7.838542 -1.596875 4.500000
v -7.825000 -1.596875 4.500000
v -7.811458 -1.596875 4.500000
v -7.797917 -1.596875 4.500000
v -7.784375 -1.596875 4.500000
v -7.770833 -1.596875 4.500000
v -7.757292 -1.596875 4.500000
v -7.743750 -1.596875 4.500000
v -7.730208 -1.596875 4.500000
v -7.716667 -1.596875 4.500000
v -7.703125 -1.596875 4.500000
v -7.689583 -1.596875 4.500000
v -7.676042 -1.596875 4.500000
v -7.662500 -1.596875 4.500000
v -7.648958 -1.596875 4.500000
v -7.635417 -1.596875 4.500000
v -7.621875 -1.596875 4.500000
v -7.608333 -1.596875 4.500000
v -7.594792 -1.596875 4.500000
v -7.581250 -1.596875 4.500000
v -7.567708 -1.596875 4.500000
v -7.554167 -1.596875 4.500000
v -7.540625 -1.596875 4.500000
v -7.527083 -1.596875 4.500000
v -7.513542 -1.596875 4.500000
v -7.500000 -1.596875 4.500000
v -8.800000 -1.251562 4.500000
v -8.786458 -1.251562 4.500000
v -8.772917 -1.251562 4.500000
v -8.759375 -1.251562 4.500000
v -8.745833 -1.251562 4.500000
v -8.732292 -1.251562 4.500000
v -8.718750 -1.251562 4.500000
v -8.705208 -1.251562 4.500000
v -8.691667 -1.251562 4.500000
v -8.678125 -1.251562 4.500000
v -8.664583 -1.251562 4.500000
v -8.651042 -1.251562 4.500000
v -8.637500 -1.251562 4.500000
v -8.623958 -1.251562 4.500000
v -8.610417 -1.251562 4.500000
v -8.596875 -1.251562 4.500000
v -8.583333 -1.251562 4.500000
v -8.569792 -1.251562 4.500000
v -8.556250 -1.251562 4.500000
v -8.542708 -1.251562 4.500000
v -8.529167 -1.251562 4.500000
v -8.515625 -1.251562 4.500000
v -8.502083 -1.251562 4.500000
v -8.488542 -1.251562 4.500000
v -8.475000 -1.251562 4.500000
v -8.461458 -1.251562 4.500000
v -8.447917 -1.251562 4.500000
v -8.434375 -1.251562 4.500000
v -8.420833 -1.251562 4.500000
v -8.407292 -1.251562 4.500000
v -8.393750 -1.251562 4.500000
v -8.380208 -1.251562 4.500000
v -8.366667 -1.251562 4.500000
v -8.353125 -1.251562 4.500000
v -8.339583 -1.251562 4.500000
v -8.326042 -1.251562 4.500000
v -8.312500 -1.251562 4.500000
v -8.298958 -1.251562 4.500000
v -8.285417 -1.251562 4.500000
v -8.271875 -1.251562 4.500000
v -8.258333 -1.251562 4.500000
v -8.244792 -1.251562 4.500000
v -8.231250 -1.251562 4.500000
v -8.217708 -1.251562 4.500000
v -8.204167 -1.251562 4.500000
v -8.190625 -1.251562 4.500000
v -8.177083 -1.251562 4.500000
v -8.163542 -1.251562 4.500000
v -8.150000 -1.251562 4.500000
v -8.136458 -1.251562 4.500000
v -8.122917 -1.251562 4.500000
v -8.109375 -1.251562 4.500000
v -8.095833 -1.251562 4.500000
v -8.082292 -1.251562 4.500000
v -8.068750 -1.251562 4.500000
v -8.055208 -1.251562 4.500000
v -8.041667 -1.251562 4.500000
v -8.028125 -1.251562 4.500000
v -8.014583 -1.251562 4.500000
v -8.001042 -1.251562 4.500000
v -7.987500 -1.251562 4.500000
v -7.973958 -1.251562 4.500000
v -7.960417 -1.251562 4.500000
v -7.946875 -1.251562 4.500000
v -7.933333 -1.251562 4.500000
v -7.919792 -1.251562 4.500000
v -7.906250 -1.251562 4.500000
v -7.892708 -1.251562 4.500000
v -7.879167 -1.251562 4.500000
v -7.865625 -1.251562 4.500000
v -7.852083 -1.251562 4.500000
v -7.838542 -1.251562 4.500000
v -7.825000 -1.251562 4.500000
v -7.811458 -1.251562 4.500000
v -7.797917 -1.251562 4.500000
v -7.784375 -1.251562 4.500000
v -7.770833 -1.251562 4.500000
v -7.757292 -1.251562 4.500000
v -7.743750 -1.251562 4.500000
v -7.730208 -1.251562 4.500000
v -7.716667 -1.251562 4.500000
v -7.703125 -1.251562 4.500000
v -7.689583 -1.251562 4.500000
v -7.676042 -1.251562 4.500000
v -7.662500 -1.251562 4.500000
v -7.648958 -1.251562 4.500000
v -7.635417 -1.251562 4.500000
v -7.621875 -1.251562 4.500000
v -7.608333 -1.251562 4.500000
v -7.594792 -1.251562 4.500000
v -7.581250 -1.251562 4.500000
v -7.567708 -1.251562 4.500000
v -7.554167 -1.251562 4.500000
v -7.540625 -1.251562 4.500000
v -7.527083 -1.251562 4.500000
v -7.513542 -1.251562 4.500000
v -7.500000 -1.251562 4.500000
v -8.800000 -0.906250 4.500000
v -8.786458 -0.906250 4.500000
v -8.772917 -0.906250 4.500000
v -8.759375 -0.906250 4.500000
v -8.745833 -0.906250 4.500000
v -8.732292 -0.906250 4.500000
v -8.718750 -0.906250 4.500000
v -8.705208 -0.906250 4.500000
v -8.691667 -0.906250 4.500000
v -8.678125 -0.906250 4.500000
v -8.664583 -0.906250 4.500000
v -8.651042 -0.906250 4.500000
v -8.637500 -0.906250 4.500000
v -8.623958 -0.906250 4.500000
v -8.610417 -0.906250 4.500000
v -8.596875 -0.906250 4.500000
v -8.583333 -0.906250 4.500000
v -8.569792 -0.906250 4.500000
v -8.556250 -0.906250 4.500000
v -8.542708 -0.906250 4.500000
v -8.529167 -0.906250 4.500000
v -8.515625 -0.906250 4.500000
v -8.502083 -0.906250 4.500000
v -8.488542 -0.906250 4.500000
v -8.475000 -0.906250 4.500000
v -8.461458 -0.906250 4.500000
v -8.447917 -0.906250 4.500000
v -8.434375 -0.906250 4.500000
v -8.420833 -0.906250 4.500000
v -8.407292 -0.906250 4.500000
v -8.393750 -0.906250 4.500000
v -8.380208 -0.906250 4.500000
v -8.366667 -0.906250 4.500000
v -8.353125 -0.906250 4.500000
v -8.339583 -0.906250 4.500000
v -8.326042 -0.906250 4.500000
v -8.312500 -0.906250 4.500000
v -8.298958 -0.906250 4.500000
v -8.285417 -0.906250 4.500000
v -8.271875 -0.906250 4.500000
v -8.258333 -0.906250 4.500000
v -8.244792 -0.906250 4.500000
v -8.231250 -0.906250 4.500000
v -8.217708 -0.906250 4.500000
v -8.204167 -0.906250 4.500000
v -8.190625 -0.906250 4.500000
v -8.177083 -0.906250 4.500000
v -8.163542 -0.906250 4.500000
v -8.150000 -0.906250 4.500000
v -8.136458 -0.906250 4.500000
v -8.122917 -0.906250 4.500000
v -8.109375 -0.906250 4.500000
v -8.095833 -0.906250 4.500000
v -8.082292 -0.906250 4.500000
v -8.068750 -0.906250 4.500000
v -8.055208 -0.906250 4.500000
v -8.041667 -0.906250 4.500000
v -8.028125 -0.906250 4.500000
v -8.014583 -0.906250 4.500000
v -8.001042 -0.906250 4.500000
v -7.987500 -0.906250 4.500000
v -7.973958 -0.906250 4.500000
v -7.960417 -0.906250 4.500000
v -7.946875 -0.906250 4.500000
v -7.933333 -0.906250 4.500000
v -7.919792 -0.906250 4.500000
v -7.906250 -0.906250 4.500000
v -7.892708 -0.906250 4.500000
v -7.879167 -0.906250 4.500000
v -7.865625 -0.906250 4.500000
v -7.852083 -0.906250 4.500000
v -7.838542 -0.906250 4.500000
v -7.825000 -0.906250 4.500000
v -7.811458 -0.906250 4.500000
v -7.797917 -0.906250 4.500000
v -7.784375 -0.906250 4.500000
v -7.770833 -0.906250 4.500000
v -7.757292 -0.906250 4.500000
v -7.743750 -0.906250 4.500000
v -7.730208 -0.906250 4.500000
v -7.716667 -0.906250 4.500000
v -7.703125 -0.906250 4.500000
v -7.689583 -0.906250 4.500000
v -7.676042 -0.906250 4.500000
v -7.662500 -0.906250 4.500000
v -7.648958 -0.906250 4.500000
v -7.635417 -0.906250 4.500000
v -7.621875 -0.906250 4.500000
v -7.608333 -0.906250 4.500000
v -7.594792 -0.906250 4.500000
v -7.581250 -0.906250 4.500000
v -7.567708 -0.906250 4.500000
v -7.554167 -0.906250 4.500000
v -7.540625 -0.906250 4.500000
v -7.527083 -0.906250 4.500000
v -7.513542 -0.906250 4.500000
v -7.500000 -0.906250 4.500000
v -8.800000 -0.560937 4.500000
v -8.786458 -0.560937 4.500000
v -8.772917 -0.560937 4.500000
v -8.759375 -0.560937 4.500000
v -8.745833 -0.560937 4.500000
v -8.732292 -0.560937 4.500000
v -8.718750 -0.560937 4.500000
v -8.705208 -0.560937 4.500000
v -8.691667 -0.560937 4.500000
v -8.678125 -0.560937 4.500000
v -8.664583 -0.560937 4.500000
v -8.651042 -0.560937 4.500000
v -8.637500 -0.560937 4.500000
v -8.623958 -0.560937 4.500000
v -8.610417 -0.560937 4.500000
v -8.596875 -0.560937 4.500000
v -8.583333 -0.560937 4.500000
v -8.569792 -0.560937 4.500000
v -8.556250 -0.560937 4.500000
v -8.542708 -0.560937 4.500000
v -8.529167 -0.560937 4.500000
v -8.515625 -0.560937 4.500000
v -8.502083 -0.560937 4.500000
v -8.488542 -0.560937 4.500000
v -8.475000 -0.560937 4.500000
v -8.461458 -0.560937 4.500000
v -8.447917 -0.560937 4.500000
v -8.434375 -0.560937 4.500000
v -8.420833 -0.560937 4.500000
v -8.407292 -0.560937 4.500000
v -8.393750 -0.560937 4.500000
v -8.380208 -0.560937 4.500000
v -8.366667 -0.560937 4.500000
v -8.353125 -0.560937 4.500000
v -8.339583 -0.560937 4.500000
v -8.326042 -0.560937 4.500000
v -8.312500 -0.560937 4.500000
v -8.298958 -0.560937 4.500000
v -8.285417 -0.560937 4.500000
v -8.271875 -0.560937 4.500000
v -8.258333 -0.560937 4.500000
v -8.244792 -0.560937 4.500000
v -8.231250 -0.560937 4.500000
v -8.217708 -0.560937 4.500000
v -8.204167 -0.560937 4.500000
v -8.190625 -0.560937 4.500000
v -8.177083 -0.560937 4.500000
v -8.163542 -0.560937 4.500000
v -8.150000 -0.560937 4.500000
v -8.136458 -0.560937 4.500000
v -8.122917 -0.560937 4.500000
v -8.109375 -0.560937 4.500000
v -8.095833 -0.560937 4.500000
v -8.082292 -0.560937 4.500000
v -8.068750 -0.560937 4.500000
v -8.055208 -0.560937 4.500000
v -8.041667 -0.560937 4.500000
v -8.028125 -0.560937 4.500000
v -8.014583 -0.560937 4.500000
v -8.001042 -0.560937 4.500000
v -7.987500 -0.560937 4.500000
v -7.973958 -0.560937 4.500000
v -7.960417 -0.560937 4.500000
v -7.946875 -0.560937 4.500000
v -7.933333 -0.560937 4.500000
v -7.919792 -0.560937 4.500000
v -7.906250 -0.560937 4.500000
v -7.892708 -0.560937 4.500000
v -7.879167 -0.560937 4.500000
v -7.865625 -0.560937 4.500000
v -7.852083 -0.560937 4.500000
v -7.838542 -0.560937 4.500000
v -7.825000 -0.560937 4.500000
v -7.811458 -0.560937 4.500000
v -7.797917 -0.560937 4.500000
v -7.784375 -0.560937 4.500000
v -7.770833 -0.560937 4.500000
v -7.757292 -0.560937 4.500000
v -7.743750 -0.560937 4.500000
v -7.730208 -0.560937 4.500000
v -7.716667 -0.560937 4.500000
v -7.703125 -0.560937 4.500000
v -7.689583 -0.560937 4.500000
v -7.676042 -0.560937 4.500000
v -7.662500 -0.560937 4.500000
v -7.648958 -0.560937 4.500000
v -7.635417 -0.560937 4.500000
v -7.621875 -0.560937 4.500000
v -7.608333 -0.560937 4.500000
v -7.594792 -0.560937 4.500000
v -7.581250 -0.560937 4.500000
v -7.567708 -0.560937 4.500000
v -7.554167 -0.560937 4.500000
v -7.540625 -0.560937 4.500000
v -7.527083 -0.560937 4.500000
v -7.513542 -0.560937 4.500000
v -7.500000 -0.560937 4.500000
v -8.800000 -0.215625 4.500000
v -8.786458 -0.215625 4.500000
v -8.772917 -0.215625 4.500000
v -8.759375 -0.215625 4.500000
v -8.745833 -0.215625 4.500000
v -8.732292 -0.215625 4.500000
v -8.718750 -0.215625 4.500000
v -8.705208 -0.215625 4.500000
v -8.691667 -0.215625 4.500000
v -8.678125 -0.215625 4.500000
v -8.664583 -0.215625 4.500000
v -8.651042 -0.215625 4.500000
v -8.637500 -0.215625 4.500000
v -8.623958 -0.215625 4.500000
v -8.610417 -0.215625 4.500000
v -8.596875 -0.215625 4.500000
v -8.583333 -0.215625 4.500000
v -8.569792 -0.215625 4.500000
v -8.556250 -0.215625 4.500000
v -8.542708 -0.215625 4.500000
v -8.529167 -0.215625 4.500000
v -8.515625 -0.215625 4.500000
v -8.502083 -0.215625 4.500000
v -8.488542 -0.215625 4.500000
v -8.475000 -0.215625 4.500000
v -8.461458 -0.215625 4.500000
v -8.447917 -0.215625 4.500000
v -8.434375 -0.215625 4.500000
v -8.420833 -0.215625 4.500000
v -8.407292 -0.215625 4.500000
v -8.393750 -0.215625 4.500000
v -8.380208 -0.215625 4.500000
v -8.366667 -0.215625 4.500000
v -8.353125 -0.215625 4.500000
v -8.339583 -0.215625 4.500000
v -8.326042 -0.215625 4.500000
v -8.312500 -0.215625 4.500000
v -8.298958 -0.215625 4.500000
v -8.285417 -0.215625 4.500000
v -8.271875 -0.215625 4.500000
v -8.258333 -0.215625 4.500000
v -8.244792 -0.215625 4.500000
v -8.231250 -0.215625 4.500000
v -8.217708 -0.215625 4.500000
v -8.204167 -0.215625 4.500000
v -8.190625 -0.215625 4.500000
v -8.177083 -0.215625 4.500000
v -8.163542 -0.215625 4.500000
v -8.150000 -0.215625 4.500000
v -8.136458 -0.215625 4.500000
v -8.122917 -0.215625 4.500000
v -8.109375 -0.215625 4.500000
v -8.095833 -0.215625 4.500000
v -8.082292 -0.215625 4.500000
v -8.068750 -0.215625 4.500000
v -8.055208 -0.215625 4.500000
v -8.041667 -0.215625 4.500000
v -8.028125 -0.215625 4.500000
v -8.014583 -0.215625 4.500000
v -8.001042 -0.215625 4.500000
v -7.987500 -0.215625 4.500000
v -7.973958 -0.215625 4.500000
v -7.960417 -0.215625 4.500000
v -7.946875 -0.215625 4.500000
v -7.933333 -0.215625 4.500000
v -7.919792 -0.215625 4.500000
v -7.906250 -0.215625 4.500000
v -7.892708 -0.215625 4.500000
v -7.879167 -0.215625 4.500000
v -7.865625 -0.215625 4.500000
v -7.852083 -0.215625 4.500000
v -7.838542 -0.215625 4.500000
v -7.825000 -0.215625 4.500000
v -7.811458 -0.215625 4.500000
v -7.797917 -0.215625 4.500000
v -7.784375 -0.215625 4.500000
v -7.770833 -0.215625 4.500000
v -7.757292 -0.215625 4.500000
v -7.743750 -0.215625 4.500000
v -7.730208 -0.215625 4.500000
v -7.716667 -0.215625 4.500000
v -7.703125 -0.215625 4.500000
v -7.689583 -0.215625 4.500000
v -7.676042 -0.215625 4.500000
v -7.662500 -0.215625 4.500000
v -7.648958 -0.215625 4.500000
v -7.635417 -0.215625 4.500000
v -7.621875 -0.215625 4.500000
v -7.608333 -0.215625 4.500000
v -7.594792 -0.215625 4.500000
v -7.581250 -0.215625 4.500000
v -7.567708 -0.215625 4.500000
v -7.554167 -0.215625 4.500000
v -7.540625 -0.215625 4.500000
v -7.527083 -0.215625 4.500000
v -7.513542 -0.215625 4.500000
v -7.500000 -0.215625 4.500000
v -8.800000 0.129688 4.500000
v -8.786458 0.129688 4.500000
v -8.772917 0.129688 4.500000
v -8.759375 0.129688 4.500000
v -8.745833 0.129688 4.500000
v -8.732292 0.129688 4.500000
v -8.718750 0.129688 4.500000
v -8.705208 0.129688 4.500000
v -8.691667 0.129688 4.500000
v -8.678125 0.129688 4.500000
v -8.664583 0.129688 4.500000
v -8.651042 0.129688 4.500000
v -8.637500 0.129688 4.500000
v -8.623958 0.129688 4.500000
v -8.610417 0.129688 4.500000
v -8.596875 0.129688 4.500000
v -8.583333 0.129688 4.500000
v -8.569792 0.129688 4.500000
v -8.556250 0.129688 4.500000
v -8.542708 0.129688 4.500000
v -8.529167 0.129688 4.500000
v -8.515625 0.129688 4.500000
v -8.502083 0.129688 4.500000
v -8.488542 0.129688 4.500000
v -8.475000 0.129688 4.500000
v -8.461458 0.129688 4.500000
v -8.447917 0.129688 4.500000
v -8.434375 0.129688 4.500000
v -8.420833 0.129688 4.500000
v -8.407292 0.129688 4.500000
v -8.393750 0.129688 4.500000
v -8.380208 0.129688 4.500000
v -8.366667 0.129688 4.500000
v -8.353125 0.129688 4.500000
v -8.339583 0.129688 4.500000
v -8.326042 0.129688 4.500000
v -8.312500 0.129688 4.500000
v -8.298958 0.129688 4.500000
v -8.285417 0.129688 4.500000
v -8.271875 0.129688 4.500000
v -8.258333 0.129688 4.500000
v -8.244792 0.129688 4.500000
v -8.231250 0.129688 4.500000
v -8.217708 0.129688 4.500000
v -8.204167 0.129688 4.500000
v -8.190625 0.129688 4.500000
v -8.177083 0.129688 4.500000
v -8.163542 0.129688 4.500000
v -8.150000 0.129688 4.500000
v -8.136458 0.129688 4.500000
v -8.122917 0.129688 4.500000
v -8.109375 0.129688 4.500000
v -8.095833 0.129688 4.500000
v -8.082292 0.129688 4.500000
v -8.068750 0.129688 4.500000
v -8.055208 0.129688 4.500000
v -8.041667 0.129688 4.500000
v -8.028125 0.129688 4.500000
v -8.014583 0.129688 4.500000
v -8.001042 0.129688 4.500000
v -7.987500 0.129688 4.500000
v -7.973958 0.129688 4.500000
v -7.960417 0.129688 4.500000
v -7.946875 0.129688 4.500000
v -7.933333 0.129688 4.500000
v -7.919792 0.129688 4.500000
v -7.906250 0.129688 4.500000
v -7.892708 0.129688 4.500000
v -7.879167 0.129688 4.500000
v -7.865625 0.129688 4.500000
v -7.852083 0.129688 4.500000
v -7.838542 0.129688 4.500000
v -7.825000 0.129688 4.500000
v -7.811458 0.129688 4.500000
v -7.797917 0.129688 4.500000
v -7.784375 0.129688 4.500000
v -7.770833 0.129688 4.500000
v -7.757292 0.129688 4.500000
v -7.743750 0.129688 4.500000
v -7.730208 0.129688 4.500000
v -7.716667 0.129688 4.500000
v -7.703125 0.129688 4.500000
v -7.689583 0.129688 4.500000
v -7.676042 0.129688 4.500000
v -7.662500 0.129688 4.500000
v -7.648958 0.129688 4.500000
v -7.635417 0.129688 4.500000
v -7.621875 0.129688 4.500000
v -7.608333 0.129688 4.500000
v -7.594792 0.129688 4.500000
v -7.581250 0.129688 4.500000
v -7.567708 0.129688 4.500000
v -7.554167 0.129688 4.500000
v -7.540625 0.129688 4.500000
v -7.527083 0.129688 4.500000
v -7.513542 0.129688 4.500000
v -7.500000 0.129688 4.500000
v -8.800000 0.475000 4.500000
v -8.786458 0.475000 4.500000
v -8.772917 0.475000 4.500000
v -8.759375 0.475000 4.500000
v -8.745833 0.475000 4.500000
v -8.732292 0.475000 4.500000
v -8.718750 0.475000 4.500000
v -8.705208 0.475000 4.500000
v -8.691667 0.475000 4.500000
v -8.678125 0.475000 4.500000
v -8.664583 0.475000 4.500000
v -8.651042 0.475000 4.500000
v -8.637500 0.475000 4.500000
v -8.623958 0.475000 4.500000
v -8.610417 0.475000 4.500000
v -8.596875 0.475000 4.500000
v -8.583333 0.475000 4.500000
v -8.569792 0.475000 4.500000
v -8.556250 0.475000 4.500000
v -8.542708 0.475000 4.500000
v -8.529167 0.475000 4.500000
v -8.515625 0.475000 4.500000
v -8.502083 0.475000 4.500000
v -8.488542 0.475000 4.500000
v -8.475000 0.475000 4.500000
v -8.461458 0.475000 4.500000
v -8.447917 0.475000 4.500000
v -8.434375 0.475000 4.500000
v -8.420833 0.475000 4.500000
v -8.407292 0.475000 4.500000
v -8.393750 0.475000 4.500000
v -8.380208 0.475000 4.500000
v -8.366667 0.475000 4.500000
v -8.353125 0.475000 4.500000
v -8.339583 0.475000 4.500000
v -8.326042 0.475000 4.500000
v -8.312500 0.475000 4.500000
v -8.298958 0.475000 4.500000
v -8.285417 0.475000 4.500000
v -8.271875 0.475000 4.500000
v -8.258333 0.475000 4.500000
v -8.244792 0.475000 4.500000
v -8.231250 0.475000 4.500000
v -8.217708 0.475000 4.500000
v -8.204167 0.475000 4.500000
v -8.190625 0.475000 4.500000
v -8.177083 0.475000 4.500000
v -8.163542 0.475000 4.500000
v -8.150000 0.475000 4.500000
v -8.136458 0.475000 4.500000
v -8.122917 0.475000 4.500000
v -8.109375 0.475000 4.500000
v -8.095833 0.475000 4.500000
v -8.082292 0.475000 4.500000
v -8.068750 0.475000 4.500000
v -8.055208 0.475000 4.500000
v -8.041667 0.475000 4.500000
v -8.028125 0.475000 4.500000
v -8.014583 0.475000 4.500000
v -8.001042 0.475000 4.500000
v -7.987500 0.475000 4.500000
v -7.973958 0.475000 4.500000
v -7.960417 0.475000 4.500000
v -7.946875 0.475000 4.500000
v -7.933333 0.475000 4.500000
v -7.919792 0.475000 4.500000
v -7.906250 0.475000 4.500000
v -7.892708 0.475000 4.500000
v -7.879167 0.475000 4.500000
v -7.865625 0.475000 4.500000
v -7.852083 0.475000 4.500000
v -7.838542 0.475000 4.500000
v -7.825000 0.475000 4.500000
v -7.811458 0.475000 4.500000
v -7.797917 0.475000 4.500000
v -7.784375 0.475000 4.500000
v -7.770833 0.475000 4.500000
v -7.757292 0.475000 4.500000
v -7.743750 0.475000 4.500000
v -7.730208 0.475000 4.500000
v -7.716667 0.475000 4.500000
v -7.703125 0.475000 4.500000
v -7.689583 0.475000 4.500000
v -7.676042 0.475000 4.500000
v -7.662500 0.475000 4.500000
v -7.648958 0.475000 4.500000
v -7.635417 0.475000 4.500000
v -7.621875 0.475000 4.500000
v -7.608333 0.475000 4.500000
v -7.594792 0.475000 4.500000
v -7.581250 0.475000 4.500000
v -7.567708 0.475000 4.500000
v -7.554167 0.475000 4.500000
v -7.540625 0.475000 4.500000
v -7.527083 0.475000 4.500000
v -7.513542 0.475000 4.500000
v -7.500000 0.475000 4.500000
v -8.800000 0.820313 4.500000
v -8.786458 0.820313 4.500000
v -8.772917 0.820313 4.500000
v -8.759375 0.820313 4.500000
v -8.745833 0.820313 4.500000
v -8.732292 0.820313 4.500000
v -8.718750 0.820313 4.500000
v -8.705208 0.820313 4.500000
v -8.691667 0.820313 4.500000
v -8.678125 0.820313 4.500000
v -8.664583 0.820313 4.500000
v -8.651042 0.820313 4.500000
v -8.637500 0.820313 4.500000
v -8.623958 0.820313 4.500000
v -8.610417 0.820313 4.500000
v -8.596875 0.820313 4.500000
v -8.583333 0.820313 4.500000
v -8.569792 0.820313 4.500000
v -8.556250 0.820313 4.500000
v -8.542708 0.820313 4.500000
v -8.529167 0.820313 4.500000
v -8.515625 0.820313 4.500000
v -8.502083 0.820313 4.500000
v -8.488542 0.820313 4.500000
v -8.475000 0.820313 4.500000
v -8.461458 0.820313 4.500000
v -8.447917 0.820313 4.500000
v -8.434375 0.820313 4.500000
v -8.420833 0.820313 4.500000
v -8.407292 0.820313 4.500000
v -8.393750 0.820313 4.500000
v -8.380208 0.820313 4.500000
v -8.366667 0.820313 4.500000
v -8.353125 0.820313 4.500000
v -8.339583 0.820313 4.500000
v -8.326042 0.820313 4.500000
v -8.312500 0.820313 4.500000
v -8.298958 0.820313 4.500000
v -8.285417 0.820313 4.500000
v -8.271875 0.820313 4.500000
v -8.258333 0.820313 4.500000
v -8.244792 0.820313 4.500000
v -8.231250 0.820313 4.500000
v -8.217708 0.820313 4.500000
v -8.204167 0.820313 4.500000
v -8.190625 0.820313 4.500000
v -8.177083 0.820313 4.500000
v -8.163542 0.820313 4.500000
v -8.150000 0.820313 4.500000
v -8.136458 0.820313 4.500000
v -8.122917 0.820313 4.500000
v -8.109375 0.820313 4.500000
v -8.095833 0.820313 4.500000
v -8.082292 0.820313 4.500000
v -8.068750 0.820313 4.500000
v -8.055208 0.820313 4.500000
v -8.041667 0.820313 4.500000
v -8.028125 0.820313 4.500000
v -8.014583 0.820313 4.500000
v -8.001042 0.820313 4.500000
v -7.987500 0.820313 4.500000
v -7.973958 0.820313 4.500000
v -7.960417 0.820313 4.500000
v -7.946875 0.820313 4.500000
v -7.933333 0.820313 4.500000
v -7.919792 0.820313 4.500000
v -7.906250 0.820313 4.500000
v -7.892708 0.820313 4.500000
v -7.879167 0.820313 4.500000
v -7.865625 0.820313 4.500000
v -7.852083 0.820313 4.500000
v -7.838542 0.820313 4.500000
v -7.825000 0.820313 4.500000
v -7.811458 0.820313 4.500000
v -7.797917 0.820313 4.500000
v -7.784375 0.820313 4.500000
v -7.770833 0.820313 4.500000
v -7.757292 0.820313 4.500000
v -7.743750 0.820313 4.500000
v -7.730208 0.820313 4.500000
v -7.716667 0.820313 4.500000
v -7.703125 0.820313 4.500000
v -7.689583 0.820313 4.500000
v -7.676042 0.820313 4.500000
v -7.662500 0.820313 4.500000
v -7.648958 0.820313 4.500000
v -7.635417 0.820313 4.500000
v -7.621875 0.820313 4.500000
v -7.608333 0.820313 4.500000
v -7.594792 0.820313 4.500000
v -7.581250 0.820313 4.500000
v -7.567708 0.820313 4.500000
v -7.554167 0.820313 4.500000
v -7.540625 0.820313 4.500000
v -7.527083 0.820313 4.500000
v -7.513542 0.820313 4.500000
v -7.500000 0.820313 4.500000
v -8.800000 1.165625 4.500000
v -8.786458 1.165625 4.500000
v -8.772917 1.165625 4.500000
v -8.759375 1.165625 4.500000
v -8.745833 1.165625 4.500000
v -8.732292 1.165625 4.500000
v -8.718750 1.165625 4.500000
v -8.705208 1.165625 4.500000
v -8.691667 1.165625 4.500000
v -8.678125 1.165625 4.500000
v -8.664583 1.165625 4.500000
v -8.651042 1.165625 4.500000
v -8.637500 1.165625 4.500000
v -8.623958 1.165625 4.500000
v -8.610417 1.165625 4.500000
v -8.596875 1.165625 4.500000
v -8.583333 1.165625 4.500000
v -8.569792 1.165625 4.500000
v -8.556250 1.165625 4.500000
v -8.542708 1.165625 4.500000
v -8.529167 1.165625 4.500000
v -8.515625 1.165625 4.500000
v -8.502083 1.165625 4.500000
v -8.488542 1.165625 4.500000
v -8.475000 1.165625 4.500000
v -8.461458 1.165625 4.500000
v -8.447917 1.165625 4.500000
v -8.434375 1.165625 4.500000
v -8.420833 1.165625 4.500000
v -8.407292 1.165625 4.500000
v -8.393750 1.165625 4.500000
v -8.380208 1.165625 4.500000
v -8.366667 1.165625 4.500000
v -8.353125 1.165625 4.500000
v -8.339583 1.165625 4.500000
v -8.326042 1.165625 4.500000
v -8.312500 1.165625 4.500000
v -8.298958 1.165625 4.500000
v -8.285417 1.165625 4.500000
v -8.271875 1.165625 4.500000
v -8.258333 1.165625 4.500000
v -8.244792 1.165625 4.500000
v -8.231250 1.165625 4.500000
v -8.217708 1.165625 4.500000
v -8.204167 1.165625 4.500000
v -8.190625 1.165625 4.500000
v -8.177083 1.165625 4.500000
v -8.163542 1.165625 4.500000
v -8.150000 1.165625 4.500000
v -8.136458 1.165625 4.500000
v -8.122917 1.165625 4.500000
v -8.109375 1.165625 4.500000
v -8.095833 1.165625 4.500000
v -8.082292 1.165625 4.500000
v -8.068750 1.165625 4.500000
v -8.055208 1.165625 4.500000
v -8.041667 1.165625 4.500000
v -8.028125 1.165625 4.500000
v -8.014583 1.165625 4.500000
v -8.001042 1.165625 4.500000
v -7.987500 1.165625 4.500000
v -7.973958 1.165625 4.500000
v -7.960417 1.165625 4.500000
v -7.946875 1.165625 4.500000
v -7.933333 1.165625 4.500000
v -7.919792 1.165625 4.500000
v -7.906250 1.165625 4.500000
v -7.892708 1.165625 4.500000
v -7.879167 1.165625 4.500000
v -7.865625 1.165625 4.500000
v -7.852083 1.165625 4.500000
v -7.838542 1.165625 4.500000
v -7.825000 1.165625 4.500000
v -7.811458 1.165625 4.500000
v -7.797917 1.165625 4.500000
v -7.784375 1.165625 4.500000
v -7.770833 1.165625 4.500000
v -7.757292 1.165625 4.500000
v -7.743750 1.165625 4.500000
v -7.730208 1.165625 4.500000
v -7.716667 1.165625 4.500000
v -7.703125 1.165625 4.500000
v -7.689583 1.165625 4.500000
v -7.676042 1.165625 4.500000
v -7.662500 1.165625 4.500000
v -7.648958 1.165625 4.500000
v -7.635417 1.165625 4.500000
v -7.621875 1.165625 4.500000
v -7.608333 1.165625 4.500000
v -7.594792 1.165625 4.500000
v -7.581250 1.165625 4.500000
v -7.567708 1.165625 4.500000
v -7.554167 1.165625 4.500000
v -7.540625 1.165625 4.500000
v -7.527083 1.165625 4.500000
v -7.513542 1.165625 4.500000
v -7.500000 1.165625 4.500000
v -8.800000 1.510938 4.500000
v -8.786458 1.510938 4.500000
v -8.772917 1.510938 4.500000
v -8.759375 1.510938 4.500000
v -8.745833 1.510938 4.500000
v -8.732292 1.510938 4.500000
v -8.718750 1.510938 4.500000
v -8.705208 1.510938 4.500000
v -8.691667 1.510938 4.500000
v -8.678125 1.510938 4.500000
v -8.664583 1.510938 4.500000
v -8.651042 1.510938 4.500000
v -8.637500 1.510938 4.500000
v -8.623958 1.510938 4.500000
v -8.610417 1.510938 4.500000
v -8.596875 1.510938 4.500000
v -8.583333 1.510938 4.500000
v -8.569792 1.510938 4.500000
v -8.556250 1.510938 4.500000
v -8.542708 1.510938 4.500000
v -8.529167 1.510938 4.500000
v -8.515625 1.510938 4.500000
v -8.502083 1.510938 4.500000
v -8.488542 1.510938 4.500000
v -8.475000 1.510938 4.500000
v -8.461458 1.510938 4.500000
v -8.447917 1.510938 4.500000
v -8.434375 1.510938 4.500000
v -8.420833 1.510938 4.500000
v -8.407292 1.510938 4.500000
v -8.393750 1.510938 4.500000
v -8.380208 1.510938 4.500000
v -8.366667 1.510938 4.500000
v -8.353125 1.510938 4.500000
v -8.339583 1.510938 4.500000
v -8.326042 1.510938 4.500000
v -8.312500 1.510938 4.500000
v -8.298958 1.510938 4.500000
v -8.285417 1.510938 4.500000
v -8.271875 1.510938 4.500000
v -8.258333 1.510938 4.500000
v -8.244792 1.510938 4.500000
v -8.231250 1.510938 4.500000
v -8.217708 1.510938 4.500000
v -8.204167 1.510938 4.500000
v -8.190625 1.510938 4.500000
v -8.177083 1.510938 4.500000
v -8.163542 1.510938 4.500000
v -8.150000 1.510938 4.500000
v -8.136458 1.510938 4.500000
v -8.122917 1.510938 4.500000
v -8.109375 1.510938 4.500000
v -8.095833 1.510938 4.500000
v -8.082292 1.510938 4.500000
v -8.068750 1.510938 4.500000
v -8.055208 1.510938 4.500000
v -8.041667 1.510938 4.500000
v -8.028125 1.510938 4.500000
v -8.014583 1.510938 4.500000
v -8.001042 1.510938 4.500000
v -7.987500 1.510938 4.500000
v -7.973958 1.510938 4.500000
v -7.960417 1.510938 4.500000
v -7.946875 1.510938 4.500000
v -7.933333 1.510938 4.500000
v -7.919792 1.510938 4.500000
v -7.906250 1.510938 4.500000
v -7.892708 1.510938 4.500000
v -7.879167 1.510938 4.500000
v -7.865625 1.510938 4.500000
v -7.852083 1.510938 4.500000
v -7.838542 1.510938 4.500000
v -7.825000 1.510938 4.500000
v -7.811458 1.510938 4.500000
v -7.797917 1.510938 4.500000
v -7.784375 1.510938 4.500000
v -7.770833 1.510938 4.500000
v -7.757292 1.510938 4.500000
v -7.743750 1.510938 4.500000
v -7.730208 1.510938 4.500000
v -7.716667 1.510938 4.500000
v -7.703125 1.510938 4.500000
v -7.689583 1.510938 4.500000
v -7.676042 1.510938 4.500000
v -7.662500 1.510938 4.500000
v -7.648958 1.510938 4.500000
v -7.635417 1.510938 4.500000
v -7.621875 1.510938 4.500000
v -7.608333 1.510938 4.500000
v -7.594792 1.510938 4.500000
v -7.581250 1.510938 4.500000
v -7.567708 1.510938 4.500000
v -7.554167 1.510938 4.500000
v -7.540625 1.510938 4.500000
v -7.527083 1.510938 4.500000
v -7.513542 1.510938 4.500000
v -7.500000 1.510938 4.500000
v -8.800000 1.856250 4.500000
v -8.786458 1.856250 4.500000
v -8.772917 1.856250 4.500000
v -8.759375 1.856250 4.500000
v -8.745833 1.856250 4.500000
v -8.732292 1.856250 4.500000
v -8.718750 1.856250 4.500000
v -8.705208 1.856250 4.500000
v -8.691667 1.856250 4.500000
v -8.678125 1.856250 4.500000
v -8.664583 1.856250 4.500000
v -8.651042 1.856250 4.500000
v -8.637500 1.856250 4.500000
v -8.623958 1.856250 4.500000
v -8.610417 1.856250 4.500000
v -8.596875 1.856250 4.500000
v -8.583333 1.856250 4.500000
v -8.569792 1.856250 4.500000
v -8.556250 1.856250 4.500000
v -8.542708 1.856250 4.500000
v -8.529167 1.856250 4.500000
v -8.515625 1.856250 4.500000
v -8.502083 1.856250 4.500000
v -8.488542 1.856250 4.500000
v -8.475000 1.856250 4.500000
v -8.461458 1.856250 4.500000
v -8.447917 1.856250 4.500000
v -8.434375 1.856250 4.500000
v -8.420833 1.856250 4.500000
v -8.407292 1.856250 4.500000
v -8.393750 1.856250 4.500000
v -8.380208 1.856250 4.500000
v -8.366667 1.856250 4.500000
v -8.353125 1.856250 4.500000
v -8.339583 1.856250 4.500000
v -8.326042 1.856250 4.500000
v -8.312500 1.856250 4.500000
v -8.298958 1.856250 4.500000
v -8.285417 1.856250 4.500000
v -8.271875 1.856250 4.500000
v -8.258333 1.856250 4.500000
v -8.244792 1.856250 4.500000
v -8.231250 1.856250 4.500000
v -8.217708 1.856250 4.500000
v -8.204167 1.856250 4.500000
v -8.190625 1.856250 4.500000
v -8.177083 1.856250 4.500000
v -8.163542 1.856250 4.500000
v -8.150000 1.856250 4.500000
v -8.136458 1.856250 4.500000
v -8.122917 1.856250 4.500000
v -8.109375 1.856250 4.500000
v -8.095833 1.856250 4.500000
v -8.082292 1.856250 4.500000
v -8.068750 1.856250 4.500000
v -8.055208 1.856250 4.500000
v -8.041667 1.856250 4.500000
v -8.028125 1.856250 4.500000
v -8.014583 1.856250 4.500000
v -8.001042 1.856250 4.500000
v -7.987500 1.856250 4.500000
v -7.973958 1.856250 4.500000
v -7.960417 1.856250 4.500000
v -7.946875 1.856250 4.500000
v -7.933333 1.856250 4.500000
v -7.919792 1.856250 4.500000
v -7.906250 1.856250 4.500000
v -7.892708 1.856250 4.500000
v -7.879167 1.856250 4.500000
v -7.865625 1.856250 4.500000
v -7.852083 1.856250 4.500000
v -7.838542 1.856250 4.500000
v -7.825000 1.856250 4.500000
v -7.811458 1.856250 4.500000
v -7.797917 1.856250 4.500000
v -7.784375 1.856250 4.500000
v -7.770833 1.856250 4.500000
v -7.757292 1.856250 4.500000
v -7.743750 1.856250 4.500000
v -7.730208 1.856250 4.500000
v -7.716667 1.856250 4.500000
v -7.703125 1.856250 4.500000
v -7.689583 1.856250 4.500000
v -7.676042 1.856250 4.500000
v -7.662500 1.856250 4.500000
v -7.648958 1.856250 4.500000
v -7.635417 1.856250 4.500000
v -7.621875 1.856250 4.500000
v -7.608333 1.856250 4.500000
v -7.594792 1.856250 4.500000
v -7.581250 1.856250 4.500000
v -7.567708 1.856250 4.500000
v -7.554167 1.856250 4.500000
v -7.540625 1.856250 4.500000
v -7.527083 1.856250 4.500000
v -7.513542 1.856250 4.500000
v -7.500000 1.856250 4.500000
v -8.800000 2.201563 4.500000
v -8.786458 2.201563 4.500000
v -8.772917 2.201563 4.500000
v -8.759375 2.201563 4.500000
v -8.745833 2.201563 4.500000
v -8.732292 2.201563 4.500000
v -8.718750 2.201563 4.500000
v -8.705208 2.201563 4.500000
v -8.691667 2.201563 4.500000
v -8.678125 2.201563 4.500000
v -8.664583 2.201563 4.500000
v -8.651042 2.201563 4.500000
v -8.637500 2.201563 4.500000
v -8.623958 2.201563 4.500000
v -8.610417 2.201563 4.500000
v -8.596875 2.201563 4.500000
v -8.583333 2.201563 4.500000
v -8.569792 2.201563 4.500000
v -8.556250 2.201563 4.500000
v -8.542708 2.201563 4.500000
v -8.529167 2.201563 4.500000
v -8.515625 2.201563 4.500000
v -8.502083 2.201563 4.500000
v -8.488542 2.201563 4.500000
v -8.475000 2.201563 4.500000
v -8.461458 2.201563 4.500000
v -8.447917 2.201563 4.500000
v -8.434375 2.201563 4.500000
v -8.420833 2.201563 4.500000
v -8.407292 2.201563 4.500000
v -8.393750 2.201563 4.500000
v -8.380208 2.201563 4.500000
v -8.366667 2.201563 4.500000
v -8.353125 2.201563 4.500000
v -8.339583 2.201563 4.500000
v -8.326042 2.201563 4.500000
v -8.312500 2.201563 4.500000
v -8.298958 2.201563 4.500000
v -8.285417 2.201563 4.500000
v -8.271875 2.201563 4.500000
v -8.258333 2.201563 4.500000
v -8.244792 2.201563 4.500000
v -8.231250 2.201563 4.500000
v -8.217708 2.201563 4.500000
v -8.204167 2.201563 4.500000
v -8.190625 2.201563 4.500000
v -8.177083 2.201563 4.500000
v -8.163542 2.201563 4.500000
v -8.150000 2.201563 4.500000
v -8.136458 2.201563 4.500000
v -8.122917 2.201563 4.500000
v -8.109375 2.201563 4.500000
v -8.095833 2.201563 4.500000
v -8.082292 2.201563 4.500000
v -8.068750 2.201563 4.500000
v -8.055208 2.201563 4.500000
v -8.041667 2.201563 4.500000
v -8.028125 2.201563 4.500000
v -8.014583 2.201563 4.500000
v -8.001042 2.201563 4.500000
v -7.987500 2.201563 4.500000
v -7.973958 2.201563 4.500000
v -7.960417 2.201563 4.500000
v -7.946875 2.201563 4.500000
v -7.933333 2.201563 4.500000
v -7.919792 2.201563 4.500000
v -7.906250 2.201563 4.500000
v -7.892708 2.201563 4.500000
v -7.879167 2.201563 4.500000
v -7.865625 2.201563 4.500000
v -7.852083 2.201563 4.500000
v -7.838542 2.201563 4.500000
v -7.825000 2.201563 4.500000
v -7.811458 2.201563 4.500000
v -7.797917 2.201563 4.500000
v -7.784375 2.201563 4.500000
v -7.770833 2.201563 4.500000
v -7.757292 2.201563 4.500000
v -7.743750 2.201563 4.500000
v -7.730208 2.201563 4.500000
v -7.716667 2.201563 4.500000
v -7.703125 2.201563 4.500000
v -7.689583 2.201563 4.500000
v -7.676042 2.201563 4.500000
v -7.662500 2.201563 4.500000
v -7.648958 2.201563 4.500000
v -7.635417 2.201563 4.500000
v -7.621875 2.201563 4.500000
v -7.608333 2.201563 4.500000
v -7.594792 2.201563 4.500000
v -7.581250 2.201563 4.500000
v -7.567708 2.201563 4.500000
v -7.554167 2.201563 4.500000
v -7.540625 2.201563 4.500000
v -7.527083 2.201563 4.500000
v -7.513542 2.201563 4.500000
v -7.500000 2.201563 4.500000
v -8.800000 2.546875 4.500000
v -8.786458 2.546875 4.500000
v -8.772917 2.546875 4.500000
v -8.759375 2.546875 4.500000
v -8.745833 2.546875 4.500000
v -8.732292 2.546875 4.500000
v -8.718750 2.546875 4.500000
v -8.705208 2.546875 4.500000
v -8.691667 2.546875 4.500000
v -8.678125 2.546875 4.500000
v -8.664583 2.546875 4.500000
v -8.651042 2.546875 4.500000
v -8.637500 2.546875 4.500000
v -8.623958 2.546875 4.500000
v -8.610417 2.546875 4.500000
v -8.596875 2.546875 4.500000
v -8.583333 2.546875 4.500000
v -8.569792 2.546875 4.500000
v -8.556250 2.546875 4.500000
v -8.542708 2.546875 4.500000
v -8.529167 2.546875 4.500000
v -8.515625 2.546875 4.500000
v -8.502083 2.546875 4.500000
v -8.488542 2.546875 4.500000
v -8.475000 2.546875 4.500000
v -8.461458 2.546875 4.500000
v -8.447917 2.546875 4.500000
v -8.434375 2.546875 4.500000
v -8.420833 2.546875 4.500000
v -8.407292 2.546875 4.500000
v -8.393750 2.546875 4.500000
v -8.380208 2.546875 4.500000
v -8.366667 2.546875 4.500000
v -8.353125 2.546875 4.500000
v -8.339583 2.546875 4.500000
v -8.326042 2.546875 4.500000
v -8.312500 2.546875 4.500000
v -8.298958 2.546875 4.500000
v -8.285417 2.546875 4.500000
v -8.271875 2.546875 4.500000
v -8.258333 2.546875 4.500000
v -8.244792 2.546875 4.500000
v -8.231250 2.546875 4.500000
v -8.217708 2.546875 4.500000
v -8.204167 2.546875 4.500000
v -8.190625 2.546875 4.500000
v -8.177083 2.546875 4.500000
v -8.163542 2.546875 4.500000
v -8.150000 2.546875 4.500000
v -8.136458 2.546875 4.500000
v -8.122917 2.546875 4.500000
v -8.109375 2.546875 4.500000
v -8.095833 2.546875 4.500000
v -8.082292 2.546875 4.500000
v -8.068750 2.546875 4.500000
v -8.055208 2.546875 4.500000
v -8.041667 2.546875 4.500000
v -8.028125 2.546875 4.500000
v -8.014583 2.546875 4.500000
v -8.001042 2.546875 4.500000
v -7.987500 2.546875 4.500000
v -7.973958 2.546875 4.500000
v -7.960417 2.546875 4.500000
v -7.946875 2.546875 4.500000
v -7.933333 2.546875 4.500000
v -7.919792 2.546875 4.500000
v -7.906250 2.546875 4.500000
v -7.892708 2.546875 4.500000
v -7.879167 2.546875 4.500000
v -7.865625 2.546875 4.500000
v -7.852083 2.546875 4.500000
v -7.838542 2.546875 4.500000
v -7.825000 2.546875 4.500000
v -7.811458 2.546875 4.500000
v -7.797917 2.546875 4.500000
v -7.784375 2.546875 4.500000
v -7.770833 2.546875 4.500000
v -7.757292 2.546875 4.500000
v -7.743750 2.546875 4.500000
v -7.730208 2.546875 4.500000
v -7.716667 2.546875 4.500000
v -7.703125 2.546875 4.500000
v -7.689583 2.546875 4.500000
v -7.676042 2.546875 4.500000
v -7.662500 2.546875 4.500000
v -7.648958 2.546875 4.500000
v -7.635417 2.546875 4.500000
v -7.621875 2.546875 4.500000
v -7.608333 2.546875 4.500000
v -7.594792 2.546875 4.500000
v -7.581250 2.546875 4.500000
v -7.567708 2.546875 4.500000
v -7.554167 2.546875 4.500000
v -7.540625 2.546875 4.500000
v -7.527083 2.546875 4.500000
v -7.513542 2.546875 4.500000
v -7.500000 2.546875 4.500000
v -8.800000 2.892188 4.500000
v -8.786458 2.892188 4.500000
v -8.772917 2.892188 4.500000
v -8.759375 2.892188 4.500000
v -8.745833 2.892188 4.500000
v -8.732292 2.892188 4.500000
v -8.718750 2.892188 4.500000
v -8.705208 2.892188 4.500000
v -8.691667 2.892188 4.500000
v -8.678125 2.892188 4.500000
v -8.664583 2.892188 4.500000
v -8.651042 2.892188 4.500000
v -8.637500 2.892188 4.500000
v -8.623958 2.892188 4.500000
v -8.610417 2.892188 4.500000
v -8.596875 2.892188 4.500000
v -8.583333 2.892188 4.500000
v -8.569792 2.892188 4.500000
v -8.556250 2.892188 4.500000
v -8.542708 2.892188 4.500000
v -8.529167 2.892188 4.500000
v -8.515625 2.892188 4.500000
v -8.502083 2.892188 4.500000
v -8.488542 2.892188 4.500000
v -8.475000 2.892188 4.500000
v -8.461458 2.892188 4.500000
v -8.447917 2.892188 4.500000
v -8.434375 2.892188 4.500000
v -8.420833 2.892188 4.500000
v -8.407292 2.892188 4.500000
v -8.393750 2.892188 4.500000
v -8.380208 2.892188 4.500000
v -8.366667 2.892188 4.500000
v -8.353125 2.892188 4.500000
v -8.339583 2.892188 4.500000
v -8.326042 2.892188 4.500000
v -8.312500 2.892188 4.500000
v -8.298958 2.892188 4.500000
v -8.285417 2.892188 4.500000
v -8.271875 2.892188 4.500000
v -8.258333 2.892188 4.500000
v -8.244792 2.892188 4.500000
v -8.231250 2.892188 4.500000
v -8.217708 2.892188 4.500000
v -8.204167 2.892188 4.500000
v -8.190625 2.892188 4.500000
v -8.177083 2.892188 4.500000
v -8.163542 2.892188 4.500000
v -8.150000 2.892188 4.500000
v -8.136458 2.892188 4.500000
v -8.122917 2.892188 4.500000
v -8.109375 2.892188 4.500000
v -8.095833 2.892188 4.500000
v -8.082292 2.892188 4.500000
v -8.068750 2.892188 4.500000
v -8.055208 2.892188 4.500000
v -8.041667 2.892188 4.500000
v -8.028125 2.892188 4.500000
v -8.014583 2.892188 4.500000
v -8.001042 2.892188 4.500000
v -7.987500 2.892188 4.500000
v -7.973958 2.892188 4.500000
v -7.960417 2.892188 4.500000
v -7.946875 2.892188 4.500000
v -7.933333 2.892188 4.500000
v -7.919792 2.892188 4.500000
v -7.906250 2.892188 4.500000
v -7.892708 2.892188 4.500000
v -7.879167 2.892188 4.500000
v -7.865625 2.892188 4.500000
v -7.852083 2.892188 4.500000
v -7.838542 2.892188 4.500000
v -7.825000 2.892188 4.500000
v -7.811458 2.892188 4.500000
v -7.797917 2.892188 4.500000
v -7.784375 2.892188 4.500000
v -7.770833 2.892188 4.500000
v -7.757292 2.892188 4.500000
v -7.743750 2.892188 4.500000
v -7.730208 2.892188 4.500000
v -7.716667 2.892188 4.500000
v -7.703125 2.892188 4.500000
v -7.689583 2.892188 4.500000
v -7.676042 2.892188 4.500000
v -7.662500 2.892188 4.500000
v -7.648958 2.892188 4.500000
v -7.635417 2.892188 4.500000
v -7.621875 2.892188 4.500000
v -7.608333 2.892188 4.500000
v -7.594792 2.892188 4.500000
v -7.581250 2.892188 4.500000
v -7.567708 2.892188 4.500000
v -7.554167 2.892188 4.500000
v -7.540625 2.892188 4.500000
v -7.527083 2.892188 4.500000
v -7.513542 2.892188 4.500000
v -7.500000 2.892188 4.500000
v -8.800000 3.237500 4.500000
v -8.786458 3.237500 4.500000
v -8.772917 3.237500 4.500000
v -8.759375 3.237500 4.500000
v -8.745833 3.237500 4.500000
v -8.732292 3.237500 4.500000
v -8.718750 3.237500 4.500000
v -8.705208 3.237500 4.500000
v -8.691667 3.237500 4.500000
v -8.678125 3.237500 4.500000
v -8.664583 3.237500 4.500000
v -8.651042 3.237500 4.500000
v -8.637500 3.237500 4.500000
v -8.623958 3.237500 4.500000
v -8.610417 3.237500 4.500000
v -8.596875 3.237500 4.500000
v -8.583333 3.237500 4.500000
v -8.569792 3.237500 4.500000
v -8.556250 3.237500 4.500000
v -8.542708 3.237500 4.500000
v -8.529167 3.237500 4.500000
v -8.515625 3.237500 4.500000
v -8.502083 3.237500 4.500000
v -8.488542 3.237500 4.500000
v -8.475000 3.237500 4.500000
v -8.461458 3.237500 4.500000
v -8.447917 3.237500 4.500000
v -8.434375 3.237500 4.500000
v -8.420833 3.237500 4.500000
v -8.407292 3.237500 4.500000
v -8.393750 3.237500 4.500000
v -8.380208 3.237500 4.500000
v -8.366667 3.237500 4.500000
v -8.353125 3.237500 4.500000
v -8.339583 3.237500 4.500000
v -8.326042 3.237500 4.500000
v -8.312500 3.237500 4.500000
v -8.298958 3.237500 4.500000
v -8.285417 3.237500 4.500000
v -8.271875 3.237500 4.500000
v -8.258333 3.237500 4.500000
v -8.244792 3.237500 4.500000
v -8.231250 3.237500 4.500000
v -8.217708 3.237500 4.500000
v -8.204167 3.237500 4.500000
v -8.190625 3.237500 4.500000
v -8.177083 3.237500 4.500000
v -8.163542 3.237500 4.500000
v -8.150000 3.237500 4.500000
v -8.136458 3.237500 4.500000
v -8.122917 3.237500 4.500000
v -8.109375 3.237500 4.500000
v -8.095833 3.237500 4.500000
v -8.082292 3.237500 4.500000
v -8.068750 3.237500 4.500000
v -8.055208 3.237500 4.500000
v -8.041667 3.237500 4.500000
v -8.028125 3.237500 4.500000
v -8.014583 3.237500 4.500000
v -8.001042 3.237500 4.500000
v -7.987500 3.237500 4.500000
v -7.973958 3.237500 4.500000
v -7.960417 3.237500 4.500000
v -7.946875 3.237500 4.500000
v -7.933333 3.237500 4.500000
v -7.919792 3.237500 4.500000
v -7.906250 3.237500 4.500000
v -7.892708 3.237500 4.500000
v -7.879167 3.237500 4.500000
v -7.865625 3.237500 4.500000
v -7.852083 3.237500 4.500000
v -7.838542 3.237500 4.500000
v -7.825000 3.237500 4.500000
v -7.811458 3.237500 4.500000
v -7.797917 3.237500 4.500000
v -7.784375 3.237500 4.500000
v -7.770833 3.237500 4.500000
v -7.757292 3.237500 4.500000
v -7.743750 3.237500 4.500000
v -7.730208 3.237500 4.500000
v -7.716667 3.237500 4.500000
v -7.703125 3.237500 4.500000
v -7.689583 3.237500 4.500000
v -7.676042 3.237500 4.500000
v -7.662500 3.237500 4.500000
v -7.648958 3.237500 4.500000
v -7.635417 3.237500 4.500000
v -7.621875 3.237500 4.500000
v -7.608333 3.237500 4.500000
v -7.594792 3.237500 4.500000
v -7.581250 3.237500 4.500000
v -7.567708 3.237500 4.500000
v -7.554167 3.237500 4.500000
v -7.540625 3.237500 4.500000
v -7.527083 3.237500 4.500000
v -7.513542 3.237500 4.500000
v -7.500000 3.237500 4.500000
v -8.800000 3.582813 4.500000
v -8.786458 3.582813 4.500000
v -8.772917 3.582813 4.500000
v -8.759375 3.582813 4.500000
v -8.745833 3.582813 4.500000
v -8.732292 3.582813 4.500000
v -8.718750 3.582813 4.500000
v -8.705208 3.582813 4.500000
v -8.691667 3.582813 4.500000
v -8.678125 3.582813 4.500000
v -8.664583 3.582813 4.500000
v -8.651042 3.582813 4.500000
v -8.637500 3.582813 4.500000
v -8.623958 3.582813 4.500000
v -8.610417 3.582813 4.500000
v -8.596875 3.582813 4.500000
v -8.583333 3.582813 4.500000
v -8.569792 3.582813 4.500000
v -8.556250 3.582813 4.500000
v -8.542708 3.582813 4.500000
v -8.529167 3.582813 4.500000
v -8.515625 3.582813 4.500000
v -8.502083 3.582813 4.500000
v -8.488542 3.582813 4.500000
v -8.475000 3.582813 4.500000
v -8.461458 3.582813 4.500000
v -8.447917 3.582813 4.500000
v -8.434375 3.582813 4.500000
v -8.420833 3.582813 4.500000
v -8.407292 3.582813 4.500000
v -8.393750 3.582813 4.500000
v -8.380208 3.582813 4.500000
v -8.366667 3.582813 4.500000
v -8.353125 3.582813 4.500000
v -8.339583 3.582813 4.500000
v -8.326042 3.582813 4.500000
v -8.312500 3.582813 4.500000
v -8.298958 3.582813 4.500000
v -8.285417 3.582813 4.500000
v -8.271875 3.582813 4.500000
v -8.258333 3.582813 4.500000
v -8.244792 3.582813 4.500000
v -8.231250 3.582813 4.500000
v -8.217708 3.582813 4.500000
v -8.204167 3.582813 4.500000
v -8.190625 3.582813 4.500000
v -8.177083 3.582813 4.500000
v -8.163542 3.582813 4.500000
v -8.150000 3.582813 4.500000
v -8.136458 3.582813 4.500000
v -8.122917 3.582813 4.500000
v -8.109375 3.582813 4.500000
v -8.095833 3.582813 4.500000
v -8.082292 3.582813 4.500000
v -8.068750 3.582813 4.500000
v -8.055208 3.582813 4.500000
v -8.041667 3.582813 4.500000
v -8.028125 3.582813 4.500000
v -8.014583 3.582813 4.500000
v -8.001042 3.582813 4.500000
v -7.987500 3.582813 4.500000
v -7.973958 3.582813 4.500000
v -7.960417 3.582813 4.500000
v -7.946875 3.582813 4.500000
v -7.933333 3.582813 4.500000
v -7.919792 3.582813 4.500000
v -7.906250 3.582813 4.500000
v -7.892708 3.582813 4.500000
v -7.879167 3.582813 4.500000
v -7.865625 3.582813 4.500000
v -7.852083 3.582813 4.500000
v -7.838542 3.582813 4.500000
v -7.825000 3.582813 4.500000
v -7.811458 3.582813 4.500000
v -7.797917 3.582813 4.500000
v -7.784375 3.582813 4.500000
v -7.770833 3.582813 4.500000
v -7.757292 3.582813 4.500000
v -7.743750 3.582813 4.500000
v -7.730208 3.582813 4.500000
v -7.716667 3.582813 4.500000
v -7.703125 3.582813 4.500000
v -7.689583 3.582813 4.500000
v -7.676042 3.582813 4.500000
v -7.662500 3.582813 4.500000
v -7.648958 3.582813 4.500000
v -7.635417 3.582813 4.500000
v -7.621875 3.582813 4.500000
v -7.608333 3.582813 4.500000
v -7.594792 3.582813 4.500000
v -7.581250 3.582813 4.500000
v -7.567708 3.582813 4.500000
v -7.554167 3.582813 4.500000
v -7.540625 3.582813 4.500000
v -7.527083 3.582813 4.500000
v -7.513542 3.582813 4.500000
v -7.500000 3.582813 4.500000
v -8.800000 3.928125 4.500000
v -8.786458 3.928125 4.500000
v -8.772917 3.928125 4.500000
v -8.759375 3.928125 4.500000
v -8.745833 3.928125 4.500000
v -8.732292 3.928125 4.500000
v -8.718750 3.928125 4.500000
v -8.705208 3.928125 4.500000
v -8.691667 3.928125 4.500000
v -8.678125 3.928125 4.500000
v -8.664583 3.928125 4.500000
v -8.651042 3.928125 4.500000
v -8.637500 3.928125 4.500000
v -8.623958 3.928125 4.500000
v -8.610417 3.928125 4.500000
v -8.596875 3.928125 4.500000
v -8.583333 3.928125 4.500000
v -8.569792 3.928125 4.500000
v -8.556250 3.928125 4.500000
v -8.542708 3.928125 4.500000
v -8.529167 3.928125 4.500000
v -8.515625 3.928125 4.500000
v -8.502083 3.928125 4.500000
v -8.488542 3.928125 4.500000
v -8.475000 3.928125 4.500000
v -8.461458 3.928125 4.500000
v -8.447917 3.928125 4.500000
v -8.434375 3.928125 4.500000
v -8.420833 3.928125 4.500000
v -8.407292 3.928125 4.500000
v -8.393750 3.928125 4.500000
v -8.380208 3.928125 4.500000
v -8.366667 3.928125 4.500000
v -8.353125 3.928125 4.500000
v -8.339583 3.928125 4.500000
v -8.326042 3.928125 4.500000
v -8.312500 3.928125 4.500000
v -8.298958 3.928125 4.500000
v -8.285417 3.928125 4.500000
v -8.271875 3.928125 4.500000
v -8.258333 3.928125 4.500000
v -8.244792 3.928125 4.500000
v -8.231250 3.928125 4.500000
v -8.217708 3.928125 4.500000
v -8.204167 3.928125 4.500000
v -8.190625 3.928125 4.500000
v -8.177083 3.928125 4.500000
v -8.163542 3.928125 4.500000
v -8.150000 3.928125 4.500000
v -8.136458 3.928125 4.500000
v -8.122917 3.928125 4.500000
v -8.109375 3.928125 4.500000
v -8.095833 3.928125 4.500000
v -8.082292 3.928125 4.500000
v -8.068750 3.928125 4.500000
v -8.055208 3.928125 4.500000
v -8.041667 3.928125 4.500000
v -8.028125 3.928125 4.500000
v -8.014583 3.928125 4.500000
v -8.001042 3.928125 4.500000
v -7.987500 3.928125 4.500000
v -7.973958 3.928125 4.500000
v -7.960417 3.928125 4.500000
v -7.946875 3.928125 4.500000
v -7.933333 3.928125 4.500000
v -7.919792 3.928125 4.500000
v -7.906250 3.928125 4.500000
v -7.892708 3.928125 4.500000
v -7.879167 3.928125 4.500000
v -7.865625 3.928125 4.500000
v -7.852083 3.928125 4.500000
v -7.838542 3.928125 4.500000
v -7.825000 3.928125 4.500000
v -7.811458 3.928125 4.500000
v -7.797917 3.928125 4.500000
v -7.784375 3.928125 4.500000
v -7.770833 3.928125 4.500000
v -7.757292 3.928125 4.500000
v -7.743750 3.928125 4.500000
v -7.730208 3.928125 4.500000
v -7.716667 3.928125 4.500000
v -7.703125 3.928125 4.500000
v -7.689583 3.928125 4.500000
v -7.676042 3.928125 4.500000
v -7.662500 3.928125 4.500000
v -7.648958 3.928125 4.500000
v -7.635417 3.928125 4.500000
v -7.621875 3.928125 4.500000
v -7.608333 3.928125 4.500000
v -7.594792 3.928125 4.500000
v -7.581250 3.928125 4.500000
v -7.567708 3.928125 4.500000
v -7.554167 3.928125 4.500000
v -7.540625 3.928125 4.500000
v -7.527083 3.928125 4.500000
v -7.513542 3.928125 4.500000
v -7.500000 3.928125 4.500000
v -8.800000 4.273438 4.500000
v -8.786458 4.273438 4.500000
v -8.772917 4.273438 4.500000
v -8.759375 4.273438 4.500000
v -8.745833 4.273438 4.500000
v -8.732292 4.273438 4.500000
v -8.718750 4.273438 4.500000
v -8.705208 4.273438 4.500000
v -8.691667 4.273438 4.500000
v -8.678125 4.273438 4.500000
v -8.664583 4.273438 4.500000
v -8.651042 4.273438 4.500000
v -8.637500 4.273438 4.500000
v -8.623958 4.273438 4.500000
v -8.610417 4.273438 4.500000
v -8.596875 4.273438 4.500000
v -8.583333 4.273438 4.500000
v -8.569792 4.273438 4.500000
v -8.556250 4.273438 4.500000
v -8.542708 4.273438 4.500000
v -8.529167 4.273438 4.500000
v -8.515625 4.273438 4.500000
v -8.502083 4.273438 4.500000
v -8.488542 4.273438 4.500000
v -8.475000 4.273438 4.500000
v -8.461458 4.273438 4.500000
v -8.447917 4.273438 4.500000
v -8.434375 4.273438 4.500000
v -8.420833 4.273438 4.500000
v -8.407292 4.273438 4.500000
v -8.393750 4.273438 4.500000
v -8.380208 4.273438 4.500000
v -8.366667 4.273438 4.500000
v -8.353125 4.273438 4.500000
v -8.339583 4.273438 4.500000
v -8.326042 4.273438 4.500000
v -8.312500 4.273438 4.500000
v -8.298958 4.273438 4.500000
v -8.285417 4.273438 4.500000
v -8.271875 4.273438 4.500000
v -8.258333 4.273438 4.500000
v -8.244792 4.273438 4.500000
v -8.231250 4.273438 4.500000
v -8.217708 4.273438 4.500000
v -8.204167 4.273438 4.500000
v -8.190625 4.273438 4.500000
v -8.177083 4.273438 4.500000
v -8.163542 4.273438 4.500000
v -8.150000 4.273438 4.500000
v -8.136458 4.273438 4.500000
v -8.122917 4.273438 4.500000
v -8.109375 4.273438 4.500000
v -8.095833 4.273438 4.500000
v -8.082292 4.273438 4.500000
v -8.068750 4.273438 4.500000
v -8.055208 4.273438 4.500000
v -8.041667 4.273438 4.500000
v -8.028125 4.273438 4.500000
v -8.014583 4.273438 4.500000
v -8.001042 4.273438 4.500000
v -7.987500 4.273438 4.500000
v -7.973958 4.273438 4.500000
v -7.960417 4.273438 4.500000
v -7.946875 4.273438 4.500000
v -7.933333 4.273438 4.500000
v -7.919792 4.273438 4.500000
v -7.906250 4.273438 4.500000
v -7.892708 4.273438 4.500000
v -7.879167 4.273438 4.500000
v -7.865625 4.273438 4.500000
v -7.852083 4.273438 4.500000
v -7.838542 4.273438 4.500000
v -7.825000 4.273438 4.500000
v -7.811458 4.273438 4.500000
v -7.797917 4.273438 4.500000
v -7.784375 4.273438 4.500000
v -7.770833 4.273438 4.500000
v -7.757292 4.273438 4.500000
v -7.743750 4.273438 4.500000
v -7.730208 4.273438 4.500000
v -7.716667 4.273438 4.500000
v -7.703125 4.273438 4.500000
v -7.689583 4.273438 4.500000
v -7.676042 4.273438 4.500000
v -7.662500 4.273438 4.500000
v -7.648958 4.273438 4.500000
v -7.635417 4.273438 4.500000
v -7.621875 4.273438 4.500000
v -7.608333 4.273438 4.500000
v -7.594792 4.273438 4.500000
v -7.581250 4.273438 4.500000
v -7.567708 4.273438 4.500000
v -7.554167 4.273438 4.500000
v -7.540625 4.273438 4.500000
v -7.527083 4.273438 4.500000
v -7.513542 4.273438 4.500000
v -7.500000 4.273438 4.500000
v -8.800000 4.618750 4.500000
v -8.786458 4.618750 4.500000
v -8.772917 4.618750 4.500000
v -8.759375 4.618750 4.500000
v -8.745833 4.618750 4.500000
v -8.732292 4.618750 4.500000
v -8.718750 4.618750 4.500000
v -8.705208 4.618750 4.500000
v -8.691667 4.618750 4.500000
v -8.678125 4.618750 4.500000
v -8.664583 4.618750 4.500000
v -8.651042 4.618750 4.500000
v -8.637500 4.618750 4.500000
v -8.623958 4.618750 4.500000
v -8.610417 4.618750 4.500000
v -8.596875 4.618750 4.500000
v -8.583333 4.618750 4.500000
v -8.569792 4.618750 4.500000
v -8.556250 4.618750 4.500000
v -8.542708 4.618750 4.500000
v -8.529167 4.618750 4.500000
v -8.515625 4.618750 4.500000
v -8.502083 4.618750 4.500000
v -8.488542 4.618750 4.500000
v -8.475000 4.618750 4.500000
v -8.461458 4.618750 4.500000
v -8.447917 4.618750 4.500000
v -8.434375 4.618750 4.500000
v -8.420833 4.618750 4.500000
v -8.407292 4.618750 4.500000
v -8.393750 4.618750 4.500000
v -8.380208 4.618750 4.500000
v -8.366667 4.618750 4.500000
v -8.353125 4.618750 4.500000
v -8.339583 4.618750 4.500000
v -8.326042 4.618750 4.500000
v -8.312500 4.618750 4.500000
v -8.298958 4.618750 4.500000
v -8.285417 4.618750 4.500000
v -8.271875 4.618750 4.500000
v -8.258333 4.618750 4.500000
v -8.244792 4.618750 4.500000
v -8.231250 4.618750 4.500000
v -8.217708 4.618750 4.500000
v -8.204167 4.618750 4.500000
v -8.190625 4.618750 4.500000
v -8.177083 4.618750 4.500000
v -8.163542 4.618750 4.500000
v -8.150000 4.618750 4.500000
v -8.136458 4.618750 4.500000
v -8.122917 4.618750 4.500000
v -8.109375 4.618750 4.500000
v -8.095833 4.618750 4.500000
v -8.082292 4.618750 4.500000
v -8.068750 4.618750 4.500000
v -8.055208 4.618750 4.500000
v -8.041667 4.618750 4.500000
v -8.028125 4.618750 4.500000
v -8.014583 4.618750 4.500000
v -8.001042 4.618750 4.500000
v -7.987500 4.618750 4.500000
v -7.973958 4.618750 4.500000
v -7.960417 4.618750 4.500000
v -7.946875 4.618750 4.500000
v -7.933333 4.618750 4.500000
v -7.919792 4.618750 4.500000
v -7.906250 4.618750 4.500000
v -7.892708 4.618750 4.500000
v -7.879167 4.618750 4.500000
v -7.865625 4.618750 4.500000
v -7.852083 4.618750 4.500000
v -7.838542 4.618750 4.500000
v -7.825000 4.618750 4.500000
v -7.811458 4.618750 4.500000
v -7.797917 4.618750 4.500000
v -7.784375 4.618750 4.500000
v -7.770833 4.618750 4.500000
v -7.757292 4.618750 4.500000
v -7.743750 4.618750 4.500000
v -7.730208 4.618750 4.500000
v -7.716667 4.618750 4.500000
v -7.703125 4.618750 4.500000
v -7.689583 4.618750 4.500000
v -7.676042 4.618750 4.500000
v -7.662500 4.618750 4.500000
v -7.648958 4.618750 4.500000
v -7.635417 4.618750 4.500000
v -7.621875 4.618750 4.500000
v -7.608333 4.618750 4.500000
v -7.594792 4.618750 4.500000
v -7.581250 4.618750 4.500000
v -7.567708 4.618750 4.500000
v -7.554167 4.618750 4.500000
v -7.540625 4.618750 4.500000
v -7.527083 4.618750 4.500000
v -7.513542 4.618750 4.500000
v -7.500000 4.618750 4.500000
v -8.800000 4.964063 4.500000
v -8.786458 4.964063 4.500000
v -8.772917 4.964063 4.500000
v -8.759375 4.964063 4.500000
v -8.745833 4.964063 4.500000
v -8.732292 4.964063 4.500000
v -8.718750 4.964063 4.500000
v -8.705208 4.964063 4.500000
v -8.691667 4.964063 4.500000
v -8.678125 4.964063 4.500000
v -8.664583 4.964063 4.500000
v -8.651042 4.964063 4.500000
v -8.637500 4.964063 4.500000
v -8.623958 4.964063 4.500000
v -8.610417 4.964063 4.500000
v -8.596875 4.964063 4.500000
v -8.583333 4.964063 4.500000
v -8.569792 4.964063 4.500000
v -8.556250 4.964063 4.500000
v -8.542708 4.964063 4.500000
v -8.529167 4.964063 4.500000
v -8.515625 4.964063 4.500000
v -8.502083 4.964063 4.500000
v -8.488542 4.964063 4.500000
v -8.475000 4.964063 4.500000
v -8.461458 4.964063 4.500000
v -8.447917 4.964063 4.500000
v -8.434375 4.964063 4.500000
v -8.420833 4.964063 4.500000
v -8.407292 4.964063 4.500000
v -8.393750 4.964063 4.500000
v -8.380208 4.964063 4.500000
v -8.366667 4.964063 4.500000
v -8.353125 4.964063 4.500000
v -8.339583 4.964063 4.500000
v -8.326042 4.964063 4.500000
v -8.312500 4.964063 4.500000
v -8.298958 4.964063 4.500000
v -8.285417 4.964063 4.500000
v -8.271875 4.964063 4.500000
v -8.258333 4.964063 4.500000
v -8.244792 4.964063 4.500000
v -8.231250 4.964063 4.500000
v -8.217708 4.964063 4.500000
v -8.204167 4.964063 4.500000
v -8.190625 4.964063 4.500000
v -8.177083 4.964063 4.500000
v -8.163542 4.964063 4.500000
v -8.150000 4.964063 4.500000
v -8.136458 4.964063 4.500000
v -8.122917 4.964063 4.500000
v -8.109375 4.964063 4.500000
v -8.095833 4.964063 4.500000
v -8.082292 4.964063 4.500000
v -8.068750 4.964063 4.500000
v -8.055208 4.964063 4.500000
v -8.041667 4.964063 4.500000
v -8.028125 4.964063 4.500000
v -8.014583 4.964063 4.500000
v -8.001042 4.964063 4.500000
v -7.987500 4.964063 4.500000
v -7.973958 4.964063 4.500000
v -7.960417 4.964063 4.500000
v -7.946875 4.964063 4.500000
v -7.933333 4.964063 4.500000
v -7.919792 4.964063 4.500000
v -7.906250 4.964063 4.500000
v -7.892708 4.964063 4.500000
v -7.879167 4.964063 4.500000
v -7.865625 4.964063 4.500000
v -7.852083 4.964063 4.500000
v -7.838542 4.964063 4.500000
v -7.825000 4.964063 4.500000
v -7.811458 4.964063 4.500000
v -7.797917 4.964063 4.500000
v -7.784375 4.964063 4.500000
v -7.770833 4.964063 4.500000
v -7.757292 4.964063 4.500000
v -7.743750 4.964063 4.500000
v -7.730208 4.964063 4.500000
v -7.716667 4.964063 4.500000
v -7.703125 4.964063 4.500000
v -7.689583 4.964063 4.500000
v -7.676042 4.964063 4.500000
v -7.662500 4.964063 4.500000
v -7.648958 4.964063 4.500000
v -7.635417 4.964063 4.500000
v -7.621875 4.964063 4.500000
v -7.608333 4.964063 4.500000
v -7.594792 4.964063 4.500000
v -7.581250 4.964063 4.500000
v -7.567708 4.964063 4.500000
v -7.554167 4.964063 4.500000
v -7.540625 4.964063 4.500000
v -7.527083 4.964063 4.500000
v -7.513542 4.964063 4.500000
v -7.500000 4.964063 4.500000
v -8.800000 5.309375 4.500000
v -8.786458 5.309375 4.500000
v -8.772917 5.309375 4.500000
v -8.759375 5.309375 4.500000
v -8.745833 5.309375 4.500000
v -8.732292 5.309375 4.500000
v -8.718750 5.309375 4.500000
v -8.705208 5.309375 4.500000
v -8.691667 5.309375 4.500000
v -8.678125 5.309375 4.500000
v -8.664583 5.309375 4.500000
v -8.651042 5.309375 4.500000
v -8.637500 5.309375 4.500000
v -8.623958 5.309375 4.500000
v -8.610417 5.309375 4.500000
v -8.596875 5.309375 4.500000
v -8.583333 5.309375 4.500000
v -8.569792 5.309375 4.500000
v -8.556250 5.309375 4.500000
v -8.542708 5.309375 4.500000
v -8.529167 5.309375 4.500000
v -8.515625 5.309375 4.500000
v -8.502083 5.309375 4.500000
v -8.488542 5.309375 4.500000
v -8.475000 5.309375 4.500000
v -8.461458 5.309375 4.500000
v -8.447917 5.309375 4.500000
v -8.434375 5.309375 4.500000
v -8.420833 5.309375 4.500000
v -8.407292 5.309375 4.500000
v -8.393750 5.309375 4.500000
v -8.380208 5.309375 4.500000
v -8.366667 5.309375 4.500000
v -8.353125 5.309375 4.500000
v -8.339583 5.309375 4.500000
v -8.326042 5.309375 4.500000
v -8.312500 5.309375 4.500000
v -8.298958 5.309375 4.500000
v -8.285417 5.309375 4.500000
v -8.271875 5.309375 4.500000
v -8.258333 5.309375 4.500000
v -8.244792 5.309375 4.500000
v -8.231250 5.309375 4.500000
v -8.217708 5.309375 4.500000
v -8.204167 5.309375 4.500000
v -8.190625 5.309375 4.500000
v -8.177083 5.309375 4.500000
v -8.163542 5.309375 4.500000
v -8.150000 5.309375 4.500000
v -8.136458 5.309375 4.500000
v -8.122917 5.309375 4.500000
v -8.109375 5.309375 4.500000
v -8.095833 5.309375 4.500000
v -8.082292 5.309375 4.500000
v -8.068750 5.309375 4.500000
v -8.055208 5.309375 4.500000
v -8.041667 5.309375 4.500000
v -8.028125 5.309375 4.500000
v -8.014583 5.309375 4.500000
v -8.001042 5.309375 4.500000
v -7.987500 5.309375 4.500000
v -7.973958 5.309375 4.500000
v -7.960417 5.309375 4.500000
v -7.946875 5.309375 4.500000
v -7.933333 5.309375 4.500000
v -7.919792 5.309375 4.500000
v -7.906250 5.309375 4.500000
v -7.892708 5.309375 4.500000
v -7.879167 5.309375 4.500000
v -7.865625 5.309375 4.500000
v -7.852083 5.309375 4.500000
v -7.838542 5.309375 4.500000
v -7.825000 5.309375 4.500000
v -7.811458 5.309375 4.500000
v -7.797917 5.309375 4.500000
v -7.784375 5.309375 4.500000
v -7.770833 5.309375 4.500000
v -7.757292 5.309375 4.500000
v -7.743750 5.309375 4.500000
v -7.730208 5.309375 4.500000
v -7.716667 5.309375 4.500000
v -7.703125 5.309375 4.500000
v -7.689583 5.309375 4.500000
v -7.676042 5.309375 4.500000
v -7.662500 5.309375 4.500000
v -7.648958 5.309375 4.500000
v -7.635417 5.309375 4.500000
v -7.621875 5.309375 4.500000
v -7.608333 5.309375 4.500000
v -7.594792 5.309375 4.500000
v -7.581250 5.309375 4.500000
v -7.567708 5.309375 4.500000
v -7.554167 5.309375 4.500000
v -7.540625 5.309375 4.500000
v -7.527083 5.309375 4.500000
v -7.513542 5.309375 4.500000
v -7.500000 5.309375 4.500000
v -8.800000 5.654688 4.500000
v -8.786458 5.654688 4.500000
v -8.772917 5.654688 4.500000
v -8.759375 5.654688 4.500000
v -8.745833 5.654688 4.500000
v -8.732292 5.654688 4.500000
v -8.718750 5.654688 4.500000
v -8.705208 5.654688 4.500000
v -8.691667 5.654688 4.500000
v -8.678125 5.654688 4.500000
v -8.664583 5.654688 4.500000
v -8.651042 5.654688 4.500000
v -8.637500 5.654688 4.500000
v -8.623958 5.654688 4.500000
v -8.610417 5.654688 4.500000
v -8.596875 5.654688 4.500000
v -8.583333 5.654688 4.500000
v -8.569792 5.654688 4.500000
v -8.556250 5.654688 4.500000
v -8.542708 5.654688 4.500000
v -8.529167 5.654688 4.500000
v -8.515625 5.654688 4.500000
v -8.502083 5.654688 4.500000
v -8.488542 5.654688 4.500000
v -8.475000 5.654688 4.500000
v -8.461458 5.654688 4.500000
v -8.447917 5.654688 4.500000
v -8.434375 5.654688 4.500000
v -8.420833 5.654688 4.500000
v -8.407292 5.654688 4.500000
v -8.393750 5.654688 4.500000
v -8.380208 5.654688 4.500000
v -8.366667 5.654688 4.500000
v -8.353125 5.654688 4.500000
v -8.339583 5.654688 4.500000
v -8.326042 5.654688 4.500000
v -8.312500 5.654688 4.500000
v -8.298958 5.654688 4.500000
v -8.285417 5.654688 4.500000
v -8.271875 5.654688 4.500000
v -8.258333 5.654688 4.500000
v -8.244792 5.654688 4.500000
v -8.231250 5.654688 4.500000
v -8.217708 5.654688 4.500000
v -8.204167 5.654688 4.500000
v -8.190625 5.654688 4.500000
v -8.177083 5.654688 4.500000
v -8.163542 5.654688 4.500000
v -8.150000 5.654688 4.500000
v -8.136458 5.654688 4.500000
v -8.122917 5.654688 4.500000
v -8.109375 5.654688 4.500000
v -8.095833 5.654688 4.500000
v -8.082292 5.654688 4.500000
v -8.068750 5.654688 4.500000
v -8.055208 5.654688 4.500000
v -8.041667 5.654688 4.500000
v -8.028125 5.654688 4.500000
v -8.014583 5.654688 4.500000
v -8.001042 5.654688 4.500000
v -7.987500 5.654688 4.500000
v -7.973958 5.654688 4.500000
v -7.960417 5.654688 4.500000
v -7.946875 5.654688 4.500000
v -7.933333 5.654688 4.500000
v -7.919792 5.654688 4.500000
v -7.906250 5.654688 4.500000
v -7.892708 5.654688 4.500000
v -7.879167 5.654688 4.500000
v -7.865625 5.654688 4.500000
v -7.852083 5.654688 4.500000
v -7.838542 5.654688 4.500000
v -7.825000 5.654688 4.500000
v -7.811458 5.654688 4.500000
v -7.797917 5.654688 4.500000
v -7.784375 5.654688 4.500000
v -7.770833 5.654688 4.500000
v -7.757292 5.654688 4.500000
v -7.743750 5.654688 4.500000
v -7.730208 5.654688 4.500000
v -7.716667 5.654688 4.500000
v -7.703125 5.654688 4.500000
v -7.689583 5.654688 4.500000
v -7.676042 5.654688 4.500000
v -7.662500 5.654688 4.500000
v -7.648958 5.654688 4.500000
v -7.635417 5.654688 4.500000
v -7.621875 5.654688 4.500000
v -7.608333 5.654688 4.500000
v -7.594792 5.654688 4.500000
v -7.581250 5.654688 4.500000
v -7.567708 5.654688 4.500000
v -7.554167 5.654688 4.500000
v -7.540625 5.654688 4.500000
v -7.527083 5.654688 4.500000
v -7.513542 5.654688 4.500000
v -7.500000 5.654688 4.500000
v -8.800000 6.000000 4.500000
v -8.786458 6.000000 4.500000
v -8.772917 6.000000 4.500000
v -8.759375 6.000000 4.500000
v -8.745833 6.000000 4.500000
v -8.732292 6.000000 4.500000
v -8.718750 6.000000 4.500000
v -8.705208 6.000000 4.500000
v -8.691667 6.000000 4.500000
v -8.678125 6.000000 4.500000
v -8.664583 6.000000 4.500000
v -8.651042 6.000000 4.500000
v -8.637500 6.000000 4.500000
v -8.623958 6.000000 4.500000
v -8.610417 6.000000 4.500000
v -8.596875 6.000000 4.500000
v -8.583333 6.000000 4.500000
v -8.569792 6.000000 4.500000
v -8.556250 6.000000 4.500000
v -8.542708 6.000000 4.500000
v -8.529167 6.000000 4.500000
v -8.515625 6.000000 4.500000
v -8.502083 6.000000 4.500000
v -8.488542 6.000000 4.500000
v -8.475000 6.000000 4.500000
v -8.461458 6.000000 4.500000
v -8.447917 6.000000 4.500000
v -8.434375 6.000000 4.500000
v -8.420833 6.000000 4.500000
v -8.407292 6.000000 4.500000
v -8.393750 6.000000 4.500000
v -8.380208 6.000000 4.500000
v -8.366667 6.000000 4.500000
v -8.353125 6.000000 4.500000
v -8.339583 6.000000 4.500000
v -8.326042 6.000000 4.500000
v -8.312500 6.000000 4.500000
v -8.298958 6.000000 4.500000
v -8.285417 6.000000 4.500000
v -8.271875 6.000000 4.500000
v -8.258333 6.000000 4.500000
v -8.244792 6.000000 4.500000
v -8.231250 6.000000 4.500000
v -8.217708 6.000000 4.500000
v -8.204167 6.000000 4.500000
v -8.190625 6.000000 4.500000
v -8.177083 6.000000 4.500000
v -8.163542 6.000000 4.500000
v -8.150000 6.000000 4.500000
v -8.136458 6.000000 4.500000
v -8.122917 6.000000 4.500000
v -8.109375 6.000000 4.500000
v -8.095833 6.000000 4.500000
v -8.082292 6.000000 4.500000
v -8.068750 6.000000 4.500000
v -8.055208 6.000000 4.500000
v -8.041667 6.000000 4.500000
v -8.028125 6.000000 4.500000
v -8.014583 6.000000 4.500000
v -8.001042 6.000000 4.500000
v -7.987500 6.000000 4.500000
v -7.973958 6.000000 4.500000
v -7.960417 6.000000 4.500000
v -7.946875 6.000000 4.500000
v -7.933333 6.000000 4.500000
v -7.919792 6.000000 4.500000
v -7.906250 6.000000 4.500000
v -7.892708 6.000000 4.500000
v -7.879167 6.000000 4.500000
v -7.865625 6.000000 4.500000
v -7.852083 6.000000 4.500000
v -7.838542 6.000000 4.500000
v -7.825000 6.000000 4.500000
v -7.811458 6.000000 4.500000
v -7.797917 6.000000 4.500000
v -7.784375 6.000000 4.500000
v -7.770833 6.000000 4.500000
v -7.757292 6.000000 4.500000
v -7.743750 6.000000 4.500000
v -7.730208 6.000000 4.500000
v -7.716667 6.000000 4.500000
v -7.703125 6.000000 4.500000
v -7.689583 6.000000 4.500000
v -7.676042 6.000000 4.500000
v -7.662500 6.000000 4.500000
v -7.648958 6.000000 4.500000
v -7.635417 6.000000 4.500000
v -7.621875 6.000000 4.500000
v -7.608333 6.000000 4.500000
v -7.594792 6.000000 4.500000
v -7.581250 6.000000 4.500000
v -7.567708 6.000000 4.500000
v -7.554167 6.000000 4.500000
v -7.540625 6.000000 4.500000
v -7.527083 6.000000 4.500000
v -7.513542 6.000000 4.500000
v -7.500000 6.000000 4.500000
v -8.800000 -5.050000 7.500000
v -8.786458 -5.050000 7.500000
v -8.772917 -5.050000 7.500000
v -8.759375 -5.050000 7.500000
v -8.745833 -5.050000 7.500000
v -8.732292 -5.050000 7.500000
v -8.718750 -5.050000 7.500000
v -8.705208 -5.050000 7.500000
v -8.691667 -5.050000 7.500000
v -8.678125 -5.050000 7.500000
v -8.664583 -5.050000 7.500000
v -8.651042 -5.050000 7.500000
v -8.637500 -5.050000 7.500000
v -8.623958 -5.050000 7.500000
v -8.610417 -5.050000 7.500000
v -8.596875 -5.050000 7.500000
v -8.583333 -5.050000 7.500000
v -8.569792 -5.050000 7.500000
v -8.556250 -5.050000 7.500000
v -8.542708 -5.050000 7.500000
v -8.529167 -5.050000 7.500000
v -8.515625 -5.050000 7.500000
v -8.502083 -5.050000 7.500000
v -8.488542 -5.050000 7.500000
v -8.475000 -5.050000 7.500000
v -8.461458 -5.050000 7.500000
v -8.447917 -5.050000 7.500000
v -8.434375 -5.050000 7.500000
v -8.420833 -5.050000 7.500000
v -8.407292 -5.050000 7.500000
v -8.393750 -5.050000 7.500000
v -8.380208 -5.050000 7.500000
v -8.366667 -5.050000 7.500000
v -8.353125 -5.050000 7.500000
v -8.339583 -5.050000 7.500000
v -8.326042 -5.050000 7.500000
v -8.312500 -5.050000 7.500000
v -8.298958 -5.050000 7.500000
v -8.285417 -5.050000 7.500000
v -8.271875 -5.050000 7.500000
v -8.258333 -5.050000 7.500000
v -8.244792 -5.050000 7.500000
v -8.231250 -5.050000 7.500000
v -8.217708 -5.050000 7.500000
v -8.204167 -5.050000 7.500000
v -8.190625 -5.050000 7.500000
v -8.177083 -5.050000 7.500000
v -8.163542 -5.050000 7.500000
v -8.150000 -5.050000 7.500000
v -8.136458 -5.050000 7.500000
v -8.122917 -5.050000 7.500000
v -8.109375 -5.050000 7.500000
v -8.095833 -5.050000 7.500000
v -8.082292 -5.050000 7.500000
v -8.068750 -5.050000 7.500000
v -8.055208 -5.050000 7.500000
v -8.041667 -5.050000 7.500000
v -8.028125 -5.050000 7.500000
v -8.014583 -5.050000 7.500000
v -8.001042 -5.050000 7.500000
v -7.987500 -5.050000 7.500000
v -7.973958 -5.050000 7.500000
v -7.960417 -5.050000 7.500000
v -7.946875 -5.050000 7.500000
v -7.933333 -5.050000 7.500000
v -7.919792 -5.050000 7.500000
v -7.906250 -5.050000 7.500000
v -7.892708 -5.050000 7.500000
v -7.879167 -5.050000 7.500000
v -7.865625 -5.050000 7.500000
v -7.852083 -5.050000 7.500000
v -7.838542 -5.050000 7.500000
v -7.825000 -5.050000 7.500000
v -7.811458 -5.050000 7.500000
v -7.797917 -5.050000 7.500000
v -7.784375 -5.050000 7.500000
v -7.770833 -5.050000 7.500000
v -7.757292 -5.050000 7.500000
v -7.743750 -5.050000 7.500000
v -7.730208 -5.050000 7.500000
v -7.716667 -5.050000 7.500000
v -7.703125 -5.050000 7.500000
v -7.689583 -5.050000 7.500000
v -7.676042 -5.050000 7.500000
v -7.662500 -5.050000 7.500000
v -7.648958 -5.050000 7.500000
v -7.635417 -5.050000 7.500000
v -7.621875 -5.050000 7.500000
v -7.608333 -5.050000 7.500000
v -7.594792 -5.050000 7.500000
v -7.581250 -5.050000 7.500000
v -7.567708 -5.050000 7.500000
v -7.554167 -5.050000 7.500000
v -7.540625 -5.050000 7.500000
v -7.527083 -5.050000 7.500000
v -7.513542 -5.050000 7.500000
v -7.500000 -5.050000 7.500000
v -8.800000 -4.704687 7.500000
v -8.786458 -4.704687 7.500000
v -8.772917 -4.704687 7.500000
v -8.759375 -4.704687 7.500000
v -8.745833 -4.704687 7.500000
v -8.732292 -4.704687 7.500000
v -8.718750 -4.704687 7.500000
v -8.705208 -4.704687 7.500000
v -8.691667 -4.704687 7.500000
v -8.678125 -4.704687 7.500000
v -8.664583 -4.704687 7.500000
v -8.651042 -4.704687 7.500000
v -8.637500 -4.704687 7.500000
v -8.623958 -4.704687 7.500000
v -8.610417 -4.704687 7.500000
v -8.596875 -4.704687 7.500000
v -8.583333 -4.704687 7.500000
v -8.569792 -4.704687 7.500000
v -8.556250 -4.704687 7.500000
v -8.542708 -4.704687 7.500000
v -8.529167 -4.704687 7.500000
v -8.515625 -4.704687 7.500000
v -8.502083 -4.704687 7.500000
v -8.488542 -4.704687 7.500000
v -8.475000 -4.704687 7.500000
v -8.461458 -4.704687 7.500000
v -8.447917 -4.704687 7.500000
v -8.434375 -4.704687 7.500000
v -8.420833 -4.704687 7.500000
v -8.407292 -4.704687 7.500000
v -8.393750 -4.704687 7.500000
v -8.380208 -4.704687 7.500000
v -8.366667 -4.704687 7.500000
v -8.353125 -4.704687 7.500000
v -8.339583 -4.704687 7.500000
v -8.326042 -4.704687 7.500000
v -8.312500 -4.704687 7.500000
v -8.298958 -4.704687 7.500000
v -8.285417 -4.704687 7.500000
v -8.271875 -4.704687 7.500000
v -8.258333 -4.704687 7.500000
v -8.244792 -4.704687 7.500000
v -8.231250 -4.704687 7.500000
v -8.217708 -4.704687 7.500000
v -8.204167 -4.704687 7.500000
v -8.190625 -4.704687 7.500000
v -8.177083 -4.704687 7.500000
v -8.163542 -4.704687 7.500000
v -8.150000 -4.704687 7.500000
v -8.136458 -4.704687 7.500000
v -8.122917 -4.704687 7.500000
v -8.109375 -4.704687 7.500000
v -8.095833 -4.704687 7.500000
v -8.082292 -4.704687 7.500000
v -8.068750 -4.704687 7.500000
v -8.055208 -4.704687 7.500000
v -8.041667 -4.704687 7.500000
v -8.028125 -4.704687 7.500000
v -8.014583 -4.704687 7.500000
v -8.001042 -4.704687 7.500000
v -7.987500 -4.704687 7.500000
v -7.973958 -4.704687 7.500000
v -7.960417 -4.704687 7.500000
v -7.946875 -4.704687 7.500000
v -7.933333 -4.704687 7.500000
v -7.919792 -4.704687 7.500000
v -7.906250 -4.704687 7.500000
v -7.892708 -4.704687 7.500000
v -7.879167 -4.704687 7.500000
v -7.865625 -4.704687 7.500000
v -7.852083 -4.704687 7.500000
v -7.838542 -4.704687 7.500000
v -7.825000 -4.704687 7.500000
v -7.811458 -4.704687 7.500000
v -7.797917 -4.704687 7.500000
v -7.784375 -4.704687 7.500000
v -7.770833 -4.704687 7.500000
v -7.757292 -4.704687 7.500000
v -7.743750 -4.704687 7.500000
v -7.730208 -4.704687 7.500000
v -7.716667 -4.704687 7.500000
v -7.703125 -4.704687 7.500000
v -7.689583 -4.704687 7.500000
v -7.676042 -4.704687 7.500000
v -7.662500 -4.704687 7.500000
v -7.648958 -4.704687 7.500000
v -7.635417 -4.704687 7.500000
v -7.621875 -4.704687 7.500000
v -7.608333 -4.704687 7.500000
v -7.594792 -4.704687 7.500000
v -7.581250 -4.704687 7.500000
v -7.567708 -4.704687 7.500000
v -7.554167 -4.704687 7.500000
v -7.540625 -4.704687 7.500000
v -7.527083 -4.704687 7.500000
v -7.513542 -4.704687 7.500000
v -7.500000 -4.704687 7.500000
v -8.800000 -4.359375 7.500000
v -8.786458 -4.359375 7.500000
v -8.772917 -4.359375 7.500000
v -8.759375 -4.359375 7.500000
v -8.745833 -4.359375 7.500000
v -8.732292 -4.359375 7.500000
v -8.718750 -4.359375 7.500000
v -8.705208 -4.359375 7.500000
v -8.691667 -4.359375 7.500000
v -8.678125 -4.359375 7.500000
v -8.664583 -4.359375 7.500000
v -8.651042 -4.359375 7.500000
v -8.637500 -4.359375 7.500000
v -8.623958 -4.359375 7.500000
v -8.610417 -4.359375 7.500000
v -8.596875 -4.359375 7.500000
v -8.583333 -4.359375 7.500000
v -8.569792 -4.359375 7.500000
v -8.556250 -4.359375 7.500000
v -8.542708 -4.359375 7.500000
v -8.529167 -4.359375 7.500000
v -8.515625 -4.359375 7.500000
v -8.502083 -4.359375 7.500000
v -8.488542 -4.359375 7.500000
v -8.475000 -4.359375 7.500000
v -8.461458 -4.359375 7.500000
v -8.447917 -4.359375 7.500000
v -8.434375 -4.359375 7.500000
v -8.420833 -4.359375 7.500000
v -8.407292 -4.359375 7.500000
v -8.393750 -4.359375 7.500000
v -8.380208 -4.359375 7.500000
v -8.366667 -4.359375 7.500000
v -8.353125 -4.359375 7.500000
v -8.339583 -4.359375 7.500000
v -8.326042 -4.359375 7.500000
v -8.312500 -4.359375 7.500000
v -8.298958 -4.359375 7.500000
v -8.285417 -4.359375 7.500000
v -8.271875 -4.359375 7.500000
v -8.258333 -4.359375 7.500000
v -8.244792 -4.359375 7.500000
v -8.231250 -4.359375 7.500000
v -8.217708 -4.359375 7.500000
v -8.204167 -4.359375 7.500000
v -8.190625 -4.359375 7.500000
v -8.177083 -4.359375 7.500000
v -8.163542 -4.359375 7.500000
v -8.150000 -4.359375 7.500000
v -8.136458 -4.359375 7.500000
v -8.122917 -4.359375 7.500000
v -8.109375 -4.359375 7.500000
v -8.095833 -4.359375 7.500000
v -8.082292 -4.359375 7.500000
v -8.068750 -4.359375 7.500000
v -8.055208 -4.359375 7.500000
v -8.041667 -4.359375 7.500000
v -8.028125 -4.359375 7.500000
v -8.014583 -4.359375 7.500000
v -8.001042 -4.359375 7.500000
v -7.987500 -4.359375 7.500000
v -7.973958 -4.359375 7.500000
v -7.960417 -4.359375 7.500000
v -7.946875 -4.359375 7.500000
v -7.933333 -4.359375 7.500000
v -7.919792 -4.359375 7.500000
v -7.906250 -4.359375 7.500000
v -7.892708 -4.359375 7.500000
v -7.879167 -4.359375 7.500000
v -7.865625 -4.359375 7.500000
v -7.852083 -4.359375 7.500000
v -7.838542 -4.359375 7.500000
v -7.825000 -4.359375 7.500000
v -7.811458 -4.359375 7.500000
v -7.797917 -4.359375 7.500000
v -7.784375 -4.359375 7.500000
v -7.770833 -4.359375 7.500000
v -7.757292 -4.359375 7.500000
v -7.743750 -4.359375 7.500000
v -7.730208 -4.359375 7.500000
v -7.716667 -4.359375 7.500000
v -7.703125 -4.359375 7.500000
v -7.689583 -4.359375 7.500000
v -7.676042 -4.359375 7.500000
v -7.662500 -4.359375 7.500000
v -7.648958 -4.359375 7.500000
v -7.635417 -4.359375 7.500000
v -7.621875 -4.359375 7.500000
v -7.608333 -4.359375 7.500000
v -7.594792 -4.359375 7.500000
v -7.581250 -4.359375 7.500000
v -7.567708 -4.359375 7.500000
v -7.554167 -4.359375 7.500000
v -7.540625 -4.359375 7.500000
v -7.527083 -4.359375 7.500000
v -7.513542 -4.359375 7.500000
v -7.500000 -4.359375 7.500000
v -8.800000 -4.014062 7.500000
v -8.786458 -4.014062 7.500000
v -8.772917 -4.014062 7.500000
v -8.759375 -4.014062 7.500000
v -8.745833 -4.014062 7.500000
v -8.732292 -4.014062 7.500000
v -8.718750 -4.014062 7.500000
v -8.705208 -4.014062 7.500000
v -8.691667 -4.014062 7.500000
v -8.678125 -4.014062 7.500000
v -8.664583 -4.014062 7.500000
v -8.651042 -4.014062 7.500000
v -8.637500 -4.014062 7.500000
v -8.623958 -4.014062 7.500000
v -8.610417 -4.014062 7.500000
v -8.596875 -4.014062 7.500000
v -8.583333 -4.014062 7.500000
v -8.569792 -4.014062 7.500000
v -8.556250 -4.014062 7.500000
v -8.542708 -4.014062 7.500000
v -8.529167 -4.014062 7.500000
v -8.515625 -4.014062 7.500000
v -8.502083 -4.014062 7.500000
v -8.488542 -4.014062 7.500000
v -8.475000 -4.014062 7.500000
v -8.461458 -4.014062 7.500000
v -8.447917 -4.014062 7.500000
v -8.434375 -4.014062 7.500000
v -8.420833 -4.014062 7.500000
v -8.407292 -4.014062 7.500000
v -8.393750 -4.014062 7.500000
v -8.380208 -4.014062 7.500000
v -8.366667 -4.014062 7.500000
v -8.353125 -4.014062 7.500000
v -8.339583 -4.014062 7.500000
v -8.326042 -4.014062 7.500000
v -8.312500 -4.014062 7.500000
v -8.298958 -4.014062 7.500000
v -8.285417 -4.014062 7.500000
v -8.271875 -4.014062 7.500000
v -8.258333 -4.014062 7.500000
v -8.244792 -4.014062 7.500000
v -8.231250 -4.014062 7.500000
v -8.217708 -4.014062 7.500000
v -8.204167 -4.014062 7.500000
v -8.190625 -4.014062 7.500000
v -8.177083 -4.014062 7.500000
v -8.163542 -4.014062 7.500000
v -8.150000 -4.014062 7.500000
v -8.136458 -4.014062 7.500000
v -8.122917 -4.014062 7.500000
v -8.109375 -4.014062 7.500000
v -8.095833 -4.014062 7.500000
v -8.082292 -4.014062 7.500000
v -8.068750 -4.014062 7.500000
v -8.055208 -4.014062 7.500000
v -8.041667 -4.014062 7.500000
v -8.028125 -4.014062 7.500000
v -8.014583 -4.014062 7.500000
v -8.001042 -4.014062 7.500000
v -7.987500 -4.014062 7.500000
v -7.973958 -4.014062 7.500000
v -7.960417 -4.014062 7.500000
v -7.946875 -4.014062 7.500000
v -7.933333 -4.014062 7.500000
v -7.919792 -4.014062 7.500000
v -7.906250 -4.014062 7.500000
v -7.892708 -4.014062 7.500000
v -7.879167 -4.014062 7.500000
v -7.865625 -4.014062 7.500000
v -7.852083 -4.014062 7.500000
v -7.838542 -4.014062 7.500000
v -7.825000 -4.014062 7.500000
v -7.811458 -4.014062 7.500000
v -7.797917 -4.014062 7.500000
v -7.784375 -4.014062 7.500000
v -7.770833 -4.014062 7.500000
v -7.757292 -4.014062 7.500000
v -7.743750 -4.014062 7.500000
v -7.730208 -4.014062 7.500000
v -7.716667 -4.014062 7.500000
v -7.703125 -4.014062 7.500000
v -7.689583 -4.014062 7.500000
v -7.676042 -4.014062 7.500000
v -7.662500 -4.014062 7.500000
v -7.648958 -4.014062 7.500000
v -7.635417 -4.014062 7.500000
v -7.621875 -4.014062 7.500000
v -7.608333 -4.014062 7.500000
v -7.594792 -4.014062 7.500000
v -7.581250 -4.014062 7.500000
v -7.567708 -4.014062 7.500000
v -7.554167 -4.014062 7.500000
v -7.540625 -4.014062 7.500000
v -7.527083 -4.014062 7.500000
v -7.513542 -4.014062 7.500000
v -7.500000 -4.014062 7.500000
v -8.800000 -3.668750 7.500000
v -8.786458 -3.668750 7.500000
v -8.772917 -3.668750 7.500000
v -8.759375 -3.668750 7.500000
v -8.745833 -3.668750 7.500000
v -8.732292 -3.668750 7.500000
v -8.718750 -3.668750 7.500000
v -8.705208 -3.668750 7.500000
v -8.691667 -3.668750 7.500000
v -8.678125 -3.668750 7.500000
v -8.664583 -3.668750 7.500000
v -8.651042 -3.668750 7.500000
v -8.637500 -3.668750 7.500000
v -8.623958 -3.668750 7.500000
v -8.610417 -3.668750 7.500000
v -8.596875 -3.668750 7.500000
v -8.583333 -3.668750 7.500000
v -8.569792 -3.668750 7.500000
v -8.556250 -3.668750 7.500000
v -8.542708 -3.668750 7.500000
v -8.529167 -3.668750 7.500000
v -8.515625 -3.668750 7.500000
v -8.502083 -3.668750 7.500000
v -8.488542 -3.668750 7.500000
v -8.475000 -3.668750 7.500000
v -8.461458 -3.668750 7.500000
v -8.447917 -3.668750 7.500000
v -8.434375 -3.668750 7.500000
v -8.420833 -3.668750 7.500000
v -8.407292 -3.668750 7.500000
v -8.393750 -3.668750 7.500000
v -8.380208 -3.668750 7.500000
v -8.366667 -3.668750 7.500000
v -8.353125 -3.668750 7.500000
v -8.339583 -3.668750 7.500000
v -8.326042 -3.668750 7.500000
v -8.312500 -3.668750 7.500000
v -8.298958 -3.668750 7.500000
v -8.285417 -3.668750 7.500000
v -8.271875 -3.668750 7.500000
v -8.258333 -3.668750 7.500000
v -8.244792 -3.668750 7.500000
v -8.231250 -3.668750 7.500000
v -8.217708 -3.668750 7.500000
v -8.204167 -3.668750 7.500000
v -8.190625 -3.668750 7.500000
v -8.177083 -3.668750 7.500000
v -8.163542 -3.668750 7.500000
v -8.150000 -3.668750 7.500000
v -8.136458 -3.668750 7.500000
v -8.122917 -3.668750 7.500000
v -8.109375 -3.668750 7.500000
v -8.095833 -3.668750 7.500000
v -8.082292 -3.668750 7.500000
v -8.068750 -3.668750 7.500000
v -8.055208 -3.668750 7.500000
v -8.041667 -3.668750 7.500000
v -8.028125 -3.668750 7.500000
v -8.014583 -3.668750 7.500000
v -8.001042 -3.668750 7.500000
v -7.987500 -3.668750 7.500000
v -7.973958 -3.668750 7.500000
v -7.960417 -3.668750 7.500000
v -7.946875 -3.668750 7.500000
v -7.933333 -3.668750 7.500000
v -7.919792 -3.668750 7.500000
v -7.906250 -3.668750 7.500000
v -7.892708 -3.668750 7.500000
v -7.879167 -3.668750 7.500000
v -7.865625 -3.668750 7.500000
v -7.852083 -3.668750 7.500000
v -7.838542 -3.668750 7.500000
v -7.825000 -3.668750 7.500000
v -7.811458 -3.668750 7.500000
v -7.797917 -3.668750 7.500000
v -7.784375 -3.668750 7.500000
v -7.770833 -3.668750 7.500000
v -7.757292 -3.668750 7.500000
v -7.743750 -3.668750 7.500000
v -7.730208 -3.668750 7.500000
v -7.716667 -3.668750 7.500000
v -7.703125 -3.668750 7.500000
v -7.689583 -3.668750 7.500000
v -7.676042 -3.668750 7.500000
v -7.662500 -3.668750 7.500000
v -7.648958 -3.668750 7.500000
v -7.635417 -3.668750 7.500000
v -7.621875 -3.668750 7.500000
v -7.608333 -3.668750 7.500000
v -7.594792 -3.668750 7.500000
v -7.581250 -3.668750 7.500000
v -7.567708 -3.668750 7.500000
v -7.554167 -3.668750 7.500000
v -7.540625 -3.668750 7.500000
v -7.527083 -3.668750 7.500000
v -7.513542 -3.668750 7.500000
v -7.500000 -3.668750 7.500000
v -8.800000 -3.323437 7.500000
v -8.786458 -3.323437 7.500000
v -8.772917 -3.323437 7.500000
v -8.759375 -3.323437 7.500000
v -8.745833 -3.323437 7.500000
v -8.732292 -3.323437 7.500000
v -8.718750 -3.323437 7.500000
v -8.705208 -3.323437 7.500000
v -8.691667 -3.323437 7.500000
v -8.678125 -3.323437 7.500000
v -8.664583 -3.323437 7.500000
v -8.651042 -3.323437 7.500000
v -8.637500 -3.323437 7.500000
v -8.623958 -3.323437 7.500000
v -8.610417 -3.323437 7.500000
v -8.596875 -3.323437 7.500000
v -8.583333 -3.323437 7.500000
v -8.569792 -3.323437 7.500000
v -8.556250 -3.323437 7.500000
v -8.542708 -3.323437 7.500000
v -8.529167 -3.323437 7.500000
v -8.515625 -3.323437 7.500000
v -8.502083 -3.323437 7.500000
v -8.488542 -3.323437 7.500000
v -8.475000 -3.323437 7.500000
v -8.461458 -3.323437 7.500000
v -8.447917 -3.323437 7.500000
v -8.434375 -3.323437 7.500000
v -8.420833 -3.323437 7.500000
v -8.407292 -3.323437 7.500000
v -8.393750 -3.323437 7.500000
v -8.380208 -3.323437 7.500000
v -8.366667 -3.323437 7.500000
v -8.353125 -3.323437 7.500000
v -8.339583 -3.323437 7.500000
v -8.326042 -3.323437 7.500000
v -8.312500 -3.323437 7.500000
v -8.298958 -3.323437 7.500000
v -8.285417 -3.323437 7.500000
v -8.271875 -3.323437 7.500000
v -8.258333 -3.323437 7.500000
v -8.244792 -3.323437 7.500000
v -8.231250 -3.323437 7.500000
v -8.217708 -3.323437 7.500000
v -8.204167 -3.323437 7.500000
v -8.190625 -3.323437 7.500000
v -8.177083 -3.323437 7.500000
v -8.163542 -3.323437 7.500000
v -8.150000 -3.323437 7.500000
v -8.136458 -3.323437 7.500000
v -8.122917 -3.323437 7.500000
v -8.109375 -3.323437 7.500000
v -8.095833 -3.323437 7.500000
v -8.082292 -3.323437 7.500000
v -8.068750 -3.323437 7.500000
v -8.055208 -3.323437 7.500000
v -8.041667 -3.323437 7.500000
v -8.028125 -3.323437 7.500000
v -8.014583 -3.323437 7.500000
v -8.001042 -3.323437 7.500000
v -7.987500 -3.323437 7.500000
v -7.973958 -3.323437 7.500000
v -7.960417 -3.323437 7.500000
v -7.946875 -3.323437 7.500000
v -7.933333 -3.323437 7.500000
v -7.919792 -3.323437 7.500000
v -7.906250 -3.323437 7.500000
v -7.892708 -3.323437 7.500000
v -7.879167 -3.323437 7.500000
v -7.865625 -3.323437 7.500000
v -7.852083 -3.323437 7.500000
v -7.838542 -3.323437 7.500000
v -7.825000 -3.323437 7.500000
v -7.811458 -3.323437 7.500000
v -7.797917 -3.323437 7.500000
v -7.784375 -3.323437 7.500000
v -7.770833 -3.323437 7.500000
v -7.757292 -3.323437 7.500000
v -7.743750 -3.323437 7.500000
v -7.730208 -3.323437 7.500000
v -7.716667 -3.323437 7.500000
v -7.703125 -3.323437 7.500000
v -7.689583 -3.323437 7.500000
v -7.676042 -3.323437 7.500000
v -7.662500 -3.323437 7.500000
v -7.648958 -3.323437 7.500000
v -7.635417 -3.323437 7.500000
v -7.621875 -3.323437 7.500000
v -7.608333 -3.323437 7.500000
v -7.594792 -3.323437 7.500000
v -7.581250 -3.323437 7.500000
v -7.567708 -3.323437 7.500000
v -7.554167 -3.323437 7.500000
v -7.540625 -3.323437 7.500000
v -7.527083 -3.323437 7.500000
v -7.513542 -3.323437 7.500000
v -7.500000 -3.323437 7.500000
v -8.800000 -2.978125 7.500000
v -8.786458 -2.978125 7.500000
v -8.772917 -2.978125 7.500000
v -8.759375 -2.978125 7.500000
v -8.745833 -2.978125 7.500000
v -8.732292 -2.978125 7.500000
v -8.718750 -2.978125 7.500000
v -8.705208 -2.978125 7.500000
v -8.691667 -2.978125 7.500000
v -8.678125 -2.978125 7.500000
v -8.664583 -2.978125 7.500000
v -8.651042 -2.978125 7.500000
v -8.637500 -2.978125 7.500000
v -8.623958 -2.978125 7.500000
v -8.610417 -2.978125 7.500000
v -8.596875 -2.978125 7.500000
v -8.583333 -2.978125 7.500000
v -8.569792 -2.978125 7.500000
v -8.556250 -2.978125 7.500000
v -8.542708 -2.978125 7.500000
v -8.529167 -2.978125 7.500000
v -8.515625 -2.978125 7.500000
v -8.502083 -2.978125 7.500000
v -8.488542 -2.978125 7.500000
v -8.475000 -2.978125 7.500000
v -8.461458 -2.978125 7.500000
v -8.447917 -2.978125 7.500000
v -8.434375 -2.978125 7.500000
v -8.420833 -2.978125 7.500000
v -8.407292 -2.978125 7.500000
v -8.393750 -2.978125 7.500000
v -8.380208 -2.978125 7.500000
v -8.366667 -2.978125 7.500000
v -8.353125 -2.978125 7.500000
v -8.339583 -2.978125 7.500000
v -8.326042 -2.978125 7.500000
v -8.312500 -2.978125 7.500000
v -8.298958 -2.978125 7.500000
v -8.285417 -2.978125 7.500000
v -8.271875 -2.978125 7.500000
v -8.258333 -2.978125 7.500000
v -8.244792 -2.978125 7.500000
v -8.231250 -2.978125 7.500000
v -8.217708 -2.978125 7.500000
v -8.204167 -2.978125 7.500000
v -8.190625 -2.978125 7.500000
v -8.177083 -2.978125 7.500000
v -8.163542 -2.978125 7.500000
v -8.150000 -2.978125 7.500000
v -8.136458 -2.978125 7.500000
v -8.122917 -2.978125 7.500000
v -8.109375 -2.978125 7.500000
v -8.095833 -2.978125 7.500000
v -8.082292 -2.978125 7.500000
v -8.068750 -2.978125 7.500000
v -8.055208 -2.978125 7.500000
v -8.041667 -2.978125 7.500000
v -8.028125 -2.978125 7.500000
v -8.014583 -2.978125 7.500000
v -8.001042 -2.978125 7.500000
v -7.987500 -2.978125 7.500000
v -7.973958 -2.978125 7.500000
v -7.960417 -2.978125 7.500000
v -7.946875 -2.978125 7.500000
v -7.933333 -2.978125 7.500000
v -7.919792 -2.978125 7.500000
v -7.906250 -2.978125 7.500000
v -7.892708 -2.978125 7.500000
v -7.879167 -2.978125 7.500000
v -7.865625 -2.978125 7.500000
v -7.852083 -2.978125 7.500000
v -7.838542 -2.978125 7.500000
v -7.825000 -2.978125 7.500000
v -7.811458 -2.978125 7.500000
v -7.797917 -2.978125 7.500000
v -7.784375 -2.978125 7.500000
v -7.770833 -2.978125 7.500000
v -7.757292 -2.978125 7.500000
v -7.743750 -2.978125 7.500000
v -7.730208 -2.978125 7.500000
v -7.716667 -2.978125 7.500000
v -7.703125 -2.978125 7.500000
v -7.689583 -2.978125 7.500000
v -7.676042 -2.978125 7.500000
v -7.662500 -2.978125 7.500000
v -7.648958 -2.978125 7.500000
v -7.635417 -2.978125 7.500000
v -7.621875 -2.978125 7.500000
v -7.608333 -2.978125 7.500000
v -7.594792 -2.978125 7.500000
v -7.581250 -2.978125 7.500000
v -7.567708 -2.978125 7.500000
v -7.554167 -2.978125 7.500000
v -7.540625 -2.978125 7.500000
v -7.527083 -2.978125 7.500000
v -7.513542 -2.978125 7.500000
v -7.500000 -2.978125 7.500000
v -8.800000 -2.632812 7.500000
v -8.786458 -2.632812 7.500000
v -8.772917 -2.632812 7.500000
v -8.759375 -2.632812 7.500000
v -8.745833 -2.632812 7.500000
v -8.732292 -2.632812 7.500000
v -8.718750 -2.632812 7.500000
v -8.705208 -2.632812 7.500000
v -8.691667 -2.632812 7.500000
v -8.678125 -2.632812 7.500000
v -8.664583 -2.632812 7.500000
v -8.651042 -2.632812 7.500000
v -8.637500 -2.632812 7.500000
v -8.623958 -2.632812 7.500000
v -8.610417 -2.632812 7.500000
v -8.596875 -2.632812 7.500000
v -8.583333 -2.632812 7.500000
v -8.569792 -2.632812 7.500000
v -8.556250 -2.632812 7.500000
v -8.542708 -2.632812 7.500000
v -8.529167 -2.632812 7.500000
v -8.515625 -2.632812 7.500000
v -8.502083 -2.632812 7.500000
v -8.488542 -2.632812 7.500000
v -8.475000 -2.632812 7.500000
v -8.461458 -2.632812 7.500000
v -8.447917 -2.632812 7.500000
v -8.434375 -2.632812 7.500000
v -8.420833 -2.632812 7.500000
v -8.407292 -2.632812 7.500000
v -8.393750 -2.632812 7.500000
v -8.380208 -2.632812 7.500000
v -8.366667 -2.632812 7.500000
v -8.353125 -2.632812 7.500000
v -8.339583 -2.632812 7.500000
v -8.326042 -2.632812 7.500000
v -8.312500 -2.632812 7.500000
v -8.298958 -2.632812 7.500000
v -8.285417 -2.632812 7.500000
v -8.271875 -2.632812 7.500000
v -8.258333 -2.632812 7.500000
v -8.244792 -2.632812 7.500000
v -8.231250 -2.632812 7.500000
v -8.217708 -2.632812 7.500000
v -8.204167 -2.632812 7.500000
v -8.190625 -2.632812 7.500000
v -8.177083 -2.632812 7.500000
v -8.163542 -2.632812 7.500000
v -8.150000 -2.632812 7.500000
v -8.136458 -2.632812 7.500000
v -8.122917 -2.632812 7.500000
v -8.109375 -2.632812 7.500000
v -8.095833 -2.632812 7.500000
v -8.082292 -2.632812 7.500000
v -8.068750 -2.632812 7.500000
v -8.055208 -2.632812 7.500000
v -8.041667 -2.632812 7.500000
v -8.028125 -2.632812 7.500000
v -8.014583 -2.632812 7.500000
v -8.001042 -2.632812 7.500000
v -7.987500 -2.632812 7.500000
v -7.973958 -2.632812 7.500000
v -7.960417 -2.632812 7.500000
v -7.946875 -2.632812 7.500000
v -7.933333 -2.632812 7.500000
v -7.919792 -2.632812 7.500000
v -7.906250 -2.632812 7.500000
v -7.892708 -2.632812 7.500000
v -7.879167 -2.632812 7.500000
v -7.865625 -2.632812 7.500000
v -7.852083 -2.632812 7.500000
v -7.838542 -2.632812 7.500000
v -7.825000 -2.632812 7.500000
v -7.811458 -2.632812 7.500000
v -7.797917 -2.632812 7.500000
v -7.784375 -2.632812 7.500000
v -7.770833 -2.632812 7.500000
v -7.757292 -2.632812 7.500000
v -7.743750 -2.632812 7.500000
v -7.730208 -2.632812 7.500000
v -7.716667 -2.632812 7.500000
v -7.703125 -2.632812 7.500000
v -7.689583 -2.632812 7.500000
v -7.676042 -2.632812 7.500000
v -7.662500 -2.632812 7.500000
v -7.648958 -2.632812 7.500000
v -7.635417 -2.632812 7.500000
v -7.621875 -2.632812 7.500000
v -7.608333 -2.632812 7.500000
v -7.594792 -2.632812 7.500000
v -7.581250 -2.632812 7.500000
v -7.567708 -2.632812 7.500000
v -7.554167 -2.632812 7.500000
v -7.540625 -2.632812 7.500000
v -7.527083 -2.632812 7.500000
v -7.513542 -2.632812 7.500000
v -7.500000 -2.632812 7.500000
v -8.800000 -2.287500 7.500000
v -8.786458 -2.287500 7.500000
v -8.772917 -2.287500 7.500000
v -8.759375 -2.287500 7.500000
v -8.745833 -2.287500 7.500000
v -8.732292 -2.287500 7.500000
v -8.718750 -2.287500 7.500000
v -8.705208 -2.287500 7.500000
v -8.691667 -2.287500 7.500000
v -8.678125 -2.287500 7.500000
v -8.664583 -2.287500 7.500000
v -8.651042 -2.287500 7.500000
v -8.637500 -2.287500 7.500000
v -8.623958 -2.287500 7.500000
v -8.610417 -2.287500 7.500000
v -8.596875 -2.287500 7.500000
v -8.583333 -2.287500 7.500000
v -8.569792 -2.287500 7.500000
v -8.556250 -2.287500 7.500000
v -8.542708 -2.287500 7.500000
v -8.529167 -2.287500 7.500000
v -8.515625 -2.287500 7.500000
v -8.502083 -2.287500 7.500000
v -8.488542 -2.287500 7.500000
v -8.475000 -2.287500 7.500000
v -8.461458 -2.287500 7.500000
v -8.447917 -2.287500 7.500000
v -8.434375 -2.287500 7.500000
v -8.420833 -2.287500 7.500000
v -8.407292 -2.287500 7.500000
v -8.393750 -2.287500 7.500000
v -8.380208 -2.287500 7.500000
v -8.366667 -2.287500 7.500000
v -8.353125 -2.287500 7.500000
v -8.339583 -2.287500 7.500000
v -8.326042 -2.287500 7.500000
v -8.312500 -2.287500 7.500000
v -8.298958 -2.287500 7.500000
v -8.285417 -2.287500 7.500000
v -8.271875 -2.287500 7.500000
v -8.258333 -2.287500 7.500000
v -8.244792 -2.287500 7.500000
v -8.231250 -2.287500 7.500000
v -8.217708 -2.287500 7.500000
v -8.204167 -2.287500 7.500000
v -8.190625 -2.287500 7.500000
v -8.177083 -2.287500 7.500000
v -8.163542 -2.287500 7.500000
v -8.150000 -2.287500 7.500000
v -8.136458 -2.287500 7.500000
v -8.122917 -2.287500 7.500000
v -8.109375 -2.287500 7.500000
v -8.095833 -2.287500 7.500000
v -8.082292 -2.287500 7.500000
v -8.068750 -2.287500 7.500000
v -8.055208 -2.287500 7.500000
v -8.041667 -2.287500 7.500000
v -8.028125 -2.287500 7.500000
v -8.014583 -2.287500 7.500000
v -8.001042 -2.287500 7.500000
v -7.987500 -2.287500 7.500000
v -7.973958 -2.287500 7.500000
v -7.960417 -2.287500 7.500000
v -7.946875 -2.287500 7.500000
v -7.933333 -2.287500 7.500000
v -7.919792 -2.287500 7.500000
v -7.906250 -2.287500 7.500000
v -7.892708 -2.287500 7.500000
v -7.879167 -2.287500 7.500000
v -7.865625 -2.287500 7.500000
v -7.852083 -2.287500 7.500000
v -7.838542 -2.287500 7.500000
v -7.825000 -2.287500 7.500000
v -7.811458 -2.287500 7.500000
v -7.797917 -2.287500 7.500000
v -7.784375 -2.287500 7.500000
v -7.770833 -2.287500 7.500000
v -7.757292 -2.287500 7.500000
v -7.743750 -2.287500 7.500000
v -7.730208 -2.287500 7.500000
v -7.716667 -2.287500 7.500000
v -7.703125 -2.287500 7.500000
v -7.689583 -2.287500 7.500000
v -7.676042 -2.287500 7.500000
v -7.662500 -2.287500 7.500000
v -7.648958 -2.287500 7.500000
v -7.635417 -2.287500 7.500000
v -7.621875 -2.287500 7.500000
v -7.608333 -2.287500 7.500000
v -7.594792 -2.287500 7.500000
v -7.581250 -2.287500 7.500000
v -7.567708 -2.287500 7.500000
v -7.554167 -2.287500 7.500000
v -7.540625 -2.287500 7.500000
v -7.527083 -2.287500 7.500000
v -7.513542 -2.287500 7.500000
v -7.500000 -2.287500 7.500000
v -8.800000 -1.942187 7.500000
v -8.786458 -1.942187 7.500000
v -8.772917 -1.942187 7.500000
v -8.759375 -1.942187 7.500000
v -8.745833 -1.942187 7.500000
v -8.732292 -1.942187 7.500000
v -8.718750 -1.942187 7.500000
v -8.705208 -1.942187 7.500000
v -8.691667 -1.942187 7.500000
v -8.678125 -1.942187 7.500000
v -8.664583 -1.942187 7.500000
v -8.651042 -1.942187 7.500000
v -8.637500 -1.942187 7.500000
v -8.623958 -1.942187 7.500000
v -8.610417 -1.942187 7.500000
v -8.596875 -1.942187 7.500000
v -8.583333 -1.942187 7.500000
v -8.569792 -1.942187 7.500000
v -8.556250 -1.942187 7.500000
v -8.542708 -1.942187 7.500000
v -8.529167 -1.942187 7.500000
v -8.515625 -1.942187 7.500000
v -8.502083 -1.942187 7.500000
v -8.488542 -1.942187 7.500000
v -8.475000 -1.942187 7.500000
v -8.461458 -1.942187 7.500000
v -8.447917 -1.942187 7.500000
v -8.434375 -1.942187 7.500000
v -8.420833 -1.942187 7.500000
v -8.407292 -1.942187 7.500000
v -8.393750 -1.942187 7.500000
v -8.380208 -1.942187 7.500000
v -8.366667 -1.942187 7.500000
v -8.353125 -1.942187 7.500000
v -8.339583 -1.942187 7.500000
v -8.326042 -1.942187 7.500000
v -8.312500 -1.942187 7.500000
v -8.298958 -1.942187 7.500000
v -8.285417 -1.942187 7.500000
v -8.271875 -1.942187 7.500000
v -8.258333 -1.942187 7.500000
v -8.244792 -1.942187 7.500000
v -8.231250 -1.942187 7.500000
v -8.217708 -1.942187 7.500000
v -8.204167 -1.942187 7.500000
v -8.190625 -1.942187 7.500000
v -8.177083 -1.942187 7.500000
v -8.163542 -1.942187 7.500000
v -8.150000 -1.942187 7.500000
v -8.136458 -1.942187 7.500000
v -8.122917 -1.942187 7.500000
v -8.109375 -1.942187 7.500000
v -8.095833 -1.942187 7.500000
v -8.082292 -1.942187 7.500000
v -8.068750 -1.942187 7.500000
v -8.055208 -1.942187 7.500000
v -8.041667 -1.942187 7.500000
v -8.028125 -1.942187 7.500000
v -8.014583 -1.942187 7.500000
v -8.001042 -1.942187 7.500000
v -7.987500 -1.942187 7.500000
v -7.973958 -1.942187 7.500000
v -7.960417 -1.942187 7.500000
v -7.946875 -1.942187 7.500000
v -7.933333 -1.942187 7.500000
v -7.919792 -1.942187 7.500000
v -7.906250 -1.942187 7.500000
v -7.892708 -1.942187 7.500000
v -7.879167 -1.942187 7.500000
v -7.865625 -1.942187 7.500000
v -7.852083 -1.942187 7.500000
v -7.838542 -1.942187 7.500000
v -7.825000 -1.942187 7.500000
v -7.811458 -1.942187 7.500000
v -7.797917 -1.942187 7.500000
v -7.784375 -1.942187 7.500000
v -7.770833 -1.942187 7.500000
v -7.757292 -1.942187 7.500000
v -7.743750 -1.942187 7.500000
v -7.730208 -1.942187 7.500000
v -7.716667 -1.942187 7.500000
v -7.703125 -1.942187 7.500000
v -7.689583 -1.942187 7.500000
v -7.676042 -1.942187 7.500000
v -7.662500 -1.942187 7.500000
v -7.648958 -1.942187 7.500000
v -7.635417 -1.942187 7.500000
v -7.621875 -1.942187 7.500000
v -7.608333 -1.942187 7.500000
v -7.594792 -1.942187 7.500000
v -7.581250 -1.942187 7.500000
v -7.567708 -1.942187 7.500000
v -7.554167 -1.942187 7.500000
v -7.540625 -1.942187 7.500000
v -7.527083 -1.942187 7.500000
v -7.513542 -1.942187 7.500000
v -7.500000 -1.942187 7.500000
v -8.800000 -1.596875 7.500000
v -8.786458 -1.596875 7.500000
v -8.772917 -1.596875 7.500000
v -8.759375 -1.596875 7.500000
v -8.745833 -1.596875 7.500000
v -8.732292 -1.596875 7.500000
v -8.718750 -1.596875 7.500000
v -8.705208 -1.596875 7.500000
v -8.691667 -1.596875 7.500000
v -8.678125 -1.596875 7.500000
v -8.664583 -1.596875 7.500000
v -8.651042 -1.596875 7.500000
v -8.637500 -1.596875 7.500000
v -8.623958 -1.596875 7.500000
v -8.610417 -1.596875 7.500000
v -8.596875 -1.596875 7.500000
v -8.583333 -1.596875 7.500000
v -8.569792 -1.596875 7.500000
v -8.556250 -1.596875 7.500000
v -8.542708 -1.596875 7.500000
v -8.529167 -1.596875 7.500000
v -8.515625 -1.596875 7.500000
v -8.502083 -1.596875 7.500000
v -8.488542 -1.596875 7.500000
v -8.475000 -1.596875 7.500000
v -8.461458 -1.596875 7.500000
v -8.447917 -1.596875 7.500000
v -8.434375 -1.596875 7.500000
v -8.420833 -1.596875 7.500000
v -8.407292 -1.596875 7.500000
v -8.393750 -1.596875 7.500000
v -8.380208 -1.596875 7.500000
v -8.366667 -1.596875 7.500000
v -8.353125 -1.596875 7.500000
v -8.339583 -1.596875 7.500000
v -8.326042 -1.596875 7.500000
v -8.312500 -1.596875 7.500000
v -8.298958 -1.596875 7.500000
v -8.285417 -1.596875 7.500000
v -8.271875 -1.596875 7.500000
v -8.258333 -1.596875 7.500000
v -8.244792 -1.596875 7.500000
v -8.231250 -1.596875 7.500000
v -8.217708 -1.596875 7.500000
v -8.204167 -1.596875 7.500000
v -8.190625 -1.596875 7.500000
v -8.177083 -1.596875 7.500000
v -8.163542 -1.596875 7.500000
v -8.150000 -1.596875 7.500000
v -8.136458 -1.596875 7.500000
v -8.122917 -1.596875 7.500000
v -8.109375 -1.596875 7.500000
v -8.095833 -1.596875 7.500000
v -8.082292 -1.596875 7.500000
v -8.068750 -1.596875 7.500000
v -8.055208 -1.596875 7.500000
v -8.041667 -1.596875 7.500000
v -8.028125 -1.596875 7.500000
v -8.014583 -1.596875 7.500000
v -8.001042 -1.596875 7.500000
v -7.987500 -1.596875 7.500000
v -7.973958 -1.596875 7.500000
v -7.960417 -1.596875 7.500000
v -7.946875 -1.596875 7.500000
v -7.933333 -1.596875 7.500000
v -7.919792 -1.596875 7.500000
v -7.906250 -1.596875 7.500000
v -7.892708 -1.596875 7.500000
v -7.879167 -1.596875 7.500000
v -7.865625 -1.596875 7.500000
v -7.852083 -1.596875 7.500000
v -7.838542 -1.596875 7.500000
v -7.825000 -1.596875 7.500000
v -7.811458 -1.596875 7.500000
v -7.797917 -1.596875 7.500000
v -7.784375 -1.596875 7.500000
v -7.770833 -1.596875 7.500000
v -7.757292 -1.596875 7.500000
v -7.743750 -1.596875 7.500000
v -7.730208 -1.596875 7.500000
v -7.716667 -1.596875 7.500000
v -7.703125 -1.596875 7.500000
v -7.689583 -1.596875 7.500000
v -7.676042 -1.596875 7.500000
v -7.662500 -1.596875 7.500000
v -7.648958 -1.596875 7.500000
v -7.635417 -1.596875 7.500000
v -7.621875 -1.596875 7.500000
v -7.608333 -1.596875 7.500000
v -7.594792 -1.596875 7.500000
v -7.581250 -1.596875 7.500000
v -7.567708 -1.596875 7.500000
v -7.554167 -1.596875 7.500000
v -7.540625 -1.596875 7.500000
v -7.527083 -1.596875 7.500000
v -7.513542 -1.596875 7.500000
v -7.500000 -1.596875 7.500000
v -8.800000 -1.251562 7.500000
v -8.786458 -1.251562 7.500000
v -8.772917 -1.251562 7.500000
v -8.759375 -1.251562 7.500000
v -8.745833 -1.251562 7.500000
v -8.732292 -1.251562 7.500000
v -8.718750 -1.251562 7.500000
v -8.705208 -1.251562 7.500000
v -8.691667 -1.251562 7.500000
v -8.678125 -1.251562 7.500000
v -8.664583 -1.251562 7.500000
v -8.651042 -1.251562 7.500000
v -8.637500 -1.251562 7.500000
v -8.623958 -1.251562 7.500000
v -8.610417 -1.251562 7.500000
v -8.596875 -1.251562 7.500000
v -8.583333 -1.251562 7.500000
v -8.569792 -1.251562 7.500000
v -8.556250 -1.251562 7.500000
v -8.542708 -1.251562 7.500000
v -8.529167 -1.251562 7.500000
v -8.515625 -1.251562 7.500000
v -8.502083 -1.251562 7.500000
v -8.488542 -1.251562 7.500000
v -8.475000 -1.251562 7.500000
v -8.461458 -1.251562 7.500000
v -8.447917 -1.251562 7.500000
v -8.434375 -1.251562 7.500000
v -8.420833 -1.251562 7.500000
v -8.407292 -1.251562 7.500000
v -8.393750 -1.251562 7.500000
v -8.380208 -1.251562 7.500000
v -8.366667 -1.251562 7.500000
v -8.353125 -1.251562 7.500000
v -8.339583 -1.251562 7.500000
v -8.326042 -1.251562 7.500000
v -8.312500 -1.251562 7.500000
v -8.298958 -1.251562 7.500000
v -8.285417 -1.251562 7.500000
v -8.271875 -1.251562 7.500000
v -8.258333 -1.251562 7.500000
v -8.244792 -1.251562 7.500000
v -8.231250 -1.251562 7.500000
v -8.217708 -1.251562 7.500000
v -8.204167 -1.251562 7.500000
v -8.190625 -1.251562 7.500000
v -8.177083 -1.251562 7.500000
v -8.163542 -1.251562 7.500000
v -8.150000 -1.251562 7.500000
v -8.136458 -1.251562 7.500000
v -8.122917 -1.251562 7.500000
v -8.109375 -1.251562 7.500000
v -8.095833 -1.251562 7.500000
v -8.082292 -1.251562 7.500000
v -8.068750 -1.251562 7.500000
v -8.055208 -1.251562 7.500000
v -8.041667 -1.251562 7.500000
v -8.028125 -1.251562 7.500000
v -8.014583 -1.251562 7.500000
v -8.001042 -1.251562 7.500000
v -7.987500 -1.251562 7.500000
v -7.973958 -1.251562 7.500000
v -7.960417 -1.251562 7.500000
v -7.946875 -1.251562 7.500000
v -7.933333 -1.251562 7.500000
v -7.919792 -1.251562 7.500000
v -7.906250 -1.251562 7.500000
v -7.892708 -1.251562 7.500000
v -7.879167 -1.251562 7.500000
v -7.865625 -1.251562 7.500000
v -7.852083 -1.251562 7.500000
v -7.838542 -1.251562 7.500000
v -7.825000 -1.251562 7.500000
v -7.811458 -1.251562 7.500000
v -7.797917 -1.251562 7.500000
v -7.784375 -1.251562 7.500000
v -7.770833 -1.251562 7.500000
v -7.757292 -1.251562 7.500000
v -7.743750 -1.251562 7.500000
v -7.730208 -1.251562 7.500000
v -7.716667 -1.251562 7.500000
v -7.703125 -1.251562 7.500000
v -7.689583 -1.251562 7.500000
v -7.676042 -1.251562 7.500000
v -7.662500 -1.251562 7.500000
v -7.648958 -1.251562 7.500000
v -7.635417 -1.251562 7.500000
v -7.621875 -1.251562 7.500000
v -7.608333 -1.251562 7.500000
v -7.594792 -1.251562 7.500000
v -7.581250 -1.251562 7.500000
v -7.567708 -1.251562 7.500000
v -7.554167 -1.251562 7.500000
v -7.540625 -1.251562 7.500000
v -7.527083 -1.251562 7.500000
v -7.513542 -1.251562 7.500000
v -7.500000 -1.251562 7.500000
v -8.800000 -0.906250 7.500000
v -8.786458 -0.906250 7.500000
v -8.772917 -0.906250 7.500000
v -8.759375 -0.906250 7.500000
v -8.745833 -0.906250 7.500000
v -8.732292 -0.906250 7.500000
v -8.718750 -0.906250 7.500000
v -8.705208 -0.906250 7.500000
v -8.691667 -0.906250 7.500000
v -8.678125 -0.906250 7.500000
v -8.664583 -0.906250 7.500000
v -8.651042 -0.906250 7.500000
v -8.637500 -0.906250 7.500000
v -8.623958 -0.906250 7.500000
v -8.610417 -0.906250 7.500000
v -8.596875 -0.906250 7.500000
v -8.583333 -0.906250 7.500000
v -8.569792 -0.906250 7.500000
v -8.556250 -0.906250 7.500000
v -8.542708 -0.906250 7.500000
v -8.529167 -0.906250 7.500000
v -8.515625 -0.906250 7.500000
v -8.502083 -0.906250 7.500000
v -8.488542 -0.906250 7.500000
v -8.475000 -0.906250 7.500000
v -8.461458 -0.906250 7.500000
v -8.447917 -0.906250 7.500000
v -8.434375 -0.906250 7.500000
v -8.420833 -0.906250 7.500000
v -8.407292 -0.906250 7.500000
v -8.393750 -0.906250 7.500000
v -8.380208 -0.906250 7.500000
v -8.366667 -0.906250 7.500000
v -8.353125 -0.906250 7.500000
v -8.339583 -0.906250 7.500000
v -8.326042 -0.906250 7.500000
v -8.312500 -0.906250 7.500000
v -8.298958 -0.906250 7.500000
v -8.285417 -0.906250 7.500000
v -8.271875 -0.906250 7.500000
v -8.258333 -0.906250 7.500000
v -8.244792 -0.906250 7.500000
v -8.231250 -0.906250 7.500000
v -8.217708 -0.906250 7.500000
v -8.204167 -0.906250 7.500000
v -8.190625 -0.906250 7.500000
v -8.177083 -0.906250 7.500000
v -8.163542 -0.906250 7.500000
v -8.150000 -0.906250 7.500000
v -8.136458 -0.906250 7.500000
v -8.122917 -0.906250 7.500000
v -8.109375 -0.906250 7.500000
v -8.095833 -0.906250 7.500000
v -8.082292 -0.906250 7.500000
v -8.068750 -0.906250 7.500000
v -8.055208 -0.906250 7.500000
v -8.041667 -0.906250 7.500000
v -8.028125 -0.906250 7.500000
v -8.014583 -0.906250 7.500000
v -8.001042 -0.906250 7.500000
v -7.987500 -0.906250 7.500000
v -7.973958 -0.906250 7.500000
v -7.960417 -0.906250 7.500000
v -7.946875 -0.906250 7.500000
v -7.933333 -0.906250 7.500000
v -7.919792 -0.906250 7.500000
v -7.906250 -0.906250 7.500000
v -7.892708 -0.906250 7.500000
v -7.879167 -0.906250 7.500000
v -7.865625 -0.906250 7.500000
v -7.852083 -0.906250 7.500000
v -7.838542 -0.906250 7.500000
v -7.825000 -0.906250 7.500000
v -7.811458 -0.906250 7.500000
v -7.797917 -0.906250 7.500000
v -7.784375 -0.906250 7.500000
v -7.770833 -0.906250 7.500000
v -7.757292 -0.906250 7.500000
v -7.743750 -0.906250 7.500000
v -7.730208 -0.906250 7.500000
v -7.716667 -0.906250 7.500000
v -7.703125 -0.906250 7.500000
v -7.689583 -0.906250 7.500000
v -7.676042 -0.906250 7.500000
v -7.662500 -0.906250 7.500000
v -7.648958 -0.906250 7.500000
v -7.635417 -0.906250 7.500000
v -7.621875 -0.906250 7.500000
v -7.608333 -0.906250 7.500000
v -7.594792 -0.906250 7.500000
v -7.581250 -0.906250 7.500000
v -7.567708 -0.906250 7.500000
v -7.554167 -0.906250 7.500000
v -7.540625 -0.906250 7.500000
v -7.527083 -0.906250 7.500000
v -7.513542 -0.906250 7.500000
v -7.500000 -0.906250 7.500000
v -8.800000 -0.560937 7.500000
v -8.786458 -0.560937 7.500000
v -8.772917 -0.560937 7.500000
v -8.759375 -0.560937 7.500000
v -8.745833 -0.560937 7.500000
v -8.732292 -0.560937 7.500000
v -8.718750 -0.560937 7.500000
v -8.705208 -0.560937 7.500000
v -8.691667 -0.560937 7.500000
v -8.678125 -0.560937 7.500000
v -8.664583 -0.560937 7.500000
v -8.651042 -0.560937 7.500000
v -8.637500 -0.560937 7.500000
v -8.623958 -0.560937 7.500000
v -8.610417 -0.560937 7.500000
v -8.596875 -0.560937 7.500000
v -8.583333 -0.560937 7.500000
v -8.569792 -0.560937 7.500000
v -8.556250 -0.560937 7.500000
v -8.542708 -0.560937 7.500000
v -8.529167 -0.560937 7.500000
v -8.515625 -0.560937 7.500000
v -8.502083 -0.560937 7.500000
v -8.488542 -0.560937 7.500000
v -8.475000 -0.560937 7.500000
v -8.461458 -0.560937 7.500000
v -8.447917 -0.560937 7.500000
v -8.434375 -0.560937 7.500000
v -8.420833 -0.560937 7.500000
v -8.407292 -0.560937 7.500000
v -8.393750 -0.560937 7.500000
v -8.380208 -0.560937 7.500000
v -8.366667 -0.560937 7.500000
v -8.353125 -0.560937 7.500000
v -8.339583 -0.560937 7.500000
v -8.326042 -0.560937 7.500000
v -8.312500 -0.560937 7.500000
v -8.298958 -0.560937 7.500000
v -8.285417 -0.560937 7.500000
v -8.271875 -0.560937 7.500000
v -8.258333 -0.560937 7.500000
v -8.244792 -0.560937 7.500000
v -8.231250 -0.560937 7.500000
v -8.217708 -0.560937 7.500000
v -8.204167 -0.560937 7.500000
v -8.190625 -0.560937 7.500000
v -8.177083 -0.560937 7.500000
v -8.163542 -0.560937 7.500000
v -8.150000 -0.560937 7.500000
v -8.136458 -0.560937 7.500000
v -8.122917 -0.560937 7.500000
v -8.109375 -0.560937 7.500000
v -8.095833 -0.560937 7.500000
v -8.082292 -0.560937 7.500000
v -8.068750 -0.560937 7.500000
v -8.055208 -0.560937 7.500000
v -8.041667 -0.560937 7.500000
v -8.028125 -0.560937 7.500000
v -8.014583 -0.560937 7.500000
v -8.001042 -0.560937 7.500000
v -7.987500 -0.560937 7.500000
v -7.973958 -0.560937 7.500000
v -7.960417 -0.560937 7.500000
v -7.946875 -0.560937 7.500000
v -7.933333 -0.560937 7.500000
v -7.919792 -0.560937 7.500000
v -7.906250 -0.560937 7.500000
v -7.892708 -0.560937 7.500000
v -7.879167 -0.560937 7.500000
v -7.865625 -0.560937 7.500000
v -7.852083 -0.560937 7.500000
v -7.838542 -0.560937 7.500000
v -7.825000 -0.560937 7.500000
v -7.811458 -0.560937 7.500000
v -7.797917 -0.560937 7.500000
v -7.784375 -0.560937 7.500000
v -7.770833 -0.560937 7.500000
v -7.757292 -0.560937 7.500000
v -7.743750 -0.560937 7.500000
v -7.730208 -0.560937 7.500000
v -7.716667 -0.560937 7.500000
v -7.703125 -0.560937 7.500000
v -7.689583 -0.560937 7.500000
v -7.676042 -0.560937 7.500000
v -7.662500 -0.560937 7.500000
v -7.648958 -0.560937 7.500000
v -7.635417 -0.560937 7.500000
v -7.621875 -0.560937 7.500000
v -7.608333 -0.560937 7.500000
v -7.594792 -0.560937 7.500000
v -7.581250 -0.560937 7.500000
v -7.567708 -0.560937 7.500000
v -7.554167 -0.560937 7.500000
v -7.540625 -0.560937 7.500000
v -7.527083 -0.560937 7.500000
v -7.513542 -0.560937 7.500000
v -7.500000 -0.560937 7.500000
v -8.800000 -0.215625 7.500000
v -8.786458 -0.215625 7.500000
v -8.772917 -0.215625 7.500000
v -8.759375 -0.215625 7.500000
v -8.745833 -0.215625 7.500000
v -8.732292 -0.215625 7.500000
v -8.718750 -0.215625 7.500000
v -8.705208 -0.215625 7.500000
v -8.691667 -0.215625 7.500000
v -8.678125 -0.215625 7.500000
v -8.664583 -0.215625 7.500000
v -8.651042 -0.215625 7.500000
v -8.637500 -0.215625 7.500000
v -8.623958 -0.215625 7.500000
v -8.610417 -0.215625 7.500000
v -8.596875 -0.215625 7.500000
v -8.583333 -0.215625 7.500000
v -8.569792 -0.215625 7.500000
v -8.556250 -0.215625 7.500000
v -8.542708 -0.215625 7.500000
v -8.529167 -0.215625 7.500000
v -8.515625 -0.215625 7.500000
v -8.502083 -0.215625 7.500000
v -8.488542 -0.215625 7.500000
v -8.475000 -0.215625 7.500000
v -8.461458 -0.215625 7.500000
v -8.447917 -0.215625 7.500000
v -8.434375 -0.215625 7.500000
v -8.420833 -0.215625 7.500000
v -8.407292 -0.215625 7.500000
v -8.393750 -0.215625 7.500000
v -8.380208 -0.215625 7.500000
v -8.366667 -0.215625 7.500000
v -8.353125 -0.215625 7.500000
v -8.339583 -0.215625 7.500000
v -8.326042 -0.215625 7.500000
v -8.312500 -0.215625 7.500000
v -8.298958 -0.215625 7.500000
v -8.285417 -0.215625 7.500000
v -8.271875 -0.215625 7.500000
v -8.258333 -0.215625 7.500000
v -8.244792 -0.215625 7.500000
v -8.231250 -0.215625 7.500000
v -8.217708 -0.215625 7.500000
v -8.204167 -0.215625 7.500000
v -8.190625 -0.215625 7.500000
v -8.177083 -0.215625 7.500000
v -8.163542 -0.215625 7.500000
v -8.150000 -0.215625 7.500000
v -8.136458 -0.215625 7.500000
v -8.122917 -0.215625 7.500000
v -8.109375 -0.215625 7.500000
v -8.095833 -0.215625 7.500000
v -8.082292 -0.215625 7.500000
v -8.068750 -0.215625 7.500000
v -8.055208 -0.215625 7.500000
v -8.041667 -0.215625 7.500000
v -8.028125 -0.215625 7.500000
v -8.014583 -0.215625 7.500000
v -8.001042 -0.215625 7.500000
v -7.987500 -0.215625 7.500000
v -7.973958 -0.215625 7.500000
v -7.960417 -0.215625 7.500000
v -7.946875 -0.215625 7.500000
v -7.933333 -0.215625 7.500000
v -7.919792 -0.215625 7.500000
v -7.906250 -0.215625 7.500000
v -7.892708 -0.215625 7.500000
v -7.879167 -0.215625 7.500000
v -7.865625 -0.215625 7.500000
v -7.852083 -0.215625 7.500000
v -7.838542 -0.215625 7.500000
v -7.825000 -0.215625 7.500000
v -7.811458 -0.215625 7.500000
v -7.797917 -0.215625 7.500000
v -7.784375 -0.215625 7.500000
v -7.770833 -0.215625 7.500000
v -7.757292 -0.215625 7.500000
v -7.743750 -0.215625 7.500000
v -7.730208 -0.215625 7.500000
v -7.716667 -0.215625 7.500000
v -7.703125 -0.215625 7.500000
v -7.689583 -0.215625 7.500000
v -7.676042 -0.215625 7.500000
v -7.662500 -0.215625 7.500000
v -7.648958 -0.215625 7.500000
v -7.635417 -0.215625 7.500000
v -7.621875 -0.215625 7.500000
v -7.608333 -0.215625 7.500000
v -7.594792 -0.215625 7.500000
v -7.581250 -0.215625 7.500000
v -7.567708 -0.215625 7.500000
v -7.554167 -0.215625 7.500000
v -7.540625 -0.215625 7.500000
v -7.527083 -0.215625 7.500000
v -7.513542 -0.215625 7.500000
v -7.500000 -0.215625 7.500000
v -8.800000 0.129688 7.500000
v -8.786458 0.129688 7.500000
v -8.772917 0.129688 7.500000
v -8.759375 0.129688 7.500000
v -8.745833 0.129688 7.500000
v -8.732292 0.129688 7.500000
v -8.718750 0.129688 7.500000
v -8.705208 0.129688 7.500000
v -8.691667 0.129688 7.500000
v -8.678125 0.129688 7.500000
v -8.664583 0.129688 7.500000
v -8.651042 0.129688 7.500000
v -8.637500 0.129688 7.500000
v -8.623958 0.129688 7.500000
v -8.610417 0.129688 7.500000
v -8.596875 0.129688 7.500000
v -8.583333 0.129688 7.500000
v -8.569792 0.129688 7.500000
v -8.556250 0.129688 7.500000
v -8.542708 0.129688 7.500000
v -8.529167 0.129688 7.500000
v -8.515625 0.129688 7.500000
v -8.502083 0.129688 7.500000
v -8.488542 0.129688 7.500000
v -8.475000 0.129688 7.500000
v -8.461458 0.129688 7.500000
v -8.447917 0.129688 7.500000
v -8.434375 0.129688 7.500000
v -8.420833 0.129688 7.500000
v -8.407292 0.129688 7.500000
v -8.393750 0.129688 7.500000
v -8.380208 0.129688 7.500000
v -8.366667 0.129688 7.500000
v -8.353125 0.129688 7.500000
v -8.339583 0.129688 7.500000
v -8.326042 0.129688 7.500000
v -8.312500 0.129688 7.500000
v -8.298958 0.129688 7.500000
v -8.285417 0.129688 7.500000
v -8.271875 0.129688 7.500000
v -8.258333 0.129688 7.500000
v -8.244792 0.129688 7.500000
v -8.231250 0.129688 7.500000
v -8.217708 0.129688 7.500000
v -8.204167 0.129688 7.500000
v -8.190625 0.129688 7.500000
v -8.177083 0.129688 7.500000
v -8.163542 0.129688 7.500000
v -8.150000 0.129688 7.500000
v -8.136458 0.129688 7.500000
v -8.122917 0.129688 7.500000
v -8.109375 0.129688 7.500000
v -8.095833 0.129688 7.500000
v -8.082292 0.129688 7.500000
v -8.068750 0.129688 7.500000
v -8.055208 0.129688 7.500000
v -8.041667 0.129688 7.500000
v -8.028125 0.129688 7.500000
v -8.014583 0.129688 7.500000
v -8.001042 0.129688 7.500000
v -7.987500 0.129688 7.500000
v -7.973958 0.129688 7.500000
v -7.960417 0.129688 7.500000
v -7.946875 0.129688 7.500000
v -7.933333 0.129688 7.500000
v -7.919792 0.129688 7.500000
v -7.906250 0.129688 7.500000
v -7.892708 0.129688 7.500000
v -7.879167 0.129688 7.500000
v -7.865625 0.129688 7.500000
v -7.852083 0.129688 7.500000
v -7.838542 0.129688 7.500000
v -7.825000 0.129688 7.500000
v -7.811458 0.129688 7.500000
v -7.797917 0.129688 7.500000
v -7.784375 0.129688 7.500000
v -7.770833 0.129688 7.500000
v -7.757292 0.129688 7.500000
v -7.743750 0.129688 7.500000
v -7.730208 0.129688 7.500000
v -7.716667 0.129688 7.500000
v -7.703125 0.129688 7.500000
v -7.689583 0.129688 7.500000
v -7.676042 0.129688 7.500000
v -7.662500 0.129688 7.500000
v -7.648958 0.129688 7.500000
v -7.635417 0.129688 7.500000
v -7.621875 0.129688 7.500000
v -7.608333 0.129688 7.500000
v -7.594792 0.129688 7.500000
v -7.581250 0.129688 7.500000
v -7.567708 0.129688 7.500000
v -7.554167 0.129688 7.500000
v -7.540625 0.129688 7.500000
v -7.527083 0.129688 7.500000
v -7.513542 0.129688 7.500000
v -7.500000 0.129688 7.500000
v -8.800000 0.475000 7.500000
v -8.786458 0.475000 7.500000
v -8.772917 0.475000 7.500000
v -8.759375 0.475000 7.500000
v -8.745833 0.475000 7.500000
v -8.732292 0.475000 7.500000
v -8.718750 0.475000 7.500000
v -8.705208 0.475000 7.500000
v -8.691667 0.475000 7.500000
v -8.678125 0.475000 7.500000
v -8.664583 0.475000 7.500000
v -8.651042 0.475000 7.500000
v -8.637500 0.475000 7.500000
v -8.623958 0.475000 7.500000
v -8.610417 0.475000 7.500000
v -8.596875 0.475000 7.500000
v -8.583333 0.475000 7.500000
v -8.569792 0.475000 7.500000
v -8.556250 0.475000 7.500000
v -8.542708 0.475000 7.500000
v -8.529167 0.475000 7.500000
v -8.515625 0.475000 7.500000
v -8.502083 0.475000 7.500000
v -8.488542 0.475000 7.500000
v -8.475000 0.475000 7.500000
v -8.461458 0.475000 7.500000
v -8.447917 0.475000 7.500000
v -8.434375 0.475000 7.500000
v -8.420833 0.475000 7.500000
v -8.407292 0.475000 7.500000
v -8.393750 0.475000 7.500000
v -8.380208 0.475000 7.500000
v -8.366667 0.475000 7.500000
v -8.353125 0.475000 7.500000
v -8.339583 0.475000 7.500000
v -8.326042 0.475000 7.500000
v -8.312500 0.475000 7.500000
v -8.298958 0.475000 7.500000
v -8.285417 0.475000 7.500000
v -8.271875 0.475000 7.500000
v -8.258333 0.475000 7.500000
v -8.244792 0.475000 7.500000
v -8.231250 0.475000 7.500000
v -8.217708 0.475000 7.500000
v -8.204167 0.475000 7.500000
v -8.190625 0.475000 7.500000
v -8.177083 0.475000 7.500000
v -8.163542 0.475000 7.500000
v -8.150000 0.475000 7.500000
v -8.136458 0.475000 7.500000
v -8.122917 0.475000 7.500000
v -8.109375 0.475000 7.500000
v -8.095833 0.475000 7.500000
v -8.082292 0.475000 7.500000
v -8.068750 0.475000 7.500000
v -8.055208 0.475000 7.500000
v -8.041667 0.475000 7.500000
v -8.028125 0.475000 7.500000
v -8.014583 0.475000 7.500000
v -8.001042 0.475000 7.500000
v -7.987500 0.475000 7.500000
v -7.973958 0.475000 7.500000
v -7.960417 0.475000 7.500000
v -7.946875 0.475000 7.500000
v -7.933333 0.475000 7.500000
v -7.919792 0.475000 7.500000
v -7.906250 0.475000 7.500000
v -7.892708 0.475000 7.500000
v -7.879167 0.475000 7.500000
v -7.865625 0.475000 7.500000
v -7.852083 0.475000 7.500000
v -7.838542 0.475000 7.500000
v -7.825000 0.475000 7.500000
v -7.811458 0.475000 7.500000
v -7.797917 0.475000 7.500000
v -7.784375 0.475000 7.500000
v -7.770833 0.475000 7.500000
v -7.757292 0.475000 7.500000
v -7.743750 0.475000 7.500000
v -7.730208 0.475000 7.500000
v -7.716667 0.475000 7.500000
v -7.703125 0.475000 7.500000
v -7.689583 0.475000 7.500000
v -7.676042 0.475000 7.500000
v -7.662500 0.475000 7.500000
v -7.648958 0.475000 7.500000
v -7.635417 0.475000 7.500000
v -7.621875 0.475000 7.500000
v -7.608333 0.475000 7.500000
v -7.594792 0.475000 7.500000
v -7.581250 0.475000 7.500000
v -7.567708 0.475000 7.500000
v -7.554167 0.475000 7.500000
v -7.540625 0.475000 7.500000
v -7.527083 0.475000 7.500000
v -7.513542 0.475000 7.500000
v -7.500000 0.475000 7.500000
v -8.800000 0.820313 7.500000
v -8.786458 0.820313 7.500000
v -8.772917 0.820313 7.500000
v -8.759375 0.820313 7.500000
v -8.745833 0.820313 7.500000
v -8.732292 0.820313 7.500000
v -8.718750 0.820313 7.500000
v -8.705208 0.820313 7.500000
v -8.691667 0.820313 7.500000
v -8.678125 0.820313 7.500000
v -8.664583 0.820313 7.500000
v -8.651042 0.820313 7.500000
v -8.637500 0.820313 7.500000
v -8.623958 0.820313 7.500000
v -8.610417 0.820313 7.500000
v -8.596875 0.820313 7.500000
v -8.583333 0.820313 7.500000
v -8.569792 0.820313 7.500000
v -8.556250 0.820313 7.500000
v -8.542708 0.820313 7.500000
v -8.529167 0.820313 7.500000
v -8.515625 0.820313 7.500000
v -8.502083 0.820313 7.500000
v -8.488542 0.820313 7.500000
v -8.475000 0.820313 7.500000
v -8.461458 0.820313 7.500000
v -8.447917 0.820313 7.500000
v -8.434375 0.820313 7.500000
v -8.420833 0.820313 7.500000
v -8.407292 0.820313 7.500000
v -8.393750 0.820313 7.500000
v -8.380208 0.820313 7.500000
v -8.366667 0.820313 7.500000
v -8.353125 0.820313 7.500000
v -8.339583 0.820313 7.500000
v -8.326042 0.820313 7.500000
v -8.312500 0.820313 7.500000
v -8.298958 0.820313 7.500000
v -8.285417 0.820313 7.500000
v -8.271875 0.820313 7.500000
v -8.258333 0.820313 7.500000
v -8.244792 0.820313 7.500000
v -8.231250 0.820313 7.500000
v -8.217708 0.820313 7.500000
v -8.204167 0.820313 7.500000
v -8.190625 0.820313 7.500000
v -8.177083 0.820313 7.500000
v -8.163542 0.820313 7.500000
v -8.150000 0.820313 7.500000
v -8.136458 0.820313 7.500000
v -8.122917 0.820313 7.500000
v -8.109375 0.820313 7.500000
v -8.095833 0.820313 7.500000
v -8.082292 0.820313 7.500000
v -8.068750 0.820313 7.500000
v -8.055208 0.820313 7.500000
v -8.041667 0.820313 7.500000
v -8.028125 0.820313 7.500000
v -8.014583 0.820313 7.500000
v -8.001042 0.820313 7.500000
v -7.987500 0.820313 7.500000
v -7.973958 0.820313 7.500000
v -7.960417 0.820313 7.500000
v -7.946875 0.820313 7.500000
v -7.933333 0.820313 7.500000
v -7.919792 0.820313 7.500000
v -7.906250 0.820313 7.500000
v -7.892708 0.820313 7.500000
v -7.879167 0.820313 7.500000
v -7.865625 0.820313 7.500000
v -7.852083 0.820313 7.500000
v -7.838542 0.820313 7.500000
v -7.825000 0.820313 7.500000
v -7.811458 0.820313 7.500000
v -7.797917 0.820313 7.500000
v -7.784375 0.820313 7.500000
v -7.770833 0.820313 7.500000
v -7.757292 0.820313 7.500000
v -7.743750 0.820313 7.500000
v -7.730208 0.820313 7.500000
v -7.716667 0.820313 7.500000
v -7.703125 0.820313 7.500000
v -7.689583 0.820313 7.500000
v -7.676042 0.820313 7.500000
v -7.662500 0.820313 7.500000
v -7.648958 0.820313 7.500000
v -7.635417 0.820313 7.500000
v -7.621875 0.820313 7.500000
v -7.608333 0.820313 7.500000
v -7.594792 0.820313 7.500000
v -7.581250 0.820313 7.500000
v -7.567708 0.820313 7.500000
v -7.554167 0.820313 7.500000
v -7.540625 0.820313 7.500000
v -7.527083 0.820313 7.500000
v -7.513542 0.820313 7.500000
v -7.500000 0.820313 7.500000
v -8.800000 1.165625 7.500000
v -8.786458 1.165625 7.500000
v -8.772917 1.165625 7.500000
v -8.759375 1.165625 7.500000
v -8.745833 1.165625 7.500000
v -8.732292 1.165625 7.500000
v -8.718750 1.165625 7.500000
v -8.705208 1.165625 7.500000
v -8.691667 1.165625 7.500000
v -8.678125 1.165625 7.500000
v -8.664583 1.165625 7.500000
v -8.651042 1.165625 7.500000
v -8.637500 1.165625 7.500000
v -8.623958 1.165625 7.500000
v -8.610417 1.165625 7.500000
v -8.596875 1.165625 7.500000
v -8.583333 1.165625 7.500000
v -8.569792 1.165625 7.500000
v -8.556250 1.165625 7.500000
v -8.542708 1.165625 7.500000
v -8.529167 1.165625 7.500000
v -8.515625 1.165625 7.500000
v -8.502083 1.165625 7.500000
v -8.488542 1.165625 7.500000
v -8.475000 1.165625 7.500000
v -8.461458 1.165625 7.500000
v -8.447917 1.165625 7.500000
v -8.434375 1.165625 7.500000
v -8.420833 1.165625 7.500000
v -8.407292 1.165625 7.500000
v -8.393750 1.165625 7.500000
v -8.380208 1.165625 7.500000
v -8.366667 1.165625 7.500000
v -8.353125 1.165625 7.500000
v -8.339583 1.165625 7.500000
v -8.326042 1.165625 7.500000
v -8.312500 1.165625 7.500000
v -8.298958 1.165625 7.500000
v -8.285417 1.165625 7.500000
v -8.271875 1.165625 7.500000
v -8.258333 1.165625 7.500000
v -8.244792 1.165625 7.500000
v -8.231250 1.165625 7.500000
v -8.217708 1.165625 7.500000
v -8.204167 1.165625 7.500000
v -8.190625 1.165625 7.500000
v -8.177083 1.165625 7.500000
v -8.163542 1.165625 7.500000
v -8.150000 1.165625 7.500000
v -8.136458 1.165625 7.500000
v -8.122917 1.165625 7.500000
v -8.109375 1.165625 7.500000
v -8.095833 1.165625 7.500000
v -8.082292 1.165625 7.500000
v -8.068750 1.165625 7.500000
v -8.055208 1.165625 7.500000
v -8.041667 1.165625 7.500000
v -8.028125 1.165625 7.500000
v -8.014583 1.165625 7.500000
v -8.001042 1.165625 7.500000
v -7.987500 1.165625 7.500000
v -7.973958 1.165625 7.500000
v -7.960417 1.165625 7.500000
v -7.946875 1.165625 7.500000
v -7.933333 1.165625 7.500000
v -7.919792 1.165625 7.500000
v -7.906250 1.165625 7.500000
v -7.892708 1.165625 7.500000
v -7.879167 1.165625 7.500000
v -7.865625 1.165625 7.500000
v -7.852083 1.165625 7.500000
v -7.838542 1.165625 7.500000
v -7.825000 1.165625 7.500000
v -7.811458 1.165625 7.500000
v -7.797917 1.165625 7.500000
v -7.784375 1.165625 7.500000
v -7.770833 1.165625 7.500000
v -7.757292 1.165625 7.500000
v -7.743750 1.165625 7.500000
v -7.730208 1.165625 7.500000
v -7.716667 1.165625 7.500000
v -7.703125 1.165625 7.500000
v -7.689583 1.165625 7.500000
v -7.676042 1.165625 7.500000
v -7.662500 1.165625 7.500000
v -7.648958 1.165625 7.500000
v -7.635417 1.165625 7.500000
v -7.621875 1.165625 7.500000
v -7.608333 1.165625 7.500000
v -7.594792 1.165625 7.500000
v -7.581250 1.165625 7.500000
v -7.567708 1.165625 7.500000
v -7.554167 1.165625 7.500000
v -7.540625 1.165625 7.500000
v -7.527083 1.165625 7.500000
v -7.513542 1.165625 7.500000
v -7.500000 1.165625 7.500000
v -8.800000 1.510938 7.500000
v -8.786458 1.510938 7.500000
v -8.772917 1.510938 7.500000
v -8.759375 1.510938 7.500000
v -8.745833 1.510938 7.500000
v -8.732292 1.510938 7.500000
v -8.718750 1.510938 7.500000
v -8.705208 1.510938 7.500000
v -8.691667 1.510938 7.500000
v -8.678125 1.510938 7.500000
v -8.664583 1.510938 7.500000
v -8.651042 1.510938 7.500000
v -8.637500 1.510938 7.500000
v -8.623958 1.510938 7.500000
v -8.610417 1.510938 7.500000
v -8.596875 1.510938 7.500000
v -8.583333 1.510938 7.500000
v -8.569792 1.510938 7.500000
v -8.556250 1.510938 7.500000
v -8.542708 1.510938 7.500000
v -8.529167 1.510938 7.500000
v -8.515625 1.510938 7.500000
v -8.502083 1.510938 7.500000
v -8.488542 1.510938 7.500000
v -8.475000 1.510938 7.500000
v -8.461458 1.510938 7.500000
v -8.447917 1.510938 7.500000
v -8.434375 1.510938 7.500000
v -8.420833 1.510938 7.500000
v -8.407292 1.510938 7.500000
v -8.393750 1.510938 7.500000
v -8.380208 1.510938 7.500000
v -8.366667 1.510938 7.500000
v -8.353125 1.510938 7.500000
v -8.339583 1.510938 7.500000
v -8.326042 1.510938 7.500000
v -8.312500 1.510938 7.500000
v -8.298958 1.510938 7.500000
v -8.285417 1.510938 7.500000
v -8.271875 1.510938 7.500000
v -8.258333 1.510938 7.500000
v -8.244792 1.510938 7.500000
v -8.231250 1.510938 7.500000
v -8.217708 1.510938 7.500000
v -8.204167 1.510938 7.500000
v -8.190625 1.510938 7.500000
v -8.177083 1.510938 7.500000
v -8.163542 1.510938 7.500000
v -8.150000 1.510938 7.500000
v -8.136458 1.510938 7.500000
v -8.122917 1.510938 7.500000
v -8.109375 1.510938 7.500000
v -8.095833 1.510938 7.500000
v -8.082292 1.510938 7.500000
v -8.068750 1.510938 7.500000
v -8.055208 1.510938 7.500000
v -8.041667 1.510938 7.500000
v -8.028125 1.510938 7.500000
v -8.014583 1.510938 7.500000
v -8.001042 1.510938 7.500000
v -7.987500 1.510938 7.500000
v -7.973958 1.510938 7.500000
v -7.960417 1.510938 7.500000
v -7.946875 1.510938 7.500000
v -7.933333 1.510938 7.500000
v -7.919792 1.510938 7.500000
v -7.906250 1.510938 7.500000
v -7.892708 1.510938 7.500000
v -7.879167 1.510938 7.500000
v -7.865625 1.510938 7.500000
v -7.852083 1.510938 7.500000
v -7.838542 1.510938 7.500000
v -7.825000 1.510938 7.500000
v -7.811458 1.510938 7.500000
v -7.797917 1.510938 7.500000
v -7.784375 1.510938 7.500000
v -7.770833 1.510938 7.500000
v -7.757292 1.510938 7.500000
v -7.743750 1.510938 7.500000
v -7.730208 1.510938 7.500000
v -7.716667 1.510938 7.500000
v -7.703125 1.510938 7.500000
v -7.689583 1.510938 7.500000
v -7.676042 1.510938 7.500000
v -7.662500 1.510938 7.500000
v -7.648958 1.510938 7.500000
v -7.635417 1.510938 7.500000
v -7.621875 1.510938 7.500000
v -7.608333 1.510938 7.500000
v -7.594792 1.510938 7.500000
v -7.581250 1.510938 7.500000
v -7.567708 1.510938 7.500000
v -7.554167 1.510938 7.500000
v -7.540625 1.510938 7.500000
v -7.527083 1.510938 7.500000
v -7.513542 1.510938 7.500000
v -7.500000 1.510938 7.500000
v -8.800000 1.856250 7.500000
v -8.786458 1.856250 7.500000
v -8.772917 1.856250 7.500000
v -8.759375 1.856250 7.500000
v -8.745833 1.856250 7.500000
v -8.732292 1.856250 7.500000
v -8.718750 1.856250 7.500000
v -8.705208 1.856250 7.500000
v -8.691667 1.856250 7.500000
v -8.678125 1.856250 7.500000
v -8.664583 1.856250 7.500000
v -8.651042 1.856250 7.500000
v -8.637500 1.856250 7.500000
v -8.623958 1.856250 7.500000
v -8.610417 1.856250 7.500000
v -8.596875 1.856250 7.500000
v -8.583333 1.856250 7.500000
v -8.569792 1.856250 7.500000
v -8.556250 1.856250 7.500000
v -8.542708 1.856250 7.500000
v -8.529167 1.856250 7.500000
v -8.515625 1.856250 7.500000
v -8.502083 1.856250 7.500000
v -8.488542 1.856250 7.500000
v -8.475000 1.856250 7.500000
v -8.461458 1.856250 7.500000
v -8.447917 1.856250 7.500000
v -8.434375 1.856250 7.500000
v -8.420833 1.856250 7.500000
v -8.407292 1.856250 7.500000
v -8.393750 1.856250 7.500000
v -8.380208 1.856250 7.500000
v -8.366667 1.856250 7.500000
v -8.353125 1.856250 7.500000
v -8.339583 1.856250 7.500000
v -8.326042 1.856250 7.500000
v -8.312500 1.856250 7.500000
v -8.298958 1.856250 7.500000
v -8.285417 1.856250 7.500000
v -8.271875 1.856250 7.500000
v -8.258333 1.856250 7.500000
v -8.244792 1.856250 7.500000
v -8.231250 1.856250 7.500000
v -8.217708 1.856250 7.500000
v -8.204167 1.856250 7.500000
v -8.190625 1.856250 7.500000
v -8.177083 1.856250 7.500000
v -8.163542 1.856250 7.500000
v -8.150000 1.856250 7.500000
v -8.136458 1.856250 7.500000
v -8.122917 1.856250 7.500000
v -8.109375 1.856250 7.500000
v -8.095833 1.856250 7.500000
v -8.082292 1.856250 7.500000
v -8.068750 1.856250 7.500000
v -8.055208 1.856250 7.500000
v -8.041667 1.856250 7.500000
v -8.028125 1.856250 7.500000
v -8.014583 1.856250 7.500000
v -8.001042 1.856250 7.500000
v -7.987500 1.856250 7.500000
v -7.973958 1.856250 7.500000
v -7.960417 1.856250 7.500000
v -7.946875 1.856250 7.500000
v -7.933333 1.856250 7.500000
v -7.919792 1.856250 7.500000
v -7.906250 1.856250 7.500000
v -7.892708 1.856250 7.500000
v -7.879167 1.856250 7.500000
v -7.865625 1.856250 7.500000
v -7.852083 1.856250 7.500000
v -7.838542 1.856250 7.500000
v -7.825000 1.856250 7.500000
v -7.811458 1.856250 7.500000
v -7.797917 1.856250 7.500000
v -7.784375 1.856250 7.500000
v -7.770833 1.856250 7.500000
v -7.757292 1.856250 7.500000
v -7.743750 1.856250 7.500000
v -7.730208 1.856250 7.500000
v -7.716667 1.856250 7.500000
v -7.703125 1.856250 7.500000
v -7.689583 1.856250 7.500000
v -7.676042 1.856250 7.500000
v -7.662500 1.856250 7.500000
v -7.648958 1.856250 7.500000
v -7.635417 1.856250 7.500000
v -7.621875 1.856250 7.500000
v -7.608333 1.856250 7.500000
v -7.594792 1.856250 7.500000
v -7.581250 1.856250 7.500000
v -7.567708 1.856250 7.500000
v -7.554167 1.856250 7.500000
v -7.540625 1.856250 7.500000
v -7.527083 1.856250 7.500000
v -7.513542 1.856250 7.500000
v -7.500000 1.856250 7.500000
v -8.800000 2.201563 7.500000
v -8.786458 2.201563 7.500000
v -8.772917 2.201563 7.500000
v -8.759375 2.201563 7.500000
v -8.745833 2.201563 7.500000
v -8.732292 2.201563 7.500000
v -8.718750 2.201563 7.500000
v -8.705208 2.201563 7.500000
v -8.691667 2.201563 7.500000
v -8.678125 2.201563 7.500000
v -8.664583 2.201563 7.500000
v -8.651042 2.201563 7.500000
v -8.637500 2.201563 7.500000
v -8.623958 2.201563 7.500000
v -8.610417 2.201563 7.500000
v -8.596875 2.201563 7.500000
v -8.583333 2.201563 7.500000
v -8.569792 2.201563 7.500000
v -8.556250 2.201563 7.500000
v -8.542708 2.201563 7.500000
v -8.529167 2.201563 7.500000
v -8.515625 2.201563 7.500000
v -8.502083 2.201563 7.500000
v -8.488542 2.201563 7.500000
v -8.475000 2.201563 7.500000
v -8.461458 2.201563 7.500000
v -8.447917 2.201563 7.500000
v -8.434375 2.201563 7.500000
v -8.420833 2.201563 7.500000
v -8.407292 2.201563 7.500000
v -8.393750 2.201563 7.500000
v -8.380208 2.201563 7.500000
v -8.366667 2.201563 7.500000
v -8.353125 2.201563 7.500000
v -8.339583 2.201563 7.500000
v -8.326042 2.201563 7.500000
v -8.312500 2.201563 7.500000
v -8.298958 2.201563 7.500000
v -8.285417 2.201563 7.500000
v -8.271875 2.201563 7.500000
v -8.258333 2.201563 7.500000
v -8.244792 2.201563 7.500000
v -8.231250 2.201563 7.500000
v -8.217708 2.201563 7.500000
v -8.204167 2.201563 7.500000
v -8.190625 2.201563 7.500000
v -8.177083 2.201563 7.500000
v -8.163542 2.201563 7.500000
v -8.150000 2.201563 7.500000
v -8.136458 2.201563 7.500000
v -8.122917 2.201563 7.500000
v -8.109375 2.201563 7.500000
v -8.095833 2.201563 7.500000
v -8.082292 2.201563 7.500000
v -8.068750 2.201563 7.500000
v -8.055208 2.201563 7.500000
v -8.041667 2.201563 7.500000
v -8.028125 2.201563 7.500000
v -8.014583 2.201563 7.500000
v -8.001042 2.201563 7.500000
v -7.987500 2.201563 7.500000
v -7.973958 2.201563 7.500000
v -7.960417 2.201563 7.500000
v -7.946875 2.201563 7.500000
v -7.933333 2.201563 7.500000
v -7.919792 2.201563 7.500000
v -7.906250 2.201563 7.500000
v -7.892708 2.201563 7.500000
v -7.879167 2.201563 7.500000
v -7.865625 2.201563 7.500000
v -7.852083 2.201563 7.500000
v -7.838542 2.201563 7.500000
v -7.825000 2.201563 7.500000
v -7.811458 2.201563 7.500000
v -7.797917 2.201563 7.500000
v -7.784375 2.201563 7.500000
v -7.770833 2.201563 7.500000
v -7.757292 2.201563 7.500000
v -7.743750 2.201563 7.500000
v -7.730208 2.201563 7.500000
v -7.716667 2.201563 7.500000
v -7.703125 2.201563 7.500000
v -7.689583 2.201563 7.500000
v -7.676042 2.201563 7.500000
v -7.662500 2.201563 7.500000
v -7.648958 2.201563 7.500000
v -7.635417 2.201563 7.500000
v -7.621875 2.201563 7.500000
v -7.608333 2.201563 7.500000
v -7.594792 2.201563 7.500000
v -7.581250 2.201563 7.500000
v -7.567708 2.201563 7.500000
v -7.554167 2.201563 7.500000
v -7.540625 2.201563 7.500000
v -7.527083 2.201563 7.500000
v -7.513542 2.201563 7.500000
v -7.500000 2.201563 7.500000
v -8.800000 2.546875 7.500000
v -8.786458 2.546875 7.500000
v -8.772917 2.546875 7.500000
v -8.759375 2.546875 7.500000
v -8.745833 2.546875 7.500000
v -8.732292 2.546875 7.500000
v -8.718750 2.546875 7.500000
v -8.705208 2.546875 7.500000
v -8.691667 2.546875 7.500000
v -8.678125 2.546875 7.500000
v -8.664583 2.546875 7.500000
v -8.651042 2.546875 7.500000
v -8.637500 2.546875 7.500000
v -8.623958 2.546875 7.500000
v -8.610417 2.546875 7.500000
v -8.596875 2.546875 7.500000
v -8.583333 2.546875 7.500000
v -8.569792 2.546875 7.500000
v -8.556250 2.546875 7.500000
v -8.542708 2.546875 7.500000
v -8.529167 2.546875 7.500000
v -8.515625 2.546875 7.500000
v -8.502083 2.546875 7.500000
v -8.488542 2.546875 7.500000
v -8.475000 2.546875 7.500000
v -8.461458 2.546875 7.500000
v -8.447917 2.546875 7.500000
v -8.434375 2.546875 7.500000
v -8.420833 2.546875 7.500000
v -8.407292 2.546875 7.500000
v -8.393750 2.546875 7.500000
v -8.380208 2.546875 7.500000
v -8.366667 2.546875 7.500000
v -8.353125 2.546875 7.500000
v -8.339583 2.546875 7.500000
v -8.326042 2.546875 7.500000
v -8.312500 2.546875 7.500000
v -8.298958 2.546875 7.500000
v -8.285417 2.546875 7.500000
v -8.271875 2.546875 7.500000
v -8.258333 2.546875 7.500000
v -8.244792 2.546875 7.500000
v -8.231250 2.546875 7.500000
v -8.217708 2.546875 7.500000
v -8.204167 2.546875 7.500000
v -8.190625 2.546875 7.500000
v -8.177083 2.546875 7.500000
v -8.163542 2.546875 7.500000
v -8.150000 2.546875 7.500000
v -8.136458 2.546875 7.500000
v -8.122917 2.546875 7.500000
v -8.109375 2.546875 7.500000
v -8.095833 2.546875 7.500000
v -8.082292 2.546875 7.500000
v -8.068750 2.546875 7.500000
v -8.055208 2.546875 7.500000
v -8.041667 2.546875 7.500000
v -8.028125 2.546875 7.500000
v -8.014583 2.546875 7.500000
v -8.001042 2.546875 7.500000
v -7.987500 2.546875 7.500000
v -7.973958 2.546875 7.500000
v -7.960417 2.546875 7.500000
v -7.946875 2.546875 7.500000
v -7.933333 2.546875 7.500000
v -7.919792 2.546875 7.500000
v -7.906250 2.546875 7.500000
v -7.892708 2.546875 7.500000
v -7.879167 2.546875 7.500000
v -7.865625 2.546875 7.500000
v -7.852083 2.546875 7.500000
v -7.838542 2.546875 7.500000
v -7.825000 2.546875 7.500000
v -7.811458 2.546875 7.500000
v -7.797917 2.546875 7.500000
v -7.784375 2.546875 7.500000
v -7.770833 2.546875 7.500000
v -7.757292 2.546875 7.500000
v -7.743750 2.546875 7.500000
v -7.730208 2.546875 7.500000
v -7.716667 2.546875 7.500000
v -7.703125 2.546875 7.500000
v -7.689583 2.546875 7.500000
v -7.676042 2.546875 7.500000
v -7.662500 2.546875 7.500000
v -7.648958 2.546875 7.500000
v -7.635417 2.546875 7.500000
v -7.621875 2.546875 7.500000
v -7.608333 2.546875 7.500000
v -7.594792 2.546875 7.500000
v -7.581250 2.546875 7.500000
v -7.567708 2.546875 7.500000
v -7.554167 2.546875 7.500000
v -7.540625 2.546875 7.500000
v -7.527083 2.546875 7.500000
v -7.513542 2.546875 7.500000
v -7.500000 2.546875 7.500000
v -8.800000 2.892188 7.500000
v -8.786458 2.892188 7.500000
v -8.772917 2.892188 7.500000
v -8.759375 2.892188 7.500000
v -8.745833 2.892188 7.500000
v -8.732292 2.892188 7.500000
v -8.718750 2.892188 7.500000
v -8.705208 2.892188 7.500000
v -8.691667 2.892188 7.500000
v -8.678125 2.892188 7.500000
v -8.664583 2.892188 7.500000
v -8.651042 2.892188 7.500000
v -8.637500 2.892188 7.500000
v -8.623958 2.892188 7.500000
v -8.610417 2.892188 7.500000
v -8.596875 2.892188 7.500000
v -8.583333 2.892188 7.500000
v -8.569792 2.892188 7.500000
v -8.556250 2.892188 7.500000
v -8.542708 2.892188 7.500000
v -8.529167 2.892188 7.500000
v -8.515625 2.892188 7.500000
v -8.502083 2.892188 7.500000
v -8.488542 2.892188 7.500000
v -8.475000 2.892188 7.500000
v -8.461458 2.892188 7.500000
v -8.447917 2.892188 7.500000
v -8.434375 2.892188 7.500000
v -8.420833 2.892188 7.500000
v -8.407292 2.892188 7.500000
v -8.393750 2.892188 7.500000
v -8.380208 2.892188 7.500000
v -8.366667 2.892188 7.500000
v -8.353125 2.892188 7.500000
v -8.339583 2.892188 7.500000
v -8.326042 2.892188 7.500000
v -8.312500 2.892188 7.500000
v -8.298958 2.892188 7.500000
v -8.285417 2.892188 7.500000
v -8.271875 2.892188 7.500000
v -8.258333 2.892188 7.500000
v -8.244792 2.892188 7.500000
v -8.231250 2.892188 7.500000
v -8.217708 2.892188 7.500000
v -8.204167 2.892188 7.500000
v -8.190625 2.892188 7.500000
v -8.177083 2.892188 7.500000
v -8.163542 2.892188 7.500000
v -8.150000 2.892188 7.500000
v -8.136458 2.892188 7.500000
v -8.122917 2.892188 7.500000
v -8.109375 2.892188 7.500000
v -8.095833 2.892188 7.500000
v -8.082292 2.892188 7.500000
v -8.068750 2.892188 7.500000
v -8.055208 2.892188 7.500000
v -8.041667 2.892188 7.500000
v -8.028125 2.892188 7.500000
v -8.014583 2.892188 7.500000
v -8.001042 2.892188 7.500000
v -7.987500 2.892188 7.500000
v -7.973958 2.892188 7.500000
v -7.960417 2.892188 7.500000
v -7.946875 2.892188 7.500000
v -7.933333 2.892188 7.500000
v -7.919792 2.892188 7.500000
v -7.906250 2.892188 7.500000
v -7.892708 2.892188 7.500000
v -7.879167 2.892188 7.500000
v -7.865625 2.892188 7.500000
v -7.852083 2.892188 7.500000
v -7.838542 2.892188 7.500000
v -7.825000 2.892188 7.500000
v -7.811458 2.892188 7.500000
v -7.797917 2.892188 7.500000
v -7.784375 2.892188 7.500000
v -7.770833 2.892188 7.500000
v -7.757292 2.892188 7.500000
v -7.743750 2.892188 7.500000
v -7.730208 2.892188 7.500000
v -7.716667 2.892188 7.500000
v -7.703125 2.892188 7.500000
v -7.689583 2.892188 7.500000
v -7.676042 2.892188 7.500000
v -7.662500 2.892188 7.500000
v -7.648958 2.892188 7.500000
v -7.635417 2.892188 7.500000
v -7.621875 2.892188 7.500000
v -7.608333 2.892188 7.500000
v -7.594792 2.892188 7.500000
v -7.581250 2.892188 7.500000
v -7.567708 2.892188 7.500000
v -7.554167 2.892188 7.500000
v -7.540625 2.892188 7.500000
v -7.527083 2.892188 7.500000
v -7.513542 2.892188 7.500000
v -7.500000 2.892188 7.500000
v -8.800000 3.237500 7.500000
v -8.786458 3.237500 7.500000
v -8.772917 3.237500 7.500000
v -8.759375 3.237500 7.500000
v -8.745833 3.237500 7.500000
v -8.732292 3.237500 7.500000
v -8.718750 3.237500 7.500000
v -8.705208 3.237500 7.500000
v -8.691667 3.237500 7.500000
v -8.678125 3.237500 7.500000
v -8.664583 3.237500 7.500000
v -8.651042 3.237500 7.500000
v -8.637500 3.237500 7.500000
v -8.623958 3.237500 7.500000
v -8.610417 3.237500 7.500000
v -8.596875 3.237500 7.500000
v -8.583333 3.237500 7.500000
v -8.569792 3.237500 7.500000
v -8.556250 3.237500 7.500000
v -8.542708 3.237500 7.500000
v -8.529167 3.237500 7.500000
v -8.515625 3.237500 7.500000
v -8.502083 3.237500 7.500000
v -8.488542 3.237500 7.500000
v -8.475000 3.237500 7.500000
v -8.461458 3.237500 7.500000
v -8.447917 3.237500 7.500000
v -8.434375 3.237500 7.500000
v -8.420833 3.237500 7.500000
v -8.407292 3.237500 7.500000
v -8.393750 3.237500 7.500000
v -8.380208 3.237500 7.500000
v -8.366667 3.237500 7.500000
v -8.353125 3.237500 7.500000
v -8.339583 3.237500 7.500000
v -8.326042 3.237500 7.500000
v -8.312500 3.237500 7.500000
v -8.298958 3.237500 7.500000
v -8.285417 3.237500 7.500000
v -8.271875 3.237500 7.500000
v -8.258333 3.237500 7.500000
v -8.244792 3.237500 7.500000
v -8.231250 3.237500 7.500000
v -8.217708 3.237500 7.500000
v -8.204167 3.237500 7.500000
v -8.190625 3.237500 7.500000
v -8.177083 3.237500 7.500000
v -8.163542 3.237500 7.500000
v -8.150000 3.237500 7.500000
v -8.136458 3.237500 7.500000
v -8.122917 3.237500 7.500000
v -8.109375 3.237500 7.500000
v -8.095833 3.237500 7.500000
v -8.082292 3.237500 7.500000
v -8.068750 3.237500 7.500000
v -8.055208 3.237500 7.500000
v -8.041667 3.237500 7.500000
v -8.028125 3.237500 7.500000
v -8.014583 3.237500 7.500000
v -8.001042 3.237500 7.500000
v -7.987500 3.237500 7.500000
v -7.973958 3.237500 7.500000
v -7.960417 3.237500 7.500000
v -7.946875 3.237500 7.500000
v -7.933333 3.237500 7.500000
v -7.919792 3.237500 7.500000
v -7.906250 3.237500 7.500000
v -7.892708 3.237500 7.500000
v -7.879167 3.237500 7.500000
v -7.865625 3.237500 7.500000
v -7.852083 3.237500 7.500000
v -7.838542 3.237500 7.500000
v -7.825000 3.237500 7.500000
v -7.811458 3.237500 7.500000
v -7.797917 3.237500 7.500000
v -7.784375 3.237500 7.500000
v -7.770833 3.237500 7.500000
v -7.757292 3.237500 7.500000
v -7.743750 3.237500 7.500000
v -7.730208 3.237500 7.500000
v -7.716667 3.237500 7.500000
v -7.703125 3.237500 7.500000
v -7.689583 3.237500 7.500000
v -7.676042 3.237500 7.500000
v -7.662500 3.237500 7.500000
v -7.648958 3.237500 7.500000
v -7.635417 3.237500 7.500000
v -7.621875 3.237500 7.500000
v -7.608333 3.237500 7.500000
v -7.594792 3.237500 7.500000
v -7.581250 3.237500 7.500000
v -7.567708 3.237500 7.500000
v -7.554167 3.237500 7.500000
v -7.540625 3.237500 7.500000
v -7.527083 3.237500 7.500000
v -7.513542 3.237500 7.500000
v -7.500000 3.237500 7.500000
v -8.800000 3.582813 7.500000
v -8.786458 3.582813 7.500000
v -8.772917 3.582813 7.500000
v -8.759375 3.582813 7.500000
v -8.745833 3.582813 7.500000
v -8.732292 3.582813 7.500000
v -8.718750 3.582813 7.500000
v -8.705208 3.582813 7.500000
v -8.691667 3.582813 7.500000
v -8.678125 3.582813 7.500000
v -8.664583 3.582813 7.500000
v -8.651042 3.582813 7.500000
v -8.637500 3.582813 7.500000
v -8.623958 3.582813 7.500000
v -8.610417 3.582813 7.500000
v -8.596875 3.582813 7.500000
v -8.583333 3.582813 7.500000
v -8.569792 3.582813 7.500000
v -8.556250 3.582813 7.500000
v -8.542708 3.582813 7.500000
v -8.529167 3.582813 7.500000
v -8.515625 3.582813 7.500000
v -8.502083 3.582813 7.500000
v -8.488542 3.582813 7.500000
v -8.475000 3.582813 7.500000
v -8.461458 3.582813 7.500000
v -8.447917 3.582813 7.500000
v -8.434375 3.582813 7.500000
v -8.420833 3.582813 7.500000
v -8.407292 3.582813 7.500000
v -8.393750 3.582813 7.500000
v -8.380208 3.582813 7.500000
v -8.366667 3.582813 7.500000
v -8.353125 3.582813 7.500000
v -8.339583 3.582813 7.500000
v -8.326042 3.582813 7.500000
v -8.312500 3.582813 7.500000
v -8.298958 3.582813 7.500000
v -8.285417 3.582813 7.500000
v -8.271875 3.582813 7.500000
v -8.258333 3.582813 7.500000
v -8.244792 3.582813 7.500000
v -8.231250 3.582813 7.500000
v -8.217708 3.582813 7.500000
v -8.204167 3.582813 7.500000
v -8.190625 3.582813 7.500000
v -8.177083 3.582813 7.500000
v -8.163542 3.582813 7.500000
v -8.150000 3.582813 7.500000
v -8.136458 3.582813 7.500000
v -8.122917 3.582813 7.500000
v -8.109375 3.582813 7.500000
v -8.095833 3.582813 7.500000
v -8.082292 3.582813 7.500000
v -8.068750 3.582813 7.500000
v -8.055208 3.582813 7.500000
v -8.041667 3.582813 7.500000
v -8.028125 3.582813 7.500000
v -8.014583 3.582813 7.500000
v -8.001042 3.582813 7.500000
v -7.987500 3.582813 7.500000
v -7.973958 3.582813 7.500000
v -7.960417 3.582813 7.500000
v -7.946875 3.582813 7.500000
v -7.933333 3.582813 7.500000
v -7.919792 3.582813 7.500000
v -7.906250 3.582813 7.500000
v -7.892708 3.582813 7.500000
v -7.879167 3.582813 7.500000
v -7.865625 3.582813 7.500000
v -7.852083 3.582813 7.500000
v -7.838542 3.582813 7.500000
v -7.825000 3.582813 7.500000
v -7.811458 3.582813 7.500000
v -7.797917 3.582813 7.500000
v -7.784375 3.582813 7.500000
v -7.770833 3.582813 7.500000
v -7.757292 3.582813 7.500000
v -7.743750 3.582813 7.500000
v -7.730208 3.582813 7.500000
v -7.716667 3.582813 7.500000
v -7.703125 3.582813 7.500000
v -7.689583 3.582813 7.500000
v -7.676042 3.582813 7.500000
v -7.662500 3.582813 7.500000
v -7.648958 3.582813 7.500000
v -7.635417 3.582813 7.500000
v -7.621875 3.582813 7.500000
v -7.608333 3.582813 7.500000
v -7.594792 3.582813 7.500000
v -7.581250 3.582813 7.500000
v -7.567708 3.582813 7.500000
v -7.554167 3.582813 7.500000
v -7.540625 3.582813 7.500000
v -7.527083 3.582813 7.500000
v -7.513542 3.582813 7.500000
v -7.500000 3.582813 7.500000
v -8.800000 3.928125 7.500000
v -8.786458 3.928125 7.500000
v -8.772917 3.928125 7.500000
v -8.759375 3.928125 7.500000
v -8.745833 3.928125 7.500000
v -8.732292 3.928125 7.500000
v -8.718750 3.928125 7.500000
v -8.705208 3.928125 7.500000
v -8.691667 3.928125 7.500000
v -8.678125 3.928125 7.500000
v -8.664583 3.928125 7.500000
v -8.651042 3.928125 7.500000
v -8.637500 3.928125 7.500000
v -8.623958 3.928125 7.500000
v -8.610417 3.928125 7.500000
v -8.596875 3.928125 7.500000
v -8.583333 3.928125 7.500000
v -8.569792 3.928125 7.500000
v -8.556250 3.928125 7.500000
v -8.542708 3.928125 7.500000
v -8.529167 3.928125 7.500000
v -8.515625 3.928125 7.500000
v -8.502083 3.928125 7.500000
v -8.488542 3.928125 7.500000
v -8.475000 3.928125 7.500000
v -8.461458 3.928125 7.500000
v -8.447917 3.928125 7.500000
v -8.434375 3.928125 7.500000
v -8.420833 3.928125 7.500000
v -8.407292 3.928125 7.500000
v -8.393750 3.928125 7.500000
v -8.380208 3.928125 7.500000
v -8.366667 3.928125 7.500000
v -8.353125 3.928125 7.500000
v -8.339583 3.928125 7.500000
v -8.326042 3.928125 7.500000
v -8.312500 3.928125 7.500000
v -8.298958 3.928125 7.500000
v -8.285417 3.928125 7.500000
v -8.271875 3.928125 7.500000
v -8.258333 3.928125 7.500000
v -8.244792 3.928125 7.500000
v -8.231250 3.928125 7.500000
v -8.217708 3.928125 7.500000
v -8.204167 3.928125 7.500000
v -8.190625 3.928125 7.500000
v -8.177083 3.928125 7.500000
v -8.163542 3.928125 7.500000
v -8.150000 3.928125 7.500000
v -8.136458 3.928125 7.500000
v -8.122917 3.928125 7.500000
v -8.109375 3.928125 7.500000
v -8.095833 3.928125 7.500000
v -8.082292 3.928125 7.500000
v -8.068750 3.928125 7.500000
v -8.055208 3.928125 7.500000
v -8.041667 3.928125 7.500000
v -8.028125 3.928125 7.500000
v -8.014583 3.928125 7.500000
v -8.001042 3.928125 7.500000
v -7.987500 3.928125 7.500000
v -7.973958 3.928125 7.500000
v -7.960417 3.928125 7.500000
v -7.946875 3.928125 7.500000
v -7.933333 3.928125 7.500000
v -7.919792 3.928125 7.500000
v -7.906250 3.928125 7.500000
v -7.892708 3.928125 7.500000
v -7.879167 3.928125 7.500000
v -7.865625 3.928125 7.500000
v -7.852083 3.928125 7.500000
v -7.838542 3.928125 7.500000
v -7.825000 3.928125 7.500000
v -7.811458 3.928125 7.500000
v -7.797917 3.928125 7.500000
v -7.784375 3.928125 7.500000
v -7.770833 3.928125 7.500000
v -7.757292 3.928125 7.500000
v -7.743750 3.928125 7.500000
v -7.730208 3.928125 7.500000
v -7.716667 3.928125 7.500000
v -7.703125 3.928125 7.500000
v -7.689583 3.928125 7.500000
v -7.676042 3.928125 7.500000
v -7.662500 3.928125 7.500000
v -7.648958 3.928125 7.500000
v -7.635417 3.928125 7.500000
v -7.621875 3.928125 7.500000
v -7.608333 3.928125 7.500000
v -7.594792 3.928125 7.500000
v -7.581250 3.928125 7.500000
v -7.567708 3.928125 7.500000
v -7.554167 3.928125 7.500000
v -7.540625 3.928125 7.500000
v -7.527083 3.928125 7.500000
v -7.513542 3.928125 7.500000
v -7.500000 3.928125 7.500000
v -8.800000 4.273438 7.500000
v -8.786458 4.273438 7.500000
v -8.772917 4.273438 7.500000
v -8.759375 4.273438 7.500000
v -8.745833 4.273438 7.500000
v -8.732292 4.273438 7.500000
v -8.718750 4.273438 7.500000
v -8.705208 4.273438 7.500000
v -8.691667 4.273438 7.500000
v -8.678125 4.273438 7.500000
v -8.664583 4.273438 7.500000
v -8.651042 4.273438 7.500000
v -8.637500 4.273438 7.500000
v -8.623958 4.273438 7.500000
v -8.610417 4.273438 7.500000
v -8.596875 4.273438 7.500000
v -8.583333 4.273438 7.500000
v -8.569792 4.273438 7.500000
v -8.556250 4.273438 7.500000
v -8.542708 4.273438 7.500000
v -8.529167 4.273438 7.500000
v -8.515625 4.273438 7.500000
v -8.502083 4.273438 7.500000
v -8.488542 4.273438 7.500000
v -8.475000 4.273438 7.500000
v -8.461458 4.273438 7.500000
v -8.447917 4.273438 7.500000
v -8.434375 4.273438 7.500000
v -8.420833 4.273438 7.500000
v -8.407292 4.273438 7.500000
v -8.393750 4.273438 7.500000
v -8.380208 4.273438 7.500000
v -8.366667 4.273438 7.500000
v -8.353125 4.273438 7.500000
v -8.339583 4.273438 7.500000
v -8.326042 4.273438 7.500000
v -8.312500 4.273438 7.500000
v -8.298958 4.273438 7.500000
v -8.285417 4.273438 7.500000
v -8.271875 4.273438 7.500000
v -8.258333 4.273438 7.500000
v -8.244792 4.273438 7.500000
v -8.231250 4.273438 7.500000
v -8.217708 4.273438 7.500000
v -8.204167 4.273438 7.500000
v -8.190625 4.273438 7.500000
v -8.177083 4.273438 7.500000
v -8.163542 4.273438 7.500000
v -8.150000 4.273438 7.500000
v -8.136458 4.273438 7.500000
v -8.122917 4.273438 7.500000
v -8.109375 4.273438 7.500000
v -8.095833 4.273438 7.500000
v -8.082292 4.273438 7.500000
v -8.068750 4.273438 7.500000
v -8.055208 4.273438 7.500000
v -8.041667 4.273438 7.500000
v -8.028125 4.273438 7.500000
v -8.014583 4.273438 7.500000
v -8.001042 4.273438 7.500000
v -7.987500 4.273438 7.500000
v -7.973958 4.273438 7.500000
v -7.960417 4.273438 7.500000
v -7.946875 4.273438 7.500000
v -7.933333 4.273438 7.500000
v -7.919792 4.273438 7.500000
v -7.906250 4.273438 7.500000
v -7.892708 4.273438 7.500000
v -7.879167 4.273438 7.500000
v -7.865625 4.273438 7.500000
v -7.852083 4.273438 7.500000
v -7.838542 4.273438 7.500000
v -7.825000 4.273438 7.500000
v -7.811458 4.273438 7.500000
v -7.797917 4.273438 7.500000
v -7.784375 4.273438 7.500000
v -7.770833 4.273438 7.500000
v -7.757292 4.273438 7.500000
v -7.743750 4.273438 7.500000
v -7.730208 4.273438 7.500000
v -7.716667 4.273438 7.500000
v -7.703125 4.273438 7.500000
v -7.689583 4.273438 7.500000
v -7.676042 4.273438 7.500000
v -7.662500 4.273438 7.500000
v -7.648958 4.273438 7.500000
v -7.635417 4.273438 7.500000
v -7.621875 4.273438 7.500000
v -7.608333 4.273438 7.500000
v -7.594792 4.273438 7.500000
v -7.581250 4.273438 7.500000
v -7.567708 4.273438 7.500000
v -7.554167 4.273438 7.500000
v -7.540625 4.273438 7.500000
v -7.527083 4.273438 7.500000
v -7.513542 4.273438 7.500000
v -7.500000 4.273438 7.500000
v -8.800000 4.618750 7.500000
v -8.786458 4.618750 7.500000
v -8.772917 4.618750 7.500000
v -8.759375 4.618750 7.500000
v -8.745833 4.618750 7.500000
v -8.732292 4.618750 7.500000
v -8.718750 4.618750 7.500000
v -8.705208 4.618750 7.500000
v -8.691667 4.618750 7.500000
v -8.678125 4.618750 7.500000
v -8.664583 4.618750 7.500000
v -8.651042 4.618750 7.500000
v -8.637500 4.618750 7.500000
v -8.623958 4.618750 7.500000
v -8.610417 4.618750 7.500000
v -8.596875 4.618750 7.500000
v -8.583333 4.618750 7.500000
v -8.569792 4.618750 7.500000
v -8.556250 4.618750 7.500000
v -8.542708 4.618750 7.500000
v -8.529167 4.618750 7.500000
v -8.515625 4.618750 7.500000
v -8.502083 4.618750 7.500000
v -8.488542 4.618750 7.500000
v -8.475000 4.618750 7.500000
v -8.461458 4.618750 7.500000
v -8.447917 4.618750 7.500000
v -8.434375 4.618750 7.500000
v -8.420833 4.618750 7.500000
v -8.407292 4.618750 7.500000
v -8.393750 4.618750 7.500000
v -8.380208 4.618750 7.500000
v -8.366667 4.618750 7.500000
v -8.353125 4.618750 7.500000
v -8.339583 4.618750 7.500000
v -8.326042 4.618750 7.500000
v -8.312500 4.618750 7.500000
v -8.298958 4.618750 7.500000
v -8.285417 4.618750 7.500000
v -8.271875 4.618750 7.500000
v -8.258333 4.618750 7.500000
v -8.244792 4.618750 7.500000
v -8.231250 4.618750 7.500000
v -8.217708 4.618750 7.500000
v -8.204167 4.618750 7.500000
v -8.190625 4.618750 7.500000
v -8.177083 4.618750 7.500000
v -8.163542 4.618750 7.500000
v -8.150000 4.618750 7.500000
v -8.136458 4.618750 7.500000
v -8.122917 4.618750 7.500000
v -8.109375 4.618750 7.500000
v -8.095833 4.618750 7.500000
v -8.082292 4.618750 7.500000
v -8.068750 4.618750 7.500000
v -8.055208 4.618750 7.500000
v -8.041667 4.618750 7.500000
v -8.028125 4.618750 7.500000
v -8.014583 4.618750 7.500000
v -8.001042 4.618750 7.500000
v -7.987500 4.618750 7.500000
v -7.973958 4.618750 7.500000
v -7.960417 4.618750 7.500000
v -7.946875 4.618750 7.500000
v -7.933333 4.618750 7.500000
v -7.919792 4.618750 7.500000
v -7.906250 4.618750 7.500000
v -7.892708 4.618750 7.500000
v -7.879167 4.618750 7.500000
v -7.865625 4.618750 7.500000
v -7.852083 4.618750 7.500000
v -7.838542 4.618750 7.500000
v -7.825000 4.618750 7.500000
v -7.811458 4.618750 7.500000
v -7.797917 4.618750 7.500000
v -7.784375 4.618750 7.500000
v -7.770833 4.618750 7.500000
v -7.757292 4.618750 7.500000
v -7.743750 4.618750 7.500000
v -7.730208 4.618750 7.500000
v -7.716667 4.618750 7.500000
v -7.703125 4.618750 7.500000
v -7.689583 4.618750 7.500000
v -7.676042 4.618750 7.500000
v -7.662500 4.618750 7.500000
v -7.648958 4.618750 7.500000
v -7.635417 4.618750 7.500000
v -7.621875 4.618750 7.500000
v -7.608333 4.618750 7.500000
v -7.594792 4.618750 7.500000
v -7.581250 4.618750 7.500000
v -7.567708 4.618750 7.500000
v -7.554167 4.618750 7.500000
v -7.540625 4.618750 7.500000
v -7.527083 4.618750 7.500000
v -7.513542 4.618750 7.500000
v -7.500000 4.618750 7.500000
v -8.800000 4.964063 7.500000
v -8.786458 4.964063 7.500000
v -8.772917 4.964063 7.500000
v -8.759375 4.964063 7.500000
v -8.745833 4.964063 7.500000
v -8.732292 4.964063 7.500000
v -8.718750 4.964063 7.500000
v -8.705208 4.964063 7.500000
v -8.691667 4.964063 7.500000
v -8.678125 4.964063 7.500000
v -8.664583 4.964063 7.500000
v -8.651042 4.964063 7.500000
v -8.637500 4.964063 7.500000
v -8.623958 4.964063 7.500000
v -8.610417 4.964063 7.500000
v -8.596875 4.964063 7.500000
v -8.583333 4.964063 7.500000
v -8.569792 4.964063 7.500000
v -8.556250 4.964063 7.500000
v -8.542708 4.964063 7.500000
v -8.529167 4.964063 7.500000
v -8.515625 4.964063 7.500000
v -8.502083 4.964063 7.500000
v -8.488542 4.964063 7.500000
v -8.475000 4.964063 7.500000
v -8.461458 4.964063 7.500000
v -8.447917 4.964063 7.500000
v -8.434375 4.964063 7.500000
v -8.420833 4.964063 7.500000
v -8.407292 4.964063 7.500000
v -8.393750 4.964063 7.500000
v -8.380208 4.964063 7.500000
v -8.366667 4.964063 7.500000
v -8.353125 4.964063 7.500000
v -8.339583 4.964063 7.500000
v -8.326042 4.964063 7.500000
v -8.312500 4.964063 7.500000
v -8.298958 4.964063 7.500000
v -8.285417 4.964063 7.500000
v -8.271875 4.964063 7.500000
v -8.258333 4.964063 7.500000
v -8.244792 4.964063 7.500000
v -8.231250 4.964063 7.500000
v -8.217708 4.964063 7.500000
v -8.204167 4.964063 7.500000
v -8.190625 4.964063 7.500000
v -8.177083 4.964063 7.500000
v -8.163542 4.964063 7.500000
v -8.150000 4.964063 7.500000
v -8.136458 4.964063 7.500000
v -8.122917 4.964063 7.500000
v -8.109375 4.964063 7.500000
v -8.095833 4.964063 7.500000
v -8.082292 4.964063 7.500000
v -8.068750 4.964063 7.500000
v -8.055208 4.964063 7.500000
v -8.041667 4.964063 7.500000
v -8.028125 4.964063 7.500000
v -8.014583 4.964063 7.500000
v -8.001042 4.964063 7.500000
v -7.987500 4.964063 7.500000
v -7.973958 4.964063 7.500000
v -7.960417 4.964063 7.500000
v -7.946875 4.964063 7.500000
v -7.933333 4.964063 7.500000
v -7.919792 4.964063 7.500000
v -7.906250 4.964063 7.500000
v -7.892708 4.964063 7.500000
v -7.879167 4.964063 7.500000
v -7.865625 4.964063 7.500000
v -7.852083 4.964063 7.500000
v -7.838542 4.964063 7.500000
v -7.825000 4.964063 7.500000
v -7.811458 4.964063 7.500000
v -7.797917 4.964063 7.500000
v -7.784375 4.964063 7.500000
v -7.770833 4.964063 7.500000
v -7.757292 4.964063 7.500000
v -7.743750 4.964063 7.500000
v -7.730208 4.964063 7.500000
v -7.716667 4.964063 7.500000
v -7.703125 4.964063 7.500000
v -7.689583 4.964063 7.500000
v -7.676042 4.964063 7.500000
v -7.662500 4.964063 7.500000
v -7.648958 4.964063 7.500000
v -7.635417 4.964063 7.500000
v -7.621875 4.964063 7.500000
v -7.608333 4.964063 7.500000
v -7.594792 4.964063 7.500000
v -7.581250 4.964063 7.500000
v -7.567708 4.964063 7.500000
v -7.554167 4.964063 7.500000
v -7.540625 4.964063 7.500000
v -7.527083 4.964063 7.500000
v -7.513542 4.964063 7.500000
v -7.500000 4.964063 7.500000
v -8.800000 5.309375 7.500000
v -8.786458 5.309375 7.500000
v -8.772917 5.309375 7.500000
v -8.759375 5.309375 7.500000
v -8.745833 5.309375 7.500000
v -8.732292 5.309375 7.500000
v -8.718750 5.309375 7.500000
v -8.705208 5.309375 7.500000
v -8.691667 5.309375 7.500000
v -8.678125 5.309375 7.500000
v -8.664583 5.309375 7.500000
v -8.651042 5.309375 7.500000
v -8.637500 5.309375 7.500000
v -8.623958 5.309375 7.500000
v -8.610417 5.309375 7.500000
v -8.596875 5.309375 7.500000
v -8.583333 5.309375 7.500000
v -8.569792 5.309375 7.500000
v -8.556250 5.309375 7.500000
v -8.542708 5.309375 7.500000
v -8.529167 5.309375 7.500000
v -8.515625 5.309375 7.500000
v -8.502083 5.309375 7.500000
v -8.488542 5.309375 7.500000
v -8.475000 5.309375 7.500000
v -8.461458 5.309375 7.500000
v -8.447917 5.309375 7.500000
v -8.434375 5.309375 7.500000
v -8.420833 5.309375 7.500000
v -8.407292 5.309375 7.500000
v -8.393750 5.309375 7.500000
v -8.380208 5.309375 7.500000
v -8.366667 5.309375 7.500000
v -8.353125 5.309375 7.500000
v -8.339583 5.309375 7.500000
v -8.326042 5.309375 7.500000
v -8.312500 5.309375 7.500000
v -8.298958 5.309375 7.500000
v -8.285417 5.309375 7.500000
v -8.271875 5.309375 7.500000
v -8.258333 5.309375 7.500000
v -8.244792 5.309375 7.500000
v -8.231250 5.309375 7.500000
v -8.217708 5.309375 7.500000
v -8.204167 5.309375 7.500000
v -8.190625 5.309375 7.500000
v -8.177083 5.309375 7.500000
v -8.163542 5.309375 7.500000
v -8.150000 5.309375 7.500000
v -8.136458 5.309375 7.500000
v -8.122917 5.309375 7.500000
v -8.109375 5.309375 7.500000
v -8.095833 5.309375 7.500000
v -8.082292 5.309375 7.500000
v -8.068750 5.309375 7.500000
v -8.055208 5.309375 7.500000
v -8.041667 5.309375 7.500000
v -8.028125 5.309375 7.500000
v -8.014583 5.309375 7.500000
v -8.001042 5.309375 7.500000
v -7.987500 5.309375 7.500000
v -7.973958 5.309375 7.500000
v -7.960417 5.309375 7.500000
v -7.946875 5.309375 7.500000
v -7.933333 5.309375 7.500000
v -7.919792 5.309375 7.500000
v -7.906250 5.309375 7.500000
v -7.892708 5.309375 7.500000
v -7.879167 5.309375 7.500000
v -7.865625 5.309375 7.500000
v -7.852083 5.309375 7.500000
v -7.838542 5.309375 7.500000
v -7.825000 5.309375 7.500000
v -7.811458 5.309375 7.500000
v -7.797917 5.309375 7.500000
v -7.784375 5.309375 7.500000
v -7.770833 5.309375 7.500000
v -7.757292 5.309375 7.500000
v -7.743750 5.309375 7.500000
v -7.730208 5.309375 7.500000
v -7.716667 5.309375 7.500000
v -7.703125 5.309375 7.500000
v -7.689583 5.309375 7.500000
v -7.676042 5.309375 7.500000
v -7.662500 5.309375 7.500000
v -7.648958 5.309375 7.500000
v -7.635417 5.309375 7.500000
v -7.621875 5.309375 7.500000
v -7.608333 5.309375 7.500000
v -7.594792 5.309375 7.500000
v -7.581250 5.309375 7.500000
v -7.567708 5.309375 7.500000
v -7.554167 5.309375 7.500000
v -7.540625 5.309375 7.500000
v -7.527083 5.309375 7.500000
v -7.513542 5.309375 7.500000
v -7.500000 5.309375 7.500000
v -8.800000 5.654688 7.500000
v -8.786458 5.654688 7.500000
v -8.772917 5.654688 7.500000
v -8.759375 5.654688 7.500000
v -8.745833 5.654688 7.500000
v -8.732292 5.654688 7.500000
v -8.718750 5.654688 7.500000
v -8.705208 5.654688 7.500000
v -8.691667 5.654688 7.500000
v -8.678125 5.654688 7.500000
v -8.664583 5.654688 7.500000
v -8.651042 5.654688 7.500000
v -8.637500 5.654688 7.500000
v -8.623958 5.654688 7.500000
v -8.610417 5.654688 7.500000
v -8.596875 5.654688 7.500000
v -8.583333 5.654688 7.500000
v -8.569792 5.654688 7.500000
v -8.556250 5.654688 7.500000
v -8.542708 5.654688 7.500000
v -8.529167 5.654688 7.500000
v -8.515625 5.654688 7.500000
v -8.502083 5.654688 7.500000
v -8.488542 5.654688 7.500000
v -8.475000 5.654688 7.500000
v -8.461458 5.654688 7.500000
v -8.447917 5.654688 7.500000
v -8.434375 5.654688 7.500000
v -8.420833 5.654688 7.500000
v -8.407292 5.654688 7.500000
v -8.393750 5.654688 7.500000
v -8.380208 5.654688 7.500000
v -8.366667 5.654688 7.500000
v -8.353125 5.654688 7.500000
v -8.339583 5.654688 7.500000
v -8.326042 5.654688 7.500000
v -8.312500 5.654688 7.500000
v -8.298958 5.654688 7.500000
v -8.285417 5.654688 7.500000
v -8.271875 5.654688 7.500000
v -8.258333 5.654688 7.500000
v -8.244792 5.654688 7.500000
v -8.231250 5.654688 7.500000
v -8.217708 5.654688 7.500000
v -8.204167 5.654688 7.500000
v -8.190625 5.654688 7.500000
v -8.177083 5.654688 7.500000
v -8.163542 5.654688 7.500000
v -8.150000 5.654688 7.500000
v -8.136458 5.654688 7.500000
v -8.122917 5.654688 7.500000
v -8.109375 5.654688 7.500000
v -8.095833 5.654688 7.500000
v -8.082292 5.654688 7.500000
v -8.068750 5.654688 7.500000
v -8.055208 5.654688 7.500000
v -8.041667 5.654688 7.500000
v -8.028125 5.654688 7.500000
v -8.014583 5.654688 7.500000
v -8.001042 5.654688 7.500000
v -7.987500 5.654688 7.500000
v -7.973958 5.654688 7.500000
v -7.960417 5.654688 7.500000
v -7.946875 5.654688 7.500000
v -7.933333 5.654688 7.500000
v -7.919792 5.654688 7.500000
v -7.906250 5.654688 7.500000
v -7.892708 5.654688 7.500000
v -7.879167 5.654688 7.500000
v -7.865625 5.654688 7.500000
v -7.852083 5.654688 7.500000
v -7.838542 5.654688 7.500000
v -7.825000 5.654688 7.500000
v -7.811458 5.654688 7.500000
v -7.797917 5.654688 7.500000
v -7.784375 5.654688 7.500000
v -7.770833 5.654688 7.500000
v -7.757292 5.654688 7.500000
v -7.743750 5.654688 7.500000
v -7.730208 5.654688 7.500000
v -7.716667 5.654688 7.500000
v -7.703125 5.654688 7.500000
v -7.689583 5.654688 7.500000
v -7.676042 5.654688 7.500000
v -7.662500 5.654688 7.500000
v -7.648958 5.654688 7.500000
v -7.635417 5.654688 7.500000
v -7.621875 5.654688 7.500000
v -7.608333 5.654688 7.500000
v -7.594792 5.654688 7.500000
v -7.581250 5.654688 7.500000
v -7.567708 5.654688 7.500000
v -7.554167 5.654688 7.500000
v -7.540625 5.654688 7.500000
v -7.527083 5.654688 7.500000
v -7.513542 5.654688 7.500000
v -7.500000 5.654688 7.500000
v -8.800000 6.000000 7.500000
v -8.786458 6.000000 7.500000
v -8.772917 6.000000 7.500000
v -8.759375 6.000000 7.500000
v -8.745833 6.000000 7.500000
v -8.732292 6.000000 7.500000
v -8.718750 6.000000 7.500000
v -8.705208 6.000000 7.500000
v -8.691667 6.000000 7.500000
v -8.678125 6.000000 7.500000
v -8.664583 6.000000 7.500000
v -8.651042 6.000000 7.500000
v -8.637500 6.000000 7.500000
v -8.623958 6.000000 7.500000
v -8.610417 6.000000 7.500000
v -8.596875 6.000000 7.500000
v -8.583333 6.000000 7.500000
v -8.569792 6.000000 7.500000
v -8.556250 6.000000 7.500000
v -8.542708 6.000000 7.500000
v -8.529167 6.000000 7.500000
v -8.515625 6.000000 7.500000
v -8.502083 6.000000 7.500000
v -8.488542 6.000000 7.500000
v -8.475000 6.000000 7.500000
v -8.461458 6.000000 7.500000
v -8.447917 6.000000 7.500000
v -8.434375 6.000000 7.500000
v -8.420833 6.000000 7.500000
v -8.407292 6.000000 7.500000
v -8.393750 6.000000 7.500000
v -8.380208 6.000000 7.500000
v -8.366667 6.000000 7.500000
v -8.353125 6.000000 7.500000
v -8.339583 6.000000 7.500000
v -8.326042 6.000000 7.500000
v -8.312500 6.000000 7.500000
v -8.298958 6.000000 7.500000
v -8.285417 6.000000 7.500000
v -8.271875 6.000000 7.500000
v -8.258333 6.000000 7.500000
v -8.244792 6.000000 7.500000
v -8.231250 6.000000 7.500000
v -8.217708 6.000000 7.500000
v -8.204167 6.000000 7.500000
v -8.190625 6.000000 7.500000
v -8.177083 6.000000 7.500000
v -8.163542 6.000000 7.500000
v -8.150000 6.000000 7.500000
v -8.136458 6.000000 7.500000
v -8.122917 6.000000 7.500000
v -8.109375 6.000000 7.500000
v -8.095833 6.000000 7.500000
v -8.082292 6.000000 7.500000
v -8.068750 6.000000 7.500000
v -8.055208 6.000000 7.500000
v -8.041667 6.000000 7.500000
v -8.028125 6.000000 7.500000
v -8.014583 6.000000 7.500000
v -8.001042 6.000000 7.500000
v -7.987500 6.000000 7.500000
v -7.973958 6.000000 7.500000
v -7.960417 6.000000 7.500000
v -7.946875 6.000000 7.500000
v -7.933333 6.000000 7.500000
v -7.919792 6.000000 7.500000
v -7.906250 6.000000 7.500000
v -7.892708 6.000000 7.500000
v -7.879167 6.000000 7.500000
v -7.865625 6.000000 7.500000
v -7.852083 6.000000 7.500000
v -7.838542 6.000000 7.500000
v -7.825000 6.000000 7.500000
v -7.811458 6.000000 7.500000
v -7.797917 6.000000 7.500000
v -7.784375 6.000000 7.500000
v -7.770833 6.000000 7.500000
v -7.757292 6.000000 7.500000
v -7.743750 6.000000 7.500000
v -7.730208 6.000000 7.500000
v -7.716667 6.000000 7.500000
v -7.703125 6.000000 7.500000
v -7.689583 6.000000 7.500000
v -7.676042 6.000000 7.500000
v -7.662500 6.000000 7.500000
v -7.648958 6.000000 7.500000
v -7.635417 6.000000 7.500000
v -7.621875 6.000000 7.500000
v -7.608333 6.000000 7.500000
v -7.594792 6.000000 7.500000
v -7.581250 6.000000 7.500000
v -7.567708 6.000000 7.500000
v -7.554167 6.000000 7.500000
v -7.540625 6.000000 7.500000
v -7.527083 6.000000 7.500000
v -7.513542 6.000000 7.500000
v -7.500000 6.000000 7.500000
f 1 98 99
f 1 99 2
f 3202 3203 3300
f 3202 3300 3299
f 2 99 100
f 2 100 3
f 3203 3204 3301
f 3203 3301 3300
f 3 100 101
f 3 101 4
f 3204 3205 3302
f 3204 3302 3301
f 4 101 102
f 4 102 5
f 3205 3206 3303
f 3205 3303 3302
f 5 102 103
f 5 103 6
f 3206 3207 3304
f 3206 3304 3303
f 6 103 104
f 6 104 7
f 3207 3208 3305
f 3207 3305 3304
f 7 104 105
f 7 105 8
f 3208 3209 3306
f 3208 3306 3305
f 8 105 106
f 8 106 9
f 3209 3210 3307
f 3209 3307 3306
f 9 106 107
f 9 107 10
f 3210 3211 3308
f 3210 3308 3307
f 10 107 108
f 10 108 11
f 3211 3212 3309
f 3211 3309 3308
f 11 108 109
f 11 109 12
f 3212 3213 3310
f 3212 3310 3309
f 12 109 110
f 12 110 13
f 3213 3214 3311
f 3213 3311 3310
f 13 110 111
f 13 111 14
f 3214 3215 3312
f 3214 3312 3311
f 14 111 112
f 14 112 15
f 3215 3216 3313
f 3215 3313 3312
f 15 112 113
f 15 113 16
f 3216 3217 3314
f 3216 3314 3313
f 16 113 114
f 16 114 17
f 3217 3218 3315
f 3217 3315 3314
f 17 114 115
f 17 115 18
f 3218 3219 3316
f 3218 3316 3315
f 18 115 116
f 18 116 19
f 3219 3220 3317
f 3219 3317 3316
f 19 116 117
f 19 117 20
f 3220 3221 3318
f 3220 3318 3317
f 20 117 118
f 20 118 21
f 3221 3222 3319
f 3221 3319 3318
f 21 118 119
f 21 119 22
f 3222 3223 3320
f 3222 3320 3319
f 22 119 120
f 22 120 23
f 3223 3224 3321
f 3223 3321 3320
f 23 120 121
f 23 121 24
f 3224 3225 3322
f 3224 3322 3321
f 24 121 122
f 24 122 25
f 3225 3226 3323
f 3225 3323 3322
f 25 122 123
f 25 123 26
f 3226 3227 3324
f 3226 3324 3323
f 26 123 124
f 26 124 27
f 3227 3228 3325
f 3227 3325 3324
f 27 124 125
f 27 125 28
f 3228 3229 3326
f 3228 3326 3325
f 28 125 126
f 28 126 29
f 3229 3230 3327
f 3229 3327 3326
f 29 126 127
f 29 127 30
f 3230 3231 3328
f 3230 3328 3327
f 30 127 128
f 30 128 31
f 3231 3232 3329
f 3231 3329 3328
f 31 128 129
f 31 129 32
f 3232 3233 3330
f 3232 3330 3329
f 32 129 130
f 32 130 33
f 3233 3234 3331
f 3233 3331 3330
f 33 130 131
f 33 131 34
f 3234 3235 3332
f 3234 3332 3331
f 34 131 132
f 34 132 35
f 3235 3236 3333
f 3235 3333 3332
f 35 132 133
f 35 133 36
f 3236 3237 3334
f 3236 3334 3333
f 36 133 134
f 36 134 37
f 3237 3238 3335
f 3237 3335 3334
f 37 134 135
f 37 135 38
f 3238 3239 3336
f 3238 3336 3335
f 38 135 136
f 38 136 39
f 3239 3240 3337
f 3239 3337 3336
f 39 136 137
f 39 137 40
f 3240 3241 3338
f 3240 3338 3337
f 40 137 138
f 40 138 41
f 3241 3242 3339
f 3241 3339 3338
f 41 138 139
f 41 139 42
f 3242 3243 3340
f 3242 3340 3339
f 42 139 140
f 42 140 43
f 3243 3244 3341
f 3243 3341 3340
f 43 140 141
f 43 141 44
f 3244 3245 3342
f 3244 3342 3341
f 44 141 142
f 44 142 45
f 3245 3246 3343
f 3245 3343 3342
f 45 142 143
f 45 143 46
f 3246 3247 3344
f 3246 3344 3343
f 46 143 144
f 46 144 47
f 3247 3248 3345
f 3247 3345 3344
f 47 144 145
f 47 145 48
f 3248 3249 3346
f 3248 3346 3345
f 48 145 146
f 48 146 49
f 3249 3250 3347
f 3249 3347 3346
f 49 146 147
f 49 147 50
f 3250 3251 3348
f 3250 3348 3347
f 50 147 148
f 50 148 51
f 3251 3252 3349
f 3251 3349 3348
f 51 148 149
f 51 149 52
f 3252 3253 3350
f 3252 3350 3349
f 52 149 150
f 52 150 53
f 3253 3254 3351
f 3253 3351 3350
f 53 150 151
f 53 151 54
f 3254 3255 3352
f 3254 3352 3351
f 54 151 152
f 54 152 55
f 3255 3256 3353
f 3255 3353 3352
f 55 152 153
f 55 153 56
f 3256 3257 3354
f 3256 3354 3353
f 56 153 154
f 56 154 57
f 3257 3258 3355
f 3257 3355 3354
f 57 154 155
f 57 155 58
f 3258 3259 3356
f 3258 3356 3355
f 58 155 156
f 58 156 59
f 3259 3260 3357
f 3259 3357 3356
f 59 156 157
f 59 157 60
f 3260 3261 3358
f 3260 3358 3357
f 60 157 158
f 60 158 61
f 3261 3262 3359
f 3261 3359 3358
f 61 158 159
f 61 159 62
f 3262 3263 3360
f 3262 3360 3359
f 62 159 160
f 62 160 63
f 3263 3264 3361
f 3263 3361 3360
f 63 160 161
f 63 161 64
f 3264 3265 3362
f 3264 3362 3361
f 64 161 162
f 64 162 65
f 3265 3266 3363
f 3265 3363 3362
f 65 162 163
f 65 163 66
f 3266 3267 3364
f 3266 3364 3363
f 66 163 164
f 66 164 67
f 3267 3268 3365
f 3267 3365 3364
f 67 164 165
f 67 165 68
f 3268 3269 3366
f 3268 3366 3365
f 68 165 166
f 68 166 69
f 3269 3270 3367
f 3269 3367 3366
f 69 166 167
f 69 167 70
f 3270 3271 3368
f 3270 3368 3367
f 70 167 168
f 70 168 71
f 3271 3272 3369
f 3271 3369 3368
f 71 168 169
f 71 169 72
f 3272 3273 3370
f 3272 3370 3369
f 72 169 170
f 72 170 73
f 3273 3274 3371
f 3273 3371 3370
f 73 170 171
f 73 171 74
f 3274 3275 3372
f 3274 3372 3371
f 74 171 172
f 74 172 75
f 3275 3276 3373
f 3275 3373 3372
f 75 172 173
f 75 173 76
f 3276 3277 3374
f 3276 3374 3373
f 76 173 174
f 76 174 77
f 3277 3278 3375
f 3277 3375 3374
f 77 174 175
f 77 175 78
f 3278 3279 3376
f 3278 3376 3375
f 78 175 176
f 78 176 79
f 3279 3280 3377
f 3279 3377 3376
f 79 176 177
f 79 177 80
f 3280 3281 3378
f 3280 3378 3377
f 80 177 178
f 80 178 81
f 3281 3282 3379
f 3281 3379 3378
f 81 178 179
f 81 179 82
f 3282 3283 3380
f 3282 3380 3379
f 82 179 180
f 82 180 83
f 3283 3284 3381
f 3283 3381 3380
f 83 180 181
f 83 181 84
f 3284 3285 3382
f 3284 3382 3381
f 84 181 182
f 84 182 85
f 3285 3286 3383
f 3285 3383 3382
f 85 182 183
f 85 183 86
f 3286 3287 3384
f 3286 3384 3383
f 86 183 184
f 86 184 87
f 3287 3288 3385
f 3287 3385 3384
f 87 184 185
f 87 185 88
f 3288 3289 3386
f 3288 3386 3385
f 88 185 186
f 88 186 89
f 3289 3290 3387
f 3289 3387 3386
f 89 186 187
f 89 187 90
f 3290 3291 3388
f 3290 3388 3387
f 90 187 188
f 90 188 91
f 3291 3292 3389
f 3291 3389 3388
f 91 188 189
f 91 189 92
f 3292 3293 3390
f 3292 3390 3389
f 92 189 190
f 92 190 93
f 3293 3294 3391
f 3293 3391 3390
f 93 190 191
f 93 191 94
f 3294 3295 3392
f 3294 3392 3391
f 94 191 192
f 94 192 95
f 3295 3296 3393
f 3295 3393 3392
f 95 192 193
f 95 193 96
f 3296 3297 3394
f 3296 3394 3393
f 96 193 194
f 96 194 97
f 3297 3298 3395
f 3297 3395 3394
f 98 195 196
f 98 196 99
f 3299 3300 3397
f 3299 3397 3396
f 99 196 197
f 99 197 100
f 3300 3301 3398
f 3300 3398 3397
f 100 197 198
f 100 198 101
f 3301 3302 3399
f 3301 3399 3398
f 101 198 199
f 101 199 102
f 3302 3303 3400
f 3302 3400 3399
f 102 199 200
f 102 200 103
f 3303 3304 3401
f 3303 3401 3400
f 103 200 201
f 103 201 104
f 3304 3305 3402
f 3304 3402 3401
f 104 201 202
f 104 202 105
f 3305 3306 3403
f 3305 3403 3402
f 105 202 203
f 105 203 106
f 3306 3307 3404
f 3306 3404 3403
f 106 203 204
f 106 204 107
f 3307 3308 3405
f 3307 3405 3404
f 107 204 205
f 107 205 108
f 3308 3309 3406
f 3308 3406 3405
f 108 205 206
f 108 206 109
f 3309 3310 3407
f 3309 3407 3406
f 109 206 207
f 109 207 110
f 3310 3311 3408
f 3310 3408 3407
f 110 207 208
f 110 208 111
f 3311 3312 3409
f 3311 3409 3408
f 111 208 209
f 111 209 112
f 3312 3313 3410
f 3312 3410 3409
f 112 209 210
f 112 210 113
f 3313 3314 3411
f 3313 3411 3410
f 113 210 211
f 113 211 114
f 3314 3315 3412
f 3314 3412 3411
f 114 211 212
f 114 212 115
f 3315 3316 3413
f 3315 3413 3412
f 115 212 213
f 115 213 116
f 3316 3317 3414
f 3316 3414 3413
f 116 213 214
f 116 214 117
f 3317 3318 3415
f 3317 3415 3414
f 117 214 215
f 117 215 118
f 3318 3319 3416
f 3318 3416 3415
f 118 215 216
f 118 216 119
f 3319 3320 3417
f 3319 3417 3416
f 119 216 217
f 119 217 120
f 3320 3321 3418
f 3320 3418 3417
f 120 217 218
f 120 218 121
f 3321 3322 3419
f 3321 3419 3418
f 121 218 219
f 121 219 122
f 3322 3323 3420
f 3322 3420 3419
f 122 219 220
f 122 220 123
f 3323 3324 3421
f 3323 3421 3420
f 123 220 221
f 123 221 124
f 3324 3325 3422
f 3324 3422 3421
f 124 221 222
f 124 222 125
f 3325 3326 3423
f 3325 3423 3422
f 125 222 223
f 125 223 126
f 3326 3327 3424
f 3326 3424 3423
f 126 223 224
f 126 224 127
f 3327 3328 3425
f 3327 3425 3424
f 127 224 225
f 127 225 128
f 3328 3329 3426
f 3328 3426 3425
f 128 225 226
f 128 226 129
f 3329 3330 3427
f 3329 3427 3426
f 129 226 227
f 129 227 130
f 3330 3331 3428
f 3330 3428 3427
f 130 227 228
f 130 228 131
f 3331 3332 3429
f 3331 3429 3428
f 131 228 229
f 131 229 132
f 3332 3333 3430
f 3332 3430 3429
f 132 229 230
f 132 230 133
f 3333 3334 3431
f 3333 3431 3430
f 133 230 231
f 133 231 134
f 3334 3335 3432
f 3334 3432 3431
f 134 231 232
f 134 232 135
f 3335 3336 3433
f 3335 3433 3432
f 135 232 233
f 135 233 136
f 3336 3337 3434
f 3336 3434 3433
f 136 233 234
f 136 234 137
f 3337 3338 3435
f 3337 3435 3434
f 137 234 235
f 137 235 138
f 3338 3339 3436
f 3338 3436 3435
f 138 235 236
f 138 236 139
f 3339 3340 3437
f 3339 3437 3436
f 139 236 237
f 139 237 140
f 3340 3341 3438
f 3340 3438 3437
f 140 237 238
f 140 238 141
f 3341 3342 3439
f 3341 3439 3438
f 141 238 239
f 141 239 142
f 3342 3343 3440
f 3342 3440 3439
f 142 239 240
f 142 240 143
f 3343 3344 3441
f 3343 3441 3440
f 143 240 241
f 143 241 144
f 3344 3345 3442
f 3344 3442 3441
f 144 241 242
f 144 242 145
f 3345 3346 3443
f 3345 3443 3442
f 145 242 243
f 145 243 146
f 3346 3347 3444
f 3346 3444 3443
f 146 243 244
f 146 244 147
f 3347 3348 3445
f 3347 3445 3444
f 147 244 245
f 147 245 148
f 3348 3349 3446
f 3348 3446 3445
f 148 245 246
f 148 246 149
f 3349 3350 3447
f 3349 3447 3446
f 149 246 247
f 149 247 150
f 3350 3351 3448
f 3350 3448 3447
f 150 247 248
f 150 248 151
f 3351 3352 3449
f 3351 3449 3448
f 151 248 249
f 151 249 152
f 3352 3353 3450
f 3352 3450 3449
f 152 249 250
f 152 250 153
f 3353 3354 3451
f 3353 3451 3450
f 153 250 251
f 153 251 154
f 3354 3355 3452
f 3354 3452 3451
f 154 251 252
f 154 252 155
f 3355 3356 3453
f 3355 3453 3452
f 155 252 253
f 155 253 156
f 3356 3357 3454
f 3356 3454 3453
f 156 253 254
f 156 254 157
f 3357 3358 3455
f 3357 3455 3454
f 157 254 255
f 157 255 158
f 3358 3359 3456
f 3358 3456 3455
f 158 255 256
f 158 256 159
f 3359 3360 3457
f 3359 3457 3456
f 159 256 257
f 159 257 160
f 3360 3361 3458
f 3360 3458 3457
f 160 257 258
f 160 258 161
f 3361 3362 3459
f 3361 3459 3458
f 161 258 259
f 161 259 162
f 3362 3363 3460
f 3362 3460 3459
f 162 259 260
f 162 260 163
f 3363 3364 3461
f 3363 3461 3460
f 163 260 261
f 163 261 164
f 3364 3365 3462
f 3364 3462 3461
f 164 261 262
f 164 262 165
f 3365 3366 3463
f 3365 3463 3462
f 165 262 263
f 165 263 166
f 3366 3367 3464
f 3366 3464 3463
f 166 263 264
f 166 264 167
f 3367 3368 3465
f 3367 3465 3464
f 167 264 265
f 167 265 168
f 3368 3369 3466
f 3368 3466 3465
f 168 265 266
f 168 266 169
f 3369 3370 3467
f 3369 3467 3466
f 169 266 267
f 169 267 170
f 3370 3371 3468
f 3370 3468 3467
f 170 267 268
f 170 268 171
f 3371 3372 3469
f 3371 3469 3468
f 171 268 269
f 171 269 172
f 3372 3373 3470
f 3372 3470 3469
f 172 269 270
f 172 270 173
f 3373 3374 3471
f 3373 3471 3470
f 173 270 271
f 173 271 174
f 3374 3375 3472
f 3374 3472 3471
f 174 271 272
f 174 272 175
f 3375 3376 3473
f 3375 3473 3472
f 175 272 273
f 175 273 176
f 3376 3377 3474
f 3376 3474 3473
f 176 273 274
f 176 274 177
f 3377 3378 3475
f 3377 3475 3474
f 177 274 275
f 177 275 178
f 3378 3379 3476
f 3378 3476 3475
f 178 275 276
f 178 276 179
f 3379 3380 3477
f 3379 3477 3476
f 179 276 277
f 179 277 180
f 3380 3381 3478
f 3380 3478 3477
f 180 277 278
f 180 278 181
f 3381 3382 3479
f 3381 3479 3478
f 181 278 279
f 181 279 182
f 3382 3383 3480
f 3382 3480 3479
f 182 279 280
f 182 280 183
f 3383 3384 3481
f 3383 3481 3480
f 183 280 281
f 183 281 184
f 3384 3385 3482
f 3384 3482 3481
f 184 281 282
f 184 282 185
f 3385 3386 3483
f 3385 3483 3482
f 185 282 283
f 185 283 186
f 3386 3387 3484
f 3386 3484 3483
f 186 283 284
f 186 284 187
f 3387 3388 3485
f 3387 3485 3484
f 187 284 285
f 187 285 188
f 3388 3389 3486
f 3388 3486 3485
f 188 285 286
f 188 286 189
f 3389 3390 3487
f 3389 3487 3486
f 189 286 287
f 189 287 190
f 3390 3391 3488
f 3390 3488 3487
f 190 287 288
f 190 288 191
f 3391 3392 3489
f 3391 3489 3488
f 191 288 289
f 191 289 192
f 3392 3393 3490
f 3392 3490 3489
f 192 289 290
f 192 290 193
f 3393 3394 3491
f 3393 3491 3490
f 193 290 291
f 193 291 194
f 3394 3395 3492
f 3394 3492 3491
f 195 292 293
f 195 293 196
f 3396 3397 3494
f 3396 3494 3493
f 196 293 294
f 196 294 197
f 3397 3398 3495
f 3397 3495 3494
f 197 294 295
f 197 295 198
f 3398 3399 3496
f 3398 3496 3495
f 198 295 296
f 198 296 199
f 3399 3400 3497
f 3399 3497 3496
f 199 296 297
f 199 297 200
f 3400 3401 3498
f 3400 3498 3497
f 200 297 298
f 200 298 201
f 3401 3402 3499
f 3401 3499 3498
f 201 298 299
f 201 299 202
f 3402 3403 3500
f 3402 3500 3499
f 202 299 300
f 202 300 203
f 3403 3404 3501
f 3403 3501 3500
f 203 300 301
f 203 301 204
f 3404 3405 3502
f 3404 3502 3501
f 204 301 302
f 204 302 205
f 3405 3406 3503
f 3405 3503 3502
f 205 302 303
f 205 303 206
f 3406 3407 3504
f 3406 3504 3503
f 206 303 304
f 206 304 207
f 3407 3408 3505
f 3407 3505 3504
f 207 304 305
f 207 305 208
f 3408 3409 3506
f 3408 3506 3505
f 208 305 306
f 208 306 209
f 3409 3410 3507
f 3409 3507 3506
f 209 306 307
f 209 307 210
f 3410 3411 3508
f 3410 3508 3507
f 210 307 308
f 210 308 211
f 3411 3412 3509
f 3411 3509 3508
f 211 308 309
f 211 309 212
f 3412 3413 3510
f 3412 3510 3509
f 212 309 310
f 212 310 213
f 3413 3414 3511
f 3413 3511 3510
f 213 310 311
f 213 311 214
f 3414 3415 3512
f 3414 3512 3511
f 214 311 312
f 214 312 215
f 3415 3416 3513
f 3415 3513 3512
f 215 312 313
f 215 313 216
f 3416 3417 3514
f 3416 3514 3513
f 216 313 314
f 216 314 217
f 3417 3418 3515
f 3417 3515 3514
f 217 314 315
f 217 315 218
f 3418 3419 3516
f 3418 3516 3515
f 218 315 316
f 218 316 219
f 3419 3420 3517
f 3419 3517 3516
f 219 316 317
f 219 317 220
f 3420 3421 3518
f 3420 3518 3517
f 220 317 318
f 220 318 221
f 3421 3422 3519
f 3421 3519 3518
f 221 318 319
f 221 319 222
f 3422 3423 3520
f 3422 3520 3519
f 222 319 320
f 222 320 223
f 3423 3424 3521
f 3423 3521 3520
f 223 320 321
f 223 321 224
f 3424 3425 3522
f 3424 3522 3521
f 224 321 322
f 224 322 225
f 3425 3426 3523
f 3425 3523 3522
f 225 322 323
f 225 323 226
f 3426 3427 3524
f 3426 3524 3523
f 226 323 324
f 226 324 227
f 3427 3428 3525
f 3427 3525 3524
f 227 324 325
f 227 325 228
f 3428 3429 3526
f 3428 3526 3525
f 228 325 326
f 228 326 229
f 3429 3430 3527
f 3429 3527 3526
f 229 326 327
f 229 327 230
f 3430 3431 3528
f 3430 3528 3527
f 230 327 328
f 230 328 231
f 3431 3432 3529
f 3431 3529 3528
f 231 328 329
f 231 329 232
f 3432 3433 3530
f 3432 3530 3529
f 232 329 330
f 232 330 233
f 3433 3434 3531
f 3433 3531 3530
f 233 330 331
f 233 331 234
f 3434 3435 3532
f 3434 3532 3531
f 234 331 332
f 234 332 235
f 3435 3436 3533
f 3435 3533 3532
f 235 332 333
f 235 333 236
f 3436 3437 3534
f 3436 3534 3533
f 236 333 334
f 236 334 237
f 3437 3438 3535
f 3437 3535 3534
f 237 334 335
f 237 335 238
f 3438 3439 3536
f 3438 3536 3535
f 238 335 336
f 238 336 239
f 3439 3440 3537
f 3439 3537 3536
f 239 336 337
f 239 337 240
f 3440 3441 3538
f 3440 3538 3537
f 240 337 338
f 240 338 241
f 3441 3442 3539
f 3441 3539 3538
f 241 338 339
f 241 339 242
f 3442 3443 3540
f 3442 3540 3539
f 242 339 340
f 242 340 243
f 3443 3444 3541
f 3443 3541 3540
f 243 340 341
f 243 341 244
f 3444 3445 3542
f 3444 3542 3541
f 244 341 342
f 244 342 245
f 3445 3446 3543
f 3445 3543 3542
f 245 342 343
f 245 343 246
f 3446 3447 3544
f 3446 3544 3543
f 246 343 344
f 246 344 247
f 3447 3448 3545
f 3447 3545 3544
f 247 344 345
f 247 345 248
f 3448 3449 3546
f 3448 3546 3545
f 248 345 346
f 248 346 249
f 3449 3450 3547
f 3449 3547 3546
f 249 346 347
f 249 347 250
f 3450 3451 3548
f 3450 3548 3547
f 250 347 348
f 250 348 251
f 3451 3452 3549
f 3451 3549 3548
f 251 348 349
f 251 349 252
f 3452 3453 3550
f 3452 3550 3549
f 252 349 350
f 252 350 253
f 3453 3454 3551
f 3453 3551 3550
f 253 350 351
f 253 351 254
f 3454 3455 3552
f 3454 3552 3551
f 254 351 352
f 254 352 255
f 3455 3456 3553
f 3455 3553 3552
f 255 352 353
f 255 353 256
f 3456 3457 3554
f 3456 3554 3553
f 256 353 354
f 256 354 257
f 3457 3458 3555
f 3457 3555 3554
f 257 354 355
f 257 355 258
f 3458 3459 3556
f 3458 3556 3555
f 258 355 356
f 258 356 259
f 3459 3460 3557
f 3459 3557 3556
f 259 356 357
f 259 357 260
f 3460 3461 3558
f 3460 3558 3557
f 260 357 358
f 260 358 261
f 3461 3462 3559
f 3461 3559 3558
f 261 358 359
f 261 359 262
f 3462 3463 3560
f 3462 3560 3559
f 262 359 360
f 262 360 263
f 3463 3464 3561
f 3463 3561 3560
f 263 360 361
f 263 361 264
f 3464 3465 3562
f 3464 3562 3561
f 264 361 362
f 264 362 265
f 3465 3466 3563
f 3465 3563 3562
f 265 362 363
f 265 363 266
f 3466 3467 3564
f 3466 3564 3563
f 266 363 364
f 266 364 267
f 3467 3468 3565
f 3467 3565 3564
f 267 364 365
f 267 365 268
f 3468 3469 3566
f 3468 3566 3565
f 268 365 366
f 268 366 269
f 3469 3470 3567
f 3469 3567 3566
f 269 366 367
f 269 367 270
f 3470 3471 3568
f 3470 3568 3567
f 270 367 368
f 270 368 271
f 3471 3472 3569
f 3471 3569 3568
f 271 368 369
f 271 369 272
f 3472 3473 3570
f 3472 3570 3569
f 272 369 370
f 272 370 273
f 3473 3474 3571
f 3473 3571 3570
f 273 370 371
f 273 371 274
f 3474 3475 3572
f 3474 3572 3571
f 274 371 372
f 274 372 275
f 3475 3476 3573
f 3475 3573 3572
f 275 372 373
f 275 373 276
f 3476 3477 3574
f 3476 3574 3573
f 276 373 374
f 276 374 277
f 3477 3478 3575
f 3477 3575 3574
f 277 374 375
f 277 375 278
f 3478 3479 3576
f 3478 3576 3575
f 278 375 376
f 278 376 279
f 3479 3480 3577
f 3479 3577 3576
f 279 376 377
f 279 377 280
f 3480 3481 3578
f 3480 3578 3577
f 280 377 378
f 280 378 281
f 3481 3482 3579
f 3481 3579 3578
f 281 378 379
f 281 379 282
f 3482 3483 3580
f 3482 3580 3579
f 282 379 380
f 282 380 283
f 3483 3484 3581
f 3483 3581 3580
f 283 380 381
f 283 381 284
f 3484 3485 3582
f 3484 3582 3581
f 284 381 382
f 284 382 285
f 3485 3486 3583
f 3485 3583 3582
f 285 382 383
f 285 383 286
f 3486 3487 3584
f 3486 3584 3583
f 286 383 384
f 286 384 287
f 3487 3488 3585
f 3487 3585 3584
f 287 384 385
f 287 385 288
f 3488 3489 3586
f 3488 3586 3585
f 288 385 386
f 288 386 289
f 3489 3490 3587
f 3489 3587 3586
f 289 386 387
f 289 387 290
f 3490 3491 3588
f 3490 3588 3587
f 290 387 388
f 290 388 291
f 3491 3492 3589
f 3491 3589 3588
f 292 389 390
f 292 390 293
f 3493 3494 3591
f 3493 3591 3590
f 293 390 391
f 293 391 294
f 3494 3495 3592
f 3494 3592 3591
f 294 391 392
f 294 392 295
f 3495 3496 3593
f 3495 3593 3592
f 295 392 393
f 295 393 296
f 3496 3497 3594
f 3496 3594 3593
f 296 393 394
f 296 394 297
f 3497 3498 3595
f 3497 3595 3594
f 297 394 395
f 297 395 298
f 3498 3499 3596
f 3498 3596 3595
f 298 395 396
f 298 396 299
f 3499 3500 3597
f 3499 3597 3596
f 299 396 397
f 299 397 300
f 3500 3501 3598
f 3500 3598 3597
f 300 397 398
f 300 398 301
f 3501 3502 3599
f 3501 3599 3598
f 301 398 399
f 301 399 302
f 3502 3503 3600
f 3502 3600 3599
f 302 399 400
f 302 400 303
f 3503 3504 3601
f 3503 3601 3600
f 303 400 401
f 303 401 304
f 3504 3505 3602
f 3504 3602 3601
f 304 401 402
f 304 402 305
f 3505 3506 3603
f 3505 3603 3602
f 305 402 403
f 305 403 306
f 3506 3507 3604
f 3506 3604 3603
f 306 403 404
f 306 404 307
f 3507 3508 3605
f 3507 3605 3604
f 307 404 405
f 307 405 308
f 3508 3509 3606
f 3508 3606 3605
f 308 405 406
f 308 406 309
f 3509 3510 3607
f 3509 3607 3606
f 309 406 407
f 309 407 310
f 3510 3511 3608
f 3510 3608 3607
f 310 407 408
f 310 408 311
f 3511 3512 3609
f 3511 3609 3608
f 311 408 409
f 311 409 312
f 3512 3513 3610
f 3512 3610 3609
f 312 409 410
f 312 410 313
f 3513 3514 3611
f 3513 3611 3610
f 313 410 411
f 313 411 314
f 3514 3515 3612
f 3514 3612 3611
f 314 411 412
f 314 412 315
f 3515 3516 3613
f 3515 3613 3612
f 315 412 413
f 315 413 316
f 3516 3517 3614
f 3516 3614 3613
f 316 413 414
f 316 414 317
f 3517 3518 3615
f 3517 3615 3614
f 317 414 415
f 317 415 318
f 3518 3519 3616
f 3518 3616 3615
f 318 415 416
f 318 416 319
f 3519 3520 3617
f 3519 3617 3616
f 319 416 417
f 319 417 320
f 3520 3521 3618
f 3520 3618 3617
f 320 417 418
f 320 418 321
f 3521 3522 3619
f 3521 3619 3618
f 321 418 419
f 321 419 322
f 3522 3523 3620
f 3522 3620 3619
f 322 419 420
f 322 420 323
f 3523 3524 3621
f 3523 3621 3620
f 323 420 421
f 323 421 324
f 3524 3525 3622
f 3524 3622 3621
f 324 421 422
f 324 422 325
f 3525 3526 3623
f 3525 3623 3622
f 325 422 423
f 325 423 326
f 3526 3527 3624
f 3526 3624 3623
f 326 423 424
f 326 424 327
f 3527 3528 3625
f 3527 3625 3624
f 327 424 425
f 327 425 328
f 3528 3529 3626
f 3528 3626 3625
f 328 425 426
f 328 426 329
f 3529 3530 3627
f 3529 3627 3626
f 329 426 427
f 329 427 330
f 3530 3531 3628
f 3530 3628 3627
f 330 427 428
f 330 428 331
f 3531 3532 3629
f 3531 3629 3628
f 331 428 429
f 331 429 332
f 3532 3533 3630
f 3532 3630 3629
f 332 429 430
f 332 430 333
f 3533 3534 3631
f 3533 3631 3630
f 333 430 431
f 333 431 334
f 3534 3535 3632
f 3534 3632 3631
f 334 431 432
f 334 432 335
f 3535 3536 3633
f 3535 3633 3632
f 335 432 433
f 335 433 336
f 3536 3537 3634
f 3536 3634 3633
f 336 433 434
f 336 434 337
f 3537 3538 3635
f 3537 3635 3634
f 337 434 435
f 337 435 338
f 3538 3539 3636
f 3538 3636 3635
f 338 435 436
f 338 436 339
f 3539 3540 3637
f 3539 3637 3636
f 339 436 437
f 339 437 340
f 3540 3541 3638
f 3540 3638 3637
f 340 437 438
f 340 438 341
f 3541 3542 3639
f 3541 3639 3638
f 341 438 439
f 341 439 342
f 3542 3543 3640
f 3542 3640 3639
f 342 439 440
f 342 440 343
f 3543 3544 3641
f 3543 3641 3640
f 343 440 441
f 343 441 344
f 3544 3545 3642
f 3544 3642 3641
f 344 441 442
f 344 442 345
f 3545 3546 3643
f 3545 3643 3642
f 345 442 443
f 345 443 346
f 3546 3547 3644
f 3546 3644 3643
f 346 443 444
f 346 444 347
f 3547 3548 3645
f 3547 3645 3644
f 347 444 445
f 347 445 348
f 3548 3549 3646
f 3548 3646 3645
f 348 445 446
f 348 446 349
f 3549 3550 3647
f 3549 3647 3646
f 349 446 447
f 349 447 350
f 3550 3551 3648
f 3550 3648 3647
f 350 447 448
f 350 448 351
f 3551 3552 3649
f 3551 3649 3648
f 351 448 449
f 351 449 352
f 3552 3553 3650
f 3552 3650 3649
f 352 449 450
f 352 450 353
f 3553 3554 3651
f 3553 3651 3650
f 353 450 451
f 353 451 354
f 3554 3555 3652
f 3554 3652 3651
f 354 451 452
f 354 452 355
f 3555 3556 3653
f 3555 3653 3652
f 355 452 453
f 355 453 356
f 3556 3557 3654
f 3556 3654 3653
f 356 453 454
f 356 454 357
f 3557 3558 3655
f 3557 3655 3654
f 357 454 455
f 357 455 358
f 3558 3559 3656
f 3558 3656 3655
f 358 455 456
f 358 456 359
f 3559 3560 3657
f 3559 3657 3656
f 359 456 457
f 359 457 360
f 3560 3561 3658
f 3560 3658 3657
f 360 457 458
f 360 458 361
f 3561 3562 3659
f 3561 3659 3658
f 361 458 459
f 361 459 362
f 3562 3563 3660
f 3562 3660 3659
f 362 459 460
f 362 460 363
f 3563 3564 3661
f 3563 3661 3660
f 363 460 461
f 363 461 364
f 3564 3565 3662
f 3564 3662 3661
f 364 461 462
f 364 462 365
f 3565 3566 3663
f 3565 3663 3662
f 365 462 463
f 365 463 366
f 3566 3567 3664
f 3566 3664 3663
f 366 463 464
f 366 464 367
f 3567 3568 3665
f 3567 3665 3664
f 367 464 465
f 367 465 368
f 3568 3569 3666
f 3568 3666 3665
f 368 465 466
f 368 466 369
f 3569 3570 3667
f 3569 3667 3666
f 369 466 467
f 369 467 370
f 3570 3571 3668
f 3570 3668 3667
f 370 467 468
f 370 468 371
f 3571 3572 3669
f 3571 3669 3668
f 371 468 469
f 371 469 372
f 3572 3573 3670
f 3572 3670 3669
f 372 469 470
f 372 470 373
f 3573 3574 3671
f 3573 3671 3670
f 373 470 471
f 373 471 374
f 3574 3575 3672
f 3574 3672 3671
f 374 471 472
f 374 472 375
f 3575 3576 3673
f 3575 3673 3672
f 375 472 473
f 375 473 376
f 3576 3577 3674
f 3576 3674 3673
f 376 473 474
f 376 474 377
f 3577 3578 3675
f 3577 3675 3674
f 377 474 475
f 377 475 378
f 3578 3579 3676
f 3578 3676 3675
f 378 475 476
f 378 476 379
f 3579 3580 3677
f 3579 3677 3676
f 379 476 477
f 379 477 380
f 3580 3581 3678
f 3580 3678 3677
f 380 477 478
f 380 478 381
f 3581 3582 3679
f 3581 3679 3678
f 381 478 479
f 381 479 382
f 3582 3583 3680
f 3582 3680 3679
f 382 479 480
f 382 480 383
f 3583 3584 3681
f 3583 3681 3680
f 383 480 481
f 383 481 384
f 3584 3585 3682
f 3584 3682 3681
f 384 481 482
f 384 482 385
f 3585 3586 3683
f 3585 3683 3682
f 385 482 483
f 385 483 386
f 3586 3587 3684
f 3586 3684 3683
f 386 483 484
f 386 484 387
f 3587 3588 3685
f 3587 3685 3684
f 387 484 485
f 387 485 388
f 3588 3589 3686
f 3588 3686 3685
f 389 486 487
f 389 487 390
f 3590 3591 3688
f 3590 3688 3687
f 390 487 488
f 390 488 391
f 3591 3592 3689
f 3591 3689 3688
f 391 488 489
f 391 489 392
f 3592 3593 3690
f 3592 3690 3689
f 392 489 490
f 392 490 393
f 3593 3594 3691
f 3593 3691 3690
f 393 490 491
f 393 491 394
f 3594 3595 3692
f 3594 3692 3691
f 394 491 492
f 394 492 395
f 3595 3596 3693
f 3595 3693 3692
f 395 492 493
f 395 493 396
f 3596 3597 3694
f 3596 3694 3693
f 396 493 494
f 396 494 397
f 3597 3598 3695
f 3597 3695 3694
f 397 494 495
f 397 495 398
f 3598 3599 3696
f 3598 3696 3695
f 398 495 496
f 398 496 399
f 3599 3600 3697
f 3599 3697 3696
f 399 496 497
f 399 497 400
f 3600 3601 3698
f 3600 3698 3697
f 400 497 498
f 400 498 401
f 3601 3602 3699
f 3601 3699 3698
f 401 498 499
f 401 499 402
f 3602 3603 3700
f 3602 3700 3699
f 402 499 500
f 402 500 403
f 3603 3604 3701
f 3603 3701 3700
f 403 500 501
f 403 501 404
f 3604 3605 3702
f 3604 3702 3701
f 404 501 502
f 404 502 405
f 3605 3606 3703
f 3605 3703 3702
f 405 502 503
f 405 503 406
f 3606 3607 3704
f 3606 3704 3703
f 406 503 504
f 406 504 407
f 3607 3608 3705
f 3607 3705 3704
f 407 504 505
f 407 505 408
f 3608 3609 3706
f 3608 3706 3705
f 408 505 506
f 408 506 409
f 3609 3610 3707
f 3609 3707 3706
f 409 506 507
f 409 507 410
f 3610 3611 3708
f 3610 3708 3707
f 410 507 508
f 410 508 411
f 3611 3612 3709
f 3611 3709 3708
f 411 508 509
f 411 509 412
f 3612 3613 3710
f 3612 3710 3709
f 412 509 510
f 412 510 413
f 3613 3614 3711
f 3613 3711 3710
f 413 510 511
f 413 511 414
f 3614 3615 3712
f 3614 3712 3711
f 414 511 512
f 414 512 415
f 3615 3616 3713
f 3615 3713 3712
f 415 512 513
f 415 513 416
f 3616 3617 3714
f 3616 3714 3713
f 416 513 514
f 416 514 417
f 3617 3618 3715
f 3617 3715 3714
f 417 514 515
f 417 515 418
f 3618 3619 3716
f 3618 3716 3715
f 418 515 516
f 418 516 419
f 3619 3620 3717
f 3619 3717 3716
f 419 516 517
f 419 517 420
f 3620 3621 3718
f 3620 3718 3717
f 420 517 518
f 420 518 421
f 3621 3622 3719
f 3621 3719 3718
f 421 518 519
f 421 519 422
f 3622 3623 3720
f 3622 3720 3719
f 422 519 520
f 422 520 423
f 3623 3624 3721
f 3623 3721 3720
f 423 520 521
f 423 521 424
f 3624 3625 3722
f 3624 3722 3721
f 424 521 522
f 424 522 425
f 3625 3626 3723
f 3625 3723 3722
f 425 522 523
f 425 523 426
f 3626 3627 3724
f 3626 3724 3723
f 426 523 524
f 426 524 427
f 3627 3628 3725
f 3627 3725 3724
f 427 524 525
f 427 525 428
f 3628 3629 3726
f 3628 3726 3725
f 428 525 526
f 428 526 429
f 3629 3630 3727
f 3629 3727 3726
f 429 526 527
f 429 527 430
f 3630 3631 3728
f 3630 3728 3727
f 430 527 528
f 430 528 431
f 3631 3632 3729
f 3631 3729 3728
f 431 528 529
f 431 529 432
f 3632 3633 3730
f 3632 3730 3729
f 432 529 530
f 432 530 433
f 3633 3634 3731
f 3633 3731 3730
f 433 530 531
f 433 531 434
f 3634 3635 3732
f 3634 3732 3731
f 434 531 532
f 434 532 435
f 3635 3636 3733
f 3635 3733 3732
f 435 532 533
f 435 533 436
f 3636 3637 3734
f 3636 3734 3733
f 436 533 534
f 436 534 437
f 3637 3638 3735
f 3637 3735 3734
f 437 534 535
f 437 535 438
f 3638 3639 3736
f 3638 3736 3735
f 438 535 536
f 438 536 439
f 3639 3640 3737
f 3639 3737 3736
f 439 536 537
f 439 537 440
f 3640 3641 3738
f 3640 3738 3737
f 440 537 538
f 440 538 441
f 3641 3642 3739
f 3641 3739 3738
f 441 538 539
f 441 539 442
f 3642 3643 3740
f 3642 3740 3739
f 442 539 540
f 442 540 443
f 3643 3644 3741
f 3643 3741 3740
f 443 540 541
f 443 541 444
f 3644 3645 3742
f 3644 3742 3741
f 444 541 542
f 444 542 445
f 3645 3646 3743
f 3645 3743 3742
f 445 542 543
f 445 543 446
f 3646 3647 3744
f 3646 3744 3743
f 446 543 544
f 446 544 447
f 3647 3648 3745
f 3647 3745 3744
f 447 544 545
f 447 545 448
f 3648 3649 3746
f 3648 3746 3745
f 448 545 546
f 448 546 449
f 3649 3650 3747
f 3649 3747 3746
f 449 546 547
f 449 547 450
f 3650 3651 3748
f 3650 3748 3747
f 450 547 548
f 450 548 451
f 3651 3652 3749
f 3651 3749 3748
f 451 548 549
f 451 549 452
f 3652 3653 3750
f 3652 3750 3749
f 452 549 550
f 452 550 453
f 3653 3654 3751
f 3653 3751 3750
f 453 550 551
f 453 551 454
f 3654 3655 3752
f 3654 3752 3751
f 454 551 552
f 454 552 455
f 3655 3656 3753
f 3655 3753 3752
f 455 552 553
f 455 553 456
f 3656 3657 3754
f 3656 3754 3753
f 456 553 554
f 456 554 457
f 3657 3658 3755
f 3657 3755 3754
f 457 554 555
f 457 555 458
f 3658 3659 3756
f 3658 3756 3755
f 458 555 556
f 458 556 459
f 3659 3660 3757
f 3659 3757 3756
f 459 556 557
f 459 557 460
f 3660 3661 3758
f 3660 3758 3757
f 460 557 558
f 460 558 461
f 3661 3662 3759
f 3661 3759 3758
f 461 558 559
f 461 559 462
f 3662 3663 3760
f 3662 3760 3759
f 462 559 560
f 462 560 463
f 3663 3664 3761
f 3663 3761 3760
f 463 560 561
f 463 561 464
f 3664 3665 3762
f 3664 3762 3761
f 464 561 562
f 464 562 465
f 3665 3666 3763
f 3665 3763 3762
f 465 562 563
f 465 563 466
f 3666 3667 3764
f 3666 3764 3763
f 466 563 564
f 466 564 467
f 3667 3668 3765
f 3667 3765 3764
f 467 564 565
f 467 565 468
f 3668 3669 3766
f 3668 3766 3765
f 468 565 566
f 468 566 469
f 3669 3670 3767
f 3669 3767 3766
f 469 566 567
f 469 567 470
f 3670 3671 3768
f 3670 3768 3767
f 470 567 568
f 470 568 471
f 3671 3672 3769
f 3671 3769 3768
f 471 568 569
f 471 569 472
f 3672 3673 3770
f 3672 3770 3769
f 472 569 570
f 472 570 473
f 3673 3674 3771
f 3673 3771 3770
f 473 570 571
f 473 571 474
f 3674 3675 3772
f 3674 3772 3771
f 474 571 572
f 474 572 475
f 3675 3676 3773
f 3675 3773 3772
f 475 572 573
f 475 573 476
f 3676 3677 3774
f 3676 3774 3773
f 476 573 574
f 476 574 477
f 3677 3678 3775
f 3677 3775 3774
f 477 574 575
f 477 575 478
f 3678 3679 3776
f 3678 3776 3775
f 478 575 576
f 478 576 479
f 3679 3680 3777
f 3679 3777 3776
f 479 576 577
f 479 577 480
f 3680 3681 3778
f 3680 3778 3777
f 480 577 578
f 480 578 481
f 3681 3682 3779
f 3681 3779 3778
f 481 578 579
f 481 579 482
f 3682 3683 3780
f 3682 3780 3779
f 482 579 580
f 482 580 483
f 3683 3684 3781
f 3683 3781 3780
f 483 580 581
f 483 581 484
f 3684 3685 3782
f 3684 3782 3781
f 484 581 582
f 484 582 485
f 3685 3686 3783
f 3685 3783 3782
f 486 583 584
f 486 584 487
f 3687 3688 3785
f 3687 3785 3784
f 487 584 585
f 487 585 488
f 3688 3689 3786
f 3688 3786 3785
f 488 585 586
f 488 586 489
f 3689 3690 3787
f 3689 3787 3786
f 489 586 587
f 489 587 490
f 3690 3691 3788
f 3690 3788 3787
f 490 587 588
f 490 588 491
f 3691 3692 3789
f 3691 3789 3788
f 491 588 589
f 491 589 492
f 3692 3693 3790
f 3692 3790 3789
f 492 589 590
f 492 590 493
f 3693 3694 3791
f 3693 3791 3790
f 493 590 591
f 493 591 494
f 3694 3695 3792
f 3694 3792 3791
f 494 591 592
f 494 592 495
f 3695 3696 3793
f 3695 3793 3792
f 495 592 593
f 495 593 496
f 3696 3697 3794
f 3696 3794 3793
f 496 593 594
f 496 594 497
f 3697 3698 3795
f 3697 3795 3794
f 497 594 595
f 497 595 498
f 3698 3699 3796
f 3698 3796 3795
f 498 595 596
f 498 596 499
f 3699 3700 3797
f 3699 3797 3796
f 499 596 597
f 499 597 500
f 3700 3701 3798
f 3700 3798 3797
f 500 597 598
f 500 598 501
f 3701 3702 3799
f 3701 3799 3798
f 501 598 599
f 501 599 502
f 3702 3703 3800
f 3702 3800 3799
f 502 599 600
f 502 600 503
f 3703 3704 3801
f 3703 3801 3800
f 503 600 601
f 503 601 504
f 3704 3705 3802
f 3704 3802 3801
f 504 601 602
f 504 602 505
f 3705 3706 3803
f 3705 3803 3802
f 505 602 603
f 505 603 506
f 3706 3707 3804
f 3706 3804 3803
f 506 603 604
f 506 604 507
f 3707 3708 3805
f 3707 3805 3804
f 507 604 605
f 507 605 508
f 3708 3709 3806
f 3708 3806 3805
f 508 605 606
f 508 606 509
f 3709 3710 3807
f 3709 3807 3806
f 509 606 607
f 509 607 510
f 3710 3711 3808
f 3710 3808 3807
f 510 607 608
f 510 608 511
f 3711 3712 3809
f 3711 3809 3808
f 511 608 609
f 511 609 512
f 3712 3713 3810
f 3712 3810 3809
f 512 609 610
f 512 610 513
f 3713 3714 3811
f 3713 3811 3810
f 513 610 611
f 513 611 514
f 3714 3715 3812
f 3714 3812 3811
f 514 611 612
f 514 612 515
f 3715 3716 3813
f 3715 3813 3812
f 515 612 613
f 515 613 516
f 3716 3717 3814
f 3716 3814 3813
f 516 613 614
f 516 614 517
f 3717 3718 3815
f 3717 3815 3814
f 517 614 615
f 517 615 518
f 3718 3719 3816
f 3718 3816 3815
f 518 615 616
f 518 616 519
f 3719 3720 3817
f 3719 3817 3816
f 519 616 617
f 519 617 520
f 3720 3721 3818
f 3720 3818 3817
f 520 617 618
f 520 618 521
f 3721 3722 3819
f 3721 3819 3818
f 521 618 619
f 521 619 522
f 3722 3723 3820
f 3722 3820 3819
f 522 619 620
f 522 620 523
f 3723 3724 3821
f 3723 3821 3820
f 523 620 621
f 523 621 524
f 3724 3725 3822
f 3724 3822 3821
f 524 621 622
f 524 622 525
f 3725 3726 3823
f 3725 3823 3822
f 525 622 623
f 525 623 526
f 3726 3727 3824
f 3726 3824 3823
f 526 623 624
f 526 624 527
f 3727 3728 3825
f 3727 3825 3824
f 527 624 625
f 527 625 528
f 3728 3729 3826
f 3728 3826 3825
f 528 625 626
f 528 626 529
f 3729 3730 3827
f 3729 3827 3826
f 529 626 627
f 529 627 530
f 3730 3731 3828
f 3730 3828 3827
f 530 627 628
f 530 628 531
f 3731 3732 3829
f 3731 3829 3828
f 531 628 629
f 531 629 532
f 3732 3733 3830
f 3732 3830 3829
f 532 629 630
f 532 630 533
f 3733 3734 3831
f 3733 3831 3830
f 533 630 631
f 533 631 534
f 3734 3735 3832
f 3734 3832 3831
f 534 631 632
f 534 632 535
f 3735 3736 3833
f 3735 3833 3832
f 535 632 633
f 535 633 536
f 3736 3737 3834
f 3736 3834 3833
f 536 633 634
f 536 634 537
f 3737 3738 3835
f 3737 3835 3834
f 537 634 635
f 537 635 538
f 3738 3739 3836
f 3738 3836 3835
f 538 635 636
f 538 636 539
f 3739 3740 3837
f 3739 3837 3836
f 539 636 637
f 539 637 540
f 3740 3741 3838
f 3740 3838 3837
f 540 637 638
f 540 638 541
f 3741 3742 3839
f 3741 3839 3838
f 541 638 639
f 541 639 542
f 3742 3743 3840
f 3742 3840 3839
f 542 639 640
f 542 640 543
f 3743 3744 3841
f 3743 3841 3840
f 543 640 641
f 543 641 544
f 3744 3745 3842
f 3744 3842 3841
f 544 641 642
f 544 642 545
f 3745 3746 3843
f 3745 3843 3842
f 545 642 643
f 545 643 546
f 3746 3747 3844
f 3746 3844 3843
f 546 643 644
f 546 644 547
f 3747 3748 3845
f 3747 3845 3844
f 547 644 645
f 547 645 548
f 3748 3749 3846
f 3748 3846 3845
f 548 645 646
f 548 646 549
f 3749 3750 3847
f 3749 3847 3846
f 549 646 647
f 549 647 550
f 3750 3751 3848
f 3750 3848 3847
f 550 647 648
f 550 648 551
f 3751 3752 3849
f 3751 3849 3848
f 551 648 649
f 551 649 552
f 3752 3753 3850
f 3752 3850 3849
f 552 649 650
f 552 650 553
f 3753 3754 3851
f 3753 3851 3850
f 553 650 651
f 553 651 554
f 3754 3755 3852
f 3754 3852 3851
f 554 651 652
f 554 652 555
f 3755 3756 3853
f 3755 3853 3852
f 555 652 653
f 555 653 556
f 3756 3757 3854
f 3756 3854 3853
f 556 653 654
f 556 654 557
f 3757 3758 3855
f 3757 3855 3854
f 557 654 655
f 557 655 558
f 3758 3759 3856
f 3758 3856 3855
f 558 655 656
f 558 656 559
f 3759 3760 3857
f 3759 3857 3856
f 559 656 657
f 559 657 560
f 3760 3761 3858
f 3760 3858 3857
f 560 657 658
f 560 658 561
f 3761 3762 3859
f 3761 3859 3858
f 561 658 659
f 561 659 562
f 3762 3763 3860
f 3762 3860 3859
f 562 659 660
f 562 660 563
f 3763 3764 3861
f 3763 3861 3860
f 563 660 661
f 563 661 564
f 3764 3765 3862
f 3764 3862 3861
f 564 661 662
f 564 662 565
f 3765 3766 3863
f 3765 3863 3862
f 565 662 663
f 565 663 566
f 3766 3767 3864
f 3766 3864 3863
f 566 663 664
f 566 664 567
f 3767 3768 3865
f 3767 3865 3864
f 567 664 665
f 567 665 568
f 3768 3769 3866
f 3768 3866 3865
f 568 665 666
f 568 666 569
f 3769 3770 3867
f 3769 3867 3866
f 569 666 667
f 569 667 570
f 3770 3771 3868
f 3770 3868 3867
f 570 667 668
f 570 668 571
f 3771 3772 3869
f 3771 3869 3868
f 571 668 669
f 571 669 572
f 3772 3773 3870
f 3772 3870 3869
f 572 669 670
f 572 670 573
f 3773 3774 3871
f 3773 3871 3870
f 573 670 671
f 573 671 574
f 3774 3775 3872
f 3774 3872 3871
f 574 671 672
f 574 672 575
f 3775 3776 3873
f 3775 3873 3872
f 575 672 673
f 575 673 576
f 3776 3777 3874
f 3776 3874 3873
f 576 673 674
f 576 674 577
f 3777 3778 3875
f 3777 3875 3874
f 577 674 675
f 577 675 578
f 3778 3779 3876
f 3778 3876 3875
f 578 675 676
f 578 676 579
f 3779 3780 3877
f 3779 3877 3876
f 579 676 677
f 579 677 580
f 3780 3781 3878
f 3780 3878 3877
f 580 677 678
f 580 678 581
f 3781 3782 3879
f 3781 3879 3878
f 581 678 679
f 581 679 582
f 3782 3783 3880
f 3782 3880 3879
f 583 680 681
f 583 681 584
f 3784 3785 3882
f 3784 3882 3881
f 584 681 682
f 584 682 585
f 3785 3786 3883
f 3785 3883 3882
f 585 682 683
f 585 683 586
f 3786 3787 3884
f 3786 3884 3883
f 586 683 684
f 586 684 587
f 3787 3788 3885
f 3787 3885 3884
f 587 684 685
f 587 685 588
f 3788 3789 3886
f 3788 3886 3885
f 588 685 686
f 588 686 589
f 3789 3790 3887
f 3789 3887 3886
f 589 686 687
f 589 687 590
f 3790 3791 3888
f 3790 3888 3887
f 590 687 688
f 590 688 591
f 3791 3792 3889
f 3791 3889 3888
f 591 688 689
f 591 689 592
f 3792 3793 3890
f 3792 3890 3889
f 592 689 690
f 592 690 593
f 3793 3794 3891
f 3793 3891 3890
f 593 690 691
f 593 691 594
f 3794 3795 3892
f 3794 3892 3891
f 594 691 692
f 594 692 595
f 3795 3796 3893
f 3795 3893 3892
f 595 692 693
f 595 693 596
f 3796 3797 3894
f 3796 3894 3893
f 596 693 694
f 596 694 597
f 3797 3798 3895
f 3797 3895 3894
f 597 694 695
f 597 695 598
f 3798 3799 3896
f 3798 3896 3895
f 598 695 696
f 598 696 599
f 3799 3800 3897
f 3799 3897 3896
f 599 696 697
f 599 697 600
f 3800 3801 3898
f 3800 3898 3897
f 600 697 698
f 600 698 601
f 3801 3802 3899
f 3801 3899 3898
f 601 698 699
f 601 699 602
f 3802 3803 3900
f 3802 3900 3899
f 602 699 700
f 602 700 603
f 3803 3804 3901
f 3803 3901 3900
f 603 700 701
f 603 701 604
f 3804 3805 3902
f 3804 3902 3901
f 604 701 702
f 604 702 605
f 3805 3806 3903
f 3805 3903 3902
f 605 702 703
f 605 703 606
f 3806 3807 3904
f 3806 3904 3903
f 606 703 704
f 606 704 607
f 3807 3808 3905
f 3807 3905 3904
f 607 704 705
f 607 705 608
f 3808 3809 3906
f 3808 3906 3905
f 608 705 706
f 608 706 609
f 3809 3810 3907
f 3809 3907 3906
f 609 706 707
f 609 707 610
f 3810 3811 3908
f 3810 3908 3907
f 610 707 708
f 610 708 611
f 3811 3812 3909
f 3811 3909 3908
f 611 708 709
f 611 709 612
f 3812 3813 3910
f 3812 3910 3909
f 612 709 710
f 612 710 613
f 3813 3814 3911
f 3813 3911 3910
f 613 710 711
f 613 711 614
f 3814 3815 3912
f 3814 3912 3911
f 614 711 712
f 614 712 615
f 3815 3816 3913
f 3815 3913 3912
f 615 712 713
f 615 713 616
f 3816 3817 3914
f 3816 3914 3913
f 616 713 714
f 616 714 617
f 3817 3818 3915
f 3817 3915 3914
f 617 714 715
f 617 715 618
f 3818 3819 3916
f 3818 3916 3915
f 618 715 716
f 618 716 619
f 3819 3820 3917
f 3819 3917 3916
f 619 716 717
f 619 717 620
f 3820 3821 3918
f 3820 3918 3917
f 620 717 718
f 620 718 621
f 3821 3822 3919
f 3821 3919 3918
f 621 718 719
f 621 719 622
f 3822 3823 3920
f 3822 3920 3919
f 622 719 720
f 622 720 623
f 3823 3824 3921
f 3823 3921 3920
f 623 720 721
f 623 721 624
f 3824 3825 3922
f 3824 3922 3921
f 624 721 722
f 624 722 625
f 3825 3826 3923
f 3825 3923 3922
f 625 722 723
f 625 723 626
f 3826 3827 3924
f 3826 3924 3923
f 626 723 724
f 626 724 627
f 3827 3828 3925
f 3827 3925 3924
f 627 724 725
f 627 725 628
f 3828 3829 3926
f 3828 3926 3925
f 628 725 726
f 628 726 629
f 3829 3830 3927
f 3829 3927 3926
f 629 726 727
f 629 727 630
f 3830 3831 3928
f 3830 3928 3927
f 630 727 728
f 630 728 631
f 3831 3832 3929
f 3831 3929 3928
f 631 728 729
f 631 729 632
f 3832 3833 3930
f 3832 3930 3929
f 632 729 730
f 632 730 633
f 3833 3834 3931
f 3833 3931 3930
f 633 730 731
f 633 731 634
f 3834 3835 3932
f 3834 3932 3931
f 634 731 732
f 634 732 635
f 3835 3836 3933
f 3835 3933 3932
f 635 732 733
f 635 733 636
f 3836 3837 3934
f 3836 3934 3933
f 636 733 734
f 636 734 637
f 3837 3838 3935
f 3837 3935 3934
f 637 734 735
f 637 735 638
f 3838 3839 3936
f 3838 3936 3935
f 638 735 736
f 638 736 639
f 3839 3840 3937
f 3839 3937 3936
f 639 736 737
f 639 737 640
f 3840 3841 3938
f 3840 3938 3937
f 640 737 738
f 640 738 641
f 3841 3842 3939
f 3841 3939 3938
f 641 738 739
f 641 739 642
f 3842 3843 3940
f 3842 3940 3939
f 642 739 740
f 642 740 643
f 3843 3844 3941
f 3843 3941 3940
f 643 740 741
f 643 741 644
f 3844 3845 3942
f 3844 3942 3941
f 644 741 742
f 644 742 645
f 3845 3846 3943
f 3845 3943 3942
f 645 742 743
f 645 743 646
f 3846 3847 3944
f 3846 3944 3943
f 646 743 744
f 646 744 647
f 3847 3848 3945
f 3847 3945 3944
f 647 744 745
f 647 745 648
f 3848 3849 3946
f 3848 3946 3945
f 648 745 746
f 648 746 649
f 3849 3850 3947
f 3849 3947 3946
f 649 746 747
f 649 747 650
f 3850 3851 3948
f 3850 3948 3947
f 650 747 748
f 650 748 651
f 3851 3852 3949
f 3851 3949 3948
f 651 748 749
f 651 749 652
f 3852 3853 3950
f 3852 3950 3949
f 652 749 750
f 652 750 653
f 3853 3854 3951
f 3853 3951 3950
f 653 750 751
f 653 751 654
f 3854 3855 3952
f 3854 3952 3951
f 654 751 752
f 654 752 655
f 3855 3856 3953
f 3855 3953 3952
f 655 752 753
f 655 753 656
f 3856 3857 3954
f 3856 3954 3953
f 656 753 754
f 656 754 657
f 3857 3858 3955
f 3857 3955 3954
f 657 754 755
f 657 755 658
f 3858 3859 3956
f 3858 3956 3955
f 658 755 756
f 658 756 659
f 3859 3860 3957
f 3859 3957 3956
f 659 756 757
f 659 757 660
f 3860 3861 3958
f 3860 3958 3957
f 660 757 758
f 660 758 661
f 3861 3862 3959
f 3861 3959 3958
f 661 758 759
f 661 759 662
f 3862 3863 3960
f 3862 3960 3959
f 662 759 760
f 662 760 663
f 3863 3864 3961
f 3863 3961 3960
f 663 760 761
f 663 761 664
f 3864 3865 3962
f 3864 3962 3961
f 664 761 762
f 664 762 665
f 3865 3866 3963
f 3865 3963 3962
f 665 762 763
f 665 763 666
f 3866 3867 3964
f 3866 3964 3963
f 666 763 764
f 666 764 667
f 3867 3868 3965
f 3867 3965 3964
f 667 764 765
f 667 765 668
f 3868 3869 3966
f 3868 3966 3965
f 668 765 766
f 668 766 669
f 3869 3870 3967
f 3869 3967 3966
f 669 766 767
f 669 767 670
f 3870 3871 3968
f 3870 3968 3967
f 670 767 768
f 670 768 671
f 3871 3872 3969
f 3871 3969 3968
f 671 768 769
f 671 769 672
f 3872 3873 3970
f 3872 3970 3969
f 672 769 770
f 672 770 673
f 3873 3874 3971
f 3873 3971 3970
f 673 770 771
f 673 771 674
f 3874 3875 3972
f 3874 3972 3971
f 674 771 772
f 674 772 675
f 3875 3876 3973
f 3875 3973 3972
f 675 772 773
f 675 773 676
f 3876 3877 3974
f 3876 3974 3973
f 676 773 774
f 676 774 677
f 3877 3878 3975
f 3877 3975 3974
f 677 774 775
f 677 775 678
f 3878 3879 3976
f 3878 3976 3975
f 678 775 776
f 678 776 679
f 3879 3880 3977
f 3879 3977 3976
f 680 777 778
f 680 778 681
f 3881 3882 3979
f 3881 3979 3978
f 681 778 779
f 681 779 682
f 3882 3883 3980
f 3882 3980 3979
f 682 779 780
f 682 780 683
f 3883 3884 3981
f 3883 3981 3980
f 683 780 781
f 683 781 684
f 3884 3885 3982
f 3884 3982 3981
f 684 781 782
f 684 782 685
f 3885 3886 3983
f 3885 3983 3982
f 685 782 783
f 685 783 686
f 3886 3887 3984
f 3886 3984 3983
f 686 783 784
f 686 784 687
f 3887 3888 3985
f 3887 3985 3984
f 687 784 785
f 687 785 688
f 3888 3889 3986
f 3888 3986 3985
f 688 785 786
f 688 786 689
f 3889 3890 3987
f 3889 3987 3986
f 689 786 787
f 689 787 690
f 3890 3891 3988
f 3890 3988 3987
f 690 787 788
f 690 788 691
f 3891 3892 3989
f 3891 3989 3988
f 691 788 789
f 691 789 692
f 3892 3893 3990
f 3892 3990 3989
f 692 789 790
f 692 790 693
f 3893 3894 3991
f 3893 3991 3990
f 693 790 791
f 693 791 694
f 3894 3895 3992
f 3894 3992 3991
f 694 791 792
f 694 792 695
f 3895 3896 3993
f 3895 3993 3992
f 695 792 793
f 695 793 696
f 3896 3897 3994
f 3896 3994 3993
f 696 793 794
f 696 794 697
f 3897 3898 3995
f 3897 3995 3994
f 697 794 795
f 697 795 698
f 3898 3899 3996
f 3898 3996 3995
f 698 795 796
f 698 796 699
f 3899 3900 3997
f 3899 3997 3996
f 699 796 797
f 699 797 700
f 3900 3901 3998
f 3900 3998 3997
f 700 797 798
f 700 798 701
f 3901 3902 3999
f 3901 3999 3998
f 701 798 799
f 701 799 702
f 3902 3903 4000
f 3902 4000 3999
f 702 799 800
f 702 800 703
f 3903 3904 4001
f 3903 4001 4000
f 703 800 801
f 703 801 704
f 3904 3905 4002
f 3904 4002 4001
f 704 801 802
f 704 802 705
f 3905 3906 4003
f 3905 4003 4002
f 705 802 803
f 705 803 706
f 3906 3907 4004
f 3906 4004 4003
f 706 803 804
f 706 804 707
f 3907 3908 4005
f 3907 4005 4004
f 707 804 805
f 707 805 708
f 3908 3909 4006
f 3908 4006 4005
f 708 805 806
f 708 806 709
f 3909 3910 4007
f 3909 4007 4006
f 709 806 807
f 709 807 710
f 3910 3911 4008
f 3910 4008 4007
f 710 807 808
f 710 808 711
f 3911 3912 4009
f 3911 4009 4008
f 711 808 809
f 711 809 712
f 3912 3913 4010
f 3912 4010 4009
f 712 809 810
f 712 810 713
f 3913 3914 4011
f 3913 4011 4010
f 713 810 811
f 713 811 714
f 3914 3915 4012
f 3914 4012 4011
f 714 811 812
f 714 812 715
f 3915 3916 4013
f 3915 4013 4012
f 715 812 813
f 715 813 716
f 3916 3917 4014
f 3916 4014 4013
f 716 813 814
f 716 814 717
f 3917 3918 4015
f 3917 4015 4014
f 717 814 815
f 717 815 718
f 3918 3919 4016
f 3918 4016 4015
f 718 815 816
f 718 816 719
f 3919 3920 4017
f 3919 4017 4016
f 719 816 817
f 719 817 720
f 3920 3921 4018
f 3920 4018 4017
f 720 817 818
f 720 818 721
f 3921 3922 4019
f 3921 4019 4018
f 721 818 819
f 721 819 722
f 3922 3923 4020
f 3922 4020 4019
f 722 819 820
f 722 820 723
f 3923 3924 4021
f 3923 4021 4020
f 723 820 821
f 723 821 724
f 3924 3925 4022
f 3924 4022 4021
f 724 821 822
f 724 822 725
f 3925 3926 4023
f 3925 4023 4022
f 725 822 823
f 725 823 726
f 3926 3927 4024
f 3926 4024 4023
f 726 823 824
f 726 824 727
f 3927 3928 4025
f 3927 4025 4024
f 727 824 825
f 727 825 728
f 3928 3929 4026
f 3928 4026 4025
f 728 825 826
f 728 826 729
f 3929 3930 4027
f 3929 4027 4026
f 729 826 827
f 729 827 730
f 3930 3931 4028
f 3930 4028 4027
f 730 827 828
f 730 828 731
f 3931 3932 4029
f 3931 4029 4028
f 731 828 829
f 731 829 732
f 3932 3933 4030
f 3932 4030 4029
f 732 829 830
f 732 830 733
f 3933 3934 4031
f 3933 4031 4030
f 733 830 831
f 733 831 734
f 3934 3935 4032
f 3934 4032 4031
f 734 831 832
f 734 832 735
f 3935 3936 4033
f 3935 4033 4032
f 735 832 833
f 735 833 736
f 3936 3937 4034
f 3936 4034 4033
f 736 833 834
f 736 834 737
f 3937 3938 4035
f 3937 4035 4034
f 737 834 835
f 737 835 738
f 3938 3939 4036
f 3938 4036 4035
f 738 835 836
f 738 836 739
f 3939 3940 4037
f 3939 4037 4036
f 739 836 837
f 739 837 740
f 3940 3941 4038
f 3940 4038 4037
f 740 837 838
f 740 838 741
f 3941 3942 4039
f 3941 4039 4038
f 741 838 839
f 741 839 742
f 3942 3943 4040
f 3942 4040 4039
f 742 839 840
f 742 840 743
f 3943 3944 4041
f 3943 4041 4040
f 743 840 841
f 743 841 744
f 3944 3945 4042
f 3944 4042 4041
f 744 841 842
f 744 842 745
f 3945 3946 4043
f 3945 4043 4042
f 745 842 843
f 745 843 746
f 3946 3947 4044
f 3946 4044 4043
f 746 843 844
f 746 844 747
f 3947 3948 4045
f 3947 4045 4044
f 747 844 845
f 747 845 748
f 3948 3949 4046
f 3948 4046 4045
f 748 845 846
f 748 846 749
f 3949 3950 4047
f 3949 4047 4046
f 749 846 847
f 749 847 750
f 3950 3951 4048
f 3950 4048 4047
f 750 847 848
f 750 848 751
f 3951 3952 4049
f 3951 4049 4048
f 751 848 849
f 751 849 752
f 3952 3953 4050
f 3952 4050 4049
f 752 849 850
f 752 850 753
f 3953 3954 4051
f 3953 4051 4050
f 753 850 851
f 753 851 754
f 3954 3955 4052
f 3954 4052 4051
f 754 851 852
f 754 852 755
f 3955 3956 4053
f 3955 4053 4052
f 755 852 853
f 755 853 756
f 3956 3957 4054
f 3956 4054 4053
f 756 853 854
f 756 854 757
f 3957 3958 4055
f 3957 4055 4054
f 757 854 855
f 757 855 758
f 3958 3959 4056
f 3958 4056 4055
f 758 855 856
f 758 856 759
f 3959 3960 4057
f 3959 4057 4056
f 759 856 857
f 759 857 760
f 3960 3961 4058
f 3960 4058 4057
f 760 857 858
f 760 858 761
f 3961 3962 4059
f 3961 4059 4058
f 761 858 859
f 761 859 762
f 3962 3963 4060
f 3962 4060 4059
f 762 859 860
f 762 860 763
f 3963 3964 4061
f 3963 4061 4060
f 763 860 861
f 763 861 764
f 3964 3965 4062
f 3964 4062 4061
f 764 861 862
f 764 862 765
f 3965 3966 4063
f 3965 4063 4062
f 765 862 863
f 765 863 766
f 3966 3967 4064
f 3966 4064 4063
f 766 863 864
f 766 864 767
f 3967 3968 4065
f 3967 4065 4064
f 767 864 865
f 767 865 768
f 3968 3969 4066
f 3968 4066 4065
f 768 865 866
f 768 866 769
f 3969 3970 4067
f 3969 4067 4066
f 769 866 867
f 769 867 770
f 3970 3971 4068
f 3970 4068 4067
f 770 867 868
f 770 868 771
f 3971 3972 4069
f 3971 4069 4068
f 771 868 869
f 771 869 772
f 3972 3973 4070
f 3972 4070 4069
f 772 869 870
f 772 870 773
f 3973 3974 4071
f 3973 4071 4070
f 773 870 871
f 773 871 774
f 3974 3975 4072
f 3974 4072 4071
f 774 871 872
f 774 872 775
f 3975 3976 4073
f 3975 4073 4072
f 775 872 873
f 775 873 776
f 3976 3977 4074
f 3976 4074 4073
f 777 874 875
f 777 875 778
f 3978 3979 4076
f 3978 4076 4075
f 778 875 876
f 778 876 779
f 3979 3980 4077
f 3979 4077 4076
f 779 876 877
f 779 877 780
f 3980 3981 4078
f 3980 4078 4077
f 780 877 878
f 780 878 781
f 3981 3982 4079
f 3981 4079 4078
f 781 878 879
f 781 879 782
f 3982 3983 4080
f 3982 4080 4079
f 782 879 880
f 782 880 783
f 3983 3984 4081
f 3983 4081 4080
f 783 880 881
f 783 881 784
f 3984 3985 4082
f 3984 4082 4081
f 784 881 882
f 784 882 785
f 3985 3986 4083
f 3985 4083 4082
f 785 882 883
f 785 883 786
f 3986 3987 4084
f 3986 4084 4083
f 786 883 884
f 786 884 787
f 3987 3988 4085
f 3987 4085 4084
f 787 884 885
f 787 885 788
f 3988 3989 4086
f 3988 4086 4085
f 788 885 886
f 788 886 789
f 3989 3990 4087
f 3989 4087 4086
f 789 886 887
f 789 887 790
f 3990 3991 4088
f 3990 4088 4087
f 790 887 888
f 790 888 791
f 3991 3992 4089
f 3991 4089 4088
f 791 888 889
f 791 889 792
f 3992 3993 4090
f 3992 4090 4089
f 792 889 890
f 792 890 793
f 3993 3994 4091
f 3993 4091 4090
f 793 890 891
f 793 891 794
f 3994 3995 4092
f 3994 4092 4091
f 794 891 892
f 794 892 795
f 3995 3996 4093
f 3995 4093 4092
f 795 892 893
f 795 893 796
f 3996 3997 4094
f 3996 4094 4093
f 796 893 894
f 796 894 797
f 3997 3998 4095
f 3997 4095 4094
f 797 894 895
f 797 895 798
f 3998 3999 4096
f 3998 4096 4095
f 798 895 896
f 798 896 799
f 3999 4000 4097
f 3999 4097 4096
f 799 896 897
f 799 897 800
f 4000 4001 4098
f 4000 4098 4097
f 800 897 898
f 800 898 801
f 4001 4002 4099
f 4001 4099 4098
f 801 898 899
f 801 899 802
f 4002 4003 4100
f 4002 4100 4099
f 802 899 900
f 802 900 803
f 4003 4004 4101
f 4003 4101 4100
f 803 900 901
f 803 901 804
f 4004 4005 4102
f 4004 4102 4101
f 804 901 902
f 804 902 805
f 4005 4006 4103
f 4005 4103 4102
f 805 902 903
f 805 903 806
f 4006 4007 4104
f 4006 4104 4103
f 806 903 904
f 806 904 807
f 4007 4008 4105
f 4007 4105 4104
f 807 904 905
f 807 905 808
f 4008 4009 4106
f 4008 4106 4105
f 808 905 906
f 808 906 809
f 4009 4010 4107
f 4009 4107 4106
f 809 906 907
f 809 907 810
f 4010 4011 4108
f 4010 4108 4107
f 810 907 908
f 810 908 811
f 4011 4012 4109
f 4011 4109 4108
f 811 908 909
f 811 909 812
f 4012 4013 4110
f 4012 4110 4109
f 812 909 910
f 812 910 813
f 4013 4014 4111
f 4013 4111 4110
f 813 910 911
f 813 911 814
f 4014 4015 4112
f 4014 4112 4111
f 814 911 912
f 814 912 815
f 4015 4016 4113
f 4015 4113 4112
f 815 912 913
f 815 913 816
f 4016 4017 4114
f 4016 4114 4113
f 816 913 914
f 816 914 817
f 4017 4018 4115
f 4017 4115 4114
f 817 914 915
f 817 915 818
f 4018 4019 4116
f 4018 4116 4115
f 818 915 916
f 818 916 819
f 4019 4020 4117
f 4019 4117 4116
f 819 916 917
f 819 917 820
f 4020 4021 4118
f 4020 4118 4117
f 820 917 918
f 820 918 821
f 4021 4022 4119
f 4021 4119 4118
f 821 918 919
f 821 919 822
f 4022 4023 4120
f 4022 4120 4119
f 822 919 920
f 822 920 823
f 4023 4024 4121
f 4023 4121 4120
f 823 920 921
f 823 921 824
f 4024 4025 4122
f 4024 4122 4121
f 824 921 922
f 824 922 825
f 4025 4026 4123
f 4025 4123 4122
f 825 922 923
f 825 923 826
f 4026 4027 4124
f 4026 4124 4123
f 826 923 924
f 826 924 827
f 4027 4028 4125
f 4027 4125 4124
f 827 924 925
f 827 925 828
f 4028 4029 4126
f 4028 4126 4125
f 828 925 926
f 828 926 829
f 4029 4030 4127
f 4029 4127 4126
f 829 926 927
f 829 927 830
f 4030 4031 4128
f 4030 4128 4127
f 830 927 928
f 830 928 831
f 4031 4032 4129
f 4031 4129 4128
f 831 928 929
f 831 929 832
f 4032 4033 4130
f 4032 4130 4129
f 832 929 930
f 832 930 833
f 4033 4034 4131
f 4033 4131 4130
f 833 930 931
f 833 931 834
f 4034 4035 4132
f 4034 4132 4131
f 834 931 932
f 834 932 835
f 4035 4036 4133
f 4035 4133 4132
f 835 932 933
f 835 933 836
f 4036 4037 4134
f 4036 4134 4133
f 836 933 934
f 836 934 837
f 4037 4038 4135
f 4037 4135 4134
f 837 934 935
f 837 935 838
f 4038 4039 4136
f 4038 4136 4135
f 838 935 936
f 838 936 839
f 4039 4040 4137
f 4039 4137 4136
f 839 936 937
f 839 937 840
f 4040 4041 4138
f 4040 4138 4137
f 840 937 938
f 840 938 841
f 4041 4042 4139
f 4041 4139 4138
f 841 938 939
f 841 939 842
f 4042 4043 4140
f 4042 4140 4139
f 842 939 940
f 842 940 843
f 4043 4044 4141
f 4043 4141 4140
f 843 940 941
f 843 941 844
f 4044 4045 4142
f 4044 4142 4141
f 844 941 942
f 844 942 845
f 4045 4046 4143
f 4045 4143 4142
f 845 942 943
f 845 943 846
f 4046 4047 4144
f 4046 4144 4143
f 846 943 944
f 846 944 847
f 4047 4048 4145
f 4047 4145 4144
f 847 944 945
f 847 945 848
f 4048 4049 4146
f 4048 4146 4145
f 848 945 946
f 848 946 849
f 4049 4050 4147
f 4049 4147 4146
f 849 946 947
f 849 947 850
f 4050 4051 4148
f 4050 4148 4147
f 850 947 948
f 850 948 851
f 4051 4052 4149
f 4051 4149 4148
f 851 948 949
f 851 949 852
f 4052 4053 4150
f 4052 4150 4149
f 852 949 950
f 852 950 853
f 4053 4054 4151
f 4053 4151 4150
f 853 950 951
f 853 951 854
f 4054 4055 4152
f 4054 4152 4151
f 854 951 952
f 854 952 855
f 4055 4056 4153
f 4055 4153 4152
f 855 952 953
f 855 953 856
f 4056 4057 4154
f 4056 4154 4153
f 856 953 954
f 856 954 857
f 4057 4058 4155
f 4057 4155 4154
f 857 954 955
f 857 955 858
f 4058 4059 4156
f 4058 4156 4155
f 858 955 956
f 858 956 859
f 4059 4060 4157
f 4059 4157 4156
f 859 956 957
f 859 957 860
f 4060 4061 4158
f 4060 4158 4157
f 860 957 958
f 860 958 861
f 4061 4062 4159
f 4061 4159 4158
f 861 958 959
f 861 959 862
f 4062 4063 4160
f 4062 4160 4159
f 862 959 960
f 862 960 863
f 4063 4064 4161
f 4063 4161 4160
f 863 960 961
f 863 961 864
f 4064 4065 4162
f 4064 4162 4161
f 864 961 962
f 864 962 865
f 4065 4066 4163
f 4065 4163 4162
f 865 962 963
f 865 963 866
f 4066 4067 4164
f 4066 4164 4163
f 866 963 964
f 866 964 867
f 4067 4068 4165
f 4067 4165 4164
f 867 964 965
f 867 965 868
f 4068 4069 4166
f 4068 4166 4165
f 868 965 966
f 868 966 869
f 4069 4070 4167
f 4069 4167 4166
f 869 966 967
f 869 967 870
f 4070 4071 4168
f 4070 4168 4167
f 870 967 968
f 870 968 871
f 4071 4072 4169
f 4071 4169 4168
f 871 968 969
f 871 969 872
f 4072 4073 4170
f 4072 4170 4169
f 872 969 970
f 872 970 873
f 4073 4074 4171
f 4073 4171 4170
f 874 971 972
f 874 972 875
f 4075 4076 4173
f 4075 4173 4172
f 875 972 973
f 875 973 876
f 4076 4077 4174
f 4076 4174 4173
f 876 973 974
f 876 974 877
f 4077 4078 4175
f 4077 4175 4174
f 877 974 975
f 877 975 878
f 4078 4079 4176
f 4078 4176 4175
f 878 975 976
f 878 976 879
f 4079 4080 4177
f 4079 4177 4176
f 879 976 977
f 879 977 880
f 4080 4081 4178
f 4080 4178 4177
f 880 977 978
f 880 978 881
f 4081 4082 4179
f 4081 4179 4178
f 881 978 979
f 881 979 882
f 4082 4083 4180
f 4082 4180 4179
f 882 979 980
f 882 980 883
f 4083 4084 4181
f 4083 4181 4180
f 883 980 981
f 883 981 884
f 4084 4085 4182
f 4084 4182 4181
f 884 981 982
f 884 982 885
f 4085 4086 4183
f 4085 4183 4182
f 885 982 983
f 885 983 886
f 4086 4087 4184
f 4086 4184 4183
f 886 983 984
f 886 984 887
f 4087 4088 4185
f 4087 4185 4184
f 887 984 985
f 887 985 888
f 4088 4089 4186
f 4088 4186 4185
f 888 985 986
f 888 986 889
f 4089 4090 4187
f 4089 4187 4186
f 889 986 987
f 889 987 890
f 4090 4091 4188
f 4090 4188 4187
f 890 987 988
f 890 988 891
f 4091 4092 4189
f 4091 4189 4188
f 891 988 989
f 891 989 892
f 4092 4093 4190
f 4092 4190 4189
f 892 989 990
f 892 990 893
f 4093 4094 4191
f 4093 4191 4190
f 893 990 991
f 893 991 894
f 4094 4095 4192
f 4094 4192 4191
f 894 991 992
f 894 992 895
f 4095 4096 4193
f 4095 4193 4192
f 895 992 993
f 895 993 896
f 4096 4097 4194
f 4096 4194 4193
f 896 993 994
f 896 994 897
f 4097 4098 4195
f 4097 4195 4194
f 897 994 995
f 897 995 898
f 4098 4099 4196
f 4098 4196 4195
f 898 995 996
f 898 996 899
f 4099 4100 4197
f 4099 4197 4196
f 899 996 997
f 899 997 900
f 4100 4101 4198
f 4100 4198 4197
f 900 997 998
f 900 998 901
f 4101 4102 4199
f 4101 4199 4198
f 901 998 999
f 901 999 902
f 4102 4103 4200
f 4102 4200 4199
f 902 999 1000
f 902 1000 903
f 4103 4104 4201
f 4103 4201 4200
f 903 1000 1001
f 903 1001 904
f 4104 4105 4202
f 4104 4202 4201
f 904 1001 1002
f 904 1002 905
f 4105 4106 4203
f 4105 4203 4202
f 905 1002 1003
f 905 1003 906
f 4106 4107 4204
f 4106 4204 4203
f 906 1003 1004
f 906 1004 907
f 4107 4108 4205
f 4107 4205 4204
f 907 1004 1005
f 907 1005 908
f 4108 4109 4206
f 4108 4206 4205
f 908 1005 1006
f 908 1006 909
f 4109 4110 4207
f 4109 4207 4206
f 909 1006 1007
f 909 1007 910
f 4110 4111 4208
f 4110 4208 4207
f 910 1007 1008
f 910 1008 911
f 4111 4112 4209
f 4111 4209 4208
f 911 1008 1009
f 911 1009 912
f 4112 4113 4210
f 4112 4210 4209
f 912 1009 1010
f 912 1010 913
f 4113 4114 4211
f 4113 4211 4210
f 913 1010 1011
f 913 1011 914
f 4114 4115 4212
f 4114 4212 4211
f 914 1011 1012
f 914 1012 915
f 4115 4116 4213
f 4115 4213 4212
f 915 1012 1013
f 915 1013 916
f 4116 4117 4214
f 4116 4214 4213
f 916 1013 1014
f 916 1014 917
f 4117 4118 4215
f 4117 4215 4214
f 917 1014 1015
f 917 1015 918
f 4118 4119 4216
f 4118 4216 4215
f 918 1015 1016
f 918 1016 919
f 4119 4120 4217
f 4119 4217 4216
f 919 1016 1017
f 919 1017 920
f 4120 4121 4218
f 4120 4218 4217
f 920 1017 1018
f 920 1018 921
f 4121 4122 4219
f 4121 4219 4218
f 921 1018 1019
f 921 1019 922
f 4122 4123 4220
f 4122 4220 4219
f 922 1019 1020
f 922 1020 923
f 4123 4124 4221
f 4123 4221 4220
f 923 1020 1021
f 923 1021 924
f 4124 4125 4222
f 4124 4222 4221
f 924 1021 1022
f 924 1022 925
f 4125 4126 4223
f 4125 4223 4222
f 925 1022 1023
f 925 1023 926
f 4126 4127 4224
f 4126 4224 4223
f 926 1023 1024
f 926 1024 927
f 4127 4128 4225
f 4127 4225 4224
f 927 1024 1025
f 927 1025 928
f 4128 4129 4226
f 4128 4226 4225
f 928 1025 1026
f 928 1026 929
f 4129 4130 4227
f 4129 4227 4226
f 929 1026 1027
f 929 1027 930
f 4130 4131 4228
f 4130 4228 4227
f 930 1027 1028
f 930 1028 931
f 4131 4132 4229
f 4131 4229 4228
f 931 1028 1029
f 931 1029 932
f 4132 4133 4230
f 4132 4230 4229
f 932 1029 1030
f 932 1030 933
f 4133 4134 4231
f 4133 4231 4230
f 933 1030 1031
f 933 1031 934
f 4134 4135 4232
f 4134 4232 4231
f 934 1031 1032
f 934 1032 935
f 4135 4136 4233
f 4135 4233 4232
f 935 1032 1033
f 935 1033 936
f 4136 4137 4234
f 4136 4234 4233
f 936 1033 1034
f 936 1034 937
f 4137 4138 4235
f 4137 4235 4234
f 937 1034 1035
f 937 1035 938
f 4138 4139 4236
f 4138 4236 4235
f 938 1035 1036
f 938 1036 939
f 4139 4140 4237
f 4139 4237 4236
f 939 1036 1037
f 939 1037 940
f 4140 4141 4238
f 4140 4238 4237
f 940 1037 1038
f 940 1038 941
f 4141 4142 4239
f 4141 4239 4238
f 941 1038 1039
f 941 1039 942
f 4142 4143 4240
f 4142 4240 4239
f 942 1039 1040
f 942 1040 943
f 4143 4144 4241
f 4143 4241 4240
f 943 1040 1041
f 943 1041 944
f 4144 4145 4242
f 4144 4242 4241
f 944 1041 1042
f 944 1042 945
f 4145 4146 4243
f 4145 4243 4242
f 945 1042 1043
f 945 1043 946
f 4146 4147 4244
f 4146 4244 4243
f 946 1043 1044
f 946 1044 947
f 4147 4148 4245
f 4147 4245 4244
f 947 1044 1045
f 947 1045 948
f 4148 4149 4246
f 4148 4246 4245
f 948 1045 1046
f 948 1046 949
f 4149 4150 4247
f 4149 4247 4246
f 949 1046 1047
f 949 1047 950
f 4150 4151 4248
f 4150 4248 4247
f 950 1047 1048
f 950 1048 951
f 4151 4152 4249
f 4151 4249 4248
f 951 1048 1049
f 951 1049 952
f 4152 4153 4250
f 4152 4250 4249
f 952 1049 1050
f 952 1050 953
f 4153 4154 4251
f 4153 4251 4250
f 953 1050 1051
f 953 1051 954
f 4154 4155 4252
f 4154 4252 4251
f 954 1051 1052
f 954 1052 955
f 4155 4156 4253
f 4155 4253 4252
f 955 1052 1053
f 955 1053 956
f 4156 4157 4254
f 4156 4254 4253
f 956 1053 1054
f 956 1054 957
f 4157 4158 4255
f 4157 4255 4254
f 957 1054 1055
f 957 1055 958
f 4158 4159 4256
f 4158 4256 4255
f 958 1055 1056
f 958 1056 959
f 4159 4160 4257
f 4159 4257 4256
f 959 1056 1057
f 959 1057 960
f 4160 4161 4258
f 4160 4258 4257
f 960 1057 1058
f 960 1058 961
f 4161 4162 4259
f 4161 4259 4258
f 961 1058 1059
f 961 1059 962
f 4162 4163 4260
f 4162 4260 4259
f 962 1059 1060
f 962 1060 963
f 4163 4164 4261
f 4163 4261 4260
f 963 1060 1061
f 963 1061 964
f 4164 4165 4262
f 4164 4262 4261
f 964 1061 1062
f 964 1062 965
f 4165 4166 4263
f 4165 4263 4262
f 965 1062 1063
f 965 1063 966
f 4166 4167 4264
f 4166 4264 4263
f 966 1063 1064
f 966 1064 967
f 4167 4168 4265
f 4167 4265 4264
f 967 1064 1065
f 967 1065 968
f 4168 4169 4266
f 4168 4266 4265
f 968 1065 1066
f 968 1066 969
f 4169 4170 4267
f 4169 4267 4266
f 969 1066 1067
f 969 1067 970
f 4170 4171 4268
f 4170 4268 4267
f 971 1068 1069
f 971 1069 972
f 4172 4173 4270
f 4172 4270 4269
f 972 1069 1070
f 972 1070 973
f 4173 4174 4271
f 4173 4271 4270
f 973 1070 1071
f 973 1071 974
f 4174 4175 4272
f 4174 4272 4271
f 974 1071 1072
f 974 1072 975
f 4175 4176 4273
f 4175 4273 4272
f 975 1072 1073
f 975 1073 976
f 4176 4177 4274
f 4176 4274 4273
f 976 1073 1074
f 976 1074 977
f 4177 4178 4275
f 4177 4275 4274
f 977 1074 1075
f 977 1075 978
f 4178 4179 4276
f 4178 4276 4275
f 978 1075 1076
f 978 1076 979
f 4179 4180 4277
f 4179 4277 4276
f 979 1076 1077
f 979 1077 980
f 4180 4181 4278
f 4180 4278 4277
f 980 1077 1078
f 980 1078 981
f 4181 4182 4279
f 4181 4279 4278
f 981 1078 1079
f 981 1079 982
f 4182 4183 4280
f 4182 4280 4279
f 982 1079 1080
f 982 1080 983
f 4183 4184 4281
f 4183 4281 4280
f 983 1080 1081
f 983 1081 984
f 4184 4185 4282
f 4184 4282 4281
f 984 1081 1082
f 984 1082 985
f 4185 4186 4283
f 4185 4283 4282
f 985 1082 1083
f 985 1083 986
f 4186 4187 4284
f 4186 4284 4283
f 986 1083 1084
f 986 1084 987
f 4187 4188 4285
f 4187 4285 4284
f 987 1084 1085
f 987 1085 988
f 4188 4189 4286
f 4188 4286 4285
f 988 1085 1086
f 988 1086 989
f 4189 4190 4287
f 4189 4287 4286
f 989 1086 1087
f 989 1087 990
f 4190 4191 4288
f 4190 4288 4287
f 990 1087 1088
f 990 1088 991
f 4191 4192 4289
f 4191 4289 4288
f 991 1088 1089
f 991 1089 992
f 4192 4193 4290
f 4192 4290 4289
f 992 1089 1090
f 992 1090 993
f 4193 4194 4291
f 4193 4291 4290
f 993 1090 1091
f 993 1091 994
f 4194 4195 4292
f 4194 4292 4291
f 994 1091 1092
f 994 1092 995
f 4195 4196 4293
f 4195 4293 4292
f 995 1092 1093
f 995 1093 996
f 4196 4197 4294
f 4196 4294 4293
f 996 1093 1094
f 996 1094 997
f 4197 4198 4295
f 4197 4295 4294
f 997 1094 1095
f 997 1095 998
f 4198 4199 4296
f 4198 4296 4295
f 998 1095 1096
f 998 1096 999
f 4199 4200 4297
f 4199 4297 4296
f 999 1096 1097
f 999 1097 1000
f 4200 4201 4298
f 4200 4298 4297
f 1000 1097 1098
f 1000 1098 1001
f 4201 4202 4299
f 4201 4299 4298
f 1001 1098 1099
f 1001 1099 1002
f 4202 4203 4300
f 4202 4300 4299
f 1002 1099 1100
f 1002 1100 1003
f 4203 4204 4301
f 4203 4301 4300
f 1003 1100 1101
f 1003 1101 1004
f 4204 4205 4302
f 4204 4302 4301
f 1004 1101 1102
f 1004 1102 1005
f 4205 4206 4303
f 4205 4303 4302
f 1005 1102 1103
f 1005 1103 1006
f 4206 4207 4304
f 4206 4304 4303
f 1006 1103 1104
f 1006 1104 1007
f 4207 4208 4305
f 4207 4305 4304
f 1007 1104 1105
f 1007 1105 1008
f 4208 4209 4306
f 4208 4306 4305
f 1008 1105 1106
f 1008 1106 1009
f 4209 4210 4307
f 4209 4307 4306
f 1009 1106 1107
f 1009 1107 1010
f 4210 4211 4308
f 4210 4308 4307
f 1010 1107 1108
f 1010 1108 1011
f 4211 4212 4309
f 4211 4309 4308
f 1011 1108 1109
f 1011 1109 1012
f 4212 4213 4310
f 4212 4310 4309
f 1012 1109 1110
f 1012 1110 1013
f 4213 4214 4311
f 4213 4311 4310
f 1013 1110 1111
f 1013 1111 1014
f 4214 4215 4312
f 4214 4312 4311
f 1014 1111 1112
f 1014 1112 1015
f 4215 4216 4313
f 4215 4313 4312
f 1015 1112 1113
f 1015 1113 1016
f 4216 4217 4314
f 4216 4314 4313
f 1016 1113 1114
f 1016 1114 1017
f 4217 4218 4315
f 4217 4315 4314
f 1017 1114 1115
f 1017 1115 1018
f 4218 4219 4316
f 4218 4316 4315
f 1018 1115 1116
f 1018 1116 1019
f 4219 4220 4317
f 4219 4317 4316
f 1019 1116 1117
f 1019 1117 1020
f 4220 4221 4318
f 4220 4318 4317
f 1020 1117 1118
f 1020 1118 1021
f 4221 4222 4319
f 4221 4319 4318
f 1021 1118 1119
f 1021 1119 1022
f 4222 4223 4320
f 4222 4320 4319
f 1022 1119 1120
f 1022 1120 1023
f 4223 4224 4321
f 4223 4321 4320
f 1023 1120 1121
f 1023 1121 1024
f 4224 4225 4322
f 4224 4322 4321
f 1024 1121 1122
f 1024 1122 1025
f 4225 4226 4323
f 4225 4323 4322
f 1025 1122 1123
f 1025 1123 1026
f 4226 4227 4324
f 4226 4324 4323
f 1026 1123 1124
f 1026 1124 1027
f 4227 4228 4325
f 4227 4325 4324
f 1027 1124 1125
f 1027 1125 1028
f 4228 4229 4326
f 4228 4326 4325
f 1028 1125 1126
f 1028 1126 1029
f 4229 4230 4327
f 4229 4327 4326
f 1029 1126 1127
f 1029 1127 1030
f 4230 4231 4328
f 4230 4328 4327
f 1030 1127 1128
f 1030 1128 1031
f 4231 4232 4329
f 4231 4329 4328
f 1031 1128 1129
f 1031 1129 1032
f 4232 4233 4330
f 4232 4330 4329
f 1032 1129 1130
f 1032 1130 1033
f 4233 4234 4331
f 4233 4331 4330
f 1033 1130 1131
f 1033 1131 1034
f 4234 4235 4332
f 4234 4332 4331
f 1034 1131 1132
f 1034 1132 1035
f 4235 4236 4333
f 4235 4333 4332
f 1035 1132 1133
f 1035 1133 1036
f 4236 4237 4334
f 4236 4334 4333
f 1036 1133 1134
f 1036 1134 1037
f 4237 4238 4335
f 4237 4335 4334
f 1037 1134 1135
f 1037 1135 1038
f 4238 4239 4336
f 4238 4336 4335
f 1038 1135 1136
f 1038 1136 1039
f 4239 4240 4337
f 4239 4337 4336
f 1039 1136 1137
f 1039 1137 1040
f 4240 4241 4338
f 4240 4338 4337
f 1040 1137 1138
f 1040 1138 1041
f 4241 4242 4339
f 4241 4339 4338
f 1041 1138 1139
f 1041 1139 1042
f 4242 4243 4340
f 4242 4340 4339
f 1042 1139 1140
f 1042 1140 1043
f 4243 4244 4341
f 4243 4341 4340
f 1043 1140 1141
f 1043 1141 1044
f 4244 4245 4342
f 4244 4342 4341
f 1044 1141 1142
f 1044 1142 1045
f 4245 4246 4343
f 4245 4343 4342
f 1045 1142 1143
f 1045 1143 1046
f 4246 4247 4344
f 4246 4344 4343
f 1046 1143 1144
f 1046 1144 1047
f 4247 4248 4345
f 4247 4345 4344
f 1047 1144 1145
f 1047 1145 1048
f 4248 4249 4346
f 4248 4346 4345
f 1048 1145 1146
f 1048 1146 1049
f 4249 4250 4347
f 4249 4347 4346
f 1049 1146 1147
f 1049 1147 1050
f 4250 4251 4348
f 4250 4348 4347
f 1050 1147 1148
f 1050 1148 1051
f 4251 4252 4349
f 4251 4349 4348
f 1051 1148 1149
f 1051 1149 1052
f 4252 4253 4350
f 4252 4350 4349
f 1052 1149 1150
f 1052 1150 1053
f 4253 4254 4351
f 4253 4351 4350
f 1053 1150 1151
f 1053 1151 1054
f 4254 4255 4352
f 4254 4352 4351
f 1054 1151 1152
f 1054 1152 1055
f 4255 4256 4353
f 4255 4353 4352
f 1055 1152 1153
f 1055 1153 1056
f 4256 4257 4354
f 4256 4354 4353
f 1056 1153 1154
f 1056 1154 1057
f 4257 4258 4355
f 4257 4355 4354
f 1057 1154 1155
f 1057 1155 1058
f 4258 4259 4356
f 4258 4356 4355
f 1058 1155 1156
f 1058 1156 1059
f 4259 4260 4357
f 4259 4357 4356
f 1059 1156 1157
f 1059 1157 1060
f 4260 4261 4358
f 4260 4358 4357
f 1060 1157 1158
f 1060 1158 1061
f 4261 4262 4359
f 4261 4359 4358
f 1061 1158 1159
f 1061 1159 1062
f 4262 4263 4360
f 4262 4360 4359
f 1062 1159 1160
f 1062 1160 1063
f 4263 4264 4361
f 4263 4361 4360
f 1063 1160 1161
f 1063 1161 1064
f 4264 4265 4362
f 4264 4362 4361
f 1064 1161 1162
f 1064 1162 1065
f 4265 4266 4363
f 4265 4363 4362
f 1065 1162 1163
f 1065 1163 1066
f 4266 4267 4364
f 4266 4364 4363
f 1066 1163 1164
f 1066 1164 1067
f 4267 4268 4365
f 4267 4365 4364
f 1068 1165 1166
f 1068 1166 1069
f 4269 4270 4367
f 4269 4367 4366
f 1069 1166 1167
f 1069 1167 1070
f 4270 4271 4368
f 4270 4368 4367
f 1070 1167 1168
f 1070 1168 1071
f 4271 4272 4369
f 4271 4369 4368
f 1071 1168 1169
f 1071 1169 1072
f 4272 4273 4370
f 4272 4370 4369
f 1072 1169 1170
f 1072 1170 1073
f 4273 4274 4371
f 4273 4371 4370
f 1073 1170 1171
f 1073 1171 1074
f 4274 4275 4372
f 4274 4372 4371
f 1074 1171 1172
f 1074 1172 1075
f 4275 4276 4373
f 4275 4373 4372
f 1075 1172 1173
f 1075 1173 1076
f 4276 4277 4374
f 4276 4374 4373
f 1076 1173 1174
f 1076 1174 1077
f 4277 4278 4375
f 4277 4375 4374
f 1077 1174 1175
f 1077 1175 1078
f 4278 4279 4376
f 4278 4376 4375
f 1078 1175 1176
f 1078 1176 1079
f 4279 4280 4377
f 4279 4377 4376
f 1079 1176 1177
f 1079 1177 1080
f 4280 4281 4378
f 4280 4378 4377
f 1080 1177 1178
f 1080 1178 1081
f 4281 4282 4379
f 4281 4379 4378
f 1081 1178 1179
f 1081 1179 1082
f 4282 4283 4380
f 4282 4380 4379
f 1082 1179 1180
f 1082 1180 1083
f 4283 4284 4381
f 4283 4381 4380
f 1083 1180 1181
f 1083 1181 1084
f 4284 4285 4382
f 4284 4382 4381
f 1084 1181 1182
f 1084 1182 1085
f 4285 4286 4383
f 4285 4383 4382
f 1085 1182 1183
f 1085 1183 1086
f 4286 4287 4384
f 4286 4384 4383
f 1086 1183 1184
f 1086 1184 1087
f 4287 4288 4385
f 4287 4385 4384
f 1087 1184 1185
f 1087 1185 1088
f 4288 4289 4386
f 4288 4386 4385
f 1088 1185 1186
f 1088 1186 1089
f 4289 4290 4387
f 4289 4387 4386
f 1089 1186 1187
f 1089 1187 1090
f 4290 4291 4388
f 4290 4388 4387
f 1090 1187 1188
f 1090 1188 1091
f 4291 4292 4389
f 4291 4389 4388
f 1091 1188 1189
f 1091 1189 1092
f 4292 4293 4390
f 4292 4390 4389
f 1092 1189 1190
f 1092 1190 1093
f 4293 4294 4391
f 4293 4391 4390
f 1093 1190 1191
f 1093 1191 1094
f 4294 4295 4392
f 4294 4392 4391
f 1094 1191 1192
f 1094 1192 1095
f 4295 4296 4393
f 4295 4393 4392
f 1095 1192 1193
f 1095 1193 1096
f 4296 4297 4394
f 4296 4394 4393
f 1096 1193 1194
f 1096 1194 1097
f 4297 4298 4395
f 4297 4395 4394
f 1097 1194 1195
f 1097 1195 1098
f 4298 4299 4396
f 4298 4396 4395
f 1098 1195 1196
f 1098 1196 1099
f 4299 4300 4397
f 4299 4397 4396
f 1099 1196 1197
f 1099 1197 1100
f 4300 4301 4398
f 4300 4398 4397
f 1100 1197 1198
f 1100 1198 1101
f 4301 4302 4399
f 4301 4399 4398
f 1101 1198 1199
f 1101 1199 1102
f 4302 4303 4400
f 4302 4400 4399
f 1102 1199 1200
f 1102 1200 1103
f 4303 4304 4401
f 4303 4401 4400
f 1103 1200 1201
f 1103 1201 1104
f 4304 4305 4402
f 4304 4402 4401
f 1104 1201 1202
f 1104 1202 1105
f 4305 4306 4403
f 4305 4403 4402
f 1105 1202 1203
f 1105 1203 1106
f 4306 4307 4404
f 4306 4404 4403
f 1106 1203 1204
f 1106 1204 1107
f 4307 4308 4405
f 4307 4405 4404
f 1107 1204 1205
f 1107 1205 1108
f 4308 4309 4406
f 4308 4406 4405
f 1108 1205 1206
f 1108 1206 1109
f 4309 4310 4407
f 4309 4407 4406
f 1109 1206 1207
f 1109 1207 1110
f 4310 4311 4408
f 4310 4408 4407
f 1110 1207 1208
f 1110 1208 1111
f 4311 4312 4409
f 4311 4409 4408
f 1111 1208 1209
f 1111 1209 1112
f 4312 4313 4410
f 4312 4410 4409
f 1112 1209 1210
f 1112 1210 1113
f 4313 4314 4411
f 4313 4411 4410
f 1113 1210 1211
f 1113 1211 1114
f 4314 4315 4412
f 4314 4412 4411
f 1114 1211 1212
f 1114 1212 1115
f 4315 4316 4413
f 4315 4413 4412
f 1115 1212 1213
f 1115 1213 1116
f 4316 4317 4414
f 4316 4414 4413
f 1116 1213 1214
f 1116 1214 1117
f 4317 4318 4415
f 4317 4415 4414
f 1117 1214 1215
f 1117 1215 1118
f 4318 4319 4416
f 4318 4416 4415
f 1118 1215 1216
f 1118 1216 1119
f 4319 4320 4417
f 4319 4417 4416
f 1119 1216 1217
f 1119 1217 1120
f 4320 4321 4418
f 4320 4418 4417
f 1120 1217 1218
f 1120 1218 1121
f 4321 4322 4419
f 4321 4419 4418
f 1121 1218 1219
f 1121 1219 1122
f 4322 4323 4420
f 4322 4420 4419
f 1122 1219 1220
f 1122 1220 1123
f 4323 4324 4421
f 4323 4421 4420
f 1123 1220 1221
f 1123 1221 1124
f 4324 4325 4422
f 4324 4422 4421
f 1124 1221 1222
f 1124 1222 1125
f 4325 4326 4423
f 4325 4423 4422
f 1125 1222 1223
f 1125 1223 1126
f 4326 4327 4424
f 4326 4424 4423
f 1126 1223 1224
f 1126 1224 1127
f 4327 4328 4425
f 4327 4425 4424
f 1127 1224 1225
f 1127 1225 1128
f 4328 4329 4426
f 4328 4426 4425
f 1128 1225 1226
f 1128 1226 1129
f 4329 4330 4427
f 4329 4427 4426
f 1129 1226 1227
f 1129 1227 1130
f 4330 4331 4428
f 4330 4428 4427
f 1130 1227 1228
f 1130 1228 1131
f 4331 4332 4429
f 4331 4429 4428
f 1131 1228 1229
f 1131 1229 1132
f 4332 4333 4430
f 4332 4430 4429
f 1132 1229 1230
f 1132 1230 1133
f 4333 4334 4431
f 4333 4431 4430
f 1133 1230 1231
f 1133 1231 1134
f 4334 4335 4432
f 4334 4432 4431
f 1134 1231 1232
f 1134 1232 1135
f 4335 4336 4433
f 4335 4433 4432
f 1135 1232 1233
f 1135 1233 1136
f 4336 4337 4434
f 4336 4434 4433
f 1136 1233 1234
f 1136 1234 1137
f 4337 4338 4435
f 4337 4435 4434
f 1137 1234 1235
f 1137 1235 1138
f 4338 4339 4436
f 4338 4436 4435
f 1138 1235 1236
f 1138 1236 1139
f 4339 4340 4437
f 4339 4437 4436
f 1139 1236 1237
f 1139 1237 1140
f 4340 4341 4438
f 4340 4438 4437
f 1140 1237 1238
f 1140 1238 1141
f 4341 4342 4439
f 4341 4439 4438
f 1141 1238 1239
f 1141 1239 1142
f 4342 4343 4440
f 4342 4440 4439
f 1142 1239 1240
f 1142 1240 1143
f 4343 4344 4441
f 4343 4441 4440
f 1143 1240 1241
f 1143 1241 1144
f 4344 4345 4442
f 4344 4442 4441
f 1144 1241 1242
f 1144 1242 1145
f 4345 4346 4443
f 4345 4443 4442
f 1145 1242 1243
f 1145 1243 1146
f 4346 4347 4444
f 4346 4444 4443
f 1146 1243 1244
f 1146 1244 1147
f 4347 4348 4445
f 4347 4445 4444
f 1147 1244 1245
f 1147 1245 1148
f 4348 4349 4446
f 4348 4446 4445
f 1148 1245 1246
f 1148 1246 1149
f 4349 4350 4447
f 4349 4447 4446
f 1149 1246 1247
f 1149 1247 1150
f 4350 4351 4448
f 4350 4448 4447
f 1150 1247 1248
f 1150 1248 1151
f 4351 4352 4449
f 4351 4449 4448
f 1151 1248 1249
f 1151 1249 1152
f 4352 4353 4450
f 4352 4450 4449
f 1152 1249 1250
f 1152 1250 1153
f 4353 4354 4451
f 4353 4451 4450
f 1153 1250 1251
f 1153 1251 1154
f 4354 4355 4452
f 4354 4452 4451
f 1154 1251 1252
f 1154 1252 1155
f 4355 4356 4453
f 4355 4453 4452
f 1155 1252 1253
f 1155 1253 1156
f 4356 4357 4454
f 4356 4454 4453
f 1156 1253 1254
f 1156 1254 1157
f 4357 4358 4455
f 4357 4455 4454
f 1157 1254 1255
f 1157 1255 1158
f 4358 4359 4456
f 4358 4456 4455
f 1158 1255 1256
f 1158 1256 1159
f 4359 4360 4457
f 4359 4457 4456
f 1159 1256 1257
f 1159 1257 1160
f 4360 4361 4458
f 4360 4458 4457
f 1160 1257 1258
f 1160 1258 1161
f 4361 4362 4459
f 4361 4459 4458
f 1161 1258 1259
f 1161 1259 1162
f 4362 4363 4460
f 4362 4460 4459
f 1162 1259 1260
f 1162 1260 1163
f 4363 4364 4461
f 4363 4461 4460
f 1163 1260 1261
f 1163 1261 1164
f 4364 4365 4462
f 4364 4462 4461
f 1165 1262 1263
f 1165 1263 1166
f 4366 4367 4464
f 4366 4464 4463
f 1166 1263 1264
f 1166 1264 1167
f 4367 4368 4465
f 4367 4465 4464
f 1167 1264 1265
f 1167 1265 1168
f 4368 4369 4466
f 4368 4466 4465
f 1168 1265 1266
f 1168 1266 1169
f 4369 4370 4467
f 4369 4467 4466
f 1169 1266 1267
f 1169 1267 1170
f 4370 4371 4468
f 4370 4468 4467
f 1170 1267 1268
f 1170 1268 1171
f 4371 4372 4469
f 4371 4469 4468
f 1171 1268 1269
f 1171 1269 1172
f 4372 4373 4470
f 4372 4470 4469
f 1172 1269 1270
f 1172 1270 1173
f 4373 4374 4471
f 4373 4471 4470
f 1173 1270 1271
f 1173 1271 1174
f 4374 4375 4472
f 4374 4472 4471
f 1174 1271 1272
f 1174 1272 1175
f 4375 4376 4473
f 4375 4473 4472
f 1175 1272 1273
f 1175 1273 1176
f 4376 4377 4474
f 4376 4474 4473
f 1176 1273 1274
f 1176 1274 1177
f 4377 4378 4475
f 4377 4475 4474
f 1177 1274 1275
f 1177 1275 1178
f 4378 4379 4476
f 4378 4476 4475
f 1178 1275 1276
f 1178 1276 1179
f 4379 4380 4477
f 4379 4477 4476
f 1179 1276 1277
f 1179 1277 1180
f 4380 4381 4478
f 4380 4478 4477
f 1180 1277 1278
f 1180 1278 1181
f 4381 4382 4479
f 4381 4479 4478
f 1181 1278 1279
f 1181 1279 1182
f 4382 4383 4480
f 4382 4480 4479
f 1182 1279 1280
f 1182 1280 1183
f 4383 4384 4481
f 4383 4481 4480
f 1183 1280 1281
f 1183 1281 1184
f 4384 4385 4482
f 4384 4482 4481
f 1184 1281 1282
f 1184 1282 1185
f 4385 4386 4483
f 4385 4483 4482
f 1185 1282 1283
f 1185 1283 1186
f 4386 4387 4484
f 4386 4484 4483
f 1186 1283 1284
f 1186 1284 1187
f 4387 4388 4485
f 4387 4485 4484
f 1187 1284 1285
f 1187 1285 1188
f 4388 4389 4486
f 4388 4486 4485
f 1188 1285 1286
f 1188 1286 1189
f 4389 4390 4487
f 4389 4487 4486
f 1189 1286 1287
f 1189 1287 1190
f 4390 4391 4488
f 4390 4488 4487
f 1190 1287 1288
f 1190 1288 1191
f 4391 4392 4489
f 4391 4489 4488
f 1191 1288 1289
f 1191 1289 1192
f 4392 4393 4490
f 4392 4490 4489
f 1192 1289 1290
f 1192 1290 1193
f 4393 4394 4491
f 4393 4491 4490
f 1193 1290 1291
f 1193 1291 1194
f 4394 4395 4492
f 4394 4492 4491
f 1194 1291 1292
f 1194 1292 1195
f 4395 4396 4493
f 4395 4493 4492
f 1195 1292 1293
f 1195 1293 1196
f 4396 4397 4494
f 4396 4494 4493
f 1196 1293 1294
f 1196 1294 1197
f 4397 4398 4495
f 4397 4495 4494
f 1197 1294 1295
f 1197 1295 1198
f 4398 4399 4496
f 4398 4496 4495
f 1198 1295 1296
f 1198 1296 1199
f 4399 4400 4497
f 4399 4497 4496
f 1199 1296 1297
f 1199 1297 1200
f 4400 4401 4498
f 4400 4498 4497
f 1200 1297 1298
f 1200 1298 1201
f 4401 4402 4499
f 4401 4499 4498
f 1201 1298 1299
f 1201 1299 1202
f 4402 4403 4500
f 4402 4500 4499
f 1202 1299 1300
f 1202 1300 1203
f 4403 4404 4501
f 4403 4501 4500
f 1203 1300 1301
f 1203 1301 1204
f 4404 4405 4502
f 4404 4502 4501
f 1204 1301 1302
f 1204 1302 1205
f 4405 4406 4503
f 4405 4503 4502
f 1205 1302 1303
f 1205 1303 1206
f 4406 4407 4504
f 4406 4504 4503
f 1206 1303 1304
f 1206 1304 1207
f 4407 4408 4505
f 4407 4505 4504
f 1207 1304 1305
f 1207 1305 1208
f 4408 4409 4506
f 4408 4506 4505
f 1208 1305 1306
f 1208 1306 1209
f 4409 4410 4507
f 4409 4507 4506
f 1209 1306 1307
f 1209 1307 1210
f 4410 4411 4508
f 4410 4508 4507
f 1210 1307 1308
f 1210 1308 1211
f 4411 4412 4509
f 4411 4509 4508
f 1211 1308 1309
f 1211 1309 1212
f 4412 4413 4510
f 4412 4510 4509
f 1212 1309 1310
f 1212 1310 1213
f 4413 4414 4511
f 4413 4511 4510
f 1213 1310 1311
f 1213 1311 1214
f 4414 4415 4512
f 4414 4512 4511
f 1214 1311 1312
f 1214 1312 1215
f 4415 4416 4513
f 4415 4513 4512
f 1215 1312 1313
f 1215 1313 1216
f 4416 4417 4514
f 4416 4514 4513
f 1216 1313 1314
f 1216 1314 1217
f 4417 4418 4515
f 4417 4515 4514
f 1217 1314 1315
f 1217 1315 1218
f 4418 4419 4516
f 4418 4516 4515
f 1218 1315 1316
f 1218 1316 1219
f 4419 4420 4517
f 4419 4517 4516
f 1219 1316 1317
f 1219 1317 1220
f 4420 4421 4518
f 4420 4518 4517
f 1220 1317 1318
f 1220 1318 1221
f 4421 4422 4519
f 4421 4519 4518
f 1221 1318 1319
f 1221 1319 1222
f 4422 4423 4520
f 4422 4520 4519
f 1222 1319 1320
f 1222 1320 1223
f 4423 4424 4521
f 4423 4521 4520
f 1223 1320 1321
f 1223 1321 1224
f 4424 4425 4522
f 4424 4522 4521
f 1224 1321 1322
f 1224 1322 1225
f 4425 4426 4523
f 4425 4523 4522
f 1225 1322 1323
f 1225 1323 1226
f 4426 4427 4524
f 4426 4524 4523
f 1226 1323 1324
f 1226 1324 1227
f 4427 4428 4525
f 4427 4525 4524
f 1227 1324 1325
f 1227 1325 1228
f 4428 4429 4526
f 4428 4526 4525
f 1228 1325 1326
f 1228 1326 1229
f 4429 4430 4527
f 4429 4527 4526
f 1229 1326 1327
f 1229 1327 1230
f 4430 4431 4528
f 4430 4528 4527
f 1230 1327 1328
f 1230 1328 1231
f 4431 4432 4529
f 4431 4529 4528
f 1231 1328 1329
f 1231 1329 1232
f 4432 4433 4530
f 4432 4530 4529
f 1232 1329 1330
f 1232 1330 1233
f 4433 4434 4531
f 4433 4531 4530
f 1233 1330 1331
f 1233 1331 1234
f 4434 4435 4532
f 4434 4532 4531
f 1234 1331 1332
f 1234 1332 1235
f 4435 4436 4533
f 4435 4533 4532
f 1235 1332 1333
f 1235 1333 1236
f 4436 4437 4534
f 4436 4534 4533
f 1236 1333 1334
f 1236 1334 1237
f 4437 4438 4535
f 4437 4535 4534
f 1237 1334 1335
f 1237 1335 1238
f 4438 4439 4536
f 4438 4536 4535
f 1238 1335 1336
f 1238 1336 1239
f 4439 4440 4537
f 4439 4537 4536
f 1239 1336 1337
f 1239 1337 1240
f 4440 4441 4538
f 4440 4538 4537
f 1240 1337 1338
f 1240 1338 1241
f 4441 4442 4539
f 4441 4539 4538
f 1241 1338 1339
f 1241 1339 1242
f 4442 4443 4540
f 4442 4540 4539
f 1242 1339 1340
f 1242 1340 1243
f 4443 4444 4541
f 4443 4541 4540
f 1243 1340 1341
f 1243 1341 1244
f 4444 4445 4542
f 4444 4542 4541
f 1244 1341 1342
f 1244 1342 1245
f 4445 4446 4543
f 4445 4543 4542
f 1245 1342 1343
f 1245 1343 1246
f 4446 4447 4544
f 4446 4544 4543
f 1246 1343 1344
f 1246 1344 1247
f 4447 4448 4545
f 4447 4545 4544
f 1247 1344 1345
f 1247 1345 1248
f 4448 4449 4546
f 4448 4546 4545
f 1248 1345 1346
f 1248 1346 1249
f 4449 4450 4547
f 4449 4547 4546
f 1249 1346 1347
f 1249 1347 1250
f 4450 4451 4548
f 4450 4548 4547
f 1250 1347 1348
f 1250 1348 1251
f 4451 4452 4549
f 4451 4549 4548
f 1251 1348 1349
f 1251 1349 1252
f 4452 4453 4550
f 4452 4550 4549
f 1252 1349 1350
f 1252 1350 1253
f 4453 4454 4551
f 4453 4551 4550
f 1253 1350 1351
f 1253 1351 1254
f 4454 4455 4552
f 4454 4552 4551
f 1254 1351 1352
f 1254 1352 1255
f 4455 4456 4553
f 4455 4553 4552
f 1255 1352 1353
f 1255 1353 1256
f 4456 4457 4554
f 4456 4554 4553
f 1256 1353 1354
f 1256 1354 1257
f 4457 4458 4555
f 4457 4555 4554
f 1257 1354 1355
f 1257 1355 1258
f 4458 4459 4556
f 4458 4556 4555
f 1258 1355 1356
f 1258 1356 1259
f 4459 4460 4557
f 4459 4557 4556
f 1259 1356 1357
f 1259 1357 1260
f 4460 4461 4558
f 4460 4558 4557
f 1260 1357 1358
f 1260 1358 1261
f 4461 4462 4559
f 4461 4559 4558
f 1262 1359 1360
f 1262 1360 1263
f 4463 4464 4561
f 4463 4561 4560
f 1263 1360 1361
f 1263 1361 1264
f 4464 4465 4562
f 4464 4562 4561
f 1264 1361 1362
f 1264 1362 1265
f 4465 4466 4563
f 4465 4563 4562
f 1265 1362 1363
f 1265 1363 1266
f 4466 4467 4564
f 4466 4564 4563
f 1266 1363 1364
f 1266 1364 1267
f 4467 4468 4565
f 4467 4565 4564
f 1267 1364 1365
f 1267 1365 1268
f 4468 4469 4566
f 4468 4566 4565
f 1268 1365 1366
f 1268 1366 1269
f 4469 4470 4567
f 4469 4567 4566
f 1269 1366 1367
f 1269 1367 1270
f 4470 4471 4568
f 4470 4568 4567
f 1270 1367 1368
f 1270 1368 1271
f 4471 4472 4569
f 4471 4569 4568
f 1271 1368 1369
f 1271 1369 1272
f 4472 4473 4570
f 4472 4570 4569
f 1272 1369 1370
f 1272 1370 1273
f 4473 4474 4571
f 4473 4571 4570
f 1273 1370 1371
f 1273 1371 1274
f 4474 4475 4572
f 4474 4572 4571
f 1274 1371 1372
f 1274 1372 1275
f 4475 4476 4573
f 4475 4573 4572
f 1275 1372 1373
f 1275 1373 1276
f 4476 4477 4574
f 4476 4574 4573
f 1276 1373 1374
f 1276 1374 1277
f 4477 4478 4575
f 4477 4575 4574
f 1277 1374 1375
f 1277 1375 1278
f 4478 4479 4576
f 4478 4576 4575
f 1278 1375 1376
f 1278 1376 1279
f 4479 4480 4577
f 4479 4577 4576
f 1279 1376 1377
f 1279 1377 1280
f 4480 4481 4578
f 4480 4578 4577
f 1280 1377 1378
f 1280 1378 1281
f 4481 4482 4579
f 4481 4579 4578
f 1281 1378 1379
f 1281 1379 1282
f 4482 4483 4580
f 4482 4580 4579
f 1282 1379 1380
f 1282 1380 1283
f 4483 4484 4581
f 4483 4581 4580
f 1283 1380 1381
f 1283 1381 1284
f 4484 4485 4582
f 4484 4582 4581
f 1284 1381 1382
f 1284 1382 1285
f 4485 4486 4583
f 4485 4583 4582
f 1285 1382 1383
f 1285 1383 1286
f 4486 4487 4584
f 4486 4584 4583
f 1286 1383 1384
f 1286 1384 1287
f 4487 4488 4585
f 4487 4585 4584
f 1287 1384 1385
f 1287 1385 1288
f 4488 4489 4586
f 4488 4586 4585
f 1288 1385 1386
f 1288 1386 1289
f 4489 4490 4587
f 4489 4587 4586
f 1289 1386 1387
f 1289 1387 1290
f 4490 4491 4588
f 4490 4588 4587
f 1290 1387 1388
f 1290 1388 1291
f 4491 4492 4589
f 4491 4589 4588
f 1291 1388 1389
f 1291 1389 1292
f 4492 4493 4590
f 4492 4590 4589
f 1292 1389 1390
f 1292 1390 1293
f 4493 4494 4591
f 4493 4591 4590
f 1293 1390 1391
f 1293 1391 1294
f 4494 4495 4592
f 4494 4592 4591
f 1294 1391 1392
f 1294 1392 1295
f 4495 4496 4593
f 4495 4593 4592
f 1295 1392 1393
f 1295 1393 1296
f 4496 4497 4594
f 4496 4594 4593
f 1296 1393 1394
f 1296 1394 1297
f 4497 4498 4595
f 4497 4595 4594
f 1297 1394 1395
f 1297 1395 1298
f 4498 4499 4596
f 4498 4596 4595
f 1298 1395 1396
f 1298 1396 1299
f 4499 4500 4597
f 4499 4597 4596
f 1299 1396 1397
f 1299 1397 1300
f 4500 4501 4598
f 4500 4598 4597
f 1300 1397 1398
f 1300 1398 1301
f 4501 4502 4599
f 4501 4599 4598
f 1301 1398 1399
f 1301 1399 1302
f 4502 4503 4600
f 4502 4600 4599
f 1302 1399 1400
f 1302 1400 1303
f 4503 4504 4601
f 4503 4601 4600
f 1303 1400 1401
f 1303 1401 1304
f 4504 4505 4602
f 4504 4602 4601
f 1304 1401 1402
f 1304 1402 1305
f 4505 4506 4603
f 4505 4603 4602
f 1305 1402 1403
f 1305 1403 1306
f 4506 4507 4604
f 4506 4604 4603
f 1306 1403 1404
f 1306 1404 1307
f 4507 4508 4605
f 4507 4605 4604
f 1307 1404 1405
f 1307 1405 1308
f 4508 4509 4606
f 4508 4606 4605
f 1308 1405 1406
f 1308 1406 1309
f 4509 4510 4607
f 4509 4607 4606
f 1309 1406 1407
f 1309 1407 1310
f 4510 4511 4608
f 4510 4608 4607
f 1310 1407 1408
f 1310 1408 1311
f 4511 4512 4609
f 4511 4609 4608
f 1311 1408 1409
f 1311 1409 1312
f 4512 4513 4610
f 4512 4610 4609
f 1312 1409 1410
f 1312 1410 1313
f 4513 4514 4611
f 4513 4611 4610
f 1313 1410 1411
f 1313 1411 1314
f 4514 4515 4612
f 4514 4612 4611
f 1314 1411 1412
f 1314 1412 1315
f 4515 4516 4613
f 4515 4613 4612
f 1315 1412 1413
f 1315 1413 1316
f 4516 4517 4614
f 4516 4614 4613
f 1316 1413 1414
f 1316 1414 1317
f 4517 4518 4615
f 4517 4615 4614
f 1317 1414 1415
f 1317 1415 1318
f 4518 4519 4616
f 4518 4616 4615
f 1318 1415 1416
f 1318 1416 1319
f 4519 4520 4617
f 4519 4617 4616
f 1319 1416 1417
f 1319 1417 1320
f 4520 4521 4618
f 4520 4618 4617
f 1320 1417 1418
f 1320 1418 1321
f 4521 4522 4619
f 4521 4619 4618
f 1321 1418 1419
f 1321 1419 1322
f 4522 4523 4620
f 4522 4620 4619
f 1322 1419 1420
f 1322 1420 1323
f 4523 4524 4621
f 4523 4621 4620
f 1323 1420 1421
f 1323 1421 1324
f 4524 4525 4622
f 4524 4622 4621
f 1324 1421 1422
f 1324 1422 1325
f 4525 4526 4623
f 4525 4623 4622
f 1325 1422 1423
f 1325 1423 1326
f 4526 4527 4624
f 4526 4624 4623
f 1326 1423 1424
f 1326 1424 1327
f 4527 4528 4625
f 4527 4625 4624
f 1327 1424 1425
f 1327 1425 1328
f 4528 4529 4626
f 4528 4626 4625
f 1328 1425 1426
f 1328 1426 1329
f 4529 4530 4627
f 4529 4627 4626
f 1329 1426 1427
f 1329 1427 1330
f 4530 4531 4628
f 4530 4628 4627
f 1330 1427 1428
f 1330 1428 1331
f 4531 4532 4629
f 4531 4629 4628
f 1331 1428 1429
f 1331 1429 1332
f 4532 4533 4630
f 4532 4630 4629
f 1332 1429 1430
f 1332 1430 1333
f 4533 4534 4631
f 4533 4631 4630
f 1333 1430 1431
f 1333 1431 1334
f 4534 4535 4632
f 4534 4632 4631
f 1334 1431 1432
f 1334 1432 1335
f 4535 4536 4633
f 4535 4633 4632
f 1335 1432 1433
f 1335 1433 1336
f 4536 4537 4634
f 4536 4634 4633
f 1336 1433 1434
f 1336 1434 1337
f 4537 4538 4635
f 4537 4635 4634
f 1337 1434 1435
f 1337 1435 1338
f 4538 4539 4636
f 4538 4636 4635
f 1338 1435 1436
f 1338 1436 1339
f 4539 4540 4637
f 4539 4637 4636
f 1339 1436 1437
f 1339 1437 1340
f 4540 4541 4638
f 4540 4638 4637
f 1340 1437 1438
f 1340 1438 1341
f 4541 4542 4639
f 4541 4639 4638
f 1341 1438 1439
f 1341 1439 1342
f 4542 4543 4640
f 4542 4640 4639
f 1342 1439 1440
f 1342 1440 1343
f 4543 4544 4641
f 4543 4641 4640
f 1343 1440 1441
f 1343 1441 1344
f 4544 4545 4642
f 4544 4642 4641
f 1344 1441 1442
f 1344 1442 1345
f 4545 4546 4643
f 4545 4643 4642
f 1345 1442 1443
f 1345 1443 1346
f 4546 4547 4644
f 4546 4644 4643
f 1346 1443 1444
f 1346 1444 1347
f 4547 4548 4645
f 4547 4645 4644
f 1347 1444 1445
f 1347 1445 1348
f 4548 4549 4646
f 4548 4646 4645
f 1348 1445 1446
f 1348 1446 1349
f 4549 4550 4647
f 4549 4647 4646
f 1349 1446 1447
f 1349 1447 1350
f 4550 4551 4648
f 4550 4648 4647
f 1350 1447 1448
f 1350 1448 1351
f 4551 4552 4649
f 4551 4649 4648
f 1351 1448 1449
f 1351 1449 1352
f 4552 4553 4650
f 4552 4650 4649
f 1352 1449 1450
f 1352 1450 1353
f 4553 4554 4651
f 4553 4651 4650
f 1353 1450 1451
f 1353 1451 1354
f 4554 4555 4652
f 4554 4652 4651
f 1354 1451 1452
f 1354 1452 1355
f 4555 4556 4653
f 4555 4653 4652
f 1355 1452 1453
f 1355 1453 1356
f 4556 4557 4654
f 4556 4654 4653
f 1356 1453 1454
f 1356 1454 1357
f 4557 4558 4655
f 4557 4655 4654
f 1357 1454 1455
f 1357 1455 1358
f 4558 4559 4656
f 4558 4656 4655
f 1359 1456 1457
f 1359 1457 1360
f 4560 4561 4658
f 4560 4658 4657
f 1360 1457 1458
f 1360 1458 1361
f 4561 4562 4659
f 4561 4659 4658
f 1361 1458 1459
f 1361 1459 1362
f 4562 4563 4660
f 4562 4660 4659
f 1362 1459 1460
f 1362 1460 1363
f 4563 4564 4661
f 4563 4661 4660
f 1363 1460 1461
f 1363 1461 1364
f 4564 4565 4662
f 4564 4662 4661
f 1364 1461 1462
f 1364 1462 1365
f 4565 4566 4663
f 4565 4663 4662
f 1365 1462 1463
f 1365 1463 1366
f 4566 4567 4664
f 4566 4664 4663
f 1366 1463 1464
f 1366 1464 1367
f 4567 4568 4665
f 4567 4665 4664
f 1367 1464 1465
f 1367 1465 1368
f 4568 4569 4666
f 4568 4666 4665
f 1368 1465 1466
f 1368 1466 1369
f 4569 4570 4667
f 4569 4667 4666
f 1369 1466 1467
f 1369 1467 1370
f 4570 4571 4668
f 4570 4668 4667
f 1370 1467 1468
f 1370 1468 1371
f 4571 4572 4669
f 4571 4669 4668
f 1371 1468 1469
f 1371 1469 1372
f 4572 4573 4670
f 4572 4670 4669
f 1372 1469 1470
f 1372 1470 1373
f 4573 4574 4671
f 4573 4671 4670
f 1373 1470 1471
f 1373 1471 1374
f 4574 4575 4672
f 4574 4672 4671
f 1374 1471 1472
f 1374 1472 1375
f 4575 4576 4673
f 4575 4673 4672
f 1375 1472 1473
f 1375 1473 1376
f 4576 4577 4674
f 4576 4674 4673
f 1376 1473 1474
f 1376 1474 1377
f 4577 4578 4675
f 4577 4675 4674
f 1377 1474 1475
f 1377 1475 1378
f 4578 4579 4676
f 4578 4676 4675
f 1378 1475 1476
f 1378 1476 1379
f 4579 4580 4677
f 4579 4677 4676
f 1379 1476 1477
f 1379 1477 1380
f 4580 4581 4678
f 4580 4678 4677
f 1380 1477 1478
f 1380 1478 1381
f 4581 4582 4679
f 4581 4679 4678
f 1381 1478 1479
f 1381 1479 1382
f 4582 4583 4680
f 4582 4680 4679
f 1382 1479 1480
f 1382 1480 1383
f 4583 4584 4681
f 4583 4681 4680
f 1383 1480 1481
f 1383 1481 1384
f 4584 4585 4682
f 4584 4682 4681
f 1384 1481 1482
f 1384 1482 1385
f 4585 4586 4683
f 4585 4683 4682
f 1385 1482 1483
f 1385 1483 1386
f 4586 4587 4684
f 4586 4684 4683
f 1386 1483 1484
f 1386 1484 1387
f 4587 4588 4685
f 4587 4685 4684
f 1387 1484 1485
f 1387 1485 1388
f 4588 4589 4686
f 4588 4686 4685
f 1388 1485 1486
f 1388 1486 1389
f 4589 4590 4687
f 4589 4687 4686
f 1389 1486 1487
f 1389 1487 1390
f 4590 4591 4688
f 4590 4688 4687
f 1390 1487 1488
f 1390 1488 1391
f 4591 4592 4689
f 4591 4689 4688
f 1391 1488 1489
f 1391 1489 1392
f 4592 4593 4690
f 4592 4690 4689
f 1392 1489 1490
f 1392 1490 1393
f 4593 4594 4691
f 4593 4691 4690
f 1393 1490 1491
f 1393 1491 1394
f 4594 4595 4692
f 4594 4692 4691
f 1394 1491 1492
f 1394 1492 1395
f 4595 4596 4693
f 4595 4693 4692
f 1395 1492 1493
f 1395 1493 1396
f 4596 4597 4694
f 4596 4694 4693
f 1396 1493 1494
f 1396 1494 1397
f 4597 4598 4695
f 4597 4695 4694
f 1397 1494 1495
f 1397 1495 1398
f 4598 4599 4696
f 4598 4696 4695
f 1398 1495 1496
f 1398 1496 1399
f 4599 4600 4697
f 4599 4697 4696
f 1399 1496 1497
f 1399 1497 1400
f 4600 4601 4698
f 4600 4698 4697
f 1400 1497 1498
f 1400 1498 1401
f 4601 4602 4699
f 4601 4699 4698
f 1401 1498 1499
f 1401 1499 1402
f 4602 4603 4700
f 4602 4700 4699
f 1402 1499 1500
f 1402 1500 1403
f 4603 4604 4701
f 4603 4701 4700
f 1403 1500 1501
f 1403 1501 1404
f 4604 4605 4702
f 4604 4702 4701
f 1404 1501 1502
f 1404 1502 1405
f 4605 4606 4703
f 4605 4703 4702
f 1405 1502 1503
f 1405 1503 1406
f 4606 4607 4704
f 4606 4704 4703
f 1406 1503 1504
f 1406 1504 1407
f 4607 4608 4705
f 4607 4705 4704
f 1407 1504 1505
f 1407 1505 1408
f 4608 4609 4706
f 4608 4706 4705
f 1408 1505 1506
f 1408 1506 1409
f 4609 4610 4707
f 4609 4707 4706
f 1409 1506 1507
f 1409 1507 1410
f 4610 4611 4708
f 4610 4708 4707
f 1410 1507 1508
f 1410 1508 1411
f 4611 4612 4709
f 4611 4709 4708
f 1411 1508 1509
f 1411 1509 1412
f 4612 4613 4710
f 4612 4710 4709
f 1412 1509 1510
f 1412 1510 1413
f 4613 4614 4711
f 4613 4711 4710
f 1413 1510 1511
f 1413 1511 1414
f 4614 4615 4712
f 4614 4712 4711
f 1414 1511 1512
f 1414 1512 1415
f 4615 4616 4713
f 4615 4713 4712
f 1415 1512 1513
f 1415 1513 1416
f 4616 4617 4714
f 4616 4714 4713
f 1416 1513 1514
f 1416 1514 1417
f 4617 4618 4715
f 4617 4715 4714
f 1417 1514 1515
f 1417 1515 1418
f 4618 4619 4716
f 4618 4716 4715
f 1418 1515 1516
f 1418 1516 1419
f 4619 4620 4717
f 4619 4717 4716
f 1419 1516 1517
f 1419 1517 1420
f 4620 4621 4718
f 4620 4718 4717
f 1420 1517 1518
f 1420 1518 1421
f 4621 4622 4719
f 4621 4719 4718
f 1421 1518 1519
f 1421 1519 1422
f 4622 4623 4720
f 4622 4720 4719
f 1422 1519 1520
f 1422 1520 1423
f 4623 4624 4721
f 4623 4721 4720
f 1423 1520 1521
f 1423 1521 1424
f 4624 4625 4722
f 4624 4722 4721
f 1424 1521 1522
f 1424 1522 1425
f 4625 4626 4723
f 4625 4723 4722
f 1425 1522 1523
f 1425 1523 1426
f 4626 4627 4724
f 4626 4724 4723
f 1426 1523 1524
f 1426 1524 1427
f 4627 4628 4725
f 4627 4725 4724
f 1427 1524 1525
f 1427 1525 1428
f 4628 4629 4726
f 4628 4726 4725
f 1428 1525 1526
f 1428 1526 1429
f 4629 4630 4727
f 4629 4727 4726
f 1429 1526 1527
f 1429 1527 1430
f 4630 4631 4728
f 4630 4728 4727
f 1430 1527 1528
f 1430 1528 1431
f 4631 4632 4729
f 4631 4729 4728
f 1431 1528 1529
f 1431 1529 1432
f 4632 4633 4730
f 4632 4730 4729
f 1432 1529 1530
f 1432 1530 1433
f 4633 4634 4731
f 4633 4731 4730
f 1433 1530 1531
f 1433 1531 1434
f 4634 4635 4732
f 4634 4732 4731
f 1434 1531 1532
f 1434 1532 1435
f 4635 4636 4733
f 4635 4733 4732
f 1435 1532 1533
f 1435 1533 1436
f 4636 4637 4734
f 4636 4734 4733
f 1436 1533 1534
f 1436 1534 1437
f 4637 4638 4735
f 4637 4735 4734
f 1437 1534 1535
f 1437 1535 1438
f 4638 4639 4736
f 4638 4736 4735
f 1438 1535 1536
f 1438 1536 1439
f 4639 4640 4737
f 4639 4737 4736
f 1439 1536 1537
f 1439 1537 1440
f 4640 4641 4738
f 4640 4738 4737
f 1440 1537 1538
f 1440 1538 1441
f 4641 4642 4739
f 4641 4739 4738
f 1441 1538 1539
f 1441 1539 1442
f 4642 4643 4740
f 4642 4740 4739
f 1442 1539 1540
f 1442 1540 1443
f 4643 4644 4741
f 4643 4741 4740
f 1443 1540 1541
f 1443 1541 1444
f 4644 4645 4742
f 4644 4742 4741
f 1444 1541 1542
f 1444 1542 1445
f 4645 4646 4743
f 4645 4743 4742
f 1445 1542 1543
f 1445 1543 1446
f 4646 4647 4744
f 4646 4744 4743
f 1446 1543 1544
f 1446 1544 1447
f 4647 4648 4745
f 4647 4745 4744
f 1447 1544 1545
f 1447 1545 1448
f 4648 4649 4746
f 4648 4746 4745
f 1448 1545 1546
f 1448 1546 1449
f 4649 4650 4747
f 4649 4747 4746
f 1449 1546 1547
f 1449 1547 1450
f 4650 4651 4748
f 4650 4748 4747
f 1450 1547 1548
f 1450 1548 1451
f 4651 4652 4749
f 4651 4749 4748
f 1451 1548 1549
f 1451 1549 1452
f 4652 4653 4750
f 4652 4750 4749
f 1452 1549 1550
f 1452 1550 1453
f 4653 4654 4751
f 4653 4751 4750
f 1453 1550 1551
f 1453 1551 1454
f 4654 4655 4752
f 4654 4752 4751
f 1454 1551 1552
f 1454 1552 1455
f 4655 4656 4753
f 4655 4753 4752
f 1456 1553 1554
f 1456 1554 1457
f 4657 4658 4755
f 4657 4755 4754
f 1457 1554 1555
f 1457 1555 1458
f 4658 4659 4756
f 4658 4756 4755
f 1458 1555 1556
f 1458 1556 1459
f 4659 4660 4757
f 4659 4757 4756
f 1459 1556 1557
f 1459 1557 1460
f 4660 4661 4758
f 4660 4758 4757
f 1460 1557 1558
f 1460 1558 1461
f 4661 4662 4759
f 4661 4759 4758
f 1461 1558 1559
f 1461 1559 1462
f 4662 4663 4760
f 4662 4760 4759
f 1462 1559 1560
f 1462 1560 1463
f 4663 4664 4761
f 4663 4761 4760
f 1463 1560 1561
f 1463 1561 1464
f 4664 4665 4762
f 4664 4762 4761
f 1464 1561 1562
f 1464 1562 1465
f 4665 4666 4763
f 4665 4763 4762
f 1465 1562 1563
f 1465 1563 1466
f 4666 4667 4764
f 4666 4764 4763
f 1466 1563 1564
f 1466 1564 1467
f 4667 4668 4765
f 4667 4765 4764
f 1467 1564 1565
f 1467 1565 1468
f 4668 4669 4766
f 4668 4766 4765
f 1468 1565 1566
f 1468 1566 1469
f 4669 4670 4767
f 4669 4767 4766
f 1469 1566 1567
f 1469 1567 1470
f 4670 4671 4768
f 4670 4768 4767
f 1470 1567 1568
f 1470 1568 1471
f 4671 4672 4769
f 4671 4769 4768
f 1471 1568 1569
f 1471 1569 1472
f 4672 4673 4770
f 4672 4770 4769
f 1472 1569 1570
f 1472 1570 1473
f 4673 4674 4771
f 4673 4771 4770
f 1473 1570 1571
f 1473 1571 1474
f 4674 4675 4772
f 4674 4772 4771
f 1474 1571 1572
f 1474 1572 1475
f 4675 4676 4773
f 4675 4773 4772
f 1475 1572 1573
f 1475 1573 1476
f 4676 4677 4774
f 4676 4774 4773
f 1476 1573 1574
f 1476 1574 1477
f 4677 4678 4775
f 4677 4775 4774
f 1477 1574 1575
f 1477 1575 1478
f 4678 4679 4776
f 4678 4776 4775
f 1478 1575 1576
f 1478 1576 1479
f 4679 4680 4777
f 4679 4777 4776
f 1479 1576 1577
f 1479 1577 1480
f 4680 4681 4778
f 4680 4778 4777
f 1480 1577 1578
f 1480 1578 1481
f 4681 4682 4779
f 4681 4779 4778
f 1481 1578 1579
f 1481 1579 1482
f 4682 4683 4780
f 4682 4780 4779
f 1482 1579 1580
f 1482 1580 1483
f 4683 4684 4781
f 4683 4781 4780
f 1483 1580 1581
f 1483 1581 1484
f 4684 4685 4782
f 4684 4782 4781
f 1484 1581 1582
f 1484 1582 1485
f 4685 4686 4783
f 4685 4783 4782
f 1485 1582 1583
f 1485 1583 1486
f 4686 4687 4784
f 4686 4784 4783
f 1486 1583 1584
f 1486 1584 1487
f 4687 4688 4785
f 4687 4785 4784
f 1487 1584 1585
f 1487 1585 1488
f 4688 4689 4786
f 4688 4786 4785
f 1488 1585 1586
f 1488 1586 1489
f 4689 4690 4787
f 4689 4787 4786
f 1489 1586 1587
f 1489 1587 1490
f 4690 4691 4788
f 4690 4788 4787
f 1490 1587 1588
f 1490 1588 1491
f 4691 4692 4789
f 4691 4789 4788
f 1491 1588 1589
f 1491 1589 1492
f 4692 4693 4790
f 4692 4790 4789
f 1492 1589 1590
f 1492 1590 1493
f 4693 4694 4791
f 4693 4791 4790
f 1493 1590 1591
f 1493 1591 1494
f 4694 4695 4792
f 4694 4792 4791
f 1494 1591 1592
f 1494 1592 1495
f 4695 4696 4793
f 4695 4793 4792
f 1495 1592 1593
f 1495 1593 1496
f 4696 4697 4794
f 4696 4794 4793
f 1496 1593 1594
f 1496 1594 1497
f 4697 4698 4795
f 4697 4795 4794
f 1497 1594 1595
f 1497 1595 1498
f 4698 4699 4796
f 4698 4796 4795
f 1498 1595 1596
f 1498 1596 1499
f 4699 4700 4797
f 4699 4797 4796
f 1499 1596 1597
f 1499 1597 1500
f 4700 4701 4798
f 4700 4798 4797
f 1500 1597 1598
f 1500 1598 1501
f 4701 4702 4799
f 4701 4799 4798
f 1501 1598 1599
f 1501 1599 1502
f 4702 4703 4800
f 4702 4800 4799
f 1502 1599 1600
f 1502 1600 1503
f 4703 4704 4801
f 4703 4801 4800
f 1503 1600 1601
f 1503 1601 1504
f 4704 4705 4802
f 4704 4802 4801
f 1504 1601 1602
f 1504 1602 1505
f 4705 4706 4803
f 4705 4803 4802
f 1505 1602 1603
f 1505 1603 1506
f 4706 4707 4804
f 4706 4804 4803
f 1506 1603 1604
f 1506 1604 1507
f 4707 4708 4805
f 4707 4805 4804
f 1507 1604 1605
f 1507 1605 1508
f 4708 4709 4806
f 4708 4806 4805
f 1508 1605 1606
f 1508 1606 1509
f 4709 4710 4807
f 4709 4807 4806
f 1509 1606 1607
f 1509 1607 1510
f 4710 4711 4808
f 4710 4808 4807
f 1510 1607 1608
f 1510 1608 1511
f 4711 4712 4809
f 4711 4809 4808
f 1511 1608 1609
f 1511 1609 1512
f 4712 4713 4810
f 4712 4810 4809
f 1512 1609 1610
f 1512 1610 1513
f 4713 4714 4811
f 4713 4811 4810
f 1513 1610 1611
f 1513 1611 1514
f 4714 4715 4812
f 4714 4812 4811
f 1514 1611 1612
f 1514 1612 1515
f 4715 4716 4813
f 4715 4813 4812
f 1515 1612 1613
f 1515 1613 1516
f 4716 4717 4814
f 4716 4814 4813
f 1516 1613 1614
f 1516 1614 1517
f 4717 4718 4815
f 4717 4815 4814
f 1517 1614 1615
f 1517 1615 1518
f 4718 4719 4816
f 4718 4816 4815
f 1518 1615 1616
f 1518 1616 1519
f 4719 4720 4817
f 4719 4817 4816
f 1519 1616 1617
f 1519 1617 1520
f 4720 4721 4818
f 4720 4818 4817
f 1520 1617 1618
f 1520 1618 1521
f 4721 4722 4819
f 4721 4819 4818
f 1521 1618 1619
f 1521 1619 1522
f 4722 4723 4820
f 4722 4820 4819
f 1522 1619 1620
f 1522 1620 1523
f 4723 4724 4821
f 4723 4821 4820
f 1523 1620 1621
f 1523 1621 1524
f 4724 4725 4822
f 4724 4822 4821
f 1524 1621 1622
f 1524 1622 1525
f 4725 4726 4823
f 4725 4823 4822
f 1525 1622 1623
f 1525 1623 1526
f 4726 4727 4824
f 4726 4824 4823
f 1526 1623 1624
f 1526 1624 1527
f 4727 4728 4825
f 4727 4825 4824
f 1527 1624 1625
f 1527 1625 1528
f 4728 4729 4826
f 4728 4826 4825
f 1528 1625 1626
f 1528 1626 1529
f 4729 4730 4827
f 4729 4827 4826
f 1529 1626 1627
f 1529 1627 1530
f 4730 4731 4828
f 4730 4828 4827
f 1530 1627 1628
f 1530 1628 1531
f 4731 4732 4829
f 4731 4829 4828
f 1531 1628 1629
f 1531 1629 1532
f 4732 4733 4830
f 4732 4830 4829
f 1532 1629 1630
f 1532 1630 1533
f 4733 4734 4831
f 4733 4831 4830
f 1533 1630 1631
f 1533 1631 1534
f 4734 4735 4832
f 4734 4832 4831
f 1534 1631 1632
f 1534 1632 1535
f 4735 4736 4833
f 4735 4833 4832
f 1535 1632 1633
f 1535 1633 1536
f 4736 4737 4834
f 4736 4834 4833
f 1536 1633 1634
f 1536 1634 1537
f 4737 4738 4835
f 4737 4835 4834
f 1537 1634 1635
f 1537 1635 1538
f 4738 4739 4836
f 4738 4836 4835
f 1538 1635 1636
f 1538 1636 1539
f 4739 4740 4837
f 4739 4837 4836
f 1539 1636 1637
f 1539 1637 1540
f 4740 4741 4838
f 4740 4838 4837
f 1540 1637 1638
f 1540 1638 1541
f 4741 4742 4839
f 4741 4839 4838
f 1541 1638 1639
f 1541 1639 1542
f 4742 4743 4840
f 4742 4840 4839
f 1542 1639 1640
f 1542 1640 1543
f 4743 4744 4841
f 4743 4841 4840
f 1543 1640 1641
f 1543 1641 1544
f 4744 4745 4842
f 4744 4842 4841
f 1544 1641 1642
f 1544 1642 1545
f 4745 4746 4843
f 4745 4843 4842
f 1545 1642 1643
f 1545 1643 1546
f 4746 4747 4844
f 4746 4844 4843
f 1546 1643 1644
f 1546 1644 1547
f 4747 4748 4845
f 4747 4845 4844
f 1547 1644 1645
f 1547 1645 1548
f 4748 4749 4846
f 4748 4846 4845
f 1548 1645 1646
f 1548 1646 1549
f 4749 4750 4847
f 4749 4847 4846
f 1549 1646 1647
f 1549 1647 1550
f 4750 4751 4848
f 4750 4848 4847
f 1550 1647 1648
f 1550 1648 1551
f 4751 4752 4849
f 4751 4849 4848
f 1551 1648 1649
f 1551 1649 1552
f 4752 4753 4850
f 4752 4850 4849
f 1553 1650 1651
f 1553 1651 1554
f 4754 4755 4852
f 4754 4852 4851
f 1554 1651 1652
f 1554 1652 1555
f 4755 4756 4853
f 4755 4853 4852
f 1555 1652 1653
f 1555 1653 1556
f 4756 4757 4854
f 4756 4854 4853
f 1556 1653 1654
f 1556 1654 1557
f 4757 4758 4855
f 4757 4855 4854
f 1557 1654 1655
f 1557 1655 1558
f 4758 4759 4856
f 4758 4856 4855
f 1558 1655 1656
f 1558 1656 1559
f 4759 4760 4857
f 4759 4857 4856
f 1559 1656 1657
f 1559 1657 1560
f 4760 4761 4858
f 4760 4858 4857
f 1560 1657 1658
f 1560 1658 1561
f 4761 4762 4859
f 4761 4859 4858
f 1561 1658 1659
f 1561 1659 1562
f 4762 4763 4860
f 4762 4860 4859
f 1562 1659 1660
f 1562 1660 1563
f 4763 4764 4861
f 4763 4861 4860
f 1563 1660 1661
f 1563 1661 1564
f 4764 4765 4862
f 4764 4862 4861
f 1564 1661 1662
f 1564 1662 1565
f 4765 4766 4863
f 4765 4863 4862
f 1565 1662 1663
f 1565 1663 1566
f 4766 4767 4864
f 4766 4864 4863
f 1566 1663 1664
f 1566 1664 1567
f 4767 4768 4865
f 4767 4865 4864
f 1567 1664 1665
f 1567 1665 1568
f 4768 4769 4866
f 4768 4866 4865
f 1568 1665 1666
f 1568 1666 1569
f 4769 4770 4867
f 4769 4867 4866
f 1569 1666 1667
f 1569 1667 1570
f 4770 4771 4868
f 4770 4868 4867
f 1570 1667 1668
f 1570 1668 1571
f 4771 4772 4869
f 4771 4869 4868
f 1571 1668 1669
f 1571 1669 1572
f 4772 4773 4870
f 4772 4870 4869
f 1572 1669 1670
f 1572 1670 1573
f 4773 4774 4871
f 4773 4871 4870
f 1573 1670 1671
f 1573 1671 1574
f 4774 4775 4872
f 4774 4872 4871
f 1574 1671 1672
f 1574 1672 1575
f 4775 4776 4873
f 4775 4873 4872
f 1575 1672 1673
f 1575 1673 1576
f 4776 4777 4874
f 4776 4874 4873
f 1576 1673 1674
f 1576 1674 1577
f 4777 4778 4875
f 4777 4875 4874
f 1577 1674 1675
f 1577 1675 1578
f 4778 4779 4876
f 4778 4876 4875
f 1578 1675 1676
f 1578 1676 1579
f 4779 4780 4877
f 4779 4877 4876
f 1579 1676 1677
f 1579 1677 1580
f 4780 4781 4878
f 4780 4878 4877
f 1580 1677 1678
f 1580 1678 1581
f 4781 4782 4879
f 4781 4879 4878
f 1581 1678 1679
f 1581 1679 1582
f 4782 4783 4880
f 4782 4880 4879
f 1582 1679 1680
f 1582 1680 1583
f 4783 4784 4881
f 4783 4881 4880
f 1583 1680 1681
f 1583 1681 1584
f 4784 4785 4882
f 4784 4882 4881
f 1584 1681 1682
f 1584 1682 1585
f 4785 4786 4883
f 4785 4883 4882
f 1585 1682 1683
f 1585 1683 1586
f 4786 4787 4884
f 4786 4884 4883
f 1586 1683 1684
f 1586 1684 1587
f 4787 4788 4885
f 4787 4885 4884
f 1587 1684 1685
f 1587 1685 1588
f 4788 4789 4886
f 4788 4886 4885
f 1588 1685 1686
f 1588 1686 1589
f 4789 4790 4887
f 4789 4887 4886
f 1589 1686 1687
f 1589 1687 1590
f 4790 4791 4888
f 4790 4888 4887
f 1590 1687 1688
f 1590 1688 1591
f 4791 4792 4889
f 4791 4889 4888
f 1591 1688 1689
f 1591 1689 1592
f 4792 4793 4890
f 4792 4890 4889
f 1592 1689 1690
f 1592 1690 1593
f 4793 4794 4891
f 4793 4891 4890
f 1593 1690 1691
f 1593 1691 1594
f 4794 4795 4892
f 4794 4892 4891
f 1594 1691 1692
f 1594 1692 1595
f 4795 4796 4893
f 4795 4893 4892
f 1595 1692 1693
f 1595 1693 1596
f 4796 4797 4894
f 4796 4894 4893
f 1596 1693 1694
f 1596 1694 1597
f 4797 4798 4895
f 4797 4895 4894
f 1597 1694 1695
f 1597 1695 1598
f 4798 4799 4896
f 4798 4896 4895
f 1598 1695 1696
f 1598 1696 1599
f 4799 4800 4897
f 4799 4897 4896
f 1599 1696 1697
f 1599 1697 1600
f 4800 4801 4898
f 4800 4898 4897
f 1600 1697 1698
f 1600 1698 1601
f 4801 4802 4899
f 4801 4899 4898
f 1601 1698 1699
f 1601 1699 1602
f 4802 4803 4900
f 4802 4900 4899
f 1602 1699 1700
f 1602 1700 1603
f 4803 4804 4901
f 4803 4901 4900
f 1603 1700 1701
f 1603 1701 1604
f 4804 4805 4902
f 4804 4902 4901
f 1604 1701 1702
f 1604 1702 1605
f 4805 4806 4903
f 4805 4903 4902
f 1605 1702 1703
f 1605 1703 1606
f 4806 4807 4904
f 4806 4904 4903
f 1606 1703 1704
f 1606 1704 1607
f 4807 4808 4905
f 4807 4905 4904
f 1607 1704 1705
f 1607 1705 1608
f 4808 4809 4906
f 4808 4906 4905
f 1608 1705 1706
f 1608 1706 1609
f 4809 4810 4907
f 4809 4907 4906
f 1609 1706 1707
f 1609 1707 1610
f 4810 4811 4908
f 4810 4908 4907
f 1610 1707 1708
f 1610 1708 1611
f 4811 4812 4909
f 4811 4909 4908
f 1611 1708 1709
f 1611 1709 1612
f 4812 4813 4910
f 4812 4910 4909
f 1612 1709 1710
f 1612 1710 1613
f 4813 4814 4911
f 4813 4911 4910
f 1613 1710 1711
f 1613 1711 1614
f 4814 4815 4912
f 4814 4912 4911
f 1614 1711 1712
f 1614 1712 1615
f 4815 4816 4913
f 4815 4913 4912
f 1615 1712 1713
f 1615 1713 1616
f 4816 4817 4914
f 4816 4914 4913
f 1616 1713 1714
f 1616 1714 1617
f 4817 4818 4915
f 4817 4915 4914
f 1617 1714 1715
f 1617 1715 1618
f 4818 4819 4916
f 4818 4916 4915
f 1618 1715 1716
f 1618 1716 1619
f 4819 4820 4917
f 4819 4917 4916
f 1619 1716 1717
f 1619 1717 1620
f 4820 4821 4918
f 4820 4918 4917
f 1620 1717 1718
f 1620 1718 1621
f 4821 4822 4919
f 4821 4919 4918
f 1621 1718 1719
f 1621 1719 1622
f 4822 4823 4920
f 4822 4920 4919
f 1622 1719 1720
f 1622 1720 1623
f 4823 4824 4921
f 4823 4921 4920
f 1623 1720 1721
f 1623 1721 1624
f 4824 4825 4922
f 4824 4922 4921
f 1624 1721 1722
f 1624 1722 1625
f 4825 4826 4923
f 4825 4923 4922
f 1625 1722 1723
f 1625 1723 1626
f 4826 4827 4924
f 4826 4924 4923
f 1626 1723 1724
f 1626 1724 1627
f 4827 4828 4925
f 4827 4925 4924
f 1627 1724 1725
f 1627 1725 1628
f 4828 4829 4926
f 4828 4926 4925
f 1628 1725 1726
f 1628 1726 1629
f 4829 4830 4927
f 4829 4927 4926
f 1629 1726 1727
f 1629 1727 1630
f 4830 4831 4928
f 4830 4928 4927
f 1630 1727 1728
f 1630 1728 1631
f 4831 4832 4929
f 4831 4929 4928
f 1631 1728 1729
f 1631 1729 1632
f 4832 4833 4930
f 4832 4930 4929
f 1632 1729 1730
f 1632 1730 1633
f 4833 4834 4931
f 4833 4931 4930
f 1633 1730 1731
f 1633 1731 1634
f 4834 4835 4932
f 4834 4932 4931
f 1634 1731 1732
f 1634 1732 1635
f 4835 4836 4933
f 4835 4933 4932
f 1635 1732 1733
f 1635 1733 1636
f 4836 4837 4934
f 4836 4934 4933
f 1636 1733 1734
f 1636 1734 1637
f 4837 4838 4935
f 4837 4935 4934
f 1637 1734 1735
f 1637 1735 1638
f 4838 4839 4936
f 4838 4936 4935
f 1638 1735 1736
f 1638 1736 1639
f 4839 4840 4937
f 4839 4937 4936
f 1639 1736 1737
f 1639 1737 1640
f 4840 4841 4938
f 4840 4938 4937
f 1640 1737 1738
f 1640 1738 1641
f 4841 4842 4939
f 4841 4939 4938
f 1641 1738 1739
f 1641 1739 1642
f 4842 4843 4940
f 4842 4940 4939
f 1642 1739 1740
f 1642 1740 1643
f 4843 4844 4941
f 4843 4941 4940
f 1643 1740 1741
f 1643 1741 1644
f 4844 4845 4942
f 4844 4942 4941
f 1644 1741 1742
f 1644 1742 1645
f 4845 4846 4943
f 4845 4943 4942
f 1645 1742 1743
f 1645 1743 1646
f 4846 4847 4944
f 4846 4944 4943
f 1646 1743 1744
f 1646 1744 1647
f 4847 4848 4945
f 4847 4945 4944
f 1647 1744 1745
f 1647 1745 1648
f 4848 4849 4946
f 4848 4946 4945
f 1648 1745 1746
f 1648 1746 1649
f 4849 4850 4947
f 4849 4947 4946
f 1650 1747 1748
f 1650 1748 1651
f 4851 4852 4949
f 4851 4949 4948
f 1651 1748 1749
f 1651 1749 1652
f 4852 4853 4950
f 4852 4950 4949
f 1652 1749 1750
f 1652 1750 1653
f 4853 4854 4951
f 4853 4951 4950
f 1653 1750 1751
f 1653 1751 1654
f 4854 4855 4952
f 4854 4952 4951
f 1654 1751 1752
f 1654 1752 1655
f 4855 4856 4953
f 4855 4953 4952
f 1655 1752 1753
f 1655 1753 1656
f 4856 4857 4954
f 4856 4954 4953
f 1656 1753 1754
f 1656 1754 1657
f 4857 4858 4955
f 4857 4955 4954
f 1657 1754 1755
f 1657 1755 1658
f 4858 4859 4956
f 4858 4956 4955
f 1658 1755 1756
f 1658 1756 1659
f 4859 4860 4957
f 4859 4957 4956
f 1659 1756 1757
f 1659 1757 1660
f 4860 4861 4958
f 4860 4958 4957
f 1660 1757 1758
f 1660 1758 1661
f 4861 4862 4959
f 4861 4959 4958
f 1661 1758 1759
f 1661 1759 1662
f 4862 4863 4960
f 4862 4960 4959
f 1662 1759 1760
f 1662 1760 1663
f 4863 4864 4961
f 4863 4961 4960
f 1663 1760 1761
f 1663 1761 1664
f 4864 4865 4962
f 4864 4962 4961
f 1664 1761 1762
f 1664 1762 1665
f 4865 4866 4963
f 4865 4963 4962
f 1665 1762 1763
f 1665 1763 1666
f 4866 4867 4964
f 4866 4964 4963
f 1666 1763 1764
f 1666 1764 1667
f 4867 4868 4965
f 4867 4965 4964
f 1667 1764 1765
f 1667 1765 1668
f 4868 4869 4966
f 4868 4966 4965
f 1668 1765 1766
f 1668 1766 1669
f 4869 4870 4967
f 4869 4967 4966
f 1669 1766 1767
f 1669 1767 1670
f 4870 4871 4968
f 4870 4968 4967
f 1670 1767 1768
f 1670 1768 1671
f 4871 4872 4969
f 4871 4969 4968
f 1671 1768 1769
f 1671 1769 1672
f 4872 4873 4970
f 4872 4970 4969
f 1672 1769 1770
f 1672 1770 1673
f 4873 4874 4971
f 4873 4971 4970
f 1673 1770 1771
f 1673 1771 1674
f 4874 4875 4972
f 4874 4972 4971
f 1674 1771 1772
f 1674 1772 1675
f 4875 4876 4973
f 4875 4973 4972
f 1675 1772 1773
f 1675 1773 1676
f 4876 4877 4974
f 4876 4974 4973
f 1676 1773 1774
f 1676 1774 1677
f 4877 4878 4975
f 4877 4975 4974
f 1677 1774 1775
f 1677 1775 1678
f 4878 4879 4976
f 4878 4976 4975
f 1678 1775 1776
f 1678 1776 1679
f 4879 4880 4977
f 4879 4977 4976
f 1679 1776 1777
f 1679 1777 1680
f 4880 4881 4978
f 4880 4978 4977
f 1680 1777 1778
f 1680 1778 1681
f 4881 4882 4979
f 4881 4979 4978
f 1681 1778 1779
f 1681 1779 1682
f 4882 4883 4980
f 4882 4980 4979
f 1682 1779 1780
f 1682 1780 1683
f 4883 4884 4981
f 4883 4981 4980
f 1683 1780 1781
f 1683 1781 1684
f 4884 4885 4982
f 4884 4982 4981
f 1684 1781 1782
f 1684 1782 1685
f 4885 4886 4983
f 4885 4983 4982
f 1685 1782 1783
f 1685 1783 1686
f 4886 4887 4984
f 4886 4984 4983
f 1686 1783 1784
f 1686 1784 1687
f 4887 4888 4985
f 4887 4985 4984
f 1687 1784 1785
f 1687 1785 1688
f 4888 4889 4986
f 4888 4986 4985
f 1688 1785 1786
f 1688 1786 1689
f 4889 4890 4987
f 4889 4987 4986
f 1689 1786 1787
f 1689 1787 1690
f 4890 4891 4988
f 4890 4988 4987
f 1690 1787 1788
f 1690 1788 1691
f 4891 4892 4989
f 4891 4989 4988
f 1691 1788 1789
f 1691 1789 1692
f 4892 4893 4990
f 4892 4990 4989
f 1692 1789 1790
f 1692 1790 1693
f 4893 4894 4991
f 4893 4991 4990
f 1693 1790 1791
f 1693 1791 1694
f 4894 4895 4992
f 4894 4992 4991
f 1694 1791 1792
f 1694 1792 1695
f 4895 4896 4993
f 4895 4993 4992
f 1695 1792 1793
f 1695 1793 1696
f 4896 4897 4994
f 4896 4994 4993
f 1696 1793 1794
f 1696 1794 1697
f 4897 4898 4995
f 4897 4995 4994
f 1697 1794 1795
f 1697 1795 1698
f 4898 4899 4996
f 4898 4996 4995
f 1698 1795 1796
f 1698 1796 1699
f 4899 4900 4997
f 4899 4997 4996
f 1699 1796 1797
f 1699 1797 1700
f 4900 4901 4998
f 4900 4998 4997
f 1700 1797 1798
f 1700 1798 1701
f 4901 4902 4999
f 4901 4999 4998
f 1701 1798 1799
f 1701 1799 1702
f 4902 4903 5000
f 4902 5000 4999
f 1702 1799 1800
f 1702 1800 1703
f 4903 4904 5001
f 4903 5001 5000
f 1703 1800 1801
f 1703 1801 1704
f 4904 4905 5002
f 4904 5002 5001
f 1704 1801 1802
f 1704 1802 1705
f 4905 4906 5003
f 4905 5003 5002
f 1705 1802 1803
f 1705 1803 1706
f 4906 4907 5004
f 4906 5004 5003
f 1706 1803 1804
f 1706 1804 1707
f 4907 4908 5005
f 4907 5005 5004
f 1707 1804 1805
f 1707 1805 1708
f 4908 4909 5006
f 4908 5006 5005
f 1708 1805 1806
f 1708 1806 1709
f 4909 4910 5007
f 4909 5007 5006
f 1709 1806 1807
f 1709 1807 1710
f 4910 4911 5008
f 4910 5008 5007
f 1710 1807 1808
f 1710 1808 1711
f 4911 4912 5009
f 4911 5009 5008
f 1711 1808 1809
f 1711 1809 1712
f 4912 4913 5010
f 4912 5010 5009
f 1712 1809 1810
f 1712 1810 1713
f 4913 4914 5011
f 4913 5011 5010
f 1713 1810 1811
f 1713 1811 1714
f 4914 4915 5012
f 4914 5012 5011
f 1714 1811 1812
f 1714 1812 1715
f 4915 4916 5013
f 4915 5013 5012
f 1715 1812 1813
f 1715 1813 1716
f 4916 4917 5014
f 4916 5014 5013
f 1716 1813 1814
f 1716 1814 1717
f 4917 4918 5015
f 4917 5015 5014
f 1717 1814 1815
f 1717 1815 1718
f 4918 4919 5016
f 4918 5016 5015
f 1718 1815 1816
f 1718 1816 1719
f 4919 4920 5017
f 4919 5017 5016
f 1719 1816 1817
f 1719 1817 1720
f 4920 4921 5018
f 4920 5018 5017
f 1720 1817 1818
f 1720 1818 1721
f 4921 4922 5019
f 4921 5019 5018
f 1721 1818 1819
f 1721 1819 1722
f 4922 4923 5020
f 4922 5020 5019
f 1722 1819 1820
f 1722 1820 1723
f 4923 4924 5021
f 4923 5021 5020
f 1723 1820 1821
f 1723 1821 1724
f 4924 4925 5022
f 4924 5022 5021
f 1724 1821 1822
f 1724 1822 1725
f 4925 4926 5023
f 4925 5023 5022
f 1725 1822 1823
f 1725 1823 1726
f 4926 4927 5024
f 4926 5024 5023
f 1726 1823 1824
f 1726 1824 1727
f 4927 4928 5025
f 4927 5025 5024
f 1727 1824 1825
f 1727 1825 1728
f 4928 4929 5026
f 4928 5026 5025
f 1728 1825 1826
f 1728 1826 1729
f 4929 4930 5027
f 4929 5027 5026
f 1729 1826 1827
f 1729 1827 1730
f 4930 4931 5028
f 4930 5028 5027
f 1730 1827 1828
f 1730 1828 1731
f 4931 4932 5029
f 4931 5029 5028
f 1731 1828 1829
f 1731 1829 1732
f 4932 4933 5030
f 4932 5030 5029
f 1732 1829 1830
f 1732 1830 1733
f 4933 4934 5031
f 4933 5031 5030
f 1733 1830 1831
f 1733 1831 1734
f 4934 4935 5032
f 4934 5032 5031
f 1734 1831 1832
f 1734 1832 1735
f 4935 4936 5033
f 4935 5033 5032
f 1735 1832 1833
f 1735 1833 1736
f 4936 4937 5034
f 4936 5034 5033
f 1736 1833 1834
f 1736 1834 1737
f 4937 4938 5035
f 4937 5035 5034
f 1737 1834 1835
f 1737 1835 1738
f 4938 4939 5036
f 4938 5036 5035
f 1738 1835 1836
f 1738 1836 1739
f 4939 4940 5037
f 4939 5037 5036
f 1739 1836 1837
f 1739 1837 1740
f 4940 4941 5038
f 4940 5038 5037
f 1740 1837 1838
f 1740 1838 1741
f 4941 4942 5039
f 4941 5039 5038
f 1741 1838 1839
f 1741 1839 1742
f 4942 4943 5040
f 4942 5040 5039
f 1742 1839 1840
f 1742 1840 1743
f 4943 4944 5041
f 4943 5041 5040
f 1743 1840 1841
f 1743 1841 1744
f 4944 4945 5042
f 4944 5042 5041
f 1744 1841 1842
f 1744 1842 1745
f 4945 4946 5043
f 4945 5043 5042
f 1745 1842 1843
f 1745 1843 1746
f 4946 4947 5044
f 4946 5044 5043
f 1747 1844 1845
f 1747 1845 1748
f 4948 4949 5046
f 4948 5046 5045
f 1748 1845 1846
f 1748 1846 1749
f 4949 4950 5047
f 4949 5047 5046
f 1749 1846 1847
f 1749 1847 1750
f 4950 4951 5048
f 4950 5048 5047
f 1750 1847 1848
f 1750 1848 1751
f 4951 4952 5049
f 4951 5049 5048
f 1751 1848 1849
f 1751 1849 1752
f 4952 4953 5050
f 4952 5050 5049
f 1752 1849 1850
f 1752 1850 1753
f 4953 4954 5051
f 4953 5051 5050
f 1753 1850 1851
f 1753 1851 1754
f 4954 4955 5052
f 4954 5052 5051
f 1754 1851 1852
f 1754 1852 1755
f 4955 4956 5053
f 4955 5053 5052
f 1755 1852 1853
f 1755 1853 1756
f 4956 4957 5054
f 4956 5054 5053
f 1756 1853 1854
f 1756 1854 1757
f 4957 4958 5055
f 4957 5055 5054
f 1757 1854 1855
f 1757 1855 1758
f 4958 4959 5056
f 4958 5056 5055
f 1758 1855 1856
f 1758 1856 1759
f 4959 4960 5057
f 4959 5057 5056
f 1759 1856 1857
f 1759 1857 1760
f 4960 4961 5058
f 4960 5058 5057
f 1760 1857 1858
f 1760 1858 1761
f 4961 4962 5059
f 4961 5059 5058
f 1761 1858 1859
f 1761 1859 1762
f 4962 4963 5060
f 4962 5060 5059
f 1762 1859 1860
f 1762 1860 1763
f 4963 4964 5061
f 4963 5061 5060
f 1763 1860 1861
f 1763 1861 1764
f 4964 4965 5062
f 4964 5062 5061
f 1764 1861 1862
f 1764 1862 1765
f 4965 4966 5063
f 4965 5063 5062
f 1765 1862 1863
f 1765 1863 1766
f 4966 4967 5064
f 4966 5064 5063
f 1766 1863 1864
f 1766 1864 1767
f 4967 4968 5065
f 4967 5065 5064
f 1767 1864 1865
f 1767 1865 1768
f 4968 4969 5066
f 4968 5066 5065
f 1768 1865 1866
f 1768 1866 1769
f 4969 4970 5067
f 4969 5067 5066
f 1769 1866 1867
f 1769 1867 1770
f 4970 4971 5068
f 4970 5068 5067
f 1770 1867 1868
f 1770 1868 1771
f 4971 4972 5069
f 4971 5069 5068
f 1771 1868 1869
f 1771 1869 1772
f 4972 4973 5070
f 4972 5070 5069
f 1772 1869 1870
f 1772 1870 1773
f 4973 4974 5071
f 4973 5071 5070
f 1773 1870 1871
f 1773 1871 1774
f 4974 4975 5072
f 4974 5072 5071
f 1774 1871 1872
f 1774 1872 1775
f 4975 4976 5073
f 4975 5073 5072
f 1775 1872 1873
f 1775 1873 1776
f 4976 4977 5074
f 4976 5074 5073
f 1776 1873 1874
f 1776 1874 1777
f 4977 4978 5075
f 4977 5075 5074
f 1777 1874 1875
f 1777 1875 1778
f 4978 4979 5076
f 4978 5076 5075
f 1778 1875 1876
f 1778 1876 1779
f 4979 4980 5077
f 4979 5077 5076
f 1779 1876 1877
f 1779 1877 1780
f 4980 4981 5078
f 4980 5078 5077
f 1780 1877 1878
f 1780 1878 1781
f 4981 4982 5079
f 4981 5079 5078
f 1781 1878 1879
f 1781 1879 1782
f 4982 4983 5080
f 4982 5080 5079
f 1782 1879 1880
f 1782 1880 1783
f 4983 4984 5081
f 4983 5081 5080
f 1783 1880 1881
f 1783 1881 1784
f 4984 4985 5082
f 4984 5082 5081
f 1784 1881 1882
f 1784 1882 1785
f 4985 4986 5083
f 4985 5083 5082
f 1785 1882 1883
f 1785 1883 1786
f 4986 4987 5084
f 4986 5084 5083
f 1786 1883 1884
f 1786 1884 1787
f 4987 4988 5085
f 4987 5085 5084
f 1787 1884 1885
f 1787 1885 1788
f 4988 4989 5086
f 4988 5086 5085
f 1788 1885 1886
f 1788 1886 1789
f 4989 4990 5087
f 4989 5087 5086
f 1789 1886 1887
f 1789 1887 1790
f 4990 4991 5088
f 4990 5088 5087
f 1790 1887 1888
f 1790 1888 1791
f 4991 4992 5089
f 4991 5089 5088
f 1791 1888 1889
f 1791 1889 1792
f 4992 4993 5090
f 4992 5090 5089
f 1792 1889 1890
f 1792 1890 1793
f 4993 4994 5091
f 4993 5091 5090
f 1793 1890 1891
f 1793 1891 1794
f 4994 4995 5092
f 4994 5092 5091
f 1794 1891 1892
f 1794 1892 1795
f 4995 4996 5093
f 4995 5093 5092
f 1795 1892 1893
f 1795 1893 1796
f 4996 4997 5094
f 4996 5094 5093
f 1796 1893 1894
f 1796 1894 1797
f 4997 4998 5095
f 4997 5095 5094
f 1797 1894 1895
f 1797 1895 1798
f 4998 4999 5096
f 4998 5096 5095
f 1798 1895 1896
f 1798 1896 1799
f 4999 5000 5097
f 4999 5097 5096
f 1799 1896 1897
f 1799 1897 1800
f 5000 5001 5098
f 5000 5098 5097
f 1800 1897 1898
f 1800 1898 1801
f 5001 5002 5099
f 5001 5099 5098
f 1801 1898 1899
f 1801 1899 1802
f 5002 5003 5100
f 5002 5100 5099
f 1802 1899 1900
f 1802 1900 1803
f 5003 5004 5101
f 5003 5101 5100
f 1803 1900 1901
f 1803 1901 1804
f 5004 5005 5102
f 5004 5102 5101
f 1804 1901 1902
f 1804 1902 1805
f 5005 5006 5103
f 5005 5103 5102
f 1805 1902 1903
f 1805 1903 1806
f 5006 5007 5104
f 5006 5104 5103
f 1806 1903 1904
f 1806 1904 1807
f 5007 5008 5105
f 5007 5105 5104
f 1807 1904 1905
f 1807 1905 1808
f 5008 5009 5106
f 5008 5106 5105
f 1808 1905 1906
f 1808 1906 1809
f 5009 5010 5107
f 5009 5107 5106
f 1809 1906 1907
f 1809 1907 1810
f 5010 5011 5108
f 5010 5108 5107
f 1810 1907 1908
f 1810 1908 1811
f 5011 5012 5109
f 5011 5109 5108
f 1811 1908 1909
f 1811 1909 1812
f 5012 5013 5110
f 5012 5110 5109
f 1812 1909 1910
f 1812 1910 1813
f 5013 5014 5111
f 5013 5111 5110
f 1813 1910 1911
f 1813 1911 1814
f 5014 5015 5112
f 5014 5112 5111
f 1814 1911 1912
f 1814 1912 1815
f 5015 5016 5113
f 5015 5113 5112
f 1815 1912 1913
f 1815 1913 1816
f 5016 5017 5114
f 5016 5114 5113
f 1816 1913 1914
f 1816 1914 1817
f 5017 5018 5115
f 5017 5115 5114
f 1817 1914 1915
f 1817 1915 1818
f 5018 5019 5116
f 5018 5116 5115
f 1818 1915 1916
f 1818 1916 1819
f 5019 5020 5117
f 5019 5117 5116
f 1819 1916 1917
f 1819 1917 1820
f 5020 5021 5118
f 5020 5118 5117
f 1820 1917 1918
f 1820 1918 1821
f 5021 5022 5119
f 5021 5119 5118
f 1821 1918 1919
f 1821 1919 1822
f 5022 5023 5120
f 5022 5120 5119
f 1822 1919 1920
f 1822 1920 1823
f 5023 5024 5121
f 5023 5121 5120
f 1823 1920 1921
f 1823 1921 1824
f 5024 5025 5122
f 5024 5122 5121
f 1824 1921 1922
f 1824 1922 1825
f 5025 5026 5123
f 5025 5123 5122
f 1825 1922 1923
f 1825 1923 1826
f 5026 5027 5124
f 5026 5124 5123
f 1826 1923 1924
f 1826 1924 1827
f 5027 5028 5125
f 5027 5125 5124
f 1827 1924 1925
f 1827 1925 1828
f 5028 5029 5126
f 5028 5126 5125
f 1828 1925 1926
f 1828 1926 1829
f 5029 5030 5127
f 5029 5127 5126
f 1829 1926 1927
f 1829 1927 1830
f 5030 5031 5128
f 5030 5128 5127
f 1830 1927 1928
f 1830 1928 1831
f 5031 5032 5129
f 5031 5129 5128
f 1831 1928 1929
f 1831 1929 1832
f 5032 5033 5130
f 5032 5130 5129
f 1832 1929 1930
f 1832 1930 1833
f 5033 5034 5131
f 5033 5131 5130
f 1833 1930 1931
f 1833 1931 1834
f 5034 5035 5132
f 5034 5132 5131
f 1834 1931 1932
f 1834 1932 1835
f 5035 5036 5133
f 5035 5133 5132
f 1835 1932 1933
f 1835 1933 1836
f 5036 5037 5134
f 5036 5134 5133
f 1836 1933 1934
f 1836 1934 1837
f 5037 5038 5135
f 5037 5135 5134
f 1837 1934 1935
f 1837 1935 1838
f 5038 5039 5136
f 5038 5136 5135
f 1838 1935 1936
f 1838 1936 1839
f 5039 5040 5137
f 5039 5137 5136
f 1839 1936 1937
f 1839 1937 1840
f 5040 5041 5138
f 5040 5138 5137
f 1840 1937 1938
f 1840 1938 1841
f 5041 5042 5139
f 5041 5139 5138
f 1841 1938 1939
f 1841 1939 1842
f 5042 5043 5140
f 5042 5140 5139
f 1842 1939 1940
f 1842 1940 1843
f 5043 5044 5141
f 5043 5141 5140
f 1844 1941 1942
f 1844 1942 1845
f 5045 5046 5143
f 5045 5143 5142
f 1845 1942 1943
f 1845 1943 1846
f 5046 5047 5144
f 5046 5144 5143
f 1846 1943 1944
f 1846 1944 1847
f 5047 5048 5145
f 5047 5145 5144
f 1847 1944 1945
f 1847 1945 1848
f 5048 5049 5146
f 5048 5146 5145
f 1848 1945 1946
f 1848 1946 1849
f 5049 5050 5147
f 5049 5147 5146
f 1849 1946 1947
f 1849 1947 1850
f 5050 5051 5148
f 5050 5148 5147
f 1850 1947 1948
f 1850 1948 1851
f 5051 5052 5149
f 5051 5149 5148
f 1851 1948 1949
f 1851 1949 1852
f 5052 5053 5150
f 5052 5150 5149
f 1852 1949 1950
f 1852 1950 1853
f 5053 5054 5151
f 5053 5151 5150
f 1853 1950 1951
f 1853 1951 1854
f 5054 5055 5152
f 5054 5152 5151
f 1854 1951 1952
f 1854 1952 1855
f 5055 5056 5153
f 5055 5153 5152
f 1855 1952 1953
f 1855 1953 1856
f 5056 5057 5154
f 5056 5154 5153
f 1856 1953 1954
f 1856 1954 1857
f 5057 5058 5155
f 5057 5155 5154
f 1857 1954 1955
f 1857 1955 1858
f 5058 5059 5156
f 5058 5156 5155
f 1858 1955 1956
f 1858 1956 1859
f 5059 5060 5157
f 5059 5157 5156
f 1859 1956 1957
f 1859 1957 1860
f 5060 5061 5158
f 5060 5158 5157
f 1860 1957 1958
f 1860 1958 1861
f 5061 5062 5159
f 5061 5159 5158
f 1861 1958 1959
f 1861 1959 1862
f 5062 5063 5160
f 5062 5160 5159
f 1862 1959 1960
f 1862 1960 1863
f 5063 5064 5161
f 5063 5161 5160
f 1863 1960 1961
f 1863 1961 1864
f 5064 5065 5162
f 5064 5162 5161
f 1864 1961 1962
f 1864 1962 1865
f 5065 5066 5163
f 5065 5163 5162
f 1865 1962 1963
f 1865 1963 1866
f 5066 5067 5164
f 5066 5164 5163
f 1866 1963 1964
f 1866 1964 1867
f 5067 5068 5165
f 5067 5165 5164
f 1867 1964 1965
f 1867 1965 1868
f 5068 5069 5166
f 5068 5166 5165
f 1868 1965 1966
f 1868 1966 1869
f 5069 5070 5167
f 5069 5167 5166
f 1869 1966 1967
f 1869 1967 1870
f 5070 5071 5168
f 5070 5168 5167
f 1870 1967 1968
f 1870 1968 1871
f 5071 5072 5169
f 5071 5169 5168
f 1871 1968 1969
f 1871 1969 1872
f 5072 5073 5170
f 5072 5170 5169
f 1872 1969 1970
f 1872 1970 1873
f 5073 5074 5171
f 5073 5171 5170
f 1873 1970 1971
f 1873 1971 1874
f 5074 5075 5172
f 5074 5172 5171
f 1874 1971 1972
f 1874 1972 1875
f 5075 5076 5173
f 5075 5173 5172
f 1875 1972 1973
f 1875 1973 1876
f 5076 5077 5174
f 5076 5174 5173
f 1876 1973 1974
f 1876 1974 1877
f 5077 5078 5175
f 5077 5175 5174
f 1877 1974 1975
f 1877 1975 1878
f 5078 5079 5176
f 5078 5176 5175
f 1878 1975 1976
f 1878 1976 1879
f 5079 5080 5177
f 5079 5177 5176
f 1879 1976 1977
f 1879 1977 1880
f 5080 5081 5178
f 5080 5178 5177
f 1880 1977 1978
f 1880 1978 1881
f 5081 5082 5179
f 5081 5179 5178
f 1881 1978 1979
f 1881 1979 1882
f 5082 5083 5180
f 5082 5180 5179
f 1882 1979 1980
f 1882 1980 1883
f 5083 5084 5181
f 5083 5181 5180
f 1883 1980 1981
f 1883 1981 1884
f 5084 5085 5182
f 5084 5182 5181
f 1884 1981 1982
f 1884 1982 1885
f 5085 5086 5183
f 5085 5183 5182
f 1885 1982 1983
f 1885 1983 1886
f 5086 5087 5184
f 5086 5184 5183
f 1886 1983 1984
f 1886 1984 1887
f 5087 5088 5185
f 5087 5185 5184
f 1887 1984 1985
f 1887 1985 1888
f 5088 5089 5186
f 5088 5186 5185
f 1888 1985 1986
f 1888 1986 1889
f 5089 5090 5187
f 5089 5187 5186
f 1889 1986 1987
f 1889 1987 1890
f 5090 5091 5188
f 5090 5188 5187
f 1890 1987 1988
f 1890 1988 1891
f 5091 5092 5189
f 5091 5189 5188
f 1891 1988 1989
f 1891 1989 1892
f 5092 5093 5190
f 5092 5190 5189
f 1892 1989 1990
f 1892 1990 1893
f 5093 5094 5191
f 5093 5191 5190
f 1893 1990 1991
f 1893 1991 1894
f 5094 5095 5192
f 5094 5192 5191
f 1894 1991 1992
f 1894 1992 1895
f 5095 5096 5193
f 5095 5193 5192
f 1895 1992 1993
f 1895 1993 1896
f 5096 5097 5194
f 5096 5194 5193
f 1896 1993 1994
f 1896 1994 1897
f 5097 5098 5195
f 5097 5195 5194
f 1897 1994 1995
f 1897 1995 1898
f 5098 5099 5196
f 5098 5196 5195
f 1898 1995 1996
f 1898 1996 1899
f 5099 5100 5197
f 5099 5197 5196
f 1899 1996 1997
f 1899 1997 1900
f 5100 5101 5198
f 5100 5198 5197
f 1900 1997 1998
f 1900 1998 1901
f 5101 5102 5199
f 5101 5199 5198
f 1901 1998 1999
f 1901 1999 1902
f 5102 5103 5200
f 5102 5200 5199
f 1902 1999 2000
f 1902 2000 1903
f 5103 5104 5201
f 5103 5201 5200
f 1903 2000 2001
f 1903 2001 1904
f 5104 5105 5202
f 5104 5202 5201
f 1904 2001 2002
f 1904 2002 1905
f 5105 5106 5203
f 5105 5203 5202
f 1905 2002 2003
f 1905 2003 1906
f 5106 5107 5204
f 5106 5204 5203
f 1906 2003 2004
f 1906 2004 1907
f 5107 5108 5205
f 5107 5205 5204
f 1907 2004 2005
f 1907 2005 1908
f 5108 5109 5206
f 5108 5206 5205
f 1908 2005 2006
f 1908 2006 1909
f 5109 5110 5207
f 5109 5207 5206
f 1909 2006 2007
f 1909 2007 1910
f 5110 5111 5208
f 5110 5208 5207
f 1910 2007 2008
f 1910 2008 1911
f 5111 5112 5209
f 5111 5209 5208
f 1911 2008 2009
f 1911 2009 1912
f 5112 5113 5210
f 5112 5210 5209
f 1912 2009 2010
f 1912 2010 1913
f 5113 5114 5211
f 5113 5211 5210
f 1913 2010 2011
f 1913 2011 1914
f 5114 5115 5212
f 5114 5212 5211
f 1914 2011 2012
f 1914 2012 1915
f 5115 5116 5213
f 5115 5213 5212
f 1915 2012 2013
f 1915 2013 1916
f 5116 5117 5214
f 5116 5214 5213
f 1916 2013 2014
f 1916 2014 1917
f 5117 5118 5215
f 5117 5215 5214
f 1917 2014 2015
f 1917 2015 1918
f 5118 5119 5216
f 5118 5216 5215
f 1918 2015 2016
f 1918 2016 1919
f 5119 5120 5217
f 5119 5217 5216
f 1919 2016 2017
f 1919 2017 1920
f 5120 5121 5218
f 5120 5218 5217
f 1920 2017 2018
f 1920 2018 1921
f 5121 5122 5219
f 5121 5219 5218
f 1921 2018 2019
f 1921 2019 1922
f 5122 5123 5220
f 5122 5220 5219
f 1922 2019 2020
f 1922 2020 1923
f 5123 5124 5221
f 5123 5221 5220
f 1923 2020 2021
f 1923 2021 1924
f 5124 5125 5222
f 5124 5222 5221
f 1924 2021 2022
f 1924 2022 1925
f 5125 5126 5223
f 5125 5223 5222
f 1925 2022 2023
f 1925 2023 1926
f 5126 5127 5224
f 5126 5224 5223
f 1926 2023 2024
f 1926 2024 1927
f 5127 5128 5225
f 5127 5225 5224
f 1927 2024 2025
f 1927 2025 1928
f 5128 5129 5226
f 5128 5226 5225
f 1928 2025 2026
f 1928 2026 1929
f 5129 5130 5227
f 5129 5227 5226
f 1929 2026 2027
f 1929 2027 1930
f 5130 5131 5228
f 5130 5228 5227
f 1930 2027 2028
f 1930 2028 1931
f 5131 5132 5229
f 5131 5229 5228
f 1931 2028 2029
f 1931 2029 1932
f 5132 5133 5230
f 5132 5230 5229
f 1932 2029 2030
f 1932 2030 1933
f 5133 5134 5231
f 5133 5231 5230
f 1933 2030 2031
f 1933 2031 1934
f 5134 5135 5232
f 5134 5232 5231
f 1934 2031 2032
f 1934 2032 1935
f 5135 5136 5233
f 5135 5233 5232
f 1935 2032 2033
f 1935 2033 1936
f 5136 5137 5234
f 5136 5234 5233
f 1936 2033 2034
f 1936 2034 1937
f 5137 5138 5235
f 5137 5235 5234
f 1937 2034 2035
f 1937 2035 1938
f 5138 5139 5236
f 5138 5236 5235
f 1938 2035 2036
f 1938 2036 1939
f 5139 5140 5237
f 5139 5237 5236
f 1939 2036 2037
f 1939 2037 1940
f 5140 5141 5238
f 5140 5238 5237
f 1941 2038 2039
f 1941 2039 1942
f 5142 5143 5240
f 5142 5240 5239
f 1942 2039 2040
f 1942 2040 1943
f 5143 5144 5241
f 5143 5241 5240
f 1943 2040 2041
f 1943 2041 1944
f 5144 5145 5242
f 5144 5242 5241
f 1944 2041 2042
f 1944 2042 1945
f 5145 5146 5243
f 5145 5243 5242
f 1945 2042 2043
f 1945 2043 1946
f 5146 5147 5244
f 5146 5244 5243
f 1946 2043 2044
f 1946 2044 1947
f 5147 5148 5245
f 5147 5245 5244
f 1947 2044 2045
f 1947 2045 1948
f 5148 5149 5246
f 5148 5246 5245
f 1948 2045 2046
f 1948 2046 1949
f 5149 5150 5247
f 5149 5247 5246
f 1949 2046 2047
f 1949 2047 1950
f 5150 5151 5248
f 5150 5248 5247
f 1950 2047 2048
f 1950 2048 1951
f 5151 5152 5249
f 5151 5249 5248
f 1951 2048 2049
f 1951 2049 1952
f 5152 5153 5250
f 5152 5250 5249
f 1952 2049 2050
f 1952 2050 1953
f 5153 5154 5251
f 5153 5251 5250
f 1953 2050 2051
f 1953 2051 1954
f 5154 5155 5252
f 5154 5252 5251
f 1954 2051 2052
f 1954 2052 1955
f 5155 5156 5253
f 5155 5253 5252
f 1955 2052 2053
f 1955 2053 1956
f 5156 5157 5254
f 5156 5254 5253
f 1956 2053 2054
f 1956 2054 1957
f 5157 5158 5255
f 5157 5255 5254
f 1957 2054 2055
f 1957 2055 1958
f 5158 5159 5256
f 5158 5256 5255
f 1958 2055 2056
f 1958 2056 1959
f 5159 5160 5257
f 5159 5257 5256
f 1959 2056 2057
f 1959 2057 1960
f 5160 5161 5258
f 5160 5258 5257
f 1960 2057 2058
f 1960 2058 1961
f 5161 5162 5259
f 5161 5259 5258
f 1961 2058 2059
f 1961 2059 1962
f 5162 5163 5260
f 5162 5260 5259
f 1962 2059 2060
f 1962 2060 1963
f 5163 5164 5261
f 5163 5261 5260
f 1963 2060 2061
f 1963 2061 1964
f 5164 5165 5262
f 5164 5262 5261
f 1964 2061 2062
f 1964 2062 1965
f 5165 5166 5263
f 5165 5263 5262
f 1965 2062 2063
f 1965 2063 1966
f 5166 5167 5264
f 5166 5264 5263
f 1966 2063 2064
f 1966 2064 1967
f 5167 5168 5265
f 5167 5265 5264
f 1967 2064 2065
f 1967 2065 1968
f 5168 5169 5266
f 5168 5266 5265
f 1968 2065 2066
f 1968 2066 1969
f 5169 5170 5267
f 5169 5267 5266
f 1969 2066 2067
f 1969 2067 1970
f 5170 5171 5268
f 5170 5268 5267
f 1970 2067 2068
f 1970 2068 1971
f 5171 5172 5269
f 5171 5269 5268
f 1971 2068 2069
f 1971 2069 1972
f 5172 5173 5270
f 5172 5270 5269
f 1972 2069 2070
f 1972 2070 1973
f 5173 5174 5271
f 5173 5271 5270
f 1973 2070 2071
f 1973 2071 1974
f 5174 5175 5272
f 5174 5272 5271
f 1974 2071 2072
f 1974 2072 1975
f 5175 5176 5273
f 5175 5273 5272
f 1975 2072 2073
f 1975 2073 1976
f 5176 5177 5274
f 5176 5274 5273
f 1976 2073 2074
f 1976 2074 1977
f 5177 5178 5275
f 5177 5275 5274
f 1977 2074 2075
f 1977 2075 1978
f 5178 5179 5276
f 5178 5276 5275
f 1978 2075 2076
f 1978 2076 1979
f 5179 5180 5277
f 5179 5277 5276
f 1979 2076 2077
f 1979 2077 1980
f 5180 5181 5278
f 5180 5278 5277
f 1980 2077 2078
f 1980 2078 1981
f 5181 5182 5279
f 5181 5279 5278
f 1981 2078 2079
f 1981 2079 1982
f 5182 5183 5280
f 5182 5280 5279
f 1982 2079 2080
f 1982 2080 1983
f 5183 5184 5281
f 5183 5281 5280
f 1983 2080 2081
f 1983 2081 1984
f 5184 5185 5282
f 5184 5282 5281
f 1984 2081 2082
f 1984 2082 1985
f 5185 5186 5283
f 5185 5283 5282
f 1985 2082 2083
f 1985 2083 1986
f 5186 5187 5284
f 5186 5284 5283
f 1986 2083 2084
f 1986 2084 1987
f 5187 5188 5285
f 5187 5285 5284
f 1987 2084 2085
f 1987 2085 1988
f 5188 5189 5286
f 5188 5286 5285
f 1988 2085 2086
f 1988 2086 1989
f 5189 5190 5287
f 5189 5287 5286
f 1989 2086 2087
f 1989 2087 1990
f 5190 5191 5288
f 5190 5288 5287
f 1990 2087 2088
f 1990 2088 1991
f 5191 5192 5289
f 5191 5289 5288
f 1991 2088 2089
f 1991 2089 1992
f 5192 5193 5290
f 5192 5290 5289
f 1992 2089 2090
f 1992 2090 1993
f 5193 5194 5291
f 5193 5291 5290
f 1993 2090 2091
f 1993 2091 1994
f 5194 5195 5292
f 5194 5292 5291
f 1994 2091 2092
f 1994 2092 1995
f 5195 5196 5293
f 5195 5293 5292
f 1995 2092 2093
f 1995 2093 1996
f 5196 5197 5294
f 5196 5294 5293
f 1996 2093 2094
f 1996 2094 1997
f 5197 5198 5295
f 5197 5295 5294
f 1997 2094 2095
f 1997 2095 1998
f 5198 5199 5296
f 5198 5296 5295
f 1998 2095 2096
f 1998 2096 1999
f 5199 5200 5297
f 5199 5297 5296
f 1999 2096 2097
f 1999 2097 2000
f 5200 5201 5298
f 5200 5298 5297
f 2000 2097 2098
f 2000 2098 2001
f 5201 5202 5299
f 5201 5299 5298
f 2001 2098 2099
f 2001 2099 2002
f 5202 5203 5300
f 5202 5300 5299
f 2002 2099 2100
f 2002 2100 2003
f 5203 5204 5301
f 5203 5301 5300
f 2003 2100 2101
f 2003 2101 2004
f 5204 5205 5302
f 5204 5302 5301
f 2004 2101 2102
f 2004 2102 2005
f 5205 5206 5303
f 5205 5303 5302
f 2005 2102 2103
f 2005 2103 2006
f 5206 5207 5304
f 5206 5304 5303
f 2006 2103 2104
f 2006 2104 2007
f 5207 5208 5305
f 5207 5305 5304
f 2007 2104 2105
f 2007 2105 2008
f 5208 5209 5306
f 5208 5306 5305
f 2008 2105 2106
f 2008 2106 2009
f 5209 5210 5307
f 5209 5307 5306
f 2009 2106 2107
f 2009 2107 2010
f 5210 5211 5308
f 5210 5308 5307
f 2010 2107 2108
f 2010 2108 2011
f 5211 5212 5309
f 5211 5309 5308
f 2011 2108 2109
f 2011 2109 2012
f 5212 5213 5310
f 5212 5310 5309
f 2012 2109 2110
f 2012 2110 2013
f 5213 5214 5311
f 5213 5311 5310
f 2013 2110 2111
f 2013 2111 2014
f 5214 5215 5312
f 5214 5312 5311
f 2014 2111 2112
f 2014 2112 2015
f 5215 5216 5313
f 5215 5313 5312
f 2015 2112 2113
f 2015 2113 2016
f 5216 5217 5314
f 5216 5314 5313
f 2016 2113 2114
f 2016 2114 2017
f 5217 5218 5315
f 5217 5315 5314
f 2017 2114 2115
f 2017 2115 2018
f 5218 5219 5316
f 5218 5316 5315
f 2018 2115 2116
f 2018 2116 2019
f 5219 5220 5317
f 5219 5317 5316
f 2019 2116 2117
f 2019 2117 2020
f 5220 5221 5318
f 5220 5318 5317
f 2020 2117 2118
f 2020 2118 2021
f 5221 5222 5319
f 5221 5319 5318
f 2021 2118 2119
f 2021 2119 2022
f 5222 5223 5320
f 5222 5320 5319
f 2022 2119 2120
f 2022 2120 2023
f 5223 5224 5321
f 5223 5321 5320
f 2023 2120 2121
f 2023 2121 2024
f 5224 5225 5322
f 5224 5322 5321
f 2024 2121 2122
f 2024 2122 2025
f 5225 5226 5323
f 5225 5323 5322
f 2025 2122 2123
f 2025 2123 2026
f 5226 5227 5324
f 5226 5324 5323
f 2026 2123 2124
f 2026 2124 2027
f 5227 5228 5325
f 5227 5325 5324
f 2027 2124 2125
f 2027 2125 2028
f 5228 5229 5326
f 5228 5326 5325
f 2028 2125 2126
f 2028 2126 2029
f 5229 5230 5327
f 5229 5327 5326
f 2029 2126 2127
f 2029 2127 2030
f 5230 5231 5328
f 5230 5328 5327
f 2030 2127 2128
f 2030 2128 2031
f 5231 5232 5329
f 5231 5329 5328
f 2031 2128 2129
f 2031 2129 2032
f 5232 5233 5330
f 5232 5330 5329
f 2032 2129 2130
f 2032 2130 2033
f 5233 5234 5331
f 5233 5331 5330
f 2033 2130 2131
f 2033 2131 2034
f 5234 5235 5332
f 5234 5332 5331
f 2034 2131 2132
f 2034 2132 2035
f 5235 5236 5333
f 5235 5333 5332
f 2035 2132 2133
f 2035 2133 2036
f 5236 5237 5334
f 5236 5334 5333
f 2036 2133 2134
f 2036 2134 2037
f 5237 5238 5335
f 5237 5335 5334
f 2038 2135 2136
f 2038 2136 2039
f 5239 5240 5337
f 5239 5337 5336
f 2039 2136 2137
f 2039 2137 2040
f 5240 5241 5338
f 5240 5338 5337
f 2040 2137 2138
f 2040 2138 2041
f 5241 5242 5339
f 5241 5339 5338
f 2041 2138 2139
f 2041 2139 2042
f 5242 5243 5340
f 5242 5340 5339
f 2042 2139 2140
f 2042 2140 2043
f 5243 5244 5341
f 5243 5341 5340
f 2043 2140 2141
f 2043 2141 2044
f 5244 5245 5342
f 5244 5342 5341
f 2044 2141 2142
f 2044 2142 2045
f 5245 5246 5343
f 5245 5343 5342
f 2045 2142 2143
f 2045 2143 2046
f 5246 5247 5344
f 5246 5344 5343
f 2046 2143 2144
f 2046 2144 2047
f 5247 5248 5345
f 5247 5345 5344
f 2047 2144 2145
f 2047 2145 2048
f 5248 5249 5346
f 5248 5346 5345
f 2048 2145 2146
f 2048 2146 2049
f 5249 5250 5347
f 5249 5347 5346
f 2049 2146 2147
f 2049 2147 2050
f 5250 5251 5348
f 5250 5348 5347
f 2050 2147 2148
f 2050 2148 2051
f 5251 5252 5349
f 5251 5349 5348
f 2051 2148 2149
f 2051 2149 2052
f 5252 5253 5350
f 5252 5350 5349
f 2052 2149 2150
f 2052 2150 2053
f 5253 5254 5351
f 5253 5351 5350
f 2053 2150 2151
f 2053 2151 2054
f 5254 5255 5352
f 5254 5352 5351
f 2054 2151 2152
f 2054 2152 2055
f 5255 5256 5353
f 5255 5353 5352
f 2055 2152 2153
f 2055 2153 2056
f 5256 5257 5354
f 5256 5354 5353
f 2056 2153 2154
f 2056 2154 2057
f 5257 5258 5355
f 5257 5355 5354
f 2057 2154 2155
f 2057 2155 2058
f 5258 5259 5356
f 5258 5356 5355
f 2058 2155 2156
f 2058 2156 2059
f 5259 5260 5357
f 5259 5357 5356
f 2059 2156 2157
f 2059 2157 2060
f 5260 5261 5358
f 5260 5358 5357
f 2060 2157 2158
f 2060 2158 2061
f 5261 5262 5359
f 5261 5359 5358
f 2061 2158 2159
f 2061 2159 2062
f 5262 5263 5360
f 5262 5360 5359
f 2062 2159 2160
f 2062 2160 2063
f 5263 5264 5361
f 5263 5361 5360
f 2063 2160 2161
f 2063 2161 2064
f 5264 5265 5362
f 5264 5362 5361
f 2064 2161 2162
f 2064 2162 2065
f 5265 5266 5363
f 5265 5363 5362
f 2065 2162 2163
f 2065 2163 2066
f 5266 5267 5364
f 5266 5364 5363
f 2066 2163 2164
f 2066 2164 2067
f 5267 5268 5365
f 5267 5365 5364
f 2067 2164 2165
f 2067 2165 2068
f 5268 5269 5366
f 5268 5366 5365
f 2068 2165 2166
f 2068 2166 2069
f 5269 5270 5367
f 5269 5367 5366
f 2069 2166 2167
f 2069 2167 2070
f 5270 5271 5368
f 5270 5368 5367
f 2070 2167 2168
f 2070 2168 2071
f 5271 5272 5369
f 5271 5369 5368
f 2071 2168 2169
f 2071 2169 2072
f 5272 5273 5370
f 5272 5370 5369
f 2072 2169 2170
f 2072 2170 2073
f 5273 5274 5371
f 5273 5371 5370
f 2073 2170 2171
f 2073 2171 2074
f 5274 5275 5372
f 5274 5372 5371
f 2074 2171 2172
f 2074 2172 2075
f 5275 5276 5373
f 5275 5373 5372
f 2075 2172 2173
f 2075 2173 2076
f 5276 5277 5374
f 5276 5374 5373
f 2076 2173 2174
f 2076 2174 2077
f 5277 5278 5375
f 5277 5375 5374
f 2077 2174 2175
f 2077 2175 2078
f 5278 5279 5376
f 5278 5376 5375
f 2078 2175 2176
f 2078 2176 2079
f 5279 5280 5377
f 5279 5377 5376
f 2079 2176 2177
f 2079 2177 2080
f 5280 5281 5378
f 5280 5378 5377
f 2080 2177 2178
f 2080 2178 2081
f 5281 5282 5379
f 5281 5379 5378
f 2081 2178 2179
f 2081 2179 2082
f 5282 5283 5380
f 5282 5380 5379
f 2082 2179 2180
f 2082 2180 2083
f 5283 5284 5381
f 5283 5381 5380
f 2083 2180 2181
f 2083 2181 2084
f 5284 5285 5382
f 5284 5382 5381
f 2084 2181 2182
f 2084 2182 2085
f 5285 5286 5383
f 5285 5383 5382
f 2085 2182 2183
f 2085 2183 2086
f 5286 5287 5384
f 5286 5384 5383
f 2086 2183 2184
f 2086 2184 2087
f 5287 5288 5385
f 5287 5385 5384
f 2087 2184 2185
f 2087 2185 2088
f 5288 5289 5386
f 5288 5386 5385
f 2088 2185 2186
f 2088 2186 2089
f 5289 5290 5387
f 5289 5387 5386
f 2089 2186 2187
f 2089 2187 2090
f 5290 5291 5388
f 5290 5388 5387
f 2090 2187 2188
f 2090 2188 2091
f 5291 5292 5389
f 5291 5389 5388
f 2091 2188 2189
f 2091 2189 2092
f 5292 5293 5390
f 5292 5390 5389
f 2092 2189 2190
f 2092 2190 2093
f 5293 5294 5391
f 5293 5391 5390
f 2093 2190 2191
f 2093 2191 2094
f 5294 5295 5392
f 5294 5392 5391
f 2094 2191 2192
f 2094 2192 2095
f 5295 5296 5393
f 5295 5393 5392
f 2095 2192 2193
f 2095 2193 2096
f 5296 5297 5394
f 5296 5394 5393
f 2096 2193 2194
f 2096 2194 2097
f 5297 5298 5395
f 5297 5395 5394
f 2097 2194 2195
f 2097 2195 2098
f 5298 5299 5396
f 5298 5396 5395
f 2098 2195 2196
f 2098 2196 2099
f 5299 5300 5397
f 5299 5397 5396
f 2099 2196 2197
f 2099 2197 2100
f 5300 5301 5398
f 5300 5398 5397
f 2100 2197 2198
f 2100 2198 2101
f 5301 5302 5399
f 5301 5399 5398
f 2101 2198 2199
f 2101 2199 2102
f 5302 5303 5400
f 5302 5400 5399
f 2102 2199 2200
f 2102 2200 2103
f 5303 5304 5401
f 5303 5401 5400
f 2103 2200 2201
f 2103 2201 2104
f 5304 5305 5402
f 5304 5402 5401
f 2104 2201 2202
f 2104 2202 2105
f 5305 5306 5403
f 5305 5403 5402
f 2105 2202 2203
f 2105 2203 2106
f 5306 5307 5404
f 5306 5404 5403
f 2106 2203 2204
f 2106 2204 2107
f 5307 5308 5405
f 5307 5405 5404
f 2107 2204 2205
f 2107 2205 2108
f 5308 5309 5406
f 5308 5406 5405
f 2108 2205 2206
f 2108 2206 2109
f 5309 5310 5407
f 5309 5407 5406
f 2109 2206 2207
f 2109 2207 2110
f 5310 5311 5408
f 5310 5408 5407
f 2110 2207 2208
f 2110 2208 2111
f 5311 5312 5409
f 5311 5409 5408
f 2111 2208 2209
f 2111 2209 2112
f 5312 5313 5410
f 5312 5410 5409
f 2112 2209 2210
f 2112 2210 2113
f 5313 5314 5411
f 5313 5411 5410
f 2113 2210 2211
f 2113 2211 2114
f 5314 5315 5412
f 5314 5412 5411
f 2114 2211 2212
f 2114 2212 2115
f 5315 5316 5413
f 5315 5413 5412
f 2115 2212 2213
f 2115 2213 2116
f 5316 5317 5414
f 5316 5414 5413
f 2116 2213 2214
f 2116 2214 2117
f 5317 5318 5415
f 5317 5415 5414
f 2117 2214 2215
f 2117 2215 2118
f 5318 5319 5416
f 5318 5416 5415
f 2118 2215 2216
f 2118 2216 2119
f 5319 5320 5417
f 5319 5417 5416
f 2119 2216 2217
f 2119 2217 2120
f 5320 5321 5418
f 5320 5418 5417
f 2120 2217 2218
f 2120 2218 2121
f 5321 5322 5419
f 5321 5419 5418
f 2121 2218 2219
f 2121 2219 2122
f 5322 5323 5420
f 5322 5420 5419
f 2122 2219 2220
f 2122 2220 2123
f 5323 5324 5421
f 5323 5421 5420
f 2123 2220 2221
f 2123 2221 2124
f 5324 5325 5422
f 5324 5422 5421
f 2124 2221 2222
f 2124 2222 2125
f 5325 5326 5423
f 5325 5423 5422
f 2125 2222 2223
f 2125 2223 2126
f 5326 5327 5424
f 5326 5424 5423
f 2126 2223 2224
f 2126 2224 2127
f 5327 5328 5425
f 5327 5425 5424
f 2127 2224 2225
f 2127 2225 2128
f 5328 5329 5426
f 5328 5426 5425
f 2128 2225 2226
f 2128 2226 2129
f 5329 5330 5427
f 5329 5427 5426
f 2129 2226 2227
f 2129 2227 2130
f 5330 5331 5428
f 5330 5428 5427
f 2130 2227 2228
f 2130 2228 2131
f 5331 5332 5429
f 5331 5429 5428
f 2131 2228 2229
f 2131 2229 2132
f 5332 5333 5430
f 5332 5430 5429
f 2132 2229 2230
f 2132 2230 2133
f 5333 5334 5431
f 5333 5431 5430
f 2133 2230 2231
f 2133 2231 2134
f 5334 5335 5432
f 5334 5432 5431
f 2135 2232 2233
f 2135 2233 2136
f 5336 5337 5434
f 5336 5434 5433
f 2136 2233 2234
f 2136 2234 2137
f 5337 5338 5435
f 5337 5435 5434
f 2137 2234 2235
f 2137 2235 2138
f 5338 5339 5436
f 5338 5436 5435
f 2138 2235 2236
f 2138 2236 2139
f 5339 5340 5437
f 5339 5437 5436
f 2139 2236 2237
f 2139 2237 2140
f 5340 5341 5438
f 5340 5438 5437
f 2140 2237 2238
f 2140 2238 2141
f 5341 5342 5439
f 5341 5439 5438
f 2141 2238 2239
f 2141 2239 2142
f 5342 5343 5440
f 5342 5440 5439
f 2142 2239 2240
f 2142 2240 2143
f 5343 5344 5441
f 5343 5441 5440
f 2143 2240 2241
f 2143 2241 2144
f 5344 5345 5442
f 5344 5442 5441
f 2144 2241 2242
f 2144 2242 2145
f 5345 5346 5443
f 5345 5443 5442
f 2145 2242 2243
f 2145 2243 2146
f 5346 5347 5444
f 5346 5444 5443
f 2146 2243 2244
f 2146 2244 2147
f 5347 5348 5445
f 5347 5445 5444
f 2147 2244 2245
f 2147 2245 2148
f 5348 5349 5446
f 5348 5446 5445
f 2148 2245 2246
f 2148 2246 2149
f 5349 5350 5447
f 5349 5447 5446
f 2149 2246 2247
f 2149 2247 2150
f 5350 5351 5448
f 5350 5448 5447
f 2150 2247 2248
f 2150 2248 2151
f 5351 5352 5449
f 5351 5449 5448
f 2151 2248 2249
f 2151 2249 2152
f 5352 5353 5450
f 5352 5450 5449
f 2152 2249 2250
f 2152 2250 2153
f 5353 5354 5451
f 5353 5451 5450
f 2153 2250 2251
f 2153 2251 2154
f 5354 5355 5452
f 5354 5452 5451
f 2154 2251 2252
f 2154 2252 2155
f 5355 5356 5453
f 5355 5453 5452
f 2155 2252 2253
f 2155 2253 2156
f 5356 5357 5454
f 5356 5454 5453
f 2156 2253 2254
f 2156 2254 2157
f 5357 5358 5455
f 5357 5455 5454
f 2157 2254 2255
f 2157 2255 2158
f 5358 5359 5456
f 5358 5456 5455
f 2158 2255 2256
f 2158 2256 2159
f 5359 5360 5457
f 5359 5457 5456
f 2159 2256 2257
f 2159 2257 2160
f 5360 5361 5458
f 5360 5458 5457
f 2160 2257 2258
f 2160 2258 2161
f 5361 5362 5459
f 5361 5459 5458
f 2161 2258 2259
f 2161 2259 2162
f 5362 5363 5460
f 5362 5460 5459
f 2162 2259 2260
f 2162 2260 2163
f 5363 5364 5461
f 5363 5461 5460
f 2163 2260 2261
f 2163 2261 2164
f 5364 5365 5462
f 5364 5462 5461
f 2164 2261 2262
f 2164 2262 2165
f 5365 5366 5463
f 5365 5463 5462
f 2165 2262 2263
f 2165 2263 2166
f 5366 5367 5464
f 5366 5464 5463
f 2166 2263 2264
f 2166 2264 2167
f 5367 5368 5465
f 5367 5465 5464
f 2167 2264 2265
f 2167 2265 2168
f 5368 5369 5466
f 5368 5466 5465
f 2168 2265 2266
f 2168 2266 2169
f 5369 5370 5467
f 5369 5467 5466
f 2169 2266 2267
f 2169 2267 2170
f 5370 5371 5468
f 5370 5468 5467
f 2170 2267 2268
f 2170 2268 2171
f 5371 5372 5469
f 5371 5469 5468
f 2171 2268 2269
f 2171 2269 2172
f 5372 5373 5470
f 5372 5470 5469
f 2172 2269 2270
f 2172 2270 2173
f 5373 5374 5471
f 5373 5471 5470
f 2173 2270 2271
f 2173 2271 2174
f 5374 5375 5472
f 5374 5472 5471
f 2174 2271 2272
f 2174 2272 2175
f 5375 5376 5473
f 5375 5473 5472
f 2175 2272 2273
f 2175 2273 2176
f 5376 5377 5474
f 5376 5474 5473
f 2176 2273 2274
f 2176 2274 2177
f 5377 5378 5475
f 5377 5475 5474
f 2177 2274 2275
f 2177 2275 2178
f 5378 5379 5476
f 5378 5476 5475
f 2178 2275 2276
f 2178 2276 2179
f 5379 5380 5477
f 5379 5477 5476
f 2179 2276 2277
f 2179 2277 2180
f 5380 5381 5478
f 5380 5478 5477
f 2180 2277 2278
f 2180 2278 2181
f 5381 5382 5479
f 5381 5479 5478
f 2181 2278 2279
f 2181 2279 2182
f 5382 5383 5480
f 5382 5480 5479
f 2182 2279 2280
f 2182 2280 2183
f 5383 5384 5481
f 5383 5481 5480
f 2183 2280 2281
f 2183 2281 2184
f 5384 5385 5482
f 5384 5482 5481
f 2184 2281 2282
f 2184 2282 2185
f 5385 5386 5483
f 5385 5483 5482
f 2185 2282 2283
f 2185 2283 2186
f 5386 5387 5484
f 5386 5484 5483
f 2186 2283 2284
f 2186 2284 2187
f 5387 5388 5485
f 5387 5485 5484
f 2187 2284 2285
f 2187 2285 2188
f 5388 5389 5486
f 5388 5486 5485
f 2188 2285 2286
f 2188 2286 2189
f 5389 5390 5487
f 5389 5487 5486
f 2189 2286 2287
f 2189 2287 2190
f 5390 5391 5488
f 5390 5488 5487
f 2190 2287 2288
f 2190 2288 2191
f 5391 5392 5489
f 5391 5489 5488
f 2191 2288 2289
f 2191 2289 2192
f 5392 5393 5490
f 5392 5490 5489
f 2192 2289 2290
f 2192 2290 2193
f 5393 5394 5491
f 5393 5491 5490
f 2193 2290 2291
f 2193 2291 2194
f 5394 5395 5492
f 5394 5492 5491
f 2194 2291 2292
f 2194 2292 2195
f 5395 5396 5493
f 5395 5493 5492
f 2195 2292 2293
f 2195 2293 2196
f 5396 5397 5494
f 5396 5494 5493
f 2196 2293 2294
f 2196 2294 2197
f 5397 5398 5495
f 5397 5495 5494
f 2197 2294 2295
f 2197 2295 2198
f 5398 5399 5496
f 5398 5496 5495
f 2198 2295 2296
f 2198 2296 2199
f 5399 5400 5497
f 5399 5497 5496
f 2199 2296 2297
f 2199 2297 2200
f 5400 5401 5498
f 5400 5498 5497
f 2200 2297 2298
f 2200 2298 2201
f 5401 5402 5499
f 5401 5499 5498
f 2201 2298 2299
f 2201 2299 2202
f 5402 5403 5500
f 5402 5500 5499
f 2202 2299 2300
f 2202 2300 2203
f 5403 5404 5501
f 5403 5501 5500
f 2203 2300 2301
f 2203 2301 2204
f 5404 5405 5502
f 5404 5502 5501
f 2204 2301 2302
f 2204 2302 2205
f 5405 5406 5503
f 5405 5503 5502
f 2205 2302 2303
f 2205 2303 2206
f 5406 5407 5504
f 5406 5504 5503
f 2206 2303 2304
f 2206 2304 2207
f 5407 5408 5505
f 5407 5505 5504
f 2207 2304 2305
f 2207 2305 2208
f 5408 5409 5506
f 5408 5506 5505
f 2208 2305 2306
f 2208 2306 2209
f 5409 5410 5507
f 5409 5507 5506
f 2209 2306 2307
f 2209 2307 2210
f 5410 5411 5508
f 5410 5508 5507
f 2210 2307 2308
f 2210 2308 2211
f 5411 5412 5509
f 5411 5509 5508
f 2211 2308 2309
f 2211 2309 2212
f 5412 5413 5510
f 5412 5510 5509
f 2212 2309 2310
f 2212 2310 2213
f 5413 5414 5511
f 5413 5511 5510
f 2213 2310 2311
f 2213 2311 2214
f 5414 5415 5512
f 5414 5512 5511
f 2214 2311 2312
f 2214 2312 2215
f 5415 5416 5513
f 5415 5513 5512
f 2215 2312 2313
f 2215 2313 2216
f 5416 5417 5514
f 5416 5514 5513
f 2216 2313 2314
f 2216 2314 2217
f 5417 5418 5515
f 5417 5515 5514
f 2217 2314 2315
f 2217 2315 2218
f 5418 5419 5516
f 5418 5516 5515
f 2218 2315 2316
f 2218 2316 2219
f 5419 5420 5517
f 5419 5517 5516
f 2219 2316 2317
f 2219 2317 2220
f 5420 5421 5518
f 5420 5518 5517
f 2220 2317 2318
f 2220 2318 2221
f 5421 5422 5519
f 5421 5519 5518
f 2221 2318 2319
f 2221 2319 2222
f 5422 5423 5520
f 5422 5520 5519
f 2222 2319 2320
f 2222 2320 2223
f 5423 5424 5521
f 5423 5521 5520
f 2223 2320 2321
f 2223 2321 2224
f 5424 5425 5522
f 5424 5522 5521
f 2224 2321 2322
f 2224 2322 2225
f 5425 5426 5523
f 5425 5523 5522
f 2225 2322 2323
f 2225 2323 2226
f 5426 5427 5524
f 5426 5524 5523
f 2226 2323 2324
f 2226 2324 2227
f 5427 5428 5525
f 5427 5525 5524
f 2227 2324 2325
f 2227 2325 2228
f 5428 5429 5526
f 5428 5526 5525
f 2228 2325 2326
f 2228 2326 2229
f 5429 5430 5527
f 5429 5527 5526
f 2229 2326 2327
f 2229 2327 2230
f 5430 5431 5528
f 5430 5528 5527
f 2230 2327 2328
f 2230 2328 2231
f 5431 5432 5529
f 5431 5529 5528
f 2232 2329 2330
f 2232 2330 2233
f 5433 5434 5531
f 5433 5531 5530
f 2233 2330 2331
f 2233 2331 2234
f 5434 5435 5532
f 5434 5532 5531
f 2234 2331 2332
f 2234 2332 2235
f 5435 5436 5533
f 5435 5533 5532
f 2235 2332 2333
f 2235 2333 2236
f 5436 5437 5534
f 5436 5534 5533
f 2236 2333 2334
f 2236 2334 2237
f 5437 5438 5535
f 5437 5535 5534
f 2237 2334 2335
f 2237 2335 2238
f 5438 5439 5536
f 5438 5536 5535
f 2238 2335 2336
f 2238 2336 2239
f 5439 5440 5537
f 5439 5537 5536
f 2239 2336 2337
f 2239 2337 2240
f 5440 5441 5538
f 5440 5538 5537
f 2240 2337 2338
f 2240 2338 2241
f 5441 5442 5539
f 5441 5539 5538
f 2241 2338 2339
f 2241 2339 2242
f 5442 5443 5540
f 5442 5540 5539
f 2242 2339 2340
f 2242 2340 2243
f 5443 5444 5541
f 5443 5541 5540
f 2243 2340 2341
f 2243 2341 2244
f 5444 5445 5542
f 5444 5542 5541
f 2244 2341 2342
f 2244 2342 2245
f 5445 5446 5543
f 5445 5543 5542
f 2245 2342 2343
f 2245 2343 2246
f 5446 5447 5544
f 5446 5544 5543
f 2246 2343 2344
f 2246 2344 2247
f 5447 5448 5545
f 5447 5545 5544
f 2247 2344 2345
f 2247 2345 2248
f 5448 5449 5546
f 5448 5546 5545
f 2248 2345 2346
f 2248 2346 2249
f 5449 5450 5547
f 5449 5547 5546
f 2249 2346 2347
f 2249 2347 2250
f 5450 5451 5548
f 5450 5548 5547
f 2250 2347 2348
f 2250 2348 2251
f 5451 5452 5549
f 5451 5549 5548
f 2251 2348 2349
f 2251 2349 2252
f 5452 5453 5550
f 5452 5550 5549
f 2252 2349 2350
f 2252 2350 2253
f 5453 5454 5551
f 5453 5551 5550
f 2253 2350 2351
f 2253 2351 2254
f 5454 5455 5552
f 5454 5552 5551
f 2254 2351 2352
f 2254 2352 2255
f 5455 5456 5553
f 5455 5553 5552
f 2255 2352 2353
f 2255 2353 2256
f 5456 5457 5554
f 5456 5554 5553
f 2256 2353 2354
f 2256 2354 2257
f 5457 5458 5555
f 5457 5555 5554
f 2257 2354 2355
f 2257 2355 2258
f 5458 5459 5556
f 5458 5556 5555
f 2258 2355 2356
f 2258 2356 2259
f 5459 5460 5557
f 5459 5557 5556
f 2259 2356 2357
f 2259 2357 2260
f 5460 5461 5558
f 5460 5558 5557
f 2260 2357 2358
f 2260 2358 2261
f 5461 5462 5559
f 5461 5559 5558
f 2261 2358 2359
f 2261 2359 2262
f 5462 5463 5560
f 5462 5560 5559
f 2262 2359 2360
f 2262 2360 2263
f 5463 5464 5561
f 5463 5561 5560
f 2263 2360 2361
f 2263 2361 2264
f 5464 5465 5562
f 5464 5562 5561
f 2264 2361 2362
f 2264 2362 2265
f 5465 5466 5563
f 5465 5563 5562
f 2265 2362 2363
f 2265 2363 2266
f 5466 5467 5564
f 5466 5564 5563
f 2266 2363 2364
f 2266 2364 2267
f 5467 5468 5565
f 5467 5565 5564
f 2267 2364 2365
f 2267 2365 2268
f 5468 5469 5566
f 5468 5566 5565
f 2268 2365 2366
f 2268 2366 2269
f 5469 5470 5567
f 5469 5567 5566
f 2269 2366 2367
f 2269 2367 2270
f 5470 5471 5568
f 5470 5568 5567
f 2270 2367 2368
f 2270 2368 2271
f 5471 5472 5569
f 5471 5569 5568
f 2271 2368 2369
f 2271 2369 2272
f 5472 5473 5570
f 5472 5570 5569
f 2272 2369 2370
f 2272 2370 2273
f 5473 5474 5571
f 5473 5571 5570
f 2273 2370 2371
f 2273 2371 2274
f 5474 5475 5572
f 5474 5572 5571
f 2274 2371 2372
f 2274 2372 2275
f 5475 5476 5573
f 5475 5573 5572
f 2275 2372 2373
f 2275 2373 2276
f 5476 5477 5574
f 5476 5574 5573
f 2276 2373 2374
f 2276 2374 2277
f 5477 5478 5575
f 5477 5575 5574
f 2277 2374 2375
f 2277 2375 2278
f 5478 5479 5576
f 5478 5576 5575
f 2278 2375 2376
f 2278 2376 2279
f 5479 5480 5577
f 5479 5577 5576
f 2279 2376 2377
f 2279 2377 2280
f 5480 5481 5578
f 5480 5578 5577
f 2280 2377 2378
f 2280 2378 2281
f 5481 5482 5579
f 5481 5579 5578
f 2281 2378 2379
f 2281 2379 2282
f 5482 5483 5580
f 5482 5580 5579
f 2282 2379 2380
f 2282 2380 2283
f 5483 5484 5581
f 5483 5581 5580
f 2283 2380 2381
f 2283 2381 2284
f 5484 5485 5582
f 5484 5582 5581
f 2284 2381 2382
f 2284 2382 2285
f 5485 5486 5583
f 5485 5583 5582
f 2285 2382 2383
f 2285 2383 2286
f 5486 5487 5584
f 5486 5584 5583
f 2286 2383 2384
f 2286 2384 2287
f 5487 5488 5585
f 5487 5585 5584
f 2287 2384 2385
f 2287 2385 2288
f 5488 5489 5586
f 5488 5586 5585
f 2288 2385 2386
f 2288 2386 2289
f 5489 5490 5587
f 5489 5587 5586
f 2289 2386 2387
f 2289 2387 2290
f 5490 5491 5588
f 5490 5588 5587
f 2290 2387 2388
f 2290 2388 2291
f 5491 5492 5589
f 5491 5589 5588
f 2291 2388 2389
f 2291 2389 2292
f 5492 5493 5590
f 5492 5590 5589
f 2292 2389 2390
f 2292 2390 2293
f 5493 5494 5591
f 5493 5591 5590
f 2293 2390 2391
f 2293 2391 2294
f 5494 5495 5592
f 5494 5592 5591
f 2294 2391 2392
f 2294 2392 2295
f 5495 5496 5593
f 5495 5593 5592
f 2295 2392 2393
f 2295 2393 2296
f 5496 5497 5594
f 5496 5594 5593
f 2296 2393 2394
f 2296 2394 2297
f 5497 5498 5595
f 5497 5595 5594
f 2297 2394 2395
f 2297 2395 2298
f 5498 5499 5596
f 5498 5596 5595
f 2298 2395 2396
f 2298 2396 2299
f 5499 5500 5597
f 5499 5597 5596
f 2299 2396 2397
f 2299 2397 2300
f 5500 5501 5598
f 5500 5598 5597
f 2300 2397 2398
f 2300 2398 2301
f 5501 5502 5599
f 5501 5599 5598
f 2301 2398 2399
f 2301 2399 2302
f 5502 5503 5600
f 5502 5600 5599
f 2302 2399 2400
f 2302 2400 2303
f 5503 5504 5601
f 5503 5601 5600
f 2303 2400 2401
f 2303 2401 2304
f 5504 5505 5602
f 5504 5602 5601
f 2304 2401 2402
f 2304 2402 2305
f 5505 5506 5603
f 5505 5603 5602
f 2305 2402 2403
f 2305 2403 2306
f 5506 5507 5604
f 5506 5604 5603
f 2306 2403 2404
f 2306 2404 2307
f 5507 5508 5605
f 5507 5605 5604
f 2307 2404 2405
f 2307 2405 2308
f 5508 5509 5606
f 5508 5606 5605
f 2308 2405 2406
f 2308 2406 2309
f 5509 5510 5607
f 5509 5607 5606
f 2309 2406 2407
f 2309 2407 2310
f 5510 5511 5608
f 5510 5608 5607
f 2310 2407 2408
f 2310 2408 2311
f 5511 5512 5609
f 5511 5609 5608
f 2311 2408 2409
f 2311 2409 2312
f 5512 5513 5610
f 5512 5610 5609
f 2312 2409 2410
f 2312 2410 2313
f 5513 5514 5611
f 5513 5611 5610
f 2313 2410 2411
f 2313 2411 2314
f 5514 5515 5612
f 5514 5612 5611
f 2314 2411 2412
f 2314 2412 2315
f 5515 5516 5613
f 5515 5613 5612
f 2315 2412 2413
f 2315 2413 2316
f 5516 5517 5614
f 5516 5614 5613
f 2316 2413 2414
f 2316 2414 2317
f 5517 5518 5615
f 5517 5615 5614
f 2317 2414 2415
f 2317 2415 2318
f 5518 5519 5616
f 5518 5616 5615
f 2318 2415 2416
f 2318 2416 2319
f 5519 5520 5617
f 5519 5617 5616
f 2319 2416 2417
f 2319 2417 2320
f 5520 5521 5618
f 5520 5618 5617
f 2320 2417 2418
f 2320 2418 2321
f 5521 5522 5619
f 5521 5619 5618
f 2321 2418 2419
f 2321 2419 2322
f 5522 5523 5620
f 5522 5620 5619
f 2322 2419 2420
f 2322 2420 2323
f 5523 5524 5621
f 5523 5621 5620
f 2323 2420 2421
f 2323 2421 2324
f 5524 5525 5622
f 5524 5622 5621
f 2324 2421 2422
f 2324 2422 2325
f 5525 5526 5623
f 5525 5623 5622
f 2325 2422 2423
f 2325 2423 2326
f 5526 5527 5624
f 5526 5624 5623
f 2326 2423 2424
f 2326 2424 2327
f 5527 5528 5625
f 5527 5625 5624
f 2327 2424 2425
f 2327 2425 2328
f 5528 5529 5626
f 5528 5626 5625
f 2329 2426 2427
f 2329 2427 2330
f 5530 5531 5628
f 5530 5628 5627
f 2330 2427 2428
f 2330 2428 2331
f 5531 5532 5629
f 5531 5629 5628
f 2331 2428 2429
f 2331 2429 2332
f 5532 5533 5630
f 5532 5630 5629
f 2332 2429 2430
f 2332 2430 2333
f 5533 5534 5631
f 5533 5631 5630
f 2333 2430 2431
f 2333 2431 2334
f 5534 5535 5632
f 5534 5632 5631
f 2334 2431 2432
f 2334 2432 2335
f 5535 5536 5633
f 5535 5633 5632
f 2335 2432 2433
f 2335 2433 2336
f 5536 5537 5634
f 5536 5634 5633
f 2336 2433 2434
f 2336 2434 2337
f 5537 5538 5635
f 5537 5635 5634
f 2337 2434 2435
f 2337 2435 2338
f 5538 5539 5636
f 5538 5636 5635
f 2338 2435 2436
f 2338 2436 2339
f 5539 5540 5637
f 5539 5637 5636
f 2339 2436 2437
f 2339 2437 2340
f 5540 5541 5638
f 5540 5638 5637
f 2340 2437 2438
f 2340 2438 2341
f 5541 5542 5639
f 5541 5639 5638
f 2341 2438 2439
f 2341 2439 2342
f 5542 5543 5640
f 5542 5640 5639
f 2342 2439 2440
f 2342 2440 2343
f 5543 5544 5641
f 5543 5641 5640
f 2343 2440 2441
f 2343 2441 2344
f 5544 5545 5642
f 5544 5642 5641
f 2344 2441 2442
f 2344 2442 2345
f 5545 5546 5643
f 5545 5643 5642
f 2345 2442 2443
f 2345 2443 2346
f 5546 5547 5644
f 5546 5644 5643
f 2346 2443 2444
f 2346 2444 2347
f 5547 5548 5645
f 5547 5645 5644
f 2347 2444 2445
f 2347 2445 2348
f 5548 5549 5646
f 5548 5646 5645
f 2348 2445 2446
f 2348 2446 2349
f 5549 5550 5647
f 5549 5647 5646
f 2349 2446 2447
f 2349 2447 2350
f 5550 5551 5648
f 5550 5648 5647
f 2350 2447 2448
f 2350 2448 2351
f 5551 5552 5649
f 5551 5649 5648
f 2351 2448 2449
f 2351 2449 2352
f 5552 5553 5650
f 5552 5650 5649
f 2352 2449 2450
f 2352 2450 2353
f 5553 5554 5651
f 5553 5651 5650
f 2353 2450 2451
f 2353 2451 2354
f 5554 5555 5652
f 5554 5652 5651
f 2354 2451 2452
f 2354 2452 2355
f 5555 5556 5653
f 5555 5653 5652
f 2355 2452 2453
f 2355 2453 2356
f 5556 5557 5654
f 5556 5654 5653
f 2356 2453 2454
f 2356 2454 2357
f 5557 5558 5655
f 5557 5655 5654
f 2357 2454 2455
f 2357 2455 2358
f 5558 5559 5656
f 5558 5656 5655
f 2358 2455 2456
f 2358 2456 2359
f 5559 5560 5657
f 5559 5657 5656
f 2359 2456 2457
f 2359 2457 2360
f 5560 5561 5658
f 5560 5658 5657
f 2360 2457 2458
f 2360 2458 2361
f 5561 5562 5659
f 5561 5659 5658
f 2361 2458 2459
f 2361 2459 2362
f 5562 5563 5660
f 5562 5660 5659
f 2362 2459 2460
f 2362 2460 2363
f 5563 5564 5661
f 5563 5661 5660
f 2363 2460 2461
f 2363 2461 2364
f 5564 5565 5662
f 5564 5662 5661
f 2364 2461 2462
f 2364 2462 2365
f 5565 5566 5663
f 5565 5663 5662
f 2365 2462 2463
f 2365 2463 2366
f 5566 5567 5664
f 5566 5664 5663
f 2366 2463 2464
f 2366 2464 2367
f 5567 5568 5665
f 5567 5665 5664
f 2367 2464 2465
f 2367 2465 2368
f 5568 5569 5666
f 5568 5666 5665
f 2368 2465 2466
f 2368 2466 2369
f 5569 5570 5667
f 5569 5667 5666
f 2369 2466 2467
f 2369 2467 2370
f 5570 5571 5668
f 5570 5668 5667
f 2370 2467 2468
f 2370 2468 2371
f 5571 5572 5669
f 5571 5669 5668
f 2371 2468 2469
f 2371 2469 2372
f 5572 5573 5670
f 5572 5670 5669
f 2372 2469 2470
f 2372 2470 2373
f 5573 5574 5671
f 5573 5671 5670
f 2373 2470 2471
f 2373 2471 2374
f 5574 5575 5672
f 5574 5672 5671
f 2374 2471 2472
f 2374 2472 2375
f 5575 5576 5673
f 5575 5673 5672
f 2375 2472 2473
f 2375 2473 2376
f 5576 5577 5674
f 5576 5674 5673
f 2376 2473 2474
f 2376 2474 2377
f 5577 5578 5675
f 5577 5675 5674
f 2377 2474 2475
f 2377 2475 2378
f 5578 5579 5676
f 5578 5676 5675
f 2378 2475 2476
f 2378 2476 2379
f 5579 5580 5677
f 5579 5677 5676
f 2379 2476 2477
f 2379 2477 2380
f 5580 5581 5678
f 5580 5678 5677
f 2380 2477 2478
f 2380 2478 2381
f 5581 5582 5679
f 5581 5679 5678
f 2381 2478 2479
f 2381 2479 2382
f 5582 5583 5680
f 5582 5680 5679
f 2382 2479 2480
f 2382 2480 2383
f 5583 5584 5681
f 5583 5681 5680
f 2383 2480 2481
f 2383 2481 2384
f 5584 5585 5682
f 5584 5682 5681
f 2384 2481 2482
f 2384 2482 2385
f 5585 5586 5683
f 5585 5683 5682
f 2385 2482 2483
f 2385 2483 2386
f 5586 5587 5684
f 5586 5684 5683
f 2386 2483 2484
f 2386 2484 2387
f 5587 5588 5685
f 5587 5685 5684
f 2387 2484 2485
f 2387 2485 2388
f 5588 5589 5686
f 5588 5686 5685
f 2388 2485 2486
f 2388 2486 2389
f 5589 5590 5687
f 5589 5687 5686
f 2389 2486 2487
f 2389 2487 2390
f 5590 5591 5688
f 5590 5688 5687
f 2390 2487 2488
f 2390 2488 2391
f 5591 5592 5689
f 5591 5689 5688
f 2391 2488 2489
f 2391 2489 2392
f 5592 5593 5690
f 5592 5690 5689
f 2392 2489 2490
f 2392 2490 2393
f 5593 5594 5691
f 5593 5691 5690
f 2393 2490 2491
f 2393 2491 2394
f 5594 5595 5692
f 5594 5692 5691
f 2394 2491 2492
f 2394 2492 2395
f 5595 5596 5693
f 5595 5693 5692
f 2395 2492 2493
f 2395 2493 2396
f 5596 5597 5694
f 5596 5694 5693
f 2396 2493 2494
f 2396 2494 2397
f 5597 5598 5695
f 5597 5695 5694
f 2397 2494 2495
f 2397 2495 2398
f 5598 5599 5696
f 5598 5696 5695
f 2398 2495 2496
f 2398 2496 2399
f 5599 5600 5697
f 5599 5697 5696
f 2399 2496 2497
f 2399 2497 2400
f 5600 5601 5698
f 5600 5698 5697
f 2400 2497 2498
f 2400 2498 2401
f 5601 5602 5699
f 5601 5699 5698
f 2401 2498 2499
f 2401 2499 2402
f 5602 5603 5700
f 5602 5700 5699
f 2402 2499 2500
f 2402 2500 2403
f 5603 5604 5701
f 5603 5701 5700
f 2403 2500 2501
f 2403 2501 2404
f 5604 5605 5702
f 5604 5702 5701
f 2404 2501 2502
f 2404 2502 2405
f 5605 5606 5703
f 5605 5703 5702
f 2405 2502 2503
f 2405 2503 2406
f 5606 5607 5704
f 5606 5704 5703
f 2406 2503 2504
f 2406 2504 2407
f 5607 5608 5705
f 5607 5705 5704
f 2407 2504 2505
f 2407 2505 2408
f 5608 5609 5706
f 5608 5706 5705
f 2408 2505 2506
f 2408 2506 2409
f 5609 5610 5707
f 5609 5707 5706
f 2409 2506 2507
f 2409 2507 2410
f 5610 5611 5708
f 5610 5708 5707
f 2410 2507 2508
f 2410 2508 2411
f 5611 5612 5709
f 5611 5709 5708
f 2411 2508 2509
f 2411 2509 2412
f 5612 5613 5710
f 5612 5710 5709
f 2412 2509 2510
f 2412 2510 2413
f 5613 5614 5711
f 5613 5711 5710
f 2413 2510 2511
f 2413 2511 2414
f 5614 5615 5712
f 5614 5712 5711
f 2414 2511 2512
f 2414 2512 2415
f 5615 5616 5713
f 5615 5713 5712
f 2415 2512 2513
f 2415 2513 2416
f 5616 5617 5714
f 5616 5714 5713
f 2416 2513 2514
f 2416 2514 2417
f 5617 5618 5715
f 5617 5715 5714
f 2417 2514 2515
f 2417 2515 2418
f 5618 5619 5716
f 5618 5716 5715
f 2418 2515 2516
f 2418 2516 2419
f 5619 5620 5717
f 5619 5717 5716
f 2419 2516 2517
f 2419 2517 2420
f 5620 5621 5718
f 5620 5718 5717
f 2420 2517 2518
f 2420 2518 2421
f 5621 5622 5719
f 5621 5719 5718
f 2421 2518 2519
f 2421 2519 2422
f 5622 5623 5720
f 5622 5720 5719
f 2422 2519 2520
f 2422 2520 2423
f 5623 5624 5721
f 5623 5721 5720
f 2423 2520 2521
f 2423 2521 2424
f 5624 5625 5722
f 5624 5722 5721
f 2424 2521 2522
f 2424 2522 2425
f 5625 5626 5723
f 5625 5723 5722
f 2426 2523 2524
f 2426 2524 2427
f 5627 5628 5725
f 5627 5725 5724
f 2427 2524 2525
f 2427 2525 2428
f 5628 5629 5726
f 5628 5726 5725
f 2428 2525 2526
f 2428 2526 2429
f 5629 5630 5727
f 5629 5727 5726
f 2429 2526 2527
f 2429 2527 2430
f 5630 5631 5728
f 5630 5728 5727
f 2430 2527 2528
f 2430 2528 2431
f 5631 5632 5729
f 5631 5729 5728
f 2431 2528 2529
f 2431 2529 2432
f 5632 5633 5730
f 5632 5730 5729
f 2432 2529 2530
f 2432 2530 2433
f 5633 5634 5731
f 5633 5731 5730
f 2433 2530 2531
f 2433 2531 2434
f 5634 5635 5732
f 5634 5732 5731
f 2434 2531 2532
f 2434 2532 2435
f 5635 5636 5733
f 5635 5733 5732
f 2435 2532 2533
f 2435 2533 2436
f 5636 5637 5734
f 5636 5734 5733
f 2436 2533 2534
f 2436 2534 2437
f 5637 5638 5735
f 5637 5735 5734
f 2437 2534 2535
f 2437 2535 2438
f 5638 5639 5736
f 5638 5736 5735
f 2438 2535 2536
f 2438 2536 2439
f 5639 5640 5737
f 5639 5737 5736
f 2439 2536 2537
f 2439 2537 2440
f 5640 5641 5738
f 5640 5738 5737
f 2440 2537 2538
f 2440 2538 2441
f 5641 5642 5739
f 5641 5739 5738
f 2441 2538 2539
f 2441 2539 2442
f 5642 5643 5740
f 5642 5740 5739
f 2442 2539 2540
f 2442 2540 2443
f 5643 5644 5741
f 5643 5741 5740
f 2443 2540 2541
f 2443 2541 2444
f 5644 5645 5742
f 5644 5742 5741
f 2444 2541 2542
f 2444 2542 2445
f 5645 5646 5743
f 5645 5743 5742
f 2445 2542 2543
f 2445 2543 2446
f 5646 5647 5744
f 5646 5744 5743
f 2446 2543 2544
f 2446 2544 2447
f 5647 5648 5745
f 5647 5745 5744
f 2447 2544 2545
f 2447 2545 2448
f 5648 5649 5746
f 5648 5746 5745
f 2448 2545 2546
f 2448 2546 2449
f 5649 5650 5747
f 5649 5747 5746
f 2449 2546 2547
f 2449 2547 2450
f 5650 5651 5748
f 5650 5748 5747
f 2450 2547 2548
f 2450 2548 2451
f 5651 5652 5749
f 5651 5749 5748
f 2451 2548 2549
f 2451 2549 2452
f 5652 5653 5750
f 5652 5750 5749
f 2452 2549 2550
f 2452 2550 2453
f 5653 5654 5751
f 5653 5751 5750
f 2453 2550 2551
f 2453 2551 2454
f 5654 5655 5752
f 5654 5752 5751
f 2454 2551 2552
f 2454 2552 2455
f 5655 5656 5753
f 5655 5753 5752
f 2455 2552 2553
f 2455 2553 2456
f 5656 5657 5754
f 5656 5754 5753
f 2456 2553 2554
f 2456 2554 2457
f 5657 5658 5755
f 5657 5755 5754
f 2457 2554 2555
f 2457 2555 2458
f 5658 5659 5756
f 5658 5756 5755
f 2458 2555 2556
f 2458 2556 2459
f 5659 5660 5757
f 5659 5757 5756
f 2459 2556 2557
f 2459 2557 2460
f 5660 5661 5758
f 5660 5758 5757
f 2460 2557 2558
f 2460 2558 2461
f 5661 5662 5759
f 5661 5759 5758
f 2461 2558 2559
f 2461 2559 2462
f 5662 5663 5760
f 5662 5760 5759
f 2462 2559 2560
f 2462 2560 2463
f 5663 5664 5761
f 5663 5761 5760
f 2463 2560 2561
f 2463 2561 2464
f 5664 5665 5762
f 5664 5762 5761
f 2464 2561 2562
f 2464 2562 2465
f 5665 5666 5763
f 5665 5763 5762
f 2465 2562 2563
f 2465 2563 2466
f 5666 5667 5764
f 5666 5764 5763
f 2466 2563 2564
f 2466 2564 2467
f 5667 5668 5765
f 5667 5765 5764
f 2467 2564 2565
f 2467 2565 2468
f 5668 5669 5766
f 5668 5766 5765
f 2468 2565 2566
f 2468 2566 2469
f 5669 5670 5767
f 5669 5767 5766
f 2469 2566 2567
f 2469 2567 2470
f 5670 5671 5768
f 5670 5768 5767
f 2470 2567 2568
f 2470 2568 2471
f 5671 5672 5769
f 5671 5769 5768
f 2471 2568 2569
f 2471 2569 2472
f 5672 5673 5770
f 5672 5770 5769
f 2472 2569 2570
f 2472 2570 2473
f 5673 5674 5771
f 5673 5771 5770
f 2473 2570 2571
f 2473 2571 2474
f 5674 5675 5772
f 5674 5772 5771
f 2474 2571 2572
f 2474 2572 2475
f 5675 5676 5773
f 5675 5773 5772
f 2475 2572 2573
f 2475 2573 2476
f 5676 5677 5774
f 5676 5774 5773
f 2476 2573 2574
f 2476 2574 2477
f 5677 5678 5775
f 5677 5775 5774
f 2477 2574 2575
f 2477 2575 2478
f 5678 5679 5776
f 5678 5776 5775
f 2478 2575 2576
f 2478 2576 2479
f 5679 5680 5777
f 5679 5777 5776
f 2479 2576 2577
f 2479 2577 2480
f 5680 5681 5778
f 5680 5778 5777
f 2480 2577 2578
f 2480 2578 2481
f 5681 5682 5779
f 5681 5779 5778
f 2481 2578 2579
f 2481 2579 2482
f 5682 5683 5780
f 5682 5780 5779
f 2482 2579 2580
f 2482 2580 2483
f 5683 5684 5781
f 5683 5781 5780
f 2483 2580 2581
f 2483 2581 2484
f 5684 5685 5782
f 5684 5782 5781
f 2484 2581 2582
f 2484 2582 2485
f 5685 5686 5783
f 5685 5783 5782
f 2485 2582 2583
f 2485 2583 2486
f 5686 5687 5784
f 5686 5784 5783
f 2486 2583 2584
f 2486 2584 2487
f 5687 5688 5785
f 5687 5785 5784
f 2487 2584 2585
f 2487 2585 2488
f 5688 5689 5786
f 5688 5786 5785
f 2488 2585 2586
f 2488 2586 2489
f 5689 5690 5787
f 5689 5787 5786
f 2489 2586 2587
f 2489 2587 2490
f 5690 5691 5788
f 5690 5788 5787
f 2490 2587 2588
f 2490 2588 2491
f 5691 5692 5789
f 5691 5789 5788
f 2491 2588 2589
f 2491 2589 2492
f 5692 5693 5790
f 5692 5790 5789
f 2492 2589 2590
f 2492 2590 2493
f 5693 5694 5791
f 5693 5791 5790
f 2493 2590 2591
f 2493 2591 2494
f 5694 5695 5792
f 5694 5792 5791
f 2494 2591 2592
f 2494 2592 2495
f 5695 5696 5793
f 5695 5793 5792
f 2495 2592 2593
f 2495 2593 2496
f 5696 5697 5794
f 5696 5794 5793
f 2496 2593 2594
f 2496 2594 2497
f 5697 5698 5795
f 5697 5795 5794
f 2497 2594 2595
f 2497 2595 2498
f 5698 5699 5796
f 5698 5796 5795
f 2498 2595 2596
f 2498 2596 2499
f 5699 5700 5797
f 5699 5797 5796
f 2499 2596 2597
f 2499 2597 2500
f 5700 5701 5798
f 5700 5798 5797
f 2500 2597 2598
f 2500 2598 2501
f 5701 5702 5799
f 5701 5799 5798
f 2501 2598 2599
f 2501 2599 2502
f 5702 5703 5800
f 5702 5800 5799
f 2502 2599 2600
f 2502 2600 2503
f 5703 5704 5801
f 5703 5801 5800
f 2503 2600 2601
f 2503 2601 2504
f 5704 5705 5802
f 5704 5802 5801
f 2504 2601 2602
f 2504 2602 2505
f 5705 5706 5803
f 5705 5803 5802
f 2505 2602 2603
f 2505 2603 2506
f 5706 5707 5804
f 5706 5804 5803
f 2506 2603 2604
f 2506 2604 2507
f 5707 5708 5805
f 5707 5805 5804
f 2507 2604 2605
f 2507 2605 2508
f 5708 5709 5806
f 5708 5806 5805
f 2508 2605 2606
f 2508 2606 2509
f 5709 5710 5807
f 5709 5807 5806
f 2509 2606 2607
f 2509 2607 2510
f 5710 5711 5808
f 5710 5808 5807
f 2510 2607 2608
f 2510 2608 2511
f 5711 5712 5809
f 5711 5809 5808
f 2511 2608 2609
f 2511 2609 2512
f 5712 5713 5810
f 5712 5810 5809
f 2512 2609 2610
f 2512 2610 2513
f 5713 5714 5811
f 5713 5811 5810
f 2513 2610 2611
f 2513 2611 2514
f 5714 5715 5812
f 5714 5812 5811
f 2514 2611 2612
f 2514 2612 2515
f 5715 5716 5813
f 5715 5813 5812
f 2515 2612 2613
f 2515 2613 2516
f 5716 5717 5814
f 5716 5814 5813
f 2516 2613 2614
f 2516 2614 2517
f 5717 5718 5815
f 5717 5815 5814
f 2517 2614 2615
f 2517 2615 2518
f 5718 5719 5816
f 5718 5816 5815
f 2518 2615 2616
f 2518 2616 2519
f 5719 5720 5817
f 5719 5817 5816
f 2519 2616 2617
f 2519 2617 2520
f 5720 5721 5818
f 5720 5818 5817
f 2520 2617 2618
f 2520 2618 2521
f 5721 5722 5819
f 5721 5819 5818
f 2521 2618 2619
f 2521 2619 2522
f 5722 5723 5820
f 5722 5820 5819
f 2523 2620 2621
f 2523 2621 2524
f 5724 5725 5822
f 5724 5822 5821
f 2524 2621 2622
f 2524 2622 2525
f 5725 5726 5823
f 5725 5823 5822
f 2525 2622 2623
f 2525 2623 2526
f 5726 5727 5824
f 5726 5824 5823
f 2526 2623 2624
f 2526 2624 2527
f 5727 5728 5825
f 5727 5825 5824
f 2527 2624 2625
f 2527 2625 2528
f 5728 5729 5826
f 5728 5826 5825
f 2528 2625 2626
f 2528 2626 2529
f 5729 5730 5827
f 5729 5827 5826
f 2529 2626 2627
f 2529 2627 2530
f 5730 5731 5828
f 5730 5828 5827
f 2530 2627 2628
f 2530 2628 2531
f 5731 5732 5829
f 5731 5829 5828
f 2531 2628 2629
f 2531 2629 2532
f 5732 5733 5830
f 5732 5830 5829
f 2532 2629 2630
f 2532 2630 2533
f 5733 5734 5831
f 5733 5831 5830
f 2533 2630 2631
f 2533 2631 2534
f 5734 5735 5832
f 5734 5832 5831
f 2534 2631 2632
f 2534 2632 2535
f 5735 5736 5833
f 5735 5833 5832
f 2535 2632 2633
f 2535 2633 2536
f 5736 5737 5834
f 5736 5834 5833
f 2536 2633 2634
f 2536 2634 2537
f 5737 5738 5835
f 5737 5835 5834
f 2537 2634 2635
f 2537 2635 2538
f 5738 5739 5836
f 5738 5836 5835
f 2538 2635 2636
f 2538 2636 2539
f 5739 5740 5837
f 5739 5837 5836
f 2539 2636 2637
f 2539 2637 2540
f 5740 5741 5838
f 5740 5838 5837
f 2540 2637 2638
f 2540 2638 2541
f 5741 5742 5839
f 5741 5839 5838
f 2541 2638 2639
f 2541 2639 2542
f 5742 5743 5840
f 5742 5840 5839
f 2542 2639 2640
f 2542 2640 2543
f 5743 5744 5841
f 5743 5841 5840
f 2543 2640 2641
f 2543 2641 2544
f 5744 5745 5842
f 5744 5842 5841
f 2544 2641 2642
f 2544 2642 2545
f 5745 5746 5843
f 5745 5843 5842
f 2545 2642 2643
f 2545 2643 2546
f 5746 5747 5844
f 5746 5844 5843
f 2546 2643 2644
f 2546 2644 2547
f 5747 5748 5845
f 5747 5845 5844
f 2547 2644 2645
f 2547 2645 2548
f 5748 5749 5846
f 5748 5846 5845
f 2548 2645 2646
f 2548 2646 2549
f 5749 5750 5847
f 5749 5847 5846
f 2549 2646 2647
f 2549 2647 2550
f 5750 5751 5848
f 5750 5848 5847
f 2550 2647 2648
f 2550 2648 2551
f 5751 5752 5849
f 5751 5849 5848
f 2551 2648 2649
f 2551 2649 2552
f 5752 5753 5850
f 5752 5850 5849
f 2552 2649 2650
f 2552 2650 2553
f 5753 5754 5851
f 5753 5851 5850
f 2553 2650 2651
f 2553 2651 2554
f 5754 5755 5852
f 5754 5852 5851
f 2554 2651 2652
f 2554 2652 2555
f 5755 5756 5853
f 5755 5853 5852
f 2555 2652 2653
f 2555 2653 2556
f 5756 5757 5854
f 5756 5854 5853
f 2556 2653 2654
f 2556 2654 2557
f 5757 5758 5855
f 5757 5855 5854
f 2557 2654 2655
f 2557 2655 2558
f 5758 5759 5856
f 5758 5856 5855
f 2558 2655 2656
f 2558 2656 2559
f 5759 5760 5857
f 5759 5857 5856
f 2559 2656 2657
f 2559 2657 2560
f 5760 5761 5858
f 5760 5858 5857
f 2560 2657 2658
f 2560 2658 2561
f 5761 5762 5859
f 5761 5859 5858
f 2561 2658 2659
f 2561 2659 2562
f 5762 5763 5860
f 5762 5860 5859
f 2562 2659 2660
f 2562 2660 2563
f 5763 5764 5861
f 5763 5861 5860
f 2563 2660 2661
f 2563 2661 2564
f 5764 5765 5862
f 5764 5862 5861
f 2564 2661 2662
f 2564 2662 2565
f 5765 5766 5863
f 5765 5863 5862
f 2565 2662 2663
f 2565 2663 2566
f 5766 5767 5864
f 5766 5864 5863
f 2566 2663 2664
f 2566 2664 2567
f 5767 5768 5865
f 5767 5865 5864
f 2567 2664 2665
f 2567 2665 2568
f 5768 5769 5866
f 5768 5866 5865
f 2568 2665 2666
f 2568 2666 2569
f 5769 5770 5867
f 5769 5867 5866
f 2569 2666 2667
f 2569 2667 2570
f 5770 5771 5868
f 5770 5868 5867
f 2570 2667 2668
f 2570 2668 2571
f 5771 5772 5869
f 5771 5869 5868
f 2571 2668 2669
f 2571 2669 2572
f 5772 5773 5870
f 5772 5870 5869
f 2572 2669 2670
f 2572 2670 2573
f 5773 5774 5871
f 5773 5871 5870
f 2573 2670 2671
f 2573 2671 2574
f 5774 5775 5872
f 5774 5872 5871
f 2574 2671 2672
f 2574 2672 2575
f 5775 5776 5873
f 5775 5873 5872
f 2575 2672 2673
f 2575 2673 2576
f 5776 5777 5874
f 5776 5874 5873
f 2576 2673 2674
f 2576 2674 2577
f 5777 5778 5875
f 5777 5875 5874
f 2577 2674 2675
f 2577 2675 2578
f 5778 5779 5876
f 5778 5876 5875
f 2578 2675 2676
f 2578 2676 2579
f 5779 5780 5877
f 5779 5877 5876
f 2579 2676 2677
f 2579 2677 2580
f 5780 5781 5878
f 5780 5878 5877
f 2580 2677 2678
f 2580 2678 2581
f 5781 5782 5879
f 5781 5879 5878
f 2581 2678 2679
f 2581 2679 2582
f 5782 5783 5880
f 5782 5880 5879
f 2582 2679 2680
f 2582 2680 2583
f 5783 5784 5881
f 5783 5881 5880
f 2583 2680 2681
f 2583 2681 2584
f 5784 5785 5882
f 5784 5882 5881
f 2584 2681 2682
f 2584 2682 2585
f 5785 5786 5883
f 5785 5883 5882
f 2585 2682 2683
f 2585 2683 2586
f 5786 5787 5884
f 5786 5884 5883
f 2586 2683 2684
f 2586 2684 2587
f 5787 5788 5885
f 5787 5885 5884
f 2587 2684 2685
f 2587 2685 2588
f 5788 5789 5886
f 5788 5886 5885
f 2588 2685 2686
f 2588 2686 2589
f 5789 5790 5887
f 5789 5887 5886
f 2589 2686 2687
f 2589 2687 2590
f 5790 5791 5888
f 5790 5888 5887
f 2590 2687 2688
f 2590 2688 2591
f 5791 5792 5889
f 5791 5889 5888
f 2591 2688 2689
f 2591 2689 2592
f 5792 5793 5890
f 5792 5890 5889
f 2592 2689 2690
f 2592 2690 2593
f 5793 5794 5891
f 5793 5891 5890
f 2593 2690 2691
f 2593 2691 2594
f 5794 5795 5892
f 5794 5892 5891
f 2594 2691 2692
f 2594 2692 2595
f 5795 5796 5893
f 5795 5893 5892
f 2595 2692 2693
f 2595 2693 2596
f 5796 5797 5894
f 5796 5894 5893
f 2596 2693 2694
f 2596 2694 2597
f 5797 5798 5895
f 5797 5895 5894
f 2597 2694 2695
f 2597 2695 2598
f 5798 5799 5896
f 5798 5896 5895
f 2598 2695 2696
f 2598 2696 2599
f 5799 5800 5897
f 5799 5897 5896
f 2599 2696 2697
f 2599 2697 2600
f 5800 5801 5898
f 5800 5898 5897
f 2600 2697 2698
f 2600 2698 2601
f 5801 5802 5899
f 5801 5899 5898
f 2601 2698 2699
f 2601 2699 2602
f 5802 5803 5900
f 5802 5900 5899
f 2602 2699 2700
f 2602 2700 2603
f 5803 5804 5901
f 5803 5901 5900
f 2603 2700 2701
f 2603 2701 2604
f 5804 5805 5902
f 5804 5902 5901
f 2604 2701 2702
f 2604 2702 2605
f 5805 5806 5903
f 5805 5903 5902
f 2605 2702 2703
f 2605 2703 2606
f 5806 5807 5904
f 5806 5904 5903
f 2606 2703 2704
f 2606 2704 2607
f 5807 5808 5905
f 5807 5905 5904
f 2607 2704 2705
f 2607 2705 2608
f 5808 5809 5906
f 5808 5906 5905
f 2608 2705 2706
f 2608 2706 2609
f 5809 5810 5907
f 5809 5907 5906
f 2609 2706 2707
f 2609 2707 2610
f 5810 5811 5908
f 5810 5908 5907
f 2610 2707 2708
f 2610 2708 2611
f 5811 5812 5909
f 5811 5909 5908
f 2611 2708 2709
f 2611 2709 2612
f 5812 5813 5910
f 5812 5910 5909
f 2612 2709 2710
f 2612 2710 2613
f 5813 5814 5911
f 5813 5911 5910
f 2613 2710 2711
f 2613 2711 2614
f 5814 5815 5912
f 5814 5912 5911
f 2614 2711 2712
f 2614 2712 2615
f 5815 5816 5913
f 5815 5913 5912
f 2615 2712 2713
f 2615 2713 2616
f 5816 5817 5914
f 5816 5914 5913
f 2616 2713 2714
f 2616 2714 2617
f 5817 5818 5915
f 5817 5915 5914
f 2617 2714 2715
f 2617 2715 2618
f 5818 5819 5916
f 5818 5916 5915
f 2618 2715 2716
f 2618 2716 2619
f 5819 5820 5917
f 5819 5917 5916
f 2620 2717 2718
f 2620 2718 2621
f 5821 5822 5919
f 5821 5919 5918
f 2621 2718 2719
f 2621 2719 2622
f 5822 5823 5920
f 5822 5920 5919
f 2622 2719 2720
f 2622 2720 2623
f 5823 5824 5921
f 5823 5921 5920
f 2623 2720 2721
f 2623 2721 2624
f 5824 5825 5922
f 5824 5922 5921
f 2624 2721 2722
f 2624 2722 2625
f 5825 5826 5923
f 5825 5923 5922
f 2625 2722 2723
f 2625 2723 2626
f 5826 5827 5924
f 5826 5924 5923
f 2626 2723 2724
f 2626 2724 2627
f 5827 5828 5925
f 5827 5925 5924
f 2627 2724 2725
f 2627 2725 2628
f 5828 5829 5926
f 5828 5926 5925
f 2628 2725 2726
f 2628 2726 2629
f 5829 5830 5927
f 5829 5927 5926
f 2629 2726 2727
f 2629 2727 2630
f 5830 5831 5928
f 5830 5928 5927
f 2630 2727 2728
f 2630 2728 2631
f 5831 5832 5929
f 5831 5929 5928
f 2631 2728 2729
f 2631 2729 2632
f 5832 5833 5930
f 5832 5930 5929
f 2632 2729 2730
f 2632 2730 2633
f 5833 5834 5931
f 5833 5931 5930
f 2633 2730 2731
f 2633 2731 2634
f 5834 5835 5932
f 5834 5932 5931
f 2634 2731 2732
f 2634 2732 2635
f 5835 5836 5933
f 5835 5933 5932
f 2635 2732 2733
f 2635 2733 2636
f 5836 5837 5934
f 5836 5934 5933
f 2636 2733 2734
f 2636 2734 2637
f 5837 5838 5935
f 5837 5935 5934
f 2637 2734 2735
f 2637 2735 2638
f 5838 5839 5936
f 5838 5936 5935
f 2638 2735 2736
f 2638 2736 2639
f 5839 5840 5937
f 5839 5937 5936
f 2639 2736 2737
f 2639 2737 2640
f 5840 5841 5938
f 5840 5938 5937
f 2640 2737 2738
f 2640 2738 2641
f 5841 5842 5939
f 5841 5939 5938
f 2641 2738 2739
f 2641 2739 2642
f 5842 5843 5940
f 5842 5940 5939
f 2642 2739 2740
f 2642 2740 2643
f 5843 5844 5941
f 5843 5941 5940
f 2643 2740 2741
f 2643 2741 2644
f 5844 5845 5942
f 5844 5942 5941
f 2644 2741 2742
f 2644 2742 2645
f 5845 5846 5943
f 5845 5943 5942
f 2645 2742 2743
f 2645 2743 2646
f 5846 5847 5944
f 5846 5944 5943
f 2646 2743 2744
f 2646 2744 2647
f 5847 5848 5945
f 5847 5945 5944
f 2647 2744 2745
f 2647 2745 2648
f 5848 5849 5946
f 5848 5946 5945
f 2648 2745 2746
f 2648 2746 2649
f 5849 5850 5947
f 5849 5947 5946
f 2649 2746 2747
f 2649 2747 2650
f 5850 5851 5948
f 5850 5948 5947
f 2650 2747 2748
f 2650 2748 2651
f 5851 5852 5949
f 5851 5949 5948
f 2651 2748 2749
f 2651 2749 2652
f 5852 5853 5950
f 5852 5950 5949
f 2652 2749 2750
f 2652 2750 2653
f 5853 5854 5951
f 5853 5951 5950
f 2653 2750 2751
f 2653 2751 2654
f 5854 5855 5952
f 5854 5952 5951
f 2654 2751 2752
f 2654 2752 2655
f 5855 5856 5953
f 5855 5953 5952
f 2655 2752 2753
f 2655 2753 2656
f 5856 5857 5954
f 5856 5954 5953
f 2656 2753 2754
f 2656 2754 2657
f 5857 5858 5955
f 5857 5955 5954
f 2657 2754 2755
f 2657 2755 2658
f 5858 5859 5956
f 5858 5956 5955
f 2658 2755 2756
f 2658 2756 2659
f 5859 5860 5957
f 5859 5957 5956
f 2659 2756 2757
f 2659 2757 2660
f 5860 5861 5958
f 5860 5958 5957
f 2660 2757 2758
f 2660 2758 2661
f 5861 5862 5959
f 5861 5959 5958
f 2661 2758 2759
f 2661 2759 2662
f 5862 5863 5960
f 5862 5960 5959
f 2662 2759 2760
f 2662 2760 2663
f 5863 5864 5961
f 5863 5961 5960
f 2663 2760 2761
f 2663 2761 2664
f 5864 5865 5962
f 5864 5962 5961
f 2664 2761 2762
f 2664 2762 2665
f 5865 5866 5963
f 5865 5963 5962
f 2665 2762 2763
f 2665 2763 2666
f 5866 5867 5964
f 5866 5964 5963
f 2666 2763 2764
f 2666 2764 2667
f 5867 5868 5965
f 5867 5965 5964
f 2667 2764 2765
f 2667 2765 2668
f 5868 5869 5966
f 5868 5966 5965
f 2668 2765 2766
f 2668 2766 2669
f 5869 5870 5967
f 5869 5967 5966
f 2669 2766 2767
f 2669 2767 2670
f 5870 5871 5968
f 5870 5968 5967
f 2670 2767 2768
f 2670 2768 2671
f 5871 5872 5969
f 5871 5969 5968
f 2671 2768 2769
f 2671 2769 2672
f 5872 5873 5970
f 5872 5970 5969
f 2672 2769 2770
f 2672 2770 2673
f 5873 5874 5971
f 5873 5971 5970
f 2673 2770 2771
f 2673 2771 2674
f 5874 5875 5972
f 5874 5972 5971
f 2674 2771 2772
f 2674 2772 2675
f 5875 5876 5973
f 5875 5973 5972
f 2675 2772 2773
f 2675 2773 2676
f 5876 5877 5974
f 5876 5974 5973
f 2676 2773 2774
f 2676 2774 2677
f 5877 5878 5975
f 5877 5975 5974
f 2677 2774 2775
f 2677 2775 2678
f 5878 5879 5976
f 5878 5976 5975
f 2678 2775 2776
f 2678 2776 2679
f 5879 5880 5977
f 5879 5977 5976
f 2679 2776 2777
f 2679 2777 2680
f 5880 5881 5978
f 5880 5978 5977
f 2680 2777 2778
f 2680 2778 2681
f 5881 5882 5979
f 5881 5979 5978
f 2681 2778 2779
f 2681 2779 2682
f 5882 5883 5980
f 5882 5980 5979
f 2682 2779 2780
f 2682 2780 2683
f 5883 5884 5981
f 5883 5981 5980
f 2683 2780 2781
f 2683 2781 2684
f 5884 5885 5982
f 5884 5982 5981
f 2684 2781 2782
f 2684 2782 2685
f 5885 5886 5983
f 5885 5983 5982
f 2685 2782 2783
f 2685 2783 2686
f 5886 5887 5984
f 5886 5984 5983
f 2686 2783 2784
f 2686 2784 2687
f 5887 5888 5985
f 5887 5985 5984
f 2687 2784 2785
f 2687 2785 2688
f 5888 5889 5986
f 5888 5986 5985
f 2688 2785 2786
f 2688 2786 2689
f 5889 5890 5987
f 5889 5987 5986
f 2689 2786 2787
f 2689 2787 2690
f 5890 5891 5988
f 5890 5988 5987
f 2690 2787 2788
f 2690 2788 2691
f 5891 5892 5989
f 5891 5989 5988
f 2691 2788 2789
f 2691 2789 2692
f 5892 5893 5990
f 5892 5990 5989
f 2692 2789 2790
f 2692 2790 2693
f 5893 5894 5991
f 5893 5991 5990
f 2693 2790 2791
f 2693 2791 2694
f 5894 5895 5992
f 5894 5992 5991
f 2694 2791 2792
f 2694 2792 2695
f 5895 5896 5993
f 5895 5993 5992
f 2695 2792 2793
f 2695 2793 2696
f 5896 5897 5994
f 5896 5994 5993
f 2696 2793 2794
f 2696 2794 2697
f 5897 5898 5995
f 5897 5995 5994
f 2697 2794 2795
f 2697 2795 2698
f 5898 5899 5996
f 5898 5996 5995
f 2698 2795 2796
f 2698 2796 2699
f 5899 5900 5997
f 5899 5997 5996
f 2699 2796 2797
f 2699 2797 2700
f 5900 5901 5998
f 5900 5998 5997
f 2700 2797 2798
f 2700 2798 2701
f 5901 5902 5999
f 5901 5999 5998
f 2701 2798 2799
f 2701 2799 2702
f 5902 5903 6000
f 5902 6000 5999
f 2702 2799 2800
f 2702 2800 2703
f 5903 5904 6001
f 5903 6001 6000
f 2703 2800 2801
f 2703 2801 2704
f 5904 5905 6002
f 5904 6002 6001
f 2704 2801 2802
f 2704 2802 2705
f 5905 5906 6003
f 5905 6003 6002
f 2705 2802 2803
f 2705 2803 2706
f 5906 5907 6004
f 5906 6004 6003
f 2706 2803 2804
f 2706 2804 2707
f 5907 5908 6005
f 5907 6005 6004
f 2707 2804 2805
f 2707 2805 2708
f 5908 5909 6006
f 5908 6006 6005
f 2708 2805 2806
f 2708 2806 2709
f 5909 5910 6007
f 5909 6007 6006
f 2709 2806 2807
f 2709 2807 2710
f 5910 5911 6008
f 5910 6008 6007
f 2710 2807 2808
f 2710 2808 2711
f 5911 5912 6009
f 5911 6009 6008
f 2711 2808 2809
f 2711 2809 2712
f 5912 5913 6010
f 5912 6010 6009
f 2712 2809 2810
f 2712 2810 2713
f 5913 5914 6011
f 5913 6011 6010
f 2713 2810 2811
f 2713 2811 2714
f 5914 5915 6012
f 5914 6012 6011
f 2714 2811 2812
f 2714 2812 2715
f 5915 5916 6013
f 5915 6013 6012
f 2715 2812 2813
f 2715 2813 2716
f 5916 5917 6014
f 5916 6014 6013
f 2717 2814 2815
f 2717 2815 2718
f 5918 5919 6016
f 5918 6016 6015
f 2718 2815 2816
f 2718 2816 2719
f 5919 5920 6017
f 5919 6017 6016
f 2719 2816 2817
f 2719 2817 2720
f 5920 5921 6018
f 5920 6018 6017
f 2720 2817 2818
f 2720 2818 2721
f 5921 5922 6019
f 5921 6019 6018
f 2721 2818 2819
f 2721 2819 2722
f 5922 5923 6020
f 5922 6020 6019
f 2722 2819 2820
f 2722 2820 2723
f 5923 5924 6021
f 5923 6021 6020
f 2723 2820 2821
f 2723 2821 2724
f 5924 5925 6022
f 5924 6022 6021
f 2724 2821 2822
f 2724 2822 2725
f 5925 5926 6023
f 5925 6023 6022
f 2725 2822 2823
f 2725 2823 2726
f 5926 5927 6024
f 5926 6024 6023
f 2726 2823 2824
f 2726 2824 2727
f 5927 5928 6025
f 5927 6025 6024
f 2727 2824 2825
f 2727 2825 2728
f 5928 5929 6026
f 5928 6026 6025
f 2728 2825 2826
f 2728 2826 2729
f 5929 5930 6027
f 5929 6027 6026
f 2729 2826 2827
f 2729 2827 2730
f 5930 5931 6028
f 5930 6028 6027
f 2730 2827 2828
f 2730 2828 2731
f 5931 5932 6029
f 5931 6029 6028
f 2731 2828 2829
f 2731 2829 2732
f 5932 5933 6030
f 5932 6030 6029
f 2732 2829 2830
f 2732 2830 2733
f 5933 5934 6031
f 5933 6031 6030
f 2733 2830 2831
f 2733 2831 2734
f 5934 5935 6032
f 5934 6032 6031
f 2734 2831 2832
f 2734 2832 2735
f 5935 5936 6033
f 5935 6033 6032
f 2735 2832 2833
f 2735 2833 2736
f 5936 5937 6034
f 5936 6034 6033
f 2736 2833 2834
f 2736 2834 2737
f 5937 5938 6035
f 5937 6035 6034
f 2737 2834 2835
f 2737 2835 2738
f 5938 5939 6036
f 5938 6036 6035
f 2738 2835 2836
f 2738 2836 2739
f 5939 5940 6037
f 5939 6037 6036
f 2739 2836 2837
f 2739 2837 2740
f 5940 5941 6038
f 5940 6038 6037
f 2740 2837 2838
f 2740 2838 2741
f 5941 5942 6039
f 5941 6039 6038
f 2741 2838 2839
f 2741 2839 2742
f 5942 5943 6040
f 5942 6040 6039
f 2742 2839 2840
f 2742 2840 2743
f 5943 5944 6041
f 5943 6041 6040
f 2743 2840 2841
f 2743 2841 2744
f 5944 5945 6042
f 5944 6042 6041
f 2744 2841 2842
f 2744 2842 2745
f 5945 5946 6043
f 5945 6043 6042
f 2745 2842 2843
f 2745 2843 2746
f 5946 5947 6044
f 5946 6044 6043
f 2746 2843 2844
f 2746 2844 2747
f 5947 5948 6045
f 5947 6045 6044
f 2747 2844 2845
f 2747 2845 2748
f 5948 5949 6046
f 5948 6046 6045
f 2748 2845 2846
f 2748 2846 2749
f 5949 5950 6047
f 5949 6047 6046
f 2749 2846 2847
f 2749 2847 2750
f 5950 5951 6048
f 5950 6048 6047
f 2750 2847 2848
f 2750 2848 2751
f 5951 5952 6049
f 5951 6049 6048
f 2751 2848 2849
f 2751 2849 2752
f 5952 5953 6050
f 5952 6050 6049
f 2752 2849 2850
f 2752 2850 2753
f 5953 5954 6051
f 5953 6051 6050
f 2753 2850 2851
f 2753 2851 2754
f 5954 5955 6052
f 5954 6052 6051
f 2754 2851 2852
f 2754 2852 2755
f 5955 5956 6053
f 5955 6053 6052
f 2755 2852 2853
f 2755 2853 2756
f 5956 5957 6054
f 5956 6054 6053
f 2756 2853 2854
f 2756 2854 2757
f 5957 5958 6055
f 5957 6055 6054
f 2757 2854 2855
f 2757 2855 2758
f 5958 5959 6056
f 5958 6056 6055
f 2758 2855 2856
f 2758 2856 2759
f 5959 5960 6057
f 5959 6057 6056
f 2759 2856 2857
f 2759 2857 2760
f 5960 5961 6058
f 5960 6058 6057
f 2760 2857 2858
f 2760 2858 2761
f 5961 5962 6059
f 5961 6059 6058
f 2761 2858 2859
f 2761 2859 2762
f 5962 5963 6060
f 5962 6060 6059
f 2762 2859 2860
f 2762 2860 2763
f 5963 5964 6061
f 5963 6061 6060
f 2763 2860 2861
f 2763 2861 2764
f 5964 5965 6062
f 5964 6062 6061
f 2764 2861 2862
f 2764 2862 2765
f 5965 5966 6063
f 5965 6063 6062
f 2765 2862 2863
f 2765 2863 2766
f 5966 5967 6064
f 5966 6064 6063
f 2766 2863 2864
f 2766 2864 2767
f 5967 5968 6065
f 5967 6065 6064
f 2767 2864 2865
f 2767 2865 2768
f 5968 5969 6066
f 5968 6066 6065
f 2768 2865 2866
f 2768 2866 2769
f 5969 5970 6067
f 5969 6067 6066
f 2769 2866 2867
f 2769 2867 2770
f 5970 5971 6068
f 5970 6068 6067
f 2770 2867 2868
f 2770 2868 2771
f 5971 5972 6069
f 5971 6069 6068
f 2771 2868 2869
f 2771 2869 2772
f 5972 5973 6070
f 5972 6070 6069
f 2772 2869 2870
f 2772 2870 2773
f 5973 5974 6071
f 5973 6071 6070
f 2773 2870 2871
f 2773 2871 2774
f 5974 5975 6072
f 5974 6072 6071
f 2774 2871 2872
f 2774 2872 2775
f 5975 5976 6073
f 5975 6073 6072
f 2775 2872 2873
f 2775 2873 2776
f 5976 5977 6074
f 5976 6074 6073
f 2776 2873 2874
f 2776 2874 2777
f 5977 5978 6075
f 5977 6075 6074
f 2777 2874 2875
f 2777 2875 2778
f 5978 5979 6076
f 5978 6076 6075
f 2778 2875 2876
f 2778 2876 2779
f 5979 5980 6077
f 5979 6077 6076
f 2779 2876 2877
f 2779 2877 2780
f 5980 5981 6078
f 5980 6078 6077
f 2780 2877 2878
f 2780 2878 2781
f 5981 5982 6079
f 5981 6079 6078
f 2781 2878 2879
f 2781 2879 2782
f 5982 5983 6080
f 5982 6080 6079
f 2782 2879 2880
f 2782 2880 2783
f 5983 5984 6081
f 5983 6081 6080
f 2783 2880 2881
f 2783 2881 2784
f 5984 5985 6082
f 5984 6082 6081
f 2784 2881 2882
f 2784 2882 2785
f 5985 5986 6083
f 5985 6083 6082
f 2785 2882 2883
f 2785 2883 2786
f 5986 5987 6084
f 5986 6084 6083
f 2786 2883 2884
f 2786 2884 2787
f 5987 5988 6085
f 5987 6085 6084
f 2787 2884 2885
f 2787 2885 2788
f 5988 5989 6086
f 5988 6086 6085
f 2788 2885 2886
f 2788 2886 2789
f 5989 5990 6087
f 5989 6087 6086
f 2789 2886 2887
f 2789 2887 2790
f 5990 5991 6088
f 5990 6088 6087
f 2790 2887 2888
f 2790 2888 2791
f 5991 5992 6089
f 5991 6089 6088
f 2791 2888 2889
f 2791 2889 2792
f 5992 5993 6090
f 5992 6090 6089
f 2792 2889 2890
f 2792 2890 2793
f 5993 5994 6091
f 5993 6091 6090
f 2793 2890 2891
f 2793 2891 2794
f 5994 5995 6092
f 5994 6092 6091
f 2794 2891 2892
f 2794 2892 2795
f 5995 5996 6093
f 5995 6093 6092
f 2795 2892 2893
f 2795 2893 2796
f 5996 5997 6094
f 5996 6094 6093
f 2796 2893 2894
f 2796 2894 2797
f 5997 5998 6095
f 5997 6095 6094
f 2797 2894 2895
f 2797 2895 2798
f 5998 5999 6096
f 5998 6096 6095
f 2798 2895 2896
f 2798 2896 2799
f 5999 6000 6097
f 5999 6097 6096
f 2799 2896 2897
f 2799 2897 2800
f 6000 6001 6098
f 6000 6098 6097
f 2800 2897 2898
f 2800 2898 2801
f 6001 6002 6099
f 6001 6099 6098
f 2801 2898 2899
f 2801 2899 2802
f 6002 6003 6100
f 6002 6100 6099
f 2802 2899 2900
f 2802 2900 2803
f 6003 6004 6101
f 6003 6101 6100
f 2803 2900 2901
f 2803 2901 2804
f 6004 6005 6102
f 6004 6102 6101
f 2804 2901 2902
f 2804 2902 2805
f 6005 6006 6103
f 6005 6103 6102
f 2805 2902 2903
f 2805 2903 2806
f 6006 6007 6104
f 6006 6104 6103
f 2806 2903 2904
f 2806 2904 2807
f 6007 6008 6105
f 6007 6105 6104
f 2807 2904 2905
f 2807 2905 2808
f 6008 6009 6106
f 6008 6106 6105
f 2808 2905 2906
f 2808 2906 2809
f 6009 6010 6107
f 6009 6107 6106
f 2809 2906 2907
f 2809 2907 2810
f 6010 6011 6108
f 6010 6108 6107
f 2810 2907 2908
f 2810 2908 2811
f 6011 6012 6109
f 6011 6109 6108
f 2811 2908 2909
f 2811 2909 2812
f 6012 6013 6110
f 6012 6110 6109
f 2812 2909 2910
f 2812 2910 2813
f 6013 6014 6111
f 6013 6111 6110
f 2814 2911 2912
f 2814 2912 2815
f 6015 6016 6113
f 6015 6113 6112
f 2815 2912 2913
f 2815 2913 2816
f 6016 6017 6114
f 6016 6114 6113
f 2816 2913 2914
f 2816 2914 2817
f 6017 6018 6115
f 6017 6115 6114
f 2817 2914 2915
f 2817 2915 2818
f 6018 6019 6116
f 6018 6116 6115
f 2818 2915 2916
f 2818 2916 2819
f 6019 6020 6117
f 6019 6117 6116
f 2819 2916 2917
f 2819 2917 2820
f 6020 6021 6118
f 6020 6118 6117
f 2820 2917 2918
f 2820 2918 2821
f 6021 6022 6119
f 6021 6119 6118
f 2821 2918 2919
f 2821 2919 2822
f 6022 6023 6120
f 6022 6120 6119
f 2822 2919 2920
f 2822 2920 2823
f 6023 6024 6121
f 6023 6121 6120
f 2823 2920 2921
f 2823 2921 2824
f 6024 6025 6122
f 6024 6122 6121
f 2824 2921 2922
f 2824 2922 2825
f 6025 6026 6123
f 6025 6123 6122
f 2825 2922 2923
f 2825 2923 2826
f 6026 6027 6124
f 6026 6124 6123
f 2826 2923 2924
f 2826 2924 2827
f 6027 6028 6125
f 6027 6125 6124
f 2827 2924 2925
f 2827 2925 2828
f 6028 6029 6126
f 6028 6126 6125
f 2828 2925 2926
f 2828 2926 2829
f 6029 6030 6127
f 6029 6127 6126
f 2829 2926 2927
f 2829 2927 2830
f 6030 6031 6128
f 6030 6128 6127
f 2830 2927 2928
f 2830 2928 2831
f 6031 6032 6129
f 6031 6129 6128
f 2831 2928 2929
f 2831 2929 2832
f 6032 6033 6130
f 6032 6130 6129
f 2832 2929 2930
f 2832 2930 2833
f 6033 6034 6131
f 6033 6131 6130
f 2833 2930 2931
f 2833 2931 2834
f 6034 6035 6132
f 6034 6132 6131
f 2834 2931 2932
f 2834 2932 2835
f 6035 6036 6133
f 6035 6133 6132
f 2835 2932 2933
f 2835 2933 2836
f 6036 6037 6134
f 6036 6134 6133
f 2836 2933 2934
f 2836 2934 2837
f 6037 6038 6135
f 6037 6135 6134
f 2837 2934 2935
f 2837 2935 2838
f 6038 6039 6136
f 6038 6136 6135
f 2838 2935 2936
f 2838 2936 2839
f 6039 6040 6137
f 6039 6137 6136
f 2839 2936 2937
f 2839 2937 2840
f 6040 6041 6138
f 6040 6138 6137
f 2840 2937 2938
f 2840 2938 2841
f 6041 6042 6139
f 6041 6139 6138
f 2841 2938 2939
f 2841 2939 2842
f 6042 6043 6140
f 6042 6140 6139
f 2842 2939 2940
f 2842 2940 2843
f 6043 6044 6141
f 6043 6141 6140
f 2843 2940 2941
f 2843 2941 2844
f 6044 6045 6142
f 6044 6142 6141
f 2844 2941 2942
f 2844 2942 2845
f 6045 6046 6143
f 6045 6143 6142
f 2845 2942 2943
f 2845 2943 2846
f 6046 6047 6144
f 6046 6144 6143
f 2846 2943 2944
f 2846 2944 2847
f 6047 6048 6145
f 6047 6145 6144
f 2847 2944 2945
f 2847 2945 2848
f 6048 6049 6146
f 6048 6146 6145
f 2848 2945 2946
f 2848 2946 2849
f 6049 6050 6147
f 6049 6147 6146
f 2849 2946 2947
f 2849 2947 2850
f 6050 6051 6148
f 6050 6148 6147
f 2850 2947 2948
f 2850 2948 2851
f 6051 6052 6149
f 6051 6149 6148
f 2851 2948 2949
f 2851 2949 2852
f 6052 6053 6150
f 6052 6150 6149
f 2852 2949 2950
f 2852 2950 2853
f 6053 6054 6151
f 6053 6151 6150
f 2853 2950 2951
f 2853 2951 2854
f 6054 6055 6152
f 6054 6152 6151
f 2854 2951 2952
f 2854 2952 2855
f 6055 6056 6153
f 6055 6153 6152
f 2855 2952 2953
f 2855 2953 2856
f 6056 6057 6154
f 6056 6154 6153
f 2856 2953 2954
f 2856 2954 2857
f 6057 6058 6155
f 6057 6155 6154
f 2857 2954 2955
f 2857 2955 2858
f 6058 6059 6156
f 6058 6156 6155
f 2858 2955 2956
f 2858 2956 2859
f 6059 6060 6157
f 6059 6157 6156
f 2859 2956 2957
f 2859 2957 2860
f 6060 6061 6158
f 6060 6158 6157
f 2860 2957 2958
f 2860 2958 2861
f 6061 6062 6159
f 6061 6159 6158
f 2861 2958 2959
f 2861 2959 2862
f 6062 6063 6160
f 6062 6160 6159
f 2862 2959 2960
f 2862 2960 2863
f 6063 6064 6161
f 6063 6161 6160
f 2863 2960 2961
f 2863 2961 2864
f 6064 6065 6162
f 6064 6162 6161
f 2864 2961 2962
f 2864 2962 2865
f 6065 6066 6163
f 6065 6163 6162
f 2865 2962 2963
f 2865 2963 2866
f 6066 6067 6164
f 6066 6164 6163
f 2866 2963 2964
f 2866 2964 2867
f 6067 6068 6165
f 6067 6165 6164
f 2867 2964 2965
f 2867 2965 2868
f 6068 6069 6166
f 6068 6166 6165
f 2868 2965 2966
f 2868 2966 2869
f 6069 6070 6167
f 6069 6167 6166
f 2869 2966 2967
f 2869 2967 2870
f 6070 6071 6168
f 6070 6168 6167
f 2870 2967 2968
f 2870 2968 2871
f 6071 6072 6169
f 6071 6169 6168
f 2871 2968 2969
f 2871 2969 2872
f 6072 6073 6170
f 6072 6170 6169
f 2872 2969 2970
f 2872 2970 2873
f 6073 6074 6171
f 6073 6171 6170
f 2873 2970 2971
f 2873 2971 2874
f 6074 6075 6172
f 6074 6172 6171
f 2874 2971 2972
f 2874 2972 2875
f 6075 6076 6173
f 6075 6173 6172
f 2875 2972 2973
f 2875 2973 2876
f 6076 6077 6174
f 6076 6174 6173
f 2876 2973 2974
f 2876 2974 2877
f 6077 6078 6175
f 6077 6175 6174
f 2877 2974 2975
f 2877 2975 2878
f 6078 6079 6176
f 6078 6176 6175
f 2878 2975 2976
f 2878 2976 2879
f 6079 6080 6177
f 6079 6177 6176
f 2879 2976 2977
f 2879 2977 2880
f 6080 6081 6178
f 6080 6178 6177
f 2880 2977 2978
f 2880 2978 2881
f 6081 6082 6179
f 6081 6179 6178
f 2881 2978 2979
f 2881 2979 2882
f 6082 6083 6180
f 6082 6180 6179
f 2882 2979 2980
f 2882 2980 2883
f 6083 6084 6181
f 6083 6181 6180
f 2883 2980 2981
f 2883 2981 2884
f 6084 6085 6182
f 6084 6182 6181
f 2884 2981 2982
f 2884 2982 2885
f 6085 6086 6183
f 6085 6183 6182
f 2885 2982 2983
f 2885 2983 2886
f 6086 6087 6184
f 6086 6184 6183
f 2886 2983 2984
f 2886 2984 2887
f 6087 6088 6185
f 6087 6185 6184
f 2887 2984 2985
f 2887 2985 2888
f 6088 6089 6186
f 6088 6186 6185
f 2888 2985 2986
f 2888 2986 2889
f 6089 6090 6187
f 6089 6187 6186
f 2889 2986 2987
f 2889 2987 2890
f 6090 6091 6188
f 6090 6188 6187
f 2890 2987 2988
f 2890 2988 2891
f 6091 6092 6189
f 6091 6189 6188
f 2891 2988 2989
f 2891 2989 2892
f 6092 6093 6190
f 6092 6190 6189
f 2892 2989 2990
f 2892 2990 2893
f 6093 6094 6191
f 6093 6191 6190
f 2893 2990 2991
f 2893 2991 2894
f 6094 6095 6192
f 6094 6192 6191
f 2894 2991 2992
f 2894 2992 2895
f 6095 6096 6193
f 6095 6193 6192
f 2895 2992 2993
f 2895 2993 2896
f 6096 6097 6194
f 6096 6194 6193
f 2896 2993 2994
f 2896 2994 2897
f 6097 6098 6195
f 6097 6195 6194
f 2897 2994 2995
f 2897 2995 2898
f 6098 6099 6196
f 6098 6196 6195
f 2898 2995 2996
f 2898 2996 2899
f 6099 6100 6197
f 6099 6197 6196
f 2899 2996 2997
f 2899 2997 2900
f 6100 6101 6198
f 6100 6198 6197
f 2900 2997 2998
f 2900 2998 2901
f 6101 6102 6199
f 6101 6199 6198
f 2901 2998 2999
f 2901 2999 2902
f 6102 6103 6200
f 6102 6200 6199
f 2902 2999 3000
f 2902 3000 2903
f 6103 6104 6201
f 6103 6201 6200
f 2903 3000 3001
f 2903 3001 2904
f 6104 6105 6202
f 6104 6202 6201
f 2904 3001 3002
f 2904 3002 2905
f 6105 6106 6203
f 6105 6203 6202
f 2905 3002 3003
f 2905 3003 2906
f 6106 6107 6204
f 6106 6204 6203
f 2906 3003 3004
f 2906 3004 2907
f 6107 6108 6205
f 6107 6205 6204
f 2907 3004 3005
f 2907 3005 2908
f 6108 6109 6206
f 6108 6206 6205
f 2908 3005 3006
f 2908 3006 2909
f 6109 6110 6207
f 6109 6207 6206
f 2909 3006 3007
f 2909 3007 2910
f 6110 6111 6208
f 6110 6208 6207
f 2911 3008 3009
f 2911 3009 2912
f 6112 6113 6210
f 6112 6210 6209
f 2912 3009 3010
f 2912 3010 2913
f 6113 6114 6211
f 6113 6211 6210
f 2913 3010 3011
f 2913 3011 2914
f 6114 6115 6212
f 6114 6212 6211
f 2914 3011 3012
f 2914 3012 2915
f 6115 6116 6213
f 6115 6213 6212
f 2915 3012 3013
f 2915 3013 2916
f 6116 6117 6214
f 6116 6214 6213
f 2916 3013 3014
f 2916 3014 2917
f 6117 6118 6215
f 6117 6215 6214
f 2917 3014 3015
f 2917 3015 2918
f 6118 6119 6216
f 6118 6216 6215
f 2918 3015 3016
f 2918 3016 2919
f 6119 6120 6217
f 6119 6217 6216
f 2919 3016 3017
f 2919 3017 2920
f 6120 6121 6218
f 6120 6218 6217
f 2920 3017 3018
f 2920 3018 2921
f 6121 6122 6219
f 6121 6219 6218
f 2921 3018 3019
f 2921 3019 2922
f 6122 6123 6220
f 6122 6220 6219
f 2922 3019 3020
f 2922 3020 2923
f 6123 6124 6221
f 6123 6221 6220
f 2923 3020 3021
f 2923 3021 2924
f 6124 6125 6222
f 6124 6222 6221
f 2924 3021 3022
f 2924 3022 2925
f 6125 6126 6223
f 6125 6223 6222
f 2925 3022 3023
f 2925 3023 2926
f 6126 6127 6224
f 6126 6224 6223
f 2926 3023 3024
f 2926 3024 2927
f 6127 6128 6225
f 6127 6225 6224
f 2927 3024 3025
f 2927 3025 2928
f 6128 6129 6226
f 6128 6226 6225
f 2928 3025 3026
f 2928 3026 2929
f 6129 6130 6227
f 6129 6227 6226
f 2929 3026 3027
f 2929 3027 2930
f 6130 6131 6228
f 6130 6228 6227
f 2930 3027 3028
f 2930 3028 2931
f 6131 6132 6229
f 6131 6229 6228
f 2931 3028 3029
f 2931 3029 2932
f 6132 6133 6230
f 6132 6230 6229
f 2932 3029 3030
f 2932 3030 2933
f 6133 6134 6231
f 6133 6231 6230
f 2933 3030 3031
f 2933 3031 2934
f 6134 6135 6232
f 6134 6232 6231
f 2934 3031 3032
f 2934 3032 2935
f 6135 6136 6233
f 6135 6233 6232
f 2935 3032 3033
f 2935 3033 2936
f 6136 6137 6234
f 6136 6234 6233
f 2936 3033 3034
f 2936 3034 2937
f 6137 6138 6235
f 6137 6235 6234
f 2937 3034 3035
f 2937 3035 2938
f 6138 6139 6236
f 6138 6236 6235
f 2938 3035 3036
f 2938 3036 2939
f 6139 6140 6237
f 6139 6237 6236
f 2939 3036 3037
f 2939 3037 2940
f 6140 6141 6238
f 6140 6238 6237
f 2940 3037 3038
f 2940 3038 2941
f 6141 6142 6239
f 6141 6239 6238
f 2941 3038 3039
f 2941 3039 2942
f 6142 6143 6240
f 6142 6240 6239
f 2942 3039 3040
f 2942 3040 2943
f 6143 6144 6241
f 6143 6241 6240
f 2943 3040 3041
f 2943 3041 2944
f 6144 6145 6242
f 6144 6242 6241
f 2944 3041 3042
f 2944 3042 2945
f 6145 6146 6243
f 6145 6243 6242
f 2945 3042 3043
f 2945 3043 2946
f 6146 6147 6244
f 6146 6244 6243
f 2946 3043 3044
f 2946 3044 2947
f 6147 6148 6245
f 6147 6245 6244
f 2947 3044 3045
f 2947 3045 2948
f 6148 6149 6246
f 6148 6246 6245
f 2948 3045 3046
f 2948 3046 2949
f 6149 6150 6247
f 6149 6247 6246
f 2949 3046 3047
f 2949 3047 2950
f 6150 6151 6248
f 6150 6248 6247
f 2950 3047 3048
f 2950 3048 2951
f 6151 6152 6249
f 6151 6249 6248
f 2951 3048 3049
f 2951 3049 2952
f 6152 6153 6250
f 6152 6250 6249
f 2952 3049 3050
f 2952 3050 2953
f 6153 6154 6251
f 6153 6251 6250
f 2953 3050 3051
f 2953 3051 2954
f 6154 6155 6252
f 6154 6252 6251
f 2954 3051 3052
f 2954 3052 2955
f 6155 6156 6253
f 6155 6253 6252
f 2955 3052 3053
f 2955 3053 2956
f 6156 6157 6254
f 6156 6254 6253
f 2956 3053 3054
f 2956 3054 2957
f 6157 6158 6255
f 6157 6255 6254
f 2957 3054 3055
f 2957 3055 2958
f 6158 6159 6256
f 6158 6256 6255
f 2958 3055 3056
f 2958 3056 2959
f 6159 6160 6257
f 6159 6257 6256
f 2959 3056 3057
f 2959 3057 2960
f 6160 6161 6258
f 6160 6258 6257
f 2960 3057 3058
f 2960 3058 2961
f 6161 6162 6259
f 6161 6259 6258
f 2961 3058 3059
f 2961 3059 2962
f 6162 6163 6260
f 6162 6260 6259
f 2962 3059 3060
f 2962 3060 2963
f 6163 6164 6261
f 6163 6261 6260
f 2963 3060 3061
f 2963 3061 2964
f 6164 6165 6262
f 6164 6262 6261
f 2964 3061 3062
f 2964 3062 2965
f 6165 6166 6263
f 6165 6263 6262
f 2965 3062 3063
f 2965 3063 2966
f 6166 6167 6264
f 6166 6264 6263
f 2966 3063 3064
f 2966 3064 2967
f 6167 6168 6265
f 6167 6265 6264
f 2967 3064 3065
f 2967 3065 2968
f 6168 6169 6266
f 6168 6266 6265
f 2968 3065 3066
f 2968 3066 2969
f 6169 6170 6267
f 6169 6267 6266
f 2969 3066 3067
f 2969 3067 2970
f 6170 6171 6268
f 6170 6268 6267
f 2970 3067 3068
f 2970 3068 2971
f 6171 6172 6269
f 6171 6269 6268
f 2971 3068 3069
f 2971 3069 2972
f 6172 6173 6270
f 6172 6270 6269
f 2972 3069 3070
f 2972 3070 2973
f 6173 6174 6271
f 6173 6271 6270
f 2973 3070 3071
f 2973 3071 2974
f 6174 6175 6272
f 6174 6272 6271
f 2974 3071 3072
f 2974 3072 2975
f 6175 6176 6273
f 6175 6273 6272
f 2975 3072 3073
f 2975 3073 2976
f 6176 6177 6274
f 6176 6274 6273
f 2976 3073 3074
f 2976 3074 2977
f 6177 6178 6275
f 6177 6275 6274
f 2977 3074 3075
f 2977 3075 2978
f 6178 6179 6276
f 6178 6276 6275
f 2978 3075 3076
f 2978 3076 2979
f 6179 6180 6277
f 6179 6277 6276
f 2979 3076 3077
f 2979 3077 2980
f 6180 6181 6278
f 6180 6278 6277
f 2980 3077 3078
f 2980 3078 2981
f 6181 6182 6279
f 6181 6279 6278
f 2981 3078 3079
f 2981 3079 2982
f 6182 6183 6280
f 6182 6280 6279
f 2982 3079 3080
f 2982 3080 2983
f 6183 6184 6281
f 6183 6281 6280
f 2983 3080 3081
f 2983 3081 2984
f 6184 6185 6282
f 6184 6282 6281
f 2984 3081 3082
f 2984 3082 2985
f 6185 6186 6283
f 6185 6283 6282
f 2985 3082 3083
f 2985 3083 2986
f 6186 6187 6284
f 6186 6284 6283
f 2986 3083 3084
f 2986 3084 2987
f 6187 6188 6285
f 6187 6285 6284
f 2987 3084 3085
f 2987 3085 2988
f 6188 6189 6286
f 6188 6286 6285
f 2988 3085 3086
f 2988 3086 2989
f 6189 6190 6287
f 6189 6287 6286
f 2989 3086 3087
f 2989 3087 2990
f 6190 6191 6288
f 6190 6288 6287
f 2990 3087 3088
f 2990 3088 2991
f 6191 6192 6289
f 6191 6289 6288
f 2991 3088 3089
f 2991 3089 2992
f 6192 6193 6290
f 6192 6290 6289
f 2992 3089 3090
f 2992 3090 2993
f 6193 6194 6291
f 6193 6291 6290
f 2993 3090 3091
f 2993 3091 2994
f 6194 6195 6292
f 6194 6292 6291
f 2994 3091 3092
f 2994 3092 2995
f 6195 6196 6293
f 6195 6293 6292
f 2995 3092 3093
f 2995 3093 2996
f 6196 6197 6294
f 6196 6294 6293
f 2996 3093 3094
f 2996 3094 2997
f 6197 6198 6295
f 6197 6295 6294
f 2997 3094 3095
f 2997 3095 2998
f 6198 6199 6296
f 6198 6296 6295
f 2998 3095 3096
f 2998 3096 2999
f 6199 6200 6297
f 6199 6297 6296
f 2999 3096 3097
f 2999 3097 3000
f 6200 6201 6298
f 6200 6298 6297
f 3000 3097 3098
f 3000 3098 3001
f 6201 6202 6299
f 6201 6299 6298
f 3001 3098 3099
f 3001 3099 3002
f 6202 6203 6300
f 6202 6300 6299
f 3002 3099 3100
f 3002 3100 3003
f 6203 6204 6301
f 6203 6301 6300
f 3003 3100 3101
f 3003 3101 3004
f 6204 6205 6302
f 6204 6302 6301
f 3004 3101 3102
f 3004 3102 3005
f 6205 6206 6303
f 6205 6303 6302
f 3005 3102 3103
f 3005 3103 3006
f 6206 6207 6304
f 6206 6304 6303
f 3006 3103 3104
f 3006 3104 3007
f 6207 6208 6305
f 6207 6305 6304
f 3008 3105 3106
f 3008 3106 3009
f 6209 6210 6307
f 6209 6307 6306
f 3009 3106 3107
f 3009 3107 3010
f 6210 6211 6308
f 6210 6308 6307
f 3010 3107 3108
f 3010 3108 3011
f 6211 6212 6309
f 6211 6309 6308
f 3011 3108 3109
f 3011 3109 3012
f 6212 6213 6310
f 6212 6310 6309
f 3012 3109 3110
f 3012 3110 3013
f 6213 6214 6311
f 6213 6311 6310
f 3013 3110 3111
f 3013 3111 3014
f 6214 6215 6312
f 6214 6312 6311
f 3014 3111 3112
f 3014 3112 3015
f 6215 6216 6313
f 6215 6313 6312
f 3015 3112 3113
f 3015 3113 3016
f 6216 6217 6314
f 6216 6314 6313
f 3016 3113 3114
f 3016 3114 3017
f 6217 6218 6315
f 6217 6315 6314
f 3017 3114 3115
f 3017 3115 3018
f 6218 6219 6316
f 6218 6316 6315
f 3018 3115 3116
f 3018 3116 3019
f 6219 6220 6317
f 6219 6317 6316
f 3019 3116 3117
f 3019 3117 3020
f 6220 6221 6318
f 6220 6318 6317
f 3020 3117 3118
f 3020 3118 3021
f 6221 6222 6319
f 6221 6319 6318
f 3021 3118 3119
f 3021 3119 3022
f 6222 6223 6320
f 6222 6320 6319
f 3022 3119 3120
f 3022 3120 3023
f 6223 6224 6321
f 6223 6321 6320
f 3023 3120 3121
f 3023 3121 3024
f 6224 6225 6322
f 6224 6322 6321
f 3024 3121 3122
f 3024 3122 3025
f 6225 6226 6323
f 6225 6323 6322
f 3025 3122 3123
f 3025 3123 3026
f 6226 6227 6324
f 6226 6324 6323
f 3026 3123 3124
f 3026 3124 3027
f 6227 6228 6325
f 6227 6325 6324
f 3027 3124 3125
f 3027 3125 3028
f 6228 6229 6326
f 6228 6326 6325
f 3028 3125 3126
f 3028 3126 3029
f 6229 6230 6327
f 6229 6327 6326
f 3029 3126 3127
f 3029 3127 3030
f 6230 6231 6328
f 6230 6328 6327
f 3030 3127 3128
f 3030 3128 3031
f 6231 6232 6329
f 6231 6329 6328
f 3031 3128 3129
f 3031 3129 3032
f 6232 6233 6330
f 6232 6330 6329
f 3032 3129 3130
f 3032 3130 3033
f 6233 6234 6331
f 6233 6331 6330
f 3033 3130 3131
f 3033 3131 3034
f 6234 6235 6332
f 6234 6332 6331
f 3034 3131 3132
f 3034 3132 3035
f 6235 6236 6333
f 6235 6333 6332
f 3035 3132 3133
f 3035 3133 3036
f 6236 6237 6334
f 6236 6334 6333
f 3036 3133 3134
f 3036 3134 3037
f 6237 6238 6335
f 6237 6335 6334
f 3037 3134 3135
f 3037 3135 3038
f 6238 6239 6336
f 6238 6336 6335
f 3038 3135 3136
f 3038 3136 3039
f 6239 6240 6337
f 6239 6337 6336
f 3039 3136 3137
f 3039 3137 3040
f 6240 6241 6338
f 6240 6338 6337
f 3040 3137 3138
f 3040 3138 3041
f 6241 6242 6339
f 6241 6339 6338
f 3041 3138 3139
f 3041 3139 3042
f 6242 6243 6340
f 6242 6340 6339
f 3042 3139 3140
f 3042 3140 3043
f 6243 6244 6341
f 6243 6341 6340
f 3043 3140 3141
f 3043 3141 3044
f 6244 6245 6342
f 6244 6342 6341
f 3044 3141 3142
f 3044 3142 3045
f 6245 6246 6343
f 6245 6343 6342
f 3045 3142 3143
f 3045 3143 3046
f 6246 6247 6344
f 6246 6344 6343
f 3046 3143 3144
f 3046 3144 3047
f 6247 6248 6345
f 6247 6345 6344
f 3047 3144 3145
f 3047 3145 3048
f 6248 6249 6346
f 6248 6346 6345
f 3048 3145 3146
f 3048 3146 3049
f 6249 6250 6347
f 6249 6347 6346
f 3049 3146 3147
f 3049 3147 3050
f 6250 6251 6348
f 6250 6348 6347
f 3050 3147 3148
f 3050 3148 3051
f 6251 6252 6349
f 6251 6349 6348
f 3051 3148 3149
f 3051 3149 3052
f 6252 6253 6350
f 6252 6350 6349
f 3052 3149 3150
f 3052 3150 3053
f 6253 6254 6351
f 6253 6351 6350
f 3053 3150 3151
f 3053 3151 3054
f 6254 6255 6352
f 6254 6352 6351
f 3054 3151 3152
f 3054 3152 3055
f 6255 6256 6353
f 6255 6353 6352
f 3055 3152 3153
f 3055 3153 3056
f 6256 6257 6354
f 6256 6354 6353
f 3056 3153 3154
f 3056 3154 3057
f 6257 6258 6355
f 6257 6355 6354
f 3057 3154 3155
f 3057 3155 3058
f 6258 6259 6356
f 6258 6356 6355
f 3058 3155 3156
f 3058 3156 3059
f 6259 6260 6357
f 6259 6357 6356
f 3059 3156 3157
f 3059 3157 3060
f 6260 6261 6358
f 6260 6358 6357
f 3060 3157 3158
f 3060 3158 3061
f 6261 6262 6359
f 6261 6359 6358
f 3061 3158 3159
f 3061 3159 3062
f 6262 6263 6360
f 6262 6360 6359
f 3062 3159 3160
f 3062 3160 3063
f 6263 6264 6361
f 6263 6361 6360
f 3063 3160 3161
f 3063 3161 3064
f 6264 6265 6362
f 6264 6362 6361
f 3064 3161 3162
f 3064 3162 3065
f 6265 6266 6363
f 6265 6363 6362
f 3065 3162 3163
f 3065 3163 3066
f 6266 6267 6364
f 6266 6364 6363
f 3066 3163 3164
f 3066 3164 3067
f 6267 6268 6365
f 6267 6365 6364
f 3067 3164 3165
f 3067 3165 3068
f 6268 6269 6366
f 6268 6366 6365
f 3068 3165 3166
f 3068 3166 3069
f 6269 6270 6367
f 6269 6367 6366
f 3069 3166 3167
f 3069 3167 3070
f 6270 6271 6368
f 6270 6368 6367
f 3070 3167 3168
f 3070 3168 3071
f 6271 6272 6369
f 6271 6369 6368
f 3071 3168 3169
f 3071 3169 3072
f 6272 6273 6370
f 6272 6370 6369
f 3072 3169 3170
f 3072 3170 3073
f 6273 6274 6371
f 6273 6371 6370
f 3073 3170 3171
f 3073 3171 3074
f 6274 6275 6372
f 6274 6372 6371
f 3074 3171 3172
f 3074 3172 3075
f 6275 6276 6373
f 6275 6373 6372
f 3075 3172 3173
f 3075 3173 3076
f 6276 6277 6374
f 6276 6374 6373
f 3076 3173 3174
f 3076 3174 3077
f 6277 6278 6375
f 6277 6375 6374
f 3077 3174 3175
f 3077 3175 3078
f 6278 6279 6376
f 6278 6376 6375
f 3078 3175 3176
f 3078 3176 3079
f 6279 6280 6377
f 6279 6377 6376
f 3079 3176 3177
f 3079 3177 3080
f 6280 6281 6378
f 6280 6378 6377
f 3080 3177 3178
f 3080 3178 3081
f 6281 6282 6379
f 6281 6379 6378
f 3081 3178 3179
f 3081 3179 3082
f 6282 6283 6380
f 6282 6380 6379
f 3082 3179 3180
f 3082 3180 3083
f 6283 6284 6381
f 6283 6381 6380
f 3083 3180 3181
f 3083 3181 3084
f 6284 6285 6382
f 6284 6382 6381
f 3084 3181 3182
f 3084 3182 3085
f 6285 6286 6383
f 6285 6383 6382
f 3085 3182 3183
f 3085 3183 3086
f 6286 6287 6384
f 6286 6384 6383
f 3086 3183 3184
f 3086 3184 3087
f 6287 6288 6385
f 6287 6385 6384
f 3087 3184 3185
f 3087 3185 3088
f 6288 6289 6386
f 6288 6386 6385
f 3088 3185 3186
f 3088 3186 3089
f 6289 6290 6387
f 6289 6387 6386
f 3089 3186 3187
f 3089 3187 3090
f 6290 6291 6388
f 6290 6388 6387
f 3090 3187 3188
f 3090 3188 3091
f 6291 6292 6389
f 6291 6389 6388
f 3091 3188 3189
f 3091 3189 3092
f 6292 6293 6390
f 6292 6390 6389
f 3092 3189 3190
f 3092 3190 3093
f 6293 6294 6391
f 6293 6391 6390
f 3093 3190 3191
f 3093 3191 3094
f 6294 6295 6392
f 6294 6392 6391
f 3094 3191 3192
f 3094 3192 3095
f 6295 6296 6393
f 6295 6393 6392
f 3095 3192 3193
f 3095 3193 3096
f 6296 6297 6394
f 6296 6394 6393
f 3096 3193 3194
f 3096 3194 3097
f 6297 6298 6395
f 6297 6395 6394
f 3097 3194 3195
f 3097 3195 3098
f 6298 6299 6396
f 6298 6396 6395
f 3098 3195 3196
f 3098 3196 3099
f 6299 6300 6397
f 6299 6397 6396
f 3099 3196 3197
f 3099 3197 3100
f 6300 6301 6398
f 6300 6398 6397
f 3100 3197 3198
f 3100 3198 3101
f 6301 6302 6399
f 6301 6399 6398
f 3101 3198 3199
f 3101 3199 3102
f 6302 6303 6400
f 6302 6400 6399
f 3102 3199 3200
f 3102 3200 3103
f 6303 6304 6401
f 6303 6401 6400
f 3103 3200 3201
f 3103 3201 3104
f 6304 6305 6402
f 6304 6402 6401
f 1 3202 3203
f 1 3203 2
f 2 3203 3204
f 2 3204 3
f 3 3204 3205
f 3 3205 4
f 4 3205 3206
f 4 3206 5
f 5 3206 3207
f 5 3207 6
f 6 3207 3208
f 6 3208 7
f 7 3208 3209
f 7 3209 8
f 8 3209 3210
f 8 3210 9
f 9 3210 3211
f 9 3211 10
f 10 3211 3212
f 10 3212 11
f 11 3212 3213
f 11 3213 12
f 12 3213 3214
f 12 3214 13
f 13 3214 3215
f 13 3215 14
f 14 3215 3216
f 14 3216 15
f 15 3216 3217
f 15 3217 16
f 16 3217 3218
f 16 3218 17
f 17 3218 3219
f 17 3219 18
f 18 3219 3220
f 18 3220 19
f 19 3220 3221
f 19 3221 20
f 20 3221 3222
f 20 3222 21
f 21 3222 3223
f 21 3223 22
f 22 3223 3224
f 22 3224 23
f 23 3224 3225
f 23 3225 24
f 24 3225 3226
f 24 3226 25
f 25 3226 3227
f 25 3227 26
f 26 3227 3228
f 26 3228 27
f 27 3228 3229
f 27 3229 28
f 28 3229 3230
f 28 3230 29
f 29 3230 3231
f 29 3231 30
f 30 3231 3232
f 30 3232 31
f 31 3232 3233
f 31 3233 32
f 32 3233 3234
f 32 3234 33
f 33 3234 3235
f 33 3235 34
f 34 3235 3236
f 34 3236 35
f 35 3236 3237
f 35 3237 36
f 36 3237 3238
f 36 3238 37
f 37 3238 3239
f 37 3239 38
f 38 3239 3240
f 38 3240 39
f 39 3240 3241
f 39 3241 40
f 40 3241 3242
f 40 3242 41
f 41 3242 3243
f 41 3243 42
f 42 3243 3244
f 42 3244 43
f 43 3244 3245
f 43 3245 44
f 44 3245 3246
f 44 3246 45
f 45 3246 3247
f 45 3247 46
f 46 3247 3248
f 46 3248 47
f 47 3248 3249
f 47 3249 48
f 48 3249 3250
f 48 3250 49
f 49 3250 3251
f 49 3251 50
f 50 3251 3252
f 50 3252 51
f 51 3252 3253
f 51 3253 52
f 52 3253 3254
f 52 3254 53
f 53 3254 3255
f 53 3255 54
f 54 3255 3256
f 54 3256 55
f 55 3256 3257
f 55 3257 56
f 56 3257 3258
f 56 3258 57
f 57 3258 3259
f 57 3259 58
f 58 3259 3260
f 58 3260 59
f 59 3260 3261
f 59 3261 60
f 60 3261 3262
f 60 3262 61
f 61 3262 3263
f 61 3263 62
f 62 3263 3264
f 62 3264 63
f 63 3264 3265
f 63 3265 64
f 64 3265 3266
f 64 3266 65
f 65 3266 3267
f 65 3267 66
f 66 3267 3268
f 66 3268 67
f 67 3268 3269
f 67 3269 68
f 68 3269 3270
f 68 3270 69
f 69 3270 3271
f 69 3271 70
f 70 3271 3272
f 70 3272 71
f 71 3272 3273
f 71 3273 72
f 72 3273 3274
f 72 3274 73
f 73 3274 3275
f 73 3275 74
f 74 3275 3276
f 74 3276 75
f 75 3276 3277
f 75 3277 76
f 76 3277 3278
f 76 3278 77
f 77 3278 3279
f 77 3279 78
f 78 3279 3280
f 78 3280 79
f 79 3280 3281
f 79 3281 80
f 80 3281 3282
f 80 3282 81
f 81 3282 3283
f 81 3283 82
f 82 3283 3284
f 82 3284 83
f 83 3284 3285
f 83 3285 84
f 84 3285 3286
f 84 3286 85
f 85 3286 3287
f 85 3287 86
f 86 3287 3288
f 86 3288 87
f 87 3288 3289
f 87 3289 88
f 88 3289 3290
f 88 3290 89
f 89 3290 3291
f 89 3291 90
f 90 3291 3292
f 90 3292 91
f 91 3292 3293
f 91 3293 92
f 92 3293 3294
f 92 3294 93
f 93 3294 3295
f 93 3295 94
f 94 3295 3296
f 94 3296 95
f 95 3296 3297
f 95 3297 96
f 96 3297 3298
f 96 3298 97
f 3106 6307 6306
f 3106 6306 3105
f 3107 6308 6307
f 3107 6307 3106
f 3108 6309 6308
f 3108 6308 3107
f 3109 6310 6309
f 3109 6309 3108
f 3110 6311 6310
f 3110 6310 3109
f 3111 6312 6311
f 3111 6311 3110
f 3112 6313 6312
f 3112 6312 3111
f 3113 6314 6313
f 3113 6313 3112
f 3114 6315 6314
f 3114 6314 3113
f 3115 6316 6315
f 3115 6315 3114
f 3116 6317 6316
f 3116 6316 3115
f 3117 6318 6317
f 3117 6317 3116
f 3118 6319 6318
f 3118 6318 3117
f 3119 6320 6319
f 3119 6319 3118
f 3120 6321 6320
f 3120 6320 3119
f 3121 6322 6321
f 3121 6321 3120
f 3122 6323 6322
f 3122 6322 3121
f 3123 6324 6323
f 3123 6323 3122
f 3124 6325 6324
f 3124 6324 3123
f 3125 6326 6325
f 3125 6325 3124
f 3126 6327 6326
f 3126 6326 3125
f 3127 6328 6327
f 3127 6327 3126
f 3128 6329 6328
f 3128 6328 3127
f 3129 6330 6329
f 3129 6329 3128
f 3130 6331 6330
f 3130 6330 3129
f 3131 6332 6331
f 3131 6331 3130
f 3132 6333 6332
f 3132 6332 3131
f 3133 6334 6333
f 3133 6333 3132
f 3134 6335 6334
f 3134 6334 3133
f 3135 6336 6335
f 3135 6335 3134
f 3136 6337 6336
f 3136 6336 3135
f 3137 6338 6337
f 3137 6337 3136
f 3138 6339 6338
f 3138 6338 3137
f 3139 6340 6339
f 3139 6339 3138
f 3140 6341 6340
f 3140 6340 3139
f 3141 6342 6341
f 3141 6341 3140
f 3142 6343 6342
f 3142 6342 3141
f 3143 6344 6343
f 3143 6343 3142
f 3144 6345 6344
f 3144 6344 3143
f 3145 6346 6345
f 3145 6345 3144
f 3146 6347 6346
f 3146 6346 3145
f 3147 6348 6347
f 3147 6347 3146
f 3148 6349 6348
f 3148 6348 3147
f 3149 6350 6349
f 3149 6349 3148
f 3150 6351 6350
f 3150 6350 3149
f 3151 6352 6351
f 3151 6351 3150
f 3152 6353 6352
f 3152 6352 3151
f 3153 6354 6353
f 3153 6353 3152
f 3154 6355 6354
f 3154 6354 3153
f 3155 6356 6355
f 3155 6355 3154
f 3156 6357 6356
f 3156 6356 3155
f 3157 6358 6357
f 3157 6357 3156
f 3158 6359 6358
f 3158 6358 3157
f 3159 6360 6359
f 3159 6359 3158
f 3160 6361 6360
f 3160 6360 3159
f 3161 6362 6361
f 3161 6361 3160
f 3162 6363 6362
f 3162 6362 3161
f 3163 6364 6363
f 3163 6363 3162
f 3164 6365 6364
f 3164 6364 3163
f 3165 6366 6365
f 3165 6365 3164
f 3166 6367 6366
f 3166 6366 3165
f 3167 6368 6367
f 3167 6367 3166
f 3168 6369 6368
f 3168 6368 3167
f 3169 6370 6369
f 3169 6369 3168
f 3170 6371 6370
f 3170 6370 3169
f 3171 6372 6371
f 3171 6371 3170
f 3172 6373 6372
f 3172 6372 3171
f 3173 6374 6373
f 3173 6373 3172
f 3174 6375 6374
f 3174 6374 3173
f 3175 6376 6375
f 3175 6375 3174
f 3176 6377 6376
f 3176 6376 3175
f 3177 6378 6377
f 3177 6377 3176
f 3178 6379 6378
f 3178 6378 3177
f 3179 6380 6379
f 3179 6379 3178
f 3180 6381 6380
f 3180 6380 3179
f 3181 6382 6381
f 3181 6381 3180
f 3182 6383 6382
f 3182 6382 3181
f 3183 6384 6383
f 3183 6383 3182
f 3184 6385 6384
f 3184 6384 3183
f 3185 6386 6385
f 3185 6385 3184
f 3186 6387 6386
f 3186 6386 3185
f 3187 6388 6387
f 3187 6387 3186
f 3188 6389 6388
f 3188 6388 3187
f 3189 6390 6389
f 3189 6389 3188
f 3190 6391 6390
f 3190 6390 3189
f 3191 6392 6391
f 3191 6391 3190
f 3192 6393 6392
f 3192 6392 3191
f 3193 6394 6393
f 3193 6393 3192
f 3194 6395 6394
f 3194 6394 3193
f 3195 6396 6395
f 3195 6395 3194
f 3196 6397 6396
f 3196 6396 3195
f 3197 6398 6397
f 3197 6397 3196
f 3198 6399 6398
f 3198 6398 3197
f 3199 6400 6399
f 3199 6399 3198
f 3200 6401 6400
f 3200 6400 3199
f 3201 6402 6401
f 3201 6401 3200
f 98 3299 3202
f 98 3202 1
f 195 3396 3299
f 195 3299 98
f 292 3493 3396
f 292 3396 195
f 389 3590 3493
f 389 3493 292
f 486 3687 3590
f 486 3590 389
f 583 3784 3687
f 583 3687 486
f 680 3881 3784
f 680 3784 583
f 777 3978 3881
f 777 3881 680
f 874 4075 3978
f 874 3978 777
f 971 4172 4075
f 971 4075 874
f 1068 4269 4172
f 1068 4172 971
f 1165 4366 4269
f 1165 4269 1068
f 1262 4463 4366
f 1262 4366 1165
f 1359 4560 4463
f 1359 4463 1262
f 1456 4657 4560
f 1456 4560 1359
f 1553 4754 4657
f 1553 4657 1456
f 1650 4851 4754
f 1650 4754 1553
f 1747 4948 4851
f 1747 4851 1650
f 1844 5045 4948
f 1844 4948 1747
f 1941 5142 5045
f 1941 5045 1844
f 2038 5239 5142
f 2038 5142 1941
f 2135 5336 5239
f 2135 5239 2038
f 2232 5433 5336
f 2232 5336 2135
f 2329 5530 5433
f 2329 5433 2232
f 2426 5627 5530
f 2426 5530 2329
f 2523 5724 5627
f 2523 5627 2426
f 2620 5821 5724
f 2620 5724 2523
f 2717 5918 5821
f 2717 5821 2620
f 2814 6015 5918
f 2814 5918 2717
f 2911 6112 6015
f 2911 6015 2814
f 3008 6209 6112
f 3008 6112 2911
f 3105 6306 6209
f 3105 6209 3008
f 97 3298 3395
f 97 3395 194
f 194 3395 3492
f 194 3492 291
f 291 3492 3589
f 291 3589 388
f 388 3589 3686
f 388 3686 485
f 485 3686 3783
f 485 3783 582
f 582 3783 3880
f 582 3880 679
f 679 3880 3977
f 679 3977 776
f 776 3977 4074
f 776 4074 873
f 873 4074 4171
f 873 4171 970
f 970 4171 4268
f 970 4268 1067
f 1067 4268 4365
f 1067 4365 1164
f 1164 4365 4462
f 1164 4462 1261
f 1261 4462 4559
f 1261 4559 1358
f 1358 4559 4656
f 1358 4656 1455
f 1455 4656 4753
f 1455 4753 1552
f 1552 4753 4850
f 1552 4850 1649
f 1649 4850 4947
f 1649 4947 1746
f 1746 4947 5044
f 1746 5044 1843
f 1843 5044 5141
f 1843 5141 1940
f 1940 5141 5238
f 1940 5238 2037
f 2037 5238 5335
f 2037 5335 2134
f 2134 5335 5432
f 2134 5432 2231
f 2231 5432 5529
f 2231 5529 2328
f 2328 5529 5626
f 2328 5626 2425
f 2425 5626 5723
f 2425 5723 2522
f 2522 5723 5820
f 2522 5820 2619
f 2619 5820 5917
f 2619 5917 2716
f 2716 5917 6014
f 2716 6014 2813
f 2813 6014 6111
f 2813 6111 2910
f 2910 6111 6208
f 2910 6208 3007
f 3007 6208 6305
f 3007 6305 3104
f 3104 6305 6402
f 3104 6402 3201
